datetime,open,high,low,close,volume,openInterest,amount,symbol
2013-11-01 09:00:00,7404,7414,7398,7398,1966,175162,145627760.0,OI1405
2013-11-01 09:01:00,7398,7410,7398,7408,994,175164,73619160.0,OI1405
2013-11-01 09:02:00,7406,7420,7406,7420,1142,175170,84585760.0,OI1405
2013-11-01 09:03:00,7418,7424,7418,7424,1070,175212,79281400.0,OI1405
2013-11-01 09:04:00,7424,7432,7424,7428,1418,175304,105115200.0,OI1405
2013-11-01 09:05:00,7430,7430,7420,7420,832,175394,61697800.0,OI1405
2013-11-01 09:06:00,7422,7422,7418,7420,994,175444,73715040.0,OI1405
2013-11-01 09:07:00,7420,7420,7412,7418,1102,175550,81724320.0,OI1405
2013-11-01 09:08:00,7418,7422,7418,7420,366,175544,27142560.0,OI1405
2013-11-01 09:09:00,7420,7422,7416,7416,302,175674,22396320.0,OI1405
2013-11-01 09:10:00,7418,7422,7418,7420,642,175840,47610720.0,OI1405
2013-11-01 09:11:00,7420,7422,7418,7422,278,175808,20616480.0,OI1405
2013-11-01 09:12:00,7422,7422,7418,7418,162,175874,12016000.0,OI1405
2013-11-01 09:13:00,7420,7424,7418,7422,248,175842,18396640.0,OI1405
2013-11-01 09:14:00,7422,7422,7418,7418,230,175940,17061400.0,OI1405
2013-11-01 09:15:00,7418,7426,7418,7426,344,175892,25517920.0,OI1405
2013-11-01 09:16:00,7426,7426,7422,7426,206,175922,15281080.0,OI1405
2013-11-01 09:17:00,7426,7426,7420,7420,290,175940,21512200.0,OI1405
2013-11-01 09:18:00,7418,7420,7416,7418,540,176118,40057200.0,OI1405
2013-11-01 09:19:00,7416,7420,7416,7420,224,176002,16616320.0,OI1405
2013-11-01 09:20:00,7418,7420,7418,7420,52,175982,3857360.0,OI1405
2013-11-01 09:21:00,7420,7424,7418,7422,424,175986,31452320.0,OI1405
2013-11-01 09:22:00,7420,7438,7420,7438,1370,176014,101626600.0,OI1405
2013-11-01 09:23:00,7438,7456,7434,7456,3638,176144,269997640.0,OI1405
2013-11-01 09:24:00,7458,7468,7452,7462,5300,176900,393706320.0,OI1405
2013-11-01 09:25:00,7462,7462,7450,7454,2052,176986,152524960.0,OI1405
2013-11-01 09:26:00,7456,7458,7454,7458,956,177004,71069040.0,OI1405
2013-11-01 09:27:00,7456,7456,7452,7452,1152,177016,85650240.0,OI1405
2013-11-01 09:28:00,7454,7468,7452,7468,1486,177218,110498960.0,OI1405
2013-11-01 09:29:00,7466,7470,7464,7466,1202,177632,89398040.0,OI1405
2013-11-01 09:30:00,7466,7474,7460,7470,2610,178164,194156800.0,OI1405
2013-11-01 09:31:00,7472,7480,7472,7476,2928,178684,217889840.0,OI1405
2013-11-01 09:32:00,7478,7488,7468,7470,5276,180112,392846160.0,OI1405
2013-11-01 09:33:00,7470,7472,7456,7458,4076,181016,303580480.0,OI1405
2013-11-01 09:34:00,7460,7470,7460,7470,1944,181312,144828000.0,OI1405
2013-11-01 09:35:00,7470,7472,7468,7472,1094,181324,81503000.0,OI1405
2013-11-01 09:36:00,7470,7472,7464,7466,1570,181550,116965000.0,OI1405
2013-11-01 09:37:00,7466,7468,7464,7466,830,181580,61835000.0,OI1405
2013-11-01 09:38:00,7466,7468,7464,7468,232,181492,17285480.0,OI1405
2013-11-01 09:39:00,7466,7468,7462,7464,1102,181804,82121040.0,OI1405
2013-11-01 09:40:00,7466,7466,7460,7460,410,181936,30553200.0,OI1405
2013-11-01 09:41:00,7460,7462,7458,7460,1338,181840,99707760.0,OI1405
2013-11-01 09:42:00,7460,7462,7456,7458,1202,182470,89573040.0,OI1405
2013-11-01 09:43:00,7460,7460,7458,7460,680,182904,50673600.0,OI1405
2013-11-01 09:44:00,7460,7464,7460,7464,514,183042,38303280.0,OI1405
2013-11-01 09:45:00,7464,7468,7462,7466,458,183080,34130160.0,OI1405
2013-11-01 09:46:00,7468,7470,7466,7468,700,183212,52164000.0,OI1405
2013-11-01 09:47:00,7470,7470,7468,7470,754,183556,56188080.0,OI1405
2013-11-01 09:48:00,7470,7470,7468,7468,586,183674,43668720.0,OI1405
2013-11-01 09:49:00,7468,7470,7468,7468,718,183906,53505360.0,OI1405
2013-11-01 09:50:00,7468,7472,7466,7472,906,183766,67522640.0,OI1405
2013-11-01 09:51:00,7472,7472,7470,7472,542,184012,40400680.0,OI1405
2013-11-01 09:52:00,7472,7476,7472,7476,834,184172,62166360.0,OI1405
2013-11-01 09:53:00,7476,7476,7470,7470,874,184644,65147960.0,OI1405
2013-11-01 09:54:00,7472,7476,7470,7476,666,184904,49643640.0,OI1405
2013-11-01 09:55:00,7476,7492,7472,7488,2824,185016,210512920.0,OI1405
2013-11-01 09:56:00,7488,7500,7488,7500,3488,185316,260081760.0,OI1405
2013-11-01 09:57:00,7498,7500,7490,7492,2734,185846,203901720.0,OI1405
2013-11-01 09:58:00,7490,7496,7484,7486,1910,186380,142477840.0,OI1405
2013-11-01 09:59:00,7486,7492,7482,7488,2332,187074,173967200.0,OI1405
2013-11-01 10:00:00,7488,7490,7486,7486,616,187294,45953600.0,OI1405
2013-11-01 10:01:00,7486,7486,7480,7480,1062,187058,79225200.0,OI1405
2013-11-01 10:02:00,7482,7486,7478,7486,368,187080,27452800.0,OI1405
2013-11-01 10:03:00,7486,7486,7484,7486,220,187078,16416400.0,OI1405
2013-11-01 10:04:00,7484,7486,7484,7484,226,187154,16864120.0,OI1405
2013-11-01 10:05:00,7486,7486,7482,7482,194,187148,14476280.0,OI1405
2013-11-01 10:06:00,7482,7484,7480,7482,292,187172,21789040.0,OI1405
2013-11-01 10:07:00,7482,7486,7482,7486,216,187154,16117920.0,OI1405
2013-11-01 10:08:00,7486,7486,7484,7484,198,187214,14774760.0,OI1405
2013-11-01 10:09:00,7484,7484,7480,7484,662,187188,49398440.0,OI1405
2013-11-01 10:10:00,7484,7486,7482,7482,456,187108,34026720.0,OI1405
2013-11-01 10:11:00,7482,7484,7482,7484,140,187068,10446800.0,OI1405
2013-11-01 10:12:00,7482,7486,7482,7486,536,187084,39996320.0,OI1405
2013-11-01 10:13:00,7486,7490,7486,7490,346,187122,25818520.0,OI1405
2013-11-01 10:14:00,7490,7490,7486,7488,714,187240,53278680.0,OI1405
2013-11-01 10:30:00,7486,7488,7482,7484,866,187462,64620920.0,OI1405
2013-11-01 10:31:00,7484,7486,7482,7482,288,187462,21490560.0,OI1405
2013-11-01 10:32:00,7482,7484,7478,7478,812,187510,60591440.0,OI1405
2013-11-01 10:33:00,7480,7482,7478,7480,506,187392,37757720.0,OI1405
2013-11-01 10:34:00,7478,7480,7476,7476,1258,187350,93879720.0,OI1405
2013-11-01 10:35:00,7476,7480,7474,7474,906,187580,67623840.0,OI1405
2013-11-01 10:36:00,7474,7476,7470,7476,1148,187392,85686720.0,OI1405
2013-11-01 10:37:00,7476,7478,7476,7478,268,187422,20003520.0,OI1405
2013-11-01 10:38:00,7478,7480,7476,7478,284,187450,21197760.0,OI1405
2013-11-01 10:39:00,7478,7480,7474,7474,408,187534,30453120.0,OI1405
2013-11-01 10:40:00,7476,7478,7476,7476,272,187572,20302080.0,OI1405
2013-11-01 10:41:00,7476,7476,7472,7472,758,187590,56577120.0,OI1405
2013-11-01 10:42:00,7472,7472,7466,7466,1414,187490,105540960.0,OI1405
2013-11-01 10:43:00,7466,7468,7462,7466,1604,186818,119722560.0,OI1405
2013-11-01 10:44:00,7466,7466,7460,7460,1534,187416,114497760.0,OI1405
2013-11-01 10:45:00,7462,7464,7460,7464,1718,187696,128231520.0,OI1405
2013-11-01 10:46:00,7464,7464,7458,7462,1022,188078,76282080.0,OI1405
2013-11-01 10:47:00,7462,7462,7456,7462,1774,188460,132411360.0,OI1405
2013-11-01 10:48:00,7462,7464,7460,7464,1164,188774,86880960.0,OI1405
2013-11-01 10:49:00,7462,7466,7460,7466,1354,189132,101062560.0,OI1405
2013-11-01 10:50:00,7466,7468,7462,7464,744,189396,55532160.0,OI1405
2013-11-01 10:51:00,7466,7468,7464,7466,926,189908,69116640.0,OI1405
2013-11-01 10:52:00,7466,7468,7464,7468,314,189972,23436960.0,OI1405
2013-11-01 10:53:00,7468,7468,7466,7466,386,190178,28811040.0,OI1405
2013-11-01 10:54:00,7466,7468,7466,7466,524,190578,39111360.0,OI1405
2013-11-01 10:55:00,7466,7466,7464,7466,472,190840,35230080.0,OI1405
2013-11-01 10:56:00,7466,7468,7464,7466,650,191246,48516000.0,OI1405
2013-11-01 10:57:00,7464,7466,7464,7466,266,191340,19854240.0,OI1405
2013-11-01 10:58:00,7466,7466,7464,7466,332,191404,24780480.0,OI1405
2013-11-01 10:59:00,7466,7466,7466,7466,86,191414,6419040.0,OI1405
2013-11-01 11:00:00,7468,7468,7466,7466,58,191450,4329120.0,OI1405
2013-11-01 11:01:00,7468,7468,7468,7468,110,191510,8210400.0,OI1405
2013-11-01 11:02:00,7468,7468,7466,7466,114,191536,8508960.0,OI1405
2013-11-01 11:03:00,7468,7468,7466,7468,404,191650,30154560.0,OI1405
2013-11-01 11:04:00,7468,7468,7462,7462,690,191734,51501600.0,OI1405
2013-11-01 11:05:00,7464,7466,7464,7464,206,191672,15375840.0,OI1405
2013-11-01 11:06:00,7464,7466,7462,7462,332,191798,24780480.0,OI1405
2013-11-01 11:07:00,7462,7466,7462,7466,310,191614,23138400.0,OI1405
2013-11-01 11:08:00,7466,7468,7466,7468,180,191566,13435200.0,OI1405
2013-11-01 11:09:00,7468,7472,7468,7470,450,191636,33588000.0,OI1405
2013-11-01 11:10:00,7470,7474,7470,7472,770,191754,57472800.0,OI1405
2013-11-01 11:11:00,7472,7474,7470,7474,312,191734,23287680.0,OI1405
2013-11-01 11:12:00,7474,7476,7472,7472,696,191838,51949440.0,OI1405
2013-11-01 11:13:00,7472,7474,7472,7472,96,191840,7165440.0,OI1405
2013-11-01 11:14:00,7472,7474,7472,7472,210,191824,15674400.0,OI1405
2013-11-01 11:15:00,7474,7474,7470,7470,326,191854,24332640.0,OI1405
2013-11-01 11:16:00,7470,7472,7470,7470,288,191796,21496320.0,OI1405
2013-11-01 11:17:00,7470,7470,7468,7468,252,191638,18809280.0,OI1405
2013-11-01 11:18:00,7468,7470,7468,7468,150,191610,11196000.0,OI1405
2013-11-01 11:19:00,7468,7470,7468,7470,180,191602,13435200.0,OI1405
2013-11-01 11:20:00,7470,7472,7470,7470,472,191986,35230080.0,OI1405
2013-11-01 11:21:00,7468,7468,7460,7460,2318,192912,173015520.0,OI1405
2013-11-01 11:22:00,7460,7462,7452,7452,1590,193054,118677600.0,OI1405
2013-11-01 11:23:00,7452,7456,7452,7454,1054,193256,78670560.0,OI1405
2013-11-01 11:24:00,7452,7458,7452,7456,566,193268,42246240.0,OI1405
2013-11-01 11:25:00,7458,7458,7456,7456,152,193264,11345280.0,OI1405
2013-11-01 11:26:00,7458,7460,7456,7458,216,193258,16122240.0,OI1405
2013-11-01 11:27:00,7458,7460,7456,7460,324,193250,24183360.0,OI1405
2013-11-01 11:28:00,7460,7462,7458,7460,714,192976,53292960.0,OI1405
2013-11-01 11:29:00,7460,7462,7458,7458,624,193096,46575360.0,OI1405
2013-11-01 13:30:00,7458,7460,7456,7456,858,193248,64041120.0,OI1405
2013-11-01 13:31:00,7456,7460,7456,7458,440,193264,32841600.0,OI1405
2013-11-01 13:32:00,7460,7460,7458,7458,76,193304,5672640.0,OI1405
2013-11-01 13:33:00,7458,7458,7456,7456,178,193364,13285920.0,OI1405
2013-11-01 13:34:00,7456,7460,7456,7458,256,193498,19107840.0,OI1405
2013-11-01 13:35:00,7460,7462,7460,7460,312,193488,23287680.0,OI1405
2013-11-01 13:36:00,7462,7462,7458,7462,370,193568,27616800.0,OI1405
2013-11-01 13:37:00,7460,7462,7460,7460,216,193536,16122240.0,OI1405
2013-11-01 13:38:00,7462,7462,7460,7462,164,193546,12240960.0,OI1405
2013-11-01 13:39:00,7462,7462,7460,7460,374,193636,27915360.0,OI1405
2013-11-01 13:40:00,7460,7462,7460,7460,200,193644,14928000.0,OI1405
2013-11-01 13:41:00,7460,7462,7460,7460,42,193652,3134880.0,OI1405
2013-11-01 13:42:00,7460,7462,7460,7462,102,193704,7613280.0,OI1405
2013-11-01 13:43:00,7462,7462,7460,7460,14,193716,1044960.0,OI1405
2013-11-01 13:44:00,7462,7464,7460,7464,880,194288,65683200.0,OI1405
2013-11-01 13:45:00,7464,7464,7462,7464,228,194318,17017920.0,OI1405
2013-11-01 13:46:00,7464,7464,7462,7464,116,194308,8658240.0,OI1405
2013-11-01 13:47:00,7464,7468,7464,7468,562,194380,41947680.0,OI1405
2013-11-01 13:48:00,7468,7470,7466,7468,372,194408,27766080.0,OI1405
2013-11-01 13:49:00,7470,7472,7468,7472,844,194344,62996160.0,OI1405
2013-11-01 13:50:00,7472,7474,7468,7470,440,194322,32841600.0,OI1405
2013-11-01 13:51:00,7468,7470,7462,7462,1080,194648,80611200.0,OI1405
2013-11-01 13:52:00,7462,7462,7456,7458,1038,194580,77476320.0,OI1405
2013-11-01 13:53:00,7460,7464,7456,7464,1208,194810,90165120.0,OI1405
2013-11-01 13:54:00,7464,7464,7462,7464,58,194786,4329120.0,OI1405
2013-11-01 13:55:00,7464,7466,7462,7462,480,195034,35827200.0,OI1405
2013-11-01 13:56:00,7462,7462,7456,7460,546,194948,40753440.0,OI1405
2013-11-01 13:57:00,7460,7460,7456,7456,468,194878,34931520.0,OI1405
2013-11-01 13:58:00,7458,7458,7444,7448,4050,195890,302292000.0,OI1405
2013-11-01 13:59:00,7448,7450,7448,7448,276,196034,20600640.0,OI1405
2013-11-01 14:00:00,7448,7454,7448,7452,794,196046,59264160.0,OI1405
2013-11-01 14:01:00,7452,7454,7446,7446,516,196070,38514240.0,OI1405
2013-11-01 14:02:00,7446,7450,7446,7448,432,196358,32238840.0,OI1405
2013-11-01 14:03:00,7448,7450,7446,7448,170,196400,12685400.0,OI1405
2013-11-01 14:04:00,7450,7450,7448,7448,308,196604,22982960.0,OI1405
2013-11-01 14:05:00,7448,7452,7448,7452,698,196984,52084760.0,OI1405
2013-11-01 14:06:00,7450,7452,7446,7450,938,197150,69993560.0,OI1405
2013-11-01 14:07:00,7450,7454,7448,7454,684,197540,51040080.0,OI1405
2013-11-01 14:08:00,7454,7454,7452,7452,162,197448,12088440.0,OI1405
2013-11-01 14:09:00,7452,7454,7452,7452,116,197418,8655920.0,OI1405
2013-11-01 14:10:00,7454,7454,7452,7454,452,197362,33728240.0,OI1405
2013-11-01 14:11:00,7454,7456,7454,7456,250,197312,18655000.0,OI1405
2013-11-01 14:12:00,7456,7458,7454,7456,228,197276,17013360.0,OI1405
2013-11-01 14:13:00,7456,7458,7456,7458,100,197196,7462000.0,OI1405
2013-11-01 14:14:00,7456,7458,7454,7456,304,197092,22684480.0,OI1405
2013-11-01 14:15:00,7456,7456,7456,7456,142,197126,10596040.0,OI1405
2013-11-01 14:16:00,7456,7456,7454,7454,118,197096,8805160.0,OI1405
2013-11-01 14:17:00,7454,7456,7454,7456,116,197072,8655920.0,OI1405
2013-11-01 14:18:00,7458,7460,7456,7460,366,196932,27310920.0,OI1405
2013-11-01 14:19:00,7460,7470,7460,7468,1544,196636,115213280.0,OI1405
2013-11-01 14:20:00,7470,7470,7468,7470,1514,196480,112974680.0,OI1405
2013-11-01 14:21:00,7470,7470,7466,7468,440,196340,32832800.0,OI1405
2013-11-01 14:22:00,7468,7472,7466,7470,946,196130,70590520.0,OI1405
2013-11-01 14:23:00,7470,7472,7470,7470,432,196246,32235840.0,OI1405
2013-11-01 14:24:00,7470,7476,7470,7476,938,196116,69993560.0,OI1405
2013-11-01 14:25:00,7476,7478,7472,7472,832,196112,62083840.0,OI1405
2013-11-01 14:26:00,7472,7476,7470,7476,548,196182,40893200.0,OI1405
2013-11-01 14:27:00,7476,7480,7474,7480,1036,196478,77327040.0,OI1405
2013-11-01 14:28:00,7478,7486,7478,7486,1616,196556,120618240.0,OI1405
2013-11-01 14:29:00,7484,7492,7482,7492,1922,196782,143458080.0,OI1405
2013-11-01 14:30:00,7490,7492,7482,7484,1428,196710,106585920.0,OI1405
2013-11-01 14:31:00,7484,7490,7484,7488,650,196642,48516000.0,OI1405
2013-11-01 14:32:00,7490,7496,7488,7494,1984,196732,148085760.0,OI1405
2013-11-01 14:33:00,7494,7498,7494,7496,1930,196688,144055200.0,OI1405
2013-11-01 14:34:00,7496,7496,7484,7486,1690,196826,126141600.0,OI1405
2013-11-01 14:35:00,7486,7492,7484,7492,1652,196962,123326040.0,OI1405
2013-11-01 14:36:00,7492,7510,7492,7510,3526,197934,263251160.0,OI1405
2013-11-01 14:37:00,7508,7512,7504,7508,3896,198036,290875360.0,OI1405
2013-11-01 14:38:00,7508,7516,7508,7514,2758,198568,205958280.0,OI1405
2013-11-01 14:39:00,7516,7520,7512,7518,2540,198778,189687200.0,OI1405
2013-11-01 14:40:00,7520,7520,7510,7512,2240,198724,167283200.0,OI1405
2013-11-01 14:41:00,7512,7514,7510,7510,1030,199146,76930080.0,OI1405
2013-11-01 14:42:00,7508,7514,7508,7514,1708,199662,127587600.0,OI1405
2013-11-01 14:43:00,7514,7528,7514,7528,3658,200002,273252600.0,OI1405
2013-11-01 14:44:00,7526,7528,7514,7518,2892,200372,216062240.0,OI1405
2013-11-01 14:45:00,7518,7526,7516,7524,3476,202338,259726720.0,OI1405
2013-11-01 14:46:00,7524,7538,7522,7536,5014,203248,374696880.0,OI1405
2013-11-01 14:47:00,7538,7538,7530,7536,2286,203232,170855640.0,OI1405
2013-11-01 14:48:00,7534,7538,7534,7534,2662,204582,198977760.0,OI1405
2013-11-01 14:49:00,7534,7540,7532,7538,2430,205974,181666800.0,OI1405
2013-11-01 14:50:00,7536,7540,7530,7532,2154,206536,161033040.0,OI1405
2013-11-01 14:51:00,7532,7534,7528,7530,1724,206428,128892240.0,OI1405
2013-11-01 14:52:00,7530,7540,7530,7536,4232,208216,316468960.0,OI1405
2013-11-01 14:53:00,7534,7536,7514,7518,7482,210712,559591440.0,OI1405
2013-11-01 14:54:00,7518,7530,7518,7528,2052,210682,153489600.0,OI1405
2013-11-01 14:55:00,7528,7536,7524,7536,1678,210876,125514400.0,OI1405
2013-11-01 14:56:00,7534,7536,7532,7534,1512,211478,113097600.0,OI1405
2013-11-01 14:57:00,7534,7548,7534,7542,2406,211086,180010040.0,OI1405
2013-11-01 14:58:00,7542,7546,7540,7544,3830,210836,286560600.0,OI1405
2013-11-01 14:59:00,7546,7550,7542,7546,3560,210364,266395880.0,OI1405
2013-11-04 09:00:00,7540,7578,7540,7574,7504,211352,566183880.0,OI1405
2013-11-04 09:01:00,7578,7578,7564,7564,4592,212064,346964720.0,OI1405
2013-11-04 09:02:00,7564,7580,7562,7576,5002,212500,378147600.0,OI1405
2013-11-04 09:03:00,7576,7582,7576,7576,4130,213316,312397520.0,OI1405
2013-11-04 09:04:00,7574,7590,7572,7586,4462,213242,337629400.0,OI1405
2013-11-04 09:05:00,7584,7586,7566,7570,3878,213926,293541480.0,OI1405
2013-11-04 09:06:00,7568,7570,7562,7570,3188,213812,241331600.0,OI1405
2013-11-04 09:07:00,7570,7570,7552,7554,3750,213674,283805560.0,OI1405
2013-11-04 09:08:00,7556,7556,7542,7548,5488,213860,415271160.0,OI1405
2013-11-04 09:09:00,7548,7550,7532,7536,5560,214076,420571680.0,OI1405
2013-11-04 09:10:00,7538,7544,7536,7544,4020,213766,303992400.0,OI1405
2013-11-04 09:11:00,7544,7546,7538,7542,2288,213808,172979680.0,OI1405
2013-11-04 09:12:00,7542,7550,7542,7550,1784,214138,134870400.0,OI1405
2013-11-04 09:13:00,7550,7550,7546,7550,1910,214478,144396000.0,OI1405
2013-11-04 09:14:00,7550,7554,7548,7552,740,214460,55944000.0,OI1405
2013-11-04 09:15:00,7554,7556,7550,7550,1408,214680,106444800.0,OI1405
2013-11-04 09:16:00,7552,7556,7550,7556,852,214700,64411200.0,OI1405
2013-11-04 09:17:00,7554,7568,7554,7566,1848,215372,139708800.0,OI1405
2013-11-04 09:18:00,7566,7574,7564,7570,2152,215614,162691200.0,OI1405
2013-11-04 09:19:00,7574,7576,7568,7570,2046,216080,154677600.0,OI1405
2013-11-04 09:20:00,7570,7572,7566,7570,1682,216112,127159200.0,OI1405
2013-11-04 09:21:00,7570,7570,7566,7566,826,216332,62445600.0,OI1405
2013-11-04 09:22:00,7566,7566,7556,7556,1720,215992,130032000.0,OI1405
2013-11-04 09:23:00,7556,7558,7548,7552,2202,216452,166471200.0,OI1405
2013-11-04 09:24:00,7552,7556,7550,7550,1512,216966,114307200.0,OI1405
2013-11-04 09:25:00,7548,7556,7548,7554,1338,217168,101152800.0,OI1405
2013-11-04 09:26:00,7554,7558,7552,7556,624,217048,47174400.0,OI1405
2013-11-04 09:27:00,7558,7562,7554,7556,710,216996,53676000.0,OI1405
2013-11-04 09:28:00,7558,7558,7552,7552,442,216968,33415200.0,OI1405
2013-11-04 09:29:00,7552,7552,7542,7542,1962,216964,148327200.0,OI1405
2013-11-04 09:30:00,7542,7550,7542,7548,998,217252,75448800.0,OI1405
2013-11-04 09:31:00,7546,7552,7546,7550,296,217256,22377600.0,OI1405
2013-11-04 09:32:00,7552,7554,7550,7554,352,217336,26611200.0,OI1405
2013-11-04 09:33:00,7554,7554,7552,7552,246,217394,18597600.0,OI1405
2013-11-04 09:34:00,7552,7552,7548,7552,498,217670,37648800.0,OI1405
2013-11-04 09:35:00,7552,7552,7548,7548,428,217794,32356800.0,OI1405
2013-11-04 09:36:00,7550,7552,7548,7548,492,217722,37195200.0,OI1405
2013-11-04 09:37:00,7550,7562,7548,7562,1458,217646,110224800.0,OI1405
2013-11-04 09:38:00,7562,7570,7562,7564,1906,217546,144093600.0,OI1405
2013-11-04 09:39:00,7566,7566,7564,7566,818,217568,61840800.0,OI1405
2013-11-04 09:40:00,7568,7568,7562,7562,690,217600,52164000.0,OI1405
2013-11-04 09:41:00,7562,7564,7558,7564,1024,217648,77414400.0,OI1405
2013-11-04 09:42:00,7564,7566,7562,7566,832,217962,62899200.0,OI1405
2013-11-04 09:43:00,7566,7566,7562,7564,626,218044,47325600.0,OI1405
2013-11-04 09:44:00,7566,7570,7564,7570,992,218266,74995200.0,OI1405
2013-11-04 09:45:00,7570,7570,7564,7566,812,218376,61387200.0,OI1405
2013-11-04 09:46:00,7568,7582,7566,7578,3854,217824,291362400.0,OI1405
2013-11-04 09:47:00,7578,7580,7572,7572,2040,218224,154224000.0,OI1405
2013-11-04 09:48:00,7572,7578,7570,7578,1552,218506,117331200.0,OI1405
2013-11-04 09:49:00,7578,7580,7574,7574,1094,219050,82706400.0,OI1405
2013-11-04 09:50:00,7574,7580,7572,7576,678,219182,51268680.0,OI1405
2013-11-04 09:51:00,7578,7578,7564,7566,1260,219314,95281200.0,OI1405
2013-11-04 09:52:00,7564,7570,7564,7568,1002,219288,75771240.0,OI1405
2013-11-04 09:53:00,7568,7570,7566,7570,592,219370,44767040.0,OI1405
2013-11-04 09:54:00,7568,7570,7566,7566,304,219452,22988480.0,OI1405
2013-11-04 09:55:00,7568,7568,7564,7568,700,219686,52934000.0,OI1405
2013-11-04 09:56:00,7568,7570,7566,7570,194,219660,14670280.0,OI1405
2013-11-04 09:57:00,7570,7572,7568,7570,582,219514,44010840.0,OI1405
2013-11-04 09:58:00,7570,7570,7566,7566,242,219618,18300040.0,OI1405
2013-11-04 09:59:00,7566,7568,7564,7566,672,219340,50816640.0,OI1405
2013-11-04 10:00:00,7566,7572,7564,7570,1528,218868,115547360.0,OI1405
2013-11-04 10:01:00,7570,7572,7568,7570,542,218824,40986040.0,OI1405
2013-11-04 10:02:00,7568,7584,7568,7584,2448,218116,185117760.0,OI1405
2013-11-04 10:03:00,7584,7602,7584,7598,7504,217796,567517920.0,OI1405
2013-11-04 10:04:00,7598,7598,7592,7596,2140,217710,161869600.0,OI1405
2013-11-04 10:05:00,7596,7610,7590,7610,4978,217484,376598600.0,OI1405
2013-11-04 10:06:00,7610,7612,7602,7606,4492,218362,339894000.0,OI1405
2013-11-04 10:07:00,7606,7608,7602,7608,2184,218616,165285120.0,OI1405
2013-11-04 10:08:00,7606,7616,7606,7612,5956,219062,450809320.0,OI1405
2013-11-04 10:09:00,7620,7626,7616,7626,5450,217688,412618320.0,OI1405
2013-11-04 10:10:00,7626,7626,7614,7618,4712,216502,356832560.0,OI1405
2013-11-04 10:11:00,7618,7630,7616,7630,3770,217618,285539800.0,OI1405
2013-11-04 10:12:00,7626,7642,7626,7642,5996,218862,454253320.0,OI1405
2013-11-04 10:13:00,7638,7644,7630,7636,4754,219084,360258120.0,OI1405
2013-11-04 10:14:00,7636,7642,7634,7636,3162,219192,239674160.0,OI1405
2013-11-04 10:30:00,7634,7636,7618,7624,5876,219748,445458280.0,OI1405
2013-11-04 10:31:00,7624,7634,7622,7630,3786,220740,287054520.0,OI1405
2013-11-04 10:32:00,7632,7632,7622,7628,2244,221316,170159600.0,OI1405
2013-11-04 10:33:00,7628,7628,7618,7620,2068,221100,156837120.0,OI1405
2013-11-04 10:34:00,7620,7620,7608,7612,4942,220948,374801280.0,OI1405
2013-11-04 10:35:00,7614,7616,7610,7614,2466,221520,187021440.0,OI1405
2013-11-04 10:36:00,7614,7618,7608,7608,2750,221454,208594320.0,OI1405
2013-11-04 10:37:00,7608,7610,7598,7604,5896,220454,447270560.0,OI1405
2013-11-04 10:38:00,7602,7606,7596,7604,3340,221912,253372400.0,OI1405
2013-11-04 10:39:00,7602,7606,7596,7600,3430,222866,260199800.0,OI1405
2013-11-04 10:40:00,7600,7608,7600,7600,2946,224180,223483560.0,OI1405
2013-11-04 10:41:00,7602,7604,7598,7602,1866,224990,141554760.0,OI1405
2013-11-04 10:42:00,7602,7610,7598,7610,2248,225562,170533280.0,OI1405
2013-11-04 10:43:00,7610,7610,7606,7606,1178,225674,89363080.0,OI1405
2013-11-04 10:44:00,7608,7610,7600,7602,1544,225990,117155520.0,OI1405
2013-11-04 10:45:00,7602,7604,7598,7600,848,226340,64346240.0,OI1405
2013-11-04 10:46:00,7598,7608,7598,7608,1484,226904,112605920.0,OI1405
2013-11-04 10:47:00,7610,7612,7604,7606,1306,227128,99099280.0,OI1405
2013-11-04 10:48:00,7606,7606,7602,7604,732,227472,55544160.0,OI1405
2013-11-04 10:49:00,7604,7606,7602,7604,788,227780,59793440.0,OI1405
2013-11-04 10:50:00,7604,7604,7600,7602,666,227656,50536080.0,OI1405
2013-11-04 10:51:00,7602,7608,7600,7606,818,227812,62069840.0,OI1405
2013-11-04 10:52:00,7606,7608,7604,7604,876,228024,66470880.0,OI1405
2013-11-04 10:53:00,7606,7606,7596,7600,2046,228276,155250480.0,OI1405
2013-11-04 10:54:00,7598,7602,7596,7598,1378,228290,104562640.0,OI1405
2013-11-04 10:55:00,7598,7600,7596,7600,1152,228328,87413760.0,OI1405
2013-11-04 10:56:00,7598,7600,7596,7600,2068,228624,156919840.0,OI1405
2013-11-04 10:57:00,7600,7602,7596,7600,578,228708,43858640.0,OI1405
2013-11-04 10:58:00,7598,7602,7598,7600,884,228680,67077920.0,OI1405
2013-11-04 10:59:00,7600,7602,7598,7598,468,228734,35511840.0,OI1405
2013-11-04 11:00:00,7598,7600,7594,7598,3000,228984,227640000.0,OI1405
2013-11-04 11:01:00,7598,7598,7596,7596,876,228984,66470880.0,OI1405
2013-11-04 11:02:00,7596,7600,7594,7598,1978,229202,150090640.0,OI1405
2013-11-04 11:03:00,7598,7602,7596,7600,908,229110,68899040.0,OI1405
2013-11-04 11:04:00,7600,7602,7600,7600,2146,229418,162838480.0,OI1405
2013-11-04 11:05:00,7598,7600,7598,7600,734,229042,55695920.0,OI1405
2013-11-04 11:06:00,7602,7602,7600,7602,1012,229186,76790560.0,OI1405
2013-11-04 11:07:00,7602,7602,7598,7600,754,229358,57213520.0,OI1405
2013-11-04 11:08:00,7598,7600,7596,7596,586,229526,44465680.0,OI1405
2013-11-04 11:09:00,7596,7598,7594,7596,1228,229740,93180640.0,OI1405
2013-11-04 11:10:00,7594,7594,7584,7584,8762,230680,664860560.0,OI1405
2013-11-04 11:11:00,7584,7590,7582,7584,1760,230478,133548800.0,OI1405
2013-11-04 11:12:00,7580,7582,7576,7578,3840,230234,291379200.0,OI1405
2013-11-04 11:13:00,7580,7582,7576,7580,1648,230676,125050240.0,OI1405
2013-11-04 11:14:00,7580,7586,7580,7586,1654,231040,125505520.0,OI1405
2013-11-04 11:15:00,7586,7586,7578,7578,1368,231338,103803840.0,OI1405
2013-11-04 11:16:00,7578,7580,7576,7578,1858,231406,140985040.0,OI1405
2013-11-04 11:17:00,7578,7580,7576,7580,1422,231732,107901360.0,OI1405
2013-11-04 11:18:00,7580,7582,7576,7582,1634,231856,123987920.0,OI1405
2013-11-04 11:19:00,7582,7584,7580,7580,1160,232066,88020800.0,OI1405
2013-11-04 11:20:00,7580,7592,7580,7592,1670,232248,126719600.0,OI1405
2013-11-04 11:21:00,7590,7594,7590,7592,2062,232948,156464560.0,OI1405
2013-11-04 11:22:00,7594,7594,7590,7590,1236,233226,93787680.0,OI1405
2013-11-04 11:23:00,7590,7592,7588,7592,484,233030,36725920.0,OI1405
2013-11-04 11:24:00,7592,7592,7586,7588,1326,233470,100616880.0,OI1405
2013-11-04 11:25:00,7588,7588,7576,7576,1792,233874,135976960.0,OI1405
2013-11-04 11:26:00,7576,7584,7576,7584,840,233592,63739200.0,OI1405
2013-11-04 11:27:00,7582,7582,7576,7580,1164,233954,88324320.0,OI1405
2013-11-04 11:28:00,7580,7580,7572,7572,2016,234268,152974080.0,OI1405
2013-11-04 11:29:00,7572,7572,7552,7562,5452,233134,413697760.0,OI1405
2013-11-04 13:30:00,7566,7572,7564,7570,2508,233686,190307040.0,OI1405
2013-11-04 13:31:00,7570,7570,7566,7570,1248,233872,94698240.0,OI1405
2013-11-04 13:32:00,7570,7572,7568,7572,554,233974,42037520.0,OI1405
2013-11-04 13:33:00,7572,7572,7568,7572,462,234192,35056560.0,OI1405
2013-11-04 13:34:00,7570,7572,7570,7570,386,234288,29289680.0,OI1405
2013-11-04 13:35:00,7570,7576,7570,7574,582,234400,44162160.0,OI1405
2013-11-04 13:36:00,7574,7576,7570,7570,492,234544,37332960.0,OI1405
2013-11-04 13:37:00,7570,7572,7568,7572,854,235026,64801520.0,OI1405
2013-11-04 13:38:00,7570,7572,7568,7570,192,235030,14568960.0,OI1405
2013-11-04 13:39:00,7570,7574,7570,7574,160,234966,12140800.0,OI1405
2013-11-04 13:40:00,7574,7578,7572,7578,526,235080,39912880.0,OI1405
2013-11-04 13:41:00,7578,7582,7576,7582,1172,234940,88931360.0,OI1405
2013-11-04 13:42:00,7582,7582,7580,7580,1252,235596,95001760.0,OI1405
2013-11-04 13:43:00,7580,7580,7576,7576,314,235674,23826320.0,OI1405
2013-11-04 13:44:00,7576,7584,7576,7584,1018,235636,77245840.0,OI1405
2013-11-04 13:45:00,7584,7586,7582,7584,1234,235524,93635920.0,OI1405
2013-11-04 13:46:00,7584,7586,7582,7584,776,235788,58882880.0,OI1405
2013-11-04 13:47:00,7586,7586,7584,7586,298,235968,22612240.0,OI1405
2013-11-04 13:48:00,7586,7586,7582,7582,1392,236536,105624960.0,OI1405
2013-11-04 13:49:00,7582,7582,7572,7572,1590,236682,120649200.0,OI1405
2013-11-04 13:50:00,7572,7576,7572,7574,528,236834,40064640.0,OI1405
2013-11-04 13:51:00,7574,7578,7572,7576,332,236862,25192160.0,OI1405
2013-11-04 13:52:00,7576,7578,7572,7572,350,237042,26558000.0,OI1405
2013-11-04 13:53:00,7572,7574,7570,7572,684,236906,51889440.0,OI1405
2013-11-04 13:54:00,7572,7574,7572,7572,288,236856,21847680.0,OI1405
2013-11-04 13:55:00,7574,7576,7572,7576,154,236856,11682440.0,OI1405
2013-11-04 13:56:00,7574,7576,7572,7576,114,236858,8648040.0,OI1405
2013-11-04 13:57:00,7576,7578,7576,7578,190,236880,14413400.0,OI1405
2013-11-04 13:58:00,7578,7580,7576,7580,572,236814,43391920.0,OI1405
2013-11-04 13:59:00,7580,7584,7580,7582,590,236902,44757400.0,OI1405
2013-11-04 14:00:00,7582,7586,7580,7582,1428,237232,108328080.0,OI1405
2013-11-04 14:01:00,7582,7582,7578,7580,606,237372,45971160.0,OI1405
2013-11-04 14:02:00,7578,7582,7578,7582,200,237382,15172000.0,OI1405
2013-11-04 14:03:00,7582,7584,7580,7584,336,237260,25488960.0,OI1405
2013-11-04 14:04:00,7584,7584,7582,7584,244,237384,18509840.0,OI1405
2013-11-04 14:05:00,7582,7584,7580,7582,868,237550,65846480.0,OI1405
2013-11-04 14:06:00,7582,7582,7578,7580,604,237366,45819440.0,OI1405
2013-11-04 14:07:00,7580,7580,7578,7578,184,237292,13958240.0,OI1405
2013-11-04 14:08:00,7578,7578,7574,7574,746,237180,56591560.0,OI1405
2013-11-04 14:09:00,7576,7578,7574,7574,362,237040,27461320.0,OI1405
2013-11-04 14:10:00,7574,7576,7574,7576,264,237086,20027040.0,OI1405
2013-11-04 14:11:00,7578,7578,7576,7578,302,237176,22909720.0,OI1405
2013-11-04 14:12:00,7580,7580,7578,7580,240,237146,18206400.0,OI1405
2013-11-04 14:13:00,7580,7582,7578,7582,142,237124,10772120.0,OI1405
2013-11-04 14:14:00,7582,7588,7582,7588,1258,236912,95431880.0,OI1405
2013-11-04 14:15:00,7588,7592,7586,7590,2076,237112,157485360.0,OI1405
2013-11-04 14:16:00,7590,7594,7588,7594,1958,238148,148533880.0,OI1405
2013-11-04 14:17:00,7594,7596,7590,7590,1930,238836,146409800.0,OI1405
2013-11-04 14:18:00,7590,7596,7590,7596,934,238918,70853240.0,OI1405
2013-11-04 14:19:00,7594,7598,7594,7594,970,239292,73584200.0,OI1405
2013-11-04 14:20:00,7594,7596,7590,7590,1172,239366,88907920.0,OI1405
2013-11-04 14:21:00,7590,7594,7588,7592,902,239206,68425720.0,OI1405
2013-11-04 14:22:00,7590,7592,7588,7588,388,239178,29433680.0,OI1405
2013-11-04 14:23:00,7588,7588,7568,7574,3770,238518,285992200.0,OI1405
2013-11-04 14:24:00,7574,7576,7572,7574,908,238366,68880880.0,OI1405
2013-11-04 14:25:00,7574,7576,7570,7574,1022,238368,77528920.0,OI1405
2013-11-04 14:26:00,7574,7582,7572,7582,1178,238330,89363080.0,OI1405
2013-11-04 14:27:00,7582,7582,7578,7580,500,238422,37930000.0,OI1405
2013-11-04 14:28:00,7580,7592,7578,7590,2120,237920,160823200.0,OI1405
2013-11-04 14:29:00,7588,7592,7586,7590,1174,237866,89059640.0,OI1405
2013-11-04 14:30:00,7592,7594,7588,7594,1340,237890,101652400.0,OI1405
2013-11-04 14:31:00,7592,7594,7590,7592,1160,238164,87997600.0,OI1405
2013-11-04 14:32:00,7592,7596,7590,7596,950,238154,72067000.0,OI1405
2013-11-04 14:33:00,7596,7600,7596,7600,1666,238422,126382760.0,OI1405
2013-11-04 14:34:00,7600,7600,7592,7592,1380,238554,104686800.0,OI1405
2013-11-04 14:35:00,7594,7596,7592,7594,782,238608,59322520.0,OI1405
2013-11-04 14:36:00,7594,7598,7594,7596,368,238524,27916480.0,OI1405
2013-11-04 14:37:00,7596,7604,7592,7604,2384,239542,180865440.0,OI1405
2013-11-04 14:38:00,7604,7606,7602,7604,2672,240284,202751360.0,OI1405
2013-11-04 14:39:00,7602,7604,7596,7598,1690,240466,128237200.0,OI1405
2013-11-04 14:40:00,7598,7598,7592,7594,1408,240908,106839040.0,OI1405
2013-11-04 14:41:00,7592,7594,7588,7590,1702,241616,129147760.0,OI1405
2013-11-04 14:42:00,7590,7594,7580,7586,1932,241666,146600160.0,OI1405
2013-11-04 14:43:00,7584,7588,7582,7584,1400,241502,106232000.0,OI1405
2013-11-04 14:44:00,7582,7586,7576,7584,1324,241840,100465120.0,OI1405
2013-11-04 14:45:00,7584,7584,7580,7582,860,241880,65256800.0,OI1405
2013-11-04 14:46:00,7582,7588,7580,7588,752,241892,57061760.0,OI1405
2013-11-04 14:47:00,7588,7588,7586,7588,722,241846,54785360.0,OI1405
2013-11-04 14:48:00,7588,7590,7588,7590,390,241782,29593200.0,OI1405
2013-11-04 14:49:00,7588,7592,7588,7590,446,241778,33842480.0,OI1405
2013-11-04 14:50:00,7592,7598,7592,7596,1306,241780,99099280.0,OI1405
2013-11-04 14:51:00,7598,7602,7592,7602,2318,240464,175889840.0,OI1405
2013-11-04 14:52:00,7602,7602,7596,7600,992,240484,75272960.0,OI1405
2013-11-04 14:53:00,7598,7600,7592,7594,708,240200,53723040.0,OI1405
2013-11-04 14:54:00,7594,7598,7594,7596,880,240344,66774400.0,OI1405
2013-11-04 14:55:00,7598,7600,7594,7598,1674,241010,127023120.0,OI1405
2013-11-04 14:56:00,7600,7602,7598,7602,1858,240822,140985040.0,OI1405
2013-11-04 14:57:00,7602,7602,7598,7598,2842,240542,215650960.0,OI1405
2013-11-04 14:58:00,7598,7604,7596,7604,2460,239556,186664800.0,OI1405
2013-11-04 14:59:00,7602,7606,7600,7606,2886,239222,218989680.0,OI1405
2013-11-05 09:00:00,7580,7582,7552,7552,6732,239948,510013120.0,OI1405
2013-11-05 09:01:00,7550,7576,7550,7576,4706,239934,356096640.0,OI1405
2013-11-05 09:02:00,7574,7580,7570,7574,2864,240050,216718840.0,OI1405
2013-11-05 09:03:00,7574,7584,7574,7576,2606,240922,197246920.0,OI1405
2013-11-05 09:04:00,7574,7578,7572,7574,2014,240726,152459800.0,OI1405
2013-11-05 09:05:00,7574,7586,7572,7580,2680,241098,202894520.0,OI1405
2013-11-05 09:06:00,7580,7584,7578,7582,1380,241394,104493600.0,OI1405
2013-11-05 09:07:00,7582,7590,7582,7590,1634,241730,123733520.0,OI1405
2013-11-05 09:08:00,7588,7594,7586,7590,2508,242314,189955920.0,OI1405
2013-11-05 09:09:00,7592,7596,7580,7582,3700,243136,280303240.0,OI1405
2013-11-05 09:10:00,7582,7590,7580,7588,2222,243348,168338720.0,OI1405
2013-11-05 09:11:00,7588,7598,7582,7582,4654,244094,352671600.0,OI1405
2013-11-05 09:12:00,7582,7586,7576,7576,2464,244204,186747840.0,OI1405
2013-11-05 09:13:00,7578,7578,7570,7574,3312,244582,250991240.0,OI1405
2013-11-05 09:14:00,7576,7580,7574,7576,1352,244662,102454560.0,OI1405
2013-11-05 09:15:00,7578,7578,7562,7564,2738,244618,207485640.0,OI1405
2013-11-05 09:16:00,7566,7570,7560,7562,3350,244768,253863000.0,OI1405
2013-11-05 09:17:00,7562,7574,7562,7570,1356,244790,102756000.0,OI1405
2013-11-05 09:18:00,7570,7572,7562,7564,1334,245056,101063840.0,OI1405
2013-11-05 09:19:00,7564,7568,7562,7568,1208,245418,91518080.0,OI1405
2013-11-05 09:20:00,7568,7570,7566,7570,854,245252,64699040.0,OI1405
2013-11-05 09:21:00,7570,7570,7564,7568,884,245570,66971840.0,OI1405
2013-11-05 09:22:00,7566,7574,7566,7574,1490,245696,112882400.0,OI1405
2013-11-05 09:23:00,7574,7574,7568,7568,882,245666,66820320.0,OI1405
2013-11-05 09:24:00,7570,7570,7564,7566,1020,245812,77275200.0,OI1405
2013-11-05 09:25:00,7564,7564,7552,7558,4178,245484,316507640.0,OI1405
2013-11-05 09:26:00,7558,7560,7556,7558,2036,245348,154206640.0,OI1405
2013-11-05 09:27:00,7558,7558,7552,7558,2038,245674,154358120.0,OI1405
2013-11-05 09:28:00,7558,7558,7546,7546,3476,246330,263240040.0,OI1405
2013-11-05 09:29:00,7548,7548,7530,7538,5122,246176,387799960.0,OI1405
2013-11-05 09:30:00,7538,7546,7538,7542,1300,246276,98410000.0,OI1405
2013-11-05 09:31:00,7544,7544,7534,7534,3126,246568,236612440.0,OI1405
2013-11-05 09:32:00,7534,7538,7534,7536,2096,246868,158625280.0,OI1405
2013-11-05 09:33:00,7536,7544,7534,7540,2874,247682,217479240.0,OI1405
2013-11-05 09:34:00,7542,7544,7526,7528,3246,249052,245592360.0,OI1405
2013-11-05 09:35:00,7528,7530,7516,7522,4042,249424,305761040.0,OI1405
2013-11-05 09:36:00,7522,7524,7512,7524,3230,249884,244276320.0,OI1405
2013-11-05 09:37:00,7524,7536,7524,7534,3732,250346,282208680.0,OI1405
2013-11-05 09:38:00,7534,7538,7524,7528,4136,251764,312681600.0,OI1405
2013-11-05 09:39:00,7530,7532,7526,7530,1862,252646,140767200.0,OI1405
2013-11-05 09:40:00,7530,7536,7528,7536,1558,253350,117771680.0,OI1405
2013-11-05 09:41:00,7536,7536,7530,7530,1052,253508,79510160.0,OI1405
2013-11-05 09:42:00,7532,7536,7528,7536,1860,253852,140578800.0,OI1405
2013-11-05 09:43:00,7534,7534,7530,7532,1004,254032,75882320.0,OI1405
2013-11-05 09:44:00,7532,7538,7532,7538,1314,254038,99312120.0,OI1405
2013-11-05 09:45:00,7536,7538,7534,7538,782,253960,59103560.0,OI1405
2013-11-05 09:46:00,7536,7538,7534,7536,1072,254150,81021760.0,OI1405
2013-11-05 09:47:00,7536,7540,7534,7538,520,254170,39301600.0,OI1405
2013-11-05 09:48:00,7538,7540,7530,7534,1670,254684,126211240.0,OI1405
2013-11-05 09:49:00,7534,7538,7532,7536,546,254642,41255760.0,OI1405
2013-11-05 09:50:00,7538,7542,7536,7538,2512,255982,189806720.0,OI1405
2013-11-05 09:51:00,7542,7548,7540,7548,1972,256510,149004320.0,OI1405
2013-11-05 09:52:00,7546,7550,7538,7540,2988,256574,225773280.0,OI1405
2013-11-05 09:53:00,7540,7542,7538,7538,660,256526,49869600.0,OI1405
2013-11-05 09:54:00,7540,7544,7538,7544,424,256368,32037440.0,OI1405
2013-11-05 09:55:00,7546,7546,7542,7542,438,256506,33095280.0,OI1405
2013-11-05 09:56:00,7542,7542,7540,7542,306,256474,23121360.0,OI1405
2013-11-05 09:57:00,7542,7546,7542,7546,216,256512,16320960.0,OI1405
2013-11-05 09:58:00,7544,7544,7542,7542,836,256592,63168160.0,OI1405
2013-11-05 09:59:00,7542,7542,7540,7540,718,257026,54252080.0,OI1405
2013-11-05 10:00:00,7540,7540,7532,7534,1182,257114,89311920.0,OI1405
2013-11-05 10:01:00,7534,7536,7528,7532,1698,256874,128300880.0,OI1405
2013-11-05 10:02:00,7534,7534,7530,7532,626,256848,47300560.0,OI1405
2013-11-05 10:03:00,7534,7538,7532,7538,874,257194,66023960.0,OI1405
2013-11-05 10:04:00,7538,7544,7536,7542,928,257432,70101120.0,OI1405
2013-11-05 10:05:00,7542,7548,7542,7544,888,257398,67079520.0,OI1405
2013-11-05 10:06:00,7546,7552,7546,7550,1390,257674,105000600.0,OI1405
2013-11-05 10:07:00,7550,7552,7546,7550,2116,258120,159842640.0,OI1405
2013-11-05 10:08:00,7550,7552,7548,7548,856,257998,64662240.0,OI1405
2013-11-05 10:09:00,7550,7550,7540,7546,1866,258922,140957640.0,OI1405
2013-11-05 10:10:00,7546,7556,7546,7548,1926,259024,145490040.0,OI1405
2013-11-05 10:11:00,7548,7548,7544,7546,350,259166,26439000.0,OI1405
2013-11-05 10:12:00,7546,7552,7546,7552,572,259292,43208880.0,OI1405
2013-11-05 10:13:00,7552,7554,7550,7552,390,259310,29460600.0,OI1405
2013-11-05 10:14:00,7554,7554,7548,7550,968,259542,73122720.0,OI1405
2013-11-05 10:30:00,7552,7554,7550,7552,616,259450,46532640.0,OI1405
2013-11-05 10:31:00,7550,7552,7546,7546,672,259368,50762880.0,OI1405
2013-11-05 10:32:00,7546,7550,7546,7550,212,259326,16014480.0,OI1405
2013-11-05 10:33:00,7550,7552,7550,7550,350,259248,26439000.0,OI1405
2013-11-05 10:34:00,7550,7550,7548,7548,162,259280,12237480.0,OI1405
2013-11-05 10:35:00,7548,7550,7546,7546,450,259562,33993000.0,OI1405
2013-11-05 10:36:00,7546,7548,7546,7548,386,259598,29158440.0,OI1405
2013-11-05 10:37:00,7548,7552,7546,7552,556,259402,42000240.0,OI1405
2013-11-05 10:38:00,7552,7562,7552,7556,2768,259168,209094720.0,OI1405
2013-11-05 10:39:00,7556,7558,7552,7554,504,259142,38072160.0,OI1405
2013-11-05 10:40:00,7554,7564,7554,7564,1354,259410,102281160.0,OI1405
2013-11-05 10:41:00,7564,7564,7558,7558,1602,259878,121015080.0,OI1405
2013-11-05 10:42:00,7560,7562,7558,7560,1390,260062,105000600.0,OI1405
2013-11-05 10:43:00,7560,7564,7560,7562,1172,260488,88532880.0,OI1405
2013-11-05 10:44:00,7562,7562,7558,7560,800,260680,60432000.0,OI1405
2013-11-05 10:45:00,7562,7566,7560,7564,982,260900,74180280.0,OI1405
2013-11-05 10:46:00,7566,7568,7564,7564,1502,261044,113461080.0,OI1405
2013-11-05 10:47:00,7566,7572,7564,7570,1752,261006,132346080.0,OI1405
2013-11-05 10:48:00,7570,7572,7566,7568,1448,261490,109396120.0,OI1405
2013-11-05 10:49:00,7566,7566,7562,7562,822,261660,62110320.0,OI1405
2013-11-05 10:50:00,7562,7566,7562,7564,744,261850,56216640.0,OI1405
2013-11-05 10:51:00,7564,7564,7560,7560,830,261904,62714800.0,OI1405
2013-11-05 10:52:00,7560,7562,7558,7562,688,261982,51985280.0,OI1405
2013-11-05 10:53:00,7562,7564,7562,7564,454,261980,34304240.0,OI1405
2013-11-05 10:54:00,7562,7566,7562,7566,306,262014,23121360.0,OI1405
2013-11-05 10:55:00,7566,7570,7564,7568,650,262084,49114000.0,OI1405
2013-11-05 10:56:00,7570,7572,7568,7570,796,262128,60145760.0,OI1405
2013-11-05 10:57:00,7570,7572,7568,7568,750,262318,56670000.0,OI1405
2013-11-05 10:58:00,7568,7570,7566,7570,654,262428,49416240.0,OI1405
2013-11-05 10:59:00,7570,7572,7568,7568,1026,262248,77524560.0,OI1405
2013-11-05 11:00:00,7570,7572,7568,7568,648,262308,48962880.0,OI1405
2013-11-05 11:01:00,7568,7572,7568,7570,416,262328,31432960.0,OI1405
2013-11-05 11:02:00,7570,7572,7570,7572,1108,262292,83720480.0,OI1405
2013-11-05 11:03:00,7572,7572,7564,7564,1322,262256,99890320.0,OI1405
2013-11-05 11:04:00,7564,7568,7564,7566,420,262300,31735200.0,OI1405
2013-11-05 11:05:00,7564,7572,7564,7570,952,262184,71933120.0,OI1405
2013-11-05 11:06:00,7572,7572,7564,7566,976,262394,73746560.0,OI1405
2013-11-05 11:07:00,7566,7566,7556,7558,1978,262818,149457680.0,OI1405
2013-11-05 11:08:00,7558,7562,7558,7562,860,263138,64981600.0,OI1405
2013-11-05 11:09:00,7560,7562,7558,7560,762,263412,57576720.0,OI1405
2013-11-05 11:10:00,7560,7560,7554,7554,2030,264012,153386800.0,OI1405
2013-11-05 11:11:00,7554,7554,7550,7554,1930,264128,145830800.0,OI1405
2013-11-05 11:12:00,7554,7554,7550,7552,762,264002,57576720.0,OI1405
2013-11-05 11:13:00,7550,7554,7548,7550,1884,263684,142355040.0,OI1405
2013-11-05 11:14:00,7550,7554,7550,7554,990,263420,74804400.0,OI1405
2013-11-05 11:15:00,7554,7554,7550,7550,326,263350,24632560.0,OI1405
2013-11-05 11:16:00,7552,7552,7548,7548,1168,263900,88254080.0,OI1405
2013-11-05 11:17:00,7548,7554,7548,7554,782,263664,59087920.0,OI1405
2013-11-05 11:18:00,7554,7562,7554,7562,984,263406,74351040.0,OI1405
2013-11-05 11:19:00,7562,7568,7560,7564,1480,262896,111828800.0,OI1405
2013-11-05 11:20:00,7566,7566,7564,7564,760,262916,57425600.0,OI1405
2013-11-05 11:21:00,7564,7564,7560,7560,314,262770,23725840.0,OI1405
2013-11-05 11:22:00,7560,7562,7556,7556,756,262596,57123360.0,OI1405
2013-11-05 11:23:00,7556,7560,7554,7560,372,262538,28108320.0,OI1405
2013-11-05 11:24:00,7560,7560,7554,7554,778,262792,58785680.0,OI1405
2013-11-05 11:25:00,7556,7556,7552,7554,540,262896,40802400.0,OI1405
2013-11-05 11:26:00,7554,7558,7554,7558,486,262926,36722160.0,OI1405
2013-11-05 11:27:00,7558,7560,7558,7558,544,263366,41104640.0,OI1405
2013-11-05 11:28:00,7558,7560,7558,7558,168,263450,12694080.0,OI1405
2013-11-05 11:29:00,7558,7562,7558,7560,1286,263502,97170160.0,OI1405
2013-11-05 13:30:00,7560,7562,7558,7562,368,263594,27806080.0,OI1405
2013-11-05 13:31:00,7560,7562,7558,7558,278,263652,21005680.0,OI1405
2013-11-05 13:32:00,7558,7562,7558,7562,504,263562,38082240.0,OI1405
2013-11-05 13:33:00,7562,7564,7560,7560,432,263612,32641920.0,OI1405
2013-11-05 13:34:00,7560,7560,7556,7556,220,263592,16623200.0,OI1405
2013-11-05 13:35:00,7558,7560,7556,7558,344,263778,25992640.0,OI1405
2013-11-05 13:36:00,7556,7562,7556,7560,292,263624,22063520.0,OI1405
2013-11-05 13:37:00,7560,7562,7560,7562,256,263674,19343360.0,OI1405
2013-11-05 13:38:00,7562,7564,7560,7560,540,263674,40802400.0,OI1405
2013-11-05 13:39:00,7562,7562,7560,7560,222,263646,16774320.0,OI1405
2013-11-05 13:40:00,7560,7560,7558,7560,434,263720,32793040.0,OI1405
2013-11-05 13:41:00,7558,7560,7556,7556,310,263772,23423600.0,OI1405
2013-11-05 13:42:00,7556,7560,7554,7558,612,263728,46242720.0,OI1405
2013-11-05 13:43:00,7558,7560,7556,7556,254,263736,19192240.0,OI1405
2013-11-05 13:44:00,7556,7558,7556,7556,64,263714,4835840.0,OI1405
2013-11-05 13:45:00,7556,7558,7556,7558,238,263704,17983280.0,OI1405
2013-11-05 13:46:00,7556,7558,7556,7558,102,263720,7707120.0,OI1405
2013-11-05 13:47:00,7556,7556,7552,7554,468,263744,35362080.0,OI1405
2013-11-05 13:48:00,7552,7560,7552,7560,664,263514,50171840.0,OI1405
2013-11-05 13:49:00,7560,7562,7558,7562,362,263522,27352720.0,OI1405
2013-11-05 13:50:00,7564,7566,7562,7562,740,263642,55914400.0,OI1405
2013-11-05 13:51:00,7562,7564,7562,7564,430,263612,32490800.0,OI1405
2013-11-05 13:52:00,7564,7568,7564,7566,1076,263796,81302560.0,OI1405
2013-11-05 13:53:00,7566,7572,7566,7572,1616,264060,122104960.0,OI1405
2013-11-05 13:54:00,7572,7574,7566,7568,2022,263652,152782320.0,OI1405
2013-11-05 13:55:00,7568,7572,7566,7572,1568,263626,118478080.0,OI1405
2013-11-05 13:56:00,7572,7572,7568,7568,1218,263680,92032080.0,OI1405
2013-11-05 13:57:00,7568,7572,7566,7570,566,263720,42766960.0,OI1405
2013-11-05 13:58:00,7572,7574,7570,7572,1100,263708,83116000.0,OI1405
2013-11-05 13:59:00,7570,7572,7570,7570,682,263528,51531920.0,OI1405
2013-11-05 14:00:00,7570,7572,7568,7570,1280,264196,96721480.0,OI1405
2013-11-05 14:01:00,7568,7570,7566,7568,1160,264534,87672800.0,OI1405
2013-11-05 14:02:00,7566,7570,7566,7570,690,264166,52150200.0,OI1405
2013-11-05 14:03:00,7568,7572,7568,7570,986,264006,74521880.0,OI1405
2013-11-05 14:04:00,7570,7570,7568,7570,396,263902,29929680.0,OI1405
2013-11-05 14:05:00,7570,7570,7568,7568,194,263902,14662520.0,OI1405
2013-11-05 14:06:00,7568,7570,7568,7568,182,263960,13755560.0,OI1405
2013-11-05 14:07:00,7568,7568,7566,7566,328,263956,24790240.0,OI1405
2013-11-05 14:08:00,7566,7568,7566,7568,110,263942,8313800.0,OI1405
2013-11-05 14:09:00,7568,7570,7568,7570,294,263864,22220520.0,OI1405
2013-11-05 14:10:00,7570,7572,7568,7572,528,263920,39906240.0,OI1405
2013-11-05 14:11:00,7572,7572,7568,7570,474,263978,35824920.0,OI1405
2013-11-05 14:12:00,7570,7570,7568,7568,144,264028,10883520.0,OI1405
2013-11-05 14:13:00,7568,7570,7568,7570,336,263984,25394880.0,OI1405
2013-11-05 14:14:00,7570,7572,7570,7572,420,264074,31743600.0,OI1405
2013-11-05 14:15:00,7572,7578,7572,7578,1848,264610,139671840.0,OI1405
2013-11-05 14:16:00,7578,7582,7576,7582,1570,264728,118660600.0,OI1405
2013-11-05 14:17:00,7582,7582,7578,7580,1532,264902,115788560.0,OI1405
2013-11-05 14:18:00,7580,7584,7580,7582,870,264958,65754600.0,OI1405
2013-11-05 14:19:00,7584,7584,7580,7580,760,265290,57440800.0,OI1405
2013-11-05 14:20:00,7582,7584,7580,7582,824,265062,62277920.0,OI1405
2013-11-05 14:21:00,7582,7586,7582,7584,974,265258,73614920.0,OI1405
2013-11-05 14:22:00,7584,7586,7582,7586,978,265362,73917240.0,OI1405
2013-11-05 14:23:00,7586,7588,7584,7586,1228,265392,92812240.0,OI1405
2013-11-05 14:24:00,7586,7588,7584,7586,696,265420,52603680.0,OI1405
2013-11-05 14:25:00,7588,7588,7586,7586,460,265478,34766800.0,OI1405
2013-11-05 14:26:00,7586,7588,7584,7584,1016,265882,76789280.0,OI1405
2013-11-05 14:27:00,7584,7584,7578,7578,1504,265512,113672320.0,OI1405
2013-11-05 14:28:00,7578,7584,7578,7582,992,265486,74975360.0,OI1405
2013-11-05 14:29:00,7584,7584,7582,7582,268,265480,20255440.0,OI1405
2013-11-05 14:30:00,7582,7584,7580,7580,480,265426,36278400.0,OI1405
2013-11-05 14:31:00,7580,7582,7576,7578,846,265572,63956400.0,OI1405
2013-11-05 14:32:00,7578,7580,7578,7580,358,265546,27064800.0,OI1405
2013-11-05 14:33:00,7580,7580,7574,7578,1142,265580,86335200.0,OI1405
2013-11-05 14:34:00,7578,7580,7576,7580,710,265748,53676000.0,OI1405
2013-11-05 14:35:00,7578,7582,7578,7580,584,265826,44150400.0,OI1405
2013-11-05 14:36:00,7578,7580,7578,7580,262,265724,19807200.0,OI1405
2013-11-05 14:37:00,7580,7580,7578,7578,260,265734,19656000.0,OI1405
2013-11-05 14:38:00,7578,7580,7578,7578,404,265824,30542400.0,OI1405
2013-11-05 14:39:00,7578,7580,7572,7572,878,265802,66376800.0,OI1405
2013-11-05 14:40:00,7574,7576,7572,7576,392,265758,29635200.0,OI1405
2013-11-05 14:41:00,7576,7576,7570,7570,1066,265924,80589600.0,OI1405
2013-11-05 14:42:00,7570,7572,7570,7572,1206,265528,91173600.0,OI1405
2013-11-05 14:43:00,7574,7576,7570,7570,812,265290,61387200.0,OI1405
2013-11-05 14:44:00,7570,7574,7570,7574,788,265150,59572800.0,OI1405
2013-11-05 14:45:00,7572,7574,7572,7574,532,265168,40219200.0,OI1405
2013-11-05 14:46:00,7574,7574,7572,7574,306,265124,23133600.0,OI1405
2013-11-05 14:47:00,7574,7576,7572,7574,432,265048,32659200.0,OI1405
2013-11-05 14:48:00,7574,7576,7572,7574,234,264996,17690400.0,OI1405
2013-11-05 14:49:00,7572,7576,7572,7574,378,265004,28576800.0,OI1405
2013-11-05 14:50:00,7572,7572,7570,7570,1156,264682,87393600.0,OI1405
2013-11-05 14:51:00,7572,7572,7564,7566,1658,264120,125344800.0,OI1405
2013-11-05 14:52:00,7566,7570,7566,7566,642,264056,48535200.0,OI1405
2013-11-05 14:53:00,7566,7570,7566,7570,788,264178,59572800.0,OI1405
2013-11-05 14:54:00,7570,7574,7570,7572,946,263820,71517600.0,OI1405
2013-11-05 14:55:00,7572,7574,7568,7570,914,263956,69098400.0,OI1405
2013-11-05 14:56:00,7570,7570,7564,7566,1444,264252,109166400.0,OI1405
2013-11-05 14:57:00,7566,7568,7564,7566,978,264372,73936800.0,OI1405
2013-11-05 14:58:00,7564,7566,7560,7562,2350,263692,177660000.0,OI1405
2013-11-05 14:59:00,7562,7562,7554,7556,1768,263382,133660800.0,OI1405
2013-11-06 09:00:00,7540,7552,7536,7546,4286,264168,323260280.0,OI1405
2013-11-06 09:01:00,7546,7556,7544,7552,2610,264390,196927080.0,OI1405
2013-11-06 09:02:00,7552,7558,7548,7556,2076,264816,156688240.0,OI1405
2013-11-06 09:03:00,7554,7556,7550,7556,1080,264978,81518400.0,OI1405
2013-11-06 09:04:00,7554,7554,7550,7552,910,265102,68693240.0,OI1405
2013-11-06 09:05:00,7552,7552,7546,7548,1320,265408,99660000.0,OI1405
2013-11-06 09:06:00,7548,7558,7548,7556,1818,265946,137259000.0,OI1405
2013-11-06 09:07:00,7558,7560,7556,7558,1288,266530,97244000.0,OI1405
2013-11-06 09:08:00,7556,7560,7552,7554,1350,266944,101925000.0,OI1405
2013-11-06 09:09:00,7552,7560,7552,7560,752,266880,56779240.0,OI1405
2013-11-06 09:10:00,7560,7560,7556,7556,680,266922,51353600.0,OI1405
2013-11-06 09:11:00,7556,7556,7552,7554,398,266928,30056960.0,OI1405
2013-11-06 09:12:00,7556,7556,7552,7556,838,266864,63285760.0,OI1405
2013-11-06 09:13:00,7556,7564,7556,7560,1908,267078,144092160.0,OI1405
2013-11-06 09:14:00,7560,7562,7558,7560,574,267092,43348480.0,OI1405
2013-11-06 09:15:00,7562,7562,7554,7556,1124,267238,84884480.0,OI1405
2013-11-06 09:16:00,7556,7558,7554,7556,688,267124,51957760.0,OI1405
2013-11-06 09:17:00,7558,7560,7556,7558,392,267090,29610080.0,OI1405
2013-11-06 09:18:00,7560,7572,7560,7572,3326,267300,251246040.0,OI1405
2013-11-06 09:19:00,7572,7574,7568,7568,1730,267588,130714840.0,OI1405
2013-11-06 09:20:00,7568,7572,7566,7570,858,267990,64830480.0,OI1405
2013-11-06 09:21:00,7570,7570,7562,7566,1370,267944,103517200.0,OI1405
2013-11-06 09:22:00,7566,7568,7564,7564,1052,268104,79489120.0,OI1405
2013-11-06 09:23:00,7564,7564,7558,7558,2116,268674,159925760.0,OI1405
2013-11-06 09:24:00,7558,7560,7556,7558,1836,269016,138764880.0,OI1405
2013-11-06 09:25:00,7556,7558,7548,7550,2970,269574,224462320.0,OI1405
2013-11-06 09:26:00,7552,7552,7540,7542,4360,269722,329441600.0,OI1405
2013-11-06 09:27:00,7544,7544,7540,7544,2170,269662,163965200.0,OI1405
2013-11-06 09:28:00,7544,7546,7542,7542,942,269586,71166200.0,OI1405
2013-11-06 09:29:00,7544,7546,7542,7544,756,269778,57108240.0,OI1405
2013-11-06 09:30:00,7544,7546,7538,7544,2700,270162,203958000.0,OI1405
2013-11-06 09:31:00,7544,7548,7542,7544,1518,269914,114669720.0,OI1405
2013-11-06 09:32:00,7544,7552,7542,7550,1292,269848,97597680.0,OI1405
2013-11-06 09:33:00,7550,7556,7548,7552,1192,270064,90043680.0,OI1405
2013-11-06 09:34:00,7554,7554,7552,7552,536,269978,40489440.0,OI1405
2013-11-06 09:35:00,7552,7554,7552,7552,154,269976,11633160.0,OI1405
2013-11-06 09:36:00,7552,7554,7550,7552,438,270012,33086520.0,OI1405
2013-11-06 09:37:00,7552,7554,7552,7552,232,269924,17525280.0,OI1405
2013-11-06 09:38:00,7552,7554,7548,7548,812,270230,61338480.0,OI1405
2013-11-06 09:39:00,7548,7554,7548,7552,406,270046,30669240.0,OI1405
2013-11-06 09:40:00,7554,7554,7550,7550,174,270066,13143960.0,OI1405
2013-11-06 09:41:00,7550,7552,7548,7550,484,270030,36561360.0,OI1405
2013-11-06 09:42:00,7548,7552,7548,7550,372,269964,28100880.0,OI1405
2013-11-06 09:43:00,7550,7552,7550,7550,88,269958,6647520.0,OI1405
2013-11-06 09:44:00,7552,7552,7550,7550,136,269936,10273440.0,OI1405
2013-11-06 09:45:00,7550,7554,7548,7552,486,269932,36712440.0,OI1405
2013-11-06 09:46:00,7552,7554,7548,7548,678,269974,51216120.0,OI1405
2013-11-06 09:47:00,7550,7552,7548,7550,390,270152,29460600.0,OI1405
2013-11-06 09:48:00,7550,7554,7550,7552,634,270154,47892360.0,OI1405
2013-11-06 09:49:00,7552,7558,7552,7556,2552,270228,192778080.0,OI1405
2013-11-06 09:50:00,7556,7558,7554,7558,780,270498,58921200.0,OI1405
2013-11-06 09:51:00,7558,7564,7556,7562,1584,270646,119655360.0,OI1405
2013-11-06 09:52:00,7564,7564,7558,7560,1612,270610,121770480.0,OI1405
2013-11-06 09:53:00,7562,7562,7560,7560,652,270672,49252080.0,OI1405
2013-11-06 09:54:00,7560,7564,7560,7562,806,271068,60885240.0,OI1405
2013-11-06 09:55:00,7562,7564,7560,7560,656,271374,49554240.0,OI1405
2013-11-06 09:56:00,7560,7562,7558,7558,274,271330,20697960.0,OI1405
2013-11-06 09:57:00,7558,7562,7556,7562,916,271570,69194640.0,OI1405
2013-11-06 09:58:00,7562,7564,7562,7564,458,271694,34597320.0,OI1405
2013-11-06 09:59:00,7564,7568,7562,7564,1264,271844,95482560.0,OI1405
2013-11-06 10:00:00,7564,7566,7562,7562,916,272300,69194640.0,OI1405
2013-11-06 10:01:00,7562,7564,7560,7562,212,272332,16014480.0,OI1405
2013-11-06 10:02:00,7562,7562,7556,7558,956,272078,72216240.0,OI1405
2013-11-06 10:03:00,7558,7558,7556,7558,278,272052,21000120.0,OI1405
2013-11-06 10:04:00,7558,7560,7556,7560,314,272070,23719560.0,OI1405
2013-11-06 10:05:00,7560,7560,7552,7552,1108,272080,83698320.0,OI1405
2013-11-06 10:06:00,7550,7554,7548,7550,2488,271268,187943520.0,OI1405
2013-11-06 10:07:00,7550,7552,7548,7548,1194,271476,90194760.0,OI1405
2013-11-06 10:08:00,7548,7552,7546,7546,1482,272072,111950280.0,OI1405
2013-11-06 10:09:00,7546,7550,7544,7548,720,271954,54388800.0,OI1405
2013-11-06 10:10:00,7546,7550,7546,7546,698,271888,52726920.0,OI1405
2013-11-06 10:11:00,7546,7548,7544,7546,974,272200,73575960.0,OI1405
2013-11-06 10:12:00,7546,7550,7546,7548,310,272190,23417400.0,OI1405
2013-11-06 10:13:00,7546,7546,7542,7544,1046,272256,79014840.0,OI1405
2013-11-06 10:14:00,7544,7544,7540,7542,994,272440,75086760.0,OI1405
2013-11-06 10:30:00,7540,7544,7540,7544,616,272388,46532640.0,OI1405
2013-11-06 10:31:00,7544,7544,7540,7542,668,272350,50460720.0,OI1405
2013-11-06 10:32:00,7542,7548,7542,7546,548,272426,41395920.0,OI1405
2013-11-06 10:33:00,7546,7548,7546,7548,244,272436,18431760.0,OI1405
2013-11-06 10:34:00,7548,7550,7548,7550,952,272266,71914080.0,OI1405
2013-11-06 10:35:00,7550,7550,7546,7546,330,272374,24928200.0,OI1405
2013-11-06 10:36:00,7546,7548,7544,7546,406,272484,30669240.0,OI1405
2013-11-06 10:37:00,7546,7546,7520,7520,5148,272642,388844000.0,OI1405
2013-11-06 10:38:00,7520,7534,7520,7532,3102,271954,234263040.0,OI1405
2013-11-06 10:39:00,7530,7532,7526,7528,2100,272142,158592000.0,OI1405
2013-11-06 10:40:00,7528,7532,7528,7530,2198,272392,165963600.0,OI1405
2013-11-06 10:41:00,7530,7530,7524,7526,2528,272326,190864000.0,OI1405
2013-11-06 10:42:00,7526,7532,7526,7532,710,272258,53605000.0,OI1405
2013-11-06 10:43:00,7532,7532,7528,7528,450,272312,33975000.0,OI1405
2013-11-06 10:44:00,7528,7530,7526,7528,598,272184,45149000.0,OI1405
2013-11-06 10:45:00,7528,7532,7526,7530,1124,271906,84862000.0,OI1405
2013-11-06 10:46:00,7530,7534,7530,7534,478,271846,36089000.0,OI1405
2013-11-06 10:47:00,7534,7534,7528,7534,558,271732,42129000.0,OI1405
2013-11-06 10:48:00,7534,7536,7530,7534,524,271676,39562000.0,OI1405
2013-11-06 10:49:00,7534,7536,7532,7534,414,271712,31257000.0,OI1405
2013-11-06 10:50:00,7532,7534,7530,7530,500,271584,37750000.0,OI1405
2013-11-06 10:51:00,7530,7530,7528,7530,430,271638,32465000.0,OI1405
2013-11-06 10:52:00,7532,7532,7528,7530,200,271594,15100000.0,OI1405
2013-11-06 10:53:00,7530,7532,7528,7528,198,271542,14949000.0,OI1405
2013-11-06 10:54:00,7528,7530,7526,7528,750,271560,56616000.0,OI1405
2013-11-06 10:55:00,7530,7530,7528,7528,618,271604,46646640.0,OI1405
2013-11-06 10:56:00,7528,7530,7526,7526,810,271692,61138800.0,OI1405
2013-11-06 10:57:00,7528,7532,7528,7532,988,271546,74574240.0,OI1405
2013-11-06 10:58:00,7532,7534,7530,7532,408,271400,30795840.0,OI1405
2013-11-06 10:59:00,7532,7534,7530,7530,404,271534,30493920.0,OI1405
2013-11-06 11:00:00,7528,7530,7524,7528,736,271236,55553280.0,OI1405
2013-11-06 11:01:00,7528,7530,7524,7526,512,271042,38645760.0,OI1405
2013-11-06 11:02:00,7526,7530,7526,7528,408,270992,30795840.0,OI1405
2013-11-06 11:03:00,7528,7530,7526,7528,170,270982,12831600.0,OI1405
2013-11-06 11:04:00,7526,7528,7526,7528,318,270902,24002640.0,OI1405
2013-11-06 11:05:00,7526,7528,7524,7528,472,270818,35626560.0,OI1405
2013-11-06 11:06:00,7528,7532,7524,7532,838,271178,63252240.0,OI1405
2013-11-06 11:07:00,7532,7532,7530,7532,292,271172,22040160.0,OI1405
2013-11-06 11:08:00,7532,7534,7532,7532,724,271394,54647520.0,OI1405
2013-11-06 11:09:00,7534,7538,7534,7536,994,271270,75027120.0,OI1405
2013-11-06 11:10:00,7536,7536,7532,7534,1052,271298,79404960.0,OI1405
2013-11-06 11:11:00,7534,7534,7530,7532,466,271498,35173680.0,OI1405
2013-11-06 11:12:00,7532,7534,7530,7532,332,271300,25059360.0,OI1405
2013-11-06 11:13:00,7534,7534,7528,7528,264,271398,19926720.0,OI1405
2013-11-06 11:14:00,7528,7530,7524,7526,1156,271172,87254880.0,OI1405
2013-11-06 11:15:00,7528,7528,7522,7524,1736,270940,131011160.0,OI1405
2013-11-06 11:16:00,7522,7524,7516,7522,3076,270670,232114960.0,OI1405
2013-11-06 11:17:00,7522,7524,7518,7522,1024,270748,77271040.0,OI1405
2013-11-06 11:18:00,7522,7524,7520,7520,740,270980,55840400.0,OI1405
2013-11-06 11:19:00,7520,7524,7518,7522,1172,270974,88439120.0,OI1405
2013-11-06 11:20:00,7522,7522,7518,7520,1204,270654,90853840.0,OI1405
2013-11-06 11:21:00,7518,7522,7516,7520,1020,270718,76969200.0,OI1405
2013-11-06 11:22:00,7522,7526,7520,7526,832,270870,62782720.0,OI1405
2013-11-06 11:23:00,7526,7526,7520,7522,426,270844,32145960.0,OI1405
2013-11-06 11:24:00,7522,7526,7522,7526,410,270896,30930880.0,OI1405
2013-11-06 11:25:00,7524,7526,7522,7526,946,270952,71366240.0,OI1405
2013-11-06 11:26:00,7524,7526,7522,7526,308,271020,23235520.0,OI1405
2013-11-06 11:27:00,7526,7526,7518,7520,1080,271304,81475200.0,OI1405
2013-11-06 11:28:00,7518,7520,7514,7518,2460,271864,185582400.0,OI1405
2013-11-06 11:29:00,7516,7520,7516,7518,838,271964,63218720.0,OI1405
2013-11-06 13:30:00,7520,7524,7520,7520,1666,272402,125683040.0,OI1405
2013-11-06 13:31:00,7520,7526,7518,7524,804,272530,60653760.0,OI1405
2013-11-06 13:32:00,7524,7534,7524,7530,1606,272608,121156640.0,OI1405
2013-11-06 13:33:00,7530,7532,7528,7530,1070,273060,80720800.0,OI1405
2013-11-06 13:34:00,7532,7534,7528,7530,1006,273096,75892640.0,OI1405
2013-11-06 13:35:00,7530,7532,7530,7530,350,273084,26404000.0,OI1405
2013-11-06 13:36:00,7532,7532,7530,7530,196,273152,14786240.0,OI1405
2013-11-06 13:37:00,7530,7530,7526,7526,686,273148,51751840.0,OI1405
2013-11-06 13:38:00,7528,7528,7524,7526,832,273092,62766080.0,OI1405
2013-11-06 13:39:00,7528,7528,7526,7528,250,273192,18859360.0,OI1405
2013-11-06 13:40:00,7528,7528,7526,7528,120,273212,9050400.0,OI1405
2013-11-06 13:41:00,7528,7530,7528,7530,210,273248,15838200.0,OI1405
2013-11-06 13:42:00,7530,7532,7530,7532,436,273276,32883120.0,OI1405
2013-11-06 13:43:00,7532,7532,7530,7530,512,273264,38615040.0,OI1405
2013-11-06 13:44:00,7530,7532,7528,7532,130,273278,9804600.0,OI1405
2013-11-06 13:45:00,7532,7532,7530,7532,154,273280,11614680.0,OI1405
2013-11-06 13:46:00,7532,7532,7528,7528,420,273358,31676400.0,OI1405
2013-11-06 13:47:00,7528,7532,7528,7530,316,273352,23832720.0,OI1405
2013-11-06 13:48:00,7530,7532,7528,7530,242,273336,18251640.0,OI1405
2013-11-06 13:49:00,7530,7532,7530,7530,300,273352,22626000.0,OI1405
2013-11-06 13:50:00,7530,7530,7528,7530,104,273352,7843680.0,OI1405
2013-11-06 13:51:00,7528,7530,7528,7530,34,273354,2564280.0,OI1405
2013-11-06 13:52:00,7530,7536,7528,7536,1122,273144,84621240.0,OI1405
2013-11-06 13:53:00,7536,7542,7534,7540,2234,273170,168488280.0,OI1405
2013-11-06 13:54:00,7540,7542,7538,7540,1760,273082,132739200.0,OI1405
2013-11-06 13:55:00,7540,7540,7536,7538,534,273052,40274280.0,OI1405
2013-11-06 13:56:00,7536,7538,7534,7534,432,272952,32581440.0,OI1405
2013-11-06 13:57:00,7536,7536,7532,7534,480,273078,36201600.0,OI1405
2013-11-06 13:58:00,7536,7536,7534,7534,248,273040,18704160.0,OI1405
2013-11-06 13:59:00,7534,7534,7528,7530,908,273428,68481360.0,OI1405
2013-11-06 14:00:00,7530,7534,7530,7534,1432,273928,108001440.0,OI1405
2013-11-06 14:01:00,7534,7536,7532,7534,588,274088,44346960.0,OI1405
2013-11-06 14:02:00,7532,7534,7526,7528,1264,273900,95330880.0,OI1405
2013-11-06 14:03:00,7528,7530,7526,7526,934,273846,70442280.0,OI1405
2013-11-06 14:04:00,7526,7526,7520,7520,968,273676,73006560.0,OI1405
2013-11-06 14:05:00,7520,7526,7520,7526,702,273734,52944840.0,OI1405
2013-11-06 14:06:00,7526,7526,7522,7522,750,273942,56565000.0,OI1405
2013-11-06 14:07:00,7524,7524,7522,7524,410,273930,30922200.0,OI1405
2013-11-06 14:08:00,7524,7524,7520,7522,678,273880,51134760.0,OI1405
2013-11-06 14:09:00,7524,7524,7520,7520,406,273860,30620520.0,OI1405
2013-11-06 14:10:00,7522,7522,7518,7518,768,273782,57922560.0,OI1405
2013-11-06 14:11:00,7518,7522,7516,7520,988,273596,74514960.0,OI1405
2013-11-06 14:12:00,7522,7522,7518,7518,880,273204,66369600.0,OI1405
2013-11-06 14:13:00,7520,7520,7518,7518,708,273138,53397360.0,OI1405
2013-11-06 14:14:00,7520,7520,7516,7516,1494,273646,112677480.0,OI1405
2013-11-06 14:15:00,7516,7518,7506,7514,4050,272536,305385440.0,OI1405
2013-11-06 14:16:00,7516,7518,7512,7514,984,272244,74193600.0,OI1405
2013-11-06 14:17:00,7514,7514,7512,7512,342,272134,25786800.0,OI1405
2013-11-06 14:18:00,7512,7518,7512,7518,1076,272164,81130400.0,OI1405
2013-11-06 14:19:00,7516,7520,7516,7518,994,272050,74947600.0,OI1405
2013-11-06 14:20:00,7520,7522,7518,7522,578,272288,43581200.0,OI1405
2013-11-06 14:21:00,7522,7522,7518,7520,388,272380,29255200.0,OI1405
2013-11-06 14:22:00,7520,7522,7518,7520,354,272292,26691600.0,OI1405
2013-11-06 14:23:00,7520,7522,7520,7522,236,272352,17794400.0,OI1405
2013-11-06 14:24:00,7522,7522,7516,7516,192,272368,14476800.0,OI1405
2013-11-06 14:25:00,7516,7518,7516,7518,214,272302,16135600.0,OI1405
2013-11-06 14:26:00,7518,7520,7516,7520,314,272282,23675600.0,OI1405
2013-11-06 14:27:00,7520,7520,7516,7516,178,272298,13421200.0,OI1405
2013-11-06 14:28:00,7516,7518,7516,7516,220,272142,16588000.0,OI1405
2013-11-06 14:29:00,7518,7518,7516,7518,424,272080,31969600.0,OI1405
2013-11-06 14:30:00,7516,7518,7516,7518,102,272016,7690800.0,OI1405
2013-11-06 14:31:00,7518,7518,7514,7514,194,271996,14627600.0,OI1405
2013-11-06 14:32:00,7514,7518,7514,7516,150,272000,11310000.0,OI1405
2013-11-06 14:33:00,7518,7522,7518,7522,776,272342,58510400.0,OI1405
2013-11-06 14:34:00,7520,7524,7520,7522,840,272426,63336000.0,OI1405
2013-11-06 14:35:00,7524,7524,7520,7522,252,272418,19000800.0,OI1405
2013-11-06 14:36:00,7520,7522,7520,7520,74,272414,5579600.0,OI1405
2013-11-06 14:37:00,7520,7522,7518,7518,394,272438,29707600.0,OI1405
2013-11-06 14:38:00,7520,7522,7518,7522,118,272410,8897200.0,OI1405
2013-11-06 14:39:00,7522,7522,7520,7522,154,272366,11611600.0,OI1405
2013-11-06 14:40:00,7522,7522,7520,7522,72,272346,5428800.0,OI1405
2013-11-06 14:41:00,7522,7522,7520,7522,338,272284,25485200.0,OI1405
2013-11-06 14:42:00,7522,7524,7520,7520,370,272398,27898000.0,OI1405
2013-11-06 14:43:00,7522,7522,7520,7522,230,272364,17342000.0,OI1405
2013-11-06 14:44:00,7522,7526,7520,7526,1386,272026,104504400.0,OI1405
2013-11-06 14:45:00,7526,7526,7520,7524,1622,272262,122291680.0,OI1405
2013-11-06 14:46:00,7522,7524,7520,7522,242,272282,18241960.0,OI1405
2013-11-06 14:47:00,7522,7522,7520,7522,92,272274,6934960.0,OI1405
2013-11-06 14:48:00,7522,7524,7520,7524,234,272148,17638920.0,OI1405
2013-11-06 14:49:00,7522,7522,7520,7522,170,272106,12814600.0,OI1405
2013-11-06 14:50:00,7522,7526,7522,7524,548,271920,41308240.0,OI1405
2013-11-06 14:51:00,7524,7526,7522,7524,500,271854,37690000.0,OI1405
2013-11-06 14:52:00,7522,7524,7522,7524,338,271778,25478440.0,OI1405
2013-11-06 14:53:00,7524,7524,7520,7520,784,271726,59097920.0,OI1405
2013-11-06 14:54:00,7522,7522,7516,7516,568,271564,42815840.0,OI1405
2013-11-06 14:55:00,7518,7520,7516,7518,572,271374,43117360.0,OI1405
2013-11-06 14:56:00,7516,7516,7512,7514,1274,270884,96034120.0,OI1405
2013-11-06 14:57:00,7512,7514,7510,7512,1588,270594,119703440.0,OI1405
2013-11-06 14:58:00,7512,7512,7508,7510,2276,269756,171564880.0,OI1405
2013-11-06 14:59:00,7510,7510,7482,7482,7516,267364,566506560.0,OI1405
2013-11-07 09:00:00,7458,7478,7458,7470,6844,267880,510826680.0,OI1405
2013-11-07 09:01:00,7470,7472,7458,7472,4118,267576,307532240.0,OI1405
2013-11-07 09:02:00,7472,7472,7456,7462,3708,267588,276879880.0,OI1405
2013-11-07 09:03:00,7460,7464,7454,7462,4372,268290,326369440.0,OI1405
2013-11-07 09:04:00,7464,7472,7462,7472,2216,267758,165402240.0,OI1405
2013-11-07 09:05:00,7474,7480,7468,7474,2688,268194,200666000.0,OI1405
2013-11-07 09:06:00,7476,7478,7472,7478,1376,268472,102732160.0,OI1405
2013-11-07 09:07:00,7478,7478,7472,7474,1732,268554,129311120.0,OI1405
2013-11-07 09:08:00,7474,7480,7474,7478,1682,268726,125600880.0,OI1405
2013-11-07 09:09:00,7478,7478,7470,7470,1956,268746,146074080.0,OI1405
2013-11-07 09:10:00,7472,7474,7462,7464,1978,269056,147717040.0,OI1405
2013-11-07 09:11:00,7466,7472,7464,7468,1224,269514,91408320.0,OI1405
2013-11-07 09:12:00,7466,7476,7464,7476,1004,269846,74978720.0,OI1405
2013-11-07 09:13:00,7474,7476,7468,7472,630,270006,47048400.0,OI1405
2013-11-07 09:14:00,7472,7472,7468,7472,946,270158,70647280.0,OI1405
2013-11-07 09:15:00,7472,7476,7470,7476,1182,269986,88271760.0,OI1405
2013-11-07 09:16:00,7476,7476,7472,7476,900,270002,67212000.0,OI1405
2013-11-07 09:17:00,7476,7476,7472,7474,820,269718,61237600.0,OI1405
2013-11-07 09:18:00,7472,7472,7466,7468,1158,269598,86479440.0,OI1405
2013-11-07 09:19:00,7468,7470,7466,7466,692,269566,51678560.0,OI1405
2013-11-07 09:20:00,7466,7468,7462,7462,1270,269362,94843600.0,OI1405
2013-11-07 09:21:00,7462,7466,7462,7464,838,269248,62581840.0,OI1405
2013-11-07 09:22:00,7464,7468,7462,7468,856,269368,63926080.0,OI1405
2013-11-07 09:23:00,7468,7470,7466,7466,180,269390,13442400.0,OI1405
2013-11-07 09:24:00,7466,7470,7464,7468,284,269364,21209120.0,OI1405
2013-11-07 09:25:00,7470,7484,7468,7480,3524,268616,263172320.0,OI1405
2013-11-07 09:26:00,7480,7480,7474,7476,1724,268092,128781880.0,OI1405
2013-11-07 09:27:00,7476,7482,7474,7478,1046,268150,78136200.0,OI1405
2013-11-07 09:28:00,7476,7480,7476,7480,520,268126,38844000.0,OI1405
2013-11-07 09:29:00,7480,7482,7478,7478,658,268180,49152600.0,OI1405
2013-11-07 09:30:00,7478,7478,7474,7474,526,268226,39292200.0,OI1405
2013-11-07 09:31:00,7474,7476,7474,7474,206,268260,15388200.0,OI1405
2013-11-07 09:32:00,7474,7478,7474,7476,448,268240,33465600.0,OI1405
2013-11-07 09:33:00,7476,7478,7474,7478,348,268282,25995600.0,OI1405
2013-11-07 09:34:00,7474,7476,7472,7474,1198,268078,89490600.0,OI1405
2013-11-07 09:35:00,7474,7476,7472,7474,344,268058,25696800.0,OI1405
2013-11-07 09:36:00,7472,7474,7466,7470,2108,267918,157467600.0,OI1405
2013-11-07 09:37:00,7470,7472,7468,7472,352,267876,26294400.0,OI1405
2013-11-07 09:38:00,7472,7472,7470,7472,178,267830,13296600.0,OI1405
2013-11-07 09:39:00,7472,7472,7466,7466,928,268128,69321600.0,OI1405
2013-11-07 09:40:00,7466,7468,7462,7466,1006,268014,75148200.0,OI1405
2013-11-07 09:41:00,7466,7466,7464,7466,568,267952,42429600.0,OI1405
2013-11-07 09:42:00,7466,7472,7466,7472,2104,267916,157168800.0,OI1405
2013-11-07 09:43:00,7470,7472,7470,7472,792,267716,59162400.0,OI1405
2013-11-07 09:44:00,7472,7476,7470,7474,970,267740,72459000.0,OI1405
2013-11-07 09:45:00,7474,7474,7472,7474,602,267920,44969400.0,OI1405
2013-11-07 09:46:00,7474,7476,7472,7472,662,268124,49451400.0,OI1405
2013-11-07 09:47:00,7472,7476,7472,7474,654,267798,48853800.0,OI1405
2013-11-07 09:48:00,7474,7474,7472,7474,390,267952,29133000.0,OI1405
2013-11-07 09:49:00,7474,7474,7472,7472,206,267916,15388200.0,OI1405
2013-11-07 09:50:00,7472,7474,7470,7472,296,267776,22111200.0,OI1405
2013-11-07 09:51:00,7472,7474,7472,7472,98,267712,7320600.0,OI1405
2013-11-07 09:52:00,7472,7478,7472,7478,776,267808,57967200.0,OI1405
2013-11-07 09:53:00,7478,7478,7476,7476,502,267920,37499400.0,OI1405
2013-11-07 09:54:00,7476,7480,7476,7480,530,267916,39591000.0,OI1405
2013-11-07 09:55:00,7478,7480,7476,7478,802,267844,59909400.0,OI1405
2013-11-07 09:56:00,7476,7478,7476,7476,316,267738,23605200.0,OI1405
2013-11-07 09:57:00,7476,7478,7474,7474,748,267936,55875600.0,OI1405
2013-11-07 09:58:00,7476,7476,7470,7470,1382,268336,103235400.0,OI1405
2013-11-07 09:59:00,7470,7470,7466,7468,980,268212,73206000.0,OI1405
2013-11-07 10:00:00,7470,7472,7468,7472,770,268272,57519000.0,OI1405
2013-11-07 10:01:00,7470,7472,7468,7468,212,268346,15836400.0,OI1405
2013-11-07 10:02:00,7468,7472,7468,7470,234,268282,17479800.0,OI1405
2013-11-07 10:03:00,7470,7472,7470,7472,210,268324,15687000.0,OI1405
2013-11-07 10:04:00,7472,7474,7464,7468,1156,268740,86353200.0,OI1405
2013-11-07 10:05:00,7466,7470,7466,7470,240,268646,17928000.0,OI1405
2013-11-07 10:06:00,7468,7472,7468,7472,284,268688,21214800.0,OI1405
2013-11-07 10:07:00,7472,7474,7472,7474,226,268640,16882200.0,OI1405
2013-11-07 10:08:00,7476,7476,7472,7474,362,268692,27041400.0,OI1405
2013-11-07 10:09:00,7474,7476,7472,7474,322,268622,24053400.0,OI1405
2013-11-07 10:10:00,7476,7476,7474,7474,282,268588,21065400.0,OI1405
2013-11-07 10:11:00,7474,7478,7474,7476,566,268804,42280200.0,OI1405
2013-11-07 10:12:00,7476,7476,7474,7474,328,268676,24501600.0,OI1405
2013-11-07 10:13:00,7474,7476,7474,7474,208,268720,15537600.0,OI1405
2013-11-07 10:14:00,7476,7476,7474,7476,118,268656,8814600.0,OI1405
2013-11-07 10:30:00,7476,7478,7476,7478,506,268722,37798200.0,OI1405
2013-11-07 10:31:00,7476,7478,7476,7478,746,269118,55726200.0,OI1405
2013-11-07 10:32:00,7476,7480,7476,7480,576,269042,43027200.0,OI1405
2013-11-07 10:33:00,7478,7480,7472,7474,1486,269474,111004200.0,OI1405
2013-11-07 10:34:00,7476,7476,7474,7476,230,269502,17181000.0,OI1405
2013-11-07 10:35:00,7478,7478,7476,7476,336,269682,25099200.0,OI1405
2013-11-07 10:36:00,7476,7476,7474,7476,252,269608,18824400.0,OI1405
2013-11-07 10:37:00,7478,7486,7476,7486,1596,270026,119247840.0,OI1405
2013-11-07 10:38:00,7486,7488,7482,7484,1132,270120,84583040.0,OI1405
2013-11-07 10:39:00,7486,7492,7484,7490,1734,270430,129564480.0,OI1405
2013-11-07 10:40:00,7490,7490,7488,7490,666,270398,49763520.0,OI1405
2013-11-07 10:41:00,7488,7492,7486,7488,1496,270468,111781120.0,OI1405
2013-11-07 10:42:00,7488,7490,7486,7490,252,270414,18829440.0,OI1405
2013-11-07 10:43:00,7490,7492,7488,7492,1174,270468,87721280.0,OI1405
2013-11-07 10:44:00,7492,7494,7488,7488,492,270458,36762240.0,OI1405
2013-11-07 10:45:00,7488,7492,7488,7492,410,270380,30635200.0,OI1405
2013-11-07 10:46:00,7490,7492,7490,7492,764,270430,57086080.0,OI1405
2013-11-07 10:47:00,7492,7492,7488,7488,286,270460,21369920.0,OI1405
2013-11-07 10:48:00,7490,7492,7490,7492,534,270764,39900480.0,OI1405
2013-11-07 10:49:00,7492,7494,7490,7494,476,270802,35573080.0,OI1405
2013-11-07 10:50:00,7492,7496,7490,7494,1440,270726,107625600.0,OI1405
2013-11-07 10:51:00,7496,7498,7494,7496,1412,271144,105532880.0,OI1405
2013-11-07 10:52:00,7498,7500,7496,7500,1896,271352,141707040.0,OI1405
2013-11-07 10:53:00,7500,7504,7498,7498,1866,271554,139464840.0,OI1405
2013-11-07 10:54:00,7500,7504,7498,7498,1392,271738,104047040.0,OI1405
2013-11-07 10:55:00,7498,7502,7492,7494,2150,272054,160734000.0,OI1405
2013-11-07 10:56:00,7494,7502,7494,7500,1228,272114,91805280.0,OI1405
2013-11-07 10:57:00,7500,7508,7500,7506,2438,272196,182264880.0,OI1405
2013-11-07 10:58:00,7506,7506,7502,7506,1678,272240,125447280.0,OI1405
2013-11-07 10:59:00,7504,7506,7502,7504,1186,272104,88683920.0,OI1405
2013-11-07 11:00:00,7502,7504,7498,7500,844,272200,63114320.0,OI1405
2013-11-07 11:01:00,7500,7504,7498,7502,922,272010,68947160.0,OI1405
2013-11-07 11:02:00,7502,7504,7500,7500,278,272136,20788840.0,OI1405
2013-11-07 11:03:00,7502,7502,7498,7498,1624,272198,121442720.0,OI1405
2013-11-07 11:04:00,7498,7500,7498,7498,576,272110,43073280.0,OI1405
2013-11-07 11:05:00,7498,7498,7494,7494,1216,271970,90932480.0,OI1405
2013-11-07 11:06:00,7494,7498,7494,7498,538,272010,40231640.0,OI1405
2013-11-07 11:07:00,7498,7498,7496,7498,166,271980,12413480.0,OI1405
2013-11-07 11:08:00,7496,7498,7496,7498,384,271922,28715520.0,OI1405
2013-11-07 11:09:00,7498,7498,7494,7494,592,272114,44269760.0,OI1405
2013-11-07 11:10:00,7496,7500,7494,7498,408,272028,30510240.0,OI1405
2013-11-07 11:11:00,7496,7498,7496,7496,108,271998,8076240.0,OI1405
2013-11-07 11:12:00,7496,7500,7496,7500,520,272108,38885600.0,OI1405
2013-11-07 11:13:00,7500,7502,7496,7498,296,272050,22134880.0,OI1405
2013-11-07 11:14:00,7500,7500,7498,7498,130,272096,9721400.0,OI1405
2013-11-07 11:15:00,7498,7498,7496,7496,602,272090,45017560.0,OI1405
2013-11-07 11:16:00,7496,7496,7494,7496,718,272136,53692040.0,OI1405
2013-11-07 11:17:00,7496,7496,7494,7496,170,272180,12715560.0,OI1405
2013-11-07 11:18:00,7496,7500,7496,7498,426,272236,31864800.0,OI1405
2013-11-07 11:19:00,7498,7500,7498,7500,60,272230,4488000.0,OI1405
2013-11-07 11:20:00,7500,7502,7498,7502,684,272310,51163200.0,OI1405
2013-11-07 11:21:00,7500,7506,7500,7506,870,271966,65076000.0,OI1405
2013-11-07 11:22:00,7506,7506,7502,7504,852,271800,63729600.0,OI1405
2013-11-07 11:23:00,7504,7506,7504,7504,362,271764,27077600.0,OI1405
2013-11-07 11:24:00,7506,7506,7502,7502,644,272048,48171200.0,OI1405
2013-11-07 11:25:00,7504,7506,7502,7502,360,272034,26928000.0,OI1405
2013-11-07 11:26:00,7504,7504,7502,7504,340,271952,25432000.0,OI1405
2013-11-07 11:27:00,7504,7504,7500,7500,392,271834,29321600.0,OI1405
2013-11-07 11:28:00,7502,7506,7500,7506,1086,271720,81232800.0,OI1405
2013-11-07 11:29:00,7508,7508,7504,7504,990,271618,74052000.0,OI1405
2013-11-07 13:30:00,7504,7504,7482,7488,4520,271550,338096000.0,OI1405
2013-11-07 13:31:00,7486,7490,7486,7490,1430,271774,106964000.0,OI1405
2013-11-07 13:32:00,7490,7494,7490,7492,1214,272070,90807200.0,OI1405
2013-11-07 13:33:00,7494,7494,7486,7488,1954,272552,146193160.0,OI1405
2013-11-07 13:34:00,7488,7488,7484,7486,1094,272422,81853080.0,OI1405
2013-11-07 13:35:00,7488,7490,7488,7490,996,272762,74520720.0,OI1405
2013-11-07 13:36:00,7490,7490,7488,7488,718,272990,53720760.0,OI1405
2013-11-07 13:37:00,7488,7490,7486,7488,636,273220,47585520.0,OI1405
2013-11-07 13:38:00,7486,7488,7484,7486,1090,273546,81553800.0,OI1405
2013-11-07 13:39:00,7488,7490,7486,7490,246,273632,18405720.0,OI1405
2013-11-07 13:40:00,7488,7490,7486,7488,512,273650,38307840.0,OI1405
2013-11-07 13:41:00,7488,7488,7488,7488,488,273542,36512160.0,OI1405
2013-11-07 13:42:00,7488,7492,7488,7492,522,273646,39056040.0,OI1405
2013-11-07 13:43:00,7492,7492,7488,7488,674,273626,50428680.0,OI1405
2013-11-07 13:44:00,7488,7488,7486,7488,146,273650,10923720.0,OI1405
2013-11-07 13:45:00,7488,7488,7484,7484,780,273664,58359600.0,OI1405
2013-11-07 13:46:00,7484,7484,7472,7474,2722,273260,203660040.0,OI1405
2013-11-07 13:47:00,7474,7474,7466,7470,2338,273064,174929160.0,OI1405
2013-11-07 13:48:00,7470,7474,7470,7472,1776,272616,132880320.0,OI1405
2013-11-07 13:49:00,7472,7474,7472,7474,882,272176,65991240.0,OI1405
2013-11-07 13:50:00,7472,7476,7472,7476,500,272122,37410000.0,OI1405
2013-11-07 13:51:00,7476,7480,7474,7480,1102,272266,82451640.0,OI1405
2013-11-07 13:52:00,7478,7486,7478,7486,1264,272024,94572480.0,OI1405
2013-11-07 13:53:00,7486,7486,7482,7484,1160,272274,86791200.0,OI1405
2013-11-07 13:54:00,7484,7492,7484,7490,1672,272294,125099040.0,OI1405
2013-11-07 13:55:00,7490,7498,7490,7494,2038,272464,152483160.0,OI1405
2013-11-07 13:56:00,7492,7494,7490,7492,734,272400,54917880.0,OI1405
2013-11-07 13:57:00,7490,7494,7488,7488,966,272636,72276120.0,OI1405
2013-11-07 13:58:00,7490,7490,7486,7486,556,272644,41599920.0,OI1405
2013-11-07 13:59:00,7486,7488,7486,7486,360,272686,26935200.0,OI1405
2013-11-07 14:00:00,7488,7490,7486,7488,762,273064,57012840.0,OI1405
2013-11-07 14:01:00,7488,7490,7488,7490,414,273088,30975480.0,OI1405
2013-11-07 14:02:00,7490,7490,7488,7490,52,273112,3890640.0,OI1405
2013-11-07 14:03:00,7490,7492,7486,7486,696,273170,52074720.0,OI1405
2013-11-07 14:04:00,7486,7486,7484,7484,286,273248,21398520.0,OI1405
2013-11-07 14:05:00,7484,7486,7482,7484,364,273100,27234480.0,OI1405
2013-11-07 14:06:00,7484,7484,7482,7482,370,273150,27683400.0,OI1405
2013-11-07 14:07:00,7482,7482,7480,7482,276,273094,20650320.0,OI1405
2013-11-07 14:08:00,7482,7484,7480,7482,290,273170,21697800.0,OI1405
2013-11-07 14:09:00,7482,7482,7478,7480,1138,272976,85145160.0,OI1405
2013-11-07 14:10:00,7480,7480,7478,7478,216,272998,16161120.0,OI1405
2013-11-07 14:11:00,7480,7482,7478,7480,566,272992,42348120.0,OI1405
2013-11-07 14:12:00,7480,7482,7478,7478,346,272996,25887720.0,OI1405
2013-11-07 14:13:00,7478,7480,7478,7480,108,272954,8080560.0,OI1405
2013-11-07 14:14:00,7480,7480,7478,7480,376,272878,28132320.0,OI1405
2013-11-07 14:15:00,7480,7484,7478,7482,500,272942,37410000.0,OI1405
2013-11-07 14:16:00,7482,7482,7480,7480,394,272986,29479080.0,OI1405
2013-11-07 14:17:00,7480,7480,7478,7480,256,272886,19153920.0,OI1405
2013-11-07 14:18:00,7478,7486,7478,7484,472,272804,35315040.0,OI1405
2013-11-07 14:19:00,7484,7488,7484,7486,442,272966,33070440.0,OI1405
2013-11-07 14:20:00,7486,7486,7484,7484,206,273072,15412920.0,OI1405
2013-11-07 14:21:00,7484,7490,7484,7490,584,273168,43694880.0,OI1405
2013-11-07 14:22:00,7490,7490,7486,7488,708,273260,52972560.0,OI1405
2013-11-07 14:23:00,7490,7492,7488,7490,1264,272856,94572480.0,OI1405
2013-11-07 14:24:00,7492,7492,7488,7492,304,272756,22745280.0,OI1405
2013-11-07 14:25:00,7492,7492,7488,7488,704,272690,52673280.0,OI1405
2013-11-07 14:26:00,7490,7490,7488,7490,208,272720,15562560.0,OI1405
2013-11-07 14:27:00,7490,7490,7488,7488,80,272744,5985600.0,OI1405
2013-11-07 14:28:00,7488,7488,7486,7486,260,272868,19453200.0,OI1405
2013-11-07 14:29:00,7486,7490,7486,7488,266,272946,19902120.0,OI1405
2013-11-07 14:30:00,7490,7492,7488,7492,408,272950,30526560.0,OI1405
2013-11-07 14:31:00,7492,7492,7490,7492,128,272960,9576960.0,OI1405
2013-11-07 14:32:00,7492,7492,7490,7492,214,272926,16011480.0,OI1405
2013-11-07 14:33:00,7490,7492,7486,7486,1292,273240,96667440.0,OI1405
2013-11-07 14:34:00,7486,7486,7476,7478,2044,272840,152932080.0,OI1405
2013-11-07 14:35:00,7476,7482,7476,7482,908,272804,67936560.0,OI1405
2013-11-07 14:36:00,7480,7482,7478,7478,686,272874,51326520.0,OI1405
2013-11-07 14:37:00,7478,7480,7478,7480,1088,272900,81404160.0,OI1405
2013-11-07 14:38:00,7480,7482,7478,7480,220,272974,16460400.0,OI1405
2013-11-07 14:39:00,7480,7480,7476,7478,478,272878,35763960.0,OI1405
2013-11-07 14:40:00,7476,7478,7474,7474,630,272928,47136600.0,OI1405
2013-11-07 14:41:00,7474,7476,7472,7472,970,272956,72575400.0,OI1405
2013-11-07 14:42:00,7472,7474,7466,7470,3446,272370,257829720.0,OI1405
2013-11-07 14:43:00,7470,7470,7462,7464,3100,271826,231942000.0,OI1405
2013-11-07 14:44:00,7464,7468,7464,7466,1038,271470,77663160.0,OI1405
2013-11-07 14:45:00,7468,7470,7462,7466,1936,271116,144851520.0,OI1405
2013-11-07 14:46:00,7464,7468,7464,7468,850,271484,63594640.0,OI1405
2013-11-07 14:47:00,7468,7468,7464,7466,536,271694,40092800.0,OI1405
2013-11-07 14:48:00,7466,7470,7466,7468,582,271426,43533600.0,OI1405
2013-11-07 14:49:00,7470,7472,7468,7472,676,271074,50564800.0,OI1405
2013-11-07 14:50:00,7472,7474,7468,7468,778,270914,58194400.0,OI1405
2013-11-07 14:51:00,7468,7470,7466,7470,608,270812,45478400.0,OI1405
2013-11-07 14:52:00,7468,7470,7464,7466,1356,271024,101428800.0,OI1405
2013-11-07 14:53:00,7464,7466,7458,7462,2992,270634,223801600.0,OI1405
2013-11-07 14:54:00,7458,7464,7458,7458,1672,270222,125065600.0,OI1405
2013-11-07 14:55:00,7460,7462,7458,7460,2098,269908,156930400.0,OI1405
2013-11-07 14:56:00,7460,7462,7458,7462,1194,269856,89311200.0,OI1405
2013-11-07 14:57:00,7462,7466,7460,7464,1178,269604,88114400.0,OI1405
2013-11-07 14:58:00,7464,7464,7460,7462,2030,269234,151844000.0,OI1405
2013-11-07 14:59:00,7460,7462,7458,7460,2164,268714,161867200.0,OI1405
2013-11-08 09:00:00,7450,7466,7450,7458,3540,268222,263916560.0,OI1405
2013-11-08 09:01:00,7460,7470,7458,7468,1810,268130,135028640.0,OI1405
2013-11-08 09:02:00,7468,7478,7468,7478,2112,267910,157614760.0,OI1405
2013-11-08 09:03:00,7478,7484,7474,7478,3476,267142,259540240.0,OI1405
2013-11-08 09:04:00,7478,7478,7474,7476,1364,267000,101889880.0,OI1405
2013-11-08 09:05:00,7476,7480,7474,7478,1048,266854,78285600.0,OI1405
2013-11-08 09:06:00,7478,7484,7478,7480,1678,267210,125366080.0,OI1405
2013-11-08 09:07:00,7480,7480,7474,7478,2958,266702,221021760.0,OI1405
2013-11-08 09:08:00,7480,7480,7474,7478,626,266642,46774720.0,OI1405
2013-11-08 09:09:00,7478,7478,7470,7470,1980,266244,147981120.0,OI1405
2013-11-08 09:10:00,7470,7470,7466,7468,1588,265984,118662160.0,OI1405
2013-11-08 09:11:00,7468,7472,7466,7468,1660,265680,124035200.0,OI1405
2013-11-08 09:12:00,7468,7470,7466,7468,766,265692,57235520.0,OI1405
2013-11-08 09:13:00,7468,7474,7468,7470,668,265564,49912960.0,OI1405
2013-11-08 09:14:00,7470,7472,7468,7470,390,265546,29140800.0,OI1405
2013-11-08 09:15:00,7470,7482,7468,7482,1146,265636,85629120.0,OI1405
2013-11-08 09:16:00,7480,7484,7476,7476,1806,265676,134944320.0,OI1405
2013-11-08 09:17:00,7478,7484,7476,7482,1200,265408,89687960.0,OI1405
2013-11-08 09:18:00,7484,7494,7484,7488,3848,265794,287611960.0,OI1405
2013-11-08 09:19:00,7488,7492,7488,7488,2000,265820,149520000.0,OI1405
2013-11-08 09:20:00,7490,7492,7486,7488,2348,266520,175536480.0,OI1405
2013-11-08 09:21:00,7488,7490,7486,7490,1214,266670,90777080.0,OI1405
2013-11-08 09:22:00,7490,7492,7486,7488,944,266746,70592320.0,OI1405
2013-11-08 09:23:00,7488,7488,7482,7486,1002,267056,74929560.0,OI1405
2013-11-08 09:24:00,7484,7486,7484,7484,248,267048,18545440.0,OI1405
2013-11-08 09:25:00,7484,7486,7482,7482,1280,267392,95718400.0,OI1405
2013-11-08 09:26:00,7482,7484,7482,7484,386,267452,28865080.0,OI1405
2013-11-08 09:27:00,7484,7486,7482,7486,620,267402,46363600.0,OI1405
2013-11-08 09:28:00,7486,7486,7482,7484,602,267666,45017560.0,OI1405
2013-11-08 09:29:00,7484,7484,7482,7482,446,267786,33351880.0,OI1405
2013-11-08 09:30:00,7484,7488,7484,7486,688,267740,51448640.0,OI1405
2013-11-08 09:31:00,7486,7494,7486,7494,2552,268290,190840880.0,OI1405
2013-11-08 09:32:00,7496,7502,7490,7500,4338,267464,324482400.0,OI1405
2013-11-08 09:33:00,7498,7500,7494,7496,2592,267016,193913560.0,OI1405
2013-11-08 09:34:00,7496,7496,7492,7492,768,267258,57461760.0,OI1405
2013-11-08 09:35:00,7494,7496,7494,7496,1480,267718,110733600.0,OI1405
2013-11-08 09:36:00,7496,7496,7492,7494,1134,268014,84845880.0,OI1405
2013-11-08 09:37:00,7494,7498,7492,7498,1472,267952,110135040.0,OI1405
2013-11-08 09:38:00,7498,7500,7492,7494,640,268258,47884800.0,OI1405
2013-11-08 09:39:00,7492,7494,7488,7488,1312,268178,98163840.0,OI1405
2013-11-08 09:40:00,7490,7490,7488,7488,644,267928,48184080.0,OI1405
2013-11-08 09:41:00,7488,7490,7488,7490,364,267826,27234480.0,OI1405
2013-11-08 09:42:00,7490,7492,7488,7490,444,267756,33220080.0,OI1405
2013-11-08 09:43:00,7488,7490,7486,7486,430,267560,32172600.0,OI1405
2013-11-08 09:44:00,7486,7490,7486,7490,158,267560,11821560.0,OI1405
2013-11-08 09:45:00,7490,7494,7490,7492,564,267626,42200320.0,OI1405
2013-11-08 09:46:00,7492,7492,7488,7490,296,267686,22152640.0,OI1405
2013-11-08 09:47:00,7490,7492,7490,7492,186,267778,13920240.0,OI1405
2013-11-08 09:48:00,7492,7492,7490,7490,270,267850,20206800.0,OI1405
2013-11-08 09:49:00,7488,7492,7488,7492,382,267702,28588880.0,OI1405
2013-11-08 09:50:00,7492,7494,7490,7490,208,267702,15566720.0,OI1405
2013-11-08 09:51:00,7492,7492,7490,7490,186,267748,13920240.0,OI1405
2013-11-08 09:52:00,7490,7490,7488,7490,162,267732,12124080.0,OI1405
2013-11-08 09:53:00,7488,7490,7486,7486,204,267740,15267360.0,OI1405
2013-11-08 09:54:00,7486,7488,7484,7486,490,267594,36671600.0,OI1405
2013-11-08 09:55:00,7486,7488,7486,7488,184,267586,13770560.0,OI1405
2013-11-08 09:56:00,7488,7488,7486,7486,68,267594,5089120.0,OI1405
2013-11-08 09:57:00,7488,7490,7486,7490,724,267510,54184160.0,OI1405
2013-11-08 09:58:00,7488,7488,7484,7486,458,267446,34276720.0,OI1405
2013-11-08 09:59:00,7486,7486,7472,7474,2668,266990,199673120.0,OI1405
2013-11-08 10:00:00,7472,7478,7472,7474,1578,266956,118097520.0,OI1405
2013-11-08 10:01:00,7474,7478,7474,7476,1412,266458,105646880.0,OI1405
2013-11-08 10:02:00,7476,7476,7474,7476,920,266172,68834400.0,OI1405
2013-11-08 10:03:00,7476,7478,7472,7472,940,265928,70330800.0,OI1405
2013-11-08 10:04:00,7474,7474,7470,7474,1526,265714,114175320.0,OI1405
2013-11-08 10:05:00,7474,7478,7474,7476,1138,265582,85145160.0,OI1405
2013-11-08 10:06:00,7478,7480,7476,7480,332,265598,24840240.0,OI1405
2013-11-08 10:07:00,7480,7482,7478,7478,428,265616,32022960.0,OI1405
2013-11-08 10:08:00,7480,7480,7478,7478,364,265716,27234480.0,OI1405
2013-11-08 10:09:00,7480,7482,7480,7480,212,265696,15861840.0,OI1405
2013-11-08 10:10:00,7480,7482,7480,7480,136,265774,10175520.0,OI1405
2013-11-08 10:11:00,7480,7484,7480,7482,450,265692,33669000.0,OI1405
2013-11-08 10:12:00,7482,7484,7480,7482,394,265654,29479080.0,OI1405
2013-11-08 10:13:00,7482,7484,7482,7482,46,265628,3441720.0,OI1405
2013-11-08 10:14:00,7482,7488,7482,7486,820,265502,61352400.0,OI1405
2013-11-08 10:30:00,7486,7488,7484,7484,806,265702,60304920.0,OI1405
2013-11-08 10:31:00,7484,7484,7482,7482,488,265766,36512160.0,OI1405
2013-11-08 10:32:00,7482,7484,7482,7484,312,265932,23343840.0,OI1405
2013-11-08 10:33:00,7484,7488,7484,7488,878,266112,65691960.0,OI1405
2013-11-08 10:34:00,7488,7490,7482,7488,1366,266102,102204120.0,OI1405
2013-11-08 10:35:00,7488,7488,7486,7486,204,266108,15263280.0,OI1405
2013-11-08 10:36:00,7486,7486,7484,7486,158,266074,11821560.0,OI1405
2013-11-08 10:37:00,7486,7494,7484,7492,1270,265806,95021400.0,OI1405
2013-11-08 10:38:00,7492,7494,7488,7488,1352,266300,101156640.0,OI1405
2013-11-08 10:39:00,7486,7488,7486,7486,584,266150,43694880.0,OI1405
2013-11-08 10:40:00,7486,7490,7482,7482,804,266092,60155280.0,OI1405
2013-11-08 10:41:00,7484,7486,7480,7480,1362,265682,101904840.0,OI1405
2013-11-08 10:42:00,7480,7482,7478,7480,1892,265360,141559440.0,OI1405
2013-11-08 10:43:00,7480,7482,7480,7480,776,265486,58060320.0,OI1405
2013-11-08 10:44:00,7480,7482,7480,7482,314,265556,23493480.0,OI1405
2013-11-08 10:45:00,7480,7484,7480,7484,770,265474,57611400.0,OI1405
2013-11-08 10:46:00,7484,7486,7480,7480,1652,265234,123602640.0,OI1405
2013-11-08 10:47:00,7480,7480,7476,7476,748,265116,55965360.0,OI1405
2013-11-08 10:48:00,7476,7480,7476,7478,570,265154,42647400.0,OI1405
2013-11-08 10:49:00,7480,7482,7478,7480,1372,265000,102653040.0,OI1405
2013-11-08 10:50:00,7478,7482,7478,7480,1214,265266,90831480.0,OI1405
2013-11-08 10:51:00,7480,7484,7478,7484,1124,265202,84097680.0,OI1405
2013-11-08 10:52:00,7484,7492,7484,7490,1620,265676,121208400.0,OI1405
2013-11-08 10:53:00,7488,7496,7488,7492,2562,265214,191688840.0,OI1405
2013-11-08 10:54:00,7494,7500,7484,7484,5038,266790,377043440.0,OI1405
2013-11-08 10:55:00,7484,7486,7474,7476,4174,266852,312382160.0,OI1405
2013-11-08 10:56:00,7474,7482,7474,7482,1926,267658,144141840.0,OI1405
2013-11-08 10:57:00,7480,7482,7480,7480,554,267880,41461360.0,OI1405
2013-11-08 10:58:00,7482,7482,7478,7480,286,267868,21404240.0,OI1405
2013-11-08 10:59:00,7482,7484,7482,7484,418,267912,31283120.0,OI1405
2013-11-08 11:00:00,7484,7484,7482,7482,240,268026,17961600.0,OI1405
2013-11-08 11:01:00,7482,7482,7480,7482,240,268030,17961600.0,OI1405
2013-11-08 11:02:00,7482,7484,7482,7484,166,268088,12423440.0,OI1405
2013-11-08 11:03:00,7484,7484,7482,7484,44,268078,3292960.0,OI1405
2013-11-08 11:04:00,7484,7486,7482,7484,492,268164,36821280.0,OI1405
2013-11-08 11:05:00,7484,7484,7482,7482,78,268174,5837520.0,OI1405
2013-11-08 11:06:00,7482,7486,7482,7484,314,268080,23499760.0,OI1405
2013-11-08 11:07:00,7484,7486,7482,7484,184,268036,13770560.0,OI1405
2013-11-08 11:08:00,7486,7486,7484,7486,646,268264,48346640.0,OI1405
2013-11-08 11:09:00,7486,7486,7484,7486,528,268398,39515520.0,OI1405
2013-11-08 11:10:00,7486,7488,7484,7484,308,268392,23050720.0,OI1405
2013-11-08 11:11:00,7484,7486,7482,7484,338,268414,25295920.0,OI1405
2013-11-08 11:12:00,7484,7484,7482,7484,1272,267484,95196480.0,OI1405
2013-11-08 11:13:00,7486,7486,7484,7484,278,267230,20805520.0,OI1405
2013-11-08 11:14:00,7484,7486,7482,7482,392,267256,29337280.0,OI1405
2013-11-08 11:15:00,7482,7484,7480,7480,722,267206,54034480.0,OI1405
2013-11-08 11:16:00,7480,7480,7478,7478,634,267088,47448560.0,OI1405
2013-11-08 11:17:00,7478,7482,7478,7482,236,267104,17662240.0,OI1405
2013-11-08 11:18:00,7482,7482,7480,7482,148,267118,11076320.0,OI1405
2013-11-08 11:19:00,7482,7482,7480,7482,134,267122,10028560.0,OI1405
2013-11-08 11:20:00,7482,7482,7476,7478,414,267164,30983760.0,OI1405
2013-11-08 11:21:00,7476,7478,7470,7470,3114,266334,233051760.0,OI1405
2013-11-08 11:22:00,7470,7476,7470,7476,548,266238,41012320.0,OI1405
2013-11-08 11:23:00,7474,7478,7474,7476,334,266088,24996560.0,OI1405
2013-11-08 11:24:00,7474,7476,7472,7474,760,265706,56863920.0,OI1405
2013-11-08 11:25:00,7474,7474,7472,7474,740,265226,55366800.0,OI1405
2013-11-08 11:26:00,7474,7474,7468,7468,2094,264266,156673080.0,OI1405
2013-11-08 11:27:00,7468,7474,7468,7470,1022,264178,76466040.0,OI1405
2013-11-08 11:28:00,7472,7474,7470,7474,730,263798,54618600.0,OI1405
2013-11-08 11:29:00,7474,7474,7470,7472,914,263448,68385480.0,OI1405
2013-11-08 13:30:00,7472,7476,7470,7474,802,263530,60005640.0,OI1405
2013-11-08 13:31:00,7474,7474,7472,7472,282,263446,21099240.0,OI1405
2013-11-08 13:32:00,7472,7474,7472,7472,188,263410,14066160.0,OI1405
2013-11-08 13:33:00,7474,7476,7472,7474,304,263474,22745280.0,OI1405
2013-11-08 13:34:00,7476,7476,7472,7472,444,263406,33220080.0,OI1405
2013-11-08 13:35:00,7472,7474,7468,7468,1342,263212,100408440.0,OI1405
2013-11-08 13:36:00,7468,7470,7466,7468,1284,263012,96068880.0,OI1405
2013-11-08 13:37:00,7470,7470,7468,7470,214,262852,16011480.0,OI1405
2013-11-08 13:38:00,7470,7472,7468,7470,986,262660,73772520.0,OI1405
2013-11-08 13:39:00,7468,7472,7466,7468,1784,262322,133478880.0,OI1405
2013-11-08 13:40:00,7468,7472,7466,7470,1228,261838,91878960.0,OI1405
2013-11-08 13:41:00,7470,7470,7466,7468,972,261672,72725040.0,OI1405
2013-11-08 13:42:00,7468,7472,7468,7472,262,261600,19602840.0,OI1405
2013-11-08 13:43:00,7472,7474,7470,7472,446,261552,33369720.0,OI1405
2013-11-08 13:44:00,7472,7472,7470,7470,174,261492,13018680.0,OI1405
2013-11-08 13:45:00,7472,7476,7472,7472,418,261568,31274760.0,OI1405
2013-11-08 13:46:00,7472,7474,7470,7472,798,261908,59706360.0,OI1405
2013-11-08 13:47:00,7472,7476,7472,7476,278,261804,20799960.0,OI1405
2013-11-08 13:48:00,7476,7478,7474,7476,410,261824,30676200.0,OI1405
2013-11-08 13:49:00,7476,7478,7474,7478,258,261784,19303560.0,OI1405
2013-11-08 13:50:00,7476,7482,7476,7480,1078,261516,80655960.0,OI1405
2013-11-08 13:51:00,7480,7484,7478,7482,1108,261584,82900560.0,OI1405
2013-11-08 13:52:00,7484,7486,7482,7484,1168,261310,87389760.0,OI1405
2013-11-08 13:53:00,7486,7486,7482,7484,934,261428,69881880.0,OI1405
2013-11-08 13:54:00,7484,7486,7482,7486,274,261500,20500680.0,OI1405
2013-11-08 13:55:00,7484,7488,7484,7486,1798,261342,134526360.0,OI1405
2013-11-08 13:56:00,7486,7486,7478,7480,1132,261870,84696240.0,OI1405
2013-11-08 13:57:00,7480,7484,7480,7484,292,261830,21847440.0,OI1405
2013-11-08 13:58:00,7484,7488,7484,7488,438,261854,32771160.0,OI1405
2013-11-08 13:59:00,7488,7488,7484,7484,882,262100,65991240.0,OI1405
2013-11-08 14:00:00,7484,7486,7484,7484,330,262144,24690600.0,OI1405
2013-11-08 14:01:00,7484,7484,7482,7484,412,262422,30825840.0,OI1405
2013-11-08 14:02:00,7484,7486,7482,7486,520,262558,38906400.0,OI1405
2013-11-08 14:03:00,7484,7484,7482,7484,232,262508,17358240.0,OI1405
2013-11-08 14:04:00,7484,7484,7482,7482,332,262480,24840240.0,OI1405
2013-11-08 14:05:00,7482,7482,7480,7480,134,262478,10025880.0,OI1405
2013-11-08 14:06:00,7480,7482,7480,7480,102,262436,7631640.0,OI1405
2013-11-08 14:07:00,7480,7484,7480,7484,280,262344,20949600.0,OI1405
2013-11-08 14:08:00,7484,7484,7482,7482,56,262354,4189920.0,OI1405
2013-11-08 14:09:00,7482,7484,7480,7482,270,262330,20201400.0,OI1405
2013-11-08 14:10:00,7482,7482,7478,7480,820,262294,61352400.0,OI1405
2013-11-08 14:11:00,7480,7480,7476,7478,318,262320,23792760.0,OI1405
2013-11-08 14:12:00,7478,7480,7476,7476,368,262238,27533760.0,OI1405
2013-11-08 14:13:00,7476,7478,7474,7474,682,262054,51027240.0,OI1405
2013-11-08 14:14:00,7474,7476,7474,7476,376,262162,28132320.0,OI1405
2013-11-08 14:15:00,7476,7476,7472,7474,1056,261690,79009920.0,OI1405
2013-11-08 14:16:00,7474,7478,7474,7478,632,261280,47286240.0,OI1405
2013-11-08 14:17:00,7476,7478,7476,7476,322,261134,24092040.0,OI1405
2013-11-08 14:18:00,7476,7476,7472,7472,428,261208,32022960.0,OI1405
2013-11-08 14:19:00,7472,7474,7472,7474,542,261040,40552440.0,OI1405
2013-11-08 14:20:00,7474,7476,7472,7476,1276,260690,95470320.0,OI1405
2013-11-08 14:21:00,7474,7476,7472,7476,384,260550,28730880.0,OI1405
2013-11-08 14:22:00,7474,7476,7474,7474,704,260004,52673280.0,OI1405
2013-11-08 14:23:00,7474,7474,7474,7474,80,259980,5985600.0,OI1405
2013-11-08 14:24:00,7474,7476,7472,7474,354,259992,26486280.0,OI1405
2013-11-08 14:25:00,7472,7474,7472,7472,386,260012,28880520.0,OI1405
2013-11-08 14:26:00,7472,7476,7472,7474,368,259944,27533760.0,OI1405
2013-11-08 14:27:00,7474,7474,7472,7474,120,259876,8978400.0,OI1405
2013-11-08 14:28:00,7474,7474,7470,7470,1020,259926,76316400.0,OI1405
2013-11-08 14:29:00,7470,7474,7470,7472,920,259754,68834400.0,OI1405
2013-11-08 14:30:00,7472,7476,7472,7474,568,259556,42497760.0,OI1405
2013-11-08 14:31:00,7472,7474,7472,7472,248,259518,18555360.0,OI1405
2013-11-08 14:32:00,7472,7472,7470,7472,924,259348,69133680.0,OI1405
2013-11-08 14:33:00,7472,7474,7470,7472,276,259400,20650320.0,OI1405
2013-11-08 14:34:00,7472,7472,7470,7472,182,259370,13617240.0,OI1405
2013-11-08 14:35:00,7472,7472,7470,7470,204,259222,15263280.0,OI1405
2013-11-08 14:36:00,7472,7472,7462,7464,1634,258904,122255880.0,OI1405
2013-11-08 14:37:00,7464,7468,7464,7466,1000,258590,74807160.0,OI1405
2013-11-08 14:38:00,7466,7468,7458,7460,2322,257486,173685600.0,OI1405
2013-11-08 14:39:00,7458,7466,7458,7464,1230,257100,92004000.0,OI1405
2013-11-08 14:40:00,7462,7464,7462,7462,784,256994,58643200.0,OI1405
2013-11-08 14:41:00,7462,7464,7460,7464,654,256642,48919200.0,OI1405
2013-11-08 14:42:00,7462,7464,7462,7464,384,256510,28723200.0,OI1405
2013-11-08 14:43:00,7466,7466,7464,7466,398,256266,29770400.0,OI1405
2013-11-08 14:44:00,7466,7466,7462,7462,940,256258,70312000.0,OI1405
2013-11-08 14:45:00,7464,7464,7458,7462,1466,255942,109656800.0,OI1405
2013-11-08 14:46:00,7462,7462,7460,7460,276,255914,20644800.0,OI1405
2013-11-08 14:47:00,7460,7462,7458,7458,414,255874,30967200.0,OI1405
2013-11-08 14:48:00,7458,7460,7450,7450,2880,255260,215424000.0,OI1405
2013-11-08 14:49:00,7452,7454,7448,7450,1654,255464,123719200.0,OI1405
2013-11-08 14:50:00,7448,7456,7446,7450,2748,253792,205550400.0,OI1405
2013-11-08 14:51:00,7450,7458,7450,7458,1238,253184,92580360.0,OI1405
2013-11-08 14:52:00,7458,7462,7456,7462,1688,252584,126228640.0,OI1405
2013-11-08 14:53:00,7460,7462,7458,7458,970,252346,72536600.0,OI1405
2013-11-08 14:54:00,7458,7458,7456,7458,504,252028,37689120.0,OI1405
2013-11-08 14:55:00,7458,7464,7456,7462,3846,250174,287603880.0,OI1405
2013-11-08 14:56:00,7460,7462,7458,7458,740,250130,55337200.0,OI1405
2013-11-08 14:57:00,7460,7464,7458,7462,1364,249708,101999920.0,OI1405
2013-11-08 14:58:00,7460,7464,7460,7462,1214,249198,90782920.0,OI1405
2013-11-08 14:59:00,7460,7462,7458,7458,1594,248652,119199320.0,OI1405
2013-11-11 09:00:00,7472,7498,7466,7496,4326,248340,323340640.0,OI1405
2013-11-11 09:01:00,7496,7496,7486,7488,3992,248408,298774760.0,OI1405
2013-11-11 09:02:00,7490,7492,7484,7484,1558,248780,116631880.0,OI1405
2013-11-11 09:03:00,7484,7500,7484,7498,2832,249020,212031000.0,OI1405
2013-11-11 09:04:00,7498,7498,7492,7492,2264,249706,169536200.0,OI1405
2013-11-11 09:05:00,7494,7496,7492,7492,1298,249956,97220200.0,OI1405
2013-11-11 09:06:00,7494,7494,7492,7494,1110,250356,83139000.0,OI1405
2013-11-11 09:07:00,7492,7496,7480,7480,2086,250188,156241400.0,OI1405
2013-11-11 09:08:00,7478,7480,7468,7470,2370,250140,177482160.0,OI1405
2013-11-11 09:09:00,7472,7484,7472,7484,1528,250210,114416640.0,OI1405
2013-11-11 09:10:00,7484,7484,7480,7480,1240,250330,92848080.0,OI1405
2013-11-11 09:11:00,7480,7482,7476,7478,824,250258,61684640.0,OI1405
2013-11-11 09:12:00,7478,7480,7472,7474,1052,250350,78752720.0,OI1405
2013-11-11 09:13:00,7474,7476,7472,7472,674,250464,50455640.0,OI1405
2013-11-11 09:14:00,7474,7474,7460,7464,2854,250856,213627800.0,OI1405
2013-11-11 09:15:00,7462,7464,7456,7464,1682,250734,125879680.0,OI1405
2013-11-11 09:16:00,7462,7464,7454,7458,1776,250830,132880320.0,OI1405
2013-11-11 09:17:00,7458,7464,7458,7464,860,250678,64345200.0,OI1405
2013-11-11 09:18:00,7464,7466,7462,7466,700,250838,52367680.0,OI1405
2013-11-11 09:19:00,7468,7468,7462,7464,666,250822,49816800.0,OI1405
2013-11-11 09:20:00,7464,7466,7464,7466,418,250794,31266400.0,OI1405
2013-11-11 09:21:00,7466,7466,7460,7460,658,250912,49218400.0,OI1405
2013-11-11 09:22:00,7460,7464,7460,7464,314,250922,23487200.0,OI1405
2013-11-11 09:23:00,7464,7464,7462,7464,210,250870,15708000.0,OI1405
2013-11-11 09:24:00,7464,7466,7458,7462,954,250740,71359200.0,OI1405
2013-11-11 09:25:00,7462,7462,7458,7460,542,250770,40541600.0,OI1405
2013-11-11 09:26:00,7460,7464,7458,7462,472,250720,35302680.0,OI1405
2013-11-11 09:27:00,7460,7466,7460,7466,398,250808,29762440.0,OI1405
2013-11-11 09:28:00,7466,7466,7464,7466,384,250816,28715520.0,OI1405
2013-11-11 09:29:00,7466,7466,7462,7464,622,251004,46513160.0,OI1405
2013-11-11 09:30:00,7464,7464,7452,7454,2246,251172,167955880.0,OI1405
2013-11-11 09:31:00,7454,7456,7450,7456,1958,250842,146391440.0,OI1405
2013-11-11 09:32:00,7456,7458,7454,7456,282,250806,21082320.0,OI1405
2013-11-11 09:33:00,7454,7456,7454,7454,884,250692,66087840.0,OI1405
2013-11-11 09:34:00,7454,7456,7454,7456,790,250792,59060400.0,OI1405
2013-11-11 09:35:00,7454,7454,7442,7450,2876,250946,214967080.0,OI1405
2013-11-11 09:36:00,7452,7454,7450,7452,692,250888,51720080.0,OI1405
2013-11-11 09:37:00,7454,7454,7450,7454,572,250762,42751280.0,OI1405
2013-11-11 09:38:00,7452,7454,7452,7452,376,250978,28102240.0,OI1405
2013-11-11 09:39:00,7450,7452,7448,7452,1182,250526,88326160.0,OI1405
2013-11-11 09:40:00,7452,7452,7448,7448,622,250348,46475840.0,OI1405
2013-11-11 09:41:00,7450,7452,7450,7450,774,249926,57833280.0,OI1405
2013-11-11 09:42:00,7448,7448,7444,7446,634,249916,47372480.0,OI1405
2013-11-11 09:43:00,7446,7446,7432,7432,3900,249734,291358520.0,OI1405
2013-11-11 09:44:00,7430,7434,7428,7432,3450,249534,257661320.0,OI1405
2013-11-11 09:45:00,7430,7436,7430,7436,1300,249532,97072360.0,OI1405
2013-11-11 09:46:00,7436,7438,7434,7434,422,249436,31506520.0,OI1405
2013-11-11 09:47:00,7436,7436,7430,7434,544,249508,40615040.0,OI1405
2013-11-11 09:48:00,7436,7440,7434,7436,684,249442,51067440.0,OI1405
2013-11-11 09:49:00,7436,7438,7434,7434,564,249494,42108240.0,OI1405
2013-11-11 09:50:00,7434,7434,7430,7430,804,249676,60026640.0,OI1405
2013-11-11 09:51:00,7430,7432,7422,7422,2046,249276,152723800.0,OI1405
2013-11-11 09:52:00,7424,7432,7424,7432,1480,249184,110467200.0,OI1405
2013-11-11 09:53:00,7432,7432,7430,7430,558,249098,41649120.0,OI1405
2013-11-11 09:54:00,7432,7438,7430,7436,548,249104,40897000.0,OI1405
2013-11-11 09:55:00,7436,7440,7434,7440,672,248988,50144640.0,OI1405
2013-11-11 09:56:00,7440,7440,7436,7438,616,249000,45965920.0,OI1405
2013-11-11 09:57:00,7438,7438,7436,7438,750,249116,55965000.0,OI1405
2013-11-11 09:58:00,7438,7440,7434,7434,386,249236,28803320.0,OI1405
2013-11-11 09:59:00,7436,7436,7434,7436,192,249338,14327040.0,OI1405
2013-11-11 10:00:00,7434,7436,7432,7434,468,249446,34922160.0,OI1405
2013-11-11 10:01:00,7434,7442,7434,7442,602,249324,44921240.0,OI1405
2013-11-11 10:02:00,7442,7442,7436,7436,528,249322,39399360.0,OI1405
2013-11-11 10:03:00,7438,7440,7436,7436,130,249332,9700600.0,OI1405
2013-11-11 10:04:00,7438,7440,7436,7440,232,249342,17311840.0,OI1405
2013-11-11 10:05:00,7440,7440,7436,7438,186,249374,13879320.0,OI1405
2013-11-11 10:06:00,7440,7440,7438,7438,116,249386,8655920.0,OI1405
2013-11-11 10:07:00,7436,7438,7436,7438,66,249342,4924920.0,OI1405
2013-11-11 10:08:00,7438,7438,7436,7438,196,249390,14625520.0,OI1405
2013-11-11 10:09:00,7438,7438,7436,7438,74,249424,5521880.0,OI1405
2013-11-11 10:10:00,7438,7440,7438,7440,72,249424,5372640.0,OI1405
2013-11-11 10:11:00,7438,7442,7438,7442,224,249386,16714880.0,OI1405
2013-11-11 10:12:00,7440,7446,7440,7444,404,249282,30146480.0,OI1405
2013-11-11 10:13:00,7444,7444,7440,7440,346,249374,25813360.0,OI1405
2013-11-11 10:14:00,7440,7440,7438,7440,266,249352,19843600.0,OI1405
2013-11-11 10:30:00,7438,7442,7436,7438,526,249252,39239600.0,OI1405
2013-11-11 10:31:00,7438,7438,7426,7426,1486,249174,110855600.0,OI1405
2013-11-11 10:32:00,7426,7440,7426,7438,652,249208,48639200.0,OI1405
2013-11-11 10:33:00,7438,7440,7436,7440,466,249324,34763600.0,OI1405
2013-11-11 10:34:00,7438,7440,7438,7440,220,249346,16412000.0,OI1405
2013-11-11 10:35:00,7440,7440,7438,7438,162,249374,12085200.0,OI1405
2013-11-11 10:36:00,7438,7440,7438,7438,266,249412,19843600.0,OI1405
2013-11-11 10:37:00,7438,7440,7436,7438,192,249392,14323200.0,OI1405
2013-11-11 10:38:00,7438,7438,7436,7438,62,249376,4625200.0,OI1405
2013-11-11 10:39:00,7438,7438,7434,7436,340,249444,25364000.0,OI1405
2013-11-11 10:40:00,7438,7440,7436,7438,162,249452,12085200.0,OI1405
2013-11-11 10:41:00,7440,7440,7438,7440,58,249434,4326800.0,OI1405
2013-11-11 10:42:00,7440,7446,7440,7446,1036,249362,77285600.0,OI1405
2013-11-11 10:43:00,7446,7446,7442,7444,372,249344,27751200.0,OI1405
2013-11-11 10:44:00,7442,7442,7438,7442,644,249636,48042400.0,OI1405
2013-11-11 10:45:00,7440,7442,7438,7440,520,249754,38781720.0,OI1405
2013-11-11 10:46:00,7440,7440,7438,7440,240,249652,17899200.0,OI1405
2013-11-11 10:47:00,7440,7440,7438,7440,112,249658,8352960.0,OI1405
2013-11-11 10:48:00,7440,7442,7440,7440,88,249620,6563040.0,OI1405
2013-11-11 10:49:00,7440,7442,7440,7442,208,249676,15512640.0,OI1405
2013-11-11 10:50:00,7442,7446,7442,7446,364,249626,27147120.0,OI1405
2013-11-11 10:51:00,7446,7448,7444,7448,538,249630,40124040.0,OI1405
2013-11-11 10:52:00,7448,7454,7448,7448,1120,249606,83529600.0,OI1405
2013-11-11 10:53:00,7448,7452,7448,7450,498,249542,37140840.0,OI1405
2013-11-11 10:54:00,7452,7452,7448,7448,404,249490,30130320.0,OI1405
2013-11-11 10:55:00,7448,7450,7446,7448,250,249472,18645000.0,OI1405
2013-11-11 10:56:00,7446,7448,7446,7448,138,249454,10292040.0,OI1405
2013-11-11 10:57:00,7448,7448,7446,7448,82,249486,6115560.0,OI1405
2013-11-11 10:58:00,7448,7448,7446,7448,198,249474,14766840.0,OI1405
2013-11-11 10:59:00,7450,7450,7448,7450,130,249492,9695400.0,OI1405
2013-11-11 11:00:00,7448,7450,7448,7450,360,249742,26848800.0,OI1405
2013-11-11 11:01:00,7448,7450,7446,7448,60,249724,4474800.0,OI1405
2013-11-11 11:02:00,7448,7448,7446,7448,270,249672,20136600.0,OI1405
2013-11-11 11:03:00,7448,7454,7446,7452,1136,249376,84722880.0,OI1405
2013-11-11 11:04:00,7454,7454,7452,7454,410,249354,30577800.0,OI1405
2013-11-11 11:05:00,7454,7456,7452,7454,850,249476,63393000.0,OI1405
2013-11-11 11:06:00,7454,7456,7452,7454,328,249392,24462240.0,OI1405
2013-11-11 11:07:00,7454,7460,7454,7456,1390,249496,103666200.0,OI1405
2013-11-11 11:08:00,7456,7458,7454,7454,440,249502,32815200.0,OI1405
2013-11-11 11:09:00,7452,7454,7448,7450,862,249088,64287960.0,OI1405
2013-11-11 11:10:00,7450,7454,7450,7450,394,249104,29384520.0,OI1405
2013-11-11 11:11:00,7450,7450,7448,7448,200,249042,14916000.0,OI1405
2013-11-11 11:12:00,7448,7450,7446,7448,338,248982,25208040.0,OI1405
2013-11-11 11:13:00,7450,7452,7448,7452,202,248990,15065160.0,OI1405
2013-11-11 11:14:00,7450,7454,7450,7454,506,249208,37737480.0,OI1405
2013-11-11 11:15:00,7454,7456,7454,7454,206,249238,15363480.0,OI1405
2013-11-11 11:16:00,7454,7456,7448,7450,694,249200,51758520.0,OI1405
2013-11-11 11:17:00,7450,7454,7450,7452,162,249126,12081960.0,OI1405
2013-11-11 11:18:00,7452,7452,7450,7450,34,249138,2535720.0,OI1405
2013-11-11 11:19:00,7450,7452,7450,7452,156,249096,11634480.0,OI1405
2013-11-11 11:20:00,7452,7452,7448,7450,228,249230,17004240.0,OI1405
2013-11-11 11:21:00,7450,7454,7450,7452,252,249194,18794160.0,OI1405
2013-11-11 11:22:00,7452,7452,7450,7450,168,249216,12529440.0,OI1405
2013-11-11 11:23:00,7448,7450,7448,7448,360,248994,26848800.0,OI1405
2013-11-11 11:24:00,7450,7454,7450,7452,454,248964,33859320.0,OI1405
2013-11-11 11:25:00,7452,7452,7452,7452,142,249022,10590360.0,OI1405
2013-11-11 11:26:00,7452,7454,7448,7450,436,249230,32516880.0,OI1405
2013-11-11 11:27:00,7450,7450,7446,7446,332,249284,24760560.0,OI1405
2013-11-11 11:28:00,7446,7450,7446,7450,288,249238,21479040.0,OI1405
2013-11-11 11:29:00,7450,7450,7448,7448,374,248998,27892920.0,OI1405
2013-11-11 13:30:00,7450,7452,7446,7448,296,249000,22075680.0,OI1405
2013-11-11 13:31:00,7448,7448,7444,7446,514,249108,38334120.0,OI1405
2013-11-11 13:32:00,7446,7446,7442,7446,434,249120,32367720.0,OI1405
2013-11-11 13:33:00,7446,7446,7444,7444,270,249148,20136600.0,OI1405
2013-11-11 13:34:00,7444,7444,7442,7444,198,249228,14766840.0,OI1405
2013-11-11 13:35:00,7444,7446,7444,7446,364,249310,27147120.0,OI1405
2013-11-11 13:36:00,7448,7450,7446,7446,386,249386,28787880.0,OI1405
2013-11-11 13:37:00,7446,7448,7444,7444,320,249260,23865600.0,OI1405
2013-11-11 13:38:00,7442,7444,7442,7444,262,249252,19539960.0,OI1405
2013-11-11 13:39:00,7446,7446,7442,7442,264,249180,19689120.0,OI1405
2013-11-11 13:40:00,7442,7446,7442,7446,416,249178,31025280.0,OI1405
2013-11-11 13:41:00,7446,7446,7444,7444,134,249214,9993720.0,OI1405
2013-11-11 13:42:00,7444,7450,7444,7446,312,249126,23268960.0,OI1405
2013-11-11 13:43:00,7448,7450,7446,7448,246,249054,18346680.0,OI1405
2013-11-11 13:44:00,7448,7450,7448,7448,208,249040,15512640.0,OI1405
2013-11-11 13:45:00,7448,7450,7446,7450,154,248976,11485320.0,OI1405
2013-11-11 13:46:00,7450,7450,7442,7442,306,249086,22821480.0,OI1405
2013-11-11 13:47:00,7442,7446,7440,7446,292,249074,21777360.0,OI1405
2013-11-11 13:48:00,7446,7446,7444,7446,68,249050,5071440.0,OI1405
2013-11-11 13:49:00,7446,7448,7446,7448,194,249060,14468520.0,OI1405
2013-11-11 13:50:00,7448,7448,7444,7446,234,249058,17451720.0,OI1405
2013-11-11 13:51:00,7446,7448,7444,7448,66,249048,4922280.0,OI1405
2013-11-11 13:52:00,7448,7448,7444,7444,448,248854,33404920.0,OI1405
2013-11-11 13:53:00,7444,7446,7442,7444,190,248798,14166400.0,OI1405
2013-11-11 13:54:00,7444,7448,7442,7446,132,248804,9841920.0,OI1405
2013-11-11 13:55:00,7446,7450,7446,7448,272,248826,20280320.0,OI1405
2013-11-11 13:56:00,7450,7450,7446,7448,50,248820,3728000.0,OI1405
2013-11-11 13:57:00,7448,7448,7446,7448,178,248804,13271680.0,OI1405
2013-11-11 13:58:00,7448,7448,7446,7448,32,248800,2385920.0,OI1405
2013-11-11 13:59:00,7448,7450,7448,7448,88,248820,6561280.0,OI1405
2013-11-11 14:00:00,7450,7450,7448,7448,86,248802,6412160.0,OI1405
2013-11-11 14:01:00,7448,7448,7446,7446,62,248790,4622720.0,OI1405
2013-11-11 14:02:00,7446,7446,7444,7446,124,248784,9245440.0,OI1405
2013-11-11 14:03:00,7446,7448,7446,7446,42,248782,3131520.0,OI1405
2013-11-11 14:04:00,7446,7446,7444,7446,80,248848,5964800.0,OI1405
2013-11-11 14:05:00,7444,7448,7444,7446,240,248918,17894400.0,OI1405
2013-11-11 14:06:00,7446,7446,7444,7446,80,248946,5964800.0,OI1405
2013-11-11 14:07:00,7446,7446,7444,7444,136,248998,10140160.0,OI1405
2013-11-11 14:08:00,7444,7446,7444,7446,64,248990,4771840.0,OI1405
2013-11-11 14:09:00,7446,7446,7444,7446,34,248998,2535040.0,OI1405
2013-11-11 14:10:00,7446,7446,7444,7446,62,248974,4622720.0,OI1405
2013-11-11 14:11:00,7446,7448,7446,7448,38,248970,2833280.0,OI1405
2013-11-11 14:12:00,7448,7448,7444,7446,88,249020,6561280.0,OI1405
2013-11-11 14:13:00,7446,7450,7446,7448,160,249038,11929600.0,OI1405
2013-11-11 14:14:00,7448,7452,7448,7450,402,249140,29973120.0,OI1405
2013-11-11 14:15:00,7450,7450,7446,7446,316,249098,23560960.0,OI1405
2013-11-11 14:16:00,7448,7450,7448,7448,96,249144,7157760.0,OI1405
2013-11-11 14:17:00,7448,7450,7446,7450,138,249140,10289280.0,OI1405
2013-11-11 14:18:00,7450,7450,7448,7448,32,249142,2385920.0,OI1405
2013-11-11 14:19:00,7448,7450,7446,7448,192,249210,14315520.0,OI1405
2013-11-11 14:20:00,7450,7450,7448,7450,78,249206,5815680.0,OI1405
2013-11-11 14:21:00,7448,7450,7448,7448,146,249212,10885760.0,OI1405
2013-11-11 14:22:00,7448,7450,7448,7448,88,249216,6561280.0,OI1405
2013-11-11 14:23:00,7450,7450,7448,7448,226,249206,16850560.0,OI1405
2013-11-11 14:24:00,7448,7450,7448,7450,28,249204,2087680.0,OI1405
2013-11-11 14:25:00,7448,7450,7448,7450,12,249198,894720.0,OI1405
2013-11-11 14:26:00,7450,7450,7448,7448,170,249166,12675200.0,OI1405
2013-11-11 14:27:00,7448,7450,7448,7450,170,249070,12675200.0,OI1405
2013-11-11 14:28:00,7448,7448,7448,7448,12,249058,894720.0,OI1405
2013-11-11 14:29:00,7450,7454,7450,7454,1286,248958,95884160.0,OI1405
2013-11-11 14:30:00,7454,7454,7446,7446,1054,249186,78586240.0,OI1405
2013-11-11 14:31:00,7446,7450,7446,7450,358,249190,26692480.0,OI1405
2013-11-11 14:32:00,7450,7450,7448,7448,362,248984,26990720.0,OI1405
2013-11-11 14:33:00,7448,7448,7444,7448,672,249038,50104320.0,OI1405
2013-11-11 14:34:00,7448,7448,7446,7446,48,249018,3578880.0,OI1405
2013-11-11 14:35:00,7446,7448,7444,7444,174,249024,12973440.0,OI1405
2013-11-11 14:36:00,7444,7448,7444,7448,142,249002,10587520.0,OI1405
2013-11-11 14:37:00,7448,7448,7446,7448,114,248984,8499840.0,OI1405
2013-11-11 14:38:00,7446,7448,7444,7446,174,248950,12973440.0,OI1405
2013-11-11 14:39:00,7444,7444,7442,7444,614,248866,45779840.0,OI1405
2013-11-11 14:40:00,7442,7446,7442,7446,364,248884,27139840.0,OI1405
2013-11-11 14:41:00,7446,7446,7444,7446,74,248888,5517440.0,OI1405
2013-11-11 14:42:00,7444,7448,7444,7446,426,248666,31762560.0,OI1405
2013-11-11 14:43:00,7444,7446,7444,7446,84,248640,6263040.0,OI1405
2013-11-11 14:44:00,7446,7446,7444,7444,176,248664,13122560.0,OI1405
2013-11-11 14:45:00,7444,7446,7442,7444,284,248704,21175040.0,OI1405
2013-11-11 14:46:00,7444,7444,7442,7444,186,248588,13868160.0,OI1405
2013-11-11 14:47:00,7444,7446,7442,7446,172,248538,12824320.0,OI1405
2013-11-11 14:48:00,7446,7446,7442,7442,166,248490,12376960.0,OI1405
2013-11-11 14:49:00,7444,7446,7442,7444,404,248434,30122240.0,OI1405
2013-11-11 14:50:00,7446,7448,7444,7444,370,248254,27587200.0,OI1405
2013-11-11 14:51:00,7444,7444,7436,7438,1938,247472,144497280.0,OI1405
2013-11-11 14:52:00,7436,7440,7432,7434,1118,247122,83358080.0,OI1405
2013-11-11 14:53:00,7434,7436,7430,7432,2540,246184,189382400.0,OI1405
2013-11-11 14:54:00,7432,7436,7430,7436,1226,245938,91403120.0,OI1405
2013-11-11 14:55:00,7436,7438,7432,7434,470,245858,35033800.0,OI1405
2013-11-11 14:56:00,7432,7434,7428,7428,1898,245524,141476920.0,OI1405
2013-11-11 14:57:00,7430,7430,7422,7424,3278,243570,244342120.0,OI1405
2013-11-11 14:58:00,7424,7428,7422,7422,2268,242790,169056720.0,OI1405
2013-11-11 14:59:00,7422,7426,7420,7422,2558,241592,190646800.0,OI1405
2013-11-12 09:00:00,7440,7444,7432,7436,2166,241564,161166680.0,OI1405
2013-11-12 09:01:00,7436,7446,7436,7444,1170,241758,87042720.0,OI1405
2013-11-12 09:02:00,7444,7446,7440,7440,850,241850,63241640.0,OI1405
2013-11-12 09:03:00,7440,7446,7440,7444,842,241940,62661640.0,OI1405
2013-11-12 09:04:00,7446,7448,7442,7446,1066,241882,79331720.0,OI1405
2013-11-12 09:05:00,7448,7448,7442,7442,1244,241782,92578480.0,OI1405
2013-11-12 09:06:00,7442,7446,7440,7444,662,241800,49266040.0,OI1405
2013-11-12 09:07:00,7446,7446,7442,7442,672,241782,50020400.0,OI1405
2013-11-12 09:08:00,7442,7446,7442,7444,530,241628,39453200.0,OI1405
2013-11-12 09:09:00,7444,7446,7442,7444,804,241674,59849760.0,OI1405
2013-11-12 09:10:00,7444,7444,7434,7436,2024,241914,150657880.0,OI1405
2013-11-12 09:11:00,7436,7438,7434,7436,488,241846,36316960.0,OI1405
2013-11-12 09:12:00,7436,7438,7434,7436,380,241786,28279600.0,OI1405
2013-11-12 09:13:00,7436,7440,7436,7440,884,241604,65787280.0,OI1405
2013-11-12 09:14:00,7438,7440,7432,7432,954,241618,70996680.0,OI1405
2013-11-12 09:15:00,7430,7434,7428,7434,738,241606,54921960.0,OI1405
2013-11-12 09:16:00,7434,7434,7430,7432,514,241618,38245720.0,OI1405
2013-11-12 09:17:00,7434,7434,7432,7432,102,241616,7588800.0,OI1405
2013-11-12 09:18:00,7434,7436,7432,7436,430,241616,31992000.0,OI1405
2013-11-12 09:19:00,7436,7436,7432,7432,228,241634,16963200.0,OI1405
2013-11-12 09:20:00,7432,7434,7428,7430,708,241650,52675200.0,OI1405
2013-11-12 09:21:00,7432,7434,7430,7432,354,241686,26337600.0,OI1405
2013-11-12 09:22:00,7432,7434,7428,7434,920,241680,68448000.0,OI1405
2013-11-12 09:23:00,7434,7434,7426,7430,912,241606,67852800.0,OI1405
2013-11-12 09:24:00,7430,7434,7430,7430,570,241478,42403960.0,OI1405
2013-11-12 09:25:00,7430,7442,7428,7442,1238,241248,92082440.0,OI1405
2013-11-12 09:26:00,7440,7440,7438,7440,670,241292,49834600.0,OI1405
2013-11-12 09:27:00,7440,7440,7436,7438,188,241320,13983440.0,OI1405
2013-11-12 09:28:00,7438,7442,7438,7442,274,241284,20380120.0,OI1405
2013-11-12 09:29:00,7442,7442,7438,7442,374,241178,27818120.0,OI1405
2013-11-12 09:30:00,7442,7444,7434,7438,720,241102,53554520.0,OI1405
2013-11-12 09:31:00,7436,7440,7436,7440,242,241112,17999960.0,OI1405
2013-11-12 09:32:00,7438,7440,7438,7440,238,241106,17702440.0,OI1405
2013-11-12 09:33:00,7440,7442,7438,7442,156,241096,11603280.0,OI1405
2013-11-12 09:34:00,7440,7442,7438,7440,122,241086,9074360.0,OI1405
2013-11-12 09:35:00,7440,7444,7440,7442,380,240946,28271040.0,OI1405
2013-11-12 09:36:00,7440,7442,7440,7440,344,240920,25593600.0,OI1405
2013-11-12 09:37:00,7440,7442,7438,7438,270,241000,20088000.0,OI1405
2013-11-12 09:38:00,7438,7442,7438,7440,52,241004,3868800.0,OI1405
2013-11-12 09:39:00,7440,7442,7438,7440,200,240994,14880000.0,OI1405
2013-11-12 09:40:00,7442,7444,7440,7444,518,241186,38539200.0,OI1405
2013-11-12 09:41:00,7444,7458,7442,7456,2772,241314,206236800.0,OI1405
2013-11-12 09:42:00,7456,7456,7452,7452,1170,241290,87048000.0,OI1405
2013-11-12 09:43:00,7452,7456,7450,7456,1082,241376,80519800.0,OI1405
2013-11-12 09:44:00,7454,7456,7450,7450,890,241582,66233800.0,OI1405
2013-11-12 09:45:00,7452,7456,7450,7456,814,241510,60577880.0,OI1405
2013-11-12 09:46:00,7456,7458,7452,7458,1056,241230,78587520.0,OI1405
2013-11-12 09:47:00,7458,7468,7458,7464,4232,241784,315005440.0,OI1405
2013-11-12 09:48:00,7466,7466,7462,7462,1830,241648,136252000.0,OI1405
2013-11-12 09:49:00,7462,7464,7462,7464,802,241538,59716920.0,OI1405
2013-11-12 09:50:00,7462,7468,7462,7466,2006,241776,149366760.0,OI1405
2013-11-12 09:51:00,7464,7466,7460,7460,856,241668,63750560.0,OI1405
2013-11-12 09:52:00,7460,7462,7458,7458,962,241522,71649760.0,OI1405
2013-11-12 09:53:00,7460,7460,7458,7460,714,241384,53178720.0,OI1405
2013-11-12 09:54:00,7460,7460,7456,7458,1514,241182,112762720.0,OI1405
2013-11-12 09:55:00,7458,7460,7456,7460,1016,240600,75671680.0,OI1405
2013-11-12 09:56:00,7460,7460,7456,7458,668,240364,49752640.0,OI1405
2013-11-12 09:57:00,7456,7462,7456,7462,638,239980,47518240.0,OI1405
2013-11-12 09:58:00,7460,7464,7458,7458,832,240042,61967360.0,OI1405
2013-11-12 09:59:00,7458,7464,7456,7462,746,239956,55562080.0,OI1405
2013-11-12 10:00:00,7462,7464,7458,7460,672,240122,50063520.0,OI1405
2013-11-12 10:01:00,7460,7466,7458,7464,1392,240636,103704000.0,OI1405
2013-11-12 10:02:00,7464,7464,7458,7460,520,240746,38740000.0,OI1405
2013-11-12 10:03:00,7458,7462,7458,7460,652,240966,48574000.0,OI1405
2013-11-12 10:04:00,7462,7462,7458,7462,452,241158,33674000.0,OI1405
2013-11-12 10:05:00,7460,7462,7458,7458,368,241000,27416000.0,OI1405
2013-11-12 10:06:00,7458,7460,7456,7458,646,240960,48127000.0,OI1405
2013-11-12 10:07:00,7460,7460,7458,7458,256,240792,19072000.0,OI1405
2013-11-12 10:08:00,7460,7460,7458,7460,200,240694,14900000.0,OI1405
2013-11-12 10:09:00,7458,7460,7450,7450,1922,240272,143189000.0,OI1405
2013-11-12 10:10:00,7450,7456,7444,7452,2140,239772,159430000.0,OI1405
2013-11-12 10:11:00,7452,7454,7452,7454,508,239858,37846000.0,OI1405
2013-11-12 10:12:00,7452,7460,7452,7460,988,240052,73606000.0,OI1405
2013-11-12 10:13:00,7460,7460,7456,7460,486,240078,36207000.0,OI1405
2013-11-12 10:14:00,7460,7460,7456,7456,748,239892,55726000.0,OI1405
2013-11-12 10:30:00,7456,7456,7448,7448,1138,240148,84781000.0,OI1405
2013-11-12 10:31:00,7448,7452,7444,7450,1812,239394,134994000.0,OI1405
2013-11-12 10:32:00,7450,7452,7446,7446,668,239238,49766000.0,OI1405
2013-11-12 10:33:00,7448,7452,7446,7450,712,239004,53044000.0,OI1405
2013-11-12 10:34:00,7452,7452,7448,7450,240,239060,17880000.0,OI1405
2013-11-12 10:35:00,7450,7450,7448,7448,232,239020,17284000.0,OI1405
2013-11-12 10:36:00,7448,7452,7448,7450,538,239068,40081000.0,OI1405
2013-11-12 10:37:00,7452,7456,7452,7456,782,239392,58259000.0,OI1405
2013-11-12 10:38:00,7456,7456,7454,7454,310,239366,23095000.0,OI1405
2013-11-12 10:39:00,7456,7456,7454,7454,48,239372,3576000.0,OI1405
2013-11-12 10:40:00,7454,7454,7452,7454,136,239354,10132000.0,OI1405
2013-11-12 10:41:00,7454,7454,7454,7454,178,239448,13261000.0,OI1405
2013-11-12 10:42:00,7454,7454,7452,7454,84,239466,6258000.0,OI1405
2013-11-12 10:43:00,7452,7454,7452,7454,138,239462,10281000.0,OI1405
2013-11-12 10:44:00,7454,7456,7454,7454,58,239450,4321000.0,OI1405
2013-11-12 10:45:00,7452,7456,7452,7454,120,239460,8940000.0,OI1405
2013-11-12 10:46:00,7452,7452,7448,7450,1268,239366,94466000.0,OI1405
2013-11-12 10:47:00,7450,7450,7448,7450,190,239306,14155000.0,OI1405
2013-11-12 10:48:00,7450,7452,7450,7450,148,239250,11026000.0,OI1405
2013-11-12 10:49:00,7450,7450,7448,7448,206,239170,15347000.0,OI1405
2013-11-12 10:50:00,7450,7452,7444,7448,974,239070,72563000.0,OI1405
2013-11-12 10:51:00,7446,7452,7446,7450,482,238948,35909000.0,OI1405
2013-11-12 10:52:00,7450,7452,7446,7446,322,238782,23989000.0,OI1405
2013-11-12 10:53:00,7446,7448,7444,7446,370,238590,27565000.0,OI1405
2013-11-12 10:54:00,7444,7446,7440,7442,904,238614,67348000.0,OI1405
2013-11-12 10:55:00,7444,7446,7442,7444,470,238550,35015000.0,OI1405
2013-11-12 10:56:00,7444,7444,7442,7442,186,238460,13857000.0,OI1405
2013-11-12 10:57:00,7442,7446,7442,7446,322,238598,23989000.0,OI1405
2013-11-12 10:58:00,7446,7450,7446,7448,882,238644,65709000.0,OI1405
2013-11-12 10:59:00,7448,7448,7446,7446,158,238746,11771000.0,OI1405
2013-11-12 11:00:00,7446,7446,7442,7444,996,239012,74202000.0,OI1405
2013-11-12 11:01:00,7444,7448,7442,7446,590,238986,43955000.0,OI1405
2013-11-12 11:02:00,7446,7450,7444,7448,312,239052,23244000.0,OI1405
2013-11-12 11:03:00,7448,7450,7448,7450,348,239196,25926000.0,OI1405
2013-11-12 11:04:00,7450,7456,7450,7452,738,239274,54981000.0,OI1405
2013-11-12 11:05:00,7452,7454,7452,7452,370,239490,27565000.0,OI1405
2013-11-12 11:06:00,7452,7454,7452,7452,370,239550,27565000.0,OI1405
2013-11-12 11:07:00,7452,7452,7450,7452,286,239564,21307000.0,OI1405
2013-11-12 11:08:00,7452,7452,7452,7452,228,239654,16986000.0,OI1405
2013-11-12 11:09:00,7450,7452,7450,7452,610,239964,45445000.0,OI1405
2013-11-12 11:10:00,7450,7452,7448,7450,330,240076,24585000.0,OI1405
2013-11-12 11:11:00,7450,7450,7450,7450,28,240074,2086000.0,OI1405
2013-11-12 11:12:00,7450,7454,7450,7452,262,240122,19519000.0,OI1405
2013-11-12 11:13:00,7454,7454,7450,7452,386,240386,28757000.0,OI1405
2013-11-12 11:14:00,7452,7454,7452,7454,454,240484,33823000.0,OI1405
2013-11-12 11:15:00,7454,7454,7452,7452,344,240446,25628000.0,OI1405
2013-11-12 11:16:00,7452,7452,7448,7448,252,240500,18774000.0,OI1405
2013-11-12 11:17:00,7450,7450,7448,7450,212,240464,15794000.0,OI1405
2013-11-12 11:18:00,7448,7450,7448,7450,124,240408,9238000.0,OI1405
2013-11-12 11:19:00,7448,7450,7448,7448,278,240468,20711000.0,OI1405
2013-11-12 11:20:00,7448,7450,7448,7448,262,240474,19519000.0,OI1405
2013-11-12 11:21:00,7448,7450,7446,7446,242,240486,18029000.0,OI1405
2013-11-12 11:22:00,7446,7448,7446,7448,266,240402,19817000.0,OI1405
2013-11-12 11:23:00,7446,7450,7446,7450,402,240470,29949000.0,OI1405
2013-11-12 11:24:00,7450,7450,7448,7450,354,240468,26373000.0,OI1405
2013-11-12 11:25:00,7450,7452,7450,7452,614,240422,45743000.0,OI1405
2013-11-12 11:26:00,7452,7454,7450,7450,474,240520,35313000.0,OI1405
2013-11-12 11:27:00,7450,7454,7450,7452,162,240530,12069000.0,OI1405
2013-11-12 11:28:00,7452,7452,7448,7448,526,240406,39187000.0,OI1405
2013-11-12 11:29:00,7450,7450,7446,7450,402,240366,29949000.0,OI1405
2013-11-12 13:30:00,7452,7458,7452,7458,2200,240596,163900000.0,OI1405
2013-11-12 13:31:00,7458,7460,7456,7456,968,240836,72116000.0,OI1405
2013-11-12 13:32:00,7456,7460,7456,7458,414,241048,30843000.0,OI1405
2013-11-12 13:33:00,7458,7458,7456,7456,490,241196,36505000.0,OI1405
2013-11-12 13:34:00,7454,7458,7454,7456,258,241152,19221000.0,OI1405
2013-11-12 13:35:00,7458,7458,7456,7458,200,241136,14900000.0,OI1405
2013-11-12 13:36:00,7456,7458,7456,7456,428,241268,31886000.0,OI1405
2013-11-12 13:37:00,7454,7456,7454,7454,724,241260,53938000.0,OI1405
2013-11-12 13:38:00,7454,7454,7452,7454,236,241222,17582000.0,OI1405
2013-11-12 13:39:00,7454,7456,7452,7456,266,241250,19817000.0,OI1405
2013-11-12 13:40:00,7456,7458,7456,7458,354,241388,26373000.0,OI1405
2013-11-12 13:41:00,7458,7458,7454,7456,412,241374,30694000.0,OI1405
2013-11-12 13:42:00,7456,7458,7456,7458,498,241444,37101000.0,OI1405
2013-11-12 13:43:00,7458,7462,7456,7462,1438,242098,107131000.0,OI1405
2013-11-12 13:44:00,7462,7468,7462,7468,2234,242500,166471120.0,OI1405
2013-11-12 13:45:00,7466,7484,7466,7482,4718,242966,351585360.0,OI1405
2013-11-12 13:46:00,7482,7484,7478,7484,3354,243292,249970600.0,OI1405
2013-11-12 13:47:00,7484,7486,7480,7482,3378,244294,251796120.0,OI1405
2013-11-12 13:48:00,7484,7486,7482,7486,1624,244348,121052960.0,OI1405
2013-11-12 13:49:00,7486,7488,7478,7480,2930,244846,218448160.0,OI1405
2013-11-12 13:50:00,7478,7496,7478,7496,5188,245708,386819800.0,OI1405
2013-11-12 13:51:00,7496,7496,7490,7492,2980,246162,222248400.0,OI1405
2013-11-12 13:52:00,7492,7492,7488,7490,1870,247060,139464600.0,OI1405
2013-11-12 13:53:00,7490,7492,7488,7490,814,247252,60708120.0,OI1405
2013-11-12 13:54:00,7490,7490,7486,7488,1164,247488,86811120.0,OI1405
2013-11-12 13:55:00,7488,7490,7486,7490,1652,247266,123228360.0,OI1405
2013-11-12 13:56:00,7490,7490,7488,7490,2064,247338,153974400.0,OI1405
2013-11-12 13:57:00,7490,7492,7488,7490,1408,247808,105036800.0,OI1405
2013-11-12 13:58:00,7492,7492,7488,7490,842,248170,62813200.0,OI1405
2013-11-12 13:59:00,7492,7496,7490,7494,2716,249246,202613600.0,OI1405
2013-11-12 14:00:00,7494,7498,7492,7498,3004,250364,224154520.0,OI1405
2013-11-12 14:01:00,7498,7498,7486,7488,3082,250940,229978840.0,OI1405
2013-11-12 14:02:00,7488,7492,7488,7488,1214,250834,90588680.0,OI1405
2013-11-12 14:03:00,7488,7490,7488,7488,990,250848,73873800.0,OI1405
2013-11-12 14:04:00,7488,7490,7486,7488,702,250944,52383240.0,OI1405
2013-11-12 14:05:00,7488,7490,7484,7488,1102,251026,82239120.0,OI1405
2013-11-12 14:06:00,7490,7490,7488,7490,616,251336,45978240.0,OI1405
2013-11-12 14:07:00,7490,7494,7490,7490,988,251480,73744320.0,OI1405
2013-11-12 14:08:00,7494,7498,7492,7494,1902,251748,141965280.0,OI1405
2013-11-12 14:09:00,7496,7500,7494,7498,3414,253154,254820960.0,OI1405
2013-11-12 14:10:00,7498,7500,7492,7494,1118,253470,83447520.0,OI1405
2013-11-12 14:11:00,7492,7500,7492,7500,1840,253384,137354760.0,OI1405
2013-11-12 14:12:00,7500,7508,7498,7506,5138,254410,383603080.0,OI1405
2013-11-12 14:13:00,7506,7510,7504,7510,5828,255808,435190680.0,OI1405
2013-11-12 14:14:00,7510,7512,7506,7508,3998,256656,298570640.0,OI1405
2013-11-12 14:15:00,7508,7510,7506,7508,3548,257464,265021600.0,OI1405
2013-11-12 14:16:00,7508,7512,7504,7508,3810,257740,284607000.0,OI1405
2013-11-12 14:17:00,7508,7510,7502,7502,2798,257568,209011280.0,OI1405
2013-11-12 14:18:00,7502,7506,7502,7504,1420,257312,106102400.0,OI1405
2013-11-12 14:19:00,7506,7506,7500,7502,2398,258466,179178560.0,OI1405
2013-11-12 14:20:00,7502,7504,7496,7498,4960,258656,370611200.0,OI1405
2013-11-12 14:21:00,7498,7504,7496,7500,2836,259768,211905920.0,OI1405
2013-11-12 14:22:00,7502,7504,7500,7504,1348,258942,100727240.0,OI1405
2013-11-12 14:23:00,7502,7504,7502,7504,760,258988,56802400.0,OI1405
2013-11-12 14:24:00,7502,7506,7500,7500,1308,259102,97759920.0,OI1405
2013-11-12 14:25:00,7500,7502,7498,7500,962,258748,71899880.0,OI1405
2013-11-12 14:26:00,7500,7504,7500,7500,956,258912,71451440.0,OI1405
2013-11-12 14:27:00,7500,7502,7498,7500,992,258846,74142080.0,OI1405
2013-11-12 14:28:00,7500,7502,7500,7502,1278,258932,95517720.0,OI1405
2013-11-12 14:29:00,7502,7502,7498,7500,1246,259040,93126040.0,OI1405
2013-11-12 14:30:00,7500,7504,7500,7502,714,259196,53364360.0,OI1405
2013-11-12 14:31:00,7502,7504,7502,7504,1268,259202,94770320.0,OI1405
2013-11-12 14:32:00,7504,7504,7502,7504,882,259236,65920680.0,OI1405
2013-11-12 14:33:00,7504,7506,7504,7506,1352,258980,101048480.0,OI1405
2013-11-12 14:34:00,7506,7506,7502,7504,668,259252,49926320.0,OI1405
2013-11-12 14:35:00,7504,7526,7502,7522,5554,260234,415195880.0,OI1405
2013-11-12 14:36:00,7520,7530,7520,7526,4888,262116,365426880.0,OI1405
2013-11-12 14:37:00,7526,7526,7522,7524,1748,262410,130714680.0,OI1405
2013-11-12 14:38:00,7522,7536,7522,7528,6724,264364,502820720.0,OI1405
2013-11-12 14:39:00,7532,7538,7532,7536,5086,266458,380432800.0,OI1405
2013-11-12 14:40:00,7536,7536,7528,7530,3516,266528,262996800.0,OI1405
2013-11-12 14:41:00,7528,7534,7524,7532,2954,267284,221018280.0,OI1405
2013-11-12 14:42:00,7534,7542,7532,7540,5194,268308,388615080.0,OI1405
2013-11-12 14:43:00,7542,7544,7536,7538,4990,269306,373438440.0,OI1405
2013-11-12 14:44:00,7542,7546,7538,7546,3204,269082,239787360.0,OI1405
2013-11-12 14:45:00,7546,7546,7540,7542,2122,269170,158831640.0,OI1405
2013-11-12 14:46:00,7542,7542,7538,7540,1286,269196,96269960.0,OI1405
2013-11-12 14:47:00,7542,7542,7538,7542,684,269518,51204240.0,OI1405
2013-11-12 14:48:00,7540,7546,7540,7544,1636,269436,122470960.0,OI1405
2013-11-12 14:49:00,7544,7544,7540,7542,1196,269674,89532560.0,OI1405
2013-11-12 14:50:00,7544,7550,7542,7550,3682,269974,275649240.0,OI1405
2013-11-12 14:51:00,7548,7550,7544,7544,2530,270482,189446400.0,OI1405
2013-11-12 14:52:00,7544,7548,7544,7546,2102,271178,157397760.0,OI1405
2013-11-12 14:53:00,7544,7550,7544,7548,2134,272058,159793920.0,OI1405
2013-11-12 14:54:00,7550,7550,7546,7546,2388,272224,178831040.0,OI1405
2013-11-12 14:55:00,7548,7550,7544,7544,3538,273902,264996200.0,OI1405
2013-11-12 14:56:00,7544,7546,7542,7542,2144,273450,160585600.0,OI1405
2013-11-12 14:57:00,7542,7546,7542,7546,1944,273132,145605600.0,OI1405
2013-11-12 14:58:00,7546,7548,7544,7546,2768,272842,207354280.0,OI1405
2013-11-12 14:59:00,7544,7548,7544,7548,6462,269920,484133040.0,OI1405
2013-11-13 09:00:00,7560,7570,7554,7564,11776,268066,890585520.0,OI1405
2013-11-13 09:01:00,7562,7564,7554,7556,4200,267530,317604000.0,OI1405
2013-11-13 09:02:00,7558,7590,7554,7590,7008,267050,530034960.0,OI1405
2013-11-13 09:03:00,7586,7586,7574,7576,4786,267144,362183480.0,OI1405
2013-11-13 09:04:00,7576,7578,7570,7574,2326,267488,176031680.0,OI1405
2013-11-13 09:05:00,7574,7574,7566,7568,2434,267508,184248560.0,OI1405
2013-11-13 09:06:00,7564,7566,7558,7560,3256,267180,246426560.0,OI1405
2013-11-13 09:07:00,7562,7570,7560,7568,1762,267450,133348160.0,OI1405
2013-11-13 09:08:00,7568,7568,7564,7564,2656,268496,201006080.0,OI1405
2013-11-13 09:09:00,7566,7566,7558,7562,2642,269348,199946560.0,OI1405
2013-11-13 09:10:00,7560,7566,7556,7556,2480,270178,187686400.0,OI1405
2013-11-13 09:11:00,7556,7556,7536,7548,6418,269590,485598720.0,OI1405
2013-11-13 09:12:00,7548,7552,7546,7552,1820,270118,137664800.0,OI1405
2013-11-13 09:13:00,7550,7556,7550,7556,1534,270228,116031760.0,OI1405
2013-11-13 09:14:00,7556,7558,7554,7556,1094,270256,82750160.0,OI1405
2013-11-13 09:15:00,7558,7560,7554,7556,1574,270404,119057360.0,OI1405
2013-11-13 09:16:00,7556,7560,7554,7554,1168,270544,88347520.0,OI1405
2013-11-13 09:17:00,7554,7560,7552,7560,1288,270814,97424320.0,OI1405
2013-11-13 09:18:00,7558,7558,7554,7558,716,270894,54158240.0,OI1405
2013-11-13 09:19:00,7558,7560,7556,7558,704,271130,53250560.0,OI1405
2013-11-13 09:20:00,7558,7560,7554,7556,1566,271584,118452240.0,OI1405
2013-11-13 09:21:00,7554,7556,7552,7556,1602,272194,121151720.0,OI1405
2013-11-13 09:22:00,7554,7556,7554,7556,882,272394,66696840.0,OI1405
2013-11-13 09:23:00,7554,7560,7554,7558,970,272318,73351400.0,OI1405
2013-11-13 09:24:00,7558,7558,7554,7554,508,272448,38414960.0,OI1405
2013-11-13 09:25:00,7554,7556,7552,7554,816,272986,61705920.0,OI1405
2013-11-13 09:26:00,7554,7554,7550,7550,688,273220,52026560.0,OI1405
2013-11-13 09:27:00,7550,7554,7550,7550,838,273236,63369560.0,OI1405
2013-11-13 09:28:00,7552,7554,7550,7552,574,273250,43405880.0,OI1405
2013-11-13 09:29:00,7552,7556,7552,7554,648,273078,49001760.0,OI1405
2013-11-13 09:30:00,7556,7562,7554,7562,1202,273304,90895240.0,OI1405
2013-11-13 09:31:00,7564,7564,7558,7564,1856,273636,140350720.0,OI1405
2013-11-13 09:32:00,7564,7568,7562,7566,1160,273692,87719200.0,OI1405
2013-11-13 09:33:00,7566,7566,7562,7564,1200,273820,90744000.0,OI1405
2013-11-13 09:34:00,7564,7568,7562,7568,774,273788,58529880.0,OI1405
2013-11-13 09:35:00,7566,7566,7564,7564,570,274084,43103400.0,OI1405
2013-11-13 09:36:00,7564,7568,7562,7566,616,274024,46581920.0,OI1405
2013-11-13 09:37:00,7566,7566,7562,7564,618,274252,46733160.0,OI1405
2013-11-13 09:38:00,7564,7570,7562,7570,1778,274476,134452360.0,OI1405
2013-11-13 09:39:00,7568,7576,7566,7574,2182,275098,165002840.0,OI1405
2013-11-13 09:40:00,7574,7576,7566,7568,2320,276094,175438400.0,OI1405
2013-11-13 09:41:00,7570,7570,7562,7562,1608,276986,121596960.0,OI1405
2013-11-13 09:42:00,7562,7566,7558,7560,1798,277296,135976880.0,OI1405
2013-11-13 09:43:00,7560,7564,7558,7562,1412,277224,106775440.0,OI1405
2013-11-13 09:44:00,7560,7562,7556,7558,892,277298,67453040.0,OI1405
2013-11-13 09:45:00,7558,7566,7558,7566,1178,277318,89080360.0,OI1405
2013-11-13 09:46:00,7566,7566,7562,7564,620,277268,46884400.0,OI1405
2013-11-13 09:47:00,7564,7564,7562,7562,260,277350,19661200.0,OI1405
2013-11-13 09:48:00,7562,7564,7560,7562,182,277400,13762840.0,OI1405
2013-11-13 09:49:00,7562,7564,7560,7562,256,277378,19358720.0,OI1405
2013-11-13 09:50:00,7562,7568,7562,7568,1000,277358,75620000.0,OI1405
2013-11-13 09:51:00,7568,7570,7562,7562,1146,277914,86660520.0,OI1405
2013-11-13 09:52:00,7564,7566,7562,7564,486,277894,36751320.0,OI1405
2013-11-13 09:53:00,7564,7566,7562,7562,620,278196,46887240.0,OI1405
2013-11-13 09:54:00,7562,7568,7562,7568,456,278094,34491840.0,OI1405
2013-11-13 09:55:00,7568,7578,7566,7574,2062,277030,155969680.0,OI1405
2013-11-13 09:56:00,7576,7576,7570,7576,1770,277066,133882800.0,OI1405
2013-11-13 09:57:00,7576,7576,7572,7576,1188,277116,89860320.0,OI1405
2013-11-13 09:58:00,7576,7582,7574,7582,2064,277206,156120960.0,OI1405
2013-11-13 09:59:00,7582,7582,7574,7576,1906,277220,144169840.0,OI1405
2013-11-13 10:00:00,7574,7582,7574,7580,1852,277154,140085280.0,OI1405
2013-11-13 10:01:00,7582,7582,7578,7580,1702,277624,128739280.0,OI1405
2013-11-13 10:02:00,7582,7584,7570,7572,3418,278134,258537520.0,OI1405
2013-11-13 10:03:00,7570,7572,7568,7570,1310,278264,99099440.0,OI1405
2013-11-13 10:04:00,7572,7576,7570,7574,820,278132,62041200.0,OI1405
2013-11-13 10:05:00,7576,7578,7572,7574,1078,278378,81561480.0,OI1405
2013-11-13 10:06:00,7572,7574,7570,7570,1160,278308,87765600.0,OI1405
2013-11-13 10:07:00,7570,7576,7568,7576,1146,278272,86706360.0,OI1405
2013-11-13 10:08:00,7576,7578,7574,7576,740,278376,55988400.0,OI1405
2013-11-13 10:09:00,7576,7580,7574,7576,1312,278860,99265920.0,OI1405
2013-11-13 10:10:00,7574,7576,7572,7572,824,279024,62343840.0,OI1405
2013-11-13 10:11:00,7572,7574,7572,7574,632,278828,47817120.0,OI1405
2013-11-13 10:12:00,7574,7578,7574,7578,564,278542,42672240.0,OI1405
2013-11-13 10:13:00,7576,7578,7572,7574,666,278630,50389560.0,OI1405
2013-11-13 10:14:00,7574,7576,7574,7574,632,278322,47817120.0,OI1405
2013-11-13 10:30:00,7574,7578,7572,7574,1272,278332,96239520.0,OI1405
2013-11-13 10:31:00,7574,7578,7574,7578,658,278144,49784280.0,OI1405
2013-11-13 10:32:00,7578,7582,7578,7582,920,278078,69607200.0,OI1405
2013-11-13 10:33:00,7582,7582,7574,7574,1714,278654,129681240.0,OI1405
2013-11-13 10:34:00,7574,7576,7572,7572,1476,278612,111674160.0,OI1405
2013-11-13 10:35:00,7572,7576,7572,7576,594,278304,44942040.0,OI1405
2013-11-13 10:36:00,7574,7576,7572,7574,1002,278284,75811320.0,OI1405
2013-11-13 10:37:00,7574,7576,7572,7576,572,278194,43277520.0,OI1405
2013-11-13 10:38:00,7576,7576,7572,7572,454,278188,34349640.0,OI1405
2013-11-13 10:39:00,7574,7576,7572,7572,358,278346,27086280.0,OI1405
2013-11-13 10:40:00,7574,7576,7562,7564,2700,278702,204282000.0,OI1405
2013-11-13 10:41:00,7564,7566,7562,7564,1782,278824,134826120.0,OI1405
2013-11-13 10:42:00,7564,7566,7560,7562,2990,278090,226223400.0,OI1405
2013-11-13 10:43:00,7564,7566,7560,7562,1320,278266,99871200.0,OI1405
2013-11-13 10:44:00,7562,7562,7554,7554,2124,277998,160701840.0,OI1405
2013-11-13 10:45:00,7554,7562,7552,7556,1796,277690,135885360.0,OI1405
2013-11-13 10:46:00,7558,7558,7548,7550,4076,278868,308390160.0,OI1405
2013-11-13 10:47:00,7550,7556,7550,7554,1602,278640,121207320.0,OI1405
2013-11-13 10:48:00,7554,7556,7552,7556,1704,278206,128924640.0,OI1405
2013-11-13 10:49:00,7556,7556,7544,7546,5108,279158,386457840.0,OI1405
2013-11-13 10:50:00,7546,7548,7544,7544,1976,278830,149464640.0,OI1405
2013-11-13 10:51:00,7544,7548,7542,7548,1794,278598,135698160.0,OI1405
2013-11-13 10:52:00,7548,7548,7544,7544,1562,278608,118149680.0,OI1405
2013-11-13 10:53:00,7546,7548,7546,7546,932,278708,70496480.0,OI1405
2013-11-13 10:54:00,7548,7548,7546,7548,1598,279614,120872720.0,OI1405
2013-11-13 10:55:00,7548,7550,7548,7550,544,279606,41148160.0,OI1405
2013-11-13 10:56:00,7550,7554,7548,7552,1780,279344,134639200.0,OI1405
2013-11-13 10:57:00,7552,7554,7552,7554,384,279352,29045760.0,OI1405
2013-11-13 10:58:00,7552,7554,7550,7552,734,279394,55519760.0,OI1405
2013-11-13 10:59:00,7552,7552,7550,7552,198,279382,14976720.0,OI1405
2013-11-13 11:00:00,7552,7554,7548,7550,936,279592,70799040.0,OI1405
2013-11-13 11:01:00,7550,7552,7548,7552,652,279640,49317280.0,OI1405
2013-11-13 11:02:00,7550,7552,7548,7552,482,279538,36458480.0,OI1405
2013-11-13 11:03:00,7550,7554,7550,7554,2032,280036,153700480.0,OI1405
2013-11-13 11:04:00,7554,7556,7552,7556,2422,278788,183200080.0,OI1405
2013-11-13 11:05:00,7556,7558,7554,7558,826,278734,62478640.0,OI1405
2013-11-13 11:06:00,7558,7562,7558,7562,1586,278582,119965040.0,OI1405
2013-11-13 11:07:00,7560,7562,7558,7562,428,278510,32373920.0,OI1405
2013-11-13 11:08:00,7562,7574,7562,7570,2686,277744,203169040.0,OI1405
2013-11-13 11:09:00,7572,7572,7568,7570,898,277580,67924720.0,OI1405
2013-11-13 11:10:00,7568,7570,7562,7564,1912,277326,144623680.0,OI1405
2013-11-13 11:11:00,7564,7568,7564,7564,1126,276850,85170640.0,OI1405
2013-11-13 11:12:00,7566,7568,7564,7568,1188,276746,89860320.0,OI1405
2013-11-13 11:13:00,7568,7572,7566,7566,1830,275840,138421200.0,OI1405
2013-11-13 11:14:00,7566,7568,7566,7568,358,275670,27079120.0,OI1405
2013-11-13 11:15:00,7570,7570,7566,7566,246,275616,18607440.0,OI1405
2013-11-13 11:16:00,7566,7568,7564,7566,648,275730,49014720.0,OI1405
2013-11-13 11:17:00,7566,7568,7564,7566,502,275856,37971280.0,OI1405
2013-11-13 11:18:00,7564,7566,7560,7560,1202,276240,90919280.0,OI1405
2013-11-13 11:19:00,7560,7560,7558,7560,684,276226,51737760.0,OI1405
2013-11-13 11:20:00,7560,7560,7556,7558,1130,276314,85473200.0,OI1405
2013-11-13 11:21:00,7558,7558,7556,7558,786,276338,59453040.0,OI1405
2013-11-13 11:22:00,7558,7560,7556,7558,918,276240,69437520.0,OI1405
2013-11-13 11:23:00,7558,7560,7558,7560,324,276256,24507360.0,OI1405
2013-11-13 11:24:00,7560,7562,7558,7560,584,276510,44173760.0,OI1405
2013-11-13 11:25:00,7560,7564,7558,7560,1650,276200,124806000.0,OI1405
2013-11-13 11:26:00,7562,7564,7562,7564,208,276240,15733120.0,OI1405
2013-11-13 11:27:00,7564,7566,7562,7564,350,276168,26474000.0,OI1405
2013-11-13 11:28:00,7564,7566,7560,7560,1044,276672,78968160.0,OI1405
2013-11-13 11:29:00,7560,7562,7558,7558,692,276478,52342880.0,OI1405
2013-11-13 13:30:00,7562,7572,7562,7568,3306,276900,250065840.0,OI1405
2013-11-13 13:31:00,7568,7568,7560,7564,1308,276864,98937120.0,OI1405
2013-11-13 13:32:00,7562,7566,7562,7566,752,276712,56881280.0,OI1405
2013-11-13 13:33:00,7566,7568,7562,7564,822,276758,62176080.0,OI1405
2013-11-13 13:34:00,7564,7568,7564,7568,1752,277012,132521280.0,OI1405
2013-11-13 13:35:00,7568,7568,7566,7566,1198,277192,90616720.0,OI1405
2013-11-13 13:36:00,7566,7568,7564,7568,546,277238,41299440.0,OI1405
2013-11-13 13:37:00,7566,7568,7566,7568,690,277496,52191600.0,OI1405
2013-11-13 13:38:00,7568,7568,7564,7566,1054,277876,79724560.0,OI1405
2013-11-13 13:39:00,7564,7568,7564,7566,436,277806,32979040.0,OI1405
2013-11-13 13:40:00,7566,7566,7564,7564,284,277674,21481760.0,OI1405
2013-11-13 13:41:00,7564,7566,7564,7566,292,277686,22086880.0,OI1405
2013-11-13 13:42:00,7564,7566,7564,7564,284,277550,21481760.0,OI1405
2013-11-13 13:43:00,7566,7566,7564,7566,192,277532,14522880.0,OI1405
2013-11-13 13:44:00,7566,7568,7562,7564,632,277668,47804480.0,OI1405
2013-11-13 13:45:00,7564,7564,7556,7556,1762,277458,133277680.0,OI1405
2013-11-13 13:46:00,7556,7558,7552,7556,1408,277454,106501120.0,OI1405
2013-11-13 13:47:00,7556,7560,7554,7560,1668,277828,126167520.0,OI1405
2013-11-13 13:48:00,7560,7560,7558,7560,614,277904,46442960.0,OI1405
2013-11-13 13:49:00,7560,7560,7554,7556,1022,277770,77304080.0,OI1405
2013-11-13 13:50:00,7554,7558,7554,7558,542,277728,40996880.0,OI1405
2013-11-13 13:51:00,7558,7560,7554,7554,504,277722,38122560.0,OI1405
2013-11-13 13:52:00,7556,7556,7552,7556,774,277776,58545360.0,OI1405
2013-11-13 13:53:00,7554,7556,7554,7556,166,277750,12556240.0,OI1405
2013-11-13 13:54:00,7554,7554,7548,7550,2410,277966,182292400.0,OI1405
2013-11-13 13:55:00,7550,7550,7546,7550,1232,277748,93188480.0,OI1405
2013-11-13 13:56:00,7550,7550,7548,7550,1782,277362,134790480.0,OI1405
2013-11-13 13:57:00,7548,7550,7546,7550,932,276982,70496480.0,OI1405
2013-11-13 13:58:00,7550,7556,7550,7552,1006,276966,76093840.0,OI1405
2013-11-13 13:59:00,7552,7554,7546,7548,1076,277142,81367400.0,OI1405
2013-11-13 14:00:00,7546,7550,7546,7550,490,277196,37053800.0,OI1405
2013-11-13 14:01:00,7550,7556,7550,7552,1780,277144,134603600.0,OI1405
2013-11-13 14:02:00,7552,7554,7550,7554,614,277224,46430680.0,OI1405
2013-11-13 14:03:00,7554,7556,7552,7554,434,277200,32819080.0,OI1405
2013-11-13 14:04:00,7554,7556,7552,7554,162,277198,12250440.0,OI1405
2013-11-13 14:05:00,7554,7554,7550,7552,322,277272,24349640.0,OI1405
2013-11-13 14:06:00,7552,7554,7550,7552,220,277196,16636400.0,OI1405
2013-11-13 14:07:00,7554,7554,7552,7552,444,277234,33575280.0,OI1405
2013-11-13 14:08:00,7550,7552,7550,7550,1280,277138,96793600.0,OI1405
2013-11-13 14:09:00,7550,7550,7544,7546,3276,276474,247731120.0,OI1405
2013-11-13 14:10:00,7546,7550,7546,7548,1456,276016,110102720.0,OI1405
2013-11-13 14:11:00,7548,7548,7542,7542,2590,276510,195855800.0,OI1405
2013-11-13 14:12:00,7544,7550,7544,7548,938,276408,70931560.0,OI1405
2013-11-13 14:13:00,7546,7554,7546,7552,1142,276252,86358040.0,OI1405
2013-11-13 14:14:00,7552,7552,7546,7550,942,276524,71234040.0,OI1405
2013-11-13 14:15:00,7548,7552,7548,7550,940,276282,71082800.0,OI1405
2013-11-13 14:16:00,7550,7552,7550,7552,134,276214,10133080.0,OI1405
2013-11-13 14:17:00,7552,7554,7550,7554,642,276042,48548040.0,OI1405
2013-11-13 14:18:00,7554,7554,7552,7554,108,275982,8166960.0,OI1405
2013-11-13 14:19:00,7552,7552,7550,7552,522,275974,39473640.0,OI1405
2013-11-13 14:20:00,7552,7556,7552,7554,500,275894,37810000.0,OI1405
2013-11-13 14:21:00,7554,7558,7554,7558,728,275598,55051360.0,OI1405
2013-11-13 14:22:00,7556,7558,7554,7558,756,275646,57168720.0,OI1405
2013-11-13 14:23:00,7556,7558,7554,7554,238,275748,17997560.0,OI1405
2013-11-13 14:24:00,7556,7556,7554,7554,386,275770,29189320.0,OI1405
2013-11-13 14:25:00,7556,7556,7552,7554,510,275706,38566200.0,OI1405
2013-11-13 14:26:00,7554,7556,7554,7556,68,275708,5142160.0,OI1405
2013-11-13 14:27:00,7556,7556,7554,7554,108,275760,8166960.0,OI1405
2013-11-13 14:28:00,7554,7554,7552,7554,200,275828,15124000.0,OI1405
2013-11-13 14:29:00,7554,7554,7550,7554,898,275658,67906760.0,OI1405
2013-11-13 14:30:00,7550,7554,7550,7554,380,275722,28735600.0,OI1405
2013-11-13 14:31:00,7554,7554,7550,7552,406,275864,30701720.0,OI1405
2013-11-13 14:32:00,7552,7552,7550,7550,238,275822,17997560.0,OI1405
2013-11-13 14:33:00,7548,7550,7548,7548,480,275634,36297600.0,OI1405
2013-11-13 14:34:00,7548,7550,7546,7550,486,275648,36751320.0,OI1405
2013-11-13 14:35:00,7548,7550,7546,7548,462,275656,34936440.0,OI1405
2013-11-13 14:36:00,7546,7550,7546,7550,712,275614,53841440.0,OI1405
2013-11-13 14:37:00,7548,7552,7546,7550,1042,275308,78796040.0,OI1405
2013-11-13 14:38:00,7550,7552,7548,7552,308,275288,23290960.0,OI1405
2013-11-13 14:39:00,7552,7554,7550,7554,630,275190,47640600.0,OI1405
2013-11-13 14:40:00,7552,7554,7552,7554,624,275130,47186880.0,OI1405
2013-11-13 14:41:00,7552,7554,7550,7552,388,275162,29340560.0,OI1405
2013-11-13 14:42:00,7550,7552,7550,7552,664,275340,50211680.0,OI1405
2013-11-13 14:43:00,7550,7552,7550,7550,400,275340,30248000.0,OI1405
2013-11-13 14:44:00,7550,7552,7550,7550,688,275082,52026560.0,OI1405
2013-11-13 14:45:00,7550,7552,7550,7552,76,275066,5747120.0,OI1405
2013-11-13 14:46:00,7550,7552,7550,7552,754,274818,57017480.0,OI1405
2013-11-13 14:47:00,7552,7554,7550,7552,556,274488,42044720.0,OI1405
2013-11-13 14:48:00,7550,7552,7548,7550,1252,273806,94676240.0,OI1405
2013-11-13 14:49:00,7550,7552,7550,7552,472,273780,35692640.0,OI1405
2013-11-13 14:50:00,7552,7554,7552,7554,1276,273760,96491120.0,OI1405
2013-11-13 14:51:00,7554,7554,7552,7552,204,273738,15426480.0,OI1405
2013-11-13 14:52:00,7552,7554,7552,7554,726,273676,54900120.0,OI1405
2013-11-13 14:53:00,7556,7556,7554,7554,530,273682,40078600.0,OI1405
2013-11-13 14:54:00,7556,7564,7556,7562,4146,272970,313520520.0,OI1405
2013-11-13 14:55:00,7564,7564,7558,7560,1522,272980,115093640.0,OI1405
2013-11-13 14:56:00,7560,7560,7556,7558,864,273054,65335680.0,OI1405
2013-11-13 14:57:00,7558,7560,7558,7560,692,272924,52329040.0,OI1405
2013-11-13 14:58:00,7558,7560,7558,7558,1570,272596,118723400.0,OI1405
2013-11-13 14:59:00,7560,7560,7556,7558,3442,272004,260284040.0,OI1405
2013-11-14 09:00:00,7560,7566,7546,7562,4208,272904,318012640.0,OI1405
2013-11-14 09:01:00,7562,7566,7554,7558,2688,273698,203155200.0,OI1405
2013-11-14 09:02:00,7558,7562,7556,7560,2986,274082,225681880.0,OI1405
2013-11-14 09:03:00,7562,7564,7556,7558,2998,274926,226613160.0,OI1405
2013-11-14 09:04:00,7558,7572,7558,7572,4560,275182,344750280.0,OI1405
2013-11-14 09:05:00,7570,7578,7566,7568,4406,276012,333220760.0,OI1405
2013-11-14 09:06:00,7568,7582,7568,7580,4046,276670,306056960.0,OI1405
2013-11-14 09:07:00,7580,7582,7570,7570,3492,277552,264204720.0,OI1405
2013-11-14 09:08:00,7572,7574,7568,7572,3122,278612,236238400.0,OI1405
2013-11-14 09:09:00,7572,7572,7566,7566,2526,279018,191167680.0,OI1405
2013-11-14 09:10:00,7566,7570,7564,7570,1248,279000,94448640.0,OI1405
2013-11-14 09:11:00,7568,7570,7564,7564,1304,279154,98686720.0,OI1405
2013-11-14 09:12:00,7566,7566,7560,7564,2148,278952,162560640.0,OI1405
2013-11-14 09:13:00,7562,7564,7558,7564,3130,279342,236836840.0,OI1405
2013-11-14 09:14:00,7564,7566,7562,7564,876,279368,66278160.0,OI1405
2013-11-14 09:15:00,7564,7566,7560,7562,828,279464,62646480.0,OI1405
2013-11-14 09:16:00,7562,7562,7558,7560,816,279564,61738560.0,OI1405
2013-11-14 09:17:00,7560,7566,7558,7564,1358,279604,102746280.0,OI1405
2013-11-14 09:18:00,7564,7566,7562,7566,816,279778,61738560.0,OI1405
2013-11-14 09:19:00,7566,7566,7564,7564,354,279768,26783640.0,OI1405
2013-11-14 09:20:00,7566,7570,7564,7570,1460,279532,110463600.0,OI1405
2013-11-14 09:21:00,7570,7574,7570,7570,2168,279976,164030880.0,OI1405
2013-11-14 09:22:00,7570,7574,7570,7572,1770,280270,133918200.0,OI1405
2013-11-14 09:23:00,7574,7574,7570,7570,1774,280604,134230120.0,OI1405
2013-11-14 09:24:00,7572,7576,7570,7574,920,280248,69625600.0,OI1405
2013-11-14 09:25:00,7574,7578,7572,7578,1580,280340,119574400.0,OI1405
2013-11-14 09:26:00,7578,7578,7570,7570,1436,280508,108676480.0,OI1405
2013-11-14 09:27:00,7570,7572,7568,7572,1026,280504,77647680.0,OI1405
2013-11-14 09:28:00,7572,7572,7568,7568,724,280446,54792320.0,OI1405
2013-11-14 09:29:00,7568,7570,7566,7566,1962,280646,148484160.0,OI1405
2013-11-14 09:30:00,7568,7570,7566,7568,430,280588,32542400.0,OI1405
2013-11-14 09:31:00,7568,7570,7568,7568,202,280566,15287360.0,OI1405
2013-11-14 09:32:00,7570,7570,7568,7568,622,280460,47072960.0,OI1405
2013-11-14 09:33:00,7568,7572,7566,7572,460,280396,34812800.0,OI1405
2013-11-14 09:34:00,7572,7572,7570,7570,208,280428,15741440.0,OI1405
2013-11-14 09:35:00,7572,7572,7568,7570,632,280490,47829760.0,OI1405
2013-11-14 09:36:00,7570,7570,7568,7568,350,280434,26488000.0,OI1405
2013-11-14 09:37:00,7568,7570,7562,7562,1376,280416,104135680.0,OI1405
2013-11-14 09:38:00,7562,7564,7562,7562,828,280322,62663040.0,OI1405
2013-11-14 09:39:00,7564,7566,7562,7564,976,280518,73863680.0,OI1405
2013-11-14 09:40:00,7562,7564,7560,7562,692,280598,52370560.0,OI1405
2013-11-14 09:41:00,7562,7562,7548,7552,4242,281306,321014040.0,OI1405
2013-11-14 09:42:00,7552,7554,7550,7550,1964,282044,148596240.0,OI1405
2013-11-14 09:43:00,7550,7554,7550,7554,1444,282398,109253040.0,OI1405
2013-11-14 09:44:00,7552,7552,7546,7548,3040,283454,230006400.0,OI1405
2013-11-14 09:45:00,7548,7550,7544,7548,2358,283354,178404120.0,OI1405
2013-11-14 09:46:00,7546,7552,7546,7550,1336,282744,101055040.0,OI1405
2013-11-14 09:47:00,7550,7554,7550,7554,1090,282680,82447600.0,OI1405
2013-11-14 09:48:00,7552,7554,7552,7552,212,282686,16035680.0,OI1405
2013-11-14 09:49:00,7552,7554,7552,7554,652,282706,49317280.0,OI1405
2013-11-14 09:50:00,7554,7554,7548,7550,1580,282696,119511200.0,OI1405
2013-11-14 09:51:00,7550,7550,7548,7550,558,282668,42207120.0,OI1405
2013-11-14 09:52:00,7548,7552,7546,7552,730,282338,55217200.0,OI1405
2013-11-14 09:53:00,7550,7554,7550,7550,660,282524,49922400.0,OI1405
2013-11-14 09:54:00,7552,7556,7552,7554,1648,282906,124654720.0,OI1405
2013-11-14 09:55:00,7556,7556,7552,7556,642,283158,48560880.0,OI1405
2013-11-14 09:56:00,7556,7556,7554,7554,250,283272,18910000.0,OI1405
2013-11-14 09:57:00,7554,7556,7552,7554,220,283384,16640800.0,OI1405
2013-11-14 09:58:00,7554,7556,7552,7554,218,283286,16489520.0,OI1405
2013-11-14 09:59:00,7556,7556,7554,7556,82,283268,6202480.0,OI1405
2013-11-14 10:00:00,7556,7556,7554,7554,302,283162,22843280.0,OI1405
2013-11-14 10:01:00,7554,7558,7554,7558,258,283184,19515120.0,OI1405
2013-11-14 10:02:00,7556,7560,7556,7558,876,283156,66260640.0,OI1405
2013-11-14 10:03:00,7558,7560,7558,7560,468,283216,35399520.0,OI1405
2013-11-14 10:04:00,7558,7560,7558,7560,500,283162,37820000.0,OI1405
2013-11-14 10:05:00,7558,7560,7558,7560,434,283192,32827760.0,OI1405
2013-11-14 10:06:00,7560,7560,7558,7560,1076,282956,81388640.0,OI1405
2013-11-14 10:07:00,7562,7562,7560,7560,640,282710,48409600.0,OI1405
2013-11-14 10:08:00,7560,7562,7560,7560,866,282532,65504240.0,OI1405
2013-11-14 10:09:00,7560,7562,7558,7560,874,281964,66109360.0,OI1405
2013-11-14 10:10:00,7560,7560,7558,7560,704,281590,53250560.0,OI1405
2013-11-14 10:11:00,7560,7560,7558,7558,576,281260,43568640.0,OI1405
2013-11-14 10:12:00,7558,7560,7558,7560,564,281022,42660960.0,OI1405
2013-11-14 10:13:00,7560,7562,7560,7560,186,280942,14069040.0,OI1405
2013-11-14 10:14:00,7560,7564,7560,7564,886,280620,67017040.0,OI1405
2013-11-14 10:30:00,7562,7564,7562,7564,766,280592,57940240.0,OI1405
2013-11-14 10:31:00,7566,7566,7564,7566,700,280610,52948000.0,OI1405
2013-11-14 10:32:00,7566,7568,7564,7566,784,280548,59301760.0,OI1405
2013-11-14 10:33:00,7568,7568,7564,7564,622,280538,47048080.0,OI1405
2013-11-14 10:34:00,7566,7566,7560,7560,602,280674,45535280.0,OI1405
2013-11-14 10:35:00,7560,7564,7560,7562,596,280420,45081440.0,OI1405
2013-11-14 10:36:00,7562,7564,7560,7562,368,280364,27835520.0,OI1405
2013-11-14 10:37:00,7564,7564,7562,7562,378,280190,28591920.0,OI1405
2013-11-14 10:38:00,7562,7564,7560,7562,190,280112,14371600.0,OI1405
2013-11-14 10:39:00,7562,7564,7558,7560,676,280252,51132640.0,OI1405
2013-11-14 10:40:00,7560,7562,7558,7558,362,280004,27381680.0,OI1405
2013-11-14 10:41:00,7560,7560,7558,7558,82,280026,6202480.0,OI1405
2013-11-14 10:42:00,7558,7560,7558,7558,142,280062,10740880.0,OI1405
2013-11-14 10:43:00,7558,7560,7558,7558,138,280100,10438320.0,OI1405
2013-11-14 10:44:00,7558,7560,7558,7560,402,279968,30407280.0,OI1405
2013-11-14 10:45:00,7558,7562,7558,7560,442,279912,33432880.0,OI1405
2013-11-14 10:46:00,7560,7560,7558,7558,258,279924,19515120.0,OI1405
2013-11-14 10:47:00,7558,7560,7556,7556,492,279794,37214880.0,OI1405
2013-11-14 10:48:00,7556,7560,7556,7558,438,279810,33130320.0,OI1405
2013-11-14 10:49:00,7560,7560,7558,7558,194,279778,14674160.0,OI1405
2013-11-14 10:50:00,7558,7558,7556,7558,164,279784,12404960.0,OI1405
2013-11-14 10:51:00,7558,7560,7558,7560,178,279756,13463920.0,OI1405
2013-11-14 10:52:00,7560,7560,7556,7556,342,279588,25868880.0,OI1405
2013-11-14 10:53:00,7556,7556,7552,7552,728,279568,55065920.0,OI1405
2013-11-14 10:54:00,7554,7554,7550,7552,712,279722,53855680.0,OI1405
2013-11-14 10:55:00,7550,7554,7550,7554,148,279746,11194720.0,OI1405
2013-11-14 10:56:00,7554,7556,7554,7554,94,279796,7110160.0,OI1405
2013-11-14 10:57:00,7554,7556,7554,7554,164,279752,12404960.0,OI1405
2013-11-14 10:58:00,7554,7558,7554,7558,204,279722,15430560.0,OI1405
2013-11-14 10:59:00,7558,7560,7556,7560,360,279544,27230400.0,OI1405
2013-11-14 11:00:00,7560,7562,7560,7562,340,279518,25717600.0,OI1405
2013-11-14 11:01:00,7562,7566,7558,7564,984,279694,74429760.0,OI1405
2013-11-14 11:02:00,7564,7566,7562,7562,944,279842,71404160.0,OI1405
2013-11-14 11:03:00,7562,7564,7560,7562,378,280056,28591920.0,OI1405
2013-11-14 11:04:00,7562,7566,7562,7564,720,280152,54460800.0,OI1405
2013-11-14 11:05:00,7564,7572,7564,7572,1900,280312,143716000.0,OI1405
2013-11-14 11:06:00,7570,7572,7566,7568,1432,280944,108316480.0,OI1405
2013-11-14 11:07:00,7566,7570,7566,7570,770,280908,58242800.0,OI1405
2013-11-14 11:08:00,7570,7570,7566,7566,766,280806,57940240.0,OI1405
2013-11-14 11:09:00,7566,7568,7566,7568,140,280776,10589600.0,OI1405
2013-11-14 11:10:00,7568,7570,7566,7566,822,280722,62176080.0,OI1405
2013-11-14 11:11:00,7566,7568,7566,7568,176,280684,13312640.0,OI1405
2013-11-14 11:12:00,7568,7570,7566,7568,398,280786,30104720.0,OI1405
2013-11-14 11:13:00,7568,7568,7566,7568,274,280804,20725360.0,OI1405
2013-11-14 11:14:00,7568,7570,7568,7570,100,280820,7564000.0,OI1405
2013-11-14 11:15:00,7570,7570,7568,7568,358,280806,27079120.0,OI1405
2013-11-14 11:16:00,7568,7570,7568,7568,128,280806,9681920.0,OI1405
2013-11-14 11:17:00,7570,7576,7568,7576,2116,280910,160054240.0,OI1405
2013-11-14 11:18:00,7576,7582,7576,7582,3664,281366,277144960.0,OI1405
2013-11-14 11:19:00,7580,7582,7576,7578,2040,281622,154305600.0,OI1405
2013-11-14 11:20:00,7578,7578,7574,7574,2904,281644,219658560.0,OI1405
2013-11-14 11:21:00,7578,7578,7574,7576,506,281674,38273840.0,OI1405
2013-11-14 11:22:00,7576,7578,7576,7578,322,281662,24356080.0,OI1405
2013-11-14 11:23:00,7578,7578,7574,7576,1670,281436,126318800.0,OI1405
2013-11-14 11:24:00,7576,7576,7570,7572,1590,281052,120267600.0,OI1405
2013-11-14 11:25:00,7572,7574,7564,7566,1932,280776,146136480.0,OI1405
2013-11-14 11:26:00,7562,7568,7562,7568,1242,280668,93944880.0,OI1405
2013-11-14 11:27:00,7566,7568,7566,7568,1136,281164,85927040.0,OI1405
2013-11-14 11:28:00,7566,7568,7564,7566,800,281222,60512000.0,OI1405
2013-11-14 11:29:00,7566,7568,7564,7568,596,280968,45081440.0,OI1405
2013-11-14 13:30:00,7566,7566,7560,7560,914,281144,69134960.0,OI1405
2013-11-14 13:31:00,7560,7564,7560,7564,468,280954,35399520.0,OI1405
2013-11-14 13:32:00,7564,7566,7562,7564,472,280942,35702080.0,OI1405
2013-11-14 13:33:00,7566,7566,7564,7566,354,280952,26776560.0,OI1405
2013-11-14 13:34:00,7566,7568,7564,7568,338,281026,25566320.0,OI1405
2013-11-14 13:35:00,7568,7568,7566,7568,340,281030,25717600.0,OI1405
2013-11-14 13:36:00,7568,7568,7566,7566,222,281066,16792080.0,OI1405
2013-11-14 13:37:00,7568,7572,7568,7572,740,281108,55978560.0,OI1405
2013-11-14 13:38:00,7572,7574,7570,7572,446,281218,33744360.0,OI1405
2013-11-14 13:39:00,7572,7574,7572,7574,506,281250,38283960.0,OI1405
2013-11-14 13:40:00,7574,7574,7570,7570,188,281322,14224080.0,OI1405
2013-11-14 13:41:00,7572,7572,7570,7572,426,281210,32231160.0,OI1405
2013-11-14 13:42:00,7574,7574,7570,7572,224,281222,16947840.0,OI1405
2013-11-14 13:43:00,7572,7574,7570,7570,240,281268,18158400.0,OI1405
2013-11-14 13:44:00,7570,7572,7570,7570,444,281476,33593040.0,OI1405
2013-11-14 13:45:00,7570,7572,7570,7572,414,281764,31323240.0,OI1405
2013-11-14 13:46:00,7572,7572,7570,7572,234,281878,17704440.0,OI1405
2013-11-14 13:47:00,7572,7572,7570,7572,104,281820,7868640.0,OI1405
2013-11-14 13:48:00,7572,7572,7570,7570,240,281816,18158400.0,OI1405
2013-11-14 13:49:00,7570,7572,7570,7570,140,281768,10592400.0,OI1405
2013-11-14 13:50:00,7570,7572,7570,7572,56,281762,4236960.0,OI1405
2013-11-14 13:51:00,7570,7572,7570,7572,464,281714,35106240.0,OI1405
2013-11-14 13:52:00,7574,7576,7570,7574,692,281648,52356720.0,OI1405
2013-11-14 13:53:00,7572,7578,7572,7578,904,281712,68396640.0,OI1405
2013-11-14 13:54:00,7576,7576,7572,7574,576,281832,43580160.0,OI1405
2013-11-14 13:55:00,7574,7576,7572,7574,388,281900,29356080.0,OI1405
2013-11-14 13:56:00,7574,7576,7574,7576,152,281908,11500320.0,OI1405
2013-11-14 13:57:00,7574,7576,7574,7576,100,281912,7566000.0,OI1405
2013-11-14 13:58:00,7576,7578,7574,7578,494,282012,37376040.0,OI1405
2013-11-14 13:59:00,7576,7586,7576,7586,3992,282460,302034720.0,OI1405
2013-11-14 14:00:00,7586,7596,7584,7594,6500,284176,491790000.0,OI1405
2013-11-14 14:01:00,7596,7616,7594,7612,8534,286328,645825400.0,OI1405
2013-11-14 14:02:00,7612,7612,7604,7606,4044,286514,306094880.0,OI1405
2013-11-14 14:03:00,7604,7606,7596,7598,4804,287172,363662800.0,OI1405
2013-11-14 14:04:00,7602,7602,7598,7600,5146,289378,389574400.0,OI1405
2013-11-14 14:05:00,7600,7604,7598,7602,3112,290448,235640640.0,OI1405
2013-11-14 14:06:00,7604,7604,7600,7602,3306,291912,250330320.0,OI1405
2013-11-14 14:07:00,7602,7606,7602,7606,3494,292198,264565680.0,OI1405
2013-11-14 14:08:00,7606,7610,7604,7608,4780,293436,362011720.0,OI1405
2013-11-14 14:09:00,7610,7620,7608,7618,6578,294544,498217720.0,OI1405
2013-11-14 14:10:00,7616,7630,7616,7626,7428,296254,562733920.0,OI1405
2013-11-14 14:11:00,7624,7626,7618,7620,5930,296258,449333240.0,OI1405
2013-11-14 14:12:00,7620,7632,7620,7632,6494,297878,492128280.0,OI1405
2013-11-14 14:13:00,7630,7636,7628,7628,6736,299982,510588800.0,OI1405
2013-11-14 14:14:00,7630,7636,7628,7636,3322,300334,251841000.0,OI1405
2013-11-14 14:15:00,7634,7636,7628,7630,3346,301212,253693720.0,OI1405
2013-11-14 14:16:00,7630,7634,7628,7634,3244,301536,245960080.0,OI1405
2013-11-14 14:17:00,7632,7634,7630,7630,1752,302122,132844360.0,OI1405
2013-11-14 14:18:00,7630,7632,7628,7630,2428,302482,184139520.0,OI1405
2013-11-14 14:19:00,7628,7632,7628,7628,2288,302360,173521920.0,OI1405
2013-11-14 14:20:00,7630,7630,7626,7626,1456,302462,110423040.0,OI1405
2013-11-14 14:21:00,7626,7626,7622,7626,2980,301916,226003200.0,OI1405
2013-11-14 14:22:00,7626,7630,7624,7626,3272,302880,248179000.0,OI1405
2013-11-14 14:23:00,7624,7628,7620,7628,5386,304150,408581960.0,OI1405
2013-11-14 14:24:00,7626,7628,7624,7628,2470,305138,187374200.0,OI1405
2013-11-14 14:25:00,7628,7630,7626,7628,1314,305206,99680040.0,OI1405
2013-11-14 14:26:00,7628,7628,7624,7628,1802,305434,136699720.0,OI1405
2013-11-14 14:27:00,7628,7630,7626,7630,362,305270,27461320.0,OI1405
2013-11-14 14:28:00,7628,7638,7628,7636,7760,305178,588826880.0,OI1405
2013-11-14 14:29:00,7636,7644,7634,7642,7878,306804,597854320.0,OI1405
2013-11-14 14:30:00,7642,7642,7636,7638,4426,306518,335933400.0,OI1405
2013-11-14 14:31:00,7638,7640,7630,7632,5144,304866,390461760.0,OI1405
2013-11-14 14:32:00,7630,7636,7630,7632,4070,305264,308994400.0,OI1405
2013-11-14 14:33:00,7632,7632,7626,7628,4228,304980,320989760.0,OI1405
2013-11-14 14:34:00,7628,7630,7626,7628,730,304812,55421600.0,OI1405
2013-11-14 14:35:00,7628,7632,7628,7632,1180,304804,89585600.0,OI1405
2013-11-14 14:36:00,7632,7632,7624,7626,3108,305126,235959360.0,OI1405
2013-11-14 14:37:00,7626,7634,7624,7632,2400,305418,182236480.0,OI1405
2013-11-14 14:38:00,7632,7634,7630,7630,2108,306196,160081520.0,OI1405
2013-11-14 14:39:00,7628,7632,7628,7628,974,306664,73965560.0,OI1405
2013-11-14 14:40:00,7628,7632,7628,7632,1334,307046,101303960.0,OI1405
2013-11-14 14:41:00,7634,7634,7626,7628,2710,308086,205797400.0,OI1405
2013-11-14 14:42:00,7628,7630,7626,7628,1196,308134,90824240.0,OI1405
2013-11-14 14:43:00,7628,7630,7626,7630,1566,309002,118922040.0,OI1405
2013-11-14 14:44:00,7630,7630,7628,7630,504,308976,38273760.0,OI1405
2013-11-14 14:45:00,7628,7630,7626,7630,784,308970,59536960.0,OI1405
2013-11-14 14:46:00,7628,7630,7628,7628,548,309138,41615120.0,OI1405
2013-11-14 14:47:00,7630,7634,7630,7634,2036,309218,154613840.0,OI1405
2013-11-14 14:48:00,7634,7640,7634,7638,2904,309474,220550160.0,OI1405
2013-11-14 14:49:00,7636,7638,7634,7636,2826,309546,214662960.0,OI1405
2013-11-14 14:50:00,7636,7640,7636,7640,1800,310034,136728000.0,OI1405
2013-11-14 14:51:00,7638,7648,7638,7648,7698,311262,584740080.0,OI1405
2013-11-14 14:52:00,7646,7648,7644,7648,2972,311338,225787760.0,OI1405
2013-11-14 14:53:00,7648,7648,7644,7648,2538,311466,192837240.0,OI1405
2013-11-14 14:54:00,7648,7652,7648,7652,3684,312050,279910320.0,OI1405
2013-11-14 14:55:00,7650,7654,7646,7650,5310,312142,403453800.0,OI1405
2013-11-14 14:56:00,7648,7652,7648,7650,3434,312026,260978960.0,OI1405
2013-11-14 14:57:00,7650,7652,7640,7640,4146,311416,315096000.0,OI1405
2013-11-14 14:58:00,7642,7642,7632,7638,5914,309326,449464000.0,OI1405
2013-11-14 14:59:00,7638,7640,7634,7638,4858,307732,369219840.0,OI1405
2013-11-15 09:00:00,7620,7634,7620,7630,9076,307642,692098280.0,OI1405
2013-11-15 09:01:00,7630,7634,7628,7630,3994,307752,304673160.0,OI1405
2013-11-15 09:02:00,7630,7636,7626,7634,3876,308478,295738800.0,OI1405
2013-11-15 09:03:00,7636,7636,7624,7624,3292,309262,251179600.0,OI1405
2013-11-15 09:04:00,7624,7630,7624,7630,2198,309130,167707400.0,OI1405
2013-11-15 09:05:00,7630,7630,7622,7624,2704,309842,206315200.0,OI1405
2013-11-15 09:06:00,7624,7624,7618,7622,3920,309714,299017800.0,OI1405
2013-11-15 09:07:00,7622,7632,7620,7632,1870,309848,142643600.0,OI1405
2013-11-15 09:08:00,7632,7634,7628,7630,2290,310838,174681200.0,OI1405
2013-11-15 09:09:00,7630,7634,7630,7632,1590,311498,121285200.0,OI1405
2013-11-15 09:10:00,7634,7634,7630,7632,2750,311192,209770000.0,OI1405
2013-11-15 09:11:00,7632,7632,7628,7628,1568,311596,119607040.0,OI1405
2013-11-15 09:12:00,7628,7632,7628,7630,750,311608,57210000.0,OI1405
2013-11-15 09:13:00,7630,7632,7626,7626,878,311666,66973840.0,OI1405
2013-11-15 09:14:00,7628,7630,7626,7628,776,311684,59193280.0,OI1405
2013-11-15 09:15:00,7628,7632,7628,7630,930,311908,70940400.0,OI1405
2013-11-15 09:16:00,7628,7632,7626,7626,1260,312178,96112800.0,OI1405
2013-11-15 09:17:00,7626,7628,7624,7628,1768,312164,134863040.0,OI1405
2013-11-15 09:18:00,7626,7628,7622,7622,1346,312372,102672880.0,OI1405
2013-11-15 09:19:00,7622,7624,7614,7616,6700,312198,511076000.0,OI1405
2013-11-15 09:20:00,7614,7616,7610,7614,4992,311530,380716080.0,OI1405
2013-11-15 09:21:00,7614,7616,7614,7616,1370,311616,104476200.0,OI1405
2013-11-15 09:22:00,7616,7616,7612,7614,2264,312010,172652640.0,OI1405
2013-11-15 09:23:00,7614,7614,7608,7612,4222,313526,321938840.0,OI1405
2013-11-15 09:24:00,7610,7616,7610,7616,2816,313374,214691840.0,OI1405
2013-11-15 09:25:00,7616,7620,7616,7618,908,313570,69225920.0,OI1405
2013-11-15 09:26:00,7618,7620,7616,7618,988,313862,75325120.0,OI1405
2013-11-15 09:27:00,7618,7622,7616,7620,974,313944,74257760.0,OI1405
2013-11-15 09:28:00,7618,7620,7618,7618,356,313924,27141440.0,OI1405
2013-11-15 09:29:00,7618,7620,7618,7618,446,314006,34003040.0,OI1405
2013-11-15 09:30:00,7620,7622,7618,7622,622,313894,47421280.0,OI1405
2013-11-15 09:31:00,7620,7622,7618,7618,744,314174,56722560.0,OI1405
2013-11-15 09:32:00,7618,7620,7618,7620,566,314204,43151840.0,OI1405
2013-11-15 09:33:00,7620,7622,7618,7618,820,314250,62516800.0,OI1405
2013-11-15 09:34:00,7620,7632,7620,7632,3534,313846,269432160.0,OI1405
2013-11-15 09:35:00,7632,7636,7628,7634,3636,314584,277208640.0,OI1405
2013-11-15 09:36:00,7636,7646,7636,7644,7912,316010,603303640.0,OI1405
2013-11-15 09:37:00,7644,7646,7638,7638,4136,316484,315411360.0,OI1405
2013-11-15 09:38:00,7638,7642,7638,7642,1662,316770,126744120.0,OI1405
2013-11-15 09:39:00,7642,7642,7638,7640,1248,316848,95172480.0,OI1405
2013-11-15 09:40:00,7638,7640,7636,7636,1074,317356,81924280.0,OI1405
2013-11-15 09:41:00,7638,7638,7630,7636,2772,316768,211448160.0,OI1405
2013-11-15 09:42:00,7636,7640,7634,7640,1424,317346,108622720.0,OI1405
2013-11-15 09:43:00,7640,7642,7638,7640,888,317364,67736640.0,OI1405
2013-11-15 09:44:00,7640,7650,7640,7650,3318,318500,253097040.0,OI1405
2013-11-15 09:45:00,7648,7650,7646,7646,3390,319498,258589200.0,OI1405
2013-11-15 09:46:00,7646,7656,7646,7656,6868,321040,524005080.0,OI1405
2013-11-15 09:47:00,7654,7664,7654,7664,8670,322418,661618640.0,OI1405
2013-11-15 09:48:00,7664,7666,7658,7658,5654,322984,431559200.0,OI1405
2013-11-15 09:49:00,7658,7672,7658,7672,5070,324296,387043800.0,OI1405
2013-11-15 09:50:00,7670,7680,7668,7678,9904,326730,756271920.0,OI1405
2013-11-15 09:51:00,7680,7690,7678,7688,9824,328646,750450960.0,OI1405
2013-11-15 09:52:00,7688,7688,7674,7676,7354,329446,561944640.0,OI1405
2013-11-15 09:53:00,7676,7678,7674,7674,3030,329982,231552600.0,OI1405
2013-11-15 09:54:00,7676,7676,7668,7668,3510,330064,268277960.0,OI1405
2013-11-15 09:55:00,7668,7672,7666,7666,5536,330586,423171840.0,OI1405
2013-11-15 09:56:00,7668,7668,7662,7666,3066,330600,234365040.0,OI1405
2013-11-15 09:57:00,7666,7672,7666,7672,3060,331078,233906400.0,OI1405
2013-11-15 09:58:00,7674,7674,7668,7670,1924,331488,147103080.0,OI1405
2013-11-15 09:59:00,7668,7674,7668,7672,1758,331436,134416680.0,OI1405
2013-11-15 10:00:00,7672,7674,7670,7672,1188,331816,90834480.0,OI1405
2013-11-15 10:01:00,7674,7674,7668,7670,1168,332160,89305280.0,OI1405
2013-11-15 10:02:00,7668,7670,7666,7668,2214,332616,169282440.0,OI1405
2013-11-15 10:03:00,7666,7672,7664,7672,2858,332936,218522680.0,OI1405
2013-11-15 10:04:00,7672,7678,7672,7676,1784,333304,136404640.0,OI1405
2013-11-15 10:05:00,7678,7678,7670,7672,1520,333324,116219200.0,OI1405
2013-11-15 10:06:00,7670,7672,7670,7672,328,333354,25078880.0,OI1405
2013-11-15 10:07:00,7672,7674,7670,7674,846,333256,64688120.0,OI1405
2013-11-15 10:08:00,7674,7674,7672,7672,618,333108,47264640.0,OI1405
2013-11-15 10:09:00,7672,7674,7670,7674,792,333120,60572160.0,OI1405
2013-11-15 10:10:00,7672,7676,7672,7674,1334,333578,102024320.0,OI1405
2013-11-15 10:11:00,7674,7680,7674,7678,4132,334288,316015360.0,OI1405
2013-11-15 10:12:00,7678,7690,7678,7690,4178,335390,319533440.0,OI1405
2013-11-15 10:13:00,7692,7692,7682,7682,2924,335080,223661160.0,OI1405
2013-11-15 10:14:00,7684,7686,7682,7682,1888,334964,144432000.0,OI1405
2013-11-15 10:30:00,7684,7684,7674,7674,3106,335038,237609000.0,OI1405
2013-11-15 10:31:00,7676,7680,7674,7674,2268,335278,173502000.0,OI1405
2013-11-15 10:32:00,7676,7678,7670,7670,2230,335114,170595000.0,OI1405
2013-11-15 10:33:00,7670,7676,7670,7676,1350,335394,103275000.0,OI1405
2013-11-15 10:34:00,7676,7676,7672,7672,1106,335718,84609000.0,OI1405
2013-11-15 10:35:00,7672,7674,7668,7670,2966,335672,226912640.0,OI1405
2013-11-15 10:36:00,7668,7672,7666,7670,1176,335308,89987520.0,OI1405
2013-11-15 10:37:00,7670,7672,7670,7672,984,334996,75295680.0,OI1405
2013-11-15 10:38:00,7672,7672,7670,7672,1054,334700,80652080.0,OI1405
2013-11-15 10:39:00,7670,7674,7670,7672,1164,334848,89069280.0,OI1405
2013-11-15 10:40:00,7672,7672,7666,7666,1956,335698,149673120.0,OI1405
2013-11-15 10:41:00,7668,7670,7666,7668,1166,335562,89222320.0,OI1405
2013-11-15 10:42:00,7668,7670,7666,7668,710,335560,54329200.0,OI1405
2013-11-15 10:43:00,7668,7670,7666,7670,1624,335854,124268480.0,OI1405
2013-11-15 10:44:00,7670,7674,7668,7674,1696,336818,129777920.0,OI1405
2013-11-15 10:45:00,7672,7676,7672,7676,1140,337500,87232800.0,OI1405
2013-11-15 10:46:00,7676,7676,7672,7674,1326,338200,101465520.0,OI1405
2013-11-15 10:47:00,7672,7674,7670,7672,360,338282,27547200.0,OI1405
2013-11-15 10:48:00,7670,7670,7668,7670,1012,338642,77438240.0,OI1405
2013-11-15 10:49:00,7668,7670,7668,7670,1234,339078,94425680.0,OI1405
2013-11-15 10:50:00,7670,7670,7668,7670,1152,338888,88151040.0,OI1405
2013-11-15 10:51:00,7670,7674,7670,7674,536,338750,41014720.0,OI1405
2013-11-15 10:52:00,7674,7684,7674,7684,2568,339320,196503360.0,OI1405
2013-11-15 10:53:00,7684,7684,7678,7678,2026,339954,155045760.0,OI1405
2013-11-15 10:54:00,7678,7680,7676,7678,2034,340964,155682360.0,OI1405
2013-11-15 10:55:00,7678,7680,7670,7672,2478,341602,189666120.0,OI1405
2013-11-15 10:56:00,7672,7674,7670,7670,1538,341962,117718520.0,OI1405
2013-11-15 10:57:00,7670,7672,7666,7668,1488,342238,113891520.0,OI1405
2013-11-15 10:58:00,7668,7670,7666,7670,2556,342592,195636240.0,OI1405
2013-11-15 10:59:00,7670,7670,7666,7666,1868,342874,142976720.0,OI1405
2013-11-15 11:00:00,7668,7670,7666,7668,2208,342812,169000320.0,OI1405
2013-11-15 11:01:00,7668,7670,7666,7668,1168,343476,89398720.0,OI1405
2013-11-15 11:02:00,7670,7670,7666,7666,1670,343928,127821800.0,OI1405
2013-11-15 11:03:00,7668,7668,7658,7658,7782,343922,595634280.0,OI1405
2013-11-15 11:04:00,7658,7670,7658,7666,3186,343418,243856440.0,OI1405
2013-11-15 11:05:00,7668,7668,7664,7666,1576,344246,120627040.0,OI1405
2013-11-15 11:06:00,7664,7672,7664,7672,3326,345252,254572040.0,OI1405
2013-11-15 11:07:00,7670,7674,7670,7672,2638,345896,201912520.0,OI1405
2013-11-15 11:08:00,7670,7678,7670,7676,2672,346228,204555000.0,OI1405
2013-11-15 11:09:00,7676,7678,7670,7670,2866,346968,219420960.0,OI1405
2013-11-15 11:10:00,7670,7680,7668,7678,3262,346258,249738720.0,OI1405
2013-11-15 11:11:00,7678,7680,7674,7674,3430,346456,262600800.0,OI1405
2013-11-15 11:12:00,7672,7676,7672,7676,1376,346668,105346560.0,OI1405
2013-11-15 11:13:00,7674,7682,7674,7680,2368,346512,181294080.0,OI1405
2013-11-15 11:14:00,7680,7682,7676,7676,3014,347360,230751840.0,OI1405
2013-11-15 11:15:00,7676,7678,7674,7676,1272,347306,97384320.0,OI1405
2013-11-15 11:16:00,7678,7682,7676,7682,2070,347558,158479200.0,OI1405
2013-11-15 11:17:00,7682,7688,7680,7686,3594,347698,275156640.0,OI1405
2013-11-15 11:18:00,7686,7690,7684,7686,4246,348314,325140880.0,OI1405
2013-11-15 11:19:00,7686,7686,7680,7680,2200,348182,168476000.0,OI1405
2013-11-15 11:20:00,7680,7684,7678,7682,1796,347718,137537680.0,OI1405
2013-11-15 11:21:00,7684,7690,7682,7690,2672,348598,204621760.0,OI1405
2013-11-15 11:22:00,7688,7692,7680,7684,4590,349894,351502200.0,OI1405
2013-11-15 11:23:00,7684,7686,7678,7680,2092,350068,160205360.0,OI1405
2013-11-15 11:24:00,7680,7682,7678,7678,2016,350046,154385280.0,OI1405
2013-11-15 11:25:00,7678,7680,7672,7676,3014,349116,230812120.0,OI1405
2013-11-15 11:26:00,7676,7676,7668,7676,3170,348790,242758600.0,OI1405
2013-11-15 11:27:00,7674,7678,7674,7678,1094,348804,83778520.0,OI1405
2013-11-15 11:28:00,7678,7678,7672,7676,1922,348968,147186760.0,OI1405
2013-11-15 11:29:00,7676,7678,7674,7676,1290,348268,98806680.0,OI1405
2013-11-15 13:30:00,7676,7680,7674,7678,1174,348362,89928400.0,OI1405
2013-11-15 13:31:00,7680,7682,7678,7678,2090,348866,160094000.0,OI1405
2013-11-15 13:32:00,7678,7680,7674,7676,1044,348588,79970400.0,OI1405
2013-11-15 13:33:00,7676,7680,7674,7678,1078,348430,82574800.0,OI1405
2013-11-15 13:34:00,7682,7684,7680,7682,1880,348768,144008000.0,OI1405
2013-11-15 13:35:00,7680,7684,7680,7682,650,348920,49790000.0,OI1405
2013-11-15 13:36:00,7682,7682,7678,7678,706,348860,54079600.0,OI1405
2013-11-15 13:37:00,7680,7682,7678,7682,736,348836,56377600.0,OI1405
2013-11-15 13:38:00,7682,7682,7676,7678,972,349134,74455200.0,OI1405
2013-11-15 13:39:00,7678,7678,7676,7676,754,349538,57756400.0,OI1405
2013-11-15 13:40:00,7676,7680,7676,7678,1128,349628,86404800.0,OI1405
2013-11-15 13:41:00,7680,7680,7674,7674,906,349930,69399600.0,OI1405
2013-11-15 13:42:00,7676,7676,7674,7674,902,349920,69093200.0,OI1405
2013-11-15 13:43:00,7676,7678,7674,7676,936,349982,71697600.0,OI1405
2013-11-15 13:44:00,7678,7678,7674,7674,648,350036,49636800.0,OI1405
2013-11-15 13:45:00,7674,7676,7674,7674,746,350294,57143600.0,OI1405
2013-11-15 13:46:00,7674,7676,7674,7674,590,350224,45194000.0,OI1405
2013-11-15 13:47:00,7674,7674,7672,7674,1042,350594,79817200.0,OI1405
2013-11-15 13:48:00,7672,7680,7672,7680,1476,350628,113061600.0,OI1405
2013-11-15 13:49:00,7680,7682,7678,7682,1066,350672,81655600.0,OI1405
2013-11-15 13:50:00,7682,7682,7680,7680,438,350818,33550800.0,OI1405
2013-11-15 13:51:00,7680,7690,7678,7688,4952,351480,379323200.0,OI1405
2013-11-15 13:52:00,7692,7694,7688,7690,4490,351814,343934000.0,OI1405
2013-11-15 13:53:00,7688,7690,7686,7688,2522,352210,193206480.0,OI1405
2013-11-15 13:54:00,7688,7690,7684,7684,1380,352292,105735600.0,OI1405
2013-11-15 13:55:00,7684,7684,7682,7682,1368,352232,104816160.0,OI1405
2013-11-15 13:56:00,7682,7684,7680,7682,1448,352556,110945760.0,OI1405
2013-11-15 13:57:00,7684,7686,7682,7686,830,352770,63594600.0,OI1405
2013-11-15 13:58:00,7686,7688,7686,7686,790,352986,60529800.0,OI1405
2013-11-15 13:59:00,7686,7688,7682,7682,1156,353042,88572720.0,OI1405
2013-11-15 14:00:00,7682,7684,7680,7682,894,353154,68498280.0,OI1405
2013-11-15 14:01:00,7682,7682,7674,7674,3346,352928,256370520.0,OI1405
2013-11-15 14:02:00,7674,7678,7674,7676,1762,352722,135004440.0,OI1405
2013-11-15 14:03:00,7676,7678,7674,7676,492,352726,37697040.0,OI1405
2013-11-15 14:04:00,7676,7678,7676,7678,674,352856,51641880.0,OI1405
2013-11-15 14:05:00,7678,7680,7676,7676,310,352902,23752200.0,OI1405
2013-11-15 14:06:00,7676,7678,7674,7676,606,353112,46431720.0,OI1405
2013-11-15 14:07:00,7676,7678,7676,7678,336,353210,25744320.0,OI1405
2013-11-15 14:08:00,7676,7678,7676,7678,420,353258,32180400.0,OI1405
2013-11-15 14:09:00,7680,7680,7672,7674,1386,353886,106195320.0,OI1405
2013-11-15 14:10:00,7672,7676,7672,7672,2122,353184,162587640.0,OI1405
2013-11-15 14:11:00,7672,7674,7666,7666,4472,352210,342644640.0,OI1405
2013-11-15 14:12:00,7668,7672,7666,7670,1956,351698,149868720.0,OI1405
2013-11-15 14:13:00,7672,7674,7670,7672,1260,351428,96541200.0,OI1405
2013-11-15 14:14:00,7674,7674,7670,7670,2116,352026,162127920.0,OI1405
2013-11-15 14:15:00,7672,7674,7660,7664,6288,350456,481786560.0,OI1405
2013-11-15 14:16:00,7664,7666,7662,7662,2668,349722,204422160.0,OI1405
2013-11-15 14:17:00,7662,7664,7660,7662,1652,349562,126576240.0,OI1405
2013-11-15 14:18:00,7662,7664,7656,7656,4678,349692,358428360.0,OI1405
2013-11-15 14:19:00,7656,7660,7654,7656,4986,348504,382027320.0,OI1405
2013-11-15 14:20:00,7654,7656,7650,7654,6188,348416,474124560.0,OI1405
2013-11-15 14:21:00,7656,7660,7654,7656,3562,348234,272920440.0,OI1405
2013-11-15 14:22:00,7654,7658,7654,7654,2466,348486,188944920.0,OI1405
2013-11-15 14:23:00,7654,7654,7646,7652,6436,348750,493126320.0,OI1405
2013-11-15 14:24:00,7650,7654,7650,7652,2014,348480,154312680.0,OI1405
2013-11-15 14:25:00,7654,7658,7654,7658,2834,348860,217141080.0,OI1405
2013-11-15 14:26:00,7658,7658,7650,7650,3404,349312,260814480.0,OI1405
2013-11-15 14:27:00,7650,7654,7650,7654,938,349472,71869560.0,OI1405
2013-11-15 14:28:00,7652,7656,7652,7652,906,349260,69417720.0,OI1405
2013-11-15 14:29:00,7654,7656,7650,7656,994,349098,76160280.0,OI1405
2013-11-15 14:30:00,7656,7656,7646,7646,4378,350484,335442360.0,OI1405
2013-11-15 14:31:00,7646,7648,7640,7644,9438,349232,723139560.0,OI1405
2013-11-15 14:32:00,7644,7644,7630,7640,10816,348598,828567160.0,OI1405
2013-11-15 14:33:00,7640,7642,7636,7636,3188,349008,244200800.0,OI1405
2013-11-15 14:34:00,7638,7644,7636,7640,2814,349148,215552400.0,OI1405
2013-11-15 14:35:00,7642,7642,7628,7636,6670,347378,510922000.0,OI1405
2013-11-15 14:36:00,7636,7642,7634,7640,3870,347266,296442000.0,OI1405
2013-11-15 14:37:00,7638,7642,7634,7638,2986,347792,228727600.0,OI1405
2013-11-15 14:38:00,7636,7642,7634,7634,3386,347890,259367600.0,OI1405
2013-11-15 14:39:00,7636,7636,7618,7620,11154,348264,854353360.0,OI1405
2013-11-15 14:40:00,7620,7634,7620,7634,6338,346238,485364040.0,OI1405
2013-11-15 14:41:00,7634,7638,7632,7636,3552,344674,272012160.0,OI1405
2013-11-15 14:42:00,7634,7638,7632,7638,3960,343070,303256800.0,OI1405
2013-11-15 14:43:00,7638,7642,7634,7634,6480,342656,496238400.0,OI1405
2013-11-15 14:44:00,7634,7634,7616,7622,10546,342232,807612680.0,OI1405
2013-11-15 14:45:00,7622,7630,7614,7620,8746,341346,669651480.0,OI1405
2013-11-15 14:46:00,7622,7624,7612,7614,7892,342922,604211520.0,OI1405
2013-11-15 14:47:00,7614,7626,7614,7620,5158,340394,394896480.0,OI1405
2013-11-15 14:48:00,7620,7626,7614,7626,6826,339426,522598560.0,OI1405
2013-11-15 14:49:00,7626,7626,7612,7618,7360,340156,563433640.0,OI1405
2013-11-15 14:50:00,7616,7626,7616,7624,2808,339458,214924320.0,OI1405
2013-11-15 14:51:00,7624,7624,7612,7614,10666,340920,816375640.0,OI1405
2013-11-15 14:52:00,7616,7622,7606,7620,10786,340332,825560440.0,OI1405
2013-11-15 14:53:00,7618,7624,7618,7624,3660,338772,280136400.0,OI1405
2013-11-15 14:54:00,7622,7628,7622,7622,4984,337146,381428440.0,OI1405
2013-11-15 14:55:00,7620,7626,7620,7622,1964,336970,150285280.0,OI1405
2013-11-15 14:56:00,7620,7624,7618,7620,4954,337004,379080080.0,OI1405
2013-11-15 14:57:00,7620,7624,7618,7620,2342,335978,179209840.0,OI1405
2013-11-15 14:58:00,7622,7626,7620,7624,4612,334482,352910240.0,OI1405
2013-11-15 14:59:00,7622,7626,7618,7624,4478,332512,342656560.0,OI1405
2013-11-18 09:00:00,7582,7588,7580,7586,11248,330762,852961640.0,OI1405
2013-11-18 09:01:00,7588,7588,7572,7574,5894,330420,446988000.0,OI1405
2013-11-18 09:02:00,7570,7572,7540,7544,14252,329128,1079986320.0,OI1405
2013-11-18 09:03:00,7544,7550,7538,7550,7576,328486,573418120.0,OI1405
2013-11-18 09:04:00,7550,7556,7550,7554,3272,328590,247559520.0,OI1405
2013-11-18 09:05:00,7556,7566,7556,7560,4190,327900,317015400.0,OI1405
2013-11-18 09:06:00,7562,7572,7558,7570,4348,327632,328935480.0,OI1405
2013-11-18 09:07:00,7568,7572,7566,7570,1904,327680,144056640.0,OI1405
2013-11-18 09:08:00,7570,7570,7566,7568,1514,327634,114549240.0,OI1405
2013-11-18 09:09:00,7570,7572,7566,7570,1676,327642,126806160.0,OI1405
2013-11-18 09:10:00,7570,7576,7570,7576,2534,327424,191722440.0,OI1405
2013-11-18 09:11:00,7576,7578,7568,7572,2572,327114,194597520.0,OI1405
2013-11-18 09:12:00,7574,7574,7570,7572,2290,327050,173261400.0,OI1405
2013-11-18 09:13:00,7572,7582,7570,7578,2816,326718,213058560.0,OI1405
2013-11-18 09:14:00,7580,7580,7574,7576,2170,327244,164215440.0,OI1405
2013-11-18 09:15:00,7576,7576,7572,7572,1274,326904,96416320.0,OI1405
2013-11-18 09:16:00,7574,7576,7572,7574,800,326900,60544000.0,OI1405
2013-11-18 09:17:00,7574,7576,7572,7574,1224,327018,92632320.0,OI1405
2013-11-18 09:18:00,7576,7576,7572,7572,850,326792,64328000.0,OI1405
2013-11-18 09:19:00,7574,7574,7570,7572,802,326716,60695360.0,OI1405
2013-11-18 09:20:00,7572,7576,7570,7574,704,326464,53278720.0,OI1405
2013-11-18 09:21:00,7576,7576,7572,7574,1120,326272,84761600.0,OI1405
2013-11-18 09:22:00,7574,7576,7572,7572,1740,326112,131683200.0,OI1405
2013-11-18 09:23:00,7574,7574,7564,7564,2762,325334,209028160.0,OI1405
2013-11-18 09:24:00,7564,7568,7560,7566,2302,324570,174215360.0,OI1405
2013-11-18 09:25:00,7566,7572,7566,7572,1014,324492,76739520.0,OI1405
2013-11-18 09:26:00,7572,7572,7570,7572,390,324454,29515200.0,OI1405
2013-11-18 09:27:00,7572,7572,7568,7570,760,324380,57516800.0,OI1405
2013-11-18 09:28:00,7572,7576,7570,7576,1870,324272,141521600.0,OI1405
2013-11-18 09:29:00,7576,7584,7574,7584,1984,324092,150149120.0,OI1405
2013-11-18 09:30:00,7582,7588,7580,7588,2722,324096,206000960.0,OI1405
2013-11-18 09:31:00,7588,7590,7586,7586,2482,324738,187886520.0,OI1405
2013-11-18 09:32:00,7586,7588,7580,7582,1408,324964,106585600.0,OI1405
2013-11-18 09:33:00,7582,7584,7580,7582,810,325018,61317000.0,OI1405
2013-11-18 09:34:00,7582,7582,7578,7580,840,325298,63588000.0,OI1405
2013-11-18 09:35:00,7580,7584,7580,7584,924,325650,69946800.0,OI1405
2013-11-18 09:36:00,7584,7586,7582,7584,864,325912,65404800.0,OI1405
2013-11-18 09:37:00,7584,7584,7582,7582,538,325938,40726600.0,OI1405
2013-11-18 09:38:00,7580,7582,7580,7582,176,325982,13323200.0,OI1405
2013-11-18 09:39:00,7582,7582,7578,7580,584,325856,44208800.0,OI1405
2013-11-18 09:40:00,7578,7582,7578,7580,384,325882,29068800.0,OI1405
2013-11-18 09:41:00,7580,7582,7576,7578,1126,325926,85238200.0,OI1405
2013-11-18 09:42:00,7576,7578,7574,7574,810,325838,61317000.0,OI1405
2013-11-18 09:43:00,7576,7578,7574,7574,578,325834,43754600.0,OI1405
2013-11-18 09:44:00,7576,7576,7566,7568,4718,325100,357152600.0,OI1405
2013-11-18 09:45:00,7568,7572,7568,7568,2682,324076,203027400.0,OI1405
2013-11-18 09:46:00,7570,7572,7568,7570,1126,323664,85238200.0,OI1405
2013-11-18 09:47:00,7572,7572,7564,7566,2264,323468,171384800.0,OI1405
2013-11-18 09:48:00,7566,7570,7562,7566,1320,323350,99924000.0,OI1405
2013-11-18 09:49:00,7570,7572,7566,7570,696,323326,52687200.0,OI1405
2013-11-18 09:50:00,7570,7574,7568,7574,540,323308,40878000.0,OI1405
2013-11-18 09:51:00,7572,7574,7572,7574,686,323230,51930200.0,OI1405
2013-11-18 09:52:00,7574,7576,7572,7576,262,323210,19833400.0,OI1405
2013-11-18 09:53:00,7574,7576,7570,7572,400,323222,30280000.0,OI1405
2013-11-18 09:54:00,7570,7574,7570,7572,218,323220,16502600.0,OI1405
2013-11-18 09:55:00,7572,7574,7572,7574,420,323194,31794000.0,OI1405
2013-11-18 09:56:00,7572,7572,7570,7570,176,323124,13323200.0,OI1405
2013-11-18 09:57:00,7570,7574,7570,7572,1780,322882,134746000.0,OI1405
2013-11-18 09:58:00,7572,7578,7572,7572,920,322562,69644000.0,OI1405
2013-11-18 09:59:00,7572,7576,7572,7574,452,322674,34216400.0,OI1405
2013-11-18 10:00:00,7574,7574,7570,7570,964,322052,72974800.0,OI1405
2013-11-18 10:01:00,7572,7574,7570,7572,350,322018,26495000.0,OI1405
2013-11-18 10:02:00,7572,7578,7572,7578,754,322102,57077800.0,OI1405
2013-11-18 10:03:00,7578,7578,7574,7576,672,322102,50870400.0,OI1405
2013-11-18 10:04:00,7574,7578,7574,7578,332,322170,25132400.0,OI1405
2013-11-18 10:05:00,7576,7578,7574,7576,320,322210,24224000.0,OI1405
2013-11-18 10:06:00,7576,7578,7574,7576,90,322216,6813000.0,OI1405
2013-11-18 10:07:00,7574,7576,7570,7576,636,322086,48145200.0,OI1405
2013-11-18 10:08:00,7576,7576,7570,7570,354,321874,26797800.0,OI1405
2013-11-18 10:09:00,7570,7574,7570,7572,342,321894,25889400.0,OI1405
2013-11-18 10:10:00,7572,7572,7570,7570,144,321812,10900800.0,OI1405
2013-11-18 10:11:00,7572,7572,7570,7572,362,321626,27403400.0,OI1405
2013-11-18 10:12:00,7570,7572,7570,7570,426,321382,32248200.0,OI1405
2013-11-18 10:13:00,7572,7572,7566,7566,1250,320940,94625000.0,OI1405
2013-11-18 10:14:00,7566,7568,7564,7564,814,320762,61619800.0,OI1405
2013-11-18 10:30:00,7566,7572,7564,7568,696,320748,52687200.0,OI1405
2013-11-18 10:31:00,7570,7574,7568,7572,588,320826,44511600.0,OI1405
2013-11-18 10:32:00,7572,7574,7572,7572,414,320722,31339800.0,OI1405
2013-11-18 10:33:00,7572,7574,7570,7572,194,320782,14685800.0,OI1405
2013-11-18 10:34:00,7572,7574,7570,7572,242,320794,18319400.0,OI1405
2013-11-18 10:35:00,7574,7574,7570,7572,208,320742,15745600.0,OI1405
2013-11-18 10:36:00,7574,7574,7572,7574,212,320774,16048400.0,OI1405
2013-11-18 10:37:00,7574,7576,7572,7572,156,320738,11809200.0,OI1405
2013-11-18 10:38:00,7572,7572,7570,7572,356,320794,26949200.0,OI1405
2013-11-18 10:39:00,7570,7574,7570,7572,160,320806,12112000.0,OI1405
2013-11-18 10:40:00,7572,7574,7570,7572,198,320816,14988600.0,OI1405
2013-11-18 10:41:00,7572,7574,7570,7572,394,320624,29825800.0,OI1405
2013-11-18 10:42:00,7572,7574,7570,7572,88,320566,6661600.0,OI1405
2013-11-18 10:43:00,7570,7572,7570,7572,70,320566,5299000.0,OI1405
2013-11-18 10:44:00,7570,7572,7570,7570,566,320250,42846200.0,OI1405
2013-11-18 10:45:00,7570,7572,7558,7558,2198,320776,166388600.0,OI1405
2013-11-18 10:46:00,7558,7562,7558,7560,2084,321456,157758800.0,OI1405
2013-11-18 10:47:00,7560,7560,7554,7554,2070,321438,156699000.0,OI1405
2013-11-18 10:48:00,7554,7566,7554,7562,2652,320730,200756400.0,OI1405
2013-11-18 10:49:00,7566,7566,7558,7558,996,320786,75397200.0,OI1405
2013-11-18 10:50:00,7556,7558,7550,7550,3096,321530,234367200.0,OI1405
2013-11-18 10:51:00,7550,7558,7550,7556,2156,321594,163209200.0,OI1405
2013-11-18 10:52:00,7556,7560,7554,7560,508,321562,38455600.0,OI1405
2013-11-18 10:53:00,7560,7562,7558,7560,750,321578,56775000.0,OI1405
2013-11-18 10:54:00,7560,7562,7556,7560,516,321506,39061200.0,OI1405
2013-11-18 10:55:00,7560,7562,7558,7558,318,321400,24072600.0,OI1405
2013-11-18 10:56:00,7558,7560,7558,7560,144,321444,10900800.0,OI1405
2013-11-18 10:57:00,7560,7560,7558,7558,240,321392,18168000.0,OI1405
2013-11-18 10:58:00,7558,7560,7554,7554,964,321628,72974800.0,OI1405
2013-11-18 10:59:00,7554,7554,7548,7550,1754,322044,132764240.0,OI1405
2013-11-18 11:00:00,7552,7554,7548,7552,1000,322272,75680000.0,OI1405
2013-11-18 11:01:00,7554,7554,7550,7552,662,322240,50100160.0,OI1405
2013-11-18 11:02:00,7552,7554,7552,7552,504,322210,38142720.0,OI1405
2013-11-18 11:03:00,7552,7554,7546,7546,1858,322724,140613440.0,OI1405
2013-11-18 11:04:00,7546,7548,7538,7540,4640,324344,351155200.0,OI1405
2013-11-18 11:05:00,7538,7544,7538,7544,1790,324272,135467200.0,OI1405
2013-11-18 11:06:00,7544,7546,7542,7542,1164,324570,88091520.0,OI1405
2013-11-18 11:07:00,7542,7544,7540,7544,584,324540,44197120.0,OI1405
2013-11-18 11:08:00,7544,7544,7540,7542,806,324678,60998080.0,OI1405
2013-11-18 11:09:00,7542,7544,7542,7542,238,324670,18011840.0,OI1405
2013-11-18 11:10:00,7542,7548,7538,7548,3472,324558,262693200.0,OI1405
2013-11-18 11:11:00,7548,7552,7548,7552,1250,324926,94575000.0,OI1405
2013-11-18 11:12:00,7550,7554,7548,7550,1072,325082,81107520.0,OI1405
2013-11-18 11:13:00,7550,7552,7546,7546,642,325344,48573720.0,OI1405
2013-11-18 11:14:00,7546,7550,7546,7550,570,325560,43126200.0,OI1405
2013-11-18 11:15:00,7550,7550,7546,7550,454,325476,34349640.0,OI1405
2013-11-18 11:16:00,7548,7550,7546,7550,654,325430,49481640.0,OI1405
2013-11-18 11:17:00,7550,7550,7544,7544,718,325520,54323880.0,OI1405
2013-11-18 11:18:00,7544,7548,7542,7544,634,325584,47968440.0,OI1405
2013-11-18 11:19:00,7544,7544,7528,7530,3948,325348,298705680.0,OI1405
2013-11-18 11:20:00,7528,7534,7528,7528,4732,325608,357956240.0,OI1405
2013-11-18 11:21:00,7528,7528,7518,7526,8338,323928,630647600.0,OI1405
2013-11-18 11:22:00,7526,7528,7524,7528,2268,324138,171506160.0,OI1405
2013-11-18 11:23:00,7526,7530,7526,7530,2154,324088,162885480.0,OI1405
2013-11-18 11:24:00,7530,7532,7526,7530,2792,323640,211131040.0,OI1405
2013-11-18 11:25:00,7530,7530,7522,7524,1608,323412,121596960.0,OI1405
2013-11-18 11:26:00,7524,7526,7520,7522,2978,323224,225149280.0,OI1405
2013-11-18 11:27:00,7522,7524,7518,7518,2572,323430,194443200.0,OI1405
2013-11-18 11:28:00,7520,7522,7512,7514,4914,322028,371498400.0,OI1405
2013-11-18 11:29:00,7514,7520,7510,7516,4908,321278,370949160.0,OI1405
2013-11-18 13:30:00,7512,7522,7512,7518,3726,320564,281611080.0,OI1405
2013-11-18 13:31:00,7518,7522,7516,7520,1276,319938,96440080.0,OI1405
2013-11-18 13:32:00,7520,7520,7514,7520,1738,319742,131335280.0,OI1405
2013-11-18 13:33:00,7518,7528,7518,7528,2434,318726,183913040.0,OI1405
2013-11-18 13:34:00,7528,7530,7526,7528,1700,318744,128452000.0,OI1405
2013-11-18 13:35:00,7528,7530,7528,7530,1752,318858,132381120.0,OI1405
2013-11-18 13:36:00,7530,7532,7528,7530,940,318788,71026400.0,OI1405
2013-11-18 13:37:00,7528,7530,7526,7528,778,318926,58785680.0,OI1405
2013-11-18 13:38:00,7528,7528,7526,7526,490,318956,37024400.0,OI1405
2013-11-18 13:39:00,7528,7530,7526,7528,806,319080,60901360.0,OI1405
2013-11-18 13:40:00,7528,7528,7526,7526,212,319152,16018720.0,OI1405
2013-11-18 13:41:00,7526,7530,7524,7530,960,319266,72537600.0,OI1405
2013-11-18 13:42:00,7530,7536,7530,7536,1420,319244,107295200.0,OI1405
2013-11-18 13:43:00,7536,7536,7532,7536,926,319250,69968560.0,OI1405
2013-11-18 13:44:00,7536,7536,7530,7532,1718,319088,129812080.0,OI1405
2013-11-18 13:45:00,7532,7534,7528,7528,936,318752,70724160.0,OI1405
2013-11-18 13:46:00,7530,7538,7528,7536,2022,318690,152754600.0,OI1405
2013-11-18 13:47:00,7536,7542,7536,7540,1324,318632,100014960.0,OI1405
2013-11-18 13:48:00,7542,7542,7538,7540,1840,319022,138993600.0,OI1405
2013-11-18 13:49:00,7542,7548,7542,7546,2464,318402,186130560.0,OI1405
2013-11-18 13:50:00,7546,7548,7542,7542,1174,318526,88683960.0,OI1405
2013-11-18 13:51:00,7542,7544,7540,7540,820,318580,61942800.0,OI1405
2013-11-18 13:52:00,7540,7542,7538,7538,826,318248,62396040.0,OI1405
2013-11-18 13:53:00,7538,7540,7536,7538,832,318032,62849280.0,OI1405
2013-11-18 13:54:00,7542,7542,7540,7542,432,318138,32633280.0,OI1405
2013-11-18 13:55:00,7542,7544,7540,7540,898,318236,67834920.0,OI1405
2013-11-18 13:56:00,7540,7540,7538,7538,386,318256,29158440.0,OI1405
2013-11-18 13:57:00,7540,7540,7536,7538,1592,317744,120259680.0,OI1405
2013-11-18 13:58:00,7538,7540,7536,7538,1616,317638,122072640.0,OI1405
2013-11-18 13:59:00,7538,7540,7536,7540,588,317408,44417520.0,OI1405
2013-11-18 14:00:00,7540,7542,7538,7540,1068,317246,80676720.0,OI1405
2013-11-18 14:01:00,7540,7544,7540,7544,672,317438,50762880.0,OI1405
2013-11-18 14:02:00,7544,7544,7540,7542,752,317304,56806080.0,OI1405
2013-11-18 14:03:00,7542,7542,7538,7540,670,317272,50611800.0,OI1405
2013-11-18 14:04:00,7540,7542,7538,7540,396,317172,29913840.0,OI1405
2013-11-18 14:05:00,7538,7540,7538,7538,226,317144,17072040.0,OI1405
2013-11-18 14:06:00,7538,7538,7536,7538,438,317134,33086520.0,OI1405
2013-11-18 14:07:00,7536,7538,7536,7536,224,316966,16920960.0,OI1405
2013-11-18 14:08:00,7536,7538,7522,7526,2832,316520,213929280.0,OI1405
2013-11-18 14:09:00,7526,7528,7524,7524,1402,316774,105907080.0,OI1405
2013-11-18 14:10:00,7524,7528,7522,7526,1034,317012,78108360.0,OI1405
2013-11-18 14:11:00,7524,7530,7524,7530,730,316850,55144200.0,OI1405
2013-11-18 14:12:00,7530,7532,7526,7532,782,316854,59072280.0,OI1405
2013-11-18 14:13:00,7532,7534,7530,7532,1030,316516,77806200.0,OI1405
2013-11-18 14:14:00,7534,7538,7534,7534,1098,316214,82942920.0,OI1405
2013-11-18 14:15:00,7534,7536,7532,7532,1172,316082,88530240.0,OI1405
2013-11-18 14:16:00,7534,7536,7530,7532,658,315974,49692160.0,OI1405
2013-11-18 14:17:00,7532,7538,7532,7538,1548,315280,116904960.0,OI1405
2013-11-18 14:18:00,7536,7544,7536,7542,1336,314960,100894720.0,OI1405
2013-11-18 14:19:00,7542,7550,7542,7548,3640,314738,274892800.0,OI1405
2013-11-18 14:20:00,7548,7554,7544,7546,3042,314706,229731840.0,OI1405
2013-11-18 14:21:00,7546,7548,7544,7544,658,314952,49692160.0,OI1405
2013-11-18 14:22:00,7544,7548,7542,7548,800,314924,60416000.0,OI1405
2013-11-18 14:23:00,7546,7548,7546,7546,764,314906,57697280.0,OI1405
2013-11-18 14:24:00,7544,7544,7540,7542,948,314624,71592960.0,OI1405
2013-11-18 14:25:00,7544,7544,7540,7542,714,314832,53921280.0,OI1405
2013-11-18 14:26:00,7540,7540,7536,7538,1098,314940,82920960.0,OI1405
2013-11-18 14:27:00,7538,7540,7538,7540,214,314938,16161280.0,OI1405
2013-11-18 14:28:00,7540,7542,7538,7542,514,315172,38817280.0,OI1405
2013-11-18 14:29:00,7542,7544,7542,7544,598,315476,45160960.0,OI1405
2013-11-18 14:30:00,7544,7546,7542,7546,574,315514,43348480.0,OI1405
2013-11-18 14:31:00,7546,7546,7540,7540,752,315312,56791040.0,OI1405
2013-11-18 14:32:00,7542,7542,7540,7542,336,315262,25374720.0,OI1405
2013-11-18 14:33:00,7544,7544,7542,7544,308,315110,23260160.0,OI1405
2013-11-18 14:34:00,7544,7546,7542,7544,400,315082,30208000.0,OI1405
2013-11-18 14:35:00,7546,7548,7540,7540,786,315068,59358720.0,OI1405
2013-11-18 14:36:00,7542,7544,7538,7538,1128,314538,85186560.0,OI1405
2013-11-18 14:37:00,7538,7540,7536,7538,812,314506,61322240.0,OI1405
2013-11-18 14:38:00,7538,7540,7536,7538,450,314232,33984000.0,OI1405
2013-11-18 14:39:00,7538,7540,7536,7538,286,314206,21598720.0,OI1405
2013-11-18 14:40:00,7538,7540,7534,7534,634,313880,47879680.0,OI1405
2013-11-18 14:41:00,7534,7534,7522,7524,4134,312870,312199680.0,OI1405
2013-11-18 14:42:00,7524,7530,7524,7530,1198,312396,90472960.0,OI1405
2013-11-18 14:43:00,7530,7530,7524,7526,1156,312112,87301120.0,OI1405
2013-11-18 14:44:00,7526,7528,7524,7528,840,312098,63436800.0,OI1405
2013-11-18 14:45:00,7528,7528,7524,7526,1018,312104,76879360.0,OI1405
2013-11-18 14:46:00,7528,7528,7522,7524,900,311926,67968000.0,OI1405
2013-11-18 14:47:00,7524,7526,7518,7518,2998,311316,226408960.0,OI1405
2013-11-18 14:48:00,7518,7522,7516,7518,3424,310474,258546120.0,OI1405
2013-11-18 14:49:00,7518,7520,7512,7516,4378,309544,330539000.0,OI1405
2013-11-18 14:50:00,7514,7520,7514,7518,1794,309516,135447000.0,OI1405
2013-11-18 14:51:00,7518,7520,7514,7516,1408,309520,106304000.0,OI1405
2013-11-18 14:52:00,7516,7522,7516,7520,1126,309338,85013000.0,OI1405
2013-11-18 14:53:00,7522,7522,7518,7520,868,309256,65534000.0,OI1405
2013-11-18 14:54:00,7520,7522,7520,7520,472,309246,35636000.0,OI1405
2013-11-18 14:55:00,7520,7524,7520,7522,1380,309006,104190000.0,OI1405
2013-11-18 14:56:00,7520,7522,7518,7518,1732,308962,130766000.0,OI1405
2013-11-18 14:57:00,7518,7518,7510,7512,4648,307576,350924000.0,OI1405
2013-11-18 14:58:00,7512,7512,7510,7510,4822,305918,363965640.0,OI1405
2013-11-18 14:59:00,7510,7512,7506,7508,5614,303902,423744720.0,OI1405
2013-11-19 09:00:00,7488,7500,7486,7498,6418,303578,480661560.0,OI1405
2013-11-19 09:01:00,7498,7500,7490,7498,2950,303462,221028520.0,OI1405
2013-11-19 09:02:00,7498,7504,7496,7502,2000,303846,149880000.0,OI1405
2013-11-19 09:03:00,7502,7510,7500,7506,3736,303578,280071240.0,OI1405
2013-11-19 09:04:00,7508,7510,7500,7500,2842,303762,213093160.0,OI1405
2013-11-19 09:05:00,7498,7512,7498,7506,2626,303216,196925680.0,OI1405
2013-11-19 09:06:00,7508,7512,7504,7508,1904,303788,142800000.0,OI1405
2013-11-19 09:07:00,7510,7518,7506,7516,1930,303272,144766880.0,OI1405
2013-11-19 09:08:00,7516,7520,7512,7518,2840,303194,213056800.0,OI1405
2013-11-19 09:09:00,7516,7522,7516,7518,2452,302864,183997960.0,OI1405
2013-11-19 09:10:00,7518,7520,7512,7514,1768,302872,132681600.0,OI1405
2013-11-19 09:11:00,7514,7518,7512,7518,1546,303402,116042760.0,OI1405
2013-11-19 09:12:00,7516,7518,7512,7512,944,303408,70856640.0,OI1405
2013-11-19 09:13:00,7512,7516,7510,7516,1072,303730,80464320.0,OI1405
2013-11-19 09:14:00,7516,7518,7514,7514,1564,303470,117393840.0,OI1405
2013-11-19 09:15:00,7514,7516,7512,7514,1018,303630,76411080.0,OI1405
2013-11-19 09:16:00,7514,7516,7512,7512,524,303866,39331440.0,OI1405
2013-11-19 09:17:00,7512,7512,7508,7508,1240,303944,93074400.0,OI1405
2013-11-19 09:18:00,7508,7512,7508,7510,1014,304040,76110840.0,OI1405
2013-11-19 09:19:00,7510,7512,7506,7508,1718,304264,128985040.0,OI1405
2013-11-19 09:20:00,7508,7510,7504,7510,1212,304314,90996960.0,OI1405
2013-11-19 09:21:00,7510,7514,7510,7512,1698,304382,127485840.0,OI1405
2013-11-19 09:22:00,7512,7516,7510,7516,1258,304640,94450640.0,OI1405
2013-11-19 09:23:00,7516,7516,7510,7510,1510,305356,113370800.0,OI1405
2013-11-19 09:24:00,7510,7510,7506,7506,712,305616,53456960.0,OI1405
2013-11-19 09:25:00,7508,7512,7508,7510,860,305970,64568800.0,OI1405
2013-11-19 09:26:00,7508,7514,7508,7512,424,305992,31833920.0,OI1405
2013-11-19 09:27:00,7512,7514,7510,7512,522,306134,39191760.0,OI1405
2013-11-19 09:28:00,7510,7512,7510,7512,204,306238,15316320.0,OI1405
2013-11-19 09:29:00,7510,7512,7510,7510,438,306166,32885040.0,OI1405
2013-11-19 09:30:00,7510,7510,7506,7508,1004,306348,75380320.0,OI1405
2013-11-19 09:31:00,7508,7510,7506,7506,684,306278,51354720.0,OI1405
2013-11-19 09:32:00,7506,7514,7506,7512,1212,306136,90996960.0,OI1405
2013-11-19 09:33:00,7514,7516,7512,7516,1174,305968,88143920.0,OI1405
2013-11-19 09:34:00,7514,7516,7514,7514,694,305854,52105520.0,OI1405
2013-11-19 09:35:00,7514,7528,7514,7524,1900,305740,142652000.0,OI1405
2013-11-19 09:36:00,7524,7526,7520,7520,1260,306026,94600800.0,OI1405
2013-11-19 09:37:00,7520,7522,7520,7520,372,306132,27929760.0,OI1405
2013-11-19 09:38:00,7522,7522,7520,7522,312,306230,23430720.0,OI1405
2013-11-19 09:39:00,7522,7524,7520,7520,746,306530,56024600.0,OI1405
2013-11-19 09:40:00,7518,7522,7518,7520,668,306524,50166800.0,OI1405
2013-11-19 09:41:00,7520,7520,7516,7518,868,307034,65186800.0,OI1405
2013-11-19 09:42:00,7516,7516,7508,7508,2538,307950,190603800.0,OI1405
2013-11-19 09:43:00,7508,7514,7508,7510,1394,308754,104689400.0,OI1405
2013-11-19 09:44:00,7512,7512,7508,7508,1378,308812,103487800.0,OI1405
2013-11-19 09:45:00,7508,7514,7508,7514,1182,309188,88768200.0,OI1405
2013-11-19 09:46:00,7514,7516,7514,7516,1308,309186,98230800.0,OI1405
2013-11-19 09:47:00,7516,7518,7516,7518,470,309054,35297000.0,OI1405
2013-11-19 09:48:00,7516,7518,7514,7516,410,309108,30791000.0,OI1405
2013-11-19 09:49:00,7516,7516,7514,7514,252,309078,18925200.0,OI1405
2013-11-19 09:50:00,7514,7516,7514,7516,232,309034,17423200.0,OI1405
2013-11-19 09:51:00,7516,7518,7516,7518,384,308868,28838400.0,OI1405
2013-11-19 09:52:00,7518,7520,7516,7520,970,309236,72847000.0,OI1405
2013-11-19 09:53:00,7520,7522,7518,7520,698,309358,52419800.0,OI1405
2013-11-19 09:54:00,7520,7524,7520,7522,666,309600,50016600.0,OI1405
2013-11-19 09:55:00,7522,7522,7520,7520,514,309516,38601400.0,OI1405
2013-11-19 09:56:00,7522,7524,7520,7522,980,309936,73598000.0,OI1405
2013-11-19 09:57:00,7522,7524,7522,7522,430,310206,32293000.0,OI1405
2013-11-19 09:58:00,7522,7522,7518,7522,746,310164,56024600.0,OI1405
2013-11-19 09:59:00,7522,7522,7518,7520,478,310278,35897800.0,OI1405
2013-11-19 10:00:00,7520,7520,7514,7514,1330,310156,99883000.0,OI1405
2013-11-19 10:01:00,7516,7518,7514,7518,740,309862,55574000.0,OI1405
2013-11-19 10:02:00,7518,7518,7514,7516,368,309838,27636800.0,OI1405
2013-11-19 10:03:00,7516,7516,7510,7510,1310,309958,98381000.0,OI1405
2013-11-19 10:04:00,7510,7512,7508,7510,1892,310110,142089200.0,OI1405
2013-11-19 10:05:00,7510,7512,7508,7508,1290,310290,96879000.0,OI1405
2013-11-19 10:06:00,7510,7512,7508,7512,1026,310342,77052600.0,OI1405
2013-11-19 10:07:00,7512,7514,7512,7514,512,310418,38451200.0,OI1405
2013-11-19 10:08:00,7514,7516,7512,7514,538,310314,40403800.0,OI1405
2013-11-19 10:09:00,7514,7516,7512,7516,188,310310,14118800.0,OI1405
2013-11-19 10:10:00,7514,7516,7514,7516,208,310238,15620800.0,OI1405
2013-11-19 10:11:00,7516,7518,7516,7516,352,310244,26435200.0,OI1405
2013-11-19 10:12:00,7514,7516,7514,7516,282,310196,21180320.0,OI1405
2013-11-19 10:13:00,7516,7518,7514,7516,354,310100,26592480.0,OI1405
2013-11-19 10:14:00,7518,7522,7516,7520,960,310304,72115200.0,OI1405
2013-11-19 10:30:00,7520,7520,7516,7518,1086,310458,81580320.0,OI1405
2013-11-19 10:31:00,7516,7516,7508,7508,1792,309736,134615040.0,OI1405
2013-11-19 10:32:00,7508,7512,7508,7512,1456,309512,109374720.0,OI1405
2013-11-19 10:33:00,7512,7512,7508,7510,960,309496,72115200.0,OI1405
2013-11-19 10:34:00,7510,7512,7508,7512,284,309536,21334080.0,OI1405
2013-11-19 10:35:00,7512,7514,7510,7514,334,309698,25090080.0,OI1405
2013-11-19 10:36:00,7512,7514,7512,7512,282,309604,21183840.0,OI1405
2013-11-19 10:37:00,7510,7522,7510,7518,2504,310066,188100480.0,OI1405
2013-11-19 10:38:00,7518,7518,7514,7516,306,310184,22986720.0,OI1405
2013-11-19 10:39:00,7514,7522,7514,7522,846,310036,63551520.0,OI1405
2013-11-19 10:40:00,7522,7538,7520,7538,5156,310068,387318720.0,OI1405
2013-11-19 10:41:00,7536,7546,7532,7544,6304,310750,473634800.0,OI1405
2013-11-19 10:42:00,7544,7544,7538,7542,3762,311252,282676680.0,OI1405
2013-11-19 10:43:00,7542,7552,7540,7548,7656,311870,575419040.0,OI1405
2013-11-19 10:44:00,7550,7556,7550,7552,5296,312588,398152680.0,OI1405
2013-11-19 10:45:00,7550,7554,7550,7552,4020,313372,302265920.0,OI1405
2013-11-19 10:46:00,7552,7552,7548,7550,3084,314398,231916800.0,OI1405
2013-11-19 10:47:00,7548,7552,7548,7550,1714,314380,128892800.0,OI1405
2013-11-19 10:48:00,7552,7558,7550,7556,4738,314972,356365720.0,OI1405
2013-11-19 10:49:00,7558,7558,7552,7552,3360,316632,252739200.0,OI1405
2013-11-19 10:50:00,7552,7552,7546,7546,3040,317116,228689600.0,OI1405
2013-11-19 10:51:00,7546,7548,7544,7546,2490,316944,187347600.0,OI1405
2013-11-19 10:52:00,7546,7550,7546,7548,1032,317162,77647680.0,OI1405
2013-11-19 10:53:00,7548,7548,7546,7546,1648,317280,123995520.0,OI1405
2013-11-19 10:54:00,7546,7550,7546,7550,884,317726,66512160.0,OI1405
2013-11-19 10:55:00,7550,7552,7548,7550,1478,318088,111204720.0,OI1405
2013-11-19 10:56:00,7550,7556,7550,7554,3200,318542,240768000.0,OI1405
2013-11-19 10:57:00,7556,7568,7554,7564,9642,319694,725664520.0,OI1405
2013-11-19 10:58:00,7562,7566,7562,7566,2376,320192,178865280.0,OI1405
2013-11-19 10:59:00,7566,7566,7560,7560,3258,320594,245262240.0,OI1405
2013-11-19 11:00:00,7560,7564,7558,7562,2026,321018,152517280.0,OI1405
2013-11-19 11:01:00,7564,7564,7560,7560,2078,321166,156443840.0,OI1405
2013-11-19 11:02:00,7560,7564,7558,7560,1182,321382,89004600.0,OI1405
2013-11-19 11:03:00,7560,7566,7558,7566,2392,321146,180117600.0,OI1405
2013-11-19 11:04:00,7566,7566,7560,7560,2996,322164,225598800.0,OI1405
2013-11-19 11:05:00,7560,7560,7556,7556,1802,322620,135690600.0,OI1405
2013-11-19 11:06:00,7556,7558,7542,7544,6866,321068,517091680.0,OI1405
2013-11-19 11:07:00,7544,7552,7542,7552,3084,321542,232286880.0,OI1405
2013-11-19 11:08:00,7550,7552,7548,7550,1508,321608,113582560.0,OI1405
2013-11-19 11:09:00,7550,7554,7550,7552,1510,322048,113733200.0,OI1405
2013-11-19 11:10:00,7554,7558,7552,7558,1272,322218,95807040.0,OI1405
2013-11-19 11:11:00,7558,7560,7554,7554,1586,322836,119457520.0,OI1405
2013-11-19 11:12:00,7556,7560,7554,7558,1790,323142,134822800.0,OI1405
2013-11-19 11:13:00,7556,7562,7554,7560,1924,323576,144915680.0,OI1405
2013-11-19 11:14:00,7560,7560,7554,7556,668,323692,50313760.0,OI1405
2013-11-19 11:15:00,7556,7560,7556,7560,620,323776,46698400.0,OI1405
2013-11-19 11:16:00,7558,7562,7556,7562,1854,324220,139658000.0,OI1405
2013-11-19 11:17:00,7560,7562,7558,7562,1302,324548,98092680.0,OI1405
2013-11-19 11:18:00,7562,7562,7558,7558,744,324536,56052960.0,OI1405
2013-11-19 11:19:00,7558,7560,7558,7560,868,324356,65395120.0,OI1405
2013-11-19 11:20:00,7560,7562,7558,7558,1404,324638,105777360.0,OI1405
2013-11-19 11:21:00,7560,7560,7554,7554,2104,324426,158515360.0,OI1405
2013-11-19 11:22:00,7554,7558,7554,7556,1414,325010,106530760.0,OI1405
2013-11-19 11:23:00,7556,7558,7554,7556,1074,324972,80915160.0,OI1405
2013-11-19 11:24:00,7556,7556,7552,7552,1070,324954,80613800.0,OI1405
2013-11-19 11:25:00,7552,7556,7552,7556,916,324890,69011440.0,OI1405
2013-11-19 11:26:00,7556,7556,7554,7556,678,324768,51080520.0,OI1405
2013-11-19 11:27:00,7556,7558,7554,7556,580,324800,43697200.0,OI1405
2013-11-19 11:28:00,7556,7558,7554,7556,768,324678,57861120.0,OI1405
2013-11-19 11:29:00,7554,7556,7552,7554,1340,324176,100955600.0,OI1405
2013-11-19 13:30:00,7554,7554,7546,7546,2890,323696,217732600.0,OI1405
2013-11-19 13:31:00,7546,7548,7540,7544,3852,324368,290218360.0,OI1405
2013-11-19 13:32:00,7542,7544,7536,7538,4118,325102,310332480.0,OI1405
2013-11-19 13:33:00,7538,7542,7538,7542,1364,324778,102791040.0,OI1405
2013-11-19 13:34:00,7542,7542,7538,7540,2046,325698,154186560.0,OI1405
2013-11-19 13:35:00,7540,7544,7540,7544,1966,326190,148157760.0,OI1405
2013-11-19 13:36:00,7542,7544,7536,7538,2582,326902,194579520.0,OI1405
2013-11-19 13:37:00,7536,7542,7536,7540,1434,326920,108066240.0,OI1405
2013-11-19 13:38:00,7538,7542,7538,7540,1396,327222,105202560.0,OI1405
2013-11-19 13:39:00,7540,7542,7538,7540,878,327256,66166080.0,OI1405
2013-11-19 13:40:00,7540,7542,7538,7538,618,327228,46572480.0,OI1405
2013-11-19 13:41:00,7538,7542,7536,7540,1296,327240,97666560.0,OI1405
2013-11-19 13:42:00,7540,7542,7538,7540,1118,327152,84252480.0,OI1405
2013-11-19 13:43:00,7540,7542,7538,7542,1112,327356,83800320.0,OI1405
2013-11-19 13:44:00,7540,7542,7538,7538,1218,327710,91788480.0,OI1405
2013-11-19 13:45:00,7540,7542,7538,7540,706,327746,53204160.0,OI1405
2013-11-19 13:46:00,7540,7542,7540,7540,706,327634,53204160.0,OI1405
2013-11-19 13:47:00,7540,7540,7536,7538,1392,327546,104901120.0,OI1405
2013-11-19 13:48:00,7538,7540,7538,7540,822,327682,61945920.0,OI1405
2013-11-19 13:49:00,7540,7544,7540,7544,582,327716,43859520.0,OI1405
2013-11-19 13:50:00,7544,7544,7542,7544,956,327630,72044160.0,OI1405
2013-11-19 13:51:00,7544,7546,7542,7544,1144,327576,86211840.0,OI1405
2013-11-19 13:52:00,7544,7546,7542,7546,670,327686,50491200.0,OI1405
2013-11-19 13:53:00,7544,7546,7542,7544,576,327776,43407360.0,OI1405
2013-11-19 13:54:00,7542,7544,7542,7544,496,327672,37378560.0,OI1405
2013-11-19 13:55:00,7544,7544,7542,7542,336,327744,25320960.0,OI1405
2013-11-19 13:56:00,7542,7544,7540,7540,746,327764,56218560.0,OI1405
2013-11-19 13:57:00,7542,7542,7540,7540,170,327850,12811200.0,OI1405
2013-11-19 13:58:00,7540,7540,7538,7540,770,327706,58027200.0,OI1405
2013-11-19 13:59:00,7538,7540,7538,7538,328,327570,24718080.0,OI1405
2013-11-19 14:00:00,7538,7540,7538,7538,396,327550,29842560.0,OI1405
2013-11-19 14:01:00,7538,7542,7538,7542,592,327336,44613120.0,OI1405
2013-11-19 14:02:00,7542,7542,7540,7540,96,327348,7234560.0,OI1405
2013-11-19 14:03:00,7542,7544,7540,7544,790,327656,59534400.0,OI1405
2013-11-19 14:04:00,7542,7546,7542,7546,1428,327832,107614080.0,OI1405
2013-11-19 14:05:00,7546,7546,7544,7546,1056,328290,79580160.0,OI1405
2013-11-19 14:06:00,7546,7554,7546,7550,2938,328562,221407680.0,OI1405
2013-11-19 14:07:00,7552,7552,7550,7550,1028,328526,77470080.0,OI1405
2013-11-19 14:08:00,7550,7554,7548,7554,992,328342,74757120.0,OI1405
2013-11-19 14:09:00,7550,7552,7548,7548,690,328578,51998400.0,OI1405
2013-11-19 14:10:00,7548,7550,7548,7550,132,328628,9947520.0,OI1405
2013-11-19 14:11:00,7550,7552,7550,7550,1250,328584,94200000.0,OI1405
2013-11-19 14:12:00,7550,7550,7548,7548,448,328652,33761280.0,OI1405
2013-11-19 14:13:00,7550,7550,7546,7546,900,329020,67824000.0,OI1405
2013-11-19 14:14:00,7546,7548,7542,7544,1008,329122,75962880.0,OI1405
2013-11-19 14:15:00,7546,7550,7544,7548,1786,328910,134592960.0,OI1405
2013-11-19 14:16:00,7550,7552,7548,7550,662,329144,49888320.0,OI1405
2013-11-19 14:17:00,7550,7552,7548,7550,1034,329614,77922240.0,OI1405
2013-11-19 14:18:00,7550,7550,7548,7550,572,329852,43105920.0,OI1405
2013-11-19 14:19:00,7550,7550,7546,7546,334,329870,25170240.0,OI1405
2013-11-19 14:20:00,7546,7548,7546,7548,150,329830,11304000.0,OI1405
2013-11-19 14:21:00,7546,7548,7542,7542,616,329930,46421760.0,OI1405
2013-11-19 14:22:00,7542,7544,7542,7544,926,329708,69783360.0,OI1405
2013-11-19 14:23:00,7544,7544,7540,7540,474,329562,35720640.0,OI1405
2013-11-19 14:24:00,7540,7542,7510,7516,13238,327858,997615680.0,OI1405
2013-11-19 14:25:00,7516,7528,7514,7524,6498,329084,489689280.0,OI1405
2013-11-19 14:26:00,7524,7524,7520,7520,3108,328758,234218880.0,OI1405
2013-11-19 14:27:00,7520,7524,7518,7522,2844,328202,214323840.0,OI1405
2013-11-19 14:28:00,7522,7524,7518,7522,3012,328542,226984320.0,OI1405
2013-11-19 14:29:00,7520,7522,7508,7512,7172,328262,540420680.0,OI1405
2013-11-19 14:30:00,7510,7510,7470,7482,21438,325080,1614972360.0,OI1405
2013-11-19 14:31:00,7480,7486,7478,7484,6838,325408,515001800.0,OI1405
2013-11-19 14:32:00,7484,7486,7478,7486,7676,324966,578002800.0,OI1405
2013-11-19 14:33:00,7486,7498,7482,7496,7424,324008,558999680.0,OI1405
2013-11-19 14:34:00,7498,7498,7488,7490,3574,323318,269050720.0,OI1405
2013-11-19 14:35:00,7490,7502,7490,7502,3808,322234,286666240.0,OI1405
2013-11-19 14:36:00,7500,7502,7496,7496,3572,322082,268900160.0,OI1405
2013-11-19 14:37:00,7496,7500,7494,7496,1910,322268,143784800.0,OI1405
2013-11-19 14:38:00,7494,7496,7492,7496,1562,322186,117587360.0,OI1405
2013-11-19 14:39:00,7496,7498,7494,7496,1848,321654,139117440.0,OI1405
2013-11-19 14:40:00,7496,7496,7488,7488,4966,321324,373840480.0,OI1405
2013-11-19 14:41:00,7488,7492,7486,7492,4070,320836,306312240.0,OI1405
2013-11-19 14:42:00,7492,7494,7488,7490,2546,319742,191611960.0,OI1405
2013-11-19 14:43:00,7490,7492,7480,7480,4842,317710,364408920.0,OI1405
2013-11-19 14:44:00,7480,7486,7478,7478,4566,317036,343637160.0,OI1405
2013-11-19 14:45:00,7476,7482,7474,7480,3622,316264,272587320.0,OI1405
2013-11-19 14:46:00,7480,7482,7472,7476,5314,314560,399825360.0,OI1405
2013-11-19 14:47:00,7476,7482,7474,7480,3112,313780,234146880.0,OI1405
2013-11-19 14:48:00,7480,7488,7480,7488,2738,313564,206007120.0,OI1405
2013-11-19 14:49:00,7488,7488,7482,7482,1350,313516,101574000.0,OI1405
2013-11-19 14:50:00,7482,7484,7482,7482,632,313564,47551680.0,OI1405
2013-11-19 14:51:00,7484,7492,7482,7488,3600,311406,270864000.0,OI1405
2013-11-19 14:52:00,7490,7498,7488,7494,4326,308918,325472280.0,OI1405
2013-11-19 14:53:00,7494,7498,7492,7494,1608,308420,120953760.0,OI1405
2013-11-19 14:54:00,7494,7494,7484,7486,2452,308402,184439440.0,OI1405
2013-11-19 14:55:00,7484,7488,7482,7484,1694,308282,127422680.0,OI1405
2013-11-19 14:56:00,7484,7486,7480,7486,2380,307670,179023600.0,OI1405
2013-11-19 14:57:00,7486,7486,7480,7480,3090,306652,232429800.0,OI1405
2013-11-19 14:58:00,7480,7484,7480,7482,3618,306118,272145960.0,OI1405
2013-11-19 14:59:00,7482,7484,7474,7474,4566,305300,343454520.0,OI1405
2013-11-20 09:00:00,7484,7490,7482,7484,4562,305984,341469960.0,OI1405
2013-11-20 09:01:00,7484,7486,7464,7466,6854,306158,512777840.0,OI1405
2013-11-20 09:02:00,7466,7482,7464,7482,4470,306460,334189400.0,OI1405
2013-11-20 09:03:00,7482,7486,7480,7482,2282,306248,170602320.0,OI1405
2013-11-20 09:04:00,7484,7492,7482,7492,3302,306394,246920320.0,OI1405
2013-11-20 09:05:00,7492,7492,7482,7486,1376,306314,102906960.0,OI1405
2013-11-20 09:06:00,7486,7490,7486,7490,1434,306226,107263200.0,OI1405
2013-11-20 09:07:00,7488,7502,7488,7502,4788,305114,358192120.0,OI1405
2013-11-20 09:08:00,7500,7500,7496,7500,4084,303956,305635400.0,OI1405
2013-11-20 09:09:00,7498,7498,7494,7496,1476,303814,110472800.0,OI1405
2013-11-20 09:10:00,7496,7498,7492,7496,1464,304014,109595040.0,OI1405
2013-11-20 09:11:00,7494,7498,7494,7496,928,303974,69470080.0,OI1405
2013-11-20 09:12:00,7496,7500,7496,7498,1098,303994,82196280.0,OI1405
2013-11-20 09:13:00,7496,7498,7492,7494,1840,304728,137742400.0,OI1405
2013-11-20 09:14:00,7492,7498,7492,7496,1284,304796,96120240.0,OI1405
2013-11-20 09:15:00,7494,7498,7490,7492,3192,305914,239010200.0,OI1405
2013-11-20 09:16:00,7494,7494,7490,7492,946,306024,70836480.0,OI1405
2013-11-20 09:17:00,7494,7496,7492,7494,730,306060,54662400.0,OI1405
2013-11-20 09:18:00,7494,7502,7494,7500,2018,305964,151107840.0,OI1405
2013-11-20 09:19:00,7500,7504,7498,7504,1620,305962,121305600.0,OI1405
2013-11-20 09:20:00,7502,7506,7502,7504,2260,306072,169247080.0,OI1405
2013-11-20 09:21:00,7504,7508,7504,7506,1438,306016,107706200.0,OI1405
2013-11-20 09:22:00,7506,7508,7502,7504,1662,305936,124483800.0,OI1405
2013-11-20 09:23:00,7504,7506,7496,7500,2432,306606,182156800.0,OI1405
2013-11-20 09:24:00,7500,7502,7498,7500,1170,306468,87633000.0,OI1405
2013-11-20 09:25:00,7500,7500,7496,7498,908,306558,68009200.0,OI1405
2013-11-20 09:26:00,7496,7498,7494,7496,984,306638,73704560.0,OI1405
2013-11-20 09:27:00,7496,7500,7496,7500,836,306512,62633120.0,OI1405
2013-11-20 09:28:00,7500,7500,7496,7496,822,306616,61584240.0,OI1405
2013-11-20 09:29:00,7496,7498,7496,7496,284,306604,21277280.0,OI1405
2013-11-20 09:30:00,7498,7498,7496,7496,298,306762,22326160.0,OI1405
2013-11-20 09:31:00,7496,7498,7496,7498,214,306902,16032880.0,OI1405
2013-11-20 09:32:00,7498,7500,7496,7498,702,306876,52593840.0,OI1405
2013-11-20 09:33:00,7498,7500,7496,7498,466,306880,34912720.0,OI1405
2013-11-20 09:34:00,7498,7502,7498,7502,1166,306598,87356720.0,OI1405
2013-11-20 09:35:00,7502,7506,7500,7502,744,306508,55740480.0,OI1405
2013-11-20 09:36:00,7504,7506,7502,7506,1078,306540,80763760.0,OI1405
2013-11-20 09:37:00,7506,7506,7502,7502,1150,306526,86158000.0,OI1405
2013-11-20 09:38:00,7502,7502,7500,7500,394,306488,29518480.0,OI1405
2013-11-20 09:39:00,7500,7502,7498,7498,420,306640,31466400.0,OI1405
2013-11-20 09:40:00,7498,7502,7498,7502,370,306502,27720400.0,OI1405
2013-11-20 09:41:00,7500,7504,7500,7504,396,306502,29668320.0,OI1405
2013-11-20 09:42:00,7502,7504,7500,7502,334,306478,25023280.0,OI1405
2013-11-20 09:43:00,7502,7506,7502,7504,868,306652,65030560.0,OI1405
2013-11-20 09:44:00,7504,7506,7504,7506,1274,306650,95448080.0,OI1405
2013-11-20 09:45:00,7506,7506,7504,7506,622,306696,46600240.0,OI1405
2013-11-20 09:46:00,7504,7506,7500,7502,1314,307232,98455480.0,OI1405
2013-11-20 09:47:00,7502,7504,7502,7502,334,307270,25029960.0,OI1405
2013-11-20 09:48:00,7502,7504,7500,7504,634,307424,47511960.0,OI1405
2013-11-20 09:49:00,7502,7504,7500,7500,380,307374,28477200.0,OI1405
2013-11-20 09:50:00,7502,7502,7500,7500,464,307312,34772160.0,OI1405
2013-11-20 09:51:00,7502,7502,7500,7502,696,307262,52158240.0,OI1405
2013-11-20 09:52:00,7502,7502,7494,7496,2442,307784,183003480.0,OI1405
2013-11-20 09:53:00,7494,7496,7484,7486,3666,307396,274730040.0,OI1405
2013-11-20 09:54:00,7486,7488,7476,7480,3964,308272,297032920.0,OI1405
2013-11-20 09:55:00,7482,7486,7480,7486,2020,308334,151338400.0,OI1405
2013-11-20 09:56:00,7488,7488,7484,7484,1204,308534,90203680.0,OI1405
2013-11-20 09:57:00,7486,7486,7482,7482,948,308886,71024160.0,OI1405
2013-11-20 09:58:00,7484,7488,7480,7486,1322,308602,99044240.0,OI1405
2013-11-20 09:59:00,7486,7488,7484,7486,592,308616,44352640.0,OI1405
2013-11-20 10:00:00,7484,7488,7484,7486,608,308690,45551360.0,OI1405
2013-11-20 10:01:00,7486,7492,7486,7492,1042,308648,78066640.0,OI1405
2013-11-20 10:02:00,7492,7492,7490,7490,554,308498,41505680.0,OI1405
2013-11-20 10:03:00,7490,7492,7488,7490,788,308776,59036960.0,OI1405
2013-11-20 10:04:00,7490,7496,7490,7494,1384,308430,103689280.0,OI1405
2013-11-20 10:05:00,7494,7494,7490,7490,760,308446,56939200.0,OI1405
2013-11-20 10:06:00,7492,7494,7490,7490,564,308470,42254880.0,OI1405
2013-11-20 10:07:00,7490,7492,7488,7492,426,308464,31915920.0,OI1405
2013-11-20 10:08:00,7492,7492,7490,7490,90,308506,6742800.0,OI1405
2013-11-20 10:09:00,7490,7492,7490,7490,336,308474,25173120.0,OI1405
2013-11-20 10:10:00,7492,7494,7490,7492,842,308376,63082640.0,OI1405
2013-11-20 10:11:00,7492,7492,7486,7486,744,308496,55740480.0,OI1405
2013-11-20 10:12:00,7490,7492,7486,7492,640,308572,47948800.0,OI1405
2013-11-20 10:13:00,7490,7492,7490,7492,400,308386,29968000.0,OI1405
2013-11-20 10:14:00,7492,7492,7488,7490,482,308480,36111440.0,OI1405
2013-11-20 10:30:00,7490,7496,7490,7496,1058,308320,79265360.0,OI1405
2013-11-20 10:31:00,7496,7504,7494,7502,2298,307858,172166160.0,OI1405
2013-11-20 10:32:00,7500,7502,7498,7500,2288,307760,171416960.0,OI1405
2013-11-20 10:33:00,7500,7502,7498,7500,1204,307738,90203680.0,OI1405
2013-11-20 10:34:00,7500,7502,7498,7500,968,307842,72522560.0,OI1405
2013-11-20 10:35:00,7500,7502,7490,7490,2700,307584,202284000.0,OI1405
2013-11-20 10:36:00,7492,7494,7490,7494,1002,307578,75069840.0,OI1405
2013-11-20 10:37:00,7494,7494,7490,7492,834,307574,62483280.0,OI1405
2013-11-20 10:38:00,7490,7492,7488,7488,1158,307908,86757360.0,OI1405
2013-11-20 10:39:00,7488,7490,7480,7480,3100,308610,232252000.0,OI1405
2013-11-20 10:40:00,7480,7482,7472,7482,5044,308078,377896480.0,OI1405
2013-11-20 10:41:00,7482,7488,7478,7488,1446,307930,108334320.0,OI1405
2013-11-20 10:42:00,7488,7488,7482,7486,1352,308238,101291840.0,OI1405
2013-11-20 10:43:00,7486,7494,7484,7494,1362,307994,102041040.0,OI1405
2013-11-20 10:44:00,7494,7494,7488,7490,1408,308040,105487360.0,OI1405
2013-11-20 10:45:00,7488,7498,7488,7496,1070,307802,80164400.0,OI1405
2013-11-20 10:46:00,7496,7496,7490,7490,922,307820,69076240.0,OI1405
2013-11-20 10:47:00,7492,7494,7490,7492,498,307730,37310160.0,OI1405
2013-11-20 10:48:00,7492,7494,7490,7490,420,307526,31466400.0,OI1405
2013-11-20 10:49:00,7492,7492,7488,7490,726,307394,54391920.0,OI1405
2013-11-20 10:50:00,7490,7492,7488,7492,250,307488,18730000.0,OI1405
2013-11-20 10:51:00,7490,7492,7488,7490,386,307294,28919120.0,OI1405
2013-11-20 10:52:00,7490,7492,7488,7490,324,307284,24274080.0,OI1405
2013-11-20 10:53:00,7490,7494,7490,7492,390,307106,29218800.0,OI1405
2013-11-20 10:54:00,7494,7496,7492,7496,958,307116,71773360.0,OI1405
2013-11-20 10:55:00,7496,7496,7492,7494,764,307148,57238880.0,OI1405
2013-11-20 10:56:00,7494,7494,7492,7494,218,307168,16332560.0,OI1405
2013-11-20 10:57:00,7494,7496,7494,7494,274,307160,20528080.0,OI1405
2013-11-20 10:58:00,7494,7494,7490,7492,412,307076,30867040.0,OI1405
2013-11-20 10:59:00,7492,7494,7492,7492,198,307078,14834160.0,OI1405
2013-11-20 11:00:00,7492,7496,7492,7496,474,306846,35512080.0,OI1405
2013-11-20 11:01:00,7496,7496,7494,7496,670,306926,50196400.0,OI1405
2013-11-20 11:02:00,7498,7498,7494,7494,242,306928,18130640.0,OI1405
2013-11-20 11:03:00,7494,7498,7494,7496,612,306904,45851040.0,OI1405
2013-11-20 11:04:00,7498,7498,7496,7498,578,306932,43303760.0,OI1405
2013-11-20 11:05:00,7496,7498,7496,7496,458,307088,34313360.0,OI1405
2013-11-20 11:06:00,7498,7498,7496,7498,194,307184,14534480.0,OI1405
2013-11-20 11:07:00,7498,7500,7498,7500,954,307300,71473680.0,OI1405
2013-11-20 11:08:00,7500,7502,7498,7498,870,307356,65180400.0,OI1405
2013-11-20 11:09:00,7498,7498,7494,7494,650,307592,48698000.0,OI1405
2013-11-20 11:10:00,7494,7496,7494,7496,452,307758,33863840.0,OI1405
2013-11-20 11:11:00,7496,7496,7494,7494,102,307726,7641840.0,OI1405
2013-11-20 11:12:00,7494,7494,7490,7490,654,307734,48997680.0,OI1405
2013-11-20 11:13:00,7490,7494,7490,7492,552,307760,41355840.0,OI1405
2013-11-20 11:14:00,7492,7492,7490,7490,380,307740,28469600.0,OI1405
2013-11-20 11:15:00,7490,7490,7486,7490,478,307758,35811760.0,OI1405
2013-11-20 11:16:00,7488,7492,7488,7490,500,307664,37460000.0,OI1405
2013-11-20 11:17:00,7492,7494,7490,7492,286,307608,21427120.0,OI1405
2013-11-20 11:18:00,7492,7492,7490,7492,276,307612,20677920.0,OI1405
2013-11-20 11:19:00,7492,7492,7490,7490,128,307652,9589760.0,OI1405
2013-11-20 11:20:00,7490,7490,7486,7488,680,307752,50945600.0,OI1405
2013-11-20 11:21:00,7490,7490,7482,7482,1230,307922,92151600.0,OI1405
2013-11-20 11:22:00,7482,7484,7480,7484,1650,307624,123618000.0,OI1405
2013-11-20 11:23:00,7484,7486,7480,7484,1260,307514,94399200.0,OI1405
2013-11-20 11:24:00,7484,7486,7482,7484,568,307488,42554560.0,OI1405
2013-11-20 11:25:00,7484,7486,7482,7484,378,307418,28319760.0,OI1405
2013-11-20 11:26:00,7484,7484,7482,7482,408,307376,30567360.0,OI1405
2013-11-20 11:27:00,7482,7484,7480,7482,976,307206,73121920.0,OI1405
2013-11-20 11:28:00,7482,7486,7482,7486,566,307074,42404720.0,OI1405
2013-11-20 11:29:00,7486,7486,7484,7486,440,306868,32964800.0,OI1405
2013-11-20 13:30:00,7486,7500,7486,7496,2546,306554,190746320.0,OI1405
2013-11-20 13:31:00,7498,7498,7494,7496,1110,306454,83161200.0,OI1405
2013-11-20 13:32:00,7496,7500,7496,7498,990,306630,74170800.0,OI1405
2013-11-20 13:33:00,7498,7500,7496,7496,522,306774,39108240.0,OI1405
2013-11-20 13:34:00,7496,7498,7496,7498,280,306926,20977600.0,OI1405
2013-11-20 13:35:00,7496,7498,7494,7498,844,307224,63232480.0,OI1405
2013-11-20 13:36:00,7498,7502,7498,7500,1442,307500,108034640.0,OI1405
2013-11-20 13:37:00,7502,7502,7496,7496,1116,307572,83610720.0,OI1405
2013-11-20 13:38:00,7496,7500,7496,7498,374,307532,28020080.0,OI1405
2013-11-20 13:39:00,7500,7500,7496,7496,328,307574,24573760.0,OI1405
2013-11-20 13:40:00,7498,7498,7494,7496,616,307668,46150720.0,OI1405
2013-11-20 13:41:00,7498,7498,7494,7496,444,307918,33264480.0,OI1405
2013-11-20 13:42:00,7494,7498,7494,7494,268,307826,20078560.0,OI1405
2013-11-20 13:43:00,7494,7496,7494,7496,396,307688,29668320.0,OI1405
2013-11-20 13:44:00,7496,7498,7494,7496,178,307758,13335760.0,OI1405
2013-11-20 13:45:00,7496,7498,7494,7496,270,307810,20228400.0,OI1405
2013-11-20 13:46:00,7494,7496,7494,7496,70,307858,5244400.0,OI1405
2013-11-20 13:47:00,7494,7496,7492,7492,786,307990,58887120.0,OI1405
2013-11-20 13:48:00,7492,7494,7492,7492,166,307978,12436720.0,OI1405
2013-11-20 13:49:00,7492,7492,7490,7492,506,307976,37909520.0,OI1405
2013-11-20 13:50:00,7492,7492,7490,7490,430,307816,32215600.0,OI1405
2013-11-20 13:51:00,7490,7494,7490,7494,444,307700,33264480.0,OI1405
2013-11-20 13:52:00,7494,7494,7488,7488,652,307800,48847840.0,OI1405
2013-11-20 13:53:00,7488,7490,7482,7486,1076,307766,80613920.0,OI1405
2013-11-20 13:54:00,7486,7488,7484,7486,880,307644,65929600.0,OI1405
2013-11-20 13:55:00,7486,7490,7484,7490,342,307694,25622640.0,OI1405
2013-11-20 13:56:00,7488,7490,7486,7486,308,307740,23075360.0,OI1405
2013-11-20 13:57:00,7488,7488,7486,7488,150,307792,11238000.0,OI1405
2013-11-20 13:58:00,7488,7490,7486,7488,354,307880,26521680.0,OI1405
2013-11-20 13:59:00,7490,7490,7488,7490,456,308072,34163520.0,OI1405
2013-11-20 14:00:00,7490,7494,7490,7494,532,308064,39857440.0,OI1405
2013-11-20 14:01:00,7494,7496,7494,7496,356,308050,26671520.0,OI1405
2013-11-20 14:02:00,7496,7496,7494,7496,428,308050,32065760.0,OI1405
2013-11-20 14:03:00,7494,7496,7492,7494,760,308220,56939200.0,OI1405
2013-11-20 14:04:00,7494,7496,7494,7496,546,308242,40906320.0,OI1405
2013-11-20 14:05:00,7498,7498,7496,7498,824,308552,61734080.0,OI1405
2013-11-20 14:06:00,7498,7500,7496,7500,746,308630,55890320.0,OI1405
2013-11-20 14:07:00,7498,7500,7496,7496,1226,308956,91851920.0,OI1405
2013-11-20 14:08:00,7496,7498,7494,7496,392,308874,29368640.0,OI1405
2013-11-20 14:09:00,7496,7508,7496,7508,3692,308630,276604640.0,OI1405
2013-11-20 14:10:00,7510,7516,7508,7514,5498,308800,411910160.0,OI1405
2013-11-20 14:11:00,7512,7520,7510,7520,5062,309010,379328000.0,OI1405
2013-11-20 14:12:00,7518,7520,7514,7518,3276,309386,245503440.0,OI1405
2013-11-20 14:13:00,7518,7520,7516,7520,1850,309510,138639000.0,OI1405
2013-11-20 14:14:00,7518,7526,7518,7526,5876,310036,440350240.0,OI1405
2013-11-20 14:15:00,7526,7528,7520,7522,3602,310344,270005920.0,OI1405
2013-11-20 14:16:00,7524,7524,7520,7524,1806,310310,135377760.0,OI1405
2013-11-20 14:17:00,7524,7528,7522,7526,3036,310758,227578560.0,OI1405
2013-11-20 14:18:00,7528,7528,7524,7526,2210,310516,165661600.0,OI1405
2013-11-20 14:19:00,7526,7538,7526,7534,6720,310188,503806280.0,OI1405
2013-11-20 14:20:00,7536,7536,7530,7532,3740,310574,280425200.0,OI1405
2013-11-20 14:21:00,7532,7536,7532,7536,1090,310862,81728200.0,OI1405
2013-11-20 14:22:00,7534,7536,7530,7532,1638,311254,122817240.0,OI1405
2013-11-20 14:23:00,7532,7532,7528,7528,1656,311246,124166880.0,OI1405
2013-11-20 14:24:00,7528,7530,7528,7528,1986,310944,148928160.0,OI1405
2013-11-20 14:25:00,7528,7540,7528,7540,4980,311628,373500000.0,OI1405
2013-11-20 14:26:00,7542,7542,7536,7536,4536,312588,340200000.0,OI1405
2013-11-20 14:27:00,7536,7538,7536,7536,1228,312870,92100000.0,OI1405
2013-11-20 14:28:00,7536,7538,7532,7532,1870,313138,140263920.0,OI1405
2013-11-20 14:29:00,7532,7536,7532,7536,2150,313522,161293000.0,OI1405
2013-11-20 14:30:00,7536,7540,7536,7538,1886,313832,141487720.0,OI1405
2013-11-20 14:31:00,7538,7540,7536,7538,2152,314398,161443040.0,OI1405
2013-11-20 14:32:00,7538,7546,7536,7546,3132,313084,234962640.0,OI1405
2013-11-20 14:33:00,7546,7550,7544,7548,6960,312256,522215160.0,OI1405
2013-11-20 14:34:00,7546,7556,7546,7554,7014,314718,526330560.0,OI1405
2013-11-20 14:35:00,7554,7556,7550,7552,3734,314666,280265800.0,OI1405
2013-11-20 14:36:00,7552,7556,7552,7556,2798,315380,210017880.0,OI1405
2013-11-20 14:37:00,7556,7556,7546,7548,5912,316580,443761400.0,OI1405
2013-11-20 14:38:00,7548,7552,7546,7550,3582,316664,268936560.0,OI1405
2013-11-20 14:39:00,7554,7554,7548,7550,1462,317106,109766960.0,OI1405
2013-11-20 14:40:00,7548,7550,7546,7550,2512,317886,188600960.0,OI1405
2013-11-20 14:41:00,7548,7550,7546,7548,878,317644,65920240.0,OI1405
2013-11-20 14:42:00,7548,7550,7544,7548,2944,317568,221035520.0,OI1405
2013-11-20 14:43:00,7548,7550,7546,7548,972,317656,72977760.0,OI1405
2013-11-20 14:44:00,7548,7552,7546,7552,1126,317572,84540080.0,OI1405
2013-11-20 14:45:00,7552,7552,7550,7552,1064,317484,79898840.0,OI1405
2013-11-20 14:46:00,7552,7554,7550,7552,1864,317410,139986400.0,OI1405
2013-11-20 14:47:00,7550,7552,7548,7548,962,317300,72246200.0,OI1405
2013-11-20 14:48:00,7548,7550,7546,7546,1758,317366,132025800.0,OI1405
2013-11-20 14:49:00,7544,7544,7540,7540,3282,316218,246478200.0,OI1405
2013-11-20 14:50:00,7540,7544,7540,7542,2204,315824,165520400.0,OI1405
2013-11-20 14:51:00,7542,7550,7542,7548,1168,315800,87716800.0,OI1405
2013-11-20 14:52:00,7550,7550,7546,7546,854,315960,64135400.0,OI1405
2013-11-20 14:53:00,7548,7550,7546,7550,1074,315974,80657400.0,OI1405
2013-11-20 14:54:00,7550,7556,7548,7554,3140,314898,235831400.0,OI1405
2013-11-20 14:55:00,7552,7554,7550,7554,1860,314562,139723200.0,OI1405
2013-11-20 14:56:00,7554,7554,7548,7550,2126,315116,159705120.0,OI1405
2013-11-20 14:57:00,7550,7558,7548,7556,4746,314378,356519520.0,OI1405
2013-11-20 14:58:00,7556,7558,7552,7554,2968,313784,222956160.0,OI1405
2013-11-20 14:59:00,7552,7558,7552,7556,3754,312698,282024240.0,OI1405
2013-11-21 09:00:00,7566,7568,7558,7564,7032,311982,531920800.0,OI1405
2013-11-21 09:01:00,7564,7566,7554,7564,6868,310430,519409720.0,OI1405
2013-11-21 09:02:00,7564,7566,7560,7566,3770,310672,285087400.0,OI1405
2013-11-21 09:03:00,7566,7584,7566,7580,10310,310340,779920600.0,OI1405
2013-11-21 09:04:00,7582,7584,7576,7582,5756,311562,435658040.0,OI1405
2013-11-21 09:05:00,7582,7586,7576,7580,4198,311774,317788960.0,OI1405
2013-11-21 09:06:00,7578,7584,7576,7582,4590,312736,347554800.0,OI1405
2013-11-21 09:07:00,7582,7584,7576,7578,3136,312972,237457920.0,OI1405
2013-11-21 09:08:00,7578,7580,7574,7576,2002,312564,151591440.0,OI1405
2013-11-21 09:09:00,7574,7580,7574,7576,1750,312152,132528840.0,OI1405
2013-11-21 09:10:00,7578,7578,7566,7570,2942,311928,222827080.0,OI1405
2013-11-21 09:11:00,7566,7566,7546,7558,8536,310244,646339960.0,OI1405
2013-11-21 09:12:00,7558,7562,7558,7562,3236,310256,244965200.0,OI1405
2013-11-21 09:13:00,7560,7568,7560,7566,3118,310202,236032600.0,OI1405
2013-11-21 09:14:00,7568,7570,7566,7566,3138,310634,237546600.0,OI1405
2013-11-21 09:15:00,7566,7570,7566,7566,1934,311230,146403800.0,OI1405
2013-11-21 09:16:00,7566,7570,7558,7560,3194,310632,241785800.0,OI1405
2013-11-21 09:17:00,7558,7558,7556,7556,2304,310624,174412800.0,OI1405
2013-11-21 09:18:00,7556,7558,7548,7552,6108,311290,462288680.0,OI1405
2013-11-21 09:19:00,7550,7556,7548,7556,4452,310666,336927360.0,OI1405
2013-11-21 09:20:00,7556,7556,7546,7550,3784,310326,286335840.0,OI1405
2013-11-21 09:21:00,7550,7554,7548,7550,3338,310582,252553080.0,OI1405
2013-11-21 09:22:00,7550,7554,7550,7552,1206,310780,91245960.0,OI1405
2013-11-21 09:23:00,7552,7554,7550,7552,1146,310672,86706360.0,OI1405
2013-11-21 09:24:00,7550,7558,7550,7558,1802,310786,136339320.0,OI1405
2013-11-21 09:25:00,7558,7558,7554,7554,902,310752,68245320.0,OI1405
2013-11-21 09:26:00,7554,7558,7554,7556,780,310324,59014800.0,OI1405
2013-11-21 09:27:00,7558,7558,7552,7552,824,310372,62343840.0,OI1405
2013-11-21 09:28:00,7552,7554,7550,7554,612,310496,46303920.0,OI1405
2013-11-21 09:29:00,7552,7554,7550,7554,766,310356,57955560.0,OI1405
2013-11-21 09:30:00,7554,7554,7548,7550,1736,310534,131343440.0,OI1405
2013-11-21 09:31:00,7550,7550,7532,7538,5858,309824,443099120.0,OI1405
2013-11-21 09:32:00,7538,7546,7538,7546,2238,309978,169282320.0,OI1405
2013-11-21 09:33:00,7546,7548,7544,7548,1030,310286,77909200.0,OI1405
2013-11-21 09:34:00,7548,7548,7544,7548,1206,310286,91217320.0,OI1405
2013-11-21 09:35:00,7548,7550,7548,7550,972,310264,73502640.0,OI1405
2013-11-21 09:36:00,7550,7552,7548,7550,1094,309898,82728280.0,OI1405
2013-11-21 09:37:00,7552,7554,7550,7552,726,309952,54900120.0,OI1405
2013-11-21 09:38:00,7554,7560,7552,7560,1726,310100,130520120.0,OI1405
2013-11-21 09:39:00,7560,7560,7554,7556,1122,310390,84845640.0,OI1405
2013-11-21 09:40:00,7556,7558,7556,7556,578,310422,43708360.0,OI1405
2013-11-21 09:41:00,7556,7560,7556,7560,982,310328,74258840.0,OI1405
2013-11-21 09:42:00,7560,7562,7556,7562,1722,310668,130217640.0,OI1405
2013-11-21 09:43:00,7562,7562,7558,7558,1608,311180,121596960.0,OI1405
2013-11-21 09:44:00,7558,7564,7558,7562,1624,311074,122806880.0,OI1405
2013-11-21 09:45:00,7562,7562,7556,7556,772,311312,58378640.0,OI1405
2013-11-21 09:46:00,7556,7556,7552,7552,1730,310726,130822600.0,OI1405
2013-11-21 09:47:00,7552,7558,7552,7556,714,310514,53992680.0,OI1405
2013-11-21 09:48:00,7556,7558,7556,7558,608,310488,45976960.0,OI1405
2013-11-21 09:49:00,7556,7560,7556,7558,526,310566,39776120.0,OI1405
2013-11-21 09:50:00,7560,7560,7558,7558,480,310622,36297600.0,OI1405
2013-11-21 09:51:00,7560,7564,7558,7562,1640,311076,124016800.0,OI1405
2013-11-21 09:52:00,7564,7570,7564,7568,1850,311002,139897000.0,OI1405
2013-11-21 09:53:00,7566,7568,7564,7566,1000,311366,75620000.0,OI1405
2013-11-21 09:54:00,7568,7572,7566,7572,2662,311114,201300440.0,OI1405
2013-11-21 09:55:00,7572,7578,7572,7576,2730,311452,206442600.0,OI1405
2013-11-21 09:56:00,7576,7580,7576,7578,3806,312376,287840680.0,OI1405
2013-11-21 09:57:00,7578,7582,7574,7582,2986,312364,225861040.0,OI1405
2013-11-21 09:58:00,7582,7584,7580,7584,3004,312688,227222560.0,OI1405
2013-11-21 09:59:00,7582,7584,7576,7576,1946,313078,147195440.0,OI1405
2013-11-21 10:00:00,7578,7582,7576,7580,3246,313836,245527440.0,OI1405
2013-11-21 10:01:00,7580,7582,7578,7582,1962,314160,148405680.0,OI1405
2013-11-21 10:02:00,7582,7582,7578,7582,1830,314286,138421200.0,OI1405
2013-11-21 10:03:00,7582,7582,7568,7572,3950,313800,298796600.0,OI1405
2013-11-21 10:04:00,7572,7574,7568,7568,2352,314528,177952320.0,OI1405
2013-11-21 10:05:00,7568,7570,7566,7568,1670,314356,126352200.0,OI1405
2013-11-21 10:06:00,7570,7572,7568,7572,1180,314414,89278800.0,OI1405
2013-11-21 10:07:00,7572,7574,7570,7572,1570,314776,118786200.0,OI1405
2013-11-21 10:08:00,7572,7578,7572,7576,1272,314896,96239520.0,OI1405
2013-11-21 10:09:00,7576,7578,7574,7576,738,315002,55837080.0,OI1405
2013-11-21 10:10:00,7576,7578,7572,7572,858,315166,64916280.0,OI1405
2013-11-21 10:11:00,7570,7574,7566,7568,1598,315150,120904680.0,OI1405
2013-11-21 10:12:00,7570,7574,7568,7572,752,315262,56896320.0,OI1405
2013-11-21 10:13:00,7574,7578,7572,7576,994,315510,75206040.0,OI1405
2013-11-21 10:14:00,7576,7576,7572,7574,1140,315654,86252400.0,OI1405
2013-11-21 10:30:00,7574,7576,7572,7574,570,315662,43126200.0,OI1405
2013-11-21 10:31:00,7576,7576,7570,7574,1040,315672,78686400.0,OI1405
2013-11-21 10:32:00,7574,7574,7566,7568,1924,316392,145569840.0,OI1405
2013-11-21 10:33:00,7568,7570,7566,7566,1448,316764,109555680.0,OI1405
2013-11-21 10:34:00,7566,7570,7566,7570,856,316558,64764960.0,OI1405
2013-11-21 10:35:00,7570,7572,7566,7566,962,316542,72784920.0,OI1405
2013-11-21 10:36:00,7566,7570,7566,7568,1018,316126,77021880.0,OI1405
2013-11-21 10:37:00,7568,7570,7566,7570,690,315934,52205400.0,OI1405
2013-11-21 10:38:00,7570,7570,7568,7568,558,315968,42218280.0,OI1405
2013-11-21 10:39:00,7568,7570,7566,7570,420,315862,31777200.0,OI1405
2013-11-21 10:40:00,7570,7572,7568,7570,822,316010,62192520.0,OI1405
2013-11-21 10:41:00,7570,7570,7566,7570,256,315938,19368960.0,OI1405
2013-11-21 10:42:00,7570,7572,7568,7570,450,315748,34047000.0,OI1405
2013-11-21 10:43:00,7570,7572,7568,7570,396,315964,29961360.0,OI1405
2013-11-21 10:44:00,7568,7568,7562,7566,3044,315760,230309040.0,OI1405
2013-11-21 10:45:00,7564,7564,7556,7560,3696,315770,279639360.0,OI1405
2013-11-21 10:46:00,7558,7562,7558,7560,2394,316128,181130040.0,OI1405
2013-11-21 10:47:00,7558,7562,7558,7560,1648,315780,124687680.0,OI1405
2013-11-21 10:48:00,7562,7564,7560,7562,910,316090,68850600.0,OI1405
2013-11-21 10:49:00,7560,7566,7560,7562,1164,315914,88068240.0,OI1405
2013-11-21 10:50:00,7562,7564,7558,7558,1332,316468,100779120.0,OI1405
2013-11-21 10:51:00,7560,7562,7556,7562,674,316710,50994840.0,OI1405
2013-11-21 10:52:00,7562,7562,7558,7558,1258,316724,95180280.0,OI1405
2013-11-21 10:53:00,7556,7558,7556,7558,2146,316222,162366360.0,OI1405
2013-11-21 10:54:00,7558,7560,7556,7558,1488,316624,112582080.0,OI1405
2013-11-21 10:55:00,7558,7564,7556,7558,2572,317626,194597520.0,OI1405
2013-11-21 10:56:00,7560,7566,7560,7566,1286,317510,97298760.0,OI1405
2013-11-21 10:57:00,7566,7566,7562,7566,1036,317384,78383760.0,OI1405
2013-11-21 10:58:00,7566,7568,7564,7566,874,317484,66126840.0,OI1405
2013-11-21 10:59:00,7564,7568,7564,7566,1048,317460,79291680.0,OI1405
2013-11-21 11:00:00,7566,7568,7564,7566,776,317638,58712160.0,OI1405
2013-11-21 11:01:00,7566,7568,7566,7568,602,317566,45547320.0,OI1405
2013-11-21 11:02:00,7566,7568,7564,7564,394,317480,29810040.0,OI1405
2013-11-21 11:03:00,7564,7566,7562,7564,1032,317012,78081120.0,OI1405
2013-11-21 11:04:00,7564,7576,7564,7574,1822,317168,137852520.0,OI1405
2013-11-21 11:05:00,7574,7582,7574,7582,3802,317600,287659320.0,OI1405
2013-11-21 11:06:00,7582,7594,7580,7594,6500,318574,491790000.0,OI1405
2013-11-21 11:07:00,7592,7594,7584,7584,3514,318420,265869240.0,OI1405
2013-11-21 11:08:00,7586,7588,7584,7588,2398,318630,181432680.0,OI1405
2013-11-21 11:09:00,7588,7596,7586,7594,3900,319166,295110720.0,OI1405
2013-11-21 11:10:00,7594,7594,7584,7588,2446,319334,185113280.0,OI1405
2013-11-21 11:11:00,7588,7592,7584,7590,1962,320084,148484160.0,OI1405
2013-11-21 11:12:00,7590,7592,7588,7592,1924,320578,145608320.0,OI1405
2013-11-21 11:13:00,7590,7592,7586,7588,2694,320948,203881920.0,OI1405
2013-11-21 11:14:00,7586,7590,7586,7588,2290,320460,173307200.0,OI1405
2013-11-21 11:15:00,7588,7590,7586,7586,1774,321130,134256320.0,OI1405
2013-11-21 11:16:00,7586,7590,7586,7588,1216,320864,92026880.0,OI1405
2013-11-21 11:17:00,7588,7596,7588,7596,2200,320574,166496000.0,OI1405
2013-11-21 11:18:00,7596,7596,7592,7596,3082,320860,233245760.0,OI1405
2013-11-21 11:19:00,7596,7598,7594,7594,4040,320372,305817600.0,OI1405
2013-11-21 11:20:00,7594,7606,7594,7602,8274,320050,626341800.0,OI1405
2013-11-21 11:21:00,7604,7610,7598,7598,6372,318862,482383880.0,OI1405
2013-11-21 11:22:00,7600,7612,7598,7612,6770,318898,512624400.0,OI1405
2013-11-21 11:23:00,7612,7612,7604,7608,6270,318752,474764400.0,OI1405
2013-11-21 11:24:00,7606,7610,7602,7610,3344,318374,253228440.0,OI1405
2013-11-21 11:25:00,7610,7610,7596,7600,3462,318260,262211880.0,OI1405
2013-11-21 11:26:00,7600,7604,7598,7602,2500,317988,189350000.0,OI1405
2013-11-21 11:27:00,7600,7602,7596,7598,2776,317622,210254240.0,OI1405
2013-11-21 11:28:00,7598,7602,7598,7602,2882,317434,218282680.0,OI1405
2013-11-21 11:29:00,7602,7604,7600,7600,3026,317316,229189240.0,OI1405
2013-11-21 13:30:00,7598,7598,7582,7586,6168,316504,467164320.0,OI1405
2013-11-21 13:31:00,7586,7588,7580,7584,3184,316910,241156160.0,OI1405
2013-11-21 13:32:00,7586,7588,7582,7584,2260,316852,171172400.0,OI1405
2013-11-21 13:33:00,7582,7586,7580,7580,2962,317200,224341880.0,OI1405
2013-11-21 13:34:00,7580,7582,7576,7580,3534,316700,267691280.0,OI1405
2013-11-21 13:35:00,7580,7582,7576,7576,3962,316330,300161120.0,OI1405
2013-11-21 13:36:00,7578,7580,7574,7578,1948,316050,147580480.0,OI1405
2013-11-21 13:37:00,7578,7582,7578,7582,1792,316032,135761920.0,OI1405
2013-11-21 13:38:00,7582,7582,7580,7582,1298,315758,98336480.0,OI1405
2013-11-21 13:39:00,7580,7582,7578,7578,1118,315830,84699680.0,OI1405
2013-11-21 13:40:00,7580,7580,7576,7578,1258,315746,95306080.0,OI1405
2013-11-21 13:41:00,7576,7582,7576,7580,1184,315502,89699840.0,OI1405
2013-11-21 13:42:00,7580,7584,7580,7582,1036,315478,78487360.0,OI1405
2013-11-21 13:43:00,7582,7590,7582,7590,2786,315192,211067360.0,OI1405
2013-11-21 13:44:00,7588,7590,7586,7588,948,315446,71820480.0,OI1405
2013-11-21 13:45:00,7588,7590,7586,7590,1132,315490,85760320.0,OI1405
2013-11-21 13:46:00,7590,7592,7588,7590,1016,315552,76972160.0,OI1405
2013-11-21 13:47:00,7590,7590,7586,7588,1370,316172,103791200.0,OI1405
2013-11-21 13:48:00,7588,7590,7586,7588,924,315828,70002240.0,OI1405
2013-11-21 13:49:00,7586,7590,7586,7590,1262,315740,95609120.0,OI1405
2013-11-21 13:50:00,7590,7604,7590,7602,3050,316242,231068000.0,OI1405
2013-11-21 13:51:00,7602,7608,7600,7608,4122,316976,312282720.0,OI1405
2013-11-21 13:52:00,7606,7608,7602,7604,3590,317520,271978400.0,OI1405
2013-11-21 13:53:00,7604,7604,7596,7600,2784,317618,210915840.0,OI1405
2013-11-21 13:54:00,7600,7602,7596,7596,1488,317936,112730880.0,OI1405
2013-11-21 13:55:00,7598,7602,7596,7602,776,317984,58789760.0,OI1405
2013-11-21 13:56:00,7602,7604,7600,7602,1654,317792,125307040.0,OI1405
2013-11-21 13:57:00,7602,7604,7600,7602,1384,317828,104851840.0,OI1405
2013-11-21 13:58:00,7602,7610,7602,7606,3020,317456,228833280.0,OI1405
2013-11-21 13:59:00,7608,7610,7606,7608,2860,317620,216730800.0,OI1405
2013-11-21 14:00:00,7610,7610,7602,7606,2270,317576,172020600.0,OI1405
2013-11-21 14:01:00,7606,7608,7602,7604,1412,317290,107001360.0,OI1405
2013-11-21 14:02:00,7602,7604,7598,7604,2484,316872,188237520.0,OI1405
2013-11-21 14:03:00,7606,7608,7604,7606,1576,316562,119429280.0,OI1405
2013-11-21 14:04:00,7606,7608,7602,7602,1234,316858,93512520.0,OI1405
2013-11-21 14:05:00,7602,7606,7602,7606,1100,317242,83358000.0,OI1405
2013-11-21 14:06:00,7606,7612,7606,7610,3984,317882,301907520.0,OI1405
2013-11-21 14:07:00,7610,7612,7600,7600,3162,318868,239616360.0,OI1405
2013-11-21 14:08:00,7600,7602,7596,7600,3544,319038,268564320.0,OI1405
2013-11-21 14:09:00,7598,7600,7598,7598,1236,319624,93664080.0,OI1405
2013-11-21 14:10:00,7598,7602,7598,7602,1870,319898,141708600.0,OI1405
2013-11-21 14:11:00,7602,7602,7598,7600,884,319836,67006040.0,OI1405
2013-11-21 14:12:00,7600,7602,7598,7600,712,320212,53969600.0,OI1405
2013-11-21 14:13:00,7600,7602,7598,7602,648,320362,49118400.0,OI1405
2013-11-21 14:14:00,7602,7608,7602,7606,1742,320728,132043600.0,OI1405
2013-11-21 14:15:00,7604,7606,7598,7598,998,320974,75648400.0,OI1405
2013-11-21 14:16:00,7598,7600,7592,7592,2706,321214,205114800.0,OI1405
2013-11-21 14:17:00,7592,7594,7590,7590,3554,320096,269393200.0,OI1405
2013-11-21 14:18:00,7590,7594,7588,7590,2214,319808,167821200.0,OI1405
2013-11-21 14:19:00,7590,7594,7588,7594,1168,320054,88534400.0,OI1405
2013-11-21 14:20:00,7594,7596,7592,7592,674,320228,51089200.0,OI1405
2013-11-21 14:21:00,7592,7594,7590,7592,992,320314,75193600.0,OI1405
2013-11-21 14:22:00,7592,7592,7590,7590,2096,320314,158876800.0,OI1405
2013-11-21 14:23:00,7588,7592,7584,7586,2808,320592,212846400.0,OI1405
2013-11-21 14:24:00,7586,7586,7582,7584,2454,320924,186013200.0,OI1405
2013-11-21 14:25:00,7584,7590,7582,7590,1340,321076,101572000.0,OI1405
2013-11-21 14:26:00,7590,7590,7586,7586,572,321022,43357600.0,OI1405
2013-11-21 14:27:00,7588,7588,7584,7588,1258,321558,95356400.0,OI1405
2013-11-21 14:28:00,7588,7590,7586,7590,2118,322556,160544400.0,OI1405
2013-11-21 14:29:00,7588,7590,7582,7582,1254,322958,95053200.0,OI1405
2013-11-21 14:30:00,7582,7588,7582,7588,1130,322686,85654000.0,OI1405
2013-11-21 14:31:00,7586,7590,7586,7590,834,322558,63217200.0,OI1405
2013-11-21 14:32:00,7590,7600,7590,7598,2416,321822,183132800.0,OI1405
2013-11-21 14:33:00,7596,7598,7592,7594,922,321766,69887600.0,OI1405
2013-11-21 14:34:00,7592,7596,7588,7594,1660,321586,125828000.0,OI1405
2013-11-21 14:35:00,7592,7594,7588,7588,1104,321594,83683200.0,OI1405
2013-11-21 14:36:00,7588,7594,7588,7592,660,321794,50028000.0,OI1405
2013-11-21 14:37:00,7594,7594,7592,7592,398,321638,30168400.0,OI1405
2013-11-21 14:38:00,7594,7600,7594,7600,1368,321670,103694400.0,OI1405
2013-11-21 14:39:00,7598,7602,7598,7600,1402,322008,106271600.0,OI1405
2013-11-21 14:40:00,7598,7600,7596,7596,1036,321972,78528800.0,OI1405
2013-11-21 14:41:00,7596,7596,7594,7596,354,322000,26833200.0,OI1405
2013-11-21 14:42:00,7596,7598,7596,7596,716,321784,54272800.0,OI1405
2013-11-21 14:43:00,7596,7598,7596,7598,192,321778,14553600.0,OI1405
2013-11-21 14:44:00,7598,7598,7596,7596,430,321706,32594000.0,OI1405
2013-11-21 14:45:00,7596,7598,7596,7596,228,321662,17282400.0,OI1405
2013-11-21 14:46:00,7596,7598,7590,7590,1622,321286,122947600.0,OI1405
2013-11-21 14:47:00,7590,7592,7588,7590,1102,321362,83531600.0,OI1405
2013-11-21 14:48:00,7592,7592,7588,7588,428,321380,32442400.0,OI1405
2013-11-21 14:49:00,7590,7590,7588,7588,170,321362,12886000.0,OI1405
2013-11-21 14:50:00,7590,7600,7588,7598,1546,321000,117186800.0,OI1405
2013-11-21 14:51:00,7598,7602,7598,7600,2002,321432,151751600.0,OI1405
2013-11-21 14:52:00,7600,7600,7598,7600,886,321468,67158800.0,OI1405
2013-11-21 14:53:00,7600,7604,7600,7602,2028,321024,153722400.0,OI1405
2013-11-21 14:54:00,7602,7602,7600,7600,1198,321132,90808400.0,OI1405
2013-11-21 14:55:00,7602,7602,7596,7596,2170,321092,164486000.0,OI1405
2013-11-21 14:56:00,7596,7600,7596,7598,1360,320844,103088000.0,OI1405
2013-11-21 14:57:00,7598,7600,7596,7596,1532,320078,116130920.0,OI1405
2013-11-21 14:58:00,7598,7600,7594,7596,2712,319724,205623840.0,OI1405
2013-11-21 14:59:00,7594,7596,7594,7594,2704,318236,205017280.0,OI1405
2013-11-22 09:00:00,7684,7686,7662,7662,16772,316704,1287898040.0,OI1405
2013-11-22 09:01:00,7662,7666,7650,7656,9848,316502,755331960.0,OI1405
2013-11-22 09:02:00,7658,7670,7652,7670,7690,316914,589549800.0,OI1405
2013-11-22 09:03:00,7670,7670,7662,7668,5542,317694,424849720.0,OI1405
2013-11-22 09:04:00,7672,7680,7670,7678,6404,317092,490972320.0,OI1405
2013-11-22 09:05:00,7678,7682,7674,7676,4576,316968,350887680.0,OI1405
2013-11-22 09:06:00,7676,7678,7668,7672,4176,315866,320215680.0,OI1405
2013-11-22 09:07:00,7672,7672,7666,7670,2752,315302,211023360.0,OI1405
2013-11-22 09:08:00,7668,7670,7664,7664,3550,314596,272214000.0,OI1405
2013-11-22 09:09:00,7664,7670,7662,7670,3472,313556,266232960.0,OI1405
2013-11-22 09:10:00,7668,7672,7666,7666,2028,313708,155507040.0,OI1405
2013-11-22 09:11:00,7666,7670,7664,7666,1588,313754,121767840.0,OI1405
2013-11-22 09:12:00,7666,7670,7664,7666,2334,313940,178971120.0,OI1405
2013-11-22 09:13:00,7666,7670,7662,7662,2612,314370,200288160.0,OI1405
2013-11-22 09:14:00,7662,7668,7662,7664,1618,314346,124068240.0,OI1405
2013-11-22 09:15:00,7664,7666,7660,7662,1340,314384,102751200.0,OI1405
2013-11-22 09:16:00,7660,7666,7660,7664,1458,314164,111799440.0,OI1405
2013-11-22 09:17:00,7662,7662,7648,7650,5222,313994,400422960.0,OI1405
2013-11-22 09:18:00,7652,7654,7650,7652,2872,313938,220206640.0,OI1405
2013-11-22 09:19:00,7652,7654,7642,7646,4234,313994,324578440.0,OI1405
2013-11-22 09:20:00,7648,7650,7644,7650,3272,314044,250831520.0,OI1405
2013-11-22 09:21:00,7650,7658,7650,7656,2124,313482,162825840.0,OI1405
2013-11-22 09:22:00,7656,7660,7654,7658,1852,313398,141947800.0,OI1405
2013-11-22 09:23:00,7658,7660,7654,7654,1174,313700,89975360.0,OI1405
2013-11-22 09:24:00,7656,7660,7654,7660,1464,313624,112200960.0,OI1405
2013-11-22 09:25:00,7660,7662,7654,7656,2050,313684,157112000.0,OI1405
2013-11-22 09:26:00,7656,7656,7644,7650,2254,313548,172746560.0,OI1405
2013-11-22 09:27:00,7650,7654,7648,7654,764,313556,58552960.0,OI1405
2013-11-22 09:28:00,7654,7656,7652,7654,492,313544,37706880.0,OI1405
2013-11-22 09:29:00,7654,7654,7646,7650,1520,313630,116492800.0,OI1405
2013-11-22 09:30:00,7650,7652,7648,7652,910,313536,69742400.0,OI1405
2013-11-22 09:31:00,7650,7652,7650,7652,614,313548,47056960.0,OI1405
2013-11-22 09:32:00,7650,7652,7650,7652,182,313490,13948480.0,OI1405
2013-11-22 09:33:00,7652,7652,7648,7648,1156,313520,88595840.0,OI1405
2013-11-22 09:34:00,7648,7654,7648,7654,984,313404,75413760.0,OI1405
2013-11-22 09:35:00,7652,7656,7652,7652,866,313306,66370240.0,OI1405
2013-11-22 09:36:00,7652,7652,7648,7648,1536,313044,117719040.0,OI1405
2013-11-22 09:37:00,7648,7652,7648,7650,1028,312812,78785920.0,OI1405
2013-11-22 09:38:00,7650,7654,7648,7654,864,312634,66216960.0,OI1405
2013-11-22 09:39:00,7654,7654,7650,7652,528,312606,40465920.0,OI1405
2013-11-22 09:40:00,7652,7654,7650,7650,1066,312678,81677520.0,OI1405
2013-11-22 09:41:00,7652,7652,7650,7650,290,312684,22219800.0,OI1405
2013-11-22 09:42:00,7650,7652,7648,7650,1470,312748,112631400.0,OI1405
2013-11-22 09:43:00,7650,7652,7650,7652,354,312656,27123480.0,OI1405
2013-11-22 09:44:00,7652,7656,7650,7656,1398,312358,107114760.0,OI1405
2013-11-22 09:45:00,7656,7660,7654,7658,1744,312524,133625280.0,OI1405
2013-11-22 09:46:00,7658,7660,7656,7656,1056,312502,80910720.0,OI1405
2013-11-22 09:47:00,7656,7662,7656,7660,1296,312324,99299520.0,OI1405
2013-11-22 09:48:00,7660,7662,7658,7660,1432,312492,109719840.0,OI1405
2013-11-22 09:49:00,7660,7662,7648,7650,3258,313356,249627960.0,OI1405
2013-11-22 09:50:00,7650,7656,7650,7654,1040,313390,79684800.0,OI1405
2013-11-22 09:51:00,7654,7654,7650,7650,1036,313292,79378320.0,OI1405
2013-11-22 09:52:00,7650,7654,7650,7652,308,313182,23598960.0,OI1405
2013-11-22 09:53:00,7652,7654,7650,7652,556,313114,42600720.0,OI1405
2013-11-22 09:54:00,7652,7656,7652,7654,408,313144,31260960.0,OI1405
2013-11-22 09:55:00,7654,7654,7652,7654,440,313174,33712800.0,OI1405
2013-11-22 09:56:00,7654,7654,7650,7650,1364,313890,104509680.0,OI1405
2013-11-22 09:57:00,7652,7654,7652,7652,220,313874,16856400.0,OI1405
2013-11-22 09:58:00,7652,7654,7652,7654,462,313800,35398440.0,OI1405
2013-11-22 09:59:00,7654,7654,7650,7652,602,314006,46125240.0,OI1405
2013-11-22 10:00:00,7652,7654,7650,7650,610,313880,46738200.0,OI1405
2013-11-22 10:01:00,7650,7652,7646,7646,2104,314428,161208480.0,OI1405
2013-11-22 10:02:00,7646,7648,7644,7648,2038,314304,156151560.0,OI1405
2013-11-22 10:03:00,7648,7648,7632,7636,6336,313970,485392480.0,OI1405
2013-11-22 10:04:00,7636,7636,7624,7626,7506,313586,574950800.0,OI1405
2013-11-22 10:05:00,7628,7636,7628,7634,3072,313360,235253760.0,OI1405
2013-11-22 10:06:00,7632,7638,7632,7636,1846,313156,141366680.0,OI1405
2013-11-22 10:07:00,7638,7638,7634,7634,1882,313704,144123560.0,OI1405
2013-11-22 10:08:00,7634,7638,7634,7636,824,313516,63101920.0,OI1405
2013-11-22 10:09:00,7636,7638,7634,7636,582,313406,44569560.0,OI1405
2013-11-22 10:10:00,7636,7638,7634,7638,1044,313452,79949520.0,OI1405
2013-11-22 10:11:00,7638,7638,7634,7634,490,313574,37524200.0,OI1405
2013-11-22 10:12:00,7634,7636,7632,7636,520,313760,39821600.0,OI1405
2013-11-22 10:13:00,7634,7636,7634,7636,438,313882,33542040.0,OI1405
2013-11-22 10:14:00,7636,7638,7634,7636,634,313546,48551720.0,OI1405
2013-11-22 10:30:00,7636,7646,7636,7646,1902,313778,145655160.0,OI1405
2013-11-22 10:31:00,7646,7648,7644,7648,4564,314172,349447400.0,OI1405
2013-11-22 10:32:00,7650,7658,7650,7654,4230,314532,323848800.0,OI1405
2013-11-22 10:33:00,7654,7654,7648,7650,1582,314694,121117920.0,OI1405
2013-11-22 10:34:00,7648,7658,7648,7656,1910,314840,146229600.0,OI1405
2013-11-22 10:35:00,7654,7656,7648,7648,1752,314956,134133120.0,OI1405
2013-11-22 10:36:00,7650,7650,7642,7644,2096,314798,160469760.0,OI1405
2013-11-22 10:37:00,7644,7644,7640,7642,1380,314848,105652800.0,OI1405
2013-11-22 10:38:00,7642,7642,7638,7642,1486,314732,113768160.0,OI1405
2013-11-22 10:39:00,7640,7642,7640,7640,1072,314240,82072320.0,OI1405
2013-11-22 10:40:00,7640,7642,7638,7638,1164,314292,89115840.0,OI1405
2013-11-22 10:41:00,7638,7640,7632,7638,2008,314318,153732480.0,OI1405
2013-11-22 10:42:00,7638,7642,7636,7638,1552,314460,118821120.0,OI1405
2013-11-22 10:43:00,7642,7642,7640,7642,518,314344,39658080.0,OI1405
2013-11-22 10:44:00,7642,7642,7640,7640,540,314422,41342400.0,OI1405
2013-11-22 10:45:00,7638,7642,7638,7642,370,314382,28327200.0,OI1405
2013-11-22 10:46:00,7642,7642,7640,7642,202,314366,15465120.0,OI1405
2013-11-22 10:47:00,7640,7642,7632,7634,1646,314292,126017760.0,OI1405
2013-11-22 10:48:00,7632,7638,7628,7628,2426,314870,185734560.0,OI1405
2013-11-22 10:49:00,7630,7634,7626,7630,2446,315412,187243680.0,OI1405
2013-11-22 10:50:00,7628,7634,7628,7632,878,315596,67202120.0,OI1405
2013-11-22 10:51:00,7630,7632,7630,7630,700,315540,53578000.0,OI1405
2013-11-22 10:52:00,7630,7634,7628,7630,1880,315938,143895200.0,OI1405
2013-11-22 10:53:00,7630,7630,7622,7622,2162,316212,165479480.0,OI1405
2013-11-22 10:54:00,7622,7626,7616,7622,3540,316556,270951600.0,OI1405
2013-11-22 10:55:00,7622,7624,7618,7622,4318,317026,330498520.0,OI1405
2013-11-22 10:56:00,7622,7622,7612,7620,4972,316208,380457440.0,OI1405
2013-11-22 10:57:00,7620,7622,7618,7622,1600,316354,122432000.0,OI1405
2013-11-22 10:58:00,7622,7628,7622,7628,2498,316122,191146960.0,OI1405
2013-11-22 10:59:00,7626,7628,7624,7626,1976,316342,151203520.0,OI1405
2013-11-22 11:00:00,7626,7626,7620,7622,1034,316360,79121680.0,OI1405
2013-11-22 11:01:00,7622,7624,7620,7624,1092,316830,83559840.0,OI1405
2013-11-22 11:02:00,7624,7624,7616,7618,2774,316590,212225680.0,OI1405
2013-11-22 11:03:00,7616,7620,7616,7620,1264,316122,96696000.0,OI1405
2013-11-22 11:04:00,7620,7624,7618,7624,1868,316052,142902000.0,OI1405
2013-11-22 11:05:00,7622,7626,7620,7620,1304,316012,99756000.0,OI1405
2013-11-22 11:06:00,7622,7626,7620,7626,1112,316318,85068000.0,OI1405
2013-11-22 11:07:00,7626,7628,7626,7628,1148,315726,87822000.0,OI1405
2013-11-22 11:08:00,7628,7630,7624,7630,1096,315838,83844000.0,OI1405
2013-11-22 11:09:00,7628,7630,7622,7624,936,315822,71604000.0,OI1405
2013-11-22 11:10:00,7624,7626,7620,7622,606,315864,46359000.0,OI1405
2013-11-22 11:11:00,7622,7624,7620,7624,242,315880,18513000.0,OI1405
2013-11-22 11:12:00,7624,7624,7618,7618,892,316040,68238000.0,OI1405
2013-11-22 11:13:00,7618,7620,7616,7616,1360,316118,104040000.0,OI1405
2013-11-22 11:14:00,7618,7620,7614,7620,1714,315904,131121000.0,OI1405
2013-11-22 11:15:00,7620,7622,7618,7620,654,316150,50031000.0,OI1405
2013-11-22 11:16:00,7620,7622,7620,7622,444,316172,33966000.0,OI1405
2013-11-22 11:17:00,7622,7624,7620,7622,490,316214,37485000.0,OI1405
2013-11-22 11:18:00,7622,7624,7620,7620,252,316220,19275440.0,OI1405
2013-11-22 11:19:00,7622,7624,7620,7624,1120,316548,85657600.0,OI1405
2013-11-22 11:20:00,7622,7626,7622,7624,532,316586,40687360.0,OI1405
2013-11-22 11:21:00,7624,7626,7622,7624,568,316480,43440640.0,OI1405
2013-11-22 11:22:00,7624,7626,7622,7624,774,316070,59195520.0,OI1405
2013-11-22 11:23:00,7624,7624,7622,7622,232,316090,17743360.0,OI1405
2013-11-22 11:24:00,7624,7626,7624,7626,354,316128,27073920.0,OI1405
2013-11-22 11:25:00,7626,7626,7624,7626,812,316130,62101760.0,OI1405
2013-11-22 11:26:00,7626,7628,7624,7626,424,316052,32427520.0,OI1405
2013-11-22 11:27:00,7628,7628,7624,7626,1316,315916,100647680.0,OI1405
2013-11-22 11:28:00,7626,7626,7622,7622,696,315836,53230080.0,OI1405
2013-11-22 11:29:00,7624,7624,7620,7622,1054,315632,80609920.0,OI1405
2013-11-22 13:30:00,7626,7626,7620,7620,1732,316022,132463360.0,OI1405
2013-11-22 13:31:00,7622,7624,7620,7624,676,315986,51700480.0,OI1405
2013-11-22 13:32:00,7624,7626,7624,7626,854,316140,65313920.0,OI1405
2013-11-22 13:33:00,7624,7628,7624,7628,922,315920,70514560.0,OI1405
2013-11-22 13:34:00,7628,7632,7628,7632,1814,315592,138734720.0,OI1405
2013-11-22 13:35:00,7630,7634,7630,7630,1600,315268,122368000.0,OI1405
2013-11-22 13:36:00,7630,7634,7628,7632,1556,315008,119002880.0,OI1405
2013-11-22 13:37:00,7632,7636,7632,7634,762,315004,58277760.0,OI1405
2013-11-22 13:38:00,7634,7636,7630,7632,1494,315504,114261120.0,OI1405
2013-11-22 13:39:00,7630,7632,7630,7630,1458,315132,111507840.0,OI1405
2013-11-22 13:40:00,7628,7634,7626,7630,1862,314742,142405760.0,OI1405
2013-11-22 13:41:00,7628,7632,7628,7632,938,314452,71738240.0,OI1405
2013-11-22 13:42:00,7630,7632,7628,7630,690,314434,52771200.0,OI1405
2013-11-22 13:43:00,7630,7632,7628,7630,230,314432,17590400.0,OI1405
2013-11-22 13:44:00,7630,7630,7626,7626,534,314418,40840320.0,OI1405
2013-11-22 13:45:00,7628,7628,7622,7624,1306,314276,99872440.0,OI1405
2013-11-22 13:46:00,7624,7624,7620,7620,948,314344,72484080.0,OI1405
2013-11-22 13:47:00,7622,7622,7612,7614,3958,313072,302628680.0,OI1405
2013-11-22 13:48:00,7614,7618,7612,7616,3186,312608,243601560.0,OI1405
2013-11-22 13:49:00,7616,7620,7616,7618,1204,312686,92057840.0,OI1405
2013-11-22 13:50:00,7618,7620,7616,7618,1340,313026,102456400.0,OI1405
2013-11-22 13:51:00,7620,7620,7618,7618,1358,312706,103832680.0,OI1405
2013-11-22 13:52:00,7620,7622,7616,7618,918,312846,70190280.0,OI1405
2013-11-22 13:53:00,7618,7622,7618,7620,602,312814,46028920.0,OI1405
2013-11-22 13:54:00,7618,7620,7616,7616,484,312906,37006640.0,OI1405
2013-11-22 13:55:00,7618,7620,7616,7618,642,312872,49087320.0,OI1405
2013-11-22 13:56:00,7616,7620,7616,7620,180,312822,13762800.0,OI1405
2013-11-22 13:57:00,7620,7622,7618,7620,1858,312874,142062680.0,OI1405
2013-11-22 13:58:00,7620,7624,7620,7622,1778,312796,135945880.0,OI1405
2013-11-22 13:59:00,7622,7624,7620,7624,620,312850,47405200.0,OI1405
2013-11-22 14:00:00,7624,7624,7618,7618,1408,312372,107653680.0,OI1405
2013-11-22 14:01:00,7618,7618,7616,7618,476,312374,36385440.0,OI1405
2013-11-22 14:02:00,7618,7620,7618,7618,494,312334,37761360.0,OI1405
2013-11-22 14:03:00,7620,7622,7618,7622,574,312426,43876560.0,OI1405
2013-11-22 14:04:00,7622,7624,7620,7620,476,312438,36385440.0,OI1405
2013-11-22 14:05:00,7622,7624,7620,7622,618,312042,47239920.0,OI1405
2013-11-22 14:06:00,7622,7622,7620,7620,168,312098,12841920.0,OI1405
2013-11-22 14:07:00,7620,7622,7618,7620,430,312072,32869200.0,OI1405
2013-11-22 14:08:00,7620,7624,7620,7622,398,312124,30423120.0,OI1405
2013-11-22 14:09:00,7622,7622,7618,7618,454,312268,34703760.0,OI1405
2013-11-22 14:10:00,7618,7620,7616,7620,512,312172,39137280.0,OI1405
2013-11-22 14:11:00,7618,7620,7616,7618,334,312152,25530960.0,OI1405
2013-11-22 14:12:00,7620,7620,7618,7620,206,312258,15746640.0,OI1405
2013-11-22 14:13:00,7620,7622,7618,7620,428,312358,32716320.0,OI1405
2013-11-22 14:14:00,7622,7622,7620,7620,118,312298,9019920.0,OI1405
2013-11-22 14:15:00,7620,7620,7618,7618,562,312124,42959280.0,OI1405
2013-11-22 14:16:00,7616,7620,7616,7618,326,312028,24919440.0,OI1405
2013-11-22 14:17:00,7618,7620,7618,7620,134,312030,10242960.0,OI1405
2013-11-22 14:18:00,7620,7624,7618,7624,1210,312168,92492400.0,OI1405
2013-11-22 14:19:00,7624,7626,7622,7624,1628,312116,124444320.0,OI1405
2013-11-22 14:20:00,7624,7624,7618,7620,984,311850,75216960.0,OI1405
2013-11-22 14:21:00,7620,7624,7618,7622,936,311818,71547840.0,OI1405
2013-11-22 14:22:00,7624,7624,7620,7622,580,311846,44335200.0,OI1405
2013-11-22 14:23:00,7620,7622,7620,7622,412,311764,31493280.0,OI1405
2013-11-22 14:24:00,7620,7622,7618,7620,572,311832,43723680.0,OI1405
2013-11-22 14:25:00,7620,7622,7618,7622,336,311826,25683840.0,OI1405
2013-11-22 14:26:00,7620,7622,7620,7620,148,311818,11313120.0,OI1405
2013-11-22 14:27:00,7622,7622,7618,7620,360,311736,27518400.0,OI1405
2013-11-22 14:28:00,7618,7620,7618,7620,160,311758,12230400.0,OI1405
2013-11-22 14:29:00,7618,7620,7618,7618,320,311824,24460800.0,OI1405
2013-11-22 14:30:00,7620,7620,7616,7620,1242,311842,94938480.0,OI1405
2013-11-22 14:31:00,7620,7622,7620,7622,526,311632,40207440.0,OI1405
2013-11-22 14:32:00,7620,7622,7618,7620,468,311688,35773920.0,OI1405
2013-11-22 14:33:00,7620,7622,7620,7622,382,311686,29200080.0,OI1405
2013-11-22 14:34:00,7620,7620,7616,7616,490,311678,37455600.0,OI1405
2013-11-22 14:35:00,7616,7616,7604,7606,7972,310788,609334280.0,OI1405
2013-11-22 14:36:00,7606,7608,7598,7604,7170,309362,547931400.0,OI1405
2013-11-22 14:37:00,7602,7604,7598,7602,4432,307932,338693440.0,OI1405
2013-11-22 14:38:00,7602,7608,7602,7606,3436,306026,262569320.0,OI1405
2013-11-22 14:39:00,7604,7606,7602,7604,1740,305474,132936000.0,OI1405
2013-11-22 14:40:00,7604,7606,7602,7606,1106,305664,84498400.0,OI1405
2013-11-22 14:41:00,7606,7608,7604,7604,706,305580,53938400.0,OI1405
2013-11-22 14:42:00,7606,7610,7604,7610,1210,305222,92444000.0,OI1405
2013-11-22 14:43:00,7608,7608,7606,7606,1746,305306,133394400.0,OI1405
2013-11-22 14:44:00,7604,7610,7604,7608,1050,305152,80220000.0,OI1405
2013-11-22 14:45:00,7608,7610,7608,7610,1490,304800,113836000.0,OI1405
2013-11-22 14:46:00,7608,7610,7606,7608,1996,305094,152494400.0,OI1405
2013-11-22 14:47:00,7608,7610,7606,7608,742,305078,56688800.0,OI1405
2013-11-22 14:48:00,7608,7610,7608,7608,552,305006,42172800.0,OI1405
2013-11-22 14:49:00,7610,7610,7608,7608,332,304896,25364800.0,OI1405
2013-11-22 14:50:00,7610,7610,7606,7608,488,304728,37283200.0,OI1405
2013-11-22 14:51:00,7608,7608,7598,7600,3120,303764,238368000.0,OI1405
2013-11-22 14:52:00,7600,7604,7600,7602,2890,302850,220796000.0,OI1405
2013-11-22 14:53:00,7604,7604,7602,7602,1070,302698,81731840.0,OI1405
2013-11-22 14:54:00,7602,7606,7602,7604,1934,301970,147718920.0,OI1405
2013-11-22 14:55:00,7604,7604,7600,7602,2212,301770,168952560.0,OI1405
2013-11-22 14:56:00,7600,7602,7596,7598,2846,300020,217377480.0,OI1405
2013-11-22 14:57:00,7598,7600,7592,7594,4120,297456,314685600.0,OI1405
2013-11-22 14:58:00,7596,7596,7592,7592,3594,296246,274509720.0,OI1405
2013-11-22 14:59:00,7594,7594,7590,7592,4798,294698,366425400.0,OI1405
2013-11-25 09:00:00,7582,7606,7582,7602,5112,294828,387759120.0,OI1405
2013-11-25 09:01:00,7598,7604,7586,7590,3208,295278,243538920.0,OI1405
2013-11-25 09:02:00,7588,7588,7568,7578,5138,296572,389915440.0,OI1405
2013-11-25 09:03:00,7576,7580,7574,7580,2304,296794,174781440.0,OI1405
2013-11-25 09:04:00,7578,7582,7578,7578,1248,296956,94655200.0,OI1405
2013-11-25 09:05:00,7578,7582,7576,7576,2020,297292,153196800.0,OI1405
2013-11-25 09:06:00,7576,7582,7576,7580,2104,297954,159567360.0,OI1405
2013-11-25 09:07:00,7580,7580,7576,7576,1000,298520,75840000.0,OI1405
2013-11-25 09:08:00,7578,7590,7576,7588,1728,298314,131051520.0,OI1405
2013-11-25 09:09:00,7590,7606,7588,7606,4248,298602,322195720.0,OI1405
2013-11-25 09:10:00,7604,7606,7598,7602,3358,299352,254756040.0,OI1405
2013-11-25 09:11:00,7602,7614,7602,7610,4604,299896,349398080.0,OI1405
2013-11-25 09:12:00,7612,7612,7604,7606,3332,300566,252943160.0,OI1405
2013-11-25 09:13:00,7606,7608,7604,7604,1222,300526,92774240.0,OI1405
2013-11-25 09:14:00,7604,7608,7604,7606,1848,300840,140301880.0,OI1405
2013-11-25 09:15:00,7606,7608,7598,7602,2876,301536,218403440.0,OI1405
2013-11-25 09:16:00,7602,7602,7596,7598,1350,301398,102519000.0,OI1405
2013-11-25 09:17:00,7600,7602,7598,7598,614,301296,46627160.0,OI1405
2013-11-25 09:18:00,7598,7606,7596,7606,744,301444,56499360.0,OI1405
2013-11-25 09:19:00,7604,7608,7604,7606,780,301630,59233200.0,OI1405
2013-11-25 09:20:00,7606,7610,7604,7610,1190,301726,90368600.0,OI1405
2013-11-25 09:21:00,7610,7610,7604,7606,1392,301922,105708480.0,OI1405
2013-11-25 09:22:00,7606,7608,7604,7608,536,301806,40703840.0,OI1405
2013-11-25 09:23:00,7606,7608,7602,7602,764,302124,58032080.0,OI1405
2013-11-25 09:24:00,7602,7604,7602,7602,346,302178,26282160.0,OI1405
2013-11-25 09:25:00,7604,7610,7602,7610,1310,302078,99507600.0,OI1405
2013-11-25 09:26:00,7608,7610,7608,7608,1020,302128,77479200.0,OI1405
2013-11-25 09:27:00,7610,7610,7606,7608,214,302094,16255440.0,OI1405
2013-11-25 09:28:00,7606,7610,7604,7604,888,302522,67452480.0,OI1405
2013-11-25 09:29:00,7602,7608,7602,7606,1114,302286,84619440.0,OI1405
2013-11-25 09:30:00,7606,7606,7602,7604,670,302192,50893200.0,OI1405
2013-11-25 09:31:00,7604,7608,7604,7604,712,302316,54083520.0,OI1405
2013-11-25 09:32:00,7604,7608,7604,7606,850,302428,64566000.0,OI1405
2013-11-25 09:33:00,7606,7606,7604,7606,474,302436,36005040.0,OI1405
2013-11-25 09:34:00,7604,7608,7604,7606,488,302450,37068480.0,OI1405
2013-11-25 09:35:00,7606,7616,7606,7614,2868,302574,217878040.0,OI1405
2013-11-25 09:36:00,7614,7616,7614,7616,1724,302942,130989520.0,OI1405
2013-11-25 09:37:00,7616,7624,7614,7616,3970,302122,301640600.0,OI1405
2013-11-25 09:38:00,7616,7622,7616,7620,2158,301460,164005680.0,OI1405
2013-11-25 09:39:00,7622,7622,7616,7618,1446,301228,109896000.0,OI1405
2013-11-25 09:40:00,7618,7618,7614,7616,1044,301280,79344000.0,OI1405
2013-11-25 09:41:00,7616,7616,7614,7614,816,301130,62016000.0,OI1405
2013-11-25 09:42:00,7614,7618,7614,7614,590,300948,44840000.0,OI1405
2013-11-25 09:43:00,7616,7620,7614,7618,1746,301038,132696000.0,OI1405
2013-11-25 09:44:00,7618,7618,7614,7616,440,301094,33441440.0,OI1405
2013-11-25 09:45:00,7614,7616,7612,7612,692,301228,52605840.0,OI1405
2013-11-25 09:46:00,7612,7616,7612,7614,454,301042,34513080.0,OI1405
2013-11-25 09:47:00,7614,7616,7614,7614,54,301004,4105080.0,OI1405
2013-11-25 09:48:00,7614,7614,7608,7608,1058,301052,80429160.0,OI1405
2013-11-25 09:49:00,7610,7614,7610,7612,1102,301076,83774040.0,OI1405
2013-11-25 09:50:00,7612,7612,7610,7610,592,300896,45003840.0,OI1405
2013-11-25 09:51:00,7612,7616,7610,7616,622,300948,47284440.0,OI1405
2013-11-25 09:52:00,7616,7620,7614,7618,1000,300998,76020000.0,OI1405
2013-11-25 09:53:00,7618,7620,7616,7620,912,301182,69330240.0,OI1405
2013-11-25 09:54:00,7620,7620,7614,7614,668,301376,50781360.0,OI1405
2013-11-25 09:55:00,7614,7628,7614,7628,4514,301316,343172360.0,OI1405
2013-11-25 09:56:00,7628,7632,7626,7630,4110,300584,312524400.0,OI1405
2013-11-25 09:57:00,7628,7634,7628,7632,4578,299786,348161840.0,OI1405
2013-11-25 09:58:00,7634,7634,7630,7630,2382,300608,181174920.0,OI1405
2013-11-25 09:59:00,7632,7642,7630,7638,3752,299512,285405960.0,OI1405
2013-11-25 10:00:00,7640,7640,7632,7634,2632,299186,200242560.0,OI1405
2013-11-25 10:01:00,7636,7646,7636,7644,3444,299912,262033880.0,OI1405
2013-11-25 10:02:00,7642,7644,7638,7640,2408,300294,183248800.0,OI1405
2013-11-25 10:03:00,7640,7640,7636,7636,2058,300612,156613800.0,OI1405
2013-11-25 10:04:00,7638,7640,7636,7638,990,300320,75339000.0,OI1405
2013-11-25 10:05:00,7640,7640,7628,7630,2392,300338,182046360.0,OI1405
2013-11-25 10:06:00,7630,7632,7628,7630,1604,299918,122096480.0,OI1405
2013-11-25 10:07:00,7630,7632,7626,7628,1274,300250,96976880.0,OI1405
2013-11-25 10:08:00,7628,7630,7626,7628,1618,300376,123162160.0,OI1405
2013-11-25 10:09:00,7628,7630,7628,7630,370,300380,28164400.0,OI1405
2013-11-25 10:10:00,7630,7630,7622,7624,1620,300258,123314400.0,OI1405
2013-11-25 10:11:00,7624,7626,7622,7626,968,300360,73684160.0,OI1405
2013-11-25 10:12:00,7626,7626,7622,7624,1134,300120,86320080.0,OI1405
2013-11-25 10:13:00,7624,7628,7622,7628,990,299908,75358800.0,OI1405
2013-11-25 10:14:00,7626,7628,7626,7626,730,299822,55567600.0,OI1405
2013-11-25 10:30:00,7626,7628,7624,7626,1072,300396,81600640.0,OI1405
2013-11-25 10:31:00,7628,7628,7624,7626,362,300368,27555440.0,OI1405
2013-11-25 10:32:00,7626,7626,7620,7620,1158,300416,88146960.0,OI1405
2013-11-25 10:33:00,7620,7622,7618,7618,2320,301324,176598400.0,OI1405
2013-11-25 10:34:00,7620,7624,7618,7622,1682,301386,128033840.0,OI1405
2013-11-25 10:35:00,7622,7622,7620,7622,772,301498,58764640.0,OI1405
2013-11-25 10:36:00,7624,7624,7618,7620,934,301820,71104680.0,OI1405
2013-11-25 10:37:00,7620,7622,7618,7618,490,301944,37308600.0,OI1405
2013-11-25 10:38:00,7620,7620,7618,7620,218,301974,16598520.0,OI1405
2013-11-25 10:39:00,7620,7622,7618,7622,630,302184,47968200.0,OI1405
2013-11-25 10:40:00,7622,7622,7614,7616,1774,302300,135072360.0,OI1405
2013-11-25 10:41:00,7614,7618,7612,7612,2074,302036,157914360.0,OI1405
2013-11-25 10:42:00,7612,7614,7606,7610,2910,302006,221567400.0,OI1405
2013-11-25 10:43:00,7608,7612,7608,7610,1214,301974,92433960.0,OI1405
2013-11-25 10:44:00,7610,7612,7608,7612,1016,302046,77358240.0,OI1405
2013-11-25 10:45:00,7612,7612,7604,7604,1400,301906,106596000.0,OI1405
2013-11-25 10:46:00,7604,7608,7604,7608,1304,301718,99266800.0,OI1405
2013-11-25 10:47:00,7608,7612,7606,7610,1306,302302,99412720.0,OI1405
2013-11-25 10:48:00,7610,7610,7608,7610,430,302298,32731600.0,OI1405
2013-11-25 10:49:00,7610,7614,7610,7614,708,302192,53892960.0,OI1405
2013-11-25 10:50:00,7612,7616,7612,7614,818,302290,62266160.0,OI1405
2013-11-25 10:51:00,7614,7616,7612,7614,1088,302518,82818560.0,OI1405
2013-11-25 10:52:00,7612,7614,7610,7612,712,302898,54197440.0,OI1405
2013-11-25 10:53:00,7612,7612,7606,7608,1544,303140,117529280.0,OI1405
2013-11-25 10:54:00,7608,7612,7608,7610,1034,303354,78708080.0,OI1405
2013-11-25 10:55:00,7610,7612,7608,7610,824,303126,62722880.0,OI1405
2013-11-25 10:56:00,7610,7610,7606,7610,716,303162,54501920.0,OI1405
2013-11-25 10:57:00,7608,7614,7608,7612,430,303246,32731600.0,OI1405
2013-11-25 10:58:00,7612,7612,7610,7612,398,303202,30295760.0,OI1405
2013-11-25 10:59:00,7612,7612,7610,7612,262,303124,19943440.0,OI1405
2013-11-25 11:00:00,7612,7612,7608,7610,452,303148,34406240.0,OI1405
2013-11-25 11:01:00,7610,7614,7608,7612,378,303044,28773360.0,OI1405
2013-11-25 11:02:00,7612,7614,7610,7610,538,303146,40952560.0,OI1405
2013-11-25 11:03:00,7610,7612,7610,7610,218,303044,16594160.0,OI1405
2013-11-25 11:04:00,7610,7616,7610,7614,800,302810,60896000.0,OI1405
2013-11-25 11:05:00,7614,7620,7614,7620,1732,302830,131839840.0,OI1405
2013-11-25 11:06:00,7620,7624,7618,7618,1328,302652,101087360.0,OI1405
2013-11-25 11:07:00,7618,7620,7618,7618,284,302612,21618080.0,OI1405
2013-11-25 11:08:00,7620,7624,7618,7622,1186,302584,90289320.0,OI1405
2013-11-25 11:09:00,7624,7624,7620,7620,848,302834,64566720.0,OI1405
2013-11-25 11:10:00,7620,7624,7620,7620,1114,303206,84819960.0,OI1405
2013-11-25 11:11:00,7620,7622,7620,7620,316,303222,24060240.0,OI1405
2013-11-25 11:12:00,7622,7622,7618,7618,610,303214,46445400.0,OI1405
2013-11-25 11:13:00,7618,7622,7618,7622,708,303172,53907120.0,OI1405
2013-11-25 11:14:00,7622,7622,7620,7622,738,303168,56191320.0,OI1405
2013-11-25 11:15:00,7622,7626,7622,7624,1582,303216,120453480.0,OI1405
2013-11-25 11:16:00,7624,7624,7618,7618,996,303444,75835440.0,OI1405
2013-11-25 11:17:00,7618,7620,7618,7618,84,303484,6395760.0,OI1405
2013-11-25 11:18:00,7618,7620,7616,7616,1052,303594,80099280.0,OI1405
2013-11-25 11:19:00,7616,7616,7610,7612,1260,303584,95936400.0,OI1405
2013-11-25 11:20:00,7610,7612,7610,7610,530,303642,40354200.0,OI1405
2013-11-25 11:21:00,7610,7614,7610,7614,578,303612,44008920.0,OI1405
2013-11-25 11:22:00,7612,7614,7612,7612,264,303756,20100960.0,OI1405
2013-11-25 11:23:00,7612,7612,7606,7608,1252,303512,95327280.0,OI1405
2013-11-25 11:24:00,7608,7610,7606,7608,772,303708,58780080.0,OI1405
2013-11-25 11:25:00,7608,7610,7606,7608,860,303712,65480400.0,OI1405
2013-11-25 11:26:00,7608,7610,7606,7608,572,303682,43552080.0,OI1405
2013-11-25 11:27:00,7610,7610,7608,7608,362,303644,27562680.0,OI1405
2013-11-25 11:28:00,7610,7610,7606,7608,536,303540,40811040.0,OI1405
2013-11-25 11:29:00,7608,7610,7606,7608,790,303494,60150600.0,OI1405
2013-11-25 13:30:00,7610,7614,7610,7612,982,303676,74769480.0,OI1405
2013-11-25 13:31:00,7612,7616,7612,7614,446,303648,33958440.0,OI1405
2013-11-25 13:32:00,7614,7618,7614,7618,608,303638,46293120.0,OI1405
2013-11-25 13:33:00,7618,7618,7608,7610,1058,303678,80556120.0,OI1405
2013-11-25 13:34:00,7610,7616,7610,7616,352,303600,26801280.0,OI1405
2013-11-25 13:35:00,7616,7616,7612,7614,512,303492,38983680.0,OI1405
2013-11-25 13:36:00,7616,7618,7614,7616,378,303550,28780920.0,OI1405
2013-11-25 13:37:00,7616,7616,7612,7616,446,303648,33958440.0,OI1405
2013-11-25 13:38:00,7616,7618,7614,7616,298,303810,22689720.0,OI1405
2013-11-25 13:39:00,7616,7618,7614,7614,288,303764,21928320.0,OI1405
2013-11-25 13:40:00,7614,7614,7614,7614,118,303694,8984520.0,OI1405
2013-11-25 13:41:00,7614,7614,7610,7614,630,303740,47968200.0,OI1405
2013-11-25 13:42:00,7614,7616,7612,7614,384,303678,29237760.0,OI1405
2013-11-25 13:43:00,7616,7618,7614,7618,494,303542,37613160.0,OI1405
2013-11-25 13:44:00,7618,7618,7616,7618,180,303470,13705200.0,OI1405
2013-11-25 13:45:00,7618,7618,7616,7618,772,303218,58780080.0,OI1405
2013-11-25 13:46:00,7618,7620,7616,7618,522,303016,39745080.0,OI1405
2013-11-25 13:47:00,7618,7620,7616,7616,2074,303648,157914360.0,OI1405
2013-11-25 13:48:00,7618,7620,7616,7618,782,303770,59541480.0,OI1405
2013-11-25 13:49:00,7616,7616,7612,7616,816,303916,62130240.0,OI1405
2013-11-25 13:50:00,7614,7616,7612,7614,636,303992,48425040.0,OI1405
2013-11-25 13:51:00,7614,7616,7614,7616,120,303964,9136800.0,OI1405
2013-11-25 13:52:00,7616,7616,7614,7616,328,303968,24973920.0,OI1405
2013-11-25 13:53:00,7616,7618,7616,7616,78,303996,5938920.0,OI1405
2013-11-25 13:54:00,7618,7620,7616,7616,556,304088,42333840.0,OI1405
2013-11-25 13:55:00,7618,7620,7616,7618,248,304100,18882720.0,OI1405
2013-11-25 13:56:00,7618,7618,7614,7614,510,304446,38831400.0,OI1405
2013-11-25 13:57:00,7614,7616,7614,7616,286,304354,21776040.0,OI1405
2013-11-25 13:58:00,7616,7616,7616,7616,306,304318,23298840.0,OI1405
2013-11-25 13:59:00,7616,7616,7614,7616,326,304126,24821640.0,OI1405
2013-11-25 14:00:00,7616,7618,7614,7614,500,304096,38070000.0,OI1405
2013-11-25 14:01:00,7614,7614,7606,7608,2304,303836,175426560.0,OI1405
2013-11-25 14:02:00,7608,7610,7598,7600,3048,303600,232074720.0,OI1405
2013-11-25 14:03:00,7600,7604,7600,7604,1722,303176,131113080.0,OI1405
2013-11-25 14:04:00,7604,7606,7602,7606,858,303276,65328120.0,OI1405
2013-11-25 14:05:00,7606,7608,7604,7606,1482,303220,112839480.0,OI1405
2013-11-25 14:06:00,7608,7608,7602,7604,772,303246,58780080.0,OI1405
2013-11-25 14:07:00,7604,7606,7604,7604,454,303242,34567560.0,OI1405
2013-11-25 14:08:00,7604,7608,7602,7606,1148,303256,87408720.0,OI1405
2013-11-25 14:09:00,7604,7610,7604,7608,718,303164,54668520.0,OI1405
2013-11-25 14:10:00,7608,7610,7606,7606,352,303162,26801280.0,OI1405
2013-11-25 14:11:00,7606,7608,7606,7608,304,303188,23146560.0,OI1405
2013-11-25 14:12:00,7610,7612,7608,7612,714,303236,54363960.0,OI1405
2013-11-25 14:13:00,7610,7614,7610,7614,912,303526,69439680.0,OI1405
2013-11-25 14:14:00,7614,7616,7610,7612,640,303540,48729600.0,OI1405
2013-11-25 14:15:00,7612,7612,7610,7610,154,303552,11725560.0,OI1405
2013-11-25 14:16:00,7612,7612,7608,7610,494,303402,37613160.0,OI1405
2013-11-25 14:17:00,7610,7614,7610,7614,416,303438,31674240.0,OI1405
2013-11-25 14:18:00,7614,7620,7614,7616,2118,303106,161264520.0,OI1405
2013-11-25 14:19:00,7618,7620,7616,7618,642,303042,48881880.0,OI1405
2013-11-25 14:20:00,7616,7618,7614,7614,934,303074,71114760.0,OI1405
2013-11-25 14:21:00,7614,7618,7614,7618,488,303276,37156320.0,OI1405
2013-11-25 14:22:00,7618,7618,7618,7618,660,303286,50252400.0,OI1405
2013-11-25 14:23:00,7618,7618,7616,7616,376,303232,28628640.0,OI1405
2013-11-25 14:24:00,7618,7618,7616,7616,48,303202,3654720.0,OI1405
2013-11-25 14:25:00,7616,7618,7610,7610,976,303294,74312640.0,OI1405
2013-11-25 14:26:00,7610,7612,7608,7610,1068,302964,81317520.0,OI1405
2013-11-25 14:27:00,7610,7612,7608,7610,692,302760,52688880.0,OI1405
2013-11-25 14:28:00,7610,7610,7600,7600,3446,303214,262375400.0,OI1405
2013-11-25 14:29:00,7602,7602,7592,7594,3496,303146,266115520.0,OI1405
2013-11-25 14:30:00,7596,7598,7594,7594,1892,303022,144019040.0,OI1405
2013-11-25 14:31:00,7594,7598,7594,7598,1302,302986,99108240.0,OI1405
2013-11-25 14:32:00,7598,7598,7582,7586,4798,302638,365223760.0,OI1405
2013-11-25 14:33:00,7584,7590,7574,7574,5194,302718,395367280.0,OI1405
2013-11-25 14:34:00,7574,7584,7574,7584,3126,302174,237951120.0,OI1405
2013-11-25 14:35:00,7584,7584,7582,7584,1562,302142,118868720.0,OI1405
2013-11-25 14:36:00,7584,7588,7582,7588,1216,301956,92537600.0,OI1405
2013-11-25 14:37:00,7586,7588,7584,7586,1436,302154,109279600.0,OI1405
2013-11-25 14:38:00,7584,7586,7580,7584,1398,302316,106387800.0,OI1405
2013-11-25 14:39:00,7584,7586,7584,7586,686,302448,52204600.0,OI1405
2013-11-25 14:40:00,7586,7586,7578,7578,1548,302640,117802800.0,OI1405
2013-11-25 14:41:00,7576,7584,7576,7584,1486,302184,113084600.0,OI1405
2013-11-25 14:42:00,7582,7584,7572,7576,2260,302730,171986000.0,OI1405
2013-11-25 14:43:00,7578,7578,7572,7576,2316,302164,176247600.0,OI1405
2013-11-25 14:44:00,7576,7582,7574,7576,1696,302206,129065600.0,OI1405
2013-11-25 14:45:00,7578,7582,7576,7580,890,302414,67729000.0,OI1405
2013-11-25 14:46:00,7582,7582,7574,7574,1330,302024,101206360.0,OI1405
2013-11-25 14:47:00,7576,7580,7574,7576,1064,301670,80949120.0,OI1405
2013-11-25 14:48:00,7576,7578,7574,7574,3192,300222,242847360.0,OI1405
2013-11-25 14:49:00,7574,7578,7568,7568,3698,299782,281343840.0,OI1405
2013-11-25 14:50:00,7568,7572,7558,7560,5208,298774,396224640.0,OI1405
2013-11-25 14:51:00,7562,7566,7560,7566,4060,297372,308819480.0,OI1405
2013-11-25 14:52:00,7560,7572,7558,7570,4700,295346,357482000.0,OI1405
2013-11-25 14:53:00,7570,7574,7570,7574,2114,294640,160790840.0,OI1405
2013-11-25 14:54:00,7572,7574,7568,7574,1542,295136,117284520.0,OI1405
2013-11-25 14:55:00,7570,7570,7566,7570,1726,294968,131279560.0,OI1405
2013-11-25 14:56:00,7570,7576,7570,7576,2416,293918,183742400.0,OI1405
2013-11-25 14:57:00,7576,7578,7574,7574,1236,293470,93985440.0,OI1405
2013-11-25 14:58:00,7574,7582,7572,7580,2746,292638,208805840.0,OI1405
2013-11-25 14:59:00,7578,7584,7578,7584,3106,291414,236180240.0,OI1405
2013-11-26 09:00:00,7560,7568,7552,7568,4626,291846,349709080.0,OI1405
2013-11-26 09:01:00,7566,7578,7566,7576,2628,291544,198775520.0,OI1405
2013-11-26 09:02:00,7576,7576,7564,7568,2760,292730,208851400.0,OI1405
2013-11-26 09:03:00,7568,7572,7562,7564,2142,293230,162106560.0,OI1405
2013-11-26 09:04:00,7564,7568,7562,7562,1078,293256,81583040.0,OI1405
2013-11-26 09:05:00,7564,7572,7564,7570,1198,293316,90664640.0,OI1405
2013-11-26 09:06:00,7572,7572,7564,7564,1454,293726,110038720.0,OI1405
2013-11-26 09:07:00,7564,7570,7562,7570,1202,293600,90967360.0,OI1405
2013-11-26 09:08:00,7570,7570,7566,7568,690,293806,52219200.0,OI1405
2013-11-26 09:09:00,7568,7570,7566,7570,1016,294224,76890880.0,OI1405
2013-11-26 09:10:00,7570,7584,7570,7584,3460,294036,261852800.0,OI1405
2013-11-26 09:11:00,7584,7590,7582,7584,3406,294126,257835000.0,OI1405
2013-11-26 09:12:00,7584,7588,7582,7586,1478,294376,111914160.0,OI1405
2013-11-26 09:13:00,7586,7586,7578,7584,1546,294838,117063120.0,OI1405
2013-11-26 09:14:00,7582,7584,7580,7582,1294,294782,97981680.0,OI1405
2013-11-26 09:15:00,7582,7588,7580,7586,1298,294902,98301400.0,OI1405
2013-11-26 09:16:00,7588,7588,7580,7582,926,294834,70135240.0,OI1405
2013-11-26 09:17:00,7582,7586,7580,7582,728,294776,55138720.0,OI1405
2013-11-26 09:18:00,7582,7586,7580,7584,778,294840,58925720.0,OI1405
2013-11-26 09:19:00,7586,7588,7582,7588,1400,294828,106036000.0,OI1405
2013-11-26 09:20:00,7588,7590,7586,7590,544,294806,41202560.0,OI1405
2013-11-26 09:21:00,7590,7592,7582,7582,1902,295088,144087960.0,OI1405
2013-11-26 09:22:00,7582,7586,7582,7584,420,294912,31819200.0,OI1405
2013-11-26 09:23:00,7586,7586,7582,7584,1120,294930,84851200.0,OI1405
2013-11-26 09:24:00,7584,7586,7584,7584,606,295018,45910560.0,OI1405
2013-11-26 09:25:00,7586,7586,7582,7582,920,295126,69699200.0,OI1405
2013-11-26 09:26:00,7584,7584,7582,7582,502,295058,38031520.0,OI1405
2013-11-26 09:27:00,7582,7582,7578,7580,1144,294954,86669440.0,OI1405
2013-11-26 09:28:00,7580,7582,7576,7582,1216,294894,92124160.0,OI1405
2013-11-26 09:29:00,7582,7584,7580,7584,322,294748,24394720.0,OI1405
2013-11-26 09:30:00,7584,7586,7580,7584,832,294426,63032320.0,OI1405
2013-11-26 09:31:00,7586,7586,7584,7586,224,294406,16970240.0,OI1405
2013-11-26 09:32:00,7586,7586,7582,7582,388,294488,29394880.0,OI1405
2013-11-26 09:33:00,7582,7584,7582,7584,142,294522,10757920.0,OI1405
2013-11-26 09:34:00,7582,7584,7580,7580,1250,294992,94700000.0,OI1405
2013-11-26 09:35:00,7580,7582,7578,7580,408,294838,30910080.0,OI1405
2013-11-26 09:36:00,7580,7582,7578,7580,580,294526,43940800.0,OI1405
2013-11-26 09:37:00,7578,7584,7578,7582,706,294400,53499600.0,OI1405
2013-11-26 09:38:00,7582,7584,7580,7584,228,294392,17277840.0,OI1405
2013-11-26 09:39:00,7584,7584,7582,7584,314,294302,23794920.0,OI1405
2013-11-26 09:40:00,7584,7584,7580,7582,340,294412,25765200.0,OI1405
2013-11-26 09:41:00,7584,7584,7582,7584,292,294358,22127760.0,OI1405
2013-11-26 09:42:00,7584,7584,7578,7580,696,294562,52742880.0,OI1405
2013-11-26 09:43:00,7578,7580,7574,7578,1844,294242,139738320.0,OI1405
2013-11-26 09:44:00,7576,7582,7576,7578,580,294228,43952400.0,OI1405
2013-11-26 09:45:00,7578,7580,7576,7578,380,294180,28796400.0,OI1405
2013-11-26 09:46:00,7578,7580,7576,7578,540,294180,40921200.0,OI1405
2013-11-26 09:47:00,7576,7580,7576,7578,332,294240,25158960.0,OI1405
2013-11-26 09:48:00,7578,7580,7578,7580,144,294214,10912320.0,OI1405
2013-11-26 09:49:00,7578,7580,7578,7580,96,294256,7274880.0,OI1405
2013-11-26 09:50:00,7580,7582,7580,7582,616,294624,46680480.0,OI1405
2013-11-26 09:51:00,7580,7582,7578,7578,606,294604,45922680.0,OI1405
2013-11-26 09:52:00,7578,7578,7572,7574,1274,294844,96543720.0,OI1405
2013-11-26 09:53:00,7574,7580,7572,7580,560,294882,42436800.0,OI1405
2013-11-26 09:54:00,7580,7580,7578,7578,290,294808,21976200.0,OI1405
2013-11-26 09:55:00,7578,7580,7576,7576,286,294840,21673080.0,OI1405
2013-11-26 09:56:00,7576,7578,7574,7578,250,294866,18945000.0,OI1405
2013-11-26 09:57:00,7578,7580,7576,7578,174,294900,13185720.0,OI1405
2013-11-26 09:58:00,7580,7580,7576,7576,182,294902,13791960.0,OI1405
2013-11-26 09:59:00,7576,7576,7574,7574,330,294926,25007400.0,OI1405
2013-11-26 10:00:00,7576,7582,7574,7580,568,295042,43043040.0,OI1405
2013-11-26 10:01:00,7580,7582,7578,7580,422,295038,31979160.0,OI1405
2013-11-26 10:02:00,7580,7580,7578,7578,292,294956,22127760.0,OI1405
2013-11-26 10:03:00,7578,7580,7576,7578,460,294856,34858800.0,OI1405
2013-11-26 10:04:00,7578,7582,7578,7582,384,294922,29099520.0,OI1405
2013-11-26 10:05:00,7582,7582,7578,7580,692,294874,52439760.0,OI1405
2013-11-26 10:06:00,7578,7578,7574,7576,642,294936,48650760.0,OI1405
2013-11-26 10:07:00,7576,7576,7574,7576,328,295202,24855840.0,OI1405
2013-11-26 10:08:00,7576,7576,7574,7576,252,295070,19096560.0,OI1405
2013-11-26 10:09:00,7576,7584,7576,7584,1472,294590,111548160.0,OI1405
2013-11-26 10:10:00,7584,7588,7582,7584,1774,294526,134433720.0,OI1405
2013-11-26 10:11:00,7582,7588,7582,7586,834,294582,63200520.0,OI1405
2013-11-26 10:12:00,7586,7586,7584,7584,1002,294700,75931560.0,OI1405
2013-11-26 10:13:00,7584,7586,7584,7584,326,294676,24704280.0,OI1405
2013-11-26 10:14:00,7584,7584,7582,7584,130,294606,9851400.0,OI1405
2013-11-26 10:30:00,7582,7588,7582,7584,378,294506,28644840.0,OI1405
2013-11-26 10:31:00,7586,7586,7582,7582,348,294452,26371440.0,OI1405
2013-11-26 10:32:00,7582,7584,7582,7582,206,294444,15610680.0,OI1405
2013-11-26 10:33:00,7584,7584,7582,7582,196,294540,14852880.0,OI1405
2013-11-26 10:34:00,7582,7584,7580,7580,328,294404,24855840.0,OI1405
2013-11-26 10:35:00,7580,7580,7570,7570,3294,294948,249619320.0,OI1405
2013-11-26 10:36:00,7570,7576,7568,7574,2338,295542,177173640.0,OI1405
2013-11-26 10:37:00,7574,7578,7572,7576,1276,295192,96695280.0,OI1405
2013-11-26 10:38:00,7576,7576,7568,7568,1328,295614,100635840.0,OI1405
2013-11-26 10:39:00,7566,7572,7566,7570,1878,295764,142314840.0,OI1405
2013-11-26 10:40:00,7570,7570,7558,7558,4004,295956,303409760.0,OI1405
2013-11-26 10:41:00,7558,7566,7558,7564,2224,295598,168490240.0,OI1405
2013-11-26 10:42:00,7562,7564,7554,7556,3810,295300,288645600.0,OI1405
2013-11-26 10:43:00,7556,7560,7554,7558,1866,295592,141368160.0,OI1405
2013-11-26 10:44:00,7558,7560,7554,7556,1718,295836,130155680.0,OI1405
2013-11-26 10:45:00,7554,7558,7552,7554,2444,295840,185109720.0,OI1405
2013-11-26 10:46:00,7554,7558,7554,7556,1480,295970,112095200.0,OI1405
2013-11-26 10:47:00,7556,7560,7556,7556,1234,296020,93463160.0,OI1405
2013-11-26 10:48:00,7558,7558,7552,7552,1808,296058,136937920.0,OI1405
2013-11-26 10:49:00,7554,7558,7548,7550,6340,295914,480129120.0,OI1405
2013-11-26 10:50:00,7552,7554,7538,7542,7718,297110,584365840.0,OI1405
2013-11-26 10:51:00,7544,7546,7540,7544,2256,297110,170779200.0,OI1405
2013-11-26 10:52:00,7544,7546,7542,7544,2372,297214,179560400.0,OI1405
2013-11-26 10:53:00,7544,7546,7542,7544,992,297368,75094400.0,OI1405
2013-11-26 10:54:00,7546,7548,7544,7548,1226,297400,92808200.0,OI1405
2013-11-26 10:55:00,7548,7548,7540,7542,3448,296866,260945880.0,OI1405
2013-11-26 10:56:00,7542,7544,7536,7538,3474,296554,262912320.0,OI1405
2013-11-26 10:57:00,7538,7542,7532,7534,3970,297884,300408960.0,OI1405
2013-11-26 10:58:00,7534,7534,7526,7530,6590,297892,498593880.0,OI1405
2013-11-26 10:59:00,7528,7536,7528,7536,2404,298010,181838560.0,OI1405
2013-11-26 11:00:00,7534,7536,7530,7534,2734,297890,206799760.0,OI1405
2013-11-26 11:01:00,7534,7538,7532,7536,2582,298516,195302480.0,OI1405
2013-11-26 11:02:00,7536,7538,7532,7534,2498,299528,188929960.0,OI1405
2013-11-26 11:03:00,7536,7536,7532,7534,3022,299292,228523640.0,OI1405
2013-11-26 11:04:00,7534,7534,7530,7530,1798,299162,135964760.0,OI1405
2013-11-26 11:05:00,7530,7534,7524,7530,3400,299112,257108000.0,OI1405
2013-11-26 11:06:00,7530,7534,7528,7530,1698,299362,128387400.0,OI1405
2013-11-26 11:07:00,7532,7532,7528,7530,1296,299988,97977600.0,OI1405
2013-11-26 11:08:00,7530,7532,7528,7530,2524,300504,190814400.0,OI1405
2013-11-26 11:09:00,7532,7532,7528,7530,1072,300610,81043200.0,OI1405
2013-11-26 11:10:00,7532,7538,7530,7538,2100,300248,158760000.0,OI1405
2013-11-26 11:11:00,7538,7540,7536,7536,3668,299006,277300800.0,OI1405
2013-11-26 11:12:00,7536,7540,7536,7536,1788,298078,135166480.0,OI1405
2013-11-26 11:13:00,7536,7540,7536,7540,1932,297114,146020560.0,OI1405
2013-11-26 11:14:00,7538,7540,7530,7532,3394,295934,256518520.0,OI1405
2013-11-26 11:15:00,7532,7534,7526,7528,2914,295766,220240120.0,OI1405
2013-11-26 11:16:00,7528,7532,7528,7530,1688,295396,127579040.0,OI1405
2013-11-26 11:17:00,7530,7534,7530,7530,1638,295296,123800040.0,OI1405
2013-11-26 11:18:00,7532,7536,7530,7536,1088,294792,82231040.0,OI1405
2013-11-26 11:19:00,7536,7540,7536,7538,1584,294692,119718720.0,OI1405
2013-11-26 11:20:00,7538,7540,7536,7540,2232,293720,168657640.0,OI1405
2013-11-26 11:21:00,7542,7546,7540,7544,2050,293172,154898000.0,OI1405
2013-11-26 11:22:00,7542,7544,7540,7540,3114,292744,235293840.0,OI1405
2013-11-26 11:23:00,7542,7542,7538,7538,1150,292690,86894000.0,OI1405
2013-11-26 11:24:00,7538,7542,7538,7542,714,292472,53949840.0,OI1405
2013-11-26 11:25:00,7540,7544,7540,7542,1164,292608,87951840.0,OI1405
2013-11-26 11:26:00,7542,7544,7542,7542,1088,292176,82209280.0,OI1405
2013-11-26 11:27:00,7542,7544,7540,7544,646,292024,48811760.0,OI1405
2013-11-26 11:28:00,7542,7548,7542,7548,1650,291026,124674000.0,OI1405
2013-11-26 11:29:00,7546,7548,7544,7548,1794,290044,135554640.0,OI1405
2013-11-26 13:30:00,7548,7550,7546,7548,1544,289656,116664640.0,OI1405
2013-11-26 13:31:00,7546,7548,7544,7546,2200,289828,166232000.0,OI1405
2013-11-26 13:32:00,7548,7548,7544,7546,1328,289754,100343680.0,OI1405
2013-11-26 13:33:00,7546,7548,7546,7546,256,289762,19343360.0,OI1405
2013-11-26 13:34:00,7548,7550,7546,7548,894,289594,67550640.0,OI1405
2013-11-26 13:35:00,7548,7550,7546,7550,438,289580,33095280.0,OI1405
2013-11-26 13:36:00,7550,7550,7546,7546,974,289492,73595440.0,OI1405
2013-11-26 13:37:00,7546,7552,7546,7550,1632,289938,123313920.0,OI1405
2013-11-26 13:38:00,7550,7552,7548,7550,984,289956,74351040.0,OI1405
2013-11-26 13:39:00,7548,7550,7546,7546,556,290154,42011360.0,OI1405
2013-11-26 13:40:00,7546,7546,7540,7540,3100,290116,234236000.0,OI1405
2013-11-26 13:41:00,7540,7542,7538,7542,1416,289838,106992960.0,OI1405
2013-11-26 13:42:00,7542,7544,7540,7542,958,289710,72386480.0,OI1405
2013-11-26 13:43:00,7542,7544,7542,7542,428,289586,32339680.0,OI1405
2013-11-26 13:44:00,7542,7542,7540,7542,274,289568,20703440.0,OI1405
2013-11-26 13:45:00,7540,7542,7532,7532,1760,289924,132985600.0,OI1405
2013-11-26 13:46:00,7532,7536,7532,7532,2078,290720,156982040.0,OI1405
2013-11-26 13:47:00,7532,7538,7532,7536,1452,291262,109684080.0,OI1405
2013-11-26 13:48:00,7538,7538,7534,7536,676,291266,51065040.0,OI1405
2013-11-26 13:49:00,7536,7538,7534,7538,256,291260,19338240.0,OI1405
2013-11-26 13:50:00,7538,7540,7534,7536,736,291384,55597440.0,OI1405
2013-11-26 13:51:00,7536,7538,7534,7534,384,291452,29007360.0,OI1405
2013-11-26 13:52:00,7534,7538,7534,7538,510,291550,38525400.0,OI1405
2013-11-26 13:53:00,7538,7538,7538,7538,334,291486,25230360.0,OI1405
2013-11-26 13:54:00,7540,7540,7538,7540,270,291528,20395800.0,OI1405
2013-11-26 13:55:00,7538,7540,7538,7540,352,291560,26590080.0,OI1405
2013-11-26 13:56:00,7540,7542,7540,7542,876,291530,66173040.0,OI1405
2013-11-26 13:57:00,7544,7546,7542,7544,990,291320,74784600.0,OI1405
2013-11-26 13:58:00,7542,7548,7542,7544,632,291210,47741280.0,OI1405
2013-11-26 13:59:00,7546,7546,7544,7544,732,291206,55295280.0,OI1405
2013-11-26 14:00:00,7544,7546,7540,7542,860,291186,64964400.0,OI1405
2013-11-26 14:01:00,7542,7546,7542,7544,408,291092,30820320.0,OI1405
2013-11-26 14:02:00,7544,7546,7542,7544,790,290828,59676600.0,OI1405
2013-11-26 14:03:00,7544,7546,7544,7544,506,290796,38223240.0,OI1405
2013-11-26 14:04:00,7544,7546,7542,7542,512,290738,38676480.0,OI1405
2013-11-26 14:05:00,7542,7544,7542,7542,322,290630,24323880.0,OI1405
2013-11-26 14:06:00,7542,7542,7538,7540,908,290564,68590320.0,OI1405
2013-11-26 14:07:00,7538,7540,7536,7538,914,290560,69043560.0,OI1405
2013-11-26 14:08:00,7538,7540,7538,7538,428,290532,32331120.0,OI1405
2013-11-26 14:09:00,7540,7540,7534,7536,1468,290872,110892720.0,OI1405
2013-11-26 14:10:00,7536,7536,7534,7534,962,290444,72669480.0,OI1405
2013-11-26 14:11:00,7534,7540,7534,7538,1236,290220,93367440.0,OI1405
2013-11-26 14:12:00,7540,7540,7536,7538,676,290028,51065040.0,OI1405
2013-11-26 14:13:00,7538,7538,7534,7534,452,290154,34144080.0,OI1405
2013-11-26 14:14:00,7534,7538,7534,7536,834,290284,63000360.0,OI1405
2013-11-26 14:15:00,7538,7538,7536,7538,286,290236,21604440.0,OI1405
2013-11-26 14:16:00,7540,7540,7538,7538,234,290206,17676360.0,OI1405
2013-11-26 14:17:00,7538,7542,7538,7542,890,290034,67230600.0,OI1405
2013-11-26 14:18:00,7540,7542,7536,7536,548,290174,41395920.0,OI1405
2013-11-26 14:19:00,7536,7538,7534,7534,664,290242,50158560.0,OI1405
2013-11-26 14:20:00,7534,7536,7530,7534,1492,290272,112705680.0,OI1405
2013-11-26 14:21:00,7534,7536,7530,7534,976,290128,73727040.0,OI1405
2013-11-26 14:22:00,7532,7536,7530,7534,954,290166,72065160.0,OI1405
2013-11-26 14:23:00,7536,7538,7534,7538,236,290238,17827440.0,OI1405
2013-11-26 14:24:00,7536,7540,7536,7536,770,289964,58165800.0,OI1405
2013-11-26 14:25:00,7536,7536,7534,7534,152,290004,11482080.0,OI1405
2013-11-26 14:26:00,7534,7538,7534,7538,334,290042,25230360.0,OI1405
2013-11-26 14:27:00,7536,7540,7536,7538,756,290212,57108240.0,OI1405
2013-11-26 14:28:00,7538,7540,7536,7538,494,290042,37316760.0,OI1405
2013-11-26 14:29:00,7538,7540,7536,7538,442,289950,33388680.0,OI1405
2013-11-26 14:30:00,7538,7542,7538,7542,1928,290460,145603800.0,OI1405
2013-11-26 14:31:00,7540,7542,7536,7536,436,290398,32926720.0,OI1405
2013-11-26 14:32:00,7538,7538,7536,7538,64,290422,4833280.0,OI1405
2013-11-26 14:33:00,7538,7538,7530,7530,1032,290622,77936640.0,OI1405
2013-11-26 14:34:00,7530,7532,7528,7532,2602,290720,196503040.0,OI1405
2013-11-26 14:35:00,7530,7534,7530,7534,704,290612,53166080.0,OI1405
2013-11-26 14:36:00,7534,7538,7534,7536,1108,289980,83676160.0,OI1405
2013-11-26 14:37:00,7536,7540,7536,7540,568,290010,42895360.0,OI1405
2013-11-26 14:38:00,7540,7540,7536,7536,614,290116,46369280.0,OI1405
2013-11-26 14:39:00,7536,7538,7534,7534,336,290052,25374720.0,OI1405
2013-11-26 14:40:00,7536,7536,7534,7534,66,290020,4984320.0,OI1405
2013-11-26 14:41:00,7534,7536,7534,7534,408,289824,30812160.0,OI1405
2013-11-26 14:42:00,7534,7534,7530,7530,1068,289844,80655360.0,OI1405
2013-11-26 14:43:00,7532,7536,7530,7536,764,289516,57697280.0,OI1405
2013-11-26 14:44:00,7534,7538,7534,7536,554,289344,41838080.0,OI1405
2013-11-26 14:45:00,7536,7536,7534,7536,168,289364,12687360.0,OI1405
2013-11-26 14:46:00,7536,7538,7536,7536,560,289478,42291200.0,OI1405
2013-11-26 14:47:00,7536,7536,7534,7536,150,289534,11328000.0,OI1405
2013-11-26 14:48:00,7536,7538,7534,7536,394,289428,29754880.0,OI1405
2013-11-26 14:49:00,7536,7536,7532,7534,506,289198,38213120.0,OI1405
2013-11-26 14:50:00,7534,7534,7532,7534,572,288982,43197440.0,OI1405
2013-11-26 14:51:00,7534,7534,7530,7530,1340,288428,101196800.0,OI1405
2013-11-26 14:52:00,7530,7530,7524,7526,2750,288548,207680000.0,OI1405
2013-11-26 14:53:00,7528,7530,7524,7526,2128,288670,160706560.0,OI1405
2013-11-26 14:54:00,7526,7528,7522,7526,2718,288692,205263360.0,OI1405
2013-11-26 14:55:00,7524,7528,7524,7526,1440,287980,108748800.0,OI1405
2013-11-26 14:56:00,7524,7526,7522,7526,1428,287614,107833960.0,OI1405
2013-11-26 14:57:00,7526,7526,7520,7522,2940,286538,221970000.0,OI1405
2013-11-26 14:58:00,7522,7524,7520,7520,2638,285828,199169000.0,OI1405
2013-11-26 14:59:00,7520,7522,7518,7520,4014,285026,303057000.0,OI1405
2013-11-27 09:00:00,7512,7532,7512,7526,3776,285032,284089720.0,OI1405
2013-11-27 09:01:00,7528,7532,7526,7530,2202,284868,165751840.0,OI1405
2013-11-27 09:02:00,7528,7530,7524,7526,1238,284648,93196640.0,OI1405
2013-11-27 09:03:00,7526,7534,7526,7532,1958,284698,147398240.0,OI1405
2013-11-27 09:04:00,7532,7532,7524,7524,1182,285150,88980960.0,OI1405
2013-11-27 09:05:00,7524,7530,7524,7526,1380,284868,103886400.0,OI1405
2013-11-27 09:06:00,7526,7532,7522,7532,1278,284596,96207840.0,OI1405
2013-11-27 09:07:00,7534,7540,7532,7536,2606,284472,196210440.0,OI1405
2013-11-27 09:08:00,7536,7538,7532,7534,2640,283560,198792000.0,OI1405
2013-11-27 09:09:00,7534,7538,7534,7534,1326,283250,99847800.0,OI1405
2013-11-27 09:10:00,7536,7546,7536,7546,2994,283102,225506520.0,OI1405
2013-11-27 09:11:00,7544,7548,7540,7542,2466,282744,185767120.0,OI1405
2013-11-27 09:12:00,7542,7546,7540,7544,1872,282226,141036480.0,OI1405
2013-11-27 09:13:00,7544,7544,7540,7540,1354,281952,102010360.0,OI1405
2013-11-27 09:14:00,7540,7542,7540,7542,442,281884,33300280.0,OI1405
2013-11-27 09:15:00,7542,7542,7536,7536,1632,281870,122967000.0,OI1405
2013-11-27 09:16:00,7536,7538,7534,7534,1456,281538,109724160.0,OI1405
2013-11-27 09:17:00,7534,7538,7532,7536,1038,281294,78223680.0,OI1405
2013-11-27 09:18:00,7534,7538,7532,7534,1016,281302,76565760.0,OI1405
2013-11-27 09:19:00,7534,7534,7530,7532,1266,281598,95389480.0,OI1405
2013-11-27 09:20:00,7532,7532,7530,7532,518,281574,39026120.0,OI1405
2013-11-27 09:21:00,7532,7532,7524,7526,1894,281282,142693960.0,OI1405
2013-11-27 09:22:00,7526,7530,7524,7530,992,281192,74737280.0,OI1405
2013-11-27 09:23:00,7530,7532,7528,7528,866,281000,65244440.0,OI1405
2013-11-27 09:24:00,7530,7530,7528,7528,108,280964,8136720.0,OI1405
2013-11-27 09:25:00,7530,7534,7530,7534,1114,281260,83928760.0,OI1405
2013-11-27 09:26:00,7532,7532,7528,7530,784,281354,59066560.0,OI1405
2013-11-27 09:27:00,7532,7534,7532,7534,268,281472,20191120.0,OI1405
2013-11-27 09:28:00,7534,7536,7532,7534,522,281406,39327480.0,OI1405
2013-11-27 09:29:00,7534,7534,7530,7534,438,281532,32998920.0,OI1405
2013-11-27 09:30:00,7532,7532,7530,7532,228,281594,17177520.0,OI1405
2013-11-27 09:31:00,7530,7532,7530,7530,92,281558,6931280.0,OI1405
2013-11-27 09:32:00,7532,7534,7532,7534,342,281440,25766280.0,OI1405
2013-11-27 09:33:00,7534,7534,7530,7530,268,281406,20191120.0,OI1405
2013-11-27 09:34:00,7530,7530,7524,7526,1156,281082,87093040.0,OI1405
2013-11-27 09:35:00,7528,7528,7522,7524,1348,280968,101558320.0,OI1405
2013-11-27 09:36:00,7524,7528,7524,7528,598,281094,45053320.0,OI1405
2013-11-27 09:37:00,7528,7532,7528,7532,550,281056,41437000.0,OI1405
2013-11-27 09:38:00,7532,7534,7530,7534,758,281072,57107720.0,OI1405
2013-11-27 09:39:00,7534,7536,7530,7534,1386,281286,104421240.0,OI1405
2013-11-27 09:40:00,7536,7536,7532,7534,618,281362,46560120.0,OI1405
2013-11-27 09:41:00,7534,7534,7532,7532,524,281254,39478160.0,OI1405
2013-11-27 09:42:00,7534,7540,7534,7540,2184,281022,164542560.0,OI1405
2013-11-27 09:43:00,7540,7542,7538,7540,1800,281236,135612000.0,OI1405
2013-11-27 09:44:00,7540,7542,7536,7538,904,281308,68107360.0,OI1405
2013-11-27 09:45:00,7538,7542,7536,7542,722,281118,54395480.0,OI1405
2013-11-27 09:46:00,7540,7540,7534,7534,478,281188,36012520.0,OI1405
2013-11-27 09:47:00,7534,7538,7534,7534,546,281148,41135640.0,OI1405
2013-11-27 09:48:00,7534,7538,7534,7536,312,281036,23506080.0,OI1405
2013-11-27 09:49:00,7538,7538,7536,7538,40,281026,3013600.0,OI1405
2013-11-27 09:50:00,7538,7538,7536,7536,382,280934,28779880.0,OI1405
2013-11-27 09:51:00,7536,7536,7530,7530,822,280938,61929480.0,OI1405
2013-11-27 09:52:00,7530,7534,7530,7534,288,281080,21697920.0,OI1405
2013-11-27 09:53:00,7534,7534,7526,7526,660,281076,49724400.0,OI1405
2013-11-27 09:54:00,7526,7532,7526,7532,304,281000,22903360.0,OI1405
2013-11-27 09:55:00,7532,7534,7532,7534,254,280912,19136360.0,OI1405
2013-11-27 09:56:00,7534,7536,7534,7536,104,280922,7835360.0,OI1405
2013-11-27 09:57:00,7534,7536,7532,7536,186,280916,14013240.0,OI1405
2013-11-27 09:58:00,7536,7536,7534,7534,22,280920,1657480.0,OI1405
2013-11-27 09:59:00,7534,7534,7530,7530,486,281044,36615240.0,OI1405
2013-11-27 10:00:00,7530,7534,7530,7532,160,280980,12054400.0,OI1405
2013-11-27 10:01:00,7534,7536,7534,7534,282,280922,21245880.0,OI1405
2013-11-27 10:02:00,7534,7536,7534,7536,284,280848,21396560.0,OI1405
2013-11-27 10:03:00,7536,7536,7536,7536,150,280856,11301000.0,OI1405
2013-11-27 10:04:00,7536,7536,7534,7536,72,280876,5424480.0,OI1405
2013-11-27 10:05:00,7536,7536,7534,7534,114,280962,8588760.0,OI1405
2013-11-27 10:06:00,7536,7536,7532,7536,210,280980,15821400.0,OI1405
2013-11-27 10:07:00,7534,7536,7532,7534,76,280978,5725840.0,OI1405
2013-11-27 10:08:00,7534,7534,7534,7534,62,280926,4671080.0,OI1405
2013-11-27 10:09:00,7536,7536,7534,7534,26,280918,1958840.0,OI1405
2013-11-27 10:10:00,7536,7538,7534,7536,440,280796,33149600.0,OI1405
2013-11-27 10:11:00,7538,7538,7536,7536,598,280996,45053320.0,OI1405
2013-11-27 10:12:00,7536,7538,7534,7538,354,281002,26670360.0,OI1405
2013-11-27 10:13:00,7538,7540,7536,7540,422,281044,31793480.0,OI1405
2013-11-27 10:14:00,7540,7540,7536,7538,750,280864,56505000.0,OI1405
2013-11-27 10:30:00,7538,7542,7536,7540,834,280798,62833560.0,OI1405
2013-11-27 10:31:00,7540,7540,7538,7538,1218,280310,91764120.0,OI1405
2013-11-27 10:32:00,7538,7546,7538,7546,1112,280030,83778080.0,OI1405
2013-11-27 10:33:00,7546,7546,7544,7546,768,280068,57861120.0,OI1405
2013-11-27 10:34:00,7546,7548,7544,7544,1564,279996,117831760.0,OI1405
2013-11-27 10:35:00,7544,7548,7544,7546,694,280092,52293840.0,OI1405
2013-11-27 10:36:00,7548,7548,7544,7544,674,280166,50792640.0,OI1405
2013-11-27 10:37:00,7544,7546,7544,7544,476,279994,35871360.0,OI1405
2013-11-27 10:38:00,7544,7544,7542,7542,1086,280206,81840960.0,OI1405
2013-11-27 10:39:00,7542,7546,7542,7546,536,280036,40392960.0,OI1405
2013-11-27 10:40:00,7544,7546,7544,7544,446,280116,33610560.0,OI1405
2013-11-27 10:41:00,7546,7546,7542,7546,604,280250,45517440.0,OI1405
2013-11-27 10:42:00,7546,7548,7546,7548,264,280296,19895040.0,OI1405
2013-11-27 10:43:00,7548,7548,7544,7544,796,280470,59986560.0,OI1405
2013-11-27 10:44:00,7546,7546,7542,7544,252,280470,18990720.0,OI1405
2013-11-27 10:45:00,7544,7546,7544,7546,516,280210,38885760.0,OI1405
2013-11-27 10:46:00,7546,7548,7544,7544,962,279894,72496320.0,OI1405
2013-11-27 10:47:00,7542,7546,7542,7542,814,279582,61343040.0,OI1405
2013-11-27 10:48:00,7544,7544,7540,7542,918,279594,69180480.0,OI1405
2013-11-27 10:49:00,7540,7542,7536,7538,1970,278616,148459200.0,OI1405
2013-11-27 10:50:00,7538,7542,7538,7542,442,278512,33309120.0,OI1405
2013-11-27 10:51:00,7540,7540,7536,7538,466,278468,35117760.0,OI1405
2013-11-27 10:52:00,7538,7540,7538,7538,168,278428,12660480.0,OI1405
2013-11-27 10:53:00,7538,7540,7538,7538,312,278362,23512320.0,OI1405
2013-11-27 10:54:00,7538,7540,7538,7538,364,278358,27431040.0,OI1405
2013-11-27 10:55:00,7540,7540,7538,7540,144,278320,10851840.0,OI1405
2013-11-27 10:56:00,7538,7540,7536,7536,650,278390,48984000.0,OI1405
2013-11-27 10:57:00,7534,7536,7532,7534,692,278584,52149120.0,OI1405
2013-11-27 10:58:00,7532,7536,7532,7536,404,278542,30445440.0,OI1405
2013-11-27 10:59:00,7536,7540,7536,7540,302,278394,22758720.0,OI1405
2013-11-27 11:00:00,7540,7542,7538,7542,354,278148,26677440.0,OI1405
2013-11-27 11:01:00,7540,7542,7540,7542,186,278060,14016960.0,OI1405
2013-11-27 11:02:00,7542,7542,7540,7542,288,278034,21703680.0,OI1405
2013-11-27 11:03:00,7542,7544,7540,7544,456,278088,34364160.0,OI1405
2013-11-27 11:04:00,7544,7544,7540,7542,442,278070,33309120.0,OI1405
2013-11-27 11:05:00,7542,7544,7538,7538,878,277704,66166080.0,OI1405
2013-11-27 11:06:00,7540,7540,7538,7540,336,277618,25320960.0,OI1405
2013-11-27 11:07:00,7540,7542,7540,7540,238,277650,17935680.0,OI1405
2013-11-27 11:08:00,7540,7540,7538,7540,244,277600,18387840.0,OI1405
2013-11-27 11:09:00,7538,7538,7536,7536,360,277470,27129600.0,OI1405
2013-11-27 11:10:00,7538,7538,7536,7538,198,277358,14921280.0,OI1405
2013-11-27 11:11:00,7538,7540,7538,7538,108,277368,8138880.0,OI1405
2013-11-27 11:12:00,7538,7538,7536,7536,82,277354,6179520.0,OI1405
2013-11-27 11:13:00,7538,7540,7536,7540,160,277376,12057600.0,OI1405
2013-11-27 11:14:00,7540,7540,7538,7538,248,277452,18689280.0,OI1405
2013-11-27 11:15:00,7538,7538,7534,7534,708,277556,53354880.0,OI1405
2013-11-27 11:16:00,7534,7534,7530,7532,1092,277606,82293120.0,OI1405
2013-11-27 11:17:00,7532,7532,7530,7530,466,277454,35117760.0,OI1405
2013-11-27 11:18:00,7532,7534,7530,7534,924,277578,69632640.0,OI1405
2013-11-27 11:19:00,7534,7534,7532,7532,390,277452,29390400.0,OI1405
2013-11-27 11:20:00,7532,7534,7530,7532,244,277390,18387840.0,OI1405
2013-11-27 11:21:00,7532,7534,7530,7530,246,277414,18538560.0,OI1405
2013-11-27 11:22:00,7532,7534,7530,7532,128,277484,9646080.0,OI1405
2013-11-27 11:23:00,7532,7536,7532,7536,446,277374,33610560.0,OI1405
2013-11-27 11:24:00,7536,7536,7534,7536,262,277266,19744320.0,OI1405
2013-11-27 11:25:00,7536,7536,7534,7534,172,277298,12961920.0,OI1405
2013-11-27 11:26:00,7534,7534,7532,7534,236,277444,17784960.0,OI1405
2013-11-27 11:27:00,7532,7536,7532,7534,382,277434,28787520.0,OI1405
2013-11-27 11:28:00,7534,7534,7532,7532,326,277400,24567360.0,OI1405
2013-11-27 11:29:00,7534,7534,7532,7534,394,277206,29691840.0,OI1405
2013-11-27 13:30:00,7532,7532,7530,7532,1056,277266,79580160.0,OI1405
2013-11-27 13:31:00,7532,7534,7530,7532,150,277266,11304000.0,OI1405
2013-11-27 13:32:00,7532,7534,7532,7534,174,277300,13112640.0,OI1405
2013-11-27 13:33:00,7534,7536,7532,7534,220,277296,16579200.0,OI1405
2013-11-27 13:34:00,7532,7538,7532,7536,650,277708,48984000.0,OI1405
2013-11-27 13:35:00,7536,7538,7534,7534,464,277624,34967040.0,OI1405
2013-11-27 13:36:00,7534,7534,7530,7530,444,277514,33459840.0,OI1405
2013-11-27 13:37:00,7530,7532,7528,7530,844,277432,63603840.0,OI1405
2013-11-27 13:38:00,7530,7530,7522,7526,2006,277628,151172160.0,OI1405
2013-11-27 13:39:00,7526,7526,7522,7524,860,277516,64809600.0,OI1405
2013-11-27 13:40:00,7524,7526,7518,7518,2442,277800,184029120.0,OI1405
2013-11-27 13:41:00,7520,7520,7508,7512,3528,276988,265847520.0,OI1405
2013-11-27 13:42:00,7512,7518,7512,7518,918,277084,69162120.0,OI1405
2013-11-27 13:43:00,7518,7520,7514,7518,1198,277354,90257320.0,OI1405
2013-11-27 13:44:00,7516,7522,7516,7522,1088,277254,81969920.0,OI1405
2013-11-27 13:45:00,7522,7522,7518,7520,974,277238,73381160.0,OI1405
2013-11-27 13:46:00,7520,7524,7520,7520,578,277124,43546520.0,OI1405
2013-11-27 13:47:00,7520,7522,7518,7522,1200,277326,90408000.0,OI1405
2013-11-27 13:48:00,7522,7522,7518,7520,276,277384,20793840.0,OI1405
2013-11-27 13:49:00,7518,7524,7516,7524,860,277512,64792400.0,OI1405
2013-11-27 13:50:00,7524,7524,7522,7522,396,277342,29834640.0,OI1405
2013-11-27 13:51:00,7522,7522,7520,7522,192,277276,14465280.0,OI1405
2013-11-27 13:52:00,7522,7522,7520,7520,304,277208,22903360.0,OI1405
2013-11-27 13:53:00,7522,7522,7520,7522,378,277364,28478520.0,OI1405
2013-11-27 13:54:00,7522,7526,7522,7524,680,277200,51231200.0,OI1405
2013-11-27 13:55:00,7524,7526,7524,7524,448,277212,33752320.0,OI1405
2013-11-27 13:56:00,7526,7528,7524,7528,644,277180,48518960.0,OI1405
2013-11-27 13:57:00,7528,7532,7524,7526,1606,277216,120996040.0,OI1405
2013-11-27 13:58:00,7524,7526,7524,7526,112,277198,8438080.0,OI1405
2013-11-27 13:59:00,7526,7530,7526,7526,756,276840,56957040.0,OI1405
2013-11-27 14:00:00,7526,7530,7526,7528,188,276796,14163920.0,OI1405
2013-11-27 14:01:00,7528,7530,7526,7526,396,276726,29834640.0,OI1405
2013-11-27 14:02:00,7526,7528,7526,7528,210,276710,15821400.0,OI1405
2013-11-27 14:03:00,7526,7532,7526,7530,442,276690,33300280.0,OI1405
2013-11-27 14:04:00,7530,7532,7528,7530,688,276804,51833920.0,OI1405
2013-11-27 14:05:00,7532,7536,7532,7534,1892,276950,142543280.0,OI1405
2013-11-27 14:06:00,7534,7534,7528,7530,1242,276534,93572280.0,OI1405
2013-11-27 14:07:00,7530,7530,7528,7528,438,276462,32998920.0,OI1405
2013-11-27 14:08:00,7530,7530,7526,7526,174,276460,13109160.0,OI1405
2013-11-27 14:09:00,7526,7530,7526,7530,282,276408,21245880.0,OI1405
2013-11-27 14:10:00,7528,7530,7528,7528,314,276440,23656760.0,OI1405
2013-11-27 14:11:00,7528,7530,7526,7528,464,276150,34957760.0,OI1405
2013-11-27 14:12:00,7526,7528,7526,7526,348,276272,26218320.0,OI1405
2013-11-27 14:13:00,7526,7528,7526,7528,292,276162,21999280.0,OI1405
2013-11-27 14:14:00,7526,7528,7526,7526,140,276210,10547600.0,OI1405
2013-11-27 14:15:00,7524,7530,7524,7528,328,276196,24711520.0,OI1405
2013-11-27 14:16:00,7530,7530,7528,7530,110,276186,8287400.0,OI1405
2013-11-27 14:17:00,7528,7530,7528,7530,392,276070,29533280.0,OI1405
2013-11-27 14:18:00,7532,7536,7530,7534,1488,275966,112105920.0,OI1405
2013-11-27 14:19:00,7536,7544,7536,7544,1946,275748,146611640.0,OI1405
2013-11-27 14:20:00,7544,7546,7540,7540,3090,276058,232800600.0,OI1405
2013-11-27 14:21:00,7542,7542,7540,7542,1600,276198,120544000.0,OI1405
2013-11-27 14:22:00,7542,7542,7538,7540,842,276070,63436280.0,OI1405
2013-11-27 14:23:00,7538,7542,7538,7542,392,276066,29533280.0,OI1405
2013-11-27 14:24:00,7542,7550,7542,7546,3754,276932,282826360.0,OI1405
2013-11-27 14:25:00,7546,7558,7544,7552,4558,277338,343399720.0,OI1405
2013-11-27 14:26:00,7554,7564,7552,7562,6574,277612,495379880.0,OI1405
2013-11-27 14:27:00,7562,7562,7558,7562,4754,278212,358261440.0,OI1405
2013-11-27 14:28:00,7562,7568,7562,7566,3692,278716,278247800.0,OI1405
2013-11-27 14:29:00,7566,7570,7562,7570,5086,278014,383382680.0,OI1405
2013-11-27 14:30:00,7570,7574,7568,7568,3832,278450,288856160.0,OI1405
2013-11-27 14:31:00,7570,7570,7564,7564,2194,278390,165406360.0,OI1405
2013-11-27 14:32:00,7564,7572,7564,7570,2730,278336,205842000.0,OI1405
2013-11-27 14:33:00,7572,7576,7570,7574,3826,278742,288480400.0,OI1405
2013-11-27 14:34:00,7574,7576,7572,7574,1818,278760,137077200.0,OI1405
2013-11-27 14:35:00,7574,7576,7568,7570,2222,279462,167549400.0,OI1405
2013-11-27 14:36:00,7568,7574,7568,7572,2114,279110,159437880.0,OI1405
2013-11-27 14:37:00,7570,7572,7568,7568,1770,279454,133493400.0,OI1405
2013-11-27 14:38:00,7568,7572,7568,7570,2078,279058,156722760.0,OI1405
2013-11-27 14:39:00,7570,7572,7568,7570,648,278978,48872160.0,OI1405
2013-11-27 14:40:00,7570,7570,7566,7566,1360,279078,102571200.0,OI1405
2013-11-27 14:41:00,7566,7570,7564,7568,1826,278966,137716920.0,OI1405
2013-11-27 14:42:00,7570,7572,7568,7570,1610,278696,121426200.0,OI1405
2013-11-27 14:43:00,7572,7578,7570,7576,2506,278966,189022520.0,OI1405
2013-11-27 14:44:00,7576,7576,7570,7572,1416,279164,106823040.0,OI1405
2013-11-27 14:45:00,7574,7574,7570,7572,1854,279430,139865760.0,OI1405
2013-11-27 14:46:00,7574,7574,7572,7572,1814,280174,136848160.0,OI1405
2013-11-27 14:47:00,7572,7572,7570,7570,406,280128,30628640.0,OI1405
2013-11-27 14:48:00,7572,7572,7566,7566,2760,279754,208214400.0,OI1405
2013-11-27 14:49:00,7566,7570,7566,7568,768,279786,57937920.0,OI1405
2013-11-27 14:50:00,7568,7572,7568,7572,1482,279376,111802080.0,OI1405
2013-11-27 14:51:00,7572,7572,7570,7572,550,279396,41492000.0,OI1405
2013-11-27 14:52:00,7572,7572,7570,7570,892,279588,67292480.0,OI1405
2013-11-27 14:53:00,7570,7572,7570,7572,1048,279562,79061120.0,OI1405
2013-11-27 14:54:00,7572,7580,7570,7580,5638,278524,425432600.0,OI1405
2013-11-27 14:55:00,7580,7580,7574,7578,2260,278542,170539600.0,OI1405
2013-11-27 14:56:00,7578,7578,7574,7576,1420,278624,107153200.0,OI1405
2013-11-27 14:57:00,7576,7578,7574,7576,2528,278352,190762880.0,OI1405
2013-11-27 14:58:00,7578,7580,7576,7580,2878,278294,217179000.0,OI1405
2013-11-27 14:59:00,7580,7582,7578,7582,4840,277330,365323200.0,OI1405
2013-11-28 09:00:00,7560,7568,7558,7560,7554,277048,571199480.0,OI1405
2013-11-28 09:01:00,7558,7572,7552,7572,5214,277408,394212800.0,OI1405
2013-11-28 09:02:00,7572,7574,7564,7566,2822,277730,213396320.0,OI1405
2013-11-28 09:03:00,7566,7570,7564,7568,1986,277646,150183720.0,OI1405
2013-11-28 09:04:00,7570,7572,7564,7564,1946,278008,147195440.0,OI1405
2013-11-28 09:05:00,7568,7568,7564,7566,1442,278308,109072880.0,OI1405
2013-11-28 09:06:00,7566,7566,7556,7562,2954,278006,223440560.0,OI1405
2013-11-28 09:07:00,7562,7568,7560,7566,1210,278014,91524400.0,OI1405
2013-11-28 09:08:00,7566,7566,7562,7564,1236,277796,93491040.0,OI1405
2013-11-28 09:09:00,7568,7568,7564,7568,678,277826,51283920.0,OI1405
2013-11-28 09:10:00,7568,7574,7568,7572,1854,277936,140236560.0,OI1405
2013-11-28 09:11:00,7572,7572,7564,7566,1166,278150,88196240.0,OI1405
2013-11-28 09:12:00,7566,7570,7562,7566,1220,278584,92280800.0,OI1405
2013-11-28 09:13:00,7568,7570,7564,7564,1008,278754,76245120.0,OI1405
2013-11-28 09:14:00,7566,7570,7566,7568,614,278946,46442960.0,OI1405
2013-11-28 09:15:00,7568,7568,7564,7564,396,278964,29953440.0,OI1405
2013-11-28 09:16:00,7566,7568,7562,7562,1318,279210,99693520.0,OI1405
2013-11-28 09:17:00,7562,7566,7562,7564,612,279248,46291680.0,OI1405
2013-11-28 09:18:00,7564,7568,7564,7568,402,279372,30407280.0,OI1405
2013-11-28 09:19:00,7568,7578,7566,7578,2544,279548,192458840.0,OI1405
2013-11-28 09:20:00,7578,7580,7574,7578,2740,280036,207308400.0,OI1405
2013-11-28 09:21:00,7578,7582,7576,7578,2988,280352,226086840.0,OI1405
2013-11-28 09:22:00,7578,7586,7576,7584,2856,280480,216142080.0,OI1405
2013-11-28 09:23:00,7586,7588,7580,7580,3990,280708,301998280.0,OI1405
2013-11-28 09:24:00,7580,7582,7574,7576,2460,280674,186222000.0,OI1405
2013-11-28 09:25:00,7574,7580,7574,7578,1880,281146,142316000.0,OI1405
2013-11-28 09:26:00,7576,7578,7576,7578,998,280910,75548600.0,OI1405
2013-11-28 09:27:00,7578,7584,7578,7582,1164,280498,88114800.0,OI1405
2013-11-28 09:28:00,7582,7582,7576,7578,1360,280498,102952000.0,OI1405
2013-11-28 09:29:00,7578,7578,7574,7574,1062,280500,80393400.0,OI1405
2013-11-28 09:30:00,7576,7576,7570,7570,2194,280038,166085800.0,OI1405
2013-11-28 09:31:00,7570,7574,7570,7574,700,280076,52990000.0,OI1405
2013-11-28 09:32:00,7572,7572,7570,7570,720,280046,54504000.0,OI1405
2013-11-28 09:33:00,7570,7574,7570,7574,712,280160,53898400.0,OI1405
2013-11-28 09:34:00,7574,7574,7572,7574,680,280146,51476000.0,OI1405
2013-11-28 09:35:00,7572,7574,7572,7574,370,280046,28009000.0,OI1405
2013-11-28 09:36:00,7576,7580,7574,7578,704,280124,53300760.0,OI1405
2013-11-28 09:37:00,7576,7578,7572,7572,534,280242,40434480.0,OI1405
2013-11-28 09:38:00,7572,7576,7572,7576,322,280184,24381840.0,OI1405
2013-11-28 09:39:00,7576,7576,7572,7574,366,280332,27713520.0,OI1405
2013-11-28 09:40:00,7574,7580,7572,7578,516,280318,39071520.0,OI1405
2013-11-28 09:41:00,7578,7582,7578,7578,1050,280598,79506000.0,OI1405
2013-11-28 09:42:00,7576,7578,7576,7576,140,280570,10600800.0,OI1405
2013-11-28 09:43:00,7576,7578,7574,7576,588,280618,44523360.0,OI1405
2013-11-28 09:44:00,7576,7578,7574,7576,230,280662,17415600.0,OI1405
2013-11-28 09:45:00,7574,7578,7574,7576,368,280480,27864960.0,OI1405
2013-11-28 09:46:00,7576,7578,7574,7576,240,280554,18172800.0,OI1405
2013-11-28 09:47:00,7574,7576,7572,7576,252,280496,19081440.0,OI1405
2013-11-28 09:48:00,7574,7574,7570,7570,544,280604,41191680.0,OI1405
2013-11-28 09:49:00,7570,7570,7552,7556,5570,279904,421721960.0,OI1405
2013-11-28 09:50:00,7558,7562,7554,7562,2378,279380,180014600.0,OI1405
2013-11-28 09:51:00,7562,7564,7560,7562,2166,279834,163966200.0,OI1405
2013-11-28 09:52:00,7560,7564,7560,7562,1480,280128,112036000.0,OI1405
2013-11-28 09:53:00,7562,7568,7562,7568,1300,280394,98410000.0,OI1405
2013-11-28 09:54:00,7568,7568,7564,7564,730,280622,55261000.0,OI1405
2013-11-28 09:55:00,7564,7568,7564,7566,572,280462,43300400.0,OI1405
2013-11-28 09:56:00,7566,7572,7566,7570,1960,279780,148372000.0,OI1405
2013-11-28 09:57:00,7570,7570,7566,7566,716,279790,54201200.0,OI1405
2013-11-28 09:58:00,7568,7568,7566,7566,100,279754,7570000.0,OI1405
2013-11-28 09:59:00,7566,7570,7566,7568,352,279654,26646400.0,OI1405
2013-11-28 10:00:00,7568,7570,7566,7570,374,279572,28311800.0,OI1405
2013-11-28 10:01:00,7570,7572,7568,7570,676,279410,51173200.0,OI1405
2013-11-28 10:02:00,7570,7570,7568,7568,86,279400,6510200.0,OI1405
2013-11-28 10:03:00,7568,7570,7568,7568,174,279440,13171800.0,OI1405
2013-11-28 10:04:00,7568,7568,7566,7568,752,279526,56926400.0,OI1405
2013-11-28 10:05:00,7566,7568,7566,7566,120,279468,9084000.0,OI1405
2013-11-28 10:06:00,7566,7568,7562,7562,1380,279064,104466000.0,OI1405
2013-11-28 10:07:00,7562,7566,7562,7564,686,278934,51930200.0,OI1405
2013-11-28 10:08:00,7566,7566,7564,7566,258,278786,19530600.0,OI1405
2013-11-28 10:09:00,7566,7568,7566,7566,394,278588,29825800.0,OI1405
2013-11-28 10:10:00,7566,7568,7566,7566,74,278592,5601800.0,OI1405
2013-11-28 10:11:00,7568,7568,7566,7568,520,278466,39364000.0,OI1405
2013-11-28 10:12:00,7568,7576,7568,7576,1322,278144,100075400.0,OI1405
2013-11-28 10:13:00,7576,7576,7572,7574,986,278014,74640200.0,OI1405
2013-11-28 10:14:00,7576,7578,7574,7576,858,277698,64950600.0,OI1405
2013-11-28 10:30:00,7576,7578,7574,7576,494,277674,37395800.0,OI1405
2013-11-28 10:31:00,7576,7578,7574,7576,878,277592,66464600.0,OI1405
2013-11-28 10:32:00,7576,7582,7576,7580,2754,278230,208477800.0,OI1405
2013-11-28 10:33:00,7580,7582,7578,7578,1142,278462,86449400.0,OI1405
2013-11-28 10:34:00,7578,7578,7572,7572,1268,278616,95987600.0,OI1405
2013-11-28 10:35:00,7572,7574,7570,7570,958,278686,72520600.0,OI1405
2013-11-28 10:36:00,7570,7572,7570,7572,940,278896,71158000.0,OI1405
2013-11-28 10:37:00,7572,7572,7570,7570,438,278874,33156600.0,OI1405
2013-11-28 10:38:00,7572,7572,7568,7570,556,278940,42089200.0,OI1405
2013-11-28 10:39:00,7568,7568,7560,7564,2216,278642,167751200.0,OI1405
2013-11-28 10:40:00,7564,7566,7564,7566,494,278634,37395800.0,OI1405
2013-11-28 10:41:00,7564,7568,7564,7568,412,278576,31188400.0,OI1405
2013-11-28 10:42:00,7566,7570,7566,7570,262,278526,19833400.0,OI1405
2013-11-28 10:43:00,7570,7570,7566,7568,288,278570,21801600.0,OI1405
2013-11-28 10:44:00,7570,7570,7568,7568,120,278540,9084000.0,OI1405
2013-11-28 10:45:00,7568,7570,7566,7568,740,278706,56018000.0,OI1405
2013-11-28 10:46:00,7568,7570,7566,7568,576,278830,43603200.0,OI1405
2013-11-28 10:47:00,7568,7568,7566,7566,654,278928,49507800.0,OI1405
2013-11-28 10:48:00,7566,7570,7566,7568,688,279084,52081600.0,OI1405
2013-11-28 10:49:00,7568,7574,7568,7574,776,279028,58743200.0,OI1405
2013-11-28 10:50:00,7574,7576,7572,7574,878,278878,66464600.0,OI1405
2013-11-28 10:51:00,7574,7574,7572,7574,490,278838,37093000.0,OI1405
2013-11-28 10:52:00,7572,7574,7570,7570,332,278734,25132400.0,OI1405
2013-11-28 10:53:00,7570,7576,7570,7574,914,278414,69189800.0,OI1405
2013-11-28 10:54:00,7574,7574,7572,7574,348,278360,26343600.0,OI1405
2013-11-28 10:55:00,7572,7572,7570,7572,228,278274,17259600.0,OI1405
2013-11-28 10:56:00,7572,7572,7570,7570,262,278288,19833400.0,OI1405
2013-11-28 10:57:00,7570,7572,7568,7570,352,278444,26646400.0,OI1405
2013-11-28 10:58:00,7572,7574,7570,7572,352,278256,26646400.0,OI1405
2013-11-28 10:59:00,7572,7576,7570,7576,518,278196,39212600.0,OI1405
2013-11-28 11:00:00,7576,7576,7572,7574,348,278174,26343600.0,OI1405
2013-11-28 11:01:00,7574,7574,7572,7574,42,278178,3179400.0,OI1405
2013-11-28 11:02:00,7574,7574,7574,7574,40,278182,3028000.0,OI1405
2013-11-28 11:03:00,7572,7574,7570,7572,518,278172,39212600.0,OI1405
2013-11-28 11:04:00,7570,7572,7568,7570,388,278168,29371600.0,OI1405
2013-11-28 11:05:00,7570,7572,7570,7570,230,278228,17411000.0,OI1405
2013-11-28 11:06:00,7570,7570,7566,7566,666,278170,50416200.0,OI1405
2013-11-28 11:07:00,7564,7568,7564,7568,524,278168,39666800.0,OI1405
2013-11-28 11:08:00,7570,7572,7568,7570,184,278140,13928800.0,OI1405
2013-11-28 11:09:00,7570,7570,7568,7570,56,278122,4239200.0,OI1405
2013-11-28 11:10:00,7570,7570,7568,7570,130,278136,9841000.0,OI1405
2013-11-28 11:11:00,7570,7574,7570,7572,458,278056,34670600.0,OI1405
2013-11-28 11:12:00,7572,7574,7572,7574,218,278010,16502600.0,OI1405
2013-11-28 11:13:00,7572,7576,7570,7576,762,278000,57683400.0,OI1405
2013-11-28 11:14:00,7574,7576,7574,7574,584,277936,44208800.0,OI1405
2013-11-28 11:15:00,7574,7580,7574,7574,1884,277682,142618800.0,OI1405
2013-11-28 11:16:00,7574,7576,7572,7574,520,277672,39364000.0,OI1405
2013-11-28 11:17:00,7574,7576,7574,7574,324,277758,24526800.0,OI1405
2013-11-28 11:18:00,7572,7572,7570,7572,572,277676,43300400.0,OI1405
2013-11-28 11:19:00,7572,7574,7570,7572,310,277660,23467000.0,OI1405
2013-11-28 11:20:00,7570,7576,7570,7576,788,277520,59651600.0,OI1405
2013-11-28 11:21:00,7574,7576,7572,7572,418,277548,31642600.0,OI1405
2013-11-28 11:22:00,7574,7574,7572,7574,300,277510,22710000.0,OI1405
2013-11-28 11:23:00,7574,7574,7570,7570,182,277614,13777400.0,OI1405
2013-11-28 11:24:00,7572,7574,7572,7574,204,277570,15442800.0,OI1405
2013-11-28 11:25:00,7572,7574,7572,7574,370,277392,28009000.0,OI1405
2013-11-28 11:26:00,7572,7574,7572,7574,134,277436,10143800.0,OI1405
2013-11-28 11:27:00,7572,7574,7570,7570,526,277428,39818200.0,OI1405
2013-11-28 11:28:00,7570,7572,7570,7572,390,277244,29523000.0,OI1405
2013-11-28 11:29:00,7572,7574,7570,7574,868,277268,65707600.0,OI1405
2013-11-28 13:30:00,7574,7578,7572,7574,848,277456,64193600.0,OI1405
2013-11-28 13:31:00,7572,7580,7572,7580,1084,277276,82058800.0,OI1405
2013-11-28 13:32:00,7580,7582,7578,7578,1822,277272,137925400.0,OI1405
2013-11-28 13:33:00,7578,7582,7576,7580,826,277442,62528200.0,OI1405
2013-11-28 13:34:00,7580,7582,7578,7578,656,277492,49659200.0,OI1405
2013-11-28 13:35:00,7578,7580,7576,7578,668,277534,50567600.0,OI1405
2013-11-28 13:36:00,7578,7598,7578,7598,4652,278238,352230000.0,OI1405
2013-11-28 13:37:00,7598,7608,7592,7608,6944,278880,525799680.0,OI1405
2013-11-28 13:38:00,7606,7616,7602,7614,6226,279372,471547440.0,OI1405
2013-11-28 13:39:00,7612,7616,7608,7608,3360,279628,254500760.0,OI1405
2013-11-28 13:40:00,7608,7618,7608,7616,3726,279450,282281760.0,OI1405
2013-11-28 13:41:00,7616,7616,7608,7610,3084,279860,233643840.0,OI1405
2013-11-28 13:42:00,7610,7612,7604,7604,2714,279820,205637920.0,OI1405
2013-11-28 13:43:00,7604,7608,7602,7606,4504,280700,341313120.0,OI1405
2013-11-28 13:44:00,7606,7606,7600,7602,2844,281504,215518320.0,OI1405
2013-11-28 13:45:00,7600,7608,7600,7608,1976,281078,149741280.0,OI1405
2013-11-28 13:46:00,7608,7608,7604,7604,602,281236,45619560.0,OI1405
2013-11-28 13:47:00,7606,7606,7602,7602,1140,281604,86389200.0,OI1405
2013-11-28 13:48:00,7604,7606,7604,7604,692,281676,52442000.0,OI1405
2013-11-28 13:49:00,7604,7608,7604,7608,562,281746,42599600.0,OI1405
2013-11-28 13:50:00,7608,7608,7604,7606,778,281874,58972400.0,OI1405
2013-11-28 13:51:00,7606,7608,7604,7604,812,282198,61549600.0,OI1405
2013-11-28 13:52:00,7604,7608,7602,7608,796,282076,60336800.0,OI1405
2013-11-28 13:53:00,7608,7608,7602,7604,650,282294,49270000.0,OI1405
2013-11-28 13:54:00,7604,7606,7602,7604,1808,283070,137046400.0,OI1405
2013-11-28 13:55:00,7604,7604,7600,7602,1256,282888,95204800.0,OI1405
2013-11-28 13:56:00,7602,7604,7600,7602,856,283074,64884800.0,OI1405
2013-11-28 13:57:00,7604,7604,7600,7602,592,283412,44873600.0,OI1405
2013-11-28 13:58:00,7602,7602,7600,7600,436,283510,33048800.0,OI1405
2013-11-28 13:59:00,7600,7602,7596,7602,3196,283402,242256800.0,OI1405
2013-11-28 14:00:00,7600,7604,7600,7602,1268,283724,96114400.0,OI1405
2013-11-28 14:01:00,7602,7602,7600,7600,694,284156,52605200.0,OI1405
2013-11-28 14:02:00,7600,7606,7600,7606,1872,284828,141897600.0,OI1405
2013-11-28 14:03:00,7606,7606,7602,7604,1242,284914,94153040.0,OI1405
2013-11-28 14:04:00,7604,7604,7602,7602,516,285108,39123120.0,OI1405
2013-11-28 14:05:00,7602,7610,7602,7610,1692,284912,128287440.0,OI1405
2013-11-28 14:06:00,7610,7618,7610,7616,2984,285086,226246880.0,OI1405
2013-11-28 14:07:00,7616,7616,7610,7610,3030,285820,229734600.0,OI1405
2013-11-28 14:08:00,7610,7614,7610,7612,1076,285860,81582320.0,OI1405
2013-11-28 14:09:00,7614,7614,7604,7606,2300,286798,174386000.0,OI1405
2013-11-28 14:10:00,7606,7608,7592,7598,6002,287850,455129360.0,OI1405
2013-11-28 14:11:00,7596,7598,7594,7596,4504,288368,341583360.0,OI1405
2013-11-28 14:12:00,7596,7598,7592,7592,1348,288574,102232320.0,OI1405
2013-11-28 14:13:00,7592,7600,7592,7598,1392,288330,105569280.0,OI1405
2013-11-28 14:14:00,7596,7598,7594,7594,1062,288252,80542080.0,OI1405
2013-11-28 14:15:00,7594,7596,7592,7596,1332,287746,101018880.0,OI1405
2013-11-28 14:16:00,7596,7598,7596,7598,1042,287958,79025280.0,OI1405
2013-11-28 14:17:00,7596,7598,7592,7592,822,287856,62340480.0,OI1405
2013-11-28 14:18:00,7594,7594,7588,7592,3152,287670,239047680.0,OI1405
2013-11-28 14:19:00,7590,7594,7588,7594,1600,287562,121344000.0,OI1405
2013-11-28 14:20:00,7594,7594,7592,7594,540,287528,40953600.0,OI1405
2013-11-28 14:21:00,7594,7596,7594,7594,920,287260,69772800.0,OI1405
2013-11-28 14:22:00,7594,7594,7592,7594,486,287436,36858240.0,OI1405
2013-11-28 14:23:00,7594,7594,7582,7584,2952,287626,223879680.0,OI1405
2013-11-28 14:24:00,7584,7588,7576,7578,4952,286972,375559680.0,OI1405
2013-11-28 14:25:00,7578,7580,7574,7580,4592,287032,348257280.0,OI1405
2013-11-28 14:26:00,7580,7580,7576,7580,1780,287314,134995200.0,OI1405
2013-11-28 14:27:00,7578,7584,7578,7580,2020,286838,153196800.0,OI1405
2013-11-28 14:28:00,7578,7582,7578,7580,1274,286694,96620160.0,OI1405
2013-11-28 14:29:00,7580,7580,7576,7578,1390,286836,105417600.0,OI1405
2013-11-28 14:30:00,7578,7580,7576,7576,816,287022,61885440.0,OI1405
2013-11-28 14:31:00,7576,7578,7570,7572,2322,286688,176100480.0,OI1405
2013-11-28 14:32:00,7572,7576,7570,7576,2194,286512,166392960.0,OI1405
2013-11-28 14:33:00,7576,7576,7570,7572,1208,286304,91614720.0,OI1405
2013-11-28 14:34:00,7570,7572,7568,7572,3294,286484,249816960.0,OI1405
2013-11-28 14:35:00,7572,7572,7558,7562,5962,286042,452157520.0,OI1405
2013-11-28 14:36:00,7562,7564,7554,7554,4908,286656,372124560.0,OI1405
2013-11-28 14:37:00,7556,7564,7554,7564,3058,286474,231857560.0,OI1405
2013-11-28 14:38:00,7564,7566,7560,7566,2480,286556,188033600.0,OI1405
2013-11-28 14:39:00,7566,7566,7564,7566,1402,286910,106299640.0,OI1405
2013-11-28 14:40:00,7568,7576,7566,7568,4578,286740,347103960.0,OI1405
2013-11-28 14:41:00,7566,7568,7560,7564,3228,286390,244746960.0,OI1405
2013-11-28 14:42:00,7562,7566,7562,7564,1362,286290,103266840.0,OI1405
2013-11-28 14:43:00,7564,7566,7562,7564,756,286348,57319920.0,OI1405
2013-11-28 14:44:00,7564,7568,7562,7568,1028,286264,77942960.0,OI1405
2013-11-28 14:45:00,7568,7568,7562,7562,894,286076,67783080.0,OI1405
2013-11-28 14:46:00,7562,7566,7562,7564,268,286040,20319760.0,OI1405
2013-11-28 14:47:00,7566,7566,7562,7564,488,286038,37000160.0,OI1405
2013-11-28 14:48:00,7564,7566,7562,7564,1378,286206,104479960.0,OI1405
2013-11-28 14:49:00,7562,7568,7562,7566,1054,285756,79914280.0,OI1405
2013-11-28 14:50:00,7568,7574,7566,7574,2454,284992,186062280.0,OI1405
2013-11-28 14:51:00,7574,7574,7570,7572,2410,284906,182726200.0,OI1405
2013-11-28 14:52:00,7572,7576,7572,7576,1610,284012,122070200.0,OI1405
2013-11-28 14:53:00,7576,7578,7572,7574,1784,284010,135262880.0,OI1405
2013-11-28 14:54:00,7574,7574,7570,7572,878,283782,66569960.0,OI1405
2013-11-28 14:55:00,7574,7574,7570,7570,1046,283970,79307720.0,OI1405
2013-11-28 14:56:00,7570,7576,7570,7574,1530,283088,115991720.0,OI1405
2013-11-28 14:57:00,7576,7576,7570,7570,596,282832,45176800.0,OI1405
2013-11-28 14:58:00,7570,7572,7568,7570,1584,282322,120067200.0,OI1405
2013-11-28 14:59:00,7568,7570,7566,7570,2254,281176,170853200.0,OI1405
2013-11-29 09:00:00,7574,7584,7574,7580,3686,281600,279371120.0,OI1405
2013-11-29 09:01:00,7578,7580,7566,7572,2880,281988,218281200.0,OI1405
2013-11-29 09:02:00,7574,7580,7572,7578,1450,282026,109881000.0,OI1405
2013-11-29 09:03:00,7580,7594,7578,7592,3338,282110,252969880.0,OI1405
2013-11-29 09:04:00,7592,7592,7586,7590,2786,282278,211208760.0,OI1405
2013-11-29 09:05:00,7592,7592,7584,7586,2452,282734,185910640.0,OI1405
2013-11-29 09:06:00,7588,7590,7584,7590,2038,282580,154550080.0,OI1405
2013-11-29 09:07:00,7588,7588,7582,7582,2144,282966,162600960.0,OI1405
2013-11-29 09:08:00,7584,7590,7582,7590,946,282804,71744640.0,OI1405
2013-11-29 09:09:00,7588,7592,7588,7590,1326,282694,100563840.0,OI1405
2013-11-29 09:10:00,7590,7590,7586,7586,482,282690,36554880.0,OI1405
2013-11-29 09:11:00,7588,7588,7584,7584,746,282998,56576640.0,OI1405
2013-11-29 09:12:00,7584,7586,7582,7582,852,282894,64615680.0,OI1405
2013-11-29 09:13:00,7582,7582,7578,7578,1854,282812,140607360.0,OI1405
2013-11-29 09:14:00,7578,7584,7578,7584,1328,282984,100715520.0,OI1405
2013-11-29 09:15:00,7582,7584,7580,7580,484,283018,36706560.0,OI1405
2013-11-29 09:16:00,7582,7584,7580,7582,794,282996,60216960.0,OI1405
2013-11-29 09:17:00,7582,7584,7582,7584,1046,282196,79328640.0,OI1405
2013-11-29 09:18:00,7584,7586,7582,7584,768,282122,58245120.0,OI1405
2013-11-29 09:19:00,7584,7586,7582,7586,520,282004,39436800.0,OI1405
2013-11-29 09:20:00,7586,7588,7584,7586,974,281950,73868160.0,OI1405
2013-11-29 09:21:00,7586,7586,7582,7582,832,282138,63098880.0,OI1405
2013-11-29 09:22:00,7584,7586,7584,7586,222,282048,16836480.0,OI1405
2013-11-29 09:23:00,7586,7586,7582,7582,706,282110,53543040.0,OI1405
2013-11-29 09:24:00,7582,7584,7580,7582,884,282120,67042560.0,OI1405
2013-11-29 09:25:00,7580,7586,7580,7586,612,281996,46414080.0,OI1405
2013-11-29 09:26:00,7586,7586,7582,7584,330,282128,25027200.0,OI1405
2013-11-29 09:27:00,7584,7588,7582,7584,366,282118,27757440.0,OI1405
2013-11-29 09:28:00,7586,7588,7584,7586,358,282128,27150720.0,OI1405
2013-11-29 09:29:00,7586,7588,7584,7588,778,282498,59003520.0,OI1405
2013-11-29 09:30:00,7586,7588,7582,7584,1194,282944,90552960.0,OI1405
2013-11-29 09:31:00,7586,7588,7584,7584,894,282656,67800960.0,OI1405
2013-11-29 09:32:00,7584,7590,7584,7588,1170,282432,88732800.0,OI1405
2013-11-29 09:33:00,7588,7588,7584,7584,462,282352,35038080.0,OI1405
2013-11-29 09:34:00,7584,7584,7578,7578,1490,282520,113001600.0,OI1405
2013-11-29 09:35:00,7578,7584,7576,7582,804,282460,60975360.0,OI1405
2013-11-29 09:36:00,7582,7582,7574,7574,2364,283526,179285760.0,OI1405
2013-11-29 09:37:00,7574,7576,7572,7576,1416,283592,107389440.0,OI1405
2013-11-29 09:38:00,7574,7580,7572,7578,872,283478,66132480.0,OI1405
2013-11-29 09:39:00,7578,7578,7572,7572,624,283730,47324160.0,OI1405
2013-11-29 09:40:00,7572,7580,7572,7578,790,283558,59913600.0,OI1405
2013-11-29 09:41:00,7578,7578,7574,7576,1444,283830,109501400.0,OI1405
2013-11-29 09:42:00,7574,7580,7574,7578,732,283648,55500240.0,OI1405
2013-11-29 09:43:00,7576,7578,7576,7576,180,283708,13647600.0,OI1405
2013-11-29 09:44:00,7576,7578,7570,7570,772,284038,58533040.0,OI1405
2013-11-29 09:45:00,7572,7576,7570,7574,1326,284096,100537320.0,OI1405
2013-11-29 09:46:00,7574,7578,7574,7576,532,283828,40336240.0,OI1405
2013-11-29 09:47:00,7576,7578,7572,7578,632,283618,47918240.0,OI1405
2013-11-29 09:48:00,7578,7580,7576,7576,970,283682,73545400.0,OI1405
2013-11-29 09:49:00,7578,7578,7576,7578,184,283626,13950880.0,OI1405
2013-11-29 09:50:00,7578,7582,7576,7582,1344,283360,101902080.0,OI1405
2013-11-29 09:51:00,7582,7584,7580,7582,1104,283378,83705280.0,OI1405
2013-11-29 09:52:00,7580,7582,7580,7580,468,283446,35483760.0,OI1405
2013-11-29 09:53:00,7582,7582,7580,7580,260,283428,19713200.0,OI1405
2013-11-29 09:54:00,7580,7582,7580,7582,240,283420,18196800.0,OI1405
2013-11-29 09:55:00,7582,7582,7580,7582,188,283336,14254160.0,OI1405
2013-11-29 09:56:00,7582,7582,7580,7580,60,283310,4549200.0,OI1405
2013-11-29 09:57:00,7580,7582,7578,7580,600,283280,45492000.0,OI1405
2013-11-29 09:58:00,7580,7580,7580,7580,108,283228,8188560.0,OI1405
2013-11-29 09:59:00,7580,7582,7580,7580,84,283280,6368880.0,OI1405
2013-11-29 10:00:00,7582,7586,7580,7584,882,283070,66873240.0,OI1405
2013-11-29 10:01:00,7584,7586,7584,7586,802,283222,60807640.0,OI1405
2013-11-29 10:02:00,7584,7586,7582,7584,600,283458,45492000.0,OI1405
2013-11-29 10:03:00,7584,7584,7582,7584,582,283542,44127240.0,OI1405
2013-11-29 10:04:00,7582,7584,7582,7584,344,283468,26082080.0,OI1405
2013-11-29 10:05:00,7582,7584,7578,7578,1114,282968,84463480.0,OI1405
2013-11-29 10:06:00,7578,7580,7578,7578,218,282886,16528760.0,OI1405
2013-11-29 10:07:00,7578,7580,7578,7578,382,282926,28963240.0,OI1405
2013-11-29 10:08:00,7578,7584,7576,7584,802,282956,60807640.0,OI1405
2013-11-29 10:09:00,7584,7586,7582,7584,1084,283082,82188880.0,OI1405
2013-11-29 10:10:00,7582,7586,7582,7584,1146,283068,86889720.0,OI1405
2013-11-29 10:11:00,7584,7586,7582,7582,434,283008,32905880.0,OI1405
2013-11-29 10:12:00,7584,7588,7584,7586,1006,282654,76274920.0,OI1405
2013-11-29 10:13:00,7588,7588,7584,7586,1328,282632,100688960.0,OI1405
2013-11-29 10:14:00,7584,7586,7584,7586,572,282286,43369040.0,OI1405
2013-11-29 10:30:00,7586,7588,7582,7582,586,282240,44430520.0,OI1405
2013-11-29 10:31:00,7582,7582,7578,7580,894,282064,67783080.0,OI1405
2013-11-29 10:32:00,7580,7582,7580,7582,264,282004,20016480.0,OI1405
2013-11-29 10:33:00,7582,7582,7580,7582,372,282010,28205040.0,OI1405
2013-11-29 10:34:00,7582,7584,7580,7582,528,281954,40032960.0,OI1405
2013-11-29 10:35:00,7584,7584,7580,7582,804,282000,60959280.0,OI1405
2013-11-29 10:36:00,7582,7582,7578,7578,250,281870,18955000.0,OI1405
2013-11-29 10:37:00,7578,7582,7578,7580,548,281810,41549360.0,OI1405
2013-11-29 10:38:00,7580,7582,7578,7580,538,281810,40791160.0,OI1405
2013-11-29 10:39:00,7580,7582,7578,7580,576,281686,43672320.0,OI1405
2013-11-29 10:40:00,7580,7580,7574,7574,1658,281142,125709560.0,OI1405
2013-11-29 10:41:00,7574,7576,7572,7574,1154,280954,87496280.0,OI1405
2013-11-29 10:42:00,7576,7576,7560,7564,5794,282378,439301080.0,OI1405
2013-11-29 10:43:00,7564,7564,7556,7560,4080,283384,309285760.0,OI1405
2013-11-29 10:44:00,7560,7564,7560,7564,1238,283606,93840400.0,OI1405
2013-11-29 10:45:00,7564,7564,7556,7560,2836,284236,214968800.0,OI1405
2013-11-29 10:46:00,7560,7564,7558,7562,2194,284104,166305200.0,OI1405
2013-11-29 10:47:00,7562,7564,7560,7562,596,284230,45173320.0,OI1405
2013-11-29 10:48:00,7562,7562,7552,7552,2530,285090,191723400.0,OI1405
2013-11-29 10:49:00,7552,7560,7552,7558,2428,284740,183993840.0,OI1405
2013-11-29 10:50:00,7560,7562,7558,7562,1618,284080,122612040.0,OI1405
2013-11-29 10:51:00,7562,7564,7558,7562,978,284174,74112840.0,OI1405
2013-11-29 10:52:00,7562,7566,7560,7564,1086,283768,82297080.0,OI1405
2013-11-29 10:53:00,7566,7566,7562,7564,592,283554,44861760.0,OI1405
2013-11-29 10:54:00,7564,7566,7562,7566,450,283730,34101000.0,OI1405
2013-11-29 10:55:00,7566,7568,7566,7568,2270,283402,172020600.0,OI1405
2013-11-29 10:56:00,7568,7570,7564,7566,1252,283362,94862960.0,OI1405
2013-11-29 10:57:00,7564,7568,7564,7568,1434,282696,108639840.0,OI1405
2013-11-29 10:58:00,7566,7568,7564,7566,782,282514,59244320.0,OI1405
2013-11-29 10:59:00,7566,7568,7564,7568,708,282244,53638080.0,OI1405
2013-11-29 11:00:00,7570,7570,7566,7568,380,282020,28788800.0,OI1405
2013-11-29 11:01:00,7568,7570,7568,7568,238,281928,18030880.0,OI1405
2013-11-29 11:02:00,7568,7568,7564,7564,1034,281770,78335840.0,OI1405
2013-11-29 11:03:00,7566,7566,7564,7566,334,281674,25303840.0,OI1405
2013-11-29 11:04:00,7564,7566,7564,7566,166,281612,12576160.0,OI1405
2013-11-29 11:05:00,7566,7566,7564,7566,514,281686,38940640.0,OI1405
2013-11-29 11:06:00,7566,7568,7564,7568,286,281630,21667360.0,OI1405
2013-11-29 11:07:00,7564,7566,7564,7566,278,281488,21061280.0,OI1405
2013-11-29 11:08:00,7568,7568,7566,7566,96,281480,7272960.0,OI1405
2013-11-29 11:09:00,7566,7568,7566,7566,92,281444,6969920.0,OI1405
2013-11-29 11:10:00,7568,7568,7564,7568,384,281466,29091840.0,OI1405
2013-11-29 11:11:00,7568,7568,7566,7566,50,281446,3788000.0,OI1405
2013-11-29 11:12:00,7566,7568,7566,7566,92,281416,6969920.0,OI1405
2013-11-29 11:13:00,7568,7568,7566,7568,144,281426,10909440.0,OI1405
2013-11-29 11:14:00,7566,7570,7566,7570,754,281454,57123040.0,OI1405
2013-11-29 11:15:00,7570,7576,7568,7576,2006,280754,151974560.0,OI1405
2013-11-29 11:16:00,7576,7576,7572,7572,740,280818,56062400.0,OI1405
2013-11-29 11:17:00,7572,7576,7572,7574,1360,280598,103033600.0,OI1405
2013-11-29 11:18:00,7574,7578,7572,7576,1638,280962,124094880.0,OI1405
2013-11-29 11:19:00,7576,7578,7574,7578,1564,281304,118488640.0,OI1405
2013-11-29 11:20:00,7580,7580,7576,7580,2278,281270,172581280.0,OI1405
2013-11-29 11:21:00,7580,7580,7576,7576,2068,280880,156671680.0,OI1405
2013-11-29 11:22:00,7578,7582,7576,7582,1644,279942,124549440.0,OI1405
2013-11-29 11:23:00,7582,7582,7578,7580,1384,279672,104851840.0,OI1405
2013-11-29 11:24:00,7580,7580,7578,7580,900,279310,68184000.0,OI1405
2013-11-29 11:25:00,7580,7582,7578,7582,680,278998,51516800.0,OI1405
2013-11-29 11:26:00,7582,7582,7578,7578,772,278956,58486720.0,OI1405
2013-11-29 11:27:00,7578,7580,7576,7576,324,278848,24546240.0,OI1405
2013-11-29 11:28:00,7576,7578,7574,7576,1780,279290,134852800.0,OI1405
2013-11-29 11:29:00,7576,7578,7574,7574,1080,278868,81820800.0,OI1405
2013-11-29 13:30:00,7574,7580,7574,7578,620,278856,46971200.0,OI1405
2013-11-29 13:31:00,7578,7580,7574,7576,598,278646,45304480.0,OI1405
2013-11-29 13:32:00,7576,7576,7574,7574,326,278678,24697760.0,OI1405
2013-11-29 13:33:00,7574,7574,7572,7572,608,278736,46062080.0,OI1405
2013-11-29 13:34:00,7572,7574,7570,7570,894,278892,67729440.0,OI1405
2013-11-29 13:35:00,7570,7572,7568,7570,590,278808,44698400.0,OI1405
2013-11-29 13:36:00,7572,7574,7570,7570,320,278864,24243200.0,OI1405
2013-11-29 13:37:00,7570,7574,7570,7574,264,278822,20000640.0,OI1405
2013-11-29 13:38:00,7574,7574,7570,7572,224,278918,16970240.0,OI1405
2013-11-29 13:39:00,7572,7572,7572,7572,118,278942,8939680.0,OI1405
2013-11-29 13:40:00,7572,7572,7570,7572,148,278968,11212480.0,OI1405
2013-11-29 13:41:00,7572,7572,7570,7572,220,278970,16667200.0,OI1405
2013-11-29 13:42:00,7574,7574,7570,7570,398,279008,30152480.0,OI1405
2013-11-29 13:43:00,7572,7574,7570,7572,280,279074,21212800.0,OI1405
2013-11-29 13:44:00,7572,7574,7570,7572,122,279016,9242720.0,OI1405
2013-11-29 13:45:00,7572,7574,7572,7572,366,278968,27728160.0,OI1405
2013-11-29 13:46:00,7572,7574,7570,7574,198,278912,15000480.0,OI1405
2013-11-29 13:47:00,7572,7576,7572,7576,242,279042,18333920.0,OI1405
2013-11-29 13:48:00,7574,7576,7574,7574,434,279098,32879840.0,OI1405
2013-11-29 13:49:00,7574,7574,7574,7574,72,279114,5454720.0,OI1405
2013-11-29 13:50:00,7574,7576,7574,7574,374,279050,28334240.0,OI1405
2013-11-29 13:51:00,7574,7576,7574,7576,236,278982,17879360.0,OI1405
2013-11-29 13:52:00,7574,7578,7574,7576,214,279008,16212640.0,OI1405
2013-11-29 13:53:00,7578,7578,7576,7578,262,279012,19849120.0,OI1405
2013-11-29 13:54:00,7578,7580,7574,7574,654,279064,49547040.0,OI1405
2013-11-29 13:55:00,7574,7576,7574,7576,20,279068,1515200.0,OI1405
2013-11-29 13:56:00,7576,7576,7574,7574,346,279062,26212960.0,OI1405
2013-11-29 13:57:00,7576,7576,7574,7574,42,279058,3181920.0,OI1405
2013-11-29 13:58:00,7576,7578,7576,7576,636,278872,48183360.0,OI1405
2013-11-29 13:59:00,7578,7580,7578,7580,302,278930,22879520.0,OI1405
2013-11-29 14:00:00,7580,7586,7578,7584,4050,278404,306828000.0,OI1405
2013-11-29 14:01:00,7584,7586,7580,7580,948,278438,71820480.0,OI1405
2013-11-29 14:02:00,7580,7584,7580,7584,822,278254,62274720.0,OI1405
2013-11-29 14:03:00,7584,7588,7582,7588,1844,278530,139701440.0,OI1405
2013-11-29 14:04:00,7588,7592,7586,7588,3616,279156,273956680.0,OI1405
2013-11-29 14:05:00,7588,7594,7588,7592,2612,279542,197937360.0,OI1405
2013-11-29 14:06:00,7592,7594,7588,7590,2420,280138,183387600.0,OI1405
2013-11-29 14:07:00,7590,7600,7590,7598,4408,280194,334038240.0,OI1405
2013-11-29 14:08:00,7596,7602,7596,7600,3170,280468,240222600.0,OI1405
2013-11-29 14:09:00,7602,7604,7596,7598,3434,280370,260228520.0,OI1405
2013-11-29 14:10:00,7598,7600,7596,7598,1880,280328,142473440.0,OI1405
2013-11-29 14:11:00,7598,7598,7592,7594,1914,279892,145081200.0,OI1405
2013-11-29 14:12:00,7592,7596,7592,7596,1292,279840,97933600.0,OI1405
2013-11-29 14:13:00,7594,7600,7594,7598,1650,279830,125070000.0,OI1405
2013-11-29 14:14:00,7598,7604,7598,7604,2562,279952,194199600.0,OI1405
2013-11-29 14:15:00,7604,7608,7602,7606,3844,280412,291375200.0,OI1405
2013-11-29 14:16:00,7606,7608,7602,7602,3252,281160,246501600.0,OI1405
2013-11-29 14:17:00,7602,7602,7600,7600,2008,280624,152206400.0,OI1405
2013-11-29 14:18:00,7600,7602,7596,7596,1214,280530,92038200.0,OI1405
2013-11-29 14:19:00,7596,7600,7596,7598,1250,280642,94775000.0,OI1405
2013-11-29 14:20:00,7598,7600,7596,7598,730,280790,55348600.0,OI1405
2013-11-29 14:21:00,7596,7598,7594,7594,1124,280972,85221680.0,OI1405
2013-11-29 14:22:00,7594,7600,7594,7600,1118,280864,84766760.0,OI1405
2013-11-29 14:23:00,7600,7600,7598,7598,368,280836,27901760.0,OI1405
2013-11-29 14:24:00,7598,7598,7596,7598,680,280890,51557600.0,OI1405
2013-11-29 14:25:00,7596,7600,7596,7600,332,280888,25172240.0,OI1405
2013-11-29 14:26:00,7600,7602,7598,7600,642,281120,48676440.0,OI1405
2013-11-29 14:27:00,7600,7602,7598,7602,758,281178,57471560.0,OI1405
2013-11-29 14:28:00,7600,7606,7600,7604,1182,281552,89619240.0,OI1405
2013-11-29 14:29:00,7604,7606,7600,7602,1710,281674,129652200.0,OI1405
2013-11-29 14:30:00,7602,7606,7600,7606,860,281674,65205200.0,OI1405
2013-11-29 14:31:00,7606,7606,7602,7604,2084,282502,158008880.0,OI1405
2013-11-29 14:32:00,7602,7604,7598,7600,1104,282526,83705280.0,OI1405
2013-11-29 14:33:00,7600,7606,7600,7604,2070,281878,156947400.0,OI1405
2013-11-29 14:34:00,7604,7606,7600,7600,1162,281956,88102840.0,OI1405
2013-11-29 14:35:00,7602,7604,7600,7602,892,281742,67631440.0,OI1405
2013-11-29 14:36:00,7602,7604,7600,7600,658,281678,49889560.0,OI1405
2013-11-29 14:37:00,7602,7604,7600,7602,968,281958,73393760.0,OI1405
2013-11-29 14:38:00,7602,7606,7600,7606,856,281938,64905840.0,OI1405
2013-11-29 14:39:00,7604,7606,7602,7602,768,281892,58245120.0,OI1405
2013-11-29 14:40:00,7602,7610,7602,7608,2856,281412,216599040.0,OI1405
2013-11-29 14:41:00,7608,7608,7604,7606,1414,281988,107237760.0,OI1405
2013-11-29 14:42:00,7604,7606,7602,7604,794,281762,60216960.0,OI1405
2013-11-29 14:43:00,7604,7604,7598,7600,2132,281488,161690880.0,OI1405
2013-11-29 14:44:00,7598,7602,7598,7600,1498,281118,113608320.0,OI1405
2013-11-29 14:45:00,7600,7602,7596,7596,2274,281462,172460160.0,OI1405
2013-11-29 14:46:00,7598,7600,7596,7598,1500,281860,113760000.0,OI1405
2013-11-29 14:47:00,7598,7600,7596,7598,496,281824,37616640.0,OI1405
2013-11-29 14:48:00,7598,7600,7596,7598,500,281508,37920000.0,OI1405
2013-11-29 14:49:00,7598,7602,7598,7602,830,281424,62947200.0,OI1405
2013-11-29 14:50:00,7602,7604,7600,7602,558,281192,42318720.0,OI1405
2013-11-29 14:51:00,7602,7604,7600,7604,600,281102,45504000.0,OI1405
2013-11-29 14:52:00,7604,7606,7600,7606,1700,280922,128928000.0,OI1405
2013-11-29 14:53:00,7604,7606,7602,7604,1320,280982,100108800.0,OI1405
2013-11-29 14:54:00,7604,7606,7602,7604,1924,280698,145916160.0,OI1405
2013-11-29 14:55:00,7606,7606,7602,7604,1044,280498,79176960.0,OI1405
2013-11-29 14:56:00,7604,7606,7604,7604,1470,280108,111486240.0,OI1405
2013-11-29 14:57:00,7606,7606,7602,7604,1664,280312,126231040.0,OI1405
2013-11-29 14:58:00,7604,7606,7602,7604,3494,279292,265054840.0,OI1405
2013-11-29 14:59:00,7604,7608,7604,7606,2768,278376,209980480.0,OI1405
