datetime,open,high,low,close,volume,openInterest,amount,symbol
2014-06-03 09:00:00,7156,7160,7130,7136,2278,141720,162897000.0,OI1409
2014-06-03 09:01:00,7136,7146,7134,7142,1778,141784,126998720.0,OI1409
2014-06-03 09:02:00,7142,7152,7138,7148,1240,141550,88560800.0,OI1409
2014-06-03 09:03:00,7146,7148,7140,7142,424,141504,30282080.0,OI1409
2014-06-03 09:04:00,7140,7152,7140,7146,490,141420,34997440.0,OI1409
2014-06-03 09:05:00,7146,7156,7142,7152,596,141392,42578240.0,OI1409
2014-06-03 09:06:00,7156,7156,7146,7150,414,141356,29576160.0,OI1409
2014-06-03 09:07:00,7150,7166,7150,7164,674,141372,48153600.0,OI1409
2014-06-03 09:08:00,7162,7168,7162,7166,388,141240,27726480.0,OI1409
2014-06-03 09:09:00,7166,7166,7162,7162,206,141318,14720760.0,OI1409
2014-06-03 09:10:00,7162,7164,7160,7160,222,141334,15866400.0,OI1409
2014-06-03 09:11:00,7162,7162,7158,7158,256,141376,18298880.0,OI1409
2014-06-03 09:12:00,7156,7158,7146,7150,494,141422,35311120.0,OI1409
2014-06-03 09:13:00,7150,7154,7150,7154,178,141454,12723440.0,OI1409
2014-06-03 09:14:00,7152,7154,7150,7150,122,141470,8720560.0,OI1409
2014-06-03 09:15:00,7150,7154,7150,7152,66,141466,4717680.0,OI1409
2014-06-03 09:16:00,7154,7158,7152,7158,64,141472,4574720.0,OI1409
2014-06-03 09:17:00,7158,7158,7154,7154,72,141456,5146560.0,OI1409
2014-06-03 09:18:00,7154,7154,7152,7152,48,141468,3431040.0,OI1409
2014-06-03 09:19:00,7152,7156,7152,7156,86,141446,6147280.0,OI1409
2014-06-03 09:20:00,7154,7156,7152,7156,22,141434,1572560.0,OI1409
2014-06-03 09:21:00,7152,7154,7152,7152,78,141470,5575440.0,OI1409
2014-06-03 09:22:00,7152,7152,7150,7152,158,141570,11293840.0,OI1409
2014-06-03 09:23:00,7152,7152,7144,7146,376,141680,26876480.0,OI1409
2014-06-03 09:24:00,7148,7148,7138,7140,278,141828,19871440.0,OI1409
2014-06-03 09:25:00,7138,7144,7138,7144,672,142038,48034560.0,OI1409
2014-06-03 09:26:00,7142,7144,7142,7142,86,142040,6147280.0,OI1409
2014-06-03 09:27:00,7144,7144,7142,7142,260,141982,18584800.0,OI1409
2014-06-03 09:28:00,7142,7142,7140,7142,290,141742,20729200.0,OI1409
2014-06-03 09:29:00,7142,7142,7138,7138,378,141950,27019440.0,OI1409
2014-06-03 09:30:00,7138,7140,7136,7138,276,142050,19727480.0,OI1409
2014-06-03 09:31:00,7138,7140,7136,7140,86,142082,6145560.0,OI1409
2014-06-03 09:32:00,7138,7142,7138,7140,138,142132,9861480.0,OI1409
2014-06-03 09:33:00,7140,7144,7140,7142,146,142146,10433160.0,OI1409
2014-06-03 09:34:00,7144,7150,7144,7148,180,142118,12862800.0,OI1409
2014-06-03 09:35:00,7150,7150,7148,7150,60,142108,4287600.0,OI1409
2014-06-03 09:36:00,7146,7146,7146,7146,10,142102,714600.0,OI1409
2014-06-03 09:37:00,7146,7146,7144,7146,46,142112,3287160.0,OI1409
2014-06-03 09:38:00,7148,7150,7148,7148,30,142108,2143800.0,OI1409
2014-06-03 09:39:00,7150,7150,7146,7146,66,142112,4716360.0,OI1409
2014-06-03 09:40:00,7146,7148,7144,7146,32,142112,2286720.0,OI1409
2014-06-03 09:41:00,7148,7150,7146,7150,20,142106,1429200.0,OI1409
2014-06-03 09:42:00,7146,7146,7146,7146,2,142106,142920.0,OI1409
2014-06-03 09:43:00,7148,7148,7146,7146,10,142114,714600.0,OI1409
2014-06-03 09:44:00,7146,7148,7146,7148,44,142128,3144240.0,OI1409
2014-06-03 09:45:00,7148,7156,7148,7150,384,141852,27441960.0,OI1409
2014-06-03 09:46:00,7150,7150,7148,7148,16,141848,1143680.0,OI1409
2014-06-03 09:47:00,7148,7148,7148,7148,6,141850,428880.0,OI1409
2014-06-03 09:48:00,7148,7148,7146,7148,36,141860,2573280.0,OI1409
2014-06-03 09:49:00,7146,7146,7146,7146,16,141860,1143680.0,OI1409
2014-06-03 09:50:00,7146,7146,7146,7146,6,141860,428880.0,OI1409
2014-06-03 09:51:00,7146,7150,7146,7150,96,141892,6862080.0,OI1409
2014-06-03 09:52:00,7152,7152,7150,7150,28,141902,2001440.0,OI1409
2014-06-03 09:53:00,7150,7150,7146,7148,32,141892,2287360.0,OI1409
2014-06-03 09:54:00,7148,7148,7148,7148,94,141838,6719120.0,OI1409
2014-06-03 09:55:00,7148,7148,7146,7146,36,141840,2573280.0,OI1409
2014-06-03 09:56:00,7146,7146,7144,7144,122,141852,8720560.0,OI1409
2014-06-03 09:57:00,7144,7146,7144,7146,34,141858,2430320.0,OI1409
2014-06-03 09:58:00,7146,7152,7142,7150,302,141812,21586960.0,OI1409
2014-06-03 09:59:00,7148,7148,7148,7148,2,141812,142960.0,OI1409
2014-06-03 10:00:00,7146,7146,7140,7142,168,141828,12008640.0,OI1409
2014-06-03 10:01:00,7142,7142,7140,7142,110,141788,7860600.0,OI1409
2014-06-03 10:02:00,7140,7140,7132,7138,378,141886,27011880.0,OI1409
2014-06-03 10:03:00,7138,7138,7132,7134,332,142010,23724720.0,OI1409
2014-06-03 10:04:00,7136,7136,7134,7136,40,141992,2858400.0,OI1409
2014-06-03 10:05:00,7136,7136,7134,7134,126,141972,9003960.0,OI1409
2014-06-03 10:06:00,7134,7140,7134,7136,404,142214,28869840.0,OI1409
2014-06-03 10:07:00,7136,7140,7136,7140,110,142246,7860600.0,OI1409
2014-06-03 10:08:00,7138,7140,7136,7136,16,142248,1143360.0,OI1409
2014-06-03 10:09:00,7138,7140,7138,7140,98,142254,7003080.0,OI1409
2014-06-03 10:10:00,7142,7144,7142,7142,146,142238,10433160.0,OI1409
2014-06-03 10:11:00,7142,7142,7142,7142,14,142240,1000440.0,OI1409
2014-06-03 10:12:00,7144,7144,7142,7142,116,142258,8289360.0,OI1409
2014-06-03 10:13:00,7144,7144,7142,7142,102,142220,7288920.0,OI1409
2014-06-03 10:14:00,7142,7150,7142,7144,104,142188,7431840.0,OI1409
2014-06-03 10:30:00,7144,7144,7142,7142,44,142174,3144240.0,OI1409
2014-06-03 10:31:00,7144,7146,7144,7144,56,142156,4001760.0,OI1409
2014-06-03 10:32:00,7142,7142,7142,7142,14,142142,1000440.0,OI1409
2014-06-03 10:33:00,7142,7142,7140,7140,154,142148,11004840.0,OI1409
2014-06-03 10:34:00,7140,7140,7140,7140,10,142146,714600.0,OI1409
2014-06-03 10:35:00,7140,7140,7140,7140,24,142142,1715040.0,OI1409
2014-06-03 10:36:00,7140,7140,7138,7138,84,142144,6002640.0,OI1409
2014-06-03 10:37:00,7136,7138,7134,7136,98,142166,7003080.0,OI1409
2014-06-03 10:38:00,7138,7140,7136,7140,242,142080,17293320.0,OI1409
2014-06-03 10:39:00,7140,7148,7140,7144,274,142130,19580040.0,OI1409
2014-06-03 10:40:00,7144,7146,7142,7142,80,142140,5716800.0,OI1409
2014-06-03 10:41:00,7142,7144,7142,7142,40,142166,2858400.0,OI1409
2014-06-03 10:42:00,7144,7144,7144,7144,10,142170,714600.0,OI1409
2014-06-03 10:44:00,7144,7144,7142,7142,22,142172,1572120.0,OI1409
2014-06-03 10:45:00,7142,7142,7142,7142,12,142166,857520.0,OI1409
2014-06-03 10:46:00,7142,7142,7142,7142,4,142162,285840.0,OI1409
2014-06-03 10:48:00,7144,7144,7142,7144,74,142138,5288040.0,OI1409
2014-06-03 10:49:00,7144,7144,7142,7142,112,142050,8003520.0,OI1409
2014-06-03 10:50:00,7140,7144,7140,7142,72,142060,5145120.0,OI1409
2014-06-03 10:51:00,7142,7142,7140,7140,52,142070,3715920.0,OI1409
2014-06-03 10:52:00,7140,7140,7140,7140,12,142082,857520.0,OI1409
2014-06-03 10:53:00,7140,7140,7138,7140,56,142120,4001760.0,OI1409
2014-06-03 10:54:00,7140,7148,7140,7148,248,142284,17722080.0,OI1409
2014-06-03 10:55:00,7148,7166,7148,7166,1316,142890,94041360.0,OI1409
2014-06-03 10:56:00,7164,7166,7152,7160,684,143390,48878640.0,OI1409
2014-06-03 10:57:00,7160,7160,7156,7158,196,143376,14006160.0,OI1409
2014-06-03 10:58:00,7158,7160,7156,7160,260,143274,18582720.0,OI1409
2014-06-03 10:59:00,7160,7168,7160,7164,250,143314,17870000.0,OI1409
2014-06-03 11:00:00,7162,7164,7160,7162,318,143392,22730640.0,OI1409
2014-06-03 11:01:00,7162,7162,7160,7162,186,143302,13295280.0,OI1409
2014-06-03 11:02:00,7162,7162,7158,7158,38,143302,2716240.0,OI1409
2014-06-03 11:03:00,7158,7158,7156,7156,90,143328,6433200.0,OI1409
2014-06-03 11:04:00,7154,7158,7154,7156,68,143320,4860640.0,OI1409
2014-06-03 11:05:00,7158,7160,7156,7156,54,143292,3859920.0,OI1409
2014-06-03 11:06:00,7158,7158,7158,7158,6,143296,428880.0,OI1409
2014-06-03 11:07:00,7156,7160,7156,7160,58,143276,4145840.0,OI1409
2014-06-03 11:08:00,7160,7160,7160,7160,12,143278,857760.0,OI1409
2014-06-03 11:09:00,7160,7160,7156,7156,62,143262,4431760.0,OI1409
2014-06-03 11:10:00,7156,7158,7154,7158,16,143262,1143680.0,OI1409
2014-06-03 11:11:00,7158,7158,7156,7158,124,143366,8863520.0,OI1409
2014-06-03 11:12:00,7158,7160,7156,7158,80,143376,5718400.0,OI1409
2014-06-03 11:13:00,7156,7156,7156,7156,8,143374,571840.0,OI1409
2014-06-03 11:14:00,7156,7156,7154,7154,32,143360,2287360.0,OI1409
2014-06-03 11:15:00,7154,7156,7152,7156,28,143352,2001440.0,OI1409
2014-06-03 11:16:00,7156,7156,7156,7156,4,143356,285920.0,OI1409
2014-06-03 11:17:00,7154,7156,7154,7156,4,143356,285920.0,OI1409
2014-06-03 11:18:00,7154,7156,7154,7154,34,143358,2430320.0,OI1409
2014-06-03 11:19:00,7154,7154,7154,7154,16,143356,1143680.0,OI1409
2014-06-03 11:20:00,7152,7154,7150,7152,130,143384,9292400.0,OI1409
2014-06-03 11:21:00,7150,7152,7150,7150,8,143380,571840.0,OI1409
2014-06-03 11:22:00,7152,7152,7150,7150,4,143378,285920.0,OI1409
2014-06-03 11:23:00,7152,7152,7150,7152,30,143362,2144400.0,OI1409
2014-06-03 11:24:00,7152,7154,7152,7154,32,143356,2287360.0,OI1409
2014-06-03 11:25:00,7154,7154,7154,7154,30,143336,2144400.0,OI1409
2014-06-03 11:26:00,7152,7154,7152,7154,24,143336,1715520.0,OI1409
2014-06-03 11:27:00,7154,7154,7152,7154,96,143280,6862080.0,OI1409
2014-06-03 11:28:00,7154,7158,7150,7154,92,143288,6576160.0,OI1409
2014-06-03 11:29:00,7154,7158,7150,7156,234,143202,16726320.0,OI1409
2014-06-03 13:30:00,7160,7164,7156,7158,438,143194,31308240.0,OI1409
2014-06-03 13:31:00,7156,7156,7152,7154,146,143222,10436080.0,OI1409
2014-06-03 13:32:00,7152,7152,7148,7150,224,143148,16011520.0,OI1409
2014-06-03 13:33:00,7152,7152,7148,7148,130,143112,9292400.0,OI1409
2014-06-03 13:34:00,7150,7150,7148,7148,118,143086,8434640.0,OI1409
2014-06-03 13:35:00,7148,7150,7148,7150,14,143094,1000720.0,OI1409
2014-06-03 13:36:00,7148,7150,7148,7148,22,143090,1572560.0,OI1409
2014-06-03 13:37:00,7150,7150,7146,7146,100,143082,7148000.0,OI1409
2014-06-03 13:38:00,7146,7148,7146,7146,78,143066,5575440.0,OI1409
2014-06-03 13:39:00,7144,7146,7144,7146,68,143044,4860640.0,OI1409
2014-06-03 13:40:00,7146,7146,7146,7146,32,143044,2287360.0,OI1409
2014-06-03 13:41:00,7148,7154,7148,7154,118,143000,8434640.0,OI1409
2014-06-03 13:42:00,7154,7154,7150,7154,46,142966,3288080.0,OI1409
2014-06-03 13:43:00,7154,7154,7154,7154,60,142944,4288800.0,OI1409
2014-06-03 13:44:00,7154,7154,7152,7154,10,142950,714800.0,OI1409
2014-06-03 13:45:00,7154,7154,7154,7154,34,142950,2430320.0,OI1409
2014-06-03 13:46:00,7154,7154,7152,7152,46,142954,3288080.0,OI1409
2014-06-03 13:47:00,7152,7152,7150,7150,22,142936,1572560.0,OI1409
2014-06-03 13:48:00,7148,7150,7148,7148,52,142934,3716960.0,OI1409
2014-06-03 13:49:00,7148,7148,7148,7148,48,142940,3431040.0,OI1409
2014-06-03 13:50:00,7148,7148,7148,7148,86,142942,6147280.0,OI1409
2014-06-03 13:51:00,7148,7150,7148,7150,74,142934,5289520.0,OI1409
2014-06-03 13:52:00,7150,7150,7150,7150,2,142932,142960.0,OI1409
2014-06-03 13:53:00,7150,7150,7150,7150,86,142892,6147280.0,OI1409
2014-06-03 13:54:00,7152,7160,7152,7160,502,143122,35882960.0,OI1409
2014-06-03 13:55:00,7162,7162,7152,7152,124,143078,8863520.0,OI1409
2014-06-03 13:56:00,7150,7152,7150,7152,40,143068,2859200.0,OI1409
2014-06-03 13:57:00,7152,7152,7148,7150,158,142934,11293840.0,OI1409
2014-06-03 13:58:00,7148,7150,7148,7148,154,142790,11007920.0,OI1409
2014-06-03 13:59:00,7148,7148,7146,7146,394,142586,28163120.0,OI1409
2014-06-03 14:00:00,7146,7148,7146,7148,300,142450,21444000.0,OI1409
2014-06-03 14:01:00,7146,7148,7146,7148,38,142442,2716240.0,OI1409
2014-06-03 14:03:00,7148,7148,7146,7146,104,142454,7433920.0,OI1409
2014-06-03 14:04:00,7148,7148,7144,7146,128,142374,9149440.0,OI1409
2014-06-03 14:05:00,7144,7146,7144,7144,20,142370,1429600.0,OI1409
2014-06-03 14:06:00,7144,7144,7144,7144,8,142370,571840.0,OI1409
2014-06-03 14:07:00,7146,7146,7144,7146,16,142380,1143680.0,OI1409
2014-06-03 14:08:00,7144,7146,7144,7146,114,142366,8148720.0,OI1409
2014-06-03 14:09:00,7146,7146,7146,7146,2,142366,142960.0,OI1409
2014-06-03 14:10:00,7148,7150,7148,7150,66,142354,4717680.0,OI1409
2014-06-03 14:11:00,7148,7148,7146,7148,28,142364,2001440.0,OI1409
2014-06-03 14:12:00,7146,7148,7146,7148,6,142360,428880.0,OI1409
2014-06-03 14:13:00,7148,7148,7148,7148,34,142328,2430320.0,OI1409
2014-06-03 14:14:00,7150,7152,7150,7152,76,142326,5432480.0,OI1409
2014-06-03 14:15:00,7150,7150,7150,7150,8,142324,571840.0,OI1409
2014-06-03 14:16:00,7152,7152,7150,7152,58,142358,4145840.0,OI1409
2014-06-03 14:17:00,7152,7152,7150,7150,14,142356,1000720.0,OI1409
2014-06-03 14:18:00,7152,7152,7152,7152,198,142228,14153040.0,OI1409
2014-06-03 14:19:00,7150,7150,7148,7148,180,142206,12866400.0,OI1409
2014-06-03 14:20:00,7148,7148,7148,7148,16,142216,1143680.0,OI1409
2014-06-03 14:21:00,7148,7150,7148,7150,42,142248,3002160.0,OI1409
2014-06-03 14:22:00,7148,7148,7146,7146,38,142230,2716240.0,OI1409
2014-06-03 14:23:00,7146,7146,7146,7146,74,142216,5289520.0,OI1409
2014-06-03 14:24:00,7144,7144,7144,7144,40,142256,2859200.0,OI1409
2014-06-03 14:25:00,7144,7146,7144,7146,22,142272,1572560.0,OI1409
2014-06-03 14:26:00,7144,7144,7144,7144,4,142274,285920.0,OI1409
2014-06-03 14:27:00,7146,7146,7140,7140,200,142390,14296000.0,OI1409
2014-06-03 14:28:00,7140,7142,7140,7142,208,142366,14867840.0,OI1409
2014-06-03 14:29:00,7142,7142,7138,7138,216,142268,15439680.0,OI1409
2014-06-03 14:30:00,7138,7142,7138,7140,180,142260,12866400.0,OI1409
2014-06-03 14:31:00,7138,7140,7138,7140,84,142222,6004320.0,OI1409
2014-06-03 14:32:00,7138,7140,7138,7140,4,142220,285920.0,OI1409
2014-06-03 14:33:00,7140,7140,7138,7140,26,142222,1858480.0,OI1409
2014-06-03 14:34:00,7140,7140,7138,7138,10,142222,714800.0,OI1409
2014-06-03 14:35:00,7140,7140,7138,7138,28,142212,2001440.0,OI1409
2014-06-03 14:36:00,7140,7140,7138,7140,108,142284,7719840.0,OI1409
2014-06-03 14:37:00,7140,7142,7138,7138,258,142250,18441840.0,OI1409
2014-06-03 14:38:00,7138,7138,7136,7136,156,142240,11150880.0,OI1409
2014-06-03 14:39:00,7136,7138,7136,7136,110,142260,7862800.0,OI1409
2014-06-03 14:40:00,7136,7138,7136,7136,152,142184,10864960.0,OI1409
2014-06-03 14:41:00,7136,7138,7136,7138,12,142190,857760.0,OI1409
2014-06-03 14:42:00,7136,7136,7136,7136,48,142164,3431040.0,OI1409
2014-06-03 14:43:00,7136,7136,7132,7132,202,142240,14438960.0,OI1409
2014-06-03 14:44:00,7132,7134,7132,7132,66,142250,4717680.0,OI1409
2014-06-03 14:45:00,7132,7136,7132,7136,188,142298,13438240.0,OI1409
2014-06-03 14:46:00,7134,7138,7134,7136,66,142302,4717680.0,OI1409
2014-06-03 14:47:00,7136,7138,7136,7138,130,142300,9292400.0,OI1409
2014-06-03 14:48:00,7136,7138,7136,7136,30,142304,2144400.0,OI1409
2014-06-03 14:49:00,7136,7138,7136,7138,36,142290,2573280.0,OI1409
2014-06-03 14:50:00,7138,7138,7136,7136,86,142324,6147280.0,OI1409
2014-06-03 14:51:00,7136,7136,7134,7134,108,142360,7719840.0,OI1409
2014-06-03 14:52:00,7134,7136,7132,7136,246,142272,17584080.0,OI1409
2014-06-03 14:53:00,7136,7136,7134,7134,190,142276,13581200.0,OI1409
2014-06-03 14:54:00,7134,7134,7132,7134,234,142246,16726320.0,OI1409
2014-06-03 14:55:00,7134,7136,7130,7130,354,142060,25303920.0,OI1409
2014-06-03 14:56:00,7132,7134,7130,7134,250,142024,17870000.0,OI1409
2014-06-03 14:57:00,7132,7134,7132,7132,202,142108,14438960.0,OI1409
2014-06-03 14:58:00,7132,7136,7132,7136,492,142250,35162960.0,OI1409
2014-06-03 14:59:00,7136,7138,7130,7130,452,142214,32299920.0,OI1409
2014-06-04 09:00:00,7108,7116,7090,7114,1772,142724,125897280.0,OI1409
2014-06-04 09:01:00,7116,7118,7112,7114,268,142764,19040600.0,OI1409
2014-06-04 09:02:00,7114,7116,7112,7112,400,142838,28424000.0,OI1409
2014-06-04 09:03:00,7114,7114,7100,7100,558,142872,39662640.0,OI1409
2014-06-04 09:04:00,7100,7114,7100,7112,824,143228,58563240.0,OI1409
2014-06-04 09:05:00,7112,7130,7106,7126,1270,143350,90286920.0,OI1409
2014-06-04 09:06:00,7126,7130,7124,7124,452,143426,32146240.0,OI1409
2014-06-04 09:07:00,7124,7146,7124,7138,1232,143008,87652640.0,OI1409
2014-06-04 09:08:00,7140,7140,7132,7134,458,142952,32600440.0,OI1409
2014-06-04 09:09:00,7134,7138,7134,7136,378,142872,26909280.0,OI1409
2014-06-04 09:10:00,7136,7140,7132,7134,370,142794,26344000.0,OI1409
2014-06-04 09:11:00,7134,7134,7124,7124,200,142812,14240000.0,OI1409
2014-06-04 09:12:00,7126,7130,7126,7126,162,142860,11534400.0,OI1409
2014-06-04 09:13:00,7126,7128,7126,7128,168,142968,11961600.0,OI1409
2014-06-04 09:14:00,7126,7128,7126,7126,140,142996,9968000.0,OI1409
2014-06-04 09:15:00,7124,7128,7122,7122,154,143034,10964800.0,OI1409
2014-06-04 09:16:00,7124,7128,7112,7118,618,143062,44001600.0,OI1409
2014-06-04 09:17:00,7116,7120,7116,7120,384,143212,27340800.0,OI1409
2014-06-04 09:18:00,7120,7122,7118,7118,122,143192,8686400.0,OI1409
2014-06-04 09:19:00,7118,7120,7116,7116,382,143038,27198400.0,OI1409
2014-06-04 09:20:00,7118,7122,7118,7122,436,143304,31043200.0,OI1409
2014-06-04 09:21:00,7120,7130,7120,7130,294,143254,20932800.0,OI1409
2014-06-04 09:22:00,7130,7132,7126,7130,134,143300,9540800.0,OI1409
2014-06-04 09:23:00,7130,7130,7126,7128,112,143378,7974400.0,OI1409
2014-06-04 09:24:00,7128,7132,7128,7132,66,143404,4699200.0,OI1409
2014-06-04 09:25:00,7132,7138,7130,7138,220,143410,15665400.0,OI1409
2014-06-04 09:26:00,7136,7136,7132,7132,416,143480,29627520.0,OI1409
2014-06-04 09:27:00,7132,7138,7132,7134,656,143506,46720320.0,OI1409
2014-06-04 09:28:00,7134,7136,7128,7130,282,143554,20084040.0,OI1409
2014-06-04 09:29:00,7130,7130,7124,7128,94,143576,6694680.0,OI1409
2014-06-04 09:30:00,7128,7128,7124,7126,96,143550,6837120.0,OI1409
2014-06-04 09:31:00,7126,7126,7120,7122,106,143620,7549320.0,OI1409
2014-06-04 09:32:00,7122,7124,7120,7120,116,143682,8261520.0,OI1409
2014-06-04 09:33:00,7122,7128,7122,7128,168,143768,11964960.0,OI1409
2014-06-04 09:34:00,7124,7124,7122,7122,56,143770,3988320.0,OI1409
2014-06-04 09:35:00,7122,7128,7122,7128,24,143768,1709280.0,OI1409
2014-06-04 09:36:00,7128,7130,7126,7128,64,143784,4558080.0,OI1409
2014-06-04 09:37:00,7128,7128,7128,7128,20,143778,1424400.0,OI1409
2014-06-04 09:38:00,7126,7128,7126,7126,10,143780,712200.0,OI1409
2014-06-04 09:39:00,7128,7132,7128,7128,92,143760,6552240.0,OI1409
2014-06-04 09:40:00,7128,7130,7128,7130,56,143756,3988320.0,OI1409
2014-06-04 09:41:00,7128,7130,7128,7128,36,143784,2563920.0,OI1409
2014-06-04 09:42:00,7128,7128,7126,7126,74,143782,5270280.0,OI1409
2014-06-04 09:43:00,7128,7128,7126,7126,18,143778,1281960.0,OI1409
2014-06-04 09:44:00,7128,7128,7128,7128,6,143778,427320.0,OI1409
2014-06-04 09:45:00,7128,7128,7126,7126,12,143780,854640.0,OI1409
2014-06-04 09:46:00,7126,7128,7126,7126,60,143786,4273200.0,OI1409
2014-06-04 09:47:00,7128,7130,7126,7126,28,143772,1994160.0,OI1409
2014-06-04 09:48:00,7126,7126,7124,7124,32,143768,2279040.0,OI1409
2014-06-04 09:49:00,7124,7126,7124,7126,24,143774,1709280.0,OI1409
2014-06-04 09:50:00,7124,7126,7124,7124,50,143792,3561000.0,OI1409
2014-06-04 09:51:00,7126,7128,7124,7126,68,143786,4842960.0,OI1409
2014-06-04 09:52:00,7126,7128,7126,7128,90,143776,6409800.0,OI1409
2014-06-04 09:53:00,7126,7128,7126,7128,34,143770,2421480.0,OI1409
2014-06-04 09:54:00,7128,7128,7128,7128,16,143784,1139520.0,OI1409
2014-06-04 09:55:00,7128,7130,7128,7130,68,143830,4842960.0,OI1409
2014-06-04 09:56:00,7130,7132,7130,7132,32,143830,2279040.0,OI1409
2014-06-04 09:57:00,7132,7132,7130,7130,58,143854,4130760.0,OI1409
2014-06-04 09:58:00,7130,7132,7130,7132,106,143802,7551400.0,OI1409
2014-06-04 09:59:00,7128,7134,7128,7130,136,143720,9688640.0,OI1409
2014-06-04 10:00:00,7130,7130,7128,7130,24,143712,1709760.0,OI1409
2014-06-04 10:01:00,7130,7130,7130,7130,6,143714,427440.0,OI1409
2014-06-04 10:02:00,7130,7132,7130,7132,22,143722,1567280.0,OI1409
2014-06-04 10:03:00,7132,7132,7130,7132,10,143722,712400.0,OI1409
2014-06-04 10:04:00,7132,7132,7128,7128,62,143740,4416880.0,OI1409
2014-06-04 10:05:00,7126,7128,7126,7128,24,143732,1709760.0,OI1409
2014-06-04 10:06:00,7126,7126,7124,7124,80,143688,5699200.0,OI1409
2014-06-04 10:07:00,7124,7126,7124,7126,86,143680,6126640.0,OI1409
2014-06-04 10:08:00,7126,7128,7126,7128,30,143708,2137200.0,OI1409
2014-06-04 10:09:00,7126,7128,7124,7126,48,143712,3419520.0,OI1409
2014-06-04 10:10:00,7124,7126,7124,7124,22,143706,1567280.0,OI1409
2014-06-04 10:11:00,7124,7126,7124,7126,8,143698,569920.0,OI1409
2014-06-04 10:12:00,7126,7126,7124,7124,12,143698,854880.0,OI1409
2014-06-04 10:13:00,7124,7126,7120,7122,162,143688,11540880.0,OI1409
2014-06-04 10:14:00,7122,7122,7120,7120,146,143670,10401040.0,OI1409
2014-06-04 10:30:00,7120,7124,7120,7124,74,143676,5271760.0,OI1409
2014-06-04 10:31:00,7122,7126,7122,7124,30,143688,2137200.0,OI1409
2014-06-04 10:32:00,7126,7128,7126,7128,80,143704,5699200.0,OI1409
2014-06-04 10:33:00,7128,7128,7126,7128,76,143726,5414240.0,OI1409
2014-06-04 10:34:00,7126,7126,7126,7126,58,143762,4131920.0,OI1409
2014-06-04 10:35:00,7124,7126,7124,7126,28,143774,1994720.0,OI1409
2014-06-04 10:36:00,7126,7128,7126,7126,80,143810,5699200.0,OI1409
2014-06-04 10:37:00,7126,7126,7126,7126,16,143806,1139840.0,OI1409
2014-06-04 10:38:00,7126,7126,7122,7122,94,143808,6696560.0,OI1409
2014-06-04 10:39:00,7122,7122,7118,7118,160,143896,11398400.0,OI1409
2014-06-04 10:40:00,7120,7120,7118,7118,62,143940,4416880.0,OI1409
2014-06-04 10:41:00,7118,7118,7116,7118,124,143980,8833760.0,OI1409
2014-06-04 10:42:00,7118,7118,7116,7118,58,143940,4131920.0,OI1409
2014-06-04 10:43:00,7116,7116,7110,7112,406,144080,28922200.0,OI1409
2014-06-04 10:44:00,7112,7114,7112,7114,186,144100,13246920.0,OI1409
2014-06-04 10:45:00,7114,7116,7114,7116,24,144104,1709280.0,OI1409
2014-06-04 10:46:00,7114,7118,7114,7116,36,144118,2563920.0,OI1409
2014-06-04 10:47:00,7116,7116,7114,7116,16,144122,1139520.0,OI1409
2014-06-04 10:48:00,7114,7116,7114,7114,62,144162,4415640.0,OI1409
2014-06-04 10:49:00,7114,7114,7114,7114,12,144168,854640.0,OI1409
2014-06-04 10:50:00,7114,7114,7114,7114,4,144168,284880.0,OI1409
2014-06-04 10:51:00,7116,7116,7112,7114,40,144184,2848800.0,OI1409
2014-06-04 10:52:00,7114,7114,7112,7114,22,144186,1566840.0,OI1409
2014-06-04 10:53:00,7114,7114,7114,7114,12,144188,854640.0,OI1409
2014-06-04 10:54:00,7114,7114,7112,7112,28,144192,1994160.0,OI1409
2014-06-04 10:55:00,7112,7112,7112,7112,2,144194,142440.0,OI1409
2014-06-04 10:56:00,7112,7112,7112,7112,2,144196,142440.0,OI1409
2014-06-04 10:57:00,7112,7112,7102,7102,364,144216,25924080.0,OI1409
2014-06-04 10:58:00,7102,7104,7080,7080,1282,144308,91297720.0,OI1409
2014-06-04 10:59:00,7082,7090,7082,7082,1104,144336,78599360.0,OI1409
2014-06-04 11:00:00,7086,7086,7054,7074,3982,146180,283272040.0,OI1409
2014-06-04 11:01:00,7074,7078,7070,7074,1258,146560,89438600.0,OI1409
2014-06-04 11:02:00,7076,7076,7068,7076,1738,146512,123525480.0,OI1409
2014-06-04 11:03:00,7074,7076,7074,7074,658,146270,46757480.0,OI1409
2014-06-04 11:04:00,7076,7078,7074,7076,466,146396,33113960.0,OI1409
2014-06-04 11:05:00,7076,7076,7074,7076,190,146462,13499880.0,OI1409
2014-06-04 11:06:00,7076,7080,7074,7078,530,146636,37651200.0,OI1409
2014-06-04 11:07:00,7078,7082,7078,7080,492,146840,34951680.0,OI1409
2014-06-04 11:08:00,7080,7080,7076,7080,230,146936,16339200.0,OI1409
2014-06-04 11:09:00,7078,7082,7078,7080,388,146912,27563520.0,OI1409
2014-06-04 11:10:00,7080,7080,7078,7080,142,146990,10087680.0,OI1409
2014-06-04 11:11:00,7080,7080,7074,7074,446,147170,31683840.0,OI1409
2014-06-04 11:12:00,7074,7076,7070,7070,376,147308,26704200.0,OI1409
2014-06-04 11:13:00,7072,7074,7066,7068,532,147366,37782640.0,OI1409
2014-06-04 11:14:00,7068,7070,7068,7070,202,147386,14346040.0,OI1409
2014-06-04 11:15:00,7070,7070,7046,7048,2452,148250,174092400.0,OI1409
2014-06-04 11:16:00,7048,7062,7048,7060,1144,148450,81201120.0,OI1409
2014-06-04 11:17:00,7064,7066,7060,7066,386,148434,27395960.0,OI1409
2014-06-04 11:18:00,7068,7070,7062,7064,628,148740,44562880.0,OI1409
2014-06-04 11:19:00,7064,7064,7058,7062,390,148766,27674400.0,OI1409
2014-06-04 11:20:00,7062,7062,7060,7062,330,148800,23416800.0,OI1409
2014-06-04 11:21:00,7064,7068,7062,7064,244,148888,17314240.0,OI1409
2014-06-04 11:22:00,7064,7066,7064,7064,126,148874,8940960.0,OI1409
2014-06-04 11:23:00,7068,7068,7064,7064,234,148904,16604640.0,OI1409
2014-06-04 11:24:00,7064,7078,7064,7072,542,148808,38456440.0,OI1409
2014-06-04 11:25:00,7072,7072,7066,7068,138,148742,9789720.0,OI1409
2014-06-04 11:26:00,7070,7072,7068,7070,130,148770,9222200.0,OI1409
2014-06-04 11:27:00,7070,7070,7066,7066,116,148778,8229040.0,OI1409
2014-06-04 11:28:00,7066,7066,7062,7064,326,148938,23126440.0,OI1409
2014-06-04 11:29:00,7062,7066,7062,7062,272,148958,19295680.0,OI1409
2014-06-04 13:30:00,7062,7064,7054,7058,1366,148814,96904040.0,OI1409
2014-06-04 13:31:00,7056,7056,7052,7052,476,148826,33758280.0,OI1409
2014-06-04 13:32:00,7052,7054,7042,7042,578,148872,40991760.0,OI1409
2014-06-04 13:33:00,7044,7048,7042,7046,536,148932,38013120.0,OI1409
2014-06-04 13:34:00,7046,7046,7034,7036,1188,149280,84235920.0,OI1409
2014-06-04 13:35:00,7036,7044,7032,7040,900,149396,63808760.0,OI1409
2014-06-04 13:36:00,7038,7040,7026,7032,1548,149618,109722240.0,OI1409
2014-06-04 13:37:00,7032,7034,7028,7030,2030,148688,143838160.0,OI1409
2014-06-04 13:38:00,7032,7034,7030,7034,904,148372,64039360.0,OI1409
2014-06-04 13:39:00,7034,7036,7032,7034,1078,148388,76357680.0,OI1409
2014-06-04 13:40:00,7034,7042,7034,7042,1160,147908,82151200.0,OI1409
2014-06-04 13:41:00,7042,7044,7038,7038,1518,147818,107493160.0,OI1409
2014-06-04 13:42:00,7040,7042,7038,7040,290,147752,20532000.0,OI1409
2014-06-04 13:43:00,7040,7042,7038,7038,240,147694,16992000.0,OI1409
2014-06-04 13:44:00,7040,7040,7038,7040,136,147662,9628800.0,OI1409
2014-06-04 13:45:00,7038,7042,7038,7042,168,147694,11894400.0,OI1409
2014-06-04 13:46:00,7040,7044,7040,7042,328,147616,23222400.0,OI1409
2014-06-04 13:47:00,7042,7044,7042,7042,812,147554,57489600.0,OI1409
2014-06-04 13:48:00,7044,7044,7040,7042,344,147546,24354360.0,OI1409
2014-06-04 13:49:00,7040,7042,7038,7040,362,147418,25622360.0,OI1409
2014-06-04 13:50:00,7038,7040,7038,7040,404,147466,28595120.0,OI1409
2014-06-04 13:51:00,7040,7040,7038,7038,304,147490,21517120.0,OI1409
2014-06-04 13:52:00,7038,7038,7034,7036,450,147218,31851000.0,OI1409
2014-06-04 13:53:00,7036,7038,7034,7036,256,147304,18119680.0,OI1409
2014-06-04 13:54:00,7036,7038,7036,7038,106,147376,7502680.0,OI1409
2014-06-04 13:55:00,7040,7040,7036,7038,138,147374,9767640.0,OI1409
2014-06-04 13:56:00,7038,7040,7038,7038,246,147378,17411880.0,OI1409
2014-06-04 13:57:00,7040,7040,7034,7036,266,147526,18827480.0,OI1409
2014-06-04 13:58:00,7036,7038,7036,7036,50,147512,3539000.0,OI1409
2014-06-04 13:59:00,7036,7036,7034,7036,224,147544,15854440.0,OI1409
2014-06-04 14:00:00,7034,7036,7034,7036,244,147512,17265440.0,OI1409
2014-06-04 14:01:00,7036,7036,7036,7036,134,147448,9481840.0,OI1409
2014-06-04 14:02:00,7036,7038,7034,7036,90,147454,6368400.0,OI1409
2014-06-04 14:03:00,7038,7038,7036,7038,42,147460,2971920.0,OI1409
2014-06-04 14:04:00,7038,7044,7038,7042,404,147464,28587040.0,OI1409
2014-06-04 14:05:00,7042,7044,7040,7042,156,147388,11038560.0,OI1409
2014-06-04 14:06:00,7042,7042,7038,7040,316,147430,22360160.0,OI1409
2014-06-04 14:07:00,7040,7040,7038,7038,128,147454,9057280.0,OI1409
2014-06-04 14:08:00,7038,7040,7038,7038,148,147540,10472480.0,OI1409
2014-06-04 14:09:00,7040,7040,7036,7036,166,147530,11746160.0,OI1409
2014-06-04 14:10:00,7036,7040,7036,7038,64,147562,4528640.0,OI1409
2014-06-04 14:11:00,7038,7038,7036,7036,122,147514,8632720.0,OI1409
2014-06-04 14:12:00,7036,7040,7036,7038,118,147482,8349680.0,OI1409
2014-06-04 14:13:00,7038,7040,7038,7040,34,147480,2405840.0,OI1409
2014-06-04 14:14:00,7040,7040,7038,7040,24,147470,1698240.0,OI1409
2014-06-04 14:15:00,7040,7040,7038,7040,102,147436,7217520.0,OI1409
2014-06-04 14:16:00,7040,7040,7038,7040,94,147414,6651440.0,OI1409
2014-06-04 14:17:00,7040,7042,7040,7042,696,147392,49248960.0,OI1409
2014-06-04 14:18:00,7042,7048,7042,7046,558,147140,39472960.0,OI1409
2014-06-04 14:19:00,7046,7046,7042,7046,254,147172,17967960.0,OI1409
2014-06-04 14:20:00,7046,7046,7044,7046,712,146662,50366880.0,OI1409
2014-06-04 14:21:00,7044,7048,7044,7046,482,146372,34096680.0,OI1409
2014-06-04 14:22:00,7046,7050,7046,7048,706,145868,49942440.0,OI1409
2014-06-04 14:23:00,7048,7050,7048,7050,260,145744,18392400.0,OI1409
2014-06-04 14:24:00,7050,7050,7048,7050,436,145752,30842640.0,OI1409
2014-06-04 14:25:00,7048,7050,7048,7048,124,145648,8771760.0,OI1409
2014-06-04 14:26:00,7050,7050,7048,7050,240,145548,16977600.0,OI1409
2014-06-04 14:27:00,7048,7050,7048,7048,300,145606,21222000.0,OI1409
2014-06-04 14:28:00,7048,7048,7046,7046,148,145506,10469520.0,OI1409
2014-06-04 14:29:00,7046,7048,7046,7048,140,145520,9903600.0,OI1409
2014-06-04 14:30:00,7048,7048,7044,7044,148,145588,10469520.0,OI1409
2014-06-04 14:31:00,7044,7044,7042,7044,120,145600,8488800.0,OI1409
2014-06-04 14:32:00,7044,7044,7042,7042,116,145624,8205840.0,OI1409
2014-06-04 14:33:00,7042,7044,7040,7042,288,145640,20370440.0,OI1409
2014-06-04 14:34:00,7040,7044,7040,7042,212,145662,14992640.0,OI1409
2014-06-04 14:35:00,7042,7042,7040,7040,138,145660,9759360.0,OI1409
2014-06-04 14:36:00,7040,7040,7038,7040,276,145814,19518720.0,OI1409
2014-06-04 14:37:00,7038,7040,7038,7038,198,145910,14002560.0,OI1409
2014-06-04 14:38:00,7038,7038,7036,7038,250,146012,17680000.0,OI1409
2014-06-04 14:39:00,7036,7036,7032,7036,262,145958,18528640.0,OI1409
2014-06-04 14:40:00,7032,7036,7032,7036,220,145850,15558400.0,OI1409
2014-06-04 14:41:00,7034,7036,7034,7034,286,145768,20225920.0,OI1409
2014-06-04 14:42:00,7036,7036,7034,7034,106,145794,7496320.0,OI1409
2014-06-04 14:43:00,7034,7038,7034,7038,212,145664,14992640.0,OI1409
2014-06-04 14:44:00,7038,7040,7036,7040,282,145602,19943040.0,OI1409
2014-06-04 14:45:00,7038,7044,7038,7044,574,145448,40593280.0,OI1409
2014-06-04 14:46:00,7044,7044,7042,7042,248,145340,17538560.0,OI1409
2014-06-04 14:47:00,7042,7044,7034,7038,182,145316,12871040.0,OI1409
2014-06-04 14:48:00,7038,7040,7038,7040,290,145272,20508800.0,OI1409
2014-06-04 14:49:00,7040,7042,7038,7042,156,145270,11032320.0,OI1409
2014-06-04 14:50:00,7040,7044,7040,7044,144,145208,10183680.0,OI1409
2014-06-04 14:51:00,7042,7046,7040,7044,352,145264,24886400.0,OI1409
2014-06-04 14:52:00,7044,7044,7042,7044,212,145222,14988400.0,OI1409
2014-06-04 14:53:00,7042,7044,7042,7042,332,145354,23472400.0,OI1409
2014-06-04 14:54:00,7042,7044,7042,7042,164,145368,11594800.0,OI1409
2014-06-04 14:55:00,7044,7044,7040,7042,584,145404,41288800.0,OI1409
2014-06-04 14:56:00,7042,7042,7040,7042,172,145296,12160400.0,OI1409
2014-06-04 14:57:00,7042,7044,7042,7044,488,144932,34501600.0,OI1409
2014-06-04 14:58:00,7042,7044,7042,7042,762,144420,53873400.0,OI1409
2014-06-04 14:59:00,7044,7044,7040,7044,754,144154,53307800.0,OI1409
2014-06-05 09:00:00,7074,7088,7070,7076,2980,144602,210904640.0,OI1409
2014-06-05 09:01:00,7076,7078,7064,7068,1048,144824,74177440.0,OI1409
2014-06-05 09:02:00,7068,7070,7064,7066,1564,144430,110664520.0,OI1409
2014-06-05 09:03:00,7064,7068,7058,7058,1162,144008,82192080.0,OI1409
2014-06-05 09:04:00,7058,7060,7056,7058,726,144086,51342720.0,OI1409
2014-06-05 09:05:00,7058,7060,7054,7056,1114,143948,78764120.0,OI1409
2014-06-05 09:06:00,7056,7058,7054,7058,366,143930,25876200.0,OI1409
2014-06-05 09:07:00,7058,7058,7054,7058,874,143904,61774360.0,OI1409
2014-06-05 09:08:00,7060,7060,7058,7060,202,143948,14277360.0,OI1409
2014-06-05 09:09:00,7060,7062,7058,7058,184,143962,13005120.0,OI1409
2014-06-05 09:10:00,7058,7060,7058,7060,104,143902,7350720.0,OI1409
2014-06-05 09:11:00,7060,7060,7056,7060,316,144008,22334880.0,OI1409
2014-06-05 09:12:00,7060,7060,7058,7058,106,144058,7492080.0,OI1409
2014-06-05 09:13:00,7058,7058,7056,7056,188,144132,13287840.0,OI1409
2014-06-05 09:14:00,7056,7060,7056,7060,106,144108,7492080.0,OI1409
2014-06-05 09:15:00,7058,7060,7058,7060,562,143992,39711520.0,OI1409
2014-06-05 09:16:00,7058,7060,7058,7058,120,143978,8479200.0,OI1409
2014-06-05 09:17:00,7058,7060,7058,7058,244,144132,17241040.0,OI1409
2014-06-05 09:18:00,7060,7066,7058,7066,1020,143858,72073200.0,OI1409
2014-06-05 09:19:00,7062,7066,7062,7064,360,143790,25437600.0,OI1409
2014-06-05 09:20:00,7062,7068,7062,7066,580,143780,40982800.0,OI1409
2014-06-05 09:21:00,7068,7070,7066,7068,532,143752,37591120.0,OI1409
2014-06-05 09:22:00,7068,7070,7066,7068,206,143748,14555960.0,OI1409
2014-06-05 09:23:00,7068,7070,7068,7070,476,143836,33634160.0,OI1409
2014-06-05 09:24:00,7072,7072,7068,7068,366,143788,25861560.0,OI1409
2014-06-05 09:25:00,7068,7068,7064,7066,560,143954,39569600.0,OI1409
2014-06-05 09:26:00,7064,7066,7062,7064,194,143878,13708040.0,OI1409
2014-06-05 09:27:00,7064,7066,7062,7062,156,143858,11022960.0,OI1409
2014-06-05 09:28:00,7064,7066,7062,7066,272,143958,19219520.0,OI1409
2014-06-05 09:29:00,7064,7066,7064,7066,144,143920,10175040.0,OI1409
2014-06-05 09:30:00,7066,7066,7064,7066,142,143914,10033720.0,OI1409
2014-06-05 09:31:00,7066,7066,7062,7064,128,143992,9044480.0,OI1409
2014-06-05 09:32:00,7064,7066,7064,7066,184,143894,13001440.0,OI1409
2014-06-05 09:33:00,7068,7068,7064,7066,90,143868,6359400.0,OI1409
2014-06-05 09:34:00,7066,7068,7066,7066,184,143942,13001440.0,OI1409
2014-06-05 09:35:00,7066,7068,7066,7066,98,143934,6924680.0,OI1409
2014-06-05 09:36:00,7068,7068,7068,7068,160,143918,11305600.0,OI1409
2014-06-05 09:37:00,7068,7076,7068,7072,642,143718,45363720.0,OI1409
2014-06-05 09:38:00,7074,7080,7074,7076,436,143636,30807760.0,OI1409
2014-06-05 09:39:00,7078,7078,7074,7074,312,143470,22045920.0,OI1409
2014-06-05 09:40:00,7074,7078,7074,7076,122,143446,8620520.0,OI1409
2014-06-05 09:41:00,7076,7080,7076,7080,228,143530,16111360.0,OI1409
2014-06-05 09:42:00,7080,7084,7078,7082,754,143580,53292720.0,OI1409
2014-06-05 09:43:00,7082,7082,7080,7082,170,143516,12015600.0,OI1409
2014-06-05 09:44:00,7082,7082,7080,7082,110,143478,7774800.0,OI1409
2014-06-05 09:45:00,7082,7084,7082,7084,264,143402,18659520.0,OI1409
2014-06-05 09:46:00,7082,7086,7080,7080,448,143222,31664640.0,OI1409
2014-06-05 09:47:00,7080,7082,7080,7082,104,143216,7350720.0,OI1409
2014-06-05 09:48:00,7080,7082,7080,7080,198,143222,13994640.0,OI1409
2014-06-05 09:49:00,7080,7082,7080,7080,48,143226,3392640.0,OI1409
2014-06-05 09:50:00,7080,7082,7078,7078,780,143268,55130400.0,OI1409
2014-06-05 09:51:00,7080,7080,7076,7078,206,143316,14562960.0,OI1409
2014-06-05 09:52:00,7078,7078,7076,7076,14,143316,989800.0,OI1409
2014-06-05 09:53:00,7076,7078,7076,7078,52,143324,3676400.0,OI1409
2014-06-05 09:54:00,7076,7078,7076,7078,168,143284,11877600.0,OI1409
2014-06-05 09:55:00,7080,7086,7080,7086,482,143050,34077400.0,OI1409
2014-06-05 09:56:00,7084,7084,7082,7082,126,143022,8908200.0,OI1409
2014-06-05 09:57:00,7084,7084,7082,7082,32,143022,2262400.0,OI1409
2014-06-05 09:58:00,7082,7084,7082,7084,50,143026,3535000.0,OI1409
2014-06-05 09:59:00,7084,7084,7082,7082,100,143038,7070000.0,OI1409
2014-06-05 10:00:00,7084,7084,7084,7084,44,143028,3110800.0,OI1409
2014-06-05 10:01:00,7082,7084,7082,7082,158,143076,11170600.0,OI1409
2014-06-05 10:02:00,7082,7082,7080,7080,66,143124,4666200.0,OI1409
2014-06-05 10:03:00,7080,7080,7080,7080,78,143168,5514600.0,OI1409
2014-06-05 10:04:00,7080,7080,7078,7080,146,143162,10322200.0,OI1409
2014-06-05 10:05:00,7078,7078,7076,7078,96,143174,6787200.0,OI1409
2014-06-05 10:06:00,7076,7078,7076,7076,160,143296,11312000.0,OI1409
2014-06-05 10:07:00,7076,7080,7076,7078,92,143242,6504400.0,OI1409
2014-06-05 10:08:00,7078,7080,7078,7078,22,143236,1555400.0,OI1409
2014-06-05 10:09:00,7078,7078,7076,7078,26,143230,1838200.0,OI1409
2014-06-05 10:10:00,7078,7078,7076,7078,42,143254,2969400.0,OI1409
2014-06-05 10:11:00,7078,7078,7078,7078,12,143256,848400.0,OI1409
2014-06-05 10:12:00,7076,7078,7076,7076,34,143266,2403800.0,OI1409
2014-06-05 10:13:00,7078,7078,7076,7076,66,143284,4666200.0,OI1409
2014-06-05 10:14:00,7078,7078,7070,7070,546,142974,38602200.0,OI1409
2014-06-05 10:30:00,7072,7072,7068,7068,142,142970,10039400.0,OI1409
2014-06-05 10:31:00,7068,7070,7068,7068,322,143082,22765400.0,OI1409
2014-06-05 10:32:00,7068,7070,7066,7068,552,143122,39026400.0,OI1409
2014-06-05 10:33:00,7066,7068,7064,7066,166,143072,11736200.0,OI1409
2014-06-05 10:34:00,7064,7066,7064,7064,162,143014,11453400.0,OI1409
2014-06-05 10:35:00,7066,7066,7056,7056,896,142804,63347200.0,OI1409
2014-06-05 10:36:00,7056,7058,7056,7058,288,142826,20361600.0,OI1409
2014-06-05 10:37:00,7058,7062,7058,7062,290,142948,20503000.0,OI1409
2014-06-05 10:38:00,7060,7064,7060,7062,138,142926,9756600.0,OI1409
2014-06-05 10:39:00,7064,7064,7058,7058,160,142916,11312000.0,OI1409
2014-06-05 10:40:00,7058,7060,7058,7060,238,142768,16826600.0,OI1409
2014-06-05 10:41:00,7060,7062,7060,7062,8,142770,565600.0,OI1409
2014-06-05 10:42:00,7060,7060,7056,7060,138,142702,9756600.0,OI1409
2014-06-05 10:43:00,7058,7060,7056,7060,152,142610,10746400.0,OI1409
2014-06-05 10:44:00,7058,7060,7056,7056,544,142422,38460800.0,OI1409
2014-06-05 10:45:00,7054,7056,7050,7050,752,142708,53155200.0,OI1409
2014-06-05 10:46:00,7052,7054,7050,7052,132,142776,9329760.0,OI1409
2014-06-05 10:47:00,7054,7056,7052,7056,130,142836,9188400.0,OI1409
2014-06-05 10:48:00,7054,7058,7054,7054,104,142858,7350720.0,OI1409
2014-06-05 10:49:00,7054,7058,7054,7058,12,142862,848160.0,OI1409
2014-06-05 10:50:00,7058,7058,7056,7058,20,142868,1413600.0,OI1409
2014-06-05 10:51:00,7058,7058,7056,7056,40,142870,2827200.0,OI1409
2014-06-05 10:52:00,7056,7056,7054,7054,114,142916,8057520.0,OI1409
2014-06-05 10:53:00,7054,7054,7052,7052,50,142950,3534000.0,OI1409
2014-06-05 10:54:00,7052,7054,7052,7052,34,142948,2403120.0,OI1409
2014-06-05 10:55:00,7054,7054,7052,7054,34,142968,2403120.0,OI1409
2014-06-05 10:56:00,7052,7054,7052,7054,40,142972,2827200.0,OI1409
2014-06-05 10:57:00,7054,7056,7050,7050,486,143168,34350480.0,OI1409
2014-06-05 10:58:00,7050,7054,7048,7048,568,143082,40146240.0,OI1409
2014-06-05 10:59:00,7048,7048,7044,7046,310,143124,21910800.0,OI1409
2014-06-05 11:00:00,7044,7048,7044,7044,382,143266,26999760.0,OI1409
2014-06-05 11:01:00,7042,7042,7040,7042,776,143332,54839120.0,OI1409
2014-06-05 11:02:00,7042,7046,7040,7042,434,143370,30666440.0,OI1409
2014-06-05 11:03:00,7042,7050,7042,7048,144,143364,10175040.0,OI1409
2014-06-05 11:04:00,7048,7048,7048,7048,10,143368,706600.0,OI1409
2014-06-05 11:05:00,7050,7052,7050,7050,234,143364,16534440.0,OI1409
2014-06-05 11:06:00,7050,7052,7048,7050,150,143346,10599000.0,OI1409
2014-06-05 11:07:00,7050,7050,7048,7048,52,143338,3674320.0,OI1409
2014-06-05 11:08:00,7048,7048,7046,7048,64,143322,4522240.0,OI1409
2014-06-05 11:09:00,7046,7046,7042,7046,146,143408,10316360.0,OI1409
2014-06-05 11:10:00,7046,7046,7044,7046,18,143414,1271880.0,OI1409
2014-06-05 11:11:00,7046,7048,7044,7048,38,143438,2685080.0,OI1409
2014-06-05 11:12:00,7048,7050,7048,7048,118,143436,8337880.0,OI1409
2014-06-05 11:13:00,7050,7050,7048,7050,24,143436,1695840.0,OI1409
2014-06-05 11:14:00,7050,7050,7048,7050,148,143392,10457680.0,OI1409
2014-06-05 11:15:00,7052,7056,7050,7056,266,143330,18795560.0,OI1409
2014-06-05 11:16:00,7056,7060,7054,7054,406,143044,28687960.0,OI1409
2014-06-05 11:17:00,7056,7056,7052,7052,132,143000,9327120.0,OI1409
2014-06-05 11:18:00,7054,7054,7052,7052,60,143000,4239600.0,OI1409
2014-06-05 11:19:00,7050,7052,7050,7050,48,142970,3391680.0,OI1409
2014-06-05 11:20:00,7050,7052,7050,7052,26,142976,1837160.0,OI1409
2014-06-05 11:21:00,7052,7052,7052,7052,12,142980,847920.0,OI1409
2014-06-05 11:22:00,7052,7052,7052,7052,18,142982,1271880.0,OI1409
2014-06-05 11:23:00,7050,7050,7050,7050,36,142988,2543760.0,OI1409
2014-06-05 11:24:00,7050,7050,7048,7048,6,142988,423960.0,OI1409
2014-06-05 11:25:00,7048,7048,7048,7048,8,142988,565280.0,OI1409
2014-06-05 11:26:00,7048,7048,7044,7046,146,143008,10316360.0,OI1409
2014-06-05 11:27:00,7044,7044,7040,7042,270,143140,19078200.0,OI1409
2014-06-05 11:28:00,7042,7044,7040,7042,76,143128,5370160.0,OI1409
2014-06-05 11:29:00,7044,7046,7042,7046,124,143116,8761840.0,OI1409
2014-06-05 13:30:00,7048,7050,7044,7044,88,143130,6218080.0,OI1409
2014-06-05 13:31:00,7044,7044,7042,7042,214,143244,15121240.0,OI1409
2014-06-05 13:32:00,7046,7046,7044,7046,22,143250,1554520.0,OI1409
2014-06-05 13:33:00,7046,7046,7044,7044,30,143238,2119800.0,OI1409
2014-06-05 13:34:00,7044,7044,7042,7042,136,143278,9607280.0,OI1409
2014-06-05 13:35:00,7044,7044,7038,7040,530,143590,37439200.0,OI1409
2014-06-05 13:36:00,7040,7040,7036,7036,436,143728,30799040.0,OI1409
2014-06-05 13:37:00,7036,7038,7036,7038,72,143734,5086080.0,OI1409
2014-06-05 13:38:00,7038,7038,7034,7036,292,143752,20626880.0,OI1409
2014-06-05 13:39:00,7036,7038,7036,7036,196,143880,13845440.0,OI1409
2014-06-05 13:40:00,7036,7036,7034,7034,320,143748,22604800.0,OI1409
2014-06-05 13:41:00,7036,7038,7036,7038,244,143854,17236160.0,OI1409
2014-06-05 13:42:00,7040,7040,7038,7038,114,143866,8052960.0,OI1409
2014-06-05 13:43:00,7040,7042,7038,7042,348,143850,24582720.0,OI1409
2014-06-05 13:44:00,7042,7042,7038,7040,146,143914,10313440.0,OI1409
2014-06-05 13:45:00,7040,7042,7040,7042,68,143902,4803520.0,OI1409
2014-06-05 13:46:00,7042,7046,7040,7046,280,143864,19778320.0,OI1409
2014-06-05 13:47:00,7048,7048,7044,7046,220,143760,15536400.0,OI1409
2014-06-05 13:48:00,7044,7044,7044,7044,72,143768,5084640.0,OI1409
2014-06-05 13:49:00,7044,7044,7040,7042,218,143702,15395160.0,OI1409
2014-06-05 13:50:00,7042,7044,7040,7044,54,143704,3813480.0,OI1409
2014-06-05 13:51:00,7042,7042,7040,7042,66,143716,4660920.0,OI1409
2014-06-05 13:52:00,7040,7044,7040,7042,82,143704,5790840.0,OI1409
2014-06-05 13:53:00,7042,7044,7042,7044,92,143698,6497040.0,OI1409
2014-06-05 13:54:00,7044,7046,7044,7044,94,143704,6638280.0,OI1409
2014-06-05 13:55:00,7044,7046,7044,7044,36,143716,2542320.0,OI1409
2014-06-05 13:56:00,7044,7044,7042,7042,50,143754,3531000.0,OI1409
2014-06-05 13:57:00,7042,7044,7042,7044,66,143768,4660920.0,OI1409
2014-06-05 13:58:00,7046,7046,7046,7046,96,143772,6779520.0,OI1409
2014-06-05 13:59:00,7046,7048,7046,7046,60,143726,4237200.0,OI1409
2014-06-05 14:00:00,7046,7048,7046,7046,116,143618,8191920.0,OI1409
2014-06-05 14:01:00,7044,7046,7044,7046,54,143572,3813480.0,OI1409
2014-06-05 14:02:00,7046,7048,7046,7046,54,143536,3813480.0,OI1409
2014-06-05 14:03:00,7046,7048,7044,7046,48,143514,3389760.0,OI1409
2014-06-05 14:04:00,7046,7046,7044,7044,26,143526,1836120.0,OI1409
2014-06-05 14:05:00,7044,7046,7044,7046,6,143528,423720.0,OI1409
2014-06-05 14:06:00,7046,7046,7046,7046,16,143520,1129920.0,OI1409
2014-06-05 14:07:00,7046,7046,7046,7046,14,143514,988680.0,OI1409
2014-06-05 14:08:00,7046,7046,7044,7044,32,143518,2259840.0,OI1409
2014-06-05 14:09:00,7046,7046,7044,7044,24,143508,1694880.0,OI1409
2014-06-05 14:10:00,7044,7046,7044,7046,18,143500,1271160.0,OI1409
2014-06-05 14:11:00,7046,7046,7044,7044,96,143516,6779520.0,OI1409
2014-06-05 14:12:00,7044,7046,7044,7046,66,143532,4660920.0,OI1409
2014-06-05 14:13:00,7044,7044,7044,7044,1136,143584,80224320.0,OI1409
2014-06-05 14:14:00,7044,7044,7042,7042,18,143596,1271160.0,OI1409
2014-06-05 14:15:00,7042,7042,7042,7042,6,143600,423720.0,OI1409
2014-06-05 14:16:00,7042,7042,7038,7040,302,143648,21327240.0,OI1409
2014-06-05 14:17:00,7040,7042,7040,7040,16,143660,1129920.0,OI1409
2014-06-05 14:18:00,7040,7040,7038,7040,90,143648,6355800.0,OI1409
2014-06-05 14:19:00,7040,7042,7038,7040,130,143596,9180600.0,OI1409
2014-06-05 14:20:00,7040,7040,7038,7040,54,143626,3813480.0,OI1409
2014-06-05 14:21:00,7042,7042,7040,7042,70,143600,4943400.0,OI1409
2014-06-05 14:22:00,7042,7042,7040,7042,90,143580,6355800.0,OI1409
2014-06-05 14:23:00,7042,7044,7042,7044,160,143498,11299200.0,OI1409
2014-06-05 14:24:00,7044,7048,7042,7046,206,143444,14547720.0,OI1409
2014-06-05 14:25:00,7046,7046,7044,7044,40,143426,2824800.0,OI1409
2014-06-05 14:26:00,7046,7046,7046,7046,6,143426,423720.0,OI1409
2014-06-05 14:27:00,7046,7046,7044,7046,30,143400,2118600.0,OI1409
2014-06-05 14:28:00,7046,7054,7046,7052,700,142944,49434000.0,OI1409
2014-06-05 14:29:00,7052,7056,7052,7054,476,142652,33615120.0,OI1409
2014-06-05 14:30:00,7056,7056,7052,7052,388,142418,27394160.0,OI1409
2014-06-05 14:31:00,7054,7054,7052,7054,440,142302,31064000.0,OI1409
2014-06-05 14:32:00,7052,7054,7052,7054,416,142000,29369600.0,OI1409
2014-06-05 14:33:00,7054,7056,7054,7054,96,141932,6777600.0,OI1409
2014-06-05 14:34:00,7054,7056,7054,7054,74,141894,5224400.0,OI1409
2014-06-05 14:35:00,7054,7054,7050,7052,180,141796,12708000.0,OI1409
2014-06-05 14:36:00,7052,7054,7050,7052,164,141816,11578400.0,OI1409
2014-06-05 14:37:00,7054,7056,7054,7056,138,141804,9742800.0,OI1409
2014-06-05 14:38:00,7054,7058,7054,7056,332,141686,23439200.0,OI1409
2014-06-05 14:39:00,7054,7056,7052,7052,66,141698,4659600.0,OI1409
2014-06-05 14:40:00,7052,7054,7052,7054,52,141682,3671200.0,OI1409
2014-06-05 14:41:00,7054,7058,7054,7056,152,141638,10731200.0,OI1409
2014-06-05 14:42:00,7056,7056,7052,7052,82,141604,5789200.0,OI1409
2014-06-05 14:43:00,7054,7054,7052,7052,22,141604,1553200.0,OI1409
2014-06-05 14:44:00,7052,7054,7050,7050,146,141554,10307600.0,OI1409
2014-06-05 14:45:00,7052,7052,7048,7048,96,141548,6777600.0,OI1409
2014-06-05 14:46:00,7050,7054,7048,7054,250,141504,17650000.0,OI1409
2014-06-05 14:47:00,7054,7056,7054,7054,240,141642,16944000.0,OI1409
2014-06-05 14:48:00,7052,7056,7050,7050,238,141684,16802800.0,OI1409
2014-06-05 14:49:00,7052,7054,7052,7054,62,141680,4377200.0,OI1409
2014-06-05 14:50:00,7054,7056,7054,7054,128,141704,9036800.0,OI1409
2014-06-05 14:51:00,7052,7054,7048,7048,224,141698,15814400.0,OI1409
2014-06-05 14:52:00,7050,7050,7046,7048,56,141680,3953600.0,OI1409
2014-06-05 14:53:00,7050,7050,7048,7048,190,141594,13414000.0,OI1409
2014-06-05 14:54:00,7048,7050,7044,7044,250,141536,17650000.0,OI1409
2014-06-05 14:55:00,7044,7046,7034,7034,684,141246,48290400.0,OI1409
2014-06-05 14:56:00,7036,7038,7032,7038,590,141166,41654000.0,OI1409
2014-06-05 14:57:00,7038,7038,7034,7036,216,141196,15249600.0,OI1409
2014-06-05 14:58:00,7034,7034,7028,7030,1228,140906,86695640.0,OI1409
2014-06-05 14:59:00,7028,7032,7024,7026,1476,141262,104176080.0,OI1409
2014-06-06 09:00:00,6980,6982,6972,6980,500,148246,34900000.0,OI1501
2014-06-06 09:01:00,6978,6978,6974,6974,180,148380,12562520.0,OI1501
2014-06-06 09:02:00,6976,6980,6974,6978,156,148378,10885680.0,OI1501
2014-06-06 09:03:00,6980,6988,6978,6988,136,148362,9490600.0,OI1501
2014-06-06 09:04:00,6988,6988,6984,6986,78,148344,5444400.0,OI1501
2014-06-06 09:05:00,6982,6982,6980,6980,58,148356,4048400.0,OI1501
2014-06-06 09:06:00,6980,6982,6978,6980,176,148382,12284800.0,OI1501
2014-06-06 09:07:00,6980,6986,6980,6986,290,148388,20242000.0,OI1501
2014-06-06 09:08:00,6988,6990,6984,6986,290,148328,20246960.0,OI1501
2014-06-06 09:09:00,6992,6992,6976,6976,582,148472,40635240.0,OI1501
2014-06-06 09:10:00,6976,6978,6968,6970,566,148598,39514320.0,OI1501
2014-06-06 09:11:00,6970,6978,6968,6978,460,148724,32108000.0,OI1501
2014-06-06 09:12:00,6980,6982,6976,6976,688,149092,48022400.0,OI1501
2014-06-06 09:13:00,6976,6976,6962,6962,724,149508,50531160.0,OI1501
2014-06-06 09:14:00,6966,6966,6956,6960,1136,150090,79256320.0,OI1501
2014-06-06 09:15:00,6962,6964,6952,6958,572,150470,39892840.0,OI1501
2014-06-06 09:16:00,6956,6966,6956,6964,354,150560,24687960.0,OI1501
2014-06-06 09:17:00,6966,6966,6956,6966,294,150640,20498800.0,OI1501
2014-06-06 09:18:00,6966,6966,6960,6964,290,150692,20218800.0,OI1501
2014-06-06 09:19:00,6964,6968,6960,6968,278,150878,19382160.0,OI1501
2014-06-06 09:20:00,6968,6970,6960,6960,378,151096,26354160.0,OI1501
2014-06-06 09:21:00,6964,6964,6956,6958,382,151372,26633040.0,OI1501
2014-06-06 09:22:00,6958,6960,6954,6956,352,151632,24534840.0,OI1501
2014-06-06 09:23:00,6956,6964,6952,6962,472,151868,32898400.0,OI1501
2014-06-06 09:24:00,6958,6958,6952,6956,298,152026,20770600.0,OI1501
2014-06-06 09:25:00,6956,6958,6950,6950,914,152462,63690840.0,OI1501
2014-06-06 09:26:00,6948,6954,6946,6952,298,152560,20764640.0,OI1501
2014-06-06 09:27:00,6954,6956,6954,6954,96,152548,6689280.0,OI1501
2014-06-06 09:28:00,6954,6956,6952,6954,92,152508,6410560.0,OI1501
2014-06-06 09:29:00,6954,6956,6954,6956,58,152504,4041440.0,OI1501
2014-06-06 09:30:00,6956,6958,6956,6958,172,152456,11983280.0,OI1501
2014-06-06 09:31:00,6958,6958,6954,6958,114,152486,7941240.0,OI1501
2014-06-06 09:32:00,6958,6960,6958,6960,290,152478,20201400.0,OI1501
2014-06-06 09:33:00,6960,6962,6958,6962,166,152488,11563560.0,OI1501
2014-06-06 09:34:00,6962,6964,6958,6962,230,152522,16021800.0,OI1501
2014-06-06 09:35:00,6962,6962,6960,6962,76,152522,5294160.0,OI1501
2014-06-06 09:36:00,6960,6962,6958,6960,56,152502,3900960.0,OI1501
2014-06-06 09:37:00,6958,6960,6958,6960,100,152546,6966000.0,OI1501
2014-06-06 09:38:00,6960,6960,6956,6956,40,152530,2786400.0,OI1501
2014-06-06 09:39:00,6956,6956,6954,6956,96,152558,6687360.0,OI1501
2014-06-06 09:40:00,6956,6956,6952,6954,88,152586,6130080.0,OI1501
2014-06-06 09:41:00,6954,6954,6954,6954,116,152674,8080560.0,OI1501
2014-06-06 09:42:00,6954,6954,6950,6952,218,152870,15185880.0,OI1501
2014-06-06 09:43:00,6952,6954,6952,6954,86,152948,5990760.0,OI1501
2014-06-06 09:44:00,6952,6954,6952,6952,64,153004,4458240.0,OI1501
2014-06-06 09:45:00,6954,6956,6954,6954,54,153032,3761640.0,OI1501
2014-06-06 09:46:00,6954,6958,6954,6958,114,153090,7941240.0,OI1501
2014-06-06 09:47:00,6960,6960,6956,6958,214,153166,14907240.0,OI1501
2014-06-06 09:48:00,6958,6958,6958,6958,30,153194,2089800.0,OI1501
2014-06-06 09:49:00,6960,6962,6960,6960,76,153212,5294160.0,OI1501
2014-06-06 09:50:00,6962,6962,6960,6962,144,153220,10031040.0,OI1501
2014-06-06 09:51:00,6962,6964,6962,6962,158,153292,11006280.0,OI1501
2014-06-06 09:52:00,6966,6968,6966,6968,338,153330,23545080.0,OI1501
2014-06-06 09:53:00,6968,6968,6964,6966,82,153316,5712120.0,OI1501
2014-06-06 09:54:00,6966,6966,6962,6962,112,153312,7801920.0,OI1501
2014-06-06 09:55:00,6960,6962,6958,6960,236,153336,16439760.0,OI1501
2014-06-06 09:56:00,6962,6962,6958,6958,38,153362,2647080.0,OI1501
2014-06-06 09:57:00,6958,6960,6958,6960,112,153368,7801920.0,OI1501
2014-06-06 09:58:00,6960,6960,6958,6958,164,153444,11424240.0,OI1501
2014-06-06 09:59:00,6956,6960,6956,6958,78,153480,5433480.0,OI1501
2014-06-06 10:00:00,6958,6960,6956,6960,46,153508,3204360.0,OI1501
2014-06-06 10:01:00,6958,6960,6956,6960,54,153534,3761640.0,OI1501
2014-06-06 10:02:00,6958,6958,6958,6958,2,153536,139320.0,OI1501
2014-06-06 10:03:00,6960,6960,6956,6956,298,153586,20758680.0,OI1501
2014-06-06 10:04:00,6956,6958,6956,6958,16,153596,1114560.0,OI1501
2014-06-06 10:05:00,6958,6958,6956,6958,14,153598,975240.0,OI1501
2014-06-06 10:06:00,6960,6962,6958,6962,176,153752,12256680.0,OI1501
2014-06-06 10:07:00,6960,6962,6960,6960,128,153820,8913920.0,OI1501
2014-06-06 10:08:00,6962,6962,6960,6960,6,153822,417840.0,OI1501
2014-06-06 10:09:00,6960,6960,6960,6960,416,153836,28970240.0,OI1501
2014-06-06 10:10:00,6960,6960,6958,6958,114,153942,7938960.0,OI1501
2014-06-06 10:11:00,6960,6962,6960,6962,126,154014,8774640.0,OI1501
2014-06-06 10:12:00,6960,6962,6958,6962,122,154104,8496080.0,OI1501
2014-06-06 10:13:00,6958,6960,6958,6960,72,154120,5014080.0,OI1501
2014-06-06 10:14:00,6960,6960,6960,6960,54,154096,3760560.0,OI1501
2014-06-06 10:30:00,6960,6960,6958,6960,60,154098,4178400.0,OI1501
2014-06-06 10:31:00,6960,6960,6958,6958,38,154112,2646320.0,OI1501
2014-06-06 10:32:00,6958,6958,6956,6956,18,154122,1253520.0,OI1501
2014-06-06 10:33:00,6956,6956,6956,6956,8,154130,557120.0,OI1501
2014-06-06 10:34:00,6956,6956,6954,6954,12,154130,835680.0,OI1501
2014-06-06 10:35:00,6954,6958,6954,6958,12,154126,835680.0,OI1501
2014-06-06 10:36:00,6960,6962,6958,6962,152,154136,10585280.0,OI1501
2014-06-06 10:37:00,6964,6964,6960,6960,34,154152,2367760.0,OI1501
2014-06-06 10:38:00,6960,6960,6960,6960,8,154154,557120.0,OI1501
2014-06-06 10:39:00,6962,6962,6960,6960,12,154158,835680.0,OI1501
2014-06-06 10:40:00,6960,6962,6960,6962,96,154188,6685440.0,OI1501
2014-06-06 10:41:00,6964,6964,6962,6964,88,154172,6128320.0,OI1501
2014-06-06 10:42:00,6960,6964,6960,6960,206,154200,14345840.0,OI1501
2014-06-06 10:43:00,6958,6958,6956,6958,22,154206,1532080.0,OI1501
2014-06-06 10:44:00,6958,6958,6958,6958,6,154210,417840.0,OI1501
2014-06-06 10:45:00,6958,6960,6958,6960,38,154236,2646320.0,OI1501
2014-06-06 10:46:00,6958,6960,6958,6960,66,154248,4596240.0,OI1501
2014-06-06 10:47:00,6960,6960,6960,6960,20,154246,1392800.0,OI1501
2014-06-06 10:48:00,6962,6962,6960,6960,38,154282,2646320.0,OI1501
2014-06-06 10:49:00,6962,6962,6960,6960,66,154340,4596240.0,OI1501
2014-06-06 10:50:00,6960,6960,6960,6960,88,154400,6128320.0,OI1501
2014-06-06 10:51:00,6958,6960,6958,6958,12,154406,835680.0,OI1501
2014-06-06 10:52:00,6960,6960,6958,6958,34,154436,2367760.0,OI1501
2014-06-06 10:53:00,6958,6958,6956,6956,276,154494,19220640.0,OI1501
2014-06-06 10:54:00,6956,6956,6954,6956,24,154510,1671360.0,OI1501
2014-06-06 10:55:00,6956,6956,6956,6956,14,154524,974960.0,OI1501
2014-06-06 10:56:00,6956,6956,6954,6956,94,154542,6546160.0,OI1501
2014-06-06 10:58:00,6956,6956,6956,6956,10,154540,696400.0,OI1501
2014-06-06 10:59:00,6956,6956,6956,6956,24,154548,1671360.0,OI1501
2014-06-06 11:00:00,6956,6956,6954,6954,12,154548,835680.0,OI1501
2014-06-06 11:01:00,6954,6954,6950,6950,472,154640,32870080.0,OI1501
2014-06-06 11:02:00,6948,6952,6948,6952,174,154732,12117360.0,OI1501
2014-06-06 11:03:00,6954,6956,6954,6954,54,154712,3760560.0,OI1501
2014-06-06 11:04:00,6954,6954,6952,6954,34,154714,2367760.0,OI1501
2014-06-06 11:05:00,6954,6954,6952,6952,88,154710,6128320.0,OI1501
2014-06-06 11:06:00,6954,6956,6954,6954,98,154750,6824720.0,OI1501
2014-06-06 11:07:00,6954,6954,6952,6952,66,154746,4596240.0,OI1501
2014-06-06 11:08:00,6950,6952,6950,6952,20,154748,1392800.0,OI1501
2014-06-06 11:09:00,6952,6952,6952,6952,6,154748,417840.0,OI1501
2014-06-06 11:10:00,6952,6954,6952,6954,76,154732,5292640.0,OI1501
2014-06-06 11:11:00,6952,6952,6950,6950,14,154744,974960.0,OI1501
2014-06-06 11:12:00,6950,6950,6950,6950,124,154796,8635360.0,OI1501
2014-06-06 11:13:00,6952,6952,6950,6952,28,154796,1949920.0,OI1501
2014-06-06 11:14:00,6952,6952,6952,6952,22,154806,1532080.0,OI1501
2014-06-06 11:15:00,6952,6952,6948,6950,98,154858,6824720.0,OI1501
2014-06-06 11:16:00,6950,6952,6950,6952,214,155064,14902960.0,OI1501
2014-06-06 11:17:00,6954,6954,6952,6954,204,155214,14206560.0,OI1501
2014-06-06 11:18:00,6952,6954,6952,6954,6,155216,417840.0,OI1501
2014-06-06 11:19:00,6952,6952,6952,6952,18,155234,1253520.0,OI1501
2014-06-06 11:20:00,6952,6954,6952,6954,12,155236,835680.0,OI1501
2014-06-06 11:21:00,6956,6956,6956,6956,4,155236,278560.0,OI1501
2014-06-06 11:22:00,6956,6956,6954,6954,28,155242,1949920.0,OI1501
2014-06-06 11:23:00,6956,6956,6954,6956,86,155278,5989040.0,OI1501
2014-06-06 11:24:00,6958,6958,6956,6958,34,155270,2367760.0,OI1501
2014-06-06 11:25:00,6956,6958,6956,6958,40,155266,2785600.0,OI1501
2014-06-06 11:26:00,6958,6964,6958,6962,652,154802,45405280.0,OI1501
2014-06-06 11:27:00,6964,6964,6962,6964,172,154704,11978080.0,OI1501
2014-06-06 11:28:00,6962,6962,6960,6962,312,154684,21727680.0,OI1501
2014-06-06 11:29:00,6962,6962,6954,6956,286,154746,19917040.0,OI1501
2014-06-06 13:30:00,6956,6958,6952,6952,106,154800,7379960.0,OI1501
2014-06-06 13:31:00,6952,6954,6952,6954,64,154812,4455680.0,OI1501
2014-06-06 13:32:00,6954,6954,6952,6952,66,154806,4594920.0,OI1501
2014-06-06 13:33:00,6952,6954,6952,6954,56,154820,3898720.0,OI1501
2014-06-06 13:34:00,6954,6956,6954,6954,18,154812,1253160.0,OI1501
2014-06-06 13:35:00,6956,6958,6956,6958,58,154846,4037960.0,OI1501
2014-06-06 13:36:00,6956,6958,6956,6956,82,154924,5708840.0,OI1501
2014-06-06 13:37:00,6956,6958,6956,6956,32,154920,2227840.0,OI1501
2014-06-06 13:38:00,6952,6956,6952,6956,94,154938,6544280.0,OI1501
2014-06-06 13:39:00,6956,6956,6954,6954,4,154938,278480.0,OI1501
2014-06-06 13:40:00,6956,6956,6956,6956,26,154964,1810120.0,OI1501
2014-06-06 13:41:00,6956,6956,6954,6954,50,154970,3481000.0,OI1501
2014-06-06 13:42:00,6954,6956,6952,6952,78,154958,5430360.0,OI1501
2014-06-06 13:43:00,6952,6952,6950,6952,80,154952,5569600.0,OI1501
2014-06-06 13:44:00,6952,6952,6950,6952,164,154950,11417680.0,OI1501
2014-06-06 13:45:00,6950,6952,6950,6950,116,154928,8075920.0,OI1501
2014-06-06 13:46:00,6950,6952,6950,6950,106,154846,7379720.0,OI1501
2014-06-06 13:47:00,6950,6950,6950,6950,16,154832,1113920.0,OI1501
2014-06-06 13:48:00,6952,6952,6952,6952,78,154824,5430360.0,OI1501
2014-06-06 13:49:00,6954,6954,6952,6954,22,154832,1531640.0,OI1501
2014-06-06 13:50:00,6950,6954,6950,6954,208,154758,14480960.0,OI1501
2014-06-06 13:51:00,6954,6956,6954,6956,16,154760,1113920.0,OI1501
2014-06-06 13:52:00,6956,6958,6954,6958,34,154760,2367080.0,OI1501
2014-06-06 13:53:00,6956,6958,6954,6956,178,154690,12392360.0,OI1501
2014-06-06 13:54:00,6956,6956,6954,6954,42,154726,2924040.0,OI1501
2014-06-06 13:55:00,6954,6954,6954,6954,12,154728,835440.0,OI1501
2014-06-06 13:56:00,6954,6956,6954,6956,102,154628,7101240.0,OI1501
2014-06-06 13:57:00,6956,6956,6956,6956,18,154620,1253160.0,OI1501
2014-06-06 13:58:00,6956,6958,6954,6954,16,154612,1113920.0,OI1501
2014-06-06 13:59:00,6954,6958,6954,6958,10,154608,696200.0,OI1501
2014-06-06 14:00:00,6956,6956,6956,6956,4,154604,278480.0,OI1501
2014-06-06 14:01:00,6958,6958,6956,6956,184,154452,12810080.0,OI1501
2014-06-06 14:02:00,6958,6958,6956,6958,34,154476,2367080.0,OI1501
2014-06-06 14:03:00,6958,6958,6958,6958,84,154402,5848080.0,OI1501
2014-06-06 14:04:00,6958,6960,6958,6958,26,154392,1810120.0,OI1501
2014-06-06 14:05:00,6956,6956,6956,6956,66,154328,4594920.0,OI1501
2014-06-06 14:06:00,6954,6956,6954,6956,20,154334,1392400.0,OI1501
2014-06-06 14:07:00,6956,6958,6956,6958,88,154336,6126560.0,OI1501
2014-06-06 14:08:00,6958,6960,6958,6960,66,154314,4594920.0,OI1501
2014-06-06 14:09:00,6960,6962,6960,6960,96,154256,6683520.0,OI1501
2014-06-06 14:10:00,6960,6960,6958,6958,110,154204,7658200.0,OI1501
2014-06-06 14:11:00,6956,6958,6956,6958,36,154206,2506320.0,OI1501
2014-06-06 14:12:00,6958,6958,6954,6956,94,154206,6544280.0,OI1501
2014-06-06 14:13:00,6956,6958,6956,6958,76,154138,5291120.0,OI1501
2014-06-06 14:14:00,6958,6960,6958,6958,22,154128,1531640.0,OI1501
2014-06-06 14:15:00,6960,6960,6958,6960,60,154142,4177200.0,OI1501
2014-06-06 14:16:00,6960,6962,6958,6962,72,154138,5012640.0,OI1501
2014-06-06 14:17:00,6962,6964,6958,6962,188,154172,13088560.0,OI1501
2014-06-06 14:18:00,6962,6966,6962,6966,206,154226,14341720.0,OI1501
2014-06-06 14:19:00,6964,6966,6964,6966,160,154252,11139200.0,OI1501
2014-06-06 14:20:00,6966,6968,6964,6968,96,154296,6683520.0,OI1501
2014-06-06 14:21:00,6968,6968,6964,6966,116,154336,8075920.0,OI1501
2014-06-06 14:22:00,6966,6966,6964,6964,36,154334,2506320.0,OI1501
2014-06-06 14:23:00,6964,6966,6964,6966,8,154338,556960.0,OI1501
2014-06-06 14:24:00,6966,6966,6966,6966,8,154344,556960.0,OI1501
2014-06-06 14:25:00,6964,6966,6964,6964,44,154384,3063280.0,OI1501
2014-06-06 14:26:00,6964,6964,6964,6964,6,154384,417720.0,OI1501
2014-06-06 14:27:00,6964,6966,6964,6964,124,154420,8632880.0,OI1501
2014-06-06 14:28:00,6964,6968,6964,6968,148,154440,10303760.0,OI1501
2014-06-06 14:29:00,6968,6970,6966,6968,64,154462,4455680.0,OI1501
2014-06-06 14:30:00,6968,6968,6966,6968,12,154458,835440.0,OI1501
2014-06-06 14:31:00,6968,6968,6966,6966,6,154456,417720.0,OI1501
2014-06-06 14:32:00,6968,6968,6968,6968,96,154402,6683520.0,OI1501
2014-06-06 14:33:00,6968,6968,6966,6968,24,154396,1670880.0,OI1501
2014-06-06 14:34:00,6968,6970,6968,6970,130,154342,9050600.0,OI1501
2014-06-06 14:35:00,6968,6970,6968,6970,74,154272,5151880.0,OI1501
2014-06-06 14:36:00,6970,6972,6968,6968,104,154230,7240480.0,OI1501
2014-06-06 14:37:00,6970,6972,6970,6972,42,154232,2924040.0,OI1501
2014-06-06 14:38:00,6972,6974,6970,6972,222,154270,15455640.0,OI1501
2014-06-06 14:39:00,6972,6974,6972,6974,262,154256,18240440.0,OI1501
2014-06-06 14:40:00,6974,6976,6972,6976,262,154238,18240440.0,OI1501
2014-06-06 14:41:00,6974,6978,6974,6974,394,154078,27430280.0,OI1501
2014-06-06 14:42:00,6974,6974,6970,6970,144,154110,10025280.0,OI1501
2014-06-06 14:43:00,6970,6974,6970,6974,40,154118,2784800.0,OI1501
2014-06-06 14:44:00,6974,6976,6972,6976,270,154310,18798720.0,OI1501
2014-06-06 14:45:00,6976,6976,6972,6974,290,154510,20195600.0,OI1501
2014-06-06 14:46:00,6974,6982,6974,6982,570,154622,39694800.0,OI1501
2014-06-06 14:47:00,6980,6982,6976,6980,578,154966,40251920.0,OI1501
2014-06-06 14:48:00,6980,6982,6978,6978,272,155074,18942080.0,OI1501
2014-06-06 14:49:00,6980,6982,6978,6980,218,155216,15181520.0,OI1501
2014-06-06 14:50:00,6980,6982,6980,6980,216,155400,15042240.0,OI1501
2014-06-06 14:51:00,6980,6980,6980,6980,78,155438,5431920.0,OI1501
2014-06-06 14:52:00,6980,6982,6980,6980,402,155744,27995280.0,OI1501
2014-06-06 14:53:00,6978,6982,6978,6980,524,156060,36491360.0,OI1501
2014-06-06 14:54:00,6982,6982,6976,6978,582,156252,40530480.0,OI1501
2014-06-06 14:55:00,6978,6978,6976,6976,174,156246,12120680.0,OI1501
2014-06-06 14:56:00,6978,6978,6972,6976,122,156186,8498520.0,OI1501
2014-06-06 14:57:00,6972,6974,6972,6974,106,156184,7383960.0,OI1501
2014-06-06 14:58:00,6974,6974,6968,6970,200,156142,13932000.0,OI1501
2014-06-06 14:59:00,6970,6970,6966,6970,440,156224,30650400.0,OI1501
2014-06-09 09:00:00,6970,6994,6970,6984,514,156232,35844600.0,OI1501
2014-06-09 09:01:00,6984,6986,6982,6984,62,156222,4326360.0,OI1501
2014-06-09 09:02:00,6982,6982,6980,6980,364,156210,25403120.0,OI1501
2014-06-09 09:03:00,6982,6984,6978,6980,244,156176,17031200.0,OI1501
2014-06-09 09:04:00,6982,6986,6980,6982,400,156336,27920000.0,OI1501
2014-06-09 09:05:00,6986,6986,6980,6982,308,156466,21498400.0,OI1501
2014-06-09 09:06:00,6982,6984,6980,6980,186,156576,12986440.0,OI1501
2014-06-09 09:07:00,6982,6984,6982,6984,280,156720,19549600.0,OI1501
2014-06-09 09:08:00,6984,6984,6982,6982,62,156734,4328840.0,OI1501
2014-06-09 09:09:00,6984,6986,6982,6986,156,156660,10891920.0,OI1501
2014-06-09 09:10:00,6986,6988,6986,6986,200,156634,13964000.0,OI1501
2014-06-09 09:11:00,6988,6988,6986,6986,132,156620,9216240.0,OI1501
2014-06-09 09:12:00,6988,6988,6984,6984,222,156676,15500040.0,OI1501
2014-06-09 09:13:00,6984,6984,6980,6980,116,156734,8099120.0,OI1501
2014-06-09 09:14:00,6980,6982,6980,6982,142,156772,9914440.0,OI1501
2014-06-09 09:15:00,6982,6982,6980,6982,120,156776,8378400.0,OI1501
2014-06-09 09:16:00,6982,6984,6980,6982,56,156760,3909920.0,OI1501
2014-06-09 09:17:00,6982,6988,6982,6988,100,156730,6982000.0,OI1501
2014-06-09 09:18:00,6988,6990,6984,6988,422,156740,29464840.0,OI1501
2014-06-09 09:19:00,6988,6990,6988,6988,122,156742,8520480.0,OI1501
2014-06-09 09:20:00,6988,6988,6986,6988,126,156694,8799840.0,OI1501
2014-06-09 09:21:00,6986,6988,6986,6986,146,156812,10196640.0,OI1501
2014-06-09 09:22:00,6986,6988,6986,6988,56,156806,3911040.0,OI1501
2014-06-09 09:23:00,6988,6988,6984,6988,94,156850,6564960.0,OI1501
2014-06-09 09:24:00,6988,6988,6988,6988,86,156860,6006240.0,OI1501
2014-06-09 09:25:00,6988,6988,6986,6988,116,156840,8101440.0,OI1501
2014-06-09 09:26:00,6986,6988,6986,6986,32,156840,2234880.0,OI1501
2014-06-09 09:27:00,6988,6988,6986,6988,52,156858,3631680.0,OI1501
2014-06-09 09:28:00,6988,6988,6986,6986,60,156870,4190400.0,OI1501
2014-06-09 09:29:00,6986,6986,6986,6986,20,156870,1396800.0,OI1501
2014-06-09 09:30:00,6986,6988,6986,6988,90,156892,6285600.0,OI1501
2014-06-09 09:31:00,6988,6988,6986,6986,34,156906,2374560.0,OI1501
2014-06-09 09:32:00,6986,6986,6984,6984,148,156990,10336320.0,OI1501
2014-06-09 09:33:00,6984,6984,6984,6984,52,156948,3631680.0,OI1501
2014-06-09 09:34:00,6984,6988,6984,6986,126,156982,8799840.0,OI1501
2014-06-09 09:35:00,6986,6986,6982,6986,202,157074,14107680.0,OI1501
2014-06-09 09:36:00,6986,6986,6986,6986,16,157070,1117440.0,OI1501
2014-06-09 09:37:00,6986,6988,6984,6984,136,157172,9498240.0,OI1501
2014-06-09 09:38:00,6986,6986,6984,6986,52,157198,3631680.0,OI1501
2014-06-09 09:39:00,6986,6986,6984,6986,54,157232,3771360.0,OI1501
2014-06-09 09:40:00,6984,6984,6984,6984,20,157232,1396800.0,OI1501
2014-06-09 09:41:00,6984,6984,6982,6984,76,157284,5307840.0,OI1501
2014-06-09 09:42:00,6984,6984,6984,6984,30,157282,2095200.0,OI1501
2014-06-09 09:43:00,6984,6984,6982,6982,28,157296,1955520.0,OI1501
2014-06-09 09:44:00,6986,6986,6982,6984,46,157290,3212640.0,OI1501
2014-06-09 09:45:00,6984,6986,6984,6984,38,157306,2653920.0,OI1501
2014-06-09 09:46:00,6984,6986,6982,6984,172,157366,12012480.0,OI1501
2014-06-09 09:47:00,6982,6984,6982,6984,284,157472,19834560.0,OI1501
2014-06-09 09:48:00,6984,6984,6980,6982,532,157806,37154880.0,OI1501
2014-06-09 09:49:00,6982,6984,6982,6984,32,157802,2234880.0,OI1501
2014-06-09 09:50:00,6984,6984,6982,6984,46,157838,3212640.0,OI1501
2014-06-09 09:51:00,6984,6986,6984,6986,16,157826,1117440.0,OI1501
2014-06-09 09:52:00,6986,6986,6984,6984,48,157806,3352320.0,OI1501
2014-06-09 09:53:00,6984,6984,6982,6982,44,157842,3072960.0,OI1501
2014-06-09 09:54:00,6982,6982,6982,6982,50,157886,3492000.0,OI1501
2014-06-09 09:55:00,6984,6984,6984,6984,6,157884,419040.0,OI1501
2014-06-09 09:56:00,6984,6984,6984,6984,16,157874,1117440.0,OI1501
2014-06-09 09:57:00,6982,6984,6982,6984,68,157880,4749120.0,OI1501
2014-06-09 09:58:00,6986,6988,6984,6988,342,157966,23885280.0,OI1501
2014-06-09 09:59:00,6988,6990,6986,6986,300,158158,20952000.0,OI1501
2014-06-09 10:00:00,6986,6988,6986,6988,246,158198,17180640.0,OI1501
2014-06-09 10:01:00,6988,6990,6988,6990,116,158216,8101440.0,OI1501
2014-06-09 10:02:00,6992,6994,6988,6988,380,158374,26539200.0,OI1501
2014-06-09 10:03:00,6990,6992,6988,6990,324,158540,22628160.0,OI1501
2014-06-09 10:04:00,6990,6992,6988,6992,72,158556,5028480.0,OI1501
2014-06-09 10:05:00,6992,6994,6992,6992,216,158498,15089480.0,OI1501
2014-06-09 10:06:00,6992,6994,6990,6990,220,158614,15369200.0,OI1501
2014-06-09 10:07:00,6990,6992,6990,6992,46,158644,3213560.0,OI1501
2014-06-09 10:08:00,6990,6992,6990,6992,60,158662,4191600.0,OI1501
2014-06-09 10:09:00,6994,6994,6990,6990,132,158668,9221520.0,OI1501
2014-06-09 10:10:00,6988,6988,6988,6988,8,158668,558880.0,OI1501
2014-06-09 10:11:00,6990,6994,6990,6992,42,158686,2934120.0,OI1501
2014-06-09 10:12:00,6994,6994,6992,6992,120,158670,8383200.0,OI1501
2014-06-09 10:13:00,6992,6992,6992,6992,10,158664,698600.0,OI1501
2014-06-09 10:14:00,6992,6992,6990,6992,44,158662,3073840.0,OI1501
2014-06-09 10:30:00,6990,6992,6990,6990,106,158604,7405160.0,OI1501
2014-06-09 10:31:00,6990,6990,6990,6990,4,158600,279440.0,OI1501
2014-06-09 10:32:00,6992,6992,6990,6990,4,158596,279440.0,OI1501
2014-06-09 10:33:00,6990,6990,6990,6990,234,158434,16347240.0,OI1501
2014-06-09 10:34:00,6990,6990,6988,6988,228,158544,15928080.0,OI1501
2014-06-09 10:35:00,6988,6988,6986,6988,74,158600,5169640.0,OI1501
2014-06-09 10:37:00,6988,6990,6986,6990,104,158606,7265440.0,OI1501
2014-06-09 10:39:00,6986,6986,6986,6986,44,158642,3073840.0,OI1501
2014-06-09 10:40:00,6986,6988,6986,6986,44,158650,3073840.0,OI1501
2014-06-09 10:41:00,6986,6988,6982,6984,80,158666,5588800.0,OI1501
2014-06-09 10:42:00,6986,6986,6984,6984,26,158686,1816360.0,OI1501
2014-06-09 10:43:00,6984,6986,6982,6982,20,158694,1397200.0,OI1501
2014-06-09 10:44:00,6982,6982,6980,6980,282,158652,19700520.0,OI1501
2014-06-09 10:45:00,6982,6984,6978,6982,378,158934,26407080.0,OI1501
2014-06-09 10:46:00,6982,6984,6982,6984,54,158956,3772440.0,OI1501
2014-06-09 10:47:00,6982,6984,6980,6984,100,158978,6986000.0,OI1501
2014-06-09 10:48:00,6982,6984,6982,6984,94,159070,6566840.0,OI1501
2014-06-09 10:49:00,6984,6986,6984,6984,128,159060,8942080.0,OI1501
2014-06-09 10:50:00,6984,6984,6980,6980,188,158960,13133680.0,OI1501
2014-06-09 10:51:00,6980,6982,6980,6982,40,158940,2794400.0,OI1501
2014-06-09 10:52:00,6980,6980,6980,6980,52,158984,3632720.0,OI1501
2014-06-09 10:53:00,6980,6982,6976,6978,270,159152,18862200.0,OI1501
2014-06-09 10:54:00,6978,6982,6976,6982,126,159166,8802360.0,OI1501
2014-06-09 10:55:00,6980,6984,6980,6984,22,159156,1536920.0,OI1501
2014-06-09 10:56:00,6982,6982,6982,6982,14,159144,978040.0,OI1501
2014-06-09 10:57:00,6980,6982,6980,6982,4,159142,279440.0,OI1501
2014-06-09 10:58:00,6980,6982,6980,6982,12,159142,838320.0,OI1501
2014-06-09 10:59:00,6982,6982,6980,6982,14,159140,978040.0,OI1501
2014-06-09 11:00:00,6982,6982,6982,6982,32,159162,2235520.0,OI1501
2014-06-09 11:01:00,6982,6982,6982,6982,36,159162,2514960.0,OI1501
2014-06-09 11:02:00,6982,6984,6980,6984,86,159162,6007960.0,OI1501
2014-06-09 11:03:00,6982,6982,6982,6982,10,159162,698600.0,OI1501
2014-06-09 11:04:00,6982,6982,6982,6982,14,159164,978040.0,OI1501
2014-06-09 11:05:00,6982,6982,6978,6978,158,159172,11037880.0,OI1501
2014-06-09 11:06:00,6978,6978,6976,6978,150,159312,10479000.0,OI1501
2014-06-09 11:07:00,6978,6978,6976,6976,60,159354,4191600.0,OI1501
2014-06-09 11:08:00,6976,6978,6976,6978,86,159420,6006440.0,OI1501
2014-06-09 11:09:00,6976,6980,6976,6980,272,159606,18996480.0,OI1501
2014-06-09 11:10:00,6978,6980,6978,6980,80,159660,5587200.0,OI1501
2014-06-09 11:11:00,6982,6982,6980,6980,196,159818,13688640.0,OI1501
2014-06-09 11:12:00,6978,6980,6976,6976,120,159924,8380800.0,OI1501
2014-06-09 11:13:00,6976,6978,6974,6978,22,159918,1536480.0,OI1501
2014-06-09 11:14:00,6976,6978,6976,6978,50,159944,3492000.0,OI1501
2014-06-09 11:16:00,6978,6978,6974,6976,136,160036,9498240.0,OI1501
2014-06-09 11:17:00,6976,6976,6974,6974,10,160042,698400.0,OI1501
2014-06-09 11:19:00,6976,6978,6976,6978,96,160042,6704640.0,OI1501
2014-06-09 11:20:00,6978,6980,6976,6976,90,160050,6285600.0,OI1501
2014-06-09 11:21:00,6976,6976,6972,6972,350,160350,24444000.0,OI1501
2014-06-09 11:22:00,6972,6974,6970,6972,488,160438,34081920.0,OI1501
2014-06-09 11:23:00,6972,6976,6972,6976,148,160470,10336320.0,OI1501
2014-06-09 11:24:00,6978,6978,6972,6974,376,160732,26259840.0,OI1501
2014-06-09 11:25:00,6974,6978,6974,6978,512,160816,35758080.0,OI1501
2014-06-09 11:26:00,6978,6978,6976,6976,174,160960,12152160.0,OI1501
2014-06-09 11:27:00,6976,6980,6976,6978,242,161130,16901280.0,OI1501
2014-06-09 11:28:00,6978,6980,6976,6978,174,161250,12152160.0,OI1501
2014-06-09 11:29:00,6978,6980,6978,6980,90,161264,6285600.0,OI1501
2014-06-09 13:30:00,6978,6980,6976,6978,168,161332,11733120.0,OI1501
2014-06-09 13:31:00,6978,6978,6976,6978,216,161338,15085440.0,OI1501
2014-06-09 13:32:00,6976,6978,6976,6976,48,161346,3352320.0,OI1501
2014-06-09 13:33:00,6976,6976,6974,6974,110,161338,7680600.0,OI1501
2014-06-09 13:34:00,6974,6976,6974,6974,38,161330,2653160.0,OI1501
2014-06-09 13:35:00,6974,6978,6974,6978,46,161328,3211720.0,OI1501
2014-06-09 13:36:00,6978,6978,6978,6978,6,161328,418920.0,OI1501
2014-06-09 13:37:00,6978,6980,6978,6980,16,161322,1117120.0,OI1501
2014-06-09 13:38:00,6980,6980,6978,6980,286,161182,19968520.0,OI1501
2014-06-09 13:39:00,6980,6982,6980,6982,82,161148,5725240.0,OI1501
2014-06-09 13:40:00,6982,6984,6980,6984,256,161084,17873920.0,OI1501
2014-06-09 13:41:00,6984,6986,6984,6986,472,161070,32955040.0,OI1501
2014-06-09 13:42:00,6984,6986,6984,6986,100,161060,6982000.0,OI1501
2014-06-09 13:43:00,6984,6984,6984,6984,14,161056,977480.0,OI1501
2014-06-09 13:44:00,6982,6982,6980,6980,30,161070,2094600.0,OI1501
2014-06-09 13:45:00,6980,6982,6980,6982,6,161070,418920.0,OI1501
2014-06-09 13:46:00,6982,6982,6980,6980,10,161068,698200.0,OI1501
2014-06-09 13:47:00,6980,6980,6980,6980,40,161042,2792800.0,OI1501
2014-06-09 13:48:00,6980,6980,6976,6976,100,161076,6982000.0,OI1501
2014-06-09 13:49:00,6976,6980,6974,6980,60,161118,4189200.0,OI1501
2014-06-09 13:50:00,6982,6982,6978,6982,68,161132,4747760.0,OI1501
2014-06-09 13:51:00,6984,6986,6980,6986,442,160962,30860440.0,OI1501
2014-06-09 13:52:00,6982,6984,6982,6984,16,160950,1117120.0,OI1501
2014-06-09 13:53:00,6984,6984,6984,6984,22,160940,1536040.0,OI1501
2014-06-09 13:54:00,6984,6984,6984,6984,4,160940,279280.0,OI1501
2014-06-09 13:55:00,6982,6984,6982,6984,134,160816,9355880.0,OI1501
2014-06-09 13:56:00,6982,6984,6980,6980,80,160848,5585600.0,OI1501
2014-06-09 13:57:00,6982,6982,6980,6980,46,160856,3211720.0,OI1501
2014-06-09 13:58:00,6980,6982,6978,6982,84,160898,5864880.0,OI1501
2014-06-09 13:59:00,6982,6982,6978,6980,172,160850,12009040.0,OI1501
2014-06-09 14:00:00,6980,6980,6980,6980,226,160820,15779320.0,OI1501
2014-06-09 14:01:00,6980,6980,6980,6980,42,160818,2932440.0,OI1501
2014-06-09 14:02:00,6980,6980,6980,6980,74,160784,5166680.0,OI1501
2014-06-09 14:03:00,6980,6980,6980,6980,60,160746,4189200.0,OI1501
2014-06-09 14:04:00,6980,6982,6980,6982,106,160746,7400920.0,OI1501
2014-06-09 14:05:00,6982,6986,6982,6986,176,160702,12288320.0,OI1501
2014-06-09 14:06:00,6986,6986,6984,6986,54,160686,3770280.0,OI1501
2014-06-09 14:07:00,6984,6986,6982,6982,38,160688,2653160.0,OI1501
2014-06-09 14:08:00,6982,6982,6982,6982,6,160690,418920.0,OI1501
2014-06-09 14:09:00,6982,6984,6982,6984,32,160674,2234240.0,OI1501
2014-06-09 14:10:00,6982,6984,6982,6984,4,160674,279280.0,OI1501
2014-06-09 14:11:00,6984,6984,6982,6982,250,160650,17455000.0,OI1501
2014-06-09 14:12:00,6982,6986,6982,6986,244,160534,17036080.0,OI1501
2014-06-09 14:13:00,6984,6986,6984,6986,314,160364,21923480.0,OI1501
2014-06-09 14:14:00,6984,6984,6984,6984,102,160324,7121640.0,OI1501
2014-06-09 14:15:00,6984,6984,6984,6984,6,160320,418920.0,OI1501
2014-06-09 14:16:00,6982,6982,6982,6982,22,160340,1536040.0,OI1501
2014-06-09 14:17:00,6984,6984,6982,6982,24,160336,1675680.0,OI1501
2014-06-09 14:18:00,6982,6982,6980,6982,34,160346,2373880.0,OI1501
2014-06-09 14:19:00,6980,6982,6978,6980,314,160182,21923480.0,OI1501
2014-06-09 14:20:00,6984,6984,6982,6982,62,160124,4328840.0,OI1501
2014-06-09 14:21:00,6984,6984,6984,6984,4,160126,279280.0,OI1501
2014-06-09 14:23:00,6982,6982,6980,6980,144,160176,10054080.0,OI1501
2014-06-09 14:24:00,6980,6984,6980,6982,136,160218,9495520.0,OI1501
2014-06-09 14:25:00,6984,6984,6980,6982,40,160230,2792800.0,OI1501
2014-06-09 14:26:00,6982,6984,6982,6984,158,160232,11031560.0,OI1501
2014-06-09 14:27:00,6984,6986,6980,6986,290,160132,20247800.0,OI1501
2014-06-09 14:28:00,6984,6986,6982,6984,72,160102,5027040.0,OI1501
2014-06-09 14:31:00,6982,6982,6982,6982,46,160142,3211720.0,OI1501
2014-06-09 14:32:00,6984,6984,6982,6984,98,160130,6842360.0,OI1501
2014-06-09 14:33:00,6984,6984,6984,6984,26,160128,1815320.0,OI1501
2014-06-09 14:34:00,6986,6986,6982,6982,26,160132,1815320.0,OI1501
2014-06-09 14:35:00,6988,6988,6984,6984,588,160070,41065920.0,OI1501
2014-06-09 14:36:00,6986,6988,6982,6986,358,160034,25002720.0,OI1501
2014-06-09 14:37:00,6988,6988,6982,6982,80,160036,5587200.0,OI1501
2014-06-09 14:38:00,6982,6986,6982,6984,152,160142,10615680.0,OI1501
2014-06-09 14:39:00,6982,6990,6982,6988,456,160074,31847040.0,OI1501
2014-06-09 14:40:00,6986,6988,6986,6986,86,160062,6006240.0,OI1501
2014-06-09 14:41:00,6986,6986,6986,6986,22,160060,1536480.0,OI1501
2014-06-09 14:42:00,6986,6986,6986,6986,4,160056,279360.0,OI1501
2014-06-09 14:43:00,6986,6988,6986,6986,108,160136,7542720.0,OI1501
2014-06-09 14:44:00,6986,6990,6986,6990,146,160068,10196640.0,OI1501
2014-06-09 14:45:00,6988,6990,6988,6988,110,160154,7682400.0,OI1501
2014-06-09 14:46:00,6988,6988,6988,6988,124,160124,8660160.0,OI1501
2014-06-09 14:47:00,6988,6992,6988,6988,166,160066,11593440.0,OI1501
2014-06-09 14:48:00,6988,6990,6988,6988,70,160000,4888800.0,OI1501
2014-06-09 14:49:00,6988,6990,6986,6990,106,159930,7403040.0,OI1501
2014-06-09 14:50:00,6990,6990,6986,6988,118,159942,8241120.0,OI1501
2014-06-09 14:51:00,6988,6988,6982,6982,508,160364,35478720.0,OI1501
2014-06-09 14:52:00,6984,6986,6980,6982,714,160544,49865760.0,OI1501
2014-06-09 14:53:00,6982,6982,6978,6980,368,160652,25701120.0,OI1501
2014-06-09 14:54:00,6978,6986,6978,6978,562,160728,39250080.0,OI1501
2014-06-09 14:55:00,6984,6988,6980,6980,676,160764,47211840.0,OI1501
2014-06-09 14:56:00,6984,6984,6982,6982,184,160910,12850560.0,OI1501
2014-06-09 14:57:00,6982,6982,6980,6980,324,161022,22628160.0,OI1501
2014-06-09 14:58:00,6980,6980,6976,6976,472,161230,32964480.0,OI1501
2014-06-09 14:59:00,6976,6978,6974,6976,492,161440,34361280.0,OI1501
2014-06-10 09:00:00,6990,6992,6988,6990,370,161404,25863000.0,OI1501
2014-06-10 09:01:00,6990,6992,6986,6988,314,161460,21948600.0,OI1501
2014-06-10 09:02:00,6988,6996,6988,6994,240,161546,16776000.0,OI1501
2014-06-10 09:03:00,6994,6996,6992,6994,198,161556,13842400.0,OI1501
2014-06-10 09:04:00,6994,6994,6990,6994,256,161660,17899520.0,OI1501
2014-06-10 09:05:00,6994,7000,6994,6998,872,161512,60977000.0,OI1501
2014-06-10 09:06:00,6998,6998,6988,6992,920,162224,64344800.0,OI1501
2014-06-10 09:07:00,6992,6994,6990,6992,358,162412,25038520.0,OI1501
2014-06-10 09:08:00,6994,6994,6990,6990,470,162686,32871800.0,OI1501
2014-06-10 09:09:00,6990,6992,6986,6988,326,162740,22795000.0,OI1501
2014-06-10 09:10:00,6990,6990,6984,6986,358,162916,25031360.0,OI1501
2014-06-10 09:11:00,6988,6988,6984,6984,168,162906,11746560.0,OI1501
2014-06-10 09:12:00,6984,6986,6984,6984,118,162956,8250560.0,OI1501
2014-06-10 09:13:00,6986,6986,6984,6986,212,162998,14823040.0,OI1501
2014-06-10 09:14:00,6984,6986,6982,6986,72,163004,5034240.0,OI1501
2014-06-10 09:15:00,6986,6992,6986,6990,248,163080,17340160.0,OI1501
2014-06-10 09:16:00,6990,6990,6986,6988,144,163108,10068480.0,OI1501
2014-06-10 09:17:00,6988,6988,6986,6988,36,163116,2517120.0,OI1501
2014-06-10 09:18:00,6988,6990,6988,6988,12,163114,839040.0,OI1501
2014-06-10 09:19:00,6988,6988,6988,6988,30,163126,2097600.0,OI1501
2014-06-10 09:20:00,6988,6988,6988,6988,12,163132,839040.0,OI1501
2014-06-10 09:21:00,6986,6988,6986,6988,42,163136,2936640.0,OI1501
2014-06-10 09:22:00,6990,6990,6988,6988,118,163254,8250560.0,OI1501
2014-06-10 09:23:00,6990,6990,6990,6990,138,163380,9648960.0,OI1501
2014-06-10 09:24:00,6992,6992,6988,6988,250,163304,17480000.0,OI1501
2014-06-10 09:25:00,6988,6990,6986,6986,98,163348,6852160.0,OI1501
2014-06-10 09:26:00,6986,6990,6986,6990,254,163350,17759680.0,OI1501
2014-06-10 09:27:00,6992,6992,6986,6990,478,163146,33421760.0,OI1501
2014-06-10 09:28:00,6988,6988,6988,6988,24,163148,1678080.0,OI1501
2014-06-10 09:29:00,6988,6990,6984,6984,544,163360,38026920.0,OI1501
2014-06-10 09:30:00,6984,6988,6984,6988,186,163462,13001400.0,OI1501
2014-06-10 09:31:00,6988,6988,6988,6988,4,163464,279600.0,OI1501
2014-06-10 09:32:00,6990,6990,6988,6988,96,163534,6710400.0,OI1501
2014-06-10 09:33:00,6990,6990,6988,6988,36,163530,2516400.0,OI1501
2014-06-10 09:34:00,6990,6990,6988,6988,310,163342,21669000.0,OI1501
2014-06-10 09:35:00,6988,6988,6984,6986,202,163300,14119800.0,OI1501
2014-06-10 09:36:00,6986,6986,6986,6986,138,163216,9646200.0,OI1501
2014-06-10 09:37:00,6986,6988,6984,6986,118,163134,8248200.0,OI1501
2014-06-10 09:38:00,6986,6988,6986,6988,220,163064,15378000.0,OI1501
2014-06-10 09:39:00,6988,6988,6988,6988,158,163064,11044200.0,OI1501
2014-06-10 09:40:00,6988,6990,6986,6988,440,163020,30756000.0,OI1501
2014-06-10 09:41:00,6992,6992,6988,6988,240,162890,16776000.0,OI1501
2014-06-10 09:42:00,6988,6992,6988,6992,226,162714,15797400.0,OI1501
2014-06-10 09:43:00,6990,6992,6988,6992,108,162748,7549200.0,OI1501
2014-06-10 09:44:00,6990,6990,6982,6982,542,162974,37885800.0,OI1501
2014-06-10 09:45:00,6984,6986,6984,6984,22,162982,1537800.0,OI1501
2014-06-10 09:46:00,6986,6986,6984,6984,158,163110,11044200.0,OI1501
2014-06-10 09:47:00,6984,6990,6984,6990,326,162906,22787400.0,OI1501
2014-06-10 09:48:00,6990,6990,6988,6988,108,162868,7549200.0,OI1501
2014-06-10 09:49:00,6986,6986,6984,6984,276,162882,19292400.0,OI1501
2014-06-10 09:50:00,6984,6986,6984,6986,22,162882,1537800.0,OI1501
2014-06-10 09:51:00,6984,6984,6984,6984,106,162880,7409400.0,OI1501
2014-06-10 09:52:00,6984,6984,6982,6984,104,162944,7269600.0,OI1501
2014-06-10 09:53:00,6984,6984,6984,6984,102,162946,7129800.0,OI1501
2014-06-10 09:54:00,6984,6986,6984,6984,36,162922,2516400.0,OI1501
2014-06-10 09:55:00,6984,6984,6984,6984,60,162924,4194000.0,OI1501
2014-06-10 09:56:00,6984,6990,6984,6988,536,162576,37466400.0,OI1501
2014-06-10 09:57:00,6986,6988,6986,6986,94,162592,6570600.0,OI1501
2014-06-10 09:58:00,6982,6984,6982,6984,312,162742,21808800.0,OI1501
2014-06-10 09:59:00,6982,6984,6982,6984,26,162736,1817400.0,OI1501
2014-06-10 10:00:00,6984,6984,6984,6984,6,162736,419400.0,OI1501
2014-06-10 10:01:00,6986,6986,6984,6984,10,162734,699000.0,OI1501
2014-06-10 10:02:00,6984,6984,6982,6982,38,162726,2656200.0,OI1501
2014-06-10 10:03:00,6982,6984,6972,6974,352,162762,24604800.0,OI1501
2014-06-10 10:04:00,6976,6976,6972,6976,146,162802,10205400.0,OI1501
2014-06-10 10:05:00,6978,6978,6964,6972,522,162896,36478000.0,OI1501
2014-06-10 10:06:00,6974,6976,6974,6974,200,162854,13976000.0,OI1501
2014-06-10 10:07:00,6976,6978,6974,6976,134,162936,9363920.0,OI1501
2014-06-10 10:08:00,6976,6978,6974,6978,66,162962,4612080.0,OI1501
2014-06-10 10:09:00,6978,6978,6974,6978,82,162898,5730160.0,OI1501
2014-06-10 10:10:00,6980,6980,6978,6980,144,162796,10062720.0,OI1501
2014-06-10 10:11:00,6978,6980,6978,6978,28,162814,1956640.0,OI1501
2014-06-10 10:12:00,6980,6980,6980,6980,62,162838,4332560.0,OI1501
2014-06-10 10:13:00,6982,6986,6980,6982,316,162670,22082080.0,OI1501
2014-06-10 10:14:00,6982,6990,6982,6990,658,162382,45981040.0,OI1501
2014-06-10 10:30:00,6990,6990,6984,6984,238,162506,16631440.0,OI1501
2014-06-10 10:31:00,6984,6986,6978,6982,426,162686,29768880.0,OI1501
2014-06-10 10:32:00,6982,6984,6982,6984,36,162678,2515680.0,OI1501
2014-06-10 10:33:00,6984,6984,6984,6984,40,162678,2795200.0,OI1501
2014-06-10 10:34:00,6980,6984,6980,6982,268,162630,18727840.0,OI1501
2014-06-10 10:35:00,6982,6984,6982,6984,40,162626,2795200.0,OI1501
2014-06-10 10:36:00,6984,6986,6982,6984,146,162550,10202480.0,OI1501
2014-06-10 10:37:00,6984,6988,6982,6984,502,162298,35079760.0,OI1501
2014-06-10 10:38:00,6982,6986,6982,6986,458,162228,32005040.0,OI1501
2014-06-10 10:39:00,6986,6990,6986,6990,954,162116,66665520.0,OI1501
2014-06-10 10:40:00,6990,6990,6986,6986,506,162082,35359280.0,OI1501
2014-06-10 10:41:00,6984,6986,6982,6982,94,162070,6568720.0,OI1501
2014-06-10 10:42:00,6982,6982,6980,6982,358,162042,25017040.0,OI1501
2014-06-10 10:43:00,6982,6988,6982,6986,346,161796,24178480.0,OI1501
2014-06-10 10:44:00,6986,6986,6986,6986,20,161778,1397600.0,OI1501
2014-06-10 10:45:00,6988,6988,6986,6986,278,161620,19426640.0,OI1501
2014-06-10 10:46:00,6986,6986,6984,6986,102,161570,7127760.0,OI1501
2014-06-10 10:47:00,6986,6988,6984,6986,216,161388,15094080.0,OI1501
2014-06-10 10:48:00,6986,6986,6986,6986,10,161384,698800.0,OI1501
2014-06-10 10:49:00,6986,6986,6986,6986,12,161382,838560.0,OI1501
2014-06-10 10:50:00,6988,6988,6988,6988,60,161328,4192800.0,OI1501
2014-06-10 10:51:00,6990,6990,6986,6988,26,161312,1816880.0,OI1501
2014-06-10 10:52:00,6988,6988,6988,6988,14,161310,978320.0,OI1501
2014-06-10 10:53:00,6988,6988,6986,6988,56,161324,3913280.0,OI1501
2014-06-10 10:54:00,6990,6990,6988,6988,78,161302,5450640.0,OI1501
2014-06-10 10:55:00,6988,6988,6986,6986,28,161294,1956640.0,OI1501
2014-06-10 10:56:00,6988,6988,6986,6986,30,161278,2096400.0,OI1501
2014-06-10 10:57:00,6986,6988,6986,6986,158,161282,11041040.0,OI1501
2014-06-10 10:58:00,6986,6986,6984,6986,46,161262,3214480.0,OI1501
2014-06-10 10:59:00,6984,6986,6984,6984,48,161270,3354240.0,OI1501
2014-06-10 11:00:00,6984,6984,6984,6984,20,161256,1397600.0,OI1501
2014-06-10 11:01:00,6986,6988,6986,6988,200,161200,13976000.0,OI1501
2014-06-10 11:02:00,6986,6988,6986,6988,16,161198,1118080.0,OI1501
2014-06-10 11:03:00,6986,6986,6986,6986,44,161164,3074720.0,OI1501
2014-06-10 11:04:00,6986,6986,6986,6986,16,161180,1118080.0,OI1501
2014-06-10 11:05:00,6986,6986,6986,6986,2,161182,139760.0,OI1501
2014-06-10 11:06:00,6986,6986,6986,6986,8,161184,559040.0,OI1501
2014-06-10 11:07:00,6986,6986,6986,6986,40,161184,2795200.0,OI1501
2014-06-10 11:08:00,6986,6988,6986,6988,172,161092,12019360.0,OI1501
2014-06-10 11:09:00,6990,6990,6986,6988,208,161070,14535040.0,OI1501
2014-06-10 11:10:00,6988,6988,6988,6988,12,161076,838560.0,OI1501
2014-06-10 11:11:00,6988,6988,6988,6988,14,161080,978320.0,OI1501
2014-06-10 11:12:00,6988,6990,6986,6990,214,161018,14954320.0,OI1501
2014-06-10 11:13:00,6988,6990,6986,6988,88,161044,6149440.0,OI1501
2014-06-10 11:14:00,6988,6990,6984,6988,276,161212,19286880.0,OI1501
2014-06-10 11:15:00,6984,6988,6984,6986,548,161540,38294240.0,OI1501
2014-06-10 11:16:00,6986,6986,6984,6984,10,161536,698800.0,OI1501
2014-06-10 11:17:00,6984,6984,6984,6984,2,161534,139760.0,OI1501
2014-06-10 11:18:00,6984,6986,6984,6986,120,161514,8385600.0,OI1501
2014-06-10 11:19:00,6986,6986,6984,6984,118,161474,8245840.0,OI1501
2014-06-10 11:20:00,6984,6984,6984,6984,50,161472,3494000.0,OI1501
2014-06-10 11:21:00,6984,6984,6984,6984,12,161474,838560.0,OI1501
2014-06-10 11:22:00,6984,6984,6982,6984,82,161500,5730160.0,OI1501
2014-06-10 11:24:00,6982,6982,6978,6978,98,161502,6848240.0,OI1501
2014-06-10 11:25:00,6980,6980,6976,6976,186,161392,12997680.0,OI1501
2014-06-10 11:26:00,6976,6980,6976,6978,104,161332,7267520.0,OI1501
2014-06-10 11:27:00,6980,6982,6980,6982,52,161336,3633760.0,OI1501
2014-06-10 11:28:00,6982,6982,6980,6982,50,161308,3494000.0,OI1501
2014-06-10 11:29:00,6982,6982,6978,6982,80,161358,5590400.0,OI1501
2014-06-10 13:30:00,6980,6982,6978,6980,128,161428,8944640.0,OI1501
2014-06-10 13:31:00,6980,6980,6978,6978,48,161428,3354240.0,OI1501
2014-06-10 13:32:00,6978,6978,6978,6978,8,161432,559040.0,OI1501
2014-06-10 13:33:00,6978,6980,6978,6980,26,161430,1816880.0,OI1501
2014-06-10 13:34:00,6980,6986,6980,6982,308,161372,21523040.0,OI1501
2014-06-10 13:35:00,6982,6982,6982,6982,86,161432,6009680.0,OI1501
2014-06-10 13:36:00,6980,6980,6978,6980,58,161432,4051920.0,OI1501
2014-06-10 13:37:00,6978,6978,6978,6978,20,161432,1397200.0,OI1501
2014-06-10 13:38:00,6980,6986,6980,6986,146,161374,10199560.0,OI1501
2014-06-10 13:39:00,6982,6986,6982,6984,278,161512,19421080.0,OI1501
2014-06-10 13:40:00,6984,6986,6984,6986,52,161514,3632720.0,OI1501
2014-06-10 13:41:00,6986,6986,6986,6986,126,161558,8802360.0,OI1501
2014-06-10 13:42:00,6986,6988,6984,6986,162,161478,11317320.0,OI1501
2014-06-10 13:43:00,6986,6986,6986,6986,54,161530,3772440.0,OI1501
2014-06-10 13:44:00,6986,6986,6984,6986,10,161536,698600.0,OI1501
2014-06-10 13:45:00,6986,6986,6982,6984,164,161680,11457040.0,OI1501
2014-06-10 13:46:00,6984,6984,6984,6984,22,161700,1536920.0,OI1501
2014-06-10 13:47:00,6984,6984,6984,6984,60,161706,4191600.0,OI1501
2014-06-10 13:48:00,6984,6986,6984,6984,38,161724,2654680.0,OI1501
2014-06-10 13:49:00,6984,6984,6982,6984,56,161734,3912160.0,OI1501
2014-06-10 13:50:00,6984,6984,6982,6984,114,161772,7964040.0,OI1501
2014-06-10 13:51:00,6984,6988,6984,6984,460,161486,32135600.0,OI1501
2014-06-10 13:52:00,6984,6986,6984,6986,212,161484,14810320.0,OI1501
2014-06-10 13:53:00,6984,6984,6978,6978,494,161252,34510840.0,OI1501
2014-06-10 13:54:00,6978,6978,6976,6976,194,161320,13552840.0,OI1501
2014-06-10 13:55:00,6976,6976,6972,6974,396,161302,27664560.0,OI1501
2014-06-10 13:56:00,6974,6974,6972,6972,136,161212,9500960.0,OI1501
2014-06-10 13:57:00,6972,6974,6972,6974,26,161206,1816360.0,OI1501
2014-06-10 13:58:00,6974,6976,6972,6976,460,161226,32135600.0,OI1501
2014-06-10 13:59:00,6974,6976,6972,6974,482,161206,33672520.0,OI1501
2014-06-10 14:00:00,6974,6976,6974,6976,16,161212,1117760.0,OI1501
2014-06-10 14:01:00,6976,6976,6976,6976,12,161220,838320.0,OI1501
2014-06-10 14:02:00,6976,6976,6974,6976,176,161224,12295360.0,OI1501
2014-06-10 14:03:00,6976,6978,6976,6976,468,161174,32694480.0,OI1501
2014-06-10 14:05:00,6978,6978,6976,6978,424,161142,29620640.0,OI1501
2014-06-10 14:06:00,6978,6978,6978,6978,432,161150,30179520.0,OI1501
2014-06-10 14:07:00,6978,6978,6978,6978,418,161154,29201480.0,OI1501
2014-06-10 14:08:00,6978,6978,6976,6978,416,161136,29061760.0,OI1501
2014-06-10 14:09:00,6976,6978,6976,6978,26,161160,1816360.0,OI1501
2014-06-10 14:10:00,6976,6976,6976,6976,2,161160,139720.0,OI1501
2014-06-10 14:11:00,6978,6978,6976,6978,466,161208,32554760.0,OI1501
2014-06-10 14:12:00,6976,6980,6974,6980,200,161192,13972000.0,OI1501
2014-06-10 14:13:00,6980,6980,6980,6980,206,161186,14391160.0,OI1501
2014-06-10 14:14:00,6978,6980,6976,6976,54,161198,3772440.0,OI1501
2014-06-10 14:15:00,6980,6980,6978,6978,4,161196,279440.0,OI1501
2014-06-10 14:16:00,6976,6976,6972,6972,448,160996,31297280.0,OI1501
2014-06-10 14:17:00,6970,6970,6968,6970,264,160976,18443040.0,OI1501
2014-06-10 14:18:00,6970,6970,6970,6970,46,160970,3213560.0,OI1501
2014-06-10 14:19:00,6970,6972,6970,6970,194,160900,13550960.0,OI1501
2014-06-10 14:20:00,6972,6972,6972,6972,440,160864,30729600.0,OI1501
2014-06-10 14:21:00,6972,6974,6972,6974,662,160714,46234080.0,OI1501
2014-06-10 14:22:00,6974,6974,6974,6974,10,160706,698400.0,OI1501
2014-06-10 14:23:00,6974,6974,6974,6974,158,160550,11034720.0,OI1501
2014-06-10 14:24:00,6974,6974,6974,6974,44,160508,3072960.0,OI1501
2014-06-10 14:25:00,6976,6976,6974,6974,12,160506,838080.0,OI1501
2014-06-10 14:26:00,6974,6974,6974,6974,36,160532,2514240.0,OI1501
2014-06-10 14:27:00,6974,6978,6974,6978,372,160188,25980480.0,OI1501
2014-06-10 14:28:00,6978,6978,6976,6976,206,160034,14387040.0,OI1501
2014-06-10 14:29:00,6974,6974,6974,6974,12,160030,838080.0,OI1501
2014-06-10 14:30:00,6974,6974,6970,6970,128,160130,8939520.0,OI1501
2014-06-10 14:31:00,6970,6972,6970,6970,220,160242,15364800.0,OI1501
2014-06-10 14:32:00,6968,6972,6968,6972,86,160320,6006240.0,OI1501
2014-06-10 14:33:00,6974,6974,6974,6974,20,160320,1396800.0,OI1501
2014-06-10 14:34:00,6972,6972,6972,6972,6,160322,419040.0,OI1501
2014-06-10 14:35:00,6974,6976,6974,6974,582,160398,40646880.0,OI1501
2014-06-10 14:36:00,6974,6976,6974,6976,104,160416,7263360.0,OI1501
2014-06-10 14:37:00,6974,6976,6974,6974,26,160412,1815840.0,OI1501
2014-06-10 14:38:00,6974,6976,6974,6974,478,160390,33383520.0,OI1501
2014-06-10 14:39:00,6972,6974,6972,6972,66,160440,4609440.0,OI1501
2014-06-10 14:40:00,6974,6978,6974,6976,74,160452,5168160.0,OI1501
2014-06-10 14:41:00,6976,6978,6976,6978,16,160450,1117440.0,OI1501
2014-06-10 14:42:00,6978,6978,6976,6976,78,160472,5447520.0,OI1501
2014-06-10 14:43:00,6976,6976,6972,6972,134,160414,9358560.0,OI1501
2014-06-10 14:44:00,6972,6974,6970,6970,580,160324,40507200.0,OI1501
2014-06-10 14:45:00,6970,6972,6970,6972,40,160316,2793600.0,OI1501
2014-06-10 14:46:00,6970,6970,6968,6970,278,160278,19415520.0,OI1501
2014-06-10 14:47:00,6970,6970,6968,6970,76,160292,5307840.0,OI1501
2014-06-10 14:48:00,6970,6970,6968,6970,114,160290,7961760.0,OI1501
2014-06-10 14:49:00,6968,6974,6968,6974,174,160194,12152160.0,OI1501
2014-06-10 14:50:00,6974,6976,6970,6972,528,159734,36875520.0,OI1501
2014-06-10 14:51:00,6972,6972,6970,6970,492,159450,34361280.0,OI1501
2014-06-10 14:52:00,6970,6970,6970,6970,38,159418,2653920.0,OI1501
2014-06-10 14:53:00,6972,6972,6968,6968,152,159362,10615680.0,OI1501
2014-06-10 14:54:00,6970,6972,6970,6970,46,159326,3212640.0,OI1501
2014-06-10 14:55:00,6970,6974,6968,6974,602,158820,42034000.0,OI1501
2014-06-10 14:56:00,6974,6978,6974,6974,1156,157956,80711920.0,OI1501
2014-06-10 14:57:00,6974,6980,6974,6978,552,157522,38540640.0,OI1501
2014-06-10 14:58:00,6976,6980,6976,6978,604,157000,42171280.0,OI1501
2014-06-10 14:59:00,6978,6982,6978,6982,920,156432,64234400.0,OI1501
2014-06-11 09:00:00,6972,6978,6972,6978,322,156488,22459360.0,OI1501
2014-06-11 09:01:00,6980,6982,6978,6978,192,156636,13397280.0,OI1501
2014-06-11 09:02:00,6978,6980,6976,6980,122,156680,8513160.0,OI1501
2014-06-11 09:03:00,6980,6982,6978,6980,202,156730,14095560.0,OI1501
2014-06-11 09:04:00,6982,6984,6980,6982,376,156930,26242360.0,OI1501
2014-06-11 09:05:00,6980,6988,6980,6988,590,157114,41182000.0,OI1501
2014-06-11 09:06:00,6986,6994,6984,6994,562,157052,39238840.0,OI1501
2014-06-11 09:07:00,6994,7012,6994,7006,1410,156740,98524040.0,OI1501
2014-06-11 09:08:00,7006,7006,6996,6998,532,156870,37197440.0,OI1501
2014-06-11 09:09:00,6996,7000,6994,6996,416,157194,29089000.0,OI1501
2014-06-11 09:10:00,6996,6996,6988,6990,410,157444,28675080.0,OI1501
2014-06-11 09:11:00,6988,6990,6988,6988,130,157562,9089600.0,OI1501
2014-06-11 09:12:00,6988,6988,6980,6984,380,157806,26569600.0,OI1501
2014-06-11 09:13:00,6984,6986,6976,6976,606,158036,42371520.0,OI1501
2014-06-11 09:14:00,6974,6978,6974,6976,364,158070,25445440.0,OI1501
2014-06-11 09:15:00,6976,6980,6976,6980,162,158098,11323800.0,OI1501
2014-06-11 09:16:00,6982,6984,6982,6982,70,158092,4893000.0,OI1501
2014-06-11 09:17:00,6982,6982,6978,6980,154,158034,10764600.0,OI1501
2014-06-11 09:18:00,6978,6980,6972,6972,310,157948,21669000.0,OI1501
2014-06-11 09:19:00,6972,6982,6972,6982,118,157960,8248200.0,OI1501
2014-06-11 09:20:00,6980,6980,6980,6980,56,157920,3914400.0,OI1501
2014-06-11 09:21:00,6980,6982,6980,6982,44,157888,3075600.0,OI1501
2014-06-11 09:22:00,6982,6982,6978,6980,130,157930,9085080.0,OI1501
2014-06-11 09:23:00,6980,6982,6978,6980,250,158128,17470000.0,OI1501
2014-06-11 09:24:00,6978,6982,6978,6980,128,158122,8944640.0,OI1501
2014-06-11 09:25:00,6980,6980,6978,6978,30,158132,2096400.0,OI1501
2014-06-11 09:26:00,6978,6978,6978,6978,6,158136,419280.0,OI1501
2014-06-11 09:27:00,6978,6978,6978,6978,4,158136,279520.0,OI1501
2014-06-11 09:28:00,6980,6980,6978,6978,20,158142,1397600.0,OI1501
2014-06-11 09:29:00,6982,6982,6978,6978,76,158138,5310880.0,OI1501
2014-06-11 09:30:00,6980,6980,6978,6978,6,158138,419280.0,OI1501
2014-06-11 09:31:00,6978,6980,6976,6976,70,158160,4891600.0,OI1501
2014-06-11 09:32:00,6976,6976,6974,6976,26,158176,1816880.0,OI1501
2014-06-11 09:33:00,6976,6978,6976,6978,38,158164,2655440.0,OI1501
2014-06-11 09:34:00,6978,6980,6978,6978,14,158166,978320.0,OI1501
2014-06-11 09:35:00,6978,6980,6978,6980,32,158152,2236160.0,OI1501
2014-06-11 09:36:00,6978,6980,6978,6978,30,158144,2096400.0,OI1501
2014-06-11 09:37:00,6978,6980,6978,6980,96,158122,6708480.0,OI1501
2014-06-11 09:38:00,6980,6980,6976,6980,18,158128,1257840.0,OI1501
2014-06-11 09:39:00,6980,6980,6980,6980,40,158094,2795200.0,OI1501
2014-06-11 09:40:00,6980,6982,6978,6978,76,158126,5310880.0,OI1501
2014-06-11 09:41:00,6980,6982,6980,6980,218,158298,15233840.0,OI1501
2014-06-11 09:42:00,6982,6984,6982,6984,252,158400,17609760.0,OI1501
2014-06-11 09:43:00,6984,6984,6982,6982,78,158454,5450640.0,OI1501
2014-06-11 09:44:00,6982,6984,6982,6982,118,158508,8245840.0,OI1501
2014-06-11 09:45:00,6982,6988,6982,6986,258,158356,18029040.0,OI1501
2014-06-11 09:46:00,6984,6986,6980,6980,328,158614,22920640.0,OI1501
2014-06-11 09:47:00,6980,6980,6976,6978,796,159194,55613160.0,OI1501
2014-06-11 09:48:00,6976,6980,6976,6976,382,159210,26686520.0,OI1501
2014-06-11 09:49:00,6978,6980,6974,6976,432,159364,30179520.0,OI1501
2014-06-11 09:50:00,6976,6984,6976,6980,436,159134,30458960.0,OI1501
2014-06-11 09:51:00,6978,6982,6978,6980,114,159088,7964040.0,OI1501
2014-06-11 09:52:00,6980,6984,6980,6982,256,158926,17884160.0,OI1501
2014-06-11 09:53:00,6982,6982,6980,6980,56,158880,3912160.0,OI1501
2014-06-11 09:54:00,6980,6984,6978,6982,242,158780,16906120.0,OI1501
2014-06-11 09:55:00,6982,6982,6980,6980,68,158774,4750480.0,OI1501
2014-06-11 09:56:00,6980,6982,6980,6980,64,158762,4471040.0,OI1501
2014-06-11 09:57:00,6980,6980,6976,6980,414,158796,28922040.0,OI1501
2014-06-11 09:58:00,6980,6982,6978,6978,746,159086,52115560.0,OI1501
2014-06-11 09:59:00,6978,6980,6974,6978,358,159224,25009880.0,OI1501
2014-06-11 10:00:00,6976,6980,6970,6974,1148,159880,80176720.0,OI1501
2014-06-11 10:01:00,6972,6980,6972,6976,616,160102,43021440.0,OI1501
2014-06-11 10:02:00,6976,6976,6966,6966,660,159900,46094400.0,OI1501
2014-06-11 10:03:00,6968,6968,6956,6960,862,159852,60192280.0,OI1501
2014-06-11 10:04:00,6962,6964,6960,6964,812,160042,56693840.0,OI1501
2014-06-11 10:05:00,6964,6966,6964,6966,226,160146,15779320.0,OI1501
2014-06-11 10:06:00,6966,6968,6964,6966,244,160266,17036080.0,OI1501
2014-06-11 10:07:00,6964,6964,6960,6964,130,160334,9076600.0,OI1501
2014-06-11 10:08:00,6964,6964,6962,6964,56,160348,3908840.0,OI1501
2014-06-11 10:09:00,6964,6970,6964,6970,292,160320,20381600.0,OI1501
2014-06-11 10:10:00,6970,6970,6968,6968,120,160254,8376000.0,OI1501
2014-06-11 10:11:00,6970,6970,6966,6966,272,160248,18985600.0,OI1501
2014-06-11 10:12:00,6966,6968,6966,6966,40,160242,2792000.0,OI1501
2014-06-11 10:13:00,6968,6970,6966,6966,96,160162,6700800.0,OI1501
2014-06-11 10:14:00,6968,6968,6964,6964,410,160168,28618000.0,OI1501
2014-06-11 10:30:00,6964,6966,6962,6964,276,160058,19264800.0,OI1501
2014-06-11 10:31:00,6964,6966,6962,6966,252,160046,17589600.0,OI1501
2014-06-11 10:32:00,6966,6966,6962,6962,88,160054,6142400.0,OI1501
2014-06-11 10:33:00,6962,6962,6960,6962,224,159992,15635200.0,OI1501
2014-06-11 10:34:00,6962,6964,6962,6964,22,159982,1535600.0,OI1501
2014-06-11 10:35:00,6964,6966,6962,6966,150,159908,10470000.0,OI1501
2014-06-11 10:36:00,6966,6966,6962,6966,140,159778,9772000.0,OI1501
2014-06-11 10:37:00,6966,6966,6966,6966,52,159772,3629600.0,OI1501
2014-06-11 10:38:00,6966,6966,6966,6966,138,159786,9632400.0,OI1501
2014-06-11 10:39:00,6964,6968,6964,6966,164,159764,11447200.0,OI1501
2014-06-11 10:40:00,6966,6966,6966,6966,170,159722,11864240.0,OI1501
2014-06-11 10:41:00,6964,6964,6964,6964,188,159560,13118640.0,OI1501
2014-06-11 10:42:00,6964,6966,6964,6966,364,159578,25399920.0,OI1501
2014-06-11 10:43:00,6966,6966,6964,6966,66,159632,4605480.0,OI1501
2014-06-11 10:44:00,6966,6966,6966,6966,54,159684,3768120.0,OI1501
2014-06-11 10:45:00,6966,6966,6964,6966,126,159686,8792280.0,OI1501
2014-06-11 10:46:00,6966,6966,6964,6966,218,159564,15212040.0,OI1501
2014-06-11 10:47:00,6966,6966,6964,6964,318,159502,22190040.0,OI1501
2014-06-11 10:48:00,6966,6966,6966,6966,66,159474,4605480.0,OI1501
2014-06-11 10:49:00,6968,6968,6966,6966,28,159470,1953840.0,OI1501
2014-06-11 10:50:00,6964,6966,6964,6966,12,159476,837360.0,OI1501
2014-06-11 10:51:00,6968,6970,6968,6970,166,159368,11583480.0,OI1501
2014-06-11 10:52:00,6972,6972,6968,6970,126,159332,8792280.0,OI1501
2014-06-11 10:53:00,6970,6970,6968,6968,148,159206,10327440.0,OI1501
2014-06-11 10:54:00,6968,6970,6968,6970,162,159098,11304360.0,OI1501
2014-06-11 10:55:00,6968,6970,6968,6970,122,159022,8513160.0,OI1501
2014-06-11 10:56:00,6970,6970,6970,6970,44,158996,3070320.0,OI1501
2014-06-11 10:57:00,6970,6972,6970,6972,44,158976,3070320.0,OI1501
2014-06-11 10:58:00,6970,6970,6970,6970,58,158960,4047240.0,OI1501
2014-06-11 10:59:00,6970,6972,6970,6970,36,158950,2512080.0,OI1501
2014-06-11 11:00:00,6970,6970,6968,6968,64,158952,4465920.0,OI1501
2014-06-11 11:01:00,6970,6972,6968,6972,64,158906,4465920.0,OI1501
2014-06-11 11:02:00,6970,6970,6970,6970,114,158908,7954920.0,OI1501
2014-06-11 11:03:00,6968,6968,6968,6968,20,158888,1395600.0,OI1501
2014-06-11 11:04:00,6968,6968,6960,6962,794,159212,55405320.0,OI1501
2014-06-11 11:05:00,6964,6966,6964,6966,26,159220,1814280.0,OI1501
2014-06-11 11:06:00,6968,6970,6968,6970,222,159168,15491160.0,OI1501
2014-06-11 11:07:00,6970,6970,6970,6970,58,159178,4047240.0,OI1501
2014-06-11 11:08:00,6970,6970,6962,6968,132,159220,9210960.0,OI1501
2014-06-11 11:09:00,6966,6970,6966,6970,20,159222,1395600.0,OI1501
2014-06-11 11:10:00,6970,6970,6970,6970,74,159198,5163720.0,OI1501
2014-06-11 11:11:00,6972,6972,6964,6970,488,159338,34052640.0,OI1501
2014-06-11 11:12:00,6970,6970,6968,6970,78,159276,5442840.0,OI1501
2014-06-11 11:13:00,6968,6972,6968,6972,188,159354,13115480.0,OI1501
2014-06-11 11:14:00,6972,6974,6970,6970,454,159112,31671040.0,OI1501
2014-06-11 11:15:00,6970,6970,6968,6968,280,158930,19532800.0,OI1501
2014-06-11 11:16:00,6968,6970,6968,6970,98,158882,6836480.0,OI1501
2014-06-11 11:17:00,6970,6970,6968,6970,192,158742,13393920.0,OI1501
2014-06-11 11:18:00,6968,6968,6968,6968,152,158596,10603520.0,OI1501
2014-06-11 11:19:00,6970,6970,6970,6970,32,158598,2232320.0,OI1501
2014-06-11 11:20:00,6970,6970,6968,6968,26,158598,1813760.0,OI1501
2014-06-11 11:21:00,6968,6968,6968,6968,94,158512,6557440.0,OI1501
2014-06-11 11:22:00,6968,6968,6966,6966,108,158524,7534080.0,OI1501
2014-06-11 11:23:00,6966,6968,6966,6966,20,158534,1395200.0,OI1501
2014-06-11 11:24:00,6966,6968,6966,6968,16,158544,1116160.0,OI1501
2014-06-11 11:25:00,6968,6968,6960,6964,1024,158726,71434240.0,OI1501
2014-06-11 11:26:00,6966,6966,6966,6966,54,158702,3767040.0,OI1501
2014-06-11 11:27:00,6970,6970,6968,6968,130,158688,9068800.0,OI1501
2014-06-11 11:28:00,6968,6970,6968,6968,128,158600,8929280.0,OI1501
2014-06-11 11:29:00,6964,6968,6962,6964,26,158598,1813760.0,OI1501
2014-06-11 13:30:00,6962,6970,6962,6966,72,158604,5022720.0,OI1501
2014-06-11 13:31:00,6966,6966,6966,6966,8,158608,558080.0,OI1501
2014-06-11 13:32:00,6966,6966,6964,6964,32,158624,2232320.0,OI1501
2014-06-11 13:33:00,6964,6964,6962,6962,34,158656,2371840.0,OI1501
2014-06-11 13:34:00,6964,6964,6960,6960,164,158654,11440640.0,OI1501
2014-06-11 13:35:00,6960,6960,6952,6954,456,158750,31810560.0,OI1501
2014-06-11 13:36:00,6954,6956,6952,6954,316,158640,22044160.0,OI1501
2014-06-11 13:37:00,6956,6956,6954,6956,162,158670,11301120.0,OI1501
2014-06-11 13:38:00,6958,6958,6954,6954,480,158532,33484800.0,OI1501
2014-06-11 13:39:00,6956,6956,6952,6954,314,158780,21898680.0,OI1501
2014-06-11 13:40:00,6956,6956,6954,6954,200,158864,13948000.0,OI1501
2014-06-11 13:41:00,6956,6956,6952,6952,328,158984,22874720.0,OI1501
2014-06-11 13:42:00,6952,6952,6948,6950,514,159472,35846360.0,OI1501
2014-06-11 13:43:00,6950,6950,6946,6948,896,160140,62487040.0,OI1501
2014-06-11 13:44:00,6948,6948,6946,6948,174,160256,12134760.0,OI1501
2014-06-11 13:45:00,6948,6950,6948,6950,144,160346,10042560.0,OI1501
2014-06-11 13:46:00,6950,6950,6946,6950,366,160484,25521240.0,OI1501
2014-06-11 13:47:00,6950,6952,6948,6948,44,160482,3067680.0,OI1501
2014-06-11 13:48:00,6950,6952,6950,6952,120,160442,8366400.0,OI1501
2014-06-11 13:49:00,6954,6954,6954,6954,50,160424,3486000.0,OI1501
2014-06-11 13:50:00,6954,6954,6952,6952,12,160418,836640.0,OI1501
2014-06-11 13:51:00,6954,6954,6952,6954,26,160410,1812720.0,OI1501
2014-06-11 13:52:00,6954,6954,6952,6954,18,160404,1254960.0,OI1501
2014-06-11 13:53:00,6954,6954,6952,6952,8,160404,557760.0,OI1501
2014-06-11 13:54:00,6954,6954,6952,6954,36,160386,2509920.0,OI1501
2014-06-11 13:55:00,6954,6954,6950,6950,192,160442,13386240.0,OI1501
2014-06-11 13:56:00,6950,6950,6948,6948,326,160590,22728720.0,OI1501
2014-06-11 13:57:00,6948,6948,6948,6948,138,160664,9621360.0,OI1501
2014-06-11 13:58:00,6948,6948,6948,6948,4,160668,278880.0,OI1501
2014-06-11 13:59:00,6948,6950,6948,6950,108,160626,7529760.0,OI1501
2014-06-11 14:00:00,6950,6950,6948,6950,22,160632,1533840.0,OI1501
2014-06-11 14:01:00,6950,6950,6948,6950,84,160634,5856480.0,OI1501
2014-06-11 14:02:00,6950,6950,6948,6950,160,160740,11155200.0,OI1501
2014-06-11 14:03:00,6950,6950,6948,6950,36,160740,2509920.0,OI1501
2014-06-11 14:04:00,6952,6952,6952,6952,16,160740,1115520.0,OI1501
2014-06-11 14:05:00,6950,6950,6950,6950,84,160778,5856480.0,OI1501
2014-06-11 14:06:00,6950,6950,6946,6948,314,160882,21892080.0,OI1501
2014-06-11 14:07:00,6948,6948,6946,6948,182,160872,12689040.0,OI1501
2014-06-11 14:08:00,6948,6950,6946,6948,254,160690,17708880.0,OI1501
2014-06-11 14:09:00,6948,6948,6946,6946,160,160556,11155200.0,OI1501
2014-06-11 14:10:00,6946,6946,6938,6946,710,160496,49498640.0,OI1501
2014-06-11 14:11:00,6946,6946,6942,6942,148,160474,10315600.0,OI1501
2014-06-11 14:12:00,6942,6944,6942,6944,386,160490,26904200.0,OI1501
2014-06-11 14:13:00,6944,6946,6944,6946,314,160466,21885800.0,OI1501
2014-06-11 14:14:00,6946,6948,6944,6946,448,160434,31225600.0,OI1501
2014-06-11 14:15:00,6946,6948,6946,6948,194,160434,13521800.0,OI1501
2014-06-11 14:16:00,6948,6950,6948,6950,230,160340,16031000.0,OI1501
2014-06-11 14:17:00,6950,6950,6944,6948,156,160346,10873200.0,OI1501
2014-06-11 14:18:00,6948,6952,6948,6952,128,160264,8921600.0,OI1501
2014-06-11 14:19:00,6952,6954,6952,6952,210,160224,14637000.0,OI1501
2014-06-11 14:20:00,6952,6954,6950,6952,78,160170,5436600.0,OI1501
2014-06-11 14:21:00,6952,6952,6952,6952,22,160176,1533400.0,OI1501
2014-06-11 14:22:00,6954,6954,6952,6952,40,160140,2788000.0,OI1501
2014-06-11 14:23:00,6952,6954,6952,6952,38,160110,2648600.0,OI1501
2014-06-11 14:24:00,6952,6952,6950,6950,184,160172,12824800.0,OI1501
2014-06-11 14:25:00,6952,6952,6950,6950,42,160188,2927400.0,OI1501
2014-06-11 14:26:00,6950,6952,6950,6952,26,160200,1812200.0,OI1501
2014-06-11 14:27:00,6950,6950,6950,6950,34,160196,2369800.0,OI1501
2014-06-11 14:28:00,6950,6950,6948,6948,44,160222,3066800.0,OI1501
2014-06-11 14:29:00,6948,6950,6948,6950,70,160218,4879000.0,OI1501
2014-06-11 14:30:00,6950,6952,6950,6952,92,160162,6412400.0,OI1501
2014-06-11 14:31:00,6954,6954,6952,6952,76,160154,5297200.0,OI1501
2014-06-11 14:32:00,6952,6954,6950,6954,218,160108,15194600.0,OI1501
2014-06-11 14:33:00,6952,6954,6952,6954,42,160078,2927400.0,OI1501
2014-06-11 14:34:00,6954,6958,6954,6958,88,160032,6133600.0,OI1501
2014-06-11 14:35:00,6956,6960,6956,6956,274,159854,19097800.0,OI1501
2014-06-11 14:36:00,6956,6960,6956,6958,224,159666,15610360.0,OI1501
2014-06-11 14:37:00,6958,6960,6958,6960,702,159062,48915360.0,OI1501
2014-06-11 14:38:00,6960,6960,6958,6960,342,158760,23830560.0,OI1501
2014-06-11 14:39:00,6960,6960,6956,6960,588,158306,40971840.0,OI1501
2014-06-11 14:40:00,6958,6962,6954,6960,522,157976,36372960.0,OI1501
2014-06-11 14:41:00,6962,6962,6960,6960,382,157836,26617760.0,OI1501
2014-06-11 14:42:00,6962,6962,6958,6960,256,157728,17838080.0,OI1501
2014-06-11 14:43:00,6958,6968,6956,6964,926,157676,64523680.0,OI1501
2014-06-11 14:44:00,6964,6964,6960,6962,94,157632,6549920.0,OI1501
2014-06-11 14:45:00,6960,6962,6960,6960,282,157596,19649760.0,OI1501
2014-06-11 14:46:00,6962,6962,6960,6960,298,157550,20764640.0,OI1501
2014-06-11 14:47:00,6960,6962,6958,6962,112,157476,7804160.0,OI1501
2014-06-11 14:48:00,6962,6966,6962,6964,38,157456,2647840.0,OI1501
2014-06-11 14:49:00,6964,6964,6962,6962,40,157432,2787200.0,OI1501
2014-06-11 14:50:00,6962,6962,6960,6962,134,157370,9337120.0,OI1501
2014-06-11 14:51:00,6962,6964,6962,6964,180,157254,12542400.0,OI1501
2014-06-11 14:52:00,6962,6962,6962,6962,20,157258,1393600.0,OI1501
2014-06-11 14:53:00,6962,6962,6962,6962,8,157250,557440.0,OI1501
2014-06-11 14:54:00,6962,6962,6960,6962,70,157226,4877600.0,OI1501
2014-06-11 14:55:00,6962,6964,6960,6964,134,157194,9337120.0,OI1501
2014-06-11 14:56:00,6962,6962,6960,6962,54,157218,3762720.0,OI1501
2014-06-11 14:57:00,6962,6962,6960,6960,78,157228,5435040.0,OI1501
2014-06-11 14:58:00,6962,6962,6960,6960,192,157146,13378560.0,OI1501
2014-06-11 14:59:00,6960,6962,6958,6958,246,157098,17141280.0,OI1501
2014-06-12 09:00:00,6942,6946,6926,6936,980,157416,68016800.0,OI1501
2014-06-12 09:01:00,6936,6944,6936,6940,268,157384,18592240.0,OI1501
2014-06-12 09:02:00,6940,6940,6938,6940,172,157382,11933360.0,OI1501
2014-06-12 09:03:00,6940,6942,6940,6940,86,157418,5966680.0,OI1501
2014-06-12 09:04:00,6940,6942,6936,6936,190,157388,13182200.0,OI1501
2014-06-12 09:05:00,6936,6938,6932,6936,188,157480,13043440.0,OI1501
2014-06-12 09:06:00,6934,6940,6932,6938,172,157562,11933360.0,OI1501
2014-06-12 09:07:00,6938,6938,6936,6938,76,157550,5272880.0,OI1501
2014-06-12 09:08:00,6936,6938,6936,6938,64,157598,4440320.0,OI1501
2014-06-12 09:09:00,6938,6948,6938,6948,212,157604,14708560.0,OI1501
2014-06-12 09:10:00,6948,6948,6946,6948,200,157524,13877040.0,OI1501
2014-06-12 09:11:00,6950,6950,6948,6948,138,157472,9577200.0,OI1501
2014-06-12 09:12:00,6948,6952,6948,6952,192,157414,13324800.0,OI1501
2014-06-12 09:13:00,6952,6952,6946,6946,514,157728,35679360.0,OI1501
2014-06-12 09:14:00,6944,6948,6944,6946,190,157722,13189800.0,OI1501
2014-06-12 09:15:00,6946,6948,6944,6948,44,157710,3054480.0,OI1501
2014-06-12 09:16:00,6946,6948,6946,6948,48,157722,3332160.0,OI1501
2014-06-12 09:17:00,6950,6950,6948,6948,108,157672,7497360.0,OI1501
2014-06-12 09:18:00,6948,6952,6948,6950,90,157706,6247800.0,OI1501
2014-06-12 09:19:00,6950,6950,6948,6948,70,157760,4859400.0,OI1501
2014-06-12 09:20:00,6948,6948,6946,6948,56,157750,3887520.0,OI1501
2014-06-12 09:21:00,6950,6950,6946,6946,20,157760,1388400.0,OI1501
2014-06-12 09:22:00,6946,6946,6944,6944,50,157772,3471000.0,OI1501
2014-06-12 09:23:00,6944,6944,6940,6942,156,157820,10829520.0,OI1501
2014-06-12 09:24:00,6942,6942,6940,6942,30,157840,2082600.0,OI1501
2014-06-12 09:25:00,6942,6944,6942,6944,76,157832,5275920.0,OI1501
2014-06-12 09:26:00,6940,6942,6938,6940,140,157910,9718800.0,OI1501
2014-06-12 09:27:00,6938,6940,6936,6936,192,157918,13328640.0,OI1501
2014-06-12 09:28:00,6936,6940,6936,6936,280,158032,19437600.0,OI1501
2014-06-12 09:29:00,6938,6940,6938,6938,18,158044,1249560.0,OI1501
2014-06-12 09:30:00,6938,6938,6936,6936,60,158064,4165200.0,OI1501
2014-06-12 09:31:00,6938,6940,6938,6940,68,158082,4720560.0,OI1501
2014-06-12 09:32:00,6940,6946,6938,6938,764,157986,53036880.0,OI1501
2014-06-12 09:33:00,6938,6940,6938,6938,314,158170,21797880.0,OI1501
2014-06-12 09:34:00,6938,6938,6936,6938,54,158194,3748680.0,OI1501
2014-06-12 09:35:00,6938,6938,6938,6938,276,158180,19159920.0,OI1501
2014-06-12 09:36:00,6938,6940,6938,6940,48,158194,3332160.0,OI1501
2014-06-12 09:37:00,6938,6938,6936,6938,118,158168,8191560.0,OI1501
2014-06-12 09:38:00,6938,6938,6936,6936,56,158124,3887520.0,OI1501
2014-06-12 09:39:00,6936,6936,6934,6934,282,158150,19576440.0,OI1501
2014-06-12 09:40:00,6936,6936,6928,6930,302,158350,20964840.0,OI1501
2014-06-12 09:41:00,6930,6930,6928,6930,176,158430,12214840.0,OI1501
2014-06-12 09:42:00,6930,6932,6928,6930,286,158414,19848400.0,OI1501
2014-06-12 09:43:00,6930,6932,6928,6930,488,158588,33867200.0,OI1501
2014-06-12 09:44:00,6928,6928,6922,6922,350,158726,24290000.0,OI1501
2014-06-12 09:45:00,6922,6924,6914,6916,906,159044,62860360.0,OI1501
2014-06-12 09:46:00,6918,6924,6918,6922,186,159006,12902920.0,OI1501
2014-06-12 09:47:00,6922,6924,6922,6922,162,158946,11236320.0,OI1501
2014-06-12 09:48:00,6924,6934,6924,6932,376,158766,26079360.0,OI1501
2014-06-12 09:49:00,6932,6934,6930,6934,638,158574,44251680.0,OI1501
2014-06-12 09:50:00,6932,6938,6932,6932,178,158538,12346080.0,OI1501
2014-06-12 09:51:00,6932,6932,6930,6930,138,158540,9571680.0,OI1501
2014-06-12 09:52:00,6930,6932,6928,6928,450,158204,31212000.0,OI1501
2014-06-12 09:53:00,6928,6932,6928,6932,66,158208,4577760.0,OI1501
2014-06-12 09:54:00,6934,6934,6932,6932,112,158184,7768320.0,OI1501
2014-06-12 09:55:00,6932,6932,6928,6930,154,158096,10681440.0,OI1501
2014-06-12 09:56:00,6930,6930,6928,6928,258,158016,17894880.0,OI1501
2014-06-12 09:57:00,6930,6930,6928,6930,112,157942,7768320.0,OI1501
2014-06-12 09:58:00,6930,6930,6928,6930,50,157922,3468000.0,OI1501
2014-06-12 09:59:00,6928,6930,6926,6926,176,157804,12207360.0,OI1501
2014-06-12 10:00:00,6928,6928,6926,6928,114,157712,7907040.0,OI1501
2014-06-12 10:01:00,6928,6928,6926,6926,14,157710,971040.0,OI1501
2014-06-12 10:02:00,6928,6930,6926,6928,44,157678,3051840.0,OI1501
2014-06-12 10:03:00,6928,6932,6928,6932,256,157666,17756160.0,OI1501
2014-06-12 10:04:00,6932,6932,6928,6930,104,157638,7213440.0,OI1501
2014-06-12 10:05:00,6930,6932,6930,6932,200,157464,13872000.0,OI1501
2014-06-12 10:06:00,6930,6930,6930,6930,58,157444,4022880.0,OI1501
2014-06-12 10:07:00,6932,6932,6930,6930,22,157442,1525920.0,OI1501
2014-06-12 10:08:00,6930,6932,6930,6930,14,157440,971040.0,OI1501
2014-06-12 10:09:00,6930,6932,6930,6930,98,157352,6797280.0,OI1501
2014-06-12 10:10:00,6930,6930,6930,6930,14,157354,971040.0,OI1501
2014-06-12 10:11:00,6932,6932,6932,6932,120,157234,8323200.0,OI1501
2014-06-12 10:12:00,6932,6940,6932,6938,692,156662,47997120.0,OI1501
2014-06-12 10:13:00,6936,6938,6934,6936,42,156648,2913120.0,OI1501
2014-06-12 10:14:00,6936,6936,6932,6934,108,156588,7490880.0,OI1501
2014-06-12 10:30:00,6932,6938,6932,6936,116,156506,8045760.0,OI1501
2014-06-12 10:31:00,6936,6936,6932,6932,184,156494,12762240.0,OI1501
2014-06-12 10:32:00,6932,6934,6932,6934,32,156506,2219520.0,OI1501
2014-06-12 10:33:00,6934,6936,6934,6936,6,156504,416160.0,OI1501
2014-06-12 10:34:00,6934,6934,6932,6934,24,156500,1664640.0,OI1501
2014-06-12 10:35:00,6934,6936,6934,6934,10,156492,693600.0,OI1501
2014-06-12 10:36:00,6934,6934,6934,6934,2,156492,138720.0,OI1501
2014-06-12 10:37:00,6934,6936,6934,6934,22,156492,1525920.0,OI1501
2014-06-12 10:38:00,6936,6936,6932,6934,44,156486,3051840.0,OI1501
2014-06-12 10:39:00,6936,6936,6932,6934,140,156418,9710400.0,OI1501
2014-06-12 10:40:00,6934,6934,6932,6934,52,156438,3606720.0,OI1501
2014-06-12 10:41:00,6934,6934,6932,6932,142,156394,9849120.0,OI1501
2014-06-12 10:42:00,6934,6934,6930,6932,126,156364,8739360.0,OI1501
2014-06-12 10:43:00,6930,6930,6928,6928,34,156340,2358240.0,OI1501
2014-06-12 10:44:00,6928,6930,6928,6928,72,156336,4993920.0,OI1501
2014-06-12 10:45:00,6928,6930,6928,6930,60,156344,4161600.0,OI1501
2014-06-12 10:46:00,6930,6930,6928,6930,86,156356,5964960.0,OI1501
2014-06-12 10:47:00,6930,6930,6928,6930,46,156346,3189640.0,OI1501
2014-06-12 10:48:00,6930,6930,6928,6930,122,156312,8459480.0,OI1501
2014-06-12 10:49:00,6930,6930,6928,6928,24,156312,1664160.0,OI1501
2014-06-12 10:50:00,6930,6930,6930,6930,46,156306,3189640.0,OI1501
2014-06-12 10:51:00,6932,6932,6930,6930,14,156300,970760.0,OI1501
2014-06-12 10:52:00,6930,6930,6930,6930,30,156302,2080200.0,OI1501
2014-06-12 10:53:00,6930,6932,6930,6930,34,156288,2357560.0,OI1501
2014-06-12 10:54:00,6930,6934,6930,6934,46,156258,3189640.0,OI1501
2014-06-12 10:55:00,6932,6932,6932,6932,6,156254,416040.0,OI1501
2014-06-12 10:56:00,6930,6930,6930,6930,2,156256,138680.0,OI1501
2014-06-12 10:57:00,6930,6932,6930,6930,126,156252,8736840.0,OI1501
2014-06-12 10:58:00,6930,6932,6930,6932,72,156250,4992480.0,OI1501
2014-06-12 10:59:00,6932,6932,6930,6930,10,156244,693400.0,OI1501
2014-06-12 11:00:00,6930,6930,6930,6930,16,156230,1109440.0,OI1501
2014-06-12 11:02:00,6930,6932,6930,6932,76,156184,5269840.0,OI1501
2014-06-12 11:03:00,6930,6930,6928,6928,108,156252,7488720.0,OI1501
2014-06-12 11:04:00,6930,6932,6930,6932,56,156274,3883040.0,OI1501
2014-06-12 11:05:00,6930,6932,6930,6932,24,156262,1664160.0,OI1501
2014-06-12 11:06:00,6932,6932,6932,6932,46,156244,3189640.0,OI1501
2014-06-12 11:07:00,6934,6934,6934,6934,70,156196,4853800.0,OI1501
2014-06-12 11:08:00,6932,6932,6932,6932,10,156196,693400.0,OI1501
2014-06-12 11:09:00,6934,6934,6932,6932,44,156174,3050960.0,OI1501
2014-06-12 11:10:00,6932,6932,6930,6930,120,156222,8320800.0,OI1501
2014-06-12 11:11:00,6930,6932,6930,6930,56,156196,3883040.0,OI1501
2014-06-12 11:12:00,6930,6930,6930,6930,86,156174,5963240.0,OI1501
2014-06-12 11:13:00,6930,6930,6928,6928,142,156216,9846280.0,OI1501
2014-06-12 11:14:00,6928,6930,6928,6930,116,156230,8043440.0,OI1501
2014-06-12 11:15:00,6930,6930,6930,6930,10,156240,693400.0,OI1501
2014-06-12 11:16:00,6930,6930,6928,6928,26,156232,1802840.0,OI1501
2014-06-12 11:17:00,6928,6930,6928,6930,4,156230,277360.0,OI1501
2014-06-12 11:18:00,6928,6930,6928,6930,192,156178,13313280.0,OI1501
2014-06-12 11:19:00,6930,6930,6930,6930,56,156136,3883040.0,OI1501
2014-06-12 11:20:00,6930,6930,6930,6930,116,156180,8043440.0,OI1501
2014-06-12 11:21:00,6930,6930,6928,6928,74,156172,5131160.0,OI1501
2014-06-12 11:22:00,6928,6928,6928,6928,16,156170,1109440.0,OI1501
2014-06-12 11:23:00,6928,6928,6924,6928,238,156076,16502920.0,OI1501
2014-06-12 11:24:00,6928,6928,6928,6928,52,156068,3605680.0,OI1501
2014-06-12 11:25:00,6928,6928,6928,6928,88,156032,6101920.0,OI1501
2014-06-12 11:26:00,6928,6930,6928,6930,34,156030,2357560.0,OI1501
2014-06-12 11:27:00,6930,6930,6928,6928,54,156000,3744360.0,OI1501
2014-06-12 11:28:00,6928,6928,6922,6924,476,156004,33005840.0,OI1501
2014-06-12 11:29:00,6926,6928,6924,6924,176,156048,12203840.0,OI1501
2014-06-12 13:30:00,6924,6928,6924,6928,106,156056,7350040.0,OI1501
2014-06-12 13:31:00,6928,6928,6926,6926,96,155994,6656640.0,OI1501
2014-06-12 13:32:00,6928,6928,6928,6928,102,155996,7072680.0,OI1501
2014-06-12 13:33:00,6928,6928,6928,6928,72,155998,4992480.0,OI1501
2014-06-12 13:34:00,6926,6928,6926,6928,58,156016,4021720.0,OI1501
2014-06-12 13:35:00,6928,6930,6928,6930,6,156014,416040.0,OI1501
2014-06-12 13:36:00,6928,6928,6928,6928,44,156046,3050960.0,OI1501
2014-06-12 13:37:00,6930,6930,6928,6930,160,156042,11094400.0,OI1501
2014-06-12 13:38:00,6930,6930,6930,6930,8,156040,554720.0,OI1501
2014-06-12 13:39:00,6930,6936,6930,6936,158,156078,10955720.0,OI1501
2014-06-12 13:40:00,6934,6936,6934,6936,68,156074,4715120.0,OI1501
2014-06-12 13:41:00,6934,6936,6932,6932,96,156048,6656640.0,OI1501
2014-06-12 13:42:00,6934,6938,6934,6938,56,156010,3883040.0,OI1501
2014-06-12 13:43:00,6938,6940,6936,6936,238,155816,16502920.0,OI1501
2014-06-12 13:44:00,6938,6938,6936,6936,66,155772,4576440.0,OI1501
2014-06-12 13:45:00,6936,6938,6936,6936,222,155796,15393480.0,OI1501
2014-06-12 13:46:00,6938,6938,6932,6934,122,155792,8459480.0,OI1501
2014-06-12 13:47:00,6936,6936,6934,6934,44,155780,3050960.0,OI1501
2014-06-12 13:48:00,6934,6936,6934,6936,38,155752,2634920.0,OI1501
2014-06-12 13:49:00,6934,6936,6934,6936,60,155720,4160400.0,OI1501
2014-06-12 13:50:00,6936,6936,6934,6934,66,155716,4576440.0,OI1501
2014-06-12 13:51:00,6936,6938,6936,6938,48,155722,3328320.0,OI1501
2014-06-12 13:52:00,6938,6938,6936,6936,140,155608,9707600.0,OI1501
2014-06-12 13:53:00,6936,6936,6936,6936,22,155594,1525480.0,OI1501
2014-06-12 13:54:00,6934,6936,6934,6936,32,155572,2218880.0,OI1501
2014-06-12 13:55:00,6936,6936,6936,6936,54,155582,3744360.0,OI1501
2014-06-12 13:56:00,6936,6936,6936,6936,8,155586,554720.0,OI1501
2014-06-12 13:57:00,6938,6938,6936,6936,110,155670,7627400.0,OI1501
2014-06-12 13:58:00,6936,6940,6936,6938,196,155670,13590640.0,OI1501
2014-06-12 13:59:00,6938,6938,6938,6938,180,155618,12481200.0,OI1501
2014-06-12 14:00:00,6938,6938,6938,6938,40,155644,2773600.0,OI1501
2014-06-12 14:01:00,6938,6940,6938,6940,28,155634,1941520.0,OI1501
2014-06-12 14:02:00,6940,6942,6938,6940,278,155486,19276520.0,OI1501
2014-06-12 14:03:00,6938,6938,6938,6938,48,155462,3328320.0,OI1501
2014-06-12 14:04:00,6938,6940,6938,6938,26,155448,1802840.0,OI1501
2014-06-12 14:05:00,6936,6938,6936,6936,58,155398,4021720.0,OI1501
2014-06-12 14:06:00,6936,6938,6930,6932,304,155394,21079360.0,OI1501
2014-06-12 14:07:00,6932,6934,6930,6932,298,155422,20663320.0,OI1501
2014-06-12 14:08:00,6932,6934,6932,6934,32,155398,2218880.0,OI1501
2014-06-12 14:09:00,6934,6934,6934,6934,56,155402,3883040.0,OI1501
2014-06-12 14:10:00,6934,6934,6934,6934,6,155402,416040.0,OI1501
2014-06-12 14:11:00,6934,6934,6934,6934,8,155402,554720.0,OI1501
2014-06-12 14:12:00,6934,6934,6934,6934,2,155402,138680.0,OI1501
2014-06-12 14:13:00,6934,6936,6934,6936,22,155394,1525480.0,OI1501
2014-06-12 14:14:00,6936,6936,6934,6934,44,155392,3050960.0,OI1501
2014-06-12 14:15:00,6934,6934,6932,6932,66,155382,4576440.0,OI1501
2014-06-12 14:16:00,6932,6932,6932,6932,6,155380,416040.0,OI1501
2014-06-12 14:17:00,6932,6934,6932,6934,14,155380,970760.0,OI1501
2014-06-12 14:18:00,6934,6934,6932,6932,40,155384,2773600.0,OI1501
2014-06-12 14:20:00,6934,6934,6932,6932,144,155294,9984960.0,OI1501
2014-06-12 14:21:00,6934,6934,6934,6934,4,155298,277360.0,OI1501
2014-06-12 14:22:00,6932,6934,6932,6934,18,155302,1248120.0,OI1501
2014-06-12 14:23:00,6932,6932,6932,6932,8,155304,554720.0,OI1501
2014-06-12 14:24:00,6932,6934,6932,6932,12,155308,832080.0,OI1501
2014-06-12 14:25:00,6932,6934,6932,6932,12,155310,832080.0,OI1501
2014-06-12 14:26:00,6934,6934,6934,6934,2,155310,138680.0,OI1501
2014-06-12 14:27:00,6932,6932,6930,6930,92,155330,6379280.0,OI1501
2014-06-12 14:28:00,6932,6932,6928,6928,292,155184,20247280.0,OI1501
2014-06-12 14:29:00,6928,6930,6928,6928,20,155192,1386800.0,OI1501
2014-06-12 14:30:00,6930,6930,6930,6930,4,155192,277360.0,OI1501
2014-06-12 14:31:00,6930,6930,6928,6930,200,155076,13868000.0,OI1501
2014-06-12 14:32:00,6930,6932,6928,6932,36,155074,2496240.0,OI1501
2014-06-12 14:33:00,6932,6932,6932,6932,24,155072,1664160.0,OI1501
2014-06-12 14:34:00,6930,6930,6930,6930,112,155052,7766080.0,OI1501
2014-06-12 14:35:00,6930,6930,6930,6930,30,155054,2080200.0,OI1501
2014-06-12 14:36:00,6930,6930,6930,6930,2,155052,138680.0,OI1501
2014-06-12 14:37:00,6932,6934,6930,6932,66,155084,4576440.0,OI1501
2014-06-12 14:38:00,6934,6934,6932,6934,10,155082,693400.0,OI1501
2014-06-12 14:39:00,6932,6934,6932,6934,34,155094,2357560.0,OI1501
2014-06-12 14:40:00,6934,6940,6934,6940,112,155084,7766080.0,OI1501
2014-06-12 14:41:00,6938,6940,6936,6940,104,155034,7211360.0,OI1501
2014-06-12 14:42:00,6936,6938,6936,6938,10,155034,693400.0,OI1501
2014-06-12 14:43:00,6938,6938,6936,6936,40,155038,2773600.0,OI1501
2014-06-12 14:44:00,6936,6936,6936,6936,18,155036,1248120.0,OI1501
2014-06-12 14:45:00,6936,6938,6936,6938,110,155124,7627400.0,OI1501
2014-06-12 14:46:00,6936,6938,6932,6938,426,155304,29538840.0,OI1501
2014-06-12 14:47:00,6938,6940,6934,6936,232,155418,16086880.0,OI1501
2014-06-12 14:48:00,6936,6938,6936,6938,190,155444,13174600.0,OI1501
2014-06-12 14:49:00,6938,6940,6938,6938,44,155438,3050960.0,OI1501
2014-06-12 14:50:00,6936,6936,6936,6936,28,155416,1941520.0,OI1501
2014-06-12 14:51:00,6936,6938,6936,6938,50,155378,3467000.0,OI1501
2014-06-12 14:52:00,6940,6940,6938,6940,122,155370,8459480.0,OI1501
2014-06-12 14:53:00,6942,6942,6938,6942,410,155274,28429400.0,OI1501
2014-06-12 14:54:00,6940,6944,6940,6942,410,155402,28429400.0,OI1501
2014-06-12 14:55:00,6940,6942,6938,6940,240,155430,16641600.0,OI1501
2014-06-12 14:56:00,6938,6940,6934,6938,220,155468,15254800.0,OI1501
2014-06-12 14:57:00,6934,6938,6928,6930,240,155536,16641600.0,OI1501
2014-06-12 14:58:00,6930,6934,6930,6930,196,155468,13590640.0,OI1501
2014-06-12 14:59:00,6930,6932,6924,6924,358,155382,24823720.0,OI1501
2014-06-13 09:00:00,6944,6944,6936,6942,426,155506,29574960.0,OI1501
2014-06-13 09:01:00,6940,6948,6940,6948,548,155630,38046680.0,OI1501
2014-06-13 09:02:00,6948,6950,6946,6948,302,155706,20971120.0,OI1501
2014-06-13 09:03:00,6946,6948,6944,6944,294,155828,20421240.0,OI1501
2014-06-13 09:04:00,6946,6946,6942,6942,290,156038,20143400.0,OI1501
2014-06-13 09:05:00,6942,6942,6932,6940,278,156132,19305440.0,OI1501
2014-06-13 09:06:00,6938,6938,6926,6928,466,156432,32355360.0,OI1501
2014-06-13 09:07:00,6930,6942,6930,6938,312,156440,21659040.0,OI1501
2014-06-13 09:08:00,6938,6944,6938,6940,186,156502,12912120.0,OI1501
2014-06-13 09:09:00,6940,6940,6938,6938,74,156536,5137080.0,OI1501
2014-06-13 09:10:00,6938,6938,6936,6936,160,156554,11107200.0,OI1501
2014-06-13 09:11:00,6936,6938,6936,6938,40,156562,2776800.0,OI1501
2014-06-13 09:12:00,6938,6938,6936,6938,86,156542,5970120.0,OI1501
2014-06-13 09:13:00,6940,6944,6936,6944,424,156580,29434080.0,OI1501
2014-06-13 09:14:00,6942,6942,6940,6940,118,156620,8191560.0,OI1501
2014-06-13 09:15:00,6940,6946,6940,6946,250,156766,17355000.0,OI1501
2014-06-13 09:16:00,6946,6946,6944,6946,176,156838,12217920.0,OI1501
2014-06-13 09:17:00,6946,6948,6944,6946,194,156878,13467480.0,OI1501
2014-06-13 09:18:00,6946,6958,6946,6954,354,156858,24574680.0,OI1501
2014-06-13 09:19:00,6954,6964,6954,6960,540,156754,37493720.0,OI1501
2014-06-13 09:20:00,6962,6964,6950,6952,1268,157582,88070480.0,OI1501
2014-06-13 09:21:00,6950,6950,6946,6950,436,157764,30284560.0,OI1501
2014-06-13 09:22:00,6948,6950,6946,6946,494,158094,34313240.0,OI1501
2014-06-13 09:23:00,6944,6946,6942,6944,340,158248,23616400.0,OI1501
2014-06-13 09:24:00,6944,6946,6942,6942,144,158366,10002240.0,OI1501
2014-06-13 09:25:00,6944,6944,6940,6942,276,158516,19170960.0,OI1501
2014-06-13 09:26:00,6940,6940,6938,6938,46,158528,3195160.0,OI1501
2014-06-13 09:27:00,6940,6944,6940,6942,84,158534,5834640.0,OI1501
2014-06-13 09:28:00,6942,6944,6942,6944,42,158514,2917320.0,OI1501
2014-06-13 09:29:00,6942,6944,6942,6944,42,158526,2917320.0,OI1501
2014-06-13 09:30:00,6942,6944,6942,6944,44,158544,3056240.0,OI1501
2014-06-13 09:31:00,6944,6944,6938,6938,88,158572,6112480.0,OI1501
2014-06-13 09:32:00,6940,6942,6940,6940,46,158552,3195160.0,OI1501
2014-06-13 09:33:00,6940,6942,6938,6940,100,158536,6946000.0,OI1501
2014-06-13 09:34:00,6938,6938,6936,6938,114,158624,7918440.0,OI1501
2014-06-13 09:35:00,6936,6938,6936,6938,200,158770,13892000.0,OI1501
2014-06-13 09:36:00,6938,6938,6934,6934,138,158780,9585480.0,OI1501
2014-06-13 09:37:00,6936,6936,6934,6936,78,158806,5417880.0,OI1501
2014-06-13 09:38:00,6936,6936,6936,6936,32,158832,2222720.0,OI1501
2014-06-13 09:39:00,6936,6938,6936,6936,140,158840,9724400.0,OI1501
2014-06-13 09:40:00,6934,6934,6934,6934,88,158824,6112480.0,OI1501
2014-06-13 09:41:00,6934,6936,6934,6936,68,158824,4723280.0,OI1501
2014-06-13 09:42:00,6936,6936,6934,6934,84,158906,5834640.0,OI1501
2014-06-13 09:43:00,6932,6934,6932,6934,176,158998,12221440.0,OI1501
2014-06-13 09:44:00,6934,6936,6932,6934,40,159032,2777600.0,OI1501
2014-06-13 09:45:00,6934,6934,6932,6934,100,159060,6944000.0,OI1501
2014-06-13 09:46:00,6934,6934,6934,6934,52,159096,3610880.0,OI1501
2014-06-13 09:47:00,6936,6938,6934,6934,274,159046,19026560.0,OI1501
2014-06-13 09:48:00,6938,6938,6934,6936,86,159044,5971840.0,OI1501
2014-06-13 09:49:00,6936,6938,6934,6938,42,159040,2916480.0,OI1501
2014-06-13 09:50:00,6938,6938,6936,6936,32,159036,2222080.0,OI1501
2014-06-13 09:51:00,6936,6938,6936,6936,32,159036,2222080.0,OI1501
2014-06-13 09:52:00,6936,6938,6934,6938,34,159034,2360960.0,OI1501
2014-06-13 09:53:00,6936,6936,6936,6936,18,159036,1249920.0,OI1501
2014-06-13 09:54:00,6938,6940,6938,6940,128,159038,8888320.0,OI1501
2014-06-13 09:55:00,6940,6944,6940,6944,254,159142,17637760.0,OI1501
2014-06-13 09:56:00,6944,6944,6940,6940,180,159288,12499200.0,OI1501
2014-06-13 09:57:00,6938,6938,6938,6938,16,159284,1111040.0,OI1501
2014-06-13 09:58:00,6938,6938,6936,6936,82,159344,5694080.0,OI1501
2014-06-13 09:59:00,6936,6936,6936,6936,12,159344,833280.0,OI1501
2014-06-13 10:00:00,6936,6938,6936,6938,60,159340,4166400.0,OI1501
2014-06-13 10:01:00,6938,6938,6936,6936,32,159344,2222080.0,OI1501
2014-06-13 10:02:00,6938,6938,6936,6936,70,159360,4860800.0,OI1501
2014-06-13 10:03:00,6936,6936,6934,6934,226,159392,15693440.0,OI1501
2014-06-13 10:04:00,6934,6934,6934,6934,186,159266,12915840.0,OI1501
2014-06-13 10:05:00,6934,6934,6932,6932,370,159236,25692800.0,OI1501
2014-06-13 10:06:00,6932,6932,6928,6932,426,159316,29580440.0,OI1501
2014-06-13 10:07:00,6930,6930,6924,6928,386,159398,26796120.0,OI1501
2014-06-13 10:08:00,6928,6930,6928,6930,102,159432,7080840.0,OI1501
2014-06-13 10:09:00,6928,6930,6928,6928,84,159480,5831280.0,OI1501
2014-06-13 10:10:00,6930,6930,6928,6928,88,159508,6108960.0,OI1501
2014-06-13 10:11:00,6928,6928,6926,6928,106,159556,7358520.0,OI1501
2014-06-13 10:12:00,6930,6930,6930,6930,26,159562,1804920.0,OI1501
2014-06-13 10:13:00,6930,6932,6930,6932,88,159516,6108960.0,OI1501
2014-06-13 10:14:00,6934,6936,6932,6932,100,159442,6942000.0,OI1501
2014-06-13 10:30:00,6932,6934,6930,6930,42,159442,2915640.0,OI1501
2014-06-13 10:31:00,6930,6930,6928,6930,138,159402,9579960.0,OI1501
2014-06-13 10:32:00,6930,6930,6928,6930,34,159418,2360280.0,OI1501
2014-06-13 10:33:00,6930,6930,6928,6930,20,159418,1388400.0,OI1501
2014-06-13 10:34:00,6930,6930,6928,6930,190,159414,13189800.0,OI1501
2014-06-13 10:35:00,6930,6932,6930,6932,108,159416,7497360.0,OI1501
2014-06-13 10:36:00,6932,6932,6930,6930,66,159444,4581720.0,OI1501
2014-06-13 10:37:00,6930,6930,6930,6930,12,159446,833040.0,OI1501
2014-06-13 10:38:00,6930,6930,6930,6930,26,159472,1804920.0,OI1501
2014-06-13 10:39:00,6930,6930,6930,6930,2,159474,138840.0,OI1501
2014-06-13 10:40:00,6930,6930,6930,6930,12,159486,833040.0,OI1501
2014-06-13 10:41:00,6930,6930,6930,6930,96,159554,6664320.0,OI1501
2014-06-13 10:42:00,6930,6932,6930,6932,44,159584,3054480.0,OI1501
2014-06-13 10:43:00,6934,6934,6934,6934,78,159570,5414760.0,OI1501
2014-06-13 10:44:00,6934,6934,6932,6932,24,159562,1666080.0,OI1501
2014-06-13 10:45:00,6932,6932,6932,6932,70,159588,4859400.0,OI1501
2014-06-13 10:46:00,6934,6934,6934,6934,62,159580,4304040.0,OI1501
2014-06-13 10:47:00,6934,6934,6934,6934,144,159558,9996480.0,OI1501
2014-06-13 10:48:00,6934,6936,6934,6936,42,159590,2915640.0,OI1501
2014-06-13 10:49:00,6936,6936,6934,6936,162,159634,11246040.0,OI1501
2014-06-13 10:50:00,6936,6936,6934,6936,152,159742,10551840.0,OI1501
2014-06-13 10:51:00,6936,6936,6934,6934,28,159764,1943760.0,OI1501
2014-06-13 10:52:00,6936,6936,6934,6936,168,159844,11661120.0,OI1501
2014-06-13 10:53:00,6936,6936,6934,6936,178,159962,12353200.0,OI1501
2014-06-13 10:54:00,6938,6938,6936,6938,196,160022,13602400.0,OI1501
2014-06-13 10:55:00,6938,6942,6938,6940,402,160154,27898800.0,OI1501
2014-06-13 10:56:00,6940,6940,6940,6940,178,160194,12353200.0,OI1501
2014-06-13 10:57:00,6938,6938,6936,6936,112,160232,7772800.0,OI1501
2014-06-13 10:58:00,6936,6938,6936,6938,54,160262,3747600.0,OI1501
2014-06-13 10:59:00,6938,6940,6934,6934,424,160260,29425600.0,OI1501
2014-06-13 11:00:00,6934,6934,6934,6934,92,160314,6384800.0,OI1501
2014-06-13 11:01:00,6934,6936,6934,6936,26,160318,1804400.0,OI1501
2014-06-13 11:02:00,6936,6936,6936,6936,14,160326,971600.0,OI1501
2014-06-13 11:03:00,6936,6936,6934,6936,40,160318,2776000.0,OI1501
2014-06-13 11:04:00,6934,6936,6934,6936,4,160316,277600.0,OI1501
2014-06-13 11:05:00,6936,6936,6934,6934,18,160314,1249200.0,OI1501
2014-06-13 11:06:00,6936,6936,6934,6934,40,160320,2776000.0,OI1501
2014-06-13 11:07:00,6934,6936,6932,6936,46,160326,3192400.0,OI1501
2014-06-13 11:08:00,6934,6936,6934,6936,20,160330,1388000.0,OI1501
2014-06-13 11:09:00,6936,6936,6934,6934,52,160322,3608800.0,OI1501
2014-06-13 11:10:00,6934,6934,6934,6934,6,160326,416400.0,OI1501
2014-06-13 11:11:00,6934,6934,6932,6934,52,160358,3608800.0,OI1501
2014-06-13 11:12:00,6932,6932,6932,6932,102,160392,7078800.0,OI1501
2014-06-13 11:13:00,6932,6932,6932,6932,128,160402,8883200.0,OI1501
2014-06-13 11:14:00,6932,6934,6932,6934,4,160402,277600.0,OI1501
2014-06-13 11:15:00,6934,6934,6932,6934,64,160458,4441600.0,OI1501
2014-06-13 11:16:00,6934,6934,6934,6934,48,160476,3331200.0,OI1501
2014-06-13 11:17:00,6934,6934,6934,6934,120,160540,8328000.0,OI1501
2014-06-13 11:18:00,6934,6934,6934,6934,84,160540,5829600.0,OI1501
2014-06-13 11:19:00,6934,6936,6934,6936,98,160546,6801200.0,OI1501
2014-06-13 11:20:00,6936,6936,6930,6930,488,160956,33867200.0,OI1501
2014-06-13 11:21:00,6930,6934,6930,6932,358,161204,24845200.0,OI1501
2014-06-13 11:22:00,6932,6932,6928,6932,142,161248,9854800.0,OI1501
2014-06-13 11:23:00,6932,6934,6932,6932,68,161270,4719200.0,OI1501
2014-06-13 11:24:00,6932,6932,6932,6932,36,161284,2498400.0,OI1501
2014-06-13 11:25:00,6934,6934,6932,6934,350,161230,24290000.0,OI1501
2014-06-13 11:26:00,6934,6936,6934,6936,90,161224,6246000.0,OI1501
2014-06-13 11:27:00,6936,6938,6934,6936,192,161350,13324800.0,OI1501
2014-06-13 11:28:00,6936,6936,6934,6936,144,161480,9993600.0,OI1501
2014-06-13 11:29:00,6934,6938,6934,6936,602,161906,41778800.0,OI1501
2014-06-13 13:30:00,6936,6940,6934,6938,334,162056,23179600.0,OI1501
2014-06-13 13:31:00,6936,6938,6934,6934,422,162240,29286800.0,OI1501
2014-06-13 13:32:00,6936,6936,6934,6936,406,162162,28176400.0,OI1501
2014-06-13 13:33:00,6938,6942,6938,6942,354,162332,24567600.0,OI1501
2014-06-13 13:34:00,6940,6940,6940,6940,104,162370,7217600.0,OI1501
2014-06-13 13:35:00,6940,6940,6938,6938,22,162370,1526800.0,OI1501
2014-06-13 13:36:00,6938,6940,6938,6938,282,162514,19570800.0,OI1501
2014-06-13 13:37:00,6938,6942,6938,6942,294,162714,20403600.0,OI1501
2014-06-13 13:38:00,6940,6942,6940,6940,326,162954,22624400.0,OI1501
2014-06-13 13:39:00,6940,6942,6940,6942,200,163108,13880000.0,OI1501
2014-06-13 13:40:00,6942,6942,6940,6940,134,163218,9299600.0,OI1501
2014-06-13 13:41:00,6940,6940,6938,6940,116,163294,8050400.0,OI1501
2014-06-13 13:42:00,6940,6944,6940,6944,382,163294,26510800.0,OI1501
2014-06-13 13:43:00,6944,6944,6942,6942,126,163374,8744400.0,OI1501
2014-06-13 13:44:00,6942,6944,6942,6944,272,163492,18876800.0,OI1501
2014-06-13 13:45:00,6946,6952,6946,6950,404,163462,28037600.0,OI1501
2014-06-13 13:46:00,6948,6950,6946,6946,232,163606,16100800.0,OI1501
2014-06-13 13:47:00,6944,6946,6944,6946,68,163602,4719200.0,OI1501
2014-06-13 13:48:00,6946,6948,6946,6948,42,163578,2914800.0,OI1501
2014-06-13 13:49:00,6946,6948,6944,6946,242,163672,16794800.0,OI1501
2014-06-13 13:50:00,6946,6946,6944,6944,120,163662,8328000.0,OI1501
2014-06-13 13:51:00,6944,6944,6942,6942,48,163650,3331200.0,OI1501
2014-06-13 13:52:00,6942,6944,6942,6942,68,163628,4719200.0,OI1501
2014-06-13 13:53:00,6942,6942,6942,6942,12,163640,832800.0,OI1501
2014-06-13 13:54:00,6944,6944,6942,6942,24,163642,1665600.0,OI1501
2014-06-13 13:55:00,6942,6942,6942,6942,54,163610,3747600.0,OI1501
2014-06-13 13:56:00,6942,6944,6942,6944,62,163604,4302800.0,OI1501
2014-06-13 13:57:00,6942,6944,6942,6942,56,163598,3886400.0,OI1501
2014-06-13 13:58:00,6942,6944,6942,6942,14,163586,971600.0,OI1501
2014-06-13 13:59:00,6942,6944,6942,6942,26,163576,1804400.0,OI1501
2014-06-13 14:00:00,6944,6944,6942,6942,48,163578,3331200.0,OI1501
2014-06-13 14:01:00,6944,6944,6944,6944,56,163542,3886400.0,OI1501
2014-06-13 14:02:00,6942,6944,6942,6942,24,163552,1665600.0,OI1501
2014-06-13 14:03:00,6944,6944,6942,6942,110,163632,7634000.0,OI1501
2014-06-13 14:04:00,6942,6942,6942,6942,128,163698,8883200.0,OI1501
2014-06-13 14:05:00,6942,6942,6940,6940,126,163816,8744400.0,OI1501
2014-06-13 14:06:00,6940,6942,6940,6940,66,163842,4580400.0,OI1501
2014-06-13 14:07:00,6940,6940,6940,6940,2,163842,138800.0,OI1501
2014-06-13 14:08:00,6942,6942,6940,6942,78,163908,5413200.0,OI1501
2014-06-13 14:09:00,6942,6944,6940,6944,68,163918,4719200.0,OI1501
2014-06-13 14:10:00,6942,6942,6942,6942,22,163926,1526800.0,OI1501
2014-06-13 14:11:00,6940,6942,6940,6940,12,163932,832800.0,OI1501
2014-06-13 14:13:00,6940,6942,6940,6940,18,163940,1249200.0,OI1501
2014-06-13 14:14:00,6940,6942,6940,6942,20,163950,1388000.0,OI1501
2014-06-13 14:15:00,6942,6942,6940,6942,104,164042,7217600.0,OI1501
2014-06-13 14:16:00,6942,6944,6942,6944,48,164056,3331200.0,OI1501
2014-06-13 14:17:00,6942,6942,6940,6942,60,164098,4164000.0,OI1501
2014-06-13 14:18:00,6942,6944,6940,6942,24,164104,1665600.0,OI1501
2014-06-13 14:19:00,6942,6944,6942,6944,102,164202,7078800.0,OI1501
2014-06-13 14:20:00,6942,6944,6942,6944,154,164256,10687600.0,OI1501
2014-06-13 14:21:00,6944,6946,6942,6946,136,164288,9438400.0,OI1501
2014-06-13 14:22:00,6946,6946,6944,6944,42,164288,2914800.0,OI1501
2014-06-13 14:23:00,6946,6946,6942,6942,48,164280,3331200.0,OI1501
2014-06-13 14:24:00,6942,6942,6942,6942,50,164276,3470000.0,OI1501
2014-06-13 14:25:00,6942,6944,6942,6944,36,164252,2498400.0,OI1501
2014-06-13 14:26:00,6944,6944,6944,6944,20,164252,1388000.0,OI1501
2014-06-13 14:27:00,6944,6946,6944,6946,8,164252,555200.0,OI1501
2014-06-13 14:28:00,6944,6946,6944,6946,16,164252,1110400.0,OI1501
2014-06-13 14:29:00,6946,6946,6944,6944,32,164260,2220800.0,OI1501
2014-06-13 14:30:00,6944,6946,6942,6944,64,164254,4441600.0,OI1501
2014-06-13 14:31:00,6944,6946,6944,6944,52,164278,3608800.0,OI1501
2014-06-13 14:32:00,6944,6944,6944,6944,18,164282,1249200.0,OI1501
2014-06-13 14:33:00,6946,6946,6944,6944,38,164292,2637200.0,OI1501
2014-06-13 14:34:00,6944,6944,6942,6942,32,164288,2220800.0,OI1501
2014-06-13 14:35:00,6944,6944,6942,6944,104,164356,7217600.0,OI1501
2014-06-13 14:36:00,6942,6948,6942,6948,394,164524,27343600.0,OI1501
2014-06-13 14:37:00,6946,6946,6944,6946,102,164498,7078800.0,OI1501
2014-06-13 14:38:00,6946,6948,6946,6946,66,164488,4580400.0,OI1501
2014-06-13 14:39:00,6948,6948,6948,6948,50,164488,3470000.0,OI1501
2014-06-13 14:40:00,6950,6952,6948,6952,116,164500,8050400.0,OI1501
2014-06-13 14:41:00,6952,6952,6944,6944,510,164922,35394000.0,OI1501
2014-06-13 14:42:00,6944,6946,6944,6944,366,165140,25400400.0,OI1501
2014-06-13 14:43:00,6944,6944,6940,6942,448,165530,31091200.0,OI1501
2014-06-13 14:44:00,6942,6942,6940,6942,194,165724,13463600.0,OI1501
2014-06-13 14:45:00,6942,6942,6942,6942,98,165732,6801200.0,OI1501
2014-06-13 14:46:00,6942,6942,6938,6940,668,166226,46359200.0,OI1501
2014-06-13 14:47:00,6940,6940,6938,6938,16,166226,1110400.0,OI1501
2014-06-13 14:48:00,6938,6940,6936,6936,534,166528,37059600.0,OI1501
2014-06-13 14:49:00,6936,6936,6934,6936,306,166468,21236400.0,OI1501
2014-06-13 14:50:00,6934,6936,6934,6936,212,166476,14712800.0,OI1501
2014-06-13 14:51:00,6936,6938,6934,6936,1216,167296,84390400.0,OI1501
2014-06-13 14:52:00,6936,6936,6934,6936,574,167690,39835600.0,OI1501
2014-06-13 14:53:00,6936,6936,6930,6932,1180,168382,81892000.0,OI1501
2014-06-13 14:54:00,6934,6934,6928,6930,878,168828,60933200.0,OI1501
2014-06-13 14:55:00,6930,6934,6928,6932,742,168998,51494800.0,OI1501
2014-06-13 14:56:00,6932,6932,6928,6930,620,169182,43028000.0,OI1501
2014-06-13 14:57:00,6930,6932,6926,6928,616,169422,42750400.0,OI1501
2014-06-13 14:58:00,6932,6934,6928,6934,554,169504,38447600.0,OI1501
2014-06-13 14:59:00,6932,6934,6930,6930,360,169414,24984000.0,OI1501
2014-06-16 09:00:00,6980,7004,6980,6990,2428,169128,169660600.0,OI1501
2014-06-16 09:01:00,6990,6994,6986,6990,564,169158,39434880.0,OI1501
2014-06-16 09:02:00,6990,6994,6988,6988,702,169196,49083840.0,OI1501
2014-06-16 09:03:00,6990,6992,6982,6986,720,169536,50342400.0,OI1501
2014-06-16 09:04:00,6986,6986,6970,6974,800,170148,55921320.0,OI1501
2014-06-16 09:05:00,6974,6982,6970,6970,672,170372,46959840.0,OI1501
2014-06-16 09:06:00,6972,6974,6964,6968,532,170738,37170600.0,OI1501
2014-06-16 09:07:00,6970,6970,6962,6968,562,170990,39257760.0,OI1501
2014-06-16 09:08:00,6972,6974,6960,6966,1496,171144,104466720.0,OI1501
2014-06-16 09:09:00,6966,6974,6966,6972,300,171140,20946000.0,OI1501
2014-06-16 09:10:00,6972,6980,6972,6978,430,170974,30022600.0,OI1501
2014-06-16 09:11:00,6978,6980,6976,6976,578,170854,40355960.0,OI1501
2014-06-16 09:12:00,6976,6978,6972,6972,198,170898,13820560.0,OI1501
2014-06-16 09:13:00,6972,6972,6968,6970,640,171314,44672000.0,OI1501
2014-06-16 09:14:00,6970,6972,6968,6972,408,171410,28478400.0,OI1501
2014-06-16 09:15:00,6972,6976,6972,6974,656,171494,45788800.0,OI1501
2014-06-16 09:16:00,6976,6976,6972,6972,486,171462,33922800.0,OI1501
2014-06-16 09:17:00,6972,6974,6972,6972,114,171442,7957200.0,OI1501
2014-06-16 09:18:00,6972,6972,6968,6968,384,171384,26802400.0,OI1501
2014-06-16 09:19:00,6968,6970,6966,6966,204,171314,14235120.0,OI1501
2014-06-16 09:20:00,6970,6974,6970,6972,370,171308,25818600.0,OI1501
2014-06-16 09:21:00,6970,6974,6970,6972,234,171250,16328520.0,OI1501
2014-06-16 09:22:00,6972,6972,6966,6968,792,171098,55265760.0,OI1501
2014-06-16 09:23:00,6968,6970,6968,6970,96,171190,6698880.0,OI1501
2014-06-16 09:24:00,6970,6970,6968,6970,226,171256,15770280.0,OI1501
2014-06-16 09:25:00,6970,6970,6968,6970,58,171234,4047240.0,OI1501
2014-06-16 09:26:00,6970,6970,6968,6968,8,171228,558240.0,OI1501
2014-06-16 09:27:00,6968,6970,6968,6968,198,171216,13816440.0,OI1501
2014-06-16 09:28:00,6970,6970,6968,6968,180,171136,12560400.0,OI1501
2014-06-16 09:29:00,6968,6970,6968,6970,70,171192,4884600.0,OI1501
2014-06-16 09:30:00,6970,6970,6966,6966,208,171216,14514240.0,OI1501
2014-06-16 09:31:00,6964,6968,6964,6964,188,171190,13118640.0,OI1501
2014-06-16 09:32:00,6964,6968,6964,6966,58,171198,4047240.0,OI1501
2014-06-16 09:33:00,6966,6968,6966,6966,44,171192,3070320.0,OI1501
2014-06-16 09:34:00,6966,6966,6962,6966,168,171172,11723040.0,OI1501
2014-06-16 09:35:00,6964,6964,6964,6964,40,171172,2791200.0,OI1501
2014-06-16 09:36:00,6964,6964,6962,6962,104,171214,7255360.0,OI1501
2014-06-16 09:37:00,6960,6962,6960,6960,396,171184,27624960.0,OI1501
2014-06-16 09:38:00,6962,6964,6962,6964,28,171188,1953280.0,OI1501
2014-06-16 09:39:00,6966,6966,6962,6964,372,171454,25950720.0,OI1501
2014-06-16 09:40:00,6964,6964,6962,6964,546,171546,38088960.0,OI1501
2014-06-16 09:41:00,6964,6964,6960,6960,758,171476,52878080.0,OI1501
2014-06-16 09:42:00,6960,6960,6958,6960,322,171414,22461160.0,OI1501
2014-06-16 09:43:00,6962,6962,6960,6962,136,171474,9484640.0,OI1501
2014-06-16 09:44:00,6962,6962,6960,6962,346,171736,24130040.0,OI1501
2014-06-16 09:45:00,6962,6964,6962,6962,480,172016,33475200.0,OI1501
2014-06-16 09:46:00,6962,6968,6962,6968,814,172594,56768360.0,OI1501
2014-06-16 09:47:00,6966,6970,6966,6970,160,172654,11158400.0,OI1501
2014-06-16 09:48:00,6970,6972,6968,6972,222,172696,15482280.0,OI1501
2014-06-16 09:49:00,6970,6972,6968,6968,370,172720,25803800.0,OI1501
2014-06-16 09:50:00,6966,6968,6966,6968,82,172726,5718680.0,OI1501
2014-06-16 09:51:00,6966,6972,6966,6972,308,172906,21479920.0,OI1501
2014-06-16 09:52:00,6972,6972,6970,6972,20,172922,1394800.0,OI1501
2014-06-16 09:53:00,6972,6972,6970,6970,62,172912,4323880.0,OI1501
2014-06-16 09:54:00,6970,6974,6970,6972,268,173054,18690320.0,OI1501
2014-06-16 09:55:00,6974,6976,6972,6976,314,173218,21898360.0,OI1501
2014-06-16 09:56:00,6974,6980,6974,6978,386,173360,26919640.0,OI1501
2014-06-16 09:57:00,6976,6976,6974,6976,90,173376,6276600.0,OI1501
2014-06-16 09:58:00,6976,6978,6974,6976,46,173402,3208040.0,OI1501
2014-06-16 09:59:00,6976,6980,6976,6980,818,173828,57047320.0,OI1501
2014-06-16 10:00:00,6978,6982,6978,6978,806,173940,56210440.0,OI1501
2014-06-16 10:01:00,6980,6980,6978,6978,214,173978,14924360.0,OI1501
2014-06-16 10:02:00,6978,6980,6976,6978,152,174056,10600480.0,OI1501
2014-06-16 10:03:00,6978,6978,6970,6970,266,174104,18550840.0,OI1501
2014-06-16 10:04:00,6972,6974,6970,6972,436,174248,30406640.0,OI1501
2014-06-16 10:05:00,6970,6972,6968,6970,362,174504,25245880.0,OI1501
2014-06-16 10:06:00,6970,6972,6970,6970,76,174538,5300240.0,OI1501
2014-06-16 10:07:00,6972,6972,6970,6970,272,174672,18969280.0,OI1501
2014-06-16 10:08:00,6970,6970,6970,6970,24,174664,1673760.0,OI1501
2014-06-16 10:09:00,6970,6970,6970,6970,6,174664,418440.0,OI1501
2014-06-16 10:10:00,6970,6970,6970,6970,72,174700,5021280.0,OI1501
2014-06-16 10:11:00,6968,6970,6968,6970,68,174722,4742320.0,OI1501
2014-06-16 10:12:00,6970,6970,6968,6970,294,174998,20503560.0,OI1501
2014-06-16 10:13:00,6970,6972,6970,6972,204,175106,14226960.0,OI1501
2014-06-16 10:14:00,6970,6974,6970,6970,396,175012,27617040.0,OI1501
2014-06-16 10:30:00,6970,6974,6970,6974,120,175074,8368800.0,OI1501
2014-06-16 10:31:00,6974,6974,6970,6970,154,175122,10739960.0,OI1501
2014-06-16 10:32:00,6970,6970,6968,6968,54,175142,3765960.0,OI1501
2014-06-16 10:33:00,6968,6968,6966,6968,190,175142,13250600.0,OI1501
2014-06-16 10:34:00,6968,6970,6966,6966,56,175146,3905440.0,OI1501
2014-06-16 10:35:00,6966,6968,6964,6968,140,175166,9763600.0,OI1501
2014-06-16 10:36:00,6966,6968,6964,6964,82,175180,5718680.0,OI1501
2014-06-16 10:37:00,6964,6966,6964,6964,120,175182,8368800.0,OI1501
2014-06-16 10:38:00,6966,6968,6964,6964,38,175196,2650120.0,OI1501
2014-06-16 10:39:00,6966,6966,6964,6966,24,175214,1673760.0,OI1501
2014-06-16 10:40:00,6966,6968,6964,6964,92,175206,6416080.0,OI1501
2014-06-16 10:41:00,6966,6966,6966,6966,92,175208,6416080.0,OI1501
2014-06-16 10:42:00,6966,6966,6964,6964,100,175186,6974000.0,OI1501
2014-06-16 10:43:00,6964,6966,6964,6964,34,175218,2371160.0,OI1501
2014-06-16 10:44:00,6966,6966,6964,6964,60,175256,4184400.0,OI1501
2014-06-16 10:45:00,6964,6966,6964,6964,34,175282,2371160.0,OI1501
2014-06-16 10:46:00,6964,6964,6964,6964,74,175278,5160760.0,OI1501
2014-06-16 10:47:00,6962,6964,6962,6962,44,175300,3068560.0,OI1501
2014-06-16 10:48:00,6962,6964,6962,6962,32,175304,2231680.0,OI1501
2014-06-16 10:49:00,6964,6966,6964,6964,218,175316,15203320.0,OI1501
2014-06-16 10:50:00,6964,6966,6964,6966,158,175330,11018920.0,OI1501
2014-06-16 10:51:00,6964,6966,6964,6964,106,175306,7392440.0,OI1501
2014-06-16 10:52:00,6964,6964,6964,6964,2,175304,139480.0,OI1501
2014-06-16 10:53:00,6966,6966,6964,6966,128,175258,8926720.0,OI1501
2014-06-16 10:54:00,6966,6966,6966,6966,8,175256,557920.0,OI1501
2014-06-16 10:55:00,6966,6966,6966,6966,2,175254,139480.0,OI1501
2014-06-16 10:56:00,6964,6966,6964,6964,38,175238,2650120.0,OI1501
2014-06-16 10:57:00,6966,6966,6966,6966,128,175128,8926720.0,OI1501
2014-06-16 10:58:00,6966,6968,6966,6966,46,175114,3208040.0,OI1501
2014-06-16 10:59:00,6966,6968,6964,6964,50,175134,3487000.0,OI1501
2014-06-16 11:00:00,6966,6968,6966,6966,52,175156,3626480.0,OI1501
2014-06-16 11:01:00,6968,6968,6966,6968,50,175156,3487000.0,OI1501
2014-06-16 11:02:00,6968,6968,6968,6968,36,175158,2510640.0,OI1501
2014-06-16 11:03:00,6968,6970,6968,6970,10,175158,697400.0,OI1501
2014-06-16 11:04:00,6970,6970,6970,6970,4,175160,278960.0,OI1501
2014-06-16 11:05:00,6970,6970,6968,6968,32,175188,2231680.0,OI1501
2014-06-16 11:06:00,6968,6970,6968,6968,98,175278,6834520.0,OI1501
2014-06-16 11:07:00,6968,6970,6966,6968,58,175314,4044920.0,OI1501
2014-06-16 11:08:00,6970,6970,6966,6968,106,175380,7392440.0,OI1501
2014-06-16 11:09:00,6968,6968,6964,6966,226,175316,15761240.0,OI1501
2014-06-16 11:10:00,6966,6966,6962,6964,340,175292,23711600.0,OI1501
2014-06-16 11:11:00,6964,6966,6962,6966,88,175334,6137120.0,OI1501
2014-06-16 11:12:00,6964,6964,6964,6964,156,175380,10879440.0,OI1501
2014-06-16 11:13:00,6964,6966,6964,6964,88,175338,6137120.0,OI1501
2014-06-16 11:14:00,6964,6964,6962,6964,388,175464,27051600.0,OI1501
2014-06-16 11:15:00,6964,6964,6962,6964,94,175550,6553680.0,OI1501
2014-06-16 11:16:00,6962,6964,6962,6962,210,175636,14641200.0,OI1501
2014-06-16 11:17:00,6964,6966,6964,6964,76,175680,5298720.0,OI1501
2014-06-16 11:18:00,6964,6964,6962,6962,100,175638,6972000.0,OI1501
2014-06-16 11:19:00,6964,6966,6964,6964,64,175606,4462080.0,OI1501
2014-06-16 11:20:00,6964,6966,6964,6966,62,175626,4322640.0,OI1501
2014-06-16 11:21:00,6966,6966,6966,6966,26,175648,1812720.0,OI1501
2014-06-16 11:22:00,6966,6968,6964,6966,82,175642,5717040.0,OI1501
2014-06-16 11:23:00,6966,6968,6964,6964,488,175978,34023360.0,OI1501
2014-06-16 11:24:00,6962,6962,6950,6956,1102,176460,76831440.0,OI1501
2014-06-16 11:25:00,6956,6956,6948,6952,730,176638,50895600.0,OI1501
2014-06-16 11:26:00,6950,6950,6940,6944,880,177070,61353600.0,OI1501
2014-06-16 11:27:00,6942,6942,6932,6936,1304,177472,90889560.0,OI1501
2014-06-16 11:28:00,6938,6946,6938,6944,918,177900,63984600.0,OI1501
2014-06-16 11:29:00,6942,6944,6936,6936,830,178334,57838240.0,OI1501
2014-06-16 13:30:00,6936,6940,6932,6940,1236,178902,86124480.0,OI1501
2014-06-16 13:31:00,6940,6944,6936,6940,1604,179304,111748640.0,OI1501
2014-06-16 13:32:00,6942,6942,6934,6938,922,179124,64226520.0,OI1501
2014-06-16 13:33:00,6938,6944,6938,6942,1114,178958,77601240.0,OI1501
2014-06-16 13:34:00,6940,6944,6940,6940,540,178908,37616400.0,OI1501
2014-06-16 13:35:00,6940,6946,6940,6944,766,178850,53344720.0,OI1501
2014-06-16 13:36:00,6944,6946,6940,6942,210,178764,14624400.0,OI1501
2014-06-16 13:37:00,6940,6940,6938,6938,294,178720,20474160.0,OI1501
2014-06-16 13:38:00,6938,6946,6938,6942,830,178936,57801200.0,OI1501
2014-06-16 13:39:00,6942,6950,6942,6946,910,179090,63372400.0,OI1501
2014-06-16 13:40:00,6946,6948,6944,6944,426,178986,29666640.0,OI1501
2014-06-16 13:41:00,6944,6946,6938,6940,452,179138,31477280.0,OI1501
2014-06-16 13:42:00,6942,6944,6942,6944,268,179132,18663520.0,OI1501
2014-06-16 13:43:00,6944,6946,6944,6946,118,179100,8217520.0,OI1501
2014-06-16 13:44:00,6948,6948,6942,6944,172,179208,11978080.0,OI1501
2014-06-16 13:45:00,6944,6946,6942,6944,166,179306,11560240.0,OI1501
2014-06-16 13:46:00,6944,6948,6944,6948,96,179256,6684880.0,OI1501
2014-06-16 13:47:00,6946,6948,6944,6944,294,179296,20468280.0,OI1501
2014-06-16 13:48:00,6942,6944,6940,6940,252,179408,17544240.0,OI1501
2014-06-16 13:49:00,6940,6942,6940,6940,194,179496,13506280.0,OI1501
2014-06-16 13:50:00,6942,6942,6938,6938,1018,180446,70873160.0,OI1501
2014-06-16 13:51:00,6938,6938,6934,6938,186,180550,12949320.0,OI1501
2014-06-16 13:52:00,6936,6944,6936,6940,760,180492,52911200.0,OI1501
2014-06-16 13:53:00,6940,6942,6940,6942,42,180490,2924040.0,OI1501
2014-06-16 13:54:00,6942,6942,6940,6942,64,180462,4455680.0,OI1501
2014-06-16 13:55:00,6940,6946,6940,6944,532,180556,37037840.0,OI1501
2014-06-16 13:56:00,6944,6946,6940,6940,88,180540,6126560.0,OI1501
2014-06-16 13:57:00,6940,6942,6940,6942,58,180560,4037960.0,OI1501
2014-06-16 13:58:00,6942,6944,6940,6940,302,180596,21025240.0,OI1501
2014-06-16 13:59:00,6942,6942,6940,6940,302,180746,21025240.0,OI1501
2014-06-16 14:00:00,6940,6940,6938,6938,52,180784,3620240.0,OI1501
2014-06-16 14:01:00,6938,6940,6936,6936,548,181244,38151760.0,OI1501
2014-06-16 14:02:00,6934,6936,6934,6934,238,181442,16564800.0,OI1501
2014-06-16 14:03:00,6936,6942,6936,6942,462,181736,32155200.0,OI1501
2014-06-16 14:04:00,6940,6942,6940,6940,364,182054,25334400.0,OI1501
2014-06-16 14:05:00,6940,6940,6938,6940,206,182202,14337600.0,OI1501
2014-06-16 14:06:00,6940,6942,6940,6942,172,182330,11971200.0,OI1501
2014-06-16 14:07:00,6940,6940,6938,6940,98,182400,6820800.0,OI1501
2014-06-16 14:08:00,6940,6940,6938,6940,6,182398,417600.0,OI1501
2014-06-16 14:09:00,6938,6940,6938,6938,8,182400,556800.0,OI1501
2014-06-16 14:10:00,6940,6940,6940,6940,100,182384,6960000.0,OI1501
2014-06-16 14:11:00,6940,6942,6940,6940,248,182578,17260800.0,OI1501
2014-06-16 14:12:00,6938,6942,6938,6940,28,182590,1948800.0,OI1501
2014-06-16 14:13:00,6940,6940,6940,6940,122,182696,8491200.0,OI1501
2014-06-16 14:14:00,6940,6942,6940,6940,150,182828,10440000.0,OI1501
2014-06-16 14:15:00,6940,6942,6938,6938,138,182912,9604800.0,OI1501
2014-06-16 14:16:00,6940,6940,6938,6940,98,182924,6820800.0,OI1501
2014-06-16 14:17:00,6940,6940,6938,6940,92,182920,6403200.0,OI1501
2014-06-16 14:18:00,6938,6938,6936,6938,124,182902,8630400.0,OI1501
2014-06-16 14:19:00,6938,6940,6938,6940,276,182756,19209600.0,OI1501
2014-06-16 14:20:00,6940,6942,6940,6942,194,182638,13502400.0,OI1501
2014-06-16 14:21:00,6940,6942,6940,6942,10,182642,696000.0,OI1501
2014-06-16 14:22:00,6942,6942,6940,6942,24,182640,1670400.0,OI1501
2014-06-16 14:23:00,6940,6940,6940,6940,16,182640,1113600.0,OI1501
2014-06-16 14:24:00,6940,6940,6940,6940,158,182526,10996800.0,OI1501
2014-06-16 14:25:00,6940,6940,6938,6938,124,182546,8630400.0,OI1501
2014-06-16 14:26:00,6936,6938,6936,6938,118,182612,8212800.0,OI1501
2014-06-16 14:27:00,6938,6940,6938,6940,4,182612,278400.0,OI1501
2014-06-16 14:28:00,6940,6940,6940,6940,42,182608,2923200.0,OI1501
2014-06-16 14:29:00,6938,6940,6938,6940,336,182638,23385600.0,OI1501
2014-06-16 14:30:00,6938,6940,6938,6938,56,182626,3897600.0,OI1501
2014-06-16 14:31:00,6940,6940,6940,6940,18,182626,1252800.0,OI1501
2014-06-16 14:32:00,6940,6940,6940,6940,6,182626,417600.0,OI1501
2014-06-16 14:33:00,6940,6940,6938,6940,214,182602,14894400.0,OI1501
2014-06-16 14:34:00,6940,6940,6938,6940,220,182602,15312000.0,OI1501
2014-06-16 14:35:00,6940,6940,6940,6940,84,182530,5846400.0,OI1501
2014-06-16 14:36:00,6940,6942,6938,6938,176,182536,12249600.0,OI1501
2014-06-16 14:37:00,6940,6940,6938,6938,82,182536,5707200.0,OI1501
2014-06-16 14:38:00,6938,6940,6938,6940,64,182528,4454400.0,OI1501
2014-06-16 14:39:00,6938,6940,6938,6940,54,182506,3758400.0,OI1501
2014-06-16 14:40:00,6940,6940,6938,6938,290,182484,20184000.0,OI1501
2014-06-16 14:41:00,6938,6940,6938,6940,128,182424,8908800.0,OI1501
2014-06-16 14:42:00,6940,6940,6938,6940,374,182394,26026760.0,OI1501
2014-06-16 14:43:00,6938,6942,6938,6940,234,182400,16281720.0,OI1501
2014-06-16 14:44:00,6940,6942,6938,6940,28,182388,1948240.0,OI1501
2014-06-16 14:45:00,6938,6942,6938,6940,120,182324,8349600.0,OI1501
2014-06-16 14:46:00,6942,6942,6940,6942,78,182268,5427240.0,OI1501
2014-06-16 14:47:00,6942,6942,6942,6942,22,182246,1530760.0,OI1501
2014-06-16 14:48:00,6942,6944,6942,6944,544,181870,37851520.0,OI1501
2014-06-16 14:49:00,6944,6948,6944,6944,320,181682,22265600.0,OI1501
2014-06-16 14:50:00,6944,6944,6942,6942,54,181654,3757320.0,OI1501
2014-06-16 14:51:00,6942,6942,6940,6942,288,181592,20039040.0,OI1501
2014-06-16 14:52:00,6942,6942,6940,6940,192,181604,13359360.0,OI1501
2014-06-16 14:53:00,6940,6944,6940,6944,238,181486,16560040.0,OI1501
2014-06-16 14:54:00,6942,6946,6942,6944,124,181412,8627920.0,OI1501
2014-06-16 14:55:00,6944,6944,6940,6942,82,181350,5705560.0,OI1501
2014-06-16 14:56:00,6940,6940,6938,6938,254,181246,17673320.0,OI1501
2014-06-16 14:57:00,6940,6940,6936,6936,266,181130,18508280.0,OI1501
2014-06-16 14:58:00,6934,6936,6930,6936,574,181098,39938920.0,OI1501
2014-06-16 14:59:00,6932,6934,6930,6932,390,181064,27136200.0,OI1501
2014-06-17 09:00:00,6914,6934,6912,6920,888,181450,61410520.0,OI1501
2014-06-17 09:01:00,6922,6926,6922,6926,126,181478,8719200.0,OI1501
2014-06-17 09:02:00,6924,6924,6914,6924,748,181472,51761600.0,OI1501
2014-06-17 09:03:00,6926,6932,6924,6930,384,181464,26578200.0,OI1501
2014-06-17 09:04:00,6930,6934,6928,6928,106,181468,7337320.0,OI1501
2014-06-17 09:05:00,6928,6930,6928,6930,72,181486,4983840.0,OI1501
2014-06-17 09:06:00,6928,6928,6922,6922,194,181500,13431840.0,OI1501
2014-06-17 09:07:00,6924,6926,6922,6924,108,181478,7477920.0,OI1501
2014-06-17 09:08:00,6924,6924,6920,6920,38,181470,2631120.0,OI1501
2014-06-17 09:09:00,6922,6922,6920,6922,32,181488,2215680.0,OI1501
2014-06-17 09:10:00,6920,6922,6920,6920,60,181508,4154400.0,OI1501
2014-06-17 09:11:00,6920,6922,6918,6920,310,181590,21461240.0,OI1501
2014-06-17 09:12:00,6920,6922,6918,6918,576,181786,39870720.0,OI1501
2014-06-17 09:13:00,6918,6922,6918,6920,156,181754,10798320.0,OI1501
2014-06-17 09:14:00,6920,6922,6920,6920,178,181702,12321160.0,OI1501
2014-06-17 09:15:00,6920,6920,6914,6916,472,181854,32671840.0,OI1501
2014-06-17 09:16:00,6914,6914,6902,6908,1240,182216,85808600.0,OI1501
2014-06-17 09:17:00,6908,6914,6908,6912,338,182338,23382840.0,OI1501
2014-06-17 09:18:00,6914,6920,6914,6916,390,182290,26980200.0,OI1501
2014-06-17 09:19:00,6918,6918,6910,6912,522,182424,36111960.0,OI1501
2014-06-17 09:20:00,6910,6914,6910,6912,170,182486,11760600.0,OI1501
2014-06-17 09:21:00,6912,6914,6912,6912,28,182498,1937040.0,OI1501
2014-06-17 09:22:00,6914,6914,6912,6914,90,182532,6226200.0,OI1501
2014-06-17 09:23:00,6916,6916,6914,6916,144,182596,9961920.0,OI1501
2014-06-17 09:24:00,6914,6918,6908,6908,414,182820,28640520.0,OI1501
2014-06-17 09:25:00,6910,6912,6908,6910,202,182874,13974360.0,OI1501
2014-06-17 09:26:00,6910,6912,6906,6908,322,183014,22273200.0,OI1501
2014-06-17 09:27:00,6908,6908,6900,6902,520,183208,35963200.0,OI1501
2014-06-17 09:28:00,6902,6906,6900,6904,416,183240,28770560.0,OI1501
2014-06-17 09:29:00,6902,6904,6896,6896,336,183366,23237760.0,OI1501
2014-06-17 09:30:00,6894,6898,6890,6890,588,183624,40654320.0,OI1501
2014-06-17 09:31:00,6890,6896,6890,6892,346,183758,23922440.0,OI1501
2014-06-17 09:32:00,6894,6896,6884,6896,864,183950,59722120.0,OI1501
2014-06-17 09:33:00,6896,6902,6894,6900,670,183692,46307800.0,OI1501
2014-06-17 09:34:00,6900,6906,6900,6906,432,183428,29851200.0,OI1501
2014-06-17 09:35:00,6906,6906,6898,6898,520,183314,35932000.0,OI1501
2014-06-17 09:36:00,6898,6902,6896,6898,674,183186,46573400.0,OI1501
2014-06-17 09:37:00,6898,6902,6898,6902,634,182994,43809400.0,OI1501
2014-06-17 09:38:00,6902,6904,6900,6900,314,182934,21697400.0,OI1501
2014-06-17 09:39:00,6902,6902,6898,6900,570,182644,39380200.0,OI1501
2014-06-17 09:40:00,6902,6908,6902,6906,706,182080,48770480.0,OI1501
2014-06-17 09:41:00,6906,6908,6904,6904,224,181930,15473920.0,OI1501
2014-06-17 09:42:00,6906,6906,6902,6904,150,181892,10362000.0,OI1501
2014-06-17 09:43:00,6904,6906,6904,6904,160,181784,11052800.0,OI1501
2014-06-17 09:44:00,6904,6906,6902,6904,412,182060,28460960.0,OI1501
2014-06-17 09:45:00,6904,6904,6902,6904,90,182064,6217200.0,OI1501
2014-06-17 09:46:00,6906,6908,6906,6908,154,181992,10638320.0,OI1501
2014-06-17 09:47:00,6906,6906,6900,6902,290,181876,20033200.0,OI1501
2014-06-17 09:48:00,6902,6902,6900,6902,94,181814,6493520.0,OI1501
2014-06-17 09:49:00,6900,6902,6900,6902,206,181800,14230480.0,OI1501
2014-06-17 09:50:00,6902,6902,6902,6902,64,181816,4421120.0,OI1501
2014-06-17 09:51:00,6900,6900,6900,6900,142,181816,9809360.0,OI1501
2014-06-17 09:52:00,6900,6902,6900,6902,16,181824,1105280.0,OI1501
2014-06-17 09:53:00,6900,6900,6898,6900,98,181790,6769840.0,OI1501
2014-06-17 09:54:00,6898,6900,6896,6898,240,181782,16579200.0,OI1501
2014-06-17 09:55:00,6898,6898,6896,6896,330,181780,22796400.0,OI1501
2014-06-17 09:56:00,6896,6896,6894,6896,134,181780,9256720.0,OI1501
2014-06-17 09:57:00,6896,6896,6892,6892,152,181856,10500160.0,OI1501
2014-06-17 09:58:00,6894,6894,6892,6892,220,181954,15197600.0,OI1501
2014-06-17 09:59:00,6892,6892,6888,6890,668,182134,46144600.0,OI1501
2014-06-17 10:00:00,6890,6890,6888,6890,388,182436,26795280.0,OI1501
2014-06-17 10:01:00,6890,6892,6886,6890,294,182468,20303640.0,OI1501
2014-06-17 10:02:00,6890,6892,6888,6888,222,182472,15331320.0,OI1501
2014-06-17 10:03:00,6888,6890,6888,6888,260,182548,17955600.0,OI1501
2014-06-17 10:04:00,6888,6892,6888,6892,366,182606,25275960.0,OI1501
2014-06-17 10:05:00,6892,6894,6890,6890,324,182698,22375440.0,OI1501
2014-06-17 10:06:00,6890,6896,6890,6896,258,182788,17817480.0,OI1501
2014-06-17 10:07:00,6894,6896,6892,6892,88,182830,6077280.0,OI1501
2014-06-17 10:08:00,6894,6896,6892,6896,112,182852,7734720.0,OI1501
2014-06-17 10:09:00,6896,6896,6894,6896,106,182854,7320360.0,OI1501
2014-06-17 10:10:00,6894,6894,6892,6894,158,182782,10911480.0,OI1501
2014-06-17 10:11:00,6892,6896,6892,6896,158,182714,10911480.0,OI1501
2014-06-17 10:12:00,6896,6898,6894,6896,484,182412,33418840.0,OI1501
2014-06-17 10:13:00,6896,6902,6894,6900,788,181814,54403520.0,OI1501
2014-06-17 10:14:00,6900,6902,6896,6900,530,181646,36591200.0,OI1501
2014-06-17 10:30:00,6902,6902,6890,6892,538,181738,37143520.0,OI1501
2014-06-17 10:31:00,6892,6892,6878,6878,1202,182388,82986080.0,OI1501
2014-06-17 10:32:00,6878,6880,6876,6878,794,182994,54811280.0,OI1501
2014-06-17 10:33:00,6880,6882,6876,6878,432,183240,29816640.0,OI1501
2014-06-17 10:34:00,6880,6882,6878,6880,338,183290,23328760.0,OI1501
2014-06-17 10:35:00,6880,6884,6880,6880,226,183340,15598520.0,OI1501
2014-06-17 10:36:00,6882,6884,6880,6884,128,183374,8834560.0,OI1501
2014-06-17 10:37:00,6882,6884,6882,6882,170,183496,11733400.0,OI1501
2014-06-17 10:38:00,6880,6882,6880,6882,126,183602,8696520.0,OI1501
2014-06-17 10:39:00,6882,6884,6880,6884,176,183698,12147520.0,OI1501
2014-06-17 10:40:00,6882,6882,6878,6882,228,183714,15736560.0,OI1501
2014-06-17 10:41:00,6884,6886,6882,6884,330,183784,22776600.0,OI1501
2014-06-17 10:42:00,6884,6886,6882,6886,412,183854,28434520.0,OI1501
2014-06-17 10:43:00,6888,6888,6884,6888,162,183894,11178000.0,OI1501
2014-06-17 10:44:00,6886,6888,6884,6886,230,183960,15870000.0,OI1501
2014-06-17 10:45:00,6886,6890,6884,6886,342,183954,23598000.0,OI1501
2014-06-17 10:46:00,6886,6888,6884,6886,188,183966,12972000.0,OI1501
2014-06-17 10:47:00,6884,6888,6884,6888,22,183972,1518000.0,OI1501
2014-06-17 10:48:00,6886,6888,6886,6886,10,183974,690000.0,OI1501
2014-06-17 10:49:00,6886,6888,6884,6888,266,184034,18354000.0,OI1501
2014-06-17 10:50:00,6888,6888,6884,6888,342,183878,23598000.0,OI1501
2014-06-17 10:51:00,6888,6888,6886,6888,282,183674,19458000.0,OI1501
2014-06-17 10:52:00,6886,6888,6882,6888,474,183676,32706000.0,OI1501
2014-06-17 10:53:00,6886,6886,6882,6886,236,183596,16284000.0,OI1501
2014-06-17 10:54:00,6884,6888,6884,6884,124,183584,8556000.0,OI1501
2014-06-17 10:55:00,6884,6884,6882,6884,458,183940,31602000.0,OI1501
2014-06-17 10:56:00,6884,6886,6880,6882,548,184176,37812000.0,OI1501
2014-06-17 10:57:00,6884,6884,6880,6880,464,184416,32016000.0,OI1501
2014-06-17 10:58:00,6882,6882,6880,6880,360,184648,24833760.0,OI1501
2014-06-17 10:59:00,6880,6882,6878,6878,422,184834,29109560.0,OI1501
2014-06-17 11:00:00,6878,6878,6876,6878,220,184886,15175600.0,OI1501
2014-06-17 11:01:00,6878,6880,6878,6878,60,184886,4138800.0,OI1501
2014-06-17 11:02:00,6878,6880,6876,6876,242,184866,16693160.0,OI1501
2014-06-17 11:03:00,6880,6880,6870,6872,992,185416,68428160.0,OI1501
2014-06-17 11:04:00,6872,6876,6866,6872,1040,186080,71722600.0,OI1501
2014-06-17 11:05:00,6870,6878,6870,6874,442,185880,30480320.0,OI1501
2014-06-17 11:06:00,6878,6882,6878,6878,400,185812,27584000.0,OI1501
2014-06-17 11:07:00,6878,6886,6878,6884,752,185618,51857920.0,OI1501
2014-06-17 11:08:00,6884,6886,6884,6884,502,185486,34617920.0,OI1501
2014-06-17 11:09:00,6884,6886,6884,6884,370,185508,25515200.0,OI1501
2014-06-17 11:10:00,6884,6888,6884,6888,256,185588,17653760.0,OI1501
2014-06-17 11:11:00,6886,6888,6884,6888,240,185572,16550400.0,OI1501
2014-06-17 11:12:00,6890,6890,6886,6888,356,185306,24549760.0,OI1501
2014-06-17 11:13:00,6888,6894,6888,6890,540,185246,37238400.0,OI1501
2014-06-17 11:14:00,6890,6892,6888,6888,290,185272,19998400.0,OI1501
2014-06-17 11:15:00,6888,6892,6888,6890,824,184822,56823040.0,OI1501
2014-06-17 11:16:00,6892,6900,6890,6898,710,184472,48961600.0,OI1501
2014-06-17 11:17:00,6896,6906,6894,6902,1548,184214,106750080.0,OI1501
2014-06-17 11:18:00,6902,6910,6898,6898,420,184122,28963200.0,OI1501
2014-06-17 11:19:00,6898,6902,6896,6902,578,184122,39858880.0,OI1501
2014-06-17 11:20:00,6902,6902,6896,6896,334,184150,23032640.0,OI1501
2014-06-17 11:21:00,6898,6898,6894,6896,192,184184,13240320.0,OI1501
2014-06-17 11:22:00,6896,6898,6894,6898,170,184196,11723200.0,OI1501
2014-06-17 11:23:00,6898,6904,6898,6904,840,184334,57926400.0,OI1501
2014-06-17 11:24:00,6904,6904,6898,6898,830,184604,57236800.0,OI1501
2014-06-17 11:25:00,6898,6900,6896,6898,336,184696,23170560.0,OI1501
2014-06-17 11:26:00,6898,6902,6898,6902,210,184752,14481600.0,OI1501
2014-06-17 11:27:00,6902,6902,6898,6902,850,185340,58616000.0,OI1501
2014-06-17 11:28:00,6902,6904,6898,6904,742,185600,51168320.0,OI1501
2014-06-17 11:29:00,6900,6900,6894,6898,590,185766,40686400.0,OI1501
2014-06-17 13:30:00,6906,6908,6900,6902,1256,186130,86613760.0,OI1501
2014-06-17 13:31:00,6902,6906,6902,6902,352,186294,24273920.0,OI1501
2014-06-17 13:32:00,6904,6906,6900,6900,260,186340,17929600.0,OI1501
2014-06-17 13:33:00,6898,6902,6898,6900,136,186396,9378560.0,OI1501
2014-06-17 13:34:00,6900,6900,6898,6898,240,186546,16550400.0,OI1501
2014-06-17 13:35:00,6898,6898,6894,6896,348,186578,23998080.0,OI1501
2014-06-17 13:36:00,6896,6898,6894,6896,328,186658,22618880.0,OI1501
2014-06-17 13:37:00,6894,6898,6894,6896,214,186726,14757440.0,OI1501
2014-06-17 13:38:00,6896,6896,6894,6896,208,186732,14343680.0,OI1501
2014-06-17 13:39:00,6896,6896,6894,6896,326,186646,22480960.0,OI1501
2014-06-17 13:40:00,6894,6896,6892,6896,248,186548,17102080.0,OI1501
2014-06-17 13:41:00,6894,6896,6890,6892,696,186956,47996160.0,OI1501
2014-06-17 13:42:00,6890,6896,6890,6896,494,187016,34066240.0,OI1501
2014-06-17 13:43:00,6898,6898,6896,6896,106,187060,7309760.0,OI1501
2014-06-17 13:44:00,6896,6898,6894,6894,190,187198,13102400.0,OI1501
2014-06-17 13:45:00,6896,6898,6894,6898,88,187208,6068480.0,OI1501
2014-06-17 13:46:00,6898,6898,6896,6896,60,187242,4137600.0,OI1501
2014-06-17 13:47:00,6896,6896,6894,6894,94,187242,6482240.0,OI1501
2014-06-17 13:48:00,6894,6896,6894,6896,94,187286,6482240.0,OI1501
2014-06-17 13:49:00,6894,6894,6890,6890,270,187418,18619200.0,OI1501
2014-06-17 13:50:00,6896,6896,6894,6894,108,187458,7447680.0,OI1501
2014-06-17 13:51:00,6892,6896,6892,6896,94,187482,6482240.0,OI1501
2014-06-17 13:52:00,6894,6894,6892,6892,196,187576,13516160.0,OI1501
2014-06-17 13:53:00,6890,6892,6890,6892,46,187592,3172160.0,OI1501
2014-06-17 13:54:00,6894,6894,6892,6892,16,187600,1103360.0,OI1501
2014-06-17 13:55:00,6892,6894,6890,6890,156,187576,10757760.0,OI1501
2014-06-17 13:56:00,6892,6892,6890,6890,210,187560,14481600.0,OI1501
2014-06-17 13:57:00,6888,6888,6884,6886,252,187546,17377920.0,OI1501
2014-06-17 13:58:00,6886,6886,6876,6880,398,187658,27446080.0,OI1501
2014-06-17 13:59:00,6878,6880,6874,6876,278,187740,19170880.0,OI1501
2014-06-17 14:00:00,6876,6880,6876,6878,420,187802,28963200.0,OI1501
2014-06-17 14:01:00,6878,6888,6878,6886,434,187818,29928640.0,OI1501
2014-06-17 14:02:00,6886,6886,6884,6884,148,187942,10206080.0,OI1501
2014-06-17 14:03:00,6884,6886,6884,6884,70,187958,4827200.0,OI1501
2014-06-17 14:04:00,6886,6886,6882,6882,44,187974,3034240.0,OI1501
2014-06-17 14:05:00,6882,6886,6882,6886,66,187972,4551360.0,OI1501
2014-06-17 14:06:00,6886,6886,6884,6886,94,187938,6482240.0,OI1501
2014-06-17 14:07:00,6886,6888,6884,6888,148,187954,10206080.0,OI1501
2014-06-17 14:08:00,6888,6888,6886,6886,174,187914,11999040.0,OI1501
2014-06-17 14:09:00,6886,6886,6886,6886,36,187916,2482560.0,OI1501
2014-06-17 14:10:00,6886,6888,6886,6886,116,187994,7999360.0,OI1501
2014-06-17 14:11:00,6884,6886,6884,6886,78,188006,5378880.0,OI1501
2014-06-17 14:12:00,6884,6888,6884,6886,76,187998,5240960.0,OI1501
2014-06-17 14:13:00,6886,6890,6886,6888,194,187904,13378240.0,OI1501
2014-06-17 14:14:00,6890,6890,6886,6888,116,187930,7999360.0,OI1501
2014-06-17 14:15:00,6888,6888,6884,6884,378,187812,26066880.0,OI1501
2014-06-17 14:16:00,6882,6884,6882,6884,194,187926,13378240.0,OI1501
2014-06-17 14:17:00,6884,6886,6884,6884,176,188082,12136960.0,OI1501
2014-06-17 14:18:00,6884,6886,6882,6886,166,188120,11447360.0,OI1501
2014-06-17 14:19:00,6886,6888,6886,6886,122,188096,8413120.0,OI1501
2014-06-17 14:20:00,6888,6888,6886,6888,192,188102,13240320.0,OI1501
2014-06-17 14:21:00,6888,6890,6888,6888,316,188308,21791360.0,OI1501
2014-06-17 14:22:00,6888,6888,6884,6886,248,188380,17102080.0,OI1501
2014-06-17 14:23:00,6884,6884,6884,6884,118,188416,8137280.0,OI1501
2014-06-17 14:24:00,6882,6886,6882,6884,130,188482,8964800.0,OI1501
2014-06-17 14:25:00,6884,6884,6880,6880,246,188664,16964160.0,OI1501
2014-06-17 14:26:00,6880,6882,6878,6880,246,188812,16964160.0,OI1501
2014-06-17 14:27:00,6882,6882,6878,6878,522,189198,35997120.0,OI1501
2014-06-17 14:28:00,6880,6882,6880,6880,226,189332,15584960.0,OI1501
2014-06-17 14:29:00,6882,6882,6880,6882,168,189446,11585280.0,OI1501
2014-06-17 14:30:00,6882,6882,6880,6882,300,189546,20688000.0,OI1501
2014-06-17 14:31:00,6880,6884,6878,6882,384,189744,26477320.0,OI1501
2014-06-17 14:32:00,6884,6884,6882,6884,216,189880,14891040.0,OI1501
2014-06-17 14:33:00,6878,6886,6878,6884,360,190064,24818400.0,OI1501
2014-06-17 14:34:00,6884,6884,6882,6884,130,190060,8962200.0,OI1501
2014-06-17 14:35:00,6884,6888,6884,6888,312,190116,21509280.0,OI1501
2014-06-17 14:36:00,6886,6890,6884,6890,278,190204,19165320.0,OI1501
2014-06-17 14:37:00,6890,6890,6888,6888,412,190322,28403280.0,OI1501
2014-06-17 14:38:00,6888,6890,6882,6886,664,190826,45776160.0,OI1501
2014-06-17 14:39:00,6884,6892,6882,6890,1402,191710,96653880.0,OI1501
2014-06-17 14:40:00,6894,6898,6888,6896,2606,193148,179657640.0,OI1501
2014-06-17 14:41:00,6898,6898,6894,6894,536,193492,36951840.0,OI1501
2014-06-17 14:42:00,6898,6904,6898,6902,1100,194076,75834000.0,OI1501
2014-06-17 14:43:00,6904,6908,6900,6900,1100,194130,75834000.0,OI1501
2014-06-17 14:44:00,6902,6904,6900,6902,814,194258,56117160.0,OI1501
2014-06-17 14:45:00,6902,6902,6898,6900,730,194776,50326200.0,OI1501
2014-06-17 14:46:00,6900,6902,6898,6900,706,195002,48671640.0,OI1501
2014-06-17 14:47:00,6900,6902,6898,6898,454,194828,31298760.0,OI1501
2014-06-17 14:48:00,6898,6900,6894,6898,822,194824,56668680.0,OI1501
2014-06-17 14:49:00,6896,6898,6896,6898,328,194858,22612320.0,OI1501
2014-06-17 14:50:00,6898,6898,6898,6898,188,194814,12964440.0,OI1501
2014-06-17 14:51:00,6900,6902,6898,6902,420,194514,28963200.0,OI1501
2014-06-17 14:52:00,6898,6900,6896,6898,440,194644,30342400.0,OI1501
2014-06-17 14:53:00,6898,6900,6898,6898,148,194578,10206080.0,OI1501
2014-06-17 14:54:00,6898,6898,6896,6896,314,194632,21653440.0,OI1501
2014-06-17 14:55:00,6896,6898,6896,6896,552,194906,38065920.0,OI1501
2014-06-17 14:56:00,6894,6898,6894,6896,704,195456,48547840.0,OI1501
2014-06-17 14:57:00,6896,6898,6894,6896,370,195388,25515200.0,OI1501
2014-06-17 14:58:00,6894,6896,6892,6892,500,195602,34480000.0,OI1501
2014-06-17 14:59:00,6894,6898,6884,6888,1536,196022,105922560.0,OI1501
2014-06-18 09:00:00,6894,6896,6886,6892,942,196166,64930400.0,OI1501
2014-06-18 09:01:00,6890,6900,6890,6900,654,196386,45079920.0,OI1501
2014-06-18 09:02:00,6898,6906,6896,6904,592,196128,40817120.0,OI1501
2014-06-18 09:03:00,6904,6908,6902,6906,1022,195502,70494000.0,OI1501
2014-06-18 09:04:00,6908,6912,6904,6910,970,195302,66934320.0,OI1501
2014-06-18 09:05:00,6910,6914,6910,6910,832,195180,57426760.0,OI1501
2014-06-18 09:06:00,6910,6910,6904,6904,848,195064,58545920.0,OI1501
2014-06-18 09:07:00,6904,6910,6902,6906,508,194968,35072320.0,OI1501
2014-06-18 09:08:00,6906,6910,6904,6906,774,194880,53436960.0,OI1501
2014-06-18 09:09:00,6910,6910,6904,6906,594,194698,41009760.0,OI1501
2014-06-18 09:10:00,6906,6908,6898,6898,564,194810,38938560.0,OI1501
2014-06-18 09:11:00,6900,6904,6898,6904,424,194858,29272960.0,OI1501
2014-06-18 09:12:00,6904,6906,6902,6904,264,194928,18226560.0,OI1501
2014-06-18 09:13:00,6904,6908,6904,6906,220,194918,15188800.0,OI1501
2014-06-18 09:14:00,6908,6912,6904,6912,406,194930,28030240.0,OI1501
2014-06-18 09:15:00,6910,6918,6910,6916,750,194862,51792400.0,OI1501
2014-06-18 09:16:00,6920,6920,6912,6912,672,194728,46408320.0,OI1501
2014-06-18 09:17:00,6912,6920,6912,6914,714,194456,49309880.0,OI1501
2014-06-18 09:18:00,6914,6918,6914,6916,510,194542,35230800.0,OI1501
2014-06-18 09:19:00,6916,6916,6908,6912,612,194498,42276960.0,OI1501
2014-06-18 09:20:00,6908,6912,6908,6908,428,194204,29566240.0,OI1501
2014-06-18 09:21:00,6910,6910,6904,6904,286,194084,19756880.0,OI1501
2014-06-18 09:22:00,6906,6908,6904,6908,154,194108,10638320.0,OI1501
2014-06-18 09:23:00,6908,6912,6906,6910,246,194080,16993680.0,OI1501
2014-06-18 09:24:00,6910,6912,6908,6908,494,193834,34125520.0,OI1501
2014-06-18 09:25:00,6908,6908,6906,6906,160,193878,11052800.0,OI1501
2014-06-18 09:26:00,6906,6906,6902,6902,248,193806,17131840.0,OI1501
2014-06-18 09:27:00,6904,6906,6904,6906,268,193842,18513440.0,OI1501
2014-06-18 09:28:00,6906,6908,6906,6908,106,193854,7322480.0,OI1501
2014-06-18 09:29:00,6908,6910,6906,6908,108,193818,7460640.0,OI1501
2014-06-18 09:30:00,6910,6910,6908,6908,124,193772,8565920.0,OI1501
2014-06-18 09:31:00,6908,6910,6908,6908,58,193766,4006640.0,OI1501
2014-06-18 09:32:00,6908,6910,6906,6910,150,193732,10362000.0,OI1501
2014-06-18 09:33:00,6906,6908,6904,6904,230,193564,15888400.0,OI1501
2014-06-18 09:34:00,6906,6906,6904,6906,190,193494,13125200.0,OI1501
2014-06-18 09:35:00,6906,6906,6904,6904,32,193498,2210560.0,OI1501
2014-06-18 09:36:00,6906,6906,6904,6904,154,193464,10638320.0,OI1501
2014-06-18 09:37:00,6904,6904,6902,6904,36,193452,2486880.0,OI1501
2014-06-18 09:38:00,6904,6906,6904,6904,36,193440,2486880.0,OI1501
2014-06-18 09:39:00,6906,6906,6906,6906,28,193424,1934240.0,OI1501
2014-06-18 09:40:00,6906,6906,6906,6906,80,193432,5526400.0,OI1501
2014-06-18 09:41:00,6906,6908,6906,6908,122,193476,8427760.0,OI1501
2014-06-18 09:42:00,6906,6908,6906,6908,124,193560,8565920.0,OI1501
2014-06-18 09:43:00,6908,6908,6906,6908,40,193550,2763200.0,OI1501
2014-06-18 09:44:00,6908,6908,6906,6906,42,193518,2901360.0,OI1501
2014-06-18 09:45:00,6908,6908,6906,6906,72,193510,4973760.0,OI1501
2014-06-18 09:46:00,6908,6908,6906,6908,40,193532,2763200.0,OI1501
2014-06-18 09:47:00,6906,6908,6906,6906,122,193482,8427760.0,OI1501
2014-06-18 09:48:00,6910,6910,6906,6908,248,193434,17131840.0,OI1501
2014-06-18 09:49:00,6908,6914,6908,6912,1156,193436,79856480.0,OI1501
2014-06-18 09:50:00,6912,6914,6910,6910,164,193486,11329120.0,OI1501
2014-06-18 09:51:00,6910,6912,6908,6908,112,193466,7736960.0,OI1501
2014-06-18 09:52:00,6910,6912,6910,6912,122,193438,8427760.0,OI1501
2014-06-18 09:53:00,6912,6914,6910,6912,306,193426,21138480.0,OI1501
2014-06-18 09:54:00,6910,6912,6910,6912,32,193412,2210560.0,OI1501
2014-06-18 09:55:00,6912,6912,6910,6910,38,193410,2625040.0,OI1501
2014-06-18 09:56:00,6912,6912,6908,6908,98,193368,6769840.0,OI1501
2014-06-18 09:57:00,6906,6908,6906,6908,60,193364,4144800.0,OI1501
2014-06-18 09:58:00,6908,6910,6908,6908,84,193302,5802720.0,OI1501
2014-06-18 09:59:00,6908,6910,6906,6908,66,193282,4559280.0,OI1501
2014-06-18 10:00:00,6908,6908,6906,6908,62,193262,4282960.0,OI1501
2014-06-18 10:01:00,6908,6910,6906,6908,90,193266,6217200.0,OI1501
2014-06-18 10:02:00,6910,6910,6908,6910,108,193264,7460640.0,OI1501
2014-06-18 10:03:00,6910,6912,6910,6912,78,193258,5388240.0,OI1501
2014-06-18 10:04:00,6910,6912,6910,6910,56,193236,3868480.0,OI1501
2014-06-18 10:05:00,6912,6912,6912,6912,24,193226,1657920.0,OI1501
2014-06-18 10:06:00,6912,6914,6910,6912,74,193226,5111920.0,OI1501
2014-06-18 10:07:00,6912,6912,6912,6912,46,193226,3177680.0,OI1501
2014-06-18 10:08:00,6912,6912,6912,6912,92,193222,6355360.0,OI1501
2014-06-18 10:09:00,6912,6914,6910,6914,220,193066,15197600.0,OI1501
2014-06-18 10:10:00,6914,6914,6912,6912,62,193024,4282960.0,OI1501
2014-06-18 10:11:00,6910,6910,6910,6910,54,192988,3730320.0,OI1501
2014-06-18 10:12:00,6908,6910,6908,6910,38,192968,2625040.0,OI1501
2014-06-18 10:13:00,6910,6910,6910,6910,46,192942,3177680.0,OI1501
2014-06-18 10:14:00,6906,6910,6906,6910,46,192930,3177680.0,OI1501
2014-06-18 10:30:00,6910,6912,6908,6908,92,192912,6355360.0,OI1501
2014-06-18 10:31:00,6906,6906,6906,6906,38,192928,2625040.0,OI1501
2014-06-18 10:32:00,6906,6906,6906,6906,44,192950,3039520.0,OI1501
2014-06-18 10:33:00,6906,6908,6904,6908,86,192968,5940880.0,OI1501
2014-06-18 10:34:00,6908,6908,6906,6906,34,192956,2348720.0,OI1501
2014-06-18 10:35:00,6908,6914,6908,6912,370,193126,25559600.0,OI1501
2014-06-18 10:36:00,6912,6916,6912,6916,258,193260,17822640.0,OI1501
2014-06-18 10:37:00,6916,6918,6908,6914,560,193342,38684800.0,OI1501
2014-06-18 10:38:00,6914,6920,6914,6920,208,193292,14368640.0,OI1501
2014-06-18 10:39:00,6920,6920,6916,6918,260,193270,17960800.0,OI1501
2014-06-18 10:40:00,6918,6918,6916,6918,56,193276,3868480.0,OI1501
2014-06-18 10:41:00,6918,6928,6918,6924,1538,193182,106274160.0,OI1501
2014-06-18 10:42:00,6926,6926,6924,6926,300,193146,20730000.0,OI1501
2014-06-18 10:43:00,6926,6926,6924,6926,512,193094,35379200.0,OI1501
2014-06-18 10:44:00,6926,6928,6924,6928,278,193068,19209800.0,OI1501
2014-06-18 10:45:00,6928,6940,6928,6938,2032,193046,140437640.0,OI1501
2014-06-18 10:46:00,6940,6942,6932,6932,1014,192786,70096280.0,OI1501
2014-06-18 10:47:00,6934,6934,6930,6932,776,192956,53652640.0,OI1501
2014-06-18 10:48:00,6932,6934,6928,6932,586,193286,40516040.0,OI1501
2014-06-18 10:49:00,6932,6932,6928,6930,524,193406,36229360.0,OI1501
2014-06-18 10:50:00,6930,6932,6926,6930,360,193480,24890400.0,OI1501
2014-06-18 10:51:00,6932,6936,6930,6936,412,193410,28485680.0,OI1501
2014-06-18 10:52:00,6934,6940,6934,6940,836,193042,57814480.0,OI1501
2014-06-18 10:53:00,6936,6940,6934,6936,736,193102,50901760.0,OI1501
2014-06-18 10:54:00,6936,6938,6934,6934,602,193032,41634320.0,OI1501
2014-06-18 10:55:00,6936,6942,6936,6940,584,193120,40389440.0,OI1501
2014-06-18 10:56:00,6938,6942,6938,6940,454,192978,31398960.0,OI1501
2014-06-18 10:57:00,6942,6942,6940,6940,654,192846,45243720.0,OI1501
2014-06-18 10:58:00,6940,6950,6940,6948,1132,192840,78311760.0,OI1501
2014-06-18 10:59:00,6948,6948,6942,6944,604,192970,41784720.0,OI1501
2014-06-18 11:00:00,6944,6946,6942,6942,738,193288,51065120.0,OI1501
2014-06-18 11:01:00,6942,6946,6940,6944,662,193396,45810400.0,OI1501
2014-06-18 11:02:00,6944,6946,6940,6940,188,193312,13009600.0,OI1501
2014-06-18 11:03:00,6940,6944,6940,6942,162,193392,11210400.0,OI1501
2014-06-18 11:04:00,6942,6944,6942,6944,118,193376,8165600.0,OI1501
2014-06-18 11:05:00,6942,6944,6942,6942,166,193360,11487200.0,OI1501
2014-06-18 11:06:00,6942,6944,6938,6940,658,193484,45533600.0,OI1501
2014-06-18 11:07:00,6940,6946,6938,6944,720,193604,49824000.0,OI1501
2014-06-18 11:08:00,6946,6946,6942,6944,156,193578,10795200.0,OI1501
2014-06-18 11:09:00,6944,6950,6942,6948,708,193480,49007760.0,OI1501
2014-06-18 11:10:00,6950,6950,6946,6946,354,193510,24503880.0,OI1501
2014-06-18 11:11:00,6946,6946,6944,6944,68,193500,4706960.0,OI1501
2014-06-18 11:12:00,6944,6946,6944,6946,400,193592,27688000.0,OI1501
2014-06-18 11:13:00,6946,6946,6946,6946,44,193586,3045680.0,OI1501
2014-06-18 11:14:00,6946,6948,6944,6944,130,193658,8998600.0,OI1501
2014-06-18 11:15:00,6946,6946,6944,6946,70,193652,4845400.0,OI1501
2014-06-18 11:16:00,6946,6946,6944,6946,156,193632,10798320.0,OI1501
2014-06-18 11:17:00,6946,6948,6946,6948,26,193636,1799720.0,OI1501
2014-06-18 11:18:00,6946,6946,6944,6946,54,193616,3737880.0,OI1501
2014-06-18 11:19:00,6944,6946,6944,6946,62,193608,4291640.0,OI1501
2014-06-18 11:20:00,6944,6948,6944,6948,94,193616,6506680.0,OI1501
2014-06-18 11:21:00,6946,6956,6946,6954,516,193626,35717520.0,OI1501
2014-06-18 11:22:00,6954,6956,6950,6956,686,193574,47490240.0,OI1501
2014-06-18 11:23:00,6954,6966,6954,6962,2294,194078,158838760.0,OI1501
2014-06-18 11:24:00,6964,6964,6960,6960,604,194054,41833040.0,OI1501
2014-06-18 11:25:00,6960,6962,6952,6952,968,193922,67043680.0,OI1501
2014-06-18 11:26:00,6952,6952,6948,6948,1024,193742,70922240.0,OI1501
2014-06-18 11:27:00,6950,6952,6950,6950,926,193472,64143040.0,OI1501
2014-06-18 11:28:00,6950,6950,6946,6948,512,193380,35471360.0,OI1501
2014-06-18 11:29:00,6946,6946,6942,6942,358,193248,24802240.0,OI1501
2014-06-18 13:30:00,6940,6942,6928,6930,1026,193188,71081280.0,OI1501
2014-06-18 13:31:00,6930,6934,6928,6930,952,193582,65954560.0,OI1501
2014-06-18 13:32:00,6930,6930,6926,6928,706,193580,48911680.0,OI1501
2014-06-18 13:33:00,6926,6930,6926,6928,254,193566,17597120.0,OI1501
2014-06-18 13:34:00,6928,6930,6922,6924,534,193692,36995520.0,OI1501
2014-06-18 13:35:00,6922,6930,6920,6928,530,193894,36718400.0,OI1501
2014-06-18 13:36:00,6928,6928,6924,6926,138,193952,9560640.0,OI1501
2014-06-18 13:37:00,6926,6928,6926,6928,412,193966,28543360.0,OI1501
2014-06-18 13:38:00,6928,6930,6926,6926,230,193936,15934400.0,OI1501
2014-06-18 13:39:00,6926,6926,6918,6918,408,193832,28266240.0,OI1501
2014-06-18 13:40:00,6918,6918,6914,6916,548,193974,37965440.0,OI1501
2014-06-18 13:41:00,6916,6920,6914,6920,410,193940,28404800.0,OI1501
2014-06-18 13:42:00,6918,6920,6918,6920,160,194070,11084800.0,OI1501
2014-06-18 13:43:00,6920,6922,6918,6920,498,194270,34501440.0,OI1501
2014-06-18 13:44:00,6920,6920,6916,6916,174,194240,12054720.0,OI1501
2014-06-18 13:45:00,6916,6920,6916,6918,252,194354,17458560.0,OI1501
2014-06-18 13:46:00,6918,6920,6918,6920,88,194356,6096640.0,OI1501
2014-06-18 13:47:00,6920,6920,6914,6916,514,194488,35609920.0,OI1501
2014-06-18 13:48:00,6914,6918,6914,6918,220,194512,15241600.0,OI1501
2014-06-18 13:49:00,6916,6916,6908,6908,668,194680,46279040.0,OI1501
2014-06-18 13:50:00,6910,6912,6910,6910,396,194768,27428640.0,OI1501
2014-06-18 13:51:00,6910,6916,6910,6914,214,194874,14821640.0,OI1501
2014-06-18 13:52:00,6912,6916,6910,6916,610,195002,42248600.0,OI1501
2014-06-18 13:53:00,6916,6916,6914,6916,138,195084,9557880.0,OI1501
2014-06-18 13:54:00,6916,6916,6914,6916,80,195126,5540800.0,OI1501
2014-06-18 13:55:00,6914,6914,6912,6914,180,195092,12466800.0,OI1501
2014-06-18 13:56:00,6914,6918,6914,6918,414,195140,28673640.0,OI1501
2014-06-18 13:57:00,6916,6918,6916,6918,56,195154,3878560.0,OI1501
2014-06-18 13:58:00,6916,6918,6916,6916,188,195218,13020880.0,OI1501
2014-06-18 13:59:00,6916,6918,6914,6916,190,195156,13159400.0,OI1501
2014-06-18 14:00:00,6914,6916,6912,6914,72,195126,4986720.0,OI1501
2014-06-18 14:01:00,6914,6914,6912,6914,54,195118,3740040.0,OI1501
2014-06-18 14:02:00,6916,6918,6914,6918,30,195112,2077800.0,OI1501
2014-06-18 14:03:00,6916,6918,6914,6916,52,195110,3601520.0,OI1501
2014-06-18 14:04:00,6914,6916,6914,6916,74,195132,5125240.0,OI1501
2014-06-18 14:05:00,6916,6916,6916,6916,64,195158,4432640.0,OI1501
2014-06-18 14:06:00,6914,6916,6914,6914,108,195096,7480080.0,OI1501
2014-06-18 14:07:00,6914,6914,6912,6914,58,195064,4017080.0,OI1501
2014-06-18 14:08:00,6914,6916,6914,6914,36,195052,2493360.0,OI1501
2014-06-18 14:09:00,6914,6916,6914,6916,22,195046,1523720.0,OI1501
2014-06-18 14:10:00,6914,6914,6914,6914,32,195042,2216320.0,OI1501
2014-06-18 14:11:00,6916,6918,6916,6918,364,194878,25210640.0,OI1501
2014-06-18 14:12:00,6918,6918,6916,6916,238,194688,16483880.0,OI1501
2014-06-18 14:13:00,6916,6918,6914,6916,268,194442,18561680.0,OI1501
2014-06-18 14:14:00,6916,6916,6912,6912,144,194446,9973440.0,OI1501
2014-06-18 14:15:00,6912,6914,6910,6914,594,194242,41140440.0,OI1501
2014-06-18 14:16:00,6914,6914,6912,6914,48,194246,3324480.0,OI1501
2014-06-18 14:17:00,6912,6912,6910,6912,126,194304,8726760.0,OI1501
2014-06-18 14:18:00,6910,6910,6910,6910,228,194310,15791280.0,OI1501
2014-06-18 14:19:00,6910,6910,6908,6908,388,194158,26872880.0,OI1501
2014-06-18 14:20:00,6908,6908,6906,6908,306,194168,21193560.0,OI1501
2014-06-18 14:21:00,6910,6912,6910,6912,110,194114,7618600.0,OI1501
2014-06-18 14:22:00,6910,6914,6910,6914,388,194030,26872880.0,OI1501
2014-06-18 14:23:00,6914,6916,6914,6914,38,194020,2631880.0,OI1501
2014-06-18 14:24:00,6914,6916,6914,6914,88,193980,6094880.0,OI1501
2014-06-18 14:25:00,6914,6916,6914,6914,70,193972,4848200.0,OI1501
2014-06-18 14:26:00,6916,6916,6914,6916,256,193920,17730560.0,OI1501
2014-06-18 14:27:00,6916,6918,6914,6916,198,193948,13713480.0,OI1501
2014-06-18 14:28:00,6916,6916,6916,6916,232,193830,16068320.0,OI1501
2014-06-18 14:29:00,6916,6916,6914,6916,52,193804,3601520.0,OI1501
2014-06-18 14:30:00,6916,6920,6916,6920,156,193700,10804560.0,OI1501
2014-06-18 14:31:00,6918,6918,6918,6918,72,193676,4986720.0,OI1501
2014-06-18 14:32:00,6918,6918,6918,6918,24,193664,1662240.0,OI1501
2014-06-18 14:33:00,6918,6920,6918,6920,46,193660,3185960.0,OI1501
2014-06-18 14:34:00,6920,6922,6918,6920,166,193636,11497160.0,OI1501
2014-06-18 14:35:00,6920,6920,6918,6918,24,193630,1662240.0,OI1501
2014-06-18 14:36:00,6920,6920,6920,6920,56,193628,3878560.0,OI1501
2014-06-18 14:37:00,6918,6922,6918,6922,244,193476,16899440.0,OI1501
2014-06-18 14:38:00,6922,6924,6920,6924,30,193460,2077800.0,OI1501
2014-06-18 14:39:00,6922,6922,6920,6922,42,193474,2908920.0,OI1501
2014-06-18 14:40:00,6920,6922,6918,6918,292,193504,20223920.0,OI1501
2014-06-18 14:41:00,6918,6920,6918,6918,150,193434,10389000.0,OI1501
2014-06-18 14:42:00,6918,6918,6916,6916,234,193328,16206840.0,OI1501
2014-06-18 14:43:00,6916,6918,6914,6916,172,193224,11912720.0,OI1501
2014-06-18 14:44:00,6916,6920,6916,6920,122,193170,8449720.0,OI1501
2014-06-18 14:45:00,6920,6922,6920,6920,278,192968,19254280.0,OI1501
2014-06-18 14:46:00,6920,6920,6918,6918,76,192944,5263760.0,OI1501
2014-06-18 14:48:00,6918,6920,6914,6918,708,193086,49036080.0,OI1501
2014-06-18 14:49:00,6918,6920,6918,6920,78,193086,5402280.0,OI1501
2014-06-18 14:50:00,6920,6920,6918,6920,134,193000,9280840.0,OI1501
2014-06-18 14:51:00,6920,6924,6920,6924,148,192908,10250480.0,OI1501
2014-06-18 14:52:00,6926,6932,6924,6930,850,192320,58871000.0,OI1501
2014-06-18 14:53:00,6934,6934,6928,6928,306,192132,21193560.0,OI1501
2014-06-18 14:54:00,6930,6932,6930,6930,674,192618,46681240.0,OI1501
2014-06-18 14:55:00,6930,6932,6930,6930,522,192792,36153720.0,OI1501
2014-06-18 14:56:00,6928,6928,6924,6928,338,192726,23409880.0,OI1501
2014-06-18 14:57:00,6928,6928,6920,6922,424,192676,29366240.0,OI1501
2014-06-18 14:58:00,6922,6922,6916,6916,466,192584,32275160.0,OI1501
2014-06-18 14:59:00,6918,6920,6916,6916,488,192248,33798880.0,OI1501
2014-06-19 09:00:00,6940,6944,6932,6938,1216,192560,84383120.0,OI1501
2014-06-19 09:01:00,6936,6940,6928,6934,672,192654,46626520.0,OI1501
2014-06-19 09:02:00,6934,6934,6930,6930,1346,192658,93361880.0,OI1501
2014-06-19 09:03:00,6930,6932,6930,6932,226,192622,15670840.0,OI1501
2014-06-19 09:04:00,6932,6932,6930,6932,176,192704,12203840.0,OI1501
2014-06-19 09:05:00,6928,6932,6928,6930,304,192828,21079360.0,OI1501
2014-06-19 09:06:00,6930,6930,6928,6930,126,192818,8736840.0,OI1501
2014-06-19 09:07:00,6928,6928,6922,6928,460,192794,31896400.0,OI1501
2014-06-19 09:08:00,6930,6932,6928,6930,414,192746,28706760.0,OI1501
2014-06-19 09:09:00,6930,6930,6928,6930,180,192708,12481200.0,OI1501
2014-06-19 09:10:00,6930,6930,6930,6930,76,192732,5269840.0,OI1501
2014-06-19 09:11:00,6932,6936,6932,6936,148,192734,10262320.0,OI1501
2014-06-19 09:12:00,6936,6938,6934,6934,384,192542,26626560.0,OI1501
2014-06-19 09:13:00,6934,6934,6932,6934,132,192488,9152880.0,OI1501
2014-06-19 09:14:00,6934,6934,6932,6934,120,192410,8320800.0,OI1501
2014-06-19 09:15:00,6934,6938,6934,6936,150,192404,10401000.0,OI1501
2014-06-19 09:16:00,6936,6938,6934,6936,388,192446,26903920.0,OI1501
2014-06-19 09:17:00,6936,6938,6934,6938,208,192460,14422720.0,OI1501
2014-06-19 09:18:00,6934,6940,6934,6934,696,192410,48260640.0,OI1501
2014-06-19 09:19:00,6934,6934,6932,6934,168,192422,11649120.0,OI1501
2014-06-19 09:20:00,6932,6936,6932,6934,84,192408,5824560.0,OI1501
2014-06-19 09:21:00,6932,6934,6932,6934,30,192404,2080200.0,OI1501
2014-06-19 09:22:00,6936,6938,6934,6936,468,192318,32451120.0,OI1501
2014-06-19 09:23:00,6938,6940,6936,6938,316,192404,21911440.0,OI1501
2014-06-19 09:24:00,6938,6940,6936,6940,376,192364,26071840.0,OI1501
2014-06-19 09:25:00,6940,6942,6938,6940,998,192262,69206240.0,OI1501
2014-06-19 09:26:00,6940,6942,6938,6940,568,192094,39396480.0,OI1501
2014-06-19 09:27:00,6940,6940,6934,6936,300,192078,20808000.0,OI1501
2014-06-19 09:28:00,6936,6936,6934,6934,196,192138,13594560.0,OI1501
2014-06-19 09:29:00,6934,6938,6934,6938,312,192270,21640320.0,OI1501
2014-06-19 09:30:00,6938,6938,6936,6936,86,192296,5964960.0,OI1501
2014-06-19 09:31:00,6936,6938,6930,6932,416,192362,28853760.0,OI1501
2014-06-19 09:32:00,6932,6936,6932,6934,160,192294,11097600.0,OI1501
2014-06-19 09:33:00,6934,6936,6934,6934,82,192302,5687520.0,OI1501
2014-06-19 09:34:00,6934,6936,6934,6936,280,192376,19420800.0,OI1501
2014-06-19 09:35:00,6936,6936,6934,6934,250,192300,17340000.0,OI1501
2014-06-19 09:36:00,6936,6938,6934,6934,540,192508,37454400.0,OI1501
2014-06-19 09:37:00,6932,6934,6932,6932,96,192540,6658560.0,OI1501
2014-06-19 09:38:00,6932,6934,6930,6932,118,192538,8184480.0,OI1501
2014-06-19 09:39:00,6930,6932,6930,6932,64,192558,4439040.0,OI1501
2014-06-19 09:40:00,6932,6934,6932,6934,54,192602,3745440.0,OI1501
2014-06-19 09:41:00,6934,6934,6930,6930,90,192670,6242400.0,OI1501
2014-06-19 09:42:00,6930,6934,6926,6926,282,192644,19559520.0,OI1501
2014-06-19 09:43:00,6920,6926,6918,6918,1440,192232,99854920.0,OI1501
2014-06-19 09:44:00,6920,6920,6918,6920,172,192192,11926480.0,OI1501
2014-06-19 09:45:00,6920,6920,6918,6920,690,192096,47844600.0,OI1501
2014-06-19 09:46:00,6922,6922,6920,6922,142,192134,9846280.0,OI1501
2014-06-19 09:47:00,6922,6924,6922,6924,44,192122,3050960.0,OI1501
2014-06-19 09:48:00,6924,6924,6924,6924,60,192112,4160400.0,OI1501
2014-06-19 09:49:00,6924,6924,6924,6924,50,192106,3467000.0,OI1501
2014-06-19 09:50:00,6924,6924,6922,6924,82,192076,5684920.0,OI1501
2014-06-19 09:51:00,6922,6924,6920,6924,158,192064,10952560.0,OI1501
2014-06-19 09:52:00,6924,6924,6922,6924,104,192080,7209280.0,OI1501
2014-06-19 09:53:00,6924,6924,6924,6924,40,192080,2772800.0,OI1501
2014-06-19 09:54:00,6926,6928,6926,6926,94,192080,6516080.0,OI1501
2014-06-19 09:55:00,6926,6928,6926,6926,30,192076,2079600.0,OI1501
2014-06-19 09:56:00,6926,6926,6924,6924,80,192038,5545600.0,OI1501
2014-06-19 09:57:00,6926,6926,6926,6926,10,192048,693200.0,OI1501
2014-06-19 09:58:00,6926,6926,6924,6926,134,192110,9288880.0,OI1501
2014-06-19 09:59:00,6922,6922,6920,6922,346,192070,23984720.0,OI1501
2014-06-19 10:00:00,6922,6924,6922,6924,120,192066,8318400.0,OI1501
2014-06-19 10:01:00,6924,6924,6922,6924,96,192042,6654720.0,OI1501
2014-06-19 10:02:00,6924,6924,6922,6924,56,192078,3881920.0,OI1501
2014-06-19 10:03:00,6922,6924,6922,6922,130,192162,9011600.0,OI1501
2014-06-19 10:04:00,6922,6924,6920,6920,312,192060,21627840.0,OI1501
2014-06-19 10:05:00,6918,6920,6918,6920,340,191906,23568800.0,OI1501
2014-06-19 10:06:00,6922,6924,6922,6924,134,191898,9288880.0,OI1501
2014-06-19 10:07:00,6924,6926,6924,6926,80,191872,5545600.0,OI1501
2014-06-19 10:08:00,6926,6926,6922,6924,58,191852,4020560.0,OI1501
2014-06-19 10:09:00,6924,6924,6922,6922,94,191814,6516080.0,OI1501
2014-06-19 10:10:00,6924,6924,6922,6924,76,191778,5268320.0,OI1501
2014-06-19 10:11:00,6924,6924,6922,6922,54,191742,3743280.0,OI1501
2014-06-19 10:12:00,6924,6924,6924,6924,22,191734,1525040.0,OI1501
2014-06-19 10:13:00,6924,6924,6922,6922,24,191714,1663680.0,OI1501
2014-06-19 10:14:00,6924,6924,6922,6924,118,191698,8179760.0,OI1501
2014-06-19 10:30:00,6924,6924,6920,6922,88,191734,6100160.0,OI1501
2014-06-19 10:31:00,6922,6924,6922,6922,118,191760,8179760.0,OI1501
2014-06-19 10:32:00,6922,6924,6922,6922,32,191774,2218240.0,OI1501
2014-06-19 10:33:00,6922,6922,6922,6922,22,191774,1525040.0,OI1501
2014-06-19 10:34:00,6924,6924,6924,6924,6,191774,415920.0,OI1501
2014-06-19 10:35:00,6924,6924,6922,6922,54,191754,3743280.0,OI1501
2014-06-19 10:36:00,6924,6926,6922,6924,298,191706,20657360.0,OI1501
2014-06-19 10:37:00,6924,6926,6924,6926,110,191716,7625200.0,OI1501
2014-06-19 10:38:00,6928,6928,6928,6928,46,191700,3188720.0,OI1501
2014-06-19 10:39:00,6926,6928,6926,6926,104,191704,7209280.0,OI1501
2014-06-19 10:40:00,6926,6928,6924,6928,50,191720,3466000.0,OI1501
2014-06-19 10:41:00,6926,6926,6926,6926,64,191694,4436480.0,OI1501
2014-06-19 10:42:00,6926,6926,6924,6926,26,191686,1802320.0,OI1501
2014-06-19 10:43:00,6926,6926,6926,6926,4,191686,277280.0,OI1501
2014-06-19 10:44:00,6928,6928,6926,6926,8,191686,554560.0,OI1501
2014-06-19 10:45:00,6928,6930,6926,6926,128,191646,8872960.0,OI1501
2014-06-19 10:46:00,6928,6930,6928,6928,70,191622,4852400.0,OI1501
2014-06-19 10:47:00,6926,6928,6918,6918,778,191444,53928840.0,OI1501
2014-06-19 10:48:00,6920,6920,6918,6920,238,191526,16493400.0,OI1501
2014-06-19 10:49:00,6920,6920,6918,6918,148,191612,10256400.0,OI1501
2014-06-19 10:50:00,6918,6920,6918,6920,84,191650,5821200.0,OI1501
2014-06-19 10:51:00,6920,6920,6918,6920,38,191634,2633400.0,OI1501
2014-06-19 10:52:00,6918,6920,6918,6920,76,191626,5266800.0,OI1501
2014-06-19 10:53:00,6918,6920,6918,6918,44,191628,3049200.0,OI1501
2014-06-19 10:54:00,6920,6920,6918,6920,36,191632,2494800.0,OI1501
2014-06-19 10:55:00,6920,6920,6918,6920,18,191636,1247400.0,OI1501
2014-06-19 10:56:00,6920,6920,6918,6918,46,191642,3187800.0,OI1501
2014-06-19 10:57:00,6918,6920,6918,6918,72,191696,4989600.0,OI1501
2014-06-19 10:58:00,6920,6920,6920,6920,46,191696,3187800.0,OI1501
2014-06-19 10:59:00,6920,6920,6920,6920,22,191694,1524600.0,OI1501
2014-06-19 11:00:00,6918,6920,6918,6918,32,191698,2217600.0,OI1501
2014-06-19 11:01:00,6920,6920,6920,6920,88,191658,6098400.0,OI1501
2014-06-19 11:02:00,6920,6920,6918,6920,8,191658,554400.0,OI1501
2014-06-19 11:03:00,6920,6920,6918,6918,62,191650,4296600.0,OI1501
2014-06-19 11:04:00,6918,6920,6918,6920,136,191610,9424800.0,OI1501
2014-06-19 11:05:00,6918,6918,6918,6918,110,191600,7623000.0,OI1501
2014-06-19 11:06:00,6920,6920,6918,6920,262,191610,18156600.0,OI1501
2014-06-19 11:07:00,6918,6920,6918,6920,34,191586,2356200.0,OI1501
2014-06-19 11:08:00,6920,6920,6918,6918,32,191582,2217600.0,OI1501
2014-06-19 11:09:00,6920,6922,6920,6922,542,191406,37560600.0,OI1501
2014-06-19 11:10:00,6922,6922,6920,6922,128,191406,8870400.0,OI1501
2014-06-19 11:11:00,6922,6922,6920,6922,50,191372,3465000.0,OI1501
2014-06-19 11:12:00,6922,6924,6922,6924,58,191326,4019400.0,OI1501
2014-06-19 11:13:00,6924,6926,6924,6926,94,191290,6514200.0,OI1501
2014-06-19 11:14:00,6926,6926,6924,6924,50,191284,3465000.0,OI1501
2014-06-19 11:15:00,6924,6926,6924,6924,80,191268,5544000.0,OI1501
2014-06-19 11:16:00,6922,6922,6922,6922,2,191266,138600.0,OI1501
2014-06-19 11:17:00,6922,6924,6922,6922,12,191266,831600.0,OI1501
2014-06-19 11:18:00,6922,6922,6922,6922,66,191250,4573800.0,OI1501
2014-06-19 11:19:00,6922,6922,6920,6922,16,191244,1108800.0,OI1501
2014-06-19 11:20:00,6920,6924,6920,6924,54,191232,3742200.0,OI1501
2014-06-19 11:21:00,6922,6924,6920,6922,102,191228,7068600.0,OI1501
2014-06-19 11:22:00,6922,6924,6920,6922,54,191230,3742200.0,OI1501
2014-06-19 11:23:00,6922,6922,6920,6922,30,191228,2079000.0,OI1501
2014-06-19 11:24:00,6922,6922,6920,6920,44,191228,3049200.0,OI1501
2014-06-19 11:25:00,6920,6922,6920,6922,26,191248,1801800.0,OI1501
2014-06-19 11:26:00,6922,6922,6922,6922,24,191228,1663200.0,OI1501
2014-06-19 11:27:00,6922,6922,6922,6922,12,191232,831600.0,OI1501
2014-06-19 11:28:00,6922,6922,6920,6922,38,191216,2633400.0,OI1501
2014-06-19 11:29:00,6918,6922,6918,6920,120,191182,8316000.0,OI1501
2014-06-19 13:30:00,6922,6924,6922,6922,180,191230,12474000.0,OI1501
2014-06-19 13:31:00,6924,6924,6924,6924,42,191236,2910600.0,OI1501
2014-06-19 13:32:00,6924,6924,6924,6924,28,191238,1940400.0,OI1501
2014-06-19 13:33:00,6924,6926,6924,6926,154,191268,10672200.0,OI1501
2014-06-19 13:34:00,6926,6928,6926,6926,222,191288,15384600.0,OI1501
2014-06-19 13:35:00,6924,6926,6924,6926,100,191280,6930000.0,OI1501
2014-06-19 13:36:00,6926,6928,6922,6924,262,191414,18156600.0,OI1501
2014-06-19 13:37:00,6924,6924,6920,6922,378,191722,26195400.0,OI1501
2014-06-19 13:38:00,6922,6924,6922,6922,360,191552,24948000.0,OI1501
2014-06-19 13:39:00,6924,6924,6922,6924,52,191574,3603600.0,OI1501
2014-06-19 13:40:00,6922,6922,6922,6922,132,191590,9147600.0,OI1501
2014-06-19 13:41:00,6922,6922,6922,6922,8,191584,554400.0,OI1501
2014-06-19 13:42:00,6922,6924,6922,6924,36,191558,2494800.0,OI1501
2014-06-19 13:43:00,6924,6924,6924,6924,4,191558,277200.0,OI1501
2014-06-19 13:44:00,6924,6924,6922,6922,22,191558,1524600.0,OI1501
2014-06-19 13:45:00,6922,6922,6922,6922,12,191558,831600.0,OI1501
2014-06-19 13:46:00,6922,6926,6922,6924,234,191582,16216200.0,OI1501
2014-06-19 13:47:00,6924,6926,6924,6926,144,191616,9979200.0,OI1501
2014-06-19 13:48:00,6926,6928,6926,6928,282,191636,19542600.0,OI1501
2014-06-19 13:49:00,6928,6928,6926,6926,100,191600,6930000.0,OI1501
2014-06-19 13:50:00,6928,6930,6926,6928,92,191612,6375600.0,OI1501
2014-06-19 13:51:00,6928,6928,6926,6926,212,191676,14691600.0,OI1501
2014-06-19 13:52:00,6926,6928,6926,6926,66,191662,4573800.0,OI1501
2014-06-19 13:53:00,6926,6926,6926,6926,36,191656,2494800.0,OI1501
2014-06-19 13:54:00,6926,6926,6924,6926,24,191664,1663200.0,OI1501
2014-06-19 13:55:00,6926,6926,6924,6926,68,191672,4712400.0,OI1501
2014-06-19 13:56:00,6926,6926,6924,6924,6,191668,415800.0,OI1501
2014-06-19 13:57:00,6924,6928,6924,6928,80,191636,5544000.0,OI1501
2014-06-19 13:58:00,6924,6926,6924,6926,118,191640,8177400.0,OI1501
2014-06-19 13:59:00,6926,6928,6926,6928,22,191640,1524600.0,OI1501
2014-06-19 14:00:00,6926,6928,6926,6928,236,191644,16354800.0,OI1501
2014-06-19 14:01:00,6928,6930,6926,6926,60,191646,4158000.0,OI1501
2014-06-19 14:02:00,6926,6926,6926,6926,20,191646,1386000.0,OI1501
2014-06-19 14:03:00,6926,6926,6926,6926,26,191670,1801800.0,OI1501
2014-06-19 14:04:00,6926,6926,6926,6926,34,191672,2356200.0,OI1501
2014-06-19 14:05:00,6926,6926,6926,6926,58,191698,4019400.0,OI1501
2014-06-19 14:06:00,6926,6928,6926,6928,56,191678,3880800.0,OI1501
2014-06-19 14:07:00,6928,6928,6926,6928,8,191676,554400.0,OI1501
2014-06-19 14:08:00,6928,6928,6928,6928,54,191666,3742200.0,OI1501
2014-06-19 14:09:00,6928,6928,6928,6928,20,191652,1386000.0,OI1501
2014-06-19 14:10:00,6926,6926,6926,6926,4,191652,277200.0,OI1501
2014-06-19 14:11:00,6926,6926,6926,6926,208,191622,14414400.0,OI1501
2014-06-19 14:12:00,6924,6926,6924,6926,58,191618,4019240.0,OI1501
2014-06-19 14:13:00,6924,6924,6924,6924,26,191618,1801280.0,OI1501
2014-06-19 14:14:00,6924,6924,6924,6924,104,191644,7205120.0,OI1501
2014-06-19 14:15:00,6924,6924,6924,6924,32,191630,2216960.0,OI1501
2014-06-19 14:16:00,6922,6924,6922,6922,62,191608,4295360.0,OI1501
2014-06-19 14:17:00,6922,6922,6922,6922,196,191678,13578880.0,OI1501
2014-06-19 14:18:00,6922,6924,6922,6924,22,191678,1524160.0,OI1501
2014-06-19 14:19:00,6924,6924,6922,6924,32,191690,2216960.0,OI1501
2014-06-19 14:20:00,6924,6924,6922,6924,24,191684,1662720.0,OI1501
2014-06-19 14:21:00,6924,6924,6924,6924,4,191684,277120.0,OI1501
2014-06-19 14:22:00,6924,6924,6922,6924,102,191706,7066560.0,OI1501
2014-06-19 14:23:00,6922,6924,6920,6920,60,191720,4156800.0,OI1501
2014-06-19 14:24:00,6920,6920,6918,6920,164,191686,11361920.0,OI1501
2014-06-19 14:25:00,6920,6922,6920,6920,272,191672,18844160.0,OI1501
2014-06-19 14:26:00,6920,6922,6920,6922,10,191676,692800.0,OI1501
2014-06-19 14:27:00,6920,6922,6920,6922,22,191678,1524160.0,OI1501
2014-06-19 14:28:00,6922,6922,6920,6920,60,191672,4156800.0,OI1501
2014-06-19 14:29:00,6922,6922,6922,6922,20,191664,1385600.0,OI1501
2014-06-19 14:30:00,6922,6924,6922,6924,108,191656,7482240.0,OI1501
2014-06-19 14:31:00,6924,6924,6922,6924,62,191646,4295360.0,OI1501
2014-06-19 14:32:00,6922,6924,6922,6922,82,191626,5680960.0,OI1501
2014-06-19 14:33:00,6922,6924,6922,6924,52,191624,3602560.0,OI1501
2014-06-19 14:34:00,6922,6926,6922,6926,380,191286,26326400.0,OI1501
2014-06-19 14:35:00,6926,6926,6924,6924,306,191050,21199680.0,OI1501
2014-06-19 14:36:00,6926,6926,6924,6924,304,191210,21061120.0,OI1501
2014-06-19 14:37:00,6924,6924,6918,6920,808,191568,55978240.0,OI1501
2014-06-19 14:38:00,6920,6922,6920,6922,456,191654,31591680.0,OI1501
2014-06-19 14:39:00,6920,6920,6918,6918,50,191638,3464000.0,OI1501
2014-06-19 14:40:00,6920,6922,6918,6918,48,191640,3325440.0,OI1501
2014-06-19 14:41:00,6920,6920,6918,6920,50,191630,3464000.0,OI1501
2014-06-19 14:42:00,6920,6920,6918,6918,36,191630,2494080.0,OI1501
2014-06-19 14:43:00,6920,6920,6918,6920,208,191548,14410240.0,OI1501
2014-06-19 14:44:00,6920,6922,6920,6922,228,191388,15795840.0,OI1501
2014-06-19 14:45:00,6922,6924,6920,6920,140,191430,9699200.0,OI1501
2014-06-19 14:46:00,6920,6922,6916,6918,410,191544,28404800.0,OI1501
2014-06-19 14:47:00,6916,6920,6916,6920,182,191484,12608960.0,OI1501
2014-06-19 14:48:00,6920,6920,6918,6920,104,191468,7205120.0,OI1501
2014-06-19 14:49:00,6920,6920,6920,6920,176,191420,12193280.0,OI1501
2014-06-19 14:50:00,6920,6924,6920,6924,380,191074,26326400.0,OI1501
2014-06-19 14:51:00,6924,6926,6922,6922,660,190430,45724800.0,OI1501
2014-06-19 14:52:00,6924,6924,6922,6922,118,190404,8175040.0,OI1501
2014-06-19 14:53:00,6922,6924,6920,6920,138,190388,9560640.0,OI1501
2014-06-19 14:54:00,6920,6922,6910,6910,1088,190872,75376640.0,OI1501
2014-06-19 14:55:00,6916,6918,6908,6910,794,191316,55008320.0,OI1501
2014-06-19 14:56:00,6912,6912,6908,6910,450,191696,31167640.0,OI1501
2014-06-19 14:57:00,6912,6912,6910,6910,308,191900,21332080.0,OI1501
2014-06-19 14:58:00,6910,6914,6908,6914,486,191976,33660360.0,OI1501
2014-06-19 14:59:00,6916,6916,6910,6916,348,191880,24102480.0,OI1501
2014-06-20 09:00:00,6932,6940,6926,6928,792,191866,54917040.0,OI1501
2014-06-20 09:01:00,6928,6930,6922,6924,524,191844,36324640.0,OI1501
2014-06-20 09:02:00,6926,6928,6920,6926,216,191862,14969040.0,OI1501
2014-06-20 09:03:00,6926,6926,6924,6924,130,191800,9009000.0,OI1501
2014-06-20 09:04:00,6924,6940,6924,6938,904,191620,62647200.0,OI1501
2014-06-20 09:05:00,6938,6940,6932,6934,478,191466,33134120.0,OI1501
2014-06-20 09:06:00,6932,6934,6932,6932,64,191436,4436480.0,OI1501
2014-06-20 09:07:00,6932,6934,6928,6930,270,191490,18716400.0,OI1501
2014-06-20 09:08:00,6930,6930,6930,6930,12,191488,831840.0,OI1501
2014-06-20 09:09:00,6930,6930,6926,6926,134,191510,9288880.0,OI1501
2014-06-20 09:10:00,6926,6928,6926,6928,142,191522,9843440.0,OI1501
2014-06-20 09:11:00,6928,6930,6928,6928,136,191540,9427520.0,OI1501
2014-06-20 09:12:00,6930,6934,6928,6934,544,191520,37710080.0,OI1501
2014-06-20 09:13:00,6934,6940,6930,6930,642,191344,44503440.0,OI1501
2014-06-20 09:14:00,6932,6934,6930,6934,192,191308,13309440.0,OI1501
2014-06-20 09:15:00,6934,6938,6934,6936,294,191320,20380080.0,OI1501
2014-06-20 09:16:00,6936,6948,6936,6946,1266,191466,87774840.0,OI1501
2014-06-20 09:17:00,6948,6950,6946,6946,850,191584,58954040.0,OI1501
2014-06-20 09:18:00,6946,6950,6946,6948,510,191740,35373600.0,OI1501
2014-06-20 09:19:00,6948,6950,6944,6946,300,191796,20813840.0,OI1501
2014-06-20 09:20:00,6946,6950,6944,6946,440,191886,30527200.0,OI1501
2014-06-20 09:21:00,6946,6948,6942,6944,358,191820,24838040.0,OI1501
2014-06-20 09:22:00,6944,6944,6942,6944,192,191724,13320960.0,OI1501
2014-06-20 09:23:00,6944,6948,6944,6946,278,191836,19287640.0,OI1501
2014-06-20 09:24:00,6946,6948,6944,6946,84,191830,5827920.0,OI1501
2014-06-20 09:25:00,6946,6948,6942,6942,194,191868,13459720.0,OI1501
2014-06-20 09:26:00,6942,6946,6940,6946,218,191986,15124840.0,OI1501
2014-06-20 09:27:00,6944,6944,6942,6942,176,192040,12210880.0,OI1501
2014-06-20 09:28:00,6944,6944,6940,6942,174,192106,12072120.0,OI1501
2014-06-20 09:29:00,6942,6948,6940,6948,412,192232,28590520.0,OI1501
2014-06-20 09:30:00,6950,6956,6948,6952,924,192190,64125600.0,OI1501
2014-06-20 09:31:00,6952,6954,6948,6954,406,192256,28176400.0,OI1501
2014-06-20 09:32:00,6954,6970,6954,6964,1302,192238,90379320.0,OI1501
2014-06-20 09:33:00,6966,6968,6964,6966,762,192330,52911520.0,OI1501
2014-06-20 09:34:00,6964,6968,6958,6962,736,192408,51109000.0,OI1501
2014-06-20 09:35:00,6960,6962,6954,6958,550,192490,38203000.0,OI1501
2014-06-20 09:36:00,6960,6960,6958,6960,472,192566,32785120.0,OI1501
2014-06-20 09:37:00,6958,6964,6958,6958,294,192380,20421240.0,OI1501
2014-06-20 09:38:00,6956,6956,6948,6952,304,192320,21115840.0,OI1501
2014-06-20 09:39:00,6952,6956,6952,6952,354,192132,24588840.0,OI1501
2014-06-20 09:40:00,6952,6956,6952,6954,58,192090,4028680.0,OI1501
2014-06-20 09:41:00,6954,6956,6954,6956,12,192090,833520.0,OI1501
2014-06-20 09:42:00,6954,6956,6954,6954,38,192090,2639480.0,OI1501
2014-06-20 09:43:00,6954,6954,6952,6952,80,192082,5556800.0,OI1501
2014-06-20 09:44:00,6952,6952,6950,6950,44,192068,3056240.0,OI1501
2014-06-20 09:45:00,6952,6952,6952,6952,34,192052,2361640.0,OI1501
2014-06-20 09:46:00,6952,6952,6952,6952,4,192052,277840.0,OI1501
2014-06-20 09:47:00,6952,6952,6950,6950,108,192092,7501680.0,OI1501
2014-06-20 09:48:00,6952,6954,6952,6954,86,192148,5973560.0,OI1501
2014-06-20 09:49:00,6954,6956,6954,6954,414,192382,28756440.0,OI1501
2014-06-20 09:50:00,6954,6956,6954,6954,140,192478,9724800.0,OI1501
2014-06-20 09:51:00,6956,6956,6954,6954,86,192508,5975280.0,OI1501
2014-06-20 09:52:00,6954,6954,6952,6954,44,192500,3057120.0,OI1501
2014-06-20 09:53:00,6952,6954,6952,6954,74,192494,5141520.0,OI1501
2014-06-20 09:54:00,6954,6958,6954,6956,156,192550,10838880.0,OI1501
2014-06-20 09:55:00,6956,6958,6956,6958,74,192578,5141520.0,OI1501
2014-06-20 09:56:00,6958,6958,6954,6954,100,192538,6948000.0,OI1501
2014-06-20 09:57:00,6954,6956,6954,6954,188,192442,13062240.0,OI1501
2014-06-20 09:58:00,6954,6954,6954,6954,22,192440,1528560.0,OI1501
2014-06-20 09:59:00,6954,6954,6952,6954,124,192384,8615520.0,OI1501
2014-06-20 10:00:00,6956,6958,6956,6958,182,192410,12645360.0,OI1501
2014-06-20 10:01:00,6958,6958,6958,6958,210,192458,14590800.0,OI1501
2014-06-20 10:02:00,6958,6958,6954,6956,64,192432,4446720.0,OI1501
2014-06-20 10:03:00,6956,6956,6954,6954,30,192408,2084400.0,OI1501
2014-06-20 10:04:00,6956,6956,6954,6954,36,192382,2501280.0,OI1501
2014-06-20 10:05:00,6954,6954,6954,6954,64,192366,4446720.0,OI1501
2014-06-20 10:06:00,6954,6954,6954,6954,24,192364,1667520.0,OI1501
2014-06-20 10:07:00,6952,6952,6950,6950,74,192390,5141520.0,OI1501
2014-06-20 10:08:00,6952,6954,6952,6954,74,192398,5141520.0,OI1501
2014-06-20 10:09:00,6952,6954,6952,6954,20,192394,1389600.0,OI1501
2014-06-20 10:10:00,6952,6954,6952,6954,14,192392,972720.0,OI1501
2014-06-20 10:11:00,6952,6954,6952,6952,76,192438,5280480.0,OI1501
2014-06-20 10:12:00,6950,6952,6950,6952,58,192456,4029840.0,OI1501
2014-06-20 10:13:00,6952,6954,6952,6952,82,192454,5697360.0,OI1501
2014-06-20 10:14:00,6954,6954,6954,6954,78,192432,5419440.0,OI1501
2014-06-20 10:30:00,6954,6958,6954,6958,144,192450,10005120.0,OI1501
2014-06-20 10:31:00,6958,6958,6956,6956,66,192430,4585680.0,OI1501
2014-06-20 10:32:00,6956,6958,6956,6956,26,192412,1806480.0,OI1501
2014-06-20 10:33:00,6958,6958,6956,6958,158,192422,10977840.0,OI1501
2014-06-20 10:34:00,6956,6956,6956,6956,4,192422,277920.0,OI1501
2014-06-20 10:35:00,6954,6954,6950,6952,186,192288,12923280.0,OI1501
2014-06-20 10:36:00,6954,6954,6952,6954,164,192258,11394720.0,OI1501
2014-06-20 10:37:00,6954,6956,6954,6954,104,192190,7225920.0,OI1501
2014-06-20 10:38:00,6954,6954,6954,6954,4,192186,277920.0,OI1501
2014-06-20 10:39:00,6954,6954,6954,6954,14,192172,972720.0,OI1501
2014-06-20 10:40:00,6954,6956,6954,6954,16,192158,1111680.0,OI1501
2014-06-20 10:41:00,6954,6954,6954,6954,4,192158,277920.0,OI1501
2014-06-20 10:42:00,6954,6954,6954,6954,10,192154,694800.0,OI1501
2014-06-20 10:43:00,6954,6954,6954,6954,52,192154,3612960.0,OI1501
2014-06-20 10:44:00,6956,6956,6954,6954,36,192146,2501280.0,OI1501
2014-06-20 10:45:00,6954,6958,6954,6956,54,192146,3751920.0,OI1501
2014-06-20 10:46:00,6954,6958,6954,6956,30,192136,2084400.0,OI1501
2014-06-20 10:47:00,6954,6958,6954,6958,14,192138,972720.0,OI1501
2014-06-20 10:48:00,6954,6958,6954,6956,222,192054,15424560.0,OI1501
2014-06-20 10:49:00,6956,6958,6956,6958,12,192064,833760.0,OI1501
2014-06-20 10:50:00,6958,6962,6958,6962,364,192048,25290720.0,OI1501
2014-06-20 10:51:00,6962,6962,6960,6960,92,192014,6392160.0,OI1501
2014-06-20 10:52:00,6960,6962,6960,6962,88,192042,6114240.0,OI1501
2014-06-20 10:53:00,6962,6964,6962,6962,104,192074,7225920.0,OI1501
2014-06-20 10:54:00,6962,6962,6960,6960,102,192102,7086960.0,OI1501
2014-06-20 10:55:00,6960,6962,6960,6962,130,192172,9032400.0,OI1501
2014-06-20 10:56:00,6962,6966,6962,6966,118,192178,8198640.0,OI1501
2014-06-20 10:57:00,6964,6966,6962,6962,128,192154,8893440.0,OI1501
2014-06-20 10:58:00,6964,6964,6962,6964,94,192100,6532400.0,OI1501
2014-06-20 10:59:00,6964,6966,6962,6966,110,192056,7645000.0,OI1501
2014-06-20 11:00:00,6966,6966,6964,6966,198,192010,13761000.0,OI1501
2014-06-20 11:01:00,6964,6968,6964,6968,204,191964,14178000.0,OI1501
2014-06-20 11:02:00,6968,6968,6966,6968,114,191936,7923000.0,OI1501
2014-06-20 11:03:00,6968,6968,6966,6966,168,191978,11676000.0,OI1501
2014-06-20 11:04:00,6964,6968,6964,6966,126,191970,8757000.0,OI1501
2014-06-20 11:05:00,6966,6966,6966,6966,36,191952,2502000.0,OI1501
2014-06-20 11:06:00,6968,6970,6966,6968,374,192040,25993000.0,OI1501
2014-06-20 11:07:00,6968,6968,6962,6962,226,192050,15707000.0,OI1501
2014-06-20 11:08:00,6962,6964,6962,6962,54,192012,3753000.0,OI1501
2014-06-20 11:09:00,6962,6964,6960,6962,206,192038,14317000.0,OI1501
2014-06-20 11:10:00,6964,6964,6960,6960,176,192118,12232000.0,OI1501
2014-06-20 11:11:00,6962,6964,6958,6960,408,192416,28356000.0,OI1501
2014-06-20 11:12:00,6960,6964,6960,6964,180,192482,12510000.0,OI1501
2014-06-20 11:13:00,6964,6968,6964,6966,430,192488,29885000.0,OI1501
2014-06-20 11:14:00,6966,6966,6964,6966,42,192476,2919000.0,OI1501
2014-06-20 11:15:00,6964,6966,6964,6964,44,192478,3058000.0,OI1501
2014-06-20 11:16:00,6966,6966,6960,6962,166,192400,11539360.0,OI1501
2014-06-20 11:17:00,6962,6962,6960,6960,58,192400,4032160.0,OI1501
2014-06-20 11:18:00,6960,6960,6960,6960,96,192374,6673920.0,OI1501
2014-06-20 11:19:00,6958,6964,6956,6964,106,192384,7369120.0,OI1501
2014-06-20 11:20:00,6962,6962,6960,6960,88,192376,6117760.0,OI1501
2014-06-20 11:21:00,6960,6960,6958,6958,80,192328,5561600.0,OI1501
2014-06-20 11:22:00,6958,6960,6958,6960,80,192320,5561600.0,OI1501
2014-06-20 11:23:00,6958,6958,6958,6958,98,192386,6812960.0,OI1501
2014-06-20 11:24:00,6960,6960,6958,6960,42,192428,2919840.0,OI1501
2014-06-20 11:25:00,6958,6958,6958,6958,8,192430,556160.0,OI1501
2014-06-20 11:26:00,6958,6960,6958,6960,38,192394,2641760.0,OI1501
2014-06-20 11:27:00,6960,6962,6960,6962,28,192378,1946560.0,OI1501
2014-06-20 11:28:00,6962,6966,6962,6964,114,192380,7925280.0,OI1501
2014-06-20 11:29:00,6962,6968,6960,6968,392,192480,27251840.0,OI1501
2014-06-20 13:30:00,6968,6970,6964,6964,218,192524,15155360.0,OI1501
2014-06-20 13:31:00,6964,6966,6964,6966,26,192516,1807520.0,OI1501
2014-06-20 13:32:00,6966,6966,6964,6964,92,192484,6395840.0,OI1501
2014-06-20 13:33:00,6964,6968,6962,6966,512,192532,35594240.0,OI1501
2014-06-20 13:34:00,6964,6966,6964,6964,30,192532,2085600.0,OI1501
2014-06-20 13:35:00,6964,6966,6962,6962,144,192538,10010880.0,OI1501
2014-06-20 13:36:00,6962,6966,6962,6966,90,192566,6256800.0,OI1501
2014-06-20 13:37:00,6966,6966,6964,6966,68,192534,4727360.0,OI1501
2014-06-20 13:38:00,6964,6966,6962,6962,132,192442,9176640.0,OI1501
2014-06-20 13:39:00,6964,6964,6958,6960,254,192508,17658080.0,OI1501
2014-06-20 13:40:00,6960,6960,6958,6958,112,192446,7786240.0,OI1501
2014-06-20 13:41:00,6958,6960,6958,6958,26,192448,1807520.0,OI1501
2014-06-20 13:42:00,6958,6960,6958,6960,102,192418,7091040.0,OI1501
2014-06-20 13:43:00,6962,6964,6962,6964,50,192424,3476000.0,OI1501
2014-06-20 13:44:00,6962,6962,6960,6960,26,192438,1807520.0,OI1501
2014-06-20 13:45:00,6962,6962,6960,6960,128,192342,8898560.0,OI1501
2014-06-20 13:46:00,6962,6964,6960,6960,142,192252,9871840.0,OI1501
2014-06-20 13:47:00,6960,6962,6960,6962,176,192284,12235520.0,OI1501
2014-06-20 13:48:00,6962,6962,6960,6960,68,192290,4727360.0,OI1501
2014-06-20 13:49:00,6960,6962,6960,6962,34,192266,2363680.0,OI1501
2014-06-20 13:50:00,6962,6962,6962,6962,62,192218,4310240.0,OI1501
2014-06-20 13:51:00,6960,6962,6958,6960,74,192202,5144480.0,OI1501
2014-06-20 13:52:00,6960,6960,6958,6958,28,192198,1946560.0,OI1501
2014-06-20 13:53:00,6960,6960,6960,6960,40,192202,2780800.0,OI1501
2014-06-20 13:54:00,6960,6962,6960,6960,54,192186,3754080.0,OI1501
2014-06-20 13:55:00,6960,6962,6960,6960,98,192136,6812960.0,OI1501
2014-06-20 13:56:00,6960,6960,6958,6960,26,192132,1807520.0,OI1501
2014-06-20 13:57:00,6958,6960,6958,6960,14,192124,973280.0,OI1501
2014-06-20 13:58:00,6960,6960,6956,6956,182,192142,12652640.0,OI1501
2014-06-20 13:59:00,6956,6956,6952,6954,198,192088,13764960.0,OI1501
2014-06-20 14:00:00,6954,6954,6952,6954,138,192026,9593760.0,OI1501
2014-06-20 14:01:00,6954,6954,6954,6954,64,192044,4449280.0,OI1501
2014-06-20 14:02:00,6954,6956,6954,6956,90,192020,6256800.0,OI1501
2014-06-20 14:03:00,6956,6956,6954,6956,178,192064,12374560.0,OI1501
2014-06-20 14:04:00,6956,6958,6956,6958,20,192058,1390400.0,OI1501
2014-06-20 14:05:00,6958,6958,6958,6958,52,192064,3615040.0,OI1501
2014-06-20 14:06:00,6958,6958,6958,6958,106,192098,7369120.0,OI1501
2014-06-20 14:07:00,6958,6958,6956,6958,64,192088,4449280.0,OI1501
2014-06-20 14:08:00,6958,6958,6956,6956,36,192084,2502720.0,OI1501
2014-06-20 14:09:00,6956,6956,6956,6956,80,192038,5561600.0,OI1501
2014-06-20 14:10:00,6958,6958,6956,6956,36,192026,2502720.0,OI1501
2014-06-20 14:11:00,6958,6958,6954,6958,146,192012,10149920.0,OI1501
2014-06-20 14:12:00,6960,6960,6956,6958,384,192138,26695680.0,OI1501
2014-06-20 14:13:00,6962,6964,6960,6960,292,192162,20302320.0,OI1501
2014-06-20 14:14:00,6960,6960,6958,6960,136,192152,9457440.0,OI1501
2014-06-20 14:15:00,6960,6960,6958,6958,56,192152,3894240.0,OI1501
2014-06-20 14:16:00,6960,6960,6958,6960,90,192140,6258600.0,OI1501
2014-06-20 14:17:00,6962,6962,6960,6960,94,192202,6536760.0,OI1501
2014-06-20 14:18:00,6960,6960,6956,6958,160,192258,11126400.0,OI1501
2014-06-20 14:19:00,6956,6958,6956,6956,244,192322,16967760.0,OI1501
2014-06-20 14:20:00,6956,6956,6954,6956,168,192382,11682720.0,OI1501
2014-06-20 14:21:00,6956,6958,6956,6956,64,192342,4450560.0,OI1501
2014-06-20 14:22:00,6958,6960,6958,6960,74,192346,5145960.0,OI1501
2014-06-20 14:23:00,6962,6962,6958,6960,150,192348,10431000.0,OI1501
2014-06-20 14:24:00,6962,6966,6960,6964,198,192362,13768920.0,OI1501
2014-06-20 14:25:00,6964,6964,6962,6964,64,192368,4450560.0,OI1501
2014-06-20 14:26:00,6962,6962,6962,6962,54,192374,3755160.0,OI1501
2014-06-20 14:27:00,6962,6962,6960,6962,94,192384,6536760.0,OI1501
2014-06-20 14:28:00,6962,6964,6962,6964,86,192340,5980440.0,OI1501
2014-06-20 14:29:00,6964,6964,6962,6964,222,192348,15437880.0,OI1501
2014-06-20 14:30:00,6964,6966,6964,6966,174,192230,12099960.0,OI1501
2014-06-20 14:31:00,6968,6970,6966,6966,446,192008,31014840.0,OI1501
2014-06-20 14:32:00,6968,6968,6964,6966,140,192066,9735600.0,OI1501
2014-06-20 14:33:00,6964,6968,6962,6964,136,192044,9457440.0,OI1501
2014-06-20 14:34:00,6966,6966,6964,6964,152,191998,10570080.0,OI1501
2014-06-20 14:35:00,6962,6962,6960,6962,98,191964,6814920.0,OI1501
2014-06-20 14:36:00,6962,6964,6962,6964,52,191920,3616080.0,OI1501
2014-06-20 14:37:00,6962,6966,6962,6966,154,191952,10709160.0,OI1501
2014-06-20 14:38:00,6966,6966,6962,6964,158,191956,10987320.0,OI1501
2014-06-20 14:39:00,6964,6964,6962,6962,174,191848,12099960.0,OI1501
2014-06-20 14:40:00,6962,6966,6962,6964,226,191784,15716040.0,OI1501
2014-06-20 14:41:00,6964,6966,6964,6966,154,191660,10709160.0,OI1501
2014-06-20 14:42:00,6964,6966,6962,6962,348,191528,24199920.0,OI1501
2014-06-20 14:43:00,6962,6964,6962,6964,162,191446,11265480.0,OI1501
2014-06-20 14:44:00,6964,6964,6962,6964,182,191408,12656280.0,OI1501
2014-06-20 14:45:00,6964,6966,6962,6962,188,191346,13073520.0,OI1501
2014-06-20 14:46:00,6962,6964,6962,6962,216,191388,15020640.0,OI1501
2014-06-20 14:47:00,6962,6962,6958,6960,324,191316,22530960.0,OI1501
2014-06-20 14:48:00,6960,6960,6958,6958,184,191316,12795360.0,OI1501
2014-06-20 14:49:00,6960,6960,6958,6958,50,191314,3477000.0,OI1501
2014-06-20 14:50:00,6960,6960,6958,6958,168,191274,11682720.0,OI1501
2014-06-20 14:51:00,6958,6960,6958,6958,274,191240,19053960.0,OI1501
2014-06-20 14:52:00,6956,6958,6954,6958,152,191216,10570080.0,OI1501
2014-06-20 14:53:00,6956,6960,6956,6960,106,191200,7371240.0,OI1501
2014-06-20 14:54:00,6960,6962,6958,6960,186,191218,12934440.0,OI1501
2014-06-20 14:55:00,6960,6964,6958,6962,442,191130,30736680.0,OI1501
2014-06-20 14:56:00,6962,6964,6962,6964,474,190958,32961960.0,OI1501
2014-06-20 14:57:00,6964,6964,6962,6962,162,190898,11265480.0,OI1501
2014-06-20 14:58:00,6962,6964,6958,6962,284,190860,19749360.0,OI1501
2014-06-20 14:59:00,6960,6966,6958,6966,416,190720,28928640.0,OI1501
2014-06-23 09:00:00,6980,6986,6972,6978,2222,190480,155095600.0,OI1501
2014-06-23 09:01:00,6976,6994,6976,6994,1206,190738,84247360.0,OI1501
2014-06-23 09:02:00,6994,6996,6982,6984,724,190972,50632720.0,OI1501
2014-06-23 09:03:00,6984,6988,6984,6986,812,191344,56710080.0,OI1501
2014-06-23 09:04:00,6986,6988,6984,6984,496,191504,34640640.0,OI1501
2014-06-23 09:05:00,6984,6986,6976,6984,840,191916,58665600.0,OI1501
2014-06-23 09:06:00,6982,6982,6974,6980,732,192228,50982240.0,OI1501
2014-06-23 09:07:00,6978,6980,6972,6972,466,192252,32536120.0,OI1501
2014-06-23 09:08:00,6974,6976,6970,6976,402,192236,28067640.0,OI1501
2014-06-23 09:09:00,6978,6980,6976,6978,208,192218,14522560.0,OI1501
2014-06-23 09:10:00,6978,6982,6978,6980,280,192268,19549600.0,OI1501
2014-06-23 09:11:00,6980,6986,6980,6986,372,192366,25973040.0,OI1501
2014-06-23 09:12:00,6986,6986,6982,6982,514,192570,35887480.0,OI1501
2014-06-23 09:13:00,6986,6988,6982,6986,448,192608,31279360.0,OI1501
2014-06-23 09:14:00,6986,6992,6982,6992,800,193082,55856000.0,OI1501
2014-06-23 09:15:00,6992,6992,6988,6990,460,193026,32336840.0,OI1501
2014-06-23 09:16:00,6988,6988,6984,6984,246,193046,17180640.0,OI1501
2014-06-23 09:17:00,6984,6988,6982,6988,558,193056,38970720.0,OI1501
2014-06-23 09:18:00,6988,6990,6986,6986,244,193136,17040960.0,OI1501
2014-06-23 09:19:00,6986,6986,6982,6986,498,193382,34780320.0,OI1501
2014-06-23 09:20:00,6986,6986,6982,6984,172,193418,12012480.0,OI1501
2014-06-23 09:21:00,6984,6984,6984,6984,38,193426,2653920.0,OI1501
2014-06-23 09:22:00,6984,6986,6982,6984,190,193484,13269600.0,OI1501
2014-06-23 09:23:00,6986,6988,6984,6986,494,193398,34500960.0,OI1501
2014-06-23 09:24:00,6988,6990,6984,6988,390,193560,27237600.0,OI1501
2014-06-23 09:25:00,6988,6992,6988,6992,394,193614,27516960.0,OI1501
2014-06-23 09:26:00,6990,6992,6990,6990,304,193704,21231360.0,OI1501
2014-06-23 09:27:00,6988,6990,6988,6990,174,193568,12152160.0,OI1501
2014-06-23 09:28:00,6990,6992,6990,6992,606,193838,42323040.0,OI1501
2014-06-23 09:29:00,6992,6996,6992,6992,900,193932,62856000.0,OI1501
2014-06-23 09:30:00,6994,7002,6994,7002,746,194012,52439360.0,OI1501
2014-06-23 09:31:00,7000,7004,7000,7000,742,193776,51836120.0,OI1501
2014-06-23 09:32:00,7000,7006,6998,7006,420,193724,29341200.0,OI1501
2014-06-23 09:33:00,7006,7008,7002,7002,752,194022,52911720.0,OI1501
2014-06-23 09:34:00,7004,7004,6998,6998,630,194066,44024400.0,OI1501
2014-06-23 09:35:00,7000,7002,6998,7002,196,194138,13696480.0,OI1501
2014-06-23 09:36:00,7002,7006,7002,7002,162,194210,11320560.0,OI1501
2014-06-23 09:37:00,7002,7006,7002,7006,326,194306,22780880.0,OI1501
2014-06-23 09:38:00,7006,7010,7004,7008,572,194480,39971360.0,OI1501
2014-06-23 09:39:00,7008,7008,7004,7004,230,194480,16491720.0,OI1501
2014-06-23 09:40:00,7004,7006,7004,7006,60,194482,4194000.0,OI1501
2014-06-23 09:41:00,7006,7006,7002,7002,336,194384,23486400.0,OI1501
2014-06-23 09:42:00,7002,7004,7002,7004,84,194340,5871600.0,OI1501
2014-06-23 09:43:00,7004,7006,7002,7002,212,194236,14818800.0,OI1501
2014-06-23 09:44:00,7002,7002,6994,6994,406,194160,28379400.0,OI1501
2014-06-23 09:45:00,6996,7002,6996,7002,216,194136,15098400.0,OI1501
2014-06-23 09:46:00,7000,7002,6998,7002,106,194140,7409400.0,OI1501
2014-06-23 09:47:00,7002,7004,7000,7000,44,194154,3075600.0,OI1501
2014-06-23 09:48:00,7002,7002,7000,7000,198,194252,13840200.0,OI1501
2014-06-23 09:49:00,7000,7004,7000,7002,132,194314,9226800.0,OI1501
2014-06-23 09:50:00,7004,7006,7000,7006,142,194252,9925800.0,OI1501
2014-06-23 09:51:00,7006,7006,7004,7004,30,194268,2097000.0,OI1501
2014-06-23 09:52:00,7004,7004,7004,7004,26,194268,1817400.0,OI1501
2014-06-23 09:53:00,7004,7004,7004,7004,108,194322,7549200.0,OI1501
2014-06-23 09:54:00,7004,7006,7002,7004,378,194442,26422200.0,OI1501
2014-06-23 09:55:00,7006,7008,7006,7008,44,194416,3075600.0,OI1501
2014-06-23 09:56:00,7008,7018,7008,7010,1392,193952,97798400.0,OI1501
2014-06-23 09:57:00,7012,7012,7006,7008,372,193872,26010240.0,OI1501
2014-06-23 09:58:00,7008,7010,7008,7008,222,193784,15522240.0,OI1501
2014-06-23 09:59:00,7010,7012,7008,7012,234,193746,16361280.0,OI1501
2014-06-23 10:00:00,7012,7016,7012,7014,428,193690,29925760.0,OI1501
2014-06-23 10:01:00,7014,7018,7014,7016,422,193720,30037400.0,OI1501
2014-06-23 10:02:00,7016,7018,7016,7018,298,193744,20842120.0,OI1501
2014-06-23 10:03:00,7020,7024,7020,7024,870,193696,60847800.0,OI1501
2014-06-23 10:04:00,7026,7030,7024,7024,718,193750,50785800.0,OI1501
2014-06-23 10:05:00,7026,7026,7022,7022,484,193718,33860640.0,OI1501
2014-06-23 10:06:00,7022,7022,7018,7020,446,193640,31202160.0,OI1501
2014-06-23 10:07:00,7020,7020,7018,7020,216,193616,15111360.0,OI1501
2014-06-23 10:08:00,7020,7020,7014,7016,478,193280,33440880.0,OI1501
2014-06-23 10:09:00,7014,7016,7012,7014,200,193240,13992000.0,OI1501
2014-06-23 10:10:00,7016,7020,7016,7020,212,193248,14831520.0,OI1501
2014-06-23 10:11:00,7020,7022,7020,7020,498,193134,35459640.0,OI1501
2014-06-23 10:12:00,7022,7024,7018,7022,134,193086,9377320.0,OI1501
2014-06-23 10:13:00,7022,7024,7022,7024,154,193130,10776920.0,OI1501
2014-06-23 10:14:00,7022,7026,7022,7024,412,193134,28831760.0,OI1501
2014-06-23 10:30:00,7024,7026,7022,7026,348,193332,24353040.0,OI1501
2014-06-23 10:31:00,7026,7026,7022,7024,84,193352,5878320.0,OI1501
2014-06-23 10:32:00,7024,7024,7022,7022,144,193326,10077120.0,OI1501
2014-06-23 10:33:00,7022,7026,7022,7024,84,193358,5878320.0,OI1501
2014-06-23 10:34:00,7026,7026,7024,7024,80,193420,5598400.0,OI1501
2014-06-23 10:35:00,7024,7026,7022,7024,162,193482,11336760.0,OI1501
2014-06-23 10:36:00,7024,7024,7018,7022,368,193402,25752640.0,OI1501
2014-06-23 10:37:00,7022,7022,7014,7014,158,193346,11056840.0,OI1501
2014-06-23 10:38:00,7016,7016,7016,7016,90,193298,6298200.0,OI1501
2014-06-23 10:39:00,7016,7018,7016,7018,36,193288,2519280.0,OI1501
2014-06-23 10:40:00,7016,7018,7014,7016,104,193246,7277920.0,OI1501
2014-06-23 10:41:00,7018,7018,7016,7018,220,193306,16066720.0,OI1501
2014-06-23 10:42:00,7018,7018,7016,7016,36,193278,2520000.0,OI1501
2014-06-23 10:43:00,7018,7018,7016,7016,108,193294,7560000.0,OI1501
2014-06-23 10:44:00,7016,7018,7016,7016,32,193310,2240000.0,OI1501
2014-06-23 10:45:00,7018,7018,7016,7018,56,193360,3920000.0,OI1501
2014-06-23 10:46:00,7018,7020,7018,7020,130,193390,9100000.0,OI1501
2014-06-23 10:47:00,7020,7020,7018,7020,36,193416,2520000.0,OI1501
2014-06-23 10:48:00,7020,7020,7018,7018,22,193420,1540000.0,OI1501
2014-06-23 10:49:00,7018,7020,7018,7020,30,193420,2100000.0,OI1501
2014-06-23 10:50:00,7020,7020,7018,7020,68,193420,4760000.0,OI1501
2014-06-23 10:51:00,7018,7018,7016,7016,80,193426,5600000.0,OI1501
2014-06-23 10:52:00,7016,7020,7016,7018,88,193440,6160000.0,OI1501
2014-06-23 10:53:00,7018,7020,7018,7020,10,193446,700000.0,OI1501
2014-06-23 10:54:00,7020,7022,7020,7022,212,193570,14840000.0,OI1501
2014-06-23 10:55:00,7022,7024,7022,7022,170,193496,11900000.0,OI1501
2014-06-23 10:56:00,7024,7024,7024,7024,36,193496,2520000.0,OI1501
2014-06-23 10:57:00,7024,7026,7022,7024,242,193356,16940000.0,OI1501
2014-06-23 10:58:00,7022,7024,7020,7024,320,193306,22400000.0,OI1501
2014-06-23 10:59:00,7022,7024,7020,7020,382,193238,26740000.0,OI1501
2014-06-23 11:00:00,7020,7020,7016,7018,150,193228,10500000.0,OI1501
2014-06-23 11:01:00,7018,7018,7018,7018,34,193234,2380000.0,OI1501
2014-06-23 11:02:00,7018,7022,7018,7022,348,193220,24360000.0,OI1501
2014-06-23 11:03:00,7020,7022,7018,7018,22,193222,1540000.0,OI1501
2014-06-23 11:04:00,7020,7020,7016,7018,98,193192,6860000.0,OI1501
2014-06-23 11:05:00,7018,7020,7018,7020,46,193174,3220000.0,OI1501
2014-06-23 11:06:00,7020,7020,7018,7018,16,193174,1120000.0,OI1501
2014-06-23 11:07:00,7020,7020,7018,7018,30,193174,2100000.0,OI1501
2014-06-23 11:08:00,7018,7018,7018,7018,6,193174,420000.0,OI1501
2014-06-23 11:09:00,7018,7018,7014,7014,266,193250,18620000.0,OI1501
2014-06-23 11:10:00,7016,7018,7016,7018,36,193232,2520000.0,OI1501
2014-06-23 11:11:00,7016,7018,7016,7018,30,193220,2100000.0,OI1501
2014-06-23 11:12:00,7016,7018,7016,7018,6,193220,420000.0,OI1501
2014-06-23 11:13:00,7018,7018,7018,7018,166,193176,12357360.0,OI1501
2014-06-23 11:14:00,7020,7020,7018,7018,136,193200,9522720.0,OI1501
2014-06-23 11:15:00,7020,7020,7020,7020,74,193252,5181480.0,OI1501
2014-06-23 11:16:00,7020,7022,7020,7020,26,193260,1820520.0,OI1501
2014-06-23 11:17:00,7020,7022,7018,7020,110,193256,7702200.0,OI1501
2014-06-23 11:18:00,7022,7022,7020,7020,6,193260,420120.0,OI1501
2014-06-23 11:19:00,7020,7020,7018,7018,28,193260,1960560.0,OI1501
2014-06-23 11:20:00,7020,7022,7018,7018,64,193212,4481280.0,OI1501
2014-06-23 11:21:00,7020,7024,7020,7024,84,193204,5881680.0,OI1501
2014-06-23 11:22:00,7024,7028,7024,7028,322,193246,22546440.0,OI1501
2014-06-23 11:23:00,7028,7036,7028,7034,1020,192904,71420400.0,OI1501
2014-06-23 11:24:00,7036,7036,7032,7034,522,192790,36550440.0,OI1501
2014-06-23 11:25:00,7032,7038,7032,7036,726,192656,51634240.0,OI1501
2014-06-23 11:26:00,7038,7042,7036,7042,760,192572,53230400.0,OI1501
2014-06-23 11:27:00,7040,7044,7040,7044,460,192578,32218400.0,OI1501
2014-06-23 11:28:00,7042,7050,7040,7050,1524,192674,107595560.0,OI1501
2014-06-23 11:29:00,7050,7058,7048,7052,2174,192610,153208520.0,OI1501
2014-06-23 13:30:00,7054,7060,7052,7054,1140,192510,80812080.0,OI1501
2014-06-23 13:31:00,7054,7056,7050,7052,1146,192490,80334600.0,OI1501
2014-06-23 13:32:00,7052,7056,7048,7054,730,192450,52131400.0,OI1501
2014-06-23 13:33:00,7054,7058,7048,7048,1390,192352,97466800.0,OI1501
2014-06-23 13:34:00,7046,7050,7042,7050,890,192116,62406800.0,OI1501
2014-06-23 13:35:00,7050,7056,7050,7054,826,191948,58939640.0,OI1501
2014-06-23 13:36:00,7052,7058,7052,7058,592,191894,41522880.0,OI1501
2014-06-23 13:37:00,7058,7064,7058,7062,1152,191672,81856680.0,OI1501
2014-06-23 13:38:00,7062,7066,7062,7064,652,191476,45744320.0,OI1501
2014-06-23 13:39:00,7064,7066,7056,7060,1064,191598,74650240.0,OI1501
2014-06-23 13:40:00,7060,7064,7058,7062,398,191416,27923680.0,OI1501
2014-06-23 13:41:00,7064,7066,7060,7066,566,191328,40819560.0,OI1501
2014-06-23 13:42:00,7068,7076,7066,7072,1288,191314,90391840.0,OI1501
2014-06-23 13:43:00,7070,7074,7066,7066,800,191400,57294760.0,OI1501
2014-06-23 13:44:00,7066,7070,7062,7062,964,191158,67672800.0,OI1501
2014-06-23 13:45:00,7064,7064,7062,7064,710,190854,49842000.0,OI1501
2014-06-23 13:46:00,7062,7064,7062,7064,158,190850,11091600.0,OI1501
2014-06-23 13:47:00,7064,7068,7062,7068,352,190940,25904840.0,OI1501
2014-06-23 13:48:00,7068,7068,7064,7066,238,190956,16712360.0,OI1501
2014-06-23 13:49:00,7066,7066,7062,7062,232,190890,16291040.0,OI1501
2014-06-23 13:50:00,7062,7064,7060,7062,358,190856,25138760.0,OI1501
2014-06-23 13:51:00,7060,7064,7060,7064,294,190822,20644680.0,OI1501
2014-06-23 13:52:00,7062,7064,7060,7062,180,190852,12639600.0,OI1501
2014-06-23 13:53:00,7062,7062,7060,7060,166,190776,11656520.0,OI1501
2014-06-23 13:54:00,7060,7062,7060,7060,70,190774,4915400.0,OI1501
2014-06-23 13:55:00,7060,7062,7058,7062,668,190956,46906960.0,OI1501
2014-06-23 13:56:00,7062,7068,7062,7066,816,190828,58554400.0,OI1501
2014-06-23 13:57:00,7068,7068,7064,7068,164,190814,11519360.0,OI1501
2014-06-23 13:58:00,7068,7076,7068,7072,906,190802,63637440.0,OI1501
2014-06-23 13:59:00,7072,7076,7070,7076,510,190952,35822400.0,OI1501
2014-06-23 14:00:00,7076,7086,7076,7082,1422,191330,101196200.0,OI1501
2014-06-23 14:01:00,7082,7082,7076,7080,838,191562,58877880.0,OI1501
2014-06-23 14:02:00,7078,7084,7078,7080,516,191550,36254160.0,OI1501
2014-06-23 14:03:00,7080,7084,7080,7082,442,191792,31054920.0,OI1501
2014-06-23 14:04:00,7082,7084,7080,7084,250,191790,18920840.0,OI1501
2014-06-23 14:05:00,7082,7086,7082,7084,1056,192120,74215680.0,OI1501
2014-06-23 14:06:00,7086,7086,7076,7076,794,192264,55802320.0,OI1501
2014-06-23 14:07:00,7076,7084,7074,7080,310,192226,21786800.0,OI1501
2014-06-23 14:08:00,7082,7084,7080,7080,314,192066,23473240.0,OI1501
2014-06-23 14:09:00,7082,7084,7078,7080,422,192004,29666600.0,OI1501
2014-06-23 14:10:00,7082,7082,7082,7082,58,192002,4077400.0,OI1501
2014-06-23 14:11:00,7082,7082,7076,7078,258,191988,18137400.0,OI1501
2014-06-23 14:12:00,7078,7086,7078,7082,418,191978,29385400.0,OI1501
2014-06-23 14:13:00,7082,7082,7076,7076,260,191892,18278000.0,OI1501
2014-06-23 14:14:00,7076,7078,7076,7078,226,191890,15887800.0,OI1501
2014-06-23 14:15:00,7078,7080,7074,7074,150,191832,10545000.0,OI1501
2014-06-23 14:16:00,7076,7076,7072,7074,138,191808,9701400.0,OI1501
2014-06-23 14:17:00,7076,7076,7074,7076,100,191812,7030000.0,OI1501
2014-06-23 14:18:00,7076,7078,7076,7076,138,191878,9701400.0,OI1501
2014-06-23 14:19:00,7076,7078,7074,7076,80,191904,5624000.0,OI1501
2014-06-23 14:20:00,7076,7078,7076,7078,40,191916,2812000.0,OI1501
2014-06-23 14:21:00,7078,7080,7076,7080,230,191878,16169000.0,OI1501
2014-06-23 14:22:00,7080,7082,7078,7080,172,191880,12091600.0,OI1501
2014-06-23 14:23:00,7080,7080,7080,7080,72,191890,6522160.0,OI1501
2014-06-23 14:24:00,7080,7080,7076,7078,276,191898,19408320.0,OI1501
2014-06-23 14:25:00,7078,7078,7076,7076,134,191882,9422880.0,OI1501
2014-06-23 14:26:00,7076,7080,7074,7080,144,191868,10126080.0,OI1501
2014-06-23 14:27:00,7080,7082,7078,7080,288,191928,20252160.0,OI1501
2014-06-23 14:28:00,7080,7084,7078,7084,552,192030,38816640.0,OI1501
2014-06-23 14:29:00,7084,7090,7082,7090,516,192102,36285120.0,OI1501
2014-06-23 14:30:00,7090,7090,7082,7086,264,192098,18564480.0,OI1501
2014-06-23 14:31:00,7086,7088,7082,7082,414,192128,29112480.0,OI1501
2014-06-23 14:32:00,7084,7084,7082,7082,160,192102,11251200.0,OI1501
2014-06-23 14:33:00,7082,7084,7082,7082,122,192100,10097000.0,OI1501
2014-06-23 14:34:00,7084,7084,7080,7080,192,192050,13505280.0,OI1501
2014-06-23 14:35:00,7080,7080,7076,7080,310,191960,21805400.0,OI1501
2014-06-23 14:36:00,7080,7080,7078,7078,262,192106,18429080.0,OI1501
2014-06-23 14:37:00,7078,7080,7078,7080,152,192086,10691680.0,OI1501
2014-06-23 14:38:00,7080,7082,7078,7080,122,192080,8581480.0,OI1501
2014-06-23 14:39:00,7080,7080,7080,7080,78,192084,5486520.0,OI1501
2014-06-23 14:40:00,7080,7082,7078,7078,210,192094,14771400.0,OI1501
2014-06-23 14:41:00,7080,7080,7080,7080,128,192002,9003520.0,OI1501
2014-06-23 14:42:00,7080,7082,7076,7076,492,192186,34607280.0,OI1501
2014-06-23 14:43:00,7076,7080,7074,7074,1060,192038,74560400.0,OI1501
2014-06-23 14:44:00,7074,7078,7074,7078,418,192124,29402120.0,OI1501
2014-06-23 14:45:00,7076,7078,7074,7078,242,192208,18613560.0,OI1501
2014-06-23 14:46:00,7076,7078,7076,7078,138,192262,9709680.0,OI1501
2014-06-23 14:47:00,7078,7080,7076,7076,102,192258,7176720.0,OI1501
2014-06-23 14:48:00,7078,7078,7076,7078,126,192328,8865360.0,OI1501
2014-06-23 14:49:00,7078,7084,7078,7084,742,192454,52207120.0,OI1501
2014-06-23 14:50:00,7082,7084,7082,7082,188,192420,13227680.0,OI1501
2014-06-23 14:51:00,7082,7084,7080,7082,116,192428,8161760.0,OI1501
2014-06-23 14:52:00,7084,7086,7082,7082,446,192244,31380560.0,OI1501
2014-06-23 14:53:00,7084,7086,7082,7086,228,192210,16042080.0,OI1501
2014-06-23 14:54:00,7086,7086,7084,7086,390,192124,27440400.0,OI1501
2014-06-23 14:55:00,7084,7086,7084,7084,374,192176,26314640.0,OI1501
2014-06-23 14:56:00,7084,7086,7080,7082,540,192272,39653480.0,OI1501
2014-06-23 14:57:00,7082,7082,7074,7076,638,192192,44902440.0,OI1501
2014-06-23 14:58:00,7076,7082,7074,7080,512,191894,36034560.0,OI1501
2014-06-23 14:59:00,7080,7080,7076,7076,862,191546,60667560.0,OI1501
2014-06-24 09:00:00,7068,7078,7060,7068,1080,191580,76344480.0,OI1501
2014-06-24 09:01:00,7066,7084,7066,7080,658,191688,46524600.0,OI1501
2014-06-24 09:02:00,7080,7080,7074,7080,384,191658,27157080.0,OI1501
2014-06-24 09:03:00,7078,7084,7076,7078,316,191700,22353840.0,OI1501
2014-06-24 09:04:00,7078,7080,7072,7072,614,191954,43434360.0,OI1501
2014-06-24 09:05:00,7072,7078,7068,7078,998,192112,70598520.0,OI1501
2014-06-24 09:06:00,7074,7078,7072,7072,338,192156,23910120.0,OI1501
2014-06-24 09:07:00,7076,7078,7074,7076,846,192242,59846040.0,OI1501
2014-06-24 09:08:00,7076,7078,7066,7066,486,192414,34379640.0,OI1501
2014-06-24 09:09:00,7066,7072,7062,7068,676,192436,47820240.0,OI1501
2014-06-24 09:10:00,7068,7068,7062,7064,250,192420,17685000.0,OI1501
2014-06-24 09:11:00,7064,7066,7060,7062,558,192362,39467000.0,OI1501
2014-06-24 09:12:00,7062,7064,7054,7056,1690,192810,119505280.0,OI1501
2014-06-24 09:13:00,7056,7058,7054,7054,686,192804,48500200.0,OI1501
2014-06-24 09:14:00,7054,7062,7054,7056,450,192730,31808440.0,OI1501
2014-06-24 09:15:00,7054,7054,7050,7054,396,192684,27989280.0,OI1501
2014-06-24 09:16:00,7054,7062,7052,7058,530,192892,37460400.0,OI1501
2014-06-24 09:17:00,7060,7064,7060,7062,214,192856,15125520.0,OI1501
2014-06-24 09:18:00,7062,7062,7062,7062,52,192854,3675360.0,OI1501
2014-06-24 09:19:00,7062,7062,7060,7060,130,192840,9188400.0,OI1501
2014-06-24 09:20:00,7058,7062,7056,7060,604,192968,42687920.0,OI1501
2014-06-24 09:21:00,7060,7060,7056,7056,358,192974,25296280.0,OI1501
2014-06-24 09:22:00,7058,7058,7054,7058,374,192952,26426840.0,OI1501
2014-06-24 09:23:00,7056,7058,7056,7058,118,192970,8337880.0,OI1501
2014-06-24 09:24:00,7058,7062,7058,7060,92,192942,6500720.0,OI1501
2014-06-24 09:25:00,7060,7064,7060,7062,150,192912,10599000.0,OI1501
2014-06-24 09:26:00,7064,7070,7062,7068,598,193130,42254680.0,OI1501
2014-06-24 09:27:00,7068,7076,7068,7074,926,193316,65431160.0,OI1501
2014-06-24 09:28:00,7074,7080,7072,7080,980,193256,69255880.0,OI1501
2014-06-24 09:29:00,7080,7096,7080,7096,1768,193152,124968600.0,OI1501
2014-06-24 09:30:00,7094,7098,7088,7088,1978,192820,139860880.0,OI1501
2014-06-24 09:31:00,7088,7090,7080,7086,648,192812,45826560.0,OI1501
2014-06-24 09:32:00,7086,7086,7084,7086,158,192838,11173760.0,OI1501
2014-06-24 09:33:00,7086,7092,7086,7088,744,192908,52619320.0,OI1501
2014-06-24 09:34:00,7088,7090,7082,7084,668,193034,47254320.0,OI1501
2014-06-24 09:35:00,7086,7086,7082,7082,382,193186,27022680.0,OI1501
2014-06-24 09:36:00,7082,7090,7082,7090,544,193250,38482560.0,OI1501
2014-06-24 09:37:00,7092,7092,7086,7088,198,193342,14006520.0,OI1501
2014-06-24 09:38:00,7088,7088,7084,7088,524,193464,37067760.0,OI1501
2014-06-24 09:39:00,7088,7092,7088,7092,220,193504,15562800.0,OI1501
2014-06-24 09:40:00,7092,7092,7088,7088,626,193482,44283240.0,OI1501
2014-06-24 09:41:00,7088,7088,7086,7088,160,193500,11321480.0,OI1501
2014-06-24 09:42:00,7088,7094,7088,7090,416,193492,29436160.0,OI1501
2014-06-24 09:43:00,7090,7096,7090,7092,550,193552,38918000.0,OI1501
2014-06-24 09:44:00,7094,7098,7092,7096,540,193636,38210400.0,OI1501
2014-06-24 09:45:00,7098,7102,7098,7102,1124,193888,79538400.0,OI1501
2014-06-24 09:46:00,7100,7106,7098,7104,766,193858,54217480.0,OI1501
2014-06-24 09:47:00,7104,7112,7102,7112,1414,194090,100088120.0,OI1501
2014-06-24 09:48:00,7110,7112,7098,7100,980,194134,69384000.0,OI1501
2014-06-24 09:49:00,7098,7114,7098,7112,1054,194292,74626080.0,OI1501
2014-06-24 09:50:00,7114,7114,7108,7112,810,194374,57364200.0,OI1501
2014-06-24 09:51:00,7108,7112,7106,7108,332,194356,23512240.0,OI1501
2014-06-24 09:52:00,7108,7114,7108,7114,1054,194170,74647960.0,OI1501
2014-06-24 09:53:00,7112,7114,7106,7108,944,194182,66872960.0,OI1501
2014-06-24 09:54:00,7108,7110,7106,7108,450,194386,31878000.0,OI1501
2014-06-24 09:55:00,7106,7108,7106,7108,244,194476,17284960.0,OI1501
2014-06-24 09:56:00,7106,7108,7106,7108,134,194462,9492560.0,OI1501
2014-06-24 09:57:00,7106,7110,7104,7108,354,194416,25077360.0,OI1501
2014-06-24 09:58:00,7108,7110,7106,7106,154,194474,10909360.0,OI1501
2014-06-24 09:59:00,7106,7108,7104,7108,326,194356,23093840.0,OI1501
2014-06-24 10:00:00,7110,7114,7108,7112,186,194434,13179960.0,OI1501
2014-06-24 10:01:00,7112,7114,7110,7112,258,194552,18281880.0,OI1501
2014-06-24 10:02:00,7112,7112,7108,7110,346,194728,24517560.0,OI1501
2014-06-24 10:03:00,7110,7118,7110,7118,970,194742,68734200.0,OI1501
2014-06-24 10:04:00,7118,7118,7114,7114,644,194780,45633840.0,OI1501
2014-06-24 10:05:00,7116,7118,7112,7112,600,194914,42523440.0,OI1501
2014-06-24 10:06:00,7112,7112,7108,7108,244,194812,17294720.0,OI1501
2014-06-24 10:07:00,7106,7110,7106,7110,224,194814,15877120.0,OI1501
2014-06-24 10:08:00,7110,7110,7108,7110,70,194822,4961600.0,OI1501
2014-06-24 10:09:00,7110,7114,7106,7108,820,195006,58121600.0,OI1501
2014-06-24 10:10:00,7108,7112,7100,7102,836,194728,59255680.0,OI1501
2014-06-24 10:11:00,7102,7106,7100,7102,528,194754,37424640.0,OI1501
2014-06-24 10:12:00,7102,7104,7100,7102,434,194656,30761920.0,OI1501
2014-06-24 10:13:00,7100,7102,7100,7100,142,194638,10064960.0,OI1501
2014-06-24 10:14:00,7102,7106,7102,7104,454,194484,32179520.0,OI1501
2014-06-24 10:30:00,7104,7104,7092,7094,638,194336,45230680.0,OI1501
2014-06-24 10:31:00,7094,7096,7090,7092,524,194122,37151600.0,OI1501
2014-06-24 10:32:00,7092,7096,7092,7096,426,194146,30203400.0,OI1501
2014-06-24 10:33:00,7094,7094,7092,7092,216,194092,15314400.0,OI1501
2014-06-24 10:34:00,7090,7094,7088,7092,276,193972,19568400.0,OI1501
2014-06-24 10:35:00,7090,7092,7088,7090,398,194114,28218200.0,OI1501
2014-06-24 10:36:00,7092,7094,7088,7092,190,194080,13471000.0,OI1501
2014-06-24 10:37:00,7092,7092,7090,7092,198,194130,14038200.0,OI1501
2014-06-24 10:38:00,7092,7094,7090,7092,76,194160,5388400.0,OI1501
2014-06-24 10:39:00,7094,7094,7090,7090,406,194028,28785400.0,OI1501
2014-06-24 10:40:00,7092,7094,7090,7092,458,194042,32472200.0,OI1501
2014-06-24 10:41:00,7090,7094,7090,7092,134,193986,9500600.0,OI1501
2014-06-24 10:42:00,7092,7094,7092,7094,386,194116,27367400.0,OI1501
2014-06-24 10:43:00,7096,7104,7096,7102,374,194118,26516600.0,OI1501
2014-06-24 10:44:00,7100,7108,7098,7108,350,194100,24815000.0,OI1501
2014-06-24 10:45:00,7108,7110,7106,7106,686,194134,48637400.0,OI1501
2014-06-24 10:46:00,7106,7106,7104,7106,170,194144,12053000.0,OI1501
2014-06-24 10:47:00,7106,7106,7104,7104,166,194210,11769400.0,OI1501
2014-06-24 10:48:00,7104,7108,7102,7102,518,194350,36726200.0,OI1501
2014-06-24 10:49:00,7102,7104,7102,7104,106,194310,7515400.0,OI1501
2014-06-24 10:50:00,7106,7112,7106,7110,382,194408,27083800.0,OI1501
2014-06-24 10:51:00,7110,7112,7108,7110,436,194480,30912400.0,OI1501
2014-06-24 10:52:00,7110,7116,7108,7114,412,194538,29210800.0,OI1501
2014-06-24 10:53:00,7114,7120,7114,7118,2232,195038,158278680.0,OI1501
2014-06-24 10:54:00,7116,7120,7112,7112,448,194960,31772160.0,OI1501
2014-06-24 10:55:00,7114,7114,7110,7114,440,195016,31204800.0,OI1501
2014-06-24 10:56:00,7112,7114,7112,7112,228,194864,16169760.0,OI1501
2014-06-24 10:57:00,7112,7114,7108,7110,424,194742,30070080.0,OI1501
2014-06-24 10:58:00,7110,7114,7110,7114,262,194594,18581040.0,OI1501
2014-06-24 10:59:00,7112,7114,7110,7112,374,194502,26524080.0,OI1501
2014-06-24 11:00:00,7110,7114,7110,7112,316,194468,22410720.0,OI1501
2014-06-24 11:01:00,7112,7112,7112,7112,226,194456,16027920.0,OI1501
2014-06-24 11:02:00,7112,7112,7108,7110,268,194496,19006560.0,OI1501
2014-06-24 11:03:00,7108,7110,7108,7108,148,194486,10496160.0,OI1501
2014-06-24 11:04:00,7108,7112,7108,7110,346,194458,24540360.0,OI1501
2014-06-24 11:05:00,7108,7108,7106,7108,146,194506,10357240.0,OI1501
2014-06-24 11:06:00,7108,7110,7106,7110,190,194524,13478600.0,OI1501
2014-06-24 11:07:00,7110,7112,7110,7110,50,194520,3547000.0,OI1501
2014-06-24 11:08:00,7110,7116,7110,7116,198,194482,14046120.0,OI1501
2014-06-24 11:09:00,7116,7118,7114,7118,134,194512,9505960.0,OI1501
2014-06-24 11:10:00,7118,7120,7114,7116,346,194596,24545240.0,OI1501
2014-06-24 11:11:00,7116,7116,7114,7114,94,194624,6668360.0,OI1501
2014-06-24 11:12:00,7114,7116,7112,7116,132,194614,9364080.0,OI1501
2014-06-24 11:13:00,7116,7120,7116,7116,476,194704,33767440.0,OI1501
2014-06-24 11:14:00,7116,7120,7116,7118,302,194896,21423880.0,OI1501
2014-06-24 11:15:00,7116,7120,7114,7118,718,195226,50934920.0,OI1501
2014-06-24 11:16:00,7118,7120,7114,7114,274,195306,19437560.0,OI1501
2014-06-24 11:17:00,7114,7116,7112,7116,564,195268,40010160.0,OI1501
2014-06-24 11:18:00,7114,7114,7112,7112,210,195286,14897400.0,OI1501
2014-06-24 11:19:00,7112,7116,7112,7114,84,195298,5958960.0,OI1501
2014-06-24 11:20:00,7116,7116,7114,7114,34,195298,2411960.0,OI1501
2014-06-24 11:21:00,7114,7114,7114,7114,44,195322,3121360.0,OI1501
2014-06-24 11:22:00,7114,7114,7114,7114,76,195386,5391440.0,OI1501
2014-06-24 11:23:00,7114,7116,7114,7114,102,195444,7235880.0,OI1501
2014-06-24 11:24:00,7114,7114,7114,7114,162,195494,11492280.0,OI1501
2014-06-24 11:25:00,7112,7112,7110,7112,324,195476,22984560.0,OI1501
2014-06-24 11:26:00,7112,7112,7110,7112,270,195654,19153800.0,OI1501
2014-06-24 11:27:00,7114,7114,7112,7114,274,195868,19437560.0,OI1501
2014-06-24 11:28:00,7114,7114,7112,7114,86,195908,6100840.0,OI1501
2014-06-24 11:29:00,7114,7116,7110,7114,380,195870,26958520.0,OI1501
2014-06-24 13:30:00,7112,7112,7108,7110,358,195942,25403680.0,OI1501
2014-06-24 13:31:00,7112,7112,7106,7106,386,195904,27390560.0,OI1501
2014-06-24 13:32:00,7106,7106,7100,7104,426,196018,30228960.0,OI1501
2014-06-24 13:33:00,7104,7104,7100,7102,292,196194,20720320.0,OI1501
2014-06-24 13:34:00,7102,7104,7100,7104,622,196046,44137120.0,OI1501
2014-06-24 13:35:00,7102,7102,7100,7102,236,195984,16746560.0,OI1501
2014-06-24 13:36:00,7102,7102,7100,7102,174,196066,12347040.0,OI1501
2014-06-24 13:37:00,7104,7106,7104,7104,104,196052,7379840.0,OI1501
2014-06-24 13:38:00,7106,7108,7106,7106,174,196034,12347040.0,OI1501
2014-06-24 13:39:00,7106,7106,7104,7104,256,196056,18165760.0,OI1501
2014-06-24 13:40:00,7104,7104,7102,7102,142,196100,10076320.0,OI1501
2014-06-24 13:41:00,7102,7102,7100,7100,166,196196,11779360.0,OI1501
2014-06-24 13:42:00,7100,7102,7094,7096,576,196140,40872960.0,OI1501
2014-06-24 13:43:00,7096,7102,7096,7102,302,196224,21429920.0,OI1501
2014-06-24 13:44:00,7102,7102,7092,7092,708,196302,50239680.0,OI1501
2014-06-24 13:45:00,7094,7102,7094,7102,868,196264,61593280.0,OI1501
2014-06-24 13:46:00,7102,7102,7100,7102,410,196382,29093600.0,OI1501
2014-06-24 13:47:00,7102,7106,7100,7102,480,196492,34060800.0,OI1501
2014-06-24 13:48:00,7102,7104,7102,7102,202,196588,14333920.0,OI1501
2014-06-24 13:49:00,7102,7104,7098,7098,360,196462,25545600.0,OI1501
2014-06-24 13:50:00,7098,7098,7094,7098,198,196396,14050080.0,OI1501
2014-06-24 13:51:00,7098,7098,7094,7094,416,196408,29519360.0,OI1501
2014-06-24 13:52:00,7094,7096,7092,7096,336,196344,23842560.0,OI1501
2014-06-24 13:53:00,7094,7096,7092,7094,506,196318,35905760.0,OI1501
2014-06-24 13:54:00,7094,7098,7094,7096,160,196362,11353600.0,OI1501
2014-06-24 13:55:00,7096,7096,7094,7096,52,196390,3689920.0,OI1501
2014-06-24 13:56:00,7094,7096,7094,7096,128,196408,9082880.0,OI1501
2014-06-24 13:57:00,7094,7098,7094,7098,46,196392,3264160.0,OI1501
2014-06-24 13:58:00,7098,7100,7098,7100,148,196474,10502080.0,OI1501
2014-06-24 13:59:00,7100,7104,7098,7102,270,196298,19159200.0,OI1501
2014-06-24 14:00:00,7104,7108,7102,7102,218,196296,15469280.0,OI1501
2014-06-24 14:01:00,7102,7102,7096,7098,214,196390,15185440.0,OI1501
2014-06-24 14:02:00,7098,7098,7096,7096,232,196484,16462720.0,OI1501
2014-06-24 14:03:00,7096,7098,7096,7098,42,196478,2980320.0,OI1501
2014-06-24 14:04:00,7098,7100,7098,7100,180,196478,12772800.0,OI1501
2014-06-24 14:05:00,7102,7104,7102,7102,312,196436,22139520.0,OI1501
2014-06-24 14:06:00,7100,7102,7100,7102,28,196438,1986880.0,OI1501
2014-06-24 14:07:00,7102,7102,7102,7102,24,196440,1703040.0,OI1501
2014-06-24 14:08:00,7102,7104,7102,7102,80,196436,5676800.0,OI1501
2014-06-24 14:09:00,7102,7102,7100,7102,54,196430,3831840.0,OI1501
2014-06-24 14:10:00,7104,7104,7104,7104,44,196422,3122240.0,OI1501
2014-06-24 14:11:00,7102,7104,7102,7104,20,196420,1419200.0,OI1501
2014-06-24 14:12:00,7104,7104,7102,7102,122,196436,8657120.0,OI1501
2014-06-24 14:13:00,7102,7102,7100,7100,70,196446,4967200.0,OI1501
2014-06-24 14:14:00,7102,7102,7100,7100,110,196414,7805600.0,OI1501
2014-06-24 14:15:00,7098,7102,7098,7102,48,196384,3406080.0,OI1501
2014-06-24 14:16:00,7102,7104,7098,7098,266,196276,18875360.0,OI1501
2014-06-24 14:17:00,7098,7100,7094,7096,392,196262,27816320.0,OI1501
2014-06-24 14:18:00,7096,7098,7092,7096,258,196190,18307680.0,OI1501
2014-06-24 14:19:00,7096,7100,7096,7100,486,196142,34486560.0,OI1501
2014-06-24 14:20:00,7098,7098,7096,7098,216,196042,15327360.0,OI1501
2014-06-24 14:21:00,7098,7098,7096,7096,120,195952,8515200.0,OI1501
2014-06-24 14:22:00,7096,7100,7096,7098,174,195926,12347040.0,OI1501
2014-06-24 14:23:00,7098,7100,7098,7098,58,195912,4115680.0,OI1501
2014-06-24 14:24:00,7098,7100,7098,7100,88,195870,6244480.0,OI1501
2014-06-24 14:25:00,7100,7102,7098,7098,46,195870,3264160.0,OI1501
2014-06-24 14:26:00,7100,7100,7098,7098,26,195860,1844960.0,OI1501
2014-06-24 14:27:00,7096,7098,7094,7098,122,195906,8657120.0,OI1501
2014-06-24 14:28:00,7096,7096,7094,7094,66,195914,4683360.0,OI1501
2014-06-24 14:29:00,7094,7096,7094,7094,78,195904,5534880.0,OI1501
2014-06-24 14:30:00,7092,7096,7092,7096,96,195916,6812160.0,OI1501
2014-06-24 14:31:00,7096,7096,7094,7094,30,195930,2128800.0,OI1501
2014-06-24 14:32:00,7096,7096,7096,7096,100,195898,7096000.0,OI1501
2014-06-24 14:33:00,7098,7098,7096,7096,66,195862,4683360.0,OI1501
2014-06-24 14:34:00,7098,7102,7096,7102,190,195774,13482400.0,OI1501
2014-06-24 14:35:00,7102,7104,7100,7100,216,195816,15327360.0,OI1501
2014-06-24 14:36:00,7100,7100,7098,7098,206,195850,14617760.0,OI1501
2014-06-24 14:37:00,7096,7104,7096,7100,362,195944,25687520.0,OI1501
2014-06-24 14:38:00,7100,7102,7100,7100,144,195970,10218240.0,OI1501
2014-06-24 14:39:00,7100,7100,7098,7100,156,195962,11069760.0,OI1501
2014-06-24 14:40:00,7098,7100,7096,7098,260,195982,18449600.0,OI1501
2014-06-24 14:41:00,7098,7098,7098,7098,22,195986,1561120.0,OI1501
2014-06-24 14:42:00,7098,7098,7098,7098,70,195984,4967200.0,OI1501
2014-06-24 14:43:00,7098,7098,7096,7096,20,195982,1419200.0,OI1501
2014-06-24 14:44:00,7096,7098,7090,7092,636,195958,45130560.0,OI1501
2014-06-24 14:45:00,7092,7092,7090,7092,262,196018,18591520.0,OI1501
2014-06-24 14:46:00,7092,7092,7090,7092,128,196056,9082880.0,OI1501
2014-06-24 14:47:00,7092,7092,7088,7090,140,196138,9934400.0,OI1501
2014-06-24 14:48:00,7088,7090,7082,7084,934,196102,66276640.0,OI1501
2014-06-24 14:49:00,7082,7084,7080,7080,822,195914,58329120.0,OI1501
2014-06-24 14:50:00,7080,7084,7078,7082,660,195826,46833600.0,OI1501
2014-06-24 14:51:00,7082,7084,7082,7082,156,195850,11069760.0,OI1501
2014-06-24 14:52:00,7082,7084,7078,7078,462,196010,32783520.0,OI1501
2014-06-24 14:53:00,7078,7084,7078,7080,536,195884,38034560.0,OI1501
2014-06-24 14:54:00,7082,7084,7080,7082,292,195814,20720320.0,OI1501
2014-06-24 14:55:00,7082,7086,7082,7086,572,195572,40589120.0,OI1501
2014-06-24 14:56:00,7084,7092,7084,7092,790,195746,56058400.0,OI1501
2014-06-24 14:57:00,7092,7092,7090,7092,590,195698,41866400.0,OI1501
2014-06-24 14:58:00,7090,7092,7088,7090,636,195636,45130560.0,OI1501
2014-06-24 14:59:00,7090,7092,7088,7092,646,195844,45840160.0,OI1501
2014-06-25 09:00:00,7118,7130,7114,7124,4368,196110,310979280.0,OI1501
2014-06-25 09:01:00,7122,7136,7122,7132,1558,196268,110972360.0,OI1501
2014-06-25 09:02:00,7132,7132,7124,7126,614,196362,43741360.0,OI1501
2014-06-25 09:03:00,7124,7126,7120,7122,494,196314,35192560.0,OI1501
2014-06-25 09:04:00,7122,7122,7116,7118,662,196390,47160880.0,OI1501
2014-06-25 09:05:00,7118,7122,7118,7120,422,196160,30063280.0,OI1501
2014-06-25 09:06:00,7120,7124,7120,7120,548,196284,39039520.0,OI1501
2014-06-25 09:07:00,7120,7124,7120,7122,454,196380,32342960.0,OI1501
2014-06-25 09:08:00,7124,7130,7122,7130,736,196378,52432640.0,OI1501
2014-06-25 09:09:00,7132,7144,7130,7138,1386,196388,98749800.0,OI1501
2014-06-25 09:10:00,7140,7144,7138,7138,726,196356,51734760.0,OI1501
2014-06-25 09:11:00,7138,7140,7136,7138,328,196364,23375800.0,OI1501
2014-06-25 09:12:00,7138,7140,7132,7134,502,196358,35782560.0,OI1501
2014-06-25 09:13:00,7134,7134,7132,7132,466,196196,33216480.0,OI1501
2014-06-25 09:14:00,7132,7132,7128,7132,352,196224,25090560.0,OI1501
2014-06-25 09:15:00,7134,7136,7132,7132,172,196290,12260160.0,OI1501
2014-06-25 09:16:00,7136,7136,7132,7136,138,196334,9836640.0,OI1501
2014-06-25 09:17:00,7132,7138,7132,7138,596,196454,42482880.0,OI1501
2014-06-25 09:18:00,7136,7136,7134,7134,172,196460,12260160.0,OI1501
2014-06-25 09:19:00,7136,7138,7136,7138,404,196606,28797120.0,OI1501
2014-06-25 09:20:00,7136,7138,7134,7134,84,196594,5987520.0,OI1501
2014-06-25 09:21:00,7134,7138,7134,7138,238,196602,16964640.0,OI1501
2014-06-25 09:22:00,7138,7138,7136,7138,146,196620,10406880.0,OI1501
2014-06-25 09:23:00,7136,7138,7136,7138,352,196808,25094040.0,OI1501
2014-06-25 09:24:00,7138,7138,7134,7134,504,197070,35935200.0,OI1501
2014-06-25 09:25:00,7134,7138,7132,7136,216,197014,15400800.0,OI1501
2014-06-25 09:26:00,7138,7142,7138,7138,388,197176,27664400.0,OI1501
2014-06-25 09:27:00,7138,7144,7138,7144,356,197340,25382800.0,OI1501
2014-06-25 09:28:00,7142,7146,7138,7146,570,197550,40641000.0,OI1501
2014-06-25 09:29:00,7146,7146,7140,7142,506,197652,36077800.0,OI1501
2014-06-25 09:30:00,7144,7148,7140,7148,886,197460,63181480.0,OI1501
2014-06-25 09:31:00,7146,7150,7146,7150,686,197612,48925520.0,OI1501
2014-06-25 09:32:00,7148,7148,7140,7142,428,197686,30524960.0,OI1501
2014-06-25 09:33:00,7140,7142,7140,7140,408,197560,29098560.0,OI1501
2014-06-25 09:34:00,7140,7148,7140,7146,308,197650,21966560.0,OI1501
2014-06-25 09:35:00,7146,7148,7144,7144,352,197772,25104640.0,OI1501
2014-06-25 09:36:00,7144,7144,7136,7138,808,197828,57636360.0,OI1501
2014-06-25 09:37:00,7138,7140,7132,7138,902,198078,64348680.0,OI1501
2014-06-25 09:38:00,7138,7142,7138,7142,170,198034,12127800.0,OI1501
2014-06-25 09:39:00,7140,7140,7140,7140,68,198020,4851120.0,OI1501
2014-06-25 09:40:00,7140,7140,7140,7140,50,198014,3567000.0,OI1501
2014-06-25 09:41:00,7140,7142,7140,7142,122,198018,8703480.0,OI1501
2014-06-25 09:42:00,7142,7142,7142,7142,14,198018,998760.0,OI1501
2014-06-25 09:43:00,7142,7146,7142,7144,252,198022,17977680.0,OI1501
2014-06-25 09:44:00,7144,7144,7142,7144,138,198036,9844920.0,OI1501
2014-06-25 09:45:00,7144,7144,7140,7140,330,198100,23542200.0,OI1501
2014-06-25 09:46:00,7140,7148,7138,7144,718,198502,51222120.0,OI1501
2014-06-25 09:47:00,7144,7148,7144,7146,384,198522,27394560.0,OI1501
2014-06-25 09:48:00,7148,7148,7146,7148,232,198542,16550880.0,OI1501
2014-06-25 09:49:00,7148,7154,7148,7152,966,198574,68914440.0,OI1501
2014-06-25 09:50:00,7154,7156,7150,7156,976,198886,69645760.0,OI1501
2014-06-25 09:51:00,7154,7156,7152,7154,748,199216,53377280.0,OI1501
2014-06-25 09:52:00,7152,7158,7152,7158,854,199216,60941440.0,OI1501
2014-06-25 09:53:00,7158,7158,7154,7154,350,199382,24976000.0,OI1501
2014-06-25 09:54:00,7154,7156,7154,7154,376,199450,26835880.0,OI1501
2014-06-25 09:55:00,7154,7156,7152,7154,468,199464,33405840.0,OI1501
2014-06-25 09:56:00,7154,7154,7148,7154,1698,199698,121203240.0,OI1501
2014-06-25 09:57:00,7154,7156,7150,7154,444,199752,31692720.0,OI1501
2014-06-25 09:58:00,7154,7166,7154,7164,1602,200320,114362800.0,OI1501
2014-06-25 09:59:00,7164,7164,7160,7164,414,200372,29559600.0,OI1501
2014-06-25 10:00:00,7164,7178,7164,7170,2766,201356,197516600.0,OI1501
2014-06-25 10:01:00,7170,7172,7166,7166,1098,201840,78419160.0,OI1501
2014-06-25 10:02:00,7166,7168,7162,7164,402,201820,28712720.0,OI1501
2014-06-25 10:03:00,7166,7166,7158,7160,774,201988,55294560.0,OI1501
2014-06-25 10:04:00,7158,7162,7158,7158,646,202070,46150240.0,OI1501
2014-06-25 10:05:00,7158,7160,7154,7160,434,201986,31004960.0,OI1501
2014-06-25 10:06:00,7158,7158,7152,7152,890,202160,63581600.0,OI1501
2014-06-25 10:07:00,7154,7156,7152,7152,360,202228,25718400.0,OI1501
2014-06-25 10:08:00,7154,7156,7152,7156,102,202260,7286880.0,OI1501
2014-06-25 10:09:00,7154,7156,7154,7154,224,202300,16002560.0,OI1501
2014-06-25 10:10:00,7154,7156,7152,7152,370,202264,26432800.0,OI1501
2014-06-25 10:11:00,7154,7154,7150,7150,456,202208,32576640.0,OI1501
2014-06-25 10:12:00,7150,7150,7140,7144,1252,201872,89442880.0,OI1501
2014-06-25 10:13:00,7144,7146,7138,7140,636,201764,45435840.0,OI1501
2014-06-25 10:14:00,7138,7142,7130,7130,1272,201612,90871680.0,OI1501
2014-06-25 10:30:00,7132,7138,7130,7134,1032,201464,73726080.0,OI1501
2014-06-25 10:31:00,7134,7138,7132,7138,668,201108,47721920.0,OI1501
2014-06-25 10:32:00,7136,7142,7134,7138,872,201110,62295680.0,OI1501
2014-06-25 10:33:00,7136,7140,7136,7138,354,201118,25289760.0,OI1501
2014-06-25 10:34:00,7138,7138,7136,7138,288,201118,20574720.0,OI1501
2014-06-25 10:35:00,7138,7140,7132,7134,258,201144,18431520.0,OI1501
2014-06-25 10:36:00,7132,7134,7130,7132,606,201334,43292640.0,OI1501
2014-06-25 10:37:00,7132,7134,7130,7132,102,201358,7286880.0,OI1501
2014-06-25 10:38:00,7132,7136,7130,7130,312,201332,22289280.0,OI1501
2014-06-25 10:39:00,7132,7132,7128,7130,212,201392,15145280.0,OI1501
2014-06-25 10:40:00,7128,7130,7128,7130,142,201450,10144480.0,OI1501
2014-06-25 10:41:00,7130,7130,7126,7128,256,201380,18288640.0,OI1501
2014-06-25 10:42:00,7128,7132,7128,7132,378,201342,27004320.0,OI1501
2014-06-25 10:43:00,7132,7134,7130,7132,130,201352,9287200.0,OI1501
2014-06-25 10:44:00,7132,7136,7132,7134,306,201362,21860640.0,OI1501
2014-06-25 10:45:00,7134,7134,7128,7130,246,201338,17573480.0,OI1501
2014-06-25 10:46:00,7128,7132,7128,7132,224,201266,15998080.0,OI1501
2014-06-25 10:47:00,7132,7132,7130,7130,150,201234,10713000.0,OI1501
2014-06-25 10:48:00,7130,7132,7128,7132,322,201110,22997240.0,OI1501
2014-06-25 10:49:00,7132,7132,7132,7132,270,201128,19283400.0,OI1501
2014-06-25 10:50:00,7132,7132,7130,7132,36,201136,2571120.0,OI1501
2014-06-25 10:51:00,7130,7134,7130,7134,18,201130,1285560.0,OI1501
2014-06-25 10:52:00,7132,7134,7130,7130,210,201202,14998200.0,OI1501
2014-06-25 10:53:00,7130,7132,7130,7130,76,201188,5427920.0,OI1501
2014-06-25 10:54:00,7128,7130,7126,7126,126,201172,8998920.0,OI1501
2014-06-25 10:55:00,7128,7128,7120,7120,738,201026,52707960.0,OI1501
2014-06-25 10:56:00,7122,7124,7120,7120,508,201070,36281360.0,OI1501
2014-06-25 10:57:00,7122,7122,7120,7122,144,201112,10284480.0,OI1501
2014-06-25 10:58:00,7120,7128,7120,7128,298,201146,21283160.0,OI1501
2014-06-25 10:59:00,7128,7132,7128,7130,470,201168,33567400.0,OI1501
2014-06-25 11:00:00,7128,7128,7126,7128,190,201108,13569800.0,OI1501
2014-06-25 11:01:00,7128,7128,7126,7128,36,201110,2571120.0,OI1501
2014-06-25 11:02:00,7126,7126,7122,7124,134,201072,9570280.0,OI1501
2014-06-25 11:03:00,7124,7126,7120,7122,172,200964,12284240.0,OI1501
2014-06-25 11:04:00,7124,7126,7122,7126,194,200858,13855480.0,OI1501
2014-06-25 11:05:00,7126,7126,7124,7124,28,200836,1999760.0,OI1501
2014-06-25 11:06:00,7124,7126,7124,7124,116,200820,8284720.0,OI1501
2014-06-25 11:07:00,7122,7122,7096,7110,2514,200616,179513760.0,OI1501
2014-06-25 11:08:00,7110,7114,7102,7110,1066,200594,76112400.0,OI1501
2014-06-25 11:09:00,7108,7120,7106,7120,540,200528,38556000.0,OI1501
2014-06-25 11:10:00,7118,7118,7106,7112,434,200566,30987600.0,OI1501
2014-06-25 11:11:00,7114,7116,7112,7112,344,200642,24561600.0,OI1501
2014-06-25 11:12:00,7112,7114,7106,7106,348,200558,24847000.0,OI1501
2014-06-25 11:13:00,7106,7112,7106,7112,510,200562,36403800.0,OI1501
2014-06-25 11:14:00,7112,7118,7106,7114,766,200640,54677080.0,OI1501
2014-06-25 11:15:00,7114,7114,7106,7106,736,200394,52535680.0,OI1501
2014-06-25 11:16:00,7106,7110,7102,7102,352,200418,25125760.0,OI1501
2014-06-25 11:17:00,7104,7104,7092,7096,964,200588,68810320.0,OI1501
2014-06-25 11:18:00,7098,7098,7086,7088,1404,200706,100198120.0,OI1501
2014-06-25 11:19:00,7090,7094,7074,7074,1642,201174,117173120.0,OI1501
2014-06-25 11:20:00,7076,7084,7076,7084,894,201094,63782800.0,OI1501
2014-06-25 11:21:00,7084,7086,7078,7078,610,200770,43517400.0,OI1501
2014-06-25 11:22:00,7078,7086,7078,7086,820,200688,58498800.0,OI1501
2014-06-25 11:23:00,7084,7086,7080,7082,316,200624,22543440.0,OI1501
2014-06-25 11:24:00,7082,7086,7082,7084,142,200638,10130280.0,OI1501
2014-06-25 11:25:00,7082,7086,7080,7086,474,200754,33808880.0,OI1501
2014-06-25 11:26:00,7088,7088,7082,7084,432,200800,30810240.0,OI1501
2014-06-25 11:27:00,7086,7086,7082,7084,544,201078,38798080.0,OI1501
2014-06-25 11:28:00,7082,7084,7082,7084,80,201078,5705600.0,OI1501
2014-06-25 11:29:00,7084,7084,7080,7084,264,200954,18828480.0,OI1501
2014-06-25 13:30:00,7084,7086,7080,7084,2646,202774,188667520.0,OI1501
2014-06-25 13:31:00,7086,7086,7078,7080,1552,203426,110657600.0,OI1501
2014-06-25 13:32:00,7080,7084,7078,7084,528,203398,37641640.0,OI1501
2014-06-25 13:33:00,7082,7084,7082,7084,356,203352,25375680.0,OI1501
2014-06-25 13:34:00,7084,7086,7084,7086,198,203360,14113440.0,OI1501
2014-06-25 13:35:00,7086,7090,7086,7088,398,203382,28369440.0,OI1501
2014-06-25 13:36:00,7088,7088,7084,7086,242,203576,17249760.0,OI1501
2014-06-25 13:37:00,7086,7092,7086,7092,214,203532,15253920.0,OI1501
2014-06-25 13:38:00,7090,7092,7088,7088,270,203706,19245600.0,OI1501
2014-06-25 13:39:00,7086,7090,7086,7086,110,203712,7840800.0,OI1501
2014-06-25 13:40:00,7088,7088,7084,7084,368,203886,26231040.0,OI1501
2014-06-25 13:41:00,7084,7084,7082,7084,472,204294,33644160.0,OI1501
2014-06-25 13:42:00,7084,7084,7080,7082,194,204358,13828320.0,OI1501
2014-06-25 13:43:00,7082,7082,7080,7082,402,204538,28654560.0,OI1501
2014-06-25 13:44:00,7082,7084,7082,7084,176,204654,12545280.0,OI1501
2014-06-25 13:45:00,7084,7086,7084,7086,224,204736,15964360.0,OI1501
2014-06-25 13:46:00,7086,7086,7082,7082,418,204800,29786680.0,OI1501
2014-06-25 13:47:00,7082,7082,7076,7076,440,204730,31354400.0,OI1501
2014-06-25 13:48:00,7078,7078,7072,7076,974,204826,69407240.0,OI1501
2014-06-25 13:49:00,7076,7078,7074,7074,322,204788,22945720.0,OI1501
2014-06-25 13:50:00,7074,7078,7074,7076,294,204780,20950440.0,OI1501
2014-06-25 13:51:00,7076,7078,7074,7074,212,204816,15107120.0,OI1501
2014-06-25 13:52:00,7074,7078,7074,7078,258,204824,18385080.0,OI1501
2014-06-25 13:53:00,7080,7082,7078,7080,172,204862,12256720.0,OI1501
2014-06-25 13:54:00,7080,7086,7078,7086,246,204834,17529960.0,OI1501
2014-06-25 13:55:00,7086,7088,7086,7086,390,204616,27783600.0,OI1501
2014-06-25 13:56:00,7088,7088,7084,7084,78,204584,5556720.0,OI1501
2014-06-25 13:57:00,7086,7086,7084,7084,46,204570,3277040.0,OI1501
2014-06-25 13:58:00,7084,7086,7084,7086,448,204702,31915520.0,OI1501
2014-06-25 13:59:00,7086,7090,7086,7090,226,204710,16100240.0,OI1501
2014-06-25 14:00:00,7090,7090,7086,7086,258,204692,18379920.0,OI1501
2014-06-25 14:01:00,7086,7086,7084,7086,64,204684,4559360.0,OI1501
2014-06-25 14:02:00,7084,7086,7084,7084,14,204686,997360.0,OI1501
2014-06-25 14:03:00,7084,7084,7080,7080,690,204822,49155600.0,OI1501
2014-06-25 14:04:00,7082,7082,7080,7082,176,204780,12538240.0,OI1501
2014-06-25 14:05:00,7084,7086,7082,7086,160,204752,11398400.0,OI1501
2014-06-25 14:06:00,7086,7088,7086,7088,54,204750,3846960.0,OI1501
2014-06-25 14:07:00,7086,7088,7086,7088,30,204756,2137200.0,OI1501
2014-06-25 14:08:00,7088,7088,7086,7088,86,204740,6126640.0,OI1501
2014-06-25 14:09:00,7086,7086,7084,7084,190,204810,13535600.0,OI1501
2014-06-25 14:10:00,7084,7088,7084,7088,38,204818,2707120.0,OI1501
2014-06-25 14:11:00,7088,7088,7086,7086,16,204822,1139840.0,OI1501
2014-06-25 14:12:00,7088,7088,7086,7088,74,204822,5271760.0,OI1501
2014-06-25 14:13:00,7086,7088,7086,7086,56,204814,3989440.0,OI1501
2014-06-25 14:14:00,7086,7086,7086,7086,78,204768,5556720.0,OI1501
2014-06-25 14:15:00,7086,7086,7086,7086,40,204770,2849600.0,OI1501
2014-06-25 14:16:00,7086,7086,7084,7086,14,204774,997360.0,OI1501
2014-06-25 14:17:00,7086,7086,7086,7086,48,204762,3419520.0,OI1501
2014-06-25 14:18:00,7086,7086,7086,7086,12,204764,854880.0,OI1501
2014-06-25 14:19:00,7088,7088,7086,7086,40,204742,2849600.0,OI1501
2014-06-25 14:20:00,7086,7086,7086,7086,78,204736,5556720.0,OI1501
2014-06-25 14:21:00,7084,7088,7084,7088,220,204652,15672800.0,OI1501
2014-06-25 14:22:00,7090,7090,7088,7090,76,204628,5414240.0,OI1501
2014-06-25 14:23:00,7090,7092,7090,7092,240,204628,17097600.0,OI1501
2014-06-25 14:24:00,7090,7090,7086,7086,76,204638,5414240.0,OI1501
2014-06-25 14:25:00,7088,7088,7086,7088,78,204636,5556720.0,OI1501
2014-06-25 14:26:00,7088,7090,7088,7090,90,204658,6411600.0,OI1501
2014-06-25 14:27:00,7090,7092,7090,7090,222,204672,15815280.0,OI1501
2014-06-25 14:28:00,7090,7092,7090,7092,186,204710,13250640.0,OI1501
2014-06-25 14:29:00,7094,7096,7090,7092,180,204674,12821800.0,OI1501
2014-06-25 14:30:00,7090,7092,7086,7088,646,204770,46008120.0,OI1501
2014-06-25 14:31:00,7086,7086,7080,7080,310,204794,22078200.0,OI1501
2014-06-25 14:32:00,7080,7084,7080,7082,98,204776,6979560.0,OI1501
2014-06-25 14:33:00,7082,7088,7082,7088,106,204752,7549320.0,OI1501
2014-06-25 14:34:00,7086,7086,7084,7084,18,204750,1281960.0,OI1501
2014-06-25 14:35:00,7084,7090,7084,7088,210,204744,14956200.0,OI1501
2014-06-25 14:36:00,7088,7088,7088,7088,70,204774,4985400.0,OI1501
2014-06-25 14:37:00,7088,7088,7086,7086,40,204778,2848800.0,OI1501
2014-06-25 14:38:00,7086,7088,7086,7088,138,204732,9828360.0,OI1501
2014-06-25 14:39:00,7088,7090,7088,7090,66,204732,4700520.0,OI1501
2014-06-25 14:40:00,7090,7092,7090,7092,70,204710,4985400.0,OI1501
2014-06-25 14:41:00,7092,7092,7090,7090,14,204712,997080.0,OI1501
2014-06-25 14:42:00,7090,7090,7086,7086,152,204664,10825440.0,OI1501
2014-06-25 14:43:00,7084,7086,7084,7086,38,204664,2706360.0,OI1501
2014-06-25 14:44:00,7086,7088,7086,7086,52,204642,3703440.0,OI1501
2014-06-25 14:45:00,7086,7086,7086,7086,78,204610,5555160.0,OI1501
2014-06-25 14:46:00,7086,7086,7086,7086,98,204562,6979560.0,OI1501
2014-06-25 14:47:00,7086,7086,7084,7086,38,204562,2706360.0,OI1501
2014-06-25 14:48:00,7088,7088,7086,7086,80,204596,5697600.0,OI1501
2014-06-25 14:49:00,7086,7086,7086,7086,12,204592,854640.0,OI1501
2014-06-25 14:50:00,7086,7090,7084,7088,176,204524,12534720.0,OI1501
2014-06-25 14:51:00,7088,7090,7088,7088,118,204446,8403960.0,OI1501
2014-06-25 14:52:00,7086,7088,7086,7088,42,204454,2991240.0,OI1501
2014-06-25 14:53:00,7088,7088,7086,7088,94,204488,6694680.0,OI1501
2014-06-25 14:54:00,7088,7090,7086,7088,326,204482,23217720.0,OI1501
2014-06-25 14:55:00,7088,7090,7088,7090,216,204418,15383520.0,OI1501
2014-06-25 14:56:00,7090,7092,7088,7092,296,204398,21081120.0,OI1501
2014-06-25 14:57:00,7090,7094,7090,7090,606,204424,43159320.0,OI1501
2014-06-25 14:58:00,7092,7094,7090,7094,298,204496,21223560.0,OI1501
2014-06-25 14:59:00,7092,7094,7090,7092,496,204346,35325120.0,OI1501
2014-06-26 09:00:00,7090,7098,7086,7088,840,204332,59579840.0,OI1501
2014-06-26 09:01:00,7088,7088,7082,7084,654,204288,46364960.0,OI1501
2014-06-26 09:02:00,7084,7096,7084,7096,550,204228,38984000.0,OI1501
2014-06-26 09:03:00,7096,7102,7094,7098,744,204010,52750440.0,OI1501
2014-06-26 09:04:00,7100,7102,7092,7092,680,204026,48225600.0,OI1501
2014-06-26 09:05:00,7092,7096,7084,7086,332,204108,23545440.0,OI1501
2014-06-26 09:06:00,7084,7088,7080,7084,566,204208,40140720.0,OI1501
2014-06-26 09:07:00,7082,7086,7082,7082,282,204248,19997080.0,OI1501
2014-06-26 09:08:00,7080,7088,7080,7082,306,204240,21695400.0,OI1501
2014-06-26 09:09:00,7080,7084,7076,7082,328,204350,23255200.0,OI1501
2014-06-26 09:10:00,7082,7084,7082,7084,164,204410,11627600.0,OI1501
2014-06-26 09:11:00,7082,7086,7082,7086,204,204410,14463600.0,OI1501
2014-06-26 09:12:00,7086,7086,7084,7084,158,204376,11202200.0,OI1501
2014-06-26 09:13:00,7084,7088,7084,7088,112,204412,7940800.0,OI1501
2014-06-26 09:14:00,7088,7094,7088,7094,458,204322,32472200.0,OI1501
2014-06-26 09:15:00,7094,7094,7090,7090,138,204308,9784200.0,OI1501
2014-06-26 09:16:00,7090,7092,7088,7088,54,204310,3828600.0,OI1501
2014-06-26 09:17:00,7088,7092,7088,7092,70,204272,4963000.0,OI1501
2014-06-26 09:18:00,7090,7092,7090,7090,66,204226,4679400.0,OI1501
2014-06-26 09:19:00,7088,7088,7086,7086,158,204242,11202200.0,OI1501
2014-06-26 09:20:00,7084,7086,7084,7084,72,204264,5104800.0,OI1501
2014-06-26 09:21:00,7084,7084,7082,7084,238,204226,16874200.0,OI1501
2014-06-26 09:22:00,7086,7088,7084,7088,330,204432,23397000.0,OI1501
2014-06-26 09:23:00,7086,7088,7086,7088,84,204404,5955600.0,OI1501
2014-06-26 09:24:00,7088,7092,7088,7092,180,204480,12762000.0,OI1501
2014-06-26 09:25:00,7092,7100,7090,7100,496,204536,35166400.0,OI1501
2014-06-26 09:26:00,7100,7104,7098,7098,312,204492,22120800.0,OI1501
2014-06-26 09:27:00,7098,7108,7098,7106,310,204522,21979000.0,OI1501
2014-06-26 09:28:00,7104,7108,7100,7102,614,204594,43538440.0,OI1501
2014-06-26 09:29:00,7102,7104,7102,7104,140,204608,9928800.0,OI1501
2014-06-26 09:30:00,7104,7104,7100,7102,154,204620,10921680.0,OI1501
2014-06-26 09:31:00,7102,7106,7102,7106,234,204656,16595280.0,OI1501
2014-06-26 09:32:00,7104,7106,7096,7096,458,204568,32481360.0,OI1501
2014-06-26 09:33:00,7096,7104,7096,7104,176,204556,12481920.0,OI1501
2014-06-26 09:34:00,7104,7106,7102,7106,330,204560,23403600.0,OI1501
2014-06-26 09:35:00,7104,7104,7102,7104,590,204688,41851680.0,OI1501
2014-06-26 09:36:00,7104,7104,7100,7104,286,204714,20288840.0,OI1501
2014-06-26 09:37:00,7104,7106,7102,7102,196,204722,13904240.0,OI1501
2014-06-26 09:38:00,7102,7102,7102,7102,224,204802,15890560.0,OI1501
2014-06-26 09:39:00,7102,7104,7100,7100,186,204716,13194840.0,OI1501
2014-06-26 09:40:00,7098,7100,7096,7098,390,204464,27666600.0,OI1501
2014-06-26 09:41:00,7098,7098,7092,7094,104,204438,7377760.0,OI1501
2014-06-26 09:42:00,7094,7096,7094,7096,138,204396,9789720.0,OI1501
2014-06-26 09:43:00,7098,7098,7090,7096,482,204490,34193080.0,OI1501
2014-06-26 09:44:00,7096,7096,7094,7096,126,204556,8938440.0,OI1501
2014-06-26 09:45:00,7096,7096,7096,7096,54,204560,3830760.0,OI1501
2014-06-26 09:46:00,7096,7096,7092,7094,168,204530,11917920.0,OI1501
2014-06-26 09:47:00,7092,7094,7092,7092,30,204540,2128200.0,OI1501
2014-06-26 09:48:00,7092,7096,7092,7096,82,204544,5817080.0,OI1501
2014-06-26 09:49:00,7094,7096,7092,7094,82,204530,5817080.0,OI1501
2014-06-26 09:50:00,7094,7096,7094,7096,14,204524,993160.0,OI1501
2014-06-26 09:51:00,7096,7096,7094,7096,68,204522,4823920.0,OI1501
2014-06-26 09:52:00,7096,7096,7092,7092,46,204554,3263240.0,OI1501
2014-06-26 09:53:00,7092,7092,7090,7090,348,204348,24687120.0,OI1501
2014-06-26 09:54:00,7090,7094,7090,7094,102,204316,7235880.0,OI1501
2014-06-26 09:55:00,7092,7094,7092,7092,60,204316,4256400.0,OI1501
2014-06-26 09:56:00,7092,7094,7092,7094,44,204306,3121360.0,OI1501
2014-06-26 09:57:00,7096,7098,7094,7098,86,204248,6100840.0,OI1501
2014-06-26 09:58:00,7098,7098,7096,7098,38,204256,2695720.0,OI1501
2014-06-26 09:59:00,7098,7098,7098,7098,24,204240,1702560.0,OI1501
2014-06-26 10:00:00,7100,7102,7098,7098,170,204140,12059800.0,OI1501
2014-06-26 10:01:00,7100,7102,7100,7102,68,204084,4823920.0,OI1501
2014-06-26 10:02:00,7098,7100,7098,7098,32,204078,2270080.0,OI1501
2014-06-26 10:03:00,7096,7098,7096,7096,40,204056,2837600.0,OI1501
2014-06-26 10:04:00,7096,7096,7094,7094,96,204048,6810240.0,OI1501
2014-06-26 10:05:00,7094,7096,7094,7096,74,204056,5249560.0,OI1501
2014-06-26 10:06:00,7096,7096,7094,7094,72,204100,5107680.0,OI1501
2014-06-26 10:07:00,7096,7098,7096,7096,50,204110,3547000.0,OI1501
2014-06-26 10:08:00,7096,7098,7096,7096,12,204108,851280.0,OI1501
2014-06-26 10:09:00,7098,7100,7096,7100,344,203826,24403360.0,OI1501
2014-06-26 10:10:00,7100,7100,7098,7100,62,203820,4398280.0,OI1501
2014-06-26 10:11:00,7100,7100,7094,7096,210,203866,14897400.0,OI1501
2014-06-26 10:12:00,7098,7098,7096,7096,16,203850,1135040.0,OI1501
2014-06-26 10:13:00,7096,7098,7094,7096,84,203804,5958960.0,OI1501
2014-06-26 10:14:00,7096,7098,7096,7096,20,203808,1418800.0,OI1501
2014-06-26 10:30:00,7098,7098,7096,7098,14,203806,993160.0,OI1501
2014-06-26 10:31:00,7096,7098,7096,7098,32,203788,2270080.0,OI1501
2014-06-26 10:32:00,7098,7100,7098,7098,70,203762,4965800.0,OI1501
2014-06-26 10:33:00,7098,7100,7098,7100,16,203760,1135040.0,OI1501
2014-06-26 10:34:00,7100,7100,7100,7100,2,203758,141880.0,OI1501
2014-06-26 10:35:00,7098,7100,7098,7100,200,203748,14188000.0,OI1501
2014-06-26 10:36:00,7098,7098,7096,7098,92,203746,6526480.0,OI1501
2014-06-26 10:37:00,7096,7098,7096,7098,68,203716,4823920.0,OI1501
2014-06-26 10:38:00,7096,7096,7096,7096,30,203712,2128200.0,OI1501
2014-06-26 10:39:00,7098,7102,7098,7102,426,203714,30220440.0,OI1501
2014-06-26 10:40:00,7102,7104,7100,7100,60,203706,4256400.0,OI1501
2014-06-26 10:41:00,7100,7100,7100,7100,36,203702,2553840.0,OI1501
2014-06-26 10:42:00,7100,7100,7096,7098,40,203698,2837600.0,OI1501
2014-06-26 10:43:00,7096,7098,7096,7098,44,203710,3121360.0,OI1501
2014-06-26 10:44:00,7098,7098,7096,7096,26,203694,1844440.0,OI1501
2014-06-26 10:45:00,7098,7098,7096,7096,88,203724,6242720.0,OI1501
2014-06-26 10:46:00,7096,7096,7094,7094,18,203724,1276920.0,OI1501
2014-06-26 10:47:00,7094,7096,7094,7096,14,203730,993160.0,OI1501
2014-06-26 10:48:00,7096,7098,7096,7098,42,203744,2979480.0,OI1501
2014-06-26 10:49:00,7100,7100,7094,7096,140,203762,9931600.0,OI1501
2014-06-26 10:50:00,7096,7098,7096,7098,6,203768,425640.0,OI1501
2014-06-26 10:51:00,7096,7096,7094,7094,80,203744,5675200.0,OI1501
2014-06-26 10:52:00,7094,7094,7094,7094,186,203730,13194840.0,OI1501
2014-06-26 10:53:00,7094,7096,7092,7094,92,203778,6526480.0,OI1501
2014-06-26 10:54:00,7092,7094,7084,7088,768,204178,54481920.0,OI1501
2014-06-26 10:55:00,7086,7090,7076,7078,1564,205220,110950160.0,OI1501
2014-06-26 10:56:00,7076,7080,7076,7080,442,205220,31355480.0,OI1501
2014-06-26 10:57:00,7078,7086,7078,7086,1428,206064,101286200.0,OI1501
2014-06-26 10:58:00,7082,7086,7080,7082,102,206108,7233840.0,OI1501
2014-06-26 10:59:00,7082,7084,7080,7084,224,206186,15886080.0,OI1501
2014-06-26 11:00:00,7082,7084,7082,7084,102,206224,7233840.0,OI1501
2014-06-26 11:01:00,7084,7086,7084,7084,46,206216,3262320.0,OI1501
2014-06-26 11:02:00,7084,7084,7078,7080,296,206436,20992320.0,OI1501
2014-06-26 11:03:00,7082,7082,7078,7080,136,206452,9645120.0,OI1501
2014-06-26 11:04:00,7078,7080,7070,7076,2848,208498,201949840.0,OI1501
2014-06-26 11:05:00,7076,7078,7072,7076,182,208542,12903800.0,OI1501
2014-06-26 11:06:00,7078,7078,7076,7078,78,208558,5530200.0,OI1501
2014-06-26 11:07:00,7080,7080,7078,7080,124,208588,8791600.0,OI1501
2014-06-26 11:08:00,7080,7084,7078,7082,130,208612,9217000.0,OI1501
2014-06-26 11:09:00,7080,7082,7080,7080,74,208606,5246600.0,OI1501
2014-06-26 11:10:00,7078,7086,7078,7086,200,208640,14180000.0,OI1501
2014-06-26 11:11:00,7084,7086,7084,7086,78,208654,5530200.0,OI1501
2014-06-26 11:12:00,7086,7090,7086,7090,178,208574,12620200.0,OI1501
2014-06-26 11:13:00,7090,7090,7086,7086,172,208548,12194800.0,OI1501
2014-06-26 11:14:00,7084,7088,7084,7086,68,208584,4821200.0,OI1501
2014-06-26 11:15:00,7086,7088,7086,7088,78,208586,5530200.0,OI1501
2014-06-26 11:16:00,7088,7090,7088,7088,98,208572,6948200.0,OI1501
2014-06-26 11:17:00,7090,7090,7088,7090,224,208500,15881600.0,OI1501
2014-06-26 11:18:00,7088,7090,7088,7090,104,208472,7373600.0,OI1501
2014-06-26 11:19:00,7090,7092,7090,7090,56,208468,3970400.0,OI1501
2014-06-26 11:20:00,7090,7092,7090,7090,92,208430,6522800.0,OI1501
2014-06-26 11:21:00,7090,7090,7086,7086,82,208380,5813800.0,OI1501
2014-06-26 11:22:00,7086,7086,7086,7086,24,208376,1701600.0,OI1501
2014-06-26 11:23:00,7084,7086,7084,7086,28,208362,1985200.0,OI1501
2014-06-26 11:24:00,7086,7088,7086,7086,28,208346,1985200.0,OI1501
2014-06-26 11:25:00,7088,7088,7086,7086,180,208410,12762000.0,OI1501
2014-06-26 11:26:00,7086,7088,7086,7086,52,208380,3686800.0,OI1501
2014-06-26 11:27:00,7088,7088,7088,7088,2,208380,141800.0,OI1501
2014-06-26 11:28:00,7088,7088,7084,7084,66,208366,4679400.0,OI1501
2014-06-26 11:29:00,7084,7086,7082,7082,296,208288,20986400.0,OI1501
2014-06-26 13:30:00,7088,7098,7086,7094,632,208342,44808800.0,OI1501
2014-06-26 13:31:00,7094,7094,7092,7092,124,208360,8791600.0,OI1501
2014-06-26 13:32:00,7090,7094,7090,7094,208,208274,14747200.0,OI1501
2014-06-26 13:33:00,7094,7094,7092,7094,128,208220,9075200.0,OI1501
2014-06-26 13:34:00,7094,7096,7094,7096,156,208226,11060400.0,OI1501
2014-06-26 13:35:00,7096,7098,7096,7096,78,208234,5530200.0,OI1501
2014-06-26 13:36:00,7096,7096,7094,7096,88,208264,6239200.0,OI1501
2014-06-26 13:37:00,7094,7098,7094,7098,90,208198,6381000.0,OI1501
2014-06-26 13:38:00,7098,7098,7090,7090,334,208204,23680600.0,OI1501
2014-06-26 13:39:00,7090,7098,7088,7096,442,208436,31337800.0,OI1501
2014-06-26 13:40:00,7096,7098,7094,7096,244,208598,17299600.0,OI1501
2014-06-26 13:41:00,7096,7098,7096,7096,104,208612,7373600.0,OI1501
2014-06-26 13:42:00,7096,7098,7096,7096,66,208578,4679400.0,OI1501
2014-06-26 13:43:00,7096,7100,7096,7100,132,208586,9358800.0,OI1501
2014-06-26 13:44:00,7100,7104,7098,7100,228,208576,16165200.0,OI1501
2014-06-26 13:45:00,7100,7102,7098,7100,120,208532,8508000.0,OI1501
2014-06-26 13:46:00,7102,7102,7098,7100,80,208530,5672000.0,OI1501
2014-06-26 13:47:00,7098,7100,7098,7100,82,208560,5813800.0,OI1501
2014-06-26 13:48:00,7102,7106,7102,7104,396,208586,28076400.0,OI1501
2014-06-26 13:49:00,7104,7106,7104,7106,186,208626,13187400.0,OI1501
2014-06-26 13:50:00,7106,7106,7104,7106,116,208606,8224400.0,OI1501
2014-06-26 13:51:00,7106,7106,7104,7104,206,208656,14605400.0,OI1501
2014-06-26 13:52:00,7102,7108,7102,7108,226,208648,16023400.0,OI1501
2014-06-26 13:53:00,7106,7106,7100,7100,178,208712,12620200.0,OI1501
2014-06-26 13:54:00,7104,7108,7102,7108,52,208716,3686800.0,OI1501
2014-06-26 13:55:00,7106,7108,7104,7104,162,208728,11485800.0,OI1501
2014-06-26 13:56:00,7104,7106,7104,7104,56,208732,3970400.0,OI1501
2014-06-26 13:57:00,7104,7108,7104,7108,146,208744,10351400.0,OI1501
2014-06-26 13:58:00,7106,7106,7102,7104,166,208796,11772720.0,OI1501
2014-06-26 13:59:00,7102,7106,7102,7104,32,208788,2269440.0,OI1501
2014-06-26 14:00:00,7104,7106,7104,7104,86,208792,6099120.0,OI1501
2014-06-26 14:01:00,7104,7104,7102,7104,40,208792,2836800.0,OI1501
2014-06-26 14:02:00,7102,7102,7096,7096,480,208942,34041600.0,OI1501
2014-06-26 14:03:00,7096,7096,7092,7094,376,208886,26665920.0,OI1501
2014-06-26 14:04:00,7096,7098,7094,7096,78,208904,5531760.0,OI1501
2014-06-26 14:05:00,7096,7098,7094,7098,54,208918,3829680.0,OI1501
2014-06-26 14:06:00,7098,7098,7096,7098,22,208920,1560240.0,OI1501
2014-06-26 14:07:00,7096,7096,7096,7096,32,208920,2269440.0,OI1501
2014-06-26 14:08:00,7098,7100,7098,7100,74,208932,5248080.0,OI1501
2014-06-26 14:09:00,7098,7098,7096,7098,42,208920,2978640.0,OI1501
2014-06-26 14:10:00,7098,7100,7098,7098,76,208858,5389920.0,OI1501
2014-06-26 14:11:00,7098,7100,7098,7098,20,208870,1418400.0,OI1501
2014-06-26 14:12:00,7098,7102,7098,7100,110,208840,7801200.0,OI1501
2014-06-26 14:13:00,7100,7102,7100,7102,104,208848,7375680.0,OI1501
2014-06-26 14:14:00,7102,7104,7102,7102,106,208822,7517520.0,OI1501
2014-06-26 14:15:00,7102,7102,7102,7102,68,208806,4822560.0,OI1501
2014-06-26 14:16:00,7100,7102,7100,7102,64,208816,4538880.0,OI1501
2014-06-26 14:17:00,7102,7102,7102,7102,16,208824,1134720.0,OI1501
2014-06-26 14:18:00,7102,7102,7100,7102,146,208828,10354320.0,OI1501
2014-06-26 14:19:00,7102,7104,7102,7102,30,208828,2127600.0,OI1501
2014-06-26 14:20:00,7102,7104,7102,7104,30,208826,2127600.0,OI1501
2014-06-26 14:21:00,7104,7104,7102,7102,178,208836,12623760.0,OI1501
2014-06-26 14:22:00,7102,7102,7102,7102,86,208824,6099120.0,OI1501
2014-06-26 14:23:00,7102,7104,7102,7102,86,208784,6099120.0,OI1501
2014-06-26 14:24:00,7104,7104,7104,7104,10,208778,709200.0,OI1501
2014-06-26 14:25:00,7104,7104,7102,7104,74,208794,5248080.0,OI1501
2014-06-26 14:26:00,7104,7106,7104,7106,16,208790,1134720.0,OI1501
2014-06-26 14:27:00,7106,7108,7106,7108,278,208796,19715760.0,OI1501
2014-06-26 14:28:00,7108,7114,7106,7112,452,208744,32055840.0,OI1501
2014-06-26 14:29:00,7112,7112,7104,7106,412,208636,29219040.0,OI1501
2014-06-26 14:30:00,7106,7106,7104,7106,36,208662,2553120.0,OI1501
2014-06-26 14:31:00,7106,7108,7106,7108,96,208726,6808320.0,OI1501
2014-06-26 14:32:00,7108,7108,7106,7106,116,208712,8226720.0,OI1501
2014-06-26 14:33:00,7106,7106,7102,7102,126,208742,8935920.0,OI1501
2014-06-26 14:34:00,7104,7104,7104,7104,126,208646,8935920.0,OI1501
2014-06-26 14:35:00,7104,7104,7102,7102,196,208540,13900320.0,OI1501
2014-06-26 14:36:00,7104,7104,7104,7104,34,208540,2411280.0,OI1501
2014-06-26 14:37:00,7104,7106,7104,7106,24,208520,1702080.0,OI1501
2014-06-26 14:38:00,7104,7108,7104,7108,170,208506,12056400.0,OI1501
2014-06-26 14:39:00,7108,7110,7106,7110,118,208506,8368560.0,OI1501
2014-06-26 14:40:00,7110,7110,7108,7110,436,208466,30921120.0,OI1501
2014-06-26 14:41:00,7110,7110,7108,7108,412,208476,29219040.0,OI1501
2014-06-26 14:42:00,7108,7108,7108,7108,62,208480,4397040.0,OI1501
2014-06-26 14:43:00,7108,7108,7106,7108,120,208450,8512800.0,OI1501
2014-06-26 14:44:00,7108,7108,7106,7106,56,208396,3972640.0,OI1501
2014-06-26 14:45:00,7106,7108,7106,7106,116,208378,8229040.0,OI1501
2014-06-26 14:46:00,7106,7108,7106,7106,142,208388,10073480.0,OI1501
2014-06-26 14:47:00,7108,7108,7106,7106,46,208388,3263240.0,OI1501
2014-06-26 14:48:00,7106,7108,7106,7108,136,208398,9647840.0,OI1501
2014-06-26 14:49:00,7108,7112,7106,7110,130,208376,9222200.0,OI1501
2014-06-26 14:50:00,7110,7110,7110,7110,36,208364,2553840.0,OI1501
2014-06-26 14:51:00,7110,7112,7110,7110,296,208260,20998240.0,OI1501
2014-06-26 14:52:00,7110,7110,7106,7108,174,208378,12343560.0,OI1501
2014-06-26 14:53:00,7106,7106,7104,7106,184,208412,13052960.0,OI1501
2014-06-26 14:54:00,7106,7106,7104,7106,144,208390,10215360.0,OI1501
2014-06-26 14:55:00,7106,7106,7104,7106,136,208422,9647840.0,OI1501
2014-06-26 14:56:00,7104,7106,7104,7104,132,208452,9364080.0,OI1501
2014-06-26 14:57:00,7104,7106,7102,7104,246,208458,17451240.0,OI1501
2014-06-26 14:58:00,7104,7106,7102,7102,214,208512,15181160.0,OI1501
2014-06-26 14:59:00,7104,7106,7102,7104,388,208410,27524720.0,OI1501
2014-06-27 09:00:00,7084,7104,7084,7098,404,208460,28647360.0,OI1501
2014-06-27 09:01:00,7096,7098,7092,7094,528,208498,37466880.0,OI1501
2014-06-27 09:02:00,7094,7094,7080,7082,830,208594,58873840.0,OI1501
2014-06-27 09:03:00,7082,7086,7072,7072,776,208472,55012080.0,OI1501
2014-06-27 09:04:00,7072,7082,7072,7080,540,208416,38264880.0,OI1501
2014-06-27 09:05:00,7080,7084,7072,7082,418,208318,29613120.0,OI1501
2014-06-27 09:06:00,7082,7086,7080,7084,332,208446,23518880.0,OI1501
2014-06-27 09:07:00,7086,7090,7082,7088,188,208474,13317920.0,OI1501
2014-06-27 09:08:00,7090,7090,7086,7086,142,208462,10059280.0,OI1501
2014-06-27 09:09:00,7088,7090,7086,7090,64,208454,4533760.0,OI1501
2014-06-27 09:10:00,7088,7090,7086,7090,166,208492,11759440.0,OI1501
2014-06-27 09:11:00,7090,7096,7090,7094,572,208606,40529280.0,OI1501
2014-06-27 09:12:00,7094,7096,7094,7096,198,208716,14030280.0,OI1501
2014-06-27 09:13:00,7096,7096,7094,7094,148,208680,10487280.0,OI1501
2014-06-27 09:14:00,7094,7094,7090,7090,114,208670,8078040.0,OI1501
2014-06-27 09:15:00,7092,7094,7090,7092,78,208648,5527080.0,OI1501
2014-06-27 09:16:00,7094,7096,7094,7094,190,208622,13463400.0,OI1501
2014-06-27 09:17:00,7092,7096,7092,7096,48,208622,3401280.0,OI1501
2014-06-27 09:18:00,7096,7098,7096,7098,176,208630,12473720.0,OI1501
2014-06-27 09:19:00,7096,7098,7094,7096,114,208606,8080320.0,OI1501
2014-06-27 09:20:00,7096,7098,7096,7096,174,208548,12333120.0,OI1501
2014-06-27 09:21:00,7100,7106,7100,7104,496,208656,35156480.0,OI1501
2014-06-27 09:22:00,7106,7106,7100,7100,346,208730,24529920.0,OI1501
2014-06-27 09:23:00,7102,7102,7100,7100,36,208720,2552400.0,OI1501
2014-06-27 09:24:00,7102,7102,7100,7102,88,208714,6239200.0,OI1501
2014-06-27 09:25:00,7102,7102,7100,7102,146,208758,10351400.0,OI1501
2014-06-27 09:26:00,7100,7108,7100,7108,430,208768,30487000.0,OI1501
2014-06-27 09:27:00,7108,7112,7108,7110,984,208616,69783880.0,OI1501
2014-06-27 09:28:00,7110,7110,7108,7108,414,208692,29369080.0,OI1501
2014-06-27 09:29:00,7106,7108,7104,7104,282,208754,20005080.0,OI1501
2014-06-27 09:30:00,7106,7108,7102,7104,86,208716,6100840.0,OI1501
2014-06-27 09:31:00,7104,7104,7102,7102,186,208732,13194840.0,OI1501
2014-06-27 09:32:00,7104,7104,7102,7102,136,208658,9647840.0,OI1501
2014-06-27 09:33:00,7104,7106,7104,7104,160,208580,11350400.0,OI1501
2014-06-27 09:34:00,7104,7106,7104,7106,138,208588,9789720.0,OI1501
2014-06-27 09:35:00,7106,7108,7106,7108,262,208574,18589200.0,OI1501
2014-06-27 09:36:00,7106,7110,7104,7108,510,208686,36189600.0,OI1501
2014-06-27 09:37:00,7108,7108,7106,7106,80,208722,5676800.0,OI1501
2014-06-27 09:38:00,7106,7108,7106,7108,16,208718,1135360.0,OI1501
2014-06-27 09:39:00,7108,7110,7108,7110,78,208740,5534880.0,OI1501
2014-06-27 09:40:00,7108,7110,7104,7104,182,208784,12914720.0,OI1501
2014-06-27 09:41:00,7106,7106,7102,7104,226,208780,16036960.0,OI1501
2014-06-27 09:42:00,7102,7102,7100,7100,210,208788,14901600.0,OI1501
2014-06-27 09:43:00,7102,7102,7100,7102,64,208776,4541440.0,OI1501
2014-06-27 09:44:00,7102,7102,7096,7098,252,208738,17881920.0,OI1501
2014-06-27 09:45:00,7098,7102,7098,7102,80,208694,5676800.0,OI1501
2014-06-27 09:46:00,7102,7102,7102,7102,26,208694,1844960.0,OI1501
2014-06-27 09:47:00,7102,7102,7098,7100,58,208676,4115680.0,OI1501
2014-06-27 09:48:00,7098,7100,7098,7098,234,208636,16604640.0,OI1501
2014-06-27 09:49:00,7098,7102,7098,7102,30,208614,2128800.0,OI1501
2014-06-27 09:50:00,7100,7104,7098,7104,146,208600,10360160.0,OI1501
2014-06-27 09:51:00,7102,7104,7102,7102,54,208590,3831840.0,OI1501
2014-06-27 09:52:00,7102,7102,7102,7102,10,208596,709600.0,OI1501
2014-06-27 09:53:00,7100,7100,7098,7100,76,208604,5392960.0,OI1501
2014-06-27 09:54:00,7100,7102,7098,7100,38,208576,2696480.0,OI1501
2014-06-27 09:55:00,7100,7100,7098,7098,68,208610,4825280.0,OI1501
2014-06-27 09:56:00,7098,7100,7098,7098,64,208592,4541440.0,OI1501
2014-06-27 09:57:00,7098,7098,7092,7092,188,208584,13340480.0,OI1501
2014-06-27 09:58:00,7094,7094,7088,7092,452,208488,32073920.0,OI1501
2014-06-27 09:59:00,7092,7096,7092,7094,132,208532,9366720.0,OI1501
2014-06-27 10:00:00,7096,7096,7094,7096,66,208552,4683360.0,OI1501
2014-06-27 10:01:00,7096,7096,7096,7096,22,208562,1561120.0,OI1501
2014-06-27 10:02:00,7094,7094,7092,7094,106,208624,7521760.0,OI1501
2014-06-27 10:03:00,7094,7094,7090,7092,184,208634,13056640.0,OI1501
2014-06-27 10:04:00,7092,7092,7090,7092,50,208676,3548000.0,OI1501
2014-06-27 10:05:00,7092,7094,7088,7090,204,208672,14475840.0,OI1501
2014-06-27 10:06:00,7090,7092,7090,7092,20,208682,1419200.0,OI1501
2014-06-27 10:07:00,7092,7092,7090,7090,36,208692,2554560.0,OI1501
2014-06-27 10:08:00,7092,7092,7090,7090,14,208698,993440.0,OI1501
2014-06-27 10:09:00,7090,7092,7090,7092,48,208718,3406080.0,OI1501
2014-06-27 10:10:00,7092,7094,7092,7094,8,208718,567680.0,OI1501
2014-06-27 10:11:00,7092,7092,7090,7090,96,208724,6812160.0,OI1501
2014-06-27 10:12:00,7090,7094,7090,7092,458,208576,32499680.0,OI1501
2014-06-27 10:13:00,7094,7094,7092,7092,128,208554,9082880.0,OI1501
2014-06-27 10:14:00,7094,7094,7090,7092,168,208412,11921280.0,OI1501
2014-06-27 10:30:00,7092,7092,7092,7092,38,208386,2696480.0,OI1501
2014-06-27 10:31:00,7094,7094,7092,7094,24,208380,1703040.0,OI1501
2014-06-27 10:32:00,7094,7094,7092,7092,10,208376,709600.0,OI1501
2014-06-27 10:33:00,7090,7092,7090,7092,162,208304,11495520.0,OI1501
2014-06-27 10:34:00,7092,7092,7092,7092,20,208292,1419200.0,OI1501
2014-06-27 10:35:00,7092,7094,7092,7092,12,208290,851520.0,OI1501
2014-06-27 10:36:00,7092,7094,7092,7094,18,208280,1277280.0,OI1501
2014-06-27 10:37:00,7094,7094,7092,7092,22,208296,1561120.0,OI1501
2014-06-27 10:38:00,7094,7094,7090,7090,462,207984,32783520.0,OI1501
2014-06-27 10:39:00,7090,7090,7086,7086,244,207988,17314240.0,OI1501
2014-06-27 10:40:00,7086,7086,7084,7086,278,207886,19726880.0,OI1501
2014-06-27 10:41:00,7086,7088,7086,7088,62,207896,4399520.0,OI1501
2014-06-27 10:42:00,7088,7088,7086,7086,54,207908,3831840.0,OI1501
2014-06-27 10:43:00,7086,7088,7086,7088,68,207878,4825280.0,OI1501
2014-06-27 10:44:00,7088,7088,7086,7086,92,207878,6528320.0,OI1501
2014-06-27 10:45:00,7088,7088,7082,7084,176,207818,12488960.0,OI1501
2014-06-27 10:46:00,7086,7088,7086,7088,34,207818,2412640.0,OI1501
2014-06-27 10:47:00,7086,7088,7086,7088,38,207816,2696480.0,OI1501
2014-06-27 10:48:00,7088,7090,7088,7090,254,207726,18023840.0,OI1501
2014-06-27 10:49:00,7090,7092,7088,7090,70,207712,4967200.0,OI1501
2014-06-27 10:50:00,7090,7090,7084,7084,122,207672,8657120.0,OI1501
2014-06-27 10:51:00,7086,7088,7084,7088,74,207668,5251040.0,OI1501
2014-06-27 10:52:00,7088,7088,7088,7088,6,207666,425760.0,OI1501
2014-06-27 10:53:00,7088,7090,7088,7090,54,207648,3831840.0,OI1501
2014-06-27 10:54:00,7088,7088,7088,7088,48,207624,3406080.0,OI1501
2014-06-27 10:55:00,7088,7090,7088,7090,62,207612,4399520.0,OI1501
2014-06-27 10:56:00,7090,7092,7090,7092,70,207588,4967200.0,OI1501
2014-06-27 10:57:00,7092,7094,7090,7094,92,207570,6528320.0,OI1501
2014-06-27 10:58:00,7092,7094,7092,7094,152,207520,10785920.0,OI1501
2014-06-27 10:59:00,7092,7096,7092,7094,538,207258,38176480.0,OI1501
2014-06-27 11:00:00,7094,7094,7092,7094,60,207238,4257600.0,OI1501
2014-06-27 11:01:00,7094,7094,7092,7092,110,207178,7805600.0,OI1501
2014-06-27 11:02:00,7090,7090,7090,7090,24,207182,1703040.0,OI1501
2014-06-27 11:03:00,7090,7090,7090,7090,120,207130,8515200.0,OI1501
2014-06-27 11:04:00,7090,7092,7088,7090,40,207134,2838400.0,OI1501
2014-06-27 11:05:00,7090,7090,7088,7090,54,207106,3831840.0,OI1501
2014-06-27 11:06:00,7090,7090,7090,7090,20,207096,1419200.0,OI1501
2014-06-27 11:07:00,7090,7090,7088,7088,82,207080,5818720.0,OI1501
2014-06-27 11:08:00,7088,7090,7088,7088,34,207076,2412640.0,OI1501
2014-06-27 11:09:00,7088,7088,7086,7086,30,207068,2128800.0,OI1501
2014-06-27 11:10:00,7086,7086,7082,7082,182,207090,12911760.0,OI1501
2014-06-27 11:11:00,7082,7086,7082,7086,32,207096,2270080.0,OI1501
2014-06-27 11:12:00,7086,7086,7084,7086,80,207068,5675200.0,OI1501
2014-06-27 11:13:00,7088,7088,7088,7088,116,207042,8229040.0,OI1501
2014-06-27 11:14:00,7090,7092,7090,7090,152,206912,10782880.0,OI1501
2014-06-27 11:15:00,7090,7090,7090,7090,22,206924,1560680.0,OI1501
2014-06-27 11:16:00,7090,7090,7090,7090,6,206924,425640.0,OI1501
2014-06-27 11:17:00,7088,7088,7086,7086,40,206936,2837600.0,OI1501
2014-06-27 11:18:00,7086,7092,7086,7092,172,206816,12201680.0,OI1501
2014-06-27 11:19:00,7092,7092,7088,7088,152,206810,10782880.0,OI1501
2014-06-27 11:20:00,7090,7090,7086,7088,182,206768,12911080.0,OI1501
2014-06-27 11:21:00,7088,7088,7086,7086,26,206766,1844440.0,OI1501
2014-06-27 11:22:00,7086,7086,7086,7086,32,206746,2270080.0,OI1501
2014-06-27 11:23:00,7086,7092,7086,7092,238,206584,16883720.0,OI1501
2014-06-27 11:24:00,7090,7092,7090,7092,18,206582,1276920.0,OI1501
2014-06-27 11:25:00,7090,7090,7090,7090,16,206590,1135040.0,OI1501
2014-06-27 11:26:00,7090,7090,7088,7088,38,206568,2695720.0,OI1501
2014-06-27 11:27:00,7088,7088,7088,7088,20,206578,1418800.0,OI1501
2014-06-27 11:28:00,7088,7088,7086,7086,110,206506,7803400.0,OI1501
2014-06-27 11:29:00,7084,7086,7084,7086,110,206446,7803400.0,OI1501
2014-06-27 13:30:00,7084,7086,7080,7080,280,206514,19863200.0,OI1501
2014-06-27 13:31:00,7080,7082,7078,7078,442,206592,31355480.0,OI1501
2014-06-27 13:32:00,7078,7082,7078,7080,156,206512,11066640.0,OI1501
2014-06-27 13:33:00,7082,7082,7082,7082,112,206426,7945280.0,OI1501
2014-06-27 13:34:00,7082,7084,7074,7078,778,206350,55191320.0,OI1501
2014-06-27 13:35:00,7080,7080,7076,7080,448,206166,31781120.0,OI1501
2014-06-27 13:36:00,7080,7082,7076,7078,242,206086,17167080.0,OI1501
2014-06-27 13:37:00,7078,7080,7074,7074,182,206092,12907440.0,OI1501
2014-06-27 13:38:00,7074,7078,7074,7078,176,206206,12481920.0,OI1501
2014-06-27 13:39:00,7078,7078,7074,7074,570,206358,40424400.0,OI1501
2014-06-27 13:40:00,7070,7074,7066,7070,894,206534,63402480.0,OI1501
2014-06-27 13:41:00,7070,7072,7060,7068,1176,206610,83389440.0,OI1501
2014-06-27 13:42:00,7066,7070,7066,7068,262,206640,18575800.0,OI1501
2014-06-27 13:43:00,7070,7074,7068,7074,196,206592,13896400.0,OI1501
2014-06-27 13:44:00,7070,7070,7064,7066,374,206746,26516600.0,OI1501
2014-06-27 13:45:00,7068,7070,7066,7070,278,206828,19710200.0,OI1501
2014-06-27 13:46:00,7068,7070,7068,7070,118,206848,8366200.0,OI1501
2014-06-27 13:47:00,7072,7072,7068,7068,46,206844,3261400.0,OI1501
2014-06-27 13:48:00,7070,7070,7066,7066,360,207018,25524000.0,OI1501
2014-06-27 13:49:00,7066,7068,7066,7068,116,207042,8224400.0,OI1501
2014-06-27 13:50:00,7068,7068,7062,7064,446,207198,31612760.0,OI1501
2014-06-27 13:51:00,7062,7064,7062,7064,180,207256,12758400.0,OI1501
2014-06-27 13:52:00,7066,7066,7066,7066,20,207256,1417600.0,OI1501
2014-06-27 13:53:00,7066,7066,7058,7060,486,207322,34447680.0,OI1501
2014-06-27 13:54:00,7062,7062,7056,7060,252,207346,17861760.0,OI1501
2014-06-27 13:55:00,7060,7062,7058,7060,686,207462,48623680.0,OI1501
2014-06-27 13:56:00,7060,7060,7058,7058,218,207514,15451040.0,OI1501
2014-06-27 13:57:00,7058,7064,7058,7062,260,207554,18423600.0,OI1501
2014-06-27 13:58:00,7062,7064,7060,7062,240,207632,17006400.0,OI1501
2014-06-27 13:59:00,7060,7062,7058,7060,214,207652,15164040.0,OI1501
2014-06-27 14:00:00,7060,7060,7056,7058,438,207754,31036680.0,OI1501
2014-06-27 14:01:00,7058,7062,7058,7062,790,207936,55979400.0,OI1501
2014-06-27 14:02:00,7062,7062,7060,7062,224,207924,15872640.0,OI1501
2014-06-27 14:03:00,7064,7066,7064,7064,148,207914,10487280.0,OI1501
2014-06-27 14:04:00,7064,7064,7062,7064,64,207884,4535040.0,OI1501
2014-06-27 14:05:00,7062,7064,7062,7064,192,207894,13602840.0,OI1501
2014-06-27 14:06:00,7064,7064,7062,7062,118,207918,8359120.0,OI1501
2014-06-27 14:07:00,7062,7062,7060,7060,66,207902,4675440.0,OI1501
2014-06-27 14:08:00,7062,7062,7062,7062,24,207920,1700160.0,OI1501
2014-06-27 14:09:00,7062,7064,7060,7062,30,207914,2125200.0,OI1501
2014-06-27 14:10:00,7062,7064,7060,7064,52,207918,3683680.0,OI1501
2014-06-27 14:11:00,7062,7064,7062,7064,12,207916,850080.0,OI1501
2014-06-27 14:12:00,7064,7064,7062,7062,32,207916,2266880.0,OI1501
2014-06-27 14:13:00,7062,7062,7060,7060,74,207952,5242160.0,OI1501
2014-06-27 14:14:00,7062,7064,7062,7062,372,207920,26352480.0,OI1501
2014-06-27 14:15:00,7062,7062,7060,7060,22,207932,1558480.0,OI1501
2014-06-27 14:16:00,7060,7062,7060,7062,50,207948,3542000.0,OI1501
2014-06-27 14:17:00,7062,7064,7062,7062,56,207966,3967040.0,OI1501
2014-06-27 14:18:00,7064,7064,7062,7062,24,207964,1700160.0,OI1501
2014-06-27 14:19:00,7062,7062,7062,7062,32,207978,2266880.0,OI1501
2014-06-27 14:20:00,7062,7064,7060,7062,188,207924,13317920.0,OI1501
2014-06-27 14:21:00,7062,7062,7052,7052,722,207952,51146480.0,OI1501
2014-06-27 14:22:00,7054,7056,7052,7056,182,207948,12892880.0,OI1501
2014-06-27 14:23:00,7056,7060,7054,7054,126,207916,8925840.0,OI1501
2014-06-27 14:24:00,7054,7056,7054,7054,272,207930,19268480.0,OI1501
2014-06-27 14:25:00,7054,7056,7054,7054,76,207940,5383840.0,OI1501
2014-06-27 14:26:00,7056,7058,7054,7058,332,207884,23515000.0,OI1501
2014-06-27 14:27:00,7058,7060,7054,7054,112,207862,7931840.0,OI1501
2014-06-27 14:28:00,7056,7058,7056,7058,100,207826,7082000.0,OI1501
2014-06-27 14:29:00,7058,7058,7056,7056,88,207804,6232160.0,OI1501
2014-06-27 14:30:00,7058,7062,7058,7062,148,207774,10481360.0,OI1501
2014-06-27 14:31:00,7062,7062,7060,7060,66,207760,4674120.0,OI1501
2014-06-27 14:32:00,7062,7062,7062,7062,28,207754,1982960.0,OI1501
2014-06-27 14:33:00,7060,7060,7060,7060,120,207730,8498400.0,OI1501
2014-06-27 14:34:00,7060,7066,7060,7064,206,207648,14588920.0,OI1501
2014-06-27 14:35:00,7066,7068,7064,7068,192,207582,13597440.0,OI1501
2014-06-27 14:36:00,7068,7068,7064,7064,190,207552,13455800.0,OI1501
2014-06-27 14:37:00,7064,7066,7064,7064,144,207506,10198080.0,OI1501
2014-06-27 14:38:00,7066,7066,7066,7066,98,207572,6940360.0,OI1501
2014-06-27 14:39:00,7064,7066,7064,7066,6,207570,424920.0,OI1501
2014-06-27 14:40:00,7066,7066,7066,7066,8,207568,566560.0,OI1501
2014-06-27 14:41:00,7064,7064,7062,7062,62,207584,4390840.0,OI1501
2014-06-27 14:42:00,7064,7064,7062,7064,42,207584,2974440.0,OI1501
2014-06-27 14:43:00,7062,7062,7056,7056,136,207548,9631520.0,OI1501
2014-06-27 14:44:00,7058,7060,7058,7058,82,207520,5807240.0,OI1501
2014-06-27 14:45:00,7058,7060,7056,7060,48,207506,3399360.0,OI1501
2014-06-27 14:46:00,7060,7060,7058,7058,34,207480,2407880.0,OI1501
2014-06-27 14:47:00,7058,7060,7058,7058,44,207470,3116080.0,OI1501
2014-06-27 14:48:00,7060,7062,7060,7060,106,207462,7506920.0,OI1501
2014-06-27 14:49:00,7060,7060,7058,7060,192,207330,13597440.0,OI1501
2014-06-27 14:50:00,7060,7062,7060,7062,140,207258,9914800.0,OI1501
2014-06-27 14:51:00,7060,7062,7058,7058,48,207228,3399360.0,OI1501
2014-06-27 14:52:00,7058,7060,7058,7058,78,207182,5523960.0,OI1501
2014-06-27 14:53:00,7058,7062,7058,7060,200,207078,14164000.0,OI1501
2014-06-27 14:54:00,7062,7064,7060,7060,140,207034,9914800.0,OI1501
2014-06-27 14:55:00,7062,7062,7060,7060,188,207010,13314160.0,OI1501
2014-06-27 14:56:00,7058,7062,7058,7060,106,207024,7506920.0,OI1501
2014-06-27 14:57:00,7062,7062,7058,7058,150,207026,10623000.0,OI1501
2014-06-27 14:58:00,7060,7062,7054,7056,608,207044,43049560.0,OI1501
2014-06-27 14:59:00,7056,7058,7054,7054,328,206822,23222400.0,OI1501
2014-06-30 09:00:00,7020,7026,6996,7010,1722,206976,120819880.0,OI1501
2014-06-30 09:01:00,7010,7016,7008,7014,576,207034,40389120.0,OI1501
2014-06-30 09:02:00,7014,7014,7006,7012,718,206890,50346160.0,OI1501
2014-06-30 09:03:00,7014,7024,7012,7020,758,206606,53150960.0,OI1501
2014-06-30 09:04:00,7020,7020,7016,7020,388,206494,27214200.0,OI1501
2014-06-30 09:05:00,7020,7020,7014,7014,534,206556,37454760.0,OI1501
2014-06-30 09:06:00,7014,7018,7014,7018,228,206554,15991920.0,OI1501
2014-06-30 09:07:00,7018,7020,7016,7020,170,206626,11923800.0,OI1501
2014-06-30 09:08:00,7020,7030,7020,7026,350,206728,24549000.0,OI1501
2014-06-30 09:09:00,7024,7026,7022,7022,252,206722,17679760.0,OI1501
2014-06-30 09:10:00,7020,7020,7016,7018,256,206744,17960960.0,OI1501
2014-06-30 09:11:00,7018,7020,7018,7018,84,206764,5893440.0,OI1501
2014-06-30 09:12:00,7018,7020,7018,7018,160,206774,11225600.0,OI1501
2014-06-30 09:13:00,7020,7022,7020,7022,114,206722,7998240.0,OI1501
2014-06-30 09:14:00,7020,7020,7018,7018,124,206660,8699840.0,OI1501
2014-06-30 09:15:00,7018,7022,7018,7022,170,206678,11927200.0,OI1501
2014-06-30 09:16:00,7022,7022,7020,7022,96,206642,6735360.0,OI1501
2014-06-30 09:17:00,7022,7028,7020,7028,334,206574,23433440.0,OI1501
2014-06-30 09:18:00,7028,7032,7022,7022,470,206496,32979440.0,OI1501
2014-06-30 09:19:00,7022,7026,7022,7024,416,206488,29194880.0,OI1501
2014-06-30 09:20:00,7022,7026,7022,7026,60,206458,4210800.0,OI1501
2014-06-30 09:21:00,7026,7026,7020,7022,206,206464,14457080.0,OI1501
2014-06-30 09:22:00,7024,7024,7022,7024,56,206452,3930080.0,OI1501
2014-06-30 09:23:00,7024,7024,7022,7024,84,206464,5895120.0,OI1501
2014-06-30 09:24:00,7024,7024,7022,7024,28,206464,1965040.0,OI1501
2014-06-30 09:25:00,7024,7024,7022,7022,44,206474,3087920.0,OI1501
2014-06-30 09:26:00,7024,7026,7024,7026,76,206452,5333680.0,OI1501
2014-06-30 09:27:00,7026,7028,7026,7028,92,206486,6456560.0,OI1501
2014-06-30 09:28:00,7026,7026,7024,7026,40,206502,2807200.0,OI1501
2014-06-30 09:29:00,7024,7026,7024,7026,62,206540,4351160.0,OI1501
2014-06-30 09:30:00,7026,7026,7024,7024,292,206608,20492560.0,OI1501
2014-06-30 09:31:00,7024,7028,7024,7028,100,206624,7018000.0,OI1501
2014-06-30 09:32:00,7028,7028,7026,7028,230,206528,16141400.0,OI1501
2014-06-30 09:33:00,7026,7026,7024,7026,190,206436,13334200.0,OI1501
2014-06-30 09:34:00,7026,7030,7026,7028,350,206202,24568240.0,OI1501
2014-06-30 09:35:00,7028,7028,7026,7028,54,206224,3790800.0,OI1501
2014-06-30 09:36:00,7026,7026,7024,7026,126,206200,8845200.0,OI1501
2014-06-30 09:37:00,7024,7026,7022,7022,280,206142,19656000.0,OI1501
2014-06-30 09:38:00,7022,7022,7022,7022,156,206152,10951200.0,OI1501
2014-06-30 09:39:00,7022,7022,7020,7020,50,206130,3510000.0,OI1501
2014-06-30 09:40:00,7020,7022,7020,7020,360,206142,25272000.0,OI1501
2014-06-30 09:41:00,7020,7024,7020,7024,58,206152,4071600.0,OI1501
2014-06-30 09:42:00,7022,7022,7018,7018,110,206206,7722000.0,OI1501
2014-06-30 09:43:00,7020,7020,7018,7020,180,206294,12636000.0,OI1501
2014-06-30 09:44:00,7020,7022,7020,7020,46,206278,3229200.0,OI1501
2014-06-30 09:45:00,7020,7022,7016,7018,178,206262,12495600.0,OI1501
2014-06-30 09:46:00,7016,7018,7016,7016,92,206292,6458400.0,OI1501
2014-06-30 09:47:00,7018,7018,7016,7016,38,206288,2667600.0,OI1501
2014-06-30 09:48:00,7016,7016,7014,7016,196,206228,13759200.0,OI1501
2014-06-30 09:49:00,7016,7018,7016,7016,134,206246,9406800.0,OI1501
2014-06-30 09:50:00,7016,7016,7014,7014,62,206276,4352400.0,OI1501
2014-06-30 09:51:00,7014,7014,7014,7014,154,206366,10810800.0,OI1501
2014-06-30 09:52:00,7012,7014,7010,7012,216,206372,15163200.0,OI1501
2014-06-30 09:53:00,7012,7014,7010,7014,144,206426,10108800.0,OI1501
2014-06-30 09:54:00,7012,7012,7012,7012,46,206422,3229200.0,OI1501
2014-06-30 09:55:00,7012,7014,7012,7014,56,206430,3931200.0,OI1501
2014-06-30 09:56:00,7014,7018,7014,7018,88,206378,6177600.0,OI1501
2014-06-30 09:57:00,7018,7018,7016,7016,60,206380,4212000.0,OI1501
2014-06-30 09:58:00,7018,7018,7016,7016,30,206382,2106000.0,OI1501
2014-06-30 09:59:00,7016,7016,7014,7014,42,206404,2948400.0,OI1501
2014-06-30 10:00:00,7014,7014,7010,7012,194,206426,13618800.0,OI1501
2014-06-30 10:01:00,7014,7018,7014,7018,98,206392,6879600.0,OI1501
2014-06-30 10:02:00,7014,7014,7014,7014,42,206386,2947600.0,OI1501
2014-06-30 10:03:00,7016,7016,7012,7014,16,206386,1122880.0,OI1501
2014-06-30 10:04:00,7016,7024,7016,7020,252,206330,17687880.0,OI1501
2014-06-30 10:05:00,7018,7018,7016,7016,32,206350,2246400.0,OI1501
2014-06-30 10:06:00,7018,7018,7018,7018,22,206370,1544400.0,OI1501
2014-06-30 10:07:00,7016,7016,7016,7016,78,206440,5475440.0,OI1501
2014-06-30 10:08:00,7018,7018,7016,7018,64,206488,4491520.0,OI1501
2014-06-30 10:09:00,7018,7018,7018,7018,12,206488,842160.0,OI1501
2014-06-30 10:10:00,7018,7018,7014,7014,66,206472,4631880.0,OI1501
2014-06-30 10:11:00,7016,7016,7012,7012,118,206504,8281240.0,OI1501
2014-06-30 10:12:00,7012,7014,7012,7014,78,206504,5474040.0,OI1501
2014-06-30 10:13:00,7014,7016,7014,7014,94,206512,6596920.0,OI1501
2014-06-30 10:14:00,7016,7018,7016,7016,152,206448,10667360.0,OI1501
2014-06-30 10:30:00,7014,7014,7012,7012,118,206466,8281240.0,OI1501
2014-06-30 10:31:00,7012,7012,7012,7012,64,206460,4491520.0,OI1501
2014-06-30 10:32:00,7012,7014,7012,7014,50,206470,3509000.0,OI1501
2014-06-30 10:33:00,7014,7016,7014,7016,38,206470,2666840.0,OI1501
2014-06-30 10:34:00,7016,7016,7014,7014,26,206472,1824680.0,OI1501
2014-06-30 10:35:00,7014,7014,7014,7014,112,206480,7860160.0,OI1501
2014-06-30 10:36:00,7016,7016,7014,7016,30,206506,2105400.0,OI1501
2014-06-30 10:37:00,7016,7016,7014,7014,106,206508,7439080.0,OI1501
2014-06-30 10:38:00,7014,7014,7014,7014,6,206514,421080.0,OI1501
2014-06-30 10:39:00,7014,7020,7014,7016,120,206540,8421600.0,OI1501
2014-06-30 10:40:00,7016,7018,7016,7018,16,206544,1122880.0,OI1501
2014-06-30 10:41:00,7020,7020,7014,7014,80,206586,5614400.0,OI1501
2014-06-30 10:42:00,7014,7016,7014,7016,152,206494,10667360.0,OI1501
2014-06-30 10:43:00,7016,7018,7016,7018,56,206498,3930080.0,OI1501
2014-06-30 10:44:00,7016,7016,7014,7016,126,206532,8842680.0,OI1501
2014-06-30 10:45:00,7014,7016,7014,7016,60,206512,4210800.0,OI1501
2014-06-30 10:46:00,7016,7016,7014,7016,50,206516,3509000.0,OI1501
2014-06-30 10:47:00,7016,7016,7016,7016,14,206516,982520.0,OI1501
2014-06-30 10:48:00,7016,7016,7016,7016,2,206514,140360.0,OI1501
2014-06-30 10:49:00,7016,7018,7016,7018,8,206510,561440.0,OI1501
2014-06-30 10:50:00,7016,7016,7016,7016,6,206506,421080.0,OI1501
2014-06-30 10:51:00,7016,7016,7016,7016,26,206504,1824680.0,OI1501
2014-06-30 10:52:00,7016,7016,7012,7014,116,206518,8140880.0,OI1501
2014-06-30 10:53:00,7014,7014,7012,7012,136,206598,9544480.0,OI1501
2014-06-30 10:54:00,7010,7014,7010,7014,118,206674,8281240.0,OI1501
2014-06-30 10:55:00,7012,7014,7012,7014,26,206680,1824680.0,OI1501
2014-06-30 10:56:00,7012,7012,7008,7008,344,206818,24141920.0,OI1501
2014-06-30 10:57:00,7008,7010,7002,7008,574,206936,40283320.0,OI1501
2014-06-30 10:58:00,7004,7012,7004,7006,470,207182,32984600.0,OI1501
2014-06-30 10:59:00,7008,7010,7006,7008,228,207276,16001040.0,OI1501
2014-06-30 11:00:00,7006,7006,7002,7006,214,207262,15018520.0,OI1501
2014-06-30 11:01:00,7006,7006,7004,7006,38,207276,2666840.0,OI1501
2014-06-30 11:02:00,7004,7006,7004,7006,98,207308,6877640.0,OI1501
2014-06-30 11:03:00,7006,7008,7006,7008,82,207258,5754760.0,OI1501
2014-06-30 11:04:00,7008,7008,7008,7008,20,207276,1403600.0,OI1501
2014-06-30 11:05:00,7008,7010,7006,7008,218,207342,15299240.0,OI1501
2014-06-30 11:06:00,7008,7008,7006,7008,92,207396,6455120.0,OI1501
2014-06-30 11:07:00,7008,7008,7008,7008,218,207476,15294880.0,OI1501
2014-06-30 11:08:00,7008,7012,7008,7012,30,207460,2104800.0,OI1501
2014-06-30 11:09:00,7010,7012,7010,7010,38,207474,2666080.0,OI1501
2014-06-30 11:10:00,7010,7012,7010,7012,34,207472,2385440.0,OI1501
2014-06-30 11:11:00,7012,7014,7010,7014,88,207484,6174080.0,OI1501
2014-06-30 11:12:00,7012,7014,7012,7012,28,207482,1964480.0,OI1501
2014-06-30 11:13:00,7014,7018,7014,7018,212,207448,14873920.0,OI1501
2014-06-30 11:14:00,7018,7018,7016,7018,80,207460,5612800.0,OI1501
2014-06-30 11:15:00,7018,7018,7016,7016,52,207450,3648320.0,OI1501
2014-06-30 11:16:00,7014,7016,7014,7016,82,207456,5753120.0,OI1501
2014-06-30 11:17:00,7016,7020,7016,7018,188,207540,13190080.0,OI1501
2014-06-30 11:18:00,7016,7018,7016,7016,104,207586,7296640.0,OI1501
2014-06-30 11:19:00,7016,7016,7016,7016,2,207588,140320.0,OI1501
2014-06-30 11:20:00,7016,7018,7016,7018,24,207576,1683840.0,OI1501
2014-06-30 11:21:00,7018,7020,7018,7020,58,207582,4069280.0,OI1501
2014-06-30 11:22:00,7018,7022,7018,7022,96,207590,6735360.0,OI1501
2014-06-30 11:23:00,7022,7022,7018,7018,52,207610,3648320.0,OI1501
2014-06-30 11:24:00,7020,7020,7014,7016,216,207596,15154560.0,OI1501
2014-06-30 11:25:00,7016,7018,7014,7018,30,207578,2104800.0,OI1501
2014-06-30 11:26:00,7016,7016,7016,7016,6,207572,420960.0,OI1501
2014-06-30 11:27:00,7016,7018,7016,7016,8,207570,561280.0,OI1501
2014-06-30 11:28:00,7016,7018,7016,7016,130,207576,9120800.0,OI1501
2014-06-30 11:29:00,7018,7020,7016,7018,154,207514,10804640.0,OI1501
2014-06-30 13:30:00,7020,7024,7018,7024,262,207566,18381920.0,OI1501
2014-06-30 13:31:00,7022,7022,7020,7020,146,207680,10243360.0,OI1501
2014-06-30 13:32:00,7022,7022,7018,7020,158,207782,11085280.0,OI1501
2014-06-30 13:33:00,7020,7020,7018,7020,40,207808,2807040.0,OI1501
2014-06-30 13:34:00,7020,7022,7018,7020,80,207836,5614400.0,OI1501
2014-06-30 13:35:00,7022,7022,7018,7018,114,207852,8000520.0,OI1501
2014-06-30 13:36:00,7018,7020,7016,7020,174,207924,12211320.0,OI1501
2014-06-30 13:37:00,7016,7020,7016,7018,54,207936,3789720.0,OI1501
2014-06-30 13:38:00,7020,7022,7018,7018,82,207926,5754760.0,OI1501
2014-06-30 13:39:00,7018,7020,7018,7020,14,207930,982520.0,OI1501
2014-06-30 13:40:00,7018,7018,7018,7018,14,207920,982520.0,OI1501
2014-06-30 13:41:00,7018,7018,7016,7016,36,207922,2526480.0,OI1501
2014-06-30 13:42:00,7020,7020,7020,7020,22,207924,1543960.0,OI1501
2014-06-30 13:43:00,7018,7018,7016,7018,66,207890,4631880.0,OI1501
2014-06-30 13:44:00,7020,7020,7020,7020,2,207892,140360.0,OI1501
2014-06-30 13:45:00,7020,7022,7020,7022,92,207894,6456560.0,OI1501
2014-06-30 13:46:00,7022,7024,7020,7022,112,207902,7860160.0,OI1501
2014-06-30 13:47:00,7022,7022,7022,7022,6,207898,421080.0,OI1501
2014-06-30 13:48:00,7022,7026,7022,7026,170,207864,11930600.0,OI1501
2014-06-30 13:49:00,7026,7026,7022,7024,400,208004,28072000.0,OI1501
2014-06-30 13:50:00,7024,7026,7024,7024,122,208016,8561960.0,OI1501
2014-06-30 13:51:00,7024,7024,7024,7024,56,208044,3930080.0,OI1501
2014-06-30 13:52:00,7022,7024,7022,7024,84,208084,5895120.0,OI1501
2014-06-30 13:53:00,7024,7024,7024,7024,128,208068,8983040.0,OI1501
2014-06-30 13:54:00,7024,7024,7024,7024,30,208088,2105400.0,OI1501
2014-06-30 13:55:00,7024,7024,7024,7024,22,208090,1543960.0,OI1501
2014-06-30 13:56:00,7024,7026,7022,7022,66,208148,4631880.0,OI1501
2014-06-30 13:57:00,7022,7024,7022,7024,146,208160,10246280.0,OI1501
2014-06-30 13:58:00,7026,7026,7022,7024,56,208158,3930080.0,OI1501
2014-06-30 13:59:00,7024,7026,7024,7026,70,208116,4912600.0,OI1501
2014-06-30 14:00:00,7024,7024,7024,7024,38,208120,2666840.0,OI1501
2014-06-30 14:01:00,7024,7024,7024,7024,58,208112,4070440.0,OI1501
2014-06-30 14:02:00,7024,7024,7024,7024,172,208260,12070960.0,OI1501
2014-06-30 14:03:00,7024,7026,7024,7024,22,208268,1543960.0,OI1501
2014-06-30 14:04:00,7022,7022,7022,7022,24,208248,1684320.0,OI1501
2014-06-30 14:05:00,7022,7022,7022,7022,84,208240,5895120.0,OI1501
2014-06-30 14:06:00,7020,7022,7020,7022,48,208220,3368640.0,OI1501
2014-06-30 14:07:00,7022,7022,7020,7020,24,208216,1684320.0,OI1501
2014-06-30 14:08:00,7022,7024,7022,7022,44,208192,3087920.0,OI1501
2014-06-30 14:09:00,7024,7024,7024,7024,44,208156,3087920.0,OI1501
2014-06-30 14:10:00,7022,7026,7022,7026,84,208128,5895120.0,OI1501
2014-06-30 14:11:00,7024,7026,7024,7024,152,208216,10667360.0,OI1501
2014-06-30 14:12:00,7024,7026,7024,7024,36,208220,2526480.0,OI1501
2014-06-30 14:13:00,7024,7024,7022,7024,158,208216,11088440.0,OI1501
2014-06-30 14:14:00,7024,7024,7022,7022,4,208216,280720.0,OI1501
2014-06-30 14:15:00,7024,7024,7022,7022,20,208212,1403600.0,OI1501
2014-06-30 14:16:00,7022,7024,7022,7024,60,208224,4210800.0,OI1501
2014-06-30 14:17:00,7022,7022,7022,7022,48,208236,3368640.0,OI1501
2014-06-30 14:18:00,7022,7022,7020,7020,22,208230,1543960.0,OI1501
2014-06-30 14:19:00,7020,7024,7020,7024,38,208228,2666840.0,OI1501
2014-06-30 14:21:00,7024,7024,7022,7022,88,208170,6175840.0,OI1501
2014-06-30 14:22:00,7024,7024,7024,7024,48,208164,3368640.0,OI1501
2014-06-30 14:24:00,7024,7024,7022,7022,6,208168,421080.0,OI1501
2014-06-30 14:25:00,7022,7022,7022,7022,2,208168,140360.0,OI1501
2014-06-30 14:26:00,7022,7022,7022,7022,18,208166,1263240.0,OI1501
2014-06-30 14:27:00,7024,7024,7024,7024,120,208134,8421600.0,OI1501
2014-06-30 14:28:00,7024,7026,7024,7024,82,208060,5754760.0,OI1501
2014-06-30 14:29:00,7022,7024,7022,7024,20,208056,1403600.0,OI1501
2014-06-30 14:30:00,7022,7022,7020,7020,48,208058,3368640.0,OI1501
2014-06-30 14:31:00,7022,7022,7018,7018,88,208056,6175840.0,OI1501
2014-06-30 14:32:00,7018,7018,7018,7018,112,208018,7860160.0,OI1501
2014-06-30 14:33:00,7018,7018,7014,7014,186,208072,13053480.0,OI1501
2014-06-30 14:34:00,7016,7020,7016,7020,82,208060,5754760.0,OI1501
2014-06-30 14:35:00,7020,7020,7018,7018,70,208022,4912600.0,OI1501
2014-06-30 14:36:00,7018,7018,7018,7018,32,207992,2245760.0,OI1501
2014-06-30 14:37:00,7020,7020,7020,7020,24,207976,1684320.0,OI1501
2014-06-30 14:38:00,7022,7022,7018,7018,42,207958,2947560.0,OI1501
2014-06-30 14:39:00,7018,7018,7018,7018,4,207956,280720.0,OI1501
2014-06-30 14:40:00,7018,7018,7018,7018,226,207812,15860680.0,OI1501
2014-06-30 14:41:00,7016,7016,7016,7016,28,207798,1965040.0,OI1501
2014-06-30 14:42:00,7016,7016,7012,7012,114,207834,8000520.0,OI1501
2014-06-30 14:43:00,7012,7012,7008,7010,370,207934,25966600.0,OI1501
2014-06-30 14:44:00,7008,7010,7008,7008,198,207992,13895640.0,OI1501
2014-06-30 14:45:00,7008,7010,7008,7008,184,208010,12913120.0,OI1501
2014-06-30 14:46:00,7010,7018,7010,7018,400,208098,28072000.0,OI1501
2014-06-30 14:47:00,7018,7026,7014,7022,564,208136,39581520.0,OI1501
2014-06-30 14:48:00,7022,7024,7018,7022,210,208202,14737800.0,OI1501
2014-06-30 14:49:00,7024,7024,7022,7024,62,208240,4351160.0,OI1501
2014-06-30 14:50:00,7022,7024,7020,7022,84,208258,5895120.0,OI1501
2014-06-30 14:51:00,7020,7022,7020,7020,180,208330,12632400.0,OI1501
2014-06-30 14:52:00,7020,7020,7018,7018,268,208312,18808240.0,OI1501
2014-06-30 14:53:00,7018,7020,7018,7020,274,208142,19229320.0,OI1501
2014-06-30 14:54:00,7020,7020,7018,7018,332,208288,23299760.0,OI1501
2014-06-30 14:55:00,7018,7018,7010,7016,306,208216,21475080.0,OI1501
2014-06-30 14:56:00,7016,7016,7006,7008,626,207842,43932680.0,OI1501
2014-06-30 14:57:00,7006,7012,7006,7010,508,207620,35651440.0,OI1501
2014-06-30 14:58:00,7008,7012,7004,7008,836,207054,58670480.0,OI1501
2014-06-30 14:59:00,7010,7010,7002,7008,954,206578,66951720.0,OI1501
