datetime,open,high,low,close,volume,openInterest,amount,symbol
2019-04-01 09:00:00,6918,6936,6903,6931,5470,214036,377812900.0,OI1905
2019-04-01 09:01:00,6930,6937,6924,6926,3508,213756,242297560.0,OI1905
2019-04-01 09:02:00,6926,6930,6921,6924,2190,213572,153351120.0,OI1905
2019-04-01 09:03:00,6924,6924,6907,6908,3110,213490,214838800.0,OI1905
2019-04-01 09:04:00,6905,6914,6902,6914,2410,213422,166482800.0,OI1905
2019-04-01 09:05:00,6913,6918,6911,6915,1546,213310,106797680.0,OI1905
2019-04-01 09:06:00,6916,6922,6915,6922,1374,213350,94915920.0,OI1905
2019-04-01 09:07:00,6921,6923,6913,6913,1194,213498,82481520.0,OI1905
2019-04-01 09:08:00,6913,6919,6913,6919,1006,213626,69494480.0,OI1905
2019-04-01 09:09:00,6919,6920,6913,6915,674,213468,46559920.0,OI1905
2019-04-01 09:10:00,6916,6917,6914,6915,354,213450,24454320.0,OI1905
2019-04-01 09:11:00,6915,6915,6914,6915,342,213424,23625360.0,OI1905
2019-04-01 09:12:00,6914,6915,6906,6909,1494,213426,103205520.0,OI1905
2019-04-01 09:13:00,6909,6913,6909,6913,420,213356,29013600.0,OI1905
2019-04-01 09:14:00,6913,6916,6912,6915,748,213318,51671840.0,OI1905
2019-04-01 09:15:00,6915,6915,6911,6911,462,213378,31914960.0,OI1905
2019-04-01 09:16:00,6911,6913,6908,6913,420,213352,29013600.0,OI1905
2019-04-01 09:17:00,6913,6913,6909,6910,352,213380,24316160.0,OI1905
2019-04-01 09:18:00,6910,6915,6910,6913,392,213356,27079360.0,OI1905
2019-04-01 09:19:00,6914,6914,6912,6912,190,213312,13125200.0,OI1905
2019-04-01 09:20:00,6913,6913,6910,6910,240,213274,16579200.0,OI1905
2019-04-01 09:21:00,6910,6913,6909,6911,312,213294,21552960.0,OI1905
2019-04-01 09:22:00,6911,6915,6911,6914,412,213368,28460960.0,OI1905
2019-04-01 09:23:00,6914,6918,6913,6917,842,213600,58165360.0,OI1905
2019-04-01 09:24:00,6917,6923,6917,6920,1098,213722,75849840.0,OI1905
2019-04-01 09:25:00,6920,6921,6920,6920,618,213810,42691440.0,OI1905
2019-04-01 09:26:00,6920,6921,6919,6920,196,213798,13539680.0,OI1905
2019-04-01 09:27:00,6919,6920,6918,6919,538,213772,37165040.0,OI1905
2019-04-01 09:28:00,6919,6920,6919,6919,248,213806,17131840.0,OI1905
2019-04-01 09:29:00,6919,6923,6918,6923,358,213706,24730640.0,OI1905
2019-04-01 09:30:00,6922,6922,6918,6921,574,213624,39651920.0,OI1905
2019-04-01 09:31:00,6921,6921,6918,6918,228,213586,15750240.0,OI1905
2019-04-01 09:32:00,6919,6919,6916,6916,374,213494,25835920.0,OI1905
2019-04-01 09:33:00,6916,6921,6916,6919,426,213264,29428080.0,OI1905
2019-04-01 09:34:00,6918,6920,6918,6919,122,213276,8427760.0,OI1905
2019-04-01 09:35:00,6919,6919,6918,6918,162,213284,11190960.0,OI1905
2019-04-01 09:36:00,6918,6919,6918,6919,100,213250,6908000.0,OI1905
2019-04-01 09:37:00,6918,6920,6918,6919,228,213230,15750240.0,OI1905
2019-04-01 09:38:00,6919,6919,6918,6918,224,213332,15473920.0,OI1905
2019-04-01 09:39:00,6918,6919,6917,6918,216,213282,14921280.0,OI1905
2019-04-01 09:40:00,6917,6917,6914,6916,768,213042,53053440.0,OI1905
2019-04-01 09:41:00,6916,6918,6915,6918,230,213016,15888400.0,OI1905
2019-04-01 09:42:00,6919,6920,6919,6920,220,213006,15197600.0,OI1905
2019-04-01 09:43:00,6919,6920,6918,6918,108,213014,7460640.0,OI1905
2019-04-01 09:44:00,6918,6921,6918,6921,216,213016,14921280.0,OI1905
2019-04-01 09:45:00,6921,6921,6919,6920,332,212968,22934560.0,OI1905
2019-04-01 09:46:00,6920,6920,6919,6920,46,212948,3177680.0,OI1905
2019-04-01 09:47:00,6919,6920,6919,6920,162,212886,13539640.0,OI1905
2019-04-01 09:48:00,6919,6920,6919,6920,174,212870,12021660.0,OI1905
2019-04-01 09:49:00,6921,6923,6921,6921,346,212802,23905140.0,OI1905
2019-04-01 09:50:00,6921,6926,6921,6924,682,212818,47119380.0,OI1905
2019-04-01 09:51:00,6924,6927,6923,6927,766,212502,52922940.0,OI1905
2019-04-01 09:52:00,6927,6928,6921,6922,966,212294,66740940.0,OI1905
2019-04-01 09:53:00,6921,6923,6921,6921,182,212304,12574380.0,OI1905
2019-04-01 09:54:00,6922,6922,6920,6920,218,212264,15061620.0,OI1905
2019-04-01 09:55:00,6921,6923,6920,6923,294,212280,20312460.0,OI1905
2019-04-01 09:56:00,6923,6923,6920,6920,214,212362,14785260.0,OI1905
2019-04-01 09:57:00,6921,6921,6916,6916,1242,212066,85809780.0,OI1905
2019-04-01 09:58:00,6916,6918,6914,6918,414,212040,28603260.0,OI1905
2019-04-01 09:59:00,6917,6921,6917,6921,328,211954,22661520.0,OI1905
2019-04-01 10:00:00,6922,6922,6917,6919,174,211930,12021660.0,OI1905
2019-04-01 10:01:00,6918,6918,6917,6918,84,211902,5803560.0,OI1905
2019-04-01 10:02:00,6918,6918,6916,6916,204,211906,14094360.0,OI1905
2019-04-01 10:03:00,6916,6916,6912,6914,788,211914,54442920.0,OI1905
2019-04-01 10:04:00,6913,6919,6913,6919,362,211892,25010580.0,OI1905
2019-04-01 10:05:00,6919,6924,6917,6921,544,211914,37584960.0,OI1905
2019-04-01 10:06:00,6921,6921,6918,6919,328,211852,22661520.0,OI1905
2019-04-01 10:07:00,6919,6924,6919,6923,420,211944,29017800.0,OI1905
2019-04-01 10:08:00,6923,6934,6922,6934,1856,211790,128231040.0,OI1905
2019-04-01 10:09:00,6936,6936,6924,6927,1460,211530,100871400.0,OI1905
2019-04-01 10:10:00,6927,6930,6922,6929,626,211410,43250340.0,OI1905
2019-04-01 10:11:00,6928,6928,6926,6926,160,211470,11054400.0,OI1905
2019-04-01 10:12:00,6927,6933,6927,6932,560,211500,38690400.0,OI1905
2019-04-01 10:13:00,6933,6933,6929,6929,490,211434,33854100.0,OI1905
2019-04-01 10:14:00,6929,6931,6929,6931,280,211304,19345200.0,OI1905
2019-04-01 10:30:00,6930,6933,6924,6933,700,211182,48363000.0,OI1905
2019-04-01 10:31:00,6933,6934,6930,6931,306,211140,21141540.0,OI1905
2019-04-01 10:32:00,6931,6933,6930,6932,152,211088,10501680.0,OI1905
2019-04-01 10:33:00,6932,6934,6930,6930,616,211056,45067480.0,OI1905
2019-04-01 10:34:00,6931,6932,6930,6932,58,211028,4007800.0,OI1905
2019-04-01 10:35:00,6930,6932,6930,6930,114,210966,7877400.0,OI1905
2019-04-01 10:36:00,6930,6945,6928,6945,1874,210702,129493400.0,OI1905
2019-04-01 10:37:00,6944,6955,6938,6954,4916,210428,339695600.0,OI1905
2019-04-01 10:38:00,6952,6952,6939,6942,2296,210164,161254220.0,OI1905
2019-04-01 10:39:00,6943,6944,6940,6942,772,210304,53352920.0,OI1905
2019-04-01 10:40:00,6943,6944,6942,6943,952,210284,65792720.0,OI1905
2019-04-01 10:41:00,6944,6944,6942,6942,558,210098,38563380.0,OI1905
2019-04-01 10:42:00,6942,6943,6940,6942,554,210238,38286940.0,OI1905
2019-04-01 10:43:00,6942,6948,6942,6947,800,210370,55288000.0,OI1905
2019-04-01 10:44:00,6946,6953,6945,6948,1674,210468,115690140.0,OI1905
2019-04-01 10:45:00,6948,6949,6945,6946,682,210574,49793560.0,OI1905
2019-04-01 10:46:00,6945,6950,6943,6950,666,210636,46033920.0,OI1905
2019-04-01 10:47:00,6949,6950,6946,6946,402,210652,27786240.0,OI1905
2019-04-01 10:48:00,6947,6947,6944,6945,444,210608,30689280.0,OI1905
2019-04-01 10:49:00,6945,6948,6945,6947,204,210654,14100480.0,OI1905
2019-04-01 10:50:00,6947,6954,6946,6953,1086,210146,75064320.0,OI1905
2019-04-01 10:51:00,6952,6960,6952,6957,2358,209868,162984960.0,OI1905
2019-04-01 10:52:00,6956,6957,6951,6956,1120,209718,80137740.0,OI1905
2019-04-01 10:53:00,6955,6955,6952,6953,630,209638,43551900.0,OI1905
2019-04-01 10:54:00,6953,6956,6953,6954,354,209600,24472020.0,OI1905
2019-04-01 10:55:00,6954,6955,6951,6955,912,209440,63046560.0,OI1905
2019-04-01 10:56:00,6956,6964,6955,6962,1736,209774,120009680.0,OI1905
2019-04-01 10:57:00,6961,6969,6960,6964,3562,209840,249036340.0,OI1905
2019-04-01 10:58:00,6964,6977,6964,6974,3650,210066,255192780.0,OI1905
2019-04-01 10:59:00,6973,6973,6966,6968,1556,209872,107597400.0,OI1905
2019-04-01 11:00:00,6969,6975,6966,6974,1448,210112,100129200.0,OI1905
2019-04-01 11:01:00,6975,6975,6966,6969,1410,210368,97501500.0,OI1905
2019-04-01 11:02:00,6968,6970,6962,6962,1246,210064,89049280.0,OI1905
2019-04-01 11:03:00,6962,6966,6958,6959,1500,209708,103740000.0,OI1905
2019-04-01 11:04:00,6958,6964,6958,6961,1164,209738,80502240.0,OI1905
2019-04-01 11:05:00,6960,6963,6960,6962,622,209800,43017520.0,OI1905
2019-04-01 11:06:00,6961,6964,6959,6963,664,209578,45922240.0,OI1905
2019-04-01 11:07:00,6964,6966,6963,6966,442,209420,30568720.0,OI1905
2019-04-01 11:08:00,6966,6966,6962,6962,504,209498,34856640.0,OI1905
2019-04-01 11:09:00,6962,6963,6961,6962,344,209530,23791040.0,OI1905
2019-04-01 11:10:00,6961,6961,6959,6960,506,209486,34994960.0,OI1905
2019-04-01 11:11:00,6960,6960,6955,6957,998,209318,71977500.0,OI1905
2019-04-01 11:12:00,6956,6957,6953,6955,736,209258,50909120.0,OI1905
2019-04-01 11:13:00,6955,6957,6955,6956,484,209240,33478280.0,OI1905
2019-04-01 11:14:00,6955,6956,6952,6952,1618,209126,111917060.0,OI1905
2019-04-01 11:15:00,6952,6953,6940,6942,2556,209080,176798520.0,OI1905
2019-04-01 11:16:00,6943,6943,6931,6936,3624,209000,250672080.0,OI1905
2019-04-01 11:17:00,6938,6938,6927,6928,2006,209244,141821080.0,OI1905
2019-04-01 11:18:00,6928,6935,6928,6934,1484,209202,102663120.0,OI1905
2019-04-01 11:19:00,6933,6933,6931,6931,690,209300,47734200.0,OI1905
2019-04-01 11:20:00,6932,6936,6931,6934,1028,209284,71117040.0,OI1905
2019-04-01 11:21:00,6934,6936,6934,6936,1324,209228,91594320.0,OI1905
2019-04-01 11:22:00,6937,6938,6936,6937,398,209068,27533640.0,OI1905
2019-04-01 11:23:00,6936,6941,6936,6939,1140,209092,78865200.0,OI1905
2019-04-01 11:24:00,6938,6941,6937,6941,732,208936,50639760.0,OI1905
2019-04-01 11:25:00,6940,6941,6938,6939,652,208714,45105360.0,OI1905
2019-04-01 11:26:00,6939,6944,6939,6944,448,208606,30992640.0,OI1905
2019-04-01 11:27:00,6943,6947,6942,6946,794,208464,54928920.0,OI1905
2019-04-01 11:28:00,6946,6952,6946,6949,1238,208744,85644840.0,OI1905
2019-04-01 11:29:00,6948,6949,6946,6949,744,208586,51469920.0,OI1905
2019-04-01 13:30:00,6950,6959,6946,6957,1870,208914,129366600.0,OI1905
2019-04-01 13:31:00,6957,6957,6953,6954,716,208924,52731520.0,OI1905
2019-04-01 13:32:00,6954,6954,6947,6949,938,208986,64900220.0,OI1905
2019-04-01 13:33:00,6948,6948,6945,6945,742,208938,51338980.0,OI1905
2019-04-01 13:34:00,6945,6946,6942,6945,564,208836,39023160.0,OI1905
2019-04-01 13:35:00,6945,6945,6942,6942,426,208828,29474940.0,OI1905
2019-04-01 13:36:00,6942,6943,6937,6938,1036,208742,71680840.0,OI1905
2019-04-01 13:37:00,6938,6939,6935,6936,600,208752,41514000.0,OI1905
2019-04-01 13:38:00,6936,6942,6936,6940,692,208622,47879480.0,OI1905
2019-04-01 13:39:00,6940,6943,6939,6943,366,208530,25323540.0,OI1905
2019-04-01 13:40:00,6942,6943,6939,6940,468,208714,32380920.0,OI1905
2019-04-01 13:41:00,6940,6942,6939,6941,778,209020,53829820.0,OI1905
2019-04-01 13:42:00,6942,6942,6940,6941,118,209046,8164420.0,OI1905
2019-04-01 13:43:00,6941,6942,6940,6941,76,209076,5258440.0,OI1905
2019-04-01 13:44:00,6942,6951,6941,6949,1098,209166,75970620.0,OI1905
2019-04-01 13:45:00,6948,6953,6947,6948,946,209304,65453740.0,OI1905
2019-04-01 13:46:00,6948,6949,6948,6948,112,209306,7749280.0,OI1905
2019-04-01 13:47:00,6948,6948,6945,6946,214,209322,14806660.0,OI1905
2019-04-01 13:48:00,6947,6948,6946,6947,140,209314,9686600.0,OI1905
2019-04-01 13:49:00,6948,6948,6947,6948,154,209308,10655260.0,OI1905
2019-04-01 13:50:00,6948,6949,6947,6949,112,209342,7749280.0,OI1905
2019-04-01 13:51:00,6948,6950,6948,6949,136,209388,9409840.0,OI1905
2019-04-01 13:52:00,6949,6951,6949,6950,288,209364,19926720.0,OI1905
2019-04-01 13:53:00,6950,6950,6946,6947,362,209432,25046780.0,OI1905
2019-04-01 13:54:00,6946,6948,6946,6946,214,209332,14806660.0,OI1905
2019-04-01 13:55:00,6946,6948,6946,6947,86,209330,5950340.0,OI1905
2019-04-01 13:56:00,6947,6952,6947,6952,344,209380,23801360.0,OI1905
2019-04-01 13:57:00,6951,6952,6949,6949,202,209406,13976380.0,OI1905
2019-04-01 13:58:00,6949,6950,6948,6949,380,209386,26292200.0,OI1905
2019-04-01 13:59:00,6948,6949,6946,6947,302,209458,20895380.0,OI1905
2019-04-01 14:00:00,6948,6948,6941,6944,800,209492,58677580.0,OI1905
2019-04-01 14:01:00,6943,6945,6941,6941,290,209478,20068000.0,OI1905
2019-04-01 14:02:00,6942,6944,6941,6944,302,209364,20898400.0,OI1905
2019-04-01 14:03:00,6944,6945,6944,6944,124,209386,8580800.0,OI1905
2019-04-01 14:04:00,6945,6945,6941,6941,256,209504,17715200.0,OI1905
2019-04-01 14:05:00,6941,6942,6941,6942,406,209648,28095200.0,OI1905
2019-04-01 14:06:00,6942,6943,6941,6942,76,209644,5259200.0,OI1905
2019-04-01 14:07:00,6942,6942,6941,6941,74,209670,5120800.0,OI1905
2019-04-01 14:08:00,6941,6941,6936,6939,830,209630,57436000.0,OI1905
2019-04-01 14:09:00,6939,6940,6936,6936,554,209610,38336800.0,OI1905
2019-04-01 14:10:00,6936,6937,6932,6934,1024,209410,70860800.0,OI1905
2019-04-01 14:11:00,6933,6934,6930,6931,1700,209290,117640000.0,OI1905
2019-04-01 14:12:00,6931,6932,6926,6929,1684,209408,116532800.0,OI1905
2019-04-01 14:13:00,6930,6930,6923,6924,1270,209194,87884000.0,OI1905
2019-04-01 14:14:00,6923,6930,6923,6929,1130,209118,78196000.0,OI1905
2019-04-01 14:15:00,6930,6933,6929,6933,616,209230,42627200.0,OI1905
2019-04-01 14:16:00,6932,6933,6930,6931,314,209298,21728800.0,OI1905
2019-04-01 14:17:00,6930,6931,6930,6930,76,209312,5259200.0,OI1905
2019-04-01 14:18:00,6931,6934,6931,6934,426,209204,29479200.0,OI1905
2019-04-01 14:19:00,6934,6935,6932,6933,534,209262,36952800.0,OI1905
2019-04-01 14:20:00,6932,6932,6931,6931,156,209256,10795200.0,OI1905
2019-04-01 14:21:00,6932,6933,6931,6931,122,209256,8442400.0,OI1905
2019-04-01 14:22:00,6931,6932,6927,6927,394,209266,27264800.0,OI1905
2019-04-01 14:23:00,6927,6930,6927,6929,508,209160,35153600.0,OI1905
2019-04-01 14:24:00,6930,6933,6928,6933,236,209172,16331200.0,OI1905
2019-04-01 14:25:00,6933,6935,6933,6934,434,209150,30032800.0,OI1905
2019-04-01 14:26:00,6934,6934,6932,6932,266,209220,18407200.0,OI1905
2019-04-01 14:27:00,6932,6940,6931,6936,916,209092,63387200.0,OI1905
2019-04-01 14:28:00,6937,6938,6935,6936,368,209146,25465600.0,OI1905
2019-04-01 14:29:00,6937,6937,6935,6936,222,209092,15362400.0,OI1905
2019-04-01 14:30:00,6936,6936,6933,6933,356,209102,24635200.0,OI1905
2019-04-01 14:31:00,6934,6934,6929,6931,578,209228,39997600.0,OI1905
2019-04-01 14:32:00,6932,6932,6930,6930,182,209236,12594400.0,OI1905
2019-04-01 14:33:00,6930,6934,6930,6933,242,209192,16746400.0,OI1905
2019-04-01 14:34:00,6933,6934,6932,6932,328,209196,22697600.0,OI1905
2019-04-01 14:35:00,6931,6933,6931,6932,176,209256,12179200.0,OI1905
2019-04-01 14:36:00,6933,6934,6932,6934,190,209256,13148000.0,OI1905
2019-04-01 14:37:00,6933,6935,6933,6935,98,209254,6781600.0,OI1905
2019-04-01 14:38:00,6935,6936,6934,6936,358,209272,24773600.0,OI1905
2019-04-01 14:39:00,6936,6937,6933,6935,124,209246,8580800.0,OI1905
2019-04-01 14:40:00,6935,6936,6933,6934,168,209238,11625600.0,OI1905
2019-04-01 14:41:00,6934,6935,6933,6933,264,209254,18268800.0,OI1905
2019-04-01 14:42:00,6934,6937,6933,6937,476,209228,32939200.0,OI1905
2019-04-01 14:43:00,6936,6936,6932,6933,354,209276,24496800.0,OI1905
2019-04-01 14:44:00,6933,6935,6932,6934,162,209212,11210400.0,OI1905
2019-04-01 14:45:00,6934,6937,6934,6936,276,209108,19099200.0,OI1905
2019-04-01 14:46:00,6936,6940,6936,6938,792,208960,54806400.0,OI1905
2019-04-01 14:47:00,6938,6939,6936,6937,336,208878,23251200.0,OI1905
2019-04-01 14:48:00,6936,6938,6934,6935,878,208890,60757600.0,OI1905
2019-04-01 14:49:00,6936,6936,6933,6933,376,208878,26019200.0,OI1905
2019-04-01 14:50:00,6933,6934,6926,6929,1304,208622,90236800.0,OI1905
2019-04-01 14:51:00,6928,6930,6927,6930,806,208530,55775200.0,OI1905
2019-04-01 14:52:00,6930,6930,6928,6929,358,208462,24773600.0,OI1905
2019-04-01 14:53:00,6929,6930,6928,6928,374,208414,25880800.0,OI1905
2019-04-01 14:54:00,6928,6930,6928,6928,342,208326,23666400.0,OI1905
2019-04-01 14:55:00,6929,6929,6927,6928,702,208108,52163060.0,OI1905
2019-04-01 14:56:00,6927,6928,6924,6924,1332,207672,92187720.0,OI1905
2019-04-01 14:57:00,6924,6930,6924,6928,1494,206740,103399740.0,OI1905
2019-04-01 14:58:00,6929,6930,6925,6930,2128,205414,147278880.0,OI1905
2019-04-01 14:59:00,6930,6944,6929,6938,3284,203994,227285640.0,OI1905
2019-04-01 21:00:00,6953,6956,6942,6954,2298,208382,159733980.0,OI1909
2019-04-01 21:01:00,6955,6955,6937,6942,2158,207746,149913460.0,OI1909
2019-04-01 21:02:00,6941,6949,6937,6947,1134,207500,78689860.0,OI1909
2019-04-01 21:03:00,6946,6950,6944,6950,1284,207478,89199480.0,OI1909
2019-04-01 21:04:00,6949,6950,6941,6942,1446,207812,100453620.0,OI1909
2019-04-01 21:05:00,6943,6945,6933,6937,1640,207866,113731600.0,OI1909
2019-04-01 21:06:00,6936,6942,6930,6940,868,207852,60174320.0,OI1909
2019-04-01 21:07:00,6938,6939,6934,6938,804,207982,55829760.0,OI1909
2019-04-01 21:08:00,6939,6942,6938,6940,372,207996,25831680.0,OI1909
2019-04-01 21:09:00,6940,6944,6940,6944,302,208014,20970880.0,OI1909
2019-04-01 21:10:00,6944,6945,6941,6941,514,208104,35692160.0,OI1909
2019-04-01 21:11:00,6941,6941,6939,6940,152,208056,10554880.0,OI1909
2019-04-01 21:12:00,6940,6941,6937,6937,594,208144,41111700.0,OI1909
2019-04-01 21:13:00,6937,6940,6936,6937,992,207870,68874560.0,OI1909
2019-04-01 21:14:00,6938,6940,6937,6938,490,207856,34020700.0,OI1909
2019-04-01 21:15:00,6938,6940,6936,6937,248,207844,17218640.0,OI1909
2019-04-01 21:16:00,6938,6938,6925,6926,1538,208294,106446660.0,OI1909
2019-04-01 21:17:00,6926,6931,6924,6926,1398,208494,96852860.0,OI1909
2019-04-01 21:18:00,6926,6930,6923,6923,778,208608,53993200.0,OI1909
2019-04-01 21:19:00,6923,6927,6920,6924,1640,208188,113403000.0,OI1909
2019-04-01 21:20:00,6925,6931,6925,6929,1158,207954,80342040.0,OI1909
2019-04-01 21:21:00,6931,6936,6929,6936,882,207722,61193160.0,OI1909
2019-04-01 21:22:00,6936,6940,6935,6936,668,207662,46345840.0,OI1909
2019-04-01 21:23:00,6936,6939,6935,6938,944,207908,65494720.0,OI1909
2019-04-01 21:24:00,6938,6940,6936,6938,1544,208300,107122720.0,OI1909
2019-04-01 21:25:00,6936,6937,6934,6937,240,208308,16651200.0,OI1909
2019-04-01 21:26:00,6936,6937,6934,6935,426,208406,29555880.0,OI1909
2019-04-01 21:27:00,6935,6939,6935,6939,214,208460,14847320.0,OI1909
2019-04-01 21:28:00,6939,6943,6938,6941,584,208322,40517920.0,OI1909
2019-04-01 21:29:00,6941,6943,6940,6942,470,208406,32608600.0,OI1909
2019-04-01 21:30:00,6943,6944,6941,6944,614,208432,42599320.0,OI1909
2019-04-01 21:31:00,6944,6944,6940,6942,340,208466,23589200.0,OI1909
2019-04-01 21:32:00,6943,6943,6939,6939,388,208570,26919440.0,OI1909
2019-04-01 21:33:00,6939,6940,6936,6938,648,208616,44958240.0,OI1909
2019-04-01 21:34:00,6940,6942,6938,6941,154,208690,10684520.0,OI1909
2019-04-01 21:35:00,6941,6941,6939,6940,212,208744,14708560.0,OI1909
2019-04-01 21:36:00,6940,6940,6937,6937,252,208712,17483760.0,OI1909
2019-04-01 21:37:00,6937,6940,6937,6939,256,208726,17761280.0,OI1909
2019-04-01 21:38:00,6939,6941,6937,6938,280,208804,19426400.0,OI1909
2019-04-01 21:39:00,6939,6940,6937,6937,248,208744,17206240.0,OI1909
2019-04-01 21:40:00,6938,6938,6936,6938,130,208766,9019400.0,OI1909
2019-04-01 21:41:00,6937,6939,6937,6938,150,208836,10407000.0,OI1909
2019-04-01 21:42:00,6938,6938,6932,6932,274,208816,19010120.0,OI1909
2019-04-01 21:43:00,6932,6942,6932,6939,512,208790,35522560.0,OI1909
2019-04-01 21:44:00,6939,6939,6938,6939,124,208806,8603120.0,OI1909
2019-04-01 21:45:00,6938,6939,6933,6933,392,208754,27196960.0,OI1909
2019-04-01 21:46:00,6934,6938,6933,6936,226,208704,15679880.0,OI1909
2019-04-01 21:47:00,6937,6937,6936,6937,42,208726,2913960.0,OI1909
2019-04-01 21:48:00,6938,6940,6937,6940,122,208706,8464360.0,OI1909
2019-04-01 21:49:00,6939,6939,6936,6936,88,208724,6105440.0,OI1909
2019-04-01 21:50:00,6937,6938,6936,6938,50,208718,3469000.0,OI1909
2019-04-01 21:51:00,6937,6941,6936,6939,160,208670,11100800.0,OI1909
2019-04-01 21:52:00,6939,6939,6935,6936,226,208640,15679880.0,OI1909
2019-04-01 21:53:00,6936,6940,6936,6938,164,208672,11378320.0,OI1909
2019-04-01 21:54:00,6939,6939,6936,6936,132,208714,9158160.0,OI1909
2019-04-01 21:55:00,6938,6938,6936,6936,62,208680,4301560.0,OI1909
2019-04-01 21:56:00,6936,6936,6930,6932,562,208518,38991560.0,OI1909
2019-04-01 21:57:00,6932,6934,6926,6929,472,208558,32747360.0,OI1909
2019-04-01 21:58:00,6929,6932,6926,6929,1188,208500,82060960.0,OI1909
2019-04-01 21:59:00,6929,6932,6929,6930,154,208490,10682980.0,OI1909
2019-04-01 22:00:00,6929,6931,6928,6930,220,208538,15261400.0,OI1909
2019-04-01 22:01:00,6929,6931,6929,6930,196,208540,13596520.0,OI1909
2019-04-01 22:02:00,6930,6930,6926,6928,218,208492,15122660.0,OI1909
2019-04-01 22:03:00,6929,6930,6928,6930,140,208514,9711800.0,OI1909
2019-04-01 22:04:00,6930,6930,6928,6929,150,208610,10405500.0,OI1909
2019-04-01 22:05:00,6929,6929,6914,6917,1446,208504,100309020.0,OI1909
2019-04-01 22:06:00,6917,6918,6907,6912,2182,208880,150546260.0,OI1909
2019-04-01 22:07:00,6910,6916,6910,6914,688,208970,47712800.0,OI1909
2019-04-01 22:08:00,6915,6917,6913,6916,536,209000,37171600.0,OI1909
2019-04-01 22:09:00,6915,6916,6913,6915,1466,209402,101230660.0,OI1909
2019-04-01 22:10:00,6915,6919,6915,6916,522,209382,36195480.0,OI1909
2019-04-01 22:11:00,6916,6916,6913,6916,384,209418,26626560.0,OI1909
2019-04-01 22:12:00,6914,6918,6914,6914,798,209218,54879840.0,OI1909
2019-04-01 22:13:00,6915,6923,6915,6921,908,209098,62951640.0,OI1909
2019-04-01 22:14:00,6921,6921,6919,6919,240,209062,16639200.0,OI1909
2019-04-01 22:15:00,6918,6919,6916,6919,318,209032,22046940.0,OI1909
2019-04-01 22:16:00,6918,6918,6915,6917,320,208996,22185600.0,OI1909
2019-04-01 22:17:00,6917,6919,6917,6919,126,209034,8735580.0,OI1909
2019-04-01 22:18:00,6919,6920,6917,6917,78,209038,5407740.0,OI1909
2019-04-01 22:19:00,6917,6918,6912,6913,318,208966,22046940.0,OI1909
2019-04-01 22:20:00,6913,6916,6912,6913,318,209044,21567200.0,OI1909
2019-04-01 22:21:00,6913,6916,6913,6914,96,209064,6654720.0,OI1909
2019-04-01 22:22:00,6914,6916,6913,6915,84,209026,5822880.0,OI1909
2019-04-01 22:23:00,6913,6916,6913,6916,148,209056,10259360.0,OI1909
2019-04-01 22:24:00,6916,6917,6915,6917,160,209056,11091200.0,OI1909
2019-04-01 22:25:00,6916,6920,6916,6919,356,209050,24677920.0,OI1909
2019-04-01 22:26:00,6920,6921,6920,6920,218,209008,15111760.0,OI1909
2019-04-01 22:27:00,6920,6920,6917,6918,232,209022,16082240.0,OI1909
2019-04-01 22:28:00,6917,6919,6917,6919,22,209026,1525040.0,OI1909
2019-04-01 22:29:00,6919,6920,6919,6920,54,209036,3743280.0,OI1909
2019-04-01 22:30:00,6918,6920,6918,6919,76,209012,5268320.0,OI1909
2019-04-01 22:31:00,6918,6918,6915,6915,188,208982,13032160.0,OI1909
2019-04-01 22:32:00,6916,6918,6916,6917,106,208996,7347920.0,OI1909
2019-04-01 22:33:00,6919,6919,6917,6918,70,208994,4852400.0,OI1909
2019-04-01 22:34:00,6918,6918,6917,6917,152,208992,10536640.0,OI1909
2019-04-01 22:35:00,6917,6917,6916,6917,92,208964,6377440.0,OI1909
2019-04-01 22:36:00,6917,6918,6916,6917,44,208956,3050080.0,OI1909
2019-04-01 22:37:00,6917,6918,6917,6918,24,208956,1663680.0,OI1909
2019-04-01 22:38:00,6918,6918,6917,6917,8,208952,554560.0,OI1909
2019-04-01 22:39:00,6917,6920,6917,6920,156,208968,10813920.0,OI1909
2019-04-01 22:40:00,6920,6922,6918,6918,310,208842,21489200.0,OI1909
2019-04-01 22:41:00,6919,6920,6918,6920,480,209034,33273600.0,OI1909
2019-04-01 22:42:00,6920,6925,6920,6924,744,208964,51056140.0,OI1909
2019-04-01 22:43:00,6923,6930,6923,6928,874,208812,60576940.0,OI1909
2019-04-01 22:44:00,6926,6928,6925,6925,310,208868,21486100.0,OI1909
2019-04-01 22:45:00,6925,6929,6925,6929,320,208880,22179200.0,OI1909
2019-04-01 22:46:00,6928,6937,6927,6936,1570,208744,108816700.0,OI1909
2019-04-01 22:47:00,6938,6949,6936,6944,2132,208636,148338920.0,OI1909
2019-04-01 22:48:00,6943,6946,6941,6942,2206,209868,152919920.0,OI1909
2019-04-01 22:49:00,6943,6950,6942,6949,1206,209858,84204040.0,OI1909
2019-04-01 22:50:00,6949,6950,6944,6944,750,209764,51997500.0,OI1909
2019-04-01 22:51:00,6946,6946,6943,6944,368,209792,25513440.0,OI1909
2019-04-01 22:52:00,6943,6946,6942,6944,302,209692,20937660.0,OI1909
2019-04-01 22:53:00,6944,6944,6941,6941,334,209612,23156220.0,OI1909
2019-04-01 22:54:00,6941,6943,6940,6941,1174,210598,81393420.0,OI1909
2019-04-01 22:55:00,6940,6944,6940,6944,1186,211202,82225380.0,OI1909
2019-04-01 22:56:00,6944,6947,6944,6944,420,211152,29118600.0,OI1909
2019-04-01 22:57:00,6944,6944,6943,6944,46,211150,3189180.0,OI1909
2019-04-01 22:58:00,6943,6945,6942,6944,156,211172,10815480.0,OI1909
2019-04-01 22:59:00,6944,6948,6944,6948,346,211108,23988180.0,OI1909
2019-04-01 23:00:00,6946,6947,6941,6941,424,211032,29395920.0,OI1909
2019-04-01 23:01:00,6941,6945,6941,6944,248,210932,17193840.0,OI1909
2019-04-01 23:02:00,6943,6944,6943,6943,40,210918,2773200.0,OI1909
2019-04-01 23:03:00,6944,6946,6943,6945,134,210912,9953620.0,OI1909
2019-04-01 23:04:00,6945,6946,6945,6945,100,210892,6934000.0,OI1909
2019-04-01 23:05:00,6945,6947,6945,6946,174,210862,12065160.0,OI1909
2019-04-01 23:06:00,6946,6946,6944,6945,126,210796,8736840.0,OI1909
2019-04-01 23:07:00,6944,6953,6944,6952,1958,211660,135767720.0,OI1909
2019-04-01 23:08:00,6951,6951,6946,6948,334,211670,23159560.0,OI1909
2019-04-01 23:09:00,6948,6951,6947,6950,406,211566,28152040.0,OI1909
2019-04-01 23:10:00,6949,6950,6948,6948,84,211532,5824560.0,OI1909
2019-04-01 23:11:00,6949,6951,6948,6951,242,211482,16780280.0,OI1909
2019-04-01 23:12:00,6951,6952,6950,6951,132,211406,9152880.0,OI1909
2019-04-01 23:13:00,6950,6951,6949,6950,238,211280,16502920.0,OI1909
2019-04-01 23:14:00,6950,6950,6947,6948,206,211228,14284040.0,OI1909
2019-04-01 23:15:00,6946,6947,6945,6946,194,211146,13451960.0,OI1909
2019-04-01 23:16:00,6946,6946,6946,6946,24,211142,1664160.0,OI1909
2019-04-01 23:17:00,6946,6946,6943,6943,168,211090,11649120.0,OI1909
2019-04-01 23:18:00,6943,6946,6943,6946,94,211038,6517960.0,OI1909
2019-04-01 23:19:00,6945,6946,6945,6945,30,211016,2080200.0,OI1909
2019-04-01 23:20:00,6945,6946,6944,6946,52,210998,3605680.0,OI1909
2019-04-01 23:21:00,6946,6948,6946,6947,72,210974,5702220.0,OI1909
2019-04-01 23:22:00,6946,6947,6945,6945,112,210944,7767200.0,OI1909
2019-04-01 23:23:00,6944,6946,6943,6946,166,210944,11512100.0,OI1909
2019-04-01 23:24:00,6946,6946,6944,6945,90,210912,6241500.0,OI1909
2019-04-01 23:25:00,6944,6945,6944,6945,56,210930,3883600.0,OI1909
2019-04-01 23:26:00,6944,6948,6943,6946,272,210774,18863200.0,OI1909
2019-04-01 23:27:00,6946,6947,6945,6946,164,210808,11373400.0,OI1909
2019-04-01 23:28:00,6945,6947,6944,6944,334,210718,23162900.0,OI1909
2019-04-01 23:29:00,6943,6946,6943,6944,390,210390,27046500.0,OI1909
2019-04-02 09:00:00,6946,6956,6945,6947,1148,210550,79613800.0,OI1909
2019-04-02 09:01:00,6948,6952,6942,6942,862,210830,59779700.0,OI1909
2019-04-02 09:02:00,6944,6950,6941,6947,428,210928,29681800.0,OI1909
2019-04-02 09:03:00,6948,6950,6944,6946,506,211012,35091100.0,OI1909
2019-04-02 09:04:00,6946,6948,6943,6944,502,211164,34813700.0,OI1909
2019-04-02 09:05:00,6944,6945,6934,6937,1152,211034,79891200.0,OI1909
2019-04-02 09:06:00,6935,6942,6933,6933,940,210804,65189000.0,OI1909
2019-04-02 09:07:00,6935,6941,6932,6941,410,210832,28433500.0,OI1909
2019-04-02 09:08:00,6939,6945,6939,6942,398,210884,27601300.0,OI1909
2019-04-02 09:09:00,6942,6944,6941,6944,212,210910,14702200.0,OI1909
2019-04-02 09:10:00,6943,6945,6941,6941,214,210934,14840900.0,OI1909
2019-04-02 09:11:00,6942,6943,6939,6942,456,210788,31623600.0,OI1909
2019-04-02 09:12:00,6940,6943,6939,6940,204,210738,14147400.0,OI1909
2019-04-02 09:13:00,6941,6943,6940,6943,122,210774,8460700.0,OI1909
2019-04-02 09:14:00,6943,6948,6943,6946,442,210734,31458240.0,OI1909
2019-04-02 09:15:00,6948,6952,6947,6951,680,210676,47164800.0,OI1909
2019-04-02 09:16:00,6952,6953,6950,6952,596,210668,41338560.0,OI1909
2019-04-02 09:17:00,6952,6952,6950,6952,92,210698,6381120.0,OI1909
2019-04-02 09:18:00,6952,6954,6948,6953,282,210736,19559520.0,OI1909
2019-04-02 09:19:00,6952,6952,6948,6951,196,210754,13594560.0,OI1909
2019-04-02 09:20:00,6950,6953,6950,6952,228,210804,15814080.0,OI1909
2019-04-02 09:21:00,6953,6954,6948,6948,394,210724,27327840.0,OI1909
2019-04-02 09:22:00,6949,6951,6947,6949,276,210768,19143360.0,OI1909
2019-04-02 09:23:00,6948,6948,6945,6947,114,210770,7907040.0,OI1909
2019-04-02 09:24:00,6946,6948,6946,6946,88,210794,6103680.0,OI1909
2019-04-02 09:25:00,6947,6948,6947,6947,104,210812,7213440.0,OI1909
2019-04-02 09:26:00,6947,6951,6947,6951,144,210836,9987840.0,OI1909
2019-04-02 09:27:00,6950,6950,6948,6948,200,210828,13872000.0,OI1909
2019-04-02 09:28:00,6950,6951,6947,6950,302,210840,20946720.0,OI1909
2019-04-02 09:29:00,6950,6950,6949,6949,16,210834,1109760.0,OI1909
2019-04-02 09:30:00,6950,6950,6946,6948,124,210834,8600640.0,OI1909
2019-04-02 09:31:00,6947,6951,6945,6951,404,210900,28021440.0,OI1909
2019-04-02 09:32:00,6952,6959,6949,6958,1216,211158,85201860.0,OI1909
2019-04-02 09:33:00,6956,6958,6954,6956,772,211298,53553640.0,OI1909
2019-04-02 09:34:00,6957,6957,6954,6956,236,211272,16371320.0,OI1909
2019-04-02 09:35:00,6956,6958,6955,6956,236,211358,16371320.0,OI1909
2019-04-02 09:36:00,6956,6957,6952,6953,258,211442,17897460.0,OI1909
2019-04-02 09:37:00,6953,6955,6952,6952,80,211450,5549600.0,OI1909
2019-04-02 09:38:00,6952,6957,6952,6953,224,211472,15538880.0,OI1909
2019-04-02 09:39:00,6952,6957,6951,6955,294,211554,20394780.0,OI1909
2019-04-02 09:40:00,6953,6953,6950,6950,144,211576,9989280.0,OI1909
2019-04-02 09:41:00,6951,6952,6950,6951,242,211644,16787540.0,OI1909
2019-04-02 09:42:00,6951,6955,6951,6953,372,211470,25805640.0,OI1909
2019-04-02 09:43:00,6954,6955,6952,6953,310,211500,21504700.0,OI1909
2019-04-02 09:44:00,6953,6958,6953,6955,280,211574,19423600.0,OI1909
2019-04-02 09:45:00,6957,6960,6955,6959,270,211616,18729900.0,OI1909
2019-04-02 09:46:00,6959,6965,6958,6965,1276,211430,89426160.0,OI1909
2019-04-02 09:47:00,6964,6967,6963,6966,1112,211652,77150560.0,OI1909
2019-04-02 09:48:00,6965,6966,6961,6966,812,211702,56336560.0,OI1909
2019-04-02 09:49:00,6966,6974,6964,6969,1600,211636,111953280.0,OI1909
2019-04-02 09:50:00,6970,6975,6969,6974,2552,212128,178054080.0,OI1909
2019-04-02 09:51:00,6975,6980,6973,6979,1614,212070,112011600.0,OI1909
2019-04-02 09:52:00,6979,6979,6974,6976,502,212048,34838800.0,OI1909
2019-04-02 09:53:00,6974,6976,6967,6970,1176,212012,82618120.0,OI1909
2019-04-02 09:54:00,6970,6971,6969,6969,198,212016,13743180.0,OI1909
2019-04-02 09:55:00,6970,6971,6968,6970,332,211958,23044120.0,OI1909
2019-04-02 09:56:00,6970,6970,6966,6967,330,211876,22905300.0,OI1909
2019-04-02 09:57:00,6967,6974,6967,6973,560,211930,38869600.0,OI1909
2019-04-02 09:58:00,6973,6973,6970,6973,116,211994,8051560.0,OI1909
2019-04-02 09:59:00,6973,6973,6969,6970,88,211980,6108080.0,OI1909
2019-04-02 10:00:00,6970,6973,6969,6971,192,211950,13326720.0,OI1909
2019-04-02 10:01:00,6971,6978,6970,6974,616,211722,42756560.0,OI1909
2019-04-02 10:02:00,6976,6978,6974,6974,266,211754,19493760.0,OI1909
2019-04-02 10:03:00,6974,6979,6974,6978,412,211778,28601040.0,OI1909
2019-04-02 10:04:00,6977,6980,6976,6979,886,211654,61506120.0,OI1909
2019-04-02 10:05:00,6979,6983,6973,6978,1102,211600,76500840.0,OI1909
2019-04-02 10:06:00,6979,6984,6978,6983,588,211780,41879540.0,OI1909
2019-04-02 10:07:00,6983,6985,6979,6984,686,211698,47628980.0,OI1909
2019-04-02 10:08:00,6983,6987,6983,6985,1194,211690,82899420.0,OI1909
2019-04-02 10:09:00,6985,6987,6985,6985,276,211680,19162680.0,OI1909
2019-04-02 10:10:00,6985,6988,6984,6984,390,211844,28163740.0,OI1909
2019-04-02 10:11:00,6984,6988,6984,6987,658,211916,45691520.0,OI1909
2019-04-02 10:12:00,6987,6990,6985,6987,1144,212202,79439360.0,OI1909
2019-04-02 10:13:00,6988,6988,6985,6986,572,212250,40829460.0,OI1909
2019-04-02 10:14:00,6987,6987,6983,6985,356,212116,24724200.0,OI1909
2019-04-02 10:30:00,6985,6988,6984,6987,626,212214,43475700.0,OI1909
2019-04-02 10:31:00,6987,6987,6984,6986,166,212246,11528700.0,OI1909
2019-04-02 10:32:00,6985,6985,6979,6984,896,212154,62227200.0,OI1909
2019-04-02 10:33:00,6983,6983,6978,6979,334,212142,23196300.0,OI1909
2019-04-02 10:34:00,6979,6982,6978,6980,388,212010,26946600.0,OI1909
2019-04-02 10:35:00,6979,6981,6979,6979,172,211956,13084560.0,OI1909
2019-04-02 10:36:00,6981,6983,6979,6983,236,211990,16392560.0,OI1909
2019-04-02 10:37:00,6982,6983,6980,6980,120,212002,8335200.0,OI1909
2019-04-02 10:38:00,6981,6983,6981,6983,242,212092,16809320.0,OI1909
2019-04-02 10:39:00,6983,6985,6982,6985,158,212054,10974680.0,OI1909
2019-04-02 10:40:00,6985,6988,6983,6987,366,212148,25422360.0,OI1909
2019-04-02 10:41:00,6988,6990,6986,6988,460,212408,31951600.0,OI1909
2019-04-02 10:42:00,6988,6989,6986,6988,162,212444,11252520.0,OI1909
2019-04-02 10:43:00,6986,6990,6986,6987,298,212546,20699080.0,OI1909
2019-04-02 10:44:00,6986,6987,6984,6986,186,212520,12919560.0,OI1909
2019-04-02 10:45:00,6987,6991,6986,6991,648,212606,46178000.0,OI1909
2019-04-02 10:46:00,6991,6993,6990,6990,326,212602,22647220.0,OI1909
2019-04-02 10:47:00,6991,6994,6990,6994,1052,213058,73082440.0,OI1909
2019-04-02 10:48:00,6995,6995,6992,6994,698,213480,48490060.0,OI1909
2019-04-02 10:49:00,6994,6994,6989,6991,458,213612,33010520.0,OI1909
2019-04-02 10:50:00,6991,6991,6984,6984,508,213480,35295840.0,OI1909
2019-04-02 10:51:00,6985,6986,6983,6985,384,213364,26680320.0,OI1909
2019-04-02 10:52:00,6984,6992,6983,6992,358,213430,24873840.0,OI1909
2019-04-02 10:53:00,6990,6995,6988,6991,608,213704,42243840.0,OI1909
2019-04-02 10:54:00,6992,6997,6991,6997,1056,214056,74593280.0,OI1909
2019-04-02 10:55:00,6995,7005,6995,7005,2782,214594,194571400.0,OI1909
2019-04-02 10:56:00,7005,7005,6996,6998,1022,214680,71029000.0,OI1909
2019-04-02 10:57:00,6998,6998,6993,6994,638,214498,44341000.0,OI1909
2019-04-02 10:58:00,6993,6997,6993,6995,444,214534,32129260.0,OI1909
2019-04-02 10:59:00,6995,6997,6992,6995,368,214558,25579680.0,OI1909
2019-04-02 11:00:00,6995,6995,6992,6992,190,214542,13206900.0,OI1909
2019-04-02 11:01:00,6992,6994,6991,6994,480,214358,33364800.0,OI1909
2019-04-02 11:02:00,6994,6995,6993,6994,186,214398,12928860.0,OI1909
2019-04-02 11:03:00,6993,6997,6993,6994,414,214366,28777140.0,OI1909
2019-04-02 11:04:00,6994,6995,6991,6995,378,214376,26274780.0,OI1909
2019-04-02 11:05:00,6994,6997,6994,6997,288,214298,20018880.0,OI1909
2019-04-02 11:06:00,6997,6997,6992,6992,152,214272,10565520.0,OI1909
2019-04-02 11:07:00,6993,6995,6992,6994,250,214318,17377500.0,OI1909
2019-04-02 11:08:00,6994,6996,6988,6989,694,214158,49545200.0,OI1909
2019-04-02 11:09:00,6990,6994,6989,6989,332,214168,23080640.0,OI1909
2019-04-02 11:10:00,6990,6991,6988,6991,216,214196,15016320.0,OI1909
2019-04-02 11:11:00,6990,6993,6990,6991,182,214148,12652640.0,OI1909
2019-04-02 11:12:00,6991,6992,6990,6990,82,214136,5700640.0,OI1909
2019-04-02 11:13:00,6990,6992,6990,6990,124,214096,8620480.0,OI1909
2019-04-02 11:14:00,6990,6994,6988,6993,596,214232,41433920.0,OI1909
2019-04-02 11:15:00,6993,6994,6991,6992,180,214196,12513600.0,OI1909
2019-04-02 11:16:00,6992,6995,6991,6992,304,214150,21134080.0,OI1909
2019-04-02 11:17:00,6991,6991,6988,6989,238,214016,16545760.0,OI1909
2019-04-02 11:18:00,6988,6990,6984,6985,684,213680,47551680.0,OI1909
2019-04-02 11:19:00,6984,6988,6984,6986,250,213728,18717140.0,OI1909
2019-04-02 11:20:00,6987,6988,6977,6981,1198,213414,83296940.0,OI1909
2019-04-02 11:21:00,6979,6986,6979,6983,770,213458,53538100.0,OI1909
2019-04-02 11:22:00,6983,6984,6982,6982,44,213456,3059320.0,OI1909
2019-04-02 11:23:00,6982,6985,6982,6985,80,213478,5562400.0,OI1909
2019-04-02 11:24:00,6985,6988,6984,6987,292,213596,20302760.0,OI1909
2019-04-02 11:25:00,6987,6988,6985,6986,166,213624,11541980.0,OI1909
2019-04-02 11:26:00,6985,6986,6985,6986,174,213660,12098220.0,OI1909
2019-04-02 11:27:00,6986,6986,6985,6986,170,213572,11820100.0,OI1909
2019-04-02 11:28:00,6986,6988,6985,6988,158,213512,10985740.0,OI1909
2019-04-02 11:29:00,6988,6990,6988,6990,310,213426,21554300.0,OI1909
2019-04-02 13:30:00,6997,7029,6997,7020,6050,213094,424950280.0,OI1909
2019-04-02 13:31:00,7012,7026,7012,7025,2034,213604,142936640.0,OI1909
2019-04-02 13:32:00,7023,7028,7021,7024,1778,214172,125164840.0,OI1909
2019-04-02 13:33:00,7023,7025,7017,7019,1626,214446,113137080.0,OI1909
2019-04-02 13:34:00,7019,7024,7019,7022,1212,214876,85828720.0,OI1909
2019-04-02 13:35:00,7024,7025,7021,7024,922,215276,64161980.0,OI1909
2019-04-02 13:36:00,7024,7024,7015,7019,1554,215762,109665380.0,OI1909
2019-04-02 13:37:00,7018,7021,7017,7017,378,215826,26308800.0,OI1909
2019-04-02 13:38:00,7018,7019,7016,7018,222,215860,15451200.0,OI1909
2019-04-02 13:39:00,7018,7024,7017,7018,1872,216166,131838440.0,OI1909
2019-04-02 13:40:00,7020,7020,7016,7017,1288,216058,89657680.0,OI1909
2019-04-02 13:41:00,7018,7018,7015,7017,734,216086,51093740.0,OI1909
2019-04-02 13:42:00,7017,7021,7015,7020,476,216180,34706580.0,OI1909
2019-04-02 13:43:00,7020,7023,7017,7019,594,216316,41354280.0,OI1909
2019-04-02 13:44:00,7020,7020,7017,7019,194,216340,13506280.0,OI1909
2019-04-02 13:45:00,7019,7020,7016,7018,680,216286,47341600.0,OI1909
2019-04-02 13:46:00,7017,7017,7010,7011,926,216206,64468120.0,OI1909
2019-04-02 13:47:00,7010,7011,7007,7009,830,216264,59389060.0,OI1909
2019-04-02 13:48:00,7008,7009,7005,7007,934,216446,65034420.0,OI1909
2019-04-02 13:49:00,7006,7009,7005,7006,1020,216672,71022600.0,OI1909
2019-04-02 13:50:00,7006,7010,7003,7004,768,216750,53475840.0,OI1909
2019-04-02 13:51:00,7005,7009,7005,7009,334,216644,23256420.0,OI1909
2019-04-02 13:52:00,7009,7012,7008,7012,402,216656,29630300.0,OI1909
2019-04-02 13:53:00,7012,7015,7009,7011,770,216728,53622800.0,OI1909
2019-04-02 13:54:00,7010,7013,7010,7010,120,216748,8356800.0,OI1909
2019-04-02 13:55:00,7010,7011,7009,7010,130,216784,9053200.0,OI1909
2019-04-02 13:56:00,7009,7009,7006,7007,162,216766,11281680.0,OI1909
2019-04-02 13:57:00,7006,7006,7001,7004,456,216772,31755840.0,OI1909
2019-04-02 13:58:00,7003,7004,7002,7004,278,216768,19359920.0,OI1909
2019-04-02 13:59:00,7005,7006,7004,7004,142,216762,9888880.0,OI1909
2019-04-02 14:00:00,7004,7004,6996,6996,762,216796,53065680.0,OI1909
2019-04-02 14:01:00,6996,6999,6996,6999,596,216864,41505440.0,OI1909
2019-04-02 14:02:00,6999,7000,6998,7000,214,216908,14902960.0,OI1909
2019-04-02 14:03:00,6999,6999,6998,6998,222,217018,17137640.0,OI1909
2019-04-02 14:04:00,6998,6998,6996,6996,286,217038,19919900.0,OI1909
2019-04-02 14:05:00,6997,7000,6996,6997,436,217172,30367400.0,OI1909
2019-04-02 14:06:00,6996,6999,6996,6996,248,217294,17273200.0,OI1909
2019-04-02 14:07:00,6998,6998,6994,6995,276,217314,19223400.0,OI1909
2019-04-02 14:08:00,6995,6999,6995,6999,144,217292,10029600.0,OI1909
2019-04-02 14:09:00,6999,7000,6998,6999,192,217336,13372800.0,OI1909
2019-04-02 14:10:00,6998,6999,6996,6997,270,217446,18805500.0,OI1909
2019-04-02 14:11:00,6997,6999,6997,6998,114,217438,7940100.0,OI1909
2019-04-02 14:12:00,6999,7002,6998,7001,158,217450,11004700.0,OI1909
2019-04-02 14:13:00,7001,7002,7000,7001,78,217438,5432700.0,OI1909
2019-04-02 14:14:00,7001,7002,7001,7001,128,217432,8915200.0,OI1909
2019-04-02 14:15:00,7002,7002,7000,7000,230,217462,16019500.0,OI1909
2019-04-02 14:16:00,6999,7000,6998,6998,130,217462,9054500.0,OI1909
2019-04-02 14:17:00,6998,6998,6993,6995,250,217416,17412500.0,OI1909
2019-04-02 14:18:00,6994,6994,6983,6984,1616,216858,112554400.0,OI1909
2019-04-02 14:19:00,6984,6989,6984,6985,882,216820,61431300.0,OI1909
2019-04-02 14:20:00,6985,6987,6984,6986,404,216882,28138600.0,OI1909
2019-04-02 14:21:00,6986,6988,6982,6987,702,216940,50637300.0,OI1909
2019-04-02 14:22:00,6987,6988,6986,6986,414,217012,28839240.0,OI1909
2019-04-02 14:23:00,6987,6987,6985,6986,120,217010,8359200.0,OI1909
2019-04-02 14:24:00,6986,6986,6985,6985,206,216942,14349960.0,OI1909
2019-04-02 14:25:00,6985,6989,6985,6989,328,216912,22848480.0,OI1909
2019-04-02 14:26:00,6989,6995,6988,6995,492,216860,34272720.0,OI1909
2019-04-02 14:27:00,6994,6995,6992,6994,268,216886,18668880.0,OI1909
2019-04-02 14:28:00,6994,6994,6990,6993,198,217010,13792680.0,OI1909
2019-04-02 14:29:00,6992,6994,6991,6994,136,217014,9473760.0,OI1909
2019-04-02 14:30:00,6994,6996,6993,6995,278,216984,19365480.0,OI1909
2019-04-02 14:31:00,6996,6996,6992,6994,90,216980,6269400.0,OI1909
2019-04-02 14:32:00,6995,6996,6994,6996,212,216898,14767920.0,OI1909
2019-04-02 14:33:00,6996,6997,6994,6997,284,216774,19783440.0,OI1909
2019-04-02 14:34:00,6996,6999,6996,6998,306,216702,21315960.0,OI1909
2019-04-02 14:35:00,6999,6999,6997,6998,578,216942,40263480.0,OI1909
2019-04-02 14:36:00,6999,7000,6998,7000,474,217186,33018840.0,OI1909
2019-04-02 14:37:00,7000,7000,6998,6999,360,217240,25077600.0,OI1909
2019-04-02 14:38:00,6999,6999,6997,6997,156,217258,10866960.0,OI1909
2019-04-02 14:39:00,6997,6998,6996,6998,246,217274,17136360.0,OI1909
2019-04-02 14:40:00,6998,6998,6996,6997,70,217294,4876200.0,OI1909
2019-04-02 14:41:00,6997,6998,6996,6997,64,217302,4458240.0,OI1909
2019-04-02 14:42:00,6998,6998,6997,6997,52,217318,3622320.0,OI1909
2019-04-02 14:43:00,6997,6998,6996,6998,72,217322,5015520.0,OI1909
2019-04-02 14:44:00,6998,6998,6996,6997,176,217374,12260160.0,OI1909
2019-04-02 14:45:00,6998,6999,6995,6995,304,217430,21176640.0,OI1909
2019-04-02 14:46:00,6995,6995,6988,6989,460,217388,33850040.0,OI1909
2019-04-02 14:47:00,6988,6991,6988,6990,324,217404,22573080.0,OI1909
2019-04-02 14:48:00,6989,6990,6988,6989,396,217302,27589320.0,OI1909
2019-04-02 14:49:00,6992,6995,6991,6994,370,217248,25777900.0,OI1909
2019-04-02 14:50:00,6994,6995,6990,6991,416,217252,28982720.0,OI1909
2019-04-02 14:51:00,6992,6994,6990,6993,454,217390,31630180.0,OI1909
2019-04-02 14:52:00,6993,6998,6991,6996,902,217256,62842340.0,OI1909
2019-04-02 14:53:00,6998,7000,6996,6999,1002,217264,69809340.0,OI1909
2019-04-02 14:54:00,6999,7000,6999,7000,450,217354,31351500.0,OI1909
2019-04-02 14:55:00,7000,7000,6999,6999,432,217552,30097440.0,OI1909
2019-04-02 14:56:00,6999,7000,6998,7000,178,217584,12401260.0,OI1909
2019-04-02 14:57:00,6999,7000,6998,7000,144,217618,10032480.0,OI1909
2019-04-02 14:58:00,7000,7000,6999,6999,306,217722,21319020.0,OI1909
2019-04-02 14:59:00,6999,7000,6998,6999,654,217686,45564180.0,OI1909
2019-04-02 21:00:00,7010,7026,7007,7025,2506,218454,175946260.0,OI1909
2019-04-02 21:01:00,7025,7026,7021,7021,1582,219150,111113100.0,OI1909
2019-04-02 21:02:00,7021,7023,7008,7008,1434,219180,100585040.0,OI1909
2019-04-02 21:03:00,7010,7018,7006,7012,1400,219148,98210780.0,OI1909
2019-04-02 21:04:00,7011,7015,7004,7006,1370,219664,95994460.0,OI1909
2019-04-02 21:05:00,7007,7009,7002,7003,570,219832,39908280.0,OI1909
2019-04-02 21:06:00,7004,7011,7003,7009,834,219850,58416480.0,OI1909
2019-04-02 21:07:00,7010,7010,7007,7009,474,219750,33251100.0,OI1909
2019-04-02 21:08:00,7009,7014,7008,7014,810,219960,56821500.0,OI1909
2019-04-02 21:09:00,7013,7018,7013,7017,962,220006,67484300.0,OI1909
2019-04-02 21:10:00,7017,7021,7016,7017,688,219958,48263200.0,OI1909
2019-04-02 21:11:00,7018,7023,7017,7020,1176,220034,82496400.0,OI1909
2019-04-02 21:12:00,7021,7026,7021,7025,1292,219916,90784780.0,OI1909
2019-04-02 21:13:00,7026,7040,7025,7040,3306,220242,232501080.0,OI1909
2019-04-02 21:14:00,7040,7040,7031,7034,1312,220386,92286440.0,OI1909
2019-04-02 21:15:00,7034,7035,7028,7029,1144,220262,80308800.0,OI1909
2019-04-02 21:16:00,7030,7035,7029,7033,888,220228,62555080.0,OI1909
2019-04-02 21:17:00,7032,7034,7031,7031,552,220190,38755920.0,OI1909
2019-04-02 21:18:00,7032,7033,7030,7031,424,220234,29769040.0,OI1909
2019-04-02 21:19:00,7030,7032,7029,7030,300,220160,21293240.0,OI1909
2019-04-02 21:20:00,7029,7032,7029,7031,310,220234,21768200.0,OI1909
2019-04-02 21:21:00,7031,7033,7030,7033,366,220256,25700520.0,OI1909
2019-04-02 21:22:00,7034,7034,7029,7030,670,220114,47047400.0,OI1909
2019-04-02 21:23:00,7030,7032,7029,7030,320,220136,22470400.0,OI1909
2019-04-02 21:24:00,7031,7031,7029,7029,228,220032,16010160.0,OI1909
2019-04-02 21:25:00,7029,7032,7029,7030,322,219958,22610840.0,OI1909
2019-04-02 21:26:00,7031,7036,7031,7034,488,219998,34524640.0,OI1909
2019-04-02 21:27:00,7035,7036,7033,7033,590,220026,41435700.0,OI1909
2019-04-02 21:28:00,7033,7035,7031,7035,252,220058,17697960.0,OI1909
2019-04-02 21:29:00,7035,7037,7034,7037,726,220052,50986980.0,OI1909
2019-04-02 21:30:00,7037,7038,7033,7035,1216,219878,85684800.0,OI1909
2019-04-02 21:31:00,7037,7039,7035,7035,578,219728,40598720.0,OI1909
2019-04-02 21:32:00,7035,7040,7033,7033,1960,219800,137980900.0,OI1909
2019-04-02 21:33:00,7033,7035,7030,7031,714,219936,50158500.0,OI1909
2019-04-02 21:34:00,7030,7033,7024,7028,1794,219998,126028500.0,OI1909
2019-04-02 21:35:00,7026,7029,7026,7029,732,220228,51423000.0,OI1909
2019-04-02 21:36:00,7026,7029,7022,7025,774,220228,54373500.0,OI1909
2019-04-02 21:37:00,7024,7026,7021,7024,764,220130,53671000.0,OI1909
2019-04-02 21:38:00,7024,7032,7024,7032,1348,219908,94697000.0,OI1909
2019-04-02 21:39:00,7030,7033,7030,7031,658,219914,46224500.0,OI1909
2019-04-02 21:40:00,7031,7032,7029,7030,252,219896,17703000.0,OI1909
2019-04-02 21:41:00,7029,7030,7029,7030,168,219860,11802000.0,OI1909
2019-04-02 21:42:00,7029,7032,7029,7031,204,219848,14715580.0,OI1909
2019-04-02 21:43:00,7031,7032,7030,7030,220,219882,15457200.0,OI1909
2019-04-02 21:44:00,7031,7032,7028,7028,206,219898,14473560.0,OI1909
2019-04-02 21:45:00,7030,7031,7028,7031,230,219890,16159800.0,OI1909
2019-04-02 21:46:00,7031,7032,7029,7031,176,220004,12365760.0,OI1909
2019-04-02 21:47:00,7031,7035,7030,7033,398,220060,27963480.0,OI1909
2019-04-02 21:48:00,7033,7035,7032,7034,318,220136,22342680.0,OI1909
2019-04-02 21:49:00,7034,7034,7032,7033,212,220052,14895120.0,OI1909
2019-04-02 21:50:00,7032,7033,7032,7032,88,220100,6182880.0,OI1909
2019-04-02 21:51:00,7032,7032,7029,7030,410,219970,28806600.0,OI1909
2019-04-02 21:52:00,7030,7032,7029,7030,308,219912,21640080.0,OI1909
2019-04-02 21:53:00,7030,7030,7028,7029,288,219778,20234880.0,OI1909
2019-04-02 21:54:00,7030,7030,7024,7025,564,219558,39626640.0,OI1909
2019-04-02 21:55:00,7026,7027,7025,7026,150,219552,10539000.0,OI1909
2019-04-02 21:56:00,7027,7028,7026,7026,244,219622,17143440.0,OI1909
2019-04-02 21:57:00,7026,7026,7021,7022,320,219454,22483200.0,OI1909
2019-04-02 21:58:00,7022,7022,7018,7020,906,219252,63655560.0,OI1909
2019-04-02 21:59:00,7021,7021,7020,7020,346,219226,24309960.0,OI1909
2019-04-02 22:00:00,7020,7022,7016,7021,534,219180,37518840.0,OI1909
2019-04-02 22:01:00,7021,7022,7021,7022,130,219152,9133800.0,OI1909
2019-04-02 22:02:00,7022,7023,7021,7022,194,219164,13630440.0,OI1909
2019-04-02 22:03:00,7022,7023,7022,7023,34,219166,2388840.0,OI1909
2019-04-02 22:04:00,7023,7025,7023,7025,192,219182,13489920.0,OI1909
2019-04-02 22:05:00,7024,7027,7023,7023,378,219234,26558280.0,OI1909
2019-04-02 22:06:00,7022,7023,7020,7020,210,219232,14754600.0,OI1909
2019-04-02 22:07:00,7020,7020,7019,7020,476,219290,33443760.0,OI1909
2019-04-02 22:08:00,7020,7021,7019,7021,214,219340,15035640.0,OI1909
2019-04-02 22:09:00,7021,7026,7021,7024,252,219362,17240960.0,OI1909
2019-04-02 22:10:00,7024,7026,7023,7026,264,219330,18546000.0,OI1909
2019-04-02 22:11:00,7025,7030,7024,7029,590,219420,41920600.0,OI1909
2019-04-02 22:12:00,7027,7029,7027,7029,366,219428,25715160.0,OI1909
2019-04-02 22:13:00,7027,7028,7024,7024,300,219460,21078000.0,OI1909
2019-04-02 22:14:00,7024,7028,7024,7028,70,219466,4918200.0,OI1909
2019-04-02 22:15:00,7027,7030,7026,7030,840,219640,59018400.0,OI1909
2019-04-02 22:16:00,7030,7033,7030,7033,556,219608,39064560.0,OI1909
2019-04-02 22:17:00,7031,7037,7030,7036,1224,219902,85998240.0,OI1909
2019-04-02 22:18:00,7037,7037,7033,7036,874,220264,61407240.0,OI1909
2019-04-02 22:19:00,7037,7038,7030,7034,1192,220012,83749920.0,OI1909
2019-04-02 22:20:00,7034,7034,7031,7031,238,220042,16721880.0,OI1909
2019-04-02 22:21:00,7031,7034,7031,7033,198,219992,13911480.0,OI1909
2019-04-02 22:22:00,7033,7035,7032,7035,344,220028,24169440.0,OI1909
2019-04-02 22:23:00,7035,7044,7034,7039,1996,220462,140794040.0,OI1909
2019-04-02 22:24:00,7039,7050,7039,7047,1684,220828,118334680.0,OI1909
2019-04-02 22:25:00,7046,7054,7043,7049,1186,220956,83924000.0,OI1909
2019-04-02 22:26:00,7048,7056,7045,7046,1694,220930,119054320.0,OI1909
2019-04-02 22:27:00,7048,7051,7046,7050,846,220786,60066060.0,OI1909
2019-04-02 22:28:00,7050,7064,7050,7056,3804,219700,268030380.0,OI1909
2019-04-02 22:29:00,7054,7058,7051,7052,952,219664,67582340.0,OI1909
2019-04-02 22:30:00,7055,7055,7052,7053,246,219666,17296260.0,OI1909
2019-04-02 22:31:00,7054,7054,7047,7047,400,219684,28124000.0,OI1909
2019-04-02 22:32:00,7047,7050,7046,7049,262,219710,18421220.0,OI1909
2019-04-02 22:33:00,7049,7049,7045,7046,288,219638,20249280.0,OI1909
2019-04-02 22:34:00,7046,7047,7045,7046,256,219564,17999360.0,OI1909
2019-04-02 22:35:00,7045,7048,7045,7047,418,219512,29389580.0,OI1909
2019-04-02 22:36:00,7046,7047,7039,7042,1026,219308,72138060.0,OI1909
2019-04-02 22:37:00,7041,7043,7038,7039,528,219148,37123680.0,OI1909
2019-04-02 22:38:00,7039,7040,7039,7039,350,219000,24608500.0,OI1909
2019-04-02 22:39:00,7039,7044,7038,7043,552,218916,39511120.0,OI1909
2019-04-02 22:40:00,7042,7042,7034,7036,1038,218492,72992160.0,OI1909
2019-04-02 22:41:00,7036,7037,7034,7035,716,218218,50349120.0,OI1909
2019-04-02 22:42:00,7035,7037,7034,7035,322,218130,22643040.0,OI1909
2019-04-02 22:43:00,7035,7036,7034,7035,272,218040,19127040.0,OI1909
2019-04-02 22:44:00,7036,7041,7035,7041,336,218094,23627520.0,OI1909
2019-04-02 22:45:00,7042,7042,7040,7040,164,218172,11532480.0,OI1909
2019-04-02 22:46:00,7039,7049,7039,7046,744,218410,52318080.0,OI1909
2019-04-02 22:47:00,7045,7048,7045,7048,360,218446,25315200.0,OI1909
2019-04-02 22:48:00,7048,7049,7047,7047,602,218402,42332640.0,OI1909
2019-04-02 22:49:00,7044,7049,7044,7049,276,218380,19408320.0,OI1909
2019-04-02 22:50:00,7048,7049,7047,7049,176,218384,12376320.0,OI1909
2019-04-02 22:51:00,7051,7054,7050,7052,512,218248,36003840.0,OI1909
2019-04-02 22:52:00,7052,7053,7043,7043,546,218224,38394720.0,OI1909
2019-04-02 22:53:00,7045,7049,7043,7046,474,218260,34097060.0,OI1909
2019-04-02 22:54:00,7046,7050,7046,7049,1074,218134,75534420.0,OI1909
2019-04-02 22:55:00,7048,7049,7047,7048,280,218108,19692400.0,OI1909
2019-04-02 22:56:00,7049,7049,7043,7043,652,217918,45855160.0,OI1909
2019-04-02 22:57:00,7043,7048,7043,7047,524,217914,36852920.0,OI1909
2019-04-02 22:58:00,7048,7050,7047,7048,240,217872,16879200.0,OI1909
2019-04-02 22:59:00,7047,7048,7046,7048,168,217864,11815440.0,OI1909
2019-04-02 23:00:00,7047,7052,7047,7052,256,217892,18004480.0,OI1909
2019-04-02 23:01:00,7052,7056,7050,7053,854,218102,60061820.0,OI1909
2019-04-02 23:02:00,7054,7054,7048,7048,386,218188,27147380.0,OI1909
2019-04-02 23:03:00,7048,7049,7046,7047,338,218240,23771540.0,OI1909
2019-04-02 23:04:00,7048,7050,7047,7050,648,218380,46393420.0,OI1909
2019-04-02 23:05:00,7049,7051,7047,7050,518,218680,36436120.0,OI1909
2019-04-02 23:06:00,7050,7053,7049,7051,284,218722,19976560.0,OI1909
2019-04-02 23:07:00,7051,7052,7051,7052,152,218822,10691680.0,OI1909
2019-04-02 23:08:00,7051,7053,7051,7053,108,218872,7596720.0,OI1909
2019-04-02 23:09:00,7053,7053,7050,7051,122,218912,8581480.0,OI1909
2019-04-02 23:10:00,7051,7051,7049,7050,198,218920,13927320.0,OI1909
2019-04-02 23:11:00,7050,7050,7048,7049,112,218950,7878080.0,OI1909
2019-04-02 23:12:00,7048,7049,7047,7048,194,218882,13645960.0,OI1909
2019-04-02 23:13:00,7047,7050,7046,7048,290,218922,20398600.0,OI1909
2019-04-02 23:14:00,7049,7049,7048,7048,110,218888,7737400.0,OI1909
2019-04-02 23:15:00,7047,7050,7047,7049,196,218808,13786640.0,OI1909
2019-04-02 23:16:00,7048,7051,7048,7049,204,218854,14349360.0,OI1909
2019-04-02 23:17:00,7050,7050,7049,7049,88,218860,6189920.0,OI1909
2019-04-02 23:18:00,7049,7052,7049,7052,270,218988,18991800.0,OI1909
2019-04-02 23:19:00,7052,7057,7052,7056,454,219016,31934360.0,OI1909
2019-04-02 23:20:00,7056,7058,7055,7057,336,219156,23634240.0,OI1909
2019-04-02 23:21:00,7057,7061,7057,7059,726,218984,51930040.0,OI1909
2019-04-02 23:22:00,7059,7059,7055,7056,270,219068,18994500.0,OI1909
2019-04-02 23:23:00,7057,7062,7056,7062,356,219176,25044600.0,OI1909
2019-04-02 23:24:00,7060,7062,7060,7062,388,219214,27295800.0,OI1909
2019-04-02 23:25:00,7062,7067,7062,7063,1140,219568,80199000.0,OI1909
2019-04-02 23:26:00,7063,7066,7061,7065,260,219522,18291000.0,OI1909
2019-04-02 23:27:00,7066,7067,7063,7066,422,219506,29687700.0,OI1909
2019-04-02 23:28:00,7066,7067,7064,7064,348,219342,25376840.0,OI1909
2019-04-02 23:29:00,7063,7065,7060,7060,586,219164,41230960.0,OI1909
2019-04-03 09:00:00,7068,7068,7057,7061,2092,219272,147193120.0,OI1909
2019-04-03 09:01:00,7059,7063,7055,7055,630,219092,45254920.0,OI1909
2019-04-03 09:02:00,7055,7057,7053,7055,992,218930,69807040.0,OI1909
2019-04-03 09:03:00,7053,7058,7053,7058,710,218770,49962700.0,OI1909
2019-04-03 09:04:00,7058,7058,7053,7054,768,218842,54044160.0,OI1909
2019-04-03 09:05:00,7055,7057,7053,7054,452,218894,31807240.0,OI1909
2019-04-03 09:06:00,7053,7056,7053,7055,284,218954,19985080.0,OI1909
2019-04-03 09:07:00,7055,7058,7054,7056,610,219090,42925700.0,OI1909
2019-04-03 09:08:00,7055,7065,7055,7062,1540,219420,109351480.0,OI1909
2019-04-03 09:09:00,7061,7061,7050,7050,806,219362,56726280.0,OI1909
2019-04-03 09:10:00,7050,7054,7049,7052,1028,219266,72350640.0,OI1909
2019-04-03 09:11:00,7053,7054,7048,7052,630,219272,44339400.0,OI1909
2019-04-03 09:12:00,7051,7052,7049,7050,220,219286,15483600.0,OI1909
2019-04-03 09:13:00,7049,7052,7046,7046,1248,219072,87834240.0,OI1909
2019-04-03 09:14:00,7047,7050,7046,7049,448,218898,31530240.0,OI1909
2019-04-03 09:15:00,7050,7054,7049,7051,298,218888,20973240.0,OI1909
2019-04-03 09:16:00,7050,7052,7049,7050,284,218862,19987920.0,OI1909
2019-04-03 09:17:00,7049,7051,7044,7045,938,219146,66016440.0,OI1909
2019-04-03 09:18:00,7045,7046,7041,7045,630,218988,44339400.0,OI1909
2019-04-03 09:19:00,7045,7051,7044,7051,690,219064,48562200.0,OI1909
2019-04-03 09:20:00,7051,7053,7049,7053,294,219062,20691720.0,OI1909
2019-04-03 09:21:00,7053,7056,7051,7052,522,218996,36738360.0,OI1909
2019-04-03 09:22:00,7052,7054,7050,7053,208,218974,15703160.0,OI1909
2019-04-03 09:23:00,7053,7055,7051,7055,606,218828,42656340.0,OI1909
2019-04-03 09:24:00,7056,7058,7055,7056,442,218894,31112380.0,OI1909
2019-04-03 09:25:00,7056,7059,7055,7058,282,218998,19849980.0,OI1909
2019-04-03 09:26:00,7058,7058,7055,7056,136,219030,9573040.0,OI1909
2019-04-03 09:27:00,7056,7057,7056,7057,216,219104,15204240.0,OI1909
2019-04-03 09:28:00,7056,7056,7054,7054,202,219090,14218780.0,OI1909
2019-04-03 09:29:00,7054,7057,7054,7057,230,219178,16189700.0,OI1909
2019-04-03 09:30:00,7056,7057,7054,7056,488,219292,34350320.0,OI1909
2019-04-03 09:31:00,7055,7057,7055,7057,182,219352,12810980.0,OI1909
2019-04-03 09:32:00,7056,7056,7054,7054,130,219374,9150700.0,OI1909
2019-04-03 09:33:00,7055,7057,7055,7056,116,219400,8165240.0,OI1909
2019-04-03 09:34:00,7057,7059,7055,7057,278,219466,19568420.0,OI1909
2019-04-03 09:35:00,7058,7058,7055,7055,126,219454,8869140.0,OI1909
2019-04-03 09:36:00,7054,7055,7054,7055,176,219514,12388640.0,OI1909
2019-04-03 09:37:00,7055,7058,7055,7057,92,219526,6475880.0,OI1909
2019-04-03 09:38:00,7057,7058,7055,7055,112,219532,7883680.0,OI1909
2019-04-03 09:39:00,7055,7057,7055,7055,166,219628,11684740.0,OI1909
2019-04-03 09:40:00,7055,7057,7055,7056,110,219688,7742900.0,OI1909
2019-04-03 09:41:00,7056,7056,7054,7055,116,219732,8165240.0,OI1909
2019-04-03 09:42:00,7055,7055,7051,7053,328,219838,23087920.0,OI1909
2019-04-03 09:43:00,7053,7055,7052,7052,148,219852,10417720.0,OI1909
2019-04-03 09:44:00,7052,7053,7051,7052,260,219848,18301400.0,OI1909
2019-04-03 09:45:00,7051,7055,7050,7053,494,219984,34772660.0,OI1909
2019-04-03 09:46:00,7052,7055,7049,7050,308,220108,21680120.0,OI1909
2019-04-03 09:47:00,7050,7052,7049,7052,258,220060,18160620.0,OI1909
2019-04-03 09:48:00,7051,7052,7050,7051,102,220064,7179780.0,OI1909
2019-04-03 09:49:00,7050,7050,7044,7044,502,219890,35335780.0,OI1909
2019-04-03 09:50:00,7044,7053,7044,7052,416,219782,29282240.0,OI1909
2019-04-03 09:51:00,7052,7057,7052,7057,428,219856,31265540.0,OI1909
2019-04-03 09:52:00,7055,7060,7054,7058,772,220026,54348800.0,OI1909
2019-04-03 09:53:00,7059,7059,7056,7056,208,220084,14643200.0,OI1909
2019-04-03 09:54:00,7055,7056,7053,7054,238,220056,16755200.0,OI1909
2019-04-03 09:55:00,7053,7056,7052,7056,250,219998,17600000.0,OI1909
2019-04-03 09:56:00,7055,7056,7054,7055,106,220010,7462400.0,OI1909
2019-04-03 09:57:00,7054,7054,7052,7052,42,220004,2956800.0,OI1909
2019-04-03 09:58:00,7053,7054,7052,7054,154,219968,10841600.0,OI1909
2019-04-03 09:59:00,7053,7054,7052,7053,38,219978,2675200.0,OI1909
2019-04-03 10:00:00,7053,7056,7053,7054,168,220020,11827200.0,OI1909
2019-04-03 10:01:00,7053,7060,7052,7060,602,220376,42380800.0,OI1909
2019-04-03 10:02:00,7060,7060,7057,7058,268,220408,18867200.0,OI1909
2019-04-03 10:03:00,7058,7059,7056,7058,108,220412,7603200.0,OI1909
2019-04-03 10:04:00,7057,7057,7054,7056,1124,221104,79129600.0,OI1909
2019-04-03 10:05:00,7056,7056,7053,7053,204,221100,14361600.0,OI1909
2019-04-03 10:06:00,7053,7055,7053,7055,44,221134,3097600.0,OI1909
2019-04-03 10:07:00,7056,7057,7055,7055,40,221142,2816000.0,OI1909
2019-04-03 10:08:00,7055,7058,7055,7055,128,221118,9011200.0,OI1909
2019-04-03 10:09:00,7056,7058,7056,7056,136,221136,9574400.0,OI1909
2019-04-03 10:10:00,7057,7059,7057,7057,142,221186,9996800.0,OI1909
2019-04-03 10:11:00,7058,7059,7057,7059,118,221226,8307200.0,OI1909
2019-04-03 10:12:00,7058,7059,7058,7059,220,221236,15488000.0,OI1909
2019-04-03 10:13:00,7058,7059,7056,7056,272,221404,19148800.0,OI1909
2019-04-03 10:14:00,7056,7058,7056,7057,340,221586,23936000.0,OI1909
2019-04-03 10:30:00,7057,7060,7056,7059,792,221954,55756800.0,OI1909
2019-04-03 10:31:00,7058,7059,7057,7058,712,221920,51335680.0,OI1909
2019-04-03 10:32:00,7058,7059,7058,7059,224,221918,15771840.0,OI1909
2019-04-03 10:33:00,7059,7062,7058,7061,722,222126,50836020.0,OI1909
2019-04-03 10:34:00,7061,7063,7058,7060,750,222300,52807500.0,OI1909
2019-04-03 10:35:00,7059,7073,7059,7071,2724,223092,191796840.0,OI1909
2019-04-03 10:36:00,7072,7077,7070,7073,1864,223562,132517960.0,OI1909
2019-04-03 10:37:00,7074,7074,7062,7066,1510,223742,106334200.0,OI1909
2019-04-03 10:38:00,7066,7067,7061,7065,728,224088,51265760.0,OI1909
2019-04-03 10:39:00,7065,7065,7062,7063,376,224188,26477920.0,OI1909
2019-04-03 10:40:00,7062,7063,7057,7060,496,224008,34928320.0,OI1909
2019-04-03 10:41:00,7060,7061,7059,7059,384,224122,27041280.0,OI1909
2019-04-03 10:42:00,7060,7063,7059,7062,188,224090,13238960.0,OI1909
2019-04-03 10:43:00,7063,7070,7062,7070,546,224258,39765320.0,OI1909
2019-04-03 10:44:00,7070,7075,7068,7070,1042,224688,73388060.0,OI1909
2019-04-03 10:45:00,7070,7074,7069,7072,544,224966,38313920.0,OI1909
2019-04-03 10:46:00,7071,7076,7071,7074,1204,225554,84797720.0,OI1909
2019-04-03 10:47:00,7074,7076,7073,7076,856,225748,60288080.0,OI1909
2019-04-03 10:48:00,7076,7076,7074,7075,390,225988,28824060.0,OI1909
2019-04-03 10:49:00,7075,7075,7070,7072,454,226068,31979760.0,OI1909
2019-04-03 10:50:00,7071,7072,7070,7070,258,226118,18173520.0,OI1909
2019-04-03 10:51:00,7071,7071,7070,7071,84,226082,5916960.0,OI1909
2019-04-03 10:52:00,7071,7071,7070,7070,96,226076,6762240.0,OI1909
2019-04-03 10:53:00,7070,7076,7068,7070,1186,226294,83541840.0,OI1909
2019-04-03 10:54:00,7070,7071,7066,7069,370,226242,26062800.0,OI1909
2019-04-03 10:55:00,7070,7071,7062,7065,424,226116,29866560.0,OI1909
2019-04-03 10:56:00,7065,7068,7063,7067,220,226100,15496800.0,OI1909
2019-04-03 10:57:00,7068,7068,7065,7066,136,226078,9579840.0,OI1909
2019-04-03 10:58:00,7065,7068,7065,7066,116,226084,8171040.0,OI1909
2019-04-03 10:59:00,7066,7066,7064,7064,128,226060,9016320.0,OI1909
2019-04-03 11:00:00,7065,7070,7065,7069,252,226080,17750880.0,OI1909
2019-04-03 11:01:00,7069,7070,7067,7069,158,226074,11129520.0,OI1909
2019-04-03 11:02:00,7069,7069,7067,7067,186,226088,13101840.0,OI1909
2019-04-03 11:03:00,7067,7068,7066,7066,76,226096,5353440.0,OI1909
2019-04-03 11:04:00,7067,7067,7066,7066,94,226130,6621360.0,OI1909
2019-04-03 11:05:00,7067,7068,7066,7068,112,226116,7889280.0,OI1909
2019-04-03 11:06:00,7067,7070,7067,7070,152,226174,10706880.0,OI1909
2019-04-03 11:07:00,7070,7076,7070,7071,688,226226,48462720.0,OI1909
2019-04-03 11:08:00,7072,7074,7068,7074,296,226284,22261460.0,OI1909
2019-04-03 11:09:00,7073,7074,7070,7070,180,226364,12681000.0,OI1909
2019-04-03 11:10:00,7070,7070,7069,7069,92,226352,6481400.0,OI1909
2019-04-03 11:11:00,7070,7071,7068,7069,84,226334,5917800.0,OI1909
2019-04-03 11:12:00,7068,7070,7068,7070,46,226348,3240700.0,OI1909
2019-04-03 11:13:00,7071,7072,7069,7069,38,226364,2677100.0,OI1909
2019-04-03 11:14:00,7071,7072,7070,7071,86,226350,6058700.0,OI1909
2019-04-03 11:15:00,7071,7072,7069,7069,220,226244,15499000.0,OI1909
2019-04-03 11:16:00,7069,7069,7065,7065,354,226154,24939300.0,OI1909
2019-04-03 11:17:00,7064,7067,7064,7066,274,226086,19303300.0,OI1909
2019-04-03 11:18:00,7066,7069,7066,7067,80,226134,5636000.0,OI1909
2019-04-03 11:19:00,7067,7070,7067,7070,128,226144,9017600.0,OI1909
2019-04-03 11:20:00,7070,7070,7067,7067,92,226122,6481400.0,OI1909
2019-04-03 11:21:00,7067,7068,7065,7066,82,226092,5776900.0,OI1909
2019-04-03 11:22:00,7067,7067,7066,7067,50,226088,3522500.0,OI1909
2019-04-03 11:23:00,7067,7069,7066,7069,240,226034,16908000.0,OI1909
2019-04-03 11:24:00,7068,7071,7068,7071,244,226002,17189800.0,OI1909
2019-04-03 11:25:00,7071,7078,7071,7076,1002,226194,70590900.0,OI1909
2019-04-03 11:26:00,7075,7080,7074,7078,1802,226442,128413060.0,OI1909
2019-04-03 11:27:00,7078,7078,7071,7075,762,226586,53690520.0,OI1909
2019-04-03 11:28:00,7075,7080,7072,7073,766,226664,53972360.0,OI1909
2019-04-03 11:29:00,7074,7076,7072,7074,594,226404,41853240.0,OI1909
2019-04-03 13:30:00,7075,7076,7067,7068,1396,226322,98362160.0,OI1909
2019-04-03 13:31:00,7068,7075,7068,7072,1008,226178,71023680.0,OI1909
2019-04-03 13:32:00,7070,7074,7069,7074,318,226094,22406280.0,OI1909
2019-04-03 13:33:00,7074,7074,7070,7070,266,226028,18742360.0,OI1909
2019-04-03 13:34:00,7070,7073,7068,7068,370,225838,27587160.0,OI1909
2019-04-03 13:35:00,7068,7072,7068,7071,248,225848,17476560.0,OI1909
2019-04-03 13:36:00,7072,7072,7070,7070,176,225836,12402720.0,OI1909
2019-04-03 13:37:00,7070,7071,7069,7069,168,225880,11838960.0,OI1909
2019-04-03 13:38:00,7069,7072,7069,7071,348,225870,24523560.0,OI1909
2019-04-03 13:39:00,7071,7072,7070,7072,112,225868,7892640.0,OI1909
2019-04-03 13:40:00,7071,7072,7071,7071,82,225872,5778540.0,OI1909
2019-04-03 13:41:00,7071,7072,7070,7071,238,225796,16771860.0,OI1909
2019-04-03 13:42:00,7071,7075,7070,7071,760,225706,53557200.0,OI1909
2019-04-03 13:43:00,7071,7071,7068,7068,648,225658,45664560.0,OI1909
2019-04-03 13:44:00,7068,7070,7068,7070,196,225672,13812120.0,OI1909
2019-04-03 13:45:00,7069,7071,7068,7069,286,225770,20154420.0,OI1909
2019-04-03 13:46:00,7069,7069,7066,7067,480,225698,33825600.0,OI1909
2019-04-03 13:47:00,7067,7068,7065,7067,168,225674,11838960.0,OI1909
2019-04-03 13:48:00,7067,7067,7065,7067,184,225644,12966480.0,OI1909
2019-04-03 13:49:00,7068,7068,7067,7067,142,225636,10006740.0,OI1909
2019-04-03 13:50:00,7067,7069,7067,7068,224,225610,15785280.0,OI1909
2019-04-03 13:51:00,7069,7069,7068,7069,130,225602,9161100.0,OI1909
2019-04-03 13:52:00,7068,7068,7065,7066,248,225616,17476560.0,OI1909
2019-04-03 13:53:00,7065,7067,7063,7063,334,225586,23536980.0,OI1909
2019-04-03 13:54:00,7063,7067,7062,7066,330,225572,23255100.0,OI1909
2019-04-03 13:55:00,7067,7069,7066,7068,492,225858,34671240.0,OI1909
2019-04-03 13:56:00,7069,7070,7067,7070,210,225798,14798700.0,OI1909
2019-04-03 13:57:00,7069,7075,7069,7074,638,225654,44959860.0,OI1909
2019-04-03 13:58:00,7075,7076,7071,7072,462,225742,34147140.0,OI1909
2019-04-03 13:59:00,7072,7072,7069,7069,246,225968,17338080.0,OI1909
2019-04-03 14:00:00,7070,7070,7067,7067,222,225944,15646560.0,OI1909
2019-04-03 14:01:00,7066,7067,7064,7067,300,225918,21144000.0,OI1909
2019-04-03 14:02:00,7065,7068,7064,7066,464,225938,32702720.0,OI1909
2019-04-03 14:03:00,7066,7066,7064,7064,366,226022,25795680.0,OI1909
2019-04-03 14:04:00,7064,7070,7064,7069,314,226106,22130720.0,OI1909
2019-04-03 14:05:00,7069,7070,7065,7070,368,226170,25936640.0,OI1909
2019-04-03 14:06:00,7070,7071,7066,7068,256,226294,18042880.0,OI1909
2019-04-03 14:07:00,7068,7070,7068,7069,204,226286,14377920.0,OI1909
2019-04-03 14:08:00,7069,7070,7068,7069,132,226282,9303360.0,OI1909
2019-04-03 14:09:00,7069,7071,7068,7071,212,226228,14941760.0,OI1909
2019-04-03 14:10:00,7071,7073,7069,7071,516,226426,36367680.0,OI1909
2019-04-03 14:11:00,7071,7071,7069,7069,106,226494,7470880.0,OI1909
2019-04-03 14:12:00,7069,7072,7069,7072,186,226494,13109280.0,OI1909
2019-04-03 14:13:00,7072,7072,7069,7069,184,226442,12968320.0,OI1909
2019-04-03 14:14:00,7069,7072,7067,7069,550,226716,38764000.0,OI1909
2019-04-03 14:15:00,7070,7071,7069,7069,58,226712,4087840.0,OI1909
2019-04-03 14:16:00,7071,7071,7068,7069,122,226738,8598560.0,OI1909
2019-04-03 14:17:00,7070,7070,7065,7065,322,226700,22694560.0,OI1909
2019-04-03 14:18:00,7066,7066,7057,7059,1174,226568,82743520.0,OI1909
2019-04-03 14:19:00,7060,7061,7056,7059,822,226348,57934560.0,OI1909
2019-04-03 14:20:00,7058,7062,7058,7058,482,226238,33971360.0,OI1909
2019-04-03 14:21:00,7058,7062,7058,7061,266,226224,18747680.0,OI1909
2019-04-03 14:22:00,7061,7063,7060,7063,330,226288,23258400.0,OI1909
2019-04-03 14:23:00,7063,7068,7062,7066,466,226288,32843680.0,OI1909
2019-04-03 14:24:00,7066,7067,7061,7062,500,226446,36921680.0,OI1909
2019-04-03 14:25:00,7061,7062,7060,7060,162,226408,11419380.0,OI1909
2019-04-03 14:26:00,7060,7060,7058,7058,414,226180,29182860.0,OI1909
2019-04-03 14:27:00,7059,7060,7057,7057,332,226160,23402680.0,OI1909
2019-04-03 14:28:00,7060,7060,7057,7059,288,226098,20301120.0,OI1909
2019-04-03 14:29:00,7059,7063,7057,7060,410,225976,28900900.0,OI1909
2019-04-03 14:30:00,7060,7064,7060,7064,490,225854,34540100.0,OI1909
2019-04-03 14:31:00,7063,7064,7063,7064,90,225844,6344100.0,OI1909
2019-04-03 14:32:00,7063,7063,7060,7061,204,225788,14379960.0,OI1909
2019-04-03 14:33:00,7062,7064,7060,7063,180,225784,12688200.0,OI1909
2019-04-03 14:34:00,7063,7063,7060,7060,148,225762,10432520.0,OI1909
2019-04-03 14:35:00,7061,7064,7061,7063,130,225712,9163700.0,OI1909
2019-04-03 14:36:00,7063,7065,7062,7063,170,225752,11983300.0,OI1909
2019-04-03 14:37:00,7062,7064,7062,7063,66,225758,4652340.0,OI1909
2019-04-03 14:38:00,7064,7065,7061,7061,140,225776,9868600.0,OI1909
2019-04-03 14:39:00,7061,7062,7058,7058,294,225776,20724060.0,OI1909
2019-04-03 14:40:00,7058,7058,7053,7057,1288,226104,90791120.0,OI1909
2019-04-03 14:41:00,7059,7059,7055,7056,368,226104,25940320.0,OI1909
2019-04-03 14:42:00,7055,7058,7054,7056,378,226184,26645220.0,OI1909
2019-04-03 14:43:00,7057,7060,7056,7058,220,226116,15507800.0,OI1909
2019-04-03 14:44:00,7060,7060,7058,7059,140,226098,9868600.0,OI1909
2019-04-03 14:45:00,7059,7061,7058,7059,316,226130,22274840.0,OI1909
2019-04-03 14:46:00,7060,7061,7059,7060,126,226160,8881740.0,OI1909
2019-04-03 14:47:00,7060,7061,7058,7060,154,226090,10855460.0,OI1909
2019-04-03 14:48:00,7059,7062,7059,7060,446,226122,31438540.0,OI1909
2019-04-03 14:49:00,7061,7062,7057,7057,738,226260,52021620.0,OI1909
2019-04-03 14:50:00,7059,7060,7057,7058,248,226284,17481520.0,OI1909
2019-04-03 14:51:00,7057,7059,7057,7058,260,226368,18327400.0,OI1909
2019-04-03 14:52:00,7059,7061,7058,7059,486,226494,34258140.0,OI1909
2019-04-03 14:53:00,7060,7060,7057,7058,410,226546,28900900.0,OI1909
2019-04-03 14:54:00,7059,7060,7052,7054,1234,226608,86984660.0,OI1909
2019-04-03 14:55:00,7056,7058,7056,7057,322,226566,22697780.0,OI1909
2019-04-03 14:56:00,7058,7060,7057,7059,224,226520,15789760.0,OI1909
2019-04-03 14:57:00,7057,7060,7056,7059,596,226412,42012040.0,OI1909
2019-04-03 14:58:00,7060,7061,7059,7060,432,226330,30451680.0,OI1909
2019-04-03 14:59:00,7059,7060,7054,7058,750,226172,52867500.0,OI1909
2019-04-03 21:00:00,7058,7059,7042,7044,2312,227104,163065360.0,OI1909
2019-04-03 21:01:00,7045,7064,7045,7062,1452,227240,102371920.0,OI1909
2019-04-03 21:02:00,7062,7064,7057,7063,1292,227682,91263520.0,OI1909
2019-04-03 21:03:00,7063,7076,7063,7075,1404,228194,99310600.0,OI1909
2019-04-03 21:04:00,7073,7087,7072,7084,1822,228738,129029080.0,OI1909
2019-04-03 21:05:00,7084,7084,7078,7080,1114,228900,78880880.0,OI1909
2019-04-03 21:06:00,7080,7081,7077,7078,374,228910,26426840.0,OI1909
2019-04-03 21:07:00,7078,7079,7072,7076,526,228844,37270120.0,OI1909
2019-04-03 21:08:00,7075,7075,7073,7075,254,228858,17950180.0,OI1909
2019-04-03 21:09:00,7075,7075,7073,7075,346,228870,24451820.0,OI1909
2019-04-03 21:10:00,7075,7076,7072,7072,360,228774,25441200.0,OI1909
2019-04-03 21:11:00,7073,7077,7072,7075,268,228816,19054800.0,OI1909
2019-04-03 21:12:00,7073,7078,7073,7078,264,228870,18659520.0,OI1909
2019-04-03 21:13:00,7078,7080,7074,7078,534,229144,37743120.0,OI1909
2019-04-03 21:14:00,7078,7079,7077,7079,342,229344,24172560.0,OI1909
2019-04-03 21:15:00,7079,7080,7076,7076,476,229446,33775080.0,OI1909
2019-04-03 21:16:00,7076,7076,7074,7074,142,229460,10037980.0,OI1909
2019-04-03 21:17:00,7074,7075,7071,7071,294,229436,20782860.0,OI1909
2019-04-03 21:18:00,7072,7073,7068,7069,466,229430,32941540.0,OI1909
2019-04-03 21:19:00,7069,7071,7068,7071,390,229574,27569100.0,OI1909
2019-04-03 21:20:00,7070,7072,7066,7066,482,229642,34072580.0,OI1909
2019-04-03 21:21:00,7066,7067,7049,7052,2284,229120,161112000.0,OI1909
2019-04-03 21:22:00,7051,7055,7047,7048,1648,228848,116275700.0,OI1909
2019-04-03 21:23:00,7047,7053,7046,7052,1126,228770,79363440.0,OI1909
2019-04-03 21:24:00,7052,7054,7044,7048,1134,228592,79906040.0,OI1909
2019-04-03 21:25:00,7047,7051,7046,7049,668,228614,47187520.0,OI1909
2019-04-03 21:26:00,7048,7050,7037,7040,1460,228338,102669720.0,OI1909
2019-04-03 21:27:00,7040,7041,7035,7039,1778,228324,125312240.0,OI1909
2019-04-03 21:28:00,7039,7042,7037,7040,840,228368,59053880.0,OI1909
2019-04-03 21:29:00,7042,7044,7036,7038,1214,228872,85437740.0,OI1909
2019-04-03 21:30:00,7037,7037,7029,7030,2318,229274,163039940.0,OI1909
2019-04-03 21:31:00,7031,7034,7030,7034,510,229256,35691760.0,OI1909
2019-04-03 21:32:00,7034,7035,7031,7032,956,229426,67455360.0,OI1909
2019-04-03 21:33:00,7032,7034,7030,7032,488,229380,34119900.0,OI1909
2019-04-03 21:34:00,7032,7043,7030,7042,1190,229606,83954500.0,OI1909
2019-04-03 21:35:00,7041,7048,7040,7045,776,229462,54413760.0,OI1909
2019-04-03 21:36:00,7045,7049,7043,7045,732,229360,51635280.0,OI1909
2019-04-03 21:37:00,7045,7047,7044,7044,388,229360,27369520.0,OI1909
2019-04-03 21:38:00,7044,7047,7044,7046,268,229400,18904720.0,OI1909
2019-04-03 21:39:00,7045,7045,7043,7044,164,229372,11568560.0,OI1909
2019-04-03 21:40:00,7044,7047,7044,7047,228,229374,16083120.0,OI1909
2019-04-03 21:41:00,7046,7049,7044,7044,300,229430,21162000.0,OI1909
2019-04-03 21:42:00,7046,7047,7045,7045,216,229452,15236640.0,OI1909
2019-04-03 21:43:00,7045,7047,7044,7047,160,229484,11286400.0,OI1909
2019-04-03 21:44:00,7048,7048,7046,7046,122,229474,8605880.0,OI1909
2019-04-03 21:45:00,7046,7046,7044,7044,162,229516,11427480.0,OI1909
2019-04-03 21:46:00,7044,7044,7041,7044,346,229506,24406840.0,OI1909
2019-04-03 21:47:00,7042,7043,7042,7042,62,229494,4373480.0,OI1909
2019-04-03 21:48:00,7043,7045,7042,7044,208,229500,14305720.0,OI1909
2019-04-03 21:49:00,7043,7047,7043,7047,250,229562,17632500.0,OI1909
2019-04-03 21:50:00,7047,7047,7046,7047,186,229596,13118580.0,OI1909
2019-04-03 21:51:00,7047,7047,7044,7045,192,229598,13541760.0,OI1909
2019-04-03 21:52:00,7045,7046,7043,7046,180,229600,12695400.0,OI1909
2019-04-03 21:53:00,7045,7045,7039,7043,418,229614,29481540.0,OI1909
2019-04-03 21:54:00,7043,7043,7040,7042,272,229590,19184160.0,OI1909
2019-04-03 21:55:00,7043,7044,7042,7044,54,229586,3808620.0,OI1909
2019-04-03 21:56:00,7044,7046,7043,7045,138,229542,9733140.0,OI1909
2019-04-03 21:57:00,7044,7046,7044,7046,70,229536,4937100.0,OI1909
2019-04-03 21:58:00,7045,7046,7045,7045,38,229530,2680140.0,OI1909
2019-04-03 21:59:00,7046,7049,7045,7046,270,229548,19043100.0,OI1909
2019-04-03 22:00:00,7045,7048,7044,7047,152,229528,10720560.0,OI1909
2019-04-03 22:01:00,7047,7047,7044,7044,128,229534,9027840.0,OI1909
2019-04-03 22:02:00,7045,7045,7041,7043,394,229748,27788820.0,OI1909
2019-04-03 22:03:00,7042,7042,7041,7042,96,229710,6770880.0,OI1909
2019-04-03 22:04:00,7041,7042,7040,7040,258,229802,18196740.0,OI1909
2019-04-03 22:05:00,7038,7040,7031,7031,704,229860,49248520.0,OI1909
2019-04-03 22:06:00,7031,7037,7031,7036,322,229832,22707440.0,OI1909
2019-04-03 22:07:00,7037,7043,7036,7042,536,230042,37798720.0,OI1909
2019-04-03 22:08:00,7043,7046,7043,7044,438,230136,30887760.0,OI1909
2019-04-03 22:09:00,7044,7045,7042,7042,156,230124,11001120.0,OI1909
2019-04-03 22:10:00,7043,7043,7039,7043,134,230146,9449680.0,OI1909
2019-04-03 22:11:00,7042,7043,7041,7042,138,230144,9731760.0,OI1909
2019-04-03 22:12:00,7040,7042,7035,7041,488,230282,34413760.0,OI1909
2019-04-03 22:13:00,7041,7042,7039,7040,180,230294,12693600.0,OI1909
2019-04-03 22:14:00,7039,7039,7037,7037,168,230288,11847360.0,OI1909
2019-04-03 22:15:00,7038,7042,7038,7042,222,230322,15655440.0,OI1909
2019-04-03 22:16:00,7042,7043,7037,7038,336,230328,23258940.0,OI1909
2019-04-03 22:17:00,7038,7040,7038,7039,132,230324,9307320.0,OI1909
2019-04-03 22:18:00,7039,7039,7037,7037,132,230370,9307320.0,OI1909
2019-04-03 22:19:00,7037,7039,7032,7037,706,230454,49780060.0,OI1909
2019-04-03 22:20:00,7035,7037,7034,7035,444,230520,31306440.0,OI1909
2019-04-03 22:21:00,7035,7039,7035,7039,236,230534,16640360.0,OI1909
2019-04-03 22:22:00,7039,7040,7037,7037,180,230528,12691800.0,OI1909
2019-04-03 22:23:00,7037,7038,7037,7037,194,230584,13678940.0,OI1909
2019-04-03 22:24:00,7039,7045,7039,7041,456,230596,32152560.0,OI1909
2019-04-03 22:25:00,7040,7044,7039,7044,182,230596,12832820.0,OI1909
2019-04-03 22:26:00,7043,7043,7040,7040,194,230626,13678940.0,OI1909
2019-04-03 22:27:00,7042,7044,7040,7044,282,230714,19883820.0,OI1909
2019-04-03 22:28:00,7043,7048,7043,7047,750,231018,52882500.0,OI1909
2019-04-03 22:29:00,7047,7048,7044,7044,462,231182,32575620.0,OI1909
2019-04-03 22:30:00,7045,7046,7044,7044,114,231212,7557720.0,OI1909
2019-04-03 22:31:00,7044,7045,7043,7045,212,231166,14946000.0,OI1909
2019-04-03 22:32:00,7044,7046,7042,7043,66,231160,4653000.0,OI1909
2019-04-03 22:33:00,7044,7044,7042,7044,66,231160,4653000.0,OI1909
2019-04-03 22:34:00,7044,7045,7042,7042,50,231140,3525000.0,OI1909
2019-04-03 22:35:00,7044,7046,7044,7044,156,231154,10998000.0,OI1909
2019-04-03 22:36:00,7044,7044,7042,7042,74,231116,5217000.0,OI1909
2019-04-03 22:37:00,7043,7044,7043,7044,34,231124,2397000.0,OI1909
2019-04-03 22:38:00,7045,7047,7044,7047,122,231124,8601000.0,OI1909
2019-04-03 22:39:00,7046,7047,7043,7043,326,231206,22983000.0,OI1909
2019-04-03 22:40:00,7044,7046,7043,7046,78,231196,5499000.0,OI1909
2019-04-03 22:41:00,7045,7046,7044,7045,128,231178,9024000.0,OI1909
2019-04-03 22:42:00,7044,7047,7044,7047,136,231174,9588000.0,OI1909
2019-04-03 22:43:00,7047,7047,7045,7047,134,231184,9447000.0,OI1909
2019-04-03 22:44:00,7047,7047,7045,7045,96,231160,6768000.0,OI1909
2019-04-03 22:45:00,7046,7047,7044,7045,276,231130,19458000.0,OI1909
2019-04-03 22:46:00,7045,7047,7045,7046,116,231164,8178000.0,OI1909
2019-04-03 22:47:00,7046,7046,7045,7045,104,231216,7332000.0,OI1909
2019-04-03 22:48:00,7045,7046,7044,7044,146,231246,10293000.0,OI1909
2019-04-03 22:49:00,7043,7044,7042,7042,136,231224,9588000.0,OI1909
2019-04-03 22:50:00,7042,7043,7041,7041,132,231200,9306000.0,OI1909
2019-04-03 22:51:00,7041,7046,7041,7044,150,231182,10575000.0,OI1909
2019-04-03 22:52:00,7044,7045,7044,7044,60,231164,4230000.0,OI1909
2019-04-03 22:53:00,7044,7048,7044,7047,202,231136,14241000.0,OI1909
2019-04-03 22:54:00,7048,7048,7046,7047,214,231198,15087000.0,OI1909
2019-04-03 22:55:00,7047,7048,7046,7047,104,231212,7332000.0,OI1909
2019-04-03 22:56:00,7047,7054,7047,7052,868,231314,61194000.0,OI1909
2019-04-03 22:57:00,7051,7055,7051,7055,734,231666,51747000.0,OI1909
2019-04-03 22:58:00,7055,7065,7055,7059,1426,231892,100533000.0,OI1909
2019-04-03 22:59:00,7059,7062,7059,7062,714,232044,50888020.0,OI1909
2019-04-03 23:00:00,7060,7062,7055,7056,520,232090,36665200.0,OI1909
2019-04-03 23:01:00,7056,7058,7056,7056,140,232108,9871400.0,OI1909
2019-04-03 23:02:00,7058,7058,7056,7057,58,232120,4089580.0,OI1909
2019-04-03 23:03:00,7057,7058,7057,7057,44,232124,3102440.0,OI1909
2019-04-03 23:04:00,7056,7058,7056,7058,94,232122,6627940.0,OI1909
2019-04-03 23:05:00,7057,7059,7057,7058,90,232118,6345900.0,OI1909
2019-04-03 23:06:00,7058,7058,7057,7057,138,232110,9730380.0,OI1909
2019-04-03 23:07:00,7057,7058,7056,7058,80,232084,5640800.0,OI1909
2019-04-03 23:08:00,7057,7057,7056,7056,24,232068,1692240.0,OI1909
2019-04-03 23:09:00,7056,7056,7053,7054,414,231936,29191140.0,OI1909
2019-04-03 23:10:00,7054,7055,7053,7055,180,231934,12691800.0,OI1909
2019-04-03 23:11:00,7054,7054,7053,7054,46,231936,3243460.0,OI1909
2019-04-03 23:12:00,7054,7054,7053,7054,46,231916,3243460.0,OI1909
2019-04-03 23:13:00,7053,7054,7051,7051,270,231914,19037700.0,OI1909
2019-04-03 23:14:00,7051,7053,7051,7053,276,231960,19460760.0,OI1909
2019-04-03 23:15:00,7053,7053,7045,7046,514,231814,36242140.0,OI1909
2019-04-03 23:16:00,7046,7048,7045,7047,264,231694,18614640.0,OI1909
2019-04-03 23:17:00,7046,7046,7032,7032,1320,231532,92477000.0,OI1909
2019-04-03 23:18:00,7028,7037,7028,7035,1544,231272,108852000.0,OI1909
2019-04-03 23:19:00,7035,7037,7033,7037,508,231340,35814000.0,OI1909
2019-04-03 23:20:00,7037,7037,7035,7035,224,231320,15792000.0,OI1909
2019-04-03 23:21:00,7035,7040,7035,7039,340,231274,23970000.0,OI1909
2019-04-03 23:22:00,7040,7040,7039,7040,72,231234,5076000.0,OI1909
2019-04-03 23:23:00,7041,7041,7038,7039,198,231180,13959000.0,OI1909
2019-04-03 23:24:00,7037,7038,7035,7038,192,231140,13536000.0,OI1909
2019-04-03 23:25:00,7038,7038,7036,7037,170,231054,11985000.0,OI1909
2019-04-03 23:26:00,7038,7038,7037,7038,58,231014,4089000.0,OI1909
2019-04-03 23:27:00,7037,7038,7037,7038,136,230930,9588000.0,OI1909
2019-04-03 23:28:00,7037,7043,7037,7043,440,230722,31020000.0,OI1909
2019-04-03 23:29:00,7041,7048,7040,7042,322,230598,22062760.0,OI1909
2019-04-04 09:00:00,7042,7048,7030,7043,972,230586,68516280.0,OI1909
2019-04-04 09:01:00,7043,7044,7034,7035,622,230604,43844780.0,OI1909
2019-04-04 09:02:00,7036,7041,7035,7040,436,230720,30733640.0,OI1909
2019-04-04 09:03:00,7039,7040,7034,7035,256,230746,18045440.0,OI1909
2019-04-04 09:04:00,7035,7046,7035,7045,722,230830,50893780.0,OI1909
2019-04-04 09:05:00,7045,7045,7039,7040,242,230860,17058580.0,OI1909
2019-04-04 09:06:00,7041,7043,7040,7040,304,230988,21428960.0,OI1909
2019-04-04 09:07:00,7041,7041,7039,7040,426,231120,30028740.0,OI1909
2019-04-04 09:08:00,7041,7046,7041,7045,294,231140,20724060.0,OI1909
2019-04-04 09:09:00,7045,7047,7044,7047,518,231410,36513820.0,OI1909
2019-04-04 09:10:00,7045,7047,7044,7045,1098,231826,77398020.0,OI1909
2019-04-04 09:11:00,7045,7053,7045,7052,556,231882,39192440.0,OI1909
2019-04-04 09:12:00,7052,7057,7052,7055,1292,231666,91073080.0,OI1909
2019-04-04 09:13:00,7056,7056,7051,7053,598,231700,42153020.0,OI1909
2019-04-04 09:14:00,7053,7054,7051,7053,260,231744,18327400.0,OI1909
2019-04-04 09:15:00,7053,7055,7053,7053,468,231832,32989320.0,OI1909
2019-04-04 09:16:00,7053,7054,7052,7053,216,231876,15225840.0,OI1909
2019-04-04 09:17:00,7054,7054,7050,7051,178,231880,12547220.0,OI1909
2019-04-04 09:18:00,7050,7052,7050,7051,82,231852,5780180.0,OI1909
2019-04-04 09:19:00,7051,7052,7050,7052,76,231860,5357240.0,OI1909
2019-04-04 09:20:00,7052,7056,7052,7053,312,231810,21992880.0,OI1909
2019-04-04 09:21:00,7052,7060,7052,7057,676,231752,47651240.0,OI1909
2019-04-04 09:22:00,7058,7064,7057,7063,954,231750,67247460.0,OI1909
2019-04-04 09:23:00,7062,7063,7059,7063,552,231886,38910480.0,OI1909
2019-04-04 09:24:00,7062,7064,7060,7061,468,232018,32989320.0,OI1909
2019-04-04 09:25:00,7061,7062,7060,7062,182,232060,12829180.0,OI1909
2019-04-04 09:26:00,7062,7062,7060,7061,118,232096,9084840.0,OI1909
2019-04-04 09:27:00,7060,7062,7060,7060,120,232134,8460000.0,OI1909
2019-04-04 09:28:00,7060,7061,7059,7059,130,232102,9165000.0,OI1909
2019-04-04 09:29:00,7059,7060,7059,7059,74,232128,5217000.0,OI1909
2019-04-04 09:30:00,7059,7064,7059,7063,440,232306,31020000.0,OI1909
2019-04-04 09:31:00,7062,7064,7062,7063,148,232356,10434000.0,OI1909
2019-04-04 09:32:00,7063,7063,7060,7060,110,232364,7755000.0,OI1909
2019-04-04 09:33:00,7060,7060,7056,7057,422,232228,29751000.0,OI1909
2019-04-04 09:34:00,7056,7058,7056,7058,462,232360,32571000.0,OI1909
2019-04-04 09:35:00,7059,7059,7055,7055,148,232314,10434000.0,OI1909
2019-04-04 09:36:00,7055,7060,7055,7060,270,232278,19035000.0,OI1909
2019-04-04 09:37:00,7059,7059,7056,7056,278,232372,19599000.0,OI1909
2019-04-04 09:38:00,7056,7059,7056,7059,98,232416,6909000.0,OI1909
2019-04-04 09:39:00,7058,7058,7057,7057,82,232442,5781000.0,OI1909
2019-04-04 09:40:00,7058,7059,7056,7059,96,232400,6768000.0,OI1909
2019-04-04 09:41:00,7059,7060,7056,7057,260,232440,18330000.0,OI1909
2019-04-04 09:42:00,7057,7059,7057,7059,42,232452,2961000.0,OI1909
2019-04-04 09:43:00,7059,7060,7057,7057,102,232486,7191000.0,OI1909
2019-04-04 09:44:00,7057,7057,7052,7053,328,232514,23124000.0,OI1909
2019-04-04 09:45:00,7053,7057,7053,7057,180,232588,12690000.0,OI1909
2019-04-04 09:46:00,7055,7057,7055,7055,14,232586,987000.0,OI1909
2019-04-04 09:47:00,7055,7055,7054,7055,62,232598,4371000.0,OI1909
2019-04-04 09:48:00,7055,7059,7055,7058,226,232644,15933000.0,OI1909
2019-04-04 09:49:00,7057,7060,7057,7059,80,232688,5640000.0,OI1909
2019-04-04 09:50:00,7058,7065,7058,7062,586,232798,41313000.0,OI1909
2019-04-04 09:51:00,7063,7068,7061,7067,1022,232800,72051000.0,OI1909
2019-04-04 09:52:00,7066,7068,7065,7067,546,233066,38493000.0,OI1909
2019-04-04 09:53:00,7067,7072,7067,7070,1164,233300,82903920.0,OI1909
2019-04-04 09:54:00,7070,7071,7068,7069,452,233390,31870520.0,OI1909
2019-04-04 09:55:00,7068,7070,7067,7069,512,233398,36101120.0,OI1909
2019-04-04 09:56:00,7068,7068,7065,7067,408,233452,28768080.0,OI1909
2019-04-04 09:57:00,7066,7071,7065,7071,418,233524,29473180.0,OI1909
2019-04-04 09:58:00,7072,7073,7070,7071,420,233624,29614200.0,OI1909
2019-04-04 09:59:00,7071,7072,7068,7068,526,233840,37088260.0,OI1909
2019-04-04 10:00:00,7067,7071,7066,7071,310,233936,21858100.0,OI1909
2019-04-04 10:01:00,7070,7071,7068,7068,184,234008,12973840.0,OI1909
2019-04-04 10:02:00,7068,7068,7065,7066,244,233952,17204440.0,OI1909
2019-04-04 10:03:00,7066,7068,7065,7066,188,233960,13255880.0,OI1909
2019-04-04 10:04:00,7067,7075,7066,7072,716,234158,51370860.0,OI1909
2019-04-04 10:05:00,7072,7075,7071,7075,428,234100,30182560.0,OI1909
2019-04-04 10:06:00,7075,7079,7073,7078,1032,234350,72776640.0,OI1909
2019-04-04 10:07:00,7078,7078,7075,7076,332,234504,23412640.0,OI1909
2019-04-04 10:08:00,7076,7078,7074,7078,424,234666,29900480.0,OI1909
2019-04-04 10:09:00,7076,7079,7075,7078,754,234936,53172080.0,OI1909
2019-04-04 10:10:00,7078,7078,7076,7077,782,235134,56069860.0,OI1909
2019-04-04 10:11:00,7076,7077,7072,7072,438,235052,30892140.0,OI1909
2019-04-04 10:12:00,7073,7076,7073,7073,330,235064,23274900.0,OI1909
2019-04-04 10:13:00,7073,7075,7073,7073,346,235226,24403380.0,OI1909
2019-04-04 10:14:00,7073,7074,7072,7072,236,235206,16645080.0,OI1909
2019-04-04 10:30:00,7073,7074,7068,7069,510,235302,35970300.0,OI1909
2019-04-04 10:31:00,7070,7073,7070,7072,138,235344,9733140.0,OI1909
2019-04-04 10:32:00,7073,7074,7069,7071,220,235376,15516600.0,OI1909
2019-04-04 10:33:00,7072,7083,7072,7080,1372,236036,96767160.0,OI1909
2019-04-04 10:34:00,7079,7080,7075,7076,442,236246,31174260.0,OI1909
2019-04-04 10:35:00,7076,7081,7074,7081,688,236648,49495060.0,OI1909
2019-04-04 10:36:00,7081,7081,7077,7079,390,236774,27510600.0,OI1909
2019-04-04 10:37:00,7079,7082,7077,7078,930,236650,65602200.0,OI1909
2019-04-04 10:38:00,7078,7078,7074,7074,386,236524,27228440.0,OI1909
2019-04-04 10:39:00,7075,7076,7074,7074,138,236482,9734520.0,OI1909
2019-04-04 10:40:00,7076,7079,7075,7079,154,236486,10863160.0,OI1909
2019-04-04 10:41:00,7079,7081,7078,7079,240,236630,16929600.0,OI1909
2019-04-04 10:42:00,7079,7080,7079,7079,106,236694,7477240.0,OI1909
2019-04-04 10:43:00,7079,7080,7078,7079,164,236694,11568560.0,OI1909
2019-04-04 10:44:00,7079,7080,7078,7078,98,236752,6912920.0,OI1909
2019-04-04 10:45:00,7079,7082,7078,7082,384,236856,27087360.0,OI1909
2019-04-04 10:46:00,7081,7084,7081,7083,624,237070,45023520.0,OI1909
2019-04-04 10:47:00,7083,7084,7080,7081,414,237248,29207700.0,OI1909
2019-04-04 10:48:00,7080,7082,7080,7081,246,237360,17355300.0,OI1909
2019-04-04 10:49:00,7081,7084,7081,7084,840,237674,59262000.0,OI1909
2019-04-04 10:50:00,7084,7085,7083,7084,1132,237600,79862600.0,OI1909
2019-04-04 10:51:00,7084,7085,7081,7082,642,237570,45293100.0,OI1909
2019-04-04 10:52:00,7083,7085,7082,7083,522,237716,37871620.0,OI1909
2019-04-04 10:53:00,7083,7084,7081,7081,212,237796,14958720.0,OI1909
2019-04-04 10:54:00,7081,7083,7081,7082,166,237792,11712960.0,OI1909
2019-04-04 10:55:00,7082,7085,7082,7083,478,237900,33727680.0,OI1909
2019-04-04 10:56:00,7084,7084,7082,7083,416,237852,29352960.0,OI1909
2019-04-04 10:57:00,7083,7085,7082,7084,534,237898,37679040.0,OI1909
2019-04-04 10:58:00,7085,7085,7081,7081,414,237898,29211840.0,OI1909
2019-04-04 10:59:00,7081,7081,7077,7079,1004,237904,70842240.0,OI1909
2019-04-04 11:00:00,7080,7083,7080,7080,296,237908,20885760.0,OI1909
2019-04-04 11:01:00,7081,7082,7076,7076,402,237722,29448860.0,OI1909
2019-04-04 11:02:00,7075,7075,7069,7074,1310,237366,92446700.0,OI1909
2019-04-04 11:03:00,7075,7076,7073,7075,334,237472,23570380.0,OI1909
2019-04-04 11:04:00,7075,7076,7074,7075,166,237474,11714620.0,OI1909
2019-04-04 11:05:00,7076,7080,7075,7078,1066,238026,75227620.0,OI1909
2019-04-04 11:06:00,7078,7079,7075,7076,204,237982,14396280.0,OI1909
2019-04-04 11:07:00,7076,7077,7075,7075,168,237924,11855760.0,OI1909
2019-04-04 11:08:00,7076,7077,7072,7072,522,237656,36837540.0,OI1909
2019-04-04 11:09:00,7074,7074,7072,7073,198,237694,13972860.0,OI1909
2019-04-04 11:10:00,7073,7074,7072,7073,282,237558,19900740.0,OI1909
2019-04-04 11:11:00,7072,7074,7071,7074,238,237542,16795660.0,OI1909
2019-04-04 11:12:00,7074,7075,7073,7075,72,237538,5081040.0,OI1909
2019-04-04 11:13:00,7075,7075,7073,7074,142,237536,10020940.0,OI1909
2019-04-04 11:14:00,7073,7074,7072,7074,102,237520,7198140.0,OI1909
2019-04-04 11:15:00,7074,7074,7073,7073,26,237518,1834820.0,OI1909
2019-04-04 11:16:00,7073,7075,7073,7074,194,237502,13690580.0,OI1909
2019-04-04 11:17:00,7076,7076,7073,7073,158,237532,11150060.0,OI1909
2019-04-04 11:18:00,7074,7074,7073,7073,96,237512,6774720.0,OI1909
2019-04-04 11:19:00,7074,7074,7074,7074,96,237486,6774720.0,OI1909
2019-04-04 11:20:00,7074,7074,7073,7074,118,237430,8327260.0,OI1909
2019-04-04 11:21:00,7074,7076,7073,7073,106,237378,7480420.0,OI1909
2019-04-04 11:22:00,7073,7073,7072,7073,172,237404,12138040.0,OI1909
2019-04-04 11:23:00,7073,7075,7073,7074,48,237390,3387360.0,OI1909
2019-04-04 11:24:00,7075,7075,7073,7073,132,237364,9315240.0,OI1909
2019-04-04 11:25:00,7074,7074,7073,7073,76,237322,6507320.0,OI1909
2019-04-04 11:26:00,7073,7075,7073,7075,76,237302,5364080.0,OI1909
2019-04-04 11:27:00,7074,7074,7073,7074,106,237268,7481480.0,OI1909
2019-04-04 11:28:00,7074,7074,7074,7074,58,237242,4093640.0,OI1909
2019-04-04 11:29:00,7074,7077,7074,7076,192,237274,13551360.0,OI1909
2019-04-04 13:30:00,7076,7081,7073,7075,808,237312,57028640.0,OI1909
2019-04-04 13:31:00,7075,7075,7068,7070,484,237326,34160720.0,OI1909
2019-04-04 13:32:00,7071,7073,7071,7071,250,237282,17645000.0,OI1909
2019-04-04 13:33:00,7071,7072,7070,7070,342,237290,24138360.0,OI1909
2019-04-04 13:34:00,7070,7072,7070,7071,106,237304,7481480.0,OI1909
2019-04-04 13:35:00,7071,7071,7070,7071,220,237348,15527600.0,OI1909
2019-04-04 13:36:00,7071,7072,7070,7072,78,237332,5505240.0,OI1909
2019-04-04 13:37:00,7071,7072,7070,7071,332,237236,23432560.0,OI1909
2019-04-04 13:38:00,7071,7071,7070,7070,78,237208,5505240.0,OI1909
2019-04-04 13:39:00,7070,7071,7068,7068,130,237192,9175400.0,OI1909
2019-04-04 13:40:00,7068,7069,7067,7068,620,237364,43759600.0,OI1909
2019-04-04 13:41:00,7068,7069,7061,7063,1104,237208,77920320.0,OI1909
2019-04-04 13:42:00,7063,7064,7052,7057,2150,236688,151747000.0,OI1909
2019-04-04 13:43:00,7058,7060,7056,7058,596,236644,42065680.0,OI1909
2019-04-04 13:44:00,7059,7060,7058,7060,1034,237068,72979720.0,OI1909
2019-04-04 13:45:00,7060,7062,7058,7062,540,237046,38113200.0,OI1909
2019-04-04 13:46:00,7062,7063,7060,7060,590,237192,41642200.0,OI1909
2019-04-04 13:47:00,7061,7061,7059,7060,180,237176,12704400.0,OI1909
2019-04-04 13:48:00,7058,7061,7058,7061,80,237170,5646400.0,OI1909
2019-04-04 13:49:00,7061,7062,7061,7061,222,237134,15668760.0,OI1909
2019-04-04 13:50:00,7061,7064,7061,7063,312,237060,22020960.0,OI1909
2019-04-04 13:51:00,7063,7064,7062,7064,350,237190,24703000.0,OI1909
2019-04-04 13:52:00,7064,7064,7056,7059,1002,237080,70721160.0,OI1909
2019-04-04 13:53:00,7059,7061,7058,7060,318,236982,22444440.0,OI1909
2019-04-04 13:54:00,7060,7064,7059,7063,148,237032,10445840.0,OI1909
2019-04-04 13:55:00,7063,7063,7060,7063,198,237092,13974840.0,OI1909
2019-04-04 13:56:00,7063,7064,7062,7064,140,237048,9881200.0,OI1909
2019-04-04 13:57:00,7063,7066,7063,7064,268,237048,18915440.0,OI1909
2019-04-04 13:58:00,7064,7067,7064,7067,368,237074,25973440.0,OI1909
2019-04-04 13:59:00,7067,7067,7062,7062,142,237132,10022360.0,OI1909
2019-04-04 14:00:00,7064,7064,7062,7062,138,237142,9740040.0,OI1909
2019-04-04 14:01:00,7062,7062,7059,7060,426,237182,30067080.0,OI1909
2019-04-04 14:02:00,7060,7062,7059,7061,850,236728,59993000.0,OI1909
2019-04-04 14:03:00,7060,7062,7054,7054,682,236620,48135560.0,OI1909
2019-04-04 14:04:00,7055,7061,7055,7056,744,236326,52511520.0,OI1909
2019-04-04 14:05:00,7055,7060,7054,7058,424,236240,29925920.0,OI1909
2019-04-04 14:06:00,7058,7062,7058,7060,258,236204,18209640.0,OI1909
2019-04-04 14:07:00,7060,7064,7060,7061,358,236206,25267640.0,OI1909
2019-04-04 14:08:00,7062,7065,7062,7063,654,236188,46159320.0,OI1909
2019-04-04 14:09:00,7063,7065,7062,7065,200,236162,14116000.0,OI1909
2019-04-04 14:10:00,7064,7065,7062,7063,138,236144,9740040.0,OI1909
2019-04-04 14:11:00,7063,7073,7063,7071,1162,236148,82013960.0,OI1909
2019-04-04 14:12:00,7071,7071,7065,7066,592,236146,41783360.0,OI1909
2019-04-04 14:13:00,7066,7067,7063,7064,252,236158,17786160.0,OI1909
2019-04-04 14:14:00,7064,7065,7064,7065,28,236158,1976240.0,OI1909
2019-04-04 14:15:00,7065,7065,7063,7063,194,236124,13692520.0,OI1909
2019-04-04 14:16:00,7062,7063,7060,7060,188,236022,13269040.0,OI1909
2019-04-04 14:17:00,7060,7062,7059,7061,298,236028,21032840.0,OI1909
2019-04-04 14:18:00,7062,7064,7062,7063,50,236030,3529000.0,OI1909
2019-04-04 14:19:00,7063,7064,7063,7064,72,236012,5081760.0,OI1909
2019-04-04 14:20:00,7063,7065,7063,7064,338,235942,23856040.0,OI1909
2019-04-04 14:21:00,7064,7064,7063,7064,50,235960,3529000.0,OI1909
2019-04-04 14:22:00,7063,7064,7061,7061,112,236008,7904960.0,OI1909
2019-04-04 14:23:00,7062,7063,7061,7063,196,236048,13833680.0,OI1909
2019-04-04 14:24:00,7061,7063,7061,7063,12,236044,846960.0,OI1909
2019-04-04 14:25:00,7063,7064,7062,7064,80,236044,5646400.0,OI1909
2019-04-04 14:26:00,7064,7068,7064,7068,264,236122,18633120.0,OI1909
2019-04-04 14:27:00,7068,7068,7065,7066,182,236056,12845560.0,OI1909
2019-04-04 14:28:00,7065,7066,7063,7063,276,236006,19480080.0,OI1909
2019-04-04 14:29:00,7063,7065,7063,7063,178,235986,12563240.0,OI1909
2019-04-04 14:30:00,7064,7064,7060,7060,380,235770,28198380.0,OI1909
2019-04-04 14:31:00,7060,7061,7060,7061,276,235740,19482840.0,OI1909
2019-04-04 14:32:00,7061,7061,7060,7060,174,235660,12282660.0,OI1909
2019-04-04 14:33:00,7061,7061,7058,7059,282,235512,19906380.0,OI1909
2019-04-04 14:34:00,7058,7061,7058,7060,398,235596,28094820.0,OI1909
2019-04-04 14:35:00,7060,7061,7060,7061,66,235584,4658940.0,OI1909
2019-04-04 14:36:00,7061,7061,7059,7060,104,235556,7341360.0,OI1909
2019-04-04 14:37:00,7060,7060,7060,7060,74,235526,5223660.0,OI1909
2019-04-04 14:38:00,7059,7060,7056,7058,396,235408,27953640.0,OI1909
2019-04-04 14:39:00,7058,7059,7058,7058,154,235494,10870860.0,OI1909
2019-04-04 14:40:00,7059,7059,7055,7057,456,235406,32189040.0,OI1909
2019-04-04 14:41:00,7056,7058,7055,7058,308,235390,21741720.0,OI1909
2019-04-04 14:42:00,7058,7059,7057,7058,378,235336,26683020.0,OI1909
2019-04-04 14:43:00,7058,7059,7058,7058,104,235356,7341360.0,OI1909
2019-04-04 14:44:00,7058,7061,7057,7060,250,235394,17647500.0,OI1909
2019-04-04 14:45:00,7060,7061,7058,7060,302,235454,21318180.0,OI1909
2019-04-04 14:46:00,7059,7059,7058,7058,98,235486,6917820.0,OI1909
2019-04-04 14:47:00,7059,7059,7058,7058,36,235502,2541240.0,OI1909
2019-04-04 14:48:00,7059,7061,7058,7061,70,235500,4941300.0,OI1909
2019-04-04 14:49:00,7060,7061,7060,7060,292,235482,20612280.0,OI1909
2019-04-04 14:50:00,7061,7065,7061,7062,494,235460,34871460.0,OI1909
2019-04-04 14:51:00,7062,7062,7059,7060,410,235362,28941900.0,OI1909
2019-04-04 14:52:00,7060,7062,7059,7060,102,235350,7200180.0,OI1909
2019-04-04 14:53:00,7060,7064,7060,7064,268,235294,18918120.0,OI1909
2019-04-04 14:54:00,7063,7066,7063,7065,432,235258,30494880.0,OI1909
2019-04-04 14:55:00,7064,7067,7064,7066,298,235156,21035820.0,OI1909
2019-04-04 14:56:00,7066,7068,7066,7067,406,235126,28659540.0,OI1909
2019-04-04 14:57:00,7068,7069,7067,7068,444,235072,31341960.0,OI1909
2019-04-04 14:58:00,7068,7068,7064,7067,354,234962,24988860.0,OI1909
2019-04-04 14:59:00,7067,7070,7065,7069,940,234754,66354600.0,OI1909
2019-04-08 09:00:00,7070,7093,7070,7091,3762,235474,266612940.0,OI1909
2019-04-08 09:01:00,7091,7110,7091,7099,3364,236108,238834240.0,OI1909
2019-04-08 09:02:00,7098,7101,7096,7100,1826,236670,129607700.0,OI1909
2019-04-08 09:03:00,7100,7100,7092,7098,1644,236696,116625360.0,OI1909
2019-04-08 09:04:00,7097,7110,7097,7107,2058,237680,146247600.0,OI1909
2019-04-08 09:05:00,7108,7115,7103,7115,2066,238210,146897760.0,OI1909
2019-04-08 09:06:00,7115,7131,7114,7125,3636,239310,259001080.0,OI1909
2019-04-08 09:07:00,7124,7125,7114,7114,3188,240076,226874520.0,OI1909
2019-04-08 09:08:00,7114,7115,7100,7100,1554,240014,110642680.0,OI1909
2019-04-08 09:09:00,7097,7097,7083,7087,2478,239858,175575160.0,OI1909
2019-04-08 09:10:00,7087,7088,7067,7081,4194,239856,296750960.0,OI1909
2019-04-08 09:11:00,7082,7082,7059,7065,2312,239986,163510360.0,OI1909
2019-04-08 09:12:00,7065,7072,7064,7068,1578,239960,111669840.0,OI1909
2019-04-08 09:13:00,7068,7075,7066,7075,1332,239784,94182120.0,OI1909
2019-04-08 09:14:00,7076,7077,7072,7072,664,239798,47117440.0,OI1909
2019-04-08 09:15:00,7074,7079,7073,7078,1162,239958,82087340.0,OI1909
2019-04-08 09:16:00,7077,7083,7076,7081,878,239920,62294100.0,OI1909
2019-04-08 09:17:00,7082,7087,7081,7082,766,240064,53963080.0,OI1909
2019-04-08 09:18:00,7084,7085,7082,7084,308,239976,21849520.0,OI1909
2019-04-08 09:19:00,7084,7087,7083,7086,492,240046,34902480.0,OI1909
2019-04-08 09:20:00,7087,7102,7086,7099,1878,240190,133225320.0,OI1909
2019-04-08 09:21:00,7100,7110,7097,7109,1828,240628,130108000.0,OI1909
2019-04-08 09:22:00,7108,7110,7100,7100,1038,240880,73646100.0,OI1909
2019-04-08 09:23:00,7100,7104,7099,7099,1848,241994,131115600.0,OI1909
2019-04-08 09:24:00,7099,7106,7098,7105,632,241920,44840400.0,OI1909
2019-04-08 09:25:00,7105,7106,7096,7096,676,241980,47962200.0,OI1909
2019-04-08 09:26:00,7094,7100,7093,7099,442,241992,31359900.0,OI1909
2019-04-08 09:27:00,7099,7101,7098,7098,304,241934,22047880.0,OI1909
2019-04-08 09:28:00,7098,7098,7096,7096,232,241890,16462720.0,OI1909
2019-04-08 09:29:00,7097,7097,7093,7096,286,241948,20294560.0,OI1909
2019-04-08 09:30:00,7095,7101,7095,7101,540,242158,38318400.0,OI1909
2019-04-08 09:31:00,7100,7102,7100,7101,246,242052,17456160.0,OI1909
2019-04-08 09:32:00,7102,7105,7100,7105,516,242192,36615360.0,OI1909
2019-04-08 09:33:00,7103,7105,7100,7100,160,242232,11353600.0,OI1909
2019-04-08 09:34:00,7101,7102,7100,7100,272,242298,19301120.0,OI1909
2019-04-08 09:35:00,7099,7102,7099,7102,232,242440,16462720.0,OI1909
2019-04-08 09:36:00,7103,7104,7102,7102,212,242388,15043520.0,OI1909
2019-04-08 09:37:00,7102,7103,7101,7102,164,242448,11637440.0,OI1909
2019-04-08 09:38:00,7101,7102,7099,7099,158,242430,11211680.0,OI1909
2019-04-08 09:39:00,7099,7100,7099,7100,160,242362,11353600.0,OI1909
2019-04-08 09:40:00,7099,7099,7094,7098,418,242264,29661280.0,OI1909
2019-04-08 09:41:00,7099,7099,7097,7097,72,242248,5109120.0,OI1909
2019-04-08 09:42:00,7095,7096,7093,7094,280,242114,19868800.0,OI1909
2019-04-08 09:43:00,7094,7094,7090,7094,292,242044,20720320.0,OI1909
2019-04-08 09:44:00,7094,7096,7093,7095,130,242010,9224800.0,OI1909
2019-04-08 09:45:00,7095,7095,7092,7092,154,241960,10927840.0,OI1909
2019-04-08 09:46:00,7092,7095,7092,7094,104,241984,7379840.0,OI1909
2019-04-08 09:47:00,7093,7093,7086,7089,498,242070,35338080.0,OI1909
2019-04-08 09:48:00,7089,7091,7089,7089,270,242062,19159200.0,OI1909
2019-04-08 09:49:00,7089,7093,7089,7091,172,242048,12205120.0,OI1909
2019-04-08 09:50:00,7092,7093,7091,7093,108,242064,7663680.0,OI1909
2019-04-08 09:51:00,7094,7094,7091,7092,208,241964,14759680.0,OI1909
2019-04-08 09:52:00,7093,7093,7092,7092,106,241976,7521760.0,OI1909
2019-04-08 09:53:00,7092,7096,7092,7095,308,242060,21855680.0,OI1909
2019-04-08 09:54:00,7095,7099,7095,7099,180,242094,12772800.0,OI1909
2019-04-08 09:55:00,7098,7099,7098,7098,162,242114,11495520.0,OI1909
2019-04-08 09:56:00,7098,7098,7096,7096,74,242138,5251040.0,OI1909
2019-04-08 09:57:00,7096,7096,7094,7094,188,242124,13340480.0,OI1909
2019-04-08 09:58:00,7095,7100,7093,7099,528,242004,37466880.0,OI1909
2019-04-08 09:59:00,7100,7103,7098,7102,790,241662,56058400.0,OI1909
2019-04-08 10:00:00,7102,7106,7101,7106,846,241890,60032160.0,OI1909
2019-04-08 10:01:00,7105,7105,7099,7100,346,241906,24552160.0,OI1909
2019-04-08 10:02:00,7099,7106,7099,7103,260,241838,18449600.0,OI1909
2019-04-08 10:03:00,7104,7104,7102,7103,118,241814,8373280.0,OI1909
2019-04-08 10:04:00,7102,7102,7100,7101,102,241824,7237920.0,OI1909
2019-04-08 10:05:00,7100,7101,7100,7101,120,241816,8515200.0,OI1909
2019-04-08 10:06:00,7100,7103,7100,7102,144,241832,10218240.0,OI1909
2019-04-08 10:07:00,7102,7103,7100,7101,186,241858,13198560.0,OI1909
2019-04-08 10:08:00,7100,7101,7099,7101,284,241924,20152640.0,OI1909
2019-04-08 10:09:00,7100,7101,7098,7098,170,241898,12063200.0,OI1909
2019-04-08 10:10:00,7098,7101,7098,7101,350,241914,24836000.0,OI1909
2019-04-08 10:11:00,7101,7103,7101,7102,56,241924,3973760.0,OI1909
2019-04-08 10:12:00,7101,7104,7100,7102,142,241932,10076320.0,OI1909
2019-04-08 10:13:00,7103,7107,7103,7106,208,241946,14759680.0,OI1909
2019-04-08 10:14:00,7107,7113,7107,7112,1036,242134,73514560.0,OI1909
2019-04-08 10:30:00,7112,7115,7108,7111,1148,242552,82078520.0,OI1909
2019-04-08 10:31:00,7111,7118,7111,7117,768,242954,54504960.0,OI1909
2019-04-08 10:32:00,7116,7120,7116,7117,1296,243664,91977120.0,OI1909
2019-04-08 10:33:00,7118,7118,7114,7116,442,243684,31368740.0,OI1909
2019-04-08 10:34:00,7116,7117,7115,7115,516,243756,37267180.0,OI1909
2019-04-08 10:35:00,7116,7117,7113,7113,306,243812,21719880.0,OI1909
2019-04-08 10:36:00,7113,7114,7112,7113,94,243830,6672120.0,OI1909
2019-04-08 10:37:00,7113,7115,7113,7114,164,243870,11640720.0,OI1909
2019-04-08 10:38:00,7114,7116,7114,7115,254,243786,18028920.0,OI1909
2019-04-08 10:39:00,7115,7116,7114,7115,132,243828,9369360.0,OI1909
2019-04-08 10:40:00,7115,7116,7115,7115,46,243858,3265080.0,OI1909
2019-04-08 10:41:00,7115,7115,7112,7113,190,243924,13486200.0,OI1909
2019-04-08 10:42:00,7113,7115,7112,7114,182,243922,12918360.0,OI1909
2019-04-08 10:43:00,7113,7114,7113,7113,78,243914,5536440.0,OI1909
2019-04-08 10:44:00,7113,7114,7113,7113,170,243910,12066600.0,OI1909
2019-04-08 10:45:00,7113,7115,7113,7115,146,243870,10363080.0,OI1909
2019-04-08 10:46:00,7115,7115,7114,7114,56,243840,3974880.0,OI1909
2019-04-08 10:47:00,7114,7118,7114,7118,530,243724,37619400.0,OI1909
2019-04-08 10:48:00,7118,7118,7117,7118,130,243662,9227400.0,OI1909
2019-04-08 10:49:00,7116,7117,7116,7116,198,243586,14054040.0,OI1909
2019-04-08 10:50:00,7115,7116,7109,7112,520,243518,36909600.0,OI1909
2019-04-08 10:51:00,7111,7112,7106,7106,550,243360,39039000.0,OI1909
2019-04-08 10:52:00,7106,7110,7106,7109,250,243350,17745000.0,OI1909
2019-04-08 10:53:00,7108,7110,7108,7108,182,243342,12918360.0,OI1909
2019-04-08 10:54:00,7108,7110,7107,7107,180,243376,13466640.0,OI1909
2019-04-08 10:55:00,7107,7108,7107,7107,96,243356,6815040.0,OI1909
2019-04-08 10:56:00,7109,7109,7107,7109,100,243366,7099000.0,OI1909
2019-04-08 10:57:00,7109,7110,7108,7109,128,243354,9086720.0,OI1909
2019-04-08 10:58:00,7108,7109,7107,7109,154,243364,10932460.0,OI1909
2019-04-08 10:59:00,7108,7108,7106,7106,174,243308,12352260.0,OI1909
2019-04-08 11:00:00,7106,7106,7100,7104,620,243216,44013800.0,OI1909
2019-04-08 11:01:00,7104,7104,7102,7102,282,243152,20019180.0,OI1909
2019-04-08 11:02:00,7103,7103,7101,7101,236,243186,16753640.0,OI1909
2019-04-08 11:03:00,7101,7105,7101,7104,356,243228,25272440.0,OI1909
2019-04-08 11:04:00,7104,7104,7102,7104,118,243240,8376820.0,OI1909
2019-04-08 11:05:00,7104,7106,7104,7106,194,243244,13772060.0,OI1909
2019-04-08 11:06:00,7107,7108,7106,7108,122,243216,8660780.0,OI1909
2019-04-08 11:07:00,7107,7107,7103,7103,120,243232,8518800.0,OI1909
2019-04-08 11:08:00,7104,7105,7101,7104,356,243132,25272440.0,OI1909
2019-04-08 11:09:00,7105,7105,7104,7105,114,243154,8092860.0,OI1909
2019-04-08 11:10:00,7105,7105,7102,7103,102,243126,7240980.0,OI1909
2019-04-08 11:11:00,7103,7103,7100,7100,286,243076,20303140.0,OI1909
2019-04-08 11:12:00,7100,7100,7092,7095,1272,242852,90299280.0,OI1909
2019-04-08 11:13:00,7095,7097,7094,7095,292,242812,20729080.0,OI1909
2019-04-08 11:14:00,7095,7095,7093,7094,274,242860,19451260.0,OI1909
2019-04-08 11:15:00,7094,7097,7094,7097,216,242846,15333840.0,OI1909
2019-04-08 11:16:00,7096,7098,7096,7098,74,242846,5253260.0,OI1909
2019-04-08 11:17:00,7097,7097,7095,7096,92,242858,6531080.0,OI1909
2019-04-08 11:18:00,7096,7097,7096,7097,36,242862,2555640.0,OI1909
2019-04-08 11:19:00,7097,7098,7097,7097,50,242872,3549500.0,OI1909
2019-04-08 11:20:00,7097,7097,7094,7094,196,242904,13914040.0,OI1909
2019-04-08 11:21:00,7094,7097,7093,7097,396,242948,28112040.0,OI1909
2019-04-08 11:22:00,7096,7101,7095,7100,332,242940,23568680.0,OI1909
2019-04-08 11:23:00,7100,7103,7098,7099,374,243116,26550260.0,OI1909
2019-04-08 11:24:00,7100,7107,7099,7105,624,243272,44297760.0,OI1909
2019-04-08 11:25:00,7104,7106,7102,7105,478,243544,33933220.0,OI1909
2019-04-08 11:26:00,7104,7105,7104,7105,110,243606,7808900.0,OI1909
2019-04-08 11:27:00,7105,7105,7103,7103,142,243680,10080580.0,OI1909
2019-04-08 11:28:00,7102,7103,7100,7102,160,243588,11358400.0,OI1909
2019-04-08 11:29:00,7101,7104,7100,7104,128,243532,9086720.0,OI1909
2019-04-08 13:30:00,7101,7103,7090,7092,752,243502,53384480.0,OI1909
2019-04-08 13:31:00,7092,7097,7092,7096,410,243416,29105900.0,OI1909
2019-04-08 13:32:00,7097,7097,7092,7092,368,243356,26124320.0,OI1909
2019-04-08 13:33:00,7092,7093,7081,7082,1860,243458,131229220.0,OI1909
2019-04-08 13:34:00,7081,7085,7079,7080,1056,243216,74954880.0,OI1909
2019-04-08 13:35:00,7079,7086,7079,7085,450,243162,31941000.0,OI1909
2019-04-08 13:36:00,7086,7086,7082,7084,440,243120,31231200.0,OI1909
2019-04-08 13:37:00,7084,7084,7080,7082,292,243098,20726160.0,OI1909
2019-04-08 13:38:00,7083,7089,7083,7087,360,243142,25552800.0,OI1909
2019-04-08 13:39:00,7088,7090,7086,7089,600,243242,42588000.0,OI1909
2019-04-08 13:40:00,7089,7093,7089,7092,552,243410,39180960.0,OI1909
2019-04-08 13:41:00,7091,7094,7089,7090,586,243452,41594280.0,OI1909
2019-04-08 13:42:00,7090,7091,7089,7089,114,243428,8091720.0,OI1909
2019-04-08 13:43:00,7089,7092,7089,7091,130,243456,9227400.0,OI1909
2019-04-08 13:44:00,7092,7092,7090,7091,46,243466,3265080.0,OI1909
2019-04-08 13:45:00,7092,7095,7091,7093,340,243526,24133200.0,OI1909
2019-04-08 13:46:00,7093,7094,7091,7093,366,243640,25978680.0,OI1909
2019-04-08 13:47:00,7093,7094,7090,7090,146,243606,10363080.0,OI1909
2019-04-08 13:48:00,7090,7090,7088,7089,176,243598,12492480.0,OI1909
2019-04-08 13:49:00,7089,7091,7089,7090,226,243582,16041480.0,OI1909
2019-04-08 13:50:00,7090,7091,7090,7090,64,243594,4542720.0,OI1909
2019-04-08 13:51:00,7090,7090,7089,7089,112,243616,7949760.0,OI1909
2019-04-08 13:52:00,7087,7092,7086,7092,582,243770,41310360.0,OI1909
2019-04-08 13:53:00,7091,7093,7091,7092,146,243860,10363080.0,OI1909
2019-04-08 13:54:00,7093,7094,7091,7093,270,243942,19164600.0,OI1909
2019-04-08 13:55:00,7092,7092,7091,7091,28,243960,1987440.0,OI1909
2019-04-08 13:56:00,7092,7092,7091,7091,68,243988,4826640.0,OI1909
2019-04-08 13:57:00,7091,7093,7091,7092,204,244076,14479920.0,OI1909
2019-04-08 13:58:00,7092,7095,7092,7094,448,244312,31799040.0,OI1909
2019-04-08 13:59:00,7094,7094,7092,7092,112,244300,7949760.0,OI1909
2019-04-08 14:00:00,7093,7093,7092,7093,132,244274,8476720.0,OI1909
2019-04-08 14:01:00,7093,7094,7093,7093,102,244272,7238940.0,OI1909
2019-04-08 14:02:00,7093,7093,7092,7093,18,244282,1277460.0,OI1909
2019-04-08 14:03:00,7093,7093,7092,7092,38,244270,2696860.0,OI1909
2019-04-08 14:04:00,7092,7093,7092,7092,78,244244,5535660.0,OI1909
2019-04-08 14:05:00,7091,7091,7090,7090,118,244270,8374460.0,OI1909
2019-04-08 14:06:00,7090,7092,7090,7091,280,244282,19871600.0,OI1909
2019-04-08 14:07:00,7092,7097,7092,7097,394,244292,27962180.0,OI1909
2019-04-08 14:08:00,7095,7100,7095,7099,698,244586,49537060.0,OI1909
2019-04-08 14:09:00,7099,7100,7098,7100,204,244652,14477880.0,OI1909
2019-04-08 14:10:00,7099,7101,7099,7100,284,244712,20155480.0,OI1909
2019-04-08 14:11:00,7100,7100,7093,7094,824,244930,58479280.0,OI1909
2019-04-08 14:12:00,7094,7094,7093,7093,62,244908,4400140.0,OI1909
2019-04-08 14:13:00,7093,7098,7093,7097,156,244890,11071320.0,OI1909
2019-04-08 14:14:00,7098,7098,7093,7093,226,244876,16039220.0,OI1909
2019-04-08 14:15:00,7092,7096,7092,7096,214,244960,15187580.0,OI1909
2019-04-08 14:16:00,7095,7098,7095,7098,88,245014,6245360.0,OI1909
2019-04-08 14:17:00,7098,7104,7097,7104,624,245230,44285280.0,OI1909
2019-04-08 14:18:00,7103,7103,7101,7102,418,245308,29665460.0,OI1909
2019-04-08 14:19:00,7101,7105,7101,7105,286,245374,20297420.0,OI1909
2019-04-08 14:20:00,7105,7106,7103,7104,504,245468,36717680.0,OI1909
2019-04-08 14:21:00,7104,7105,7103,7105,236,245462,16751280.0,OI1909
2019-04-08 14:22:00,7105,7105,7102,7103,302,245486,21435960.0,OI1909
2019-04-08 14:23:00,7103,7104,7103,7103,58,245496,4116840.0,OI1909
2019-04-08 14:24:00,7104,7104,7100,7101,162,245516,11498760.0,OI1909
2019-04-08 14:25:00,7101,7101,7098,7100,126,245542,8943480.0,OI1909
2019-04-08 14:26:00,7100,7101,7099,7099,80,245556,5678400.0,OI1909
2019-04-08 14:27:00,7099,7102,7099,7101,90,245544,6388200.0,OI1909
2019-04-08 14:28:00,7102,7102,7099,7100,92,245540,6530160.0,OI1909
2019-04-08 14:29:00,7098,7103,7098,7102,138,245556,9795240.0,OI1909
2019-04-08 14:30:00,7102,7105,7102,7104,368,245672,26120640.0,OI1909
2019-04-08 14:31:00,7105,7108,7104,7108,358,245674,25410840.0,OI1909
2019-04-08 14:32:00,7107,7107,7104,7106,228,245736,16183440.0,OI1909
2019-04-08 14:33:00,7106,7107,7102,7103,182,245716,12918360.0,OI1909
2019-04-08 14:34:00,7103,7103,7099,7102,240,245720,17035200.0,OI1909
2019-04-08 14:35:00,7102,7103,7099,7101,142,245734,10079160.0,OI1909
2019-04-08 14:36:00,7101,7102,7096,7096,296,245644,21010080.0,OI1909
2019-04-08 14:37:00,7097,7098,7095,7097,246,245626,17461080.0,OI1909
2019-04-08 14:38:00,7098,7098,7096,7097,164,245592,11640720.0,OI1909
2019-04-08 14:39:00,7096,7098,7095,7098,224,245550,15899520.0,OI1909
2019-04-08 14:40:00,7097,7099,7096,7099,134,245584,9511320.0,OI1909
2019-04-08 14:41:00,7098,7102,7098,7102,200,245634,14196000.0,OI1909
2019-04-08 14:42:00,7102,7103,7101,7101,172,245700,12208560.0,OI1909
2019-04-08 14:43:00,7102,7103,7101,7101,162,245754,11498760.0,OI1909
2019-04-08 14:44:00,7101,7105,7101,7105,150,245824,10647000.0,OI1909
2019-04-08 14:45:00,7105,7105,7100,7101,212,245878,15047760.0,OI1909
2019-04-08 14:46:00,7100,7102,7099,7102,112,245902,7949760.0,OI1909
2019-04-08 14:47:00,7101,7102,7098,7100,144,245946,10221120.0,OI1909
2019-04-08 14:48:00,7100,7101,7098,7100,178,245976,12634440.0,OI1909
2019-04-08 14:49:00,7102,7102,7100,7100,174,245944,12350520.0,OI1909
2019-04-08 14:50:00,7101,7102,7100,7101,184,246060,13060320.0,OI1909
2019-04-08 14:51:00,7101,7101,7097,7098,254,246126,18028920.0,OI1909
2019-04-08 14:52:00,7098,7101,7098,7099,600,246230,42588000.0,OI1909
2019-04-08 14:53:00,7097,7099,7096,7098,340,246092,24133200.0,OI1909
2019-04-08 14:54:00,7100,7101,7099,7100,642,246356,45569160.0,OI1909
2019-04-08 14:55:00,7101,7101,7099,7099,464,246480,32934720.0,OI1909
2019-04-08 14:56:00,7099,7100,7094,7094,568,246230,40316640.0,OI1909
2019-04-08 14:57:00,7094,7095,7093,7095,182,246178,12918360.0,OI1909
2019-04-08 14:58:00,7095,7097,7093,7094,446,246050,31657080.0,OI1909
2019-04-08 14:59:00,7095,7100,7093,7100,734,245898,52099320.0,OI1909
2019-04-08 21:00:00,7102,7107,7092,7093,2002,246600,142142000.0,OI1909
2019-04-08 21:01:00,7095,7096,7091,7091,744,246618,52769080.0,OI1909
2019-04-08 21:02:00,7091,7096,7091,7096,516,246682,36593060.0,OI1909
2019-04-08 21:03:00,7096,7097,7094,7095,436,246684,30942920.0,OI1909
2019-04-08 21:04:00,7095,7102,7094,7102,658,246848,46698260.0,OI1909
2019-04-08 21:05:00,7102,7113,7100,7108,1916,247370,136166680.0,OI1909
2019-04-08 21:06:00,7110,7112,7107,7108,1574,248004,111910920.0,OI1909
2019-04-08 21:07:00,7109,7109,7105,7106,954,248320,67753080.0,OI1909
2019-04-08 21:08:00,7106,7108,7105,7107,736,248506,52366080.0,OI1909
2019-04-08 21:09:00,7107,7107,7103,7103,562,248730,39918860.0,OI1909
2019-04-08 21:10:00,7104,7105,7101,7103,732,248850,51993960.0,OI1909
2019-04-08 21:11:00,7103,7104,7097,7101,562,248888,39918860.0,OI1909
2019-04-08 21:12:00,7102,7103,7097,7100,704,249174,50005120.0,OI1909
2019-04-08 21:13:00,7100,7100,7096,7097,434,249218,30701720.0,OI1909
2019-04-08 21:14:00,7098,7099,7097,7098,214,249250,15198280.0,OI1909
2019-04-08 21:15:00,7099,7100,7097,7097,330,249282,23436600.0,OI1909
2019-04-08 21:16:00,7098,7099,7095,7099,606,249380,43038120.0,OI1909
2019-04-08 21:17:00,7099,7100,7098,7100,150,249462,10653000.0,OI1909
2019-04-08 21:18:00,7100,7100,7098,7100,324,249452,23010480.0,OI1909
2019-04-08 21:19:00,7099,7100,7097,7097,456,249694,32385120.0,OI1909
2019-04-08 21:20:00,7097,7100,7096,7099,186,249694,13209720.0,OI1909
2019-04-08 21:21:00,7099,7099,7096,7097,314,249780,22300280.0,OI1909
2019-04-08 21:22:00,7097,7098,7095,7096,426,249864,30254520.0,OI1909
2019-04-08 21:23:00,7095,7095,7080,7084,2772,249648,196318200.0,OI1909
2019-04-08 21:24:00,7083,7088,7082,7083,1176,249592,83289400.0,OI1909
2019-04-08 21:25:00,7084,7087,7076,7081,2166,249700,153526180.0,OI1909
2019-04-08 21:26:00,7081,7083,7071,7075,2016,249930,142602200.0,OI1909
2019-04-08 21:27:00,7076,7079,7075,7078,750,249990,52968340.0,OI1909
2019-04-08 21:28:00,7078,7084,7078,7079,926,250006,65690440.0,OI1909
2019-04-08 21:29:00,7079,7080,7077,7080,388,250194,27524720.0,OI1909
2019-04-08 21:30:00,7080,7080,7078,7079,368,250342,25844940.0,OI1909
2019-04-08 21:31:00,7079,7082,7079,7082,512,250436,36316160.0,OI1909
2019-04-08 21:32:00,7082,7083,7080,7082,536,250440,38018480.0,OI1909
2019-04-08 21:33:00,7082,7083,7080,7081,406,250494,28797580.0,OI1909
2019-04-08 21:34:00,7081,7082,7079,7081,344,250498,24399920.0,OI1909
2019-04-08 21:35:00,7082,7090,7081,7086,936,250682,66102160.0,OI1909
2019-04-08 21:36:00,7084,7088,7084,7088,306,250724,21701520.0,OI1909
2019-04-08 21:37:00,7087,7087,7083,7084,152,250714,10779840.0,OI1909
2019-04-08 21:38:00,7085,7085,7079,7080,312,250736,22127040.0,OI1909
2019-04-08 21:39:00,7079,7084,7079,7082,306,250848,21701520.0,OI1909
2019-04-08 21:40:00,7081,7084,7075,7078,1268,250978,89926560.0,OI1909
2019-04-08 21:41:00,7077,7082,7077,7081,318,250952,22237620.0,OI1909
2019-04-08 21:42:00,7080,7081,7073,7074,646,250878,45807860.0,OI1909
2019-04-08 21:43:00,7074,7075,7070,7072,1448,250808,102341800.0,OI1909
2019-04-08 21:44:00,7074,7078,7072,7075,544,250828,38569600.0,OI1909
2019-04-08 21:45:00,7075,7079,7075,7078,254,250910,18008600.0,OI1909
2019-04-08 21:46:00,7078,7078,7073,7074,510,251052,36159000.0,OI1909
2019-04-08 21:47:00,7073,7076,7073,7074,344,251078,24389600.0,OI1909
2019-04-08 21:48:00,7074,7075,7072,7075,242,251088,17157800.0,OI1909
2019-04-08 21:49:00,7074,7074,7070,7072,618,251148,43455200.0,OI1909
2019-04-08 21:50:00,7071,7075,7071,7072,358,251134,25378620.0,OI1909
2019-04-08 21:51:00,7073,7074,7071,7074,142,251126,10066380.0,OI1909
2019-04-08 21:52:00,7074,7074,7065,7068,1746,251250,123390480.0,OI1909
2019-04-08 21:53:00,7068,7069,7063,7065,1330,251082,93873640.0,OI1909
2019-04-08 21:54:00,7066,7066,7063,7065,556,251114,39403720.0,OI1909
2019-04-08 21:55:00,7064,7068,7064,7068,496,251102,35151520.0,OI1909
2019-04-08 21:56:00,7067,7068,7065,7066,246,251160,17434020.0,OI1909
2019-04-08 21:57:00,7068,7070,7067,7070,204,251082,14045700.0,OI1909
2019-04-08 21:58:00,7069,7069,7065,7065,370,251084,26218200.0,OI1909
2019-04-08 21:59:00,7065,7068,7064,7067,356,251154,25226160.0,OI1909
2019-04-08 22:00:00,7067,7067,7060,7062,1066,251184,75536760.0,OI1909
2019-04-08 22:01:00,7063,7063,7057,7058,1046,251422,73679400.0,OI1909
2019-04-08 22:02:00,7058,7059,7046,7046,2632,251100,185544240.0,OI1909
2019-04-08 22:03:00,7046,7050,7039,7044,3822,251404,269298200.0,OI1909
2019-04-08 22:04:00,7042,7046,7041,7046,2198,251120,155091720.0,OI1909
2019-04-08 22:05:00,7046,7046,7040,7040,1992,251158,139920480.0,OI1909
2019-04-08 22:06:00,7041,7044,7039,7040,1848,251234,130217880.0,OI1909
2019-04-08 22:07:00,7041,7043,7037,7041,1888,251476,133010920.0,OI1909
2019-04-08 22:08:00,7042,7047,7038,7044,2336,251728,164664680.0,OI1909
2019-04-08 22:09:00,7044,7045,7038,7038,722,251692,50459740.0,OI1909
2019-04-08 22:10:00,7038,7043,7038,7039,1314,251598,92939220.0,OI1909
2019-04-08 22:11:00,7040,7040,7032,7033,2730,251796,191782940.0,OI1909
2019-04-08 22:12:00,7033,7035,7030,7034,3110,251368,218535940.0,OI1909
2019-04-08 22:13:00,7034,7039,7033,7037,1134,251126,80162460.0,OI1909
2019-04-08 22:14:00,7037,7037,7032,7034,790,251042,55139780.0,OI1909
2019-04-08 22:15:00,7035,7035,7021,7026,3670,250538,257911560.0,OI1909
2019-04-08 22:16:00,7026,7027,7022,7023,1540,250300,108816400.0,OI1909
2019-04-08 22:17:00,7024,7035,7023,7034,1898,250376,133336280.0,OI1909
2019-04-08 22:18:00,7034,7038,7032,7038,1878,250292,131885520.0,OI1909
2019-04-08 22:19:00,7038,7042,7036,7040,1754,249880,123089840.0,OI1909
2019-04-08 22:20:00,7041,7042,7038,7038,982,249902,69358660.0,OI1909
2019-04-08 22:21:00,7038,7040,7037,7038,400,249926,28252000.0,OI1909
2019-04-08 22:22:00,7038,7038,7036,7036,360,249948,25426800.0,OI1909
2019-04-08 22:23:00,7036,7039,7036,7038,374,249958,26415620.0,OI1909
2019-04-08 22:24:00,7038,7038,7036,7037,146,249964,10311980.0,OI1909
2019-04-08 22:25:00,7037,7039,7037,7039,220,249954,15538600.0,OI1909
2019-04-08 22:26:00,7039,7040,7037,7037,258,249968,18222540.0,OI1909
2019-04-08 22:27:00,7037,7037,7032,7034,724,249834,50288760.0,OI1909
2019-04-08 22:28:00,7034,7036,7033,7036,180,249792,12711600.0,OI1909
2019-04-08 22:29:00,7036,7040,7036,7039,458,249934,32343960.0,OI1909
2019-04-08 22:30:00,7039,7043,7039,7043,1058,250124,74715960.0,OI1909
2019-04-08 22:31:00,7042,7042,7040,7042,418,250190,29519160.0,OI1909
2019-04-08 22:32:00,7042,7042,7041,7041,150,250226,10593000.0,OI1909
2019-04-08 22:33:00,7040,7042,7040,7041,380,250144,26835600.0,OI1909
2019-04-08 22:34:00,7042,7042,7040,7040,128,250116,9039360.0,OI1909
2019-04-08 22:35:00,7040,7041,7040,7041,24,250104,1694880.0,OI1909
2019-04-08 22:36:00,7041,7042,7040,7040,148,250124,10451760.0,OI1909
2019-04-08 22:37:00,7040,7041,7037,7037,422,250160,29801640.0,OI1909
2019-04-08 22:38:00,7038,7039,7037,7037,336,250344,22843940.0,OI1909
2019-04-08 22:39:00,7037,7040,7037,7039,210,250448,14828100.0,OI1909
2019-04-08 22:40:00,7040,7040,7039,7039,62,250444,4377820.0,OI1909
2019-04-08 22:41:00,7040,7040,7039,7040,140,250508,9885400.0,OI1909
2019-04-08 22:42:00,7039,7040,7038,7039,64,250476,4519040.0,OI1909
2019-04-08 22:43:00,7039,7040,7038,7040,136,250462,9602960.0,OI1909
2019-04-08 22:44:00,7040,7040,7037,7039,174,250444,12286140.0,OI1909
2019-04-08 22:45:00,7038,7038,7038,7038,34,250456,2400740.0,OI1909
2019-04-08 22:46:00,7039,7039,7034,7034,618,250538,43636980.0,OI1909
2019-04-08 22:47:00,7035,7036,7034,7034,148,250550,10450280.0,OI1909
2019-04-08 22:48:00,7034,7037,7034,7037,176,250536,12427360.0,OI1909
2019-04-08 22:49:00,7037,7037,7035,7037,338,250504,23866180.0,OI1909
2019-04-08 22:50:00,7037,7042,7037,7042,540,250356,38129400.0,OI1909
2019-04-08 22:51:00,7041,7045,7041,7043,886,250174,62560460.0,OI1909
2019-04-08 22:52:00,7043,7044,7042,7043,256,250118,18076160.0,OI1909
2019-04-08 22:53:00,7043,7044,7042,7042,112,250122,7908320.0,OI1909
2019-04-08 22:54:00,7043,7045,7043,7045,246,249996,17370060.0,OI1909
2019-04-08 22:55:00,7045,7045,7042,7044,286,249976,20835220.0,OI1909
2019-04-08 22:56:00,7045,7045,7043,7045,584,250038,41230400.0,OI1909
2019-04-08 22:57:00,7045,7048,7045,7048,792,249834,55915200.0,OI1909
2019-04-08 22:58:00,7048,7053,7047,7049,1624,249654,114654400.0,OI1909
2019-04-08 22:59:00,7049,7052,7049,7051,524,249482,36994400.0,OI1909
2019-04-08 23:00:00,7052,7052,7047,7051,570,249478,40242000.0,OI1909
2019-04-08 23:01:00,7051,7051,7049,7050,108,249448,7624800.0,OI1909
2019-04-08 23:02:00,7049,7050,7048,7048,410,249494,28946000.0,OI1909
2019-04-08 23:03:00,7050,7050,7048,7049,186,249534,13131600.0,OI1909
2019-04-08 23:04:00,7049,7051,7049,7050,396,249484,27957600.0,OI1909
2019-04-08 23:05:00,7049,7050,7047,7048,250,249424,17650000.0,OI1909
2019-04-08 23:06:00,7048,7048,7046,7046,188,249338,13272800.0,OI1909
2019-04-08 23:07:00,7047,7047,7046,7047,106,249272,7483600.0,OI1909
2019-04-08 23:08:00,7047,7047,7046,7046,100,249204,7060000.0,OI1909
2019-04-08 23:09:00,7047,7047,7043,7044,156,249186,11013600.0,OI1909
2019-04-08 23:10:00,7044,7045,7044,7045,124,249200,8754400.0,OI1909
2019-04-08 23:11:00,7044,7046,7044,7045,166,249294,11719600.0,OI1909
2019-04-08 23:12:00,7045,7047,7045,7046,118,249222,8330800.0,OI1909
2019-04-08 23:13:00,7047,7047,7047,7047,106,249198,7483600.0,OI1909
2019-04-08 23:14:00,7047,7048,7047,7047,54,249190,3812400.0,OI1909
2019-04-08 23:15:00,7048,7048,7047,7047,30,249182,2118000.0,OI1909
2019-04-08 23:16:00,7047,7047,7047,7047,68,249140,4800800.0,OI1909
2019-04-08 23:17:00,7046,7046,7045,7046,64,249148,4518400.0,OI1909
2019-04-08 23:18:00,7045,7046,7045,7045,16,249150,1129600.0,OI1909
2019-04-08 23:19:00,7045,7045,7044,7045,58,249166,4094800.0,OI1909
2019-04-08 23:20:00,7046,7046,7045,7046,26,249170,1835600.0,OI1909
2019-04-08 23:21:00,7046,7047,7046,7047,42,249176,2965200.0,OI1909
2019-04-08 23:22:00,7047,7047,7046,7047,80,249132,5648000.0,OI1909
2019-04-08 23:23:00,7047,7048,7047,7047,56,249132,3953600.0,OI1909
2019-04-08 23:24:00,7047,7048,7046,7046,148,249074,10448800.0,OI1909
2019-04-08 23:25:00,7047,7048,7047,7048,8,249074,564800.0,OI1909
2019-04-08 23:26:00,7047,7049,7047,7048,112,249016,7907200.0,OI1909
2019-04-08 23:27:00,7047,7048,7047,7047,68,249006,4800800.0,OI1909
2019-04-08 23:28:00,7047,7047,7046,7047,276,248894,19485600.0,OI1909
2019-04-08 23:29:00,7048,7048,7045,7047,484,248628,33160780.0,OI1909
2019-04-09 09:00:00,7050,7050,7035,7038,1892,248894,133556280.0,OI1909
2019-04-09 09:01:00,7038,7045,7037,7040,800,248828,56472000.0,OI1909
2019-04-09 09:02:00,7040,7042,7037,7040,860,248956,60707400.0,OI1909
2019-04-09 09:03:00,7040,7043,7036,7042,636,248894,44895240.0,OI1909
2019-04-09 09:04:00,7043,7043,7040,7040,426,248984,30071340.0,OI1909
2019-04-09 09:05:00,7040,7042,7037,7040,478,249042,33742020.0,OI1909
2019-04-09 09:06:00,7040,7050,7040,7048,678,249096,47229460.0,OI1909
2019-04-09 09:07:00,7048,7050,7045,7049,484,249230,34160720.0,OI1909
2019-04-09 09:08:00,7049,7050,7047,7049,528,249462,37266240.0,OI1909
2019-04-09 09:09:00,7049,7054,7049,7052,882,249594,62251560.0,OI1909
2019-04-09 09:10:00,7052,7058,7051,7058,1016,249756,71709280.0,OI1909
2019-04-09 09:11:00,7057,7062,7056,7062,1654,249772,116739320.0,OI1909
2019-04-09 09:12:00,7062,7067,7061,7065,2586,249508,182519880.0,OI1909
2019-04-09 09:13:00,7065,7065,7061,7063,610,249488,44198720.0,OI1909
2019-04-09 09:14:00,7063,7064,7062,7063,744,249658,52518960.0,OI1909
2019-04-09 09:15:00,7063,7063,7061,7061,516,249728,36424440.0,OI1909
2019-04-09 09:16:00,7061,7062,7058,7058,568,249778,40095120.0,OI1909
2019-04-09 09:17:00,7059,7059,7052,7054,720,249684,50824800.0,OI1909
2019-04-09 09:18:00,7054,7054,7052,7053,206,249678,14541540.0,OI1909
2019-04-09 09:19:00,7053,7055,7052,7053,672,249634,47436480.0,OI1909
2019-04-09 09:20:00,7053,7057,7053,7056,330,249732,23342540.0,OI1909
2019-04-09 09:21:00,7056,7057,7054,7056,344,249800,24279520.0,OI1909
2019-04-09 09:22:00,7057,7060,7057,7059,438,249728,30914040.0,OI1909
2019-04-09 09:23:00,7060,7060,7057,7059,166,249762,11716280.0,OI1909
2019-04-09 09:24:00,7058,7062,7058,7062,292,249838,20609360.0,OI1909
2019-04-09 09:25:00,7062,7062,7058,7061,352,249928,24844160.0,OI1909
2019-04-09 09:26:00,7060,7065,7060,7064,468,250108,34234520.0,OI1909
2019-04-09 09:27:00,7065,7066,7063,7066,606,250248,42777540.0,OI1909
2019-04-09 09:28:00,7065,7070,7065,7066,1066,250536,75248940.0,OI1909
2019-04-09 09:29:00,7066,7066,7063,7065,354,250570,24988860.0,OI1909
2019-04-09 09:30:00,7065,7066,7064,7065,348,250692,24565320.0,OI1909
2019-04-09 09:31:00,7066,7069,7065,7068,514,250824,36283260.0,OI1909
2019-04-09 09:32:00,7067,7069,7066,7068,288,250932,20329920.0,OI1909
2019-04-09 09:33:00,7067,7073,7067,7073,694,251122,48989460.0,OI1909
2019-04-09 09:34:00,7072,7074,7068,7070,1024,251272,72284160.0,OI1909
2019-04-09 09:35:00,7070,7073,7069,7072,578,251416,40801020.0,OI1909
2019-04-09 09:36:00,7074,7075,7072,7073,636,251510,44895240.0,OI1909
2019-04-09 09:37:00,7074,7074,7069,7070,636,251642,44895240.0,OI1909
2019-04-09 09:38:00,7070,7070,7065,7065,704,251738,49695360.0,OI1909
2019-04-09 09:39:00,7065,7069,7065,7067,490,251758,34589100.0,OI1909
2019-04-09 09:40:00,7066,7067,7065,7066,408,251744,28800720.0,OI1909
2019-04-09 09:41:00,7064,7066,7063,7064,444,251580,31341960.0,OI1909
2019-04-09 09:42:00,7064,7066,7063,7066,182,251562,12847380.0,OI1909
2019-04-09 09:43:00,7065,7067,7065,7067,214,251644,15106260.0,OI1909
2019-04-09 09:44:00,7068,7068,7064,7064,234,251700,16518060.0,OI1909
2019-04-09 09:45:00,7064,7064,7059,7061,976,251548,68895840.0,OI1909
2019-04-09 09:46:00,7061,7065,7061,7063,344,251586,24282960.0,OI1909
2019-04-09 09:47:00,7065,7065,7061,7061,352,251722,24847680.0,OI1909
2019-04-09 09:48:00,7061,7062,7060,7060,330,251830,23294700.0,OI1909
2019-04-09 09:49:00,7060,7061,7059,7061,288,251748,20329920.0,OI1909
2019-04-09 09:50:00,7060,7062,7059,7061,356,251788,25130040.0,OI1909
2019-04-09 09:51:00,7060,7065,7060,7064,246,251872,17365140.0,OI1909
2019-04-09 09:52:00,7064,7065,7063,7063,166,251866,11717940.0,OI1909
2019-04-09 09:53:00,7063,7064,7063,7063,170,251912,12000300.0,OI1909
2019-04-09 09:54:00,7063,7065,7063,7065,58,251914,4094220.0,OI1909
2019-04-09 09:55:00,7064,7071,7064,7070,574,252026,40518660.0,OI1909
2019-04-09 09:56:00,7070,7074,7070,7072,590,252240,41648100.0,OI1909
2019-04-09 09:57:00,7073,7074,7071,7071,296,252364,20894640.0,OI1909
2019-04-09 09:58:00,7071,7072,7070,7070,128,252406,9035520.0,OI1909
2019-04-09 09:59:00,7070,7071,7069,7069,140,252446,9882600.0,OI1909
2019-04-09 10:00:00,7069,7075,7069,7074,552,252546,38965680.0,OI1909
2019-04-09 10:01:00,7074,7075,7072,7072,492,252692,36088140.0,OI1909
2019-04-09 10:02:00,7072,7077,7070,7077,860,252820,60716000.0,OI1909
2019-04-09 10:03:00,7075,7079,7073,7074,614,252864,43348400.0,OI1909
2019-04-09 10:04:00,7074,7074,7072,7073,312,252880,22027200.0,OI1909
2019-04-09 10:05:00,7072,7074,7072,7073,80,252880,5648000.0,OI1909
2019-04-09 10:06:00,7073,7073,7071,7071,110,252872,7766000.0,OI1909
2019-04-09 10:07:00,7071,7072,7070,7071,180,252894,12708000.0,OI1909
2019-04-09 10:08:00,7072,7073,7071,7072,62,252920,4377200.0,OI1909
2019-04-09 10:09:00,7073,7073,7072,7072,32,252928,2259200.0,OI1909
2019-04-09 10:10:00,7071,7072,7070,7071,134,252948,9460400.0,OI1909
2019-04-09 10:11:00,7070,7070,7068,7069,190,252944,13414000.0,OI1909
2019-04-09 10:12:00,7069,7069,7068,7068,50,252926,3530000.0,OI1909
2019-04-09 10:13:00,7068,7069,7065,7069,436,252696,30781600.0,OI1909
2019-04-09 10:14:00,7067,7069,7067,7068,118,252712,8330800.0,OI1909
2019-04-09 10:30:00,7068,7069,7065,7065,256,252766,18073600.0,OI1909
2019-04-09 10:31:00,7065,7066,7063,7064,328,252714,23156800.0,OI1909
2019-04-09 10:32:00,7064,7066,7061,7065,398,252762,28098800.0,OI1909
2019-04-09 10:33:00,7066,7068,7063,7065,314,252696,22168400.0,OI1909
2019-04-09 10:34:00,7067,7068,7065,7068,394,252722,27816400.0,OI1909
2019-04-09 10:35:00,7067,7068,7064,7064,186,252796,13131600.0,OI1909
2019-04-09 10:36:00,7064,7066,7063,7063,300,252902,21180000.0,OI1909
2019-04-09 10:37:00,7063,7068,7063,7067,156,252940,11013600.0,OI1909
2019-04-09 10:38:00,7068,7068,7065,7065,82,252964,5789200.0,OI1909
2019-04-09 10:39:00,7065,7067,7064,7065,454,252964,32052400.0,OI1909
2019-04-09 10:40:00,7065,7066,7065,7066,88,252964,6212800.0,OI1909
2019-04-09 10:41:00,7066,7069,7065,7069,306,253058,21603600.0,OI1909
2019-04-09 10:42:00,7068,7072,7068,7071,338,253096,23862800.0,OI1909
2019-04-09 10:43:00,7071,7072,7068,7069,252,253028,17791200.0,OI1909
2019-04-09 10:44:00,7070,7070,7067,7068,264,253004,18638400.0,OI1909
2019-04-09 10:45:00,7067,7068,7066,7067,176,252940,12425600.0,OI1909
2019-04-09 10:46:00,7066,7067,7065,7066,108,252954,7624800.0,OI1909
2019-04-09 10:47:00,7067,7068,7066,7068,236,253040,16661600.0,OI1909
2019-04-09 10:48:00,7067,7068,7066,7066,130,253064,9178000.0,OI1909
2019-04-09 10:49:00,7067,7068,7066,7067,68,253050,4800800.0,OI1909
2019-04-09 10:50:00,7067,7069,7067,7067,176,253084,12425600.0,OI1909
2019-04-09 10:51:00,7067,7067,7066,7067,146,253158,10307600.0,OI1909
2019-04-09 10:52:00,7066,7068,7066,7067,114,253140,8048400.0,OI1909
2019-04-09 10:53:00,7068,7069,7067,7068,116,253146,8189600.0,OI1909
2019-04-09 10:54:00,7069,7071,7069,7070,154,253154,10872400.0,OI1909
2019-04-09 10:55:00,7069,7071,7069,7070,122,253132,8613200.0,OI1909
2019-04-09 10:56:00,7070,7073,7069,7071,528,253148,37276800.0,OI1909
2019-04-09 10:57:00,7072,7072,7070,7071,428,253162,30216800.0,OI1909
2019-04-09 10:58:00,7070,7071,7069,7070,226,253156,15955600.0,OI1909
2019-04-09 10:59:00,7071,7073,7070,7072,154,253162,10872400.0,OI1909
2019-04-09 11:00:00,7071,7072,7068,7068,208,253192,14684800.0,OI1909
2019-04-09 11:01:00,7068,7069,7066,7068,102,253208,7201200.0,OI1909
2019-04-09 11:02:00,7068,7068,7064,7066,300,253234,21180000.0,OI1909
2019-04-09 11:03:00,7065,7066,7060,7064,908,253176,64104800.0,OI1909
2019-04-09 11:04:00,7064,7064,7061,7062,510,253098,36006000.0,OI1909
2019-04-09 11:05:00,7063,7066,7062,7065,202,253094,14261200.0,OI1909
2019-04-09 11:06:00,7066,7066,7064,7065,60,253110,4236000.0,OI1909
2019-04-09 11:07:00,7064,7064,7062,7062,140,253114,9884000.0,OI1909
2019-04-09 11:08:00,7062,7062,7060,7062,462,253250,32617200.0,OI1909
2019-04-09 11:09:00,7062,7065,7062,7063,296,253256,20897600.0,OI1909
2019-04-09 11:10:00,7064,7067,7064,7065,426,253296,30075600.0,OI1909
2019-04-09 11:11:00,7066,7066,7061,7061,166,253274,11719600.0,OI1909
2019-04-09 11:12:00,7061,7063,7061,7063,106,253330,7483600.0,OI1909
2019-04-09 11:13:00,7063,7064,7061,7062,202,253326,14261200.0,OI1909
2019-04-09 11:14:00,7062,7063,7061,7061,88,253308,6212800.0,OI1909
2019-04-09 11:15:00,7061,7063,7061,7063,238,253408,16802800.0,OI1909
2019-04-09 11:16:00,7064,7065,7062,7062,258,253338,18214800.0,OI1909
2019-04-09 11:17:00,7063,7065,7062,7065,48,253328,3388800.0,OI1909
2019-04-09 11:18:00,7065,7067,7065,7066,132,253352,9319200.0,OI1909
2019-04-09 11:19:00,7066,7066,7063,7063,62,253358,4377200.0,OI1909
2019-04-09 11:20:00,7064,7065,7063,7064,110,253448,7766000.0,OI1909
2019-04-09 11:21:00,7065,7071,7065,7069,356,253576,25133600.0,OI1909
2019-04-09 11:22:00,7069,7077,7069,7075,1692,253510,119455200.0,OI1909
2019-04-09 11:23:00,7076,7077,7074,7076,492,253518,36270460.0,OI1909
2019-04-09 11:24:00,7077,7078,7075,7076,596,253472,42083560.0,OI1909
2019-04-09 11:25:00,7076,7077,7072,7072,454,253482,32056940.0,OI1909
2019-04-09 11:26:00,7073,7075,7072,7075,370,253332,26125700.0,OI1909
2019-04-09 11:27:00,7074,7075,7073,7074,182,253308,12851020.0,OI1909
2019-04-09 11:28:00,7072,7072,7070,7071,422,253124,29797420.0,OI1909
2019-04-09 11:29:00,7071,7075,7070,7074,332,253076,23442520.0,OI1909
2019-04-09 13:30:00,7075,7079,7074,7078,756,253358,53381160.0,OI1909
2019-04-09 13:31:00,7078,7081,7077,7077,1204,253358,85014440.0,OI1909
2019-04-09 13:32:00,7076,7078,7074,7075,278,253346,19629580.0,OI1909
2019-04-09 13:33:00,7075,7076,7071,7071,452,253296,31915720.0,OI1909
2019-04-09 13:34:00,7070,7071,7067,7069,372,253224,26266920.0,OI1909
2019-04-09 13:35:00,7068,7072,7067,7069,426,253248,30079860.0,OI1909
2019-04-09 13:36:00,7070,7071,7069,7069,664,253152,46885040.0,OI1909
2019-04-09 13:37:00,7069,7072,7068,7071,202,253156,14263220.0,OI1909
2019-04-09 13:38:00,7070,7072,7070,7072,208,253230,14686880.0,OI1909
2019-04-09 13:39:00,7072,7075,7072,7072,236,253230,16663960.0,OI1909
2019-04-09 13:40:00,7072,7074,7072,7072,156,253220,11015160.0,OI1909
2019-04-09 13:41:00,7072,7073,7070,7070,562,253512,39682820.0,OI1909
2019-04-09 13:42:00,7070,7073,7070,7073,278,253586,19629580.0,OI1909
2019-04-09 13:43:00,7071,7071,7069,7070,164,253550,11580040.0,OI1909
2019-04-09 13:44:00,7070,7073,7070,7072,212,253476,14969320.0,OI1909
2019-04-09 13:45:00,7072,7073,7071,7072,138,253486,9744180.0,OI1909
2019-04-09 13:46:00,7073,7079,7071,7078,558,253530,39400380.0,OI1909
2019-04-09 13:47:00,7077,7078,7074,7076,818,253586,57758980.0,OI1909
2019-04-09 13:48:00,7076,7084,7075,7082,1360,253534,97678860.0,OI1909
2019-04-09 13:49:00,7082,7084,7079,7084,960,253542,67795200.0,OI1909
2019-04-09 13:50:00,7083,7083,7080,7081,400,253606,28248000.0,OI1909
2019-04-09 13:51:00,7081,7081,7078,7078,210,253654,14830200.0,OI1909
2019-04-09 13:52:00,7078,7079,7078,7079,214,253758,15112680.0,OI1909
2019-04-09 13:53:00,7080,7082,7079,7080,190,253792,13417800.0,OI1909
2019-04-09 13:54:00,7079,7080,7077,7079,274,253790,19349880.0,OI1909
2019-04-09 13:55:00,7078,7080,7078,7080,152,253758,10734240.0,OI1909
2019-04-09 13:56:00,7080,7080,7078,7080,166,253848,11722920.0,OI1909
2019-04-09 13:57:00,7080,7080,7078,7078,86,253848,6073320.0,OI1909
2019-04-09 13:58:00,7079,7082,7079,7081,272,253918,19208640.0,OI1909
2019-04-09 13:59:00,7082,7082,7079,7080,292,253938,20621040.0,OI1909
2019-04-09 14:00:00,7081,7081,7077,7077,398,253868,28106760.0,OI1909
2019-04-09 14:01:00,7077,7080,7077,7079,178,253860,12570360.0,OI1909
2019-04-09 14:02:00,7079,7080,7078,7078,226,253814,15960120.0,OI1909
2019-04-09 14:03:00,7078,7078,7076,7076,448,253794,31637760.0,OI1909
2019-04-09 14:04:00,7076,7081,7076,7081,496,253782,35027520.0,OI1909
2019-04-09 14:05:00,7082,7084,7080,7080,586,253940,41383320.0,OI1909
2019-04-09 14:06:00,7080,7081,7079,7080,136,253946,9604320.0,OI1909
2019-04-09 14:07:00,7079,7080,7078,7080,192,253930,13559040.0,OI1909
2019-04-09 14:08:00,7080,7087,7079,7087,1010,253876,71326200.0,OI1909
2019-04-09 14:09:00,7087,7087,7076,7077,758,253790,53529960.0,OI1909
2019-04-09 14:10:00,7078,7080,7077,7077,412,253888,29095440.0,OI1909
2019-04-09 14:11:00,7077,7079,7077,7079,358,254004,25281960.0,OI1909
2019-04-09 14:12:00,7079,7081,7078,7080,236,254062,16666320.0,OI1909
2019-04-09 14:13:00,7080,7080,7078,7080,168,254070,11864160.0,OI1909
2019-04-09 14:14:00,7080,7080,7077,7077,290,254136,22220140.0,OI1909
2019-04-09 14:15:00,7078,7079,7076,7077,220,254168,15538600.0,OI1909
2019-04-09 14:16:00,7077,7079,7076,7076,270,254140,19070100.0,OI1909
2019-04-09 14:17:00,7076,7077,7072,7076,708,254040,50006040.0,OI1909
2019-04-09 14:18:00,7076,7078,7076,7078,280,254232,19776400.0,OI1909
2019-04-09 14:19:00,7079,7079,7074,7076,346,254322,24437980.0,OI1909
2019-04-09 14:20:00,7075,7076,7074,7076,62,254340,4379060.0,OI1909
2019-04-09 14:21:00,7076,7077,7075,7075,168,254340,11865840.0,OI1909
2019-04-09 14:22:00,7075,7078,7074,7077,156,254358,11018280.0,OI1909
2019-04-09 14:23:00,7077,7082,7077,7082,506,254468,35738780.0,OI1909
2019-04-09 14:24:00,7081,7085,7081,7084,570,254574,40259100.0,OI1909
2019-04-09 14:25:00,7085,7086,7083,7084,470,254728,33196100.0,OI1909
2019-04-09 14:26:00,7084,7085,7082,7083,182,254714,12854660.0,OI1909
2019-04-09 14:27:00,7083,7086,7083,7084,330,254840,23307900.0,OI1909
2019-04-09 14:28:00,7083,7085,7083,7083,130,254888,9181900.0,OI1909
2019-04-09 14:29:00,7084,7084,7080,7081,438,255016,30935940.0,OI1909
2019-04-09 14:30:00,7082,7083,7081,7082,198,255078,13984740.0,OI1909
2019-04-09 14:31:00,7082,7083,7079,7082,618,254992,43649340.0,OI1909
2019-04-09 14:32:00,7083,7083,7081,7082,212,254984,14973560.0,OI1909
2019-04-09 14:33:00,7083,7084,7078,7078,674,255234,47604620.0,OI1909
2019-04-09 14:34:00,7079,7082,7078,7081,376,255294,26556880.0,OI1909
2019-04-09 14:35:00,7082,7085,7081,7084,648,255314,45768240.0,OI1909
2019-04-09 14:36:00,7084,7090,7084,7087,2074,255700,148323320.0,OI1909
2019-04-09 14:37:00,7088,7094,7086,7090,1538,256070,108644320.0,OI1909
2019-04-09 14:38:00,7091,7093,7089,7092,828,256434,58489920.0,OI1909
2019-04-09 14:39:00,7093,7094,7090,7091,754,256526,53262560.0,OI1909
2019-04-09 14:40:00,7091,7092,7089,7089,482,256724,34048480.0,OI1909
2019-04-09 14:41:00,7090,7091,7085,7087,1010,256644,71346400.0,OI1909
2019-04-09 14:42:00,7087,7088,7086,7086,484,256608,34189760.0,OI1909
2019-04-09 14:43:00,7086,7088,7085,7087,1420,256300,100308800.0,OI1909
2019-04-09 14:44:00,7087,7088,7085,7085,588,256238,41536320.0,OI1909
2019-04-09 14:45:00,7085,7090,7085,7090,532,256390,39493540.0,OI1909
2019-04-09 14:46:00,7090,7090,7088,7090,334,256514,23597100.0,OI1909
2019-04-09 14:47:00,7090,7092,7088,7092,538,256690,38009700.0,OI1909
2019-04-09 14:48:00,7091,7093,7091,7093,364,256656,25716600.0,OI1909
2019-04-09 14:49:00,7093,7093,7090,7090,646,256754,45639900.0,OI1909
2019-04-09 14:50:00,7089,7093,7089,7092,346,256706,24444900.0,OI1909
2019-04-09 14:51:00,7092,7093,7090,7092,546,256752,38574900.0,OI1909
2019-04-09 14:52:00,7093,7093,7089,7089,550,256526,38857500.0,OI1909
2019-04-09 14:53:00,7088,7092,7088,7092,502,256232,35466300.0,OI1909
2019-04-09 14:54:00,7090,7091,7089,7090,302,256052,21336300.0,OI1909
2019-04-09 14:55:00,7090,7093,7089,7093,498,255892,35183700.0,OI1909
2019-04-09 14:56:00,7092,7096,7092,7095,764,255782,53976600.0,OI1909
2019-04-09 14:57:00,7095,7097,7094,7094,716,255614,50585400.0,OI1909
2019-04-09 14:58:00,7094,7098,7094,7097,702,255512,49596300.0,OI1909
2019-04-09 14:59:00,7098,7099,7097,7097,1400,255764,100905140.0,OI1909
2019-04-09 21:00:00,7088,7110,7087,7109,3922,256666,278462000.0,OI1909
2019-04-09 21:01:00,7108,7108,7098,7099,2778,257040,197305000.0,OI1909
2019-04-09 21:02:00,7098,7102,7098,7099,1318,257538,93591180.0,OI1909
2019-04-09 21:03:00,7099,7100,7089,7091,1712,257382,121471820.0,OI1909
2019-04-09 21:04:00,7091,7094,7091,7092,822,257518,58256480.0,OI1909
2019-04-09 21:05:00,7090,7094,7090,7090,1342,257770,95149640.0,OI1909
2019-04-09 21:06:00,7090,7090,7085,7088,1454,257796,103071440.0,OI1909
2019-04-09 21:07:00,7088,7091,7087,7090,734,257730,52091980.0,OI1909
2019-04-09 21:08:00,7089,7089,7087,7088,536,257754,37893740.0,OI1909
2019-04-09 21:09:00,7089,7089,7086,7088,528,257764,37466880.0,OI1909
2019-04-09 21:10:00,7088,7090,7088,7090,548,257958,38886080.0,OI1909
2019-04-09 21:11:00,7090,7094,7090,7093,878,258100,62302880.0,OI1909
2019-04-09 21:12:00,7094,7094,7091,7092,458,258202,32499680.0,OI1909
2019-04-09 21:13:00,7091,7093,7091,7093,504,258368,35588500.0,OI1909
2019-04-09 21:14:00,7092,7094,7092,7092,416,258528,29515200.0,OI1909
2019-04-09 21:15:00,7093,7095,7093,7094,670,258760,47536500.0,OI1909
2019-04-09 21:16:00,7095,7095,7092,7093,696,259042,49381200.0,OI1909
2019-04-09 21:17:00,7093,7094,7092,7092,244,259162,17311800.0,OI1909
2019-04-09 21:18:00,7093,7093,7088,7088,700,259170,49665000.0,OI1909
2019-04-09 21:19:00,7088,7090,7088,7089,276,259214,19582200.0,OI1909
2019-04-09 21:20:00,7089,7091,7089,7090,228,259218,16176600.0,OI1909
2019-04-09 21:21:00,7089,7091,7089,7091,212,259282,15041400.0,OI1909
2019-04-09 21:22:00,7090,7091,7088,7088,348,259516,24690600.0,OI1909
2019-04-09 21:23:00,7088,7089,7081,7081,1396,259278,98819000.0,OI1909
2019-04-09 21:24:00,7080,7083,7078,7082,1944,258882,137660720.0,OI1909
2019-04-09 21:25:00,7082,7086,7082,7085,564,258878,40004520.0,OI1909
2019-04-09 21:26:00,7084,7086,7083,7086,282,258908,20002260.0,OI1909
2019-04-09 21:27:00,7087,7087,7085,7085,186,258928,13192980.0,OI1909
2019-04-09 21:28:00,7086,7086,7085,7086,128,258938,9079040.0,OI1909
2019-04-09 21:29:00,7087,7087,7085,7086,94,258952,6667420.0,OI1909
2019-04-09 21:30:00,7086,7086,7082,7082,508,259076,35768180.0,OI1909
2019-04-09 21:31:00,7082,7083,7080,7081,596,259082,42268320.0,OI1909
2019-04-09 21:32:00,7080,7080,7073,7076,1498,258718,105952960.0,OI1909
2019-04-09 21:33:00,7075,7077,7074,7076,638,258642,45240580.0,OI1909
2019-04-09 21:34:00,7076,7079,7076,7077,666,258732,47226060.0,OI1909
2019-04-09 21:35:00,7078,7082,7077,7079,588,258776,41695080.0,OI1909
2019-04-09 21:36:00,7080,7082,7079,7082,280,258900,19547880.0,OI1909
2019-04-09 21:37:00,7082,7085,7082,7083,430,258988,30487000.0,OI1909
2019-04-09 21:38:00,7082,7083,7079,7080,398,259030,28218200.0,OI1909
2019-04-09 21:39:00,7081,7085,7080,7084,248,259100,17583200.0,OI1909
2019-04-09 21:40:00,7085,7085,7080,7083,290,259130,20561000.0,OI1909
2019-04-09 21:41:00,7082,7084,7081,7082,280,259280,19852000.0,OI1909
2019-04-09 21:42:00,7082,7082,7081,7082,208,259234,14747200.0,OI1909
2019-04-09 21:43:00,7082,7083,7081,7082,174,259232,12336600.0,OI1909
2019-04-09 21:44:00,7082,7082,7080,7080,284,259284,20135600.0,OI1909
2019-04-09 21:45:00,7080,7083,7080,7082,178,259304,12620200.0,OI1909
2019-04-09 21:46:00,7083,7084,7082,7083,228,259328,16165200.0,OI1909
2019-04-09 21:47:00,7083,7084,7082,7084,96,259312,6806400.0,OI1909
2019-04-09 21:48:00,7084,7089,7083,7087,834,259274,59130600.0,OI1909
2019-04-09 21:49:00,7087,7088,7084,7085,476,259328,33748400.0,OI1909
2019-04-09 21:50:00,7085,7087,7084,7087,398,259444,28218200.0,OI1909
2019-04-09 21:51:00,7086,7087,7086,7087,192,259450,13612800.0,OI1909
2019-04-09 21:52:00,7087,7090,7087,7087,428,259538,30345200.0,OI1909
2019-04-09 21:53:00,7087,7087,7081,7083,476,259608,33748400.0,OI1909
2019-04-09 21:54:00,7083,7086,7083,7086,152,259612,10856620.0,OI1909
2019-04-09 21:55:00,7085,7086,7085,7085,54,259616,3828060.0,OI1909
2019-04-09 21:56:00,7086,7086,7083,7083,394,259732,27930660.0,OI1909
2019-04-09 21:57:00,7083,7083,7079,7080,598,259674,42392220.0,OI1909
2019-04-09 21:58:00,7080,7084,7080,7083,288,259650,20416320.0,OI1909
2019-04-09 21:59:00,7083,7086,7083,7085,470,259808,33318300.0,OI1909
2019-04-09 22:00:00,7085,7089,7085,7086,636,259898,45086040.0,OI1909
2019-04-09 22:01:00,7086,7095,7086,7095,1318,260320,93433020.0,OI1909
2019-04-09 22:02:00,7095,7102,7094,7100,2162,260928,153688000.0,OI1909
2019-04-09 22:03:00,7100,7101,7093,7095,1864,261374,132157600.0,OI1909
2019-04-09 22:04:00,7095,7097,7094,7095,508,261374,36017200.0,OI1909
2019-04-09 22:05:00,7094,7095,7093,7094,390,261418,27651000.0,OI1909
2019-04-09 22:06:00,7093,7094,7091,7093,884,261342,62675600.0,OI1909
2019-04-09 22:07:00,7093,7093,7088,7090,1578,261294,111880200.0,OI1909
2019-04-09 22:08:00,7090,7092,7089,7091,384,261418,27225600.0,OI1909
2019-04-09 22:09:00,7091,7091,7088,7089,608,261550,43107200.0,OI1909
2019-04-09 22:10:00,7089,7090,7088,7090,206,261430,14605400.0,OI1909
2019-04-09 22:11:00,7090,7093,7090,7093,386,261496,27367400.0,OI1909
2019-04-09 22:12:00,7091,7092,7088,7088,470,261624,33323000.0,OI1909
2019-04-09 22:13:00,7089,7089,7080,7081,1056,261382,74870400.0,OI1909
2019-04-09 22:14:00,7080,7087,7080,7083,1076,261460,76288400.0,OI1909
2019-04-09 22:15:00,7083,7086,7082,7083,512,261530,36300800.0,OI1909
2019-04-09 22:16:00,7083,7085,7083,7085,308,261580,21837200.0,OI1909
2019-04-09 22:17:00,7085,7086,7084,7084,152,261572,10776800.0,OI1909
2019-04-09 22:18:00,7084,7085,7084,7084,160,261530,11344000.0,OI1909
2019-04-09 22:19:00,7085,7085,7084,7085,134,261584,9500600.0,OI1909
2019-04-09 22:20:00,7085,7085,7083,7083,368,261466,26091200.0,OI1909
2019-04-09 22:21:00,7083,7086,7082,7085,268,261470,19001200.0,OI1909
2019-04-09 22:22:00,7086,7090,7085,7085,522,261512,37009800.0,OI1909
2019-04-09 22:23:00,7086,7087,7085,7087,110,261468,7799000.0,OI1909
2019-04-09 22:24:00,7087,7088,7086,7087,62,261470,4395800.0,OI1909
2019-04-09 22:25:00,7087,7088,7087,7087,232,261362,16448800.0,OI1909
2019-04-09 22:26:00,7086,7086,7084,7086,276,261372,19568400.0,OI1909
2019-04-09 22:27:00,7085,7087,7085,7086,120,261338,8508000.0,OI1909
2019-04-09 22:28:00,7086,7086,7085,7086,54,261314,3828600.0,OI1909
2019-04-09 22:29:00,7086,7087,7086,7087,100,261296,7090000.0,OI1909
2019-04-09 22:30:00,7087,7088,7086,7086,94,261280,6664600.0,OI1909
2019-04-09 22:31:00,7086,7086,7085,7085,40,261300,2836000.0,OI1909
2019-04-09 22:32:00,7086,7086,7082,7083,944,261350,66367120.0,OI1909
2019-04-09 22:33:00,7083,7085,7083,7084,106,261296,7514340.0,OI1909
2019-04-09 22:34:00,7084,7085,7084,7085,18,261292,1276020.0,OI1909
2019-04-09 22:35:00,7085,7085,7082,7083,164,261198,11625960.0,OI1909
2019-04-09 22:36:00,7083,7084,7083,7083,306,261304,21692340.0,OI1909
2019-04-09 22:37:00,7082,7085,7082,7085,216,261272,15312240.0,OI1909
2019-04-09 22:38:00,7085,7085,7084,7085,120,261214,8506800.0,OI1909
2019-04-09 22:39:00,7085,7085,7082,7083,152,261132,10775280.0,OI1909
2019-04-09 22:40:00,7082,7083,7071,7076,1506,261008,106760340.0,OI1909
2019-04-09 22:41:00,7077,7078,7073,7077,806,260946,57137340.0,OI1909
2019-04-09 22:42:00,7076,7078,7073,7077,828,260706,58696920.0,OI1909
2019-04-09 22:43:00,7077,7077,7065,7066,2144,260206,151362020.0,OI1909
2019-04-09 22:44:00,7068,7073,7067,7071,952,260068,67477760.0,OI1909
2019-04-09 22:45:00,7071,7071,7068,7071,512,260062,36290560.0,OI1909
2019-04-09 22:46:00,7070,7071,7070,7070,216,260018,15310080.0,OI1909
2019-04-09 22:47:00,7070,7076,7070,7074,934,260052,66268680.0,OI1909
2019-04-09 22:48:00,7074,7075,7072,7073,296,260076,20977520.0,OI1909
2019-04-09 22:49:00,7073,7074,7073,7073,172,260062,12189640.0,OI1909
2019-04-09 22:50:00,7073,7075,7073,7075,342,260250,24237540.0,OI1909
2019-04-09 22:51:00,7075,7076,7074,7074,286,260322,20268820.0,OI1909
2019-04-09 22:52:00,7075,7079,7074,7077,608,260146,43088960.0,OI1909
2019-04-09 22:53:00,7078,7079,7077,7077,292,260080,20694040.0,OI1909
2019-04-09 22:54:00,7077,7077,7076,7076,64,260074,4535680.0,OI1909
2019-04-09 22:55:00,7077,7077,7073,7073,158,260064,11197460.0,OI1909
2019-04-09 22:56:00,7074,7074,7071,7072,372,260144,26363640.0,OI1909
2019-04-09 22:57:00,7071,7073,7070,7073,406,260212,28773220.0,OI1909
2019-04-09 22:58:00,7073,7074,7072,7073,146,260242,10347020.0,OI1909
2019-04-09 22:59:00,7073,7074,7072,7073,82,260250,5811340.0,OI1909
2019-04-09 23:00:00,7073,7075,7073,7075,182,260230,12898340.0,OI1909
2019-04-09 23:01:00,7075,7079,7075,7077,308,260208,21827960.0,OI1909
2019-04-09 23:02:00,7077,7077,7075,7075,44,260202,3118280.0,OI1909
2019-04-09 23:03:00,7076,7076,7075,7075,110,260190,7795700.0,OI1909
2019-04-09 23:04:00,7076,7077,7075,7076,38,260216,2693060.0,OI1909
2019-04-09 23:05:00,7076,7077,7076,7077,58,260232,4110460.0,OI1909
2019-04-09 23:06:00,7076,7077,7076,7077,66,260252,4677420.0,OI1909
2019-04-09 23:07:00,7077,7077,7076,7076,66,260252,4677420.0,OI1909
2019-04-09 23:08:00,7075,7076,7074,7074,100,260206,7087000.0,OI1909
2019-04-09 23:09:00,7074,7074,7074,7074,50,260178,3543500.0,OI1909
2019-04-09 23:10:00,7074,7075,7074,7075,58,260166,4110460.0,OI1909
2019-04-09 23:11:00,7075,7076,7075,7076,84,260102,5953080.0,OI1909
2019-04-09 23:12:00,7076,7077,7076,7076,34,260100,2409580.0,OI1909
2019-04-09 23:13:00,7076,7076,7075,7075,34,260080,2409580.0,OI1909
2019-04-09 23:14:00,7075,7076,7074,7076,88,260048,6649960.0,OI1909
2019-04-09 23:15:00,7076,7077,7075,7075,90,260018,6377400.0,OI1909
2019-04-09 23:16:00,7075,7075,7074,7074,60,260000,4251600.0,OI1909
2019-04-09 23:17:00,7074,7074,7073,7073,146,259910,10345560.0,OI1909
2019-04-09 23:18:00,7074,7075,7074,7075,30,259922,2125800.0,OI1909
2019-04-09 23:19:00,7075,7076,7074,7075,214,260016,15164040.0,OI1909
2019-04-09 23:20:00,7075,7075,7075,7075,24,260014,1700640.0,OI1909
2019-04-09 23:21:00,7075,7076,7074,7076,58,260026,4109880.0,OI1909
2019-04-09 23:22:00,7076,7078,7076,7077,158,260032,11195880.0,OI1909
2019-04-09 23:23:00,7077,7078,7074,7074,226,259986,16014360.0,OI1909
2019-04-09 23:24:00,7073,7074,7071,7072,658,260082,46625880.0,OI1909
2019-04-09 23:25:00,7071,7073,7071,7072,170,260068,12046200.0,OI1909
2019-04-09 23:26:00,7072,7073,7072,7072,56,260076,3968160.0,OI1909
2019-04-09 23:27:00,7072,7072,7066,7066,728,259952,51586080.0,OI1909
2019-04-09 23:28:00,7065,7068,7061,7068,1000,259646,70860000.0,OI1909
2019-04-09 23:29:00,7068,7072,7067,7072,456,259594,32312160.0,OI1909
2019-04-10 09:00:00,7076,7087,7076,7085,2202,260182,155273240.0,OI1909
2019-04-10 09:01:00,7086,7089,7083,7085,842,260524,59655700.0,OI1909
2019-04-10 09:02:00,7085,7086,7082,7084,782,260830,55404700.0,OI1909
2019-04-10 09:03:00,7084,7086,7083,7084,360,260986,25506000.0,OI1909
2019-04-10 09:04:00,7085,7088,7084,7087,740,261228,52429000.0,OI1909
2019-04-10 09:05:00,7087,7094,7086,7089,1612,261766,115014040.0,OI1909
2019-04-10 09:06:00,7090,7092,7088,7090,1374,261836,97361640.0,OI1909
2019-04-10 09:07:00,7090,7091,7089,7090,828,261968,58672080.0,OI1909
2019-04-10 09:08:00,7091,7091,7087,7088,532,262006,37697520.0,OI1909
2019-04-10 09:09:00,7088,7089,7087,7089,328,262142,23242080.0,OI1909
2019-04-10 09:10:00,7088,7090,7088,7088,414,262314,29336040.0,OI1909
2019-04-10 09:11:00,7089,7089,7085,7085,208,262342,14738880.0,OI1909
2019-04-10 09:12:00,7085,7088,7085,7087,240,262402,17006400.0,OI1909
2019-04-10 09:13:00,7088,7090,7087,7090,260,262442,18423600.0,OI1909
2019-04-10 09:14:00,7090,7093,7090,7093,974,262894,69017640.0,OI1909
2019-04-10 09:15:00,7092,7093,7089,7090,380,263002,26926800.0,OI1909
2019-04-10 09:16:00,7091,7091,7090,7090,170,263062,12046200.0,OI1909
2019-04-10 09:17:00,7090,7094,7090,7093,836,263340,59238960.0,OI1909
2019-04-10 09:18:00,7093,7093,7089,7090,432,263352,30611520.0,OI1909
2019-04-10 09:19:00,7090,7092,7090,7091,270,263370,19132200.0,OI1909
2019-04-10 09:20:00,7091,7093,7091,7092,506,263540,35855160.0,OI1909
2019-04-10 09:21:00,7092,7094,7092,7093,434,263792,30753240.0,OI1909
2019-04-10 09:22:00,7092,7097,7092,7095,972,264204,68875920.0,OI1909
2019-04-10 09:23:00,7097,7097,7092,7092,820,264404,58105200.0,OI1909
2019-04-10 09:24:00,7092,7093,7090,7091,372,264348,26359920.0,OI1909
2019-04-10 09:25:00,7091,7092,7086,7088,826,264278,58530360.0,OI1909
2019-04-10 09:26:00,7087,7089,7087,7089,264,264230,18707040.0,OI1909
2019-04-10 09:27:00,7088,7092,7088,7091,256,264214,18140160.0,OI1909
2019-04-10 09:28:00,7091,7091,7088,7090,220,264306,15589200.0,OI1909
2019-04-10 09:29:00,7090,7090,7086,7087,278,264320,19699080.0,OI1909
2019-04-10 09:30:00,7088,7089,7088,7089,158,264352,11195880.0,OI1909
2019-04-10 09:31:00,7089,7090,7088,7090,198,264412,14030280.0,OI1909
2019-04-10 09:32:00,7090,7093,7089,7091,382,264546,27068520.0,OI1909
2019-04-10 09:33:00,7092,7092,7090,7090,156,264606,11054160.0,OI1909
2019-04-10 09:34:00,7091,7091,7087,7090,352,264552,24942720.0,OI1909
2019-04-10 09:35:00,7090,7092,7090,7090,158,264556,11195880.0,OI1909
2019-04-10 09:36:00,7090,7093,7090,7091,354,264656,25084440.0,OI1909
2019-04-10 09:37:00,7092,7092,7089,7090,164,264636,11621040.0,OI1909
2019-04-10 09:38:00,7089,7090,7085,7086,824,264690,58388640.0,OI1909
2019-04-10 09:39:00,7086,7088,7086,7087,208,264678,14738880.0,OI1909
2019-04-10 09:40:00,7087,7091,7087,7090,360,264694,25509600.0,OI1909
2019-04-10 09:41:00,7090,7093,7090,7090,374,264736,26501640.0,OI1909
2019-04-10 09:42:00,7090,7091,7088,7088,204,264780,14455440.0,OI1909
2019-04-10 09:43:00,7088,7089,7087,7088,170,264806,12046200.0,OI1909
2019-04-10 09:44:00,7089,7091,7089,7090,160,264808,11337600.0,OI1909
2019-04-10 09:45:00,7090,7091,7090,7090,118,264860,8361480.0,OI1909
2019-04-10 09:46:00,7091,7094,7090,7092,362,264912,25651320.0,OI1909
2019-04-10 09:47:00,7092,7093,7091,7092,242,264932,17148120.0,OI1909
2019-04-10 09:48:00,7091,7092,7091,7092,226,264996,16014360.0,OI1909
2019-04-10 09:49:00,7092,7094,7092,7094,192,265036,13605120.0,OI1909
2019-04-10 09:50:00,7094,7095,7093,7093,402,265230,28485720.0,OI1909
2019-04-10 09:51:00,7093,7094,7093,7093,254,265270,17998440.0,OI1909
2019-04-10 09:52:00,7094,7094,7093,7093,186,265258,13179960.0,OI1909
2019-04-10 09:53:00,7093,7096,7093,7095,412,265350,30186260.0,OI1909
2019-04-10 09:54:00,7095,7095,7094,7094,180,265426,12756600.0,OI1909
2019-04-10 09:55:00,7094,7095,7093,7095,152,265390,10772240.0,OI1909
2019-04-10 09:56:00,7094,7094,7093,7093,286,265354,20268820.0,OI1909
2019-04-10 09:57:00,7093,7094,7091,7092,200,265324,14174000.0,OI1909
2019-04-10 09:58:00,7093,7093,7090,7090,234,265316,16583580.0,OI1909
2019-04-10 09:59:00,7091,7093,7091,7092,238,265372,16867060.0,OI1909
2019-04-10 10:00:00,7093,7096,7093,7096,464,265432,32883680.0,OI1909
2019-04-10 10:01:00,7096,7097,7093,7095,828,265636,58680360.0,OI1909
2019-04-10 10:02:00,7094,7096,7091,7091,226,265638,16016620.0,OI1909
2019-04-10 10:03:00,7092,7092,7087,7089,974,265600,69027380.0,OI1909
2019-04-10 10:04:00,7090,7091,7088,7089,260,265570,18426200.0,OI1909
2019-04-10 10:05:00,7090,7092,7090,7091,234,265602,16583580.0,OI1909
2019-04-10 10:06:00,7091,7092,7089,7092,312,265594,22111440.0,OI1909
2019-04-10 10:07:00,7091,7093,7090,7090,238,265590,16867060.0,OI1909
2019-04-10 10:08:00,7091,7093,7089,7093,242,265664,17150540.0,OI1909
2019-04-10 10:09:00,7093,7093,7090,7090,128,265724,9071360.0,OI1909
2019-04-10 10:10:00,7090,7092,7090,7090,234,265802,16583580.0,OI1909
2019-04-10 10:11:00,7090,7091,7089,7090,186,265774,13181820.0,OI1909
2019-04-10 10:12:00,7090,7090,7086,7086,376,265652,26647120.0,OI1909
2019-04-10 10:13:00,7087,7091,7087,7091,244,265568,17292280.0,OI1909
2019-04-10 10:14:00,7090,7092,7090,7091,162,265598,11480940.0,OI1909
2019-04-10 10:30:00,7092,7093,7092,7092,312,265656,22111440.0,OI1909
2019-04-10 10:31:00,7092,7094,7092,7093,220,265742,15591400.0,OI1909
2019-04-10 10:32:00,7094,7095,7092,7092,264,265800,18709680.0,OI1909
2019-04-10 10:33:00,7092,7092,7091,7091,92,265828,6520040.0,OI1909
2019-04-10 10:34:00,7090,7093,7090,7092,100,265844,7087000.0,OI1909
2019-04-10 10:35:00,7093,7093,7087,7089,428,265880,30332360.0,OI1909
2019-04-10 10:36:00,7089,7090,7087,7089,364,265884,25796680.0,OI1909
2019-04-10 10:37:00,7088,7090,7088,7089,240,265768,17008800.0,OI1909
2019-04-10 10:38:00,7089,7089,7088,7088,136,265690,9638320.0,OI1909
2019-04-10 10:39:00,7088,7091,7088,7090,186,265678,13181820.0,OI1909
2019-04-10 10:40:00,7090,7090,7089,7089,42,265692,2976540.0,OI1909
2019-04-10 10:41:00,7089,7090,7089,7089,220,265790,15591400.0,OI1909
2019-04-10 10:42:00,7089,7089,7087,7089,424,265654,30048880.0,OI1909
2019-04-10 10:43:00,7089,7091,7088,7091,192,265606,13607040.0,OI1909
2019-04-10 10:44:00,7090,7090,7088,7090,122,265612,8646140.0,OI1909
2019-04-10 10:45:00,7089,7089,7087,7087,276,265454,19560120.0,OI1909
2019-04-10 10:46:00,7088,7093,7086,7091,540,265416,38269800.0,OI1909
2019-04-10 10:47:00,7091,7096,7091,7093,1176,265722,83343120.0,OI1909
2019-04-10 10:48:00,7094,7094,7093,7093,150,265760,10630500.0,OI1909
2019-04-10 10:49:00,7094,7096,7093,7094,364,265884,25796680.0,OI1909
2019-04-10 10:50:00,7095,7096,7093,7094,314,265956,22253180.0,OI1909
2019-04-10 10:51:00,7094,7095,7092,7095,494,266046,35009780.0,OI1909
2019-04-10 10:52:00,7094,7101,7094,7100,2190,267054,155205300.0,OI1909
2019-04-10 10:53:00,7100,7148,7099,7146,10864,269956,773690740.0,OI1909
2019-04-10 10:54:00,7146,7160,7141,7159,9094,272056,651484400.0,OI1909
2019-04-10 10:55:00,7162,7180,7162,7173,8484,273968,607655000.0,OI1909
2019-04-10 10:56:00,7173,7180,7166,7167,6102,275904,437650440.0,OI1909
2019-04-10 10:57:00,7168,7185,7165,7177,8716,278132,625318240.0,OI1909
2019-04-10 10:58:00,7178,7182,7167,7168,6628,279882,475915460.0,OI1909
2019-04-10 10:59:00,7167,7167,7152,7154,9752,279830,698492020.0,OI1909
2019-04-10 11:00:00,7155,7159,7138,7139,8498,279850,608029280.0,OI1909
2019-04-10 11:01:00,7139,7151,7139,7146,6362,280232,454482060.0,OI1909
2019-04-10 11:02:00,7147,7150,7146,7150,2474,280588,176025100.0,OI1909
2019-04-10 11:03:00,7149,7152,7148,7149,1660,281028,118109000.0,OI1909
2019-04-10 11:04:00,7150,7152,7142,7143,2734,281598,196482160.0,OI1909
2019-04-10 11:05:00,7142,7143,7128,7133,7540,282480,536546400.0,OI1909
2019-04-10 11:06:00,7135,7136,7125,7131,4144,282758,296961940.0,OI1909
2019-04-10 11:07:00,7130,7133,7123,7132,2834,282432,201695780.0,OI1909
2019-04-10 11:08:00,7131,7131,7123,7129,2294,282896,163263980.0,OI1909
2019-04-10 11:09:00,7131,7132,7125,7129,2084,282750,148318280.0,OI1909
2019-04-10 11:10:00,7128,7134,7128,7133,1434,282858,102057780.0,OI1909
2019-04-10 11:11:00,7134,7134,7120,7126,3392,282900,241408640.0,OI1909
2019-04-10 11:12:00,7126,7127,7123,7125,1362,282784,96933540.0,OI1909
2019-04-10 11:13:00,7125,7128,7124,7125,934,282798,66472780.0,OI1909
2019-04-10 11:14:00,7125,7127,7123,7127,826,282816,58786420.0,OI1909
2019-04-10 11:15:00,7126,7127,7123,7123,968,282806,68892560.0,OI1909
2019-04-10 11:16:00,7124,7127,7123,7126,792,282712,56366640.0,OI1909
2019-04-10 11:17:00,7125,7126,7123,7124,756,282542,56056180.0,OI1909
2019-04-10 11:18:00,7125,7126,7123,7126,840,282378,59791200.0,OI1909
2019-04-10 11:19:00,7125,7130,7125,7129,1332,282584,94811760.0,OI1909
2019-04-10 11:20:00,7130,7130,7126,7127,790,282398,56232200.0,OI1909
2019-04-10 11:21:00,7126,7128,7125,7125,740,282316,52673200.0,OI1909
2019-04-10 11:22:00,7125,7126,7113,7116,3646,282016,259522280.0,OI1909
2019-04-10 11:23:00,7115,7127,7115,7125,1632,281982,116165760.0,OI1909
2019-04-10 11:24:00,7126,7126,7121,7123,1284,281776,91395120.0,OI1909
2019-04-10 11:25:00,7123,7124,7120,7123,656,281944,46694080.0,OI1909
2019-04-10 11:26:00,7122,7123,7120,7120,226,282022,16086680.0,OI1909
2019-04-10 11:27:00,7121,7122,7119,7120,644,281934,45839920.0,OI1909
2019-04-10 11:28:00,7120,7123,7120,7121,598,281940,42565640.0,OI1909
2019-04-10 11:29:00,7120,7125,7120,7124,1122,281438,79863960.0,OI1909
2019-04-10 13:30:00,7123,7124,7115,7116,2158,281158,153606440.0,OI1909
2019-04-10 13:31:00,7115,7119,7104,7118,4552,280832,324011360.0,OI1909
2019-04-10 13:32:00,7118,7119,7115,7116,1044,280990,74311920.0,OI1909
2019-04-10 13:33:00,7116,7116,7106,7108,1910,281202,135953800.0,OI1909
2019-04-10 13:34:00,7108,7108,7078,7079,6462,279950,457417140.0,OI1909
2019-04-10 13:35:00,7081,7088,7069,7069,7766,278514,550080540.0,OI1909
2019-04-10 13:36:00,7070,7086,7068,7085,5222,278320,368919620.0,OI1909
2019-04-10 13:37:00,7085,7090,7083,7090,2538,277766,180578700.0,OI1909
2019-04-10 13:38:00,7089,7094,7086,7092,2280,277878,162222000.0,OI1909
2019-04-10 13:39:00,7093,7094,7089,7090,1346,278118,95767900.0,OI1909
2019-04-10 13:40:00,7090,7090,7087,7089,644,278022,45820600.0,OI1909
2019-04-10 13:41:00,7089,7095,7089,7094,1642,278102,114065900.0,OI1909
2019-04-10 13:42:00,7094,7094,7092,7093,508,278086,36139120.0,OI1909
2019-04-10 13:43:00,7092,7094,7088,7088,1158,278482,82380120.0,OI1909
2019-04-10 13:44:00,7089,7091,7089,7090,270,278556,19207800.0,OI1909
2019-04-10 13:45:00,7090,7090,7088,7088,1294,279164,92055160.0,OI1909
2019-04-10 13:46:00,7090,7091,7088,7088,868,278914,61749520.0,OI1909
2019-04-10 13:47:00,7087,7091,7085,7090,1328,278558,94473920.0,OI1909
2019-04-10 13:48:00,7090,7091,7087,7091,1114,278586,79249960.0,OI1909
2019-04-10 13:49:00,7089,7092,7089,7092,740,278756,52643600.0,OI1909
2019-04-10 13:50:00,7091,7092,7089,7090,426,278664,30305640.0,OI1909
2019-04-10 13:51:00,7091,7092,7090,7091,232,278688,16504480.0,OI1909
2019-04-10 13:52:00,7091,7094,7091,7094,780,278814,55489200.0,OI1909
2019-04-10 13:53:00,7094,7095,7092,7094,736,278842,52359040.0,OI1909
2019-04-10 13:54:00,7094,7098,7094,7097,1594,279116,110524280.0,OI1909
2019-04-10 13:55:00,7096,7099,7096,7098,914,279438,65012820.0,OI1909
2019-04-10 13:56:00,7097,7098,7095,7097,636,279528,45238680.0,OI1909
2019-04-10 13:57:00,7097,7100,7097,7097,1102,279736,78385260.0,OI1909
2019-04-10 13:58:00,7097,7099,7096,7097,560,279596,39832800.0,OI1909
2019-04-10 13:59:00,7097,7097,7093,7096,490,279432,34853700.0,OI1909
2019-04-10 14:00:00,7096,7097,7091,7094,778,279228,55339140.0,OI1909
2019-04-10 14:01:00,7094,7098,7093,7098,1076,279128,76535880.0,OI1909
2019-04-10 14:02:00,7098,7098,7094,7096,726,278970,51640380.0,OI1909
2019-04-10 14:03:00,7096,7097,7092,7097,614,278864,43673820.0,OI1909
2019-04-10 14:04:00,7096,7097,7094,7097,328,278952,23330640.0,OI1909
2019-04-10 14:05:00,7096,7098,7095,7097,502,279154,35707260.0,OI1909
2019-04-10 14:06:00,7097,7098,7096,7097,232,279132,16502160.0,OI1909
2019-04-10 14:07:00,7096,7098,7096,7098,284,279172,20200920.0,OI1909
2019-04-10 14:08:00,7098,7098,7096,7096,126,279178,8962380.0,OI1909
2019-04-10 14:09:00,7097,7105,7097,7103,1404,279264,99866520.0,OI1909
2019-04-10 14:10:00,7103,7103,7098,7098,602,279416,42820260.0,OI1909
2019-04-10 14:11:00,7099,7101,7098,7099,272,279404,19347360.0,OI1909
2019-04-10 14:12:00,7100,7102,7098,7099,384,279504,27313920.0,OI1909
2019-04-10 14:13:00,7099,7101,7099,7100,116,279502,8251080.0,OI1909
2019-04-10 14:14:00,7100,7102,7099,7100,286,279480,20343180.0,OI1909
2019-04-10 14:15:00,7099,7101,7099,7101,492,279486,34995960.0,OI1909
2019-04-10 14:16:00,7100,7102,7099,7100,260,279476,18493800.0,OI1909
2019-04-10 14:17:00,7101,7101,7093,7094,1078,279296,76678140.0,OI1909
2019-04-10 14:18:00,7095,7096,7095,7095,246,279266,17497980.0,OI1909
2019-04-10 14:19:00,7096,7098,7095,7095,172,279196,12234360.0,OI1909
2019-04-10 14:20:00,7096,7098,7096,7098,184,279160,13087920.0,OI1909
2019-04-10 14:21:00,7097,7098,7096,7097,214,279148,15221820.0,OI1909
2019-04-10 14:22:00,7097,7098,7094,7095,338,279170,24041940.0,OI1909
2019-04-10 14:23:00,7095,7096,7092,7093,558,278928,39690540.0,OI1909
2019-04-10 14:24:00,7093,7094,7091,7094,566,278802,40259580.0,OI1909
2019-04-10 14:25:00,7093,7095,7091,7091,476,278786,33857880.0,OI1909
2019-04-10 14:26:00,7091,7095,7091,7094,762,278882,54201060.0,OI1909
2019-04-10 14:27:00,7094,7095,7092,7093,396,278926,28167480.0,OI1909
2019-04-10 14:28:00,7093,7094,7092,7093,242,278998,17213460.0,OI1909
2019-04-10 14:29:00,7092,7095,7092,7095,198,278992,14083740.0,OI1909
2019-04-10 14:30:00,7094,7100,7094,7096,750,278870,55823660.0,OI1909
2019-04-10 14:31:00,7096,7097,7094,7094,592,278954,42103040.0,OI1909
2019-04-10 14:32:00,7094,7094,7090,7091,954,279172,67848480.0,OI1909
2019-04-10 14:33:00,7091,7094,7090,7090,464,279128,32999680.0,OI1909
2019-04-10 14:34:00,7091,7095,7091,7094,626,279128,44521120.0,OI1909
2019-04-10 14:35:00,7093,7093,7089,7091,788,279040,56042560.0,OI1909
2019-04-10 14:36:00,7091,7092,7090,7091,170,279014,12090400.0,OI1909
2019-04-10 14:37:00,7091,7092,7090,7090,370,278926,26314400.0,OI1909
2019-04-10 14:38:00,7091,7091,7087,7087,926,278652,65857120.0,OI1909
2019-04-10 14:39:00,7087,7090,7087,7090,642,278510,45659040.0,OI1909
2019-04-10 14:40:00,7090,7095,7090,7092,442,278416,31435040.0,OI1909
2019-04-10 14:41:00,7091,7092,7088,7089,446,278468,31719520.0,OI1909
2019-04-10 14:42:00,7088,7091,7087,7091,488,278422,34706560.0,OI1909
2019-04-10 14:43:00,7090,7094,7089,7091,464,278286,32999680.0,OI1909
2019-04-10 14:44:00,7091,7091,7086,7088,526,278200,37409120.0,OI1909
2019-04-10 14:45:00,7088,7089,7085,7085,626,277934,44521120.0,OI1909
2019-04-10 14:46:00,7085,7088,7085,7086,534,277794,37978080.0,OI1909
2019-04-10 14:47:00,7086,7090,7086,7089,280,277888,19913600.0,OI1909
2019-04-10 14:48:00,7089,7093,7089,7091,584,277798,41534080.0,OI1909
2019-04-10 14:49:00,7090,7096,7090,7094,1056,277498,75102720.0,OI1909
2019-04-10 14:50:00,7095,7097,7094,7095,780,277266,55473600.0,OI1909
2019-04-10 14:51:00,7095,7097,7093,7096,660,277300,46939200.0,OI1909
2019-04-10 14:52:00,7096,7101,7095,7098,986,277340,70124320.0,OI1909
2019-04-10 14:53:00,7097,7099,7095,7098,654,277234,46512480.0,OI1909
2019-04-10 14:54:00,7098,7102,7097,7101,1340,277076,95300800.0,OI1909
2019-04-10 14:55:00,7100,7102,7096,7096,830,276894,55810800.0,OI1909
2019-04-10 14:56:00,7096,7100,7096,7099,522,276826,37119420.0,OI1909
2019-04-10 14:57:00,7099,7100,7097,7098,858,276664,61012380.0,OI1909
2019-04-10 14:58:00,7097,7099,7096,7096,772,276580,54896920.0,OI1909
2019-04-10 14:59:00,7096,7098,7095,7095,1268,276162,90167480.0,OI1909
2019-04-10 21:00:00,7091,7103,7080,7094,4736,276458,335782400.0,OI1909
2019-04-10 21:01:00,7096,7096,7085,7090,1626,276610,115283400.0,OI1909
2019-04-10 21:02:00,7091,7092,7082,7082,1690,276560,119740480.0,OI1909
2019-04-10 21:03:00,7084,7087,7082,7083,1216,276528,86202240.0,OI1909
2019-04-10 21:04:00,7084,7087,7083,7087,1550,276454,109771320.0,OI1909
2019-04-10 21:05:00,7087,7087,7073,7073,2714,276524,192233000.0,OI1909
2019-04-10 21:06:00,7075,7078,7073,7075,2226,277036,157441460.0,OI1909
2019-04-10 21:07:00,7074,7075,7066,7069,3514,277460,248388740.0,OI1909
2019-04-10 21:08:00,7070,7070,7067,7069,1704,277788,120467520.0,OI1909
2019-04-10 21:09:00,7070,7076,7069,7075,2324,278336,164329440.0,OI1909
2019-04-10 21:10:00,7076,7083,7075,7077,2166,278396,153352800.0,OI1909
2019-04-10 21:11:00,7077,7079,7072,7079,906,278528,64144800.0,OI1909
2019-04-10 21:12:00,7080,7080,7075,7075,672,278488,47577600.0,OI1909
2019-04-10 21:13:00,7076,7080,7076,7078,438,278506,31010400.0,OI1909
2019-04-10 21:14:00,7078,7093,7077,7088,2384,278562,168787200.0,OI1909
2019-04-10 21:15:00,7088,7094,7086,7087,1890,278634,134129560.0,OI1909
2019-04-10 21:16:00,7086,7091,7085,7087,1360,278814,96301600.0,OI1909
2019-04-10 21:17:00,7087,7089,7086,7088,1130,278836,80357760.0,OI1909
2019-04-10 21:18:00,7089,7093,7086,7093,1244,279100,88100080.0,OI1909
2019-04-10 21:19:00,7093,7095,7089,7090,1590,279326,112603800.0,OI1909
2019-04-10 21:20:00,7089,7093,7088,7090,462,279312,32718840.0,OI1909
2019-04-10 21:21:00,7090,7092,7090,7091,316,279222,22379120.0,OI1909
2019-04-10 21:22:00,7091,7091,7089,7090,318,279328,22520760.0,OI1909
2019-04-10 21:23:00,7090,7092,7089,7091,282,279220,20355820.0,OI1909
2019-04-10 21:24:00,7091,7091,7089,7089,354,279226,25073820.0,OI1909
2019-04-10 21:25:00,7089,7090,7088,7090,278,279254,19690740.0,OI1909
2019-04-10 21:26:00,7090,7091,7089,7090,242,279320,17140860.0,OI1909
2019-04-10 21:27:00,7089,7090,7087,7088,384,279372,27198720.0,OI1909
2019-04-10 21:28:00,7088,7091,7087,7090,692,279356,49014360.0,OI1909
2019-04-10 21:29:00,7089,7090,7087,7088,578,279332,40939740.0,OI1909
2019-04-10 21:30:00,7088,7089,7087,7089,210,279342,14874300.0,OI1909
2019-04-10 21:31:00,7090,7090,7088,7090,192,279308,13599360.0,OI1909
2019-04-10 21:32:00,7090,7090,7087,7088,208,279252,14732640.0,OI1909
2019-04-10 21:33:00,7087,7089,7087,7089,216,279280,15299280.0,OI1909
2019-04-10 21:34:00,7088,7089,7087,7089,204,279296,14449320.0,OI1909
2019-04-10 21:35:00,7090,7090,7089,7090,348,279312,24648840.0,OI1909
2019-04-10 21:36:00,7090,7090,7087,7088,606,279388,42922980.0,OI1909
2019-04-10 21:37:00,7088,7089,7085,7088,360,279440,25498800.0,OI1909
2019-04-10 21:38:00,7087,7088,7086,7088,310,279478,21957300.0,OI1909
2019-04-10 21:39:00,7088,7089,7086,7086,180,279552,12749400.0,OI1909
2019-04-10 21:40:00,7086,7091,7086,7090,490,279494,34706700.0,OI1909
2019-04-10 21:41:00,7091,7091,7087,7088,448,279562,31731840.0,OI1909
2019-04-10 21:42:00,7088,7088,7087,7087,358,279532,25357140.0,OI1909
2019-04-10 21:43:00,7087,7089,7087,7088,218,279512,15440940.0,OI1909
2019-04-10 21:44:00,7088,7089,7086,7087,340,279572,24082200.0,OI1909
2019-04-10 21:45:00,7087,7087,7084,7085,922,279340,65305260.0,OI1909
2019-04-10 21:46:00,7084,7086,7082,7086,1264,279226,89529120.0,OI1909
2019-04-10 21:47:00,7086,7088,7084,7085,370,279240,26689400.0,OI1909
2019-04-10 21:48:00,7085,7086,7084,7086,118,279270,8359120.0,OI1909
2019-04-10 21:49:00,7086,7086,7085,7086,276,279212,19551840.0,OI1909
2019-04-10 21:50:00,7086,7086,7080,7083,720,279266,51004800.0,OI1909
2019-04-10 21:51:00,7082,7085,7082,7084,184,279368,13034560.0,OI1909
2019-04-10 21:52:00,7083,7084,7083,7083,194,279376,13742960.0,OI1909
2019-04-10 21:53:00,7084,7084,7082,7084,144,279374,10200960.0,OI1909
2019-04-10 21:54:00,7085,7085,7083,7084,258,279392,18276720.0,OI1909
2019-04-10 21:55:00,7084,7085,7083,7085,92,279390,6517280.0,OI1909
2019-04-10 21:56:00,7085,7085,7084,7084,130,279346,9209200.0,OI1909
2019-04-10 21:57:00,7084,7084,7083,7084,14,279346,991760.0,OI1909
2019-04-10 21:58:00,7083,7084,7081,7081,516,279288,36553440.0,OI1909
2019-04-10 21:59:00,7081,7085,7081,7084,642,279412,44964100.0,OI1909
2019-04-10 22:00:00,7084,7085,7082,7082,468,279528,33148440.0,OI1909
2019-04-10 22:01:00,7082,7085,7082,7085,172,279548,12182760.0,OI1909
2019-04-10 22:02:00,7084,7084,7080,7082,412,279620,29181960.0,OI1909
2019-04-10 22:03:00,7082,7083,7081,7082,348,279698,24648840.0,OI1909
2019-04-10 22:04:00,7082,7082,7081,7081,154,279734,10907820.0,OI1909
2019-04-10 22:05:00,7081,7084,7081,7084,280,279674,19832400.0,OI1909
2019-04-10 22:06:00,7084,7084,7081,7081,400,279708,28332000.0,OI1909
2019-04-10 22:07:00,7082,7082,7081,7082,350,279644,24790500.0,OI1909
2019-04-10 22:08:00,7082,7083,7081,7082,142,279708,10057860.0,OI1909
2019-04-10 22:09:00,7082,7082,7081,7082,186,279688,13174380.0,OI1909
2019-04-10 22:10:00,7082,7085,7082,7085,424,279700,30031920.0,OI1909
2019-04-10 22:11:00,7085,7085,7083,7083,140,279682,9916200.0,OI1909
2019-04-10 22:12:00,7083,7084,7082,7084,94,279682,6658020.0,OI1909
2019-04-10 22:13:00,7084,7084,7083,7083,152,279706,10766160.0,OI1909
2019-04-10 22:14:00,7078,7080,7073,7073,2490,279158,176366700.0,OI1909
2019-04-10 22:15:00,7073,7075,7071,7071,1768,278880,125227440.0,OI1909
2019-04-10 22:16:00,7071,7075,7070,7075,734,278730,51989220.0,OI1909
2019-04-10 22:17:00,7074,7077,7073,7076,594,278682,42073020.0,OI1909
2019-04-10 22:18:00,7076,7076,7072,7075,618,278744,43772940.0,OI1909
2019-04-10 22:19:00,7075,7079,7074,7079,462,278790,32723460.0,OI1909
2019-04-10 22:20:00,7080,7080,7076,7076,420,278728,29748600.0,OI1909
2019-04-10 22:21:00,7076,7077,7074,7076,280,278670,19206340.0,OI1909
2019-04-10 22:22:00,7076,7077,7076,7076,68,278670,4815760.0,OI1909
2019-04-10 22:23:00,7076,7076,7073,7074,546,278658,38667720.0,OI1909
2019-04-10 22:24:00,7074,7075,7073,7075,294,278590,20821080.0,OI1909
2019-04-10 22:25:00,7074,7076,7074,7075,170,278554,12039400.0,OI1909
2019-04-10 22:26:00,7075,7075,7072,7073,418,278604,29602760.0,OI1909
2019-04-10 22:27:00,7073,7073,7072,7072,226,278448,16005320.0,OI1909
2019-04-10 22:28:00,7072,7072,7067,7068,1308,278284,92632560.0,OI1909
2019-04-10 22:29:00,7068,7072,7066,7068,854,278268,60480280.0,OI1909
2019-04-10 22:30:00,7067,7067,7063,7066,2062,278524,145345320.0,OI1909
2019-04-10 22:31:00,7066,7073,7066,7071,1130,278352,80015300.0,OI1909
2019-04-10 22:32:00,7072,7072,7068,7068,632,278456,44751920.0,OI1909
2019-04-10 22:33:00,7068,7070,7065,7067,696,278516,49283760.0,OI1909
2019-04-10 22:34:00,7067,7071,7066,7071,498,278372,35263380.0,OI1909
2019-04-10 22:35:00,7070,7075,7070,7072,600,278260,42486000.0,OI1909
2019-04-10 22:36:00,7072,7077,7072,7077,706,278336,49991860.0,OI1909
2019-04-10 22:37:00,7076,7077,7074,7074,568,278310,40220080.0,OI1909
2019-04-10 22:38:00,7075,7076,7074,7075,114,278268,8072340.0,OI1909
2019-04-10 22:39:00,7075,7075,7072,7072,186,278230,13170660.0,OI1909
2019-04-10 22:40:00,7072,7076,7072,7076,272,278192,19260320.0,OI1909
2019-04-10 22:41:00,7076,7076,7073,7074,280,278302,19826800.0,OI1909
2019-04-10 22:42:00,7075,7076,7074,7075,156,278230,11046360.0,OI1909
2019-04-10 22:43:00,7075,7077,7074,7074,490,278406,34696900.0,OI1909
2019-04-10 22:44:00,7074,7074,7072,7072,118,278454,8355580.0,OI1909
2019-04-10 22:45:00,7073,7076,7072,7076,212,278470,15011720.0,OI1909
2019-04-10 22:46:00,7076,7079,7076,7079,612,278522,42577500.0,OI1909
2019-04-10 22:47:00,7078,7079,7076,7077,316,278566,22372800.0,OI1909
2019-04-10 22:48:00,7076,7078,7076,7078,128,278524,9062400.0,OI1909
2019-04-10 22:49:00,7078,7079,7077,7078,290,278490,20532000.0,OI1909
2019-04-10 22:50:00,7078,7078,7076,7076,270,278452,19116000.0,OI1909
2019-04-10 22:51:00,7076,7077,7076,7077,172,278460,12177600.0,OI1909
2019-04-10 22:52:00,7077,7077,7075,7076,118,278452,8354400.0,OI1909
2019-04-10 22:53:00,7076,7077,7076,7076,138,278446,9770400.0,OI1909
2019-04-10 22:54:00,7076,7076,7076,7076,144,278388,10195200.0,OI1909
2019-04-10 22:55:00,7076,7076,7075,7076,206,278442,14584800.0,OI1909
2019-04-10 22:56:00,7077,7079,7076,7078,314,278448,22231200.0,OI1909
2019-04-10 22:57:00,7078,7078,7077,7077,110,278488,7788000.0,OI1909
2019-04-10 22:58:00,7076,7077,7076,7076,40,278486,2832000.0,OI1909
2019-04-10 22:59:00,7076,7078,7076,7076,42,278490,2973600.0,OI1909
2019-04-10 23:00:00,7076,7078,7075,7075,188,278476,13310400.0,OI1909
2019-04-10 23:01:00,7075,7076,7075,7076,32,278464,2265600.0,OI1909
2019-04-10 23:02:00,7076,7077,7076,7077,134,278498,9487200.0,OI1909
2019-04-10 23:03:00,7076,7077,7072,7073,496,278440,35116800.0,OI1909
2019-04-10 23:04:00,7073,7074,7071,7074,472,278378,33417600.0,OI1909
2019-04-10 23:05:00,7074,7074,7069,7070,348,278434,24638400.0,OI1909
2019-04-10 23:06:00,7070,7073,7070,7072,154,278488,10903200.0,OI1909
2019-04-10 23:07:00,7071,7072,7071,7072,146,278424,10336800.0,OI1909
2019-04-10 23:08:00,7072,7072,7069,7070,292,278452,20673600.0,OI1909
2019-04-10 23:09:00,7070,7072,7069,7072,472,278618,33417600.0,OI1909
2019-04-10 23:10:00,7072,7073,7071,7073,212,278596,15009600.0,OI1909
2019-04-10 23:11:00,7073,7074,7072,7072,138,278540,9770400.0,OI1909
2019-04-10 23:12:00,7073,7074,7073,7073,116,278506,8212800.0,OI1909
2019-04-10 23:13:00,7073,7074,7073,7073,64,278508,4531200.0,OI1909
2019-04-10 23:14:00,7072,7072,7070,7070,370,278528,26196000.0,OI1909
2019-04-10 23:15:00,7070,7071,7069,7071,142,278484,10053600.0,OI1909
2019-04-10 23:16:00,7071,7071,7065,7065,744,278284,52675200.0,OI1909
2019-04-10 23:17:00,7066,7066,7061,7065,1428,278238,101102400.0,OI1909
2019-04-10 23:18:00,7064,7064,7054,7061,2808,277614,197937740.0,OI1909
2019-04-10 23:19:00,7061,7062,7057,7058,778,277674,55074620.0,OI1909
2019-04-10 23:20:00,7058,7064,7058,7063,594,277654,42049260.0,OI1909
2019-04-10 23:21:00,7062,7063,7062,7063,206,277712,14582740.0,OI1909
2019-04-10 23:22:00,7062,7066,7062,7065,346,277594,24493340.0,OI1909
2019-04-10 23:23:00,7066,7067,7064,7065,480,277594,33086500.0,OI1909
2019-04-10 23:24:00,7065,7071,7065,7068,1302,277230,92155560.0,OI1909
2019-04-10 23:25:00,7067,7072,7066,7070,904,277088,63985120.0,OI1909
2019-04-10 23:26:00,7070,7071,7069,7069,224,277104,15854720.0,OI1909
2019-04-10 23:27:00,7069,7070,7067,7068,202,277036,14297560.0,OI1909
2019-04-10 23:28:00,7068,7071,7066,7071,804,277274,56907120.0,OI1909
2019-04-10 23:29:00,7070,7071,7068,7071,750,276928,53085000.0,OI1909
2019-04-11 09:00:00,7070,7076,7069,7073,1246,277244,88191880.0,OI1909
2019-04-11 09:01:00,7073,7075,7070,7075,568,277330,40203040.0,OI1909
2019-04-11 09:02:00,7075,7075,7072,7074,274,277358,19393720.0,OI1909
2019-04-11 09:03:00,7074,7074,7072,7073,192,277402,13589760.0,OI1909
2019-04-11 09:04:00,7074,7077,7073,7077,696,277502,49262880.0,OI1909
2019-04-11 09:05:00,7077,7079,7075,7077,630,277634,44591400.0,OI1909
2019-04-11 09:06:00,7076,7077,7076,7076,188,277708,13306640.0,OI1909
2019-04-11 09:07:00,7076,7080,7076,7077,1282,277728,90739960.0,OI1909
2019-04-11 09:08:00,7077,7078,7075,7076,416,277766,29444480.0,OI1909
2019-04-11 09:09:00,7076,7077,7075,7076,154,277792,10900120.0,OI1909
2019-04-11 09:10:00,7076,7078,7076,7077,454,277792,32134120.0,OI1909
2019-04-11 09:11:00,7076,7076,7073,7075,394,277788,27887320.0,OI1909
2019-04-11 09:12:00,7074,7076,7072,7075,384,277828,27179520.0,OI1909
2019-04-11 09:13:00,7075,7076,7071,7071,622,277848,44025160.0,OI1909
2019-04-11 09:14:00,7071,7075,7071,7072,924,277746,65400720.0,OI1909
2019-04-11 09:15:00,7073,7076,7072,7076,460,277760,32558800.0,OI1909
2019-04-11 09:16:00,7076,7076,7074,7075,456,277926,32275680.0,OI1909
2019-04-11 09:17:00,7074,7077,7074,7076,92,277972,6511760.0,OI1909
2019-04-11 09:18:00,7077,7082,7077,7079,1056,278052,74743680.0,OI1909
2019-04-11 09:19:00,7079,7088,7079,7087,2196,277726,155432880.0,OI1909
2019-04-11 09:20:00,7088,7088,7080,7081,1014,277794,71770920.0,OI1909
2019-04-11 09:21:00,7082,7085,7080,7083,924,277958,65400720.0,OI1909
2019-04-11 09:22:00,7083,7087,7083,7086,390,277858,27604200.0,OI1909
2019-04-11 09:23:00,7085,7086,7083,7085,238,277798,16845640.0,OI1909
2019-04-11 09:24:00,7085,7085,7083,7083,136,277740,9626080.0,OI1909
2019-04-11 09:25:00,7084,7085,7082,7084,134,277712,9484520.0,OI1909
2019-04-11 09:26:00,7084,7086,7084,7084,296,277760,20950880.0,OI1909
2019-04-11 09:27:00,7086,7086,7083,7084,178,277806,12598840.0,OI1909
2019-04-11 09:28:00,7084,7087,7083,7087,240,277830,16987200.0,OI1909
2019-04-11 09:29:00,7087,7087,7084,7085,280,277908,19818400.0,OI1909
2019-04-11 09:30:00,7085,7086,7084,7084,320,277958,22649600.0,OI1909
2019-04-11 09:31:00,7084,7087,7081,7084,1426,278744,100932280.0,OI1909
2019-04-11 09:32:00,7084,7086,7083,7085,468,278920,33125040.0,OI1909
2019-04-11 09:33:00,7084,7092,7084,7092,1266,279318,89607480.0,OI1909
2019-04-11 09:34:00,7093,7093,7088,7089,1198,279460,84794440.0,OI1909
2019-04-11 09:35:00,7090,7091,7089,7091,736,279638,53247920.0,OI1909
2019-04-11 09:36:00,7091,7091,7088,7089,902,279762,63852580.0,OI1909
2019-04-11 09:37:00,7090,7091,7089,7091,258,279744,18263820.0,OI1909
2019-04-11 09:38:00,7091,7093,7088,7088,520,279818,36810800.0,OI1909
2019-04-11 09:39:00,7088,7091,7088,7090,688,279956,48703520.0,OI1909
2019-04-11 09:40:00,7091,7091,7086,7088,636,280066,45022440.0,OI1909
2019-04-11 09:41:00,7089,7095,7089,7093,924,280234,65409960.0,OI1909
2019-04-11 09:42:00,7093,7095,7092,7093,990,280166,70082100.0,OI1909
2019-04-11 09:43:00,7092,7094,7092,7094,252,280234,17839080.0,OI1909
2019-04-11 09:44:00,7093,7093,7090,7090,408,280296,28882320.0,OI1909
2019-04-11 09:45:00,7090,7092,7090,7091,380,280346,26900200.0,OI1909
2019-04-11 09:46:00,7090,7091,7089,7089,218,280392,15432220.0,OI1909
2019-04-11 09:47:00,7089,7089,7085,7085,688,280278,48703520.0,OI1909
2019-04-11 09:48:00,7084,7089,7084,7088,512,280266,36244480.0,OI1909
2019-04-11 09:49:00,7088,7089,7084,7086,1326,280962,93867540.0,OI1909
2019-04-11 09:50:00,7085,7088,7085,7088,118,280946,8353220.0,OI1909
2019-04-11 09:51:00,7087,7093,7087,7091,532,281036,37660280.0,OI1909
2019-04-11 09:52:00,7091,7092,7090,7092,160,281038,11326400.0,OI1909
2019-04-11 09:53:00,7092,7094,7092,7092,464,281222,32846560.0,OI1909
2019-04-11 09:54:00,7092,7093,7092,7093,104,281252,7362160.0,OI1909
2019-04-11 09:55:00,7093,7095,7092,7093,736,281428,53363440.0,OI1909
2019-04-11 09:56:00,7094,7095,7093,7095,454,281620,32143200.0,OI1909
2019-04-11 09:57:00,7095,7098,7094,7096,1144,281788,80995200.0,OI1909
2019-04-11 09:58:00,7095,7097,7095,7096,428,281908,30302400.0,OI1909
2019-04-11 09:59:00,7096,7097,7092,7096,912,282296,64569600.0,OI1909
2019-04-11 10:00:00,7096,7097,7092,7095,896,282206,63436800.0,OI1909
2019-04-11 10:01:00,7095,7096,7093,7095,356,282034,25204800.0,OI1909
2019-04-11 10:02:00,7095,7097,7094,7096,474,282160,33559200.0,OI1909
2019-04-11 10:03:00,7095,7096,7093,7095,480,282256,33984000.0,OI1909
2019-04-11 10:04:00,7094,7096,7094,7095,316,282250,22372800.0,OI1909
2019-04-11 10:05:00,7095,7099,7095,7095,1718,282468,121634400.0,OI1909
2019-04-11 10:06:00,7096,7097,7094,7097,408,282410,28886400.0,OI1909
2019-04-11 10:07:00,7097,7098,7096,7098,668,282554,48638940.0,OI1909
2019-04-11 10:08:00,7098,7098,7096,7096,450,282586,31864500.0,OI1909
2019-04-11 10:09:00,7097,7097,7096,7097,412,282574,29173720.0,OI1909
2019-04-11 10:10:00,7097,7098,7095,7096,374,282584,26482940.0,OI1909
2019-04-11 10:11:00,7095,7107,7094,7104,2936,282232,207898160.0,OI1909
2019-04-11 10:12:00,7103,7106,7099,7101,1528,282474,108197680.0,OI1909
2019-04-11 10:13:00,7101,7102,7099,7099,776,282528,54948560.0,OI1909
2019-04-11 10:14:00,7099,7100,7098,7099,432,282474,32003540.0,OI1909
2019-04-11 10:30:00,7100,7100,7098,7099,596,282482,42208720.0,OI1909
2019-04-11 10:31:00,7099,7099,7098,7099,326,282504,23087320.0,OI1909
2019-04-11 10:32:00,7099,7100,7099,7099,158,282494,11189560.0,OI1909
2019-04-11 10:33:00,7100,7100,7098,7098,496,282546,35126720.0,OI1909
2019-04-11 10:34:00,7099,7099,7094,7094,1668,282338,118127760.0,OI1909
2019-04-11 10:35:00,7095,7096,7089,7091,1336,281686,94615520.0,OI1909
2019-04-11 10:36:00,7091,7098,7091,7098,1076,281912,76202320.0,OI1909
2019-04-11 10:37:00,7098,7098,7094,7094,582,281962,41217240.0,OI1909
2019-04-11 10:38:00,7094,7094,7093,7094,122,281992,8640040.0,OI1909
2019-04-11 10:39:00,7094,7097,7094,7096,320,282002,22662400.0,OI1909
2019-04-11 10:40:00,7095,7098,7095,7096,410,282210,29036200.0,OI1909
2019-04-11 10:41:00,7096,7097,7094,7095,236,282198,16713520.0,OI1909
2019-04-11 10:42:00,7095,7096,7094,7094,166,282194,11756120.0,OI1909
2019-04-11 10:43:00,7094,7095,7094,7095,202,282172,14305640.0,OI1909
2019-04-11 10:44:00,7096,7097,7095,7096,264,282268,18696480.0,OI1909
2019-04-11 10:45:00,7096,7096,7095,7095,54,282286,3824280.0,OI1909
2019-04-11 10:46:00,7096,7096,7095,7096,188,282324,13314160.0,OI1909
2019-04-11 10:47:00,7096,7098,7096,7097,336,282376,23795520.0,OI1909
2019-04-11 10:48:00,7096,7097,7096,7096,142,282362,10056440.0,OI1909
2019-04-11 10:49:00,7095,7096,7094,7095,352,282258,24928640.0,OI1909
2019-04-11 10:50:00,7095,7097,7095,7096,100,282280,7082000.0,OI1909
2019-04-11 10:51:00,7096,7096,7095,7096,110,282268,7790200.0,OI1909
2019-04-11 10:52:00,7095,7097,7095,7096,126,282282,8923320.0,OI1909
2019-04-11 10:53:00,7097,7097,7096,7096,156,282284,11047920.0,OI1909
2019-04-11 10:54:00,7096,7098,7095,7097,526,282400,37251320.0,OI1909
2019-04-11 10:55:00,7097,7097,7094,7095,346,282402,24503720.0,OI1909
2019-04-11 10:56:00,7095,7097,7094,7096,190,282332,14975260.0,OI1909
2019-04-11 10:57:00,7096,7097,7095,7096,42,282334,2974860.0,OI1909
2019-04-11 10:58:00,7096,7098,7095,7098,190,282324,13457700.0,OI1909
2019-04-11 10:59:00,7097,7098,7097,7098,118,282330,8357940.0,OI1909
2019-04-11 11:00:00,7098,7098,7097,7097,306,282416,21673980.0,OI1909
2019-04-11 11:01:00,7097,7098,7096,7096,86,282456,6091380.0,OI1909
2019-04-11 11:02:00,7097,7098,7096,7097,108,282492,7649640.0,OI1909
2019-04-11 11:03:00,7098,7100,7098,7100,478,282544,33856740.0,OI1909
2019-04-11 11:04:00,7099,7104,7099,7102,1952,283086,138260160.0,OI1909
2019-04-11 11:05:00,7102,7106,7102,7104,1410,283694,99870300.0,OI1909
2019-04-11 11:06:00,7103,7104,7102,7104,398,283722,28190340.0,OI1909
2019-04-11 11:07:00,7103,7104,7100,7100,788,283458,55814040.0,OI1909
2019-04-11 11:08:00,7100,7104,7100,7102,476,283446,33715080.0,OI1909
2019-04-11 11:09:00,7103,7103,7099,7100,906,283728,64171980.0,OI1909
2019-04-11 11:10:00,7101,7101,7100,7101,344,283760,24365520.0,OI1909
2019-04-11 11:11:00,7101,7102,7100,7101,430,283904,30456900.0,OI1909
2019-04-11 11:12:00,7101,7104,7101,7101,600,284028,44103780.0,OI1909
2019-04-11 11:13:00,7101,7102,7100,7101,140,284036,9917600.0,OI1909
2019-04-11 11:14:00,7101,7102,7101,7101,64,284050,4533760.0,OI1909
2019-04-11 11:15:00,7101,7102,7101,7101,90,284040,6375600.0,OI1909
2019-04-11 11:16:00,7102,7106,7101,7105,524,284168,37120160.0,OI1909
2019-04-11 11:17:00,7104,7104,7100,7100,316,284222,22385440.0,OI1909
2019-04-11 11:18:00,7100,7100,7096,7096,1060,283822,75090400.0,OI1909
2019-04-11 11:19:00,7096,7099,7096,7098,464,283740,32869760.0,OI1909
2019-04-11 11:20:00,7098,7098,7097,7097,88,283764,6233920.0,OI1909
2019-04-11 11:21:00,7097,7098,7096,7098,196,283642,13884640.0,OI1909
2019-04-11 11:22:00,7098,7104,7098,7103,604,283566,42787360.0,OI1909
2019-04-11 11:23:00,7104,7104,7098,7099,232,283526,16434880.0,OI1909
2019-04-11 11:24:00,7100,7101,7100,7100,178,283532,12609520.0,OI1909
2019-04-11 11:25:00,7100,7100,7097,7097,290,283526,20543600.0,OI1909
2019-04-11 11:26:00,7097,7098,7096,7098,334,283312,23660560.0,OI1909
2019-04-11 11:27:00,7097,7097,7096,7096,530,283006,37545200.0,OI1909
2019-04-11 11:28:00,7097,7097,7091,7094,1468,282836,103993120.0,OI1909
2019-04-11 11:29:00,7094,7097,7094,7095,400,282716,28336000.0,OI1909
2019-04-11 13:30:00,7094,7095,7091,7095,624,282656,44204160.0,OI1909
2019-04-11 13:31:00,7095,7096,7089,7091,880,282594,62339200.0,OI1909
2019-04-11 13:32:00,7091,7093,7089,7093,484,282514,34286560.0,OI1909
2019-04-11 13:33:00,7093,7097,7093,7094,410,282606,29044400.0,OI1909
2019-04-11 13:34:00,7094,7094,7091,7092,222,282592,15726480.0,OI1909
2019-04-11 13:35:00,7092,7093,7091,7092,470,282666,33294800.0,OI1909
2019-04-11 13:36:00,7091,7092,7087,7088,714,282608,50579760.0,OI1909
2019-04-11 13:37:00,7088,7089,7085,7086,1006,282426,71265040.0,OI1909
2019-04-11 13:38:00,7086,7090,7085,7089,350,282376,24794000.0,OI1909
2019-04-11 13:39:00,7089,7090,7086,7087,272,282394,19268480.0,OI1909
2019-04-11 13:40:00,7088,7088,7083,7085,944,282234,66872960.0,OI1909
2019-04-11 13:41:00,7085,7085,7082,7084,1168,282368,82741120.0,OI1909
2019-04-11 13:42:00,7084,7084,7082,7084,638,282274,45195920.0,OI1909
2019-04-11 13:43:00,7085,7085,7083,7083,288,282302,20401920.0,OI1909
2019-04-11 13:44:00,7083,7085,7083,7084,366,282310,25927440.0,OI1909
2019-04-11 13:45:00,7084,7085,7077,7078,1232,282168,87274880.0,OI1909
2019-04-11 13:46:00,7078,7078,7073,7074,2026,281902,143521840.0,OI1909
2019-04-11 13:47:00,7074,7078,7074,7076,1244,281506,88124960.0,OI1909
2019-04-11 13:48:00,7077,7078,7075,7078,658,281198,46612720.0,OI1909
2019-04-11 13:49:00,7078,7079,7077,7077,318,281110,22527120.0,OI1909
2019-04-11 13:50:00,7077,7083,7077,7081,486,281008,34428240.0,OI1909
2019-04-11 13:51:00,7081,7081,7079,7081,246,281024,17426640.0,OI1909
2019-04-11 13:52:00,7081,7082,7080,7081,274,281014,19410160.0,OI1909
2019-04-11 13:53:00,7082,7082,7079,7080,234,280940,16576560.0,OI1909
2019-04-11 13:54:00,7080,7080,7077,7078,502,280938,35561680.0,OI1909
2019-04-11 13:55:00,7077,7077,7072,7074,1530,280950,108385200.0,OI1909
2019-04-11 13:56:00,7074,7076,7073,7076,598,280856,42362320.0,OI1909
2019-04-11 13:57:00,7075,7076,7073,7074,484,280822,34286560.0,OI1909
2019-04-11 13:58:00,7074,7075,7072,7072,580,280724,41087200.0,OI1909
2019-04-11 13:59:00,7073,7075,7072,7073,316,280718,22385440.0,OI1909
2019-04-11 14:00:00,7072,7073,7070,7072,1008,280680,71406720.0,OI1909
2019-04-11 14:01:00,7072,7074,7072,7073,452,280520,32019680.0,OI1909
2019-04-11 14:02:00,7074,7075,7073,7074,270,280368,19126800.0,OI1909
2019-04-11 14:03:00,7074,7078,7074,7077,354,280340,25077360.0,OI1909
2019-04-11 14:04:00,7077,7079,7075,7078,400,280222,28336000.0,OI1909
2019-04-11 14:05:00,7079,7079,7077,7077,662,279988,46896080.0,OI1909
2019-04-11 14:06:00,7078,7079,7077,7078,282,279836,19976880.0,OI1909
2019-04-11 14:07:00,7078,7079,7078,7078,316,279736,22385440.0,OI1909
2019-04-11 14:08:00,7079,7079,7078,7079,262,279708,18560080.0,OI1909
2019-04-11 14:09:00,7079,7080,7078,7080,276,279612,19551840.0,OI1909
2019-04-11 14:10:00,7079,7084,7079,7082,652,279518,46187680.0,OI1909
2019-04-11 14:11:00,7082,7083,7079,7079,450,279492,31878000.0,OI1909
2019-04-11 14:12:00,7079,7082,7079,7081,204,279508,14451360.0,OI1909
2019-04-11 14:13:00,7081,7084,7081,7083,534,279600,37828560.0,OI1909
2019-04-11 14:14:00,7084,7084,7082,7082,352,279734,24935680.0,OI1909
2019-04-11 14:15:00,7082,7084,7082,7084,266,279692,18843440.0,OI1909
2019-04-11 14:16:00,7083,7084,7080,7080,530,279552,37545200.0,OI1909
2019-04-11 14:17:00,7081,7082,7079,7079,456,279476,32303040.0,OI1909
2019-04-11 14:18:00,7079,7081,7079,7079,386,279660,27344240.0,OI1909
2019-04-11 14:19:00,7080,7081,7079,7080,272,279732,19268480.0,OI1909
2019-04-11 14:20:00,7081,7083,7080,7083,284,279794,20118560.0,OI1909
2019-04-11 14:21:00,7084,7089,7084,7086,1040,279868,73673600.0,OI1909
2019-04-11 14:22:00,7086,7087,7084,7085,388,280002,27485920.0,OI1909
2019-04-11 14:23:00,7085,7087,7084,7086,462,280186,32728080.0,OI1909
2019-04-11 14:24:00,7087,7087,7085,7086,158,280202,11192720.0,OI1909
2019-04-11 14:25:00,7086,7090,7086,7088,466,280312,33011440.0,OI1909
2019-04-11 14:26:00,7088,7088,7086,7086,318,280438,22527120.0,OI1909
2019-04-11 14:27:00,7087,7089,7085,7087,406,280580,28761040.0,OI1909
2019-04-11 14:28:00,7088,7090,7087,7089,446,280678,31594640.0,OI1909
2019-04-11 14:29:00,7088,7089,7086,7087,1360,280804,96342400.0,OI1909
2019-04-11 14:30:00,7087,7093,7086,7090,1018,281066,72115120.0,OI1909
2019-04-11 14:31:00,7090,7090,7085,7086,428,281072,30319520.0,OI1909
2019-04-11 14:32:00,7086,7088,7085,7087,228,281082,16151520.0,OI1909
2019-04-11 14:33:00,7087,7088,7086,7086,112,281012,7934080.0,OI1909
2019-04-11 14:34:00,7085,7088,7085,7088,158,280984,11192720.0,OI1909
2019-04-11 14:35:00,7087,7088,7086,7086,206,280980,14593040.0,OI1909
2019-04-11 14:36:00,7088,7089,7086,7088,368,281190,26069120.0,OI1909
2019-04-11 14:37:00,7088,7094,7088,7093,830,281378,58797200.0,OI1909
2019-04-11 14:38:00,7093,7096,7092,7095,808,281524,57238720.0,OI1909
2019-04-11 14:39:00,7095,7096,7094,7095,542,281648,38395280.0,OI1909
2019-04-11 14:40:00,7095,7095,7092,7092,650,281816,46046000.0,OI1909
2019-04-11 14:41:00,7092,7093,7091,7093,198,281854,14026320.0,OI1909
2019-04-11 14:42:00,7093,7094,7092,7093,338,281852,23943920.0,OI1909
2019-04-11 14:43:00,7093,7095,7093,7094,308,281978,21818720.0,OI1909
2019-04-11 14:44:00,7094,7095,7091,7092,244,281944,17284960.0,OI1909
2019-04-11 14:45:00,7092,7096,7092,7096,308,281970,21818720.0,OI1909
2019-04-11 14:46:00,7095,7096,7093,7096,268,281972,18985120.0,OI1909
2019-04-11 14:47:00,7095,7096,7093,7095,184,281994,13034560.0,OI1909
2019-04-11 14:48:00,7094,7095,7093,7093,188,281956,13317920.0,OI1909
2019-04-11 14:49:00,7094,7095,7093,7093,206,281944,14593040.0,OI1909
2019-04-11 14:50:00,7095,7095,7093,7094,182,281890,12892880.0,OI1909
2019-04-11 14:51:00,7095,7095,7094,7094,222,281894,15726480.0,OI1909
2019-04-11 14:52:00,7095,7095,7094,7094,186,281912,13176240.0,OI1909
2019-04-11 14:53:00,7095,7095,7091,7091,444,281908,31452960.0,OI1909
2019-04-11 14:54:00,7091,7093,7086,7087,910,281752,64464400.0,OI1909
2019-04-11 14:55:00,7088,7090,7087,7087,536,281616,37970240.0,OI1909
2019-04-11 14:56:00,7087,7093,7087,7092,1116,281690,79057440.0,OI1909
2019-04-11 14:57:00,7093,7093,7088,7089,466,281480,33011440.0,OI1909
2019-04-11 14:58:00,7089,7092,7088,7091,704,281304,49871360.0,OI1909
2019-04-11 14:59:00,7091,7095,7090,7093,1016,281232,71973440.0,OI1909
2019-04-11 21:00:00,7085,7090,7075,7083,3364,281858,238305760.0,OI1909
2019-04-11 21:01:00,7084,7089,7079,7088,1500,281834,106260000.0,OI1909
2019-04-11 21:02:00,7087,7087,7082,7085,778,281740,55113520.0,OI1909
2019-04-11 21:03:00,7085,7088,7084,7084,520,281826,36836800.0,OI1909
2019-04-11 21:04:00,7084,7092,7083,7090,706,281746,50013040.0,OI1909
2019-04-11 21:05:00,7089,7090,7086,7088,620,281846,43995680.0,OI1909
2019-04-11 21:06:00,7087,7087,7080,7085,1054,281802,74675900.0,OI1909
2019-04-11 21:07:00,7084,7101,7084,7098,3782,282536,268324420.0,OI1909
2019-04-11 21:08:00,7097,7100,7090,7100,2076,282988,147290880.0,OI1909
2019-04-11 21:09:00,7100,7106,7099,7104,3516,283922,249786720.0,OI1909
2019-04-11 21:10:00,7104,7114,7098,7112,4522,284874,321373380.0,OI1909
2019-04-11 21:11:00,7113,7113,7108,7110,2732,285978,194087100.0,OI1909
2019-04-11 21:12:00,7109,7110,7104,7106,1466,286042,104293720.0,OI1909
2019-04-11 21:13:00,7107,7107,7098,7103,1676,286082,118945720.0,OI1909
2019-04-11 21:14:00,7102,7103,7098,7102,1422,286380,100919340.0,OI1909
2019-04-11 21:15:00,7102,7105,7100,7103,896,286602,63895420.0,OI1909
2019-04-11 21:16:00,7104,7104,7099,7099,512,286682,36341760.0,OI1909
2019-04-11 21:17:00,7099,7102,7099,7101,716,286772,50821680.0,OI1909
2019-04-11 21:18:00,7101,7101,7096,7096,816,286714,57919680.0,OI1909
2019-04-11 21:19:00,7095,7099,7095,7099,470,286648,33360600.0,OI1909
2019-04-11 21:20:00,7099,7100,7095,7096,494,286598,35064120.0,OI1909
2019-04-11 21:21:00,7096,7098,7095,7096,620,286594,44007600.0,OI1909
2019-04-11 21:22:00,7096,7096,7092,7093,850,286538,60333000.0,OI1909
2019-04-11 21:23:00,7094,7101,7094,7099,830,286568,58913400.0,OI1909
2019-04-11 21:24:00,7099,7100,7098,7100,250,286620,17745000.0,OI1909
2019-04-11 21:25:00,7099,7099,7097,7099,342,286664,24275160.0,OI1909
2019-04-11 21:26:00,7099,7102,7098,7102,622,286898,44149560.0,OI1909
2019-04-11 21:27:00,7103,7103,7101,7102,642,287096,45569160.0,OI1909
2019-04-11 21:28:00,7101,7103,7097,7098,838,287136,59481240.0,OI1909
2019-04-11 21:29:00,7097,7099,7096,7096,906,287054,64307880.0,OI1909
2019-04-11 21:30:00,7096,7098,7094,7097,518,286932,36767640.0,OI1909
2019-04-11 21:31:00,7098,7098,7096,7096,242,287002,17177160.0,OI1909
2019-04-11 21:32:00,7096,7099,7096,7099,452,287058,32082960.0,OI1909
2019-04-11 21:33:00,7099,7099,7096,7097,224,287122,15899520.0,OI1909
2019-04-11 21:34:00,7096,7098,7095,7095,412,286982,29243760.0,OI1909
2019-04-11 21:35:00,7094,7096,7094,7096,340,286910,24133200.0,OI1909
2019-04-11 21:36:00,7095,7096,7087,7090,2636,286670,186659660.0,OI1909
2019-04-11 21:37:00,7090,7092,7088,7090,1088,286362,77215360.0,OI1909
2019-04-11 21:38:00,7089,7090,7087,7089,610,286320,43291700.0,OI1909
2019-04-11 21:39:00,7089,7093,7088,7091,860,286164,61034200.0,OI1909
2019-04-11 21:40:00,7091,7093,7090,7093,422,286106,29949340.0,OI1909
2019-04-11 21:41:00,7092,7094,7092,7093,480,286058,34065600.0,OI1909
2019-04-11 21:42:00,7093,7098,7093,7098,474,286178,33639780.0,OI1909
2019-04-11 21:43:00,7098,7098,7095,7096,594,286340,42156180.0,OI1909
2019-04-11 21:44:00,7097,7097,7096,7096,458,286440,32504260.0,OI1909
2019-04-11 21:45:00,7097,7097,7094,7095,492,286456,34917240.0,OI1909
2019-04-11 21:46:00,7095,7097,7095,7095,330,286452,23420100.0,OI1909
2019-04-11 21:47:00,7095,7095,7093,7094,164,286436,11639080.0,OI1909
2019-04-11 21:48:00,7094,7099,7094,7098,624,286766,44285280.0,OI1909
2019-04-11 21:49:00,7098,7098,7094,7096,610,286912,43291700.0,OI1909
2019-04-11 21:50:00,7096,7096,7093,7094,292,286830,20723240.0,OI1909
2019-04-11 21:51:00,7094,7097,7094,7096,640,286928,45420800.0,OI1909
2019-04-11 21:52:00,7096,7099,7096,7099,294,286982,20865180.0,OI1909
2019-04-11 21:53:00,7098,7099,7097,7098,734,287058,52091980.0,OI1909
2019-04-11 21:54:00,7097,7098,7097,7097,98,287100,6955060.0,OI1909
2019-04-11 21:55:00,7097,7100,7097,7100,400,287112,28388000.0,OI1909
2019-04-11 21:56:00,7100,7103,7099,7102,2068,287806,146765960.0,OI1909
2019-04-11 21:57:00,7103,7103,7100,7101,648,287942,45988560.0,OI1909
2019-04-11 21:58:00,7101,7102,7100,7101,518,288242,36762460.0,OI1909
2019-04-11 21:59:00,7102,7102,7099,7099,542,288398,38465740.0,OI1909
2019-04-11 22:00:00,7100,7105,7099,7103,1362,288838,96661140.0,OI1909
2019-04-11 22:01:00,7103,7104,7102,7102,480,288988,34065600.0,OI1909
2019-04-11 22:02:00,7102,7103,7101,7102,274,289112,19445780.0,OI1909
2019-04-11 22:03:00,7103,7104,7101,7104,458,289392,32504260.0,OI1909
2019-04-11 22:04:00,7104,7104,7102,7102,386,289304,27394420.0,OI1909
2019-04-11 22:05:00,7102,7102,7101,7102,302,289288,21432940.0,OI1909
2019-04-11 22:06:00,7102,7103,7098,7098,566,289202,40169020.0,OI1909
2019-04-11 22:07:00,7098,7099,7096,7098,828,289012,58763160.0,OI1909
2019-04-11 22:08:00,7098,7099,7098,7098,140,288992,9935800.0,OI1909
2019-04-11 22:09:00,7098,7098,7093,7095,1498,289240,106313060.0,OI1909
2019-04-11 22:10:00,7094,7097,7094,7094,384,289234,27252480.0,OI1909
2019-04-11 22:11:00,7094,7097,7094,7097,322,289096,22852340.0,OI1909
2019-04-11 22:12:00,7097,7098,7095,7095,398,288936,28246060.0,OI1909
2019-04-11 22:13:00,7095,7097,7095,7097,258,288882,18310260.0,OI1909
2019-04-11 22:14:00,7097,7098,7096,7096,142,288842,10077740.0,OI1909
2019-04-11 22:15:00,7096,7101,7096,7101,696,288812,49395120.0,OI1909
2019-04-11 22:16:00,7101,7101,7099,7099,274,288798,19445780.0,OI1909
2019-04-11 22:17:00,7099,7099,7098,7098,164,288828,11639080.0,OI1909
2019-04-11 22:18:00,7099,7099,7094,7094,1024,288570,72673280.0,OI1909
2019-04-11 22:19:00,7095,7096,7094,7095,546,288468,38749620.0,OI1909
2019-04-11 22:20:00,7094,7095,7084,7089,3982,287728,282602540.0,OI1909
2019-04-11 22:21:00,7089,7091,7087,7090,1000,287558,70970000.0,OI1909
2019-04-11 22:22:00,7090,7090,7088,7089,1188,287518,84312360.0,OI1909
2019-04-11 22:23:00,7089,7089,7086,7087,922,287354,65434340.0,OI1909
2019-04-11 22:24:00,7087,7087,7077,7079,2460,286614,173807640.0,OI1909
2019-04-11 22:25:00,7080,7083,7079,7081,1140,286384,80894400.0,OI1909
2019-04-11 22:26:00,7080,7084,7080,7083,470,286320,33351200.0,OI1909
2019-04-11 22:27:00,7083,7092,7083,7090,1628,286254,115522880.0,OI1909
2019-04-11 22:28:00,7090,7095,7089,7091,1482,286484,105162720.0,OI1909
2019-04-11 22:29:00,7089,7092,7078,7079,1772,286162,124897640.0,OI1909
2019-04-11 22:30:00,7078,7085,7078,7082,1714,286234,121608300.0,OI1909
2019-04-11 22:31:00,7081,7083,7080,7081,284,286272,20149800.0,OI1909
2019-04-11 22:32:00,7082,7082,7074,7075,1642,286118,116499900.0,OI1909
2019-04-11 22:33:00,7076,7088,7073,7087,1350,286176,94889120.0,OI1909
2019-04-11 22:34:00,7087,7087,7081,7085,862,286186,61150280.0,OI1909
2019-04-11 22:35:00,7083,7085,7082,7083,266,286196,18870040.0,OI1909
2019-04-11 22:36:00,7083,7083,7081,7081,276,286168,19579440.0,OI1909
2019-04-11 22:37:00,7081,7087,7080,7086,846,286060,60015240.0,OI1909
2019-04-11 22:38:00,7087,7087,7084,7084,478,286100,33909320.0,OI1909
2019-04-11 22:39:00,7085,7085,7081,7083,576,285918,40861440.0,OI1909
2019-04-11 22:40:00,7084,7084,7081,7082,208,285808,14755520.0,OI1909
2019-04-11 22:41:00,7082,7083,7082,7082,328,285656,23268320.0,OI1909
2019-04-11 22:42:00,7083,7086,7083,7086,348,285712,24687120.0,OI1909
2019-04-11 22:43:00,7086,7086,7084,7086,592,285834,41996480.0,OI1909
2019-04-11 22:44:00,7086,7091,7086,7089,872,285888,61859680.0,OI1909
2019-04-11 22:45:00,7089,7090,7085,7086,586,285858,41570840.0,OI1909
2019-04-11 22:46:00,7086,7086,7083,7085,458,285736,32490520.0,OI1909
2019-04-11 22:47:00,7086,7086,7084,7084,356,285880,25254640.0,OI1909
2019-04-11 22:48:00,7084,7085,7082,7084,794,285882,56326360.0,OI1909
2019-04-11 22:49:00,7085,7085,7084,7084,318,285928,22558920.0,OI1909
2019-04-11 22:50:00,7083,7084,7080,7082,838,285824,60147120.0,OI1909
2019-04-11 22:51:00,7081,7084,7081,7084,290,285786,20569700.0,OI1909
2019-04-11 22:52:00,7084,7086,7084,7086,358,285754,25392940.0,OI1909
2019-04-11 22:53:00,7086,7088,7085,7088,698,285852,49509140.0,OI1909
2019-04-11 22:54:00,7086,7089,7086,7087,532,285834,37734760.0,OI1909
2019-04-11 22:55:00,7088,7088,7085,7086,384,285824,27237120.0,OI1909
2019-04-11 22:56:00,7086,7087,7086,7086,106,285824,7518580.0,OI1909
2019-04-11 22:57:00,7085,7085,7084,7085,164,285782,11632520.0,OI1909
2019-04-11 22:58:00,7086,7087,7085,7087,120,285756,8511600.0,OI1909
2019-04-11 22:59:00,7087,7088,7084,7085,322,285770,22839460.0,OI1909
2019-04-11 23:00:00,7086,7086,7084,7085,182,285876,12909260.0,OI1909
2019-04-11 23:01:00,7085,7087,7085,7086,70,285880,4965100.0,OI1909
2019-04-11 23:02:00,7086,7088,7085,7087,156,285828,11065080.0,OI1909
2019-04-11 23:03:00,7088,7092,7088,7091,810,285890,57453300.0,OI1909
2019-04-11 23:04:00,7092,7102,7090,7100,2316,286146,164273880.0,OI1909
2019-04-11 23:05:00,7099,7100,7096,7098,1296,286256,91925280.0,OI1909
2019-04-11 23:06:00,7098,7101,7098,7098,1208,286690,85683440.0,OI1909
2019-04-11 23:07:00,7098,7099,7097,7099,584,286780,41423120.0,OI1909
2019-04-11 23:08:00,7099,7100,7090,7094,1986,286630,141966200.0,OI1909
2019-04-11 23:09:00,7096,7097,7094,7096,370,286654,26247800.0,OI1909
2019-04-11 23:10:00,7096,7097,7095,7097,388,286724,27524720.0,OI1909
2019-04-11 23:11:00,7097,7098,7096,7098,278,286928,19721320.0,OI1909
2019-04-11 23:12:00,7097,7099,7096,7098,286,286986,20288840.0,OI1909
2019-04-11 23:13:00,7097,7103,7097,7102,1282,287422,90945080.0,OI1909
2019-04-11 23:14:00,7102,7102,7098,7099,1024,287724,72642560.0,OI1909
2019-04-11 23:15:00,7098,7102,7098,7100,860,287846,61008400.0,OI1909
2019-04-11 23:16:00,7099,7102,7099,7101,422,287962,29936680.0,OI1909
2019-04-11 23:17:00,7102,7102,7099,7100,314,287986,22275160.0,OI1909
2019-04-11 23:18:00,7099,7100,7098,7098,238,288058,16883720.0,OI1909
2019-04-11 23:19:00,7098,7099,7097,7099,506,287880,35895640.0,OI1909
2019-04-11 23:20:00,7099,7101,7099,7101,412,288042,29227280.0,OI1909
2019-04-11 23:21:00,7100,7101,7099,7100,204,288064,14471760.0,OI1909
2019-04-11 23:22:00,7100,7100,7099,7099,222,288162,15748680.0,OI1909
2019-04-11 23:23:00,7100,7103,7100,7102,842,288468,59731480.0,OI1909
2019-04-11 23:24:00,7103,7105,7102,7105,1192,288788,84560480.0,OI1909
2019-04-11 23:25:00,7106,7106,7102,7103,856,288846,60724640.0,OI1909
2019-04-11 23:26:00,7103,7105,7103,7104,604,288792,42847760.0,OI1909
2019-04-11 23:27:00,7105,7105,7103,7103,486,288834,34476840.0,OI1909
2019-04-11 23:28:00,7103,7104,7101,7103,656,288734,46536640.0,OI1909
2019-04-11 23:29:00,7101,7104,7101,7103,1050,288510,74487000.0,OI1909
2019-04-12 09:00:00,7102,7103,7092,7097,2610,288334,185153400.0,OI1909
2019-04-12 09:01:00,7097,7099,7092,7095,1248,288160,88533120.0,OI1909
2019-04-12 09:02:00,7094,7096,7093,7093,754,288106,53488760.0,OI1909
2019-04-12 09:03:00,7093,7094,7089,7090,1786,287690,126698840.0,OI1909
2019-04-12 09:04:00,7089,7092,7088,7091,724,287592,51360560.0,OI1909
2019-04-12 09:05:00,7091,7092,7088,7091,1004,287562,71223760.0,OI1909
2019-04-12 09:06:00,7092,7095,7091,7095,430,287538,30504200.0,OI1909
2019-04-12 09:07:00,7095,7095,7091,7093,278,287572,19721320.0,OI1909
2019-04-12 09:08:00,7093,7095,7092,7094,564,287662,40010160.0,OI1909
2019-04-12 09:09:00,7094,7095,7093,7094,406,287776,28801640.0,OI1909
2019-04-12 09:10:00,7093,7095,7092,7095,516,287788,36605040.0,OI1909
2019-04-12 09:11:00,7095,7097,7095,7096,438,287676,31071720.0,OI1909
2019-04-12 09:12:00,7097,7099,7096,7097,776,287934,55049440.0,OI1909
2019-04-12 09:13:00,7098,7099,7096,7098,360,288048,25538400.0,OI1909
2019-04-12 09:14:00,7099,7102,7097,7101,1284,288198,91086960.0,OI1909
2019-04-12 09:15:00,7101,7101,7096,7097,798,288170,56610120.0,OI1909
2019-04-12 09:16:00,7097,7101,7096,7100,688,288312,48806720.0,OI1909
2019-04-12 09:17:00,7100,7118,7100,7118,7348,290910,522711380.0,OI1909
2019-04-12 09:18:00,7118,7118,7113,7116,4858,292998,346167940.0,OI1909
2019-04-12 09:19:00,7117,7123,7116,7122,6100,295240,434409840.0,OI1909
2019-04-12 09:20:00,7122,7122,7116,7116,3138,296226,222703860.0,OI1909
2019-04-12 09:21:00,7116,7119,7116,7118,1666,296378,119837900.0,OI1909
2019-04-12 09:22:00,7118,7118,7076,7083,10868,293460,769700080.0,OI1909
2019-04-12 09:23:00,7084,7091,7084,7089,7272,292542,516093840.0,OI1909
2019-04-12 09:24:00,7089,7092,7087,7092,2306,292158,163656820.0,OI1909
2019-04-12 09:25:00,7093,7093,7089,7091,1906,292296,135268820.0,OI1909
2019-04-12 09:26:00,7091,7093,7090,7093,1180,292002,83744600.0,OI1909
2019-04-12 09:27:00,7094,7099,7091,7099,3042,291626,215890740.0,OI1909
2019-04-12 09:28:00,7099,7100,7096,7098,1176,291528,83460720.0,OI1909
2019-04-12 09:29:00,7098,7098,7094,7095,1312,291448,93112640.0,OI1909
2019-04-12 09:30:00,7094,7094,7089,7092,1928,290866,136830160.0,OI1909
2019-04-12 09:31:00,7092,7095,7090,7091,1228,290738,87938580.0,OI1909
2019-04-12 09:32:00,7090,7094,7090,7092,1256,290836,89125760.0,OI1909
2019-04-12 09:33:00,7092,7093,7090,7090,626,290838,44420960.0,OI1909
2019-04-12 09:34:00,7094,7094,7090,7091,1098,290530,77914080.0,OI1909
2019-04-12 09:35:00,7090,7091,7081,7087,2284,289852,162072640.0,OI1909
2019-04-12 09:36:00,7086,7089,7085,7086,718,289722,50949280.0,OI1909
2019-04-12 09:37:00,7086,7086,7080,7083,2272,289390,161221120.0,OI1909
2019-04-12 09:38:00,7082,7086,7063,7073,6800,288190,480453400.0,OI1909
2019-04-12 09:39:00,7072,7078,7072,7074,2766,288456,196247700.0,OI1909
2019-04-12 09:40:00,7073,7077,7069,7076,3120,288496,221364000.0,OI1909
2019-04-12 09:41:00,7076,7077,7062,7068,4258,288566,299929060.0,OI1909
2019-04-12 09:42:00,7069,7070,7064,7070,3070,288410,217785800.0,OI1909
2019-04-12 09:43:00,7069,7074,7066,7067,2010,288178,142589400.0,OI1909
2019-04-12 09:44:00,7068,7070,7066,7068,1078,288416,74235700.0,OI1909
2019-04-12 09:45:00,7068,7068,7065,7065,948,288614,67241640.0,OI1909
2019-04-12 09:46:00,7066,7066,7061,7065,2532,288682,179594760.0,OI1909
2019-04-12 09:47:00,7065,7065,7059,7061,2390,289156,169522700.0,OI1909
2019-04-12 09:48:00,7061,7064,7060,7063,1696,288896,117984000.0,OI1909
2019-04-12 09:49:00,7062,7067,7062,7065,2322,288584,164676240.0,OI1909
2019-04-12 09:50:00,7066,7066,7063,7063,1076,288602,76309920.0,OI1909
2019-04-12 09:51:00,7064,7069,7064,7069,1582,288252,112195440.0,OI1909
2019-04-12 09:52:00,7069,7070,7066,7067,550,288160,39006000.0,OI1909
2019-04-12 09:53:00,7067,7068,7066,7067,538,288042,38154960.0,OI1909
2019-04-12 09:54:00,7067,7068,7066,7067,162,287974,11489040.0,OI1909
2019-04-12 09:55:00,7068,7069,7063,7064,880,287820,62409600.0,OI1909
2019-04-12 09:56:00,7063,7065,7062,7064,1060,287572,75175200.0,OI1909
2019-04-12 09:57:00,7064,7064,7062,7062,516,287382,35022980.0,OI1909
2019-04-12 09:58:00,7062,7063,7060,7061,2158,287070,153023780.0,OI1909
2019-04-12 09:59:00,7061,7061,7053,7055,5588,288144,393767480.0,OI1909
2019-04-12 10:00:00,7055,7068,7053,7064,5830,288860,413347000.0,OI1909
2019-04-12 10:01:00,7065,7065,7058,7061,1838,288854,130314200.0,OI1909
2019-04-12 10:02:00,7061,7063,7057,7061,2118,289226,147590740.0,OI1909
2019-04-12 10:03:00,7062,7063,7061,7063,1184,289124,83933760.0,OI1909
2019-04-12 10:04:00,7062,7064,7059,7060,2154,288690,152697060.0,OI1909
2019-04-12 10:05:00,7061,7063,7060,7061,620,288554,43951800.0,OI1909
2019-04-12 10:06:00,7061,7062,7059,7061,462,288596,32751180.0,OI1909
2019-04-12 10:07:00,7063,7064,7062,7063,586,288456,41541540.0,OI1909
2019-04-12 10:08:00,7064,7064,7062,7062,690,288284,48914100.0,OI1909
2019-04-12 10:09:00,7063,7064,7061,7062,1210,288582,85776900.0,OI1909
2019-04-12 10:10:00,7062,7063,7061,7061,936,288126,63699160.0,OI1909
2019-04-12 10:11:00,7061,7062,7059,7060,1828,288538,129568640.0,OI1909
2019-04-12 10:12:00,7061,7061,7059,7059,1074,288166,76125120.0,OI1909
2019-04-12 10:13:00,7060,7060,7059,7059,1330,288470,94270400.0,OI1909
2019-04-12 10:14:00,7058,7060,7058,7058,498,288432,35298240.0,OI1909
2019-04-12 10:30:00,7058,7061,7058,7060,1408,288580,99799040.0,OI1909
2019-04-12 10:31:00,7061,7062,7059,7060,538,288818,38133440.0,OI1909
2019-04-12 10:32:00,7060,7061,7059,7061,106,288820,7513280.0,OI1909
2019-04-12 10:33:00,7061,7062,7060,7062,368,288810,26083840.0,OI1909
2019-04-12 10:34:00,7062,7063,7061,7063,388,288774,27501440.0,OI1909
2019-04-12 10:35:00,7063,7063,7060,7063,534,288798,37849920.0,OI1909
2019-04-12 10:36:00,7063,7063,7060,7063,848,288694,60106240.0,OI1909
2019-04-12 10:37:00,7063,7063,7061,7061,276,288668,19562880.0,OI1909
2019-04-12 10:38:00,7061,7063,7060,7063,548,288594,36090920.0,OI1909
2019-04-12 10:39:00,7063,7063,7061,7062,288,288508,20410560.0,OI1909
2019-04-12 10:40:00,7062,7062,7060,7062,980,288490,69452600.0,OI1909
2019-04-12 10:41:00,7062,7062,7061,7061,296,288520,20977520.0,OI1909
2019-04-12 10:42:00,7061,7062,7060,7062,328,288444,23245360.0,OI1909
2019-04-12 10:43:00,7061,7061,7061,7061,224,288458,15874880.0,OI1909
2019-04-12 10:44:00,7062,7063,7060,7061,662,288388,46915940.0,OI1909
2019-04-12 10:45:00,7061,7064,7061,7064,1322,287904,93690140.0,OI1909
2019-04-12 10:46:00,7063,7064,7062,7064,516,287796,36568920.0,OI1909
2019-04-12 10:47:00,7063,7068,7063,7067,1052,287664,74555240.0,OI1909
2019-04-12 10:48:00,7068,7068,7065,7067,480,287542,34017600.0,OI1909
2019-04-12 10:49:00,7067,7068,7064,7064,976,287850,69169120.0,OI1909
2019-04-12 10:50:00,7063,7068,7063,7066,910,288078,64491700.0,OI1909
2019-04-12 10:51:00,7066,7066,7064,7065,1138,288238,80650060.0,OI1909
2019-04-12 10:52:00,7066,7066,7064,7065,342,288242,24237540.0,OI1909
2019-04-12 10:53:00,7064,7066,7064,7064,674,288032,47766380.0,OI1909
2019-04-12 10:54:00,7064,7065,7062,7064,340,288082,24095800.0,OI1909
2019-04-12 10:55:00,7065,7065,7063,7064,210,288088,14882700.0,OI1909
2019-04-12 10:56:00,7065,7066,7064,7066,376,288136,26647120.0,OI1909
2019-04-12 10:57:00,7066,7068,7064,7065,1026,288308,72712620.0,OI1909
2019-04-12 10:58:00,7065,7070,7065,7069,798,287936,54318600.0,OI1909
2019-04-12 10:59:00,7069,7069,7066,7067,452,287858,32028720.0,OI1909
2019-04-12 11:00:00,7067,7068,7067,7067,162,287882,11479320.0,OI1909
2019-04-12 11:01:00,7067,7068,7066,7067,264,287876,18707040.0,OI1909
2019-04-12 11:02:00,7068,7069,7067,7068,150,287856,10629000.0,OI1909
2019-04-12 11:03:00,7068,7068,7067,7067,116,287796,8219760.0,OI1909
2019-04-12 11:04:00,7067,7070,7067,7070,362,287734,25651320.0,OI1909
2019-04-12 11:05:00,7070,7073,7068,7071,1062,287420,75253320.0,OI1909
2019-04-12 11:06:00,7071,7073,7069,7070,400,287358,28344000.0,OI1909
2019-04-12 11:07:00,7070,7070,7069,7069,142,287322,10062120.0,OI1909
2019-04-12 11:08:00,7069,7070,7069,7070,126,287354,8928360.0,OI1909
2019-04-12 11:09:00,7070,7070,7063,7064,834,287304,59097240.0,OI1909
2019-04-12 11:10:00,7064,7067,7063,7066,380,287220,26926800.0,OI1909
2019-04-12 11:11:00,7066,7074,7063,7073,2636,287274,186786960.0,OI1909
2019-04-12 11:12:00,7074,7074,7070,7072,666,287104,47192760.0,OI1909
2019-04-12 11:13:00,7073,7073,7071,7072,412,287084,29194320.0,OI1909
2019-04-12 11:14:00,7072,7074,7071,7074,748,286944,53003280.0,OI1909
2019-04-12 11:15:00,7075,7076,7071,7071,1000,287042,70860000.0,OI1909
2019-04-12 11:16:00,7072,7072,7070,7071,470,287014,33304200.0,OI1909
2019-04-12 11:17:00,7071,7072,7067,7069,1028,287200,72844080.0,OI1909
2019-04-12 11:18:00,7069,7071,7069,7070,286,287182,20265960.0,OI1909
2019-04-12 11:19:00,7070,7071,7068,7068,388,287120,27493680.0,OI1909
2019-04-12 11:20:00,7068,7068,7063,7063,1074,287446,76103640.0,OI1909
2019-04-12 11:21:00,7063,7065,7062,7065,770,287084,54562200.0,OI1909
2019-04-12 11:22:00,7065,7065,7064,7064,148,287068,10487280.0,OI1909
2019-04-12 11:23:00,7064,7067,7064,7066,418,286966,29619480.0,OI1909
2019-04-12 11:24:00,7067,7069,7067,7068,120,286984,8503200.0,OI1909
2019-04-12 11:25:00,7068,7068,7066,7067,254,286994,17998440.0,OI1909
2019-04-12 11:26:00,7067,7068,7066,7066,72,286980,5101920.0,OI1909
2019-04-12 11:27:00,7067,7071,7066,7069,468,287218,33162480.0,OI1909
2019-04-12 11:28:00,7068,7083,7068,7080,1744,287226,123579840.0,OI1909
2019-04-12 11:29:00,7079,7080,7073,7075,990,287272,72929320.0,OI1909
2019-04-12 13:30:00,7075,7076,7074,7074,538,287388,38117300.0,OI1909
2019-04-12 13:31:00,7074,7077,7073,7074,696,287366,49311600.0,OI1909
2019-04-12 13:32:00,7073,7073,7069,7072,826,287304,58522100.0,OI1909
2019-04-12 13:33:00,7072,7073,7071,7073,194,287204,13744900.0,OI1909
2019-04-12 13:34:00,7073,7073,7070,7070,326,287198,23097100.0,OI1909
2019-04-12 13:35:00,7070,7074,7070,7072,496,287048,35141600.0,OI1909
2019-04-12 13:36:00,7073,7074,7072,7073,276,287020,19554600.0,OI1909
2019-04-12 13:37:00,7074,7074,7069,7069,464,286874,32874400.0,OI1909
2019-04-12 13:38:00,7070,7071,7067,7067,364,286824,25789400.0,OI1909
2019-04-12 13:39:00,7067,7070,7066,7070,856,286894,60647600.0,OI1909
2019-04-12 13:40:00,7070,7071,7069,7069,294,286902,20829900.0,OI1909
2019-04-12 13:41:00,7069,7071,7069,7071,154,286940,10910900.0,OI1909
2019-04-12 13:42:00,7070,7073,7070,7071,188,286958,13319800.0,OI1909
2019-04-12 13:43:00,7071,7073,7070,7073,394,286836,27914900.0,OI1909
2019-04-12 13:44:00,7074,7074,7073,7073,188,286842,13319800.0,OI1909
2019-04-12 13:45:00,7072,7072,7070,7070,200,286842,14170000.0,OI1909
2019-04-12 13:46:00,7071,7074,7071,7073,292,286852,20688200.0,OI1909
2019-04-12 13:47:00,7073,7075,7073,7074,370,286840,26214500.0,OI1909
2019-04-12 13:48:00,7074,7080,7074,7079,1050,286846,74392500.0,OI1909
2019-04-12 13:49:00,7080,7087,7077,7085,2032,287146,143967200.0,OI1909
2019-04-12 13:50:00,7086,7087,7081,7084,1862,287612,131922700.0,OI1909
2019-04-12 13:51:00,7083,7085,7083,7084,656,287558,46477600.0,OI1909
2019-04-12 13:52:00,7085,7085,7083,7084,532,287704,37692200.0,OI1909
2019-04-12 13:53:00,7083,7085,7083,7085,262,287742,18562700.0,OI1909
2019-04-12 13:54:00,7085,7090,7083,7089,2220,288316,157287000.0,OI1909
2019-04-12 13:55:00,7090,7094,7090,7092,2150,288912,152327500.0,OI1909
2019-04-12 13:56:00,7093,7094,7088,7090,1290,289104,91396500.0,OI1909
2019-04-12 13:57:00,7089,7090,7087,7088,810,288970,57388500.0,OI1909
2019-04-12 13:58:00,7089,7089,7087,7088,286,288944,20263100.0,OI1909
2019-04-12 13:59:00,7089,7094,7088,7092,708,289074,50161800.0,OI1909
2019-04-12 14:00:00,7093,7096,7089,7090,1564,289048,110809400.0,OI1909
2019-04-12 14:01:00,7091,7093,7090,7090,728,289030,51578800.0,OI1909
2019-04-12 14:02:00,7091,7091,7089,7090,418,288952,29615300.0,OI1909
2019-04-12 14:03:00,7091,7093,7090,7091,492,288984,34858200.0,OI1909
2019-04-12 14:04:00,7091,7094,7090,7091,704,289062,49878400.0,OI1909
2019-04-12 14:05:00,7091,7093,7091,7093,236,289074,16720600.0,OI1909
2019-04-12 14:06:00,7093,7096,7093,7095,1214,289120,86011900.0,OI1909
2019-04-12 14:07:00,7095,7098,7095,7095,1168,289320,82752800.0,OI1909
2019-04-12 14:08:00,7095,7095,7092,7094,500,289232,35425000.0,OI1909
2019-04-12 14:09:00,7094,7095,7094,7094,160,289184,11336000.0,OI1909
2019-04-12 14:10:00,7094,7094,7092,7093,558,289220,39534300.0,OI1909
2019-04-12 14:11:00,7093,7094,7093,7094,174,289258,12327900.0,OI1909
2019-04-12 14:12:00,7093,7094,7092,7092,176,289286,12469600.0,OI1909
2019-04-12 14:13:00,7093,7096,7093,7095,558,289320,39534300.0,OI1909
2019-04-12 14:14:00,7094,7095,7093,7093,312,289386,22105200.0,OI1909
2019-04-12 14:15:00,7094,7094,7091,7091,362,289328,25647700.0,OI1909
2019-04-12 14:16:00,7091,7093,7091,7092,340,289304,24089000.0,OI1909
2019-04-12 14:17:00,7093,7094,7091,7092,266,289248,18846100.0,OI1909
2019-04-12 14:18:00,7092,7093,7092,7092,178,289218,12611300.0,OI1909
2019-04-12 14:19:00,7093,7096,7092,7096,886,289332,66154900.0,OI1909
2019-04-12 14:20:00,7097,7099,7097,7097,846,289396,59947560.0,OI1909
2019-04-12 14:21:00,7097,7097,7096,7096,210,289464,14880600.0,OI1909
2019-04-12 14:22:00,7096,7097,7095,7095,334,289542,23667240.0,OI1909
2019-04-12 14:23:00,7096,7100,7095,7100,866,289768,61364760.0,OI1909
2019-04-12 14:24:00,7099,7102,7098,7101,2836,290564,200958960.0,OI1909
2019-04-12 14:25:00,7101,7102,7097,7098,1202,290836,85173720.0,OI1909
2019-04-12 14:26:00,7097,7098,7094,7095,516,290816,36563760.0,OI1909
2019-04-12 14:27:00,7096,7097,7094,7095,648,290882,45917280.0,OI1909
2019-04-12 14:28:00,7095,7096,7095,7096,216,290902,15305760.0,OI1909
2019-04-12 14:29:00,7096,7099,7096,7098,1316,290728,93251760.0,OI1909
2019-04-12 14:30:00,7098,7099,7097,7098,844,290872,59805840.0,OI1909
2019-04-12 14:31:00,7098,7100,7098,7099,666,290980,47192760.0,OI1909
2019-04-12 14:32:00,7099,7102,7098,7099,2270,291226,160852200.0,OI1909
2019-04-12 14:33:00,7100,7102,7100,7101,850,291220,60231000.0,OI1909
2019-04-12 14:34:00,7100,7102,7100,7100,694,291390,49176840.0,OI1909
2019-04-12 14:35:00,7101,7101,7100,7100,202,291456,14313720.0,OI1909
2019-04-12 14:36:00,7100,7102,7100,7100,624,291572,44216640.0,OI1909
2019-04-12 14:37:00,7101,7101,7098,7098,808,291524,57254880.0,OI1909
2019-04-12 14:38:00,7098,7098,7097,7097,204,291464,14455440.0,OI1909
2019-04-12 14:39:00,7097,7099,7097,7097,226,291476,16014360.0,OI1909
2019-04-12 14:40:00,7098,7099,7095,7097,486,291428,34437960.0,OI1909
2019-04-12 14:41:00,7096,7098,7096,7096,162,291432,11479320.0,OI1909
2019-04-12 14:42:00,7096,7098,7096,7097,204,291388,14455440.0,OI1909
2019-04-12 14:43:00,7097,7099,7097,7098,314,291438,22250040.0,OI1909
2019-04-12 14:44:00,7098,7099,7098,7099,224,291420,15872640.0,OI1909
2019-04-12 14:45:00,7099,7101,7098,7100,1092,291384,77379120.0,OI1909
2019-04-12 14:46:00,7100,7101,7096,7097,976,291398,69159360.0,OI1909
2019-04-12 14:47:00,7097,7098,7096,7096,486,291486,34437960.0,OI1909
2019-04-12 14:48:00,7096,7097,7096,7096,216,291540,15305760.0,OI1909
2019-04-12 14:49:00,7096,7098,7096,7098,474,291682,33587640.0,OI1909
2019-04-12 14:50:00,7098,7098,7096,7097,226,291760,16014360.0,OI1909
2019-04-12 14:51:00,7098,7098,7097,7097,444,291710,31461840.0,OI1909
2019-04-12 14:52:00,7098,7099,7096,7099,464,291618,32879040.0,OI1909
2019-04-12 14:53:00,7099,7099,7094,7094,864,291184,61223040.0,OI1909
2019-04-12 14:54:00,7095,7096,7093,7093,722,291022,51160920.0,OI1909
2019-04-12 14:55:00,7094,7097,7094,7096,1306,290862,92543160.0,OI1909
2019-04-12 14:56:00,7097,7097,7095,7097,796,290656,56404560.0,OI1909
2019-04-12 14:57:00,7097,7097,7094,7096,812,290370,57538320.0,OI1909
2019-04-12 14:58:00,7096,7097,7095,7096,644,289974,45633840.0,OI1909
2019-04-12 14:59:00,7095,7097,7093,7094,1452,289372,102888720.0,OI1909
2019-04-12 21:00:00,7098,7101,7089,7097,3776,289458,267907200.0,OI1909
2019-04-12 21:01:00,7097,7111,7097,7108,4210,290024,299098800.0,OI1909
2019-04-12 21:02:00,7108,7112,7104,7106,2094,290600,148875600.0,OI1909
2019-04-12 21:03:00,7106,7108,7103,7106,1232,290652,87496640.0,OI1909
2019-04-12 21:04:00,7106,7108,7104,7105,718,290726,51112660.0,OI1909
2019-04-12 21:05:00,7105,7114,7105,7111,2010,291172,142910700.0,OI1909
2019-04-12 21:06:00,7110,7112,7105,7106,1778,291286,126309120.0,OI1909
2019-04-12 21:07:00,7106,7106,7092,7094,3078,291246,218472160.0,OI1909
2019-04-12 21:08:00,7095,7095,7084,7094,3822,290722,271022300.0,OI1909
2019-04-12 21:09:00,7094,7094,7084,7089,2198,290604,155830820.0,OI1909
2019-04-12 21:10:00,7089,7094,7089,7094,1640,290600,116174440.0,OI1909
2019-04-12 21:11:00,7094,7096,7093,7096,470,290698,33365300.0,OI1909
2019-04-12 21:12:00,7096,7110,7093,7110,2058,290998,146097420.0,OI1909
2019-04-12 21:13:00,7110,7117,7107,7112,4100,291894,291722680.0,OI1909
2019-04-12 21:14:00,7112,7114,7107,7111,1524,292150,108219240.0,OI1909
2019-04-12 21:15:00,7111,7116,7105,7106,2046,292770,145654000.0,OI1909
2019-04-12 21:16:00,7106,7108,7103,7103,1114,293048,79116280.0,OI1909
2019-04-12 21:17:00,7103,7108,7103,7108,1034,293344,73434680.0,OI1909
2019-04-12 21:18:00,7108,7108,7104,7107,844,293436,59940880.0,OI1909
2019-04-12 21:19:00,7106,7107,7102,7105,760,293682,53975200.0,OI1909
2019-04-12 21:20:00,7105,7106,7104,7105,224,293756,15908480.0,OI1909
2019-04-12 21:21:00,7106,7106,7101,7101,474,293808,33663480.0,OI1909
2019-04-12 21:22:00,7101,7102,7097,7101,1460,293830,103689200.0,OI1909
2019-04-12 21:23:00,7101,7103,7101,7103,388,293816,27555760.0,OI1909
2019-04-12 21:24:00,7103,7103,7099,7100,296,293806,21021920.0,OI1909
2019-04-12 21:25:00,7100,7103,7099,7103,310,293822,22016200.0,OI1909
2019-04-12 21:26:00,7103,7104,7100,7100,602,293850,42754040.0,OI1909
2019-04-12 21:27:00,7099,7101,7098,7098,608,293882,43180160.0,OI1909
2019-04-12 21:28:00,7098,7102,7098,7101,528,293750,37498560.0,OI1909
2019-04-12 21:29:00,7101,7101,7098,7100,410,293798,29118200.0,OI1909
2019-04-12 21:30:00,7100,7102,7099,7099,586,293750,41617720.0,OI1909
2019-04-12 21:31:00,7098,7101,7097,7099,426,293720,30254520.0,OI1909
2019-04-12 21:32:00,7099,7101,7099,7100,494,293730,35083880.0,OI1909
2019-04-12 21:33:00,7101,7101,7098,7099,240,293626,17044800.0,OI1909
2019-04-12 21:34:00,7099,7100,7096,7097,764,293578,54259280.0,OI1909
2019-04-12 21:35:00,7097,7098,7097,7098,278,293614,19743560.0,OI1909
2019-04-12 21:36:00,7098,7101,7097,7101,196,293622,13919920.0,OI1909
2019-04-12 21:37:00,7101,7101,7099,7099,338,293684,24004760.0,OI1909
2019-04-12 21:38:00,7100,7104,7100,7104,674,293580,47867480.0,OI1909
2019-04-12 21:39:00,7104,7104,7101,7103,526,293664,37356520.0,OI1909
2019-04-12 21:40:00,7104,7104,7098,7098,920,293886,65338400.0,OI1909
2019-04-12 21:41:00,7099,7101,7098,7100,218,293818,15482360.0,OI1909
2019-04-12 21:42:00,7100,7103,7100,7103,244,293846,17328880.0,OI1909
2019-04-12 21:43:00,7102,7103,7101,7101,378,293846,26845560.0,OI1909
2019-04-12 21:44:00,7102,7102,7101,7101,494,293640,35083880.0,OI1909
2019-04-12 21:45:00,7101,7101,7098,7098,300,293634,21306000.0,OI1909
2019-04-12 21:46:00,7098,7099,7097,7098,352,293624,24999040.0,OI1909
2019-04-12 21:47:00,7098,7098,7097,7097,280,293568,19885600.0,OI1909
2019-04-12 21:48:00,7096,7098,7096,7097,320,293554,22726400.0,OI1909
2019-04-12 21:49:00,7097,7098,7096,7097,298,293590,21163960.0,OI1909
2019-04-12 21:50:00,7098,7102,7097,7101,270,293582,19175400.0,OI1909
2019-04-12 21:51:00,7101,7101,7097,7098,188,293568,13351760.0,OI1909
2019-04-12 21:52:00,7097,7100,7097,7099,104,293606,7386080.0,OI1909
2019-04-12 21:53:00,7099,7100,7098,7100,212,293648,15056240.0,OI1909
2019-04-12 21:54:00,7100,7101,7098,7099,380,293696,26987600.0,OI1909
2019-04-12 21:55:00,7100,7100,7097,7097,576,293916,40907520.0,OI1909
2019-04-12 21:56:00,7097,7098,7096,7096,396,293930,28123920.0,OI1909
2019-04-12 21:57:00,7097,7098,7092,7096,884,293710,62781680.0,OI1909
2019-04-12 21:58:00,7096,7096,7092,7092,860,293656,60497180.0,OI1909
2019-04-12 21:59:00,7091,7096,7088,7095,2030,293420,144150300.0,OI1909
2019-04-12 22:00:00,7095,7095,7091,7094,1182,293474,83933820.0,OI1909
2019-04-12 22:01:00,7094,7094,7093,7094,230,293458,16332300.0,OI1909
2019-04-12 22:02:00,7094,7094,7092,7093,354,293560,25137540.0,OI1909
2019-04-12 22:03:00,7093,7098,7093,7097,668,293472,47434680.0,OI1909
2019-04-12 22:04:00,7097,7097,7094,7095,350,293508,24853500.0,OI1909
2019-04-12 22:05:00,7094,7097,7094,7096,260,293552,18462600.0,OI1909
2019-04-12 22:06:00,7096,7096,7092,7094,492,293624,34936920.0,OI1909
2019-04-12 22:07:00,7094,7094,7093,7093,220,293626,15622200.0,OI1909
2019-04-12 22:08:00,7093,7097,7093,7096,434,293820,30818340.0,OI1909
2019-04-12 22:09:00,7097,7099,7096,7097,598,294060,42463980.0,OI1909
2019-04-12 22:10:00,7096,7096,7093,7094,280,294022,19882800.0,OI1909
2019-04-12 22:11:00,7095,7099,7095,7099,512,293966,36357120.0,OI1909
2019-04-12 22:12:00,7098,7102,7098,7100,852,294192,60297480.0,OI1909
2019-04-12 22:13:00,7099,7101,7099,7100,414,294314,29394000.0,OI1909
2019-04-12 22:14:00,7100,7101,7098,7098,240,294278,17040000.0,OI1909
2019-04-12 22:15:00,7098,7101,7098,7101,200,294236,14200000.0,OI1909
2019-04-12 22:16:00,7100,7101,7099,7099,130,294252,9230000.0,OI1909
2019-04-12 22:17:00,7100,7100,7098,7099,174,294260,12354000.0,OI1909
2019-04-12 22:18:00,7099,7099,7094,7097,1222,294122,86762000.0,OI1909
2019-04-12 22:19:00,7096,7097,7093,7094,646,294092,45866000.0,OI1909
2019-04-12 22:20:00,7094,7096,7094,7096,304,293958,21584000.0,OI1909
2019-04-12 22:21:00,7096,7097,7095,7097,254,293838,18034000.0,OI1909
2019-04-12 22:22:00,7097,7098,7095,7096,404,293696,28684000.0,OI1909
2019-04-12 22:23:00,7096,7099,7096,7099,192,293712,13632000.0,OI1909
2019-04-12 22:24:00,7099,7100,7097,7098,336,293806,23856000.0,OI1909
2019-04-12 22:25:00,7098,7099,7097,7097,142,293810,10082000.0,OI1909
2019-04-12 22:26:00,7097,7099,7097,7099,132,293776,9372000.0,OI1909
2019-04-12 22:27:00,7100,7102,7099,7100,830,293954,58930000.0,OI1909
2019-04-12 22:28:00,7100,7102,7099,7100,652,293964,46292000.0,OI1909
2019-04-12 22:29:00,7100,7100,7098,7100,284,293970,20164000.0,OI1909
2019-04-12 22:30:00,7101,7101,7098,7098,372,293938,26412000.0,OI1909
2019-04-12 22:31:00,7099,7099,7097,7099,232,293978,16472000.0,OI1909
2019-04-12 22:32:00,7098,7099,7095,7096,500,294032,35500000.0,OI1909
2019-04-12 22:33:00,7096,7097,7094,7095,610,294112,43310000.0,OI1909
2019-04-12 22:34:00,7094,7098,7094,7097,536,294104,38056000.0,OI1909
2019-04-12 22:35:00,7097,7097,7095,7095,134,294050,9514000.0,OI1909
2019-04-12 22:36:00,7096,7096,7092,7093,620,293886,44020000.0,OI1909
2019-04-12 22:37:00,7093,7095,7091,7095,562,293710,39902000.0,OI1909
2019-04-12 22:38:00,7094,7094,7090,7091,694,293626,49274000.0,OI1909
2019-04-12 22:39:00,7092,7093,7091,7092,546,293758,38766000.0,OI1909
2019-04-12 22:40:00,7091,7092,7086,7090,1764,293378,125244000.0,OI1909
2019-04-12 22:41:00,7092,7093,7091,7093,348,293488,24708000.0,OI1909
2019-04-12 22:42:00,7092,7093,7091,7091,278,293516,19738000.0,OI1909
2019-04-12 22:43:00,7092,7098,7092,7097,682,293594,48422000.0,OI1909
2019-04-12 22:44:00,7097,7098,7094,7094,868,293598,61628000.0,OI1909
2019-04-12 22:45:00,7095,7097,7094,7096,336,293524,23856000.0,OI1909
2019-04-12 22:46:00,7095,7097,7094,7096,580,293456,40353180.0,OI1909
2019-04-12 22:47:00,7095,7096,7095,7095,148,293440,10506520.0,OI1909
2019-04-12 22:48:00,7095,7095,7095,7095,188,293446,13346120.0,OI1909
2019-04-12 22:49:00,7095,7097,7094,7094,640,293440,45433600.0,OI1909
2019-04-12 22:50:00,7095,7095,7093,7093,252,293374,17889480.0,OI1909
2019-04-12 22:51:00,7092,7093,7091,7091,288,293244,20445120.0,OI1909
2019-04-12 22:52:00,7091,7094,7091,7094,322,293188,22858780.0,OI1909
2019-04-12 22:53:00,7094,7094,7093,7093,148,293224,10506520.0,OI1909
2019-04-12 22:54:00,7093,7094,7093,7094,30,293216,2129700.0,OI1909
2019-04-12 22:55:00,7094,7096,7093,7095,134,293240,9512660.0,OI1909
2019-04-12 22:56:00,7095,7095,7093,7094,130,293196,9228700.0,OI1909
2019-04-12 22:57:00,7094,7095,7094,7094,30,293188,2129700.0,OI1909
2019-04-12 22:58:00,7095,7096,7094,7096,222,293164,15759780.0,OI1909
2019-04-12 22:59:00,7097,7097,7095,7096,472,293290,33507280.0,OI1909
2019-04-12 23:00:00,7096,7098,7095,7097,288,293394,20445120.0,OI1909
2019-04-12 23:01:00,7097,7101,7097,7100,922,293524,65452780.0,OI1909
2019-04-12 23:02:00,7100,7103,7098,7099,1074,293710,76243260.0,OI1909
2019-04-12 23:03:00,7099,7102,7098,7102,712,293908,50544880.0,OI1909
2019-04-12 23:04:00,7101,7102,7098,7099,872,293902,61903280.0,OI1909
2019-04-12 23:05:00,7098,7100,7098,7099,570,293914,40464300.0,OI1909
2019-04-12 23:06:00,7099,7099,7097,7097,348,293876,24704520.0,OI1909
2019-04-12 23:07:00,7098,7099,7097,7098,198,293838,14056020.0,OI1909
2019-04-12 23:08:00,7097,7097,7091,7092,1056,293542,74965440.0,OI1909
2019-04-12 23:09:00,7092,7095,7092,7095,526,293410,37340740.0,OI1909
2019-04-12 23:10:00,7094,7095,7093,7094,268,293342,19025320.0,OI1909
2019-04-12 23:11:00,7094,7095,7094,7095,72,293318,5111280.0,OI1909
2019-04-12 23:12:00,7094,7097,7094,7097,504,293100,35778960.0,OI1909
2019-04-12 23:13:00,7097,7097,7092,7092,748,292682,53100520.0,OI1909
2019-04-12 23:14:00,7092,7096,7092,7094,302,292634,21438980.0,OI1909
2019-04-12 23:15:00,7094,7094,7091,7091,220,292638,15617800.0,OI1909
2019-04-12 23:16:00,7091,7094,7091,7094,176,292628,12494240.0,OI1909
2019-04-12 23:17:00,7094,7094,7093,7094,98,292656,6957020.0,OI1909
2019-04-12 23:18:00,7093,7095,7093,7093,126,292608,8944740.0,OI1909
2019-04-12 23:19:00,7094,7095,7093,7094,116,292584,8234840.0,OI1909
2019-04-12 23:20:00,7094,7095,7094,7095,70,292534,4969300.0,OI1909
2019-04-12 23:21:00,7095,7095,7094,7095,134,292448,9512660.0,OI1909
2019-04-12 23:22:00,7094,7095,7092,7092,350,292286,24846500.0,OI1909
2019-04-12 23:23:00,7092,7094,7092,7093,142,292188,10080580.0,OI1909
2019-04-12 23:24:00,7093,7094,7092,7093,510,291910,36204900.0,OI1909
2019-04-12 23:25:00,7093,7097,7092,7097,960,291738,68150400.0,OI1909
2019-04-12 23:26:00,7097,7097,7095,7095,216,291750,15333840.0,OI1909
2019-04-12 23:27:00,7095,7098,7094,7098,402,291582,28537980.0,OI1909
2019-04-12 23:28:00,7097,7099,7096,7098,370,291450,26266300.0,OI1909
2019-04-12 23:29:00,7099,7099,7096,7097,876,291114,62187240.0,OI1909
2019-04-15 09:00:00,7097,7115,7097,7114,4466,292214,317041340.0,OI1909
2019-04-15 09:01:00,7113,7114,7107,7109,2136,292730,152689780.0,OI1909
2019-04-15 09:02:00,7109,7109,7088,7089,5274,292336,373346120.0,OI1909
2019-04-15 09:03:00,7090,7095,7089,7092,2148,291782,152486520.0,OI1909
2019-04-15 09:04:00,7092,7093,7081,7083,3748,290792,266070520.0,OI1909
2019-04-15 09:05:00,7082,7084,7082,7083,2054,290318,145813460.0,OI1909
2019-04-15 09:06:00,7082,7087,7082,7087,2172,290114,152981180.0,OI1909
2019-04-15 09:07:00,7088,7092,7088,7089,1198,290142,85034040.0,OI1909
2019-04-15 09:08:00,7090,7093,7089,7092,954,290280,67714920.0,OI1909
2019-04-15 09:09:00,7093,7096,7092,7096,838,290310,59481240.0,OI1909
2019-04-15 09:10:00,7095,7109,7091,7107,2692,290736,191078160.0,OI1909
2019-04-15 09:11:00,7107,7108,7103,7104,1878,290990,133300440.0,OI1909
2019-04-15 09:12:00,7104,7120,7104,7118,6836,293076,486572340.0,OI1909
2019-04-15 09:13:00,7119,7125,7112,7124,8076,294266,574749060.0,OI1909
2019-04-15 09:14:00,7125,7135,7124,7130,8828,296428,629832200.0,OI1909
2019-04-15 09:15:00,7130,7139,7130,7137,5434,297988,387499120.0,OI1909
2019-04-15 09:16:00,7136,7141,7132,7133,5226,298884,372831480.0,OI1909
2019-04-15 09:17:00,7133,7133,7107,7117,6696,297544,477379500.0,OI1909
2019-04-15 09:18:00,7117,7128,7116,7121,3140,297670,223097000.0,OI1909
2019-04-15 09:19:00,7122,7128,7121,7127,1686,298152,119790300.0,OI1909
2019-04-15 09:20:00,7125,7125,7118,7122,1578,298224,113876600.0,OI1909
2019-04-15 09:21:00,7123,7124,7118,7118,926,298182,65801560.0,OI1909
2019-04-15 09:22:00,7118,7121,7118,7119,938,297958,66654280.0,OI1909
2019-04-15 09:23:00,7118,7120,7118,7118,908,298080,64522480.0,OI1909
2019-04-15 09:24:00,7117,7119,7114,7116,1112,298026,79018720.0,OI1909
2019-04-15 09:25:00,7116,7117,7103,7110,2758,297970,195983480.0,OI1909
2019-04-15 09:26:00,7111,7117,7109,7116,1652,297940,117391120.0,OI1909
2019-04-15 09:27:00,7116,7119,7115,7118,626,298086,44483560.0,OI1909
2019-04-15 09:28:00,7118,7120,7113,7113,738,298098,52442280.0,OI1909
2019-04-15 09:29:00,7114,7118,7112,7118,1100,298362,78166000.0,OI1909
2019-04-15 09:30:00,7117,7120,7115,7115,1402,298264,99626120.0,OI1909
2019-04-15 09:31:00,7115,7116,7106,7108,2024,298144,143825440.0,OI1909
2019-04-15 09:32:00,7109,7113,7107,7111,1414,298068,100478840.0,OI1909
2019-04-15 09:33:00,7111,7114,7110,7113,484,298070,34393040.0,OI1909
2019-04-15 09:34:00,7113,7113,7110,7112,708,298204,50310480.0,OI1909
2019-04-15 09:35:00,7112,7116,7112,7115,548,298274,38940880.0,OI1909
2019-04-15 09:36:00,7115,7115,7110,7112,536,298386,38088160.0,OI1909
2019-04-15 09:37:00,7112,7113,7111,7112,194,298424,13785640.0,OI1909
2019-04-15 09:38:00,7112,7113,7111,7112,310,298450,22028600.0,OI1909
2019-04-15 09:39:00,7112,7112,7107,7108,1090,298418,77455400.0,OI1909
2019-04-15 09:40:00,7108,7111,7105,7105,1048,298134,74470880.0,OI1909
2019-04-15 09:41:00,7106,7110,7106,7108,672,297924,47752320.0,OI1909
2019-04-15 09:42:00,7108,7108,7105,7105,610,297834,43346600.0,OI1909
2019-04-15 09:43:00,7103,7103,7090,7093,6798,296164,483065880.0,OI1909
2019-04-15 09:44:00,7093,7097,7092,7097,1876,295838,133308560.0,OI1909
2019-04-15 09:45:00,7095,7095,7092,7095,1198,295588,85129880.0,OI1909
2019-04-15 09:46:00,7094,7095,7089,7090,1856,295296,131887360.0,OI1909
2019-04-15 09:47:00,7091,7098,7091,7097,794,295364,56421640.0,OI1909
2019-04-15 09:48:00,7097,7098,7095,7097,594,295378,42209640.0,OI1909
2019-04-15 09:49:00,7098,7098,7096,7098,356,295374,25297360.0,OI1909
2019-04-15 09:50:00,7097,7098,7095,7097,452,295382,32119120.0,OI1909
2019-04-15 09:51:00,7097,7097,7095,7096,338,295426,24018280.0,OI1909
2019-04-15 09:52:00,7096,7104,7096,7098,1168,295512,82998080.0,OI1909
2019-04-15 09:53:00,7099,7101,7098,7101,288,295524,20465280.0,OI1909
2019-04-15 09:54:00,7101,7103,7100,7101,648,295684,47328860.0,OI1909
2019-04-15 09:55:00,7103,7104,7101,7104,450,295712,31972500.0,OI1909
2019-04-15 09:56:00,7103,7103,7097,7098,586,295722,41635300.0,OI1909
2019-04-15 09:57:00,7098,7100,7098,7099,170,295702,12078500.0,OI1909
2019-04-15 09:58:00,7100,7100,7097,7097,468,295696,33251400.0,OI1909
2019-04-15 09:59:00,7097,7099,7097,7099,196,295658,13925800.0,OI1909
2019-04-15 10:00:00,7100,7102,7100,7101,648,295736,46040400.0,OI1909
2019-04-15 10:01:00,7100,7104,7100,7103,578,295838,41066900.0,OI1909
2019-04-15 10:02:00,7104,7104,7100,7101,622,296022,44193100.0,OI1909
2019-04-15 10:03:00,7101,7101,7092,7092,1018,295878,72328900.0,OI1909
2019-04-15 10:04:00,7093,7098,7093,7097,650,295924,46182500.0,OI1909
2019-04-15 10:05:00,7098,7099,7097,7097,390,296002,27709500.0,OI1909
2019-04-15 10:06:00,7098,7100,7097,7100,382,296032,27141100.0,OI1909
2019-04-15 10:07:00,7100,7100,7099,7100,104,296084,7389200.0,OI1909
2019-04-15 10:08:00,7100,7100,7097,7097,256,296120,18188800.0,OI1909
2019-04-15 10:09:00,7097,7098,7096,7097,326,296202,23162300.0,OI1909
2019-04-15 10:10:00,7097,7098,7096,7096,126,296186,8952300.0,OI1909
2019-04-15 10:11:00,7096,7100,7095,7099,466,296358,33109300.0,OI1909
2019-04-15 10:12:00,7099,7101,7098,7099,264,296468,18757200.0,OI1909
2019-04-15 10:13:00,7099,7099,7096,7096,236,296342,16767800.0,OI1909
2019-04-15 10:14:00,7096,7100,7096,7100,236,296296,16767800.0,OI1909
2019-04-15 10:30:00,7100,7101,7099,7099,444,296400,31546200.0,OI1909
2019-04-15 10:31:00,7099,7099,7098,7099,184,296466,13073200.0,OI1909
2019-04-15 10:32:00,7098,7102,7098,7100,304,296532,21599200.0,OI1909
2019-04-15 10:33:00,7099,7100,7099,7099,216,296576,15346800.0,OI1909
2019-04-15 10:34:00,7100,7100,7099,7100,76,296596,5399800.0,OI1909
2019-04-15 10:35:00,7099,7100,7096,7098,488,296646,34672400.0,OI1909
2019-04-15 10:36:00,7097,7098,7097,7098,64,296660,4547200.0,OI1909
2019-04-15 10:37:00,7098,7099,7097,7098,174,296672,12362700.0,OI1909
2019-04-15 10:38:00,7097,7097,7095,7096,258,296736,18330900.0,OI1909
2019-04-15 10:39:00,7097,7097,7096,7096,408,296790,28988400.0,OI1909
2019-04-15 10:40:00,7097,7101,7096,7100,472,296738,33535600.0,OI1909
2019-04-15 10:41:00,7100,7100,7096,7097,280,296728,19894000.0,OI1909
2019-04-15 10:42:00,7097,7097,7096,7097,348,296796,24725400.0,OI1909
2019-04-15 10:43:00,7097,7098,7096,7098,290,296846,20604500.0,OI1909
2019-04-15 10:44:00,7097,7097,7096,7097,104,296858,7389200.0,OI1909
2019-04-15 10:45:00,7097,7097,7095,7096,360,296800,25578000.0,OI1909
2019-04-15 10:46:00,7095,7097,7093,7093,580,296722,41209000.0,OI1909
2019-04-15 10:47:00,7093,7096,7093,7094,316,296772,22451800.0,OI1909
2019-04-15 10:48:00,7095,7095,7089,7090,1100,296624,78155000.0,OI1909
2019-04-15 10:49:00,7090,7092,7090,7091,592,296520,42061600.0,OI1909
2019-04-15 10:50:00,7091,7093,7091,7093,200,296552,14210000.0,OI1909
2019-04-15 10:51:00,7092,7093,7092,7092,346,296504,24583300.0,OI1909
2019-04-15 10:52:00,7091,7095,7091,7094,216,296536,15346800.0,OI1909
2019-04-15 10:53:00,7094,7095,7093,7093,206,296486,14636300.0,OI1909
2019-04-15 10:54:00,7094,7096,7094,7095,310,296534,22025500.0,OI1909
2019-04-15 10:55:00,7096,7096,7094,7095,192,296458,13641600.0,OI1909
2019-04-15 10:56:00,7095,7098,7095,7098,270,296464,19183500.0,OI1909
2019-04-15 10:57:00,7098,7098,7096,7097,270,296528,19183500.0,OI1909
2019-04-15 10:58:00,7096,7097,7094,7096,590,296492,41919500.0,OI1909
2019-04-15 10:59:00,7097,7097,7095,7095,106,296482,7531300.0,OI1909
2019-04-15 11:00:00,7095,7095,7091,7092,454,296508,32256700.0,OI1909
2019-04-15 11:01:00,7092,7094,7091,7093,436,296384,30977800.0,OI1909
2019-04-15 11:02:00,7093,7094,7085,7090,2006,296452,142526300.0,OI1909
2019-04-15 11:03:00,7090,7093,7089,7092,584,296608,41493200.0,OI1909
2019-04-15 11:04:00,7093,7093,7091,7092,236,296594,16767800.0,OI1909
2019-04-15 11:05:00,7092,7097,7091,7096,612,296494,43482600.0,OI1909
2019-04-15 11:06:00,7097,7097,7094,7096,378,296482,26856900.0,OI1909
2019-04-15 11:07:00,7095,7097,7095,7097,322,296440,22878100.0,OI1909
2019-04-15 11:08:00,7096,7097,7095,7096,182,296390,12931100.0,OI1909
2019-04-15 11:09:00,7095,7097,7095,7096,90,296414,6394500.0,OI1909
2019-04-15 11:10:00,7096,7096,7094,7094,254,296400,18046700.0,OI1909
2019-04-15 11:11:00,7094,7096,7094,7096,168,296290,11936400.0,OI1909
2019-04-15 11:12:00,7096,7096,7094,7094,136,296292,9662800.0,OI1909
2019-04-15 11:13:00,7094,7096,7094,7095,154,296258,10941700.0,OI1909
2019-04-15 11:14:00,7096,7097,7094,7094,250,296204,17762500.0,OI1909
2019-04-15 11:15:00,7093,7094,7091,7094,390,296186,27534440.0,OI1909
2019-04-15 11:16:00,7094,7094,7092,7092,218,296110,15486720.0,OI1909
2019-04-15 11:17:00,7092,7093,7091,7092,240,296160,17049600.0,OI1909
2019-04-15 11:18:00,7092,7092,7090,7091,370,296204,26284800.0,OI1909
2019-04-15 11:19:00,7091,7091,7090,7090,382,296166,27137280.0,OI1909
2019-04-15 11:20:00,7090,7093,7090,7093,250,296160,17760000.0,OI1909
2019-04-15 11:21:00,7093,7094,7091,7093,324,296120,23016960.0,OI1909
2019-04-15 11:22:00,7092,7093,7090,7091,264,296094,18754560.0,OI1909
2019-04-15 11:23:00,7092,7093,7091,7093,274,296056,19464960.0,OI1909
2019-04-15 11:24:00,7093,7095,7093,7095,192,296050,13639680.0,OI1909
2019-04-15 11:25:00,7095,7095,7093,7094,132,296058,9377280.0,OI1909
2019-04-15 11:26:00,7093,7093,7092,7093,172,296036,12218880.0,OI1909
2019-04-15 11:27:00,7094,7095,7094,7095,128,296008,9093120.0,OI1909
2019-04-15 11:28:00,7095,7097,7094,7097,400,296008,28416000.0,OI1909
2019-04-15 11:29:00,7098,7098,7095,7095,674,295898,47880960.0,OI1909
2019-04-15 13:30:00,7096,7096,7090,7094,838,295776,59531520.0,OI1909
2019-04-15 13:31:00,7095,7098,7095,7098,298,295928,21169920.0,OI1909
2019-04-15 13:32:00,7098,7098,7094,7095,320,296052,22732800.0,OI1909
2019-04-15 13:33:00,7094,7096,7093,7096,272,295976,19322880.0,OI1909
2019-04-15 13:34:00,7096,7098,7096,7097,258,296048,18328320.0,OI1909
2019-04-15 13:35:00,7098,7098,7094,7094,348,296052,24721920.0,OI1909
2019-04-15 13:36:00,7095,7097,7094,7097,200,296002,14208000.0,OI1909
2019-04-15 13:37:00,7096,7096,7095,7096,236,295962,16765440.0,OI1909
2019-04-15 13:38:00,7096,7096,7095,7095,160,295954,11366400.0,OI1909
2019-04-15 13:39:00,7096,7096,7095,7095,66,295966,4688640.0,OI1909
2019-04-15 13:40:00,7095,7096,7095,7096,106,295970,7530240.0,OI1909
2019-04-15 13:41:00,7095,7097,7095,7097,290,296074,20601600.0,OI1909
2019-04-15 13:42:00,7096,7097,7095,7096,128,296072,9093120.0,OI1909
2019-04-15 13:43:00,7095,7095,7092,7095,364,296042,25858560.0,OI1909
2019-04-15 13:44:00,7094,7096,7094,7096,156,296064,11082240.0,OI1909
2019-04-15 13:45:00,7096,7096,7093,7093,336,295942,23869440.0,OI1909
2019-04-15 13:46:00,7093,7093,7088,7089,1002,296074,71182080.0,OI1909
2019-04-15 13:47:00,7089,7093,7088,7092,410,296150,29126400.0,OI1909
2019-04-15 13:48:00,7091,7092,7090,7091,346,296302,24579840.0,OI1909
2019-04-15 13:49:00,7091,7091,7090,7091,210,296256,14918400.0,OI1909
2019-04-15 13:50:00,7090,7090,7086,7086,1798,296256,127729920.0,OI1909
2019-04-15 13:51:00,7086,7088,7081,7084,2084,296508,148047360.0,OI1909
2019-04-15 13:52:00,7085,7092,7085,7089,1262,296704,89652480.0,OI1909
2019-04-15 13:53:00,7089,7093,7089,7092,412,296748,29268480.0,OI1909
2019-04-15 13:54:00,7093,7093,7091,7091,394,296726,27989760.0,OI1909
2019-04-15 13:55:00,7091,7091,7088,7089,340,296704,24153600.0,OI1909
2019-04-15 13:56:00,7089,7091,7089,7090,312,296760,22164480.0,OI1909
2019-04-15 13:57:00,7088,7089,7083,7083,1144,297004,81269760.0,OI1909
2019-04-15 13:58:00,7082,7083,7073,7079,6664,295858,470775600.0,OI1909
2019-04-15 13:59:00,7079,7092,7078,7089,2064,295808,146605920.0,OI1909
2019-04-15 14:00:00,7088,7088,7084,7087,1502,295968,106687060.0,OI1909
2019-04-15 14:01:00,7087,7089,7086,7088,618,295996,43896540.0,OI1909
2019-04-15 14:02:00,7088,7088,7079,7081,1540,295722,109386200.0,OI1909
2019-04-15 14:03:00,7080,7082,7078,7080,1208,295344,83099960.0,OI1909
2019-04-15 14:04:00,7081,7083,7081,7082,710,295500,50424200.0,OI1909
2019-04-15 14:05:00,7082,7083,7079,7083,924,295682,65622480.0,OI1909
2019-04-15 14:06:00,7082,7083,7081,7082,390,295638,27697800.0,OI1909
2019-04-15 14:07:00,7083,7087,7082,7087,644,295692,45736880.0,OI1909
2019-04-15 14:08:00,7087,7090,7087,7089,1124,295568,79826480.0,OI1909
2019-04-15 14:09:00,7088,7088,7082,7083,364,295444,25851280.0,OI1909
2019-04-15 14:10:00,7082,7084,7081,7084,316,295356,22442320.0,OI1909
2019-04-15 14:11:00,7084,7084,7083,7083,154,295380,10937080.0,OI1909
2019-04-15 14:12:00,7083,7084,7082,7083,240,295356,17044800.0,OI1909
2019-04-15 14:13:00,7084,7085,7083,7084,210,295264,14914200.0,OI1909
2019-04-15 14:14:00,7085,7085,7081,7081,204,295264,14488080.0,OI1909
2019-04-15 14:15:00,7081,7082,7076,7081,1536,295448,109086720.0,OI1909
2019-04-15 14:16:00,7081,7083,7081,7083,302,295472,21448040.0,OI1909
2019-04-15 14:17:00,7082,7084,7082,7083,238,295402,16902760.0,OI1909
2019-04-15 14:18:00,7082,7083,7081,7082,212,295402,15056240.0,OI1909
2019-04-15 14:19:00,7082,7082,7080,7080,398,295312,28265960.0,OI1909
2019-04-15 14:20:00,7079,7080,7078,7079,258,295404,18323160.0,OI1909
2019-04-15 14:21:00,7078,7079,7076,7077,966,295572,68605320.0,OI1909
2019-04-15 14:22:00,7078,7079,7074,7077,1352,296022,96019040.0,OI1909
2019-04-15 14:23:00,7077,7081,7077,7079,482,295902,34231640.0,OI1909
2019-04-15 14:24:00,7080,7080,7078,7079,200,295926,14204000.0,OI1909
2019-04-15 14:25:00,7080,7080,7075,7076,750,296082,50440980.0,OI1909
2019-04-15 14:26:00,7076,7077,7074,7074,580,296048,41185800.0,OI1909
2019-04-15 14:27:00,7073,7076,7073,7075,752,296010,53399520.0,OI1909
2019-04-15 14:28:00,7075,7076,7073,7074,382,296020,27125820.0,OI1909
2019-04-15 14:29:00,7074,7077,7073,7076,600,295832,42606000.0,OI1909
2019-04-15 14:30:00,7076,7077,7071,7075,1530,295674,108645300.0,OI1909
2019-04-15 14:31:00,7074,7075,7069,7069,2142,295982,152103420.0,OI1909
2019-04-15 14:32:00,7069,7075,7068,7074,1520,295988,107935200.0,OI1909
2019-04-15 14:33:00,7075,7075,7071,7073,834,296246,59222340.0,OI1909
2019-04-15 14:34:00,7073,7075,7072,7075,406,296304,28830060.0,OI1909
2019-04-15 14:35:00,7074,7074,7071,7073,382,296426,27125820.0,OI1909
2019-04-15 14:36:00,7072,7072,7070,7072,602,296472,42748020.0,OI1909
2019-04-15 14:37:00,7072,7074,7071,7074,434,296422,27892680.0,OI1909
2019-04-15 14:38:00,7073,7075,7073,7075,338,296456,23998000.0,OI1909
2019-04-15 14:39:00,7076,7078,7074,7074,390,296450,27690000.0,OI1909
2019-04-15 14:40:00,7074,7074,7073,7074,412,296418,29252000.0,OI1909
2019-04-15 14:41:00,7074,7075,7073,7074,222,296486,15762000.0,OI1909
2019-04-15 14:42:00,7074,7075,7071,7073,416,296460,29536000.0,OI1909
2019-04-15 14:43:00,7072,7074,7072,7073,224,296452,15904000.0,OI1909
2019-04-15 14:44:00,7074,7074,7072,7072,384,296424,27264000.0,OI1909
2019-04-15 14:45:00,7072,7074,7071,7073,606,296490,43026000.0,OI1909
2019-04-15 14:46:00,7073,7077,7073,7077,652,296578,46292000.0,OI1909
2019-04-15 14:47:00,7077,7078,7075,7078,798,296554,56658000.0,OI1909
2019-04-15 14:48:00,7076,7082,7076,7079,1634,296570,116014000.0,OI1909
2019-04-15 14:49:00,7080,7081,7077,7077,1134,296486,80514000.0,OI1909
2019-04-15 14:50:00,7077,7079,7075,7077,1328,296450,94288000.0,OI1909
2019-04-15 14:51:00,7077,7077,7074,7074,504,296556,35784000.0,OI1909
2019-04-15 14:52:00,7075,7076,7073,7075,332,296604,23572000.0,OI1909
2019-04-15 14:53:00,7075,7077,7074,7076,550,296812,39050000.0,OI1909
2019-04-15 14:54:00,7075,7076,7071,7071,994,296542,70574000.0,OI1909
2019-04-15 14:55:00,7073,7074,7068,7069,1432,296314,98622840.0,OI1909
2019-04-15 14:56:00,7069,7070,7063,7064,2728,296194,193660720.0,OI1909
2019-04-15 14:57:00,7065,7065,7055,7062,4754,294898,337486460.0,OI1909
2019-04-15 14:58:00,7062,7068,7059,7060,4066,294212,285480700.0,OI1909
2019-04-15 14:59:00,7061,7061,7040,7042,9122,292006,644223700.0,OI1909
2019-04-15 21:00:00,7026,7026,7009,7017,9970,291102,699594900.0,OI1909
2019-04-15 21:01:00,7016,7018,7014,7015,3322,291126,233104740.0,OI1909
2019-04-15 21:02:00,7015,7017,6991,6995,11096,287976,776899160.0,OI1909
2019-04-15 21:03:00,6997,7003,6983,6986,6616,288034,462851480.0,OI1909
2019-04-15 21:04:00,6986,6989,6979,6981,7488,286942,522759560.0,OI1909
2019-04-15 21:05:00,6981,6991,6981,6991,6910,286230,482930160.0,OI1909
2019-04-15 21:06:00,6991,7001,6990,7001,5092,286022,356440000.0,OI1909
2019-04-15 21:07:00,7001,7007,7000,7004,4506,285424,315420000.0,OI1909
2019-04-15 21:08:00,7003,7017,7003,7016,4692,285160,329036920.0,OI1909
2019-04-15 21:09:00,7017,7017,7011,7011,2864,285232,200508640.0,OI1909
2019-04-15 21:10:00,7011,7013,7008,7012,1576,284858,110335760.0,OI1909
2019-04-15 21:11:00,7013,7014,7009,7011,1376,284500,96988840.0,OI1909
2019-04-15 21:12:00,7013,7013,7010,7011,1306,284254,91446120.0,OI1909
2019-04-15 21:13:00,7012,7012,7008,7012,956,284084,66939120.0,OI1909
2019-04-15 21:14:00,7012,7013,7007,7007,536,283942,37530720.0,OI1909
2019-04-15 21:15:00,7008,7009,7002,7003,1968,283562,137799360.0,OI1909
2019-04-15 21:16:00,7002,7003,6991,6993,4822,282918,337636440.0,OI1909
2019-04-15 21:17:00,6994,6996,6988,6988,3186,283074,222300900.0,OI1909
2019-04-15 21:18:00,6988,6992,6984,6985,2458,283288,172084580.0,OI1909
2019-04-15 21:19:00,6986,6992,6986,6990,1552,283270,108655520.0,OI1909
2019-04-15 21:20:00,6990,6994,6988,6988,1416,283212,98297080.0,OI1909
2019-04-15 21:21:00,6989,7000,6988,6996,3616,283074,253120000.0,OI1909
2019-04-15 21:22:00,6996,7002,6995,7002,1988,282742,139160000.0,OI1909
2019-04-15 21:23:00,7002,7007,6998,7005,2080,282622,145600000.0,OI1909
2019-04-15 21:24:00,7005,7008,7004,7006,1004,282686,70280000.0,OI1909
2019-04-15 21:25:00,7006,7006,7003,7004,878,282642,61460000.0,OI1909
2019-04-15 21:26:00,7006,7006,7003,7003,844,282718,59080000.0,OI1909
2019-04-15 21:27:00,7002,7005,7002,7004,694,282968,48580000.0,OI1909
2019-04-15 21:28:00,7005,7008,7004,7005,1870,282738,131866820.0,OI1909
2019-04-15 21:29:00,7005,7005,7001,7002,850,282792,59508500.0,OI1909
2019-04-15 21:30:00,7001,7005,6996,7005,2732,282342,191267320.0,OI1909
2019-04-15 21:31:00,7004,7009,7002,7003,2204,282482,154302040.0,OI1909
2019-04-15 21:32:00,7003,7004,7000,7001,806,282388,56428060.0,OI1909
2019-04-15 21:33:00,7000,7005,7000,7002,590,282356,41305900.0,OI1909
2019-04-15 21:34:00,7001,7005,7001,7004,526,282188,36825260.0,OI1909
2019-04-15 21:35:00,7003,7004,7003,7004,266,282152,18622660.0,OI1909
2019-04-15 21:36:00,7004,7004,7002,7002,420,282040,29404200.0,OI1909
2019-04-15 21:37:00,7002,7002,6998,6999,454,281990,31784540.0,OI1909
2019-04-15 21:38:00,7000,7004,6999,7003,632,282050,44246320.0,OI1909
2019-04-15 21:39:00,7003,7004,7002,7002,370,282044,25903700.0,OI1909
2019-04-15 21:40:00,7001,7002,6999,7001,530,282010,37105300.0,OI1909
2019-04-15 21:41:00,7001,7003,7001,7002,278,281976,19462780.0,OI1909
2019-04-15 21:42:00,7003,7003,6998,6998,738,281930,51667380.0,OI1909
2019-04-15 21:43:00,6999,7010,6999,7008,2384,282006,166903840.0,OI1909
2019-04-15 21:44:00,7008,7014,7007,7012,1920,281824,134419200.0,OI1909
2019-04-15 21:45:00,7017,7028,7013,7026,5912,282118,415082060.0,OI1909
2019-04-15 21:46:00,7026,7033,7025,7028,5610,282904,394051240.0,OI1909
2019-04-15 21:47:00,7028,7028,7025,7025,1350,282654,94540500.0,OI1909
2019-04-15 21:48:00,7025,7027,7024,7027,738,282568,52942060.0,OI1909
2019-04-15 21:49:00,7026,7027,7020,7022,2036,282484,142601440.0,OI1909
2019-04-15 21:50:00,7022,7024,7020,7021,970,282348,67938800.0,OI1909
2019-04-15 21:51:00,7021,7022,7020,7021,362,282338,25354480.0,OI1909
2019-04-15 21:52:00,7021,7021,7017,7020,736,282158,51549440.0,OI1909
2019-04-15 21:53:00,7020,7020,7016,7016,502,282160,35160080.0,OI1909
2019-04-15 21:54:00,7016,7018,7015,7018,596,282092,41743840.0,OI1909
2019-04-15 21:55:00,7019,7021,7018,7018,2016,281840,141200640.0,OI1909
2019-04-15 21:56:00,7019,7021,7019,7020,404,281758,29632300.0,OI1909
2019-04-15 21:57:00,7020,7021,7019,7019,258,281758,18072900.0,OI1909
2019-04-15 21:58:00,7020,7021,7019,7019,390,281708,27319500.0,OI1909
2019-04-15 21:59:00,7019,7020,7018,7018,576,281740,40348800.0,OI1909
2019-04-15 22:00:00,7017,7018,7014,7015,1526,281812,106896300.0,OI1909
2019-04-15 22:01:00,7016,7018,7014,7018,450,281880,31522500.0,OI1909
2019-04-15 22:02:00,7018,7018,7016,7016,126,281874,8826300.0,OI1909
2019-04-15 22:03:00,7018,7019,7017,7018,330,281824,23116500.0,OI1909
2019-04-15 22:04:00,7018,7019,7018,7018,308,281780,21575400.0,OI1909
2019-04-15 22:05:00,7017,7018,7017,7017,136,281798,9526800.0,OI1909
2019-04-15 22:06:00,7017,7018,7016,7017,188,281774,13169400.0,OI1909
2019-04-15 22:07:00,7017,7018,7016,7016,446,281724,31242300.0,OI1909
2019-04-15 22:08:00,7015,7017,7015,7015,138,281736,9666900.0,OI1909
2019-04-15 22:09:00,7016,7017,7015,7016,180,281770,12609000.0,OI1909
2019-04-15 22:10:00,7017,7017,7014,7016,372,281900,26058600.0,OI1909
2019-04-15 22:11:00,7016,7017,7016,7016,122,281902,8546100.0,OI1909
2019-04-15 22:12:00,7016,7017,7015,7017,184,281892,12889200.0,OI1909
2019-04-15 22:13:00,7018,7018,7016,7017,192,281928,13449600.0,OI1909
2019-04-15 22:14:00,7017,7018,7017,7017,32,281926,2241600.0,OI1909
2019-04-15 22:15:00,7016,7020,7016,7019,386,281852,27039300.0,OI1909
2019-04-15 22:16:00,7019,7019,7018,7019,168,281938,11768400.0,OI1909
2019-04-15 22:17:00,7018,7020,7018,7020,340,281828,23817000.0,OI1909
2019-04-15 22:18:00,7020,7020,7018,7019,180,281796,12609000.0,OI1909
2019-04-15 22:19:00,7019,7020,7018,7020,372,281796,26058600.0,OI1909
2019-04-15 22:20:00,7019,7023,7019,7022,944,281604,66127200.0,OI1909
2019-04-15 22:21:00,7022,7022,7020,7021,284,281514,19894200.0,OI1909
2019-04-15 22:22:00,7021,7021,7017,7018,304,281418,21295200.0,OI1909
2019-04-15 22:23:00,7018,7018,7016,7017,290,281360,20314500.0,OI1909
2019-04-15 22:24:00,7017,7018,7015,7016,386,281328,27039300.0,OI1909
2019-04-15 22:25:00,7017,7017,7014,7015,270,281350,18913500.0,OI1909
2019-04-15 22:26:00,7015,7017,7015,7016,208,281392,14570400.0,OI1909
2019-04-15 22:27:00,7017,7017,7014,7016,400,281452,28020000.0,OI1909
2019-04-15 22:28:00,7016,7017,7015,7015,150,281408,10507500.0,OI1909
2019-04-15 22:29:00,7015,7015,7013,7014,544,281480,39555140.0,OI1909
2019-04-15 22:30:00,7014,7016,7014,7016,182,281432,12750920.0,OI1909
2019-04-15 22:31:00,7016,7019,7015,7018,586,281326,41055160.0,OI1909
2019-04-15 22:32:00,7018,7019,7016,7019,358,281248,25081480.0,OI1909
2019-04-15 22:33:00,7019,7020,7017,7019,1466,280514,102707960.0,OI1909
2019-04-15 22:34:00,7018,7022,7018,7020,1088,280202,76225280.0,OI1909
2019-04-15 22:35:00,7020,7022,7018,7019,546,280074,38252760.0,OI1909
2019-04-15 22:36:00,7019,7021,7019,7021,306,279982,21438360.0,OI1909
2019-04-15 22:37:00,7021,7021,7019,7021,366,279744,25641960.0,OI1909
2019-04-15 22:38:00,7020,7020,7017,7017,306,279560,21438360.0,OI1909
2019-04-15 22:39:00,7018,7021,7017,7021,430,279530,30125800.0,OI1909
2019-04-15 22:40:00,7021,7021,7019,7020,440,279338,30826400.0,OI1909
2019-04-15 22:41:00,7020,7020,7018,7019,116,279342,8126960.0,OI1909
2019-04-15 22:42:00,7019,7019,7017,7017,380,279134,26622800.0,OI1909
2019-04-15 22:43:00,7017,7017,7013,7015,714,279006,50022840.0,OI1909
2019-04-15 22:44:00,7015,7016,7013,7014,476,278924,33348560.0,OI1909
2019-04-15 22:45:00,7013,7015,7012,7014,548,278886,38392880.0,OI1909
2019-04-15 22:46:00,7014,7015,7012,7015,318,278834,22279080.0,OI1909
2019-04-15 22:47:00,7014,7018,7014,7017,192,278776,13451520.0,OI1909
2019-04-15 22:48:00,7016,7020,7016,7017,310,278736,21718600.0,OI1909
2019-04-15 22:49:00,7017,7018,7015,7018,268,278780,18776080.0,OI1909
2019-04-15 22:50:00,7016,7017,7015,7015,50,278774,3503000.0,OI1909
2019-04-15 22:51:00,7015,7017,7015,7015,118,278754,8267080.0,OI1909
2019-04-15 22:52:00,7015,7015,7013,7013,334,278696,23400040.0,OI1909
2019-04-15 22:53:00,7014,7016,7014,7016,180,278680,12610800.0,OI1909
2019-04-15 22:54:00,7015,7015,7014,7015,98,278692,6865880.0,OI1909
2019-04-15 22:55:00,7015,7015,7014,7015,204,278798,14292240.0,OI1909
2019-04-15 22:56:00,7014,7015,7013,7015,126,278758,8827560.0,OI1909
2019-04-15 22:57:00,7014,7014,7012,7012,522,278746,36571320.0,OI1909
2019-04-15 22:58:00,7012,7013,7011,7012,878,278870,61512680.0,OI1909
2019-04-15 22:59:00,7013,7013,7010,7010,274,278904,19196440.0,OI1909
2019-04-15 23:00:00,7011,7017,7010,7017,752,278962,52685120.0,OI1909
2019-04-15 23:01:00,7016,7016,7014,7014,98,278972,6865880.0,OI1909
2019-04-15 23:02:00,7014,7014,7013,7014,124,278960,8687440.0,OI1909
2019-04-15 23:03:00,7014,7016,7014,7014,98,278974,6865880.0,OI1909
2019-04-15 23:04:00,7015,7016,7015,7015,82,278944,5744920.0,OI1909
2019-04-15 23:05:00,7015,7015,7015,7015,190,278938,13311400.0,OI1909
2019-04-15 23:06:00,7015,7015,7014,7014,48,278934,3362880.0,OI1909
2019-04-15 23:07:00,7014,7015,7014,7015,22,278918,1541320.0,OI1909
2019-04-15 23:08:00,7015,7015,7012,7013,250,278900,17515000.0,OI1909
2019-04-15 23:09:00,7013,7014,7013,7014,172,278960,12050320.0,OI1909
2019-04-15 23:10:00,7013,7013,7011,7012,168,278958,11770080.0,OI1909
2019-04-15 23:11:00,7012,7012,7010,7012,198,279016,13871880.0,OI1909
2019-04-15 23:12:00,7011,7014,7011,7014,106,279002,7426360.0,OI1909
2019-04-15 23:13:00,7014,7015,7013,7014,88,278996,6165280.0,OI1909
2019-04-15 23:14:00,7013,7013,7012,7013,122,279046,8547320.0,OI1909
2019-04-15 23:15:00,7011,7013,7011,7013,100,278984,7006000.0,OI1909
2019-04-15 23:16:00,7012,7013,7012,7012,98,278990,6865880.0,OI1909
2019-04-15 23:17:00,7013,7013,7011,7012,182,278950,14349640.0,OI1909
2019-04-15 23:18:00,7012,7013,7011,7012,124,278978,8688680.0,OI1909
2019-04-15 23:19:00,7011,7012,7011,7011,164,278978,11491480.0,OI1909
2019-04-15 23:20:00,7011,7012,7011,7012,62,278950,4344340.0,OI1909
2019-04-15 23:21:00,7012,7014,7012,7014,78,278892,5465460.0,OI1909
2019-04-15 23:22:00,7014,7014,7013,7013,66,278878,4624620.0,OI1909
2019-04-15 23:23:00,7013,7013,7011,7011,40,278874,2802800.0,OI1909
2019-04-15 23:24:00,7011,7012,7011,7011,122,278800,8548540.0,OI1909
2019-04-15 23:25:00,7010,7012,7010,7010,194,278758,13593580.0,OI1909
2019-04-15 23:26:00,7010,7012,7010,7011,184,278698,12892880.0,OI1909
2019-04-15 23:27:00,7011,7012,7010,7012,162,278672,11351340.0,OI1909
2019-04-15 23:28:00,7013,7013,7011,7013,184,278616,12892880.0,OI1909
2019-04-15 23:29:00,7012,7014,7010,7012,640,278330,44844800.0,OI1909
2019-04-16 09:00:00,7012,7015,7010,7010,1388,278536,97257160.0,OI1909
2019-04-16 09:01:00,7011,7011,7008,7008,1204,278572,84364280.0,OI1909
2019-04-16 09:02:00,7009,7009,7007,7008,1006,278794,70490420.0,OI1909
2019-04-16 09:03:00,7008,7008,7006,7007,1408,279216,98658560.0,OI1909
2019-04-16 09:04:00,7008,7008,7006,7006,1556,279748,109028920.0,OI1909
2019-04-16 09:05:00,7006,7007,7004,7006,1078,279700,75535460.0,OI1909
2019-04-16 09:06:00,7006,7008,7004,7007,854,279902,59839780.0,OI1909
2019-04-16 09:07:00,7007,7008,7004,7007,730,280090,51151100.0,OI1909
2019-04-16 09:08:00,7007,7007,7005,7005,488,280130,34194160.0,OI1909
2019-04-16 09:09:00,7005,7006,7001,7003,1394,280600,97677580.0,OI1909
2019-04-16 09:10:00,7003,7005,7002,7004,676,280646,47367320.0,OI1909
2019-04-16 09:11:00,7003,7003,6997,7000,1892,280976,132572440.0,OI1909
2019-04-16 09:12:00,7000,7002,6997,7001,806,281070,57109020.0,OI1909
2019-04-16 09:13:00,7001,7001,6992,6994,1738,281278,121764280.0,OI1909
2019-04-16 09:14:00,6993,7000,6993,7000,1466,281512,102707960.0,OI1909
2019-04-16 09:15:00,6999,7003,6997,7002,1654,282104,115879240.0,OI1909
2019-04-16 09:16:00,7002,7003,7000,7003,526,282218,36851560.0,OI1909
2019-04-16 09:17:00,7003,7004,7001,7004,1286,282338,90097160.0,OI1909
2019-04-16 09:18:00,7002,7003,7001,7002,328,282366,22979680.0,OI1909
2019-04-16 09:19:00,7001,7002,7000,7000,410,282278,28724600.0,OI1909
2019-04-16 09:20:00,7001,7003,7000,7003,386,282196,27043160.0,OI1909
2019-04-16 09:21:00,7003,7004,7001,7002,990,282108,69359400.0,OI1909
2019-04-16 09:22:00,7001,7003,7001,7002,300,282158,21018000.0,OI1909
2019-04-16 09:23:00,7001,7002,7000,7000,274,282100,19196440.0,OI1909
2019-04-16 09:24:00,7001,7001,6998,6999,1096,281782,76785760.0,OI1909
2019-04-16 09:25:00,6999,7000,6998,7000,234,281788,16394040.0,OI1909
2019-04-16 09:26:00,6999,6999,6998,6998,286,281748,20037160.0,OI1909
2019-04-16 09:27:00,6998,6999,6997,6998,380,281682,26622800.0,OI1909
2019-04-16 09:28:00,6997,6997,6995,6996,628,281804,43997680.0,OI1909
2019-04-16 09:29:00,6996,6996,6994,6995,218,281866,15273080.0,OI1909
2019-04-16 09:30:00,6994,7000,6993,7000,956,281962,66977360.0,OI1909
2019-04-16 09:31:00,7000,7001,6998,6998,576,281980,40354560.0,OI1909
2019-04-16 09:32:00,6999,6999,6998,6998,342,281866,23960520.0,OI1909
2019-04-16 09:33:00,6998,6999,6996,6997,448,281816,31386880.0,OI1909
2019-04-16 09:34:00,6997,6997,6996,6997,186,281762,13031160.0,OI1909
2019-04-16 09:35:00,6996,6997,6995,6996,242,281732,16954520.0,OI1909
2019-04-16 09:36:00,6997,6997,6995,6995,270,281698,18916200.0,OI1909
2019-04-16 09:37:00,6995,6999,6995,6999,534,281798,37412040.0,OI1909
2019-04-16 09:38:00,6998,6998,6997,6997,382,281864,26762920.0,OI1909
2019-04-16 09:39:00,6997,6999,6996,6999,246,281800,17234760.0,OI1909
2019-04-16 09:40:00,6998,6999,6997,6999,196,281856,13731760.0,OI1909
2019-04-16 09:41:00,6998,7000,6998,6999,1284,281834,89957040.0,OI1909
2019-04-16 09:42:00,6999,7000,6998,6998,274,281802,19196440.0,OI1909
2019-04-16 09:43:00,6998,6999,6998,6999,68,281780,4764080.0,OI1909
2019-04-16 09:44:00,6999,7000,6998,6999,452,281650,31667120.0,OI1909
2019-04-16 09:45:00,6998,7000,6998,6998,780,281646,54646800.0,OI1909
2019-04-16 09:46:00,6998,7000,6998,7000,120,281658,8407200.0,OI1909
2019-04-16 09:47:00,6999,6999,6996,6997,414,281622,29004840.0,OI1909
2019-04-16 09:48:00,6998,6999,6997,6997,162,281588,11349720.0,OI1909
2019-04-16 09:49:00,6998,6998,6997,6998,82,281580,5744920.0,OI1909
2019-04-16 09:50:00,6998,6998,6997,6997,36,281570,2522160.0,OI1909
2019-04-16 09:51:00,6998,6998,6996,6996,314,281506,21998840.0,OI1909
2019-04-16 09:52:00,6995,6997,6994,6997,658,281226,46099480.0,OI1909
2019-04-16 09:53:00,6996,6997,6995,6996,216,281246,15132960.0,OI1909
2019-04-16 09:54:00,6997,6997,6996,6996,104,281268,7286240.0,OI1909
2019-04-16 09:55:00,6996,6998,6996,6997,176,281364,12330560.0,OI1909
2019-04-16 09:56:00,6997,6998,6996,6998,134,281352,9388040.0,OI1909
2019-04-16 09:57:00,6998,6999,6997,6998,416,281258,29144960.0,OI1909
2019-04-16 09:58:00,6999,6999,6998,6999,270,281356,18916200.0,OI1909
2019-04-16 09:59:00,6999,7000,6998,6999,534,281432,37412040.0,OI1909
2019-04-16 10:00:00,6999,6999,6996,6996,642,281468,44978520.0,OI1909
2019-04-16 10:01:00,6996,6998,6996,6996,506,281498,35450360.0,OI1909
2019-04-16 10:02:00,6996,6997,6994,6997,348,281490,24380880.0,OI1909
2019-04-16 10:03:00,6997,6998,6996,6998,664,281504,44503800.0,OI1909
2019-04-16 10:04:00,6997,6998,6996,6997,270,281546,18913500.0,OI1909
2019-04-16 10:05:00,6996,6998,6996,6996,388,281284,27179400.0,OI1909
2019-04-16 10:06:00,6996,6998,6994,6997,728,281452,50996400.0,OI1909
2019-04-16 10:07:00,6997,6998,6997,6998,158,281460,11067900.0,OI1909
2019-04-16 10:08:00,6998,6998,6995,6997,476,281328,33343800.0,OI1909
2019-04-16 10:09:00,6997,6998,6996,6997,314,281244,21995700.0,OI1909
2019-04-16 10:10:00,6997,6998,6996,6997,1082,280936,75794100.0,OI1909
2019-04-16 10:11:00,6997,6999,6997,6998,278,280914,19473900.0,OI1909
2019-04-16 10:12:00,6999,6999,6997,6999,340,280784,23817000.0,OI1909
2019-04-16 10:13:00,6998,6999,6998,6999,818,280210,57300900.0,OI1909
2019-04-16 10:14:00,6998,7000,6998,7000,648,279804,45392400.0,OI1909
2019-04-16 10:30:00,6999,7002,6998,6999,4484,278084,314104200.0,OI1909
2019-04-16 10:31:00,6998,7001,6998,6999,1126,277780,78876300.0,OI1909
2019-04-16 10:32:00,6999,7000,6997,6998,660,277736,46233000.0,OI1909
2019-04-16 10:33:00,6998,6999,6997,6998,584,277608,40909200.0,OI1909
2019-04-16 10:34:00,6997,6998,6996,6998,398,277588,27879900.0,OI1909
2019-04-16 10:35:00,6998,6999,6997,6999,238,277638,16671900.0,OI1909
2019-04-16 10:36:00,6999,7000,6998,6999,776,277514,54358800.0,OI1909
2019-04-16 10:37:00,6998,7000,6998,7000,270,277466,18913500.0,OI1909
2019-04-16 10:38:00,7000,7001,6999,7000,792,277260,55479600.0,OI1909
2019-04-16 10:39:00,7001,7002,7000,7000,660,277430,46233000.0,OI1909
2019-04-16 10:40:00,7001,7004,7000,7004,1092,277068,76494600.0,OI1909
2019-04-16 10:41:00,7004,7004,7002,7003,364,277012,25498200.0,OI1909
2019-04-16 10:42:00,7004,7007,7004,7005,1944,276272,136177200.0,OI1909
2019-04-16 10:43:00,7005,7008,7003,7007,1142,276028,79997100.0,OI1909
2019-04-16 10:44:00,7008,7009,7003,7003,1172,276246,82098600.0,OI1909
2019-04-16 10:45:00,7004,7006,7003,7004,490,276058,34324500.0,OI1909
2019-04-16 10:46:00,7005,7007,7004,7007,304,276060,21295200.0,OI1909
2019-04-16 10:47:00,7007,7011,7007,7011,1106,275936,77475300.0,OI1909
2019-04-16 10:48:00,7011,7011,7008,7009,386,275790,27039300.0,OI1909
2019-04-16 10:49:00,7009,7010,7008,7008,252,275782,17652600.0,OI1909
2019-04-16 10:50:00,7008,7008,7006,7006,230,275662,16111500.0,OI1909
2019-04-16 10:51:00,7006,7008,7006,7008,234,275626,16391700.0,OI1909
2019-04-16 10:52:00,7008,7009,7006,7006,202,275618,14150100.0,OI1909
2019-04-16 10:53:00,7007,7007,7005,7005,284,275510,19894200.0,OI1909
2019-04-16 10:54:00,7005,7005,7003,7003,204,275566,14290200.0,OI1909
2019-04-16 10:55:00,7003,7003,6998,6999,1096,275420,76774800.0,OI1909
2019-04-16 10:56:00,7000,7000,6998,6999,606,275306,42450300.0,OI1909
2019-04-16 10:57:00,6998,7000,6998,6998,406,275224,28440300.0,OI1909
2019-04-16 10:58:00,6997,6999,6996,6996,794,274986,55619700.0,OI1909
2019-04-16 10:59:00,6996,6997,6994,6996,808,274940,56600400.0,OI1909
2019-04-16 11:00:00,6996,6996,6991,6995,950,274932,66547500.0,OI1909
2019-04-16 11:01:00,6995,6999,6995,6998,714,274860,50015700.0,OI1909
2019-04-16 11:02:00,6998,7000,6997,7000,798,274972,55899900.0,OI1909
2019-04-16 11:03:00,7000,7000,6995,6996,658,275056,46092900.0,OI1909
2019-04-16 11:04:00,6996,6999,6996,6999,276,274984,19333800.0,OI1909
2019-04-16 11:05:00,6997,6999,6996,6998,812,275576,56880600.0,OI1909
2019-04-16 11:06:00,6998,6998,6996,6996,264,275688,18493200.0,OI1909
2019-04-16 11:07:00,6996,6997,6995,6997,174,275712,12188700.0,OI1909
2019-04-16 11:08:00,6996,6997,6996,6997,118,275686,8265900.0,OI1909
2019-04-16 11:09:00,6997,6998,6995,6995,240,275780,16812000.0,OI1909
2019-04-16 11:10:00,6995,6996,6994,6995,402,275826,28160100.0,OI1909
2019-04-16 11:11:00,6995,6995,6993,6993,292,275912,20454600.0,OI1909
2019-04-16 11:12:00,6994,6998,6994,6996,426,276026,29841300.0,OI1909
2019-04-16 11:13:00,6996,6997,6993,6993,700,276012,49035000.0,OI1909
2019-04-16 11:14:00,6992,6996,6992,6996,360,275918,25218000.0,OI1909
2019-04-16 11:15:00,6995,6996,6995,6996,80,275916,5604000.0,OI1909
2019-04-16 11:16:00,6996,6998,6996,6998,156,275966,10927800.0,OI1909
2019-04-16 11:17:00,6998,7000,6998,6999,208,275988,14570400.0,OI1909
2019-04-16 11:18:00,6999,6999,6997,6997,256,276048,17932800.0,OI1909
2019-04-16 11:19:00,6998,7000,6998,6998,440,276050,30822000.0,OI1909
2019-04-16 11:20:00,6999,7004,6998,7003,1216,276066,85180800.0,OI1909
2019-04-16 11:21:00,7004,7009,7004,7006,1868,275884,130853400.0,OI1909
2019-04-16 11:22:00,7007,7007,7005,7007,504,275914,35305200.0,OI1909
2019-04-16 11:23:00,7006,7010,7006,7009,802,275960,56180100.0,OI1909
2019-04-16 11:24:00,7009,7010,7007,7008,394,276070,27599700.0,OI1909
2019-04-16 11:25:00,7008,7010,7008,7009,320,276046,22416000.0,OI1909
2019-04-16 11:26:00,7010,7015,7008,7014,886,275868,62064300.0,OI1909
2019-04-16 11:27:00,7013,7014,7011,7012,684,275612,47914200.0,OI1909
2019-04-16 11:28:00,7012,7013,7011,7012,492,275498,34464600.0,OI1909
2019-04-16 11:29:00,7011,7014,7011,7012,464,275342,32503200.0,OI1909
2019-04-16 13:30:00,7012,7023,7012,7021,2254,275418,157892700.0,OI1909
2019-04-16 13:31:00,7020,7021,7017,7018,964,275414,67528200.0,OI1909
2019-04-16 13:32:00,7018,7022,7018,7020,1008,275552,70610400.0,OI1909
2019-04-16 13:33:00,7019,7023,7019,7023,836,275484,58561800.0,OI1909
2019-04-16 13:34:00,7023,7026,7021,7024,1208,275508,84620400.0,OI1909
2019-04-16 13:35:00,7024,7025,7022,7024,1266,275532,88683300.0,OI1909
2019-04-16 13:36:00,7024,7025,7021,7022,834,275458,58421700.0,OI1909
2019-04-16 13:37:00,7022,7022,7020,7020,304,275484,21295200.0,OI1909
2019-04-16 13:38:00,7020,7022,7020,7020,712,275394,49875600.0,OI1909
2019-04-16 13:39:00,7020,7024,7020,7022,526,275456,36846300.0,OI1909
2019-04-16 13:40:00,7022,7023,7020,7020,528,275484,36986400.0,OI1909
2019-04-16 13:41:00,7020,7022,7020,7021,166,275494,11628300.0,OI1909
2019-04-16 13:42:00,7021,7023,7021,7022,230,275442,16111500.0,OI1909
2019-04-16 13:43:00,7023,7025,7022,7024,320,275582,22416000.0,OI1909
2019-04-16 13:44:00,7024,7024,7022,7022,350,275730,24517500.0,OI1909
2019-04-16 13:45:00,7023,7029,7022,7028,1068,276098,77400760.0,OI1909
2019-04-16 13:46:00,7029,7041,7027,7038,3852,276266,269871120.0,OI1909
2019-04-16 13:47:00,7038,7041,7035,7039,2356,276596,165061360.0,OI1909
2019-04-16 13:48:00,7039,7043,7037,7042,2166,276552,154421060.0,OI1909
2019-04-16 13:49:00,7042,7045,7041,7042,2092,276532,146586440.0,OI1909
2019-04-16 13:50:00,7042,7042,7036,7036,1758,276170,123183060.0,OI1909
2019-04-16 13:51:00,7036,7042,7036,7037,984,276190,68948880.0,OI1909
2019-04-16 13:52:00,7036,7038,7035,7038,1006,276122,70490420.0,OI1909
2019-04-16 13:53:00,7037,7039,7037,7037,710,276128,49749700.0,OI1909
2019-04-16 13:54:00,7037,7040,7037,7039,324,276028,22702680.0,OI1909
2019-04-16 13:55:00,7039,7046,7039,7043,1418,276230,102113280.0,OI1909
2019-04-16 13:56:00,7043,7043,7039,7041,838,276318,58727040.0,OI1909
2019-04-16 13:57:00,7042,7049,7041,7047,1808,276794,126704640.0,OI1909
2019-04-16 13:58:00,7047,7050,7044,7050,1304,276850,91384320.0,OI1909
2019-04-16 13:59:00,7050,7053,7047,7048,2572,277120,180245760.0,OI1909
2019-04-16 14:00:00,7047,7048,7043,7044,1308,276816,94496960.0,OI1909
2019-04-16 14:01:00,7045,7045,7044,7045,250,276848,17522500.0,OI1909
2019-04-16 14:02:00,7046,7046,7044,7044,408,276836,28596720.0,OI1909
2019-04-16 14:03:00,7044,7044,7042,7042,506,276810,35465540.0,OI1909
2019-04-16 14:04:00,7042,7045,7041,7044,428,276818,29998520.0,OI1909
2019-04-16 14:05:00,7044,7046,7041,7043,1136,276596,79622240.0,OI1909
2019-04-16 14:06:00,7043,7044,7041,7041,430,276518,30138700.0,OI1909
2019-04-16 14:07:00,7041,7042,7036,7038,1670,276278,117050300.0,OI1909
2019-04-16 14:08:00,7037,7039,7031,7031,1360,275810,95322400.0,OI1909
2019-04-16 14:09:00,7030,7034,7029,7031,1660,275576,116349400.0,OI1909
2019-04-16 14:10:00,7031,7033,7029,7033,1304,275324,94321200.0,OI1909
2019-04-16 14:11:00,7033,7033,7027,7028,968,275130,67856800.0,OI1909
2019-04-16 14:12:00,7028,7031,7027,7030,578,274956,40517800.0,OI1909
2019-04-16 14:13:00,7030,7032,7030,7032,340,274998,23834000.0,OI1909
2019-04-16 14:14:00,7033,7035,7032,7033,450,275044,31545000.0,OI1909
2019-04-16 14:15:00,7034,7035,7032,7033,440,274990,30844000.0,OI1909
2019-04-16 14:16:00,7033,7033,7029,7030,446,274990,31264600.0,OI1909
2019-04-16 14:17:00,7030,7031,7028,7031,332,275042,23273200.0,OI1909
2019-04-16 14:18:00,7031,7033,7030,7033,142,275056,9954200.0,OI1909
2019-04-16 14:19:00,7033,7036,7033,7034,462,275014,32386200.0,OI1909
2019-04-16 14:20:00,7034,7036,7034,7035,292,275088,20469200.0,OI1909
2019-04-16 14:21:00,7034,7034,7031,7032,328,275122,22992800.0,OI1909
2019-04-16 14:22:00,7032,7032,7030,7031,178,275188,12477800.0,OI1909
2019-04-16 14:23:00,7031,7032,7030,7031,308,275200,21590800.0,OI1909
2019-04-16 14:24:00,7031,7032,7030,7032,172,275246,12057200.0,OI1909
2019-04-16 14:25:00,7031,7031,7029,7030,388,275242,27198800.0,OI1909
2019-04-16 14:26:00,7031,7033,7030,7032,208,275288,14580800.0,OI1909
2019-04-16 14:27:00,7032,7032,7031,7032,222,275304,15562200.0,OI1909
2019-04-16 14:28:00,7033,7036,7033,7035,354,275334,24815400.0,OI1909
2019-04-16 14:29:00,7036,7039,7035,7037,684,275318,47948400.0,OI1909
2019-04-16 14:30:00,7037,7043,7037,7040,948,275214,66454800.0,OI1909
2019-04-16 14:31:00,7040,7040,7037,7039,320,275164,22432000.0,OI1909
2019-04-16 14:32:00,7038,7040,7036,7037,1020,275534,71502000.0,OI1909
2019-04-16 14:33:00,7037,7039,7036,7039,290,275536,20329000.0,OI1909
2019-04-16 14:34:00,7039,7045,7039,7044,738,275614,51733800.0,OI1909
2019-04-16 14:35:00,7045,7045,7042,7044,428,275622,30002800.0,OI1909
2019-04-16 14:36:00,7045,7045,7041,7041,232,275584,16263200.0,OI1909
2019-04-16 14:37:00,7042,7043,7041,7041,166,275638,14674780.0,OI1909
2019-04-16 14:38:00,7042,7042,7040,7040,340,275638,23837400.0,OI1909
2019-04-16 14:39:00,7040,7042,7038,7039,328,275668,22996080.0,OI1909
2019-04-16 14:40:00,7039,7040,7037,7038,484,275814,33933240.0,OI1909
2019-04-16 14:41:00,7039,7039,7038,7038,200,275790,14022000.0,OI1909
2019-04-16 14:42:00,7038,7040,7038,7040,268,275716,18789480.0,OI1909
2019-04-16 14:43:00,7039,7041,7039,7040,200,275692,14022000.0,OI1909
2019-04-16 14:44:00,7040,7041,7039,7041,196,275590,13741560.0,OI1909
2019-04-16 14:45:00,7041,7043,7041,7042,218,275550,15283980.0,OI1909
2019-04-16 14:46:00,7043,7044,7040,7041,372,275546,26080920.0,OI1909
2019-04-16 14:47:00,7041,7046,7041,7043,664,275712,46553040.0,OI1909
2019-04-16 14:48:00,7042,7044,7041,7043,334,275686,23416740.0,OI1909
2019-04-16 14:49:00,7043,7043,7037,7039,462,275638,32390820.0,OI1909
2019-04-16 14:50:00,7040,7044,7040,7044,632,275562,44309520.0,OI1909
2019-04-16 14:51:00,7044,7045,7042,7043,650,275484,45571500.0,OI1909
2019-04-16 14:52:00,7043,7043,7041,7043,402,275428,28184220.0,OI1909
2019-04-16 14:53:00,7041,7044,7041,7043,524,275480,36737640.0,OI1909
2019-04-16 14:54:00,7043,7044,7039,7042,610,275252,42767100.0,OI1909
2019-04-16 14:55:00,7042,7042,7035,7036,1050,274830,73615500.0,OI1909
2019-04-16 14:56:00,7036,7037,7031,7031,1526,274402,106987860.0,OI1909
2019-04-16 14:57:00,7032,7032,7029,7031,1362,273934,95489820.0,OI1909
2019-04-16 14:58:00,7030,7032,7030,7032,844,273660,62327680.0,OI1909
2019-04-16 14:59:00,7031,7036,7030,7034,1224,273100,85826880.0,OI1909
2019-04-16 21:00:00,7027,7032,7025,7028,1976,273536,138873280.0,OI1909
2019-04-16 21:01:00,7028,7035,7028,7030,992,273500,69747440.0,OI1909
2019-04-16 21:02:00,7030,7030,7027,7030,762,273578,53560980.0,OI1909
2019-04-16 21:03:00,7029,7035,7029,7035,612,273710,43060900.0,OI1909
2019-04-16 21:04:00,7036,7036,7031,7035,678,273908,47663400.0,OI1909
2019-04-16 21:05:00,7034,7038,7032,7036,886,274258,62344860.0,OI1909
2019-04-16 21:06:00,7036,7038,7035,7037,716,274346,50408180.0,OI1909
2019-04-16 21:07:00,7037,7046,7037,7045,1406,274984,98950200.0,OI1909
2019-04-16 21:08:00,7045,7057,7044,7052,3750,275694,264444180.0,OI1909
2019-04-16 21:09:00,7052,7059,7051,7055,3350,276208,236260340.0,OI1909
2019-04-16 21:10:00,7056,7061,7055,7058,3476,277280,245338040.0,OI1909
2019-04-16 21:11:00,7059,7059,7051,7051,2540,277282,179154440.0,OI1909
2019-04-16 21:12:00,7052,7053,7047,7050,1970,276904,139037340.0,OI1909
2019-04-16 21:13:00,7050,7050,7047,7047,1136,276894,80053920.0,OI1909
2019-04-16 21:14:00,7048,7053,7048,7052,988,276944,69624360.0,OI1909
2019-04-16 21:15:00,7052,7053,7049,7050,678,277110,47778660.0,OI1909
2019-04-16 21:16:00,7049,7049,7047,7049,808,277080,56939760.0,OI1909
2019-04-16 21:17:00,7048,7050,7047,7048,528,277194,37208160.0,OI1909
2019-04-16 21:18:00,7047,7052,7047,7051,484,277354,34107480.0,OI1909
2019-04-16 21:19:00,7051,7051,7048,7049,646,277270,45523620.0,OI1909
2019-04-16 21:20:00,7049,7050,7048,7048,364,277254,25651080.0,OI1909
2019-04-16 21:21:00,7048,7050,7047,7050,402,277258,28328940.0,OI1909
2019-04-16 21:22:00,7050,7050,7048,7049,292,277202,20577240.0,OI1909
2019-04-16 21:23:00,7049,7049,7042,7043,1366,277238,96262020.0,OI1909
2019-04-16 21:24:00,7042,7044,7041,7042,1140,276964,80335800.0,OI1909
2019-04-16 21:25:00,7041,7044,7040,7043,792,276998,55812240.0,OI1909
2019-04-16 21:26:00,7043,7047,7043,7047,624,276984,43973280.0,OI1909
2019-04-16 21:27:00,7046,7047,7043,7043,398,276984,28047060.0,OI1909
2019-04-16 21:28:00,7043,7044,7042,7043,138,276986,9724860.0,OI1909
2019-04-16 21:29:00,7043,7043,7040,7041,336,276940,23677920.0,OI1909
2019-04-16 21:30:00,7041,7042,7038,7040,1014,276900,71456580.0,OI1909
2019-04-16 21:31:00,7040,7042,7040,7040,344,276840,24241680.0,OI1909
2019-04-16 21:32:00,7042,7046,7040,7044,538,276892,37912860.0,OI1909
2019-04-16 21:33:00,7044,7045,7042,7042,388,276922,27136780.0,OI1909
2019-04-16 21:34:00,7042,7042,7040,7040,236,277000,16628560.0,OI1909
2019-04-16 21:35:00,7040,7042,7040,7042,284,277002,20010640.0,OI1909
2019-04-16 21:36:00,7042,7042,7040,7041,198,276968,13951080.0,OI1909
2019-04-16 21:37:00,7042,7042,7041,7041,190,276958,13387400.0,OI1909
2019-04-16 21:38:00,7042,7042,7034,7035,1390,276904,97939400.0,OI1909
2019-04-16 21:39:00,7035,7039,7034,7039,716,276824,50449360.0,OI1909
2019-04-16 21:40:00,7038,7039,7034,7034,576,276834,40584960.0,OI1909
2019-04-16 21:41:00,7035,7038,7035,7037,284,276892,20010640.0,OI1909
2019-04-16 21:42:00,7037,7037,7034,7035,350,276922,24661000.0,OI1909
2019-04-16 21:43:00,7035,7037,7034,7037,324,276924,22418380.0,OI1909
2019-04-16 21:44:00,7037,7037,7036,7036,274,277034,19303300.0,OI1909
2019-04-16 21:45:00,7036,7037,7034,7037,506,277102,35647700.0,OI1909
2019-04-16 21:46:00,7037,7039,7037,7039,298,277112,20994100.0,OI1909
2019-04-16 21:47:00,7039,7042,7039,7042,736,277158,51851200.0,OI1909
2019-04-16 21:48:00,7042,7042,7039,7040,548,277112,38606600.0,OI1909
2019-04-16 21:49:00,7040,7041,7038,7038,652,277016,45933400.0,OI1909
2019-04-16 21:50:00,7038,7039,7037,7039,422,277028,29729900.0,OI1909
2019-04-16 21:51:00,7039,7041,7038,7040,400,277004,28180000.0,OI1909
2019-04-16 21:52:00,7040,7043,7039,7043,818,276740,57628100.0,OI1909
2019-04-16 21:53:00,7044,7044,7041,7042,286,276784,20148700.0,OI1909
2019-04-16 21:54:00,7043,7043,7040,7040,228,276764,16062600.0,OI1909
2019-04-16 21:55:00,7041,7041,7035,7037,948,276350,66786600.0,OI1909
2019-04-16 21:56:00,7037,7038,7037,7038,68,276334,4790600.0,OI1909
2019-04-16 21:57:00,7037,7037,7036,7036,178,276362,12540100.0,OI1909
2019-04-16 21:58:00,7037,7037,7036,7036,208,276348,14653600.0,OI1909
2019-04-16 21:59:00,7036,7036,7022,7031,4028,275378,282739320.0,OI1909
2019-04-16 22:00:00,7031,7031,7026,7029,1316,275404,92685880.0,OI1909
2019-04-16 22:01:00,7028,7030,7025,7029,912,275488,64232160.0,OI1909
2019-04-16 22:02:00,7029,7030,7027,7029,422,275526,29721460.0,OI1909
2019-04-16 22:03:00,7029,7032,7028,7032,580,275724,40300460.0,OI1909
2019-04-16 22:04:00,7032,7032,7030,7030,390,275694,27463800.0,OI1909
2019-04-16 22:05:00,7031,7032,7021,7024,1120,275598,78870400.0,OI1909
2019-04-16 22:06:00,7023,7027,7023,7027,510,275630,35914200.0,OI1909
2019-04-16 22:07:00,7027,7027,7025,7026,220,275618,15492400.0,OI1909
2019-04-16 22:08:00,7026,7029,7025,7029,368,275648,25914560.0,OI1909
2019-04-16 22:09:00,7029,7030,7028,7029,354,275678,24928680.0,OI1909
2019-04-16 22:10:00,7029,7030,7027,7028,230,275616,16196600.0,OI1909
2019-04-16 22:11:00,7028,7033,7027,7032,668,275608,46453020.0,OI1909
2019-04-16 22:12:00,7032,7034,7030,7030,500,275680,35205000.0,OI1909
2019-04-16 22:13:00,7031,7033,7030,7033,326,275720,22953660.0,OI1909
2019-04-16 22:14:00,7033,7033,7029,7029,326,275772,22953660.0,OI1909
2019-04-16 22:15:00,7029,7030,7027,7028,406,275806,28586460.0,OI1909
2019-04-16 22:16:00,7028,7028,7018,7021,2240,275422,157718400.0,OI1909
2019-04-16 22:17:00,7021,7023,7014,7016,2202,275408,154395280.0,OI1909
2019-04-16 22:18:00,7015,7019,7014,7017,1110,275314,78514880.0,OI1909
2019-04-16 22:19:00,7018,7019,7017,7018,556,275428,39136840.0,OI1909
2019-04-16 22:20:00,7018,7022,7018,7021,1016,275348,71516240.0,OI1909
2019-04-16 22:21:00,7021,7022,7016,7016,588,275142,41389320.0,OI1909
2019-04-16 22:22:00,7016,7017,7012,7016,1358,275064,95426560.0,OI1909
2019-04-16 22:23:00,7015,7018,7015,7016,534,275036,37582920.0,OI1909
2019-04-16 22:24:00,7017,7018,7016,7016,286,274968,20128680.0,OI1909
2019-04-16 22:25:00,7017,7018,7016,7017,258,274916,18158040.0,OI1909
2019-04-16 22:26:00,7017,7020,7013,7014,1446,274630,101769480.0,OI1909
2019-04-16 22:27:00,7015,7015,7005,7007,2292,274496,160568980.0,OI1909
2019-04-16 22:28:00,7007,7013,7006,7012,1068,274488,74402500.0,OI1909
2019-04-16 22:29:00,7012,7013,7010,7012,608,274600,42778880.0,OI1909
2019-04-16 22:30:00,7013,7014,7012,7014,386,274658,27158960.0,OI1909
2019-04-16 22:31:00,7013,7014,7010,7010,466,274618,32787760.0,OI1909
2019-04-16 22:32:00,7009,7014,7009,7013,554,274752,38979440.0,OI1909
2019-04-16 22:33:00,7014,7020,7012,7018,1312,274930,91526400.0,OI1909
2019-04-16 22:34:00,7018,7020,7014,7015,830,275076,58390500.0,OI1909
2019-04-16 22:35:00,7015,7016,7014,7016,344,275192,24200400.0,OI1909
2019-04-16 22:36:00,7015,7016,7013,7013,324,275228,22793400.0,OI1909
2019-04-16 22:37:00,7013,7016,7012,7016,500,275266,35175000.0,OI1909
2019-04-16 22:38:00,7016,7018,7013,7017,606,275300,42632100.0,OI1909
2019-04-16 22:39:00,7017,7018,7015,7017,252,275292,17728200.0,OI1909
2019-04-16 22:40:00,7016,7017,7016,7016,126,275258,8864100.0,OI1909
2019-04-16 22:41:00,7016,7019,7015,7017,488,275228,33742100.0,OI1909
2019-04-16 22:42:00,7017,7018,7016,7017,294,275204,20679960.0,OI1909
2019-04-16 22:43:00,7017,7020,7016,7020,304,275074,21383360.0,OI1909
2019-04-16 22:44:00,7020,7020,7018,7018,294,275018,20679960.0,OI1909
2019-04-16 22:45:00,7019,7027,7018,7026,1344,275258,94536960.0,OI1909
2019-04-16 22:46:00,7025,7027,7024,7025,708,275230,49800720.0,OI1909
2019-04-16 22:47:00,7025,7027,7025,7026,504,275224,35451360.0,OI1909
2019-04-16 22:48:00,7026,7026,7022,7022,592,275146,41641280.0,OI1909
2019-04-16 22:49:00,7022,7024,7021,7023,384,275108,27010560.0,OI1909
2019-04-16 22:50:00,7023,7023,7019,7019,342,274992,24056280.0,OI1909
2019-04-16 22:51:00,7019,7023,7018,7022,280,275060,19695200.0,OI1909
2019-04-16 22:52:00,7022,7022,7020,7021,240,275014,16881600.0,OI1909
2019-04-16 22:53:00,7021,7025,7021,7024,524,275106,36858160.0,OI1909
2019-04-16 22:54:00,7025,7025,7023,7024,222,275100,15615480.0,OI1909
2019-04-16 22:55:00,7023,7025,7023,7024,314,274940,22086760.0,OI1909
2019-04-16 22:56:00,7024,7024,7022,7023,178,274932,12520520.0,OI1909
2019-04-16 22:57:00,7024,7024,7019,7019,552,275028,38827680.0,OI1909
2019-04-16 22:58:00,7018,7018,7015,7017,600,274956,41306620.0,OI1909
2019-04-16 22:59:00,7018,7019,7017,7018,282,275014,19833060.0,OI1909
2019-04-16 23:00:00,7017,7018,7016,7016,556,274722,39103480.0,OI1909
2019-04-16 23:01:00,7016,7018,7016,7018,152,274704,10690160.0,OI1909
2019-04-16 23:02:00,7017,7025,7017,7024,378,274780,26584740.0,OI1909
2019-04-16 23:03:00,7024,7027,7023,7027,466,274544,32773780.0,OI1909
2019-04-16 23:04:00,7027,7031,7027,7028,1024,274676,72017920.0,OI1909
2019-04-16 23:05:00,7027,7028,7024,7024,492,274646,34602360.0,OI1909
2019-04-16 23:06:00,7023,7025,7023,7025,222,274698,15613260.0,OI1909
2019-04-16 23:07:00,7025,7026,7024,7026,176,274726,12378080.0,OI1909
2019-04-16 23:08:00,7025,7026,7024,7024,118,274724,8298940.0,OI1909
2019-04-16 23:09:00,7024,7025,7024,7025,208,274778,14628640.0,OI1909
2019-04-16 23:10:00,7025,7028,7025,7027,244,274780,17160520.0,OI1909
2019-04-16 23:11:00,7028,7028,7026,7026,96,274760,6751680.0,OI1909
2019-04-16 23:12:00,7026,7026,7025,7025,120,274710,8439600.0,OI1909
2019-04-16 23:13:00,7026,7028,7025,7028,98,274736,6892340.0,OI1909
2019-04-16 23:14:00,7028,7028,7027,7027,86,274736,6048380.0,OI1909
2019-04-16 23:15:00,7027,7030,7027,7029,366,274702,25740780.0,OI1909
2019-04-16 23:16:00,7030,7033,7029,7030,688,274630,48387040.0,OI1909
2019-04-16 23:17:00,7030,7031,7028,7031,356,274538,25037480.0,OI1909
2019-04-16 23:18:00,7030,7031,7030,7030,248,274438,17441840.0,OI1909
2019-04-16 23:19:00,7031,7031,7029,7030,148,274418,10408840.0,OI1909
2019-04-16 23:20:00,7029,7030,7028,7028,178,274366,12518740.0,OI1909
2019-04-16 23:21:00,7028,7028,7025,7026,420,274142,29538600.0,OI1909
2019-04-16 23:22:00,7026,7027,7025,7026,276,273970,19411080.0,OI1909
2019-04-16 23:23:00,7026,7027,7026,7026,120,273892,8439600.0,OI1909
2019-04-16 23:24:00,7027,7028,7026,7026,100,273870,7033000.0,OI1909
2019-04-16 23:25:00,7027,7027,7026,7026,180,273778,12659400.0,OI1909
2019-04-16 23:26:00,7026,7026,7024,7026,102,273714,7173660.0,OI1909
2019-04-16 23:27:00,7026,7026,7018,7019,718,273274,50496940.0,OI1909
2019-04-16 23:28:00,7020,7021,7019,7019,350,273188,24615500.0,OI1909
2019-04-16 23:29:00,7020,7024,7018,7023,612,273124,43041960.0,OI1909
2019-04-17 09:00:00,7024,7036,7024,7031,1320,273130,92835600.0,OI1909
2019-04-17 09:01:00,7031,7043,7031,7041,2196,272892,154444680.0,OI1909
2019-04-17 09:02:00,7040,7041,7033,7036,1214,272656,85380620.0,OI1909
2019-04-17 09:03:00,7036,7044,7036,7041,1872,272642,131657760.0,OI1909
2019-04-17 09:04:00,7040,7040,7034,7036,1018,272644,71595940.0,OI1909
2019-04-17 09:05:00,7035,7036,7032,7034,676,272694,47543080.0,OI1909
2019-04-17 09:06:00,7033,7035,7033,7034,286,272710,20114380.0,OI1909
2019-04-17 09:07:00,7034,7037,7034,7036,410,272764,28835300.0,OI1909
2019-04-17 09:08:00,7036,7041,7036,7038,872,272986,61327760.0,OI1909
2019-04-17 09:09:00,7039,7039,7037,7038,304,272974,21380320.0,OI1909
2019-04-17 09:10:00,7037,7040,7037,7039,614,272878,43182620.0,OI1909
2019-04-17 09:11:00,7039,7044,7039,7044,796,273082,55982680.0,OI1909
2019-04-17 09:12:00,7043,7044,7041,7041,686,273148,48246380.0,OI1909
2019-04-17 09:13:00,7041,7044,7041,7042,510,273098,35868300.0,OI1909
2019-04-17 09:14:00,7042,7042,7041,7041,132,273138,9283560.0,OI1909
2019-04-17 09:15:00,7041,7043,7041,7041,498,273104,35024340.0,OI1909
2019-04-17 09:16:00,7042,7042,7038,7039,798,273064,56123340.0,OI1909
2019-04-17 09:17:00,7039,7039,7034,7036,748,272900,52606840.0,OI1909
2019-04-17 09:18:00,7036,7038,7036,7037,180,272888,12659400.0,OI1909
2019-04-17 09:19:00,7037,7043,7037,7042,518,273042,36430940.0,OI1909
2019-04-17 09:20:00,7042,7042,7038,7040,274,273012,19270420.0,OI1909
2019-04-17 09:21:00,7039,7040,7039,7039,56,273018,3938480.0,OI1909
2019-04-17 09:22:00,7039,7039,7037,7037,342,273046,24052860.0,OI1909
2019-04-17 09:23:00,7038,7040,7038,7040,180,273072,12659400.0,OI1909
2019-04-17 09:24:00,7039,7042,7039,7041,258,273104,18145140.0,OI1909
2019-04-17 09:25:00,7041,7041,7039,7039,174,273132,12237420.0,OI1909
2019-04-17 09:26:00,7039,7040,7035,7035,510,273150,35868300.0,OI1909
2019-04-17 09:27:00,7036,7038,7035,7037,576,273176,40510080.0,OI1909
2019-04-17 09:28:00,7037,7038,7036,7037,114,273132,8017620.0,OI1909
2019-04-17 09:29:00,7036,7037,7035,7036,128,273140,9002240.0,OI1909
2019-04-17 09:30:00,7036,7039,7035,7039,410,273102,30015180.0,OI1909
2019-04-17 09:31:00,7039,7039,7037,7038,146,273152,10269640.0,OI1909
2019-04-17 09:32:00,7038,7038,7037,7038,72,273168,5064480.0,OI1909
2019-04-17 09:33:00,7038,7038,7037,7037,72,273196,5064480.0,OI1909
2019-04-17 09:34:00,7037,7038,7037,7037,150,273180,10551000.0,OI1909
2019-04-17 09:35:00,7037,7040,7037,7040,282,273178,19835880.0,OI1909
2019-04-17 09:36:00,7040,7040,7039,7040,68,273222,4783120.0,OI1909
2019-04-17 09:37:00,7040,7045,7040,7043,1318,273600,92708120.0,OI1909
2019-04-17 09:38:00,7043,7044,7042,7043,414,273656,29120760.0,OI1909
2019-04-17 09:39:00,7044,7044,7042,7043,302,273772,21242680.0,OI1909
2019-04-17 09:40:00,7043,7043,7040,7040,470,273752,33059800.0,OI1909
2019-04-17 09:41:00,7040,7042,7040,7042,228,273736,16037520.0,OI1909
2019-04-17 09:42:00,7042,7043,7041,7042,160,273776,11254400.0,OI1909
2019-04-17 09:43:00,7042,7043,7041,7042,96,273818,6752640.0,OI1909
2019-04-17 09:44:00,7042,7043,7042,7043,132,273788,9284880.0,OI1909
2019-04-17 09:45:00,7043,7047,7042,7045,922,274070,64853480.0,OI1909
2019-04-17 09:46:00,7046,7046,7043,7045,404,274076,28417360.0,OI1909
2019-04-17 09:47:00,7045,7045,7043,7043,226,274154,15896840.0,OI1909
2019-04-17 09:48:00,7043,7045,7043,7044,180,274214,12661200.0,OI1909
2019-04-17 09:49:00,7043,7043,7039,7040,270,274138,18991800.0,OI1909
2019-04-17 09:50:00,7040,7041,7040,7040,206,274128,14490040.0,OI1909
2019-04-17 09:51:00,7040,7040,7040,7040,90,274110,6330600.0,OI1909
2019-04-17 09:52:00,7041,7041,7039,7040,132,274094,9284880.0,OI1909
2019-04-17 09:53:00,7041,7041,7038,7038,522,274296,36717480.0,OI1909
2019-04-17 09:54:00,7038,7038,7036,7036,262,274312,18429080.0,OI1909
2019-04-17 09:55:00,7037,7039,7035,7035,496,274232,34888640.0,OI1909
2019-04-17 09:56:00,7037,7038,7036,7038,260,274224,18288400.0,OI1909
2019-04-17 09:57:00,7039,7039,7036,7036,326,274242,22930840.0,OI1909
2019-04-17 09:58:00,7036,7037,7035,7035,152,274226,10691680.0,OI1909
2019-04-17 09:59:00,7035,7036,7033,7036,734,274034,51629560.0,OI1909
2019-04-17 10:00:00,7037,7037,7034,7036,422,273872,29683480.0,OI1909
2019-04-17 10:01:00,7037,7038,7035,7036,662,274180,46565080.0,OI1909
2019-04-17 10:02:00,7035,7036,7035,7036,52,274184,3657680.0,OI1909
2019-04-17 10:03:00,7036,7038,7036,7037,82,274176,5767880.0,OI1909
2019-04-17 10:04:00,7037,7037,7033,7033,502,274172,35310680.0,OI1909
2019-04-17 10:05:00,7033,7033,7026,7033,1344,273942,94536960.0,OI1909
2019-04-17 10:06:00,7033,7033,7030,7031,418,274008,29402120.0,OI1909
2019-04-17 10:07:00,7032,7033,7030,7032,192,273980,13505280.0,OI1909
2019-04-17 10:08:00,7033,7037,7033,7036,488,274062,34325920.0,OI1909
2019-04-17 10:09:00,7036,7038,7036,7038,864,274268,60773760.0,OI1909
2019-04-17 10:10:00,7038,7041,7037,7040,478,274410,33622520.0,OI1909
2019-04-17 10:11:00,7039,7039,7036,7036,406,274370,28558040.0,OI1909
2019-04-17 10:12:00,7036,7037,7034,7034,234,274318,16459560.0,OI1909
2019-04-17 10:13:00,7035,7036,7034,7035,174,274246,12239160.0,OI1909
2019-04-17 10:14:00,7036,7036,7034,7034,100,274176,7034000.0,OI1909
2019-04-17 10:30:00,7027,7033,7027,7029,1118,273770,78640120.0,OI1909
2019-04-17 10:31:00,7029,7038,7029,7038,636,273920,44736240.0,OI1909
2019-04-17 10:32:00,7037,7041,7036,7039,800,274062,56272000.0,OI1909
2019-04-17 10:33:00,7039,7046,7039,7045,1162,274190,81735080.0,OI1909
2019-04-17 10:34:00,7045,7045,7041,7041,594,274222,41781960.0,OI1909
2019-04-17 10:35:00,7041,7043,7038,7039,546,274348,38405640.0,OI1909
2019-04-17 10:36:00,7040,7043,7040,7043,564,274554,39671760.0,OI1909
2019-04-17 10:37:00,7043,7045,7042,7045,612,274812,43048080.0,OI1909
2019-04-17 10:38:00,7044,7050,7044,7048,2514,275414,176834760.0,OI1909
2019-04-17 10:39:00,7048,7049,7045,7049,1162,275530,83167140.0,OI1909
2019-04-17 10:40:00,7049,7050,7046,7048,928,275590,65284800.0,OI1909
2019-04-17 10:41:00,7047,7049,7047,7047,404,275790,28421400.0,OI1909
2019-04-17 10:42:00,7047,7049,7047,7048,274,275772,19275900.0,OI1909
2019-04-17 10:43:00,7048,7050,7047,7048,458,275906,32220300.0,OI1909
2019-04-17 10:44:00,7048,7048,7044,7045,592,276008,41647200.0,OI1909
2019-04-17 10:45:00,7045,7046,7043,7043,532,275966,37426200.0,OI1909
2019-04-17 10:46:00,7043,7045,7041,7045,510,275814,35878500.0,OI1909
2019-04-17 10:47:00,7044,7045,7044,7045,218,275822,15336300.0,OI1909
2019-04-17 10:48:00,7045,7046,7043,7046,232,275876,16321200.0,OI1909
2019-04-17 10:49:00,7045,7047,7045,7047,346,275974,24341100.0,OI1909
2019-04-17 10:50:00,7047,7050,7046,7049,428,276064,30109800.0,OI1909
2019-04-17 10:51:00,7050,7053,7048,7048,1868,276446,131413800.0,OI1909
2019-04-17 10:52:00,7048,7052,7048,7052,1024,276944,72038400.0,OI1909
2019-04-17 10:53:00,7052,7055,7051,7051,1372,277202,96520200.0,OI1909
2019-04-17 10:54:00,7050,7052,7048,7050,1024,277254,73572560.0,OI1909
2019-04-17 10:55:00,7050,7054,7050,7054,572,277352,40245920.0,OI1909
2019-04-17 10:56:00,7053,7054,7048,7051,912,277510,64168320.0,OI1909
2019-04-17 10:57:00,7052,7053,7051,7051,222,277566,15619920.0,OI1909
2019-04-17 10:58:00,7050,7051,7047,7047,422,277648,29691920.0,OI1909
2019-04-17 10:59:00,7047,7051,7047,7050,290,277668,20404400.0,OI1909
2019-04-17 11:00:00,7050,7054,7050,7053,446,277654,31380560.0,OI1909
2019-04-17 11:01:00,7054,7054,7051,7051,420,277662,29551200.0,OI1909
2019-04-17 11:02:00,7051,7051,7050,7050,96,277704,6754560.0,OI1909
2019-04-17 11:03:00,7050,7051,7048,7048,438,277756,30817680.0,OI1909
2019-04-17 11:04:00,7048,7049,7045,7045,744,277422,52347840.0,OI1909
2019-04-17 11:05:00,7044,7046,7042,7044,906,277138,63746160.0,OI1909
2019-04-17 11:06:00,7045,7045,7042,7043,348,277050,24485280.0,OI1909
2019-04-17 11:07:00,7043,7045,7043,7045,394,277070,27721840.0,OI1909
2019-04-17 11:08:00,7044,7048,7044,7047,244,277030,17167840.0,OI1909
2019-04-17 11:09:00,7047,7047,7044,7045,314,276914,22093040.0,OI1909
2019-04-17 11:10:00,7045,7047,7045,7046,180,276988,12664800.0,OI1909
2019-04-17 11:11:00,7046,7049,7046,7049,262,277022,18434320.0,OI1909
2019-04-17 11:12:00,7048,7049,7046,7046,226,277036,15901360.0,OI1909
2019-04-17 11:13:00,7047,7048,7045,7046,320,277160,22515200.0,OI1909
2019-04-17 11:14:00,7047,7048,7046,7046,152,277210,10694720.0,OI1909
2019-04-17 11:15:00,7046,7050,7046,7046,922,277516,64871920.0,OI1909
2019-04-17 11:16:00,7047,7047,7042,7043,490,277360,34476400.0,OI1909
2019-04-17 11:17:00,7043,7043,7038,7041,674,277098,47422640.0,OI1909
2019-04-17 11:18:00,7041,7041,7040,7041,350,277106,24626000.0,OI1909
2019-04-17 11:19:00,7041,7044,7039,7042,286,277166,20122960.0,OI1909
2019-04-17 11:20:00,7042,7045,7042,7045,158,277128,11116880.0,OI1909
2019-04-17 11:21:00,7044,7044,7041,7042,218,277146,15338480.0,OI1909
2019-04-17 11:22:00,7042,7044,7042,7043,150,277104,10554000.0,OI1909
2019-04-17 11:23:00,7043,7045,7043,7045,144,277084,10131840.0,OI1909
2019-04-17 11:24:00,7046,7049,7046,7048,438,277088,30817680.0,OI1909
2019-04-17 11:25:00,7047,7048,7046,7047,122,277094,8583920.0,OI1909
2019-04-17 11:26:00,7047,7052,7047,7050,584,277084,41090240.0,OI1909
2019-04-17 11:27:00,7050,7050,7048,7048,406,277108,28566160.0,OI1909
2019-04-17 11:28:00,7049,7049,7048,7048,162,277172,11398320.0,OI1909
2019-04-17 11:29:00,7047,7052,7047,7052,548,277130,38557280.0,OI1909
2019-04-17 13:30:00,7052,7057,7052,7053,1700,277418,121298760.0,OI1909
2019-04-17 13:31:00,7053,7055,7051,7052,588,277470,41377560.0,OI1909
2019-04-17 13:32:00,7052,7053,7051,7052,470,277464,33073900.0,OI1909
2019-04-17 13:33:00,7052,7054,7050,7050,562,277528,39547940.0,OI1909
2019-04-17 13:34:00,7050,7054,7050,7054,358,277658,25192460.0,OI1909
2019-04-17 13:35:00,7054,7061,7053,7061,2138,278254,150451060.0,OI1909
2019-04-17 13:36:00,7062,7071,7060,7071,6608,279588,466798960.0,OI1909
2019-04-17 13:37:00,7071,7071,7063,7068,4684,280354,331500760.0,OI1909
2019-04-17 13:38:00,7069,7070,7062,7062,3080,281150,216801200.0,OI1909
2019-04-17 13:39:00,7062,7066,7062,7064,1814,281286,129577240.0,OI1909
2019-04-17 13:40:00,7065,7065,7063,7063,916,281622,64486400.0,OI1909
2019-04-17 13:41:00,7063,7065,7060,7061,1470,281782,103488000.0,OI1909
2019-04-17 13:42:00,7060,7062,7055,7057,1666,281444,117286400.0,OI1909
2019-04-17 13:43:00,7058,7059,7055,7056,818,281338,57587200.0,OI1909
2019-04-17 13:44:00,7056,7058,7055,7057,572,281500,40268800.0,OI1909
2019-04-17 13:45:00,7058,7059,7054,7054,1306,281432,91942400.0,OI1909
2019-04-17 13:46:00,7054,7058,7054,7057,456,281308,32102400.0,OI1909
2019-04-17 13:47:00,7057,7057,7056,7057,124,281346,8729600.0,OI1909
2019-04-17 13:48:00,7057,7057,7056,7057,300,281368,21120000.0,OI1909
2019-04-17 13:49:00,7057,7057,7054,7056,410,281346,28864000.0,OI1909
2019-04-17 13:50:00,7055,7056,7054,7055,296,281348,20838400.0,OI1909
2019-04-17 13:51:00,7056,7056,7051,7051,1090,280976,76736000.0,OI1909
2019-04-17 13:52:00,7051,7052,7044,7050,2446,280090,174206880.0,OI1909
2019-04-17 13:53:00,7050,7050,7044,7045,744,279928,52385040.0,OI1909
2019-04-17 13:54:00,7045,7046,7043,7046,1134,279786,79844940.0,OI1909
2019-04-17 13:55:00,7045,7045,7042,7044,1316,279862,92659560.0,OI1909
2019-04-17 13:56:00,7044,7045,7044,7045,162,279880,11406420.0,OI1909
2019-04-17 13:57:00,7044,7045,7042,7043,786,279882,55342260.0,OI1909
2019-04-17 13:58:00,7043,7045,7043,7045,608,279946,42809280.0,OI1909
2019-04-17 13:59:00,7045,7046,7045,7045,354,279992,24925140.0,OI1909
2019-04-17 14:00:00,7046,7046,7037,7041,1886,280042,132793260.0,OI1909
2019-04-17 14:01:00,7040,7042,7038,7039,816,280154,57454560.0,OI1909
2019-04-17 14:02:00,7038,7041,7038,7040,608,280180,42809280.0,OI1909
2019-04-17 14:03:00,7040,7044,7039,7043,614,280232,43231740.0,OI1909
2019-04-17 14:04:00,7043,7043,7040,7041,360,280170,25347600.0,OI1909
2019-04-17 14:05:00,7041,7041,7038,7040,278,280180,19573980.0,OI1909
2019-04-17 14:06:00,7040,7040,7038,7039,326,280194,22953660.0,OI1909
2019-04-17 14:07:00,7039,7040,7038,7040,298,280238,20982180.0,OI1909
2019-04-17 14:08:00,7040,7040,7038,7038,234,280326,16475940.0,OI1909
2019-04-17 14:09:00,7038,7038,7035,7036,1260,280264,88716600.0,OI1909
2019-04-17 14:10:00,7036,7039,7036,7039,598,280380,42105180.0,OI1909
2019-04-17 14:11:00,7038,7038,7038,7038,242,280426,17039220.0,OI1909
2019-04-17 14:12:00,7039,7041,7039,7040,350,280464,24643500.0,OI1909
2019-04-17 14:13:00,7040,7043,7040,7041,646,280222,45484860.0,OI1909
2019-04-17 14:14:00,7042,7042,7040,7040,280,280212,19714800.0,OI1909
2019-04-17 14:15:00,7040,7041,7038,7040,562,280196,39570420.0,OI1909
2019-04-17 14:16:00,7041,7044,7040,7044,646,280048,45484860.0,OI1909
2019-04-17 14:17:00,7044,7044,7041,7042,438,280012,30839580.0,OI1909
2019-04-17 14:18:00,7042,7045,7042,7044,694,280094,48864540.0,OI1909
2019-04-17 14:19:00,7044,7044,7042,7043,178,280046,12532980.0,OI1909
2019-04-17 14:20:00,7043,7043,7041,7043,114,280090,8026740.0,OI1909
2019-04-17 14:21:00,7045,7046,7043,7044,548,280288,38584680.0,OI1909
2019-04-17 14:22:00,7043,7045,7043,7043,240,280306,16898400.0,OI1909
2019-04-17 14:23:00,7043,7044,7042,7043,188,280292,13237080.0,OI1909
2019-04-17 14:24:00,7043,7044,7042,7042,166,280278,11688060.0,OI1909
2019-04-17 14:25:00,7043,7044,7042,7044,98,280236,6900180.0,OI1909
2019-04-17 14:26:00,7044,7045,7042,7042,230,280308,16194300.0,OI1909
2019-04-17 14:27:00,7042,7045,7042,7045,460,280406,32388600.0,OI1909
2019-04-17 14:28:00,7044,7045,7044,7044,108,280430,7604280.0,OI1909
2019-04-17 14:29:00,7043,7043,7042,7043,150,280422,10561500.0,OI1909
2019-04-17 14:30:00,7043,7046,7042,7045,552,280552,38866320.0,OI1909
2019-04-17 14:31:00,7045,7045,7044,7044,250,280602,17602500.0,OI1909
2019-04-17 14:32:00,7044,7048,7044,7047,726,280614,51117660.0,OI1909
2019-04-17 14:33:00,7048,7048,7046,7046,408,280640,28727280.0,OI1909
2019-04-17 14:34:00,7046,7048,7046,7046,306,280692,21545460.0,OI1909
2019-04-17 14:35:00,7047,7048,7046,7047,224,280670,15771840.0,OI1909
2019-04-17 14:36:00,7047,7047,7041,7041,488,280782,34360080.0,OI1909
2019-04-17 14:37:00,7042,7043,7039,7042,690,280654,48582900.0,OI1909
2019-04-17 14:38:00,7042,7043,7039,7039,678,280622,47737980.0,OI1909
2019-04-17 14:39:00,7039,7040,7038,7039,380,280566,26755800.0,OI1909
2019-04-17 14:40:00,7040,7041,7039,7040,334,280624,23516940.0,OI1909
2019-04-17 14:41:00,7040,7041,7038,7041,460,280636,32388600.0,OI1909
2019-04-17 14:42:00,7041,7042,7040,7040,414,280844,29149740.0,OI1909
2019-04-17 14:43:00,7039,7043,7039,7042,380,280762,26755800.0,OI1909
2019-04-17 14:44:00,7042,7043,7041,7043,276,280880,19433160.0,OI1909
2019-04-17 14:45:00,7043,7045,7042,7044,332,280870,23376120.0,OI1909
2019-04-17 14:46:00,7044,7044,7043,7043,256,280782,18024960.0,OI1909
2019-04-17 14:47:00,7044,7045,7042,7043,656,280930,46188960.0,OI1909
2019-04-17 14:48:00,7042,7044,7041,7042,666,281130,46893060.0,OI1909
2019-04-17 14:49:00,7043,7046,7043,7046,486,281056,34219260.0,OI1909
2019-04-17 14:50:00,7045,7046,7043,7044,492,281088,34641720.0,OI1909
2019-04-17 14:51:00,7044,7045,7043,7044,118,281052,8308380.0,OI1909
2019-04-17 14:52:00,7044,7044,7042,7044,300,281058,21123000.0,OI1909
2019-04-17 14:53:00,7043,7045,7043,7045,344,280950,24221040.0,OI1909
2019-04-17 14:54:00,7045,7050,7045,7047,1392,280856,98010720.0,OI1909
2019-04-17 14:55:00,7048,7049,7045,7048,1116,281028,78577560.0,OI1909
2019-04-17 14:56:00,7049,7049,7047,7048,456,281192,32106960.0,OI1909
2019-04-17 14:57:00,7048,7051,7047,7051,684,281298,48160440.0,OI1909
2019-04-17 14:58:00,7051,7052,7049,7051,1154,281294,81253140.0,OI1909
2019-04-17 14:59:00,7050,7051,7046,7050,1332,281154,93786120.0,OI1909
2019-04-17 21:00:00,7040,7051,7040,7046,2278,281522,160507880.0,OI1909
2019-04-17 21:01:00,7045,7054,7045,7049,1192,281720,84023020.0,OI1909
2019-04-17 21:02:00,7048,7049,7041,7041,880,281816,62013600.0,OI1909
2019-04-17 21:03:00,7043,7044,7039,7041,1226,281990,86340460.0,OI1909
2019-04-17 21:04:00,7041,7042,7039,7041,846,282106,59544940.0,OI1909
2019-04-17 21:05:00,7040,7041,7036,7039,1828,282180,128617600.0,OI1909
2019-04-17 21:06:00,7038,7042,7035,7042,1260,282332,88741800.0,OI1909
2019-04-17 21:07:00,7042,7046,7040,7044,1042,282458,73388060.0,OI1909
2019-04-17 21:08:00,7044,7049,7044,7045,1352,282688,95221360.0,OI1909
2019-04-17 21:09:00,7045,7054,7045,7052,1418,282932,100002960.0,OI1909
2019-04-17 21:10:00,7052,7052,7048,7049,962,283026,67763280.0,OI1909
2019-04-17 21:11:00,7049,7057,7049,7054,1624,283444,114553640.0,OI1909
2019-04-17 21:12:00,7052,7055,7051,7054,810,283590,57231680.0,OI1909
2019-04-17 21:13:00,7054,7055,7050,7050,758,283862,53408680.0,OI1909
2019-04-17 21:14:00,7051,7052,7048,7048,326,283824,22969960.0,OI1909
2019-04-17 21:15:00,7047,7053,7047,7052,448,283738,31566080.0,OI1909
2019-04-17 21:16:00,7053,7056,7052,7056,770,284080,54444400.0,OI1909
2019-04-17 21:17:00,7056,7060,7053,7055,2224,284692,156937720.0,OI1909
2019-04-17 21:18:00,7053,7055,7052,7055,778,284874,54833440.0,OI1909
2019-04-17 21:19:00,7055,7056,7054,7055,678,284992,47785440.0,OI1909
2019-04-17 21:20:00,7055,7057,7055,7055,492,285200,34676160.0,OI1909
2019-04-17 21:21:00,7055,7055,7052,7054,638,285278,44966240.0,OI1909
2019-04-17 21:22:00,7054,7057,7053,7057,548,285410,38623040.0,OI1909
2019-04-17 21:23:00,7057,7060,7055,7058,1320,285552,93290580.0,OI1909
2019-04-17 21:24:00,7058,7064,7057,7064,1754,285958,123913980.0,OI1909
2019-04-17 21:25:00,7064,7071,7062,7071,4000,287432,282629040.0,OI1909
2019-04-17 21:26:00,7069,7071,7065,7066,2206,288104,155903700.0,OI1909
2019-04-17 21:27:00,7066,7067,7064,7065,1202,288256,84777060.0,OI1909
2019-04-17 21:28:00,7065,7067,7064,7066,1734,288634,122664960.0,OI1909
2019-04-17 21:29:00,7065,7066,7065,7065,586,288634,41336440.0,OI1909
2019-04-17 21:30:00,7065,7067,7061,7063,1488,288370,104963520.0,OI1909
2019-04-17 21:31:00,7063,7069,7062,7069,1324,288386,93794880.0,OI1909
2019-04-17 21:32:00,7069,7069,7061,7063,1428,288590,100745400.0,OI1909
2019-04-17 21:33:00,7063,7066,7062,7063,644,288568,45434200.0,OI1909
2019-04-17 21:34:00,7063,7065,7062,7064,496,288476,34992800.0,OI1909
2019-04-17 21:35:00,7064,7064,7054,7059,2616,287732,185010560.0,OI1909
2019-04-17 21:36:00,7059,7059,7055,7058,786,287664,55460160.0,OI1909
2019-04-17 21:37:00,7058,7062,7058,7061,804,287578,56730240.0,OI1909
2019-04-17 21:38:00,7061,7061,7058,7060,376,287642,26530560.0,OI1909
2019-04-17 21:39:00,7062,7062,7057,7058,584,287748,41207040.0,OI1909
2019-04-17 21:40:00,7057,7061,7057,7060,548,287654,38666880.0,OI1909
2019-04-17 21:41:00,7060,7061,7059,7060,186,287636,13124160.0,OI1909
2019-04-17 21:42:00,7061,7062,7059,7060,398,287616,28082880.0,OI1909
2019-04-17 21:43:00,7059,7060,7058,7059,262,287654,18486720.0,OI1909
2019-04-17 21:44:00,7059,7062,7059,7062,230,287772,16228800.0,OI1909
2019-04-17 21:45:00,7062,7064,7061,7061,776,287766,54754560.0,OI1909
2019-04-17 21:46:00,7060,7064,7060,7063,520,288114,36691200.0,OI1909
2019-04-17 21:47:00,7063,7063,7062,7063,150,288104,10584000.0,OI1909
2019-04-17 21:48:00,7063,7064,7062,7064,294,288208,20744640.0,OI1909
2019-04-17 21:49:00,7064,7065,7064,7065,430,288370,30340800.0,OI1909
2019-04-17 21:50:00,7064,7065,7062,7063,422,288400,29776320.0,OI1909
2019-04-17 21:51:00,7063,7064,7062,7062,180,288342,12700800.0,OI1909
2019-04-17 21:52:00,7063,7063,7059,7059,652,288304,46005120.0,OI1909
2019-04-17 21:53:00,7059,7060,7058,7059,258,288234,18204480.0,OI1909
2019-04-17 21:54:00,7060,7061,7059,7060,274,288140,19333440.0,OI1909
2019-04-17 21:55:00,7059,7060,7059,7059,76,288138,5362560.0,OI1909
2019-04-17 21:56:00,7060,7061,7058,7061,374,288140,26389440.0,OI1909
2019-04-17 21:57:00,7060,7061,7059,7061,116,288094,8184960.0,OI1909
2019-04-17 21:58:00,7061,7061,7058,7059,166,288080,11712960.0,OI1909
2019-04-17 21:59:00,7059,7060,7059,7060,88,288112,6209280.0,OI1909
2019-04-17 22:00:00,7061,7062,7060,7061,344,288124,24272640.0,OI1909
2019-04-17 22:01:00,7062,7063,7061,7061,314,288162,22155840.0,OI1909
2019-04-17 22:02:00,7062,7063,7061,7062,252,288208,17781120.0,OI1909
2019-04-17 22:03:00,7062,7063,7059,7059,428,288144,30754320.0,OI1909
2019-04-17 22:04:00,7059,7059,7053,7053,1586,287878,111353520.0,OI1909
2019-04-17 22:05:00,7054,7057,7054,7057,858,287752,60540480.0,OI1909
2019-04-17 22:06:00,7058,7058,7055,7057,450,287638,31752000.0,OI1909
2019-04-17 22:07:00,7057,7057,7054,7055,322,287552,22720320.0,OI1909
2019-04-17 22:08:00,7055,7055,7051,7053,1046,287158,73805760.0,OI1909
2019-04-17 22:09:00,7053,7055,7052,7054,440,287032,31046400.0,OI1909
2019-04-17 22:10:00,7053,7056,7052,7053,574,286870,40501440.0,OI1909
2019-04-17 22:11:00,7053,7055,7053,7054,154,286838,10866240.0,OI1909
2019-04-17 22:12:00,7053,7054,7051,7053,280,286736,19756800.0,OI1909
2019-04-17 22:13:00,7053,7054,7052,7054,194,286672,13688640.0,OI1909
2019-04-17 22:14:00,7054,7055,7053,7055,206,286682,14535360.0,OI1909
2019-04-17 22:15:00,7055,7056,7053,7056,200,286670,14112000.0,OI1909
2019-04-17 22:16:00,7056,7058,7055,7058,748,286626,52778880.0,OI1909
2019-04-17 22:17:00,7058,7062,7058,7060,824,286734,58141440.0,OI1909
2019-04-17 22:18:00,7060,7060,7057,7059,452,286786,31893120.0,OI1909
2019-04-17 22:19:00,7060,7060,7058,7058,80,286774,5644800.0,OI1909
2019-04-17 22:20:00,7058,7058,7056,7056,290,286814,20462400.0,OI1909
2019-04-17 22:21:00,7057,7058,7056,7057,106,286820,7479360.0,OI1909
2019-04-17 22:22:00,7057,7061,7057,7061,582,286824,41065920.0,OI1909
2019-04-17 22:23:00,7061,7062,7061,7061,170,286898,11995200.0,OI1909
2019-04-17 22:24:00,7061,7064,7060,7061,638,286970,45017280.0,OI1909
2019-04-17 22:25:00,7061,7061,7057,7057,580,287042,41587240.0,OI1909
2019-04-17 22:26:00,7057,7062,7057,7059,558,286998,39378060.0,OI1909
2019-04-17 22:27:00,7059,7060,7059,7060,194,286912,13690580.0,OI1909
2019-04-17 22:28:00,7059,7059,7057,7057,278,286928,19618460.0,OI1909
2019-04-17 22:29:00,7057,7061,7057,7060,320,286990,22582400.0,OI1909
2019-04-17 22:30:00,7059,7059,7058,7059,138,286964,9738660.0,OI1909
2019-04-17 22:31:00,7060,7062,7058,7060,458,287086,32321060.0,OI1909
2019-04-17 22:32:00,7060,7060,7056,7057,484,287188,34155880.0,OI1909
2019-04-17 22:33:00,7059,7059,7057,7057,108,287188,7621560.0,OI1909
2019-04-17 22:34:00,7057,7057,7055,7055,300,287162,21171000.0,OI1909
2019-04-17 22:35:00,7055,7057,7055,7057,306,287160,21594420.0,OI1909
2019-04-17 22:36:00,7056,7057,7056,7056,78,287126,5504460.0,OI1909
2019-04-17 22:37:00,7057,7060,7057,7059,396,287138,27945720.0,OI1909
2019-04-17 22:38:00,7060,7061,7059,7059,188,287196,13267160.0,OI1909
2019-04-17 22:39:00,7059,7059,7058,7059,52,287202,3669640.0,OI1909
2019-04-17 22:40:00,7060,7060,7059,7060,16,287204,1129120.0,OI1909
2019-04-17 22:41:00,7060,7060,7057,7057,256,287170,18065920.0,OI1909
2019-04-17 22:42:00,7059,7060,7058,7060,52,287170,3669640.0,OI1909
2019-04-17 22:43:00,7059,7067,7059,7065,954,287274,67323780.0,OI1909
2019-04-17 22:44:00,7066,7066,7062,7064,738,287490,52080660.0,OI1909
2019-04-17 22:45:00,7065,7066,7061,7062,410,287424,28933700.0,OI1909
2019-04-17 22:46:00,7062,7062,7057,7058,470,287428,33167900.0,OI1909
2019-04-17 22:47:00,7058,7059,7057,7057,298,287358,21029860.0,OI1909
2019-04-17 22:48:00,7058,7059,7057,7058,182,287366,12843740.0,OI1909
2019-04-17 22:49:00,7058,7059,7057,7058,52,287366,3669640.0,OI1909
2019-04-17 22:50:00,7058,7059,7056,7056,450,287340,31756500.0,OI1909
2019-04-17 22:51:00,7056,7056,7054,7055,600,287126,42342000.0,OI1909
2019-04-17 22:52:00,7055,7055,7053,7053,530,287052,37402100.0,OI1909
2019-04-17 22:53:00,7053,7057,7053,7056,588,286914,41495160.0,OI1909
2019-04-17 22:54:00,7057,7057,7056,7056,172,286868,12138040.0,OI1909
2019-04-17 22:55:00,7056,7056,7052,7052,328,286782,23146960.0,OI1909
2019-04-17 22:56:00,7052,7055,7052,7054,674,286612,47564180.0,OI1909
2019-04-17 22:57:00,7054,7055,7053,7054,166,286562,11714620.0,OI1909
2019-04-17 22:58:00,7054,7056,7053,7054,228,286594,16089960.0,OI1909
2019-04-17 22:59:00,7054,7054,7049,7053,1358,286254,95834060.0,OI1909
2019-04-17 23:00:00,7053,7054,7050,7053,364,286190,25687480.0,OI1909
2019-04-17 23:01:00,7052,7054,7052,7052,90,286194,6351300.0,OI1909
2019-04-17 23:02:00,7052,7053,7051,7051,166,286168,11714620.0,OI1909
2019-04-17 23:03:00,7051,7053,7051,7053,162,286170,11432340.0,OI1909
2019-04-17 23:04:00,7054,7055,7053,7055,288,286210,20324160.0,OI1909
2019-04-17 23:05:00,7053,7054,7052,7053,200,286266,14114000.0,OI1909
2019-04-17 23:06:00,7054,7054,7053,7053,146,286240,10303220.0,OI1909
2019-04-17 23:07:00,7054,7055,7053,7053,134,286194,9456380.0,OI1909
2019-04-17 23:08:00,7053,7053,7052,7053,110,286182,7762700.0,OI1909
2019-04-17 23:09:00,7052,7052,7051,7052,92,286170,6492440.0,OI1909
2019-04-17 23:10:00,7052,7052,7051,7052,54,286162,3810780.0,OI1909
2019-04-17 23:11:00,7051,7052,7050,7052,204,286086,14396280.0,OI1909
2019-04-17 23:12:00,7052,7053,7049,7049,324,286016,22864680.0,OI1909
2019-04-17 23:13:00,7049,7050,7046,7046,862,286000,60013140.0,OI1909
2019-04-17 23:14:00,7047,7047,7043,7046,1224,285710,86365440.0,OI1909
2019-04-17 23:15:00,7046,7048,7046,7047,450,285542,31752000.0,OI1909
2019-04-17 23:16:00,7047,7049,7047,7049,292,285564,20603520.0,OI1909
2019-04-17 23:17:00,7050,7050,7049,7049,70,285542,4939200.0,OI1909
2019-04-17 23:18:00,7048,7049,7048,7049,122,285530,8608320.0,OI1909
2019-04-17 23:19:00,7048,7050,7048,7050,138,285472,9737280.0,OI1909
2019-04-17 23:20:00,7050,7050,7048,7049,334,285374,23567040.0,OI1909
2019-04-17 23:21:00,7049,7050,7049,7050,266,285450,18768960.0,OI1909
2019-04-17 23:22:00,7049,7049,7047,7047,192,285380,13547520.0,OI1909
2019-04-17 23:23:00,7047,7048,7047,7048,38,285364,2681280.0,OI1909
2019-04-17 23:24:00,7047,7049,7046,7049,230,285318,16228800.0,OI1909
2019-04-17 23:25:00,7048,7049,7046,7047,394,285138,27800640.0,OI1909
2019-04-17 23:26:00,7047,7048,7047,7047,252,285126,17781120.0,OI1909
2019-04-17 23:27:00,7047,7049,7046,7048,896,284786,63221760.0,OI1909
2019-04-17 23:28:00,7048,7049,7045,7045,534,284584,37679040.0,OI1909
2019-04-17 23:29:00,7047,7048,7046,7047,644,284422,45440640.0,OI1909
2019-04-18 09:00:00,7046,7046,7024,7028,5768,282868,405116800.0,OI1909
2019-04-18 09:01:00,7029,7033,7024,7025,2298,282670,162100920.0,OI1909
2019-04-18 09:02:00,7025,7025,7015,7018,3610,282536,253653680.0,OI1909
2019-04-18 09:03:00,7018,7025,7017,7022,2998,282674,210423240.0,OI1909
2019-04-18 09:04:00,7022,7024,7020,7023,1266,282628,88239960.0,OI1909
2019-04-18 09:05:00,7023,7024,7019,7019,1216,282582,85740160.0,OI1909
2019-04-18 09:06:00,7020,7022,7017,7019,2168,282552,151793480.0,OI1909
2019-04-18 09:07:00,7020,7021,7019,7021,948,282308,66834000.0,OI1909
2019-04-18 09:08:00,7022,7024,7018,7024,862,282256,60771000.0,OI1909
2019-04-18 09:09:00,7023,7023,7020,7020,362,282236,25521000.0,OI1909
2019-04-18 09:10:00,7021,7023,7019,7022,396,282204,27918000.0,OI1909
2019-04-18 09:11:00,7023,7027,7022,7026,760,282110,52474520.0,OI1909
2019-04-18 09:12:00,7025,7032,7025,7030,1286,282434,90650140.0,OI1909
2019-04-18 09:13:00,7029,7030,7027,7030,630,282590,44408700.0,OI1909
2019-04-18 09:14:00,7030,7030,7029,7029,588,282788,41448120.0,OI1909
2019-04-18 09:15:00,7030,7031,7026,7027,612,282902,43139880.0,OI1909
2019-04-18 09:16:00,7027,7033,7027,7032,1064,283280,75001360.0,OI1909
2019-04-18 09:17:00,7032,7034,7031,7034,458,283444,32284420.0,OI1909
2019-04-18 09:18:00,7034,7034,7028,7030,746,283542,52052260.0,OI1909
2019-04-18 09:19:00,7029,7030,7029,7029,122,283596,8598560.0,OI1909
2019-04-18 09:20:00,7029,7032,7029,7029,550,283786,38764000.0,OI1909
2019-04-18 09:21:00,7029,7032,7029,7031,242,283812,17056160.0,OI1909
2019-04-18 09:22:00,7031,7032,7030,7031,334,283888,23540320.0,OI1909
2019-04-18 09:23:00,7030,7033,7030,7032,328,283900,23117440.0,OI1909
2019-04-18 09:24:00,7033,7033,7031,7031,156,283912,10994880.0,OI1909
2019-04-18 09:25:00,7032,7032,7027,7028,998,283986,70339040.0,OI1909
2019-04-18 09:26:00,7028,7029,7027,7028,266,283896,18747680.0,OI1909
2019-04-18 09:27:00,7028,7030,7028,7029,264,283856,18606720.0,OI1909
2019-04-18 09:28:00,7029,7030,7028,7029,156,283816,10994880.0,OI1909
2019-04-18 09:29:00,7029,7031,7028,7029,364,283798,25654720.0,OI1909
2019-04-18 09:30:00,7030,7031,7029,7030,188,283744,13250240.0,OI1909
2019-04-18 09:31:00,7030,7031,7029,7030,178,283744,12545440.0,OI1909
2019-04-18 09:32:00,7030,7035,7028,7034,808,283690,56947840.0,OI1909
2019-04-18 09:33:00,7035,7035,7032,7033,292,283642,20580160.0,OI1909
2019-04-18 09:34:00,7032,7033,7032,7032,352,283610,24808960.0,OI1909
2019-04-18 09:35:00,7032,7033,7031,7032,406,283586,28614880.0,OI1909
2019-04-18 09:36:00,7032,7034,7032,7033,180,283542,12686400.0,OI1909
2019-04-18 09:37:00,7034,7037,7033,7035,634,283522,44684320.0,OI1909
2019-04-18 09:38:00,7035,7044,7035,7041,1892,283562,132101740.0,OI1909
2019-04-18 09:39:00,7042,7047,7041,7043,1738,283884,122476860.0,OI1909
2019-04-18 09:40:00,7043,7045,7043,7043,876,283852,61731720.0,OI1909
2019-04-18 09:41:00,7044,7052,7043,7050,3024,284232,213101280.0,OI1909
2019-04-18 09:42:00,7051,7052,7046,7047,1510,284276,106409700.0,OI1909
2019-04-18 09:43:00,7047,7048,7047,7047,232,284314,16349040.0,OI1909
2019-04-18 09:44:00,7047,7050,7047,7049,738,284438,52006860.0,OI1909
2019-04-18 09:45:00,7049,7050,7047,7049,734,284586,51724980.0,OI1909
2019-04-18 09:46:00,7048,7054,7048,7054,1702,285104,119939940.0,OI1909
2019-04-18 09:47:00,7053,7053,7049,7051,718,285262,50597460.0,OI1909
2019-04-18 09:48:00,7051,7054,7051,7053,828,285572,59716580.0,OI1909
2019-04-18 09:49:00,7054,7057,7051,7055,2564,285826,180710720.0,OI1909
2019-04-18 09:50:00,7054,7055,7051,7053,928,286146,65405440.0,OI1909
2019-04-18 09:51:00,7053,7054,7051,7051,486,286260,34253280.0,OI1909
2019-04-18 09:52:00,7052,7052,7048,7049,604,286200,42569920.0,OI1909
2019-04-18 09:53:00,7049,7051,7049,7049,274,286218,19311520.0,OI1909
2019-04-18 09:54:00,7051,7051,7048,7050,450,286188,31716000.0,OI1909
2019-04-18 09:55:00,7049,7051,7049,7051,184,286098,12968320.0,OI1909
2019-04-18 09:56:00,7051,7051,7048,7049,286,286014,20157280.0,OI1909
2019-04-18 09:57:00,7049,7050,7048,7049,164,286030,11558720.0,OI1909
2019-04-18 09:58:00,7050,7051,7049,7050,180,286098,12686400.0,OI1909
2019-04-18 09:59:00,7050,7051,7047,7048,528,286152,37213440.0,OI1909
2019-04-18 10:00:00,7048,7053,7048,7051,724,286094,51027520.0,OI1909
2019-04-18 10:01:00,7051,7051,7045,7046,676,286050,47644480.0,OI1909
2019-04-18 10:02:00,7047,7048,7047,7047,370,286040,26077600.0,OI1909
2019-04-18 10:03:00,7047,7049,7047,7049,252,285994,17760960.0,OI1909
2019-04-18 10:04:00,7049,7050,7048,7050,124,286008,8739520.0,OI1909
2019-04-18 10:05:00,7049,7050,7048,7050,74,286034,5215520.0,OI1909
2019-04-18 10:06:00,7050,7051,7049,7050,362,286188,25513760.0,OI1909
2019-04-18 10:07:00,7050,7052,7050,7052,400,286336,28192000.0,OI1909
2019-04-18 10:08:00,7052,7054,7052,7053,426,286498,30024480.0,OI1909
2019-04-18 10:09:00,7053,7053,7052,7052,224,286562,15787520.0,OI1909
2019-04-18 10:10:00,7052,7053,7052,7052,202,286620,14236960.0,OI1909
2019-04-18 10:11:00,7052,7054,7052,7053,198,286722,13955040.0,OI1909
2019-04-18 10:12:00,7054,7054,7050,7050,314,286848,22130720.0,OI1909
2019-04-18 10:13:00,7050,7051,7049,7050,402,286854,28332960.0,OI1909
2019-04-18 10:14:00,7051,7052,7050,7052,184,286806,12968320.0,OI1909
2019-04-18 10:30:00,7052,7057,7052,7054,1772,287726,124890560.0,OI1909
2019-04-18 10:31:00,7053,7054,7051,7051,1148,287878,80911040.0,OI1909
2019-04-18 10:32:00,7051,7054,7051,7052,816,287890,57511680.0,OI1909
2019-04-18 10:33:00,7053,7054,7052,7053,166,287908,11699680.0,OI1909
2019-04-18 10:34:00,7054,7057,7054,7054,1382,288382,97403360.0,OI1909
2019-04-18 10:35:00,7054,7056,7054,7055,198,288492,13955040.0,OI1909
2019-04-18 10:36:00,7056,7057,7055,7055,508,288778,35803840.0,OI1909
2019-04-18 10:37:00,7055,7057,7053,7054,564,288928,39750720.0,OI1909
2019-04-18 10:38:00,7054,7055,7053,7053,298,288990,21003040.0,OI1909
2019-04-18 10:39:00,7053,7054,7052,7053,378,288954,26641440.0,OI1909
2019-04-18 10:40:00,7053,7055,7053,7055,274,288984,19311520.0,OI1909
2019-04-18 10:41:00,7055,7057,7054,7056,480,289142,33830400.0,OI1909
2019-04-18 10:42:00,7056,7058,7056,7058,400,289230,28192000.0,OI1909
2019-04-18 10:43:00,7057,7060,7056,7056,1488,289472,104874240.0,OI1909
2019-04-18 10:44:00,7056,7060,7056,7057,962,289602,67801760.0,OI1909
2019-04-18 10:45:00,7059,7060,7057,7058,616,289832,43415680.0,OI1909
2019-04-18 10:46:00,7058,7060,7053,7054,2346,290550,166967260.0,OI1909
2019-04-18 10:47:00,7054,7055,7051,7053,1030,290214,72604700.0,OI1909
2019-04-18 10:48:00,7052,7053,7048,7051,1412,290022,99531880.0,OI1909
2019-04-18 10:49:00,7051,7051,7049,7049,356,289960,25094440.0,OI1909
2019-04-18 10:50:00,7049,7051,7048,7050,410,289956,28900900.0,OI1909
2019-04-18 10:51:00,7049,7050,7048,7049,218,289892,15366820.0,OI1909
2019-04-18 10:52:00,7050,7052,7050,7051,222,289968,15648780.0,OI1909
2019-04-18 10:53:00,7050,7050,7043,7046,1178,289718,83037220.0,OI1909
2019-04-18 10:54:00,7046,7046,7043,7045,774,289554,54559260.0,OI1909
2019-04-18 10:55:00,7045,7049,7045,7047,522,289518,36795780.0,OI1909
2019-04-18 10:56:00,7048,7048,7046,7047,192,289522,13534080.0,OI1909
2019-04-18 10:57:00,7047,7047,7045,7046,166,289502,11701340.0,OI1909
2019-04-18 10:58:00,7046,7047,7045,7046,114,289510,8035860.0,OI1909
2019-04-18 10:59:00,7046,7049,7046,7049,336,289534,23684640.0,OI1909
2019-04-18 11:00:00,7049,7051,7049,7049,410,289562,28900900.0,OI1909
2019-04-18 11:01:00,7048,7049,7048,7049,96,289590,6767040.0,OI1909
2019-04-18 11:02:00,7049,7049,7043,7043,672,289464,47369280.0,OI1909
2019-04-18 11:03:00,7044,7044,7042,7043,794,289380,56823620.0,OI1909
2019-04-18 11:04:00,7043,7046,7043,7045,332,289336,23399360.0,OI1909
2019-04-18 11:05:00,7045,7045,7044,7044,138,289288,9726240.0,OI1909
2019-04-18 11:06:00,7044,7044,7042,7043,842,288648,59344160.0,OI1909
2019-04-18 11:07:00,7044,7048,7043,7046,548,288682,38623040.0,OI1909
2019-04-18 11:08:00,7046,7046,7044,7045,568,288746,40032640.0,OI1909
2019-04-18 11:09:00,7045,7045,7041,7041,384,288678,27064320.0,OI1909
2019-04-18 11:10:00,7041,7043,7041,7041,534,288606,37636320.0,OI1909
2019-04-18 11:11:00,7042,7042,7038,7038,724,288568,51027520.0,OI1909
2019-04-18 11:12:00,7039,7042,7038,7041,1002,288302,70620960.0,OI1909
2019-04-18 11:13:00,7042,7042,7039,7040,426,288150,30024480.0,OI1909
2019-04-18 11:14:00,7039,7041,7037,7040,794,288034,55961120.0,OI1909
2019-04-18 11:15:00,7040,7040,7036,7037,1112,287832,78373760.0,OI1909
2019-04-18 11:16:00,7037,7040,7037,7038,508,287612,35803840.0,OI1909
2019-04-18 11:17:00,7038,7041,7037,7041,516,287632,36367680.0,OI1909
2019-04-18 11:18:00,7041,7045,7039,7042,758,287642,53423840.0,OI1909
2019-04-18 11:19:00,7042,7046,7042,7045,326,287580,22976480.0,OI1909
2019-04-18 11:20:00,7045,7045,7041,7043,452,287450,31856960.0,OI1909
2019-04-18 11:21:00,7044,7044,7042,7044,202,287442,14236960.0,OI1909
2019-04-18 11:22:00,7044,7045,7042,7042,124,287436,8739520.0,OI1909
2019-04-18 11:23:00,7043,7044,7042,7043,64,287444,4510720.0,OI1909
2019-04-18 11:24:00,7043,7046,7043,7045,304,287414,21425920.0,OI1909
2019-04-18 11:25:00,7045,7045,7044,7045,36,287408,2537280.0,OI1909
2019-04-18 11:26:00,7045,7046,7045,7045,164,287426,11558720.0,OI1909
2019-04-18 11:27:00,7047,7047,7044,7044,280,287386,19734400.0,OI1909
2019-04-18 11:28:00,7044,7046,7044,7045,144,287342,10149120.0,OI1909
2019-04-18 11:29:00,7046,7046,7044,7045,198,287338,13955040.0,OI1909
2019-04-18 13:30:00,7045,7048,7040,7041,966,287572,68083680.0,OI1909
2019-04-18 13:31:00,7040,7043,7040,7042,438,287582,30870240.0,OI1909
2019-04-18 13:32:00,7041,7041,7036,7039,1144,287614,80629120.0,OI1909
2019-04-18 13:33:00,7039,7041,7037,7040,576,287608,40596480.0,OI1909
2019-04-18 13:34:00,7039,7039,7034,7035,1224,287720,86267520.0,OI1909
2019-04-18 13:35:00,7035,7036,7032,7034,1258,288036,88663840.0,OI1909
2019-04-18 13:36:00,7032,7033,7029,7030,2168,288384,152800640.0,OI1909
2019-04-18 13:37:00,7031,7031,7025,7026,2060,288912,143265460.0,OI1909
2019-04-18 13:38:00,7026,7028,7018,7018,2856,289368,201262320.0,OI1909
2019-04-18 13:39:00,7018,7024,7016,7017,3622,289624,254411660.0,OI1909
2019-04-18 13:40:00,7016,7018,7011,7016,4180,289938,294522800.0,OI1909
2019-04-18 13:41:00,7017,7017,7004,7004,4774,290520,334298380.0,OI1909
2019-04-18 13:42:00,7005,7006,6997,6999,6244,290892,437749700.0,OI1909
2019-04-18 13:43:00,6999,7004,6994,7004,3512,291520,245210060.0,OI1909
2019-04-18 13:44:00,7004,7012,7002,7011,2080,291132,146494400.0,OI1909
2019-04-18 13:45:00,7010,7010,7005,7008,1652,291050,118262420.0,OI1909
2019-04-18 13:46:00,7009,7014,7007,7013,1438,290864,101263960.0,OI1909
2019-04-18 13:47:00,7013,7013,7006,7007,1448,290842,101968160.0,OI1909
2019-04-18 13:48:00,7007,7007,7003,7005,1234,290598,86898280.0,OI1909
2019-04-18 13:49:00,7005,7012,7005,7010,580,290688,40843600.0,OI1909
2019-04-18 13:50:00,7011,7013,7010,7012,682,290788,48026440.0,OI1909
2019-04-18 13:51:00,7012,7012,7010,7012,470,290882,31705780.0,OI1909
2019-04-18 13:52:00,7012,7013,7011,7011,614,290846,43231740.0,OI1909
2019-04-18 13:53:00,7010,7012,7009,7009,876,290920,61679160.0,OI1909
2019-04-18 13:54:00,7009,7019,7009,7018,1344,290942,94631040.0,OI1909
2019-04-18 13:55:00,7019,7020,7012,7013,1054,290820,74212140.0,OI1909
2019-04-18 13:56:00,7013,7016,7013,7015,414,290682,29149740.0,OI1909
2019-04-18 13:57:00,7015,7017,7012,7013,550,290850,38725500.0,OI1909
2019-04-18 13:58:00,7013,7013,7010,7010,1316,291546,92659560.0,OI1909
2019-04-18 13:59:00,7009,7009,7002,7002,1844,291724,127484860.0,OI1909
2019-04-18 14:00:00,7002,7008,6999,7007,2612,291800,183884800.0,OI1909
2019-04-18 14:01:00,7007,7010,7006,7010,826,291886,58150400.0,OI1909
2019-04-18 14:02:00,7009,7009,7003,7006,722,291834,50828800.0,OI1909
2019-04-18 14:03:00,7006,7013,7003,7010,826,291986,58150400.0,OI1909
2019-04-18 14:04:00,7011,7013,7009,7013,624,292098,43929600.0,OI1909
2019-04-18 14:05:00,7012,7013,7010,7013,714,292202,50265600.0,OI1909
2019-04-18 14:06:00,7014,7014,7012,7013,480,292200,33792000.0,OI1909
2019-04-18 14:07:00,7013,7014,7013,7013,276,292182,17008420.0,OI1909
2019-04-18 14:08:00,7014,7015,7012,7013,388,292114,27311320.0,OI1909
2019-04-18 14:09:00,7013,7013,7011,7011,158,292156,11121620.0,OI1909
2019-04-18 14:10:00,7011,7015,7011,7014,198,292122,13937220.0,OI1909
2019-04-18 14:11:00,7014,7015,7012,7012,140,292126,9854600.0,OI1909
2019-04-18 14:12:00,7011,7012,7005,7005,606,292096,42656340.0,OI1909
2019-04-18 14:13:00,7005,7008,7005,7008,414,291910,29141460.0,OI1909
2019-04-18 14:14:00,7007,7009,7006,7008,328,291908,23087920.0,OI1909
2019-04-18 14:15:00,7007,7013,7007,7012,484,291904,34068760.0,OI1909
2019-04-18 14:16:00,7012,7012,7008,7009,254,291976,17879060.0,OI1909
2019-04-18 14:17:00,7009,7010,7007,7007,258,291892,18160620.0,OI1909
2019-04-18 14:18:00,7007,7008,7007,7007,314,291900,22102460.0,OI1909
2019-04-18 14:19:00,7006,7008,7005,7008,298,291908,20976220.0,OI1909
2019-04-18 14:20:00,7007,7008,7006,7007,216,291932,15204240.0,OI1909
2019-04-18 14:21:00,7007,7008,7006,7008,402,292010,28296780.0,OI1909
2019-04-18 14:22:00,7008,7009,7003,7003,838,292122,58986820.0,OI1909
2019-04-18 14:23:00,7003,7005,7001,7004,1080,292420,76021200.0,OI1909
2019-04-18 14:24:00,7004,7005,7002,7003,430,292470,30267700.0,OI1909
2019-04-18 14:25:00,7003,7013,7003,7011,1354,292518,93577640.0,OI1909
2019-04-18 14:26:00,7011,7011,7008,7009,196,292478,13794480.0,OI1909
2019-04-18 14:27:00,7008,7009,7007,7008,180,292466,12668400.0,OI1909
2019-04-18 14:28:00,7009,7011,7008,7011,280,292488,19706400.0,OI1909
2019-04-18 14:29:00,7009,7009,7006,7007,374,292408,26322120.0,OI1909
2019-04-18 14:30:00,7006,7006,7002,7004,942,292378,66297960.0,OI1909
2019-04-18 14:31:00,7005,7008,7003,7005,444,292414,31248720.0,OI1909
2019-04-18 14:32:00,7006,7006,7004,7005,176,292390,12386880.0,OI1909
2019-04-18 14:33:00,7004,7004,7003,7004,330,292484,23225400.0,OI1909
2019-04-18 14:34:00,7003,7003,6996,6997,2568,292756,180735840.0,OI1909
2019-04-18 14:35:00,6997,6997,6990,6994,3906,292288,272306740.0,OI1909
2019-04-18 14:36:00,6994,6994,6987,6988,2730,292572,192110100.0,OI1909
2019-04-18 14:37:00,6988,6989,6981,6982,5100,292140,356211160.0,OI1909
2019-04-18 14:38:00,6982,6987,6973,6978,7776,292406,541612160.0,OI1909
2019-04-18 14:39:00,6977,6983,6975,6976,4590,293994,320061100.0,OI1909
2019-04-18 14:40:00,6976,6976,6966,6971,5778,295214,403509460.0,OI1909
2019-04-18 14:41:00,6972,6977,6971,6977,2172,295170,149856040.0,OI1909
2019-04-18 14:42:00,6977,6984,6975,6983,2588,294798,181962280.0,OI1909
2019-04-18 14:43:00,6984,6986,6983,6984,2044,294416,143713640.0,OI1909
2019-04-18 14:44:00,6984,6987,6983,6983,1870,294368,128535680.0,OI1909
2019-04-18 14:45:00,6983,6987,6982,6982,1874,293768,131742200.0,OI1909
2019-04-18 14:46:00,6983,6984,6980,6981,1196,293314,84078800.0,OI1909
2019-04-18 14:47:00,6982,6989,6981,6986,1168,293272,82110400.0,OI1909
2019-04-18 14:48:00,6986,6992,6985,6990,2096,293558,147804520.0,OI1909
2019-04-18 14:49:00,6991,6994,6989,6990,1170,293568,82239300.0,OI1909
2019-04-18 14:50:00,6990,6994,6989,6993,948,293528,66634920.0,OI1909
2019-04-18 14:51:00,6992,6992,6986,6987,1198,293276,84207420.0,OI1909
2019-04-18 14:52:00,6987,6989,6985,6986,830,293330,58340700.0,OI1909
2019-04-18 14:53:00,6988,6990,6988,6989,236,293294,16588440.0,OI1909
2019-04-18 14:54:00,6988,6993,6988,6992,614,293262,43158060.0,OI1909
2019-04-18 14:55:00,6992,6993,6989,6991,1012,292776,71133480.0,OI1909
2019-04-18 14:56:00,6991,6992,6989,6991,898,292362,62821120.0,OI1909
2019-04-18 14:57:00,6990,6992,6988,6990,690,292024,48493200.0,OI1909
2019-04-18 14:58:00,6990,6991,6989,6991,738,291616,51866640.0,OI1909
2019-04-18 14:59:00,6991,6995,6989,6994,2524,290126,177386720.0,OI1909
2019-04-18 21:00:00,6995,6998,6991,6995,1800,290406,125892000.0,OI1909
2019-04-18 21:01:00,6996,6996,6990,6994,1414,290660,98895160.0,OI1909
2019-04-18 21:02:00,6994,7008,6994,7008,3082,290888,215869880.0,OI1909
2019-04-18 21:03:00,7008,7014,7005,7007,1938,291186,135805300.0,OI1909
2019-04-18 21:04:00,7007,7010,7006,7006,650,291316,45595340.0,OI1909
2019-04-18 21:05:00,7006,7009,7005,7005,904,291534,63298080.0,OI1909
2019-04-18 21:06:00,7005,7006,7002,7005,1226,291792,85844520.0,OI1909
2019-04-18 21:07:00,7005,7006,7003,7004,736,291968,51534720.0,OI1909
2019-04-18 21:08:00,7004,7006,7001,7006,766,292006,53635320.0,OI1909
2019-04-18 21:09:00,7005,7006,7005,7006,462,292084,32479020.0,OI1909
2019-04-18 21:10:00,7006,7009,7006,7008,450,292158,31513500.0,OI1909
2019-04-18 21:11:00,7008,7014,7008,7011,1322,292226,92727160.0,OI1909
2019-04-18 21:12:00,7011,7013,7007,7008,948,292406,66397920.0,OI1909
2019-04-18 21:13:00,7008,7008,7006,7007,568,292490,39782720.0,OI1909
2019-04-18 21:14:00,7007,7009,7007,7007,310,292556,21712400.0,OI1909
2019-04-18 21:15:00,7008,7009,7007,7009,396,292594,27735840.0,OI1909
2019-04-18 21:16:00,7008,7009,7006,7006,318,292536,22272720.0,OI1909
2019-04-18 21:17:00,7006,7006,6996,6996,1124,292342,78724960.0,OI1909
2019-04-18 21:18:00,6997,7001,6996,7001,910,292386,63736400.0,OI1909
2019-04-18 21:19:00,7001,7003,6999,7002,330,292510,23113200.0,OI1909
2019-04-18 21:20:00,7003,7003,6999,6999,356,292528,24934240.0,OI1909
2019-04-18 21:21:00,7000,7001,6998,6998,388,292534,27175520.0,OI1909
2019-04-18 21:22:00,6998,6999,6997,6999,290,292508,20104720.0,OI1909
2019-04-18 21:23:00,6999,7000,6991,6991,1264,292696,88517920.0,OI1909
2019-04-18 21:24:00,6992,6995,6987,6988,1864,292768,130297760.0,OI1909
2019-04-18 21:25:00,6990,6993,6989,6992,934,292912,65398680.0,OI1909
2019-04-18 21:26:00,6993,6996,6992,6994,554,292940,38538040.0,OI1909
2019-04-18 21:27:00,6994,6994,6990,6991,626,293114,43826260.0,OI1909
2019-04-18 21:28:00,6993,6996,6991,6995,538,293082,37665380.0,OI1909
2019-04-18 21:29:00,6995,6998,6995,6996,556,293196,38925560.0,OI1909
2019-04-18 21:30:00,6996,6999,6996,6996,708,293230,49567080.0,OI1909
2019-04-18 21:31:00,6997,6999,6996,6997,236,293276,16522360.0,OI1909
2019-04-18 21:32:00,6997,6998,6996,6997,168,293270,11761680.0,OI1909
2019-04-18 21:33:00,6996,6998,6996,6997,144,293262,10081440.0,OI1909
2019-04-18 21:34:00,6997,7000,6997,6999,230,293174,16102300.0,OI1909
2019-04-18 21:35:00,6999,7000,6998,7000,338,293254,23663380.0,OI1909
2019-04-18 21:36:00,6999,7000,6998,6998,74,293242,5180740.0,OI1909
2019-04-18 21:37:00,6998,6998,6995,6996,382,293172,26743820.0,OI1909
2019-04-18 21:38:00,6996,6998,6995,6996,428,293078,29964280.0,OI1909
2019-04-18 21:39:00,6996,6997,6994,6994,298,292982,20862980.0,OI1909
2019-04-18 21:40:00,6994,7000,6994,7000,386,292986,27023860.0,OI1909
2019-04-18 21:41:00,7000,7007,7000,7006,1978,292924,138479780.0,OI1909
2019-04-18 21:42:00,7006,7008,7003,7005,838,292982,58668380.0,OI1909
2019-04-18 21:43:00,7005,7006,7002,7006,578,293064,40465780.0,OI1909
2019-04-18 21:44:00,7006,7006,7003,7005,330,293086,23103300.0,OI1909
2019-04-18 21:45:00,7005,7006,7003,7005,420,293134,29404200.0,OI1909
2019-04-18 21:46:00,7005,7006,7004,7004,446,293074,31224460.0,OI1909
2019-04-18 21:47:00,7003,7005,7002,7005,374,293044,26183740.0,OI1909
2019-04-18 21:48:00,7004,7005,7003,7004,134,293082,9381340.0,OI1909
2019-04-18 21:49:00,7004,7004,7003,7004,312,293034,21843120.0,OI1909
2019-04-18 21:50:00,7004,7004,7003,7003,154,293036,10781540.0,OI1909
2019-04-18 21:51:00,7003,7004,7002,7004,156,292998,10921560.0,OI1909
2019-04-18 21:52:00,7004,7005,7003,7004,238,293064,16662380.0,OI1909
2019-04-18 21:53:00,7004,7004,7002,7002,242,293058,16942420.0,OI1909
2019-04-18 21:54:00,7002,7003,7001,7002,428,293170,29964280.0,OI1909
2019-04-18 21:55:00,7003,7003,7002,7002,316,293204,22123160.0,OI1909
2019-04-18 21:56:00,7002,7002,6996,6997,980,293284,68609800.0,OI1909
2019-04-18 21:57:00,6998,7001,6997,7000,392,293168,27443920.0,OI1909
2019-04-18 21:58:00,7000,7001,6999,7000,172,293230,12041720.0,OI1909
2019-04-18 21:59:00,7000,7002,7000,7001,260,293234,18202600.0,OI1909
2019-04-18 22:00:00,7002,7002,7001,7001,152,293202,10641520.0,OI1909
2019-04-18 22:01:00,7000,7001,6999,7000,182,293134,12741820.0,OI1909
2019-04-18 22:02:00,7000,7001,6999,6999,310,293152,21703100.0,OI1909
2019-04-18 22:03:00,6999,6999,6998,6998,360,293082,25203600.0,OI1909
2019-04-18 22:04:00,6998,7003,6998,7002,484,293212,33884840.0,OI1909
2019-04-18 22:05:00,7001,7010,7001,7009,1396,293374,97733960.0,OI1909
2019-04-18 22:06:00,7008,7011,7006,7007,1454,293388,101794540.0,OI1909
2019-04-18 22:07:00,7007,7007,7005,7005,332,293424,23681660.0,OI1909
2019-04-18 22:08:00,7005,7009,7005,7007,500,293402,35010000.0,OI1909
2019-04-18 22:09:00,7007,7009,7004,7004,484,293396,33889680.0,OI1909
2019-04-18 22:10:00,7004,7006,7004,7004,354,293376,24787080.0,OI1909
2019-04-18 22:11:00,7003,7004,7001,7001,432,293286,30248640.0,OI1909
2019-04-18 22:12:00,7002,7002,6999,7002,458,293258,32069160.0,OI1909
2019-04-18 22:13:00,7002,7002,7001,7002,348,293320,24366960.0,OI1909
2019-04-18 22:14:00,7001,7002,6997,7002,820,293248,57416400.0,OI1909
2019-04-18 22:15:00,7001,7002,7001,7001,174,293184,12183480.0,OI1909
2019-04-18 22:16:00,7001,7005,7001,7003,576,293070,40331520.0,OI1909
2019-04-18 22:17:00,7004,7005,7003,7004,168,293072,11763360.0,OI1909
2019-04-18 22:18:00,7003,7008,7003,7007,592,293216,41451840.0,OI1909
2019-04-18 22:19:00,7006,7008,7003,7003,316,293256,22126320.0,OI1909
2019-04-18 22:20:00,7004,7005,7002,7002,236,293174,16524720.0,OI1909
2019-04-18 22:21:00,7003,7003,6998,7000,548,293062,38370960.0,OI1909
2019-04-18 22:22:00,7001,7003,7001,7003,114,293052,7982280.0,OI1909
2019-04-18 22:23:00,7002,7005,7002,7004,154,293130,10783080.0,OI1909
2019-04-18 22:24:00,7004,7004,7002,7002,128,293062,8962560.0,OI1909
2019-04-18 22:25:00,7003,7003,7001,7002,130,293102,9102600.0,OI1909
2019-04-18 22:26:00,7002,7003,7001,7003,114,293112,7982280.0,OI1909
2019-04-18 22:27:00,7005,7009,7003,7004,806,293090,56436120.0,OI1909
2019-04-18 22:28:00,7004,7007,7003,7005,226,293066,15824520.0,OI1909
2019-04-18 22:29:00,7005,7005,7004,7005,84,293050,5881680.0,OI1909
2019-04-18 22:30:00,7006,7008,7006,7007,454,293010,31789080.0,OI1909
2019-04-18 22:31:00,7006,7011,7005,7009,974,293002,68199480.0,OI1909
2019-04-18 22:32:00,7009,7009,7008,7008,330,293108,23106600.0,OI1909
2019-04-18 22:33:00,7007,7008,7006,7007,410,293068,28708200.0,OI1909
2019-04-18 22:34:00,7008,7008,7004,7005,206,293024,14424120.0,OI1909
2019-04-18 22:35:00,7005,7006,7004,7005,262,292884,18345240.0,OI1909
2019-04-18 22:36:00,7005,7005,7005,7005,12,292884,840240.0,OI1909
2019-04-18 22:37:00,7006,7008,7006,7007,320,292900,22406400.0,OI1909
2019-04-18 22:38:00,7007,7011,7006,7011,620,293116,43412400.0,OI1909
2019-04-18 22:39:00,7010,7011,7008,7008,270,293086,18905400.0,OI1909
2019-04-18 22:40:00,7008,7008,7006,7006,262,293052,18345240.0,OI1909
2019-04-18 22:41:00,7006,7006,7002,7003,374,292944,26187480.0,OI1909
2019-04-18 22:42:00,7003,7005,7003,7004,132,292944,9242640.0,OI1909
2019-04-18 22:43:00,7004,7005,7004,7004,112,292950,7842240.0,OI1909
2019-04-18 22:44:00,7003,7003,7000,7000,544,292916,38090880.0,OI1909
2019-04-18 22:45:00,6999,7004,6998,7003,844,293078,59096880.0,OI1909
2019-04-18 22:46:00,7005,7005,7003,7003,134,293062,9382680.0,OI1909
2019-04-18 22:47:00,7003,7004,7003,7003,194,293060,13583880.0,OI1909
2019-04-18 22:48:00,7003,7004,7002,7003,146,293028,10222920.0,OI1909
2019-04-18 22:49:00,7002,7004,7002,7004,102,293044,7142040.0,OI1909
2019-04-18 22:50:00,7003,7005,7003,7005,70,293054,4901400.0,OI1909
2019-04-18 22:51:00,7004,7007,7004,7005,266,293048,18625320.0,OI1909
2019-04-18 22:52:00,7004,7006,7004,7006,112,293024,7842240.0,OI1909
2019-04-18 22:53:00,7005,7007,7003,7005,144,292950,10082880.0,OI1909
2019-04-18 22:54:00,7005,7005,7002,7003,182,292938,12743640.0,OI1909
2019-04-18 22:55:00,7004,7008,7004,7006,350,292940,24507000.0,OI1909
2019-04-18 22:56:00,7007,7008,7006,7006,102,292942,7142040.0,OI1909
2019-04-18 22:57:00,7005,7006,7005,7005,114,292948,7982280.0,OI1909
2019-04-18 22:58:00,7005,7008,7005,7008,126,292944,8822520.0,OI1909
2019-04-18 22:59:00,7008,7008,7006,7006,196,292896,13723920.0,OI1909
2019-04-18 23:00:00,7005,7007,7005,7007,58,292888,4061160.0,OI1909
2019-04-18 23:01:00,7007,7008,7007,7008,78,292870,5461560.0,OI1909
2019-04-18 23:02:00,7007,7011,7007,7010,562,292960,39351240.0,OI1909
2019-04-18 23:03:00,7010,7016,7009,7011,1542,293058,108592840.0,OI1909
2019-04-18 23:04:00,7010,7011,7008,7010,388,293104,27171640.0,OI1909
2019-04-18 23:05:00,7009,7010,7007,7010,502,293108,35155060.0,OI1909
2019-04-18 23:06:00,7009,7011,7009,7010,218,293090,15266540.0,OI1909
2019-04-18 23:07:00,7010,7011,7009,7010,218,293094,15266540.0,OI1909
2019-04-18 23:08:00,7009,7010,7009,7009,70,293060,4902100.0,OI1909
2019-04-18 23:09:00,7009,7011,7009,7011,182,292944,12745460.0,OI1909
2019-04-18 23:10:00,7010,7012,7010,7011,298,292864,20868940.0,OI1909
2019-04-18 23:11:00,7010,7012,7010,7011,136,292906,9524080.0,OI1909
2019-04-18 23:12:00,7010,7011,7010,7010,286,293032,20028580.0,OI1909
2019-04-18 23:13:00,7009,7009,7008,7008,256,292894,17927680.0,OI1909
2019-04-18 23:14:00,7008,7008,7006,7006,334,292904,23390020.0,OI1909
2019-04-18 23:15:00,7006,7010,7006,7009,468,292828,32774040.0,OI1909
2019-04-18 23:16:00,7008,7010,7008,7009,72,292844,5042160.0,OI1909
2019-04-18 23:17:00,7008,7009,7007,7007,100,292814,7003000.0,OI1909
2019-04-18 23:18:00,7007,7009,7007,7009,50,292784,3501500.0,OI1909
2019-04-18 23:19:00,7009,7012,7009,7012,394,292616,27591820.0,OI1909
2019-04-18 23:20:00,7011,7011,7010,7010,248,292628,17367440.0,OI1909
2019-04-18 23:21:00,7010,7011,7010,7011,80,292608,5602400.0,OI1909
2019-04-18 23:22:00,7011,7012,7010,7010,102,292586,7143060.0,OI1909
2019-04-18 23:23:00,7011,7011,7009,7009,210,292500,14706300.0,OI1909
2019-04-18 23:24:00,7009,7009,7007,7007,174,292462,12185220.0,OI1909
2019-04-18 23:25:00,7009,7011,7008,7010,274,292344,19188220.0,OI1909
2019-04-18 23:26:00,7009,7009,7007,7008,160,292290,11204800.0,OI1909
2019-04-18 23:27:00,7009,7009,7007,7008,252,292170,17647560.0,OI1909
2019-04-18 23:28:00,7009,7010,7008,7009,188,292092,13165640.0,OI1909
2019-04-18 23:29:00,7010,7011,7008,7010,390,291962,27311700.0,OI1909
2019-04-19 09:00:00,7018,7019,7010,7012,2958,292312,207860820.0,OI1909
2019-04-19 09:01:00,7012,7019,7012,7018,1026,292590,71861040.0,OI1909
2019-04-19 09:02:00,7018,7019,7013,7014,880,292638,61635200.0,OI1909
2019-04-19 09:03:00,7015,7017,7014,7016,858,292786,60094320.0,OI1909
2019-04-19 09:04:00,7015,7022,7015,7018,1994,292854,140419420.0,OI1909
2019-04-19 09:05:00,7018,7022,7016,7019,1814,293174,127070700.0,OI1909
2019-04-19 09:06:00,7019,7020,7017,7019,604,293182,42310200.0,OI1909
2019-04-19 09:07:00,7019,7020,7016,7016,602,293152,42170100.0,OI1909
2019-04-19 09:08:00,7017,7021,7017,7021,774,293226,54218700.0,OI1909
2019-04-19 09:09:00,7021,7022,7017,7018,1164,293440,81538200.0,OI1909
2019-04-19 09:10:00,7017,7020,7017,7020,672,293702,47889560.0,OI1909
2019-04-19 09:11:00,7020,7022,7019,7020,624,293784,43717440.0,OI1909
2019-04-19 09:12:00,7019,7020,7018,7020,300,293752,21018000.0,OI1909
2019-04-19 09:13:00,7020,7020,7016,7019,570,293838,39934200.0,OI1909
2019-04-19 09:14:00,7019,7020,7018,7019,386,293718,27043160.0,OI1909
2019-04-19 09:15:00,7019,7020,7018,7020,570,293840,39934200.0,OI1909
2019-04-19 09:16:00,7021,7021,7017,7017,550,293806,38533000.0,OI1909
2019-04-19 09:17:00,7018,7020,7018,7019,532,293842,37271920.0,OI1909
2019-04-19 09:18:00,7019,7020,7018,7020,356,293788,24941360.0,OI1909
2019-04-19 09:19:00,7020,7021,7018,7021,648,293754,45398880.0,OI1909
2019-04-19 09:20:00,7021,7021,7015,7016,870,294028,60952200.0,OI1909
2019-04-19 09:21:00,7015,7018,7015,7017,256,293978,17935360.0,OI1909
2019-04-19 09:22:00,7017,7019,7016,7019,574,293910,41092760.0,OI1909
2019-04-19 09:23:00,7018,7019,7017,7018,228,293922,15975960.0,OI1909
2019-04-19 09:24:00,7018,7019,7018,7019,512,294028,35875840.0,OI1909
2019-04-19 09:25:00,7019,7020,7019,7019,210,294052,14714700.0,OI1909
2019-04-19 09:26:00,7019,7021,7019,7021,610,294028,42742700.0,OI1909
2019-04-19 09:27:00,7020,7021,7017,7018,610,294060,42742700.0,OI1909
2019-04-19 09:28:00,7017,7020,7017,7018,358,294042,25085060.0,OI1909
2019-04-19 09:29:00,7017,7021,7017,7020,682,294076,47787740.0,OI1909
2019-04-19 09:30:00,7018,7024,7018,7019,2838,294088,198858660.0,OI1909
2019-04-19 09:31:00,7020,7022,7018,7021,404,294034,28308280.0,OI1909
2019-04-19 09:32:00,7020,7021,7017,7017,500,294110,35035000.0,OI1909
2019-04-19 09:33:00,7016,7020,7016,7018,452,293986,32624000.0,OI1909
2019-04-19 09:34:00,7018,7019,7016,7017,412,293972,28872960.0,OI1909
2019-04-19 09:35:00,7017,7019,7014,7014,728,293950,51018240.0,OI1909
2019-04-19 09:36:00,7015,7017,7014,7015,362,293880,25368960.0,OI1909
2019-04-19 09:37:00,7015,7015,7011,7011,1046,293706,73303680.0,OI1909
2019-04-19 09:38:00,7011,7013,7011,7011,540,293700,37843200.0,OI1909
2019-04-19 09:39:00,7012,7012,7009,7011,564,293594,39525120.0,OI1909
2019-04-19 09:40:00,7010,7013,7008,7009,520,293474,36441600.0,OI1909
2019-04-19 09:41:00,7009,7012,7009,7009,638,293446,44711040.0,OI1909
2019-04-19 09:42:00,7009,7009,7004,7006,1144,293324,80171520.0,OI1909
2019-04-19 09:43:00,7007,7009,7005,7006,642,293264,44991360.0,OI1909
2019-04-19 09:44:00,7007,7009,7006,7007,330,293270,23126400.0,OI1909
2019-04-19 09:45:00,7007,7010,7007,7010,522,293276,36581760.0,OI1909
2019-04-19 09:46:00,7010,7010,7008,7009,288,293278,20183040.0,OI1909
2019-04-19 09:47:00,7008,7012,7008,7012,534,293134,37422720.0,OI1909
2019-04-19 09:48:00,7012,7013,7010,7011,294,293158,20603520.0,OI1909
2019-04-19 09:49:00,7011,7012,7011,7011,168,293158,11773440.0,OI1909
2019-04-19 09:50:00,7012,7012,7010,7012,412,293184,28872960.0,OI1909
2019-04-19 09:51:00,7011,7013,7011,7012,80,293198,5606400.0,OI1909
2019-04-19 09:52:00,7011,7011,7009,7010,296,293202,20743680.0,OI1909
2019-04-19 09:53:00,7011,7012,7010,7010,176,293222,12334080.0,OI1909
2019-04-19 09:54:00,7010,7011,7010,7010,146,293260,10231680.0,OI1909
2019-04-19 09:55:00,7010,7010,7006,7006,404,293298,28312320.0,OI1909
2019-04-19 09:56:00,7006,7007,7003,7003,1080,293238,75686400.0,OI1909
2019-04-19 09:57:00,7004,7006,7003,7004,512,293296,35880960.0,OI1909
2019-04-19 09:58:00,7004,7004,7001,7003,766,293394,53681280.0,OI1909
2019-04-19 09:59:00,7002,7005,7002,7004,346,293312,24247680.0,OI1909
2019-04-19 10:00:00,7004,7005,7001,7002,652,293358,45692160.0,OI1909
2019-04-19 10:01:00,7002,7004,7002,7003,372,293352,26069760.0,OI1909
2019-04-19 10:02:00,7004,7007,7004,7007,500,293370,35040000.0,OI1909
2019-04-19 10:03:00,7007,7007,7005,7005,456,293376,31956480.0,OI1909
2019-04-19 10:04:00,7005,7006,7003,7003,316,293400,22145280.0,OI1909
2019-04-19 10:05:00,7002,7005,7001,7005,516,293388,36161280.0,OI1909
2019-04-19 10:06:00,7005,7007,7005,7006,530,293324,37142400.0,OI1909
2019-04-19 10:07:00,7006,7008,7005,7008,336,293404,23546880.0,OI1909
2019-04-19 10:08:00,7008,7009,7006,7008,430,293298,30134400.0,OI1909
2019-04-19 10:09:00,7007,7008,7007,7008,114,293310,7989120.0,OI1909
2019-04-19 10:10:00,7009,7009,7007,7008,364,293204,25509120.0,OI1909
2019-04-19 10:11:00,7009,7009,7007,7008,204,293166,14296320.0,OI1909
2019-04-19 10:12:00,7008,7009,7006,7006,154,293142,10792320.0,OI1909
2019-04-19 10:13:00,7006,7007,7005,7005,902,293218,63212160.0,OI1909
2019-04-19 10:14:00,7007,7008,7006,7007,134,293230,9390720.0,OI1909
2019-04-19 10:30:00,7007,7007,7005,7005,202,293364,14156160.0,OI1909
2019-04-19 10:31:00,7005,7006,7002,7002,652,293560,45692160.0,OI1909
2019-04-19 10:32:00,7002,7003,7001,7002,312,293630,21864960.0,OI1909
2019-04-19 10:33:00,7002,7004,7002,7004,180,293656,12614400.0,OI1909
2019-04-19 10:34:00,7003,7004,6996,6996,1752,293680,121607520.0,OI1909
2019-04-19 10:35:00,6997,6999,6995,6995,562,293770,39379340.0,OI1909
2019-04-19 10:36:00,6995,6998,6992,6997,1122,293904,78618540.0,OI1909
2019-04-19 10:37:00,6997,6997,6992,6993,788,294006,55215160.0,OI1909
2019-04-19 10:38:00,6993,6995,6992,6994,506,294180,35455420.0,OI1909
2019-04-19 10:39:00,6993,6993,6986,6987,2218,294470,155415260.0,OI1909
2019-04-19 10:40:00,6987,6992,6986,6989,1792,294298,125565440.0,OI1909
2019-04-19 10:41:00,6989,6991,6987,6990,956,294180,66545440.0,OI1909
2019-04-19 10:42:00,6990,6990,6987,6988,628,294350,43997680.0,OI1909
2019-04-19 10:43:00,6988,6990,6988,6988,374,294462,26202440.0,OI1909
2019-04-19 10:44:00,6989,6992,6989,6991,586,294476,41055160.0,OI1909
2019-04-19 10:45:00,6990,6990,6988,6989,560,294710,39233600.0,OI1909
2019-04-19 10:46:00,6989,6991,6988,6990,456,294926,31947360.0,OI1909
2019-04-19 10:47:00,6990,6990,6983,6987,1262,295142,88415720.0,OI1909
2019-04-19 10:48:00,6987,6987,6983,6985,786,295302,55067160.0,OI1909
2019-04-19 10:49:00,6984,6986,6982,6985,778,295282,54506680.0,OI1909
2019-04-19 10:50:00,6985,6988,6984,6988,496,295358,34749760.0,OI1909
2019-04-19 10:51:00,6988,6988,6984,6987,596,295362,42224860.0,OI1909
2019-04-19 10:52:00,6986,6991,6986,6991,674,295382,47213700.0,OI1909
2019-04-19 10:53:00,6991,6993,6990,6991,970,295248,67948500.0,OI1909
2019-04-19 10:54:00,6991,6999,6991,6998,1642,294832,115022100.0,OI1909
2019-04-19 10:55:00,6998,6998,6994,6995,514,294940,36005700.0,OI1909
2019-04-19 10:56:00,6995,6996,6993,6993,390,295050,27319500.0,OI1909
2019-04-19 10:57:00,6993,6995,6992,6995,508,295164,35585400.0,OI1909
2019-04-19 10:58:00,6994,6995,6993,6993,288,295158,20174400.0,OI1909
2019-04-19 10:59:00,6993,6993,6992,6993,110,295162,7705500.0,OI1909
2019-04-19 11:00:00,6994,6995,6991,6992,366,295214,25638300.0,OI1909
2019-04-19 11:01:00,6991,6992,6991,6991,52,295198,3642600.0,OI1909
2019-04-19 11:02:00,6991,6992,6990,6992,238,295196,16671900.0,OI1909
2019-04-19 11:03:00,6992,6992,6990,6991,134,295208,9386700.0,OI1909
2019-04-19 11:04:00,6991,6992,6991,6991,228,295216,15971400.0,OI1909
2019-04-19 11:05:00,6991,6991,6990,6991,268,295256,18773400.0,OI1909
2019-04-19 11:06:00,6992,6994,6989,6989,490,295200,34324500.0,OI1909
2019-04-19 11:07:00,6989,6990,6986,6987,638,295270,44691900.0,OI1909
2019-04-19 11:08:00,6987,6987,6980,6985,1604,295280,110951760.0,OI1909
2019-04-19 11:09:00,6985,6988,6984,6986,564,295264,39502560.0,OI1909
2019-04-19 11:10:00,6985,6987,6982,6983,626,295478,43845040.0,OI1909
2019-04-19 11:11:00,6983,6986,6983,6986,352,295490,24654080.0,OI1909
2019-04-19 11:12:00,6986,6986,6983,6983,260,295490,18210400.0,OI1909
2019-04-19 11:13:00,6983,6985,6983,6985,298,295524,20871920.0,OI1909
2019-04-19 11:14:00,6984,6985,6982,6984,442,295566,30957680.0,OI1909
2019-04-19 11:15:00,6984,6990,6984,6989,1294,295462,90631760.0,OI1909
2019-04-19 11:16:00,6988,6990,6986,6990,598,295450,41883920.0,OI1909
2019-04-19 11:17:00,6990,6990,6986,6988,534,295382,37401360.0,OI1909
2019-04-19 11:18:00,6988,6990,6988,6990,276,295320,19331040.0,OI1909
2019-04-19 11:19:00,6989,6991,6989,6991,234,295338,16389360.0,OI1909
2019-04-19 11:20:00,6990,6992,6988,6991,412,295352,28856480.0,OI1909
2019-04-19 11:21:00,6992,6992,6990,6992,214,295304,14988560.0,OI1909
2019-04-19 11:22:00,6991,6992,6991,6991,198,295338,13867920.0,OI1909
2019-04-19 11:23:00,6991,6992,6990,6992,178,295356,12467120.0,OI1909
2019-04-19 11:24:00,6992,6993,6991,6991,294,295356,20591760.0,OI1909
2019-04-19 11:25:00,6990,6991,6987,6988,450,295564,31518000.0,OI1909
2019-04-19 11:26:00,6988,6990,6988,6989,110,295580,7704400.0,OI1909
2019-04-19 11:27:00,6990,6991,6985,6985,802,295604,56172080.0,OI1909
2019-04-19 11:28:00,6985,6985,6983,6983,228,295594,15969120.0,OI1909
2019-04-19 11:29:00,6983,6985,6981,6981,946,295374,64756300.0,OI1909
2019-04-19 13:30:00,6980,6980,6974,6976,2432,296016,170312960.0,OI1909
2019-04-19 13:31:00,6976,6980,6975,6978,1028,296126,71990840.0,OI1909
2019-04-19 13:32:00,6978,6979,6972,6974,1454,296072,101823620.0,OI1909
2019-04-19 13:33:00,6974,6976,6971,6975,1186,296288,83757400.0,OI1909
2019-04-19 13:34:00,6975,6978,6974,6977,616,296176,43132320.0,OI1909
2019-04-19 13:35:00,6976,6979,6976,6978,458,296246,32069160.0,OI1909
2019-04-19 13:36:00,6978,6978,6974,6975,358,296260,25067160.0,OI1909
2019-04-19 13:37:00,6976,6978,6975,6976,552,296142,38651040.0,OI1909
2019-04-19 13:38:00,6976,6977,6971,6971,938,296296,65678760.0,OI1909
2019-04-19 13:39:00,6971,6977,6971,6977,818,296300,57276360.0,OI1909
2019-04-19 13:40:00,6977,6978,6973,6973,618,296198,43272360.0,OI1909
2019-04-19 13:41:00,6973,6973,6969,6973,2654,296704,184620420.0,OI1909
2019-04-19 13:42:00,6972,6976,6969,6976,2020,296064,141420200.0,OI1909
2019-04-19 13:43:00,6977,6985,6976,6985,2616,295780,181467140.0,OI1909
2019-04-19 13:44:00,6985,6989,6982,6985,1880,295648,131600000.0,OI1909
2019-04-19 13:45:00,6985,6989,6983,6987,1330,295694,93100000.0,OI1909
2019-04-19 13:46:00,6987,6988,6985,6986,726,295472,50820000.0,OI1909
2019-04-19 13:47:00,6987,6993,6987,6991,1742,295120,121940000.0,OI1909
2019-04-19 13:48:00,6991,6995,6991,6994,1156,294934,80920000.0,OI1909
2019-04-19 13:49:00,6995,6995,6992,6994,784,294664,54880000.0,OI1909
2019-04-19 13:50:00,6993,6994,6991,6993,592,294450,41440000.0,OI1909
2019-04-19 13:51:00,6993,6997,6993,6995,1382,294270,96740000.0,OI1909
2019-04-19 13:52:00,6995,6996,6993,6994,430,294306,30100000.0,OI1909
2019-04-19 13:53:00,6994,6995,6993,6994,418,294164,29260000.0,OI1909
2019-04-19 13:54:00,6995,7002,6994,7001,1842,293894,128940000.0,OI1909
2019-04-19 13:55:00,7001,7006,7000,7001,2972,293080,208040000.0,OI1909
2019-04-19 13:56:00,7001,7004,7001,7003,848,293052,59360000.0,OI1909
2019-04-19 13:57:00,7004,7007,7004,7005,1238,292872,86660000.0,OI1909
2019-04-19 13:58:00,7005,7007,7003,7006,1054,292840,73780000.0,OI1909
2019-04-19 13:59:00,7007,7008,7004,7008,1310,292830,91700000.0,OI1909
2019-04-19 14:00:00,7008,7009,7005,7008,1492,292804,104440000.0,OI1909
2019-04-19 14:01:00,7008,7008,7004,7005,438,292820,30660000.0,OI1909
2019-04-19 14:02:00,7006,7007,7001,7001,882,292818,61740000.0,OI1909
2019-04-19 14:03:00,7001,7005,7001,7004,686,292676,48020000.0,OI1909
2019-04-19 14:04:00,7003,7004,6999,6999,838,292626,58660000.0,OI1909
2019-04-19 14:05:00,6999,7003,6999,7003,474,292612,33180000.0,OI1909
2019-04-19 14:06:00,7003,7004,7000,7001,366,292616,25620000.0,OI1909
2019-04-19 14:07:00,7002,7002,7000,7001,282,292636,19740000.0,OI1909
2019-04-19 14:08:00,7000,7002,6998,7001,676,292702,47320000.0,OI1909
2019-04-19 14:09:00,7001,7002,6999,7000,466,292724,32620000.0,OI1909
2019-04-19 14:10:00,7000,7004,7000,7003,560,292804,39200000.0,OI1909
2019-04-19 14:11:00,7003,7004,7001,7003,312,292872,21840000.0,OI1909
2019-04-19 14:12:00,7002,7004,7002,7003,386,292952,27020000.0,OI1909
2019-04-19 14:13:00,7003,7004,7003,7003,282,293026,19740000.0,OI1909
2019-04-19 14:14:00,7003,7004,7001,7001,318,293050,22260000.0,OI1909
2019-04-19 14:15:00,7002,7004,7002,7003,186,293106,13020000.0,OI1909
2019-04-19 14:16:00,7004,7007,7004,7007,800,293238,56000000.0,OI1909
2019-04-19 14:17:00,7007,7008,7006,7006,592,293348,41440000.0,OI1909
2019-04-19 14:18:00,7006,7007,7003,7003,390,293292,27300000.0,OI1909
2019-04-19 14:19:00,7004,7004,7001,7001,380,293374,26600000.0,OI1909
2019-04-19 14:20:00,7002,7004,7001,7003,298,293386,20860000.0,OI1909
2019-04-19 14:21:00,7003,7005,7003,7005,188,293372,13160000.0,OI1909
2019-04-19 14:22:00,7004,7004,7002,7003,186,293350,13020000.0,OI1909
2019-04-19 14:23:00,7003,7003,7001,7002,190,293316,13300000.0,OI1909
2019-04-19 14:24:00,7002,7002,6997,6997,1192,293062,83440000.0,OI1909
2019-04-19 14:25:00,6998,6998,6994,6997,1014,292976,70980000.0,OI1909
2019-04-19 14:26:00,6997,7001,6996,7000,668,292862,46760000.0,OI1909
2019-04-19 14:27:00,7000,7000,6997,6998,564,292622,39480000.0,OI1909
2019-04-19 14:28:00,6998,6999,6993,6996,892,292420,62440000.0,OI1909
2019-04-19 14:29:00,6995,6995,6989,6990,980,292168,68600000.0,OI1909
2019-04-19 14:30:00,6991,6991,6984,6984,1626,292066,113820000.0,OI1909
2019-04-19 14:31:00,6984,6989,6984,6989,628,292052,43960000.0,OI1909
2019-04-19 14:32:00,6989,6991,6988,6990,416,292034,29120000.0,OI1909
2019-04-19 14:33:00,6990,6991,6989,6991,446,291918,31220000.0,OI1909
2019-04-19 14:34:00,6991,6994,6991,6993,730,291896,51100000.0,OI1909
2019-04-19 14:35:00,6993,6997,6993,6994,852,292018,59640000.0,OI1909
2019-04-19 14:36:00,6994,6994,6992,6994,400,291878,28000000.0,OI1909
2019-04-19 14:37:00,6995,6999,6994,6997,730,291672,51100000.0,OI1909
2019-04-19 14:38:00,6997,6997,6995,6995,1298,291482,90860000.0,OI1909
2019-04-19 14:39:00,6995,6997,6994,6996,184,291440,12880000.0,OI1909
2019-04-19 14:40:00,6995,6997,6994,6995,364,291404,25480000.0,OI1909
2019-04-19 14:41:00,6995,6995,6991,6992,438,291242,30660000.0,OI1909
2019-04-19 14:42:00,6993,6994,6989,6989,488,291278,34160000.0,OI1909
2019-04-19 14:43:00,6989,6993,6989,6992,386,291356,27020000.0,OI1909
2019-04-19 14:44:00,6992,6993,6992,6992,128,291284,8960000.0,OI1909
2019-04-19 14:45:00,6992,6994,6992,6994,202,291242,14140000.0,OI1909
2019-04-19 14:46:00,6994,6996,6994,6996,204,291188,14280000.0,OI1909
2019-04-19 14:47:00,6996,6998,6995,6997,526,291266,36820000.0,OI1909
2019-04-19 14:48:00,6998,6999,6993,6993,822,291504,57540000.0,OI1909
2019-04-19 14:49:00,6994,6995,6990,6992,540,291414,37800000.0,OI1909
2019-04-19 14:50:00,6991,6993,6991,6993,466,291310,32620000.0,OI1909
2019-04-19 14:51:00,6994,6996,6993,6995,258,291290,18060000.0,OI1909
2019-04-19 14:52:00,6995,6997,6994,6996,214,291220,14980000.0,OI1909
2019-04-19 14:53:00,6996,6998,6995,6998,410,291166,28700000.0,OI1909
2019-04-19 14:54:00,6997,6999,6996,6998,762,290994,53340000.0,OI1909
2019-04-19 14:55:00,6998,7001,6998,6998,612,290876,42840000.0,OI1909
2019-04-19 14:56:00,6997,7000,6997,6998,350,290766,24500000.0,OI1909
2019-04-19 14:57:00,6998,6999,6997,6997,632,290444,44240000.0,OI1909
2019-04-19 14:58:00,6998,6999,6995,6997,1132,290134,79240000.0,OI1909
2019-04-19 14:59:00,6998,6998,6991,6991,1652,289740,115640000.0,OI1909
2019-04-19 21:00:00,6990,6990,6982,6986,4718,289068,329646660.0,OI1909
2019-04-19 21:01:00,6986,6986,6982,6983,1478,289072,103205900.0,OI1909
2019-04-19 21:02:00,6983,6992,6983,6986,2786,289274,194719780.0,OI1909
2019-04-19 21:03:00,6985,6987,6985,6987,1064,289196,74341680.0,OI1909
2019-04-19 21:04:00,6986,6987,6984,6984,860,289196,60088200.0,OI1909
2019-04-19 21:05:00,6984,6985,6971,6971,4918,288490,343145940.0,OI1909
2019-04-19 21:06:00,6966,6989,6965,6986,6352,288614,443180160.0,OI1909
2019-04-19 21:07:00,6986,7002,6985,7001,5434,288604,380230180.0,OI1909
2019-04-19 21:08:00,7000,7006,6996,7004,3494,288866,244677980.0,OI1909
2019-04-19 21:09:00,7003,7003,6995,6995,1758,288536,122831460.0,OI1909
2019-04-19 21:10:00,6996,7000,6995,6999,938,288504,65876060.0,OI1909
2019-04-19 21:11:00,6999,6999,6995,6995,408,288482,28511040.0,OI1909
2019-04-19 21:12:00,6995,6998,6995,6995,568,288526,39691840.0,OI1909
2019-04-19 21:13:00,6996,6997,6995,6997,146,288560,10202480.0,OI1909
2019-04-19 21:14:00,6997,6997,6994,6996,924,288106,64569120.0,OI1909
2019-04-19 21:15:00,6996,7000,6996,6999,868,287986,60655840.0,OI1909
2019-04-19 21:16:00,7000,7002,6997,7000,1372,288078,96256220.0,OI1909
2019-04-19 21:17:00,6999,7005,6999,7005,1174,287838,82050860.0,OI1909
2019-04-19 21:18:00,7005,7005,7001,7002,642,287964,44869380.0,OI1909
2019-04-19 21:19:00,7003,7005,7002,7003,1244,288078,87354620.0,OI1909
2019-04-19 21:20:00,7003,7005,7002,7004,1162,287894,81223800.0,OI1909
2019-04-19 21:21:00,7003,7007,7002,7006,1614,287650,113257820.0,OI1909
2019-04-19 21:22:00,7006,7007,7005,7006,662,287764,46280420.0,OI1909
2019-04-19 21:23:00,7005,7007,7003,7004,1248,287710,87247680.0,OI1909
2019-04-19 21:24:00,7003,7006,7003,7004,476,287744,33277160.0,OI1909
2019-04-19 21:25:00,7004,7006,7004,7006,388,287668,27592040.0,OI1909
2019-04-19 21:26:00,7006,7014,7006,7011,2978,287368,208718500.0,OI1909
2019-04-19 21:27:00,7010,7012,7007,7012,862,287420,60279660.0,OI1909
2019-04-19 21:28:00,7011,7012,7007,7009,810,287218,56643300.0,OI1909
2019-04-19 21:29:00,7009,7010,7006,7007,634,287252,44335620.0,OI1909
2019-04-19 21:30:00,7008,7008,7003,7006,800,287134,56471800.0,OI1909
2019-04-19 21:31:00,7006,7006,7003,7005,382,287122,26717080.0,OI1909
2019-04-19 21:32:00,7006,7009,7005,7007,596,287154,41684240.0,OI1909
2019-04-19 21:33:00,7007,7011,7006,7008,810,287392,56651400.0,OI1909
2019-04-19 21:34:00,7008,7009,7006,7006,260,287364,18184400.0,OI1909
2019-04-19 21:35:00,7005,7007,7003,7007,804,287344,56231760.0,OI1909
2019-04-19 21:36:00,7006,7006,7003,7004,394,287238,27556360.0,OI1909
2019-04-19 21:37:00,7003,7005,7003,7005,482,287232,33711080.0,OI1909
2019-04-19 21:38:00,7005,7007,7005,7007,376,287322,26297440.0,OI1909
2019-04-19 21:39:00,7008,7009,7006,7007,356,287372,25471040.0,OI1909
2019-04-19 21:40:00,7007,7008,7006,7008,220,287264,15389000.0,OI1909
2019-04-19 21:41:00,7008,7008,7006,7007,312,287144,21824400.0,OI1909
2019-04-19 21:42:00,7006,7009,7006,7009,240,287152,16788000.0,OI1909
2019-04-19 21:43:00,7009,7010,7009,7010,576,287216,40291200.0,OI1909
2019-04-19 21:44:00,7010,7010,7009,7009,352,287178,24622400.0,OI1909
2019-04-19 21:45:00,7010,7012,7009,7011,624,287166,43648800.0,OI1909
2019-04-19 21:46:00,7011,7015,7010,7014,1932,287016,135758360.0,OI1909
2019-04-19 21:47:00,7014,7017,7014,7015,2960,286804,207726160.0,OI1909
2019-04-19 21:48:00,7016,7017,7014,7017,1608,286906,112511760.0,OI1909
2019-04-19 21:49:00,7017,7022,7015,7020,3936,287206,276101920.0,OI1909
2019-04-19 21:50:00,7020,7021,7015,7015,2684,286794,188553160.0,OI1909
2019-04-19 21:51:00,7016,7020,7015,7019,1598,287224,111844020.0,OI1909
2019-04-19 21:52:00,7019,7020,7015,7017,1342,287212,94682820.0,OI1909
2019-04-19 21:53:00,7016,7023,7016,7023,2214,287408,154980000.0,OI1909
2019-04-19 21:54:00,7022,7028,7022,7024,2610,287660,183504480.0,OI1909
2019-04-19 21:55:00,7024,7027,7020,7026,1248,287512,87372480.0,OI1909
2019-04-19 21:56:00,7027,7027,7020,7022,1194,287566,84420840.0,OI1909
2019-04-19 21:57:00,7022,7026,7021,7024,1056,287724,73941120.0,OI1909
2019-04-19 21:58:00,7024,7026,7024,7026,762,287630,53355240.0,OI1909
2019-04-19 21:59:00,7025,7030,7024,7030,1424,287672,100569800.0,OI1909
2019-04-19 22:00:00,7030,7033,7028,7031,2884,287722,202856680.0,OI1909
2019-04-19 22:01:00,7032,7034,7031,7032,1382,287826,96795280.0,OI1909
2019-04-19 22:02:00,7032,7037,7031,7035,2854,287894,200826680.0,OI1909
2019-04-19 22:03:00,7036,7036,7032,7035,1190,287858,83359500.0,OI1909
2019-04-19 22:04:00,7035,7035,7028,7030,1426,287696,100849980.0,OI1909
2019-04-19 22:05:00,7030,7031,7028,7029,1038,287708,72722280.0,OI1909
2019-04-19 22:06:00,7029,7032,7029,7031,772,287816,54086320.0,OI1909
2019-04-19 22:07:00,7031,7032,7029,7030,540,287928,37832400.0,OI1909
2019-04-19 22:08:00,7029,7035,7029,7033,956,287822,67969100.0,OI1909
2019-04-19 22:09:00,7034,7035,7031,7031,868,287744,60820760.0,OI1909
2019-04-19 22:10:00,7031,7035,7031,7035,804,288146,56336280.0,OI1909
2019-04-19 22:11:00,7034,7035,7032,7034,304,288158,21301280.0,OI1909
2019-04-19 22:12:00,7033,7033,7031,7031,324,288138,22702680.0,OI1909
2019-04-19 22:13:00,7031,7033,7030,7033,518,287886,36296260.0,OI1909
2019-04-19 22:14:00,7033,7033,7030,7031,692,287766,48488440.0,OI1909
2019-04-19 22:15:00,7031,7032,7030,7032,456,287704,32983320.0,OI1909
2019-04-19 22:16:00,7031,7032,7030,7031,816,287614,57185280.0,OI1909
2019-04-19 22:17:00,7032,7032,7031,7031,376,287516,26350080.0,OI1909
2019-04-19 22:18:00,7030,7031,7028,7029,820,287266,57465600.0,OI1909
2019-04-19 22:19:00,7030,7030,7026,7027,1038,287018,72743040.0,OI1909
2019-04-19 22:20:00,7028,7030,7028,7029,358,287046,25088640.0,OI1909
2019-04-19 22:21:00,7030,7030,7026,7026,760,286812,53260800.0,OI1909
2019-04-19 22:22:00,7026,7027,7022,7026,1340,286474,94993680.0,OI1909
2019-04-19 22:23:00,7025,7026,7024,7025,596,286568,41773640.0,OI1909
2019-04-19 22:24:00,7026,7027,7024,7026,444,286552,31119960.0,OI1909
2019-04-19 22:25:00,7026,7027,7025,7025,346,286464,24251140.0,OI1909
2019-04-19 22:26:00,7026,7026,7021,7023,1304,286016,91397360.0,OI1909
2019-04-19 22:27:00,7022,7024,7020,7022,1354,285714,94901860.0,OI1909
2019-04-19 22:28:00,7021,7024,7020,7023,586,285614,41072740.0,OI1909
2019-04-19 22:29:00,7023,7023,7017,7018,1132,285518,79341880.0,OI1909
2019-04-19 22:30:00,7019,7024,7018,7024,854,285730,59856860.0,OI1909
2019-04-19 22:31:00,7024,7024,7022,7023,294,285772,20606460.0,OI1909
2019-04-19 22:32:00,7023,7024,7022,7024,236,285910,16541240.0,OI1909
2019-04-19 22:33:00,7024,7024,7020,7021,442,285846,30979780.0,OI1909
2019-04-19 22:34:00,7021,7023,7020,7023,304,285856,21307360.0,OI1909
2019-04-19 22:35:00,7022,7023,7021,7022,134,285842,10558800.0,OI1909
2019-04-19 22:36:00,7022,7022,7018,7020,956,285756,67015600.0,OI1909
2019-04-19 22:37:00,7020,7023,7020,7022,412,285944,28881200.0,OI1909
2019-04-19 22:38:00,7022,7022,7019,7021,400,285986,28040000.0,OI1909
2019-04-19 22:39:00,7021,7024,7020,7021,384,285992,26918400.0,OI1909
2019-04-19 22:40:00,7022,7025,7022,7023,476,285970,33367600.0,OI1909
2019-04-19 22:41:00,7023,7024,7021,7021,288,285932,20188800.0,OI1909
2019-04-19 22:42:00,7021,7023,7021,7022,118,285902,8271800.0,OI1909
2019-04-19 22:43:00,7023,7024,7023,7024,196,285860,13739600.0,OI1909
2019-04-19 22:44:00,7023,7024,7021,7021,300,285790,21030000.0,OI1909
2019-04-19 22:45:00,7021,7021,7020,7021,192,285686,13459200.0,OI1909
2019-04-19 22:46:00,7021,7022,7020,7022,226,285644,15842600.0,OI1909
2019-04-19 22:47:00,7022,7024,7022,7023,150,285660,10515000.0,OI1909
2019-04-19 22:48:00,7023,7024,7022,7023,168,285728,11776800.0,OI1909
2019-04-19 22:49:00,7023,7024,7022,7024,202,285712,14160200.0,OI1909
2019-04-19 22:50:00,7024,7025,7023,7025,262,285736,18366200.0,OI1909
2019-04-19 22:51:00,7024,7025,7023,7024,180,285678,12618000.0,OI1909
2019-04-19 22:52:00,7024,7025,7023,7024,162,285700,11356200.0,OI1909
2019-04-19 22:53:00,7024,7024,7023,7024,70,285696,4907000.0,OI1909
2019-04-19 22:54:00,7023,7024,7022,7023,144,285598,10094400.0,OI1909
2019-04-19 22:55:00,7023,7023,7022,7022,152,285490,10655200.0,OI1909
2019-04-19 22:56:00,7023,7023,7022,7023,50,285478,3505000.0,OI1909
2019-04-19 22:57:00,7023,7023,7021,7021,274,285508,19207400.0,OI1909
2019-04-19 22:58:00,7020,7021,7015,7017,1320,285160,92532000.0,OI1909
2019-04-19 22:59:00,7018,7019,7017,7018,710,285002,49771000.0,OI1909
2019-04-19 23:00:00,7019,7019,7015,7016,970,284900,67997000.0,OI1909
2019-04-19 23:01:00,7016,7016,7011,7013,1684,284584,118048400.0,OI1909
2019-04-19 23:02:00,7012,7016,7012,7016,712,284546,49911200.0,OI1909
2019-04-19 23:03:00,7016,7018,7015,7016,672,284516,47107200.0,OI1909
2019-04-19 23:04:00,7016,7016,7013,7014,668,284300,46826800.0,OI1909
2019-04-19 23:05:00,7015,7018,7014,7017,374,284252,26217400.0,OI1909
2019-04-19 23:06:00,7018,7018,7015,7016,262,284190,18366200.0,OI1909
2019-04-19 23:07:00,7016,7016,7015,7016,64,284168,4486400.0,OI1909
2019-04-19 23:08:00,7016,7016,7013,7014,662,283882,46406200.0,OI1909
2019-04-19 23:09:00,7014,7015,7014,7015,44,283880,3084400.0,OI1909
2019-04-19 23:10:00,7015,7015,7014,7014,176,283822,12337600.0,OI1909
2019-04-19 23:11:00,7014,7015,7014,7015,206,283858,14440600.0,OI1909
2019-04-19 23:12:00,7015,7015,7014,7014,62,283830,4346200.0,OI1909
2019-04-19 23:13:00,7015,7015,7014,7015,58,283804,4065800.0,OI1909
2019-04-19 23:14:00,7015,7015,7014,7014,300,283784,21030000.0,OI1909
2019-04-19 23:15:00,7014,7015,7014,7015,124,283832,8692400.0,OI1909
2019-04-19 23:16:00,7015,7015,7014,7015,84,283808,5888400.0,OI1909
2019-04-19 23:17:00,7015,7015,7014,7015,198,283856,13879800.0,OI1909
2019-04-19 23:18:00,7015,7015,7013,7013,182,283738,12758200.0,OI1909
2019-04-19 23:19:00,7014,7014,7005,7005,2180,283570,152818000.0,OI1909
2019-04-19 23:20:00,7005,7006,6994,6994,3170,283324,222217000.0,OI1909
2019-04-19 23:21:00,6994,6998,6988,6988,3462,283136,242686200.0,OI1909
2019-04-19 23:22:00,6989,6991,6987,6990,2262,283148,157135780.0,OI1909
2019-04-19 23:23:00,6990,6993,6989,6993,924,282952,64763160.0,OI1909
2019-04-19 23:24:00,6993,6993,6989,6991,1330,282730,93219700.0,OI1909
2019-04-19 23:25:00,6991,6992,6989,6990,832,282438,58314880.0,OI1909
2019-04-19 23:26:00,6990,6992,6989,6991,692,282244,48502280.0,OI1909
2019-04-19 23:27:00,6989,6991,6986,6987,1054,282178,73874860.0,OI1909
2019-04-19 23:28:00,6987,6988,6985,6987,1742,281848,122096780.0,OI1909
2019-04-19 23:29:00,6987,6988,6981,6986,2784,281268,193606560.0,OI1909
2019-04-22 09:00:00,6988,7000,6986,6994,3922,281956,274853760.0,OI1909
2019-04-22 09:01:00,6994,6995,6991,6994,1784,282188,125022720.0,OI1909
2019-04-22 09:02:00,6994,6997,6991,6996,1566,282406,108148560.0,OI1909
2019-04-22 09:03:00,6997,7004,6997,7003,2586,282814,181201020.0,OI1909
2019-04-22 09:04:00,7003,7003,7000,7002,542,282848,37977940.0,OI1909
2019-04-22 09:05:00,7003,7003,6996,6999,962,282982,67407340.0,OI1909
2019-04-22 09:06:00,7000,7002,6998,6998,692,282822,48488440.0,OI1909
2019-04-22 09:07:00,6999,6999,6992,6993,1612,282596,112952840.0,OI1909
2019-04-22 09:08:00,6992,6994,6989,6992,1560,282544,109309200.0,OI1909
2019-04-22 09:09:00,6993,7002,6992,7002,962,282564,67407340.0,OI1909
2019-04-22 09:10:00,7004,7004,6995,6999,1516,282640,106226120.0,OI1909
2019-04-22 09:11:00,6998,6998,6993,6993,780,282634,54654600.0,OI1909
2019-04-22 09:12:00,6994,7000,6994,7000,712,282618,49889840.0,OI1909
2019-04-22 09:13:00,7000,7001,6994,6997,616,282662,43163120.0,OI1909
2019-04-22 09:14:00,6996,6999,6996,6999,332,282608,23263240.0,OI1909
2019-04-22 09:15:00,7000,7004,6999,7004,1058,282730,74134060.0,OI1909
2019-04-22 09:16:00,7004,7004,6996,7000,2322,283084,162702540.0,OI1909
2019-04-22 09:17:00,7000,7007,7000,7006,1332,283090,93333240.0,OI1909
2019-04-22 09:18:00,7006,7006,7002,7005,908,282966,64280040.0,OI1909
2019-04-22 09:19:00,7004,7005,7003,7005,204,282986,14292240.0,OI1909
2019-04-22 09:20:00,7005,7005,6996,6997,946,283110,66276760.0,OI1909
2019-04-22 09:21:00,6997,7000,6995,7000,530,283138,37131800.0,OI1909
2019-04-22 09:22:00,7001,7001,6998,6999,122,283144,8547320.0,OI1909
2019-04-22 09:23:00,7000,7001,6999,7000,150,283140,10509000.0,OI1909
2019-04-22 09:24:00,6999,7005,6999,7002,556,283164,38953360.0,OI1909
2019-04-22 09:25:00,7003,7004,7002,7004,318,283202,22279080.0,OI1909
2019-04-22 09:26:00,7004,7006,7002,7004,740,283410,51844400.0,OI1909
2019-04-22 09:27:00,7004,7005,7002,7002,140,283424,9808400.0,OI1909
2019-04-22 09:28:00,7002,7003,7000,7003,354,283462,24801240.0,OI1909
2019-04-22 09:29:00,7003,7004,7002,7003,254,283536,17795240.0,OI1909
2019-04-22 09:30:00,7003,7003,7000,7001,248,283572,17374880.0,OI1909
2019-04-22 09:31:00,6999,7001,6997,7000,1526,283556,106911560.0,OI1909
2019-04-22 09:32:00,6999,6999,6997,6997,284,283558,19897040.0,OI1909
2019-04-22 09:33:00,6997,6998,6988,6993,2468,283650,172908080.0,OI1909
2019-04-22 09:34:00,6993,6995,6992,6994,756,283594,52965360.0,OI1909
2019-04-22 09:35:00,6994,6999,6994,6998,486,283748,34049160.0,OI1909
2019-04-22 09:36:00,6998,6998,6997,6997,166,283726,11629960.0,OI1909
2019-04-22 09:37:00,6997,6999,6997,6998,208,283730,14572480.0,OI1909
2019-04-22 09:38:00,7000,7007,6999,7007,1006,283598,70480360.0,OI1909
2019-04-22 09:39:00,7007,7018,7007,7017,3760,283956,263425600.0,OI1909
2019-04-22 09:40:00,7017,7027,7013,7026,5032,284744,354526100.0,OI1909
2019-04-22 09:41:00,7026,7026,7021,7022,2434,284892,170550380.0,OI1909
2019-04-22 09:42:00,7022,7024,7019,7020,1442,284894,101040940.0,OI1909
2019-04-22 09:43:00,7020,7021,7013,7015,2364,284810,165645480.0,OI1909
2019-04-22 09:44:00,7016,7018,7015,7018,824,284816,57737680.0,OI1909
2019-04-22 09:45:00,7017,7020,7016,7017,710,284892,49749700.0,OI1909
2019-04-22 09:46:00,7017,7017,7015,7016,498,285010,34894860.0,OI1909
2019-04-22 09:47:00,7016,7017,7013,7015,502,284928,35175140.0,OI1909
2019-04-22 09:48:00,7014,7015,7011,7011,544,284922,38118080.0,OI1909
2019-04-22 09:49:00,7012,7013,7010,7010,564,284760,39519480.0,OI1909
2019-04-22 09:50:00,7010,7013,7010,7013,418,284646,29289260.0,OI1909
2019-04-22 09:51:00,7013,7014,7011,7011,300,284724,21021000.0,OI1909
2019-04-22 09:52:00,7011,7014,7011,7013,642,284696,44984940.0,OI1909
2019-04-22 09:53:00,7013,7014,7012,7014,278,284634,19479460.0,OI1909
2019-04-22 09:54:00,7014,7015,7012,7014,212,284650,14854840.0,OI1909
2019-04-22 09:55:00,7014,7016,7012,7014,586,284394,41061020.0,OI1909
2019-04-22 09:56:00,7014,7014,7010,7010,308,284338,21581560.0,OI1909
2019-04-22 09:57:00,7010,7010,7006,7007,858,284284,60120060.0,OI1909
2019-04-22 09:58:00,7007,7009,7006,7008,606,284246,42462420.0,OI1909
2019-04-22 09:59:00,7009,7010,7008,7010,422,284156,29569540.0,OI1909
2019-04-22 10:00:00,7010,7011,7008,7008,490,284160,34334300.0,OI1909
2019-04-22 10:01:00,7009,7009,7002,7003,1200,284136,84084000.0,OI1909
2019-04-22 10:02:00,7004,7007,7003,7007,418,284200,29289260.0,OI1909
2019-04-22 10:03:00,7008,7008,7006,7006,134,284194,9389380.0,OI1909
2019-04-22 10:04:00,7007,7007,7007,7007,52,284226,3643640.0,OI1909
2019-04-22 10:05:00,7006,7007,7005,7006,338,284248,23683660.0,OI1909
2019-04-22 10:06:00,7005,7006,7002,7003,538,284184,37697660.0,OI1909
2019-04-22 10:07:00,7002,7003,7001,7003,446,284112,31251220.0,OI1909
2019-04-22 10:08:00,7003,7005,7002,7004,202,284134,14154140.0,OI1909
2019-04-22 10:09:00,7004,7004,7003,7004,176,284142,12332320.0,OI1909
2019-04-22 10:10:00,7004,7005,7004,7005,168,284228,11771760.0,OI1909
2019-04-22 10:11:00,7006,7006,7004,7004,318,284284,22282260.0,OI1909
2019-04-22 10:12:00,7004,7004,7002,7003,236,284272,16536520.0,OI1909
2019-04-22 10:13:00,7004,7004,7001,7003,346,284226,24244220.0,OI1909
2019-04-22 10:14:00,7003,7003,7002,7003,214,284194,14994980.0,OI1909
2019-04-22 10:30:00,7002,7003,6996,6997,1708,283948,119679560.0,OI1909
2019-04-22 10:31:00,6998,7002,6997,6999,552,284026,38678640.0,OI1909
2019-04-22 10:32:00,6999,7001,6998,7001,448,284070,31391360.0,OI1909
2019-04-22 10:33:00,7001,7002,7001,7002,114,284094,7987980.0,OI1909
2019-04-22 10:34:00,7001,7002,7000,7002,230,284128,16116100.0,OI1909
2019-04-22 10:35:00,7002,7004,7002,7003,462,284166,32372340.0,OI1909
2019-04-22 10:36:00,7003,7003,7000,7002,476,284076,33353320.0,OI1909
2019-04-22 10:37:00,7001,7001,6999,6999,288,284004,20180160.0,OI1909
2019-04-22 10:38:00,6999,7008,6999,7007,638,284044,44704660.0,OI1909
2019-04-22 10:39:00,7007,7007,7003,7006,448,284098,31391360.0,OI1909
2019-04-22 10:40:00,7006,7010,7006,7010,608,284092,42602560.0,OI1909
2019-04-22 10:41:00,7009,7010,7006,7006,280,284062,19619600.0,OI1909
2019-04-22 10:42:00,7006,7008,7005,7008,300,284110,21021000.0,OI1909
2019-04-22 10:43:00,7007,7007,7004,7005,210,284112,14714700.0,OI1909
2019-04-22 10:44:00,7005,7005,7004,7005,158,284146,11071060.0,OI1909
2019-04-22 10:45:00,7005,7005,7003,7003,450,284164,31531500.0,OI1909
2019-04-22 10:46:00,7003,7005,7003,7005,148,284144,10370360.0,OI1909
2019-04-22 10:47:00,7005,7008,7004,7008,246,284150,17237220.0,OI1909
2019-04-22 10:48:00,7009,7009,7008,7008,278,284166,19479460.0,OI1909
2019-04-22 10:49:00,7008,7012,7007,7011,434,284204,30410380.0,OI1909
2019-04-22 10:50:00,7011,7012,7010,7010,482,284238,33773740.0,OI1909
2019-04-22 10:51:00,7011,7012,7009,7010,212,284228,14854840.0,OI1909
2019-04-22 10:52:00,7010,7012,7010,7011,288,284288,20180160.0,OI1909
2019-04-22 10:53:00,7011,7012,7010,7010,244,284314,17097080.0,OI1909
2019-04-22 10:54:00,7010,7010,7009,7009,228,284282,15975960.0,OI1909
2019-04-22 10:55:00,7009,7010,7009,7010,196,284250,13733720.0,OI1909
2019-04-22 10:56:00,7010,7011,7008,7009,320,284396,22422400.0,OI1909
2019-04-22 10:57:00,7009,7010,7008,7009,118,284426,8268260.0,OI1909
2019-04-22 10:58:00,7009,7010,7008,7009,144,284474,10090080.0,OI1909
2019-04-22 10:59:00,7010,7010,7008,7008,212,284506,14854840.0,OI1909
2019-04-22 11:00:00,7009,7009,7003,7005,924,284660,64744680.0,OI1909
2019-04-22 11:01:00,7004,7004,7002,7003,522,284688,36576540.0,OI1909
2019-04-22 11:02:00,7002,7004,7002,7004,320,284604,22422400.0,OI1909
2019-04-22 11:03:00,7004,7005,7003,7003,142,284608,9949940.0,OI1909
2019-04-22 11:04:00,7003,7003,7001,7002,244,284594,17097080.0,OI1909
2019-04-22 11:05:00,7003,7004,6999,6999,614,284780,43022980.0,OI1909
2019-04-22 11:06:00,6999,7000,6991,6994,1758,284718,123183060.0,OI1909
2019-04-22 11:07:00,6994,6997,6988,6990,1264,284870,88568480.0,OI1909
2019-04-22 11:08:00,6989,6992,6988,6990,1438,284916,100760660.0,OI1909
2019-04-22 11:09:00,6989,6994,6989,6991,844,284824,59139080.0,OI1909
2019-04-22 11:10:00,6993,6993,6984,6986,1842,285106,126678560.0,OI1909
2019-04-22 11:11:00,6986,6990,6985,6990,1178,285210,82530680.0,OI1909
2019-04-22 11:12:00,6991,6995,6990,6993,658,285196,46099480.0,OI1909
2019-04-22 11:13:00,6993,6994,6992,6993,272,285234,19056320.0,OI1909
2019-04-22 11:14:00,6993,6993,6986,6986,728,285156,51003680.0,OI1909
2019-04-22 11:15:00,6986,6990,6985,6988,714,285232,50022840.0,OI1909
2019-04-22 11:16:00,6988,6992,6987,6990,444,285220,31106640.0,OI1909
2019-04-22 11:17:00,6989,6990,6989,6989,130,285238,9107800.0,OI1909
2019-04-22 11:18:00,6990,6990,6989,6990,180,285228,12610800.0,OI1909
2019-04-22 11:19:00,6990,6991,6986,6986,678,285326,47500680.0,OI1909
2019-04-22 11:20:00,6987,6990,6986,6990,638,285332,44698280.0,OI1909
2019-04-22 11:21:00,6990,6991,6987,6988,566,285232,39653960.0,OI1909
2019-04-22 11:22:00,6987,6987,6982,6984,1070,285298,74964200.0,OI1909
2019-04-22 11:23:00,6984,6989,6983,6988,600,285154,42036000.0,OI1909
2019-04-22 11:24:00,6987,6994,6987,6988,972,284954,68098320.0,OI1909
2019-04-22 11:25:00,6988,6989,6987,6988,236,284940,16534160.0,OI1909
2019-04-22 11:26:00,6988,6988,6984,6984,504,284852,35310240.0,OI1909
2019-04-22 11:27:00,6984,6984,6972,6979,5246,285762,365816640.0,OI1909
2019-04-22 11:28:00,6979,6987,6979,6984,1398,285544,97929900.0,OI1909
2019-04-22 11:29:00,6983,6987,6980,6983,950,285604,66547500.0,OI1909
2019-04-22 13:30:00,6983,6983,6978,6981,1108,285628,77615400.0,OI1909
2019-04-22 13:31:00,6980,6981,6978,6981,1386,286162,97089300.0,OI1909
2019-04-22 13:32:00,6981,6983,6980,6981,600,286172,42030000.0,OI1909
2019-04-22 13:33:00,6982,6985,6981,6984,1042,286086,72992100.0,OI1909
2019-04-22 13:34:00,6983,6985,6982,6985,628,286070,43991400.0,OI1909
2019-04-22 13:35:00,6984,6987,6984,6986,980,286158,66029560.0,OI1909
2019-04-22 13:36:00,6986,6986,6984,6984,416,286084,29136640.0,OI1909
2019-04-22 13:37:00,6983,6984,6983,6984,276,286174,19331040.0,OI1909
2019-04-22 13:38:00,6984,6984,6981,6982,410,286266,28716400.0,OI1909
2019-04-22 13:39:00,6982,6983,6981,6983,292,286324,20451680.0,OI1909
2019-04-22 13:40:00,6983,6984,6982,6983,222,286346,15548880.0,OI1909
2019-04-22 13:41:00,6983,6984,6982,6984,194,286434,13587760.0,OI1909
2019-04-22 13:42:00,6984,6986,6983,6986,204,286422,14288160.0,OI1909
2019-04-22 13:43:00,6985,6986,6985,6986,98,286422,6863920.0,OI1909
2019-04-22 13:44:00,6985,6986,6985,6986,110,286430,7704400.0,OI1909
2019-04-22 13:45:00,6985,6985,6984,6984,428,286514,29977120.0,OI1909
2019-04-22 13:46:00,6985,6987,6984,6987,304,286360,21292160.0,OI1909
2019-04-22 13:47:00,6987,6991,6987,6990,862,286262,60374480.0,OI1909
2019-04-22 13:48:00,6991,6996,6991,6995,1480,286002,103659200.0,OI1909
2019-04-22 13:49:00,6995,6996,6993,6994,568,285916,39782720.0,OI1909
2019-04-22 13:50:00,6994,6995,6991,6995,498,285908,34879920.0,OI1909
2019-04-22 13:51:00,6995,6995,6991,6992,458,285968,32078320.0,OI1909
2019-04-22 13:52:00,6993,6994,6992,6992,384,285992,26895360.0,OI1909
2019-04-22 13:53:00,6993,6994,6992,6993,150,286006,10506000.0,OI1909
2019-04-22 13:54:00,6994,6996,6993,6996,730,286026,51129200.0,OI1909
2019-04-22 13:55:00,6996,6996,6994,6994,218,285998,15268720.0,OI1909
2019-04-22 13:56:00,6994,6996,6994,6995,268,286022,18770720.0,OI1909
2019-04-22 13:57:00,6995,6997,6995,6996,660,286152,46226400.0,OI1909
2019-04-22 13:58:00,6997,7000,6997,6999,1086,286054,76063440.0,OI1909
2019-04-22 13:59:00,6999,7003,6998,6999,1566,286208,109682640.0,OI1909
2019-04-22 14:00:00,6999,7000,6997,6998,554,285972,38802160.0,OI1909
2019-04-22 14:01:00,6999,7000,6995,6996,550,285812,38522000.0,OI1909
2019-04-22 14:02:00,6996,6997,6995,6996,250,285848,17510000.0,OI1909
2019-04-22 14:03:00,6996,6999,6996,6999,176,285876,12327040.0,OI1909
2019-04-22 14:04:00,6999,7002,6997,7001,984,285954,68919360.0,OI1909
2019-04-22 14:05:00,7001,7002,6998,7001,1318,285904,92312720.0,OI1909
2019-04-22 14:06:00,7001,7008,7001,7005,2576,285772,180423040.0,OI1909
2019-04-22 14:07:00,7005,7012,7005,7009,1760,285572,123270400.0,OI1909
2019-04-22 14:08:00,7010,7013,7008,7011,962,285428,67378480.0,OI1909
2019-04-22 14:09:00,7010,7010,7005,7008,1294,285546,90631760.0,OI1909
2019-04-22 14:10:00,7008,7009,7005,7005,1758,284498,123130320.0,OI1909
2019-04-22 14:11:00,7005,7007,7005,7007,306,284372,21432240.0,OI1909
2019-04-22 14:12:00,7006,7006,7000,7002,898,284036,62895920.0,OI1909
2019-04-22 14:13:00,7002,7004,7001,7001,338,283974,23673520.0,OI1909
2019-04-22 14:14:00,7002,7005,7002,7005,242,283908,16949680.0,OI1909
2019-04-22 14:15:00,7004,7006,7004,7004,452,283964,31658080.0,OI1909
2019-04-22 14:16:00,7004,7005,7003,7003,252,283934,17650080.0,OI1909
2019-04-22 14:17:00,7003,7003,6999,6999,732,283838,51269280.0,OI1909
2019-04-22 14:18:00,7000,7005,6999,7004,502,283728,35160080.0,OI1909
2019-04-22 14:19:00,7003,7004,7001,7002,466,283784,32638640.0,OI1909
2019-04-22 14:20:00,7003,7003,7000,7001,220,283790,15408800.0,OI1909
2019-04-22 14:21:00,7001,7002,6997,6998,488,283710,34179520.0,OI1909
2019-04-22 14:22:00,6999,6999,6992,6992,1268,283422,88810720.0,OI1909
2019-04-22 14:23:00,6993,6994,6990,6990,750,283424,52530000.0,OI1909
2019-04-22 14:24:00,6991,6994,6991,6994,428,283524,29977120.0,OI1909
2019-04-22 14:25:00,6994,6996,6994,6996,302,283622,21152080.0,OI1909
2019-04-22 14:26:00,6996,6996,6992,6993,312,283628,21852480.0,OI1909
2019-04-22 14:27:00,6993,6993,6992,6992,180,283608,12607200.0,OI1909
2019-04-22 14:28:00,6992,6995,6992,6993,250,283582,17510000.0,OI1909
2019-04-22 14:29:00,6994,6995,6990,6991,486,283564,34039440.0,OI1909
2019-04-22 14:30:00,6991,6994,6991,6994,590,283654,41323600.0,OI1909
2019-04-22 14:31:00,6993,6995,6991,6993,408,283522,28576320.0,OI1909
2019-04-22 14:32:00,6993,6996,6992,6994,272,283506,19050880.0,OI1909
2019-04-22 14:33:00,6993,6996,6992,6995,396,283616,27735840.0,OI1909
2019-04-22 14:34:00,6994,6995,6994,6994,90,283592,6303600.0,OI1909
2019-04-22 14:35:00,6994,6996,6993,6995,278,283626,19471120.0,OI1909
2019-04-22 14:36:00,6994,6997,6994,6997,282,283644,19751280.0,OI1909
2019-04-22 14:37:00,6997,6999,6994,6994,508,283768,35580320.0,OI1909
2019-04-22 14:38:00,6994,6995,6991,6992,520,283784,36420800.0,OI1909
2019-04-22 14:39:00,6993,6994,6990,6990,382,283838,26755280.0,OI1909
2019-04-22 14:40:00,6990,6990,6986,6989,1184,283714,82927360.0,OI1909
2019-04-22 14:41:00,6989,6992,6988,6991,330,283824,23113200.0,OI1909
2019-04-22 14:42:00,6991,6991,6989,6990,368,283826,25774720.0,OI1909
2019-04-22 14:43:00,6989,6989,6987,6988,360,283934,25214400.0,OI1909
2019-04-22 14:44:00,6989,6992,6988,6991,366,283890,25634640.0,OI1909
2019-04-22 14:45:00,6991,6996,6990,6995,604,283844,42304160.0,OI1909
2019-04-22 14:46:00,6996,6997,6994,6995,418,283876,29276720.0,OI1909
2019-04-22 14:47:00,6997,7000,6995,7000,502,283786,35160080.0,OI1909
2019-04-22 14:48:00,6999,7000,6995,6996,552,283714,38662080.0,OI1909
2019-04-22 14:49:00,6995,6996,6995,6995,208,283748,14568320.0,OI1909
2019-04-22 14:50:00,6995,6996,6995,6995,96,283706,6723840.0,OI1909
2019-04-22 14:51:00,6995,6999,6994,6999,454,283656,33996480.0,OI1909
2019-04-22 14:52:00,6998,6998,6996,6996,228,283580,15966840.0,OI1909
2019-04-22 14:53:00,6997,6999,6997,6999,238,283606,16667140.0,OI1909
2019-04-22 14:54:00,6998,6999,6997,6998,488,283614,34174640.0,OI1909
2019-04-22 14:55:00,6998,6999,6996,6996,428,283598,29972840.0,OI1909
2019-04-22 14:56:00,6997,6998,6995,6996,540,283522,37816200.0,OI1909
2019-04-22 14:57:00,6996,6996,6994,6994,430,283440,30112900.0,OI1909
2019-04-22 14:58:00,6994,6996,6991,6994,928,283136,64987840.0,OI1909
2019-04-22 14:59:00,6994,6997,6993,6996,782,283076,54763460.0,OI1909
2019-04-22 21:00:00,6993,6995,6988,6992,1918,283522,134087380.0,OI1909
2019-04-22 21:01:00,6993,6995,6992,6995,848,283580,59311340.0,OI1909
2019-04-22 21:02:00,6995,6998,6994,6994,1880,283432,131542520.0,OI1909
2019-04-22 21:03:00,6996,6996,6984,6985,1832,283642,128000520.0,OI1909
2019-04-22 21:04:00,6985,6989,6985,6987,1090,283728,76137120.0,OI1909
2019-04-22 21:05:00,6987,6989,6980,6982,1882,283934,131476120.0,OI1909
2019-04-22 21:06:00,6981,6987,6979,6986,2072,284188,144602360.0,OI1909
2019-04-22 21:07:00,6987,6987,6983,6986,1134,284252,79243920.0,OI1909
2019-04-22 21:08:00,6986,6989,6984,6987,944,284234,65966720.0,OI1909
2019-04-22 21:09:00,6988,6988,6985,6986,660,284306,46120800.0,OI1909
2019-04-22 21:10:00,6986,6987,6985,6986,462,284280,32284560.0,OI1909
2019-04-22 21:11:00,6986,6996,6986,6996,1236,284436,86371680.0,OI1909
2019-04-22 21:12:00,6996,6996,6989,6991,1644,284540,114882720.0,OI1909
2019-04-22 21:13:00,6991,6999,6991,6994,1680,284606,117591220.0,OI1909
2019-04-22 21:14:00,6995,6996,6992,6995,456,284614,31869840.0,OI1909
2019-04-22 21:15:00,6995,6998,6993,6994,1144,284556,80162980.0,OI1909
2019-04-22 21:16:00,6994,6999,6994,6998,770,284514,53823000.0,OI1909
2019-04-22 21:17:00,6997,6998,6993,6993,844,284676,58995600.0,OI1909
2019-04-22 21:18:00,6993,6996,6993,6994,358,284716,25024200.0,OI1909
2019-04-22 21:19:00,6995,6998,6994,6996,964,284742,67383600.0,OI1909
2019-04-22 21:20:00,6996,6997,6994,6995,1128,285066,79096660.0,OI1909
2019-04-22 21:21:00,6995,6998,6994,6998,628,285262,43903480.0,OI1909
2019-04-22 21:22:00,6997,7005,6997,7001,2652,285280,185683580.0,OI1909
2019-04-22 21:23:00,7000,7005,7000,7001,1218,285340,85162560.0,OI1909
2019-04-22 21:24:00,7002,7006,6999,7005,1572,285256,110224400.0,OI1909
2019-04-22 21:25:00,7006,7006,7002,7003,1004,285350,70209720.0,OI1909
2019-04-22 21:26:00,7003,7008,7003,7008,1180,285590,82517400.0,OI1909
2019-04-22 21:27:00,7008,7009,7007,7009,1038,285848,72929720.0,OI1909
2019-04-22 21:28:00,7008,7009,7006,7006,1146,285948,80151240.0,OI1909
2019-04-22 21:29:00,7006,7011,7006,7011,1220,286292,85692840.0,OI1909
2019-04-22 21:30:00,7011,7011,7008,7009,882,286286,61695900.0,OI1909
2019-04-22 21:31:00,7009,7010,7007,7009,838,286374,58618100.0,OI1909
2019-04-22 21:32:00,7009,7012,7009,7009,1146,286642,80557400.0,OI1909
2019-04-22 21:33:00,7009,7010,7004,7007,1136,286634,79474560.0,OI1909
2019-04-22 21:34:00,7007,7011,7007,7010,562,286756,39317520.0,OI1909
2019-04-22 21:35:00,7009,7011,7008,7011,782,286874,55128220.0,OI1909
2019-04-22 21:36:00,7010,7011,7008,7011,810,286850,56675700.0,OI1909
2019-04-22 21:37:00,7011,7012,7006,7008,1032,286860,72209040.0,OI1909
2019-04-22 21:38:00,7007,7008,7007,7007,140,286910,9795800.0,OI1909
2019-04-22 21:39:00,7008,7008,7007,7007,240,286984,16792800.0,OI1909
2019-04-22 21:40:00,7007,7008,7006,7006,552,287156,38623440.0,OI1909
2019-04-22 21:41:00,7007,7007,7003,7003,920,287204,64828840.0,OI1909
2019-04-22 21:42:00,7003,7008,7003,7008,780,287030,54584400.0,OI1909
2019-04-22 21:43:00,7008,7008,7006,7007,412,287120,28831760.0,OI1909
2019-04-22 21:44:00,7006,7007,7006,7006,146,287146,10217080.0,OI1909
2019-04-22 21:45:00,7007,7008,7007,7007,248,287078,17355040.0,OI1909
2019-04-22 21:46:00,7008,7010,7007,7009,254,287146,17774920.0,OI1909
2019-04-22 21:47:00,7010,7011,7009,7010,454,287326,31770920.0,OI1909
2019-04-22 21:48:00,7010,7010,7007,7007,364,287290,25472720.0,OI1909
2019-04-22 21:49:00,7008,7008,7007,7007,366,287506,25612680.0,OI1909
2019-04-22 21:50:00,7008,7009,7007,7009,266,287566,18614680.0,OI1909
2019-04-22 21:51:00,7009,7010,7008,7008,320,287616,22393600.0,OI1909
2019-04-22 21:52:00,7008,7011,7008,7010,484,287726,33870320.0,OI1909
2019-04-22 21:53:00,7010,7010,7008,7010,228,287652,15955440.0,OI1909
2019-04-22 21:54:00,7010,7017,7010,7012,2330,287904,163576360.0,OI1909
2019-04-22 21:55:00,7013,7014,7009,7010,802,288044,56131980.0,OI1909
2019-04-22 21:56:00,7009,7009,7004,7006,1594,287734,112110980.0,OI1909
2019-04-22 21:57:00,7007,7007,7005,7005,358,287624,25060000.0,OI1909
2019-04-22 21:58:00,7005,7005,6995,6998,3508,286982,245560000.0,OI1909
2019-04-22 21:59:00,6997,7000,6997,6999,902,286854,63140000.0,OI1909
2019-04-22 22:00:00,6998,7002,6998,7000,858,286878,60060000.0,OI1909
2019-04-22 22:01:00,7001,7004,6999,7004,562,286828,39340000.0,OI1909
2019-04-22 22:02:00,7004,7004,7000,7003,504,286844,35280000.0,OI1909
2019-04-22 22:03:00,7002,7003,7001,7002,526,286838,36820000.0,OI1909
2019-04-22 22:04:00,7001,7002,6999,7000,590,286830,41300000.0,OI1909
2019-04-22 22:05:00,7001,7001,7000,7000,160,286762,11200000.0,OI1909
2019-04-22 22:06:00,7000,7001,6999,6999,214,286652,14980000.0,OI1909
2019-04-22 22:07:00,6999,7001,6998,6998,552,286436,38640000.0,OI1909
2019-04-22 22:08:00,6998,6998,6991,6994,1608,286172,111909660.0,OI1909
2019-04-22 22:09:00,6993,6995,6993,6994,388,286160,27156120.0,OI1909
2019-04-22 22:10:00,6993,6994,6988,6990,1568,286034,109744320.0,OI1909
2019-04-22 22:11:00,6990,6993,6990,6992,932,286178,65230680.0,OI1909
2019-04-22 22:12:00,6992,6994,6992,6994,260,286110,18197400.0,OI1909
2019-04-22 22:13:00,6994,6994,6990,6991,658,286466,46053420.0,OI1909
2019-04-22 22:14:00,6991,6991,6985,6986,1824,286558,127661760.0,OI1909
2019-04-22 22:15:00,6987,6987,6967,6976,9666,285816,674113440.0,OI1909
2019-04-22 22:16:00,6977,6986,6975,6984,3880,285720,270602700.0,OI1909
2019-04-22 22:17:00,6984,6992,6983,6989,2286,285640,159905700.0,OI1909
2019-04-22 22:18:00,6989,6990,6987,6988,870,285676,60856500.0,OI1909
2019-04-22 22:19:00,6988,6992,6988,6989,828,285632,57918600.0,OI1909
2019-04-22 22:20:00,6990,6995,6989,6993,990,285508,69250500.0,OI1909
2019-04-22 22:21:00,6994,6994,6991,6992,652,285690,45607400.0,OI1909
2019-04-22 22:22:00,6992,6994,6992,6993,186,285762,13010700.0,OI1909
2019-04-22 22:23:00,6993,6993,6990,6991,496,285756,34695200.0,OI1909
2019-04-22 22:24:00,6991,6992,6990,6992,172,285786,12031400.0,OI1909
2019-04-22 22:25:00,6991,6994,6988,6988,514,285648,35954300.0,OI1909
2019-04-22 22:26:00,6987,6990,6987,6990,362,285638,25321900.0,OI1909
2019-04-22 22:27:00,6990,6992,6989,6991,528,285692,36933600.0,OI1909
2019-04-22 22:28:00,6991,6992,6990,6992,100,285698,6995000.0,OI1909
2019-04-22 22:29:00,6992,6993,6991,6993,272,285724,19026400.0,OI1909
2019-04-22 22:30:00,6993,6993,6990,6990,202,285740,14129900.0,OI1909
2019-04-22 22:31:00,6990,6992,6990,6991,154,285764,10772300.0,OI1909
2019-04-22 22:32:00,6991,6993,6991,6993,94,285760,6575300.0,OI1909
2019-04-22 22:33:00,6992,6993,6992,6992,116,285716,8114200.0,OI1909
2019-04-22 22:34:00,6993,6993,6991,6992,86,285722,6015700.0,OI1909
2019-04-22 22:35:00,6992,6992,6990,6991,122,285756,8533900.0,OI1909
2019-04-22 22:36:00,6991,6992,6986,6987,638,285846,44628100.0,OI1909
2019-04-22 22:37:00,6987,6990,6986,6988,806,286172,56379700.0,OI1909
2019-04-22 22:38:00,6987,6988,6982,6983,1344,286522,94012800.0,OI1909
2019-04-22 22:39:00,6983,6985,6981,6984,1172,286746,81009400.0,OI1909
2019-04-22 22:40:00,6984,6986,6983,6985,568,286890,39725920.0,OI1909
2019-04-22 22:41:00,6986,6988,6985,6986,416,286982,29095040.0,OI1909
2019-04-22 22:42:00,6986,6987,6984,6985,644,287200,45041360.0,OI1909
2019-04-22 22:43:00,6985,6991,6985,6990,678,287020,47419320.0,OI1909
2019-04-22 22:44:00,6989,6992,6989,6989,366,287064,25598040.0,OI1909
2019-04-22 22:45:00,6989,6993,6988,6992,554,287106,38746760.0,OI1909
2019-04-22 22:46:00,6992,6992,6990,6991,226,287062,15806440.0,OI1909
2019-04-22 22:47:00,6991,6992,6990,6992,384,287128,26856960.0,OI1909
2019-04-22 22:48:00,6992,6993,6991,6991,240,287224,16785600.0,OI1909
2019-04-22 22:49:00,6991,6992,6990,6992,260,287280,18184400.0,OI1909
2019-04-22 22:50:00,6992,6992,6991,6992,106,287272,7413640.0,OI1909
2019-04-22 22:51:00,6991,6999,6991,6999,1462,287412,102252280.0,OI1909
2019-04-22 22:52:00,6998,6999,6995,6997,1160,287196,81130400.0,OI1909
2019-04-22 22:53:00,6997,6998,6996,6997,384,287292,26856960.0,OI1909
2019-04-22 22:54:00,6997,6998,6996,6997,216,287298,15107040.0,OI1909
2019-04-22 22:55:00,6998,6998,6995,6995,594,287272,41544360.0,OI1909
2019-04-22 22:56:00,6996,6996,6990,6992,892,287310,62386480.0,OI1909
2019-04-22 22:57:00,6992,6994,6992,6993,106,287286,7413640.0,OI1909
2019-04-22 22:58:00,6993,6993,6991,6993,274,287266,19163560.0,OI1909
2019-04-22 22:59:00,6994,6996,6992,6993,478,287374,33431320.0,OI1909
2019-04-22 23:00:00,6993,6994,6992,6994,186,287406,13008840.0,OI1909
2019-04-22 23:01:00,6994,6994,6993,6994,122,287398,8532680.0,OI1909
2019-04-22 23:02:00,6993,6993,6992,6992,182,287394,12729080.0,OI1909
2019-04-22 23:03:00,6992,6993,6989,6989,272,287340,19023680.0,OI1909
2019-04-22 23:04:00,6989,6990,6988,6989,184,287374,12868960.0,OI1909
2019-04-22 23:05:00,6991,6992,6991,6992,236,287386,16505840.0,OI1909
2019-04-22 23:06:00,6993,6996,6992,6994,258,287352,18044520.0,OI1909
2019-04-22 23:07:00,6994,6997,6994,6997,186,287404,13008840.0,OI1909
2019-04-22 23:08:00,6997,6997,6993,6993,242,287446,16925480.0,OI1909
2019-04-22 23:09:00,6993,6995,6993,6995,120,287442,8392800.0,OI1909
2019-04-22 23:10:00,6994,6996,6994,6996,164,287410,11470160.0,OI1909
2019-04-22 23:11:00,6997,6998,6996,6997,306,287398,21401640.0,OI1909
2019-04-22 23:12:00,6997,6997,6996,6996,68,287416,4755920.0,OI1909
2019-04-22 23:13:00,6996,7003,6996,7002,1228,287146,85886320.0,OI1909
2019-04-22 23:14:00,7002,7002,6999,7000,326,287152,22800440.0,OI1909
2019-04-22 23:15:00,7000,7001,7000,7000,138,287158,9651720.0,OI1909
2019-04-22 23:16:00,7000,7003,7000,7001,238,287142,16645720.0,OI1909
2019-04-22 23:17:00,7001,7001,7000,7000,130,287140,9092200.0,OI1909
2019-04-22 23:18:00,7000,7001,6998,6998,166,287184,11610040.0,OI1909
2019-04-22 23:19:00,6998,6999,6998,6998,30,287170,2098200.0,OI1909
2019-04-22 23:20:00,6999,6999,6998,6999,14,287158,979160.0,OI1909
2019-04-22 23:21:00,6998,6999,6998,6998,84,287098,5874960.0,OI1909
2019-04-22 23:22:00,6997,6998,6996,6996,174,287054,12169560.0,OI1909
2019-04-22 23:23:00,6996,6997,6995,6997,144,287040,10071360.0,OI1909
2019-04-22 23:24:00,6996,7000,6996,7000,288,287006,20142720.0,OI1909
2019-04-22 23:25:00,7000,7001,6999,7001,308,286910,21541520.0,OI1909
2019-04-22 23:26:00,7000,7000,6999,6999,94,286902,6574360.0,OI1909
2019-04-22 23:27:00,6998,7000,6997,7000,182,286826,12729080.0,OI1909
2019-04-22 23:28:00,6999,7002,6999,7002,354,286602,24758760.0,OI1909
2019-04-22 23:29:00,7002,7002,6999,7000,484,286458,33850960.0,OI1909
2019-04-23 09:00:00,6993,7002,6991,6994,2290,286464,160162600.0,OI1909
2019-04-23 09:01:00,6994,6996,6994,6996,620,286586,43362800.0,OI1909
2019-04-23 09:02:00,6995,6996,6986,6991,1764,286676,123374160.0,OI1909
2019-04-23 09:03:00,6990,6992,6987,6990,646,286780,45181240.0,OI1909
2019-04-23 09:04:00,6989,6995,6989,6994,636,286930,44481840.0,OI1909
2019-04-23 09:05:00,6994,6999,6994,6996,678,286928,47419320.0,OI1909
2019-04-23 09:06:00,6995,6999,6994,6996,1272,286992,88963680.0,OI1909
2019-04-23 09:07:00,6995,6995,6992,6994,530,287122,37068200.0,OI1909
2019-04-23 09:08:00,6993,6995,6993,6993,394,287154,27556360.0,OI1909
2019-04-23 09:09:00,6993,6994,6988,6989,916,287286,64065040.0,OI1909
2019-04-23 09:10:00,6990,6995,6990,6993,450,287254,31473000.0,OI1909
2019-04-23 09:11:00,6993,6993,6992,6993,164,287262,11470160.0,OI1909
2019-04-23 09:12:00,6994,6994,6989,6990,386,287346,26996840.0,OI1909
2019-04-23 09:13:00,6989,6993,6988,6993,378,287326,26437320.0,OI1909
2019-04-23 09:14:00,6992,6996,6992,6994,340,287262,23779600.0,OI1909
2019-04-23 09:15:00,6994,6994,6990,6991,302,287278,21121880.0,OI1909
2019-04-23 09:16:00,6991,6992,6989,6991,324,287394,22660560.0,OI1909
2019-04-23 09:17:00,6992,6993,6990,6990,578,287642,40425320.0,OI1909
2019-04-23 09:18:00,6990,6990,6986,6986,1114,287690,77913160.0,OI1909
2019-04-23 09:19:00,6987,6990,6986,6989,574,287762,40145560.0,OI1909
2019-04-23 09:20:00,6989,6989,6987,6988,528,287914,36928320.0,OI1909
2019-04-23 09:21:00,6988,6988,6986,6987,336,287940,23499840.0,OI1909
2019-04-23 09:22:00,6987,6991,6984,6987,1550,288098,108407000.0,OI1909
2019-04-23 09:23:00,6988,6988,6986,6986,408,288172,28535520.0,OI1909
2019-04-23 09:24:00,6987,6988,6986,6987,322,288256,22520680.0,OI1909
2019-04-23 09:25:00,6987,6988,6986,6987,168,288266,11749920.0,OI1909
2019-04-23 09:26:00,6988,6990,6987,6988,344,288382,24059360.0,OI1909
2019-04-23 09:27:00,6988,6989,6988,6988,182,288384,12729080.0,OI1909
2019-04-23 09:28:00,6988,6989,6987,6988,406,288520,28395640.0,OI1909
2019-04-23 09:29:00,6989,6991,6988,6989,388,288622,27136720.0,OI1909
2019-04-23 09:30:00,6989,6989,6987,6988,442,288888,30913480.0,OI1909
2019-04-23 09:31:00,6988,6991,6988,6991,336,288954,23499840.0,OI1909
2019-04-23 09:32:00,6989,6990,6989,6989,76,288962,5315440.0,OI1909
2019-04-23 09:33:00,6989,6990,6988,6988,294,288912,20562360.0,OI1909
2019-04-23 09:34:00,6989,6989,6986,6986,174,289008,12169560.0,OI1909
2019-04-23 09:35:00,6986,6986,6981,6982,2226,289614,155686440.0,OI1909
2019-04-23 09:36:00,6983,6986,6982,6985,364,289818,25458160.0,OI1909
2019-04-23 09:37:00,6986,6986,6984,6985,230,289858,16086200.0,OI1909
2019-04-23 09:38:00,6985,6985,6982,6982,390,289996,27276600.0,OI1909
2019-04-23 09:39:00,6982,6986,6982,6986,400,290120,27976000.0,OI1909
2019-04-23 09:40:00,6987,6987,6985,6985,274,290230,19163560.0,OI1909
2019-04-23 09:41:00,6985,6986,6984,6985,284,290340,19862960.0,OI1909
2019-04-23 09:42:00,6985,6986,6984,6984,140,290328,9791600.0,OI1909
2019-04-23 09:43:00,6984,6986,6982,6986,496,290370,34690240.0,OI1909
2019-04-23 09:44:00,6986,6989,6986,6988,594,290244,41544360.0,OI1909
2019-04-23 09:45:00,6988,6988,6986,6987,232,290258,16226080.0,OI1909
2019-04-23 09:46:00,6987,6988,6986,6986,166,290280,11610040.0,OI1909
2019-04-23 09:47:00,6986,6986,6984,6984,162,290266,11330280.0,OI1909
2019-04-23 09:48:00,6985,6985,6984,6985,224,290378,15666560.0,OI1909
2019-04-23 09:49:00,6985,6986,6984,6986,128,290408,9798320.0,OI1909
2019-04-23 09:50:00,6985,6986,6983,6983,200,290426,13986000.0,OI1909
2019-04-23 09:51:00,6983,6983,6982,6983,366,290602,25594380.0,OI1909
2019-04-23 09:52:00,6984,6985,6984,6985,374,290784,26153820.0,OI1909
2019-04-23 09:53:00,6984,6986,6984,6986,196,290762,13706280.0,OI1909
2019-04-23 09:54:00,6986,6987,6985,6987,120,290792,8391600.0,OI1909
2019-04-23 09:55:00,6986,6988,6986,6988,200,290796,13986000.0,OI1909
2019-04-23 09:56:00,6988,6988,6986,6986,286,290810,19999980.0,OI1909
2019-04-23 09:57:00,6986,6987,6986,6987,122,290798,8531460.0,OI1909
2019-04-23 09:58:00,6986,6987,6985,6985,150,290848,10489500.0,OI1909
2019-04-23 09:59:00,6985,6989,6985,6988,368,290846,25734240.0,OI1909
2019-04-23 10:00:00,6989,6989,6987,6987,298,290726,20839140.0,OI1909
2019-04-23 10:01:00,6987,6987,6986,6987,88,290736,6153840.0,OI1909
2019-04-23 10:02:00,6986,6988,6986,6987,310,290812,21678300.0,OI1909
2019-04-23 10:03:00,6987,6988,6987,6988,194,290814,13566420.0,OI1909
2019-04-23 10:04:00,6988,6988,6986,6986,84,290778,5874120.0,OI1909
2019-04-23 10:05:00,6986,6986,6984,6984,240,290838,16783200.0,OI1909
2019-04-23 10:06:00,6984,6985,6978,6980,2070,291254,144755100.0,OI1909
2019-04-23 10:07:00,6981,6984,6980,6984,582,291366,40699260.0,OI1909
2019-04-23 10:08:00,6983,6987,6983,6985,706,291332,49370580.0,OI1909
2019-04-23 10:09:00,6984,6985,6983,6984,196,291372,13706280.0,OI1909
2019-04-23 10:10:00,6984,6988,6984,6985,364,291410,25454520.0,OI1909
2019-04-23 10:11:00,6984,6984,6980,6983,600,291526,41958000.0,OI1909
2019-04-23 10:12:00,6983,6983,6982,6982,172,291480,12027960.0,OI1909
2019-04-23 10:13:00,6983,6983,6978,6980,792,291552,55384560.0,OI1909
2019-04-23 10:14:00,6981,6982,6980,6982,428,291522,29930040.0,OI1909
2019-04-23 10:30:00,6981,6983,6978,6981,984,291878,68811120.0,OI1909
2019-04-23 10:31:00,6982,6987,6980,6987,704,291928,49230720.0,OI1909
2019-04-23 10:32:00,6987,6987,6983,6983,354,291818,24755220.0,OI1909
2019-04-23 10:33:00,6983,6984,6983,6983,124,291816,8671320.0,OI1909
2019-04-23 10:34:00,6983,6983,6980,6980,384,292034,26853120.0,OI1909
2019-04-23 10:35:00,6980,6981,6973,6977,1798,292370,124188240.0,OI1909
2019-04-23 10:36:00,6977,6979,6974,6975,932,292420,65165440.0,OI1909
2019-04-23 10:37:00,6975,6977,6974,6976,822,292356,57474240.0,OI1909
2019-04-23 10:38:00,6975,6976,6971,6974,2456,293352,171723520.0,OI1909
2019-04-23 10:39:00,6974,6978,6974,6975,878,293450,61389760.0,OI1909
2019-04-23 10:40:00,6974,6994,6966,6987,9718,293464,677788600.0,OI1909
2019-04-23 10:41:00,6987,6992,6987,6989,2398,293632,167644180.0,OI1909
2019-04-23 10:42:00,6988,6989,6986,6987,672,293576,46979520.0,OI1909
2019-04-23 10:43:00,6987,6988,6985,6986,556,293532,38869960.0,OI1909
2019-04-23 10:44:00,6986,6988,6986,6987,282,293498,19714620.0,OI1909
2019-04-23 10:45:00,6987,6987,6984,6985,324,293426,22650840.0,OI1909
2019-04-23 10:46:00,6985,6987,6985,6986,278,293308,19434980.0,OI1909
2019-04-23 10:47:00,6986,6989,6986,6988,574,293260,40128340.0,OI1909
2019-04-23 10:48:00,6988,6990,6988,6988,280,293236,19574800.0,OI1909
2019-04-23 10:49:00,6988,6990,6988,6988,634,293236,44322940.0,OI1909
2019-04-23 10:50:00,6988,6989,6987,6987,198,293270,13842180.0,OI1909
2019-04-23 10:51:00,6987,6991,6987,6990,486,293212,33976260.0,OI1909
2019-04-23 10:52:00,6989,6991,6989,6990,606,293342,42365460.0,OI1909
2019-04-23 10:53:00,6991,6991,6990,6991,268,293370,18735880.0,OI1909
2019-04-23 10:54:00,6990,6991,6989,6989,626,293556,43763660.0,OI1909
2019-04-23 10:55:00,6988,6990,6988,6990,490,293574,34255900.0,OI1909
2019-04-23 10:56:00,6989,6990,6988,6989,324,293618,22650840.0,OI1909
2019-04-23 10:57:00,6989,6989,6988,6989,368,293690,25726880.0,OI1909
2019-04-23 10:58:00,6989,6990,6989,6989,96,293728,6711360.0,OI1909
2019-04-23 10:59:00,6988,6989,6986,6987,216,293702,15100560.0,OI1909
2019-04-23 11:00:00,6986,6990,6986,6989,590,293702,41246900.0,OI1909
2019-04-23 11:01:00,6989,6991,6989,6991,166,293772,11605060.0,OI1909
2019-04-23 11:02:00,6991,6991,6988,6988,358,293866,25027780.0,OI1909
2019-04-23 11:03:00,6988,6989,6988,6989,140,293856,9787400.0,OI1909
2019-04-23 11:04:00,6988,6990,6988,6989,398,293914,27824180.0,OI1909
2019-04-23 11:05:00,6989,6989,6986,6986,208,293856,14541280.0,OI1909
2019-04-23 11:06:00,6985,6988,6985,6987,308,293810,21532280.0,OI1909
2019-04-23 11:07:00,6987,6988,6987,6988,142,293818,9927220.0,OI1909
2019-04-23 11:08:00,6988,6989,6986,6987,80,293804,5592800.0,OI1909
2019-04-23 11:09:00,6986,6987,6982,6985,850,293838,59423500.0,OI1909
2019-04-23 11:10:00,6984,6986,6984,6985,184,293860,12863440.0,OI1909
2019-04-23 11:11:00,6985,6985,6984,6985,156,293852,10905960.0,OI1909
2019-04-23 11:12:00,6985,6988,6985,6987,340,293892,23769400.0,OI1909
2019-04-23 11:13:00,6987,6988,6986,6986,210,293968,14681100.0,OI1909
2019-04-23 11:14:00,6987,6987,6987,6987,90,293942,6291900.0,OI1909
2019-04-23 11:15:00,6986,6990,6986,6990,608,293892,42505280.0,OI1909
2019-04-23 11:16:00,6989,6990,6989,6990,258,293786,18036780.0,OI1909
2019-04-23 11:17:00,6990,6992,6990,6990,698,293700,48797180.0,OI1909
2019-04-23 11:18:00,6991,6991,6989,6989,388,293724,27125080.0,OI1909
2019-04-23 11:19:00,6988,6988,6988,6988,146,293740,10206860.0,OI1909
2019-04-23 11:20:00,6988,6990,6987,6990,334,293750,23349940.0,OI1909
2019-04-23 11:21:00,6989,6989,6989,6989,60,293740,4194600.0,OI1909
2019-04-23 11:22:00,6990,6990,6989,6989,146,293760,10206860.0,OI1909
2019-04-23 11:23:00,6989,6989,6985,6987,524,293784,36632840.0,OI1909
2019-04-23 11:24:00,6987,6988,6986,6987,100,293786,6991000.0,OI1909
2019-04-23 11:25:00,6987,6988,6986,6988,44,293788,3076040.0,OI1909
2019-04-23 11:26:00,6988,6988,6986,6988,126,293826,8808660.0,OI1909
2019-04-23 11:27:00,6987,6988,6987,6988,134,293784,9367940.0,OI1909
2019-04-23 11:28:00,6988,6988,6987,6987,74,293766,5173340.0,OI1909
2019-04-23 11:29:00,6987,6990,6987,6990,462,293600,32298420.0,OI1909
2019-04-23 13:30:00,6991,6991,6989,6989,418,293650,29222380.0,OI1909
2019-04-23 13:31:00,6990,6991,6989,6991,310,293644,21672100.0,OI1909
2019-04-23 13:32:00,6992,6992,6987,6988,428,293688,29921480.0,OI1909
2019-04-23 13:33:00,6988,6988,6987,6988,122,293726,8529020.0,OI1909
2019-04-23 13:34:00,6988,6992,6988,6991,404,293788,28243640.0,OI1909
2019-04-23 13:35:00,6991,6993,6990,6992,842,293860,58864220.0,OI1909
2019-04-23 13:36:00,6992,6998,6992,6997,2062,293936,144154420.0,OI1909
2019-04-23 13:37:00,6998,6998,6996,6998,614,293956,42924740.0,OI1909
2019-04-23 13:38:00,6998,6999,6996,6999,932,294082,65156120.0,OI1909
2019-04-23 13:39:00,6999,7000,6997,6998,1398,294478,97734180.0,OI1909
2019-04-23 13:40:00,6998,6999,6997,6998,294,294476,20553540.0,OI1909
2019-04-23 13:41:00,6997,6998,6996,6996,616,294662,43064560.0,OI1909
2019-04-23 13:42:00,6997,6997,6996,6997,118,294592,8249380.0,OI1909
2019-04-23 13:43:00,6997,6998,6996,6998,198,294596,13842180.0,OI1909
2019-04-23 13:44:00,6997,6998,6997,6997,272,294634,19015520.0,OI1909
2019-04-23 13:45:00,6997,6998,6997,6998,64,294616,4474240.0,OI1909
2019-04-23 13:46:00,6998,7002,6998,7002,1066,294760,74524060.0,OI1909
2019-04-23 13:47:00,7002,7003,7000,7000,1098,294780,76761180.0,OI1909
2019-04-23 13:48:00,7001,7002,7000,7001,334,294896,23349940.0,OI1909
2019-04-23 13:49:00,7001,7002,7000,7000,286,294986,19994260.0,OI1909
2019-04-23 13:50:00,7001,7001,6998,6999,406,294954,28383460.0,OI1909
2019-04-23 13:51:00,6999,7000,6997,6997,252,294960,17617320.0,OI1909
2019-04-23 13:52:00,6997,6999,6997,6998,256,294878,17896960.0,OI1909
2019-04-23 13:53:00,6998,6998,6990,6992,1542,294554,107801220.0,OI1909
2019-04-23 13:54:00,6992,6996,6992,6994,864,294320,60402240.0,OI1909
2019-04-23 13:55:00,6993,6994,6993,6994,308,294340,21532280.0,OI1909
2019-04-23 13:56:00,6993,6993,6992,6993,324,294308,22650840.0,OI1909
2019-04-23 13:57:00,6993,6995,6993,6995,214,294300,14960740.0,OI1909
2019-04-23 13:58:00,6994,6995,6992,6993,154,294268,10766140.0,OI1909
2019-04-23 13:59:00,6992,6993,6991,6992,328,294150,22930480.0,OI1909
2019-04-23 14:00:00,6992,6992,6989,6991,860,294072,60122600.0,OI1909
2019-04-23 14:01:00,6991,6994,6991,6992,380,294102,26565800.0,OI1909
2019-04-23 14:02:00,6993,6993,6992,6993,162,294084,11325420.0,OI1909
2019-04-23 14:03:00,6992,6992,6990,6991,180,294066,12583800.0,OI1909
2019-04-23 14:04:00,6991,6993,6991,6991,164,294042,11465240.0,OI1909
2019-04-23 14:05:00,6991,6991,6989,6991,288,294056,20134080.0,OI1909
2019-04-23 14:06:00,6992,6992,6985,6985,1446,293510,101089860.0,OI1909
2019-04-23 14:07:00,6986,6988,6985,6988,514,293440,35933740.0,OI1909
2019-04-23 14:08:00,6988,6988,6985,6985,392,293534,27404720.0,OI1909
2019-04-23 14:09:00,6985,6987,6985,6985,388,293584,27125080.0,OI1909
2019-04-23 14:10:00,6985,6987,6983,6987,536,293490,37471760.0,OI1909
2019-04-23 14:11:00,6987,6989,6986,6987,406,293386,28383460.0,OI1909
2019-04-23 14:12:00,6987,6987,6985,6985,268,293318,18735880.0,OI1909
2019-04-23 14:13:00,6985,6986,6985,6986,126,293328,8808660.0,OI1909
2019-04-23 14:14:00,6986,6986,6984,6984,264,293334,18456240.0,OI1909
2019-04-23 14:15:00,6985,6985,6983,6985,608,293374,42505280.0,OI1909
2019-04-23 14:16:00,6984,6987,6984,6985,468,293522,32717880.0,OI1909
2019-04-23 14:17:00,6985,6985,6984,6985,142,293514,9927220.0,OI1909
2019-04-23 14:18:00,6985,6987,6985,6987,160,293504,11185600.0,OI1909
2019-04-23 14:19:00,6987,6987,6986,6986,206,293486,14401460.0,OI1909
2019-04-23 14:20:00,6986,6987,6985,6985,112,293490,7829920.0,OI1909
2019-04-23 14:21:00,6985,6986,6985,6986,48,293474,3355680.0,OI1909
2019-04-23 14:22:00,6985,6986,6984,6984,178,293418,12443980.0,OI1909
2019-04-23 14:23:00,6985,6985,6983,6985,202,293444,14121820.0,OI1909
2019-04-23 14:24:00,6984,6986,6984,6985,260,293398,18176600.0,OI1909
2019-04-23 14:25:00,6985,6985,6981,6983,1144,293496,79977040.0,OI1909
2019-04-23 14:26:00,6983,6983,6981,6982,396,293452,27684360.0,OI1909
2019-04-23 14:27:00,6982,6984,6980,6983,682,293460,47678620.0,OI1909
2019-04-23 14:28:00,6983,6984,6982,6983,270,293448,18875700.0,OI1909
2019-04-23 14:29:00,6983,6983,6979,6979,696,293542,48657360.0,OI1909
2019-04-23 14:30:00,6978,6982,6977,6982,818,293698,57186380.0,OI1909
2019-04-23 14:31:00,6983,6983,6979,6983,792,293872,55368720.0,OI1909
2019-04-23 14:32:00,6984,6984,6981,6984,374,293884,26146340.0,OI1909
2019-04-23 14:33:00,6984,6984,6981,6982,406,293944,28383460.0,OI1909
2019-04-23 14:34:00,6982,6982,6981,6981,370,294196,25866700.0,OI1909
2019-04-23 14:35:00,6981,6982,6979,6982,610,294368,42645100.0,OI1909
2019-04-23 14:36:00,6981,6982,6980,6981,222,294376,15520020.0,OI1909
2019-04-23 14:37:00,6981,6983,6980,6981,754,294286,52712140.0,OI1909
2019-04-23 14:38:00,6982,6983,6981,6983,370,294418,25866700.0,OI1909
2019-04-23 14:39:00,6983,6985,6982,6983,514,294298,35933740.0,OI1909
2019-04-23 14:40:00,6984,6985,6982,6983,350,294342,24468500.0,OI1909
2019-04-23 14:41:00,6983,6985,6981,6985,774,294506,54110340.0,OI1909
2019-04-23 14:42:00,6985,6988,6985,6987,1154,294560,80676140.0,OI1909
2019-04-23 14:43:00,6987,6988,6986,6987,238,294546,16638580.0,OI1909
2019-04-23 14:44:00,6988,6988,6986,6986,154,294526,10766140.0,OI1909
2019-04-23 14:45:00,6986,6987,6986,6987,218,294456,15240380.0,OI1909
2019-04-23 14:46:00,6986,6988,6986,6987,204,294420,14261640.0,OI1909
2019-04-23 14:47:00,6987,6988,6985,6986,310,294410,21672100.0,OI1909
2019-04-23 14:48:00,6986,6987,6985,6987,1166,294614,81515060.0,OI1909
2019-04-23 14:49:00,6988,6990,6987,6989,852,294588,59563320.0,OI1909
2019-04-23 14:50:00,6990,6990,6989,6989,350,294474,24468500.0,OI1909
2019-04-23 14:51:00,6989,6990,6988,6990,594,294348,41526540.0,OI1909
2019-04-23 14:52:00,6989,6992,6989,6989,448,294134,31319680.0,OI1909
2019-04-23 14:53:00,6989,6991,6989,6989,262,294048,18316420.0,OI1909
2019-04-23 14:54:00,6989,6990,6989,6989,264,293934,18456240.0,OI1909
2019-04-23 14:55:00,6990,6990,6985,6987,638,293824,44602580.0,OI1909
2019-04-23 14:56:00,6986,6987,6983,6984,602,293654,42085820.0,OI1909
2019-04-23 14:57:00,6985,6985,6982,6983,560,293372,39149600.0,OI1909
2019-04-23 14:58:00,6984,6984,6980,6980,1048,293298,73265680.0,OI1909
2019-04-23 14:59:00,6980,6984,6979,6982,1366,293222,95497060.0,OI1909
2019-04-23 21:00:00,6960,6960,6943,6945,14922,295186,1036929780.0,OI1909
2019-04-23 21:01:00,6945,6949,6937,6944,5312,295396,368928540.0,OI1909
2019-04-23 21:02:00,6945,6951,6944,6945,3432,295604,238455360.0,OI1909
2019-04-23 21:03:00,6946,6946,6939,6945,4446,295822,308626960.0,OI1909
2019-04-23 21:04:00,6944,6952,6944,6951,2692,296538,187013240.0,OI1909
2019-04-23 21:05:00,6952,6956,6949,6950,3202,296646,222783000.0,OI1909
2019-04-23 21:06:00,6950,6951,6946,6947,2302,297416,159942960.0,OI1909
2019-04-23 21:07:00,6948,6949,6946,6948,2378,297388,165223440.0,OI1909
2019-04-23 21:08:00,6949,6954,6949,6951,2076,297894,144240480.0,OI1909
2019-04-23 21:09:00,6950,6951,6940,6940,2254,297932,156607920.0,OI1909
2019-04-23 21:10:00,6941,6945,6938,6943,2960,298424,205201040.0,OI1909
2019-04-23 21:11:00,6943,6945,6939,6940,1582,299000,109901540.0,OI1909
2019-04-23 21:12:00,6939,6940,6926,6927,5270,299830,365578620.0,OI1909
2019-04-23 21:13:00,6928,6930,6922,6923,5016,300134,347254480.0,OI1909
2019-04-23 21:14:00,6922,6925,6915,6917,9822,301422,679333040.0,OI1909
2019-04-23 21:15:00,6917,6922,6917,6920,3992,302140,276328220.0,OI1909
2019-04-23 21:16:00,6921,6926,6917,6925,3028,302178,209366060.0,OI1909
2019-04-23 21:17:00,6926,6926,6924,6926,1618,302130,112256840.0,OI1909
2019-04-23 21:18:00,6926,6927,6923,6924,1580,301996,109620400.0,OI1909
2019-04-23 21:19:00,6924,6929,6924,6927,2074,302052,143894120.0,OI1909
2019-04-23 21:20:00,6929,6929,6926,6927,1836,301784,127332380.0,OI1909
2019-04-23 21:21:00,6927,6929,6924,6928,1388,301778,96285560.0,OI1909
2019-04-23 21:22:00,6929,6929,6925,6926,708,301778,49113960.0,OI1909
2019-04-23 21:23:00,6925,6926,6923,6926,880,302072,61045600.0,OI1909
2019-04-23 21:24:00,6926,6926,6924,6925,810,302108,56189700.0,OI1909
2019-04-23 21:25:00,6924,6928,6923,6926,750,302194,52027500.0,OI1909
2019-04-23 21:26:00,6926,6926,6923,6924,668,302292,46339160.0,OI1909
2019-04-23 21:27:00,6924,6926,6923,6925,548,302322,38014760.0,OI1909
2019-04-23 21:28:00,6924,6925,6919,6921,2258,302376,155739420.0,OI1909
2019-04-23 21:29:00,6920,6925,6919,6924,2086,301882,144684960.0,OI1909
2019-04-23 21:30:00,6924,6925,6923,6925,1562,301160,108340320.0,OI1909
2019-04-23 21:31:00,6925,6926,6921,6923,1444,301038,99206880.0,OI1909
2019-04-23 21:32:00,6923,6923,6919,6919,1288,301262,89322800.0,OI1909
2019-04-23 21:33:00,6918,6925,6918,6925,1420,301474,98477000.0,OI1909
2019-04-23 21:34:00,6925,6925,6923,6923,468,301532,32455800.0,OI1909
2019-04-23 21:35:00,6923,6923,6919,6920,874,301408,60611900.0,OI1909
2019-04-23 21:36:00,6921,6921,6918,6918,864,301310,59918400.0,OI1909
2019-04-23 21:37:00,6918,6920,6915,6919,2120,301416,146002700.0,OI1909
2019-04-23 21:38:00,6919,6919,6907,6908,5730,301792,396241600.0,OI1909
2019-04-23 21:39:00,6908,6909,6897,6902,8882,301826,613458220.0,OI1909
2019-04-23 21:40:00,6901,6904,6900,6903,3332,300924,229742180.0,OI1909
2019-04-23 21:41:00,6903,6903,6898,6901,2656,300682,183327060.0,OI1909
2019-04-23 21:42:00,6901,6901,6896,6899,3626,300220,249983980.0,OI1909
2019-04-23 21:43:00,6899,6899,6896,6896,2818,300002,195231040.0,OI1909
2019-04-23 21:44:00,6896,6897,6887,6889,7924,300430,546236760.0,OI1909
2019-04-23 21:45:00,6889,6891,6884,6885,4592,300204,315212120.0,OI1909
2019-04-23 21:46:00,6884,6888,6882,6883,3930,300092,270659000.0,OI1909
2019-04-23 21:47:00,6883,6887,6881,6887,5184,299416,357382280.0,OI1909
2019-04-23 21:48:00,6887,6891,6885,6890,2888,299016,198652400.0,OI1909
2019-04-23 21:49:00,6891,6896,6890,6895,4878,298584,336022680.0,OI1909
2019-04-23 21:50:00,6895,6898,6893,6896,2346,298342,162343200.0,OI1909
2019-04-23 21:51:00,6895,6899,6893,6898,2644,298138,182964800.0,OI1909
2019-04-23 21:52:00,6898,6901,6897,6898,2084,297802,142558360.0,OI1909
2019-04-23 21:53:00,6898,6898,6894,6895,984,297718,68082960.0,OI1909
2019-04-23 21:54:00,6894,6896,6894,6894,1012,297642,70020280.0,OI1909
2019-04-23 21:55:00,6894,6900,6893,6900,1446,297830,100048740.0,OI1909
2019-04-23 21:56:00,6899,6900,6896,6897,898,297960,62132620.0,OI1909
2019-04-23 21:57:00,6897,6900,6897,6899,1024,297960,70850560.0,OI1909
2019-04-23 21:58:00,6898,6899,6896,6898,438,297942,30305220.0,OI1909
2019-04-23 21:59:00,6897,6900,6897,6899,826,297786,57150940.0,OI1909
2019-04-23 22:00:00,6898,6898,6891,6896,2702,298198,185203640.0,OI1909
2019-04-23 22:01:00,6896,6897,6895,6896,586,298248,40539480.0,OI1909
2019-04-23 22:02:00,6896,6896,6889,6892,2622,298152,181389960.0,OI1909
2019-04-23 22:03:00,6892,6894,6890,6893,1208,297988,83569440.0,OI1909
2019-04-23 22:04:00,6892,6895,6890,6893,1634,297874,111231880.0,OI1909
2019-04-23 22:05:00,6893,6893,6882,6882,2506,298144,173340020.0,OI1909
2019-04-23 22:06:00,6882,6887,6880,6884,2704,298488,187780260.0,OI1909
2019-04-23 22:07:00,6884,6884,6870,6878,7772,298064,535573460.0,OI1909
2019-04-23 22:08:00,6877,6885,6877,6884,2700,298010,184739940.0,OI1909
2019-04-23 22:09:00,6885,6891,6884,6887,4012,297742,277389680.0,OI1909
2019-04-23 22:10:00,6886,6886,6871,6872,5816,296812,400054900.0,OI1909
2019-04-23 22:11:00,6873,6874,6867,6872,6186,297646,425512980.0,OI1909
2019-04-23 22:12:00,6873,6873,6861,6867,9826,299048,674726200.0,OI1909
2019-04-23 22:13:00,6866,6866,6856,6861,7504,299852,513929400.0,OI1909
2019-04-23 22:14:00,6860,6868,6858,6861,5010,300408,343742200.0,OI1909
2019-04-23 22:15:00,6860,6867,6860,6867,3914,301008,267952240.0,OI1909
2019-04-23 22:16:00,6867,6867,6862,6863,3578,300926,247096680.0,OI1909
2019-04-23 22:17:00,6864,6866,6859,6862,2928,301566,199754880.0,OI1909
2019-04-23 22:18:00,6862,6862,6853,6856,5360,302558,367601600.0,OI1909
2019-04-23 22:19:00,6856,6862,6852,6858,5098,302948,349408540.0,OI1909
2019-04-23 22:20:00,6858,6862,6857,6859,2038,303214,140683140.0,OI1909
2019-04-23 22:21:00,6859,6862,6857,6859,1678,303786,113456640.0,OI1909
2019-04-23 22:22:00,6859,6860,6856,6859,2102,303922,145080040.0,OI1909
2019-04-23 22:23:00,6860,6861,6857,6860,1684,304230,116229680.0,OI1909
2019-04-23 22:24:00,6861,6864,6859,6861,2578,304446,175275380.0,OI1909
2019-04-23 22:25:00,6861,6869,6861,6868,4924,303078,339805240.0,OI1909
2019-04-23 22:26:00,6867,6871,6865,6870,2754,302398,190053540.0,OI1909
2019-04-23 22:27:00,6870,6876,6870,6875,3324,301158,226621040.0,OI1909
2019-04-23 22:28:00,6876,6876,6872,6873,2076,300452,143244000.0,OI1909
2019-04-23 22:29:00,6873,6874,6871,6874,2336,300338,161184000.0,OI1909
2019-04-23 22:30:00,6873,6881,6873,6879,2974,300316,205206000.0,OI1909
2019-04-23 22:31:00,6880,6881,6877,6880,2892,300530,196677020.0,OI1909
2019-04-23 22:32:00,6879,6880,6876,6877,1026,300262,70783740.0,OI1909
2019-04-23 22:33:00,6878,6880,6877,6879,1152,299858,79476480.0,OI1909
2019-04-23 22:34:00,6879,6880,6876,6876,426,299768,29389740.0,OI1909
2019-04-23 22:35:00,6876,6877,6874,6875,1040,299542,71749600.0,OI1909
2019-04-23 22:36:00,6875,6877,6874,6875,786,299504,54226140.0,OI1909
2019-04-23 22:37:00,6874,6878,6874,6877,582,299346,40152180.0,OI1909
2019-04-23 22:38:00,6877,6879,6876,6878,792,299218,54640080.0,OI1909
2019-04-23 22:39:00,6878,6878,6875,6877,484,299226,33391160.0,OI1909
2019-04-23 22:40:00,6877,6878,6875,6876,430,299150,29665700.0,OI1909
2019-04-23 22:41:00,6875,6876,6873,6875,484,299158,33391160.0,OI1909
2019-04-23 22:42:00,6876,6877,6874,6876,806,299222,55605940.0,OI1909
2019-04-23 22:43:00,6876,6878,6876,6876,270,299180,18627300.0,OI1909
2019-04-23 22:44:00,6875,6876,6874,6875,392,299040,27044080.0,OI1909
2019-04-23 22:45:00,6874,6876,6874,6875,192,299074,13246080.0,OI1909
2019-04-23 22:46:00,6874,6876,6873,6876,496,298972,34219040.0,OI1909
2019-04-23 22:47:00,6876,6876,6875,6876,170,298998,11728300.0,OI1909
2019-04-23 22:48:00,6875,6878,6875,6878,302,299036,20834980.0,OI1909
2019-04-23 22:49:00,6877,6877,6875,6875,318,299062,21938820.0,OI1909
2019-04-23 22:50:00,6877,6877,6874,6875,346,299102,23870540.0,OI1909
2019-04-23 22:51:00,6875,6876,6865,6867,2076,298424,140226560.0,OI1909
2019-04-23 22:52:00,6866,6868,6863,6864,1182,298456,81534360.0,OI1909
2019-04-23 22:53:00,6864,6868,6864,6865,1648,298802,113679040.0,OI1909
2019-04-23 22:54:00,6865,6866,6863,6865,682,298968,47044360.0,OI1909
2019-04-23 22:55:00,6865,6866,6864,6865,1058,299278,72980840.0,OI1909
2019-04-23 22:56:00,6864,6866,6861,6865,1466,299276,101124680.0,OI1909
2019-04-23 22:57:00,6866,6866,6864,6866,766,299134,52838680.0,OI1909
2019-04-23 22:58:00,6865,6872,6865,6871,1576,298980,111499580.0,OI1909
2019-04-23 22:59:00,6871,6872,6868,6868,700,298942,48279000.0,OI1909
2019-04-23 23:00:00,6870,6870,6867,6867,394,299000,27174180.0,OI1909
2019-04-23 23:01:00,6868,6870,6868,6869,298,299038,20553060.0,OI1909
2019-04-23 23:02:00,6869,6872,6869,6871,340,299024,23449800.0,OI1909
2019-04-23 23:03:00,6871,6877,6868,6873,2752,299432,189805440.0,OI1909
2019-04-23 23:04:00,6872,6874,6870,6872,2980,300166,205530600.0,OI1909
2019-04-23 23:05:00,6871,6874,6870,6874,2318,299806,159872460.0,OI1909
2019-04-23 23:06:00,6874,6875,6873,6874,408,299752,28139760.0,OI1909
2019-04-23 23:07:00,6874,6876,6873,6876,462,299644,31864140.0,OI1909
2019-04-23 23:08:00,6875,6876,6872,6873,364,299586,25105080.0,OI1909
2019-04-23 23:09:00,6872,6875,6871,6873,714,299732,47473420.0,OI1909
2019-04-23 23:10:00,6874,6874,6866,6866,1208,299562,83303680.0,OI1909
2019-04-23 23:11:00,6867,6867,6864,6866,646,299534,44548160.0,OI1909
2019-04-23 23:12:00,6866,6871,6866,6870,666,299564,45927360.0,OI1909
2019-04-23 23:13:00,6871,6871,6865,6866,774,299592,53375040.0,OI1909
2019-04-23 23:14:00,6866,6868,6865,6867,1402,299642,96681920.0,OI1909
2019-04-23 23:15:00,6867,6870,6865,6870,2330,299580,160676800.0,OI1909
2019-04-23 23:16:00,6870,6875,6869,6873,2186,299090,150746560.0,OI1909
2019-04-23 23:17:00,6873,6873,6870,6870,522,298900,35997120.0,OI1909
2019-04-23 23:18:00,6870,6871,6870,6871,218,298740,15033280.0,OI1909
2019-04-23 23:19:00,6870,6871,6868,6870,648,298550,44686080.0,OI1909
2019-04-23 23:20:00,6870,6873,6869,6872,404,298526,27859840.0,OI1909
2019-04-23 23:21:00,6872,6873,6871,6873,192,298562,13240320.0,OI1909
2019-04-23 23:22:00,6873,6874,6871,6873,310,298408,21377600.0,OI1909
2019-04-23 23:23:00,6872,6873,6871,6872,220,298286,15171200.0,OI1909
2019-04-23 23:24:00,6872,6872,6871,6871,134,298234,9240640.0,OI1909
2019-04-23 23:25:00,6871,6872,6870,6870,916,297956,63441400.0,OI1909
2019-04-23 23:26:00,6870,6871,6869,6870,750,297340,51712500.0,OI1909
2019-04-23 23:27:00,6869,6870,6868,6870,290,297248,19995500.0,OI1909
2019-04-23 23:28:00,6870,6871,6866,6868,1774,297282,122317300.0,OI1909
2019-04-23 23:29:00,6868,6870,6861,6861,1972,296646,135969400.0,OI1909
2019-04-24 09:00:00,6855,6864,6852,6859,7756,296072,531325260.0,OI1909
2019-04-24 09:01:00,6858,6859,6843,6844,10064,297124,690260580.0,OI1909
2019-04-24 09:02:00,6844,6844,6837,6841,7552,297704,516932260.0,OI1909
2019-04-24 09:03:00,6840,6845,6838,6844,4194,298146,285381440.0,OI1909
2019-04-24 09:04:00,6843,6846,6840,6846,2564,298622,176685240.0,OI1909
2019-04-24 09:05:00,6847,6849,6845,6847,2630,298348,181233300.0,OI1909
2019-04-24 09:06:00,6848,6855,6847,6850,2630,298186,183575140.0,OI1909
2019-04-24 09:07:00,6850,6850,6847,6848,898,298170,61872200.0,OI1909
2019-04-24 09:08:00,6848,6866,6848,6866,3744,297256,257961600.0,OI1909
2019-04-24 09:09:00,6865,6865,6858,6859,2730,297252,188097000.0,OI1909
2019-04-24 09:10:00,6859,6865,6857,6865,1726,297286,118921400.0,OI1909
2019-04-24 09:11:00,6864,6865,6860,6861,888,297304,61183200.0,OI1909
2019-04-24 09:12:00,6861,6865,6858,6863,1568,297176,104172380.0,OI1909
2019-04-24 09:13:00,6862,6865,6861,6864,524,297062,36098360.0,OI1909
2019-04-24 09:14:00,6864,6864,6859,6860,988,297244,68063320.0,OI1909
2019-04-24 09:15:00,6860,6862,6859,6860,1970,297576,135713300.0,OI1909
2019-04-24 09:16:00,6859,6860,6855,6855,1152,297710,79361280.0,OI1909
2019-04-24 09:17:00,6855,6856,6852,6853,920,297552,63378800.0,OI1909
2019-04-24 09:18:00,6854,6855,6850,6853,2054,297812,141500060.0,OI1909
2019-04-24 09:19:00,6853,6856,6852,6854,830,297820,57178700.0,OI1909
2019-04-24 09:20:00,6853,6859,6853,6856,1038,297760,71507820.0,OI1909
2019-04-24 09:21:00,6856,6860,6856,6860,774,297820,53320860.0,OI1909
2019-04-24 09:22:00,6859,6860,6855,6855,486,297628,33480540.0,OI1909
2019-04-24 09:23:00,6855,6858,6855,6858,460,297598,31689400.0,OI1909
2019-04-24 09:24:00,6858,6862,6857,6861,690,297682,43552420.0,OI1909
2019-04-24 09:25:00,6862,6868,6861,6867,1592,297530,109656960.0,OI1909
2019-04-24 09:26:00,6867,6868,6864,6867,1804,297480,124259520.0,OI1909
2019-04-24 09:27:00,6867,6868,6865,6865,1296,297804,89268480.0,OI1909
2019-04-24 09:28:00,6865,6865,6863,6864,390,297864,26863200.0,OI1909
2019-04-24 09:29:00,6865,6866,6860,6865,1650,296820,113652000.0,OI1909
2019-04-24 09:30:00,6863,6864,6860,6864,2502,295836,172337760.0,OI1909
2019-04-24 09:31:00,6865,6866,6863,6863,572,295572,39399360.0,OI1909
2019-04-24 09:32:00,6863,6865,6862,6865,428,295574,29480640.0,OI1909
2019-04-24 09:33:00,6865,6865,6862,6863,592,295610,40776960.0,OI1909
2019-04-24 09:34:00,6864,6865,6863,6864,272,295750,18735360.0,OI1909
2019-04-24 09:35:00,6863,6864,6862,6862,200,295692,13776000.0,OI1909
2019-04-24 09:36:00,6862,6863,6861,6862,304,295692,20939520.0,OI1909
2019-04-24 09:37:00,6862,6864,6862,6863,262,295744,18046560.0,OI1909
2019-04-24 09:38:00,6863,6865,6862,6864,262,295802,18046560.0,OI1909
2019-04-24 09:39:00,6864,6866,6864,6864,262,295834,18046560.0,OI1909
2019-04-24 09:40:00,6865,6865,6861,6864,600,295754,41328000.0,OI1909
2019-04-24 09:41:00,6865,6866,6863,6863,238,295768,16393440.0,OI1909
2019-04-24 09:42:00,6863,6865,6863,6865,294,295750,20250720.0,OI1909
2019-04-24 09:43:00,6865,6865,6864,6864,128,295700,8816640.0,OI1909
2019-04-24 09:44:00,6865,6865,6864,6865,62,295726,4270560.0,OI1909
2019-04-24 09:45:00,6864,6867,6863,6867,936,295714,64471680.0,OI1909
2019-04-24 09:46:00,6867,6867,6864,6865,248,295610,17082240.0,OI1909
2019-04-24 09:47:00,6866,6866,6863,6864,260,295608,17908800.0,OI1909
2019-04-24 09:48:00,6864,6865,6862,6862,140,295608,9643200.0,OI1909
2019-04-24 09:49:00,6862,6864,6862,6863,230,295536,15842400.0,OI1909
2019-04-24 09:50:00,6862,6863,6862,6862,194,295438,13362720.0,OI1909
2019-04-24 09:51:00,6863,6863,6862,6862,152,295382,10469760.0,OI1909
2019-04-24 09:52:00,6862,6863,6859,6861,524,295420,36093120.0,OI1909
2019-04-24 09:53:00,6860,6864,6860,6864,338,295406,27151720.0,OI1909
2019-04-24 09:54:00,6865,6866,6864,6865,428,295300,29476360.0,OI1909
2019-04-24 09:55:00,6865,6866,6864,6865,350,295202,24104500.0,OI1909
2019-04-24 09:56:00,6865,6868,6864,6867,568,295072,39118160.0,OI1909
2019-04-24 09:57:00,6866,6868,6865,6867,670,294904,46142900.0,OI1909
2019-04-24 09:58:00,6868,6873,6865,6870,3050,295116,210053500.0,OI1909
2019-04-24 09:59:00,6870,6872,6869,6871,1072,295206,73828640.0,OI1909
2019-04-24 10:00:00,6869,6869,6866,6866,680,295330,46831600.0,OI1909
2019-04-24 10:01:00,6865,6868,6864,6867,530,295340,36501100.0,OI1909
2019-04-24 10:02:00,6868,6871,6867,6870,218,295342,15013660.0,OI1909
2019-04-24 10:03:00,6870,6871,6869,6870,248,295252,17079760.0,OI1909
2019-04-24 10:04:00,6870,6871,6867,6868,624,295234,42974880.0,OI1909
2019-04-24 10:05:00,6868,6869,6866,6866,270,295236,18594900.0,OI1909
2019-04-24 10:06:00,6866,6866,6858,6860,1806,295412,124379220.0,OI1909
2019-04-24 10:07:00,6860,6863,6859,6862,400,295376,27548000.0,OI1909
2019-04-24 10:08:00,6862,6864,6862,6863,394,295358,27134780.0,OI1909
2019-04-24 10:09:00,6862,6863,6862,6862,302,295240,20798740.0,OI1909
2019-04-24 10:10:00,6861,6863,6861,6862,360,295222,24793200.0,OI1909
2019-04-24 10:11:00,6862,6863,6859,6861,748,295256,51514760.0,OI1909
2019-04-24 10:12:00,6861,6861,6860,6860,240,295292,16528800.0,OI1909
2019-04-24 10:13:00,6860,6865,6860,6864,580,295114,39944600.0,OI1909
2019-04-24 10:14:00,6863,6867,6863,6867,306,295110,21074220.0,OI1909
2019-04-24 10:30:00,6867,6867,6861,6862,396,295220,27272520.0,OI1909
2019-04-24 10:31:00,6862,6864,6861,6861,264,295240,18181680.0,OI1909
2019-04-24 10:32:00,6861,6863,6860,6862,152,295226,10468240.0,OI1909
2019-04-24 10:33:00,6862,6862,6859,6861,480,295312,33057600.0,OI1909
2019-04-24 10:34:00,6861,6861,6858,6859,454,295318,31266980.0,OI1909
2019-04-24 10:35:00,6858,6860,6857,6859,816,295300,56197920.0,OI1909
2019-04-24 10:36:00,6859,6862,6859,6861,340,295370,23415800.0,OI1909
2019-04-24 10:37:00,6862,6863,6860,6860,206,295260,14187220.0,OI1909
2019-04-24 10:38:00,6860,6862,6858,6860,450,295178,30991500.0,OI1909
2019-04-24 10:39:00,6860,6860,6856,6856,670,295082,46142900.0,OI1909
2019-04-24 10:40:00,6856,6856,6852,6853,1696,295154,117820600.0,OI1909
2019-04-24 10:41:00,6854,6855,6852,6852,752,295060,51782720.0,OI1909
2019-04-24 10:42:00,6852,6856,6851,6855,1030,295030,70925800.0,OI1909
2019-04-24 10:43:00,6855,6855,6854,6854,280,294994,19280800.0,OI1909
2019-04-24 10:44:00,6854,6856,6854,6855,248,294940,17077280.0,OI1909
2019-04-24 10:45:00,6854,6855,6854,6855,180,294996,12394800.0,OI1909
2019-04-24 10:46:00,6855,6856,6852,6852,630,294878,43381800.0,OI1909
2019-04-24 10:47:00,6852,6853,6847,6850,2568,295402,176832480.0,OI1909
2019-04-24 10:48:00,6851,6852,6848,6848,746,295544,51369560.0,OI1909
2019-04-24 10:49:00,6848,6849,6845,6847,1826,295846,125738360.0,OI1909
2019-04-24 10:50:00,6846,6846,6842,6843,1722,296066,118576920.0,OI1909
2019-04-24 10:51:00,6843,6847,6843,6847,1508,296434,99475540.0,OI1909
2019-04-24 10:52:00,6847,6849,6846,6848,574,296544,39519900.0,OI1909
2019-04-24 10:53:00,6848,6851,6848,6850,748,296510,51499800.0,OI1909
2019-04-24 10:54:00,6850,6850,6848,6850,626,296306,43100100.0,OI1909
2019-04-24 10:55:00,6849,6851,6849,6851,206,296300,14183100.0,OI1909
2019-04-24 10:56:00,6850,6853,6850,6850,606,296206,41723100.0,OI1909
2019-04-24 10:57:00,6851,6851,6849,6849,460,296164,31671000.0,OI1909
2019-04-24 10:58:00,6848,6849,6843,6845,1322,296340,91019700.0,OI1909
2019-04-24 10:59:00,6845,6846,6843,6845,854,296526,58797900.0,OI1909
2019-04-24 11:00:00,6844,6845,6841,6842,1278,296720,87990300.0,OI1909
2019-04-24 11:01:00,6841,6845,6840,6843,2168,297500,149266800.0,OI1909
2019-04-24 11:02:00,6843,6846,6843,6845,540,297324,37179000.0,OI1909
2019-04-24 11:03:00,6846,6846,6844,6845,424,297312,29192400.0,OI1909
2019-04-24 11:04:00,6846,6849,6845,6849,820,297260,56457000.0,OI1909
2019-04-24 11:05:00,6849,6849,6845,6847,298,297240,24534280.0,OI1909
2019-04-24 11:06:00,6846,6848,6846,6846,134,297212,9224560.0,OI1909
2019-04-24 11:07:00,6847,6848,6841,6841,814,297402,56035760.0,OI1909
2019-04-24 11:08:00,6841,6841,6829,6830,5546,297014,381786640.0,OI1909
2019-04-24 11:09:00,6830,6835,6830,6835,2398,297230,165078320.0,OI1909
2019-04-24 11:10:00,6837,6839,6831,6831,2076,297282,138231340.0,OI1909
2019-04-24 11:11:00,6832,6832,6817,6819,7074,299334,482152180.0,OI1909
2019-04-24 11:12:00,6818,6823,6812,6816,5554,299904,382226280.0,OI1909
2019-04-24 11:13:00,6817,6826,6816,6823,3716,300364,259157260.0,OI1909
2019-04-24 11:14:00,6823,6824,6821,6823,1434,300714,98673540.0,OI1909
2019-04-24 11:15:00,6824,6826,6823,6823,1382,300680,95095420.0,OI1909
2019-04-24 11:16:00,6824,6828,6822,6827,1046,300716,71975260.0,OI1909
2019-04-24 11:17:00,6827,6829,6824,6825,2116,301040,145601960.0,OI1909
2019-04-24 11:18:00,6824,6825,6822,6822,926,300842,63390320.0,OI1909
2019-04-24 11:19:00,6822,6822,6809,6814,7210,300730,491062920.0,OI1909
2019-04-24 11:20:00,6815,6824,6814,6821,1704,300546,117218160.0,OI1909
2019-04-24 11:21:00,6823,6823,6817,6819,1102,300576,75806580.0,OI1909
2019-04-24 11:22:00,6820,6821,6815,6818,1842,300620,126711180.0,OI1909
2019-04-24 11:23:00,6818,6822,6818,6821,862,300920,59296980.0,OI1909
2019-04-24 11:24:00,6821,6826,6821,6826,1586,301096,109100940.0,OI1909
2019-04-24 11:25:00,6825,6827,6823,6823,1308,300946,94768240.0,OI1909
2019-04-24 11:26:00,6823,6825,6822,6823,480,300912,33014400.0,OI1909
2019-04-24 11:27:00,6822,6824,6821,6823,668,300850,45945040.0,OI1909
2019-04-24 11:28:00,6823,6825,6821,6822,754,300908,51860120.0,OI1909
2019-04-24 11:29:00,6821,6822,6816,6816,1914,300666,131644920.0,OI1909
2019-04-24 13:30:00,6818,6823,6814,6820,3426,300454,235640280.0,OI1909
2019-04-24 13:31:00,6821,6822,6816,6819,2498,300670,171181000.0,OI1909
2019-04-24 13:32:00,6819,6820,6814,6817,2768,301112,190355360.0,OI1909
2019-04-24 13:33:00,6817,6818,6809,6812,3544,301636,243720880.0,OI1909
2019-04-24 13:34:00,6813,6815,6809,6813,3038,301924,212767160.0,OI1909
2019-04-24 13:35:00,6813,6817,6811,6816,2318,301752,159385680.0,OI1909
2019-04-24 13:36:00,6816,6819,6814,6816,2132,301134,146596320.0,OI1909
2019-04-24 13:37:00,6817,6819,6810,6810,2368,301386,157495480.0,OI1909
2019-04-24 13:38:00,6811,6813,6804,6813,3848,301536,264550000.0,OI1909
2019-04-24 13:39:00,6813,6815,6810,6813,1232,301686,84700000.0,OI1909
2019-04-24 13:40:00,6814,6817,6811,6815,1208,301782,83050000.0,OI1909
2019-04-24 13:41:00,6816,6821,6816,6820,1730,301422,118937500.0,OI1909
2019-04-24 13:42:00,6820,6820,6818,6820,854,301274,58893620.0,OI1909
2019-04-24 13:43:00,6820,6822,6819,6822,1198,301212,82350520.0,OI1909
2019-04-24 13:44:00,6822,6823,6820,6823,1174,300892,80700760.0,OI1909
2019-04-24 13:45:00,6823,6827,6822,6825,2170,300226,149165800.0,OI1909
2019-04-24 13:46:00,6824,6825,6820,6821,986,300260,67777640.0,OI1909
2019-04-24 13:47:00,6821,6823,6821,6822,740,300296,50867600.0,OI1909
2019-04-24 13:48:00,6822,6826,6821,6826,846,300124,58154040.0,OI1909
2019-04-24 13:49:00,6825,6833,6825,6831,3182,299398,218730680.0,OI1909
2019-04-24 13:50:00,6830,6839,6830,6833,4164,298338,280671840.0,OI1909
2019-04-24 13:51:00,6833,6834,6831,6834,1290,298420,88661700.0,OI1909
2019-04-24 13:52:00,6833,6837,6833,6835,1414,298678,97184220.0,OI1909
2019-04-24 13:53:00,6836,6836,6833,6835,914,298358,62819220.0,OI1909
2019-04-24 13:54:00,6834,6836,6833,6834,826,298106,56770980.0,OI1909
2019-04-24 13:55:00,6834,6839,6833,6839,1080,297680,74228400.0,OI1909
2019-04-24 13:56:00,6836,6840,6836,6838,1818,297330,124951140.0,OI1909
2019-04-24 13:57:00,6837,6838,6832,6835,688,297178,47286240.0,OI1909
2019-04-24 13:58:00,6834,6835,6832,6834,494,297096,33952620.0,OI1909
2019-04-24 13:59:00,6834,6835,6832,6832,394,297016,27079620.0,OI1909
2019-04-24 14:00:00,6832,6833,6831,6832,410,296940,28179300.0,OI1909
2019-04-24 14:01:00,6832,6833,6831,6832,330,296930,22680900.0,OI1909
2019-04-24 14:02:00,6832,6833,6827,6827,1366,297150,88213420.0,OI1909
2019-04-24 14:03:00,6829,6832,6828,6830,614,296994,42194080.0,OI1909
2019-04-24 14:04:00,6830,6832,6828,6830,626,297070,43018720.0,OI1909
2019-04-24 14:05:00,6830,6830,6828,6829,454,296908,31198880.0,OI1909
2019-04-24 14:06:00,6830,6831,6829,6830,214,296952,14706080.0,OI1909
2019-04-24 14:07:00,6830,6833,6830,6832,354,296916,24326880.0,OI1909
2019-04-24 14:08:00,6832,6833,6831,6832,254,296872,17454880.0,OI1909
2019-04-24 14:09:00,6833,6835,6832,6835,562,296858,38620640.0,OI1909
2019-04-24 14:10:00,6836,6837,6833,6835,1206,297088,82876320.0,OI1909
2019-04-24 14:11:00,6836,6838,6834,6837,466,296966,32023520.0,OI1909
2019-04-24 14:12:00,6835,6836,6834,6834,240,296910,16492800.0,OI1909
2019-04-24 14:13:00,6834,6835,6833,6834,370,296802,25426400.0,OI1909
2019-04-24 14:14:00,6835,6835,6832,6832,384,296676,26388480.0,OI1909
2019-04-24 14:15:00,6832,6832,6830,6831,408,296570,28037760.0,OI1909
2019-04-24 14:16:00,6831,6832,6829,6830,264,296508,18142080.0,OI1909
2019-04-24 14:17:00,6831,6832,6830,6831,406,296456,27900320.0,OI1909
2019-04-24 14:18:00,6831,6831,6828,6829,484,296444,33260480.0,OI1909
2019-04-24 14:19:00,6829,6831,6828,6830,374,296390,25701280.0,OI1909
2019-04-24 14:20:00,6830,6830,6828,6828,184,296468,12644480.0,OI1909
2019-04-24 14:21:00,6829,6831,6828,6830,192,296460,13194240.0,OI1909
2019-04-24 14:22:00,6830,6831,6829,6831,138,296440,9483360.0,OI1909
2019-04-24 14:23:00,6830,6831,6830,6830,318,296350,21852960.0,OI1909
2019-04-24 14:24:00,6830,6835,6830,6835,546,296314,37521120.0,OI1909
2019-04-24 14:25:00,6835,6835,6833,6833,272,296312,18691840.0,OI1909
2019-04-24 14:26:00,6833,6834,6831,6831,422,296380,28999840.0,OI1909
2019-04-24 14:27:00,6831,6832,6830,6830,176,296372,12094720.0,OI1909
2019-04-24 14:28:00,6831,6831,6826,6828,728,296410,50028160.0,OI1909
2019-04-24 14:29:00,6828,6830,6828,6829,254,296356,17454880.0,OI1909
2019-04-24 14:30:00,6829,6833,6828,6831,540,296320,37108800.0,OI1909
2019-04-24 14:31:00,6832,6832,6831,6831,114,296320,7834080.0,OI1909
2019-04-24 14:32:00,6832,6834,6832,6833,312,296316,21440640.0,OI1909
2019-04-24 14:33:00,6833,6835,6833,6834,474,296254,32573280.0,OI1909
2019-04-24 14:34:00,6833,6838,6833,6836,980,296080,67345600.0,OI1909
2019-04-24 14:35:00,6836,6841,6836,6838,1846,296296,131561640.0,OI1909
2019-04-24 14:36:00,6838,6841,6838,6841,516,296282,35454360.0,OI1909
2019-04-24 14:37:00,6840,6842,6836,6839,1710,296082,117494100.0,OI1909
2019-04-24 14:38:00,6839,6841,6839,6840,396,295970,27209160.0,OI1909
2019-04-24 14:39:00,6841,6844,6840,6840,1440,295638,98942400.0,OI1909
2019-04-24 14:40:00,6841,6844,6841,6841,980,295394,67335800.0,OI1909
2019-04-24 14:41:00,6840,6844,6840,6843,812,295220,55792520.0,OI1909
2019-04-24 14:42:00,6843,6856,6842,6855,5394,294266,370621740.0,OI1909
2019-04-24 14:43:00,6856,6856,6847,6847,1326,293918,91109460.0,OI1909
2019-04-24 14:44:00,6847,6848,6842,6848,1928,293884,132472880.0,OI1909
2019-04-24 14:45:00,6848,6848,6843,6846,1436,293812,98667560.0,OI1909
2019-04-24 14:46:00,6846,6852,6846,6850,1650,294122,113371500.0,OI1909
2019-04-24 14:47:00,6850,6851,6847,6849,1052,293940,72282920.0,OI1909
2019-04-24 14:48:00,6849,6855,6849,6855,1692,293300,116257320.0,OI1909
2019-04-24 14:49:00,6855,6859,6851,6852,2800,292570,192388000.0,OI1909
2019-04-24 14:50:00,6852,6855,6851,6851,1278,292220,87811380.0,OI1909
2019-04-24 14:51:00,6851,6854,6850,6853,1936,291268,132479020.0,OI1909
2019-04-24 14:52:00,6851,6859,6851,6855,1604,290820,110194800.0,OI1909
2019-04-24 14:53:00,6857,6859,6854,6855,1760,290392,120912000.0,OI1909
2019-04-24 14:54:00,6856,6862,6855,6861,2664,289368,183016800.0,OI1909
2019-04-24 14:55:00,6859,6862,6858,6860,1252,289074,86012400.0,OI1909
2019-04-24 14:56:00,6859,6861,6854,6855,1868,288316,128331600.0,OI1909
2019-04-24 14:57:00,6856,6856,6854,6856,1250,287894,85875000.0,OI1909
2019-04-24 14:58:00,6856,6862,6856,6862,2970,286748,204039000.0,OI1909
2019-04-24 14:59:00,6861,6865,6860,6862,3044,285550,209122800.0,OI1909
2019-04-24 21:00:00,6864,6874,6864,6866,5136,285074,352791840.0,OI1909
2019-04-24 21:01:00,6867,6870,6863,6866,2028,285354,139303320.0,OI1909
2019-04-24 21:02:00,6866,6877,6866,6875,2934,285568,201637440.0,OI1909
2019-04-24 21:03:00,6875,6877,6872,6873,2398,285846,164867560.0,OI1909
2019-04-24 21:04:00,6873,6874,6869,6870,1870,286006,128487700.0,OI1909
2019-04-24 21:05:00,6871,6872,6869,6870,1924,285788,132198040.0,OI1909
2019-04-24 21:06:00,6870,6870,6866,6867,1300,285978,89323000.0,OI1909
2019-04-24 21:07:00,6868,6868,6863,6868,2418,285998,165940700.0,OI1909
2019-04-24 21:08:00,6868,6869,6864,6867,1242,286056,85325400.0,OI1909
2019-04-24 21:09:00,6868,6868,6861,6862,1660,286046,113812900.0,OI1909
2019-04-24 21:10:00,6863,6863,6857,6857,2364,285962,162130420.0,OI1909
2019-04-24 21:11:00,6856,6862,6854,6860,1758,285946,120739440.0,OI1909
2019-04-24 21:12:00,6860,6863,6860,6860,806,285872,55356080.0,OI1909
2019-04-24 21:13:00,6860,6863,6860,6862,528,285928,35986820.0,OI1909
2019-04-24 21:14:00,6863,6863,6859,6859,572,286070,39279240.0,OI1909
2019-04-24 21:15:00,6860,6861,6858,6861,572,286084,39279240.0,OI1909
2019-04-24 21:16:00,6862,6862,6858,6859,644,286112,44223480.0,OI1909
2019-04-24 21:17:00,6859,6859,6857,6859,334,286108,22935780.0,OI1909
2019-04-24 21:18:00,6858,6861,6858,6861,472,286148,32412240.0,OI1909
2019-04-24 21:19:00,6861,6863,6861,6863,652,286090,44772840.0,OI1909
2019-04-24 21:20:00,6862,6864,6861,6862,502,286108,34472340.0,OI1909
2019-04-24 21:21:00,6862,6862,6859,6861,256,286050,17579520.0,OI1909
2019-04-24 21:22:00,6862,6863,6860,6861,496,286088,33731660.0,OI1909
2019-04-24 21:23:00,6861,6861,6859,6860,262,286072,17988920.0,OI1909
2019-04-24 21:24:00,6860,6862,6860,6861,256,286060,17576960.0,OI1909
2019-04-24 21:25:00,6860,6861,6860,6860,284,286024,19499440.0,OI1909
2019-04-24 21:26:00,6859,6860,6855,6856,1428,286064,98046480.0,OI1909
2019-04-24 21:27:00,6856,6856,6853,6855,842,286180,57811720.0,OI1909
2019-04-24 21:28:00,6854,6861,6854,6859,1058,286034,72272320.0,OI1909
2019-04-24 21:29:00,6858,6860,6857,6858,396,286000,27185400.0,OI1909
2019-04-24 21:30:00,6857,6859,6856,6858,416,285974,28558400.0,OI1909
2019-04-24 21:31:00,6858,6858,6856,6857,204,285998,14004600.0,OI1909
2019-04-24 21:32:00,6857,6857,6853,6853,766,286016,52585900.0,OI1909
2019-04-24 21:33:00,6853,6855,6852,6854,482,285930,33089300.0,OI1909
2019-04-24 21:34:00,6855,6857,6854,6855,652,285858,44759800.0,OI1909
2019-04-24 21:35:00,6856,6859,6856,6858,396,285762,27185400.0,OI1909
2019-04-24 21:36:00,6858,6859,6856,6858,666,285718,45720900.0,OI1909
2019-04-24 21:37:00,6858,6859,6857,6857,300,285676,20595000.0,OI1909
2019-04-24 21:38:00,6857,6860,6857,6859,410,285582,27729660.0,OI1909
2019-04-24 21:39:00,6859,6860,6858,6860,296,285574,20317440.0,OI1909
2019-04-24 21:40:00,6860,6861,6857,6858,632,285392,43380480.0,OI1909
2019-04-24 21:41:00,6858,6858,6856,6857,256,285348,17571840.0,OI1909
2019-04-24 21:42:00,6856,6860,6856,6860,454,285348,31162560.0,OI1909
2019-04-24 21:43:00,6860,6861,6858,6859,288,285442,19768320.0,OI1909
2019-04-24 21:44:00,6859,6861,6859,6861,212,285464,14551680.0,OI1909
2019-04-24 21:45:00,6861,6861,6857,6857,448,285534,30750720.0,OI1909
2019-04-24 21:46:00,6857,6865,6857,6863,1404,285552,96370560.0,OI1909
2019-04-24 21:47:00,6863,6863,6861,6862,788,285566,54088320.0,OI1909
2019-04-24 21:48:00,6862,6863,6860,6861,246,285600,16885440.0,OI1909
2019-04-24 21:49:00,6861,6862,6860,6861,226,285622,15512640.0,OI1909
2019-04-24 21:50:00,6861,6868,6861,6866,1374,285652,94311360.0,OI1909
2019-04-24 21:51:00,6867,6870,6865,6867,1470,285890,100900800.0,OI1909
2019-04-24 21:52:00,6866,6868,6864,6864,630,285882,43243200.0,OI1909
2019-04-24 21:53:00,6865,6867,6865,6866,318,285822,21827520.0,OI1909
2019-04-24 21:54:00,6865,6866,6864,6864,246,285868,16885440.0,OI1909
2019-04-24 21:55:00,6864,6865,6862,6862,468,285814,32123520.0,OI1909
2019-04-24 21:56:00,6862,6864,6862,6863,210,285762,14414400.0,OI1909
2019-04-24 21:57:00,6862,6862,6858,6860,680,285654,46675200.0,OI1909
2019-04-24 21:58:00,6859,6859,6856,6857,1114,285682,76464960.0,OI1909
2019-04-24 21:59:00,6856,6858,6855,6855,1036,286238,71111040.0,OI1909
2019-04-24 22:00:00,6854,6856,6854,6854,1118,286352,76739520.0,OI1909
2019-04-24 22:01:00,6856,6856,6853,6854,886,286562,60250200.0,OI1909
2019-04-24 22:02:00,6854,6858,6854,6856,1672,286740,114749360.0,OI1909
2019-04-24 22:03:00,6856,6858,6856,6857,1156,286858,79336280.0,OI1909
2019-04-24 22:04:00,6857,6859,6857,6858,818,286706,56139340.0,OI1909
2019-04-24 22:05:00,6858,6859,6857,6858,314,286776,21549820.0,OI1909
2019-04-24 22:06:00,6858,6859,6858,6858,80,286748,5490400.0,OI1909
2019-04-24 22:07:00,6858,6858,6856,6857,670,286660,45982100.0,OI1909
2019-04-24 22:08:00,6858,6859,6856,6858,1138,286332,78100940.0,OI1909
2019-04-24 22:09:00,6858,6858,6856,6857,658,286088,45158540.0,OI1909
2019-04-24 22:10:00,6857,6859,6856,6858,320,286054,21961600.0,OI1909
2019-04-24 22:11:00,6859,6863,6857,6862,592,286018,40628960.0,OI1909
2019-04-24 22:12:00,6862,6862,6859,6860,358,286042,24569540.0,OI1909
2019-04-24 22:13:00,6860,6861,6859,6859,152,286034,10431760.0,OI1909
2019-04-24 22:14:00,6859,6859,6858,6859,282,286020,19353660.0,OI1909
2019-04-24 22:15:00,6859,6860,6858,6858,182,286100,12490660.0,OI1909
2019-04-24 22:16:00,6858,6862,6858,6862,334,286208,22922420.0,OI1909
2019-04-24 22:17:00,6861,6862,6860,6860,650,286238,44609500.0,OI1909
2019-04-24 22:18:00,6861,6861,6859,6861,292,286154,20039960.0,OI1909
2019-04-24 22:19:00,6860,6860,6859,6859,310,286272,21275300.0,OI1909
2019-04-24 22:20:00,6860,6860,6858,6858,260,286260,17843800.0,OI1909
2019-04-24 22:21:00,6858,6859,6857,6858,118,286208,8098340.0,OI1909
2019-04-24 22:22:00,6858,6859,6858,6858,148,286228,10157240.0,OI1909
2019-04-24 22:23:00,6858,6858,6856,6857,992,285892,68080960.0,OI1909
2019-04-24 22:24:00,6858,6860,6857,6859,432,285916,28964040.0,OI1909
2019-04-24 22:25:00,6860,6860,6858,6860,242,285942,16606040.0,OI1909
2019-04-24 22:26:00,6861,6862,6859,6859,276,285842,18939120.0,OI1909
2019-04-24 22:27:00,6860,6862,6859,6862,404,285734,27722480.0,OI1909
2019-04-24 22:28:00,6861,6862,6860,6860,300,285636,20586000.0,OI1909
2019-04-24 22:29:00,6860,6860,6858,6859,216,285612,14821920.0,OI1909
2019-04-24 22:30:00,6859,6860,6856,6856,514,285530,35270680.0,OI1909
2019-04-24 22:31:00,6857,6857,6856,6856,386,285344,26487320.0,OI1909
2019-04-24 22:32:00,6855,6857,6855,6857,274,285424,18801880.0,OI1909
2019-04-24 22:33:00,6857,6858,6856,6857,74,285384,5077880.0,OI1909
2019-04-24 22:34:00,6857,6858,6856,6856,98,285338,6724760.0,OI1909
2019-04-24 22:35:00,6856,6859,6856,6858,744,285252,51053280.0,OI1909
2019-04-24 22:36:00,6858,6859,6858,6858,32,285248,2195840.0,OI1909
2019-04-24 22:37:00,6858,6858,6857,6857,212,285234,14547440.0,OI1909
2019-04-24 22:38:00,6858,6858,6857,6858,78,285276,5352360.0,OI1909
2019-04-24 22:39:00,6857,6857,6856,6857,226,285284,15508120.0,OI1909
2019-04-24 22:40:00,6857,6857,6852,6852,1326,285372,90990120.0,OI1909
2019-04-24 22:41:00,6851,6855,6851,6854,850,285434,58327000.0,OI1909
2019-04-24 22:42:00,6854,6854,6849,6849,1298,285620,89068760.0,OI1909
2019-04-24 22:43:00,6850,6850,6842,6847,2740,285770,187231780.0,OI1909
2019-04-24 22:44:00,6848,6848,6844,6845,924,285748,63395640.0,OI1909
2019-04-24 22:45:00,6846,6849,6843,6849,1018,285784,69844980.0,OI1909
2019-04-24 22:46:00,6849,6851,6846,6846,1166,285734,79999260.0,OI1909
2019-04-24 22:47:00,6846,6846,6842,6844,1090,285886,74784900.0,OI1909
2019-04-24 22:48:00,6844,6848,6843,6847,466,285910,32523120.0,OI1909
2019-04-24 22:49:00,6847,6847,6838,6842,1496,286114,102625600.0,OI1909
2019-04-24 22:50:00,6841,6845,6841,6844,594,286228,40748400.0,OI1909
2019-04-24 22:51:00,6844,6848,6844,6846,608,286284,41708800.0,OI1909
2019-04-24 22:52:00,6846,6847,6845,6847,426,286378,29223600.0,OI1909
2019-04-24 22:53:00,6847,6848,6846,6847,410,286468,28126000.0,OI1909
2019-04-24 22:54:00,6846,6847,6844,6845,346,286566,23735600.0,OI1909
2019-04-24 22:55:00,6845,6847,6845,6846,204,286588,13994400.0,OI1909
2019-04-24 22:56:00,6846,6849,6846,6847,670,286668,45962000.0,OI1909
2019-04-24 22:57:00,6846,6846,6845,6846,118,286652,8094800.0,OI1909
2019-04-24 22:58:00,6847,6847,6846,6846,150,286692,10290000.0,OI1909
2019-04-24 22:59:00,6845,6846,6844,6846,462,286580,30804700.0,OI1909
2019-04-24 23:00:00,6846,6846,6842,6844,552,286526,37861680.0,OI1909
2019-04-24 23:01:00,6844,6845,6843,6844,196,286522,13443640.0,OI1909
2019-04-24 23:02:00,6845,6848,6844,6848,374,286546,25652660.0,OI1909
2019-04-24 23:03:00,6848,6849,6847,6848,166,286554,11385940.0,OI1909
2019-04-24 23:04:00,6847,6848,6843,6843,458,286712,31414220.0,OI1909
2019-04-24 23:05:00,6843,6843,6840,6841,988,287008,67766920.0,OI1909
2019-04-24 23:06:00,6842,6843,6841,6841,368,287078,25241120.0,OI1909
2019-04-24 23:07:00,6842,6842,6841,6842,258,287190,17696220.0,OI1909
2019-04-24 23:08:00,6842,6843,6841,6843,160,287244,10974400.0,OI1909
2019-04-24 23:09:00,6843,6843,6838,6839,1230,287450,84365700.0,OI1909
2019-04-24 23:10:00,6840,6840,6838,6838,298,287424,20439820.0,OI1909
2019-04-24 23:11:00,6839,6840,6836,6840,928,287430,62703260.0,OI1909
2019-04-24 23:12:00,6841,6842,6839,6839,722,287444,49514760.0,OI1909
2019-04-24 23:13:00,6839,6840,6838,6840,324,287572,22219920.0,OI1909
2019-04-24 23:14:00,6840,6840,6836,6837,542,287642,37170360.0,OI1909
2019-04-24 23:15:00,6837,6838,6837,6837,296,287678,20299680.0,OI1909
2019-04-24 23:16:00,6838,6839,6836,6837,352,287734,24140160.0,OI1909
2019-04-24 23:17:00,6837,6837,6834,6836,670,287898,45948600.0,OI1909
2019-04-24 23:18:00,6836,6838,6836,6838,304,288040,20848320.0,OI1909
2019-04-24 23:19:00,6839,6839,6838,6838,166,288004,11384280.0,OI1909
2019-04-24 23:20:00,6839,6839,6836,6838,262,287926,17967960.0,OI1909
2019-04-24 23:21:00,6838,6838,6835,6836,294,287878,20162520.0,OI1909
2019-04-24 23:22:00,6835,6838,6833,6838,614,287752,41114400.0,OI1909
2019-04-24 23:23:00,6838,6838,6835,6836,398,287826,27290860.0,OI1909
2019-04-24 23:24:00,6835,6836,6834,6835,336,287922,23039520.0,OI1909
2019-04-24 23:25:00,6837,6837,6834,6834,454,287882,31130780.0,OI1909
2019-04-24 23:26:00,6834,6837,6834,6836,412,287804,28250840.0,OI1909
2019-04-24 23:27:00,6836,6838,6835,6837,458,287514,31405060.0,OI1909
2019-04-24 23:28:00,6838,6839,6835,6837,640,287238,43884800.0,OI1909
2019-04-24 23:29:00,6838,6842,6836,6842,1390,286488,95312300.0,OI1909
2019-04-25 09:00:00,6835,6843,6835,6839,1896,286412,130486160.0,OI1909
2019-04-25 09:01:00,6838,6840,6837,6839,1132,286752,77609920.0,OI1909
2019-04-25 09:02:00,6839,6839,6829,6829,1974,286724,135337440.0,OI1909
2019-04-25 09:03:00,6830,6834,6828,6832,1136,286986,76788180.0,OI1909
2019-04-25 09:04:00,6832,6832,6827,6830,964,287078,66082200.0,OI1909
2019-04-25 09:05:00,6831,6836,6829,6835,1004,287272,68824200.0,OI1909
2019-04-25 09:06:00,6835,6838,6834,6838,840,287288,57582000.0,OI1909
2019-04-25 09:07:00,6838,6839,6836,6837,496,287296,34000800.0,OI1909
2019-04-25 09:08:00,6837,6837,6833,6834,578,287414,39621900.0,OI1909
2019-04-25 09:09:00,6835,6837,6834,6834,278,287464,19056900.0,OI1909
2019-04-25 09:10:00,6834,6834,6830,6833,560,287612,38388000.0,OI1909
2019-04-25 09:11:00,6833,6833,6831,6833,292,287608,20608820.0,OI1909
2019-04-25 09:12:00,6832,6832,6831,6832,168,287672,11514720.0,OI1909
2019-04-25 09:13:00,6832,6835,6831,6833,606,287746,41535240.0,OI1909
2019-04-25 09:14:00,6833,6835,6833,6835,228,287836,15627120.0,OI1909
2019-04-25 09:15:00,6835,6840,6835,6838,886,287718,60726440.0,OI1909
2019-04-25 09:16:00,6838,6838,6834,6836,410,287818,28101400.0,OI1909
2019-04-25 09:17:00,6837,6842,6836,6842,1276,287706,87457040.0,OI1909
2019-04-25 09:18:00,6841,6842,6837,6839,616,287668,42220640.0,OI1909
2019-04-25 09:19:00,6839,6839,6837,6838,336,287690,23029440.0,OI1909
2019-04-25 09:20:00,6838,6839,6838,6838,232,287724,15901280.0,OI1909
2019-04-25 09:21:00,6838,6839,6835,6839,608,287658,41672320.0,OI1909
2019-04-25 09:22:00,6838,6844,6838,6844,1046,287682,71692840.0,OI1909
2019-04-25 09:23:00,6843,6843,6840,6841,620,287594,42494800.0,OI1909
2019-04-25 09:24:00,6842,6842,6839,6839,436,287558,28662660.0,OI1909
2019-04-25 09:25:00,6839,6841,6839,6839,686,287740,47011580.0,OI1909
2019-04-25 09:26:00,6839,6840,6838,6840,170,287704,11650100.0,OI1909
2019-04-25 09:27:00,6840,6841,6839,6841,450,287716,30838500.0,OI1909
2019-04-25 09:28:00,6840,6841,6838,6840,232,287770,15898960.0,OI1909
2019-04-25 09:29:00,6840,6844,6840,6844,1024,288386,70174720.0,OI1909
2019-04-25 09:30:00,6843,6846,6842,6846,1710,288580,117186300.0,OI1909
2019-04-25 09:31:00,6846,6847,6845,6845,434,288616,29742020.0,OI1909
2019-04-25 09:32:00,6844,6845,6843,6844,226,288576,15487780.0,OI1909
2019-04-25 09:33:00,6844,6844,6842,6843,544,288460,37280320.0,OI1909
2019-04-25 09:34:00,6843,6847,6842,6846,342,288454,23437260.0,OI1909
2019-04-25 09:35:00,6846,6847,6844,6845,844,288582,57839320.0,OI1909
2019-04-25 09:36:00,6845,6846,6844,6844,310,288544,21244300.0,OI1909
2019-04-25 09:37:00,6845,6847,6844,6847,462,288624,31660860.0,OI1909
2019-04-25 09:38:00,6848,6848,6845,6845,182,288572,12472460.0,OI1909
2019-04-25 09:39:00,6846,6846,6844,6844,142,288566,9731260.0,OI1909
2019-04-25 09:40:00,6843,6844,6842,6843,312,288562,21381360.0,OI1909
2019-04-25 09:41:00,6843,6843,6838,6840,1250,288358,85662500.0,OI1909
2019-04-25 09:42:00,6841,6842,6840,6842,288,288264,19736640.0,OI1909
2019-04-25 09:43:00,6841,6841,6839,6839,356,288186,24396680.0,OI1909
2019-04-25 09:44:00,6840,6841,6839,6840,236,288166,16173080.0,OI1909
2019-04-25 09:45:00,6839,6839,6836,6836,434,288114,29742020.0,OI1909
2019-04-25 09:46:00,6836,6838,6836,6838,356,288088,24396680.0,OI1909
2019-04-25 09:47:00,6837,6839,6837,6838,110,288120,7538300.0,OI1909
2019-04-25 09:48:00,6839,6839,6838,6839,60,288122,4111800.0,OI1909
2019-04-25 09:49:00,6839,6841,6838,6841,278,288128,19051340.0,OI1909
2019-04-25 09:50:00,6840,6845,6840,6844,356,288158,23057960.0,OI1909
2019-04-25 09:51:00,6844,6844,6842,6843,492,288004,33711840.0,OI1909
2019-04-25 09:52:00,6843,6844,6841,6841,202,287960,13841040.0,OI1909
2019-04-25 09:53:00,6841,6841,6838,6838,258,288004,17678160.0,OI1909
2019-04-25 09:54:00,6839,6841,6839,6840,270,287984,18500400.0,OI1909
2019-04-25 09:55:00,6841,6841,6837,6837,292,287920,20007840.0,OI1909
2019-04-25 09:56:00,6837,6841,6837,6839,428,287948,29326560.0,OI1909
2019-04-25 09:57:00,6839,6840,6839,6840,102,287948,6989040.0,OI1909
2019-04-25 09:58:00,6839,6839,6838,6839,244,287954,16718880.0,OI1909
2019-04-25 09:59:00,6840,6841,6838,6841,404,287934,27682080.0,OI1909
2019-04-25 10:00:00,6840,6843,6839,6842,604,287956,41386080.0,OI1909
2019-04-25 10:01:00,6842,6842,6840,6842,388,288116,26585760.0,OI1909
2019-04-25 10:02:00,6842,6843,6840,6840,1100,288052,75372000.0,OI1909
2019-04-25 10:03:00,6841,6845,6841,6843,1270,288134,87020400.0,OI1909
2019-04-25 10:04:00,6843,6844,6843,6843,182,288096,12470640.0,OI1909
2019-04-25 10:05:00,6843,6846,6842,6846,742,287774,50841840.0,OI1909
2019-04-25 10:06:00,6846,6847,6845,6846,442,287672,30285840.0,OI1909
2019-04-25 10:07:00,6846,6846,6843,6844,564,287738,38645280.0,OI1909
2019-04-25 10:08:00,6843,6843,6841,6841,272,287706,18637440.0,OI1909
2019-04-25 10:09:00,6841,6845,6841,6844,304,287674,20830080.0,OI1909
2019-04-25 10:10:00,6844,6845,6841,6844,2108,288026,144440160.0,OI1909
2019-04-25 10:11:00,6843,6846,6841,6844,3266,287934,223786320.0,OI1909
2019-04-25 10:12:00,6844,6847,6843,6847,624,287856,42756480.0,OI1909
2019-04-25 10:13:00,6847,6847,6846,6846,354,287862,24256080.0,OI1909
2019-04-25 10:14:00,6847,6849,6845,6846,1416,287830,95522320.0,OI1909
2019-04-25 10:30:00,6846,6846,6842,6843,998,287526,68372980.0,OI1909
2019-04-25 10:31:00,6843,6843,6841,6841,654,287576,44805540.0,OI1909
2019-04-25 10:32:00,6842,6842,6838,6839,408,287590,27952080.0,OI1909
2019-04-25 10:33:00,6839,6840,6838,6839,394,287496,26992940.0,OI1909
2019-04-25 10:34:00,6838,6839,6836,6836,336,287516,23019360.0,OI1909
2019-04-25 10:35:00,6836,6838,6836,6838,376,287474,25759760.0,OI1909
2019-04-25 10:36:00,6838,6839,6837,6838,142,287464,9728420.0,OI1909
2019-04-25 10:37:00,6838,6839,6838,6839,198,287368,13564980.0,OI1909
2019-04-25 10:38:00,6838,6839,6838,6838,134,287340,9180340.0,OI1909
2019-04-25 10:39:00,6840,6840,6838,6839,82,287364,5617820.0,OI1909
2019-04-25 10:40:00,6839,6842,6839,6841,218,287332,14935180.0,OI1909
2019-04-25 10:41:00,6842,6844,6841,6843,250,287284,17127500.0,OI1909
2019-04-25 10:42:00,6843,6846,6843,6846,424,287230,29048240.0,OI1909
2019-04-25 10:43:00,6845,6846,6844,6846,320,287114,21923200.0,OI1909
2019-04-25 10:44:00,6845,6845,6843,6843,320,287058,21923200.0,OI1909
2019-04-25 10:45:00,6843,6844,6843,6843,124,287076,8495240.0,OI1909
2019-04-25 10:46:00,6844,6846,6843,6845,266,286940,18223660.0,OI1909
2019-04-25 10:47:00,6847,6851,6846,6849,2332,287062,159765320.0,OI1909
2019-04-25 10:48:00,6849,6849,6844,6844,540,287086,36995400.0,OI1909
2019-04-25 10:49:00,6843,6846,6843,6844,264,287090,18086640.0,OI1909
2019-04-25 10:50:00,6846,6849,6845,6848,330,287066,22608300.0,OI1909
2019-04-25 10:51:00,6847,6850,6847,6849,282,287084,19319820.0,OI1909
2019-04-25 10:52:00,6850,6850,6848,6848,184,287098,12605840.0,OI1909
2019-04-25 10:53:00,6848,6849,6846,6846,422,286994,28911220.0,OI1909
2019-04-25 10:54:00,6846,6848,6846,6846,132,286972,9043320.0,OI1909
2019-04-25 10:55:00,6847,6848,6846,6847,100,286994,6851000.0,OI1909
2019-04-25 10:56:00,6847,6850,6847,6850,240,287012,16442400.0,OI1909
2019-04-25 10:57:00,6850,6850,6848,6849,100,287000,6851000.0,OI1909
2019-04-25 10:58:00,6849,6849,6847,6848,162,286976,11098620.0,OI1909
2019-04-25 10:59:00,6848,6848,6843,6843,532,286790,36447320.0,OI1909
2019-04-25 11:00:00,6845,6846,6844,6846,388,286842,26581880.0,OI1909
2019-04-25 11:01:00,6846,6846,6845,6845,122,286834,8358220.0,OI1909
2019-04-25 11:02:00,6845,6847,6845,6847,144,286818,9865440.0,OI1909
2019-04-25 11:03:00,6847,6850,6847,6850,184,286772,12605840.0,OI1909
2019-04-25 11:04:00,6849,6850,6848,6848,192,286706,13153920.0,OI1909
2019-04-25 11:05:00,6848,6849,6847,6847,222,286650,15209220.0,OI1909
2019-04-25 11:06:00,6847,6847,6847,6847,118,286646,8084180.0,OI1909
2019-04-25 11:07:00,6847,6847,6842,6843,560,286316,38365600.0,OI1909
2019-04-25 11:08:00,6843,6844,6840,6842,754,286046,51656540.0,OI1909
2019-04-25 11:09:00,6842,6843,6841,6842,296,285908,20278960.0,OI1909
2019-04-25 11:10:00,6841,6842,6840,6842,452,285858,30966520.0,OI1909
2019-04-25 11:11:00,6842,6846,6842,6845,238,285796,16305380.0,OI1909
2019-04-25 11:12:00,6845,6845,6843,6843,160,285714,10961600.0,OI1909
2019-04-25 11:13:00,6843,6843,6838,6839,422,285598,28911220.0,OI1909
2019-04-25 11:14:00,6838,6844,6838,6842,592,285540,40557920.0,OI1909
2019-04-25 11:15:00,6842,6848,6842,6847,520,285438,35625200.0,OI1909
2019-04-25 11:16:00,6847,6847,6844,6844,282,285402,19319820.0,OI1909
2019-04-25 11:17:00,6844,6845,6842,6843,262,285376,17949620.0,OI1909
2019-04-25 11:18:00,6843,6845,6843,6844,204,285424,13976040.0,OI1909
2019-04-25 11:19:00,6845,6845,6840,6841,196,285464,13427960.0,OI1909
2019-04-25 11:20:00,6842,6842,6840,6842,84,285456,5754840.0,OI1909
2019-04-25 11:21:00,6841,6843,6841,6842,320,285522,21923200.0,OI1909
2019-04-25 11:22:00,6841,6843,6841,6843,154,285484,10550540.0,OI1909
2019-04-25 11:23:00,6843,6844,6843,6843,116,285512,7947160.0,OI1909
2019-04-25 11:24:00,6843,6845,6843,6844,106,285460,7262060.0,OI1909
2019-04-25 11:25:00,6845,6845,6844,6844,84,285462,5754840.0,OI1909
2019-04-25 11:26:00,6844,6845,6843,6843,148,285430,10139480.0,OI1909
2019-04-25 11:27:00,6843,6843,6841,6842,252,285384,17264520.0,OI1909
2019-04-25 11:28:00,6842,6843,6841,6843,204,285326,13976040.0,OI1909
2019-04-25 11:29:00,6842,6844,6840,6841,330,285284,22608300.0,OI1909
2019-04-25 13:30:00,6841,6846,6838,6846,554,285266,37954540.0,OI1909
2019-04-25 13:31:00,6847,6847,6845,6846,762,284962,52204620.0,OI1909
2019-04-25 13:32:00,6846,6847,6843,6843,396,284978,27129960.0,OI1909
2019-04-25 13:33:00,6843,6844,6842,6844,158,285034,10824580.0,OI1909
2019-04-25 13:34:00,6844,6844,6841,6841,172,284962,11783720.0,OI1909
2019-04-25 13:35:00,6840,6842,6839,6840,432,284938,29596320.0,OI1909
2019-04-25 13:36:00,6839,6839,6836,6837,438,284944,28282560.0,OI1909
2019-04-25 13:37:00,6837,6839,6837,6838,396,285040,27126000.0,OI1909
2019-04-25 13:38:00,6839,6839,6836,6837,206,285080,14111000.0,OI1909
2019-04-25 13:39:00,6837,6838,6836,6838,240,285092,16440000.0,OI1909
2019-04-25 13:40:00,6837,6837,6833,6836,574,285024,39319000.0,OI1909
2019-04-25 13:41:00,6836,6836,6832,6832,802,284974,54937000.0,OI1909
2019-04-25 13:42:00,6832,6832,6829,6830,1638,284932,112203000.0,OI1909
2019-04-25 13:43:00,6829,6831,6826,6828,1208,285052,82748000.0,OI1909
2019-04-25 13:44:00,6829,6830,6826,6828,966,285296,66171000.0,OI1909
2019-04-25 13:45:00,6830,6834,6830,6833,946,285046,64801000.0,OI1909
2019-04-25 13:46:00,6833,6833,6830,6831,480,284972,32880000.0,OI1909
2019-04-25 13:47:00,6831,6832,6828,6829,922,284984,63157000.0,OI1909
2019-04-25 13:48:00,6829,6834,6829,6834,976,284704,66205280.0,OI1909
2019-04-25 13:49:00,6833,6841,6833,6839,1290,284592,88352100.0,OI1909
2019-04-25 13:50:00,6843,6843,6839,6840,1058,284740,72462420.0,OI1909
2019-04-25 13:51:00,6839,6840,6835,6838,732,284662,50134680.0,OI1909
2019-04-25 13:52:00,6838,6839,6838,6839,268,284694,18355320.0,OI1909
2019-04-25 13:53:00,6839,6839,6838,6838,354,284678,24245460.0,OI1909
2019-04-25 13:54:00,6838,6838,6830,6831,1224,284830,83831760.0,OI1909
2019-04-25 13:55:00,6831,6833,6830,6831,686,284846,46984140.0,OI1909
2019-04-25 13:56:00,6831,6832,6828,6829,920,284990,63010800.0,OI1909
2019-04-25 13:57:00,6830,6832,6828,6832,696,285256,47669040.0,OI1909
2019-04-25 13:58:00,6833,6833,6831,6832,582,285008,39861180.0,OI1909
2019-04-25 13:59:00,6831,6833,6831,6832,166,284962,11369340.0,OI1909
2019-04-25 14:00:00,6832,6842,6832,6839,1502,284438,102871980.0,OI1909
2019-04-25 14:01:00,6839,6842,6838,6842,778,284336,53285220.0,OI1909
2019-04-25 14:02:00,6842,6843,6839,6841,636,284268,43559640.0,OI1909
2019-04-25 14:03:00,6840,6841,6838,6840,688,284182,47121120.0,OI1909
2019-04-25 14:04:00,6839,6840,6835,6836,600,284266,41094000.0,OI1909
2019-04-25 14:05:00,6837,6839,6837,6838,296,284266,20273040.0,OI1909
2019-04-25 14:06:00,6838,6838,6836,6837,230,284300,15752700.0,OI1909
2019-04-25 14:07:00,6837,6838,6837,6838,138,284286,9451620.0,OI1909
2019-04-25 14:08:00,6837,6840,6837,6839,292,284236,19999080.0,OI1909
2019-04-25 14:09:00,6838,6842,6838,6840,496,284170,33971040.0,OI1909
2019-04-25 14:10:00,6840,6842,6840,6841,296,284070,20273040.0,OI1909
2019-04-25 14:11:00,6840,6845,6840,6845,1560,284146,106844400.0,OI1909
2019-04-25 14:12:00,6845,6845,6842,6843,1026,284238,68287240.0,OI1909
2019-04-25 14:13:00,6843,6845,6843,6844,202,284152,13832960.0,OI1909
2019-04-25 14:14:00,6844,6846,6844,6846,494,284100,33829120.0,OI1909
2019-04-25 14:15:00,6844,6845,6842,6843,740,283942,50675200.0,OI1909
2019-04-25 14:16:00,6842,6846,6842,6846,314,283998,21502720.0,OI1909
2019-04-25 14:17:00,6846,6847,6843,6843,884,284120,60536320.0,OI1909
2019-04-25 14:18:00,6843,6844,6842,6843,136,284110,9313280.0,OI1909
2019-04-25 14:19:00,6843,6844,6842,6842,230,284072,15750400.0,OI1909
2019-04-25 14:20:00,6842,6842,6838,6840,1208,284098,82723840.0,OI1909
2019-04-25 14:21:00,6840,6842,6840,6842,232,284090,15887360.0,OI1909
2019-04-25 14:22:00,6842,6843,6839,6839,272,284062,18626560.0,OI1909
2019-04-25 14:23:00,6839,6841,6838,6841,188,284048,12874240.0,OI1909
2019-04-25 14:24:00,6840,6840,6838,6839,510,283886,34924800.0,OI1909
2019-04-25 14:25:00,6839,6842,6836,6842,826,283746,56564480.0,OI1909
2019-04-25 14:26:00,6842,6844,6842,6843,368,283652,25200640.0,OI1909
2019-04-25 14:27:00,6843,6843,6840,6841,266,283530,18215680.0,OI1909
2019-04-25 14:28:00,6841,6842,6839,6839,208,283500,14243840.0,OI1909
2019-04-25 14:29:00,6839,6840,6838,6839,154,283518,10545920.0,OI1909
2019-04-25 14:30:00,6839,6839,6836,6837,298,283486,20407040.0,OI1909
2019-04-25 14:31:00,6837,6839,6833,6839,804,283644,55057920.0,OI1909
2019-04-25 14:32:00,6838,6839,6835,6837,324,283548,22187520.0,OI1909
2019-04-25 14:33:00,6837,6841,6837,6839,540,283730,36979200.0,OI1909
2019-04-25 14:34:00,6839,6839,6834,6839,518,283824,35472640.0,OI1909
2019-04-25 14:35:00,6839,6840,6837,6840,382,283688,26159360.0,OI1909
2019-04-25 14:36:00,6841,6842,6839,6839,336,283560,23009280.0,OI1909
2019-04-25 14:37:00,6840,6844,6840,6842,682,283450,46703360.0,OI1909
2019-04-25 14:38:00,6842,6843,6841,6842,306,283370,20954880.0,OI1909
2019-04-25 14:39:00,6843,6843,6838,6839,324,283374,22187520.0,OI1909
2019-04-25 14:40:00,6839,6840,6835,6835,1064,283658,72862720.0,OI1909
2019-04-25 14:41:00,6835,6838,6835,6835,196,283592,13422080.0,OI1909
2019-04-25 14:42:00,6836,6838,6834,6835,656,283556,44922880.0,OI1909
2019-04-25 14:43:00,6834,6840,6834,6838,1172,283680,80258560.0,OI1909
2019-04-25 14:44:00,6838,6839,6837,6839,108,283668,7395840.0,OI1909
2019-04-25 14:45:00,6838,6839,6835,6835,402,283600,27528960.0,OI1909
2019-04-25 14:46:00,6836,6839,6835,6837,750,283546,51360000.0,OI1909
2019-04-25 14:47:00,6838,6839,6836,6836,340,283524,23283200.0,OI1909
2019-04-25 14:48:00,6836,6836,6833,6833,466,283442,31911680.0,OI1909
2019-04-25 14:49:00,6833,6836,6832,6834,576,283382,39444480.0,OI1909
2019-04-25 14:50:00,6834,6835,6832,6832,834,283402,57112320.0,OI1909
2019-04-25 14:51:00,6833,6834,6831,6831,596,283214,40814080.0,OI1909
2019-04-25 14:52:00,6831,6834,6830,6834,1160,282860,79436800.0,OI1909
2019-04-25 14:53:00,6834,6835,6832,6833,268,282816,18352640.0,OI1909
2019-04-25 14:54:00,6833,6840,6822,6837,3544,282642,240470840.0,OI1909
2019-04-25 14:55:00,6837,6839,6835,6838,1078,282162,73810660.0,OI1909
2019-04-25 14:56:00,6837,6839,6836,6837,492,281956,33687240.0,OI1909
2019-04-25 14:57:00,6836,6838,6836,6838,368,281830,25196960.0,OI1909
2019-04-25 14:58:00,6837,6839,6836,6836,740,281590,50667800.0,OI1909
2019-04-25 14:59:00,6837,6842,6837,6842,1242,280760,85039740.0,OI1909
2019-04-25 21:00:00,6839,6860,6839,6854,6686,282050,458057860.0,OI1909
2019-04-25 21:01:00,6852,6857,6852,6856,2004,282258,137380940.0,OI1909
2019-04-25 21:02:00,6856,6856,6852,6852,1028,282258,70438560.0,OI1909
2019-04-25 21:03:00,6852,6858,6850,6857,1854,282286,127036080.0,OI1909
2019-04-25 21:04:00,6856,6858,6854,6854,1208,282344,82899960.0,OI1909
2019-04-25 21:05:00,6855,6862,6854,6860,2064,282210,141445920.0,OI1909
2019-04-25 21:06:00,6861,6864,6858,6863,2846,282860,195390180.0,OI1909
2019-04-25 21:07:00,6863,6869,6863,6865,2494,283320,171165540.0,OI1909
2019-04-25 21:08:00,6865,6866,6862,6864,1736,283404,119239360.0,OI1909
2019-04-25 21:09:00,6864,6864,6857,6857,1710,283318,117254700.0,OI1909
2019-04-25 21:10:00,6857,6862,6857,6861,1364,283504,93529480.0,OI1909
2019-04-25 21:11:00,6861,6861,6855,6855,1146,283568,78581220.0,OI1909
2019-04-25 21:12:00,6855,6858,6849,6851,2132,283474,146191240.0,OI1909
2019-04-25 21:13:00,6850,6854,6849,6853,1470,283480,100797900.0,OI1909
2019-04-25 21:14:00,6853,6853,6851,6853,442,283570,30307940.0,OI1909
2019-04-25 21:15:00,6853,6853,6851,6852,518,283616,35519260.0,OI1909
2019-04-25 21:16:00,6852,6855,6852,6853,618,283616,42376260.0,OI1909
2019-04-25 21:17:00,6853,6853,6847,6848,1224,283642,83604240.0,OI1909
2019-04-25 21:18:00,6850,6852,6850,6850,602,283662,41273120.0,OI1909
2019-04-25 21:19:00,6851,6852,6850,6851,268,283696,18374080.0,OI1909
2019-04-25 21:20:00,6850,6851,6849,6850,302,283702,20705120.0,OI1909
2019-04-25 21:21:00,6850,6852,6850,6852,322,283822,22076320.0,OI1909
2019-04-25 21:22:00,6853,6855,6852,6855,568,283918,38942080.0,OI1909
2019-04-25 21:23:00,6855,6857,6852,6854,1224,284424,83917440.0,OI1909
2019-04-25 21:24:00,6853,6854,6852,6853,308,284440,21116480.0,OI1909
2019-04-25 21:25:00,6852,6854,6851,6851,252,284400,17277120.0,OI1909
2019-04-25 21:26:00,6851,6855,6851,6854,386,284526,26464160.0,OI1909
2019-04-25 21:27:00,6853,6857,6853,6857,416,284556,28520960.0,OI1909
2019-04-25 21:28:00,6857,6859,6856,6856,594,284498,40724640.0,OI1909
2019-04-25 21:29:00,6856,6859,6854,6858,472,284576,32360320.0,OI1909
2019-04-25 21:30:00,6858,6859,6855,6856,694,284736,47580640.0,OI1909
2019-04-25 21:31:00,6857,6860,6855,6859,718,284766,49226080.0,OI1909
2019-04-25 21:32:00,6859,6859,6855,6855,626,284914,42918560.0,OI1909
2019-04-25 21:33:00,6855,6855,6853,6854,636,285100,43604160.0,OI1909
2019-04-25 21:34:00,6854,6856,6854,6855,362,285236,24818720.0,OI1909
2019-04-25 21:35:00,6856,6856,6854,6854,156,285238,10695360.0,OI1909
2019-04-25 21:36:00,6855,6858,6855,6857,520,285232,35651200.0,OI1909
2019-04-25 21:37:00,6858,6858,6856,6856,256,285168,17551360.0,OI1909
2019-04-25 21:38:00,6856,6856,6856,6856,154,285126,10558240.0,OI1909
2019-04-25 21:39:00,6856,6857,6855,6857,204,285064,13986240.0,OI1909
2019-04-25 21:40:00,6857,6859,6856,6858,432,285150,29617920.0,OI1909
2019-04-25 21:41:00,6858,6864,6858,6861,1360,285206,93241600.0,OI1909
2019-04-25 21:42:00,6862,6862,6858,6859,884,285284,60607040.0,OI1909
2019-04-25 21:43:00,6858,6858,6856,6857,490,285166,33594400.0,OI1909
2019-04-25 21:44:00,6857,6858,6855,6856,376,285136,25778560.0,OI1909
2019-04-25 21:45:00,6856,6858,6855,6856,414,285186,28383840.0,OI1909
2019-04-25 21:46:00,6856,6859,6856,6858,338,285126,23173280.0,OI1909
2019-04-25 21:47:00,6859,6861,6858,6859,294,285146,20156640.0,OI1909
2019-04-25 21:48:00,6858,6860,6858,6858,228,285120,15631680.0,OI1909
2019-04-25 21:49:00,6858,6863,6858,6863,812,285180,55670720.0,OI1909
2019-04-25 21:50:00,6863,6863,6860,6860,510,285304,34965600.0,OI1909
2019-04-25 21:51:00,6860,6863,6860,6860,536,285348,36748160.0,OI1909
2019-04-25 21:52:00,6860,6863,6859,6861,462,285382,31674720.0,OI1909
2019-04-25 21:53:00,6861,6861,6859,6859,316,285548,21664960.0,OI1909
2019-04-25 21:54:00,6859,6862,6859,6860,482,285692,33551100.0,OI1909
2019-04-25 21:55:00,6860,6860,6858,6859,442,285800,30307940.0,OI1909
2019-04-25 21:56:00,6858,6860,6858,6859,300,285890,20571000.0,OI1909
2019-04-25 21:57:00,6859,6860,6857,6858,232,285950,15908240.0,OI1909
2019-04-25 21:58:00,6859,6859,6858,6859,250,285932,17142500.0,OI1909
2019-04-25 21:59:00,6859,6859,6856,6856,376,285902,25782320.0,OI1909
2019-04-25 22:00:00,6856,6856,6852,6852,1488,285974,101496100.0,OI1909
2019-04-25 22:01:00,6853,6854,6850,6854,1342,285874,92007520.0,OI1909
2019-04-25 22:02:00,6854,6854,6852,6852,438,285838,30029280.0,OI1909
2019-04-25 22:03:00,6852,6852,6849,6850,1062,285964,72810720.0,OI1909
2019-04-25 22:04:00,6849,6852,6849,6849,822,285838,56356320.0,OI1909
2019-04-25 22:05:00,6849,6851,6849,6849,618,285860,42370080.0,OI1909
2019-04-25 22:06:00,6849,6850,6842,6843,2300,285628,157688000.0,OI1909
2019-04-25 22:07:00,6843,6846,6843,6845,1080,285748,73432120.0,OI1909
2019-04-25 22:08:00,6844,6844,6842,6843,838,286020,57444900.0,OI1909
2019-04-25 22:09:00,6844,6845,6837,6837,2404,286082,164794200.0,OI1909
2019-04-25 22:10:00,6837,6841,6835,6837,1696,286244,115598740.0,OI1909
2019-04-25 22:11:00,6838,6841,6838,6840,900,286502,61686000.0,OI1909
2019-04-25 22:12:00,6839,6839,6832,6834,2180,287064,149417200.0,OI1909
2019-04-25 22:13:00,6832,6839,6832,6838,1064,287138,72223060.0,OI1909
2019-04-25 22:14:00,6838,6838,6833,6833,1048,287218,71819440.0,OI1909
2019-04-25 22:15:00,6833,6841,6832,6840,2076,287746,142268280.0,OI1909
2019-04-25 22:16:00,6841,6846,6838,6846,2082,288108,141923900.0,OI1909
2019-04-25 22:17:00,6845,6846,6842,6843,876,288138,60023520.0,OI1909
2019-04-25 22:18:00,6842,6845,6841,6842,688,288132,47141760.0,OI1909
2019-04-25 22:19:00,6842,6843,6842,6842,246,288266,16855920.0,OI1909
2019-04-25 22:20:00,6842,6850,6841,6848,2466,288238,168970320.0,OI1909
2019-04-25 22:21:00,6848,6849,6843,6845,1204,288020,82498080.0,OI1909
2019-04-25 22:22:00,6844,6845,6842,6845,640,287756,43852800.0,OI1909
2019-04-25 22:23:00,6844,6845,6842,6842,480,287858,32889600.0,OI1909
2019-04-25 22:24:00,6842,6842,6840,6841,288,287948,19733760.0,OI1909
2019-04-25 22:25:00,6841,6841,6838,6839,446,287960,30559920.0,OI1909
2019-04-25 22:26:00,6839,6840,6836,6839,652,287950,43839620.0,OI1909
2019-04-25 22:27:00,6839,6839,6835,6836,762,287982,52204620.0,OI1909
2019-04-25 22:28:00,6836,6838,6834,6836,840,288034,57548400.0,OI1909
2019-04-25 22:29:00,6836,6839,6836,6838,614,287998,42065140.0,OI1909
2019-04-25 22:30:00,6838,6843,6836,6840,2208,288268,151270080.0,OI1909
2019-04-25 22:31:00,6840,6843,6839,6840,2758,288874,188043340.0,OI1909
2019-04-25 22:32:00,6840,6842,6839,6840,2794,288812,191389000.0,OI1909
2019-04-25 22:33:00,6840,6840,6835,6835,1164,289096,79734000.0,OI1909
2019-04-25 22:34:00,6836,6839,6836,6837,586,289136,40141000.0,OI1909
2019-04-25 22:35:00,6836,6837,6834,6836,816,289398,55896000.0,OI1909
2019-04-25 22:36:00,6835,6838,6835,6838,504,289640,34524000.0,OI1909
2019-04-25 22:37:00,6838,6838,6836,6838,266,289600,18221000.0,OI1909
2019-04-25 22:38:00,6839,6839,6835,6835,318,289614,21783000.0,OI1909
2019-04-25 22:39:00,6835,6838,6835,6836,394,289630,26989000.0,OI1909
2019-04-25 22:40:00,6836,6837,6836,6837,256,289634,17536000.0,OI1909
2019-04-25 22:41:00,6836,6837,6834,6835,366,289538,25071000.0,OI1909
2019-04-25 22:42:00,6835,6835,6830,6832,1760,289362,119560520.0,OI1909
2019-04-25 22:43:00,6832,6834,6831,6831,678,289368,46436220.0,OI1909
2019-04-25 22:44:00,6831,6833,6831,6832,650,289344,44518500.0,OI1909
2019-04-25 22:45:00,6830,6831,6826,6827,2370,290086,162321300.0,OI1909
2019-04-25 22:46:00,6827,6832,6827,6831,1004,289972,67717460.0,OI1909
2019-04-25 22:47:00,6832,6832,6829,6832,914,289814,62590720.0,OI1909
2019-04-25 22:48:00,6832,6832,6830,6831,576,289886,39444480.0,OI1909
2019-04-25 22:49:00,6832,6833,6831,6832,970,289638,66425600.0,OI1909
2019-04-25 22:50:00,6831,6833,6831,6831,1190,289614,81491200.0,OI1909
2019-04-25 22:51:00,6831,6831,6829,6831,332,289668,22735360.0,OI1909
2019-04-25 22:52:00,6831,6832,6830,6831,456,289674,31226880.0,OI1909
2019-04-25 22:53:00,6831,6831,6829,6829,260,289624,17804800.0,OI1909
2019-04-25 22:54:00,6829,6830,6824,6826,1194,289506,80659700.0,OI1909
2019-04-25 22:55:00,6825,6826,6821,6825,1808,289352,123793760.0,OI1909
2019-04-25 22:56:00,6824,6824,6817,6820,2328,289462,158251380.0,OI1909
2019-04-25 22:57:00,6819,6821,6818,6820,868,289584,59423280.0,OI1909
2019-04-25 22:58:00,6819,6825,6818,6824,1956,289354,133907760.0,OI1909
2019-04-25 22:59:00,6824,6826,6823,6825,1044,288868,71472240.0,OI1909
2019-04-25 23:00:00,6826,6826,6822,6824,1070,289190,72056040.0,OI1909
2019-04-25 23:01:00,6824,6828,6824,6827,1354,289366,92681300.0,OI1909
2019-04-25 23:02:00,6827,6830,6827,6829,878,289322,60099100.0,OI1909
2019-04-25 23:03:00,6830,6830,6825,6826,652,289118,44629400.0,OI1909
2019-04-25 23:04:00,6826,6828,6826,6826,244,289156,16701800.0,OI1909
2019-04-25 23:05:00,6827,6827,6824,6824,372,289228,25463400.0,OI1909
2019-04-25 23:06:00,6825,6827,6824,6826,274,289316,18755300.0,OI1909
2019-04-25 23:07:00,6826,6826,6825,6825,84,289362,5749800.0,OI1909
2019-04-25 23:08:00,6825,6827,6825,6827,174,289318,11910300.0,OI1909
2019-04-25 23:09:00,6827,6827,6825,6827,352,289400,24094400.0,OI1909
2019-04-25 23:10:00,6827,6827,6826,6826,164,289294,11225800.0,OI1909
2019-04-25 23:11:00,6826,6826,6825,6826,140,289292,9583000.0,OI1909
2019-04-25 23:12:00,6825,6827,6825,6827,46,289290,3148700.0,OI1909
2019-04-25 23:13:00,6827,6827,6826,6827,178,289230,12184100.0,OI1909
2019-04-25 23:14:00,6827,6828,6826,6827,368,289256,25189600.0,OI1909
2019-04-25 23:15:00,6827,6829,6827,6828,502,289040,34361900.0,OI1909
2019-04-25 23:16:00,6829,6830,6827,6830,476,288750,31323460.0,OI1909
2019-04-25 23:17:00,6830,6833,6829,6831,998,288478,68303120.0,OI1909
2019-04-25 23:18:00,6831,6832,6830,6830,932,288306,63786080.0,OI1909
2019-04-25 23:19:00,6829,6831,6828,6830,312,288232,21353280.0,OI1909
2019-04-25 23:20:00,6830,6832,6830,6831,512,288274,35041280.0,OI1909
2019-04-25 23:21:00,6831,6832,6831,6831,136,288228,9307840.0,OI1909
2019-04-25 23:22:00,6831,6832,6830,6830,80,288206,5475200.0,OI1909
2019-04-25 23:23:00,6830,6831,6828,6828,270,288152,18478800.0,OI1909
2019-04-25 23:24:00,6828,6828,6822,6822,864,287942,59132160.0,OI1909
2019-04-25 23:25:00,6822,6825,6821,6825,356,287920,24364640.0,OI1909
2019-04-25 23:26:00,6824,6826,6823,6826,264,287856,18068160.0,OI1909
2019-04-25 23:27:00,6827,6827,6825,6825,252,287798,17246880.0,OI1909
2019-04-25 23:28:00,6824,6826,6824,6825,448,287468,30661120.0,OI1909
2019-04-25 23:29:00,6826,6832,6825,6832,802,286982,54888880.0,OI1909
2019-04-26 09:00:00,6821,6826,6820,6823,1498,287148,102523120.0,OI1909
2019-04-26 09:01:00,6823,6829,6821,6828,1934,286958,132038520.0,OI1909
2019-04-26 09:02:00,6828,6828,6824,6826,360,286948,24634800.0,OI1909
2019-04-26 09:03:00,6826,6827,6823,6823,486,286970,33256980.0,OI1909
2019-04-26 09:04:00,6824,6824,6821,6821,568,286850,38868240.0,OI1909
2019-04-26 09:05:00,6821,6827,6821,6827,662,286704,45300660.0,OI1909
2019-04-26 09:06:00,6827,6827,6824,6826,444,286692,30382920.0,OI1909
2019-04-26 09:07:00,6827,6827,6825,6827,426,286782,29151180.0,OI1909
2019-04-26 09:08:00,6826,6830,6826,6827,826,286978,56523180.0,OI1909
2019-04-26 09:09:00,6827,6831,6827,6828,350,287022,23950500.0,OI1909
2019-04-26 09:10:00,6828,6832,6827,6830,680,287090,46532400.0,OI1909
2019-04-26 09:11:00,6829,6831,6827,6829,608,287066,41605440.0,OI1909
2019-04-26 09:12:00,6829,6830,6828,6830,272,287100,18612960.0,OI1909
2019-04-26 09:13:00,6830,6831,6827,6831,318,287170,21760740.0,OI1909
2019-04-26 09:14:00,6830,6832,6829,6831,276,287206,18886680.0,OI1909
2019-04-26 09:15:00,6832,6836,6832,6835,1136,287032,76307040.0,OI1909
2019-04-26 09:16:00,6834,6836,6833,6835,730,287014,49946600.0,OI1909
2019-04-26 09:17:00,6836,6837,6834,6834,570,286888,38999400.0,OI1909
2019-04-26 09:18:00,6834,6834,6831,6831,366,286974,25041720.0,OI1909
2019-04-26 09:19:00,6831,6833,6830,6833,408,286892,27915360.0,OI1909
2019-04-26 09:20:00,6834,6834,6829,6829,554,286866,37904680.0,OI1909
2019-04-26 09:21:00,6830,6831,6827,6828,562,286938,38452040.0,OI1909
2019-04-26 09:22:00,6829,6830,6827,6830,212,286894,14505040.0,OI1909
2019-04-26 09:23:00,6830,6831,6830,6831,184,286804,12589280.0,OI1909
2019-04-26 09:24:00,6831,6831,6830,6830,50,286788,3421000.0,OI1909
2019-04-26 09:25:00,6831,6831,6827,6827,268,286854,18336560.0,OI1909
2019-04-26 09:26:00,6828,6828,6827,6828,114,286884,7799880.0,OI1909
2019-04-26 09:27:00,6827,6831,6826,6829,520,286970,35578400.0,OI1909
2019-04-26 09:28:00,6829,6831,6829,6830,224,286926,15326080.0,OI1909
2019-04-26 09:29:00,6829,6830,6826,6827,156,286962,10673520.0,OI1909
2019-04-26 09:30:00,6829,6829,6825,6826,622,286990,42557240.0,OI1909
2019-04-26 09:31:00,6826,6827,6824,6827,530,286882,36262600.0,OI1909
2019-04-26 09:32:00,6826,6826,6824,6824,216,286862,14778720.0,OI1909
2019-04-26 09:33:00,6824,6827,6824,6827,328,286816,22441760.0,OI1909
2019-04-26 09:34:00,6826,6828,6825,6825,494,286922,33799480.0,OI1909
2019-04-26 09:35:00,6824,6826,6819,6820,1642,286956,112345640.0,OI1909
2019-04-26 09:36:00,6820,6824,6819,6823,1108,286842,74281340.0,OI1909
2019-04-26 09:37:00,6823,6824,6821,6822,272,286864,18607520.0,OI1909
2019-04-26 09:38:00,6822,6824,6822,6824,364,286786,24901240.0,OI1909
2019-04-26 09:39:00,6824,6827,6824,6825,380,286680,25995800.0,OI1909
2019-04-26 09:40:00,6823,6823,6820,6822,394,286710,26953540.0,OI1909
2019-04-26 09:41:00,6822,6822,6820,6822,316,286700,21617560.0,OI1909
2019-04-26 09:42:00,6822,6823,6822,6823,174,286700,11903340.0,OI1909
2019-04-26 09:43:00,6824,6825,6824,6825,426,286672,29142660.0,OI1909
2019-04-26 09:44:00,6824,6827,6824,6826,216,286652,14776560.0,OI1909
2019-04-26 09:45:00,6827,6827,6825,6826,300,286676,20523000.0,OI1909
2019-04-26 09:46:00,6826,6827,6825,6825,166,286690,11356060.0,OI1909
2019-04-26 09:47:00,6826,6826,6821,6821,458,286704,31331780.0,OI1909
2019-04-26 09:48:00,6822,6823,6820,6821,376,286774,25722160.0,OI1909
2019-04-26 09:49:00,6821,6821,6820,6821,118,286850,8072380.0,OI1909
2019-04-26 09:50:00,6821,6821,6814,6815,1776,287208,121496160.0,OI1909
2019-04-26 09:51:00,6815,6815,6808,6811,2810,287562,190806100.0,OI1909
2019-04-26 09:52:00,6811,6822,6806,6821,3086,287922,211082400.0,OI1909
2019-04-26 09:53:00,6822,6826,6821,6824,1440,287658,98496000.0,OI1909
2019-04-26 09:54:00,6824,6826,6823,6825,380,287712,25992000.0,OI1909
2019-04-26 09:55:00,6825,6833,6825,6831,1612,287684,108582140.0,OI1909
2019-04-26 09:56:00,6832,6832,6828,6828,706,287756,48283340.0,OI1909
2019-04-26 09:57:00,6828,6830,6826,6830,624,287816,42675360.0,OI1909
2019-04-26 09:58:00,6829,6829,6828,6828,222,287784,15182580.0,OI1909
2019-04-26 09:59:00,6828,6828,6827,6827,66,287768,4513740.0,OI1909
2019-04-26 10:00:00,6829,6830,6827,6830,434,287600,29681260.0,OI1909
2019-04-26 10:01:00,6830,6831,6829,6829,324,287538,22158360.0,OI1909
2019-04-26 10:02:00,6829,6830,6828,6829,172,287530,11763080.0,OI1909
2019-04-26 10:03:00,6829,6829,6827,6827,80,287506,5471200.0,OI1909
2019-04-26 10:04:00,6827,6830,6827,6829,158,287530,10805620.0,OI1909
2019-04-26 10:05:00,6829,6830,6828,6830,202,287472,13814780.0,OI1909
2019-04-26 10:06:00,6829,6829,6826,6827,280,287404,19149200.0,OI1909
2019-04-26 10:07:00,6827,6829,6826,6828,276,287430,18875640.0,OI1909
2019-04-26 10:08:00,6828,6829,6827,6828,112,287464,7659680.0,OI1909
2019-04-26 10:09:00,6828,6829,6826,6827,284,287462,19422760.0,OI1909
2019-04-26 10:10:00,6827,6827,6825,6827,242,287462,16550380.0,OI1909
2019-04-26 10:11:00,6827,6827,6825,6826,72,287444,4924080.0,OI1909
2019-04-26 10:12:00,6826,6827,6826,6826,120,287450,8206800.0,OI1909
2019-04-26 10:13:00,6827,6828,6826,6828,198,287400,13541220.0,OI1909
2019-04-26 10:14:00,6827,6827,6826,6827,152,287414,10395280.0,OI1909
2019-04-26 10:30:00,6827,6828,6826,6828,244,287408,16687160.0,OI1909
2019-04-26 10:31:00,6829,6829,6827,6827,412,287452,28176680.0,OI1909
2019-04-26 10:32:00,6827,6827,6826,6826,100,287420,6839000.0,OI1909
2019-04-26 10:33:00,6827,6828,6826,6827,122,287402,8343580.0,OI1909
2019-04-26 10:34:00,6827,6828,6826,6828,348,287394,23799720.0,OI1909
2019-04-26 10:35:00,6829,6830,6828,6829,348,287248,23799720.0,OI1909
2019-04-26 10:36:00,6829,6829,6827,6828,80,287218,5471200.0,OI1909
2019-04-26 10:37:00,6828,6828,6825,6827,190,287196,12994100.0,OI1909
2019-04-26 10:38:00,6826,6827,6825,6826,234,287176,16003260.0,OI1909
2019-04-26 10:39:00,6826,6827,6824,6825,462,287458,31596180.0,OI1909
2019-04-26 10:40:00,6825,6825,6824,6824,264,287632,18054960.0,OI1909
2019-04-26 10:41:00,6824,6825,6823,6823,266,287578,18191740.0,OI1909
2019-04-26 10:42:00,6824,6824,6822,6823,688,287696,47052320.0,OI1909
2019-04-26 10:43:00,6823,6825,6823,6823,132,287678,9027480.0,OI1909
2019-04-26 10:44:00,6824,6824,6822,6822,374,287808,25577860.0,OI1909
2019-04-26 10:45:00,6824,6824,6821,6822,330,287884,22568700.0,OI1909
2019-04-26 10:46:00,6822,6824,6822,6824,172,287886,11763080.0,OI1909
2019-04-26 10:47:00,6824,6824,6822,6823,98,287890,6702220.0,OI1909
2019-04-26 10:48:00,6822,6823,6822,6823,262,287806,17918180.0,OI1909
2019-04-26 10:49:00,6823,6823,6821,6821,148,287822,10121720.0,OI1909
2019-04-26 10:50:00,6822,6822,6820,6822,614,288122,41991460.0,OI1909
2019-04-26 10:51:00,6821,6822,6821,6822,558,287908,38161620.0,OI1909
2019-04-26 10:52:00,6821,6821,6817,6820,1322,288224,88608000.0,OI1909
2019-04-26 10:53:00,6820,6821,6818,6818,250,288258,17095000.0,OI1909
2019-04-26 10:54:00,6818,6820,6814,6817,1458,288500,99698040.0,OI1909
2019-04-26 10:55:00,6816,6819,6813,6816,714,288614,48823320.0,OI1909
2019-04-26 10:56:00,6816,6819,6814,6819,624,288654,42669120.0,OI1909
2019-04-26 10:57:00,6819,6821,6819,6819,578,288710,39523640.0,OI1909
2019-04-26 10:58:00,6819,6820,6819,6820,94,288680,6427720.0,OI1909
2019-04-26 10:59:00,6819,6819,6817,6819,150,288712,10257000.0,OI1909
2019-04-26 11:00:00,6819,6823,6819,6822,876,288762,59900880.0,OI1909
2019-04-26 11:01:00,6822,6822,6819,6819,258,288764,17642040.0,OI1909
2019-04-26 11:02:00,6819,6820,6818,6818,218,288734,14906840.0,OI1909
2019-04-26 11:03:00,6819,6820,6818,6820,270,288720,18462600.0,OI1909
2019-04-26 11:04:00,6820,6821,6819,6820,244,288610,16684720.0,OI1909
2019-04-26 11:05:00,6819,6819,6817,6817,186,288634,12718680.0,OI1909
2019-04-26 11:06:00,6818,6821,6817,6821,326,288596,22291880.0,OI1909
2019-04-26 11:07:00,6821,6821,6817,6817,404,288470,27625520.0,OI1909
2019-04-26 11:08:00,6817,6818,6814,6815,1660,288342,113510800.0,OI1909
2019-04-26 11:09:00,6815,6817,6814,6815,788,288118,54408320.0,OI1909
2019-04-26 11:10:00,6815,6818,6815,6816,484,288050,33091080.0,OI1909
2019-04-26 11:11:00,6816,6816,6808,6808,2144,288376,146585280.0,OI1909
2019-04-26 11:12:00,6809,6813,6802,6809,4076,289118,278676120.0,OI1909
2019-04-26 11:13:00,6809,6811,6808,6810,656,289378,42882560.0,OI1909
2019-04-26 11:14:00,6811,6814,6808,6812,788,289420,53867680.0,OI1909
2019-04-26 11:15:00,6813,6813,6808,6810,510,289424,34863600.0,OI1909
2019-04-26 11:16:00,6810,6813,6807,6811,618,289426,42246480.0,OI1909
2019-04-26 11:17:00,6811,6811,6809,6811,168,289452,11484480.0,OI1909
2019-04-26 11:18:00,6810,6816,6809,6816,738,289256,50449680.0,OI1909
2019-04-26 11:19:00,6815,6816,6814,6814,592,289082,40469120.0,OI1909
2019-04-26 11:20:00,6813,6815,6813,6814,266,289070,18183760.0,OI1909
2019-04-26 11:21:00,6814,6815,6811,6812,210,289096,14355600.0,OI1909
2019-04-26 11:22:00,6812,6814,6811,6814,146,289084,9980560.0,OI1909
2019-04-26 11:23:00,6814,6814,6811,6813,224,289012,15312640.0,OI1909
2019-04-26 11:24:00,6812,6814,6811,6811,166,288988,11347760.0,OI1909
2019-04-26 11:25:00,6811,6812,6808,6810,494,288844,33769840.0,OI1909
2019-04-26 11:26:00,6809,6809,6805,6807,748,288866,51133280.0,OI1909
2019-04-26 11:27:00,6807,6807,6801,6803,2068,288586,139322960.0,OI1909
2019-04-26 11:28:00,6802,6802,6795,6800,3960,288876,270666000.0,OI1909
2019-04-26 11:29:00,6801,6803,6800,6800,974,288698,66572900.0,OI1909
2019-04-26 13:30:00,6801,6807,6800,6804,1470,288486,98364940.0,OI1909
2019-04-26 13:31:00,6804,6806,6802,6803,754,288544,51528360.0,OI1909
2019-04-26 13:32:00,6802,6803,6798,6800,1012,288398,69160080.0,OI1909
2019-04-26 13:33:00,6801,6803,6797,6799,2290,288138,156498600.0,OI1909
2019-04-26 13:34:00,6798,6799,6786,6788,3790,287988,256820580.0,OI1909
2019-04-26 13:35:00,6789,6793,6788,6792,1658,287982,113291140.0,OI1909
2019-04-26 13:36:00,6792,6794,6791,6793,760,287832,49718600.0,OI1909
2019-04-26 13:37:00,6792,6796,6791,6794,668,287922,45637760.0,OI1909
2019-04-26 13:38:00,6794,6795,6791,6791,408,287974,27874560.0,OI1909
2019-04-26 13:39:00,6791,6792,6786,6786,984,287934,67226880.0,OI1909
2019-04-26 13:40:00,6787,6787,6780,6782,4386,288076,297374860.0,OI1909
2019-04-26 13:41:00,6782,6784,6779,6783,2210,288384,150965100.0,OI1909
2019-04-26 13:42:00,6783,6785,6781,6784,1082,288492,71601840.0,OI1909
2019-04-26 13:43:00,6784,6785,6781,6783,1308,288688,89336400.0,OI1909
2019-04-26 13:44:00,6782,6782,6778,6779,2574,288658,175804200.0,OI1909
2019-04-26 13:45:00,6779,6784,6778,6783,2658,288806,179166420.0,OI1909
2019-04-26 13:46:00,6783,6783,6775,6777,1980,289270,135214200.0,OI1909
2019-04-26 13:47:00,6777,6781,6775,6778,1874,289584,125561940.0,OI1909
2019-04-26 13:48:00,6779,6779,6775,6776,1048,289598,71557440.0,OI1909
2019-04-26 13:49:00,6776,6777,6774,6775,1990,289984,135877200.0,OI1909
2019-04-26 13:50:00,6775,6782,6775,6782,1580,289924,105422700.0,OI1909
2019-04-26 13:51:00,6782,6784,6780,6783,1250,289422,85337500.0,OI1909
2019-04-26 13:52:00,6783,6784,6781,6783,1014,289290,69225780.0,OI1909
2019-04-26 13:53:00,6783,6786,6782,6784,1566,289094,106910820.0,OI1909
2019-04-26 13:54:00,6785,6786,6783,6783,772,289034,50198720.0,OI1909
2019-04-26 13:55:00,6782,6782,6778,6780,750,289096,51195000.0,OI1909
2019-04-26 13:56:00,6779,6782,6778,6779,1006,288964,68669560.0,OI1909
2019-04-26 13:57:00,6779,6780,6777,6777,1106,288668,75495560.0,OI1909
2019-04-26 13:58:00,6778,6780,6777,6779,256,288600,17474560.0,OI1909
2019-04-26 13:59:00,6778,6779,6774,6775,826,288488,56382760.0,OI1909
2019-04-26 14:00:00,6773,6774,6769,6771,2764,288822,186097840.0,OI1909
2019-04-26 14:01:00,6771,6771,6766,6768,1982,288574,135271500.0,OI1909
2019-04-26 14:02:00,6769,6774,6768,6772,962,288578,65656500.0,OI1909
2019-04-26 14:03:00,6772,6776,6772,6774,892,288412,62382760.0,OI1909
2019-04-26 14:04:00,6773,6774,6768,6769,868,288524,59232320.0,OI1909
2019-04-26 14:05:00,6769,6770,6763,6766,2924,288896,199533760.0,OI1909
2019-04-26 14:06:00,6767,6771,6765,6769,924,288800,62693080.0,OI1909
2019-04-26 14:07:00,6769,6771,6768,6771,600,288808,40938000.0,OI1909
2019-04-26 14:08:00,6770,6770,6766,6767,940,288886,64136200.0,OI1909
2019-04-26 14:09:00,6767,6769,6766,6769,490,288954,33432700.0,OI1909
2019-04-26 14:10:00,6769,6769,6767,6768,434,289054,29611820.0,OI1909
2019-04-26 14:11:00,6767,6773,6767,6773,894,288966,60997620.0,OI1909
2019-04-26 14:12:00,6773,6781,6773,6777,2854,287954,193860300.0,OI1909
2019-04-26 14:13:00,6777,6778,6776,6777,602,287950,41068440.0,OI1909
2019-04-26 14:14:00,6777,6780,6776,6780,562,288016,38339640.0,OI1909
2019-04-26 14:15:00,6780,6784,6780,6780,1602,288068,109288440.0,OI1909
2019-04-26 14:16:00,6780,6780,6775,6778,642,288174,43797240.0,OI1909
2019-04-26 14:17:00,6777,6781,6775,6777,1684,288424,112111120.0,OI1909
2019-04-26 14:18:00,6778,6784,6776,6783,1148,288314,78305080.0,OI1909
2019-04-26 14:19:00,6783,6783,6778,6779,1442,288166,98358820.0,OI1909
2019-04-26 14:20:00,6779,6779,6777,6779,2014,288582,137374940.0,OI1909
2019-04-26 14:21:00,6779,6781,6778,6780,416,288354,28375360.0,OI1909
2019-04-26 14:22:00,6780,6783,6780,6782,450,288232,30694500.0,OI1909
2019-04-26 14:23:00,6782,6784,6780,6781,476,288244,32467960.0,OI1909
2019-04-26 14:24:00,6782,6785,6781,6783,656,288148,41908380.0,OI1909
2019-04-26 14:25:00,6783,6785,6783,6784,512,288156,34918400.0,OI1909
2019-04-26 14:26:00,6783,6796,6783,6796,2758,287492,188095600.0,OI1909
2019-04-26 14:27:00,6796,6803,6795,6797,3534,286524,241018800.0,OI1909
2019-04-26 14:28:00,6797,6803,6795,6797,2796,286140,190687200.0,OI1909
2019-04-26 14:29:00,6796,6797,6787,6790,2140,285628,144791540.0,OI1909
2019-04-26 14:30:00,6789,6795,6789,6795,1072,285448,73099680.0,OI1909
2019-04-26 14:31:00,6793,6797,6793,6795,654,285332,44596260.0,OI1909
2019-04-26 14:32:00,6796,6797,6794,6795,428,285286,29185320.0,OI1909
2019-04-26 14:33:00,6795,6802,6795,6801,1646,285388,112240740.0,OI1909
2019-04-26 14:34:00,6802,6805,6796,6799,1684,285008,114831960.0,OI1909
2019-04-26 14:35:00,6799,6799,6795,6796,676,284798,46096440.0,OI1909
2019-04-26 14:36:00,6795,6799,6795,6797,274,284716,18684060.0,OI1909
2019-04-26 14:37:00,6796,6800,6796,6796,416,284566,28367040.0,OI1909
2019-04-26 14:38:00,6797,6797,6791,6794,740,284472,50460600.0,OI1909
2019-04-26 14:39:00,6793,6796,6793,6795,284,284382,19365960.0,OI1909
2019-04-26 14:40:00,6795,6797,6795,6797,216,284372,14729040.0,OI1909
2019-04-26 14:41:00,6798,6803,6798,6799,906,284230,61780140.0,OI1909
2019-04-26 14:42:00,6800,6803,6800,6802,484,284126,33003960.0,OI1909
2019-04-26 14:43:00,6803,6803,6798,6799,614,284130,41868660.0,OI1909
2019-04-26 14:44:00,6799,6801,6798,6799,290,284088,19775100.0,OI1909
2019-04-26 14:45:00,6799,6800,6796,6797,586,283970,39959340.0,OI1909
2019-04-26 14:46:00,6796,6804,6796,6803,754,283994,51415260.0,OI1909
2019-04-26 14:47:00,6803,6803,6799,6799,386,284020,26321340.0,OI1909
2019-04-26 14:48:00,6800,6803,6799,6800,610,284026,41595900.0,OI1909
2019-04-26 14:49:00,6800,6801,6799,6800,372,283940,28179180.0,OI1909
2019-04-26 14:50:00,6800,6801,6800,6800,428,283854,29181040.0,OI1909
2019-04-26 14:51:00,6800,6804,6800,6803,804,283554,54816720.0,OI1909
2019-04-26 14:52:00,6804,6804,6801,6802,290,283458,19772200.0,OI1909
2019-04-26 14:53:00,6802,6810,6802,6805,2376,282254,161995680.0,OI1909
2019-04-26 14:54:00,6805,6809,6804,6807,978,281868,66680040.0,OI1909
2019-04-26 14:55:00,6807,6811,6804,6810,1430,281438,97497400.0,OI1909
2019-04-26 14:56:00,6810,6811,6807,6807,1146,281336,78134280.0,OI1909
2019-04-26 14:57:00,6807,6810,6807,6808,558,281112,38044440.0,OI1909
2019-04-26 14:58:00,6808,6810,6807,6808,782,280670,53316760.0,OI1909
2019-04-26 14:59:00,6808,6810,6807,6809,1384,279892,94361120.0,OI1909
2019-04-26 21:00:00,6799,6817,6799,6810,2724,279878,185422680.0,OI1909
2019-04-26 21:01:00,6811,6812,6805,6805,1138,279724,77502280.0,OI1909
2019-04-26 21:02:00,6806,6806,6803,6804,634,279696,43117760.0,OI1909
2019-04-26 21:03:00,6804,6807,6802,6807,708,279904,48193560.0,OI1909
2019-04-26 21:04:00,6806,6807,6798,6800,822,279908,55893280.0,OI1909
2019-04-26 21:05:00,6799,6799,6790,6793,1610,279976,109423880.0,OI1909
2019-04-26 21:06:00,6793,6796,6790,6791,1120,280110,76029680.0,OI1909
2019-04-26 21:07:00,6791,6796,6790,6794,914,280078,62073580.0,OI1909
2019-04-26 21:08:00,6795,6796,6794,6794,200,280038,13602000.0,OI1909
2019-04-26 21:09:00,6794,6795,6791,6791,456,280052,31012560.0,OI1909
2019-04-26 21:10:00,6791,6793,6788,6788,1028,280130,69800740.0,OI1909
2019-04-26 21:11:00,6789,6793,6789,6791,608,280232,41224380.0,OI1909
2019-04-26 21:12:00,6792,6794,6790,6794,272,280242,18493280.0,OI1909
2019-04-26 21:13:00,6794,6797,6793,6796,590,280102,40114100.0,OI1909
2019-04-26 21:14:00,6796,6797,6795,6797,424,280030,28827760.0,OI1909
2019-04-26 21:15:00,6798,6798,6794,6795,402,280012,27331980.0,OI1909
2019-04-26 21:16:00,6794,6798,6794,6795,538,279804,36578620.0,OI1909
2019-04-26 21:17:00,6796,6798,6795,6798,528,279674,35898720.0,OI1909
2019-04-26 21:18:00,6798,6804,6796,6803,908,279820,61734920.0,OI1909
2019-04-26 21:19:00,6803,6803,6801,6803,556,279786,37802440.0,OI1909
2019-04-26 21:20:00,6803,6804,6802,6802,364,279766,24748360.0,OI1909
2019-04-26 21:21:00,6803,6803,6798,6798,444,279632,30187560.0,OI1909
2019-04-26 21:22:00,6799,6800,6797,6799,684,279406,46505160.0,OI1909
2019-04-26 21:23:00,6800,6800,6798,6798,224,279386,15229760.0,OI1909
2019-04-26 21:24:00,6799,6800,6799,6799,174,279392,11830260.0,OI1909
2019-04-26 21:25:00,6799,6799,6798,6798,142,279334,9654580.0,OI1909
2019-04-26 21:26:00,6798,6799,6797,6799,88,279340,5983120.0,OI1909
2019-04-26 21:27:00,6799,6802,6799,6802,160,279312,10878400.0,OI1909
2019-04-26 21:28:00,6802,6802,6797,6797,414,279238,28147860.0,OI1909
2019-04-26 21:29:00,6798,6799,6798,6798,156,279218,10606440.0,OI1909
2019-04-26 21:30:00,6798,6801,6796,6799,516,279216,35082840.0,OI1909
2019-04-26 21:31:00,6798,6798,6794,6795,396,279218,26924040.0,OI1909
2019-04-26 21:32:00,6794,6796,6793,6795,358,279180,24340420.0,OI1909
2019-04-26 21:33:00,6797,6798,6796,6796,462,279140,31411380.0,OI1909
2019-04-26 21:34:00,6797,6800,6797,6799,176,279174,11966240.0,OI1909
2019-04-26 21:35:00,6800,6801,6795,6795,422,279228,28691780.0,OI1909
2019-04-26 21:36:00,6796,6798,6796,6797,106,279222,7206940.0,OI1909
2019-04-26 21:37:00,6797,6798,6796,6796,118,279210,8022820.0,OI1909
2019-04-26 21:38:00,6796,6796,6791,6792,484,279306,32907160.0,OI1909
2019-04-26 21:39:00,6792,6793,6789,6789,750,279238,50764320.0,OI1909
2019-04-26 21:40:00,6789,6791,6788,6789,758,279216,51528840.0,OI1909
2019-04-26 21:41:00,6790,6794,6789,6792,498,279210,33854040.0,OI1909
2019-04-26 21:42:00,6792,6795,6791,6793,378,279166,25696440.0,OI1909
2019-04-26 21:43:00,6793,6795,6791,6792,260,279260,17674800.0,OI1909
2019-04-26 21:44:00,6791,6791,6786,6787,852,279372,57918960.0,OI1909
2019-04-26 21:45:00,6787,6790,6787,6790,464,279422,31282440.0,OI1909
2019-04-26 21:46:00,6790,6790,6787,6790,634,279490,43092980.0,OI1909
2019-04-26 21:47:00,6790,6791,6789,6789,128,279458,8700160.0,OI1909
2019-04-26 21:48:00,6790,6792,6790,6791,288,279470,19575360.0,OI1909
2019-04-26 21:49:00,6790,6790,6787,6788,352,279472,23925440.0,OI1909
2019-04-26 21:50:00,6788,6790,6783,6785,932,279382,63348040.0,OI1909
2019-04-26 21:51:00,6785,6785,6783,6783,566,279448,38484100.0,OI1909
2019-04-26 21:52:00,6783,6784,6782,6784,474,279492,32213040.0,OI1909
2019-04-26 21:53:00,6784,6784,6782,6783,406,279584,27591760.0,OI1909
2019-04-26 21:54:00,6782,6783,6780,6781,908,279606,61707680.0,OI1909
2019-04-26 21:55:00,6781,6785,6780,6785,418,279534,28095940.0,OI1909
2019-04-26 21:56:00,6784,6785,6781,6782,430,279538,29218500.0,OI1909
2019-04-26 21:57:00,6782,6785,6782,6785,520,279532,35334000.0,OI1909
2019-04-26 21:58:00,6785,6786,6784,6785,318,279484,21608100.0,OI1909
2019-04-26 21:59:00,6785,6785,6782,6783,374,279424,25413300.0,OI1909
2019-04-26 22:00:00,6783,6785,6782,6785,320,279526,21744000.0,OI1909
2019-04-26 22:01:00,6785,6789,6785,6785,692,279300,47021400.0,OI1909
2019-04-26 22:02:00,6786,6787,6785,6787,214,279330,14201280.0,OI1909
2019-04-26 22:03:00,6787,6788,6785,6785,374,279228,25409560.0,OI1909
2019-04-26 22:04:00,6786,6786,6785,6785,38,279214,2581720.0,OI1909
2019-04-26 22:05:00,6786,6788,6785,6788,330,279208,22420200.0,OI1909
2019-04-26 22:06:00,6788,6792,6787,6788,684,279060,46470960.0,OI1909
2019-04-26 22:07:00,6788,6788,6787,6787,44,279054,2989360.0,OI1909
2019-04-26 22:08:00,6787,6795,6787,6792,942,279012,63999480.0,OI1909
2019-04-26 22:09:00,6792,6794,6791,6792,518,278972,35192920.0,OI1909
2019-04-26 22:10:00,6792,6792,6788,6791,446,279104,30301240.0,OI1909
2019-04-26 22:11:00,6791,6792,6790,6790,176,279070,11957440.0,OI1909
2019-04-26 22:12:00,6790,6792,6789,6789,120,279158,8152800.0,OI1909
2019-04-26 22:13:00,6789,6790,6789,6789,78,279170,5299320.0,OI1909
2019-04-26 22:14:00,6789,6794,6789,6793,874,278904,59379560.0,OI1909
2019-04-26 22:15:00,6792,6798,6791,6797,780,278724,52993200.0,OI1909
2019-04-26 22:16:00,6797,6797,6794,6795,518,278672,35192920.0,OI1909
2019-04-26 22:17:00,6795,6799,6795,6798,428,278612,29078320.0,OI1909
2019-04-26 22:18:00,6798,6798,6795,6796,328,278586,22284320.0,OI1909
2019-04-26 22:19:00,6796,6798,6796,6796,296,278404,20110240.0,OI1909
2019-04-26 22:20:00,6796,6797,6795,6796,186,278350,12636840.0,OI1909
2019-04-26 22:21:00,6796,6796,6792,6793,352,278394,23914880.0,OI1909
2019-04-26 22:22:00,6792,6793,6791,6793,204,278420,13859760.0,OI1909
2019-04-26 22:23:00,6792,6792,6790,6792,218,278414,14810920.0,OI1909
2019-04-26 22:24:00,6792,6792,6791,6791,126,278410,8560440.0,OI1909
2019-04-26 22:25:00,6791,6793,6791,6793,506,278626,34377640.0,OI1909
2019-04-26 22:26:00,6793,6794,6791,6792,154,278532,10462760.0,OI1909
2019-04-26 22:27:00,6791,6792,6786,6792,836,278576,56797840.0,OI1909
2019-04-26 22:28:00,6791,6793,6790,6791,280,278544,19023200.0,OI1909
2019-04-26 22:29:00,6791,6794,6791,6794,356,278522,24186640.0,OI1909
2019-04-26 22:30:00,6794,6795,6793,6794,252,278492,17120880.0,OI1909
2019-04-26 22:31:00,6793,6793,6790,6791,238,278496,16169720.0,OI1909
2019-04-26 22:32:00,6791,6792,6784,6787,822,278642,55846680.0,OI1909
2019-04-26 22:33:00,6787,6791,6787,6791,324,278636,22012560.0,OI1909
2019-04-26 22:34:00,6791,6791,6788,6789,354,278556,24050760.0,OI1909
2019-04-26 22:35:00,6788,6791,6788,6791,346,278474,23507240.0,OI1909
2019-04-26 22:36:00,6791,6791,6789,6790,122,278514,8288680.0,OI1909
2019-04-26 22:37:00,6790,6794,6790,6794,250,278470,16985000.0,OI1909
2019-04-26 22:38:00,6793,6793,6790,6791,218,278412,14810920.0,OI1909
2019-04-26 22:39:00,6791,6794,6791,6793,168,278410,11413920.0,OI1909
2019-04-26 22:40:00,6793,6795,6793,6795,180,278440,12229200.0,OI1909
2019-04-26 22:41:00,6795,6795,6792,6793,266,278566,18072040.0,OI1909
2019-04-26 22:42:00,6793,6793,6792,6793,76,278608,5163440.0,OI1909
2019-04-26 22:43:00,6792,6794,6792,6792,82,278578,5571080.0,OI1909
2019-04-26 22:44:00,6792,6794,6791,6794,212,278602,14403280.0,OI1909
2019-04-26 22:45:00,6794,6799,6793,6798,528,278554,35872320.0,OI1909
2019-04-26 22:46:00,6798,6798,6795,6796,264,278482,17936160.0,OI1909
2019-04-26 22:47:00,6797,6797,6795,6796,102,278476,6929880.0,OI1909
2019-04-26 22:48:00,6795,6796,6795,6796,120,278422,8152800.0,OI1909
2019-04-26 22:49:00,6795,6796,6795,6796,174,278350,11821560.0,OI1909
2019-04-26 22:50:00,6796,6796,6795,6795,210,278330,14267400.0,OI1909
2019-04-26 22:51:00,6795,6795,6794,6794,164,278282,11142160.0,OI1909
2019-04-26 22:52:00,6794,6796,6793,6796,272,278196,18479680.0,OI1909
2019-04-26 22:53:00,6796,6799,6796,6799,390,278154,26496600.0,OI1909
2019-04-26 22:54:00,6799,6801,6797,6798,642,278074,43617480.0,OI1909
2019-04-26 22:55:00,6798,6798,6796,6797,224,278052,15218560.0,OI1909
2019-04-26 22:56:00,6797,6797,6794,6795,364,278086,24730160.0,OI1909
2019-04-26 22:57:00,6794,6801,6794,6799,1362,277624,92534280.0,OI1909
2019-04-26 22:58:00,6800,6807,6799,6804,1758,277218,119438520.0,OI1909
2019-04-26 22:59:00,6804,6805,6801,6801,744,277360,50547360.0,OI1909
2019-04-26 23:00:00,6801,6802,6798,6798,362,277468,24594280.0,OI1909
2019-04-26 23:01:00,6798,6800,6796,6797,1190,277732,80848600.0,OI1909
2019-04-26 23:02:00,6797,6801,6795,6800,3466,278260,236084440.0,OI1909
2019-04-26 23:03:00,6800,6801,6798,6800,2626,278188,178436700.0,OI1909
2019-04-26 23:04:00,6801,6804,6801,6803,728,278040,49467600.0,OI1909
2019-04-26 23:05:00,6802,6804,6800,6802,544,278198,36964800.0,OI1909
2019-04-26 23:06:00,6802,6807,6801,6804,2668,277894,181290600.0,OI1909
2019-04-26 23:07:00,6804,6805,6802,6805,994,278156,68222300.0,OI1909
2019-04-26 23:08:00,6804,6806,6802,6803,1322,278352,89843120.0,OI1909
2019-04-26 23:09:00,6802,6804,6801,6802,688,278352,46756480.0,OI1909
2019-04-26 23:10:00,6802,6803,6801,6801,774,278148,52601040.0,OI1909
2019-04-26 23:11:00,6801,6802,6801,6801,232,278066,15766720.0,OI1909
2019-04-26 23:12:00,6801,6803,6798,6799,1428,277972,97046880.0,OI1909
2019-04-26 23:13:00,6798,6799,6796,6796,744,277994,50562240.0,OI1909
2019-04-26 23:14:00,6797,6798,6797,6798,388,277972,26368480.0,OI1909
2019-04-26 23:15:00,6798,6800,6798,6799,552,277856,37513920.0,OI1909
2019-04-26 23:16:00,6799,6800,6797,6798,348,277736,23650080.0,OI1909
2019-04-26 23:17:00,6797,6799,6797,6799,142,277706,9650320.0,OI1909
2019-04-26 23:18:00,6799,6799,6798,6798,14,277702,951440.0,OI1909
2019-04-26 23:19:00,6798,6799,6798,6799,98,277684,6660080.0,OI1909
2019-04-26 23:20:00,6798,6799,6798,6799,174,277726,11825040.0,OI1909
2019-04-26 23:21:00,6798,6799,6797,6798,120,277726,8155200.0,OI1909
2019-04-26 23:22:00,6798,6798,6797,6797,76,277710,5164960.0,OI1909
2019-04-26 23:23:00,6798,6798,6797,6798,66,277700,4485360.0,OI1909
2019-04-26 23:24:00,6797,6798,6797,6798,90,277660,6116400.0,OI1909
2019-04-26 23:25:00,6798,6798,6797,6798,364,277654,24737440.0,OI1909
2019-04-26 23:26:00,6798,6798,6796,6797,270,277632,18349200.0,OI1909
2019-04-26 23:27:00,6796,6796,6793,6794,538,277440,36562480.0,OI1909
2019-04-26 23:28:00,6795,6796,6793,6796,480,277126,32620800.0,OI1909
2019-04-26 23:29:00,6795,6795,6793,6794,388,276816,26368480.0,OI1909
2019-04-29 09:00:00,6804,6809,6796,6799,2786,277468,189336560.0,OI1909
2019-04-29 09:01:00,6799,6799,6792,6795,1890,277968,128444400.0,OI1909
2019-04-29 09:02:00,6796,6804,6794,6803,4010,277962,272519600.0,OI1909
2019-04-29 09:03:00,6803,6803,6799,6802,1506,277984,102347760.0,OI1909
2019-04-29 09:04:00,6802,6808,6799,6808,2488,278028,169984240.0,OI1909
2019-04-29 09:05:00,6808,6814,6805,6814,1504,278270,102226880.0,OI1909
2019-04-29 09:06:00,6815,6816,6809,6810,1596,277988,108480120.0,OI1909
2019-04-29 09:07:00,6811,6814,6810,6812,508,278050,34528760.0,OI1909
2019-04-29 09:08:00,6811,6814,6811,6813,514,278110,34936580.0,OI1909
2019-04-29 09:09:00,6813,6814,6809,6812,1198,278162,81428060.0,OI1909
2019-04-29 09:10:00,6812,6812,6807,6809,1058,278246,71912260.0,OI1909
2019-04-29 09:11:00,6809,6809,6805,6806,1338,278250,91920780.0,OI1909
2019-04-29 09:12:00,6806,6809,6805,6809,588,278214,39972240.0,OI1909
2019-04-29 09:13:00,6808,6808,6806,6807,304,278254,20665920.0,OI1909
2019-04-29 09:14:00,6803,6807,6803,6805,1182,278630,80352360.0,OI1909
2019-04-29 09:15:00,6805,6810,6804,6807,690,278702,46906200.0,OI1909
2019-04-29 09:16:00,6807,6809,6807,6809,162,278660,11012760.0,OI1909
2019-04-29 09:17:00,6808,6810,6808,6809,230,278738,15635400.0,OI1909
2019-04-29 09:18:00,6809,6809,6807,6807,316,278788,21481680.0,OI1909
2019-04-29 09:19:00,6807,6810,6807,6808,438,278786,29775240.0,OI1909
2019-04-29 09:20:00,6808,6812,6808,6811,752,279042,51120960.0,OI1909
2019-04-29 09:21:00,6810,6811,6807,6808,310,278962,21073800.0,OI1909
2019-04-29 09:22:00,6808,6809,6807,6809,146,278924,9925080.0,OI1909
2019-04-29 09:23:00,6810,6810,6808,6810,336,278806,22841280.0,OI1909
2019-04-29 09:24:00,6811,6811,6807,6807,222,278860,15091560.0,OI1909
2019-04-29 09:25:00,6806,6808,6806,6808,158,278826,10740840.0,OI1909
2019-04-29 09:26:00,6808,6811,6807,6811,314,278872,21345720.0,OI1909
2019-04-29 09:27:00,6811,6811,6809,6810,62,278870,4214760.0,OI1909
2019-04-29 09:28:00,6811,6812,6810,6811,104,278846,7069920.0,OI1909
2019-04-29 09:29:00,6811,6811,6809,6809,266,278848,18082680.0,OI1909
2019-04-29 09:30:00,6808,6810,6807,6810,258,278880,17538840.0,OI1909
2019-04-29 09:31:00,6810,6811,6809,6811,100,278886,6798000.0,OI1909
2019-04-29 09:32:00,6810,6811,6810,6811,162,278850,11012760.0,OI1909
2019-04-29 09:33:00,6811,6814,6811,6813,528,278928,35893440.0,OI1909
2019-04-29 09:34:00,6813,6813,6812,6812,192,278958,13052160.0,OI1909
2019-04-29 09:35:00,6811,6813,6811,6812,144,278988,9789120.0,OI1909
2019-04-29 09:36:00,6812,6812,6810,6811,106,279010,7205880.0,OI1909
2019-04-29 09:37:00,6811,6814,6811,6813,184,278970,12508320.0,OI1909
2019-04-29 09:38:00,6813,6813,6811,6812,64,278960,4350720.0,OI1909
2019-04-29 09:39:00,6811,6813,6811,6813,50,278960,3399000.0,OI1909
2019-04-29 09:40:00,6813,6813,6810,6811,134,278956,10171260.0,OI1909
2019-04-29 09:41:00,6811,6811,6809,6810,118,278944,8022820.0,OI1909
2019-04-29 09:42:00,6809,6811,6809,6809,286,278948,19445140.0,OI1909
2019-04-29 09:43:00,6809,6809,6806,6807,446,278958,30323540.0,OI1909
2019-04-29 09:44:00,6807,6810,6807,6809,228,278894,15501720.0,OI1909
2019-04-29 09:45:00,6809,6811,6809,6810,190,278900,12918100.0,OI1909
2019-04-29 09:46:00,6811,6811,6809,6809,134,278884,9110660.0,OI1909
2019-04-29 09:47:00,6810,6810,6809,6809,94,278916,6391060.0,OI1909
2019-04-29 09:48:00,6809,6809,6806,6807,180,278878,12238200.0,OI1909
2019-04-29 09:49:00,6808,6809,6807,6809,70,278864,4759300.0,OI1909
2019-04-29 09:50:00,6808,6808,6808,6808,24,278868,1631760.0,OI1909
2019-04-29 09:51:00,6808,6809,6804,6807,920,278920,62550800.0,OI1909
2019-04-29 09:52:00,6806,6808,6806,6807,120,278854,8158800.0,OI1909
2019-04-29 09:53:00,6807,6808,6806,6807,216,278780,14685840.0,OI1909
2019-04-29 09:54:00,6807,6808,6807,6808,132,278842,8974680.0,OI1909
2019-04-29 09:55:00,6808,6813,6808,6813,512,278956,34810880.0,OI1909
2019-04-29 09:56:00,6812,6813,6811,6812,142,278990,9654580.0,OI1909
2019-04-29 09:57:00,6812,6819,6811,6816,882,278906,59967180.0,OI1909
2019-04-29 09:58:00,6817,6823,6815,6822,1232,278772,83763680.0,OI1909
2019-04-29 09:59:00,6822,6822,6818,6820,726,278724,49360740.0,OI1909
2019-04-29 10:00:00,6819,6825,6818,6824,1298,278856,89392460.0,OI1909
2019-04-29 10:01:00,6823,6827,6823,6825,1248,278654,84864000.0,OI1909
2019-04-29 10:02:00,6825,6826,6823,6823,410,278774,27880000.0,OI1909
2019-04-29 10:03:00,6824,6827,6823,6826,666,278858,45288000.0,OI1909
2019-04-29 10:04:00,6827,6827,6824,6824,360,278942,24480000.0,OI1909
2019-04-29 10:05:00,6824,6827,6824,6826,274,278872,18632000.0,OI1909
2019-04-29 10:06:00,6826,6826,6823,6823,276,278966,18768000.0,OI1909
2019-04-29 10:07:00,6824,6825,6823,6824,220,278938,14960000.0,OI1909
2019-04-29 10:08:00,6823,6825,6823,6823,358,278920,24344000.0,OI1909
2019-04-29 10:09:00,6823,6823,6819,6820,798,278904,55451540.0,OI1909
2019-04-29 10:10:00,6820,6825,6820,6825,394,278848,26795940.0,OI1909
2019-04-29 10:11:00,6824,6825,6822,6824,116,278840,7889160.0,OI1909
2019-04-29 10:12:00,6823,6824,6823,6823,92,278860,6256920.0,OI1909
2019-04-29 10:13:00,6822,6824,6822,6823,298,278798,20266980.0,OI1909
2019-04-29 10:14:00,6824,6824,6822,6823,146,278780,9929460.0,OI1909
2019-04-29 10:30:00,6822,6823,6821,6822,328,278762,22307280.0,OI1909
2019-04-29 10:31:00,6822,6825,6821,6822,826,278726,56176260.0,OI1909
2019-04-29 10:32:00,6822,6823,6822,6822,96,278734,6528960.0,OI1909
2019-04-29 10:33:00,6823,6823,6820,6820,236,278602,16050360.0,OI1909
2019-04-29 10:34:00,6821,6822,6821,6821,114,278596,7753140.0,OI1909
2019-04-29 10:35:00,6821,6821,6816,6816,740,278514,50327400.0,OI1909
2019-04-29 10:36:00,6816,6819,6816,6817,314,278528,21355140.0,OI1909
2019-04-29 10:37:00,6818,6818,6814,6815,706,278466,48015060.0,OI1909
2019-04-29 10:38:00,6814,6815,6812,6814,658,278464,44750580.0,OI1909
2019-04-29 10:39:00,6813,6815,6812,6813,494,278604,33596940.0,OI1909
2019-04-29 10:40:00,6813,6814,6812,6813,576,278708,39173760.0,OI1909
2019-04-29 10:41:00,6813,6816,6813,6815,560,278650,38085600.0,OI1909
2019-04-29 10:42:00,6816,6816,6812,6812,522,278764,36760920.0,OI1909
2019-04-29 10:43:00,6812,6815,6812,6814,220,278712,14964400.0,OI1909
2019-04-29 10:44:00,6814,6814,6813,6813,62,278720,4217240.0,OI1909
2019-04-29 10:45:00,6814,6816,6813,6816,302,278718,20542040.0,OI1909
2019-04-29 10:46:00,6816,6819,6816,6817,548,278630,37274960.0,OI1909
2019-04-29 10:47:00,6818,6822,6818,6819,314,278662,21358280.0,OI1909
2019-04-29 10:48:00,6819,6821,6818,6818,300,278628,20406000.0,OI1909
2019-04-29 10:49:00,6818,6819,6816,6816,268,278612,18229360.0,OI1909
2019-04-29 10:50:00,6816,6817,6816,6817,78,278650,5305560.0,OI1909
2019-04-29 10:51:00,6817,6818,6817,6818,70,278620,4761400.0,OI1909
2019-04-29 10:52:00,6818,6818,6817,6818,66,278640,4489320.0,OI1909
2019-04-29 10:53:00,6817,6819,6817,6819,38,278640,2584760.0,OI1909
2019-04-29 10:54:00,6819,6819,6818,6818,52,278680,3537040.0,OI1909
2019-04-29 10:55:00,6817,6818,6817,6817,122,278686,8298440.0,OI1909
2019-04-29 10:56:00,6816,6817,6816,6817,82,278704,5577640.0,OI1909
2019-04-29 10:57:00,6817,6818,6812,6813,694,278518,47205880.0,OI1909
2019-04-29 10:58:00,6814,6815,6813,6813,256,278498,17413120.0,OI1909
2019-04-29 10:59:00,6814,6814,6812,6813,160,278542,10883200.0,OI1909
2019-04-29 11:00:00,6813,6816,6813,6816,220,278542,14964400.0,OI1909
2019-04-29 11:01:00,6815,6816,6815,6816,40,278528,2720800.0,OI1909
2019-04-29 11:02:00,6815,6816,6814,6814,222,278454,15100440.0,OI1909
2019-04-29 11:03:00,6814,6819,6814,6818,490,278388,33329800.0,OI1909
2019-04-29 11:04:00,6818,6819,6815,6817,286,278408,19453720.0,OI1909
2019-04-29 11:05:00,6816,6817,6815,6815,52,278400,3537040.0,OI1909
2019-04-29 11:06:00,6816,6817,6815,6817,54,278386,3673080.0,OI1909
2019-04-29 11:07:00,6817,6820,6817,6820,142,278382,9658840.0,OI1909
2019-04-29 11:08:00,6819,6821,6819,6820,260,278414,17685200.0,OI1909
2019-04-29 11:09:00,6820,6820,6818,6819,172,278354,11699440.0,OI1909
2019-04-29 11:10:00,6820,6820,6818,6818,132,278336,8978640.0,OI1909
2019-04-29 11:11:00,6818,6818,6812,6812,448,278276,30472960.0,OI1909
2019-04-29 11:12:00,6813,6814,6812,6813,294,278260,19997880.0,OI1909
2019-04-29 11:13:00,6813,6814,6813,6814,36,278268,2448720.0,OI1909
2019-04-29 11:14:00,6814,6814,6812,6812,158,278306,10747160.0,OI1909
2019-04-29 11:15:00,6813,6814,6812,6812,360,278320,24487200.0,OI1909
2019-04-29 11:16:00,6813,6815,6813,6814,142,278312,9658840.0,OI1909
2019-04-29 11:17:00,6815,6815,6813,6814,140,278324,9522800.0,OI1909
2019-04-29 11:18:00,6813,6813,6812,6813,96,278354,6529920.0,OI1909
2019-04-29 11:19:00,6813,6814,6812,6813,132,278334,8978640.0,OI1909
2019-04-29 11:20:00,6812,6813,6810,6812,378,278382,25711560.0,OI1909
2019-04-29 11:21:00,6812,6814,6812,6813,150,278414,10203000.0,OI1909
2019-04-29 11:22:00,6813,6814,6812,6812,346,278438,23534920.0,OI1909
2019-04-29 11:23:00,6812,6812,6811,6811,106,278414,7210120.0,OI1909
2019-04-29 11:24:00,6812,6813,6811,6813,90,278396,6121800.0,OI1909
2019-04-29 11:25:00,6812,6815,6812,6815,88,278388,5985760.0,OI1909
2019-04-29 11:26:00,6815,6817,6814,6817,252,278288,17141040.0,OI1909
2019-04-29 11:27:00,6817,6817,6816,6816,122,278224,8298440.0,OI1909
2019-04-29 11:28:00,6816,6817,6815,6816,66,278238,4489320.0,OI1909
2019-04-29 11:29:00,6816,6818,6815,6816,154,278234,10475080.0,OI1909
2019-04-29 13:30:00,6817,6818,6815,6815,550,278276,38768800.0,OI1909
2019-04-29 13:31:00,6815,6817,6815,6816,268,278324,18232040.0,OI1909
2019-04-29 13:32:00,6816,6816,6813,6814,440,278460,29933200.0,OI1909
2019-04-29 13:33:00,6815,6815,6814,6815,68,278452,4626040.0,OI1909
2019-04-29 13:34:00,6816,6816,6814,6815,58,278452,3945740.0,OI1909
2019-04-29 13:35:00,6815,6816,6814,6816,90,278434,6122700.0,OI1909
2019-04-29 13:36:00,6816,6819,6815,6819,240,278480,16327200.0,OI1909
2019-04-29 13:37:00,6818,6819,6817,6819,204,278536,13878120.0,OI1909
2019-04-29 13:38:00,6819,6819,6813,6815,634,278596,43131020.0,OI1909
2019-04-29 13:39:00,6815,6816,6813,6814,66,278604,4489980.0,OI1909
2019-04-29 13:40:00,6815,6816,6814,6814,120,278608,8163600.0,OI1909
2019-04-29 13:41:00,6813,6814,6811,6811,282,278626,19184460.0,OI1909
2019-04-29 13:42:00,6812,6815,6811,6815,348,278736,23674440.0,OI1909
2019-04-29 13:43:00,6815,6817,6814,6816,106,278754,7211180.0,OI1909
2019-04-29 13:44:00,6817,6817,6816,6816,88,278760,5986640.0,OI1909
2019-04-29 13:45:00,6817,6819,6817,6818,180,278754,12245400.0,OI1909
2019-04-29 13:46:00,6818,6818,6815,6815,302,278672,20545060.0,OI1909
2019-04-29 13:47:00,6816,6816,6814,6815,80,278680,5442400.0,OI1909
2019-04-29 13:48:00,6815,6815,6815,6815,44,278682,2993320.0,OI1909
2019-04-29 13:49:00,6814,6815,6814,6814,94,278672,6394820.0,OI1909
2019-04-29 13:50:00,6815,6816,6814,6815,204,278736,13878120.0,OI1909
2019-04-29 13:51:00,6815,6815,6811,6812,660,278906,44899800.0,OI1909
2019-04-29 13:52:00,6812,6817,6812,6817,294,278916,20000820.0,OI1909
2019-04-29 13:53:00,6816,6819,6816,6818,732,278850,49797960.0,OI1909
2019-04-29 13:54:00,6817,6817,6816,6816,338,278808,22994140.0,OI1909
2019-04-29 13:55:00,6816,6816,6813,6815,576,278800,39185280.0,OI1909
2019-04-29 13:56:00,6816,6816,6814,6816,612,278512,41634360.0,OI1909
2019-04-29 13:57:00,6815,6817,6815,6816,168,278546,11429040.0,OI1909
2019-04-29 13:58:00,6816,6817,6815,6816,316,278598,21497480.0,OI1909
2019-04-29 13:59:00,6816,6816,6814,6815,508,278658,34559240.0,OI1909
2019-04-29 14:00:00,6815,6819,6815,6818,594,278630,40409820.0,OI1909
2019-04-29 14:01:00,6815,6818,6815,6817,756,278238,51430680.0,OI1909
2019-04-29 14:02:00,6816,6817,6815,6815,264,278152,17959920.0,OI1909
2019-04-29 14:03:00,6815,6816,6813,6814,702,277784,47757060.0,OI1909
2019-04-29 14:04:00,6814,6817,6814,6817,178,277750,12109340.0,OI1909
2019-04-29 14:05:00,6816,6818,6815,6816,442,277770,31537620.0,OI1909
2019-04-29 14:06:00,6816,6816,6815,6815,176,277708,11975040.0,OI1909
2019-04-29 14:07:00,6816,6816,6811,6811,520,277596,35380800.0,OI1909
2019-04-29 14:08:00,6812,6814,6810,6814,680,277666,46267200.0,OI1909
2019-04-29 14:09:00,6814,6815,6812,6812,170,277614,11566800.0,OI1909
2019-04-29 14:10:00,6813,6814,6811,6814,228,277674,15513120.0,OI1909
2019-04-29 14:11:00,6815,6815,6813,6813,72,277708,4898880.0,OI1909
2019-04-29 14:12:00,6812,6812,6811,6812,332,277576,22589280.0,OI1909
2019-04-29 14:13:00,6812,6812,6806,6810,1848,277136,125737920.0,OI1909
2019-04-29 14:14:00,6810,6810,6806,6806,500,277202,34020000.0,OI1909
2019-04-29 14:15:00,6806,6807,6803,6806,1414,277006,96208560.0,OI1909
2019-04-29 14:16:00,6806,6808,6806,6807,276,276980,18779040.0,OI1909
2019-04-29 14:17:00,6807,6808,6807,6808,200,276976,13608000.0,OI1909
2019-04-29 14:18:00,6807,6807,6807,6807,62,277024,4218480.0,OI1909
2019-04-29 14:19:00,6808,6808,6805,6805,174,277040,11838960.0,OI1909
2019-04-29 14:20:00,6806,6807,6805,6806,216,277078,14696640.0,OI1909
2019-04-29 14:21:00,6806,6808,6806,6808,356,277206,24222240.0,OI1909
2019-04-29 14:22:00,6808,6808,6803,6803,610,277234,41504400.0,OI1909
2019-04-29 14:23:00,6803,6806,6803,6806,594,277390,40415760.0,OI1909
2019-04-29 14:24:00,6806,6806,6804,6806,236,277426,16057440.0,OI1909
2019-04-29 14:25:00,6805,6806,6804,6805,256,277418,17418240.0,OI1909
2019-04-29 14:26:00,6805,6805,6804,6805,208,277444,14152320.0,OI1909
2019-04-29 14:27:00,6805,6807,6805,6806,864,277358,58786560.0,OI1909
2019-04-29 14:28:00,6806,6814,6805,6812,1184,277178,80559360.0,OI1909
2019-04-29 14:29:00,6813,6813,6809,6811,524,276996,35652960.0,OI1909
2019-04-29 14:30:00,6811,6813,6811,6812,238,276930,16193520.0,OI1909
2019-04-29 14:31:00,6812,6813,6811,6811,218,276878,14832720.0,OI1909
2019-04-29 14:32:00,6810,6811,6806,6807,382,276846,25991280.0,OI1909
2019-04-29 14:33:00,6807,6809,6807,6809,256,276770,17418240.0,OI1909
2019-04-29 14:34:00,6809,6810,6808,6809,156,276760,10614240.0,OI1909
2019-04-29 14:35:00,6808,6810,6806,6806,266,276792,18098640.0,OI1909
2019-04-29 14:36:00,6806,6807,6805,6806,430,276632,29257200.0,OI1909
2019-04-29 14:37:00,6806,6808,6806,6807,280,276688,19051200.0,OI1909
2019-04-29 14:38:00,6808,6808,6806,6807,156,276734,10614240.0,OI1909
2019-04-29 14:39:00,6807,6807,6805,6806,408,276756,27760320.0,OI1909
2019-04-29 14:40:00,6806,6806,6803,6803,592,276896,40279680.0,OI1909
2019-04-29 14:41:00,6804,6805,6803,6805,354,277002,24086160.0,OI1909
2019-04-29 14:42:00,6805,6806,6804,6804,304,276956,20684160.0,OI1909
2019-04-29 14:43:00,6805,6807,6804,6806,248,276908,16873920.0,OI1909
2019-04-29 14:44:00,6805,6810,6805,6809,722,276812,49124880.0,OI1909
2019-04-29 14:45:00,6808,6810,6808,6809,418,276778,28440720.0,OI1909
2019-04-29 14:46:00,6809,6809,6805,6807,368,276730,25038720.0,OI1909
2019-04-29 14:47:00,6807,6808,6805,6807,218,276622,14832720.0,OI1909
2019-04-29 14:48:00,6807,6809,6806,6809,208,276688,14152320.0,OI1909
2019-04-29 14:49:00,6808,6810,6808,6809,182,276700,12383280.0,OI1909
2019-04-29 14:50:00,6808,6809,6805,6805,238,276628,16193520.0,OI1909
2019-04-29 14:51:00,6805,6809,6804,6809,566,276572,38510640.0,OI1909
2019-04-29 14:52:00,6808,6812,6807,6810,614,276302,41776560.0,OI1909
2019-04-29 14:53:00,6811,6811,6809,6810,204,276224,13880160.0,OI1909
2019-04-29 14:54:00,6810,6812,6810,6810,308,276174,20956320.0,OI1909
2019-04-29 14:55:00,6809,6811,6808,6809,426,275974,28985040.0,OI1909
2019-04-29 14:56:00,6808,6809,6807,6808,356,275734,24222240.0,OI1909
2019-04-29 14:57:00,6808,6809,6806,6807,502,275480,34156080.0,OI1909
2019-04-29 14:58:00,6807,6810,6807,6809,328,275242,22317120.0,OI1909
2019-04-29 14:59:00,6809,6813,6808,6813,816,274818,55520640.0,OI1909
2019-04-29 21:00:00,6810,6819,6810,6816,1858,274982,126641280.0,OI1909
2019-04-29 21:01:00,6816,6816,6812,6815,790,274888,53819920.0,OI1909
2019-04-29 21:02:00,6816,6819,6814,6815,808,274910,55065200.0,OI1909
2019-04-29 21:03:00,6815,6815,6811,6814,686,274942,46750900.0,OI1909
2019-04-29 21:04:00,6813,6815,6813,6815,276,274952,18809400.0,OI1909
2019-04-29 21:05:00,6815,6816,6813,6815,774,275074,52748100.0,OI1909
2019-04-29 21:06:00,6816,6826,6815,6824,1848,275124,126082000.0,OI1909
2019-04-29 21:07:00,6824,6824,6819,6820,912,275142,62171040.0,OI1909
2019-04-29 21:08:00,6821,6828,6820,6823,1534,274938,104762500.0,OI1909
2019-04-29 21:09:00,6822,6824,6820,6823,794,274986,54142860.0,OI1909
2019-04-29 21:10:00,6823,6823,6819,6820,590,275112,40232100.0,OI1909
2019-04-29 21:11:00,6819,6822,6819,6821,400,275128,27276000.0,OI1909
2019-04-29 21:12:00,6821,6821,6819,6821,644,275062,43914360.0,OI1909
2019-04-29 21:13:00,6821,6825,6819,6822,1418,274934,96693420.0,OI1909
2019-04-29 21:14:00,6821,6821,6817,6819,752,274898,51278880.0,OI1909
2019-04-29 21:15:00,6819,6823,6818,6823,668,274976,45550920.0,OI1909
2019-04-29 21:16:00,6821,6824,6820,6823,760,274814,51979520.0,OI1909
2019-04-29 21:17:00,6823,6823,6820,6820,150,274836,10230000.0,OI1909
2019-04-29 21:18:00,6820,6821,6820,6820,182,274738,12412400.0,OI1909
2019-04-29 21:19:00,6821,6821,6819,6819,160,274726,10912000.0,OI1909
2019-04-29 21:20:00,6820,6820,6817,6818,404,274722,27552800.0,OI1909
2019-04-29 21:21:00,6817,6818,6814,6818,756,274750,51387560.0,OI1909
2019-04-29 21:22:00,6818,6819,6816,6817,132,274732,9001080.0,OI1909
2019-04-29 21:23:00,6816,6817,6809,6810,2002,274632,136516380.0,OI1909
2019-04-29 21:24:00,6809,6812,6806,6811,942,274466,64032580.0,OI1909
2019-04-29 21:25:00,6810,6811,6807,6809,1948,274508,132592760.0,OI1909
2019-04-29 21:26:00,6809,6811,6808,6810,1464,274704,99800880.0,OI1909
2019-04-29 21:27:00,6810,6812,6808,6810,1678,274734,114135960.0,OI1909
2019-04-29 21:28:00,6810,6813,6807,6810,1544,274696,105239040.0,OI1909
2019-04-29 21:29:00,6810,6810,6806,6806,568,274582,38714880.0,OI1909
2019-04-29 21:30:00,6807,6809,6807,6807,354,274514,24128640.0,OI1909
2019-04-29 21:31:00,6807,6807,6804,6806,520,274494,35443200.0,OI1909
2019-04-29 21:32:00,6806,6807,6800,6802,1788,274610,121569040.0,OI1909
2019-04-29 21:33:00,6802,6805,6802,6804,552,274640,37618800.0,OI1909
2019-04-29 21:34:00,6805,6806,6803,6806,482,274652,32613200.0,OI1909
2019-04-29 21:35:00,6805,6805,6801,6802,768,274454,52331520.0,OI1909
2019-04-29 21:36:00,6803,6805,6802,6804,344,274468,23440160.0,OI1909
2019-04-29 21:37:00,6804,6810,6804,6808,784,274368,53421760.0,OI1909
2019-04-29 21:38:00,6808,6809,6802,6802,1786,274386,121698040.0,OI1909
2019-04-29 21:39:00,6802,6804,6800,6804,1114,274368,75548620.0,OI1909
2019-04-29 21:40:00,6804,6807,6801,6804,974,274294,66358620.0,OI1909
2019-04-29 21:41:00,6804,6805,6804,6804,550,274432,37471500.0,OI1909
2019-04-29 21:42:00,6804,6804,6802,6803,276,274292,18803880.0,OI1909
2019-04-29 21:43:00,6804,6806,6802,6803,1132,274464,77237380.0,OI1909
2019-04-29 21:44:00,6804,6805,6803,6805,746,274406,50817520.0,OI1909
2019-04-29 21:45:00,6805,6805,6803,6804,246,274360,16757520.0,OI1909
2019-04-29 21:46:00,6804,6805,6803,6804,420,274258,28610400.0,OI1909
2019-04-29 21:47:00,6804,6804,6804,6804,14,274256,953680.0,OI1909
2019-04-29 21:48:00,6804,6806,6803,6804,506,274068,34468720.0,OI1909
2019-04-29 21:49:00,6803,6804,6802,6803,170,274090,11580400.0,OI1909
2019-04-29 21:50:00,6803,6806,6803,6806,508,273994,34604960.0,OI1909
2019-04-29 21:51:00,6806,6806,6805,6806,58,273984,3950960.0,OI1909
2019-04-29 21:52:00,6806,6807,6805,6807,82,273968,5585840.0,OI1909
2019-04-29 21:53:00,6807,6807,6804,6804,202,273892,13760240.0,OI1909
2019-04-29 21:54:00,6804,6806,6804,6806,112,273806,7629440.0,OI1909
2019-04-29 21:55:00,6805,6806,6805,6805,100,273812,6812000.0,OI1909
2019-04-29 21:56:00,6805,6806,6804,6806,104,273780,7084480.0,OI1909
2019-04-29 21:57:00,6806,6807,6805,6807,174,273688,11852880.0,OI1909
2019-04-29 21:58:00,6807,6807,6804,6805,230,273766,15667600.0,OI1909
2019-04-29 21:59:00,6805,6806,6804,6806,232,273732,15803840.0,OI1909
2019-04-29 22:00:00,6807,6808,6806,6807,388,273758,26430560.0,OI1909
2019-04-29 22:01:00,6807,6811,6807,6811,866,273548,58991920.0,OI1909
2019-04-29 22:02:00,6811,6811,6808,6808,586,273342,39918320.0,OI1909
2019-04-29 22:03:00,6808,6809,6807,6808,364,273242,24795680.0,OI1909
2019-04-29 22:04:00,6809,6810,6808,6810,248,273202,16893760.0,OI1909
2019-04-29 22:05:00,6810,6810,6808,6810,232,273262,15803840.0,OI1909
2019-04-29 22:06:00,6810,6810,6808,6809,238,273244,16212560.0,OI1909
2019-04-29 22:07:00,6809,6811,6809,6810,244,273200,16621280.0,OI1909
2019-04-29 22:08:00,6810,6810,6808,6809,124,273214,8446880.0,OI1909
2019-04-29 22:09:00,6808,6809,6807,6808,172,273150,11716640.0,OI1909
2019-04-29 22:10:00,6808,6808,6807,6808,54,273140,3678480.0,OI1909
2019-04-29 22:11:00,6809,6810,6809,6809,168,273120,11444160.0,OI1909
2019-04-29 22:12:00,6809,6810,6809,6810,84,273092,5722080.0,OI1909
2019-04-29 22:13:00,6810,6814,6810,6811,666,272958,45367920.0,OI1909
2019-04-29 22:14:00,6812,6812,6810,6812,250,272872,17030000.0,OI1909
2019-04-29 22:15:00,6812,6812,6811,6812,312,272800,21253440.0,OI1909
2019-04-29 22:16:00,6811,6812,6810,6812,518,272634,35286160.0,OI1909
2019-04-29 22:17:00,6811,6813,6811,6812,632,272424,43051840.0,OI1909
2019-04-29 22:18:00,6812,6812,6810,6811,294,272298,20027280.0,OI1909
2019-04-29 22:19:00,6811,6813,6810,6813,380,272064,25885600.0,OI1909
2019-04-29 22:20:00,6813,6815,6813,6814,280,272010,19073600.0,OI1909
2019-04-29 22:21:00,6813,6816,6813,6815,344,271980,23433280.0,OI1909
2019-04-29 22:22:00,6815,6815,6813,6814,298,271922,20299760.0,OI1909
2019-04-29 22:23:00,6815,6815,6813,6815,308,271798,20980960.0,OI1909
2019-04-29 22:24:00,6816,6818,6816,6818,1222,271446,83242640.0,OI1909
2019-04-29 22:25:00,6818,6822,6818,6819,1258,271152,85694960.0,OI1909
2019-04-29 22:26:00,6820,6820,6817,6817,708,271158,48228960.0,OI1909
2019-04-29 22:27:00,6817,6817,6814,6815,482,271116,32833840.0,OI1909
2019-04-29 22:28:00,6815,6816,6815,6815,120,271118,8174400.0,OI1909
2019-04-29 22:29:00,6816,6816,6813,6815,320,271026,21798400.0,OI1909
2019-04-29 22:30:00,6815,6816,6811,6812,386,270934,26294320.0,OI1909
2019-04-29 22:31:00,6812,6814,6812,6813,254,270978,17302480.0,OI1909
2019-04-29 22:32:00,6813,6813,6811,6812,302,270878,20572240.0,OI1909
2019-04-29 22:33:00,6812,6813,6810,6811,602,270844,41008240.0,OI1909
2019-04-29 22:34:00,6812,6813,6811,6811,102,270864,6948240.0,OI1909
2019-04-29 22:35:00,6812,6813,6811,6812,190,270814,12942800.0,OI1909
2019-04-29 22:36:00,6812,6814,6811,6814,148,270804,10081760.0,OI1909
2019-04-29 22:37:00,6814,6814,6809,6812,396,270598,26975520.0,OI1909
2019-04-29 22:38:00,6812,6812,6809,6810,442,270416,30109040.0,OI1909
2019-04-29 22:39:00,6810,6811,6810,6811,208,270416,14168960.0,OI1909
2019-04-29 22:40:00,6811,6811,6808,6809,258,270404,17574960.0,OI1909
2019-04-29 22:41:00,6809,6811,6808,6809,212,270394,14441440.0,OI1909
2019-04-29 22:42:00,6808,6809,6808,6808,172,270316,11716640.0,OI1909
2019-04-29 22:43:00,6808,6811,6807,6810,518,270398,35286160.0,OI1909
2019-04-29 22:44:00,6810,6810,6807,6807,410,270404,27929200.0,OI1909
2019-04-29 22:45:00,6808,6809,6808,6808,214,270378,14577680.0,OI1909
2019-04-29 22:46:00,6809,6811,6809,6809,288,270392,19618560.0,OI1909
2019-04-29 22:47:00,6809,6809,6807,6807,172,270428,11716640.0,OI1909
2019-04-29 22:48:00,6808,6809,6807,6809,108,270446,7356960.0,OI1909
2019-04-29 22:49:00,6809,6810,6809,6810,192,270418,13079040.0,OI1909
2019-04-29 22:50:00,6810,6810,6809,6809,70,270408,4768400.0,OI1909
2019-04-29 22:51:00,6809,6810,6809,6809,34,270408,2316080.0,OI1909
2019-04-29 22:52:00,6809,6809,6808,6809,62,270362,4223440.0,OI1909
2019-04-29 22:53:00,6809,6810,6809,6810,140,270396,9536800.0,OI1909
2019-04-29 22:54:00,6811,6811,6811,6811,100,270380,6812000.0,OI1909
2019-04-29 22:55:00,6811,6812,6810,6812,146,270418,9945520.0,OI1909
2019-04-29 22:56:00,6813,6814,6811,6811,404,270406,27520480.0,OI1909
2019-04-29 22:57:00,6811,6814,6810,6813,192,270412,13079040.0,OI1909
2019-04-29 22:58:00,6813,6814,6813,6813,114,270410,7765680.0,OI1909
2019-04-29 22:59:00,6813,6814,6812,6814,362,270358,24659440.0,OI1909
2019-04-29 23:00:00,6813,6815,6813,6815,248,270276,16893760.0,OI1909
2019-04-29 23:01:00,6815,6815,6813,6813,196,270256,13351520.0,OI1909
2019-04-29 23:02:00,6814,6816,6813,6815,120,270268,8174400.0,OI1909
2019-04-29 23:03:00,6815,6816,6815,6816,220,270304,14986400.0,OI1909
2019-04-29 23:04:00,6815,6817,6815,6816,120,270338,8174400.0,OI1909
2019-04-29 23:05:00,6816,6816,6814,6815,150,270296,10218000.0,OI1909
2019-04-29 23:06:00,6815,6816,6815,6816,54,270310,3678480.0,OI1909
2019-04-29 23:07:00,6816,6816,6815,6815,30,270312,2043600.0,OI1909
2019-04-29 23:08:00,6815,6815,6815,6815,36,270326,2452320.0,OI1909
2019-04-29 23:09:00,6815,6816,6815,6816,44,270326,2997280.0,OI1909
2019-04-29 23:10:00,6815,6815,6814,6815,52,270300,3542240.0,OI1909
2019-04-29 23:11:00,6814,6814,6813,6813,110,270312,7493200.0,OI1909
2019-04-29 23:12:00,6812,6812,6809,6810,428,270466,29155360.0,OI1909
2019-04-29 23:13:00,6811,6811,6810,6811,106,270448,7220720.0,OI1909
2019-04-29 23:14:00,6811,6811,6807,6807,218,270338,14850160.0,OI1909
2019-04-29 23:15:00,6808,6809,6806,6806,298,270360,20299760.0,OI1909
2019-04-29 23:16:00,6806,6808,6806,6808,118,270392,8038160.0,OI1909
2019-04-29 23:17:00,6807,6808,6807,6807,92,270386,6267040.0,OI1909
2019-04-29 23:18:00,6807,6808,6807,6808,124,270336,8446880.0,OI1909
2019-04-29 23:19:00,6809,6810,6808,6809,194,270324,13215280.0,OI1909
2019-04-29 23:20:00,6809,6810,6809,6809,106,270288,7220720.0,OI1909
2019-04-29 23:21:00,6809,6809,6809,6809,26,270276,1771120.0,OI1909
2019-04-29 23:22:00,6809,6811,6807,6810,588,270432,40054560.0,OI1909
2019-04-29 23:23:00,6810,6811,6808,6810,1258,270512,85694960.0,OI1909
2019-04-29 23:24:00,6810,6811,6807,6809,2060,270430,140327200.0,OI1909
2019-04-29 23:25:00,6809,6810,6808,6808,168,270394,11444160.0,OI1909
2019-04-29 23:26:00,6808,6809,6808,6809,128,270308,8719360.0,OI1909
2019-04-29 23:27:00,6808,6808,6807,6808,104,270282,7084480.0,OI1909
2019-04-29 23:28:00,6808,6808,6804,6805,878,269924,59809360.0,OI1909
2019-04-29 23:29:00,6807,6808,6806,6808,404,269636,27520480.0,OI1909
2019-04-30 09:00:00,6809,6811,6806,6810,808,269544,55040960.0,OI1909
2019-04-30 09:01:00,6809,6812,6806,6807,832,269486,56675840.0,OI1909
2019-04-30 09:02:00,6807,6809,6804,6804,726,269466,49455120.0,OI1909
2019-04-30 09:03:00,6804,6806,6801,6802,1370,269350,93499740.0,OI1909
2019-04-30 09:04:00,6801,6804,6801,6802,612,269406,41683320.0,OI1909
2019-04-30 09:05:00,6802,6810,6802,6807,1326,269556,90313860.0,OI1909
2019-04-30 09:06:00,6807,6809,6804,6806,964,269504,65658040.0,OI1909
2019-04-30 09:07:00,6806,6808,6805,6806,412,269362,28061320.0,OI1909
2019-04-30 09:08:00,6805,6808,6803,6804,608,269406,41410880.0,OI1909
2019-04-30 09:09:00,6805,6811,6805,6810,654,269324,44543940.0,OI1909
2019-04-30 09:10:00,6810,6813,6810,6811,572,269236,38958920.0,OI1909
2019-04-30 09:11:00,6811,6811,6810,6811,116,269228,7900760.0,OI1909
2019-04-30 09:12:00,6810,6811,6809,6811,154,269186,10488940.0,OI1909
2019-04-30 09:13:00,6811,6818,6811,6816,668,269062,45497480.0,OI1909
2019-04-30 09:14:00,6816,6821,6815,6819,1004,268972,68382440.0,OI1909
2019-04-30 09:15:00,6820,6824,6819,6824,1646,268652,112109060.0,OI1909
2019-04-30 09:16:00,6824,6825,6819,6821,1338,268726,91977340.0,OI1909
2019-04-30 09:17:00,6820,6822,6818,6818,602,268738,41008240.0,OI1909
2019-04-30 09:18:00,6818,6820,6817,6819,362,268756,24659440.0,OI1909
2019-04-30 09:19:00,6819,6819,6817,6817,296,268820,20163520.0,OI1909
2019-04-30 09:20:00,6817,6822,6817,6821,316,268802,21525920.0,OI1909
2019-04-30 09:21:00,6820,6820,6816,6818,392,268670,26703040.0,OI1909
2019-04-30 09:22:00,6818,6819,6817,6817,200,268644,13624000.0,OI1909
2019-04-30 09:23:00,6818,6822,6816,6821,452,268584,30790240.0,OI1909
2019-04-30 09:24:00,6821,6822,6819,6819,1024,269076,69754880.0,OI1909
2019-04-30 09:25:00,6819,6820,6814,6816,854,268872,58174480.0,OI1909
2019-04-30 09:26:00,6816,6817,6814,6815,320,268960,21798400.0,OI1909
2019-04-30 09:27:00,6815,6817,6809,6812,732,268844,49863840.0,OI1909
2019-04-30 09:28:00,6813,6816,6812,6815,292,268888,19891040.0,OI1909
2019-04-30 09:29:00,6815,6816,6812,6813,304,268876,20708480.0,OI1909
2019-04-30 09:30:00,6812,6814,6810,6813,394,268874,26839280.0,OI1909
2019-04-30 09:31:00,6814,6817,6814,6814,324,268940,22070880.0,OI1909
2019-04-30 09:32:00,6815,6815,6814,6815,124,268942,8446880.0,OI1909
2019-04-30 09:33:00,6815,6815,6814,6815,88,268926,5994560.0,OI1909
2019-04-30 09:34:00,6815,6817,6814,6817,206,268958,14032720.0,OI1909
2019-04-30 09:35:00,6817,6819,6815,6816,354,268972,24114480.0,OI1909
2019-04-30 09:36:00,6816,6817,6815,6816,246,269028,16757520.0,OI1909
2019-04-30 09:37:00,6817,6817,6814,6815,188,269096,12806560.0,OI1909
2019-04-30 09:38:00,6815,6815,6812,6814,264,269140,17983680.0,OI1909
2019-04-30 09:39:00,6814,6814,6813,6813,10,269144,681200.0,OI1909
2019-04-30 09:40:00,6814,6814,6812,6813,138,269170,9400560.0,OI1909
2019-04-30 09:41:00,6812,6813,6808,6808,414,269188,28201680.0,OI1909
2019-04-30 09:42:00,6808,6808,6806,6808,816,269092,55585920.0,OI1909
2019-04-30 09:43:00,6807,6811,6807,6810,554,269084,37738480.0,OI1909
2019-04-30 09:44:00,6810,6811,6809,6811,176,269064,11989120.0,OI1909
2019-04-30 09:45:00,6810,6811,6810,6811,148,269084,10081760.0,OI1909
2019-04-30 09:46:00,6811,6812,6810,6812,104,269102,7084480.0,OI1909
2019-04-30 09:47:00,6811,6812,6811,6812,12,269110,817440.0,OI1909
2019-04-30 09:48:00,6811,6811,6810,6810,62,269078,4223440.0,OI1909
2019-04-30 09:49:00,6809,6810,6809,6809,164,269044,11171680.0,OI1909
2019-04-30 09:50:00,6809,6810,6808,6809,102,269032,6948240.0,OI1909
2019-04-30 09:51:00,6809,6816,6809,6815,392,269018,26703040.0,OI1909
2019-04-30 09:52:00,6815,6815,6811,6812,322,268962,21934640.0,OI1909
2019-04-30 09:53:00,6811,6812,6808,6808,236,268926,16076320.0,OI1909
2019-04-30 09:54:00,6810,6812,6809,6810,272,268914,18528640.0,OI1909
2019-04-30 09:55:00,6810,6810,6805,6806,658,268940,44822960.0,OI1909
2019-04-30 09:56:00,6806,6808,6805,6805,362,268890,24659440.0,OI1909
2019-04-30 09:57:00,6805,6806,6804,6806,226,268924,15395120.0,OI1909
2019-04-30 09:58:00,6805,6807,6805,6807,156,268934,10626720.0,OI1909
2019-04-30 09:59:00,6806,6806,6805,6805,78,268944,5313360.0,OI1909
2019-04-30 10:00:00,6806,6807,6804,6805,200,268938,13624000.0,OI1909
2019-04-30 10:01:00,6804,6804,6800,6804,1252,268718,85286240.0,OI1909
2019-04-30 10:02:00,6804,6805,6802,6804,384,268728,26158080.0,OI1909
2019-04-30 10:03:00,6804,6806,6804,6804,264,268670,17983680.0,OI1909
2019-04-30 10:04:00,6804,6809,6804,6809,234,268678,15940080.0,OI1909
2019-04-30 10:05:00,6808,6808,6805,6805,264,268630,17983680.0,OI1909
2019-04-30 10:06:00,6805,6805,6804,6805,86,268614,5858320.0,OI1909
2019-04-30 10:07:00,6805,6807,6805,6805,130,268664,8855600.0,OI1909
2019-04-30 10:08:00,6806,6806,6804,6804,136,268668,9264320.0,OI1909
2019-04-30 10:09:00,6804,6806,6802,6804,692,268796,47139040.0,OI1909
2019-04-30 10:10:00,6804,6806,6803,6803,398,268804,27111760.0,OI1909
2019-04-30 10:11:00,6803,6805,6803,6803,352,268816,23978240.0,OI1909
2019-04-30 10:12:00,6804,6806,6802,6804,232,268808,15803840.0,OI1909
2019-04-30 10:13:00,6805,6805,6802,6802,146,268760,10701700.0,OI1909
2019-04-30 10:14:00,6802,6804,6801,6803,208,268710,14166880.0,OI1909
2019-04-30 10:30:00,6803,6804,6803,6803,272,268914,18525920.0,OI1909
2019-04-30 10:31:00,6803,6806,6803,6806,114,268930,7764540.0,OI1909
2019-04-30 10:32:00,6806,6812,6806,6811,626,268828,42636860.0,OI1909
2019-04-30 10:33:00,6810,6810,6807,6808,222,268836,15120420.0,OI1909
2019-04-30 10:34:00,6807,6810,6807,6809,226,268662,15392860.0,OI1909
2019-04-30 10:35:00,6810,6811,6809,6809,266,268598,18117260.0,OI1909
2019-04-30 10:36:00,6809,6810,6809,6810,64,268568,4359040.0,OI1909
2019-04-30 10:37:00,6809,6810,6809,6810,154,268526,10488940.0,OI1909
2019-04-30 10:38:00,6810,6812,6806,6808,876,268454,59664360.0,OI1909
2019-04-30 10:39:00,6809,6813,6809,6810,1694,268486,115378340.0,OI1909
2019-04-30 10:40:00,6811,6815,6811,6814,1426,268316,97124860.0,OI1909
2019-04-30 10:41:00,6814,6818,6812,6815,2006,268452,136628660.0,OI1909
2019-04-30 10:42:00,6815,6817,6809,6816,2960,268392,202747960.0,OI1909
2019-04-30 10:43:00,6815,6817,6812,6814,1730,268192,117847600.0,OI1909
2019-04-30 10:44:00,6813,6817,6810,6813,3034,268034,206676080.0,OI1909
2019-04-30 10:45:00,6813,6815,6810,6811,2262,268108,154087440.0,OI1909
2019-04-30 10:46:00,6811,6812,6810,6810,218,268024,14850160.0,OI1909
2019-04-30 10:47:00,6810,6810,6809,6809,258,268008,17574960.0,OI1909
2019-04-30 10:48:00,6809,6812,6809,6811,134,267928,9128080.0,OI1909
2019-04-30 10:49:00,6811,6813,6811,6813,120,267864,8174400.0,OI1909
2019-04-30 10:50:00,6813,6814,6813,6813,194,267928,13215280.0,OI1909
2019-04-30 10:51:00,6814,6814,6813,6813,32,267914,2179840.0,OI1909
2019-04-30 10:52:00,6813,6814,6813,6813,18,267916,1226160.0,OI1909
2019-04-30 10:53:00,6813,6814,6812,6812,146,267926,9945520.0,OI1909
2019-04-30 10:54:00,6812,6813,6812,6812,28,267912,1907360.0,OI1909
2019-04-30 10:55:00,6812,6814,6812,6813,68,267854,4632160.0,OI1909
2019-04-30 10:56:00,6813,6815,6813,6814,122,267820,8310640.0,OI1909
2019-04-30 10:57:00,6815,6815,6814,6815,96,267810,6539520.0,OI1909
2019-04-30 10:58:00,6816,6816,6814,6814,188,267872,12806560.0,OI1909
2019-04-30 10:59:00,6814,6815,6814,6815,96,267882,6539520.0,OI1909
2019-04-30 11:00:00,6814,6816,6813,6813,162,267900,11035440.0,OI1909
2019-04-30 11:01:00,6813,6813,6813,6813,44,267888,2997280.0,OI1909
2019-04-30 11:02:00,6813,6813,6811,6812,104,267934,7084480.0,OI1909
2019-04-30 11:03:00,6813,6814,6812,6812,74,267926,5040880.0,OI1909
2019-04-30 11:04:00,6812,6813,6811,6812,114,267972,7765680.0,OI1909
2019-04-30 11:05:00,6813,6814,6811,6812,214,267984,14577680.0,OI1909
2019-04-30 11:06:00,6811,6816,6811,6816,270,267954,18392400.0,OI1909
2019-04-30 11:07:00,6815,6817,6814,6815,266,267954,18119920.0,OI1909
2019-04-30 11:08:00,6814,6815,6814,6815,126,267980,8583120.0,OI1909
2019-04-30 11:09:00,6815,6819,6815,6818,440,268048,29972800.0,OI1909
2019-04-30 11:10:00,6817,6818,6811,6812,860,267954,58583200.0,OI1909
2019-04-30 11:11:00,6812,6814,6812,6813,280,267868,19073600.0,OI1909
2019-04-30 11:12:00,6813,6813,6809,6810,320,267874,21798400.0,OI1909
2019-04-30 11:13:00,6810,6811,6808,6809,234,267836,15940080.0,OI1909
2019-04-30 11:14:00,6809,6811,6809,6810,214,267794,14577680.0,OI1909
2019-04-30 11:15:00,6810,6816,6810,6813,560,267708,38147200.0,OI1909
2019-04-30 11:16:00,6813,6818,6813,6816,888,267682,60490560.0,OI1909
2019-04-30 11:17:00,6816,6817,6814,6815,208,267696,14168960.0,OI1909
2019-04-30 11:18:00,6815,6815,6814,6815,100,267672,6812000.0,OI1909
2019-04-30 11:19:00,6816,6816,6815,6816,70,267662,4768400.0,OI1909
2019-04-30 11:20:00,6816,6820,6815,6820,364,267678,24795680.0,OI1909
2019-04-30 11:21:00,6820,6824,6819,6821,1048,267616,71389760.0,OI1909
2019-04-30 11:22:00,6822,6825,6821,6822,1118,267948,76158160.0,OI1909
2019-04-30 11:23:00,6822,6823,6819,6820,368,267970,25068160.0,OI1909
2019-04-30 11:24:00,6821,6821,6820,6820,194,268000,13215280.0,OI1909
2019-04-30 11:25:00,6821,6822,6818,6819,212,268000,14441440.0,OI1909
2019-04-30 11:26:00,6819,6821,6819,6820,216,267988,14713920.0,OI1909
2019-04-30 11:27:00,6821,6821,6818,6819,134,267918,9128080.0,OI1909
2019-04-30 11:28:00,6819,6820,6817,6817,232,267888,15803840.0,OI1909
2019-04-30 11:29:00,6817,6818,6814,6816,424,267752,28882880.0,OI1909
2019-04-30 13:30:00,6818,6821,6818,6820,430,267748,29291600.0,OI1909
2019-04-30 13:31:00,6819,6821,6817,6821,488,267792,33242560.0,OI1909
2019-04-30 13:32:00,6820,6830,6820,6825,2060,267618,140327200.0,OI1909
2019-04-30 13:33:00,6825,6826,6822,6825,508,267600,34604960.0,OI1909
2019-04-30 13:34:00,6825,6825,6823,6825,242,267656,16485040.0,OI1909
2019-04-30 13:35:00,6825,6825,6821,6824,402,267562,27384240.0,OI1909
2019-04-30 13:36:00,6822,6825,6822,6822,640,267510,43596800.0,OI1909
2019-04-30 13:37:00,6823,6826,6822,6826,458,267474,32579620.0,OI1909
2019-04-30 13:38:00,6824,6832,6824,6832,1602,267574,109144260.0,OI1909
2019-04-30 13:39:00,6834,6835,6829,6830,1088,267472,74125440.0,OI1909
2019-04-30 13:40:00,6829,6836,6829,6835,1744,267222,118818720.0,OI1909
2019-04-30 13:41:00,6835,6837,6832,6837,1200,267338,81756000.0,OI1909
2019-04-30 13:42:00,6836,6837,6831,6833,1238,267632,84344940.0,OI1909
2019-04-30 13:43:00,6833,6836,6831,6835,942,267400,65637260.0,OI1909
2019-04-30 13:44:00,6835,6835,6831,6832,386,267266,26302040.0,OI1909
2019-04-30 13:45:00,6833,6840,6833,6839,1614,266984,109977960.0,OI1909
2019-04-30 13:46:00,6839,6844,6839,6843,2242,266558,152769880.0,OI1909
2019-04-30 13:47:00,6843,6847,6843,6844,2468,266662,169695420.0,OI1909
2019-04-30 13:48:00,6845,6845,6843,6843,1166,266758,79462900.0,OI1909
2019-04-30 13:49:00,6843,6844,6841,6843,470,266744,32030500.0,OI1909
2019-04-30 13:50:00,6842,6843,6837,6837,878,266396,59835700.0,OI1909
2019-04-30 13:51:00,6838,6839,6835,6835,916,266182,62425400.0,OI1909
2019-04-30 13:52:00,6836,6838,6835,6836,620,266002,42253000.0,OI1909
2019-04-30 13:53:00,6836,6837,6833,6834,808,265722,56639680.0,OI1909
2019-04-30 13:54:00,6834,6836,6831,6833,576,265624,39260160.0,OI1909
2019-04-30 13:55:00,6833,6833,6828,6832,1164,265418,79338240.0,OI1909
2019-04-30 13:56:00,6832,6839,6831,6837,1618,265356,110282880.0,OI1909
2019-04-30 13:57:00,6837,6839,6836,6836,410,265314,27945600.0,OI1909
2019-04-30 13:58:00,6835,6837,6835,6836,184,265264,12541440.0,OI1909
2019-04-30 13:59:00,6835,6839,6835,6836,392,265258,26718720.0,OI1909
2019-04-30 14:00:00,6836,6837,6834,6834,296,265284,20175360.0,OI1909
2019-04-30 14:01:00,6834,6836,6832,6833,420,265122,28627200.0,OI1909
2019-04-30 14:02:00,6832,6832,6828,6829,748,264946,50983680.0,OI1909
2019-04-30 14:03:00,6829,6829,6827,6829,574,264748,39123840.0,OI1909
2019-04-30 14:04:00,6829,6832,6828,6831,684,264716,46621440.0,OI1909
2019-04-30 14:05:00,6830,6830,6827,6828,432,264650,29445120.0,OI1909
2019-04-30 14:06:00,6829,6834,6829,6832,680,264704,46348800.0,OI1909
2019-04-30 14:07:00,6833,6839,6832,6836,1126,264892,78415680.0,OI1909
2019-04-30 14:08:00,6837,6838,6835,6836,292,264908,19905640.0,OI1909
2019-04-30 14:09:00,6836,6837,6831,6835,1414,264758,96392380.0,OI1909
2019-04-30 14:10:00,6834,6835,6833,6835,120,264754,8180400.0,OI1909
2019-04-30 14:11:00,6834,6835,6833,6833,98,264780,6680660.0,OI1909
2019-04-30 14:12:00,6832,6834,6832,6833,122,264732,8316740.0,OI1909
2019-04-30 14:13:00,6833,6835,6831,6833,390,264546,26586300.0,OI1909
2019-04-30 14:14:00,6834,6834,6831,6832,168,264544,11452560.0,OI1909
2019-04-30 14:15:00,6833,6833,6830,6831,168,264518,11452560.0,OI1909
2019-04-30 14:16:00,6830,6834,6830,6832,226,264494,15406420.0,OI1909
2019-04-30 14:17:00,6833,6833,6831,6831,176,264544,11997920.0,OI1909
2019-04-30 14:18:00,6831,6831,6829,6830,234,264486,15951780.0,OI1909
2019-04-30 14:19:00,6830,6831,6829,6830,160,264488,10907200.0,OI1909
2019-04-30 14:20:00,6830,6831,6828,6830,324,264420,22087080.0,OI1909
2019-04-30 14:21:00,6830,6835,6830,6834,666,264354,45401220.0,OI1909
2019-04-30 14:22:00,6835,6835,6833,6835,402,264360,27404340.0,OI1909
2019-04-30 14:23:00,6835,6835,6833,6834,638,264356,43492460.0,OI1909
2019-04-30 14:24:00,6834,6836,6834,6835,824,264546,56172080.0,OI1909
2019-04-30 14:25:00,6834,6835,6832,6833,208,264488,14179360.0,OI1909
2019-04-30 14:26:00,6834,6834,6829,6830,590,264478,40220300.0,OI1909
2019-04-30 14:27:00,6831,6831,6827,6828,412,264374,28086040.0,OI1909
2019-04-30 14:28:00,6829,6829,6826,6827,352,264266,23995840.0,OI1909
2019-04-30 14:29:00,6828,6831,6826,6831,860,264380,58626200.0,OI1909
2019-04-30 14:30:00,6830,6831,6828,6830,196,264300,13361320.0,OI1909
2019-04-30 14:31:00,6829,6829,6827,6827,234,264344,15951780.0,OI1909
2019-04-30 14:32:00,6828,6828,6825,6826,682,264270,46491940.0,OI1909
2019-04-30 14:33:00,6826,6826,6822,6822,740,264112,50445800.0,OI1909
2019-04-30 14:34:00,6822,6823,6819,6822,1890,264776,128841300.0,OI1909
2019-04-30 14:35:00,6822,6823,6820,6821,546,264570,37220820.0,OI1909
2019-04-30 14:36:00,6821,6823,6821,6822,224,264480,15270080.0,OI1909
2019-04-30 14:37:00,6822,6823,6819,6823,496,264424,33812320.0,OI1909
2019-04-30 14:38:00,6822,6829,6822,6825,1122,264666,78304000.0,OI1909
2019-04-30 14:39:00,6825,6829,6825,6827,1210,264612,82497800.0,OI1909
2019-04-30 14:40:00,6826,6827,6823,6826,1552,264638,105815360.0,OI1909
2019-04-30 14:41:00,6825,6826,6823,6823,884,264428,60271120.0,OI1909
2019-04-30 14:42:00,6823,6826,6822,6825,860,264628,58634800.0,OI1909
2019-04-30 14:43:00,6825,6825,6821,6822,590,264468,40226200.0,OI1909
2019-04-30 14:44:00,6822,6823,6820,6821,536,264246,36544480.0,OI1909
2019-04-30 14:45:00,6822,6824,6820,6822,964,264134,65725520.0,OI1909
2019-04-30 14:46:00,6823,6824,6822,6824,520,264232,35453600.0,OI1909
2019-04-30 14:47:00,6824,6824,6819,6823,1028,264006,70089040.0,OI1909
2019-04-30 14:48:00,6823,6823,6819,6819,702,263958,47862360.0,OI1909
2019-04-30 14:49:00,6819,6822,6818,6821,1124,263624,76634320.0,OI1909
2019-04-30 14:50:00,6820,6821,6818,6819,790,263614,53862200.0,OI1909
2019-04-30 14:51:00,6819,6821,6818,6821,1008,263638,68725440.0,OI1909
2019-04-30 14:52:00,6821,6822,6819,6822,208,263608,14181440.0,OI1909
2019-04-30 14:53:00,6822,6822,6820,6821,194,263588,13226920.0,OI1909
2019-04-30 14:54:00,6820,6823,6820,6823,570,263506,38862600.0,OI1909
2019-04-30 14:55:00,6823,6825,6822,6825,714,263150,48680520.0,OI1909
2019-04-30 14:56:00,6824,6825,6823,6824,398,263150,27135640.0,OI1909
2019-04-30 14:57:00,6824,6826,6824,6825,584,263102,39817120.0,OI1909
2019-04-30 14:58:00,6825,6826,6824,6826,492,262984,33544560.0,OI1909
2019-04-30 14:59:00,6826,6826,6821,6822,926,262694,63134680.0,OI1909
