datetime,open,high,low,close,volume,openInterest,amount,symbol
2021-07-01 09:00:00,10068,10096,10021,10054,12333,140353,1238266440.0,OI2109
2021-07-01 09:01:00,10053,10091,10050,10059,6602,140537,665781060.0,OI2109
2021-07-01 09:02:00,10059,10059,10044,10057,4863,140982,488434800.0,OI2109
2021-07-01 09:03:00,10059,10086,10058,10074,4818,141395,486049900.0,OI2109
2021-07-01 09:04:00,10072,10075,10054,10067,3605,141377,362111690.0,OI2109
2021-07-01 09:05:00,10067,10103,10067,10088,6209,141909,626961850.0,OI2109
2021-07-01 09:06:00,10090,10104,10087,10094,3811,142561,384994910.0,OI2109
2021-07-01 09:07:00,10096,10105,10095,10102,3382,143005,340545040.0,OI2109
2021-07-01 09:08:00,10103,10118,10102,10114,3888,143586,393068910.0,OI2109
2021-07-01 09:09:00,10114,10119,10111,10116,2112,143827,214367540.0,OI2109
2021-07-01 09:10:00,10115,10144,10115,10129,4945,144137,500828960.0,OI2109
2021-07-01 09:11:00,10129,10134,10114,10115,3664,144428,371421100.0,OI2109
2021-07-01 09:12:00,10114,10119,10100,10113,3113,144092,314561730.0,OI2109
2021-07-01 09:13:00,10113,10117,10105,10107,1626,144302,164256710.0,OI2109
2021-07-01 09:14:00,10107,10116,10107,10115,1528,144403,154517650.0,OI2109
2021-07-01 09:15:00,10112,10126,10110,10124,2573,144684,260957390.0,OI2109
2021-07-01 09:16:00,10124,10128,10119,10122,2099,144770,211556040.0,OI2109
2021-07-01 09:17:00,10124,10126,10120,10126,1699,144902,171698020.0,OI2109
2021-07-01 09:18:00,10126,10130,10123,10125,2125,145252,216490770.0,OI2109
2021-07-01 09:19:00,10125,10129,10105,10108,2418,145066,243529050.0,OI2109
2021-07-01 09:20:00,10109,10128,10108,10119,2200,144944,221823190.0,OI2109
2021-07-01 09:21:00,10118,10123,10114,10116,1087,145069,110789790.0,OI2109
2021-07-01 09:22:00,10116,10122,10112,10112,977,145108,99832430.0,OI2109
2021-07-01 09:23:00,10111,10114,10102,10112,1888,144852,190787990.0,OI2109
2021-07-01 09:24:00,10112,10120,10106,10110,1146,144863,114393720.0,OI2109
2021-07-01 09:25:00,10110,10114,10106,10108,1281,144709,130240400.0,OI2109
2021-07-01 09:26:00,10110,10113,10097,10104,1880,144814,190070180.0,OI2109
2021-07-01 09:27:00,10105,10108,10099,10103,983,144883,98142720.0,OI2109
2021-07-01 09:28:00,10103,10108,10098,10100,1259,144791,128110760.0,OI2109
2021-07-01 09:29:00,10100,10102,10092,10095,1942,144572,196340320.0,OI2109
2021-07-01 09:30:00,10093,10098,10090,10095,1380,144632,140252220.0,OI2109
2021-07-01 09:31:00,10094,10095,10080,10082,1895,144582,189253650.0,OI2109
2021-07-01 09:32:00,10082,10085,10079,10081,1317,144498,134006330.0,OI2109
2021-07-01 09:33:00,10081,10081,10076,10077,1136,144502,113463680.0,OI2109
2021-07-01 09:34:00,10078,10093,10076,10090,1775,144284,179793650.0,OI2109
2021-07-01 09:35:00,10089,10102,10085,10101,1740,144216,176332650.0,OI2109
2021-07-01 09:36:00,10101,10106,10097,10106,1707,144202,170529300.0,OI2109
2021-07-01 09:37:00,10107,10107,10101,10104,630,144243,65484420.0,OI2109
2021-07-01 09:38:00,10105,10111,10104,10105,803,144320,80227730.0,OI2109
2021-07-01 09:39:00,10105,10108,10103,10108,719,144387,71835290.0,OI2109
2021-07-01 09:40:00,10107,10119,10105,10119,1603,144576,162734400.0,OI2109
2021-07-01 09:41:00,10119,10119,10105,10107,1599,144465,162366740.0,OI2109
2021-07-01 09:42:00,10107,10112,10106,10110,1007,144759,100629510.0,OI2109
2021-07-01 09:43:00,10109,10109,10093,10095,2098,144621,212278850.0,OI2109
2021-07-01 09:44:00,10095,10101,10093,10097,747,144651,74655180.0,OI2109
2021-07-01 09:45:00,10098,10108,10097,10104,1144,144509,116975980.0,OI2109
2021-07-01 09:46:00,10104,10114,10103,10114,988,144524,98750600.0,OI2109
2021-07-01 09:47:00,10112,10113,10108,10112,691,144536,71726860.0,OI2109
2021-07-01 09:48:00,10112,10115,10110,10113,606,144504,60575760.0,OI2109
2021-07-01 09:49:00,10113,10122,10106,10107,1153,144506,115253880.0,OI2109
2021-07-01 09:50:00,10107,10120,10107,10120,1082,144531,110846540.0,OI2109
2021-07-01 09:51:00,10120,10123,10119,10121,937,144512,93671890.0,OI2109
2021-07-01 09:52:00,10120,10124,10119,10119,2719,144524,277271190.0,OI2109
2021-07-01 09:53:00,10119,10122,10114,10121,2768,144573,279526380.0,OI2109
2021-07-01 09:54:00,10121,10129,10121,10128,974,144591,97400000.0,OI2109
2021-07-01 09:55:00,10126,10136,10126,10135,1555,144734,158279350.0,OI2109
2021-07-01 09:56:00,10135,10136,10130,10131,797,144704,79707970.0,OI2109
2021-07-01 09:57:00,10131,10133,10126,10131,1110,144889,113809520.0,OI2109
2021-07-01 09:58:00,10130,10134,10130,10130,446,144908,44608920.0,OI2109
2021-07-01 09:59:00,10130,10142,10129,10135,1683,144985,171153370.0,OI2109
2021-07-01 10:00:00,10138,10148,10130,10131,2654,145036,268325870.0,OI2109
2021-07-01 10:01:00,10131,10140,10130,10138,855,145075,88389000.0,OI2109
2021-07-01 10:02:00,10138,10143,10134,10138,883,145024,88344150.0,OI2109
2021-07-01 10:03:00,10137,10147,10135,10144,1248,145088,127738510.0,OI2109
2021-07-01 10:04:00,10145,10156,10143,10150,1692,145022,169301520.0,OI2109
2021-07-01 10:05:00,10149,10163,10149,10158,1738,145144,176814690.0,OI2109
2021-07-01 10:06:00,10159,10162,10154,10155,1364,145024,139419530.0,OI2109
2021-07-01 10:07:00,10155,10161,10154,10155,930,145001,93074400.0,OI2109
2021-07-01 10:08:00,10155,10163,10155,10156,965,145059,99520200.0,OI2109
2021-07-01 10:09:00,10157,10162,10156,10160,763,145338,76368670.0,OI2109
2021-07-01 10:10:00,10160,10164,10159,10161,657,145471,68716330.0,OI2109
2021-07-01 10:11:00,10161,10161,10155,10156,809,145433,80980900.0,OI2109
2021-07-01 10:12:00,10156,10162,10155,10155,623,145462,62362300.0,OI2109
2021-07-01 10:13:00,10155,10162,10155,10158,624,145500,65440160.0,OI2109
2021-07-01 10:14:00,10159,10162,10157,10162,555,145467,55561050.0,OI2109
2021-07-01 10:30:00,10162,10172,10151,10152,1981,145370,201321030.0,OI2109
2021-07-01 10:31:00,10152,10155,10143,10149,1849,145063,188143490.0,OI2109
2021-07-01 10:32:00,10149,10160,10149,10155,916,145137,91719080.0,OI2109
2021-07-01 10:33:00,10155,10165,10155,10161,1117,145202,114887150.0,OI2109
2021-07-01 10:34:00,10163,10168,10159,10163,869,145241,87021660.0,OI2109
2021-07-01 10:35:00,10164,10167,10161,10162,692,145286,72354430.0,OI2109
2021-07-01 10:36:00,10161,10167,10160,10163,640,145295,64096000.0,OI2109
2021-07-01 10:37:00,10163,10165,10159,10161,456,145353,45668400.0,OI2109
2021-07-01 10:38:00,10160,10164,10154,10154,847,145254,84827050.0,OI2109
2021-07-01 10:39:00,10154,10160,10154,10159,481,145285,51253940.0,OI2109
2021-07-01 10:40:00,10161,10165,10159,10163,521,145349,52183360.0,OI2109
2021-07-01 10:41:00,10164,10165,10159,10164,433,145307,43369280.0,OI2109
2021-07-01 10:42:00,10162,10165,10158,10162,451,145320,45172160.0,OI2109
2021-07-01 10:43:00,10162,10163,10157,10160,452,145419,48372680.0,OI2109
2021-07-01 10:44:00,10161,10164,10158,10160,457,145532,45777690.0,OI2109
2021-07-01 10:45:00,10160,10164,10158,10162,729,145551,73023930.0,OI2109
2021-07-01 10:46:00,10162,10165,10155,10156,425,145514,42572250.0,OI2109
2021-07-01 10:47:00,10154,10155,10148,10148,1127,145589,116019330.0,OI2109
2021-07-01 10:48:00,10148,10154,10148,10152,676,145652,67721680.0,OI2109
2021-07-01 10:49:00,10152,10160,10151,10154,825,145625,82648500.0,OI2109
2021-07-01 10:50:00,10154,10159,10149,10152,718,145606,75079170.0,OI2109
2021-07-01 10:51:00,10153,10154,10142,10147,1201,145505,120328190.0,OI2109
2021-07-01 10:52:00,10147,10147,10139,10146,1231,145224,126508140.0,OI2109
2021-07-01 10:53:00,10146,10147,10139,10142,622,145148,62324400.0,OI2109
2021-07-01 10:54:00,10142,10143,10136,10138,729,145058,73045800.0,OI2109
2021-07-01 10:55:00,10138,10146,10135,10144,819,145063,85259750.0,OI2109
2021-07-01 10:56:00,10144,10155,10144,10155,885,145062,88685850.0,OI2109
2021-07-01 10:57:00,10154,10158,10151,10152,690,145114,69144900.0,OI2109
2021-07-01 10:58:00,10152,10155,10149,10153,401,145141,40184210.0,OI2109
2021-07-01 10:59:00,10153,10162,10151,10160,974,145307,100829990.0,OI2109
2021-07-01 11:00:00,10160,10171,10158,10166,1540,145384,154338800.0,OI2109
2021-07-01 11:01:00,10166,10175,10165,10172,1456,145406,149175730.0,OI2109
2021-07-01 11:02:00,10172,10174,10168,10168,752,145428,75372960.0,OI2109
2021-07-01 11:03:00,10167,10172,10166,10169,692,145377,72629010.0,OI2109
2021-07-01 11:04:00,10168,10176,10168,10176,983,145528,98535920.0,OI2109
2021-07-01 11:05:00,10176,10180,10172,10173,1147,145539,118266430.0,OI2109
2021-07-01 11:06:00,10173,10191,10173,10190,1694,145796,173131590.0,OI2109
2021-07-01 11:07:00,10188,10192,10187,10189,1452,146166,145577520.0,OI2109
2021-07-01 11:08:00,10189,10190,10183,10184,932,146054,96774250.0,OI2109
2021-07-01 11:09:00,10185,10190,10182,10183,879,146117,88137330.0,OI2109
2021-07-01 11:10:00,10183,10189,10183,10183,694,146215,69587380.0,OI2109
2021-07-01 11:11:00,10183,10188,10182,10186,572,146287,60707820.0,OI2109
2021-07-01 11:12:00,10186,10192,10186,10188,886,146443,88848080.0,OI2109
2021-07-01 11:13:00,10189,10197,10186,10187,2457,146647,249774770.0,OI2109
2021-07-01 11:14:00,10187,10194,10186,10188,1164,146571,120136010.0,OI2109
2021-07-01 11:15:00,10188,10196,10186,10191,3649,146808,372864580.0,OI2109
2021-07-01 11:16:00,10190,10195,10187,10193,2997,146899,304123950.0,OI2109
2021-07-01 11:17:00,10193,10205,10192,10201,2657,146753,270068290.0,OI2109
2021-07-01 11:18:00,10201,10212,10201,10212,1496,146799,153615080.0,OI2109
2021-07-01 11:19:00,10212,10220,10211,10213,1562,146846,160268760.0,OI2109
2021-07-01 11:20:00,10212,10220,10212,10215,1323,147102,132776280.0,OI2109
2021-07-01 11:21:00,10214,10216,10206,10207,1197,146973,123678180.0,OI2109
2021-07-01 11:22:00,10208,10211,10205,10208,908,147089,91135960.0,OI2109
2021-07-01 11:23:00,10209,10213,10206,10210,678,147214,71613980.0,OI2109
2021-07-01 11:24:00,10212,10215,10209,10213,680,147366,68258400.0,OI2109
2021-07-01 11:25:00,10213,10216,10209,10211,933,147438,97233790.0,OI2109
2021-07-01 11:26:00,10210,10221,10209,10220,1104,147533,110830560.0,OI2109
2021-07-01 11:27:00,10220,10221,10213,10213,569,147487,57121910.0,OI2109
2021-07-01 11:28:00,10212,10217,10211,10213,411,147403,44860380.0,OI2109
2021-07-01 11:29:00,10213,10218,10213,10216,689,147109,69175600.0,OI2109
2021-07-01 13:30:00,10218,10219,10201,10207,2651,147233,269793890.0,OI2109
2021-07-01 13:31:00,10208,10209,10203,10206,1078,147346,111886250.0,OI2109
2021-07-01 13:32:00,10206,10207,10196,10198,1595,147264,160169900.0,OI2109
2021-07-01 13:33:00,10198,10199,10194,10194,986,147101,102684200.0,OI2109
2021-07-01 13:34:00,10195,10204,10194,10204,1025,147088,102940750.0,OI2109
2021-07-01 13:35:00,10204,10206,10198,10199,1091,147332,113260370.0,OI2109
2021-07-01 13:36:00,10199,10200,10193,10194,1139,147125,114401160.0,OI2109
2021-07-01 13:37:00,10193,10195,10192,10194,592,147096,59460480.0,OI2109
2021-07-01 13:38:00,10195,10197,10189,10193,764,147034,80452350.0,OI2109
2021-07-01 13:39:00,10194,10196,10189,10196,708,147030,71118600.0,OI2109
2021-07-01 13:40:00,10197,10202,10194,10201,1045,147258,104970250.0,OI2109
2021-07-01 13:41:00,10201,10201,10192,10194,549,147214,58886260.0,OI2109
2021-07-01 13:42:00,10194,10195,10192,10195,468,147263,47015280.0,OI2109
2021-07-01 13:43:00,10195,10196,10189,10190,605,147155,60778300.0,OI2109
2021-07-01 13:44:00,10190,10191,10185,10187,820,147145,82377200.0,OI2109
2021-07-01 13:45:00,10188,10189,10182,10183,750,147171,79110640.0,OI2109
2021-07-01 13:46:00,10183,10191,10183,10189,843,147177,84696210.0,OI2109
2021-07-01 13:47:00,10189,10192,10188,10188,762,147280,76558140.0,OI2109
2021-07-01 13:48:00,10188,10194,10188,10191,480,147252,48225600.0,OI2109
2021-07-01 13:49:00,10191,10200,10190,10200,788,147248,82964730.0,OI2109
2021-07-01 13:50:00,10200,10204,10198,10201,965,147233,96963200.0,OI2109
2021-07-01 13:51:00,10202,10208,10201,10203,1049,147315,109218030.0,OI2109
2021-07-01 13:52:00,10204,10208,10201,10206,613,147402,61600370.0,OI2109
2021-07-01 13:53:00,10206,10207,10201,10202,602,147398,60494980.0,OI2109
2021-07-01 13:54:00,10204,10210,10202,10209,586,147505,58887140.0,OI2109
2021-07-01 13:55:00,10209,10212,10206,10208,800,147573,84232520.0,OI2109
2021-07-01 13:56:00,10210,10216,10208,10209,1823,147968,183211500.0,OI2109
2021-07-01 13:57:00,10210,10214,10208,10214,1337,147732,138240620.0,OI2109
2021-07-01 13:58:00,10214,10216,10212,10214,437,147791,43922870.0,OI2109
2021-07-01 13:59:00,10215,10216,10211,10212,545,147927,54777950.0,OI2109
2021-07-01 14:00:00,10214,10216,10210,10213,786,148020,82890660.0,OI2109
2021-07-01 14:01:00,10212,10214,10208,10210,416,148045,41816320.0,OI2109
2021-07-01 14:02:00,10211,10215,10210,10215,594,148175,59708880.0,OI2109
2021-07-01 14:03:00,10215,10217,10208,10208,775,148132,77903000.0,OI2109
2021-07-01 14:04:00,10208,10209,10200,10204,740,148113,78299850.0,OI2109
2021-07-01 14:05:00,10204,10206,10196,10198,701,148042,70471530.0,OI2109
2021-07-01 14:06:00,10198,10201,10196,10198,781,147934,78513930.0,OI2109
2021-07-01 14:07:00,10198,10200,10195,10200,600,147792,60318000.0,OI2109
2021-07-01 14:08:00,10198,10201,10195,10200,426,147717,46765910.0,OI2109
2021-07-01 14:09:00,10199,10201,10193,10194,518,147683,52079720.0,OI2109
2021-07-01 14:10:00,10194,10199,10192,10199,659,147633,66255860.0,OI2109
2021-07-01 14:11:00,10198,10199,10192,10197,650,147574,65351000.0,OI2109
2021-07-01 14:12:00,10196,10200,10196,10198,481,147577,48359740.0,OI2109
2021-07-01 14:13:00,10198,10199,10193,10194,443,147595,48506860.0,OI2109
2021-07-01 14:14:00,10194,10196,10191,10196,452,147635,45448600.0,OI2109
2021-07-01 14:15:00,10196,10200,10195,10196,594,147585,59726700.0,OI2109
2021-07-01 14:16:00,10196,10196,10192,10193,900,147616,90495000.0,OI2109
2021-07-01 14:17:00,10191,10194,10190,10193,660,147586,66363000.0,OI2109
2021-07-01 14:18:00,10192,10193,10188,10189,423,147625,46530580.0,OI2109
2021-07-01 14:19:00,10191,10191,10187,10191,562,147627,56514720.0,OI2109
2021-07-01 14:20:00,10191,10199,10191,10197,625,147509,62850000.0,OI2109
2021-07-01 14:21:00,10197,10201,10196,10198,526,147423,52894560.0,OI2109
2021-07-01 14:22:00,10198,10198,10193,10193,559,147403,56213040.0,OI2109
2021-07-01 14:23:00,10193,10194,10190,10191,666,147352,71000270.0,OI2109
2021-07-01 14:24:00,10191,10197,10189,10193,428,147325,43043960.0,OI2109
2021-07-01 14:25:00,10193,10193,10187,10190,710,147296,71404700.0,OI2109
2021-07-01 14:26:00,10190,10195,10188,10194,491,147343,49379870.0,OI2109
2021-07-01 14:27:00,10194,10196,10189,10194,471,147287,47368470.0,OI2109
2021-07-01 14:28:00,10192,10200,10192,10199,498,147251,54137150.0,OI2109
2021-07-01 14:29:00,10199,10201,10194,10196,448,147246,45059840.0,OI2109
2021-07-01 14:30:00,10195,10208,10195,10208,1213,147241,122003540.0,OI2109
2021-07-01 14:31:00,10207,10207,10200,10203,1139,147155,118641910.0,OI2109
2021-07-01 14:32:00,10203,10204,10191,10193,798,147142,80270820.0,OI2109
2021-07-01 14:33:00,10191,10193,10174,10177,1896,146862,190718640.0,OI2109
2021-07-01 14:34:00,10177,10179,10171,10177,1329,146623,137805630.0,OI2109
2021-07-01 14:35:00,10177,10185,10176,10180,1096,146565,110257600.0,OI2109
2021-07-01 14:36:00,10180,10185,10175,10181,810,146599,81486000.0,OI2109
2021-07-01 14:37:00,10182,10183,10180,10182,699,146569,70319400.0,OI2109
2021-07-01 14:38:00,10182,10182,10177,10178,481,146561,52540980.0,OI2109
2021-07-01 14:39:00,10178,10178,10174,10177,696,146516,70024560.0,OI2109
2021-07-01 14:40:00,10177,10187,10175,10184,891,146316,89643510.0,OI2109
2021-07-01 14:41:00,10183,10186,10180,10184,421,146370,42356810.0,OI2109
2021-07-01 14:42:00,10185,10185,10181,10183,619,146221,62277590.0,OI2109
2021-07-01 14:43:00,10183,10193,10183,10192,837,146125,88397590.0,OI2109
2021-07-01 14:44:00,10191,10192,10185,10186,667,146069,67113540.0,OI2109
2021-07-01 14:45:00,10185,10190,10184,10185,807,146006,81200340.0,OI2109
2021-07-01 14:46:00,10184,10186,10179,10182,839,145875,84420180.0,OI2109
2021-07-01 14:47:00,10182,10189,10181,10182,666,145839,67012920.0,OI2109
2021-07-01 14:48:00,10182,10184,10177,10183,785,145739,83211360.0,OI2109
2021-07-01 14:49:00,10183,10185,10178,10180,1208,145974,121561040.0,OI2109
2021-07-01 14:50:00,10182,10184,10178,10183,3967,145769,403475620.0,OI2109
2021-07-01 14:51:00,10182,10182,10176,10179,1296,145269,130429440.0,OI2109
2021-07-01 14:52:00,10179,10189,10178,10187,580,145219,62666370.0,OI2109
2021-07-01 14:53:00,10187,10191,10184,10185,765,145125,76997250.0,OI2109
2021-07-01 14:54:00,10184,10186,10181,10185,622,144998,62604300.0,OI2109
2021-07-01 14:55:00,10185,10193,10182,10193,880,144926,88572000.0,OI2109
2021-07-01 14:56:00,10192,10197,10187,10192,1851,144573,190639500.0,OI2109
2021-07-01 14:57:00,10192,10196,10188,10194,855,144336,86064300.0,OI2109
2021-07-01 14:58:00,10193,10195,10191,10195,725,144046,72978500.0,OI2109
2021-07-01 14:59:00,10195,10204,10193,10201,1473,143487,152639060.0,OI2109
2021-07-01 21:00:00,10260,10260,10215,10216,8895,143798,910403250.0,OI2109
2021-07-01 21:01:00,10213,10252,10211,10229,5276,144045,539856890.0,OI2109
2021-07-01 21:02:00,10231,10243,10221,10221,3435,144056,351361840.0,OI2109
2021-07-01 21:03:00,10222,10222,10204,10205,3929,144265,401193170.0,OI2109
2021-07-01 21:04:00,10205,10229,10204,10211,3628,144454,370604860.0,OI2109
2021-07-01 21:05:00,10210,10214,10197,10201,2594,144711,264733240.0,OI2109
2021-07-01 21:06:00,10201,10210,10194,10196,1956,144878,199703870.0,OI2109
2021-07-01 21:07:00,10194,10199,10189,10190,2947,145783,300321480.0,OI2109
2021-07-01 21:08:00,10189,10191,10181,10181,2327,146100,237142930.0,OI2109
2021-07-01 21:09:00,10182,10194,10182,10187,2000,146447,203640260.0,OI2109
2021-07-01 21:10:00,10188,10194,10185,10189,1319,146522,134379170.0,OI2109
2021-07-01 21:11:00,10189,10191,10174,10175,2167,146765,220571260.0,OI2109
2021-07-01 21:12:00,10174,10180,10172,10177,1523,147041,155139260.0,OI2109
2021-07-01 21:13:00,10177,10184,10176,10177,1123,147158,114260800.0,OI2109
2021-07-01 21:14:00,10178,10189,10177,10182,1714,147297,174585350.0,OI2109
2021-07-01 21:15:00,10181,10192,10181,10192,1276,147228,129831270.0,OI2109
2021-07-01 21:16:00,10192,10195,10191,10194,953,147209,97301300.0,OI2109
2021-07-01 21:17:00,10194,10208,10194,10207,1893,147138,193275300.0,OI2109
2021-07-01 21:18:00,10207,10219,10207,10215,2107,147031,215124700.0,OI2109
2021-07-01 21:19:00,10215,10215,10204,10206,1338,147090,136609800.0,OI2109
2021-07-01 21:20:00,10206,10210,10201,10208,1251,147231,127727100.0,OI2109
2021-07-01 21:21:00,10207,10217,10207,10212,1360,147235,138856000.0,OI2109
2021-07-01 21:22:00,10211,10214,10208,10209,689,147327,70346900.0,OI2109
2021-07-01 21:23:00,10211,10217,10210,10212,696,147316,71061600.0,OI2109
2021-07-01 21:24:00,10214,10226,10212,10224,1245,147166,127114500.0,OI2109
2021-07-01 21:25:00,10223,10224,10217,10217,675,147224,68917500.0,OI2109
2021-07-01 21:26:00,10217,10228,10217,10225,966,147257,99221420.0,OI2109
2021-07-01 21:27:00,10226,10233,10226,10227,1405,147246,143464550.0,OI2109
2021-07-01 21:28:00,10227,10227,10218,10223,861,147275,87916710.0,OI2109
2021-07-01 21:29:00,10224,10228,10223,10225,653,147314,66677830.0,OI2109
2021-07-01 21:30:00,10224,10227,10208,10222,3871,147251,395928530.0,OI2109
2021-07-01 21:31:00,10222,10226,10220,10224,2075,147407,211899000.0,OI2109
2021-07-01 21:32:00,10225,10229,10212,10214,2085,147369,212920200.0,OI2109
2021-07-01 21:33:00,10214,10214,10205,10213,1630,147270,166455600.0,OI2109
2021-07-01 21:34:00,10213,10217,10212,10214,1288,147223,131530560.0,OI2109
2021-07-01 21:35:00,10215,10223,10210,10221,1643,147282,167783160.0,OI2109
2021-07-01 21:36:00,10222,10230,10220,10225,1677,147306,172019940.0,OI2109
2021-07-01 21:37:00,10225,10228,10221,10227,1145,147446,116938850.0,OI2109
2021-07-01 21:38:00,10227,10230,10224,10227,1017,147489,103866210.0,OI2109
2021-07-01 21:39:00,10226,10233,10226,10232,1271,147520,129807230.0,OI2109
2021-07-01 21:40:00,10231,10238,10231,10237,1513,147478,155336850.0,OI2109
2021-07-01 21:41:00,10238,10240,10234,10236,1627,147481,166181780.0,OI2109
2021-07-01 21:42:00,10236,10243,10236,10237,1444,147468,148335030.0,OI2109
2021-07-01 21:43:00,10239,10251,10239,10248,2170,147716,221665500.0,OI2109
2021-07-01 21:44:00,10247,10258,10247,10252,1910,147962,195992170.0,OI2109
2021-07-01 21:45:00,10252,10256,10251,10253,1639,148031,168342300.0,OI2109
2021-07-01 21:46:00,10253,10255,10247,10251,1496,148082,152846320.0,OI2109
2021-07-01 21:47:00,10252,10256,10247,10249,1441,148169,148158400.0,OI2109
2021-07-01 21:48:00,10252,10252,10246,10249,1243,148185,127009740.0,OI2109
2021-07-01 21:49:00,10250,10253,10244,10248,1245,148061,128170410.0,OI2109
2021-07-01 21:50:00,10249,10250,10242,10244,1316,147953,134482040.0,OI2109
2021-07-01 21:51:00,10243,10246,10232,10233,2135,147673,219166470.0,OI2109
2021-07-01 21:52:00,10238,10239,10232,10235,1689,147448,172615800.0,OI2109
2021-07-01 21:53:00,10236,10238,10231,10234,1294,147324,132246800.0,OI2109
2021-07-01 21:54:00,10232,10235,10231,10234,819,147219,83701800.0,OI2109
2021-07-01 21:55:00,10233,10241,10233,10238,994,147180,101586800.0,OI2109
2021-07-01 21:56:00,10238,10242,10237,10240,628,147291,64181600.0,OI2109
2021-07-01 21:57:00,10240,10242,10232,10234,2033,147214,208837990.0,OI2109
2021-07-01 21:58:00,10234,10237,10233,10236,831,147203,84936510.0,OI2109
2021-07-01 21:59:00,10236,10237,10231,10231,649,147121,66334290.0,OI2109
2021-07-01 22:00:00,10231,10247,10231,10245,1542,147098,157607820.0,OI2109
2021-07-01 22:01:00,10244,10246,10240,10243,963,147203,98428230.0,OI2109
2021-07-01 22:02:00,10243,10245,10234,10235,973,147200,100565300.0,OI2109
2021-07-01 22:03:00,10235,10240,10232,10235,1169,147221,119495180.0,OI2109
2021-07-01 22:04:00,10234,10235,10226,10229,1171,147233,119699620.0,OI2109
2021-07-01 22:05:00,10229,10234,10226,10233,1293,147335,132170460.0,OI2109
2021-07-01 22:06:00,10231,10238,10230,10236,836,147323,85455920.0,OI2109
2021-07-01 22:07:00,10237,10253,10234,10249,1314,147302,134317080.0,OI2109
2021-07-01 22:08:00,10249,10265,10248,10259,2025,147220,208188550.0,OI2109
2021-07-01 22:09:00,10259,10260,10252,10254,1226,147310,125333980.0,OI2109
2021-07-01 22:10:00,10254,10256,10249,10250,1084,147198,110817320.0,OI2109
2021-07-01 22:11:00,10249,10249,10243,10247,1019,147107,105398710.0,OI2109
2021-07-01 22:12:00,10245,10246,10239,10240,904,147019,92424960.0,OI2109
2021-07-01 22:13:00,10240,10245,10230,10230,1295,147064,132400800.0,OI2109
2021-07-01 22:14:00,10231,10233,10221,10223,1560,146980,159494400.0,OI2109
2021-07-01 22:15:00,10225,10231,10223,10229,1590,146913,162561600.0,OI2109
2021-07-01 22:16:00,10230,10242,10227,10242,1260,146790,128822400.0,OI2109
2021-07-01 22:17:00,10242,10242,10235,10240,1185,146819,121154400.0,OI2109
2021-07-01 22:18:00,10240,10249,10239,10245,1219,146911,124630560.0,OI2109
2021-07-01 22:19:00,10247,10248,10236,10238,1260,147006,130151470.0,OI2109
2021-07-01 22:20:00,10237,10244,10237,10240,617,147033,63088250.0,OI2109
2021-07-01 22:21:00,10241,10247,10240,10247,839,147113,85787750.0,OI2109
2021-07-01 22:22:00,10248,10255,10247,10252,1436,147191,146831000.0,OI2109
2021-07-01 22:23:00,10251,10257,10246,10246,1172,147308,119837000.0,OI2109
2021-07-01 22:24:00,10247,10258,10242,10252,1545,147420,159361410.0,OI2109
2021-07-01 22:25:00,10250,10261,10250,10260,1221,147635,124859460.0,OI2109
2021-07-01 22:26:00,10260,10262,10256,10258,1056,147774,107986560.0,OI2109
2021-07-01 22:27:00,10257,10260,10256,10257,812,147797,83035120.0,OI2109
2021-07-01 22:28:00,10256,10261,10256,10258,720,147947,73627200.0,OI2109
2021-07-01 22:29:00,10258,10261,10251,10253,837,147937,87023240.0,OI2109
2021-07-01 22:30:00,10253,10254,10241,10243,1975,147640,201983250.0,OI2109
2021-07-01 22:31:00,10245,10248,10241,10244,694,147657,70975380.0,OI2109
2021-07-01 22:32:00,10244,10248,10239,10245,825,147719,84372750.0,OI2109
2021-07-01 22:33:00,10246,10247,10240,10242,1087,147682,111167490.0,OI2109
2021-07-01 22:34:00,10242,10243,10236,10239,873,147563,89281710.0,OI2109
2021-07-01 22:35:00,10239,10239,10232,10237,1421,147352,145325670.0,OI2109
2021-07-01 22:36:00,10236,10244,10235,10242,805,147335,82327350.0,OI2109
2021-07-01 22:37:00,10242,10244,10240,10242,518,147406,52975860.0,OI2109
2021-07-01 22:38:00,10242,10245,10233,10235,906,147372,92656620.0,OI2109
2021-07-01 22:39:00,10238,10248,10234,10248,1211,147478,125383740.0,OI2109
2021-07-01 22:40:00,10247,10250,10244,10249,1026,147551,104939280.0,OI2109
2021-07-01 22:41:00,10250,10256,10248,10248,965,147578,98700200.0,OI2109
2021-07-01 22:42:00,10249,10251,10244,10248,715,147689,73130200.0,OI2109
2021-07-01 22:43:00,10248,10252,10248,10249,577,147653,59015560.0,OI2109
2021-07-01 22:44:00,10250,10250,10243,10244,444,147612,45412320.0,OI2109
2021-07-01 22:45:00,10242,10244,10236,10237,1111,147363,113633080.0,OI2109
2021-07-01 22:46:00,10238,10241,10237,10238,677,147324,69243560.0,OI2109
2021-07-01 22:47:00,10239,10240,10235,10236,802,147244,82028560.0,OI2109
2021-07-01 22:48:00,10236,10238,10225,10228,1944,147285,198832320.0,OI2109
2021-07-01 22:49:00,10229,10231,10227,10230,583,147240,59629240.0,OI2109
2021-07-01 22:50:00,10230,10233,10219,10222,1151,147058,117724280.0,OI2109
2021-07-01 22:51:00,10222,10223,10218,10221,1056,147040,108007680.0,OI2109
2021-07-01 22:52:00,10220,10222,10218,10218,778,146996,79573840.0,OI2109
2021-07-01 22:53:00,10218,10223,10217,10223,712,146885,72823360.0,OI2109
2021-07-01 22:54:00,10222,10225,10217,10224,623,146823,63720440.0,OI2109
2021-07-01 22:55:00,10224,10226,10221,10221,1472,146931,150556160.0,OI2109
2021-07-01 22:56:00,10222,10222,10215,10217,1332,146467,136236960.0,OI2109
2021-07-01 22:57:00,10218,10219,10210,10214,808,146340,82642240.0,OI2109
2021-07-01 22:58:00,10213,10217,10213,10214,760,145986,77732800.0,OI2109
2021-07-01 22:59:00,10214,10222,10214,10219,1070,145502,109439600.0,OI2109
2021-07-02 09:00:00,10198,10204,10185,10192,4945,145499,504004320.0,OI2109
2021-07-02 09:01:00,10192,10194,10182,10184,2321,145399,235575180.0,OI2109
2021-07-02 09:02:00,10182,10183,10170,10175,3072,145719,314142720.0,OI2109
2021-07-02 09:03:00,10174,10183,10174,10176,1669,145791,168831040.0,OI2109
2021-07-02 09:04:00,10174,10181,10172,10174,1092,145853,111657000.0,OI2109
2021-07-02 09:05:00,10173,10198,10173,10190,2280,145810,231255380.0,OI2109
2021-07-02 09:06:00,10191,10192,10187,10187,801,145848,81894240.0,OI2109
2021-07-02 09:07:00,10186,10187,10178,10181,1198,145715,122483520.0,OI2109
2021-07-02 09:08:00,10181,10188,10181,10185,751,145708,76782240.0,OI2109
2021-07-02 09:09:00,10185,10189,10185,10189,519,145645,53062560.0,OI2109
2021-07-02 09:10:00,10187,10201,10187,10198,1257,145516,128515680.0,OI2109
2021-07-02 09:11:00,10197,10210,10196,10210,1075,145449,107977370.0,OI2109
2021-07-02 09:12:00,10211,10215,10206,10214,1287,145323,131570010.0,OI2109
2021-07-02 09:13:00,10215,10216,10211,10214,787,145289,80455010.0,OI2109
2021-07-02 09:14:00,10214,10219,10213,10215,737,145302,75343510.0,OI2109
2021-07-02 09:15:00,10217,10218,10213,10215,711,145300,72685530.0,OI2109
2021-07-02 09:16:00,10216,10225,10215,10221,843,145273,86179890.0,OI2109
2021-07-02 09:17:00,10221,10226,10221,10223,847,145328,86588810.0,OI2109
2021-07-02 09:18:00,10223,10224,10218,10221,551,145385,56328730.0,OI2109
2021-07-02 09:19:00,10221,10233,10221,10229,1247,145351,127480810.0,OI2109
2021-07-02 09:20:00,10229,10230,10221,10222,715,145406,73094450.0,OI2109
2021-07-02 09:21:00,10222,10224,10219,10221,517,145432,52852910.0,OI2109
2021-07-02 09:22:00,10222,10226,10221,10223,381,145433,38949630.0,OI2109
2021-07-02 09:23:00,10223,10225,10220,10221,536,145435,54795280.0,OI2109
2021-07-02 09:24:00,10219,10220,10216,10216,766,145442,78308180.0,OI2109
2021-07-02 09:25:00,10218,10222,10215,10218,724,145354,74014520.0,OI2109
2021-07-02 09:26:00,10218,10220,10216,10219,457,145358,46719110.0,OI2109
2021-07-02 09:27:00,10220,10228,10219,10225,658,145274,67267340.0,OI2109
2021-07-02 09:28:00,10227,10229,10222,10223,387,145256,39563010.0,OI2109
2021-07-02 09:29:00,10224,10238,10224,10232,1098,145274,112248540.0,OI2109
2021-07-02 09:30:00,10232,10236,10229,10230,1069,145122,109283870.0,OI2109
2021-07-02 09:31:00,10230,10231,10224,10231,2998,145299,306485540.0,OI2109
2021-07-02 09:32:00,10231,10249,10230,10248,1792,145414,185317870.0,OI2109
2021-07-02 09:33:00,10249,10252,10245,10246,1903,145642,194562720.0,OI2109
2021-07-02 09:34:00,10247,10248,10243,10243,1044,145610,106738560.0,OI2109
2021-07-02 09:35:00,10243,10243,10237,10237,1831,145372,187201440.0,OI2109
2021-07-02 09:36:00,10240,10240,10235,10240,723,145428,73919520.0,OI2109
2021-07-02 09:37:00,10241,10243,10237,10243,400,145406,40896000.0,OI2109
2021-07-02 09:38:00,10243,10249,10242,10246,655,145430,66967200.0,OI2109
2021-07-02 09:39:00,10246,10247,10244,10244,320,145466,32716800.0,OI2109
2021-07-02 09:40:00,10244,10250,10244,10246,833,145502,85165920.0,OI2109
2021-07-02 09:41:00,10248,10250,10248,10248,528,145598,53982720.0,OI2109
2021-07-02 09:42:00,10248,10254,10246,10252,994,145743,101626560.0,OI2109
2021-07-02 09:43:00,10252,10256,10252,10255,754,145909,79310520.0,OI2109
2021-07-02 09:44:00,10254,10256,10251,10253,506,146066,51738500.0,OI2109
2021-07-02 09:45:00,10254,10259,10254,10256,1046,146176,106953500.0,OI2109
2021-07-02 09:46:00,10256,10258,10247,10248,950,146118,97137500.0,OI2109
2021-07-02 09:47:00,10249,10252,10245,10248,2162,146147,221064500.0,OI2109
2021-07-02 09:48:00,10250,10250,10246,10247,363,146195,37116750.0,OI2109
2021-07-02 09:49:00,10247,10253,10246,10249,491,146183,50204750.0,OI2109
2021-07-02 09:50:00,10249,10249,10244,10244,525,146164,53681250.0,OI2109
2021-07-02 09:51:00,10244,10244,10239,10242,699,146032,71472750.0,OI2109
2021-07-02 09:52:00,10242,10244,10239,10241,606,146026,61963500.0,OI2109
2021-07-02 09:53:00,10241,10248,10241,10243,497,146016,50818250.0,OI2109
2021-07-02 09:54:00,10243,10245,10239,10245,482,145986,49284500.0,OI2109
2021-07-02 09:55:00,10246,10251,10242,10242,815,145945,83333750.0,OI2109
2021-07-02 09:56:00,10242,10249,10242,10245,402,145979,43421500.0,OI2109
2021-07-02 09:57:00,10245,10245,10235,10236,813,145873,83137380.0,OI2109
2021-07-02 09:58:00,10235,10238,10232,10234,631,145785,64526060.0,OI2109
2021-07-02 09:59:00,10234,10236,10228,10231,957,145666,97862820.0,OI2109
2021-07-02 10:00:00,10231,10235,10226,10227,968,145576,98987680.0,OI2109
2021-07-02 10:01:00,10229,10229,10220,10225,1068,145656,109213680.0,OI2109
2021-07-02 10:02:00,10226,10229,10223,10227,566,145575,57879160.0,OI2109
2021-07-02 10:03:00,10226,10226,10218,10224,782,145521,79967320.0,OI2109
2021-07-02 10:04:00,10223,10228,10223,10225,486,145478,49698360.0,OI2109
2021-07-02 10:05:00,10225,10228,10223,10226,1331,145692,136108060.0,OI2109
2021-07-02 10:06:00,10226,10227,10217,10220,2176,145529,222517760.0,OI2109
2021-07-02 10:07:00,10219,10220,10216,10218,864,145259,88352640.0,OI2109
2021-07-02 10:08:00,10218,10218,10213,10214,1515,145622,154923900.0,OI2109
2021-07-02 10:09:00,10215,10223,10214,10220,1866,145240,188359930.0,OI2109
2021-07-02 10:10:00,10221,10229,10220,10220,1162,145059,118814500.0,OI2109
2021-07-02 10:11:00,10219,10224,10219,10221,436,145008,44581000.0,OI2109
2021-07-02 10:12:00,10220,10227,10220,10225,525,144975,53681250.0,OI2109
2021-07-02 10:13:00,10225,10229,10225,10227,320,144988,32720000.0,OI2109
2021-07-02 10:14:00,10227,10235,10226,10234,584,144842,59714000.0,OI2109
2021-07-02 10:30:00,10233,10238,10227,10234,1085,144895,110941250.0,OI2109
2021-07-02 10:31:00,10235,10239,10229,10239,787,144910,82976970.0,OI2109
2021-07-02 10:32:00,10240,10244,10237,10238,939,144903,96022140.0,OI2109
2021-07-02 10:33:00,10239,10240,10236,10236,485,144895,49596100.0,OI2109
2021-07-02 10:34:00,10235,10245,10233,10244,708,144924,72400080.0,OI2109
2021-07-02 10:35:00,10245,10249,10243,10245,875,144855,89477500.0,OI2109
2021-07-02 10:36:00,10245,10251,10243,10250,883,145007,90295580.0,OI2109
2021-07-02 10:37:00,10251,10251,10242,10244,1001,144846,102362260.0,OI2109
2021-07-02 10:38:00,10244,10245,10237,10237,497,144808,50823220.0,OI2109
2021-07-02 10:39:00,10238,10242,10235,10240,568,144729,58083680.0,OI2109
2021-07-02 10:40:00,10240,10241,10227,10228,658,144631,67287080.0,OI2109
2021-07-02 10:41:00,10229,10231,10225,10231,681,144626,69639060.0,OI2109
2021-07-02 10:42:00,10232,10232,10223,10224,530,144583,54197800.0,OI2109
2021-07-02 10:43:00,10224,10228,10220,10226,769,144670,78637940.0,OI2109
2021-07-02 10:44:00,10226,10226,10221,10221,465,144577,47550900.0,OI2109
2021-07-02 10:45:00,10220,10226,10217,10225,723,144569,73933980.0,OI2109
2021-07-02 10:46:00,10225,10228,10219,10225,765,144544,78228900.0,OI2109
2021-07-02 10:47:00,10225,10226,10220,10223,412,144546,42131120.0,OI2109
2021-07-02 10:48:00,10223,10225,10221,10225,326,144532,33336760.0,OI2109
2021-07-02 10:49:00,10225,10226,10218,10223,417,144562,42642420.0,OI2109
2021-07-02 10:50:00,10224,10227,10223,10224,383,144599,39165580.0,OI2109
2021-07-02 10:51:00,10226,10226,10217,10217,637,144679,65139620.0,OI2109
2021-07-02 10:52:00,10217,10224,10214,10224,644,144677,65855440.0,OI2109
2021-07-02 10:53:00,10224,10231,10220,10229,592,144593,60537920.0,OI2109
2021-07-02 10:54:00,10228,10236,10226,10227,628,144578,64219280.0,OI2109
2021-07-02 10:55:00,10226,10228,10208,10211,1435,144805,146743100.0,OI2109
2021-07-02 10:56:00,10211,10214,10210,10213,807,144863,82523820.0,OI2109
2021-07-02 10:57:00,10212,10215,10206,10214,965,145008,98680900.0,OI2109
2021-07-02 10:58:00,10213,10217,10210,10211,628,144955,64219280.0,OI2109
2021-07-02 10:59:00,10209,10217,10208,10212,542,144961,55424920.0,OI2109
2021-07-02 11:00:00,10212,10221,10212,10221,531,144939,54300060.0,OI2109
2021-07-02 11:01:00,10219,10221,10215,10219,647,144907,66162220.0,OI2109
2021-07-02 11:02:00,10219,10226,10219,10219,669,144754,68411940.0,OI2109
2021-07-02 11:03:00,10219,10226,10219,10222,423,144768,43255980.0,OI2109
2021-07-02 11:04:00,10222,10222,10218,10220,424,144823,43358240.0,OI2109
2021-07-02 11:05:00,10220,10230,10219,10224,775,144685,79251500.0,OI2109
2021-07-02 11:06:00,10223,10226,10221,10222,436,144626,44585360.0,OI2109
2021-07-02 11:07:00,10222,10231,10221,10231,743,144562,75979180.0,OI2109
2021-07-02 11:08:00,10231,10240,10231,10238,1834,144684,187544840.0,OI2109
2021-07-02 11:09:00,10237,10239,10234,10235,1740,144356,177932400.0,OI2109
2021-07-02 11:10:00,10234,10235,10229,10231,2285,144250,233664100.0,OI2109
2021-07-02 11:11:00,10231,10237,10231,10233,466,144261,47653160.0,OI2109
2021-07-02 11:12:00,10232,10233,10226,10226,549,144238,56140740.0,OI2109
2021-07-02 11:13:00,10227,10228,10220,10220,1998,144161,204315480.0,OI2109
2021-07-02 11:14:00,10220,10221,10216,10221,524,144202,53584240.0,OI2109
2021-07-02 11:15:00,10221,10228,10218,10220,672,144224,68718720.0,OI2109
2021-07-02 11:16:00,10221,10224,10219,10222,334,144249,34154840.0,OI2109
2021-07-02 11:17:00,10223,10232,10223,10229,415,144259,42437900.0,OI2109
2021-07-02 11:18:00,10228,10238,10228,10237,694,144194,70968440.0,OI2109
2021-07-02 11:19:00,10237,10239,10235,10236,525,144315,53686500.0,OI2109
2021-07-02 11:20:00,10236,10236,10232,10232,390,144330,39881400.0,OI2109
2021-07-02 11:21:00,10232,10234,10229,10233,379,144318,38756540.0,OI2109
2021-07-02 11:22:00,10233,10239,10231,10239,522,144344,53379720.0,OI2109
2021-07-02 11:23:00,10239,10240,10229,10230,2167,144262,221597420.0,OI2109
2021-07-02 11:24:00,10231,10233,10227,10233,3907,144329,399529820.0,OI2109
2021-07-02 11:25:00,10233,10246,10233,10244,968,144334,98987680.0,OI2109
2021-07-02 11:26:00,10243,10247,10243,10247,688,144331,70354880.0,OI2109
2021-07-02 11:27:00,10246,10251,10246,10249,607,144401,62071820.0,OI2109
2021-07-02 11:28:00,10249,10249,10240,10242,596,144287,60946960.0,OI2109
2021-07-02 11:29:00,10240,10244,10239,10240,493,144215,50414180.0,OI2109
2021-07-02 13:30:00,10236,10251,10235,10248,1302,144318,133142520.0,OI2109
2021-07-02 13:31:00,10247,10255,10245,10253,1124,144396,114940240.0,OI2109
2021-07-02 13:32:00,10253,10256,10252,10256,1033,144455,105634580.0,OI2109
2021-07-02 13:33:00,10255,10263,10254,10261,1323,144801,138307660.0,OI2109
2021-07-02 13:34:00,10262,10272,10261,10267,1815,145177,185620050.0,OI2109
2021-07-02 13:35:00,10267,10273,10267,10269,1210,145421,123746700.0,OI2109
2021-07-02 13:36:00,10269,10276,10269,10274,1175,145634,120167250.0,OI2109
2021-07-02 13:37:00,10273,10275,10269,10273,875,145697,89486250.0,OI2109
2021-07-02 13:38:00,10272,10274,10267,10270,868,145781,88770360.0,OI2109
2021-07-02 13:39:00,10269,10275,10266,10275,848,145701,89810550.0,OI2109
2021-07-02 13:40:00,10273,10282,10272,10280,1807,145947,184819960.0,OI2109
2021-07-02 13:41:00,10281,10283,10277,10278,846,146023,86528880.0,OI2109
2021-07-02 13:42:00,10279,10283,10277,10278,618,146085,63209040.0,OI2109
2021-07-02 13:43:00,10278,10278,10271,10274,827,146084,84585560.0,OI2109
2021-07-02 13:44:00,10274,10275,10267,10267,1131,145950,115678680.0,OI2109
2021-07-02 13:45:00,10268,10271,10265,10266,1254,145748,128259120.0,OI2109
2021-07-02 13:46:00,10265,10267,10263,10265,756,145655,80481660.0,OI2109
2021-07-02 13:47:00,10264,10267,10261,10263,751,145488,76819790.0,OI2109
2021-07-02 13:48:00,10262,10264,10260,10263,734,145326,75080860.0,OI2109
2021-07-02 13:49:00,10262,10267,10260,10267,685,145338,70068650.0,OI2109
2021-07-02 13:50:00,10267,10267,10263,10264,426,145387,43575540.0,OI2109
2021-07-02 13:51:00,10264,10265,10259,10261,715,145191,73137350.0,OI2109
2021-07-02 13:52:00,10261,10262,10257,10261,818,145008,83673220.0,OI2109
2021-07-02 13:53:00,10261,10261,10254,10254,596,144890,60964840.0,OI2109
2021-07-02 13:54:00,10254,10264,10254,10263,777,144865,79479330.0,OI2109
2021-07-02 13:55:00,10263,10263,10256,10258,555,144815,56770950.0,OI2109
2021-07-02 13:56:00,10258,10259,10255,10256,356,144830,36415240.0,OI2109
2021-07-02 13:57:00,10256,10258,10253,10254,388,144811,39688520.0,OI2109
2021-07-02 13:58:00,10254,10257,10251,10255,550,144779,56259500.0,OI2109
2021-07-02 13:59:00,10255,10261,10254,10260,759,144726,77638110.0,OI2109
2021-07-02 14:00:00,10259,10262,10251,10253,929,144752,95027410.0,OI2109
2021-07-02 14:01:00,10253,10258,10248,10258,880,144747,90015200.0,OI2109
2021-07-02 14:02:00,10258,10266,10258,10264,1025,144748,108114670.0,OI2109
2021-07-02 14:03:00,10264,10265,10258,10259,636,144748,65062800.0,OI2109
2021-07-02 14:04:00,10259,10261,10255,10255,505,144750,51661500.0,OI2109
2021-07-02 14:05:00,10255,10264,10255,10261,504,144772,51559200.0,OI2109
2021-07-02 14:06:00,10261,10264,10256,10256,502,144786,51354600.0,OI2109
2021-07-02 14:07:00,10257,10266,10257,10263,742,144777,75906600.0,OI2109
2021-07-02 14:08:00,10263,10270,10262,10266,857,144837,87671100.0,OI2109
2021-07-02 14:09:00,10265,10266,10261,10264,1799,144893,184037700.0,OI2109
2021-07-02 14:10:00,10263,10273,10262,10270,965,144916,98719500.0,OI2109
2021-07-02 14:11:00,10271,10274,10268,10271,2446,145032,253582780.0,OI2109
2021-07-02 14:12:00,10270,10278,10269,10277,2574,145161,263345940.0,OI2109
2021-07-02 14:13:00,10277,10282,10275,10280,972,145316,99445320.0,OI2109
2021-07-02 14:14:00,10280,10283,10277,10283,870,145437,89009700.0,OI2109
2021-07-02 14:15:00,10282,10287,10276,10277,1160,145450,118679600.0,OI2109
2021-07-02 14:16:00,10277,10279,10273,10273,719,145467,73560890.0,OI2109
2021-07-02 14:17:00,10272,10276,10272,10275,524,145489,57035610.0,OI2109
2021-07-02 14:18:00,10273,10280,10273,10276,732,145620,74898240.0,OI2109
2021-07-02 14:19:00,10276,10276,10268,10270,819,145535,83800080.0,OI2109
2021-07-02 14:20:00,10271,10273,10268,10271,458,145528,46862560.0,OI2109
2021-07-02 14:21:00,10270,10277,10270,10273,564,145578,57708480.0,OI2109
2021-07-02 14:22:00,10273,10277,10271,10276,765,145686,78274800.0,OI2109
2021-07-02 14:23:00,10276,10278,10275,10276,262,145723,26807840.0,OI2109
2021-07-02 14:24:00,10276,10282,10275,10282,492,145769,50341440.0,OI2109
2021-07-02 14:25:00,10281,10284,10280,10281,722,145832,73875040.0,OI2109
2021-07-02 14:26:00,10281,10282,10277,10279,535,145843,54741200.0,OI2109
2021-07-02 14:27:00,10279,10281,10277,10278,257,145848,26296240.0,OI2109
2021-07-02 14:28:00,10278,10280,10268,10270,938,145714,95976160.0,OI2109
2021-07-02 14:29:00,10270,10272,10268,10270,517,145684,52899440.0,OI2109
2021-07-02 14:30:00,10271,10282,10271,10278,863,145787,88302160.0,OI2109
2021-07-02 14:31:00,10280,10284,10277,10280,789,145798,84242780.0,OI2109
2021-07-02 14:32:00,10281,10282,10275,10277,710,145779,72654300.0,OI2109
2021-07-02 14:33:00,10277,10281,10277,10278,349,145788,35713170.0,OI2109
2021-07-02 14:34:00,10278,10279,10275,10275,413,145837,42262290.0,OI2109
2021-07-02 14:35:00,10276,10281,10275,10277,441,145872,45127530.0,OI2109
2021-07-02 14:36:00,10278,10279,10275,10278,350,145848,35815500.0,OI2109
2021-07-02 14:37:00,10279,10282,10278,10282,480,145875,49118400.0,OI2109
2021-07-02 14:38:00,10282,10285,10264,10267,1755,145744,179589150.0,OI2109
2021-07-02 14:39:00,10266,10266,10258,10263,1372,145506,140396760.0,OI2109
2021-07-02 14:40:00,10263,10271,10262,10268,1114,145534,113995620.0,OI2109
2021-07-02 14:41:00,10268,10271,10267,10269,699,145426,71528670.0,OI2109
2021-07-02 14:42:00,10268,10271,10259,10264,983,145206,104189350.0,OI2109
2021-07-02 14:43:00,10263,10268,10262,10265,967,145382,98962780.0,OI2109
2021-07-02 14:44:00,10265,10273,10264,10269,3223,145305,329841820.0,OI2109
2021-07-02 14:45:00,10269,10283,10268,10283,2074,145310,212253160.0,OI2109
2021-07-02 14:46:00,10283,10292,10280,10290,1964,145475,200995760.0,OI2109
2021-07-02 14:47:00,10291,10295,10286,10292,2551,145247,264776090.0,OI2109
2021-07-02 14:48:00,10291,10306,10290,10302,2388,144896,244411800.0,OI2109
2021-07-02 14:49:00,10302,10302,10295,10299,1715,144683,179278030.0,OI2109
2021-07-02 14:50:00,10298,10299,10292,10294,1467,144435,150162120.0,OI2109
2021-07-02 14:51:00,10295,10300,10293,10298,1047,144303,107170920.0,OI2109
2021-07-02 14:52:00,10297,10298,10294,10297,640,144277,65510400.0,OI2109
2021-07-02 14:53:00,10297,10305,10296,10305,1215,144375,124367400.0,OI2109
2021-07-02 14:54:00,10306,10311,10300,10303,1673,144050,175056480.0,OI2109
2021-07-02 14:55:00,10302,10302,10292,10296,1011,143824,103496070.0,OI2109
2021-07-02 14:56:00,10296,10298,10293,10294,579,143715,59272230.0,OI2109
2021-07-02 14:57:00,10293,10297,10293,10295,486,143512,49751820.0,OI2109
2021-07-02 14:58:00,10296,10306,10294,10303,1130,143078,115678100.0,OI2109
2021-07-02 14:59:00,10302,10315,10300,10314,1263,142710,129293310.0,OI2109
2021-07-02 21:00:00,10325,10325,10295,10301,5106,144036,526377540.0,OI2109
2021-07-02 21:01:00,10302,10321,10302,10315,2798,144351,288445820.0,OI2109
2021-07-02 21:02:00,10316,10318,10305,10312,1295,144456,133501550.0,OI2109
2021-07-02 21:03:00,10310,10321,10309,10315,1278,144527,131853790.0,OI2109
2021-07-02 21:04:00,10315,10325,10315,10320,1157,144665,119403040.0,OI2109
2021-07-02 21:05:00,10320,10332,10315,10320,2564,144959,264658000.0,OI2109
2021-07-02 21:06:00,10320,10323,10303,10304,1843,145122,190068590.0,OI2109
2021-07-02 21:07:00,10304,10306,10290,10296,2856,145157,294161340.0,OI2109
2021-07-02 21:08:00,10295,10304,10294,10303,1237,145156,127345730.0,OI2109
2021-07-02 21:09:00,10302,10305,10296,10298,950,145288,97734160.0,OI2109
2021-07-02 21:10:00,10298,10301,10293,10294,780,145362,80410200.0,OI2109
2021-07-02 21:11:00,10294,10297,10289,10296,1424,145430,146567280.0,OI2109
2021-07-02 21:12:00,10298,10307,10297,10300,1009,145589,104007720.0,OI2109
2021-07-02 21:13:00,10301,10307,10299,10301,663,145669,68342040.0,OI2109
2021-07-02 21:14:00,10301,10305,10301,10303,395,145714,40716600.0,OI2109
2021-07-02 21:15:00,10303,10313,10302,10310,1133,145685,116789640.0,OI2109
2021-07-02 21:16:00,10308,10309,10295,10296,995,145796,102289770.0,OI2109
2021-07-02 21:17:00,10296,10308,10296,10306,660,145843,68026200.0,OI2109
2021-07-02 21:18:00,10306,10310,10303,10304,554,145873,57100780.0,OI2109
2021-07-02 21:19:00,10304,10309,10304,10307,539,145898,55554730.0,OI2109
2021-07-02 21:20:00,10306,10310,10304,10307,610,145888,62872700.0,OI2109
2021-07-02 21:21:00,10308,10310,10301,10303,708,145871,72973560.0,OI2109
2021-07-02 21:22:00,10304,10310,10304,10308,564,145933,58131480.0,OI2109
2021-07-02 21:23:00,10307,10311,10306,10306,439,145982,45247730.0,OI2109
2021-07-02 21:24:00,10306,10306,10301,10302,601,146124,61945070.0,OI2109
2021-07-02 21:25:00,10301,10302,10298,10298,455,146198,46896850.0,OI2109
2021-07-02 21:26:00,10298,10300,10295,10298,765,146155,78848550.0,OI2109
2021-07-02 21:27:00,10298,10305,10298,10304,483,146109,49782810.0,OI2109
2021-07-02 21:28:00,10303,10307,10302,10302,362,146163,37311340.0,OI2109
2021-07-02 21:29:00,10302,10302,10295,10300,649,146241,66892430.0,OI2109
2021-07-02 21:30:00,10299,10302,10286,10291,2500,146095,257301280.0,OI2109
2021-07-02 21:31:00,10290,10290,10275,10282,3630,146001,373287760.0,OI2109
2021-07-02 21:32:00,10282,10286,10276,10278,2553,145933,262190020.0,OI2109
2021-07-02 21:33:00,10279,10289,10278,10280,1634,145791,168334680.0,OI2109
2021-07-02 21:34:00,10280,10282,10274,10278,1317,145726,135212280.0,OI2109
2021-07-02 21:35:00,10278,10287,10277,10284,2002,146024,205740940.0,OI2109
2021-07-02 21:36:00,10284,10285,10277,10281,3619,146060,372235730.0,OI2109
2021-07-02 21:37:00,10280,10282,10275,10279,2901,145988,298223710.0,OI2109
2021-07-02 21:38:00,10279,10292,10279,10290,2725,145949,280042970.0,OI2109
2021-07-02 21:39:00,10291,10296,10289,10289,3047,146288,313749590.0,OI2109
2021-07-02 21:40:00,10289,10293,10285,10285,1534,146084,157955980.0,OI2109
2021-07-02 21:41:00,10283,10285,10277,10281,1500,146196,153816660.0,OI2109
2021-07-02 21:42:00,10281,10286,10278,10282,1217,146332,125302320.0,OI2109
2021-07-02 21:43:00,10282,10290,10282,10288,695,146351,71557200.0,OI2109
2021-07-02 21:44:00,10289,10292,10284,10285,693,146332,71351280.0,OI2109
2021-07-02 21:45:00,10285,10286,10280,10282,713,146285,73410480.0,OI2109
2021-07-02 21:46:00,10281,10283,10277,10279,1056,146392,108043680.0,OI2109
2021-07-02 21:47:00,10281,10281,10273,10275,1104,146536,113656800.0,OI2109
2021-07-02 21:48:00,10275,10283,10275,10282,566,146600,58269700.0,OI2109
2021-07-02 21:49:00,10281,10282,10274,10275,953,146720,98111350.0,OI2109
2021-07-02 21:50:00,10274,10277,10268,10270,1472,146685,150819370.0,OI2109
2021-07-02 21:51:00,10269,10271,10263,10266,1596,146663,164292240.0,OI2109
2021-07-02 21:52:00,10267,10273,10266,10271,985,146725,100647060.0,OI2109
2021-07-02 21:53:00,10273,10273,10267,10271,779,146716,80182470.0,OI2109
2021-07-02 21:54:00,10272,10275,10271,10272,600,146731,61758000.0,OI2109
2021-07-02 21:55:00,10272,10281,10272,10277,928,146612,95519040.0,OI2109
2021-07-02 21:56:00,10276,10280,10275,10277,493,146616,50744490.0,OI2109
2021-07-02 21:57:00,10277,10281,10277,10279,739,146596,76065270.0,OI2109
2021-07-02 21:58:00,10279,10281,10271,10271,702,146595,71465610.0,OI2109
2021-07-02 21:59:00,10271,10273,10265,10265,1380,146627,142029600.0,OI2109
2021-07-02 22:00:00,10265,10268,10255,10259,2188,146468,224362030.0,OI2109
2021-07-02 22:01:00,10259,10264,10257,10261,1134,146349,116699940.0,OI2109
2021-07-02 22:02:00,10262,10269,10262,10267,1080,146401,110293730.0,OI2109
2021-07-02 22:03:00,10268,10271,10264,10270,1169,146630,120290100.0,OI2109
2021-07-02 22:04:00,10270,10273,10268,10271,1043,146694,107324700.0,OI2109
2021-07-02 22:05:00,10269,10270,10261,10270,862,146660,88699800.0,OI2109
2021-07-02 22:06:00,10270,10275,10265,10267,1223,146761,124954660.0,OI2109
2021-07-02 22:07:00,10269,10273,10266,10271,717,146801,73772130.0,OI2109
2021-07-02 22:08:00,10271,10272,10264,10269,658,146847,67701620.0,OI2109
2021-07-02 22:09:00,10268,10272,10265,10266,728,146924,74903920.0,OI2109
2021-07-02 22:10:00,10266,10266,10262,10265,625,146952,64306250.0,OI2109
2021-07-02 22:11:00,10265,10272,10261,10272,921,147099,94761690.0,OI2109
2021-07-02 22:12:00,10271,10277,10271,10275,781,147096,79420750.0,OI2109
2021-07-02 22:13:00,10276,10280,10272,10277,669,146979,68826720.0,OI2109
2021-07-02 22:14:00,10278,10280,10275,10278,481,146993,49485280.0,OI2109
2021-07-02 22:15:00,10279,10287,10279,10286,1438,147006,147941440.0,OI2109
2021-07-02 22:16:00,10287,10287,10281,10283,507,147039,52160160.0,OI2109
2021-07-02 22:17:00,10284,10284,10278,10284,684,147097,70369920.0,OI2109
2021-07-02 22:18:00,10284,10285,10281,10282,613,147120,63065440.0,OI2109
2021-07-02 22:19:00,10282,10283,10276,10278,649,147034,66769120.0,OI2109
2021-07-02 22:20:00,10280,10285,10277,10284,1709,147328,175821920.0,OI2109
2021-07-02 22:21:00,10281,10284,10280,10282,1133,146987,116563040.0,OI2109
2021-07-02 22:22:00,10282,10285,10281,10283,388,146959,39917440.0,OI2109
2021-07-02 22:23:00,10283,10283,10278,10279,436,146938,44855680.0,OI2109
2021-07-02 22:24:00,10280,10284,10279,10282,419,146941,43106720.0,OI2109
2021-07-02 22:25:00,10282,10288,10282,10286,751,146947,77262880.0,OI2109
2021-07-02 22:26:00,10287,10294,10286,10286,808,146883,83127040.0,OI2109
2021-07-02 22:27:00,10286,10290,10286,10288,439,146836,45164320.0,OI2109
2021-07-02 22:28:00,10287,10287,10283,10284,509,146801,52365920.0,OI2109
2021-07-02 22:29:00,10284,10297,10284,10294,1022,146859,105143360.0,OI2109
2021-07-02 22:30:00,10294,10297,10290,10291,634,146960,65225920.0,OI2109
2021-07-02 22:31:00,10290,10304,10289,10302,1194,146957,122838720.0,OI2109
2021-07-02 22:32:00,10302,10310,10301,10304,1126,147009,115842880.0,OI2109
2021-07-02 22:33:00,10305,10312,10304,10310,1044,147089,107406720.0,OI2109
2021-07-02 22:34:00,10311,10317,10311,10312,1196,147203,124159310.0,OI2109
2021-07-02 22:35:00,10311,10315,10303,10305,1151,147089,118426390.0,OI2109
2021-07-02 22:36:00,10306,10315,10305,10314,1079,147338,111018310.0,OI2109
2021-07-02 22:37:00,10314,10320,10314,10318,1493,147529,153614770.0,OI2109
2021-07-02 22:38:00,10320,10331,10315,10330,2044,147879,211479660.0,OI2109
2021-07-02 22:39:00,10331,10337,10329,10330,2083,147946,215534030.0,OI2109
2021-07-02 22:40:00,10331,10342,10331,10335,1959,148064,202813610.0,OI2109
2021-07-02 22:41:00,10335,10339,10330,10334,1100,147953,113212000.0,OI2109
2021-07-02 22:42:00,10334,10340,10333,10338,909,147956,93554280.0,OI2109
2021-07-02 22:43:00,10338,10347,10337,10344,1500,148023,155628010.0,OI2109
2021-07-02 22:44:00,10343,10345,10338,10344,667,148022,68654310.0,OI2109
2021-07-02 22:45:00,10344,10346,10342,10346,965,148072,100591780.0,OI2109
2021-07-02 22:46:00,10346,10350,10343,10343,883,148172,90896020.0,OI2109
2021-07-02 22:47:00,10343,10346,10337,10339,831,148297,85543140.0,OI2109
2021-07-02 22:48:00,10340,10342,10338,10341,548,148250,56411120.0,OI2109
2021-07-02 22:49:00,10342,10346,10340,10343,543,148220,57188800.0,OI2109
2021-07-02 22:50:00,10343,10345,10335,10339,713,148179,73403350.0,OI2109
2021-07-02 22:51:00,10340,10345,10338,10343,635,148189,65373250.0,OI2109
2021-07-02 22:52:00,10343,10350,10343,10349,731,148098,75256450.0,OI2109
2021-07-02 22:53:00,10349,10364,10349,10362,1756,147981,182110930.0,OI2109
2021-07-02 22:54:00,10362,10362,10357,10358,935,147989,97607680.0,OI2109
2021-07-02 22:55:00,10359,10364,10357,10364,734,147934,75579980.0,OI2109
2021-07-02 22:56:00,10365,10374,10364,10371,1711,147948,177546200.0,OI2109
2021-07-02 22:57:00,10371,10372,10366,10371,880,147848,90622400.0,OI2109
2021-07-02 22:58:00,10371,10410,10370,10408,3112,147525,323282660.0,OI2109
2021-07-02 22:59:00,10409,10462,10409,10454,4143,148011,432512520.0,OI2109
2021-07-05 09:00:00,10451,10451,10320,10331,8799,147621,911250570.0,OI2109
2021-07-05 09:01:00,10331,10344,10327,10330,3253,147370,336853110.0,OI2109
2021-07-05 09:02:00,10332,10342,10330,10333,1930,147356,198944400.0,OI2109
2021-07-05 09:03:00,10333,10333,10314,10314,2408,147290,248216640.0,OI2109
2021-07-05 09:04:00,10315,10315,10290,10302,3051,147167,314497080.0,OI2109
2021-07-05 09:05:00,10301,10303,10290,10301,2258,147201,232754640.0,OI2109
2021-07-05 09:06:00,10300,10300,10272,10277,3008,147255,310064640.0,OI2109
2021-07-05 09:07:00,10279,10291,10271,10288,2499,147071,255878980.0,OI2109
2021-07-05 09:08:00,10289,10298,10278,10297,1758,147130,181197060.0,OI2109
2021-07-05 09:09:00,10297,10309,10296,10306,2400,147291,247368000.0,OI2109
2021-07-05 09:10:00,10305,10305,10292,10293,1507,147090,155326490.0,OI2109
2021-07-05 09:11:00,10294,10297,10289,10291,1248,147027,128631360.0,OI2109
2021-07-05 09:12:00,10291,10295,10282,10292,1375,147150,141721250.0,OI2109
2021-07-05 09:13:00,10291,10302,10286,10300,1247,147444,128528290.0,OI2109
2021-07-05 09:14:00,10301,10304,10289,10291,1181,147367,121725670.0,OI2109
2021-07-05 09:15:00,10292,10300,10285,10297,1094,147350,110922540.0,OI2109
2021-07-05 09:16:00,10298,10299,10287,10288,788,147387,81211280.0,OI2109
2021-07-05 09:17:00,10289,10291,10283,10289,837,147332,86261220.0,OI2109
2021-07-05 09:18:00,10290,10293,10287,10291,1016,147441,104708960.0,OI2109
2021-07-05 09:19:00,10292,10296,10290,10290,653,147390,67298180.0,OI2109
2021-07-05 09:20:00,10290,10293,10283,10291,954,147335,98319240.0,OI2109
2021-07-05 09:21:00,10292,10296,10284,10286,889,147374,91620340.0,OI2109
2021-07-05 09:22:00,10285,10290,10274,10276,749,147316,77191940.0,OI2109
2021-07-05 09:23:00,10276,10286,10276,10284,576,147323,59362560.0,OI2109
2021-07-05 09:24:00,10284,10286,10275,10282,687,147299,70802220.0,OI2109
2021-07-05 09:25:00,10282,10288,10282,10284,718,147319,73997080.0,OI2109
2021-07-05 09:26:00,10284,10285,10277,10281,521,147332,53694260.0,OI2109
2021-07-05 09:27:00,10280,10287,10280,10282,500,147292,49605080.0,OI2109
2021-07-05 09:28:00,10282,10282,10277,10277,566,147421,58326300.0,OI2109
2021-07-05 09:29:00,10277,10280,10274,10276,842,147401,86768100.0,OI2109
2021-07-05 09:30:00,10275,10284,10267,10282,1493,147299,153853650.0,OI2109
2021-07-05 09:31:00,10283,10287,10282,10285,648,147336,66776400.0,OI2109
2021-07-05 09:32:00,10284,10285,10275,10275,534,147258,55028700.0,OI2109
2021-07-05 09:33:00,10276,10280,10274,10277,568,147206,58532400.0,OI2109
2021-07-05 09:34:00,10277,10280,10275,10277,812,147278,83676600.0,OI2109
2021-07-05 09:35:00,10277,10280,10276,10280,453,147201,46681650.0,OI2109
2021-07-05 09:36:00,10279,10280,10269,10271,801,147193,82543050.0,OI2109
2021-07-05 09:37:00,10271,10272,10264,10268,1267,147249,128559590.0,OI2109
2021-07-05 09:38:00,10267,10276,10267,10272,630,147239,64915200.0,OI2109
2021-07-05 09:39:00,10272,10272,10268,10269,1378,147671,141989120.0,OI2109
2021-07-05 09:40:00,10268,10274,10267,10271,1784,147379,183823360.0,OI2109
2021-07-05 09:41:00,10272,10273,10267,10269,873,147511,89953920.0,OI2109
2021-07-05 09:42:00,10269,10270,10263,10267,627,147529,62548400.0,OI2109
2021-07-05 09:43:00,10267,10267,10258,10262,957,147594,98599710.0,OI2109
2021-07-05 09:44:00,10261,10263,10255,10261,1153,147561,118793590.0,OI2109
2021-07-05 09:45:00,10260,10272,10259,10272,958,147596,98702740.0,OI2109
2021-07-05 09:46:00,10272,10275,10265,10271,2391,147487,244232460.0,OI2109
2021-07-05 09:47:00,10271,10271,10262,10263,504,147507,51922080.0,OI2109
2021-07-05 09:48:00,10262,10263,10258,10261,439,147527,45225780.0,OI2109
2021-07-05 09:49:00,10261,10261,10257,10257,614,147472,63254280.0,OI2109
2021-07-05 09:50:00,10258,10263,10256,10259,883,147491,90966660.0,OI2109
2021-07-05 09:51:00,10258,10263,10256,10256,625,147504,64387500.0,OI2109
2021-07-05 09:52:00,10257,10264,10256,10263,530,147523,54600600.0,OI2109
2021-07-05 09:53:00,10264,10265,10259,10262,502,147622,51716040.0,OI2109
2021-07-05 09:54:00,10263,10270,10262,10269,606,147638,62430120.0,OI2109
2021-07-05 09:55:00,10270,10271,10264,10268,689,147692,68814590.0,OI2109
2021-07-05 09:56:00,10268,10269,10259,10261,542,147658,55831420.0,OI2109
2021-07-05 09:57:00,10261,10265,10258,10265,665,147695,68501650.0,OI2109
2021-07-05 09:58:00,10264,10270,10264,10267,3094,148128,318712940.0,OI2109
2021-07-05 09:59:00,10267,10271,10265,10270,1338,147707,137827380.0,OI2109
2021-07-05 10:00:00,10270,10271,10260,10262,639,147710,63594420.0,OI2109
2021-07-05 10:01:00,10262,10263,10256,10258,629,147774,64787000.0,OI2109
2021-07-05 10:02:00,10257,10264,10254,10260,1066,147706,109798000.0,OI2109
2021-07-05 10:03:00,10261,10266,10260,10262,521,147692,53663000.0,OI2109
2021-07-05 10:04:00,10262,10266,10260,10265,423,147665,43569000.0,OI2109
2021-07-05 10:05:00,10265,10265,10261,10261,283,147622,29149000.0,OI2109
2021-07-05 10:06:00,10261,10267,10261,10265,512,147640,52736000.0,OI2109
2021-07-05 10:07:00,10265,10265,10261,10261,394,147597,40582000.0,OI2109
2021-07-05 10:08:00,10260,10262,10258,10258,467,147697,48101000.0,OI2109
2021-07-05 10:09:00,10258,10259,10256,10258,393,147715,40479000.0,OI2109
2021-07-05 10:10:00,10257,10258,10241,10242,2138,147689,217916770.0,OI2109
2021-07-05 10:11:00,10243,10249,10241,10246,753,147700,77551470.0,OI2109
2021-07-05 10:12:00,10246,10252,10245,10250,513,147694,52833870.0,OI2109
2021-07-05 10:13:00,10250,10251,10247,10248,290,147680,29867100.0,OI2109
2021-07-05 10:14:00,10249,10249,10246,10246,295,147609,30382050.0,OI2109
2021-07-05 10:30:00,10247,10256,10247,10253,802,147597,82597980.0,OI2109
2021-07-05 10:31:00,10253,10262,10253,10262,966,147470,97154920.0,OI2109
2021-07-05 10:32:00,10262,10264,10245,10248,1063,147419,109467740.0,OI2109
2021-07-05 10:33:00,10248,10248,10242,10243,1148,147427,118221040.0,OI2109
2021-07-05 10:34:00,10242,10247,10237,10242,1026,147423,105657480.0,OI2109
2021-07-05 10:35:00,10242,10242,10224,10229,2354,147477,240025590.0,OI2109
2021-07-05 10:36:00,10229,10235,10224,10225,1447,147583,148997590.0,OI2109
2021-07-05 10:37:00,10225,10233,10224,10230,1078,147640,108587080.0,OI2109
2021-07-05 10:38:00,10230,10232,10227,10228,442,147591,45508320.0,OI2109
2021-07-05 10:39:00,10228,10230,10225,10226,613,147595,63114480.0,OI2109
2021-07-05 10:40:00,10226,10235,10226,10233,630,147618,64864800.0,OI2109
2021-07-05 10:41:00,10232,10238,10228,10238,762,147638,78455520.0,OI2109
2021-07-05 10:42:00,10238,10246,10236,10242,970,147427,97422450.0,OI2109
2021-07-05 10:43:00,10241,10248,10240,10242,685,147480,70520750.0,OI2109
2021-07-05 10:44:00,10242,10246,10238,10243,599,147618,61667050.0,OI2109
2021-07-05 10:45:00,10242,10246,10242,10246,651,147596,67020450.0,OI2109
2021-07-05 10:46:00,10246,10246,10241,10243,359,147596,36959050.0,OI2109
2021-07-05 10:47:00,10245,10260,10244,10258,1368,147596,140835600.0,OI2109
2021-07-05 10:48:00,10258,10262,10255,10261,995,147617,102435250.0,OI2109
2021-07-05 10:49:00,10261,10266,10258,10266,836,147571,83562520.0,OI2109
2021-07-05 10:50:00,10266,10276,10265,10275,1720,147676,177056800.0,OI2109
2021-07-05 10:51:00,10275,10297,10275,10296,3614,147148,372025160.0,OI2109
2021-07-05 10:52:00,10296,10298,10290,10295,2324,146966,239232560.0,OI2109
2021-07-05 10:53:00,10296,10297,10290,10294,1086,147112,111792840.0,OI2109
2021-07-05 10:54:00,10295,10305,10289,10303,2130,147189,219262200.0,OI2109
2021-07-05 10:55:00,10304,10305,10296,10296,1613,147271,166042220.0,OI2109
2021-07-05 10:56:00,10296,10300,10292,10293,770,147229,79263800.0,OI2109
2021-07-05 10:57:00,10292,10293,10287,10289,1048,147176,107881120.0,OI2109
2021-07-05 10:58:00,10291,10298,10290,10298,713,147239,73396220.0,OI2109
2021-07-05 10:59:00,10298,10298,10295,10298,310,147215,31911400.0,OI2109
2021-07-05 11:00:00,10297,10304,10295,10296,778,147302,80087320.0,OI2109
2021-07-05 11:01:00,10297,10299,10291,10291,496,147247,51058240.0,OI2109
2021-07-05 11:02:00,10291,10293,10288,10291,502,147169,51675880.0,OI2109
2021-07-05 11:03:00,10291,10297,10290,10297,493,147147,50749420.0,OI2109
2021-07-05 11:04:00,10296,10298,10291,10291,284,147119,29234960.0,OI2109
2021-07-05 11:05:00,10292,10293,10284,10285,801,147007,82454940.0,OI2109
2021-07-05 11:06:00,10284,10287,10283,10284,589,146971,60631660.0,OI2109
2021-07-05 11:07:00,10283,10284,10280,10282,540,146870,55587600.0,OI2109
2021-07-05 11:08:00,10281,10284,10280,10282,530,146782,54558200.0,OI2109
2021-07-05 11:09:00,10282,10290,10282,10288,471,146776,48484740.0,OI2109
2021-07-05 11:10:00,10288,10294,10288,10288,613,146765,63102220.0,OI2109
2021-07-05 11:11:00,10288,10289,10284,10288,329,146754,33867260.0,OI2109
2021-07-05 11:12:00,10289,10294,10287,10287,508,146856,52293520.0,OI2109
2021-07-05 11:13:00,10286,10290,10286,10289,192,146863,19764480.0,OI2109
2021-07-05 11:14:00,10289,10304,10289,10300,813,146800,83690220.0,OI2109
2021-07-05 11:15:00,10301,10302,10292,10296,678,146874,69793320.0,OI2109
2021-07-05 11:16:00,10295,10300,10294,10296,354,146917,36440760.0,OI2109
2021-07-05 11:17:00,10296,10297,10291,10291,380,146940,39117200.0,OI2109
2021-07-05 11:18:00,10291,10295,10290,10291,381,146955,39220140.0,OI2109
2021-07-05 11:19:00,10290,10301,10290,10297,428,146927,44058320.0,OI2109
2021-07-05 11:20:00,10297,10303,10297,10300,507,147002,52190580.0,OI2109
2021-07-05 11:21:00,10300,10312,10299,10307,1818,147028,187144920.0,OI2109
2021-07-05 11:22:00,10307,10324,10306,10315,1601,146920,164806940.0,OI2109
2021-07-05 11:23:00,10315,10317,10311,10315,745,146889,76690300.0,OI2109
2021-07-05 11:24:00,10315,10315,10305,10307,882,146811,90793080.0,OI2109
2021-07-05 11:25:00,10307,10308,10304,10307,589,146815,60631660.0,OI2109
2021-07-05 11:26:00,10306,10314,10306,10309,765,146837,78749100.0,OI2109
2021-07-05 11:27:00,10309,10309,10302,10307,578,146776,62332730.0,OI2109
2021-07-05 11:28:00,10307,10316,10306,10311,827,146643,85139650.0,OI2109
2021-07-05 11:29:00,10311,10311,10306,10307,342,146492,35208900.0,OI2109
2021-07-05 13:30:00,10325,10333,10319,10333,3068,146338,315850600.0,OI2109
2021-07-05 13:31:00,10333,10341,10332,10337,2068,146653,212900600.0,OI2109
2021-07-05 13:32:00,10337,10339,10334,10336,918,146720,94508100.0,OI2109
2021-07-05 13:33:00,10336,10343,10335,10340,854,146840,87919300.0,OI2109
2021-07-05 13:34:00,10340,10348,10340,10345,942,146862,99902500.0,OI2109
2021-07-05 13:35:00,10346,10349,10341,10348,1153,146813,118712880.0,OI2109
2021-07-05 13:36:00,10347,10366,10345,10361,2078,147014,213950880.0,OI2109
2021-07-05 13:37:00,10361,10362,10348,10348,1325,147051,136422000.0,OI2109
2021-07-05 13:38:00,10349,10356,10342,10343,1190,146983,125503460.0,OI2109
2021-07-05 13:39:00,10343,10349,10343,10347,756,147068,77845320.0,OI2109
2021-07-05 13:40:00,10346,10355,10344,10345,1566,147408,161251020.0,OI2109
2021-07-05 13:41:00,10344,10345,10338,10338,1274,147267,131183780.0,OI2109
2021-07-05 13:42:00,10338,10344,10337,10342,740,147231,76197800.0,OI2109
2021-07-05 13:43:00,10341,10346,10339,10346,1821,147378,190551000.0,OI2109
2021-07-05 13:44:00,10347,10347,10341,10341,543,147401,55918140.0,OI2109
2021-07-05 13:45:00,10342,10347,10342,10344,590,147524,60758200.0,OI2109
2021-07-05 13:46:00,10343,10344,10338,10340,629,147628,64774420.0,OI2109
2021-07-05 13:47:00,10340,10343,10336,10339,1511,147977,155602780.0,OI2109
2021-07-05 13:48:00,10339,10340,10335,10338,768,147835,79088640.0,OI2109
2021-07-05 13:49:00,10339,10341,10338,10338,396,147881,40780080.0,OI2109
2021-07-05 13:50:00,10339,10342,10337,10339,680,147949,70026400.0,OI2109
2021-07-05 13:51:00,10339,10339,10335,10335,689,147872,70953220.0,OI2109
2021-07-05 13:52:00,10335,10335,10324,10324,1359,147546,143064100.0,OI2109
2021-07-05 13:53:00,10323,10328,10323,10326,711,147589,73225890.0,OI2109
2021-07-05 13:54:00,10327,10328,10319,10323,937,147441,96501630.0,OI2109
2021-07-05 13:55:00,10322,10324,10316,10319,1195,147557,123073050.0,OI2109
2021-07-05 13:56:00,10319,10322,10318,10320,443,147594,45624570.0,OI2109
2021-07-05 13:57:00,10320,10322,10319,10320,593,147610,61073070.0,OI2109
2021-07-05 13:58:00,10319,10321,10317,10318,602,147568,61999980.0,OI2109
2021-07-05 13:59:00,10317,10318,10311,10315,1302,147350,134092980.0,OI2109
2021-07-05 14:00:00,10315,10323,10315,10322,824,147412,84863760.0,OI2109
2021-07-05 14:01:00,10322,10323,10316,10317,588,147528,60558120.0,OI2109
2021-07-05 14:02:00,10317,10317,10308,10310,1355,147395,139551450.0,OI2109
2021-07-05 14:03:00,10309,10313,10307,10308,878,147477,90425220.0,OI2109
2021-07-05 14:04:00,10308,10311,10306,10308,1049,147501,108036510.0,OI2109
2021-07-05 14:05:00,10308,10308,10304,10307,700,147353,72093000.0,OI2109
2021-07-05 14:06:00,10307,10310,10305,10305,641,147231,66016590.0,OI2109
2021-07-05 14:07:00,10306,10309,10305,10306,579,147108,59631210.0,OI2109
2021-07-05 14:08:00,10305,10308,10303,10303,466,147150,47993340.0,OI2109
2021-07-05 14:09:00,10304,10306,10300,10302,942,146927,97016580.0,OI2109
2021-07-05 14:10:00,10302,10305,10300,10303,694,147098,71475060.0,OI2109
2021-07-05 14:11:00,10302,10304,10300,10302,495,147093,50980050.0,OI2109
2021-07-05 14:12:00,10301,10305,10300,10302,464,147167,47787360.0,OI2109
2021-07-05 14:13:00,10301,10303,10300,10301,701,147319,72195990.0,OI2109
2021-07-05 14:14:00,10301,10302,10298,10300,434,147355,44697660.0,OI2109
2021-07-05 14:15:00,10299,10313,10299,10312,1297,147375,133578030.0,OI2109
2021-07-05 14:16:00,10313,10313,10307,10308,651,147332,67046490.0,OI2109
2021-07-05 14:17:00,10308,10311,10306,10306,341,147396,35119590.0,OI2109
2021-07-05 14:18:00,10307,10309,10304,10308,295,147420,30382050.0,OI2109
2021-07-05 14:19:00,10309,10311,10306,10310,338,147452,34810620.0,OI2109
2021-07-05 14:20:00,10310,10310,10300,10304,638,147372,65707620.0,OI2109
2021-07-05 14:21:00,10305,10308,10303,10308,320,147376,32956800.0,OI2109
2021-07-05 14:22:00,10308,10308,10303,10305,281,147409,28940190.0,OI2109
2021-07-05 14:23:00,10305,10311,10305,10310,350,147434,36046500.0,OI2109
2021-07-05 14:24:00,10310,10314,10307,10307,638,147406,65707620.0,OI2109
2021-07-05 14:25:00,10308,10310,10304,10305,493,147392,50774070.0,OI2109
2021-07-05 14:26:00,10305,10315,10305,10312,924,147261,95162760.0,OI2109
2021-07-05 14:27:00,10312,10315,10309,10314,384,147226,39548160.0,OI2109
2021-07-05 14:28:00,10314,10325,10313,10322,1070,147213,113559710.0,OI2109
2021-07-05 14:29:00,10322,10327,10313,10318,1681,147127,173143000.0,OI2109
2021-07-05 14:30:00,10318,10318,10309,10309,804,147076,82812000.0,OI2109
2021-07-05 14:31:00,10309,10309,10294,10295,1871,146893,192713000.0,OI2109
2021-07-05 14:32:00,10295,10296,10283,10286,2448,146745,252144000.0,OI2109
2021-07-05 14:33:00,10285,10289,10285,10288,702,146809,72306000.0,OI2109
2021-07-05 14:34:00,10287,10290,10286,10287,777,146866,80031000.0,OI2109
2021-07-05 14:35:00,10285,10293,10285,10291,880,146836,87187960.0,OI2109
2021-07-05 14:36:00,10291,10296,10289,10292,674,146863,69415260.0,OI2109
2021-07-05 14:37:00,10292,10305,10292,10304,1104,146632,113700960.0,OI2109
2021-07-05 14:38:00,10303,10310,10301,10308,1001,146561,103092990.0,OI2109
2021-07-05 14:39:00,10307,10317,10307,10315,1324,146618,139851830.0,OI2109
2021-07-05 14:40:00,10315,10317,10314,10316,845,146614,87035000.0,OI2109
2021-07-05 14:41:00,10316,10321,10316,10320,756,146581,77868000.0,OI2109
2021-07-05 14:42:00,10320,10325,10318,10325,966,146668,99498000.0,OI2109
2021-07-05 14:43:00,10325,10330,10323,10326,984,146672,101352000.0,OI2109
2021-07-05 14:44:00,10326,10329,10318,10319,1103,146720,113609000.0,OI2109
2021-07-05 14:45:00,10320,10323,10314,10314,978,146656,100734000.0,OI2109
2021-07-05 14:46:00,10315,10317,10313,10316,670,146600,69010000.0,OI2109
2021-07-05 14:47:00,10316,10317,10314,10315,635,146526,65405000.0,OI2109
2021-07-05 14:48:00,10314,10315,10304,10306,1334,146285,137402000.0,OI2109
2021-07-05 14:49:00,10306,10316,10305,10316,770,146406,79310000.0,OI2109
2021-07-05 14:50:00,10316,10324,10312,10322,1625,146633,167375000.0,OI2109
2021-07-05 14:51:00,10321,10327,10314,10316,2096,146453,215888000.0,OI2109
2021-07-05 14:52:00,10315,10318,10313,10316,463,146480,47689000.0,OI2109
2021-07-05 14:53:00,10316,10316,10304,10306,894,146407,92082000.0,OI2109
2021-07-05 14:54:00,10306,10307,10303,10304,682,146371,70246000.0,OI2109
2021-07-05 14:55:00,10305,10305,10291,10293,1598,146123,164594000.0,OI2109
2021-07-05 14:56:00,10292,10301,10292,10299,1141,145979,117523000.0,OI2109
2021-07-05 14:57:00,10300,10306,10299,10305,814,145825,83842000.0,OI2109
2021-07-05 14:58:00,10305,10309,10305,10307,549,145715,56547000.0,OI2109
2021-07-05 14:59:00,10307,10313,10307,10311,927,145352,95481000.0,OI2109
2021-07-05 21:00:00,10300,10323,10281,10319,6540,146121,673489200.0,OI2109
2021-07-05 21:01:00,10317,10327,10312,10320,3473,146429,358450580.0,OI2109
2021-07-05 21:02:00,10319,10330,10317,10327,1471,146508,151830940.0,OI2109
2021-07-05 21:03:00,10326,10335,10326,10331,1735,146702,179240370.0,OI2109
2021-07-05 21:04:00,10331,10337,10328,10328,1178,146671,121751520.0,OI2109
2021-07-05 21:05:00,10330,10331,10322,10329,1199,146697,123808830.0,OI2109
2021-07-05 21:06:00,10329,10343,10329,10342,1294,146772,133632060.0,OI2109
2021-07-05 21:07:00,10340,10344,10336,10338,1274,147015,131776380.0,OI2109
2021-07-05 21:08:00,10338,10341,10327,10328,1174,147088,121314960.0,OI2109
2021-07-05 21:09:00,10328,10328,10321,10324,1175,147259,121441630.0,OI2109
2021-07-05 21:10:00,10324,10332,10322,10327,935,147365,96482650.0,OI2109
2021-07-05 21:11:00,10326,10332,10321,10321,595,147437,61398050.0,OI2109
2021-07-05 21:12:00,10322,10325,10320,10321,916,147392,94522040.0,OI2109
2021-07-05 21:13:00,10321,10324,10313,10313,911,147341,94006090.0,OI2109
2021-07-05 21:14:00,10314,10318,10304,10305,1172,147372,120938680.0,OI2109
2021-07-05 21:15:00,10305,10313,10304,10310,2289,147436,235928600.0,OI2109
2021-07-05 21:16:00,10310,10315,10310,10313,542,147409,55923560.0,OI2109
2021-07-05 21:17:00,10314,10321,10314,10318,838,147483,86464840.0,OI2109
2021-07-05 21:18:00,10319,10319,10314,10314,616,147543,63558880.0,OI2109
2021-07-05 21:19:00,10315,10316,10306,10307,808,147425,83369440.0,OI2109
2021-07-05 21:20:00,10308,10311,10306,10308,692,147468,71400560.0,OI2109
2021-07-05 21:21:00,10308,10311,10306,10307,735,147513,75521680.0,OI2109
2021-07-05 21:22:00,10306,10307,10292,10294,2021,147777,208170740.0,OI2109
2021-07-05 21:23:00,10292,10302,10292,10301,1287,147727,132766920.0,OI2109
2021-07-05 21:24:00,10302,10303,10298,10299,373,147737,38126250.0,OI2109
2021-07-05 21:25:00,10298,10303,10292,10292,792,147864,81694800.0,OI2109
2021-07-05 21:26:00,10292,10300,10292,10297,523,147953,53947450.0,OI2109
2021-07-05 21:27:00,10297,10301,10294,10296,513,148006,52915950.0,OI2109
2021-07-05 21:28:00,10296,10301,10294,10297,695,147930,71311590.0,OI2109
2021-07-05 21:29:00,10296,10299,10296,10297,169,147935,17430660.0,OI2109
2021-07-05 21:30:00,10297,10304,10295,10302,825,148086,85090500.0,OI2109
2021-07-05 21:31:00,10302,10308,10301,10303,670,148156,69103800.0,OI2109
2021-07-05 21:32:00,10303,10306,10302,10305,353,148220,36408420.0,OI2109
2021-07-05 21:33:00,10304,10312,10303,10310,690,148172,71166600.0,OI2109
2021-07-05 21:34:00,10309,10310,10306,10307,432,148178,44556480.0,OI2109
2021-07-05 21:35:00,10308,10312,10301,10303,585,148147,59922000.0,OI2109
2021-07-05 21:36:00,10303,10305,10298,10299,631,148360,65075030.0,OI2109
2021-07-05 21:37:00,10299,10302,10295,10298,661,148493,68168930.0,OI2109
2021-07-05 21:38:00,10297,10298,10294,10294,315,148531,32485950.0,OI2109
2021-07-05 21:39:00,10294,10295,10290,10294,617,148576,63631210.0,OI2109
2021-07-05 21:40:00,10295,10304,10294,10303,971,148732,99692380.0,OI2109
2021-07-05 21:41:00,10303,10307,10300,10307,642,148912,66203040.0,OI2109
2021-07-05 21:42:00,10306,10312,10306,10312,789,148879,81361680.0,OI2109
2021-07-05 21:43:00,10311,10318,10306,10317,950,148768,97964000.0,OI2109
2021-07-05 21:44:00,10317,10327,10315,10325,1396,148762,143955520.0,OI2109
2021-07-05 21:45:00,10326,10326,10320,10325,669,148737,69478590.0,OI2109
2021-07-05 21:46:00,10325,10331,10323,10327,780,148780,80441400.0,OI2109
2021-07-05 21:47:00,10327,10328,10321,10323,493,148749,50843090.0,OI2109
2021-07-05 21:48:00,10322,10327,10322,10323,594,148839,61259220.0,OI2109
2021-07-05 21:49:00,10323,10324,10317,10319,621,148834,64043730.0,OI2109
2021-07-05 21:50:00,10318,10325,10317,10324,502,148918,51771260.0,OI2109
2021-07-05 21:51:00,10323,10330,10322,10327,1059,148974,109214670.0,OI2109
2021-07-05 21:52:00,10327,10329,10322,10326,546,149031,56846240.0,OI2109
2021-07-05 21:53:00,10326,10327,10320,10322,346,149053,35686440.0,OI2109
2021-07-05 21:54:00,10321,10335,10321,10332,955,149091,98498700.0,OI2109
2021-07-05 21:55:00,10333,10334,10332,10334,336,149109,34655040.0,OI2109
2021-07-05 21:56:00,10334,10337,10326,10326,751,149170,77458140.0,OI2109
2021-07-05 21:57:00,10326,10330,10325,10327,479,149149,49404060.0,OI2109
2021-07-05 21:58:00,10327,10329,10326,10327,186,149143,19184040.0,OI2109
2021-07-05 21:59:00,10327,10335,10327,10335,370,149115,38161800.0,OI2109
2021-07-05 22:00:00,10334,10354,10334,10351,2307,149092,239133100.0,OI2109
2021-07-05 22:01:00,10351,10353,10348,10349,875,149216,90265000.0,OI2109
2021-07-05 22:02:00,10349,10349,10342,10344,982,149290,101916250.0,OI2109
2021-07-05 22:03:00,10343,10352,10343,10345,896,149458,92440320.0,OI2109
2021-07-05 22:04:00,10345,10351,10343,10343,771,149491,80173870.0,OI2109
2021-07-05 22:05:00,10343,10343,10326,10326,1498,149407,154563640.0,OI2109
2021-07-05 22:06:00,10326,10331,10326,10329,847,149380,87393460.0,OI2109
2021-07-05 22:07:00,10330,10334,10328,10334,540,149411,55717200.0,OI2109
2021-07-05 22:08:00,10333,10336,10332,10336,568,149405,58606240.0,OI2109
2021-07-05 22:09:00,10336,10341,10331,10341,689,149473,71091020.0,OI2109
2021-07-05 22:10:00,10342,10357,10338,10354,1280,149558,132754420.0,OI2109
2021-07-05 22:11:00,10354,10356,10349,10352,872,149525,89981680.0,OI2109
2021-07-05 22:12:00,10352,10355,10350,10352,432,149589,45275140.0,OI2109
2021-07-05 22:13:00,10351,10353,10350,10353,367,149561,37874400.0,OI2109
2021-07-05 22:14:00,10352,10355,10342,10344,1026,149505,105883200.0,OI2109
2021-07-05 22:15:00,10344,10364,10344,10359,1896,149729,196397150.0,OI2109
2021-07-05 22:16:00,10360,10376,10360,10372,2397,150090,248902210.0,OI2109
2021-07-05 22:17:00,10373,10373,10365,10366,720,150024,74325600.0,OI2109
2021-07-05 22:18:00,10367,10371,10365,10365,708,150112,73855040.0,OI2109
2021-07-05 22:19:00,10365,10372,10365,10371,541,150160,55852840.0,OI2109
2021-07-05 22:20:00,10370,10372,10362,10365,742,150108,76604080.0,OI2109
2021-07-05 22:21:00,10365,10375,10365,10371,761,150122,79354280.0,OI2109
2021-07-05 22:22:00,10371,10372,10368,10371,474,150204,48940500.0,OI2109
2021-07-05 22:23:00,10371,10379,10370,10373,948,150251,98683860.0,OI2109
2021-07-05 22:24:00,10373,10376,10373,10374,2715,150561,281180910.0,OI2109
2021-07-05 22:25:00,10374,10374,10362,10367,2057,150424,213276970.0,OI2109
2021-07-05 22:26:00,10367,10372,10365,10366,1262,150315,131202560.0,OI2109
2021-07-05 22:27:00,10366,10370,10364,10365,1386,150518,143159940.0,OI2109
2021-07-05 22:28:00,10366,10373,10364,10373,861,150289,89818360.0,OI2109
2021-07-05 22:29:00,10374,10380,10372,10372,991,150361,102370300.0,OI2109
2021-07-05 22:30:00,10372,10376,10367,10367,1368,150813,142223660.0,OI2109
2021-07-05 22:31:00,10368,10371,10367,10370,1564,150633,162501740.0,OI2109
2021-07-05 22:32:00,10371,10377,10370,10375,821,150479,84825720.0,OI2109
2021-07-05 22:33:00,10375,10376,10369,10371,461,150454,47630520.0,OI2109
2021-07-05 22:34:00,10372,10377,10371,10374,424,150475,43807680.0,OI2109
2021-07-05 22:35:00,10375,10381,10374,10381,787,150587,82262670.0,OI2109
2021-07-05 22:36:00,10382,10387,10379,10382,1056,150627,109116480.0,OI2109
2021-07-05 22:37:00,10381,10389,10381,10384,811,150702,84769130.0,OI2109
2021-07-05 22:38:00,10384,10384,10377,10382,424,150698,43816160.0,OI2109
2021-07-05 22:39:00,10383,10384,10379,10380,314,150725,32448760.0,OI2109
2021-07-05 22:40:00,10380,10386,10378,10381,596,150793,61590640.0,OI2109
2021-07-05 22:41:00,10381,10382,10374,10376,739,150693,77357490.0,OI2109
2021-07-05 22:42:00,10376,10377,10369,10370,612,150662,63250200.0,OI2109
2021-07-05 22:43:00,10369,10371,10364,10366,1272,150524,131461200.0,OI2109
2021-07-05 22:44:00,10366,10370,10359,10359,856,150270,89484230.0,OI2109
2021-07-05 22:45:00,10357,10369,10357,10368,1210,150040,125065600.0,OI2109
2021-07-05 22:46:00,10367,10369,10360,10365,761,150031,78656960.0,OI2109
2021-07-05 22:47:00,10366,10366,10358,10358,455,150035,47028800.0,OI2109
2021-07-05 22:48:00,10358,10366,10357,10364,506,149971,52300160.0,OI2109
2021-07-05 22:49:00,10364,10365,10358,10359,355,149948,36692800.0,OI2109
2021-07-05 22:50:00,10359,10362,10356,10358,517,149842,53437120.0,OI2109
2021-07-05 22:51:00,10358,10358,10352,10357,721,149669,75584440.0,OI2109
2021-07-05 22:52:00,10356,10363,10355,10362,465,149586,48067050.0,OI2109
2021-07-05 22:53:00,10363,10365,10363,10363,308,149528,31837960.0,OI2109
2021-07-05 22:54:00,10363,10365,10355,10360,412,149451,42588440.0,OI2109
2021-07-05 22:55:00,10364,10378,10363,10376,1265,149286,130763050.0,OI2109
2021-07-05 22:56:00,10377,10378,10364,10366,644,149303,66570280.0,OI2109
2021-07-05 22:57:00,10367,10370,10363,10370,349,149204,37172440.0,OI2109
2021-07-05 22:58:00,10372,10373,10368,10372,511,148973,52827180.0,OI2109
2021-07-05 22:59:00,10373,10373,10365,10370,884,148516,91387920.0,OI2109
2021-07-06 09:00:00,10360,10360,10338,10348,3124,148595,322959120.0,OI2109
2021-07-06 09:01:00,10348,10348,10333,10335,1549,148664,160135620.0,OI2109
2021-07-06 09:02:00,10335,10335,10324,10324,1775,148500,183499500.0,OI2109
2021-07-06 09:03:00,10324,10326,10316,10320,1393,148430,144008340.0,OI2109
2021-07-06 09:04:00,10318,10323,10317,10319,1151,148393,118990380.0,OI2109
2021-07-06 09:05:00,10318,10320,10308,10310,1528,148367,156749180.0,OI2109
2021-07-06 09:06:00,10309,10309,10304,10306,1123,148568,116084510.0,OI2109
2021-07-06 09:07:00,10305,10305,10295,10295,2040,148661,209627710.0,OI2109
2021-07-06 09:08:00,10296,10304,10296,10297,1309,148647,135298240.0,OI2109
2021-07-06 09:09:00,10294,10297,10290,10294,1439,148925,148735040.0,OI2109
2021-07-06 09:10:00,10294,10296,10281,10295,2206,148921,226715530.0,OI2109
2021-07-06 09:11:00,10294,10306,10290,10303,1737,148652,178204950.0,OI2109
2021-07-06 09:12:00,10303,10312,10302,10311,1233,148694,127418220.0,OI2109
2021-07-06 09:13:00,10311,10311,10305,10307,701,148660,72441340.0,OI2109
2021-07-06 09:14:00,10306,10313,10304,10313,809,148626,83602060.0,OI2109
2021-07-06 09:15:00,10312,10314,10301,10306,1275,148575,131758500.0,OI2109
2021-07-06 09:16:00,10306,10307,10302,10304,612,148547,61883780.0,OI2109
2021-07-06 09:17:00,10305,10317,10302,10316,1150,148452,118829500.0,OI2109
2021-07-06 09:18:00,10316,10317,10311,10314,515,148455,53214950.0,OI2109
2021-07-06 09:19:00,10314,10314,10306,10308,604,148410,62411320.0,OI2109
2021-07-06 09:20:00,10308,10314,10305,10310,800,148604,82664000.0,OI2109
2021-07-06 09:21:00,10310,10311,10302,10302,819,148588,84627270.0,OI2109
2021-07-06 09:22:00,10302,10306,10294,10295,1004,148418,103743320.0,OI2109
2021-07-06 09:23:00,10294,10302,10293,10302,693,148514,70191540.0,OI2109
2021-07-06 09:24:00,10301,10325,10301,10323,2106,148217,217591920.0,OI2109
2021-07-06 09:25:00,10322,10334,10319,10331,2060,147974,212839200.0,OI2109
2021-07-06 09:26:00,10331,10332,10327,10327,1006,147759,103939920.0,OI2109
2021-07-06 09:27:00,10329,10331,10319,10320,997,147707,103010040.0,OI2109
2021-07-06 09:28:00,10320,10324,10313,10313,810,147702,83689200.0,OI2109
2021-07-06 09:29:00,10312,10315,10311,10312,498,147659,51453360.0,OI2109
2021-07-06 09:30:00,10312,10313,10308,10311,486,147715,50213520.0,OI2109
2021-07-06 09:31:00,10311,10311,10303,10306,593,147701,61268760.0,OI2109
2021-07-06 09:32:00,10305,10308,10294,10296,1101,147666,112242600.0,OI2109
2021-07-06 09:33:00,10296,10297,10291,10293,1228,147929,126864680.0,OI2109
2021-07-06 09:34:00,10293,10300,10292,10299,1001,147935,103413310.0,OI2109
2021-07-06 09:35:00,10297,10301,10294,10300,615,148087,63535650.0,OI2109
2021-07-06 09:36:00,10299,10306,10299,10304,718,148024,74176580.0,OI2109
2021-07-06 09:37:00,10303,10307,10302,10306,352,147986,36365120.0,OI2109
2021-07-06 09:38:00,10305,10315,10305,10314,884,147777,89765340.0,OI2109
2021-07-06 09:39:00,10314,10314,10298,10302,978,147732,101027400.0,OI2109
2021-07-06 09:40:00,10300,10302,10298,10301,791,147878,81710300.0,OI2109
2021-07-06 09:41:00,10301,10301,10290,10295,1377,147802,142244100.0,OI2109
2021-07-06 09:42:00,10295,10296,10291,10293,744,147806,76855200.0,OI2109
2021-07-06 09:43:00,10294,10297,10290,10295,563,147862,58157900.0,OI2109
2021-07-06 09:44:00,10295,10303,10295,10301,631,147847,63570760.0,OI2109
2021-07-06 09:45:00,10301,10301,10291,10291,445,147848,45964050.0,OI2109
2021-07-06 09:46:00,10291,10301,10291,10297,554,147822,57222660.0,OI2109
2021-07-06 09:47:00,10296,10304,10296,10302,661,147903,68274690.0,OI2109
2021-07-06 09:48:00,10302,10309,10298,10308,804,147961,83045160.0,OI2109
2021-07-06 09:49:00,10307,10308,10302,10302,477,147939,49269330.0,OI2109
2021-07-06 09:50:00,10302,10308,10302,10307,536,147964,55363440.0,OI2109
2021-07-06 09:51:00,10307,10307,10301,10307,332,147920,34292280.0,OI2109
2021-07-06 09:52:00,10306,10312,10306,10309,532,147972,54950280.0,OI2109
2021-07-06 09:53:00,10310,10310,10305,10306,298,147951,30780420.0,OI2109
2021-07-06 09:54:00,10306,10307,10302,10307,578,148149,59701620.0,OI2109
2021-07-06 09:55:00,10306,10308,10303,10303,429,148114,44311410.0,OI2109
2021-07-06 09:56:00,10304,10306,10298,10299,734,148334,74139520.0,OI2109
2021-07-06 09:57:00,10299,10305,10299,10301,738,148554,76220640.0,OI2109
2021-07-06 09:58:00,10301,10302,10296,10298,463,148586,47818640.0,OI2109
2021-07-06 09:59:00,10296,10303,10296,10300,1587,148636,163905360.0,OI2109
2021-07-06 10:00:00,10300,10302,10297,10300,1940,148776,200363200.0,OI2109
2021-07-06 10:01:00,10300,10305,10297,10302,1012,148579,102786620.0,OI2109
2021-07-06 10:02:00,10302,10306,10300,10305,320,148609,33046400.0,OI2109
2021-07-06 10:03:00,10306,10307,10304,10306,198,148591,20447460.0,OI2109
2021-07-06 10:04:00,10307,10310,10304,10309,329,148605,33975830.0,OI2109
2021-07-06 10:05:00,10309,10314,10307,10313,827,148547,85404290.0,OI2109
2021-07-06 10:06:00,10313,10319,10313,10317,879,148517,90774330.0,OI2109
2021-07-06 10:07:00,10319,10321,10317,10320,806,148677,83235620.0,OI2109
2021-07-06 10:08:00,10321,10322,10319,10320,515,148658,53184050.0,OI2109
2021-07-06 10:09:00,10319,10324,10316,10318,728,148568,75180560.0,OI2109
2021-07-06 10:10:00,10318,10326,10318,10320,663,148478,68468010.0,OI2109
2021-07-06 10:11:00,10320,10325,10319,10325,452,148463,46678040.0,OI2109
2021-07-06 10:12:00,10324,10325,10322,10325,444,148488,45851880.0,OI2109
2021-07-06 10:13:00,10325,10333,10325,10331,932,148498,96247640.0,OI2109
2021-07-06 10:14:00,10331,10331,10323,10325,606,148363,62581620.0,OI2109
2021-07-06 10:30:00,10326,10331,10323,10331,795,148407,82099650.0,OI2109
2021-07-06 10:31:00,10332,10340,10319,10320,1516,148247,156557320.0,OI2109
2021-07-06 10:32:00,10321,10330,10320,10326,1015,148351,104819050.0,OI2109
2021-07-06 10:33:00,10327,10342,10326,10341,1054,148437,108846580.0,OI2109
2021-07-06 10:34:00,10341,10342,10337,10341,931,148458,96144370.0,OI2109
2021-07-06 10:35:00,10341,10349,10338,10339,1789,148598,184750030.0,OI2109
2021-07-06 10:36:00,10340,10348,10340,10346,1126,148742,118174010.0,OI2109
2021-07-06 10:37:00,10345,10346,10340,10340,552,148713,57010560.0,OI2109
2021-07-06 10:38:00,10341,10350,10334,10348,1347,148615,139118160.0,OI2109
2021-07-06 10:39:00,10348,10350,10345,10347,719,148607,74258320.0,OI2109
2021-07-06 10:40:00,10348,10351,10341,10344,1183,148477,122180240.0,OI2109
2021-07-06 10:41:00,10345,10345,10334,10335,1187,148156,122593360.0,OI2109
2021-07-06 10:42:00,10336,10338,10335,10336,576,148161,59489280.0,OI2109
2021-07-06 10:43:00,10336,10346,10330,10341,933,148135,96360240.0,OI2109
2021-07-06 10:44:00,10341,10341,10334,10337,401,148092,41415280.0,OI2109
2021-07-06 10:45:00,10336,10345,10328,10335,2013,148393,207902640.0,OI2109
2021-07-06 10:46:00,10334,10339,10334,10335,2304,148272,237957120.0,OI2109
2021-07-06 10:47:00,10334,10345,10334,10344,1306,148087,134883680.0,OI2109
2021-07-06 10:48:00,10344,10345,10331,10331,1993,148040,205837040.0,OI2109
2021-07-06 10:49:00,10330,10335,10327,10332,1119,148009,115570320.0,OI2109
2021-07-06 10:50:00,10332,10340,10332,10336,639,148054,65995920.0,OI2109
2021-07-06 10:51:00,10335,10335,10329,10334,621,148130,64136880.0,OI2109
2021-07-06 10:52:00,10332,10338,10329,10337,681,148144,70333680.0,OI2109
2021-07-06 10:53:00,10336,10337,10331,10336,341,148175,35218480.0,OI2109
2021-07-06 10:54:00,10337,10337,10328,10330,530,148201,54738400.0,OI2109
2021-07-06 10:55:00,10330,10334,10328,10329,427,148212,44100560.0,OI2109
2021-07-06 10:56:00,10329,10332,10327,10328,483,148147,49884240.0,OI2109
2021-07-06 10:57:00,10329,10331,10321,10322,569,148130,58766320.0,OI2109
2021-07-06 10:58:00,10323,10323,10311,10311,1349,148236,139324720.0,OI2109
2021-07-06 10:59:00,10311,10316,10310,10312,714,148248,73741920.0,OI2109
2021-07-06 11:00:00,10311,10315,10307,10315,857,148283,88510960.0,OI2109
2021-07-06 11:01:00,10316,10322,10315,10321,818,148392,84483040.0,OI2109
2021-07-06 11:02:00,10322,10323,10312,10316,670,148392,69197600.0,OI2109
2021-07-06 11:03:00,10317,10317,10313,10315,236,148367,24374080.0,OI2109
2021-07-06 11:04:00,10315,10318,10312,10317,467,148423,48231760.0,OI2109
2021-07-06 11:05:00,10316,10323,10316,10320,596,148418,61554880.0,OI2109
2021-07-06 11:06:00,10320,10328,10314,10328,814,148414,84069920.0,OI2109
2021-07-06 11:07:00,10328,10338,10328,10335,1987,148372,205217360.0,OI2109
2021-07-06 11:08:00,10333,10338,10333,10337,1602,148735,165454560.0,OI2109
2021-07-06 11:09:00,10337,10346,10337,10345,1697,148515,175266160.0,OI2109
2021-07-06 11:10:00,10344,10345,10342,10343,2448,148551,252829440.0,OI2109
2021-07-06 11:11:00,10343,10348,10334,10334,1089,148539,114716590.0,OI2109
2021-07-06 11:12:00,10334,10337,10330,10331,811,148484,83768190.0,OI2109
2021-07-06 11:13:00,10332,10337,10331,10335,422,148476,43588380.0,OI2109
2021-07-06 11:14:00,10334,10338,10333,10336,551,148480,56912790.0,OI2109
2021-07-06 11:15:00,10336,10342,10336,10336,1051,148824,108557790.0,OI2109
2021-07-06 11:16:00,10336,10337,10330,10334,623,148834,64349670.0,OI2109
2021-07-06 11:17:00,10333,10333,10320,10322,1776,149055,183443040.0,OI2109
2021-07-06 11:18:00,10321,10323,10317,10320,1477,148758,152559330.0,OI2109
2021-07-06 11:19:00,10320,10326,10320,10324,1802,148847,186128580.0,OI2109
2021-07-06 11:20:00,10324,10324,10314,10315,992,148818,100123960.0,OI2109
2021-07-06 11:21:00,10315,10316,10311,10312,799,148826,82520720.0,OI2109
2021-07-06 11:22:00,10312,10314,10308,10309,713,148822,73638640.0,OI2109
2021-07-06 11:23:00,10309,10314,10305,10312,796,148814,82210880.0,OI2109
2021-07-06 11:24:00,10312,10312,10305,10306,554,148831,57217120.0,OI2109
2021-07-06 11:25:00,10307,10309,10303,10307,813,148939,83966640.0,OI2109
2021-07-06 11:26:00,10307,10307,10302,10304,903,148993,93261840.0,OI2109
2021-07-06 11:27:00,10303,10304,10300,10303,663,149053,68474640.0,OI2109
2021-07-06 11:28:00,10303,10307,10302,10307,436,149139,45030080.0,OI2109
2021-07-06 11:29:00,10307,10310,10305,10309,467,149010,48231760.0,OI2109
2021-07-06 13:30:00,10313,10314,10305,10306,1355,149240,139944400.0,OI2109
2021-07-06 13:31:00,10306,10306,10293,10293,2398,149976,247665440.0,OI2109
2021-07-06 13:32:00,10293,10294,10287,10287,1784,150010,181794990.0,OI2109
2021-07-06 13:33:00,10288,10290,10286,10290,1342,150195,138588340.0,OI2109
2021-07-06 13:34:00,10290,10295,10287,10295,1218,150374,125782860.0,OI2109
2021-07-06 13:35:00,10293,10293,10286,10287,1123,150477,115972210.0,OI2109
2021-07-06 13:36:00,10287,10294,10286,10292,831,150536,85817370.0,OI2109
2021-07-06 13:37:00,10293,10302,10292,10301,1573,150522,159926310.0,OI2109
2021-07-06 13:38:00,10301,10301,10294,10296,729,150592,75276540.0,OI2109
2021-07-06 13:39:00,10296,10297,10291,10293,585,150652,60407100.0,OI2109
2021-07-06 13:40:00,10294,10294,10290,10294,562,150588,58032120.0,OI2109
2021-07-06 13:41:00,10294,10297,10293,10296,542,150717,55966920.0,OI2109
2021-07-06 13:42:00,10297,10302,10295,10301,764,150809,78890640.0,OI2109
2021-07-06 13:43:00,10300,10304,10299,10301,669,150851,69080940.0,OI2109
2021-07-06 13:44:00,10302,10302,10293,10294,632,150938,65260320.0,OI2109
2021-07-06 13:45:00,10294,10294,10290,10294,549,151004,56689740.0,OI2109
2021-07-06 13:46:00,10294,10298,10290,10296,670,151078,69184200.0,OI2109
2021-07-06 13:47:00,10296,10296,10293,10293,376,151093,38825760.0,OI2109
2021-07-06 13:48:00,10294,10300,10293,10298,540,151210,55760400.0,OI2109
2021-07-06 13:49:00,10298,10298,10291,10293,497,151273,51320220.0,OI2109
2021-07-06 13:50:00,10292,10292,10285,10286,1327,151504,134424200.0,OI2109
2021-07-06 13:51:00,10286,10289,10286,10288,514,151660,53070500.0,OI2109
2021-07-06 13:52:00,10288,10295,10287,10295,650,151632,67112500.0,OI2109
2021-07-06 13:53:00,10295,10295,10289,10290,426,151670,43984500.0,OI2109
2021-07-06 13:54:00,10290,10293,10287,10293,410,151720,42332500.0,OI2109
2021-07-06 13:55:00,10293,10293,10285,10288,854,151977,88175500.0,OI2109
2021-07-06 13:56:00,10288,10293,10288,10291,302,151986,31181500.0,OI2109
2021-07-06 13:57:00,10290,10295,10289,10294,400,151969,41300000.0,OI2109
2021-07-06 13:58:00,10294,10300,10293,10297,611,151959,63085750.0,OI2109
2021-07-06 13:59:00,10297,10301,10296,10298,659,152088,68041750.0,OI2109
2021-07-06 14:00:00,10298,10301,10292,10300,934,152149,96435500.0,OI2109
2021-07-06 14:01:00,10299,10300,10297,10299,658,152097,67938500.0,OI2109
2021-07-06 14:02:00,10299,10300,10297,10299,280,152076,28910000.0,OI2109
2021-07-06 14:03:00,10300,10304,10297,10302,580,152090,57210400.0,OI2109
2021-07-06 14:04:00,10302,10303,10297,10300,626,152258,64628240.0,OI2109
2021-07-06 14:05:00,10300,10307,10300,10306,731,152251,75468440.0,OI2109
2021-07-06 14:06:00,10305,10312,10304,10305,856,152107,88373440.0,OI2109
2021-07-06 14:07:00,10305,10311,10305,10310,666,152162,68757840.0,OI2109
2021-07-06 14:08:00,10310,10314,10308,10312,877,152101,90541480.0,OI2109
2021-07-06 14:09:00,10313,10318,10311,10317,1051,151962,108505240.0,OI2109
2021-07-06 14:10:00,10315,10318,10313,10313,700,151954,72268000.0,OI2109
2021-07-06 14:11:00,10313,10315,10310,10310,448,151923,46251520.0,OI2109
2021-07-06 14:12:00,10310,10312,10308,10310,547,151937,56472280.0,OI2109
2021-07-06 14:13:00,10310,10311,10305,10307,673,151895,69480520.0,OI2109
2021-07-06 14:14:00,10306,10307,10298,10299,867,151913,89509080.0,OI2109
2021-07-06 14:15:00,10300,10300,10294,10296,656,152005,67725440.0,OI2109
2021-07-06 14:16:00,10295,10297,10288,10291,1245,152384,128533800.0,OI2109
2021-07-06 14:17:00,10290,10294,10289,10293,590,152571,60911600.0,OI2109
2021-07-06 14:18:00,10292,10296,10291,10291,577,152664,59569480.0,OI2109
2021-07-06 14:19:00,10291,10292,10289,10292,644,152786,66486560.0,OI2109
2021-07-06 14:20:00,10292,10294,10291,10291,370,152810,38198800.0,OI2109
2021-07-06 14:21:00,10292,10294,10288,10294,565,152947,55529110.0,OI2109
2021-07-06 14:22:00,10295,10299,10295,10299,936,152931,96623280.0,OI2109
2021-07-06 14:23:00,10300,10303,10297,10300,900,152936,92907000.0,OI2109
2021-07-06 14:24:00,10300,10305,10299,10303,673,152867,69473790.0,OI2109
2021-07-06 14:25:00,10304,10306,10301,10306,504,152849,52027920.0,OI2109
2021-07-06 14:26:00,10306,10309,10305,10306,545,152841,56260350.0,OI2109
2021-07-06 14:27:00,10305,10307,10304,10305,479,152956,49447170.0,OI2109
2021-07-06 14:28:00,10304,10308,10304,10305,425,152972,43872750.0,OI2109
2021-07-06 14:29:00,10305,10313,10305,10312,734,152979,75770820.0,OI2109
2021-07-06 14:30:00,10314,10314,10306,10306,1815,152931,187362450.0,OI2109
2021-07-06 14:31:00,10306,10312,10306,10311,811,152851,83719530.0,OI2109
2021-07-06 14:32:00,10311,10313,10309,10310,545,152777,56260350.0,OI2109
2021-07-06 14:33:00,10310,10311,10306,10306,533,152738,55021590.0,OI2109
2021-07-06 14:34:00,10306,10312,10306,10310,713,152664,73602990.0,OI2109
2021-07-06 14:35:00,10311,10315,10311,10315,868,152566,89603640.0,OI2109
2021-07-06 14:36:00,10315,10322,10315,10318,1060,152485,109423800.0,OI2109
2021-07-06 14:37:00,10317,10324,10317,10324,921,152377,95074830.0,OI2109
2021-07-06 14:38:00,10323,10328,10323,10327,1159,152270,119643570.0,OI2109
2021-07-06 14:39:00,10328,10333,10325,10333,1385,152293,142973550.0,OI2109
2021-07-06 14:40:00,10332,10336,10331,10335,1153,152274,119024190.0,OI2109
2021-07-06 14:41:00,10335,10340,10334,10338,1094,152424,112933620.0,OI2109
2021-07-06 14:42:00,10338,10338,10324,10326,1256,152161,129656880.0,OI2109
2021-07-06 14:43:00,10325,10329,10325,10327,936,152066,96623280.0,OI2109
2021-07-06 14:44:00,10328,10329,10320,10324,1317,152115,135953910.0,OI2109
2021-07-06 14:45:00,10324,10327,10322,10327,1257,151837,129760110.0,OI2109
2021-07-06 14:46:00,10326,10327,10321,10322,590,151743,60905700.0,OI2109
2021-07-06 14:47:00,10322,10323,10305,10307,1842,151293,190149660.0,OI2109
2021-07-06 14:48:00,10307,10309,10301,10302,859,151211,88674570.0,OI2109
2021-07-06 14:49:00,10303,10303,10297,10301,1120,151168,115617600.0,OI2109
2021-07-06 14:50:00,10302,10307,10297,10306,1028,151021,106120440.0,OI2109
2021-07-06 14:51:00,10307,10310,10305,10309,765,151085,78970950.0,OI2109
2021-07-06 14:52:00,10310,10310,10304,10304,655,151116,67615650.0,OI2109
2021-07-06 14:53:00,10304,10311,10303,10308,696,151090,71848080.0,OI2109
2021-07-06 14:54:00,10309,10311,10306,10311,562,151008,58015260.0,OI2109
2021-07-06 14:55:00,10309,10310,10304,10305,792,150847,81758160.0,OI2109
2021-07-06 14:56:00,10305,10309,10302,10302,543,150824,56053890.0,OI2109
2021-07-06 14:57:00,10304,10305,10302,10305,559,150845,57705570.0,OI2109
2021-07-06 14:58:00,10304,10307,10303,10307,744,150564,76803120.0,OI2109
2021-07-06 14:59:00,10306,10326,10305,10319,1357,150137,136940310.0,OI2109
2021-07-06 21:00:00,10287,10287,10234,10236,7387,150154,757536850.0,OI2109
2021-07-06 21:01:00,10237,10249,10219,10226,5630,150330,576184970.0,OI2109
2021-07-06 21:02:00,10227,10227,10213,10213,3343,150352,341705780.0,OI2109
2021-07-06 21:03:00,10210,10217,10207,10210,3010,150459,307479300.0,OI2109
2021-07-06 21:04:00,10212,10212,10200,10204,2566,150660,261803980.0,OI2109
2021-07-06 21:05:00,10204,10209,10196,10199,3116,151000,317858200.0,OI2109
2021-07-06 21:06:00,10198,10205,10197,10202,1880,151291,191766560.0,OI2109
2021-07-06 21:07:00,10202,10202,10194,10200,2050,151683,209073860.0,OI2109
2021-07-06 21:08:00,10200,10201,10193,10199,1569,151995,160124740.0,OI2109
2021-07-06 21:09:00,10197,10198,10185,10185,2497,152399,254301840.0,OI2109
2021-07-06 21:10:00,10185,10199,10185,10196,1670,152328,170343520.0,OI2109
2021-07-06 21:11:00,10196,10196,10181,10185,4417,152515,449852000.0,OI2109
2021-07-06 21:12:00,10186,10195,10184,10195,2754,152554,280510860.0,OI2109
2021-07-06 21:13:00,10195,10205,10189,10196,2073,152291,211736220.0,OI2109
2021-07-06 21:14:00,10196,10204,10194,10197,1354,152129,137844400.0,OI2109
2021-07-06 21:15:00,10197,10198,10188,10189,1264,152182,129092320.0,OI2109
2021-07-06 21:16:00,10191,10198,10190,10198,778,152223,78983560.0,OI2109
2021-07-06 21:17:00,10197,10204,10195,10203,1303,152291,133062360.0,OI2109
2021-07-06 21:18:00,10203,10208,10203,10204,1243,152110,126935160.0,OI2109
2021-07-06 21:19:00,10205,10227,10205,10227,3859,150925,394081080.0,OI2109
2021-07-06 21:20:00,10228,10230,10220,10221,2433,150759,249019920.0,OI2109
2021-07-06 21:21:00,10220,10225,10220,10222,1314,150673,134198820.0,OI2109
2021-07-06 21:22:00,10223,10228,10221,10228,1218,150650,124394340.0,OI2109
2021-07-06 21:23:00,10227,10239,10227,10239,2074,150542,212425640.0,OI2109
2021-07-06 21:24:00,10238,10240,10234,10237,1285,150584,131249900.0,OI2109
2021-07-06 21:25:00,10235,10244,10235,10242,1843,150716,188883320.0,OI2109
2021-07-06 21:26:00,10243,10256,10242,10256,2982,151052,305949540.0,OI2109
2021-07-06 21:27:00,10255,10265,10255,10257,2535,151400,259695420.0,OI2109
2021-07-06 21:28:00,10257,10264,10252,10253,1929,151503,197818980.0,OI2109
2021-07-06 21:29:00,10253,10262,10250,10253,1854,151762,190192560.0,OI2109
2021-07-06 21:30:00,10253,10255,10226,10226,6749,151284,691347380.0,OI2109
2021-07-06 21:31:00,10226,10233,10217,10219,5045,151346,515699900.0,OI2109
2021-07-06 21:32:00,10220,10228,10217,10223,3021,151326,308806620.0,OI2109
2021-07-06 21:33:00,10221,10227,10214,10227,2887,151242,295109140.0,OI2109
2021-07-06 21:34:00,10226,10226,10216,10217,1821,151161,186142620.0,OI2109
2021-07-06 21:35:00,10217,10229,10216,10225,2050,151266,209551000.0,OI2109
2021-07-06 21:36:00,10225,10226,10216,10219,1812,151259,185222640.0,OI2109
2021-07-06 21:37:00,10218,10218,10196,10196,4614,150125,470630790.0,OI2109
2021-07-06 21:38:00,10195,10197,10159,10166,7935,150133,807761430.0,OI2109
2021-07-06 21:39:00,10165,10175,10156,10174,4516,149841,459171280.0,OI2109
2021-07-06 21:40:00,10176,10192,10176,10184,4159,149147,423705050.0,OI2109
2021-07-06 21:41:00,10183,10186,10176,10183,2381,149108,242016950.0,OI2109
2021-07-06 21:42:00,10181,10183,10174,10182,2403,148984,244216190.0,OI2109
2021-07-06 21:43:00,10181,10184,10179,10181,1161,148885,118572930.0,OI2109
2021-07-06 21:44:00,10180,10180,10168,10170,2213,148868,224753720.0,OI2109
2021-07-06 21:45:00,10168,10181,10167,10178,1673,148743,170846760.0,OI2109
2021-07-06 21:46:00,10178,10180,10163,10163,1828,148643,185380380.0,OI2109
2021-07-06 21:47:00,10162,10165,10156,10164,2492,148506,253138220.0,OI2109
2021-07-06 21:48:00,10164,10167,10155,10156,1992,148498,203383200.0,OI2109
2021-07-06 21:49:00,10157,10157,10131,10136,4754,148707,481221320.0,OI2109
2021-07-06 21:50:00,10137,10146,10133,10140,2841,149000,288565100.0,OI2109
2021-07-06 21:51:00,10139,10143,10134,10142,2088,148942,211664630.0,OI2109
2021-07-06 21:52:00,10143,10147,10126,10137,3315,148875,335356150.0,OI2109
2021-07-06 21:53:00,10138,10151,10138,10148,2629,148705,266740780.0,OI2109
2021-07-06 21:54:00,10149,10149,10138,10147,1716,148639,175066320.0,OI2109
2021-07-06 21:55:00,10148,10162,10148,10160,2911,148121,295437860.0,OI2109
2021-07-06 21:56:00,10160,10165,10154,10157,1874,148008,189605640.0,OI2109
2021-07-06 21:57:00,10157,10167,10154,10166,1574,147857,160548000.0,OI2109
2021-07-06 21:58:00,10167,10173,10166,10169,2353,147306,240006000.0,OI2109
2021-07-06 21:59:00,10169,10170,10155,10160,2103,147121,212884600.0,OI2109
2021-07-06 22:00:00,10159,10159,10142,10149,2377,147092,240785060.0,OI2109
2021-07-06 22:01:00,10147,10148,10139,10139,2109,147446,215075820.0,OI2109
2021-07-06 22:02:00,10138,10142,10134,10137,1674,147740,169031520.0,OI2109
2021-07-06 22:03:00,10137,10141,10133,10135,1190,147906,121344300.0,OI2109
2021-07-06 22:04:00,10134,10143,10132,10140,2102,148178,212625020.0,OI2109
2021-07-06 22:05:00,10141,10142,10128,10129,1894,148067,191377380.0,OI2109
2021-07-06 22:06:00,10130,10130,10122,10123,2234,148006,225999100.0,OI2109
2021-07-06 22:07:00,10123,10132,10122,10125,1334,148041,135987960.0,OI2109
2021-07-06 22:08:00,10125,10129,10125,10126,754,148050,75084680.0,OI2109
2021-07-06 22:09:00,10126,10135,10124,10133,1879,147820,191526470.0,OI2109
2021-07-06 22:10:00,10133,10133,10125,10127,1087,147885,108990170.0,OI2109
2021-07-06 22:11:00,10125,10131,10124,10128,1223,148189,124648160.0,OI2109
2021-07-06 22:12:00,10129,10129,10121,10125,1728,148308,174280510.0,OI2109
2021-07-06 22:13:00,10124,10127,10122,10123,859,148281,87540690.0,OI2109
2021-07-06 22:14:00,10124,10124,10115,10120,2410,148071,243733160.0,OI2109
2021-07-06 22:15:00,10120,10120,10104,10111,3365,148054,340989910.0,OI2109
2021-07-06 22:16:00,10110,10123,10108,10121,2773,147628,280609650.0,OI2109
2021-07-06 22:17:00,10121,10134,10120,10130,2617,147242,264662470.0,OI2109
2021-07-06 22:18:00,10130,10132,10117,10127,1538,147203,154703190.0,OI2109
2021-07-06 22:19:00,10128,10130,10120,10120,1042,147196,106138120.0,OI2109
2021-07-06 22:20:00,10120,10120,10091,10095,4365,147524,440565020.0,OI2109
2021-07-06 22:21:00,10094,10104,10091,10095,1636,147726,166610240.0,OI2109
2021-07-06 22:22:00,10096,10105,10093,10101,1249,147805,125142370.0,OI2109
2021-07-06 22:23:00,10101,10102,10095,10099,822,147900,83704260.0,OI2109
2021-07-06 22:24:00,10099,10109,10090,10109,2186,147963,220514510.0,OI2109
2021-07-06 22:25:00,10109,10109,10102,10102,1656,147864,166511490.0,OI2109
2021-07-06 22:26:00,10103,10107,10102,10107,1656,147391,168597360.0,OI2109
2021-07-06 22:27:00,10107,10111,10102,10109,1575,147190,158216010.0,OI2109
2021-07-06 22:28:00,10110,10110,10101,10106,1121,147136,114117800.0,OI2109
2021-07-06 22:29:00,10105,10106,10092,10095,3118,147312,315235270.0,OI2109
2021-07-06 22:30:00,10095,10102,10087,10100,3699,146720,372092970.0,OI2109
2021-07-06 22:31:00,10099,10118,10099,10117,2075,146344,208937880.0,OI2109
2021-07-06 22:32:00,10116,10118,10107,10108,1052,146312,107051520.0,OI2109
2021-07-06 22:33:00,10109,10109,10101,10103,892,146305,90769920.0,OI2109
2021-07-06 22:34:00,10102,10103,10093,10093,1209,146436,120761440.0,OI2109
2021-07-06 22:35:00,10093,10095,10090,10093,967,146508,98392250.0,OI2109
2021-07-06 22:36:00,10093,10097,10091,10095,716,146507,72853000.0,OI2109
2021-07-06 22:37:00,10095,10112,10095,10110,1317,146182,131708350.0,OI2109
2021-07-06 22:38:00,10110,10115,10107,10112,1267,145900,128904580.0,OI2109
2021-07-06 22:39:00,10112,10124,10112,10123,1462,145640,148743880.0,OI2109
2021-07-06 22:40:00,10123,10123,10113,10115,1320,145452,131959910.0,OI2109
2021-07-06 22:41:00,10114,10119,10108,10119,726,145359,73855980.0,OI2109
2021-07-06 22:42:00,10119,10133,10119,10126,2128,145137,216481440.0,OI2109
2021-07-06 22:43:00,10126,10133,10125,10128,1034,144923,105188820.0,OI2109
2021-07-06 22:44:00,10129,10130,10125,10128,665,144886,67650450.0,OI2109
2021-07-06 22:45:00,10128,10128,10110,10112,1254,144773,125174460.0,OI2109
2021-07-06 22:46:00,10111,10123,10110,10120,629,144658,63981880.0,OI2109
2021-07-06 22:47:00,10121,10127,10119,10119,740,144478,75272800.0,OI2109
2021-07-06 22:48:00,10118,10121,10114,10119,2065,144397,207622500.0,OI2109
2021-07-06 22:49:00,10118,10124,10116,10122,584,144367,59398640.0,OI2109
2021-07-06 22:50:00,10121,10124,10117,10120,1861,144584,189282310.0,OI2109
2021-07-06 22:51:00,10120,10123,10115,10118,1094,144455,111270740.0,OI2109
2021-07-06 22:52:00,10117,10123,10117,10121,496,144456,50448160.0,OI2109
2021-07-06 22:53:00,10120,10125,10119,10124,825,144346,83910750.0,OI2109
2021-07-06 22:54:00,10124,10129,10117,10122,1133,144413,112748200.0,OI2109
2021-07-06 22:55:00,10123,10123,10117,10118,2357,144413,239706900.0,OI2109
2021-07-06 22:56:00,10118,10120,10095,10095,2916,143905,294015240.0,OI2109
2021-07-06 22:57:00,10096,10109,10096,10109,1432,143580,145620080.0,OI2109
2021-07-06 22:58:00,10109,10109,10100,10101,829,143411,84301010.0,OI2109
2021-07-06 22:59:00,10101,10103,10096,10099,1068,143124,106029670.0,OI2109
2021-07-07 09:00:00,10096,10103,10081,10081,5333,143476,539630860.0,OI2109
2021-07-07 09:01:00,10083,10083,10075,10078,2136,143381,214517180.0,OI2109
2021-07-07 09:02:00,10077,10088,10073,10083,2001,143399,200751710.0,OI2109
2021-07-07 09:03:00,10084,10098,10082,10092,1711,143556,173923150.0,OI2109
2021-07-07 09:04:00,10091,10097,10090,10095,1057,143598,107444050.0,OI2109
2021-07-07 09:05:00,10096,10098,10087,10087,1205,143627,119778570.0,OI2109
2021-07-07 09:06:00,10088,10088,10081,10087,1101,143819,111905640.0,OI2109
2021-07-07 09:07:00,10087,10087,10079,10081,878,143970,89239920.0,OI2109
2021-07-07 09:08:00,10082,10083,10075,10083,1378,144137,137316670.0,OI2109
2021-07-07 09:09:00,10083,10083,10077,10083,565,144277,57420950.0,OI2109
2021-07-07 09:10:00,10083,10093,10081,10093,1322,144434,134354860.0,OI2109
2021-07-07 09:11:00,10093,10096,10090,10092,1139,144387,112983060.0,OI2109
2021-07-07 09:12:00,10091,10098,10088,10097,808,144355,82108960.0,OI2109
2021-07-07 09:13:00,10097,10100,10094,10096,1678,144364,170518360.0,OI2109
2021-07-07 09:14:00,10097,10101,10094,10099,2080,144421,208550430.0,OI2109
2021-07-07 09:15:00,10100,10103,10095,10098,1132,144538,115022520.0,OI2109
2021-07-07 09:16:00,10098,10106,10098,10106,1088,144402,110551680.0,OI2109
2021-07-07 09:17:00,10106,10117,10105,10115,1700,144408,172737000.0,OI2109
2021-07-07 09:18:00,10115,10123,10111,10121,1032,144373,101992830.0,OI2109
2021-07-07 09:19:00,10120,10125,10120,10123,1047,144382,106375200.0,OI2109
2021-07-07 09:20:00,10124,10130,10121,10122,1435,144452,145796000.0,OI2109
2021-07-07 09:21:00,10122,10124,10108,10114,1401,144397,142341600.0,OI2109
2021-07-07 09:22:00,10113,10117,10110,10117,619,144455,62890400.0,OI2109
2021-07-07 09:23:00,10117,10133,10117,10129,1414,144516,143662400.0,OI2109
2021-07-07 09:24:00,10130,10131,10125,10131,940,144490,95504000.0,OI2109
2021-07-07 09:25:00,10130,10130,10122,10126,728,144492,71020270.0,OI2109
2021-07-07 09:26:00,10125,10128,10122,10125,378,144518,38401020.0,OI2109
2021-07-07 09:27:00,10125,10126,10118,10123,550,144448,55874500.0,OI2109
2021-07-07 09:28:00,10123,10128,10118,10126,661,144456,67150990.0,OI2109
2021-07-07 09:29:00,10125,10131,10121,10124,900,144271,91431000.0,OI2109
2021-07-07 09:30:00,10124,10125,10118,10119,1011,144225,102707490.0,OI2109
2021-07-07 09:31:00,10119,10119,10111,10114,894,144189,90821460.0,OI2109
2021-07-07 09:32:00,10115,10124,10113,10123,1151,144118,116930090.0,OI2109
2021-07-07 09:33:00,10123,10127,10121,10122,675,144108,68573250.0,OI2109
2021-07-07 09:34:00,10123,10123,10115,10118,480,144093,48763200.0,OI2109
2021-07-07 09:35:00,10118,10121,10116,10121,448,144080,45512320.0,OI2109
2021-07-07 09:36:00,10121,10130,10121,10127,1021,144044,100697170.0,OI2109
2021-07-07 09:37:00,10127,10130,10123,10129,545,144048,55361100.0,OI2109
2021-07-07 09:38:00,10130,10131,10120,10121,1024,143952,104017920.0,OI2109
2021-07-07 09:39:00,10122,10123,10118,10120,462,143948,46929960.0,OI2109
2021-07-07 09:40:00,10119,10120,10117,10118,502,144008,50993160.0,OI2109
2021-07-07 09:41:00,10117,10124,10115,10121,607,143986,61659060.0,OI2109
2021-07-07 09:42:00,10121,10123,10118,10121,445,144046,45203100.0,OI2109
2021-07-07 09:43:00,10121,10123,10120,10122,788,144074,80045040.0,OI2109
2021-07-07 09:44:00,10120,10123,10119,10122,509,144063,51704220.0,OI2109
2021-07-07 09:45:00,10122,10122,10116,10117,578,144024,58713240.0,OI2109
2021-07-07 09:46:00,10116,10123,10115,10116,954,144151,96907320.0,OI2109
2021-07-07 09:47:00,10115,10117,10112,10113,498,144128,50586840.0,OI2109
2021-07-07 09:48:00,10114,10117,10113,10116,401,144102,40733580.0,OI2109
2021-07-07 09:49:00,10115,10117,10113,10114,333,144083,33826140.0,OI2109
2021-07-07 09:50:00,10114,10115,10107,10108,743,144094,72363830.0,OI2109
2021-07-07 09:51:00,10106,10106,10103,10103,802,144077,81459140.0,OI2109
2021-07-07 09:52:00,10101,10108,10098,10098,1257,144113,127673490.0,OI2109
2021-07-07 09:53:00,10097,10101,10096,10101,620,144104,62973400.0,OI2109
2021-07-07 09:54:00,10100,10104,10098,10101,603,144117,61246710.0,OI2109
2021-07-07 09:55:00,10101,10101,10093,10094,994,144101,100960580.0,OI2109
2021-07-07 09:56:00,10093,10097,10092,10094,652,144117,66223640.0,OI2109
2021-07-07 09:57:00,10094,10101,10093,10099,853,144199,83471290.0,OI2109
2021-07-07 09:58:00,10099,10106,10099,10103,946,144200,96075760.0,OI2109
2021-07-07 09:59:00,10103,10108,10103,10107,652,144140,66217120.0,OI2109
2021-07-07 10:00:00,10110,10111,10098,10098,1377,144089,139848120.0,OI2109
2021-07-07 10:01:00,10098,10106,10094,10099,1093,144231,111005080.0,OI2109
2021-07-07 10:02:00,10101,10106,10100,10103,711,144336,72209160.0,OI2109
2021-07-07 10:03:00,10104,10107,10101,10106,686,144351,66447590.0,OI2109
2021-07-07 10:04:00,10107,10107,10090,10092,2027,144466,205841850.0,OI2109
2021-07-07 10:05:00,10094,10094,10082,10085,2229,144957,226354950.0,OI2109
2021-07-07 10:06:00,10086,10088,10081,10084,777,145006,75631450.0,OI2109
2021-07-07 10:07:00,10084,10084,10072,10076,1364,145105,138500560.0,OI2109
2021-07-07 10:08:00,10074,10079,10072,10079,885,145217,89862900.0,OI2109
2021-07-07 10:09:00,10079,10080,10075,10079,773,145235,78490420.0,OI2109
2021-07-07 10:10:00,10078,10082,10078,10080,873,145449,88644420.0,OI2109
2021-07-07 10:11:00,10079,10079,10075,10076,696,145585,67353030.0,OI2109
2021-07-07 10:12:00,10076,10076,10066,10069,1585,145367,160925050.0,OI2109
2021-07-07 10:13:00,10069,10070,10068,10069,402,145410,40815060.0,OI2109
2021-07-07 10:14:00,10069,10075,10068,10073,592,145311,60105760.0,OI2109
2021-07-07 10:30:00,10068,10087,10068,10085,2434,145337,243755080.0,OI2109
2021-07-07 10:31:00,10084,10091,10083,10088,1103,145165,111976560.0,OI2109
2021-07-07 10:32:00,10088,10092,10084,10084,979,145045,99388080.0,OI2109
2021-07-07 10:33:00,10084,10085,10079,10083,896,145212,90961920.0,OI2109
2021-07-07 10:34:00,10083,10089,10083,10086,577,145185,55172550.0,OI2109
2021-07-07 10:35:00,10087,10089,10080,10083,651,145213,66083010.0,OI2109
2021-07-07 10:36:00,10082,10083,10076,10080,1027,145261,104250770.0,OI2109
2021-07-07 10:37:00,10080,10081,10075,10076,383,145297,38878330.0,OI2109
2021-07-07 10:38:00,10077,10077,10069,10070,1005,145390,102017550.0,OI2109
2021-07-07 10:39:00,10071,10073,10066,10071,657,145462,66692070.0,OI2109
2021-07-07 10:40:00,10071,10077,10071,10076,445,145482,45171950.0,OI2109
2021-07-07 10:41:00,10076,10079,10074,10079,439,145482,41112330.0,OI2109
2021-07-07 10:42:00,10080,10080,10073,10074,686,145515,69629000.0,OI2109
2021-07-07 10:43:00,10075,10079,10074,10078,362,145491,36743000.0,OI2109
2021-07-07 10:44:00,10078,10083,10078,10080,760,145647,77140000.0,OI2109
2021-07-07 10:45:00,10080,10084,10077,10083,1315,145854,133472500.0,OI2109
2021-07-07 10:46:00,10084,10088,10082,10085,1488,145425,151032000.0,OI2109
2021-07-07 10:47:00,10085,10091,10085,10090,656,145303,63080770.0,OI2109
2021-07-07 10:48:00,10090,10091,10085,10088,677,145205,68708730.0,OI2109
2021-07-07 10:49:00,10087,10091,10087,10090,503,145224,51049470.0,OI2109
2021-07-07 10:50:00,10090,10100,10090,10097,1393,145314,141375570.0,OI2109
2021-07-07 10:51:00,10097,10098,10091,10096,923,145574,93675270.0,OI2109
2021-07-07 10:52:00,10096,10100,10095,10098,982,145716,99663180.0,OI2109
2021-07-07 10:53:00,10098,10100,10095,10096,877,145791,89006730.0,OI2109
2021-07-07 10:54:00,10096,10099,10093,10096,1225,146139,120756220.0,OI2109
2021-07-07 10:55:00,10096,10101,10094,10096,1067,146128,108279160.0,OI2109
2021-07-07 10:56:00,10096,10097,10093,10094,527,146082,53479960.0,OI2109
2021-07-07 10:57:00,10094,10094,10087,10089,1491,145857,151306680.0,OI2109
2021-07-07 10:58:00,10088,10088,10082,10082,868,145825,88084640.0,OI2109
2021-07-07 10:59:00,10081,10083,10075,10075,1165,145912,118224200.0,OI2109
2021-07-07 11:00:00,10076,10076,10070,10070,1811,146307,180141960.0,OI2109
2021-07-07 11:01:00,10071,10073,10068,10073,838,146422,85031860.0,OI2109
2021-07-07 11:02:00,10073,10074,10065,10072,1329,146491,134853630.0,OI2109
2021-07-07 11:03:00,10072,10076,10068,10071,781,146512,79248070.0,OI2109
2021-07-07 11:04:00,10070,10072,10067,10070,717,146609,69079020.0,OI2109
2021-07-07 11:05:00,10070,10077,10069,10074,1730,146884,175525800.0,OI2109
2021-07-07 11:06:00,10074,10079,10073,10076,1060,146596,107547600.0,OI2109
2021-07-07 11:07:00,10076,10076,10070,10073,538,146602,54585480.0,OI2109
2021-07-07 11:08:00,10072,10077,10069,10077,967,146595,98111820.0,OI2109
2021-07-07 11:09:00,10076,10076,10072,10074,781,146591,75514530.0,OI2109
2021-07-07 11:10:00,10074,10076,10071,10072,737,146513,74768650.0,OI2109
2021-07-07 11:11:00,10073,10074,10069,10072,533,146552,54072850.0,OI2109
2021-07-07 11:12:00,10072,10073,10068,10070,1497,146729,151870650.0,OI2109
2021-07-07 11:13:00,10070,10072,10068,10069,1167,146430,118392150.0,OI2109
2021-07-07 11:14:00,10069,10071,10068,10070,467,146399,47377150.0,OI2109
2021-07-07 11:15:00,10070,10073,10065,10068,1577,146224,156201140.0,OI2109
2021-07-07 11:16:00,10069,10074,10067,10069,1109,146092,112496960.0,OI2109
2021-07-07 11:17:00,10069,10070,10066,10069,870,145873,88252800.0,OI2109
2021-07-07 11:18:00,10070,10072,10065,10065,898,145736,91093120.0,OI2109
2021-07-07 11:19:00,10066,10068,10064,10067,1326,145498,130681900.0,OI2109
2021-07-07 11:20:00,10068,10072,10065,10068,995,145405,100922850.0,OI2109
2021-07-07 11:21:00,10068,10069,10065,10068,822,145199,83375460.0,OI2109
2021-07-07 11:22:00,10067,10071,10066,10066,437,145143,44324910.0,OI2109
2021-07-07 11:23:00,10067,10071,10066,10069,588,145003,59640840.0,OI2109
2021-07-07 11:24:00,10070,10071,10066,10070,376,144918,38137680.0,OI2109
2021-07-07 11:25:00,10070,10071,10063,10066,940,144734,95344200.0,OI2109
2021-07-07 11:26:00,10064,10067,10064,10065,408,144710,41383440.0,OI2109
2021-07-07 11:27:00,10065,10069,10064,10066,501,144705,46938220.0,OI2109
2021-07-07 11:28:00,10064,10066,10023,10025,3881,144407,389694000.0,OI2109
2021-07-07 11:29:00,10026,10037,10026,10034,1267,144204,128486470.0,OI2109
2021-07-07 13:30:00,10035,10061,10032,10059,2699,143892,269748910.0,OI2109
2021-07-07 13:31:00,10060,10072,10058,10071,1571,143834,159299400.0,OI2109
2021-07-07 13:32:00,10072,10078,10066,10074,1696,143761,171974400.0,OI2109
2021-07-07 13:33:00,10075,10077,10072,10074,854,143783,86595600.0,OI2109
2021-07-07 13:34:00,10073,10078,10072,10077,1055,143743,106977000.0,OI2109
2021-07-07 13:35:00,10077,10078,10061,10062,1374,143587,135301420.0,OI2109
2021-07-07 13:36:00,10062,10069,10061,10066,697,143654,70668830.0,OI2109
2021-07-07 13:37:00,10066,10074,10065,10073,707,143678,71682730.0,OI2109
2021-07-07 13:38:00,10073,10074,10070,10072,526,143585,53331140.0,OI2109
2021-07-07 13:39:00,10072,10074,10071,10073,427,143588,43293530.0,OI2109
2021-07-07 13:40:00,10073,10086,10073,10085,1486,143359,150665540.0,OI2109
2021-07-07 13:41:00,10084,10093,10084,10093,1510,143203,153098900.0,OI2109
2021-07-07 13:42:00,10093,10100,10092,10099,1116,143094,109064370.0,OI2109
2021-07-07 13:43:00,10098,10103,10096,10100,1374,143281,139296120.0,OI2109
2021-07-07 13:44:00,10101,10102,10098,10099,972,143317,98541360.0,OI2109
2021-07-07 13:45:00,10099,10111,10099,10111,1703,143262,172650140.0,OI2109
2021-07-07 13:46:00,10110,10111,10104,10105,1473,143342,149332740.0,OI2109
2021-07-07 13:47:00,10105,10110,10104,10110,1858,143508,188364040.0,OI2109
2021-07-07 13:48:00,10109,10115,10104,10113,1931,143587,195764780.0,OI2109
2021-07-07 13:49:00,10113,10118,10111,10118,1196,143673,121250480.0,OI2109
2021-07-07 13:50:00,10118,10125,10116,10122,1749,143759,177313620.0,OI2109
2021-07-07 13:51:00,10122,10126,10120,10124,1520,143731,149872970.0,OI2109
2021-07-07 13:52:00,10123,10133,10123,10128,1658,143515,168071460.0,OI2109
2021-07-07 13:53:00,10129,10131,10124,10125,903,143498,91537110.0,OI2109
2021-07-07 13:54:00,10124,10126,10108,10109,2019,143253,204666030.0,OI2109
2021-07-07 13:55:00,10110,10113,10107,10108,1136,143268,115156320.0,OI2109
2021-07-07 13:56:00,10108,10110,10102,10107,1238,143174,125496060.0,OI2109
2021-07-07 13:57:00,10106,10109,10099,10100,919,143017,93159030.0,OI2109
2021-07-07 13:58:00,10101,10104,10099,10100,915,143032,92753550.0,OI2109
2021-07-07 13:59:00,10099,10103,10095,10098,761,143020,77142570.0,OI2109
2021-07-07 14:00:00,10098,10100,10087,10087,1055,142940,106945350.0,OI2109
2021-07-07 14:01:00,10088,10088,10083,10085,869,142921,88090530.0,OI2109
2021-07-07 14:02:00,10085,10087,10078,10080,1010,142844,102383700.0,OI2109
2021-07-07 14:03:00,10081,10089,10080,10083,1222,143019,119512460.0,OI2109
2021-07-07 14:04:00,10084,10086,10080,10084,552,143109,55950720.0,OI2109
2021-07-07 14:05:00,10082,10098,10081,10089,1036,143046,105008960.0,OI2109
2021-07-07 14:06:00,10088,10092,10085,10091,453,143000,45916080.0,OI2109
2021-07-07 14:07:00,10090,10091,10075,10079,1132,142962,114739520.0,OI2109
2021-07-07 14:08:00,10080,10087,10079,10085,624,143018,63248640.0,OI2109
2021-07-07 14:09:00,10085,10095,10085,10090,898,143035,91021280.0,OI2109
2021-07-07 14:10:00,10090,10090,10083,10086,616,142998,62437760.0,OI2109
2021-07-07 14:11:00,10086,10091,10084,10091,432,142944,43787520.0,OI2109
2021-07-07 14:12:00,10091,10103,10089,10098,3470,142325,347265390.0,OI2109
2021-07-07 14:13:00,10099,10100,10088,10089,2174,142194,220334900.0,OI2109
2021-07-07 14:14:00,10089,10095,10089,10089,1529,142256,154964150.0,OI2109
2021-07-07 14:15:00,10089,10093,10078,10082,2199,142077,222868650.0,OI2109
2021-07-07 14:16:00,10083,10089,10082,10087,650,142080,65877500.0,OI2109
2021-07-07 14:17:00,10086,10087,10082,10083,327,142035,33141450.0,OI2109
2021-07-07 14:18:00,10083,10083,10076,10079,1015,142023,102870250.0,OI2109
2021-07-07 14:19:00,10079,10081,10072,10072,963,142047,97600050.0,OI2109
2021-07-07 14:20:00,10073,10075,10066,10071,1176,142110,114633460.0,OI2109
2021-07-07 14:21:00,10072,10074,10071,10073,395,142074,40029300.0,OI2109
2021-07-07 14:22:00,10074,10074,10068,10070,464,142059,47021760.0,OI2109
2021-07-07 14:23:00,10071,10078,10068,10076,577,142123,58473180.0,OI2109
2021-07-07 14:24:00,10074,10077,10071,10072,438,142100,44386920.0,OI2109
2021-07-07 14:25:00,10071,10080,10071,10080,584,142085,59182560.0,OI2109
2021-07-07 14:26:00,10078,10080,10075,10078,526,142044,53304840.0,OI2109
2021-07-07 14:27:00,10079,10080,10072,10073,412,142015,41752080.0,OI2109
2021-07-07 14:28:00,10071,10074,10069,10069,440,142089,44589600.0,OI2109
2021-07-07 14:29:00,10069,10081,10069,10081,666,142171,67492440.0,OI2109
2021-07-07 14:30:00,10081,10087,10078,10079,1258,142083,127485720.0,OI2109
2021-07-07 14:31:00,10078,10078,10068,10071,1065,142152,107927100.0,OI2109
2021-07-07 14:32:00,10071,10079,10071,10073,567,142131,52831720.0,OI2109
2021-07-07 14:33:00,10072,10074,10068,10073,596,142111,60392680.0,OI2109
2021-07-07 14:34:00,10074,10075,10070,10074,414,142228,41950620.0,OI2109
2021-07-07 14:35:00,10072,10074,10068,10069,515,142269,52184950.0,OI2109
2021-07-07 14:36:00,10069,10070,10054,10058,2208,142498,223736640.0,OI2109
2021-07-07 14:37:00,10057,10065,10056,10064,986,142667,99911380.0,OI2109
2021-07-07 14:38:00,10065,10079,10064,10079,1103,142473,111766990.0,OI2109
2021-07-07 14:39:00,10079,10080,10071,10075,754,142553,76402820.0,OI2109
2021-07-07 14:40:00,10075,10080,10071,10071,753,142592,71600140.0,OI2109
2021-07-07 14:41:00,10071,10072,10060,10064,878,142633,88958960.0,OI2109
2021-07-07 14:42:00,10065,10065,10057,10059,983,142871,99597560.0,OI2109
2021-07-07 14:43:00,10058,10061,10055,10057,651,142917,65959320.0,OI2109
2021-07-07 14:44:00,10057,10065,10056,10063,653,142910,66161960.0,OI2109
2021-07-07 14:45:00,10063,10070,10059,10070,1429,143160,144786280.0,OI2109
2021-07-07 14:46:00,10067,10076,10066,10074,2215,142966,219654360.0,OI2109
2021-07-07 14:47:00,10073,10080,10073,10077,1567,142587,158752770.0,OI2109
2021-07-07 14:48:00,10077,10078,10074,10076,617,142546,62508270.0,OI2109
2021-07-07 14:49:00,10075,10079,10071,10074,805,142542,81554550.0,OI2109
2021-07-07 14:50:00,10074,10079,10073,10074,711,142515,72031410.0,OI2109
2021-07-07 14:51:00,10075,10084,10070,10084,1057,142403,107084670.0,OI2109
2021-07-07 14:52:00,10083,10083,10074,10074,1149,142218,116405190.0,OI2109
2021-07-07 14:53:00,10073,10073,10064,10067,895,142204,90672450.0,OI2109
2021-07-07 14:54:00,10068,10075,10067,10075,1199,141859,121470690.0,OI2109
2021-07-07 14:55:00,10075,10081,10075,10080,1461,141440,143149860.0,OI2109
2021-07-07 14:56:00,10082,10089,10082,10089,928,141271,94006400.0,OI2109
2021-07-07 14:57:00,10090,10097,10085,10096,1488,141155,150734400.0,OI2109
2021-07-07 14:58:00,10097,10102,10094,10102,1397,140701,141516100.0,OI2109
2021-07-07 14:59:00,10102,10106,10100,10104,1611,139931,163194300.0,OI2109
2021-07-07 21:00:00,10058,10058,10028,10046,8430,139986,846709200.0,OI2109
2021-07-07 21:01:00,10047,10094,10047,10094,5481,139873,552041850.0,OI2109
2021-07-07 21:02:00,10094,10105,10054,10080,5440,139294,548927100.0,OI2109
2021-07-07 21:03:00,10081,10089,10077,10086,2763,139056,278538230.0,OI2109
2021-07-07 21:04:00,10086,10099,10083,10094,2234,139229,225383740.0,OI2109
2021-07-07 21:05:00,10095,10095,10084,10086,1736,139106,175058680.0,OI2109
2021-07-07 21:06:00,10085,10086,10062,10065,2468,139096,248527600.0,OI2109
2021-07-07 21:07:00,10063,10064,10051,10055,2397,139175,241068410.0,OI2109
2021-07-07 21:08:00,10056,10070,10055,10062,1450,139120,146000500.0,OI2109
2021-07-07 21:09:00,10061,10072,10059,10065,1331,139223,134018390.0,OI2109
2021-07-07 21:10:00,10066,10079,10065,10078,1412,139156,142174280.0,OI2109
2021-07-07 21:11:00,10078,10085,10074,10083,1246,139149,125459740.0,OI2109
2021-07-07 21:12:00,10083,10084,10070,10071,810,139205,81930880.0,OI2109
2021-07-07 21:13:00,10070,10086,10067,10086,1110,139278,111777000.0,OI2109
2021-07-07 21:14:00,10086,10089,10084,10086,891,139345,89723700.0,OI2109
2021-07-07 21:15:00,10088,10113,10087,10109,3674,139980,371257990.0,OI2109
2021-07-07 21:16:00,10111,10112,10103,10105,1539,140202,155467590.0,OI2109
2021-07-07 21:17:00,10105,10107,10090,10094,1952,140026,197108120.0,OI2109
2021-07-07 21:18:00,10095,10102,10093,10093,1309,140033,132358480.0,OI2109
2021-07-07 21:19:00,10093,10098,10084,10092,2307,140521,232453320.0,OI2109
2021-07-07 21:20:00,10091,10103,10091,10100,1141,140586,115478370.0,OI2109
2021-07-07 21:21:00,10100,10102,10093,10093,830,140704,83639100.0,OI2109
2021-07-07 21:22:00,10093,10094,10084,10085,1074,140611,108226980.0,OI2109
2021-07-07 21:23:00,10085,10095,10085,10090,774,140652,78533970.0,OI2109
2021-07-07 21:24:00,10089,10091,10073,10074,1560,140601,157216800.0,OI2109
2021-07-07 21:25:00,10073,10075,10065,10068,1367,140760,137199000.0,OI2109
2021-07-07 21:26:00,10069,10073,10068,10068,807,140801,81321390.0,OI2109
2021-07-07 21:27:00,10068,10068,10060,10063,1200,141056,120924000.0,OI2109
2021-07-07 21:28:00,10063,10064,10055,10063,1909,141374,191763510.0,OI2109
2021-07-07 21:29:00,10063,10063,10056,10058,1151,141476,115974760.0,OI2109
2021-07-07 21:30:00,10058,10077,10040,10040,5070,141927,510184570.0,OI2109
2021-07-07 21:31:00,10041,10052,10036,10050,3963,142096,397855730.0,OI2109
2021-07-07 21:32:00,10051,10060,10048,10056,2510,141996,252832300.0,OI2109
2021-07-07 21:33:00,10055,10062,10047,10047,1693,142002,169785600.0,OI2109
2021-07-07 21:34:00,10047,10051,10042,10048,1644,142160,165583680.0,OI2109
2021-07-07 21:35:00,10048,10055,10047,10047,1518,142310,152111050.0,OI2109
2021-07-07 21:36:00,10047,10054,10047,10049,1043,142346,105040530.0,OI2109
2021-07-07 21:37:00,10049,10049,10034,10037,2073,142531,207958760.0,OI2109
2021-07-07 21:38:00,10037,10039,10020,10024,5420,142642,544059460.0,OI2109
2021-07-07 21:39:00,10022,10024,10006,10008,4402,143657,440459490.0,OI2109
2021-07-07 21:40:00,10007,10008,9992,9996,5991,144606,599109350.0,OI2109
2021-07-07 21:41:00,9996,9998,9990,9996,4985,145356,498477700.0,OI2109
2021-07-07 21:42:00,9995,10000,9992,9996,2531,145672,252475260.0,OI2109
2021-07-07 21:43:00,9996,10004,9996,9998,2291,145749,229313690.0,OI2109
2021-07-07 21:44:00,9999,9999,9977,9979,3450,146155,344689960.0,OI2109
2021-07-07 21:45:00,9977,9992,9973,9988,2854,146439,284648000.0,OI2109
2021-07-07 21:46:00,9988,10003,9986,10003,2304,146509,230419690.0,OI2109
2021-07-07 21:47:00,10003,10004,9996,10001,1713,146515,170984020.0,OI2109
2021-07-07 21:48:00,10001,10005,9996,10002,1870,146751,187916300.0,OI2109
2021-07-07 21:49:00,10003,10003,9998,10000,1340,146899,133452020.0,OI2109
2021-07-07 21:50:00,10001,10001,9982,9987,2472,146917,247157260.0,OI2109
2021-07-07 21:51:00,9987,10011,9986,10008,2658,146793,265793380.0,OI2109
2021-07-07 21:52:00,10010,10017,10009,10017,2159,146800,215615670.0,OI2109
2021-07-07 21:53:00,10017,10017,10009,10012,1593,146905,160016850.0,OI2109
2021-07-07 21:54:00,10011,10013,9996,9998,1809,146908,180402560.0,OI2109
2021-07-07 21:55:00,9996,10006,9996,10005,1149,146980,115405560.0,OI2109
2021-07-07 21:56:00,10004,10010,10001,10004,1268,146822,127357920.0,OI2109
2021-07-07 21:57:00,10003,10004,9995,10000,1104,146932,109539060.0,OI2109
2021-07-07 21:58:00,10000,10001,9991,9991,1095,147012,109970850.0,OI2109
2021-07-07 21:59:00,9993,9995,9984,9986,1293,147148,128485410.0,OI2109
2021-07-07 22:00:00,9985,9985,9959,9964,4046,147607,403477240.0,OI2109
2021-07-07 22:01:00,9964,9974,9957,9974,2898,147744,289519180.0,OI2109
2021-07-07 22:02:00,9975,9980,9967,9974,2973,147425,295519970.0,OI2109
2021-07-07 22:03:00,9973,9978,9970,9977,1226,147373,123053620.0,OI2109
2021-07-07 22:04:00,9977,9978,9971,9973,1572,147716,156283910.0,OI2109
2021-07-07 22:05:00,9972,9976,9967,9976,1864,147550,185554670.0,OI2109
2021-07-07 22:06:00,9974,9975,9963,9971,1212,147664,121624200.0,OI2109
2021-07-07 22:07:00,9971,9971,9963,9964,1571,147644,156105650.0,OI2109
2021-07-07 22:08:00,9966,9966,9954,9957,1979,147552,197008870.0,OI2109
2021-07-07 22:09:00,9958,9958,9944,9952,2457,147720,244922250.0,OI2109
2021-07-07 22:10:00,9951,9961,9947,9957,2377,147929,236848310.0,OI2109
2021-07-07 22:11:00,9957,9959,9946,9947,1811,148139,180030970.0,OI2109
2021-07-07 22:12:00,9947,9955,9946,9955,1456,148401,144391800.0,OI2109
2021-07-07 22:13:00,9955,9955,9942,9944,1372,148576,137597880.0,OI2109
2021-07-07 22:14:00,9944,9947,9937,9937,2082,148446,207124240.0,OI2109
2021-07-07 22:15:00,9938,9952,9936,9950,2957,148796,293109740.0,OI2109
2021-07-07 22:16:00,9950,9955,9946,9952,2547,148922,253627640.0,OI2109
2021-07-07 22:17:00,9953,9953,9943,9946,1890,148661,187719020.0,OI2109
2021-07-07 22:18:00,9947,9947,9941,9945,689,148824,69065360.0,OI2109
2021-07-07 22:19:00,9946,9946,9935,9941,1135,148902,112000680.0,OI2109
2021-07-07 22:20:00,9941,9942,9932,9932,1721,149162,170706900.0,OI2109
2021-07-07 22:21:00,9934,9942,9934,9942,2401,148834,238815280.0,OI2109
2021-07-07 22:22:00,9940,9942,9933,9939,1288,148755,129070480.0,OI2109
2021-07-07 22:23:00,9937,9945,9935,9944,1702,148807,168714580.0,OI2109
2021-07-07 22:24:00,9944,9944,9934,9938,1415,148816,139926010.0,OI2109
2021-07-07 22:25:00,9939,9942,9934,9934,1075,148922,107704250.0,OI2109
2021-07-07 22:26:00,9934,9952,9934,9952,1183,148808,116645200.0,OI2109
2021-07-07 22:27:00,9952,9959,9945,9956,2712,148220,269781470.0,OI2109
2021-07-07 22:28:00,9955,9955,9925,9928,2193,148350,219672810.0,OI2109
2021-07-07 22:29:00,9927,9930,9924,9930,1698,148669,168143060.0,OI2109
2021-07-07 22:30:00,9930,9939,9925,9931,1679,148573,166206250.0,OI2109
2021-07-07 22:31:00,9931,9938,9931,9932,1297,148614,129894550.0,OI2109
2021-07-07 22:32:00,9932,9932,9917,9924,1808,148617,179077760.0,OI2109
2021-07-07 22:33:00,9925,9930,9915,9916,1602,148785,158414820.0,OI2109
2021-07-07 22:34:00,9916,9934,9916,9930,1784,148679,176604620.0,OI2109
2021-07-07 22:35:00,9932,9952,9929,9951,3043,147796,302607430.0,OI2109
2021-07-07 22:36:00,9951,9954,9941,9949,2058,147368,206026380.0,OI2109
2021-07-07 22:37:00,9950,9962,9949,9952,1997,146997,197821390.0,OI2109
2021-07-07 22:38:00,9954,9956,9936,9945,1530,146902,153153000.0,OI2109
2021-07-07 22:39:00,9946,9948,9933,9936,1480,147015,146019620.0,OI2109
2021-07-07 22:40:00,9937,9937,9925,9927,1393,147257,139425370.0,OI2109
2021-07-07 22:41:00,9928,9941,9924,9941,1466,147179,144574970.0,OI2109
2021-07-07 22:42:00,9942,9942,9934,9939,1043,147197,104383440.0,OI2109
2021-07-07 22:43:00,9939,9952,9937,9951,1085,147068,106408550.0,OI2109
2021-07-07 22:44:00,9951,9956,9944,9952,1553,146735,155408710.0,OI2109
2021-07-07 22:45:00,9953,9963,9949,9960,2096,146345,207531980.0,OI2109
2021-07-07 22:46:00,9960,9961,9954,9958,1004,146235,100460240.0,OI2109
2021-07-07 22:47:00,9958,9958,9943,9947,1261,146018,126175660.0,OI2109
2021-07-07 22:48:00,9947,9949,9936,9936,1005,145944,100560300.0,OI2109
2021-07-07 22:49:00,9936,9941,9931,9939,1349,145966,132720010.0,OI2109
2021-07-07 22:50:00,9941,9941,9933,9935,2226,146128,222711300.0,OI2109
2021-07-07 22:51:00,9935,9948,9933,9948,1385,145931,136272210.0,OI2109
2021-07-07 22:52:00,9948,9948,9935,9939,1682,145915,168267280.0,OI2109
2021-07-07 22:53:00,9939,9944,9938,9944,1327,146055,130425950.0,OI2109
2021-07-07 22:54:00,9945,9945,9940,9943,1047,145751,104731410.0,OI2109
2021-07-07 22:55:00,9941,9950,9941,9950,1256,145647,125637680.0,OI2109
2021-07-07 22:56:00,9950,9953,9946,9953,727,145456,72721810.0,OI2109
2021-07-07 22:57:00,9955,9956,9950,9954,760,145216,73657770.0,OI2109
2021-07-07 22:58:00,9955,9957,9950,9955,850,144916,85017000.0,OI2109
2021-07-07 22:59:00,9956,9956,9935,9936,1636,144042,163632720.0,OI2109
2021-07-08 09:00:00,9966,9978,9959,9973,3002,144034,297840130.0,OI2109
2021-07-08 09:01:00,9973,9974,9959,9963,1548,144116,154815480.0,OI2109
2021-07-08 09:02:00,9965,9972,9955,9959,1251,144233,125112510.0,OI2109
2021-07-08 09:03:00,9958,9966,9958,9965,849,144270,84908490.0,OI2109
2021-07-08 09:04:00,9965,9966,9958,9963,691,144265,69106910.0,OI2109
2021-07-08 09:05:00,9961,9965,9956,9962,1203,144238,120312030.0,OI2109
2021-07-08 09:06:00,9964,9971,9963,9971,1422,144432,139724670.0,OI2109
2021-07-08 09:07:00,9970,9975,9970,9973,739,144376,73900000.0,OI2109
2021-07-08 09:08:00,9974,9976,9965,9966,1093,144371,109300000.0,OI2109
2021-07-08 09:09:00,9967,9968,9959,9961,892,144205,89200000.0,OI2109
2021-07-08 09:10:00,9962,9972,9956,9967,988,144250,98800000.0,OI2109
2021-07-08 09:11:00,9967,9976,9965,9973,1268,144563,126800000.0,OI2109
2021-07-08 09:12:00,9973,9973,9965,9967,578,144500,57800000.0,OI2109
2021-07-08 09:13:00,9966,9973,9965,9969,705,144575,70500000.0,OI2109
2021-07-08 09:14:00,9969,9970,9960,9965,692,144548,69200000.0,OI2109
2021-07-08 09:15:00,9965,9967,9949,9949,1183,144605,115729070.0,OI2109
2021-07-08 09:16:00,9948,9948,9942,9944,1141,144924,114088590.0,OI2109
2021-07-08 09:17:00,9945,9948,9942,9942,742,144989,74192580.0,OI2109
2021-07-08 09:18:00,9942,9943,9926,9928,2146,145519,211967320.0,OI2109
2021-07-08 09:19:00,9929,9930,9923,9928,1493,145932,149270140.0,OI2109
2021-07-08 09:20:00,9928,9947,9925,9944,2126,145799,209910070.0,OI2109
2021-07-08 09:21:00,9943,9947,9940,9941,695,145733,69479150.0,OI2109
2021-07-08 09:22:00,9941,9944,9939,9944,526,145758,52584220.0,OI2109
2021-07-08 09:23:00,9943,9953,9943,9950,1005,145746,100469850.0,OI2109
2021-07-08 09:24:00,9948,9949,9942,9945,346,145742,34589620.0,OI2109
2021-07-08 09:25:00,9944,9948,9943,9946,368,145757,36788960.0,OI2109
2021-07-08 09:26:00,9946,9951,9941,9943,864,145767,86374080.0,OI2109
2021-07-08 09:27:00,9943,9951,9942,9949,577,145809,57682690.0,OI2109
2021-07-08 09:28:00,9949,9950,9943,9945,1273,146158,124557860.0,OI2109
2021-07-08 09:29:00,9945,9950,9945,9949,1396,146036,139544160.0,OI2109
2021-07-08 09:30:00,9950,9956,9949,9956,1624,145793,162335040.0,OI2109
2021-07-08 09:31:00,9957,9962,9955,9961,836,145738,83566560.0,OI2109
2021-07-08 09:32:00,9959,9961,9954,9955,508,145726,50779680.0,OI2109
2021-07-08 09:33:00,9955,9966,9955,9966,847,145562,84666120.0,OI2109
2021-07-08 09:34:00,9965,9975,9964,9970,1552,145277,152366340.0,OI2109
2021-07-08 09:35:00,9972,9972,9960,9963,708,145241,70764600.0,OI2109
2021-07-08 09:36:00,9963,9967,9962,9963,435,145243,43478250.0,OI2109
2021-07-08 09:37:00,9964,9968,9963,9965,397,145210,39680150.0,OI2109
2021-07-08 09:38:00,9964,9965,9957,9960,556,145255,55572200.0,OI2109
2021-07-08 09:39:00,9960,9963,9956,9958,516,145318,51574200.0,OI2109
2021-07-08 09:40:00,9958,9962,9957,9959,387,145340,38680650.0,OI2109
2021-07-08 09:41:00,9960,9960,9958,9958,158,145336,15792100.0,OI2109
2021-07-08 09:42:00,9958,9960,9956,9956,265,145270,26486750.0,OI2109
2021-07-08 09:43:00,9956,9963,9956,9958,1859,145237,185807050.0,OI2109
2021-07-08 09:44:00,9957,9958,9951,9952,594,145198,59370300.0,OI2109
2021-07-08 09:45:00,9951,9951,9946,9949,790,145124,78960500.0,OI2109
2021-07-08 09:46:00,9949,9951,9946,9950,384,145173,38380800.0,OI2109
2021-07-08 09:47:00,9951,9954,9949,9952,345,145166,31637230.0,OI2109
2021-07-08 09:48:00,9952,9963,9952,9962,804,145004,80351760.0,OI2109
2021-07-08 09:49:00,9963,9963,9955,9956,468,144946,46771920.0,OI2109
2021-07-08 09:50:00,9956,9970,9956,9966,827,144825,82650380.0,OI2109
2021-07-08 09:51:00,9967,9972,9963,9964,822,144810,82150680.0,OI2109
2021-07-08 09:52:00,9964,9966,9959,9959,555,144718,55466700.0,OI2109
2021-07-08 09:53:00,9960,9964,9958,9960,420,144665,41974800.0,OI2109
2021-07-08 09:54:00,9960,9963,9958,9959,378,144644,37777320.0,OI2109
2021-07-08 09:55:00,9959,9960,9956,9957,357,144605,35678580.0,OI2109
2021-07-08 09:56:00,9956,9965,9956,9964,414,144635,41375160.0,OI2109
2021-07-08 09:57:00,9965,9968,9962,9964,256,144612,25584640.0,OI2109
2021-07-08 09:58:00,9964,9967,9962,9967,311,144598,31081340.0,OI2109
2021-07-08 09:59:00,9967,9971,9965,9966,469,144573,46871860.0,OI2109
2021-07-08 10:00:00,9967,9968,9957,9961,681,144590,68059140.0,OI2109
2021-07-08 10:01:00,9961,9967,9960,9967,348,144547,34779120.0,OI2109
2021-07-08 10:02:00,9967,9967,9957,9959,344,144561,34379360.0,OI2109
2021-07-08 10:03:00,9958,9962,9955,9961,373,144551,37277620.0,OI2109
2021-07-08 10:04:00,9960,9979,9960,9975,1457,144601,145612580.0,OI2109
2021-07-08 10:05:00,9973,9979,9970,9972,1103,144538,107284430.0,OI2109
2021-07-08 10:06:00,9973,9983,9972,9982,1116,144421,111521880.0,OI2109
2021-07-08 10:07:00,9981,9982,9974,9982,787,144335,78644910.0,OI2109
2021-07-08 10:08:00,9981,9986,9977,9984,1746,144595,174477780.0,OI2109
2021-07-08 10:09:00,9983,9993,9983,9990,2305,144605,230338650.0,OI2109
2021-07-08 10:10:00,9990,9991,9982,9984,2798,144429,279604140.0,OI2109
2021-07-08 10:11:00,9984,9985,9975,9976,2174,144413,217247820.0,OI2109
2021-07-08 10:12:00,9976,9978,9975,9977,719,144265,71849670.0,OI2109
2021-07-08 10:13:00,9977,9978,9969,9969,731,144193,73048830.0,OI2109
2021-07-08 10:14:00,9969,9977,9969,9971,529,144156,52862970.0,OI2109
2021-07-08 10:30:00,9971,9979,9967,9975,1125,144251,112421250.0,OI2109
2021-07-08 10:31:00,9976,9976,9963,9965,727,144304,72649110.0,OI2109
2021-07-08 10:32:00,9964,9969,9963,9967,530,144287,52962900.0,OI2109
2021-07-08 10:33:00,9967,9973,9965,9970,535,144303,53462550.0,OI2109
2021-07-08 10:34:00,9969,9972,9966,9968,501,144280,50064930.0,OI2109
2021-07-08 10:35:00,9968,9971,9962,9965,619,144251,61856670.0,OI2109
2021-07-08 10:36:00,9965,9967,9961,9962,494,144279,49365420.0,OI2109
2021-07-08 10:37:00,9963,9969,9962,9967,564,144284,56360520.0,OI2109
2021-07-08 10:38:00,9965,9967,9957,9958,723,144204,69112770.0,OI2109
2021-07-08 10:39:00,9958,9958,9952,9954,747,144282,74640240.0,OI2109
2021-07-08 10:40:00,9955,9956,9951,9955,515,144273,51458800.0,OI2109
2021-07-08 10:41:00,9955,9956,9950,9953,503,144331,50259760.0,OI2109
2021-07-08 10:42:00,9954,9964,9952,9963,619,144386,61850480.0,OI2109
2021-07-08 10:43:00,9964,9966,9954,9956,654,144399,65347680.0,OI2109
2021-07-08 10:44:00,9958,9959,9951,9957,924,144427,92326080.0,OI2109
2021-07-08 10:45:00,9957,9966,9957,9963,781,144469,78037520.0,OI2109
2021-07-08 10:46:00,9963,9970,9963,9967,657,144490,65647440.0,OI2109
2021-07-08 10:47:00,9967,9986,9967,9985,1573,144501,157174160.0,OI2109
2021-07-08 10:48:00,9985,9990,9981,9984,1734,144468,173261280.0,OI2109
2021-07-08 10:49:00,9984,9988,9980,9988,1447,144617,144584240.0,OI2109
2021-07-08 10:50:00,9989,10006,9988,10002,3422,144521,341926240.0,OI2109
2021-07-08 10:51:00,10002,10005,10000,10004,1827,144451,182553840.0,OI2109
2021-07-08 10:52:00,10003,10013,10003,10012,1792,144256,179056640.0,OI2109
2021-07-08 10:53:00,10012,10018,10009,10015,2678,144515,267585760.0,OI2109
2021-07-08 10:54:00,10017,10021,10016,10020,1968,144811,196642560.0,OI2109
2021-07-08 10:55:00,10020,10026,10018,10024,1156,144892,115507520.0,OI2109
2021-07-08 10:56:00,10024,10033,10021,10028,2101,145138,213319520.0,OI2109
2021-07-08 10:57:00,10029,10030,10024,10030,2169,144894,216748170.0,OI2109
2021-07-08 10:58:00,10030,10036,10029,10035,1332,144991,133106760.0,OI2109
2021-07-08 10:59:00,10034,10035,10027,10031,2201,145097,219945930.0,OI2109
2021-07-08 11:00:00,10032,10035,10024,10024,2003,144656,200159790.0,OI2109
2021-07-08 11:01:00,10024,10027,10019,10021,2101,144050,213438590.0,OI2109
2021-07-08 11:02:00,10022,10022,10014,10016,1356,143909,135518640.0,OI2109
2021-07-08 11:03:00,10016,10020,10015,10015,1025,143689,102438500.0,OI2109
2021-07-08 11:04:00,10015,10021,10010,10021,1578,143570,157705320.0,OI2109
2021-07-08 11:05:00,10020,10031,10020,10030,1654,143476,165300760.0,OI2109
2021-07-08 11:06:00,10030,10034,10030,10030,849,143549,84849060.0,OI2109
2021-07-08 11:07:00,10031,10035,10028,10034,1514,143839,151309160.0,OI2109
2021-07-08 11:08:00,10035,10036,10028,10032,839,143644,83849660.0,OI2109
2021-07-08 11:09:00,10033,10041,10032,10041,1478,143503,151299910.0,OI2109
2021-07-08 11:10:00,10040,10044,10039,10042,876,143522,87556200.0,OI2109
2021-07-08 11:11:00,10042,10046,10041,10045,907,143504,90654650.0,OI2109
2021-07-08 11:12:00,10045,10045,10038,10042,1165,143170,116441750.0,OI2109
2021-07-08 11:13:00,10042,10056,10042,10050,1633,143115,163218350.0,OI2109
2021-07-08 11:14:00,10050,10054,10047,10050,709,143136,70864550.0,OI2109
2021-07-08 11:15:00,10050,10052,10048,10049,697,143183,69665150.0,OI2109
2021-07-08 11:16:00,10050,10058,10048,10051,1332,143265,136795180.0,OI2109
2021-07-08 11:17:00,10051,10056,10045,10049,1182,143087,118152720.0,OI2109
2021-07-08 11:18:00,10049,10052,10049,10051,694,143157,69372240.0,OI2109
2021-07-08 11:19:00,10052,10055,10046,10049,841,143162,84066360.0,OI2109
2021-07-08 11:20:00,10049,10053,10045,10045,898,143047,89764080.0,OI2109
2021-07-08 11:21:00,10046,10053,10046,10050,946,143211,94562160.0,OI2109
2021-07-08 11:22:00,10051,10051,10046,10046,3811,143157,384693060.0,OI2109
2021-07-08 11:23:00,10046,10050,10043,10043,918,143053,91772460.0,OI2109
2021-07-08 11:24:00,10043,10055,10043,10051,834,143076,83374980.0,OI2109
2021-07-08 11:25:00,10051,10062,10048,10060,1287,142768,128661390.0,OI2109
2021-07-08 11:26:00,10059,10068,10056,10068,1922,142563,195937450.0,OI2109
2021-07-08 11:27:00,10068,10078,10060,10060,1975,142052,197460500.0,OI2109
2021-07-08 11:28:00,10061,10064,10054,10056,1322,141806,132173560.0,OI2109
2021-07-08 11:29:00,10056,10066,10056,10063,727,141635,72685460.0,OI2109
2021-07-08 13:30:00,10063,10064,10052,10056,1772,141415,181017630.0,OI2109
2021-07-08 13:31:00,10056,10057,10044,10047,1460,140973,145985400.0,OI2109
2021-07-08 13:32:00,10047,10047,10021,10022,3572,140273,357164280.0,OI2109
2021-07-08 13:33:00,10021,10026,10008,10012,2909,139941,290870910.0,OI2109
2021-07-08 13:34:00,10014,10017,10010,10013,1926,139831,192580740.0,OI2109
2021-07-08 13:35:00,10013,10013,10007,10010,1319,139649,131886810.0,OI2109
2021-07-08 13:36:00,10009,10010,10002,10002,2192,139169,219178080.0,OI2109
2021-07-08 13:37:00,10003,10004,9999,10000,1607,138951,160683930.0,OI2109
2021-07-08 13:38:00,10000,10001,9995,9996,1801,138835,180081990.0,OI2109
2021-07-08 13:39:00,9997,9998,9990,9991,1492,138933,149185080.0,OI2109
2021-07-08 13:40:00,9991,9997,9990,9996,1130,138883,112988700.0,OI2109
2021-07-08 13:41:00,9996,9996,9990,9993,936,138936,93590640.0,OI2109
2021-07-08 13:42:00,9992,9993,9979,9981,1659,139162,165883410.0,OI2109
2021-07-08 13:43:00,9981,9981,9975,9977,1206,139513,120587940.0,OI2109
2021-07-08 13:44:00,9977,9980,9973,9978,1413,139848,141285870.0,OI2109
2021-07-08 13:45:00,9978,9984,9974,9982,1448,139707,144785520.0,OI2109
2021-07-08 13:46:00,9982,9986,9980,9986,982,139568,98190180.0,OI2109
2021-07-08 13:47:00,9986,10005,9984,10004,2616,139129,261573840.0,OI2109
2021-07-08 13:48:00,10005,10009,10001,10003,1724,138890,172382760.0,OI2109
2021-07-08 13:49:00,10003,10010,10003,10008,1111,139089,111088890.0,OI2109
2021-07-08 13:50:00,10007,10012,10006,10012,930,139003,92990700.0,OI2109
2021-07-08 13:51:00,10013,10017,10013,10014,956,138947,95590440.0,OI2109
2021-07-08 13:52:00,10015,10016,10009,10009,1721,138966,172082790.0,OI2109
2021-07-08 13:53:00,10009,10017,10006,10017,1057,138882,105689430.0,OI2109
2021-07-08 13:54:00,10017,10029,10017,10023,1912,138845,191180880.0,OI2109
2021-07-08 13:55:00,10024,10024,10014,10021,1192,138750,119188080.0,OI2109
2021-07-08 13:56:00,10022,10028,10022,10027,1001,138652,100089990.0,OI2109
2021-07-08 13:57:00,10027,10035,10026,10032,1149,138781,114888510.0,OI2109
2021-07-08 13:58:00,10031,10039,10031,10036,1027,138808,102689730.0,OI2109
2021-07-08 13:59:00,10036,10044,10036,10040,1236,138682,127887550.0,OI2109
2021-07-08 14:00:00,10041,10041,10025,10029,2175,138324,217500000.0,OI2109
2021-07-08 14:01:00,10028,10031,10023,10025,911,138326,91100000.0,OI2109
2021-07-08 14:02:00,10025,10034,10025,10031,779,138344,77900000.0,OI2109
2021-07-08 14:03:00,10030,10040,10030,10038,1109,138320,110900000.0,OI2109
2021-07-08 14:04:00,10038,10040,10031,10031,787,138290,78700000.0,OI2109
2021-07-08 14:05:00,10031,10037,10031,10031,695,138441,69500000.0,OI2109
2021-07-08 14:06:00,10032,10033,10027,10028,732,138459,73200000.0,OI2109
2021-07-08 14:07:00,10029,10032,10026,10030,497,138455,49700000.0,OI2109
2021-07-08 14:08:00,10031,10032,10027,10031,414,138458,41400000.0,OI2109
2021-07-08 14:09:00,10031,10032,10019,10021,1171,138390,117100000.0,OI2109
2021-07-08 14:10:00,10022,10025,10021,10022,703,138381,70300000.0,OI2109
2021-07-08 14:11:00,10022,10029,10022,10025,571,138362,57100000.0,OI2109
2021-07-08 14:12:00,10025,10026,10017,10019,604,138362,60400000.0,OI2109
2021-07-08 14:13:00,10019,10036,10018,10030,1436,138473,143600000.0,OI2109
2021-07-08 14:14:00,10031,10040,10030,10034,1568,138260,161241430.0,OI2109
2021-07-08 14:15:00,10033,10037,10033,10034,1275,138389,127512750.0,OI2109
2021-07-08 14:16:00,10035,10040,10034,10036,1285,138101,128512850.0,OI2109
2021-07-08 14:17:00,10037,10037,10027,10027,862,137987,86208620.0,OI2109
2021-07-08 14:18:00,10027,10035,10026,10034,619,137931,61906190.0,OI2109
2021-07-08 14:19:00,10034,10038,10033,10034,510,137926,51005100.0,OI2109
2021-07-08 14:20:00,10034,10034,10029,10031,392,137855,39203920.0,OI2109
2021-07-08 14:21:00,10030,10036,10028,10028,531,137884,53105310.0,OI2109
2021-07-08 14:22:00,10029,10036,10028,10034,595,137972,59505950.0,OI2109
2021-07-08 14:23:00,10034,10038,10033,10037,455,137983,45504550.0,OI2109
2021-07-08 14:24:00,10038,10040,10034,10038,560,137995,56005600.0,OI2109
2021-07-08 14:25:00,10039,10043,10038,10038,719,137910,71907190.0,OI2109
2021-07-08 14:26:00,10037,10039,10034,10038,568,137969,56805680.0,OI2109
2021-07-08 14:27:00,10037,10044,10037,10040,627,138039,62706270.0,OI2109
2021-07-08 14:28:00,10041,10042,10039,10040,343,138013,34303430.0,OI2109
2021-07-08 14:29:00,10041,10042,10021,10023,1416,138016,141614160.0,OI2109
2021-07-08 14:30:00,10024,10028,10014,10017,1640,137966,164016400.0,OI2109
2021-07-08 14:31:00,10017,10021,10017,10019,760,137988,76007600.0,OI2109
2021-07-08 14:32:00,10018,10019,10009,10012,1199,137906,124496980.0,OI2109
2021-07-08 14:33:00,10011,10024,10010,10022,1208,137927,120824160.0,OI2109
2021-07-08 14:34:00,10022,10028,10018,10025,754,137948,75415080.0,OI2109
2021-07-08 14:35:00,10025,10025,10020,10022,571,137972,57111420.0,OI2109
2021-07-08 14:36:00,10023,10028,10022,10026,1264,137976,126425280.0,OI2109
2021-07-08 14:37:00,10027,10035,10027,10029,728,137937,72814560.0,OI2109
2021-07-08 14:38:00,10030,10030,10021,10025,583,137918,58311660.0,OI2109
2021-07-08 14:39:00,10024,10034,10024,10031,454,137935,45409080.0,OI2109
2021-07-08 14:40:00,10031,10033,10028,10028,563,137920,56311260.0,OI2109
2021-07-08 14:41:00,10027,10027,10019,10020,903,137807,90318060.0,OI2109
2021-07-08 14:42:00,10019,10023,10017,10022,2523,137812,252350460.0,OI2109
2021-07-08 14:43:00,10021,10028,10021,10026,437,137744,43708740.0,OI2109
2021-07-08 14:44:00,10026,10028,10024,10028,289,137735,28905780.0,OI2109
2021-07-08 14:45:00,10029,10038,10028,10036,1185,137681,118523700.0,OI2109
2021-07-08 14:46:00,10036,10042,10034,10039,894,137672,89417880.0,OI2109
2021-07-08 14:47:00,10039,10039,10027,10032,832,137541,83216640.0,OI2109
2021-07-08 14:48:00,10031,10032,10026,10030,520,137450,52010400.0,OI2109
2021-07-08 14:49:00,10030,10033,10024,10029,633,137348,63312660.0,OI2109
2021-07-08 14:50:00,10029,10040,10029,10038,695,137271,69513900.0,OI2109
2021-07-08 14:51:00,10038,10040,10034,10036,617,137253,61712340.0,OI2109
2021-07-08 14:52:00,10037,10043,10035,10041,824,137175,82416480.0,OI2109
2021-07-08 14:53:00,10042,10046,10038,10040,1153,137109,120084350.0,OI2109
2021-07-08 14:54:00,10041,10041,10031,10032,816,136928,81624480.0,OI2109
2021-07-08 14:55:00,10032,10037,10029,10036,1050,136737,105031500.0,OI2109
2021-07-08 14:56:00,10036,10042,10034,10037,729,136608,72921870.0,OI2109
2021-07-08 14:57:00,10037,10037,10030,10033,658,136403,65819740.0,OI2109
2021-07-08 14:58:00,10033,10034,10028,10031,838,135987,83825140.0,OI2109
2021-07-08 14:59:00,10031,10031,10018,10030,1407,135315,140742210.0,OI2109
2021-07-08 21:00:00,9975,9975,9930,9931,7548,136841,750799560.0,OI2109
2021-07-08 21:01:00,9930,9938,9924,9935,4453,137435,442219850.0,OI2109
2021-07-08 21:02:00,9936,9936,9922,9923,2678,137661,265926400.0,OI2109
2021-07-08 21:03:00,9924,9932,9916,9927,2647,137860,262565550.0,OI2109
2021-07-08 21:04:00,9927,9928,9914,9923,2624,138141,260321640.0,OI2109
2021-07-08 21:05:00,9923,9926,9912,9922,3248,138489,322424340.0,OI2109
2021-07-08 21:06:00,9923,9923,9907,9907,2671,139187,264793050.0,OI2109
2021-07-08 21:07:00,9908,9913,9901,9907,2485,139570,245934730.0,OI2109
2021-07-08 21:08:00,9907,9907,9892,9897,2591,139913,256615580.0,OI2109
2021-07-08 21:09:00,9896,9906,9894,9906,2000,140331,197861100.0,OI2109
2021-07-08 21:10:00,9905,9915,9901,9905,1978,140398,195947490.0,OI2109
2021-07-08 21:11:00,9905,9911,9899,9903,1613,140481,160057990.0,OI2109
2021-07-08 21:12:00,9903,9911,9897,9910,1296,140711,128223760.0,OI2109
2021-07-08 21:13:00,9911,9915,9898,9898,1650,141001,163318180.0,OI2109
2021-07-08 21:14:00,9896,9899,9882,9887,4273,142521,422611680.0,OI2109
2021-07-08 21:15:00,9887,9894,9885,9892,1727,142820,170829040.0,OI2109
2021-07-08 21:16:00,9892,9899,9892,9897,964,142805,95599880.0,OI2109
2021-07-08 21:17:00,9896,9908,9896,9905,1261,142669,124576300.0,OI2109
2021-07-08 21:18:00,9905,9912,9898,9909,1414,142699,140212240.0,OI2109
2021-07-08 21:19:00,9909,9909,9900,9905,684,142674,67825440.0,OI2109
2021-07-08 21:20:00,9905,9908,9901,9906,952,142920,94400320.0,OI2109
2021-07-08 21:21:00,9907,9911,9902,9908,794,142930,78217530.0,OI2109
2021-07-08 21:22:00,9906,9906,9891,9901,1425,143062,141288750.0,OI2109
2021-07-08 21:23:00,9902,9906,9900,9902,686,143121,68016900.0,OI2109
2021-07-08 21:24:00,9900,9900,9893,9893,777,143162,76495160.0,OI2109
2021-07-08 21:25:00,9895,9907,9894,9905,767,143113,76040380.0,OI2109
2021-07-08 21:26:00,9904,9904,9896,9901,646,143221,64044440.0,OI2109
2021-07-08 21:27:00,9900,9903,9899,9901,487,143295,48281180.0,OI2109
2021-07-08 21:28:00,9901,9901,9890,9895,904,143341,89622560.0,OI2109
2021-07-08 21:29:00,9896,9902,9894,9897,761,143437,74865500.0,OI2109
2021-07-08 21:30:00,9896,9919,9889,9905,4652,143170,461152760.0,OI2109
2021-07-08 21:31:00,9906,9933,9906,9929,4826,142533,479076200.0,OI2109
2021-07-08 21:32:00,9927,9930,9921,9925,2771,142171,274716940.0,OI2109
2021-07-08 21:33:00,9927,9927,9919,9920,1202,142098,119166280.0,OI2109
2021-07-08 21:34:00,9922,9923,9910,9911,1413,142154,140084820.0,OI2109
2021-07-08 21:35:00,9911,9916,9908,9910,1350,142228,133839000.0,OI2109
2021-07-08 21:36:00,9910,9923,9908,9922,1208,142205,119761120.0,OI2109
2021-07-08 21:37:00,9922,9928,9917,9922,1001,142179,100003410.0,OI2109
2021-07-08 21:38:00,9923,9925,9915,9919,982,142184,97365300.0,OI2109
2021-07-08 21:39:00,9919,9927,9917,9926,853,142106,84574950.0,OI2109
2021-07-08 21:40:00,9925,9930,9921,9924,1220,142085,120963000.0,OI2109
2021-07-08 21:41:00,9924,9928,9923,9926,1284,141856,127308600.0,OI2109
2021-07-08 21:42:00,9927,9927,9910,9912,2067,141314,204943050.0,OI2109
2021-07-08 21:43:00,9912,9915,9897,9898,1937,141168,192053550.0,OI2109
2021-07-08 21:44:00,9897,9905,9897,9903,1687,141101,167266050.0,OI2109
2021-07-08 21:45:00,9903,9908,9900,9905,1381,141088,136047770.0,OI2109
2021-07-08 21:46:00,9905,9907,9897,9900,1514,140915,150097960.0,OI2109
2021-07-08 21:47:00,9899,9907,9895,9903,1294,140797,128287160.0,OI2109
2021-07-08 21:48:00,9903,9909,9898,9908,953,140708,94480420.0,OI2109
2021-07-08 21:49:00,9908,9908,9899,9905,1104,140702,109450560.0,OI2109
2021-07-08 21:50:00,9905,9919,9905,9918,1192,140553,118174880.0,OI2109
2021-07-08 21:51:00,9918,9927,9915,9923,1917,140571,190051380.0,OI2109
2021-07-08 21:52:00,9924,9929,9921,9929,1126,140508,111631640.0,OI2109
2021-07-08 21:53:00,9929,9935,9927,9935,2104,140197,208590560.0,OI2109
2021-07-08 21:54:00,9936,9958,9936,9954,3696,139634,368476200.0,OI2109
2021-07-08 21:55:00,9955,9981,9955,9972,5913,139298,589592610.0,OI2109
2021-07-08 21:56:00,9974,9985,9972,9985,3071,139624,305729710.0,OI2109
2021-07-08 21:57:00,9985,9985,9970,9975,2646,139490,263626880.0,OI2109
2021-07-08 21:58:00,9975,9996,9974,9987,3264,139675,326174080.0,OI2109
2021-07-08 21:59:00,9987,9997,9987,9997,1838,139833,183579440.0,OI2109
2021-07-08 22:00:00,9996,10008,9992,10005,2799,140052,280218140.0,OI2109
2021-07-08 22:01:00,10005,10006,9991,9994,2330,140217,232521790.0,OI2109
2021-07-08 22:02:00,9994,9996,9987,9991,1906,140232,190473670.0,OI2109
2021-07-08 22:03:00,9991,9997,9991,9995,998,140321,100356470.0,OI2109
2021-07-08 22:04:00,9995,9999,9986,9992,1267,140410,127088130.0,OI2109
2021-07-08 22:05:00,9990,9991,9985,9990,1661,140317,164937300.0,OI2109
2021-07-08 22:06:00,9991,10009,9990,10004,2621,140460,262926340.0,OI2109
2021-07-08 22:07:00,10004,10004,9989,9991,1642,140377,163083440.0,OI2109
2021-07-08 22:08:00,9991,9994,9981,9987,1607,140382,160970250.0,OI2109
2021-07-08 22:09:00,9987,9989,9975,9980,1597,140265,160008990.0,OI2109
2021-07-08 22:10:00,9979,9981,9975,9976,945,140364,93876300.0,OI2109
2021-07-08 22:11:00,9977,9987,9976,9980,1230,140226,122188200.0,OI2109
2021-07-08 22:12:00,9980,9992,9980,9984,1303,140140,130853780.0,OI2109
2021-07-08 22:13:00,9983,9991,9982,9990,588,140151,58417800.0,OI2109
2021-07-08 22:14:00,9990,9990,9980,9985,845,140100,83950750.0,OI2109
2021-07-08 22:15:00,9986,9993,9985,9992,1039,140309,104663130.0,OI2109
2021-07-08 22:16:00,9992,9993,9980,9985,989,140185,98267040.0,OI2109
2021-07-08 22:17:00,9984,9991,9981,9990,636,140166,63192960.0,OI2109
2021-07-08 22:18:00,9989,9997,9988,9992,1003,140116,101122840.0,OI2109
2021-07-08 22:19:00,9992,9993,9983,9986,747,140049,74229390.0,OI2109
2021-07-08 22:20:00,9985,10000,9985,9997,1301,139958,129280370.0,OI2109
2021-07-08 22:21:00,9997,10003,9996,9999,1162,140015,116964800.0,OI2109
2021-07-08 22:22:00,9999,10003,9991,9993,957,140086,95106660.0,OI2109
2021-07-08 22:23:00,9993,9994,9988,9991,586,140095,58236680.0,OI2109
2021-07-08 22:24:00,9992,9994,9982,9983,2015,140096,201783140.0,OI2109
2021-07-08 22:25:00,9983,9988,9977,9978,2530,140051,253014440.0,OI2109
2021-07-08 22:26:00,9977,9978,9972,9972,1127,139908,112023800.0,OI2109
2021-07-08 22:27:00,9972,9972,9961,9966,1579,139791,156952600.0,OI2109
2021-07-08 22:28:00,9966,9977,9966,9973,979,139744,98907190.0,OI2109
2021-07-08 22:29:00,9973,9978,9972,9975,767,139812,76247470.0,OI2109
2021-07-08 22:30:00,9975,9984,9975,9981,1109,139737,110245690.0,OI2109
2021-07-08 22:31:00,9982,9991,9981,9987,1074,139710,106766340.0,OI2109
2021-07-08 22:32:00,9988,9991,9985,9985,656,139790,66843610.0,OI2109
2021-07-08 22:33:00,9985,9989,9985,9989,464,139850,46130880.0,OI2109
2021-07-08 22:34:00,9989,9993,9986,9987,763,139918,75857460.0,OI2109
2021-07-08 22:35:00,9988,9990,9982,9985,972,139746,96636240.0,OI2109
2021-07-08 22:36:00,9985,9988,9982,9988,562,139772,55874040.0,OI2109
2021-07-08 22:37:00,9987,9990,9985,9985,679,139913,67506180.0,OI2109
2021-07-08 22:38:00,9985,9994,9983,9991,812,139807,82402210.0,OI2109
2021-07-08 22:39:00,9991,9992,9988,9991,357,139829,35496510.0,OI2109
2021-07-08 22:40:00,9990,10002,9990,9999,2069,140212,205720670.0,OI2109
2021-07-08 22:41:00,10000,10000,9986,9988,894,140141,90596790.0,OI2109
2021-07-08 22:42:00,9987,9990,9982,9983,697,140086,69309680.0,OI2109
2021-07-08 22:43:00,9982,9987,9980,9985,1006,140079,100036640.0,OI2109
2021-07-08 22:44:00,9984,9993,9983,9989,621,140084,61752240.0,OI2109
2021-07-08 22:45:00,9989,9992,9985,9986,595,140055,59166800.0,OI2109
2021-07-08 22:46:00,9985,9991,9985,9991,498,140074,51261660.0,OI2109
2021-07-08 22:47:00,9991,9992,9983,9983,603,140022,59968350.0,OI2109
2021-07-08 22:48:00,9983,9989,9982,9986,569,139981,56587050.0,OI2109
2021-07-08 22:49:00,9985,9987,9982,9984,317,139942,31525650.0,OI2109
2021-07-08 22:50:00,9985,9985,9973,9975,1008,139832,100245600.0,OI2109
2021-07-08 22:51:00,9977,9982,9974,9982,629,139719,62554050.0,OI2109
2021-07-08 22:52:00,9981,9990,9981,9983,615,139683,61161750.0,OI2109
2021-07-08 22:53:00,9983,9988,9981,9985,402,139705,39978900.0,OI2109
2021-07-08 22:54:00,9985,9988,9982,9987,438,139642,45345450.0,OI2109
2021-07-08 22:55:00,9988,9988,9977,9983,663,139491,65941980.0,OI2109
2021-07-08 22:56:00,9982,9990,9981,9989,449,139422,44657540.0,OI2109
2021-07-08 22:57:00,9990,9990,9985,9985,376,139377,37396960.0,OI2109
2021-07-08 22:58:00,9985,9989,9982,9988,522,139145,51918120.0,OI2109
2021-07-08 22:59:00,9988,9988,9976,9980,1276,138596,126910960.0,OI2109
2021-07-09 09:00:00,9985,9991,9932,9935,5931,138963,589897260.0,OI2109
2021-07-09 09:01:00,9935,9944,9932,9944,2187,139169,217519020.0,OI2109
2021-07-09 09:02:00,9943,9957,9938,9944,2211,139357,219906060.0,OI2109
2021-07-09 09:03:00,9945,9952,9942,9950,1349,139708,134171540.0,OI2109
2021-07-09 09:04:00,9949,9950,9943,9947,1267,139893,126015820.0,OI2109
2021-07-09 09:05:00,9948,9957,9946,9949,1717,139790,170772820.0,OI2109
2021-07-09 09:06:00,9949,9951,9944,9945,874,139886,86928040.0,OI2109
2021-07-09 09:07:00,9947,9947,9934,9935,1527,139798,151875420.0,OI2109
2021-07-09 09:08:00,9935,9940,9931,9935,1276,140039,126910960.0,OI2109
2021-07-09 09:09:00,9934,9955,9934,9949,2010,140012,199914600.0,OI2109
2021-07-09 09:10:00,9949,9961,9949,9961,1594,139958,158539240.0,OI2109
2021-07-09 09:11:00,9959,9968,9955,9968,1866,139766,185592360.0,OI2109
2021-07-09 09:12:00,9966,9968,9957,9957,1724,139321,173543580.0,OI2109
2021-07-09 09:13:00,9957,9963,9955,9957,574,139246,57095780.0,OI2109
2021-07-09 09:14:00,9955,9974,9955,9969,931,139278,92606570.0,OI2109
2021-07-09 09:15:00,9968,9970,9962,9968,577,139229,57394190.0,OI2109
2021-07-09 09:16:00,9969,9987,9969,9986,1455,139323,144728850.0,OI2109
2021-07-09 09:17:00,9987,9998,9987,9988,1941,139571,193071270.0,OI2109
2021-07-09 09:18:00,9989,9990,9980,9983,923,139567,93949360.0,OI2109
2021-07-09 09:19:00,9983,9984,9975,9978,714,139587,71028720.0,OI2109
2021-07-09 09:20:00,9977,9982,9977,9978,612,139513,60881760.0,OI2109
2021-07-09 09:21:00,9979,9993,9979,9989,1014,139422,100872720.0,OI2109
2021-07-09 09:22:00,9990,9990,9984,9988,458,139437,45561840.0,OI2109
2021-07-09 09:23:00,9989,9996,9989,9992,817,139463,81275160.0,OI2109
2021-07-09 09:24:00,9994,9994,9990,9992,478,139540,47551440.0,OI2109
2021-07-09 09:25:00,9993,9993,9989,9992,642,139590,63866160.0,OI2109
2021-07-09 09:26:00,9994,9995,9990,9993,629,139597,64765110.0,OI2109
2021-07-09 09:27:00,9994,9995,9990,9990,748,139611,74418520.0,OI2109
2021-07-09 09:28:00,9990,9991,9988,9990,695,139675,69145550.0,OI2109
2021-07-09 09:29:00,9990,9997,9990,9994,700,139670,69643000.0,OI2109
2021-07-09 09:30:00,9995,10007,9992,10007,1293,139725,128640570.0,OI2109
2021-07-09 09:31:00,10007,10014,9996,10000,1785,139551,179834050.0,OI2109
2021-07-09 09:32:00,10001,10008,9999,10005,657,139604,65371500.0,OI2109
2021-07-09 09:33:00,10005,10015,10005,10013,1058,139600,105271000.0,OI2109
2021-07-09 09:34:00,10013,10014,10007,10010,906,139690,90147000.0,OI2109
2021-07-09 09:35:00,10010,10012,10003,10005,869,139657,88744800.0,OI2109
2021-07-09 09:36:00,10005,10008,10004,10007,452,139685,44978520.0,OI2109
2021-07-09 09:37:00,10008,10011,10000,10003,896,139646,89160960.0,OI2109
2021-07-09 09:38:00,10004,10005,9995,9998,811,139669,80702610.0,OI2109
2021-07-09 09:39:00,9998,9998,9987,9988,1081,139771,107570310.0,OI2109
2021-07-09 09:40:00,9987,9992,9984,9986,1128,139666,112247280.0,OI2109
2021-07-09 09:41:00,9986,9994,9983,9994,1837,139995,185141220.0,OI2109
2021-07-09 09:42:00,9994,9995,9986,9988,1290,139688,128380800.0,OI2109
2021-07-09 09:43:00,9988,9992,9985,9992,368,139639,36623360.0,OI2109
2021-07-09 09:44:00,9992,9995,9991,9993,511,139514,50854720.0,OI2109
2021-07-09 09:45:00,9993,9993,9986,9987,307,139461,30552640.0,OI2109
2021-07-09 09:46:00,9986,9992,9986,9992,329,139480,32742080.0,OI2109
2021-07-09 09:47:00,9991,9992,9986,9987,301,139429,29955520.0,OI2109
2021-07-09 09:48:00,9986,9989,9973,9975,1272,139318,126589440.0,OI2109
2021-07-09 09:49:00,9975,9980,9973,9979,957,139065,95240640.0,OI2109
2021-07-09 09:50:00,9979,9980,9972,9979,763,139123,78336090.0,OI2109
2021-07-09 09:51:00,9979,9986,9975,9982,855,139341,85098150.0,OI2109
2021-07-09 09:52:00,9983,9984,9980,9981,1512,139266,150489360.0,OI2109
2021-07-09 09:53:00,9982,9982,9980,9981,203,139250,20204590.0,OI2109
2021-07-09 09:54:00,9982,9994,9981,9991,935,139084,93060550.0,OI2109
2021-07-09 09:55:00,9990,9997,9988,9997,580,139088,57727400.0,OI2109
2021-07-09 09:56:00,9996,9998,9993,9998,444,139117,44191320.0,OI2109
2021-07-09 09:57:00,9998,10004,9997,9999,731,139203,72756430.0,OI2109
2021-07-09 09:58:00,10000,10002,9994,9995,508,139243,50561240.0,OI2109
2021-07-09 09:59:00,9995,9996,9991,9993,288,139235,28664640.0,OI2109
2021-07-09 10:00:00,9993,10005,9993,10004,1030,139295,104989090.0,OI2109
2021-07-09 10:01:00,10004,10007,9994,9994,730,139367,72664200.0,OI2109
2021-07-09 10:02:00,9994,9994,9990,9993,671,139320,66791340.0,OI2109
2021-07-09 10:03:00,9993,9995,9981,9981,1122,139258,111683880.0,OI2109
2021-07-09 10:04:00,9982,9982,9976,9980,933,139211,92870820.0,OI2109
2021-07-09 10:05:00,9981,9981,9975,9978,600,139230,59724000.0,OI2109
2021-07-09 10:06:00,9977,9977,9968,9972,1139,139229,113376060.0,OI2109
2021-07-09 10:07:00,9972,9978,9970,9976,637,139208,63406980.0,OI2109
2021-07-09 10:08:00,9975,9977,9970,9974,672,139241,66890880.0,OI2109
2021-07-09 10:09:00,9974,9979,9972,9973,485,139228,48276900.0,OI2109
2021-07-09 10:10:00,9973,9973,9965,9969,999,139119,99440460.0,OI2109
2021-07-09 10:11:00,9970,9973,9968,9971,545,139109,54249300.0,OI2109
2021-07-09 10:12:00,9972,9985,9972,9979,826,138974,84786820.0,OI2109
2021-07-09 10:13:00,9980,9989,9976,9985,521,138938,51865550.0,OI2109
2021-07-09 10:14:00,9985,9987,9981,9981,536,138799,53358800.0,OI2109
2021-07-09 10:30:00,9981,9988,9973,9982,716,138750,71277800.0,OI2109
2021-07-09 10:31:00,9982,9982,9974,9980,659,138780,65603450.0,OI2109
2021-07-09 10:32:00,9980,9992,9980,9989,1109,138742,110400950.0,OI2109
2021-07-09 10:33:00,9988,9994,9988,9992,685,138721,68191750.0,OI2109
2021-07-09 10:34:00,9992,9993,9985,9990,721,138763,71775550.0,OI2109
2021-07-09 10:35:00,9991,9993,9985,9993,671,138845,66798050.0,OI2109
2021-07-09 10:36:00,9993,10004,9992,10004,1361,138839,135487550.0,OI2109
2021-07-09 10:37:00,10004,10004,9998,10003,818,138860,84076650.0,OI2109
2021-07-09 10:38:00,10003,10004,10000,10003,546,138960,54359760.0,OI2109
2021-07-09 10:39:00,10003,10009,10002,10007,1312,139067,130622720.0,OI2109
2021-07-09 10:40:00,10007,10011,10006,10009,971,139164,96672760.0,OI2109
2021-07-09 10:41:00,10008,10014,10008,10013,952,139333,94781120.0,OI2109
2021-07-09 10:42:00,10013,10020,10011,10018,1206,139509,122763980.0,OI2109
2021-07-09 10:43:00,10017,10018,10012,10015,978,139422,97379460.0,OI2109
2021-07-09 10:44:00,10015,10018,10008,10012,1136,139428,113111520.0,OI2109
2021-07-09 10:45:00,10012,10013,10002,10003,1020,139321,101561400.0,OI2109
2021-07-09 10:46:00,10004,10006,10000,10003,708,139332,70495560.0,OI2109
2021-07-09 10:47:00,10003,10008,10002,10004,454,139280,45204780.0,OI2109
2021-07-09 10:48:00,10003,10006,10000,10000,717,139235,74136440.0,OI2109
2021-07-09 10:49:00,10000,10007,9997,10005,918,139164,91414440.0,OI2109
2021-07-09 10:50:00,10005,10007,9997,9998,545,139223,54271100.0,OI2109
2021-07-09 10:51:00,9999,10000,9996,9998,535,139171,53275300.0,OI2109
2021-07-09 10:52:00,9999,10007,9997,10007,566,139180,56362280.0,OI2109
2021-07-09 10:53:00,10006,10006,10001,10001,540,139151,53773200.0,OI2109
2021-07-09 10:54:00,10000,10014,10000,10013,1719,139473,171178020.0,OI2109
2021-07-09 10:55:00,10013,10015,10006,10008,3022,139417,303753960.0,OI2109
2021-07-09 10:56:00,10010,10013,10006,10012,971,139242,96701890.0,OI2109
2021-07-09 10:57:00,10012,10012,10008,10010,421,139265,41927390.0,OI2109
2021-07-09 10:58:00,10010,10013,10007,10008,323,139254,32167570.0,OI2109
2021-07-09 10:59:00,10008,10015,10007,10012,544,139271,54176960.0,OI2109
2021-07-09 11:00:00,10012,10013,10001,10003,840,139169,83655600.0,OI2109
2021-07-09 11:01:00,10003,10011,10002,10011,470,139103,49666190.0,OI2109
2021-07-09 11:02:00,10010,10015,10009,10013,817,139152,81373200.0,OI2109
2021-07-09 11:03:00,10012,10015,10009,10012,533,139148,53086800.0,OI2109
2021-07-09 11:04:00,10013,10017,10012,10016,509,139205,50696400.0,OI2109
2021-07-09 11:05:00,10016,10018,10012,10012,473,139270,47110800.0,OI2109
2021-07-09 11:06:00,10013,10027,10012,10023,1695,139393,168822000.0,OI2109
2021-07-09 11:07:00,10024,10033,10022,10032,1441,139583,146437170.0,OI2109
2021-07-09 11:08:00,10032,10044,10031,10040,2497,139965,248726170.0,OI2109
2021-07-09 11:09:00,10040,10042,10036,10041,681,140011,67834410.0,OI2109
2021-07-09 11:10:00,10041,10066,10041,10064,4206,139633,424934480.0,OI2109
2021-07-09 11:11:00,10063,10065,10054,10059,1639,139427,163293570.0,OI2109
2021-07-09 11:12:00,10059,10063,10047,10048,1275,139420,130044800.0,OI2109
2021-07-09 11:13:00,10048,10052,10043,10048,1378,139391,137303920.0,OI2109
2021-07-09 11:14:00,10048,10050,10040,10043,881,139347,87782840.0,OI2109
2021-07-09 11:15:00,10044,10047,10041,10046,807,139349,83456690.0,OI2109
2021-07-09 11:16:00,10045,10046,10029,10030,1357,139336,135225050.0,OI2109
2021-07-09 11:17:00,10031,10038,10031,10033,932,139419,92873800.0,OI2109
2021-07-09 11:18:00,10033,10035,10024,10025,1098,139360,109415700.0,OI2109
2021-07-09 11:19:00,10025,10028,10022,10025,1033,139387,106029860.0,OI2109
2021-07-09 11:20:00,10024,10025,10013,10017,1265,139463,126069900.0,OI2109
2021-07-09 11:21:00,10016,10017,10009,10012,1046,139479,104244360.0,OI2109
2021-07-09 11:22:00,10011,10013,10008,10010,787,139344,78432420.0,OI2109
2021-07-09 11:23:00,10010,10012,10003,10010,1275,139229,127066500.0,OI2109
2021-07-09 11:24:00,10009,10009,10000,10002,1269,139299,126468540.0,OI2109
2021-07-09 11:25:00,10002,10011,10000,10002,1878,139750,190328090.0,OI2109
2021-07-09 11:26:00,10002,10002,9984,9991,3750,139745,373762500.0,OI2109
2021-07-09 11:27:00,9990,9991,9986,9988,1185,139707,118108950.0,OI2109
2021-07-09 11:28:00,9987,9987,9982,9986,1276,139459,127178920.0,OI2109
2021-07-09 11:29:00,9985,9994,9984,9992,907,139375,90400690.0,OI2109
2021-07-09 13:30:00,10008,10024,10008,10023,3859,139494,387902910.0,OI2109
2021-07-09 13:31:00,10024,10028,10020,10028,1604,139636,159886720.0,OI2109
2021-07-09 13:32:00,10027,10042,10026,10040,2057,139500,205041760.0,OI2109
2021-07-09 13:33:00,10040,10055,10038,10055,2103,139454,212961060.0,OI2109
2021-07-09 13:34:00,10055,10059,10053,10058,2111,139366,210445590.0,OI2109
2021-07-09 13:35:00,10058,10064,10051,10056,2796,139236,282116330.0,OI2109
2021-07-09 13:36:00,10055,10055,10045,10045,1799,139039,182761380.0,OI2109
2021-07-09 13:37:00,10047,10047,10040,10041,1761,138760,175589310.0,OI2109
2021-07-09 13:38:00,10040,10044,10034,10034,1149,138716,114566790.0,OI2109
2021-07-09 13:39:00,10033,10037,10025,10030,1608,138713,160333680.0,OI2109
2021-07-09 13:40:00,10030,10041,10029,10040,1334,138749,136472740.0,OI2109
2021-07-09 13:41:00,10040,10040,10033,10033,834,138795,83166480.0,OI2109
2021-07-09 13:42:00,10034,10034,10025,10029,1342,139020,133824240.0,OI2109
2021-07-09 13:43:00,10030,10043,10030,10043,1023,138972,102013560.0,OI2109
2021-07-09 13:44:00,10042,10054,10042,10051,1343,138934,137428980.0,OI2109
2021-07-09 13:45:00,10051,10055,10048,10053,1805,139352,180012650.0,OI2109
2021-07-09 13:46:00,10052,10058,10048,10048,1596,139291,159169080.0,OI2109
2021-07-09 13:47:00,10048,10050,10037,10042,2092,139526,212195110.0,OI2109
2021-07-09 13:48:00,10041,10043,10032,10033,1639,139984,163473860.0,OI2109
2021-07-09 13:49:00,10033,10041,10032,10035,807,140092,80490180.0,OI2109
2021-07-09 13:50:00,10037,10046,10030,10043,931,140116,92857940.0,OI2109
2021-07-09 13:51:00,10043,10052,10043,10051,763,140142,76101620.0,OI2109
2021-07-09 13:52:00,10051,10051,10044,10049,814,140144,84797850.0,OI2109
2021-07-09 13:53:00,10049,10052,10048,10049,612,140186,61047000.0,OI2109
2021-07-09 13:54:00,10049,10049,10042,10044,1376,140472,137256000.0,OI2109
2021-07-09 13:55:00,10045,10057,10045,10052,1454,140461,145036500.0,OI2109
2021-07-09 13:56:00,10052,10052,10042,10043,890,140392,88777500.0,OI2109
2021-07-09 13:57:00,10043,10050,10043,10049,716,140346,75080970.0,OI2109
2021-07-09 13:58:00,10049,10054,10049,10050,770,140348,76815200.0,OI2109
2021-07-09 13:59:00,10050,10055,10049,10050,654,140462,65243040.0,OI2109
2021-07-09 14:00:00,10050,10053,10046,10052,895,140449,89285200.0,OI2109
2021-07-09 14:01:00,10053,10063,10052,10062,1713,140802,170888880.0,OI2109
2021-07-09 14:02:00,10060,10077,10060,10070,2550,140667,258113790.0,OI2109
2021-07-09 14:03:00,10069,10075,10068,10070,1218,140871,121519860.0,OI2109
2021-07-09 14:04:00,10072,10082,10072,10081,1146,140730,118085850.0,OI2109
2021-07-09 14:05:00,10080,10091,10080,10082,2177,140598,217221060.0,OI2109
2021-07-09 14:06:00,10082,10090,10071,10073,1987,140607,202053930.0,OI2109
2021-07-09 14:07:00,10073,10081,10073,10075,917,140609,91507430.0,OI2109
2021-07-09 14:08:00,10075,10081,10075,10080,556,140625,55483240.0,OI2109
2021-07-09 14:09:00,10080,10091,10079,10091,1395,140713,143026800.0,OI2109
2021-07-09 14:10:00,10091,10094,10082,10084,1662,140518,165867600.0,OI2109
2021-07-09 14:11:00,10085,10093,10082,10082,982,140497,98003600.0,OI2109
2021-07-09 14:12:00,10082,10092,10082,10091,900,140636,93675190.0,OI2109
2021-07-09 14:13:00,10091,10096,10077,10082,1686,140533,168279660.0,OI2109
2021-07-09 14:14:00,10081,10087,10080,10081,662,140499,66074220.0,OI2109
2021-07-09 14:15:00,10081,10088,10081,10082,1239,140402,127555650.0,OI2109
2021-07-09 14:16:00,10082,10088,10078,10085,1166,140296,116390120.0,OI2109
2021-07-09 14:17:00,10085,10085,10064,10073,2240,140202,223596800.0,OI2109
2021-07-09 14:18:00,10073,10076,10070,10073,746,140224,78398300.0,OI2109
2021-07-09 14:19:00,10073,10081,10072,10081,728,140107,72676240.0,OI2109
2021-07-09 14:20:00,10081,10095,10079,10092,2026,140073,202255580.0,OI2109
2021-07-09 14:21:00,10091,10094,10088,10093,1240,140199,127761720.0,OI2109
2021-07-09 14:22:00,10093,10103,10092,10094,1718,140300,171525120.0,OI2109
2021-07-09 14:23:00,10095,10099,10090,10091,806,140198,80471040.0,OI2109
2021-07-09 14:24:00,10092,10096,10086,10091,842,140140,88071460.0,OI2109
2021-07-09 14:25:00,10090,10098,10087,10087,763,140084,76185550.0,OI2109
2021-07-09 14:26:00,10088,10093,10086,10093,498,140021,49725300.0,OI2109
2021-07-09 14:27:00,10092,10094,10085,10088,578,139938,57713300.0,OI2109
2021-07-09 14:28:00,10087,10087,10079,10080,833,139813,83175050.0,OI2109
2021-07-09 14:29:00,10080,10093,10080,10091,1066,139750,110483660.0,OI2109
2021-07-09 14:30:00,10090,10092,10087,10089,857,139738,85580020.0,OI2109
2021-07-09 14:31:00,10088,10093,10085,10087,613,139676,61214180.0,OI2109
2021-07-09 14:32:00,10087,10094,10087,10094,606,139652,60515160.0,OI2109
2021-07-09 14:33:00,10094,10102,10094,10100,1491,139919,148891260.0,OI2109
2021-07-09 14:34:00,10101,10113,10099,10111,2541,139817,257848900.0,OI2109
2021-07-09 14:35:00,10111,10119,10103,10103,2225,139833,226337640.0,OI2109
2021-07-09 14:36:00,10102,10108,10102,10105,1099,139764,109768120.0,OI2109
2021-07-09 14:37:00,10105,10114,10105,10112,911,139935,90990680.0,OI2109
2021-07-09 14:38:00,10113,10115,10108,10113,989,140020,102938200.0,OI2109
2021-07-09 14:39:00,10114,10116,10109,10111,816,140021,81510240.0,OI2109
2021-07-09 14:40:00,10112,10123,10108,10110,1591,139875,158924990.0,OI2109
2021-07-09 14:41:00,10109,10112,10103,10108,1133,139894,117367650.0,OI2109
2021-07-09 14:42:00,10108,10112,10103,10108,766,139825,76523400.0,OI2109
2021-07-09 14:43:00,10107,10116,10107,10113,681,139716,68031900.0,OI2109
2021-07-09 14:44:00,10114,10115,10111,10111,487,139728,48651300.0,OI2109
2021-07-09 14:45:00,10113,10113,10103,10108,808,139608,84938900.0,OI2109
2021-07-09 14:46:00,10109,10112,10103,10103,833,139490,83225030.0,OI2109
2021-07-09 14:47:00,10105,10106,10096,10098,1870,139210,186831700.0,OI2109
2021-07-09 14:48:00,10098,10104,10093,10096,1412,138900,145333770.0,OI2109
2021-07-09 14:49:00,10096,10097,10082,10088,2404,138600,240207680.0,OI2109
2021-07-09 14:50:00,10088,10094,10083,10093,1571,138598,161274920.0,OI2109
2021-07-09 14:51:00,10092,10098,10089,10097,934,138461,93334620.0,OI2109
2021-07-09 14:52:00,10098,10104,10096,10100,991,138350,99030630.0,OI2109
2021-07-09 14:53:00,10100,10100,10094,10094,583,138251,58259190.0,OI2109
2021-07-09 14:54:00,10093,10093,10084,10092,1571,138013,161331420.0,OI2109
2021-07-09 14:55:00,10091,10099,10086,10089,1270,137793,126923800.0,OI2109
2021-07-09 14:56:00,10089,10092,10084,10087,854,137595,85348760.0,OI2109
2021-07-09 14:57:00,10087,10096,10085,10091,1101,137347,110033940.0,OI2109
2021-07-09 14:58:00,10091,10094,10087,10090,1316,136869,131521040.0,OI2109
2021-07-09 14:59:00,10090,10105,10088,10103,1868,136180,191093400.0,OI2109
2021-07-09 21:00:00,10100,10100,10054,10070,7991,134992,804853520.0,OI2109
2021-07-09 21:01:00,10069,10088,10068,10083,2950,134962,297452230.0,OI2109
2021-07-09 21:02:00,10083,10092,10080,10089,1209,134910,121928250.0,OI2109
2021-07-09 21:03:00,10090,10108,10083,10101,2749,134963,277585200.0,OI2109
2021-07-09 21:04:00,10100,10114,10100,10109,1472,135052,148868730.0,OI2109
2021-07-09 21:05:00,10110,10110,10092,10095,2157,134993,217675590.0,OI2109
2021-07-09 21:06:00,10095,10104,10093,10096,1311,135159,132399630.0,OI2109
2021-07-09 21:07:00,10095,10106,10089,10106,1561,135233,157640850.0,OI2109
2021-07-09 21:08:00,10106,10116,10102,10116,1143,135131,115508410.0,OI2109
2021-07-09 21:09:00,10116,10130,10114,10120,3099,135542,313621810.0,OI2109
2021-07-09 21:10:00,10118,10141,10118,10129,4354,135563,441161900.0,OI2109
2021-07-09 21:11:00,10129,10130,10115,10116,3176,135691,321344160.0,OI2109
2021-07-09 21:12:00,10114,10115,10096,10096,2313,135536,233944720.0,OI2109
2021-07-09 21:13:00,10097,10108,10097,10101,3687,135227,372387000.0,OI2109
2021-07-09 21:14:00,10101,10111,10098,10110,1994,135482,201394000.0,OI2109
2021-07-09 21:15:00,10110,10112,10104,10112,1365,135481,138290310.0,OI2109
2021-07-09 21:16:00,10113,10115,10098,10098,926,135445,93535260.0,OI2109
2021-07-09 21:17:00,10098,10099,10086,10087,1328,135576,133693430.0,OI2109
2021-07-09 21:18:00,10089,10100,10088,10097,1075,135579,108575000.0,OI2109
2021-07-09 21:19:00,10098,10105,10096,10103,1014,135505,102414000.0,OI2109
2021-07-09 21:20:00,10102,10106,10101,10102,487,135538,49187000.0,OI2109
2021-07-09 21:21:00,10101,10107,10098,10098,476,135501,48076000.0,OI2109
2021-07-09 21:22:00,10097,10098,10083,10085,2915,135695,294415000.0,OI2109
2021-07-09 21:23:00,10087,10093,10084,10092,1250,135612,125729980.0,OI2109
2021-07-09 21:24:00,10093,10103,10093,10103,1443,135566,145728570.0,OI2109
2021-07-09 21:25:00,10103,10103,10086,10087,1368,135467,138154320.0,OI2109
2021-07-09 21:26:00,10087,10092,10085,10091,666,135397,67259340.0,OI2109
2021-07-09 21:27:00,10091,10092,10086,10092,554,135337,55948460.0,OI2109
2021-07-09 21:28:00,10093,10093,10087,10089,275,135328,27772250.0,OI2109
2021-07-09 21:29:00,10089,10097,10087,10092,613,135261,61906870.0,OI2109
2021-07-09 21:30:00,10090,10093,10064,10068,3585,135144,361444090.0,OI2109
2021-07-09 21:31:00,10069,10071,10055,10071,3137,135022,315501400.0,OI2109
2021-07-09 21:32:00,10070,10092,10067,10080,2173,134879,218727920.0,OI2109
2021-07-09 21:33:00,10081,10091,10080,10090,2089,134730,210884550.0,OI2109
2021-07-09 21:34:00,10091,10092,10084,10089,1206,134633,121745700.0,OI2109
2021-07-09 21:35:00,10089,10092,10084,10087,1087,134653,109732650.0,OI2109
2021-07-09 21:36:00,10088,10088,10073,10076,1184,134606,118810980.0,OI2109
2021-07-09 21:37:00,10077,10079,10072,10078,797,134534,80449180.0,OI2109
2021-07-09 21:38:00,10078,10079,10072,10076,739,134582,74594660.0,OI2109
2021-07-09 21:39:00,10076,10088,10076,10085,1251,134775,126275940.0,OI2109
2021-07-09 21:40:00,10086,10091,10083,10090,1127,134920,113759380.0,OI2109
2021-07-09 21:41:00,10090,10096,10085,10092,1348,135000,136067120.0,OI2109
2021-07-09 21:42:00,10092,10094,10085,10093,1306,135147,131827640.0,OI2109
2021-07-09 21:43:00,10092,10094,10086,10092,833,135084,84083020.0,OI2109
2021-07-09 21:44:00,10093,10107,10093,10105,1237,135066,124862780.0,OI2109
2021-07-09 21:45:00,10106,10112,10102,10107,1170,135043,118099800.0,OI2109
2021-07-09 21:46:00,10108,10111,10104,10105,927,135071,93571380.0,OI2109
2021-07-09 21:47:00,10105,10108,10095,10101,947,135078,95590180.0,OI2109
2021-07-09 21:48:00,10100,10103,10095,10101,882,135073,89029080.0,OI2109
2021-07-09 21:49:00,10102,10107,10100,10103,660,134973,66620400.0,OI2109
2021-07-09 21:50:00,10104,10108,10102,10105,516,134995,52085040.0,OI2109
2021-07-09 21:51:00,10105,10111,10103,10104,746,135024,75301240.0,OI2109
2021-07-09 21:52:00,10104,10104,10099,10100,629,135108,63491260.0,OI2109
2021-07-09 21:53:00,10100,10115,10100,10113,985,135166,100300720.0,OI2109
2021-07-09 21:54:00,10113,10117,10110,10113,1012,135256,102161400.0,OI2109
2021-07-09 21:55:00,10115,10121,10115,10120,1175,135380,118616250.0,OI2109
2021-07-09 21:56:00,10119,10126,10119,10122,881,135442,88936950.0,OI2109
2021-07-09 21:57:00,10122,10128,10116,10117,943,135384,96110780.0,OI2109
2021-07-09 21:58:00,10117,10118,10105,10105,1079,135347,108935840.0,OI2109
2021-07-09 21:59:00,10105,10112,10105,10105,813,135411,82080480.0,OI2109
2021-07-09 22:00:00,10105,10122,10105,10115,1328,135260,134074880.0,OI2109
2021-07-09 22:01:00,10114,10114,10106,10107,901,135282,90964960.0,OI2109
2021-07-09 22:02:00,10106,10112,10105,10110,466,135275,47047360.0,OI2109
2021-07-09 22:03:00,10110,10115,10104,10108,854,135299,87189180.0,OI2109
2021-07-09 22:04:00,10108,10116,10108,10109,1191,135173,120255270.0,OI2109
2021-07-09 22:05:00,10109,10117,10109,10113,1003,135107,101272910.0,OI2109
2021-07-09 22:06:00,10112,10114,10110,10110,763,135088,77040110.0,OI2109
2021-07-09 22:07:00,10111,10111,10104,10107,706,135047,71284820.0,OI2109
2021-07-09 22:08:00,10106,10107,10094,10098,1149,135046,116014530.0,OI2109
2021-07-09 22:09:00,10100,10105,10097,10104,973,135136,98243810.0,OI2109
2021-07-09 22:10:00,10105,10113,10103,10109,762,135101,76939140.0,OI2109
2021-07-09 22:11:00,10109,10110,10105,10110,375,135106,37863750.0,OI2109
2021-07-09 22:12:00,10110,10122,10110,10119,1031,135103,104100070.0,OI2109
2021-07-09 22:13:00,10119,10126,10118,10119,953,135179,97282810.0,OI2109
2021-07-09 22:14:00,10120,10120,10116,10118,685,135319,69171300.0,OI2109
2021-07-09 22:15:00,10121,10128,10120,10125,937,135268,94618260.0,OI2109
2021-07-09 22:16:00,10125,10137,10125,10132,1247,135403,125922060.0,OI2109
2021-07-09 22:17:00,10133,10134,10129,10133,1368,135533,139241410.0,OI2109
2021-07-09 22:18:00,10133,10136,10126,10128,885,135454,89376150.0,OI2109
2021-07-09 22:19:00,10129,10134,10125,10129,820,135436,82811800.0,OI2109
2021-07-09 22:20:00,10129,10144,10129,10139,1888,135434,191805820.0,OI2109
2021-07-09 22:21:00,10138,10138,10112,10112,2488,135175,251288000.0,OI2109
2021-07-09 22:22:00,10112,10116,10106,10115,1440,135188,146615980.0,OI2109
2021-07-09 22:23:00,10115,10117,10109,10115,959,135286,96868590.0,OI2109
2021-07-09 22:24:00,10115,10118,10113,10116,570,135325,57575700.0,OI2109
2021-07-09 22:25:00,10116,10137,10116,10123,1937,135378,195656370.0,OI2109
2021-07-09 22:26:00,10123,10134,10123,10131,839,135377,84747390.0,OI2109
2021-07-09 22:27:00,10131,10134,10127,10129,554,135395,57184110.0,OI2109
2021-07-09 22:28:00,10130,10135,10126,10132,1193,135420,120516860.0,OI2109
2021-07-09 22:29:00,10132,10155,10132,10149,2448,135491,248557940.0,OI2109
2021-07-09 22:30:00,10150,10154,10136,10137,2178,135996,220043340.0,OI2109
2021-07-09 22:31:00,10138,10143,10136,10143,564,135956,56980920.0,OI2109
2021-07-09 22:32:00,10144,10144,10133,10133,723,136061,74340320.0,OI2109
2021-07-09 22:33:00,10133,10137,10130,10132,827,135953,83560080.0,OI2109
2021-07-09 22:34:00,10133,10133,10125,10125,760,135901,76790400.0,OI2109
2021-07-09 22:35:00,10124,10136,10124,10135,995,135912,100534800.0,OI2109
2021-07-09 22:36:00,10135,10137,10124,10137,1188,136166,120035520.0,OI2109
2021-07-09 22:37:00,10138,10147,10134,10147,1636,136202,166651130.0,OI2109
2021-07-09 22:38:00,10146,10152,10144,10149,1493,136416,150867650.0,OI2109
2021-07-09 22:39:00,10149,10154,10146,10148,990,136490,101414020.0,OI2109
2021-07-09 22:40:00,10148,10159,10147,10153,1322,136487,133601320.0,OI2109
2021-07-09 22:41:00,10152,10153,10143,10145,865,136496,87416900.0,OI2109
2021-07-09 22:42:00,10146,10151,10145,10148,476,136475,49505710.0,OI2109
2021-07-09 22:43:00,10149,10149,10144,10147,492,136518,49726440.0,OI2109
2021-07-09 22:44:00,10147,10154,10147,10152,567,136604,57306690.0,OI2109
2021-07-09 22:45:00,10152,10152,10145,10149,489,136662,49423230.0,OI2109
2021-07-09 22:46:00,10150,10150,10142,10146,572,136675,57812040.0,OI2109
2021-07-09 22:47:00,10145,10151,10144,10147,677,136657,68424390.0,OI2109
2021-07-09 22:48:00,10147,10154,10147,10152,743,136768,76531560.0,OI2109
2021-07-09 22:49:00,10151,10154,10149,10153,691,136826,69846280.0,OI2109
2021-07-09 22:50:00,10153,10155,10151,10154,727,136827,73485160.0,OI2109
2021-07-09 22:51:00,10153,10154,10151,10154,454,136831,45890320.0,OI2109
2021-07-09 22:52:00,10153,10163,10150,10163,1375,136518,140454020.0,OI2109
2021-07-09 22:53:00,10163,10170,10158,10167,1552,136613,156891680.0,OI2109
2021-07-09 22:54:00,10167,10167,10159,10162,961,136522,98641640.0,OI2109
2021-07-09 22:55:00,10161,10171,10161,10170,948,136424,95842800.0,OI2109
2021-07-09 22:56:00,10170,10175,10168,10172,967,136294,97763700.0,OI2109
2021-07-09 22:57:00,10172,10183,10171,10183,1294,136197,132349640.0,OI2109
2021-07-09 22:58:00,10184,10193,10180,10191,1573,136244,160588000.0,OI2109
2021-07-09 22:59:00,10193,10204,10169,10180,2735,135590,278132520.0,OI2109
2021-07-12 09:00:00,10216,10233,10205,10219,6786,135494,692816900.0,OI2109
2021-07-12 09:01:00,10218,10229,10204,10227,2928,135172,299558680.0,OI2109
2021-07-12 09:02:00,10230,10249,10229,10249,3430,135113,352183980.0,OI2109
2021-07-12 09:03:00,10247,10248,10230,10238,2174,135117,221774780.0,OI2109
2021-07-12 09:04:00,10241,10246,10228,10230,2190,134812,223438100.0,OI2109
2021-07-12 09:05:00,10230,10236,10220,10231,2369,134966,243373740.0,OI2109
2021-07-12 09:06:00,10231,10232,10215,10221,1447,134989,148305780.0,OI2109
2021-07-12 09:07:00,10222,10235,10216,10234,2025,134943,206874560.0,OI2109
2021-07-12 09:08:00,10234,10244,10232,10234,1087,134948,110091360.0,OI2109
2021-07-12 09:09:00,10234,10239,10225,10225,910,135025,93987580.0,OI2109
2021-07-12 09:10:00,10225,10229,10207,10210,2246,134602,229342580.0,OI2109
2021-07-12 09:11:00,10209,10222,10208,10219,1431,134573,146819850.0,OI2109
2021-07-12 09:12:00,10219,10230,10207,10230,1626,134745,164730060.0,OI2109
2021-07-12 09:13:00,10229,10232,10220,10220,932,134727,96306050.0,OI2109
2021-07-12 09:14:00,10220,10224,10215,10220,670,134666,67884400.0,OI2109
2021-07-12 09:15:00,10223,10240,10214,10236,1935,134681,197965380.0,OI2109
2021-07-12 09:16:00,10236,10238,10224,10224,1013,134700,104568600.0,OI2109
2021-07-12 09:17:00,10224,10236,10217,10227,1039,134750,105292260.0,OI2109
2021-07-12 09:18:00,10228,10237,10228,10234,512,134810,51886080.0,OI2109
2021-07-12 09:19:00,10234,10235,10227,10233,760,134973,78962820.0,OI2109
2021-07-12 09:20:00,10233,10241,10230,10235,1110,135133,112498500.0,OI2109
2021-07-12 09:21:00,10236,10239,10231,10237,720,135248,74934720.0,OI2109
2021-07-12 09:22:00,10237,10237,10227,10231,724,135180,73384640.0,OI2109
2021-07-12 09:23:00,10231,10234,10223,10224,780,135262,79060800.0,OI2109
2021-07-12 09:24:00,10225,10226,10215,10220,1888,135624,193364320.0,OI2109
2021-07-12 09:25:00,10221,10229,10219,10222,678,135565,70732280.0,OI2109
2021-07-12 09:26:00,10221,10226,10220,10223,452,135588,45823760.0,OI2109
2021-07-12 09:27:00,10223,10225,10218,10220,639,135559,64781820.0,OI2109
2021-07-12 09:28:00,10220,10223,10216,10218,476,135503,48256880.0,OI2109
2021-07-12 09:29:00,10217,10221,10215,10220,836,135432,86781130.0,OI2109
2021-07-12 09:30:00,10221,10232,10218,10219,1262,135409,127954180.0,OI2109
2021-07-12 09:31:00,10218,10223,10211,10214,1885,135624,193179070.0,OI2109
2021-07-12 09:32:00,10215,10219,10210,10210,1938,135660,196513200.0,OI2109
2021-07-12 09:33:00,10210,10213,10207,10208,1328,135465,136750780.0,OI2109
2021-07-12 09:34:00,10207,10213,10207,10209,1506,135165,152723460.0,OI2109
2021-07-12 09:35:00,10209,10219,10208,10213,1280,135037,131924240.0,OI2109
2021-07-12 09:36:00,10214,10215,10207,10215,604,135072,61257680.0,OI2109
2021-07-12 09:37:00,10213,10218,10211,10212,604,135154,61257680.0,OI2109
2021-07-12 09:38:00,10212,10220,10211,10220,591,135140,59939220.0,OI2109
2021-07-12 09:39:00,10220,10230,10219,10226,1019,135122,105494600.0,OI2109
2021-07-12 09:40:00,10226,10227,10216,10217,563,135174,57105090.0,OI2109
2021-07-12 09:41:00,10217,10219,10213,10213,466,135227,47266380.0,OI2109
2021-07-12 09:42:00,10213,10218,10213,10217,513,135255,52033590.0,OI2109
2021-07-12 09:43:00,10215,10217,10213,10216,374,135257,37934820.0,OI2109
2021-07-12 09:44:00,10216,10217,10211,10213,522,135321,55118460.0,OI2109
2021-07-12 09:45:00,10214,10223,10212,10220,735,135425,74558400.0,OI2109
2021-07-12 09:46:00,10219,10221,10212,10217,1056,135297,107120640.0,OI2109
2021-07-12 09:47:00,10218,10221,10214,10215,552,135292,55994880.0,OI2109
2021-07-12 09:48:00,10215,10218,10214,10216,674,135270,70572730.0,OI2109
2021-07-12 09:49:00,10217,10217,10208,10211,952,135165,96580400.0,OI2109
2021-07-12 09:50:00,10210,10214,10205,10205,1038,135059,105305100.0,OI2109
2021-07-12 09:51:00,10205,10211,10205,10210,1179,135055,121843410.0,OI2109
2021-07-12 09:52:00,10210,10213,10207,10207,746,134966,75689160.0,OI2109
2021-07-12 09:53:00,10207,10209,10205,10207,398,134932,40381080.0,OI2109
2021-07-12 09:54:00,10207,10209,10203,10207,861,134880,87357060.0,OI2109
2021-07-12 09:55:00,10207,10210,10205,10209,338,134846,34293480.0,OI2109
2021-07-12 09:56:00,10209,10210,10202,10204,1008,134769,102271680.0,OI2109
2021-07-12 09:57:00,10204,10206,10202,10204,413,134744,44174480.0,OI2109
2021-07-12 09:58:00,10203,10204,10172,10177,3705,134110,375946350.0,OI2109
2021-07-12 09:59:00,10177,10178,10170,10176,2119,133900,215014930.0,OI2109
2021-07-12 10:00:00,10176,10193,10171,10188,2154,134045,220917660.0,OI2109
2021-07-12 10:01:00,10188,10192,10185,10190,677,133917,68701960.0,OI2109
2021-07-12 10:02:00,10190,10190,10175,10175,1230,133811,124820400.0,OI2109
2021-07-12 10:03:00,10175,10179,10168,10168,1484,133727,150596320.0,OI2109
2021-07-12 10:04:00,10167,10171,10157,10160,1850,133435,187738000.0,OI2109
2021-07-12 10:05:00,10160,10168,10155,10165,1952,133529,198088960.0,OI2109
2021-07-12 10:06:00,10165,10171,10161,10170,955,133469,96913400.0,OI2109
2021-07-12 10:07:00,10170,10181,10170,10175,1141,133415,118232850.0,OI2109
2021-07-12 10:08:00,10174,10174,10161,10162,1355,133185,137518950.0,OI2109
2021-07-12 10:09:00,10161,10170,10156,10169,894,133258,90732060.0,OI2109
2021-07-12 10:10:00,10169,10173,10164,10169,811,133220,82308390.0,OI2109
2021-07-12 10:11:00,10169,10169,10157,10167,1053,133259,106868970.0,OI2109
2021-07-12 10:12:00,10166,10177,10166,10177,1721,133227,174664290.0,OI2109
2021-07-12 10:13:00,10176,10179,10168,10170,802,133149,81394980.0,OI2109
2021-07-12 10:14:00,10170,10172,10164,10167,515,133150,52267350.0,OI2109
2021-07-12 10:30:00,10170,10177,10165,10172,1356,133162,137620440.0,OI2109
2021-07-12 10:31:00,10173,10174,10164,10165,728,133230,73884720.0,OI2109
2021-07-12 10:32:00,10165,10175,10163,10170,1748,133023,177404520.0,OI2109
2021-07-12 10:33:00,10170,10177,10164,10165,1058,133092,109941000.0,OI2109
2021-07-12 10:34:00,10167,10169,10155,10156,1474,133244,149611000.0,OI2109
2021-07-12 10:35:00,10155,10156,10123,10127,4467,132674,450776510.0,OI2109
2021-07-12 10:36:00,10125,10131,10118,10120,2429,132549,246519210.0,OI2109
2021-07-12 10:37:00,10120,10127,10118,10120,1865,132615,189278850.0,OI2109
2021-07-12 10:38:00,10119,10122,10114,10118,1615,132779,163906350.0,OI2109
2021-07-12 10:39:00,10119,10120,10110,10119,1533,132638,155584170.0,OI2109
2021-07-12 10:40:00,10119,10126,10118,10124,1002,132511,98984550.0,OI2109
2021-07-12 10:41:00,10124,10130,10118,10124,1395,132431,141564600.0,OI2109
2021-07-12 10:42:00,10124,10139,10121,10131,1809,132411,183577320.0,OI2109
2021-07-12 10:43:00,10131,10136,10124,10130,626,132468,63526480.0,OI2109
2021-07-12 10:44:00,10129,10136,10124,10127,817,132430,82909160.0,OI2109
2021-07-12 10:45:00,10129,10129,10123,10128,575,132458,58351000.0,OI2109
2021-07-12 10:46:00,10129,10132,10122,10132,697,132446,70731560.0,OI2109
2021-07-12 10:47:00,10133,10142,10129,10140,1388,132379,140854240.0,OI2109
2021-07-12 10:48:00,10141,10141,10129,10131,1032,132411,104727360.0,OI2109
2021-07-12 10:49:00,10131,10138,10126,10137,810,132440,82198800.0,OI2109
2021-07-12 10:50:00,10137,10137,10117,10118,1846,132292,187332080.0,OI2109
2021-07-12 10:51:00,10118,10119,10111,10115,1472,132199,149378560.0,OI2109
2021-07-12 10:52:00,10116,10120,10113,10116,567,132221,57539160.0,OI2109
2021-07-12 10:53:00,10116,10122,10111,10122,1034,132248,102081210.0,OI2109
2021-07-12 10:54:00,10123,10123,10116,10118,476,132281,48299720.0,OI2109
2021-07-12 10:55:00,10118,10120,10110,10120,770,132302,78131900.0,OI2109
2021-07-12 10:56:00,10119,10119,10115,10116,373,132332,37848310.0,OI2109
2021-07-12 10:57:00,10117,10123,10116,10120,508,132379,51546760.0,OI2109
2021-07-12 10:58:00,10120,10122,10113,10118,584,132317,59258480.0,OI2109
2021-07-12 10:59:00,10119,10123,10115,10123,640,132466,64940800.0,OI2109
2021-07-12 11:00:00,10124,10125,10115,10121,774,132396,78537780.0,OI2109
2021-07-12 11:01:00,10120,10125,10117,10117,593,132383,60171710.0,OI2109
2021-07-12 11:02:00,10118,10123,10114,10117,349,132401,35413030.0,OI2109
2021-07-12 11:03:00,10118,10122,10117,10120,293,132451,29730710.0,OI2109
2021-07-12 11:04:00,10120,10120,10111,10112,547,132535,55504090.0,OI2109
2021-07-12 11:05:00,10113,10123,10111,10121,874,132563,88684780.0,OI2109
2021-07-12 11:06:00,10120,10121,10115,10116,613,132525,62201110.0,OI2109
2021-07-12 11:07:00,10116,10118,10113,10115,430,132590,43632100.0,OI2109
2021-07-12 11:08:00,10117,10117,10111,10113,569,132780,57736430.0,OI2109
2021-07-12 11:09:00,10114,10117,10112,10115,539,132807,51753900.0,OI2109
2021-07-12 11:10:00,10116,10118,10115,10116,350,132740,35511000.0,OI2109
2021-07-12 11:11:00,10117,10118,10113,10116,388,132779,39366480.0,OI2109
2021-07-12 11:12:00,10116,10120,10113,10119,420,132689,42613200.0,OI2109
2021-07-12 11:13:00,10119,10127,10118,10122,627,132681,63615420.0,OI2109
2021-07-12 11:14:00,10121,10127,10121,10123,568,132730,57629280.0,OI2109
2021-07-12 11:15:00,10123,10129,10121,10127,620,132769,62905200.0,OI2109
2021-07-12 11:16:00,10127,10134,10126,10133,838,132750,85023480.0,OI2109
2021-07-12 11:17:00,10132,10133,10127,10127,463,132713,46975980.0,OI2109
2021-07-12 11:18:00,10128,10129,10122,10126,501,132724,50831460.0,OI2109
2021-07-12 11:19:00,10125,10131,10124,10126,448,132829,45454080.0,OI2109
2021-07-12 11:20:00,10126,10127,10116,10125,935,132768,94865100.0,OI2109
2021-07-12 11:21:00,10124,10131,10121,10121,778,132736,78935880.0,OI2109
2021-07-12 11:22:00,10120,10124,10116,10124,2544,132882,258114240.0,OI2109
2021-07-12 11:23:00,10123,10128,10118,10126,550,132840,55803000.0,OI2109
2021-07-12 11:24:00,10125,10130,10120,10122,496,132778,50324160.0,OI2109
2021-07-12 11:25:00,10121,10122,10107,10110,1269,132662,128752740.0,OI2109
2021-07-12 11:26:00,10110,10115,10110,10111,623,132691,60146970.0,OI2109
2021-07-12 11:27:00,10111,10114,10106,10110,787,132603,79841150.0,OI2109
2021-07-12 11:28:00,10110,10112,10106,10106,371,132603,37637950.0,OI2109
2021-07-12 11:29:00,10107,10114,10105,10114,638,132522,64725100.0,OI2109
2021-07-12 13:30:00,10105,10119,10103,10115,2244,132730,227653800.0,OI2109
2021-07-12 13:31:00,10114,10117,10107,10107,922,132760,93536900.0,OI2109
2021-07-12 13:32:00,10108,10123,10108,10122,1239,132851,125696550.0,OI2109
2021-07-12 13:33:00,10121,10126,10116,10125,1067,132850,108247150.0,OI2109
2021-07-12 13:34:00,10123,10128,10119,10125,740,132806,75073000.0,OI2109
2021-07-12 13:35:00,10126,10127,10116,10117,917,132903,93029650.0,OI2109
2021-07-12 13:36:00,10117,10120,10116,10118,314,132882,31855300.0,OI2109
2021-07-12 13:37:00,10118,10118,10107,10112,787,132956,76678280.0,OI2109
2021-07-12 13:38:00,10111,10119,10110,10113,587,132938,59545280.0,OI2109
2021-07-12 13:39:00,10112,10116,10108,10110,740,132956,75065600.0,OI2109
2021-07-12 13:40:00,10110,10122,10109,10119,696,132995,70602240.0,OI2109
2021-07-12 13:41:00,10118,10119,10107,10110,694,133039,70399360.0,OI2109
2021-07-12 13:42:00,10111,10112,10105,10107,679,133121,68877760.0,OI2109
2021-07-12 13:43:00,10107,10111,10105,10109,401,133117,40677440.0,OI2109
2021-07-12 13:44:00,10109,10114,10109,10111,292,133135,29620480.0,OI2109
2021-07-12 13:45:00,10112,10112,10105,10106,776,133172,78717440.0,OI2109
2021-07-12 13:46:00,10105,10113,10102,10108,640,133134,64921600.0,OI2109
2021-07-12 13:47:00,10107,10115,10106,10114,522,133095,52951680.0,OI2109
2021-07-12 13:48:00,10115,10116,10107,10114,849,133240,86122560.0,OI2109
2021-07-12 13:49:00,10113,10115,10111,10113,473,133199,47981120.0,OI2109
2021-07-12 13:50:00,10113,10117,10109,10109,533,133137,54067520.0,OI2109
2021-07-12 13:51:00,10109,10111,10107,10111,423,133164,42909120.0,OI2109
2021-07-12 13:52:00,10110,10113,10109,10112,281,133168,28504640.0,OI2109
2021-07-12 13:53:00,10112,10113,10107,10110,310,133195,31446400.0,OI2109
2021-07-12 13:54:00,10110,10111,10109,10110,178,133217,18056320.0,OI2109
2021-07-12 13:55:00,10110,10110,10104,10106,469,133353,47575360.0,OI2109
2021-07-12 13:56:00,10105,10109,10103,10109,540,133395,51513900.0,OI2109
2021-07-12 13:57:00,10109,10115,10107,10115,555,133347,56293650.0,OI2109
2021-07-12 13:58:00,10115,10115,10109,10110,363,133328,36819090.0,OI2109
2021-07-12 13:59:00,10110,10111,10106,10107,366,133346,37123380.0,OI2109
2021-07-12 14:00:00,10105,10108,10104,10106,2024,133296,205294320.0,OI2109
2021-07-12 14:01:00,10106,10112,10106,10109,410,133378,41586300.0,OI2109
2021-07-12 14:02:00,10108,10111,10105,10106,1197,133670,121411710.0,OI2109
2021-07-12 14:03:00,10107,10116,10107,10113,4838,133515,487357110.0,OI2109
2021-07-12 14:04:00,10113,10114,10108,10111,501,133531,50811420.0,OI2109
2021-07-12 14:05:00,10110,10120,10109,10119,733,133426,74340860.0,OI2109
2021-07-12 14:06:00,10118,10129,10116,10127,1288,133500,130628960.0,OI2109
2021-07-12 14:07:00,10128,10131,10124,10127,1151,133447,116734420.0,OI2109
2021-07-12 14:08:00,10127,10128,10123,10125,365,133469,37018300.0,OI2109
2021-07-12 14:09:00,10125,10130,10125,10127,540,133584,54766800.0,OI2109
2021-07-12 14:10:00,10127,10137,10127,10132,1035,133443,104969700.0,OI2109
2021-07-12 14:11:00,10133,10136,10132,10134,421,133408,42697820.0,OI2109
2021-07-12 14:12:00,10135,10139,10133,10137,810,133452,82150200.0,OI2109
2021-07-12 14:13:00,10137,10138,10131,10131,480,133433,48681600.0,OI2109
2021-07-12 14:14:00,10131,10138,10131,10134,431,133413,43712020.0,OI2109
2021-07-12 14:15:00,10134,10134,10125,10131,743,133341,75355060.0,OI2109
2021-07-12 14:16:00,10131,10131,10126,10127,318,133367,32251560.0,OI2109
2021-07-12 14:17:00,10127,10129,10121,10127,505,133310,51217100.0,OI2109
2021-07-12 14:18:00,10126,10133,10126,10133,425,133373,43103500.0,OI2109
2021-07-12 14:19:00,10133,10136,10131,10132,594,133477,60243480.0,OI2109
2021-07-12 14:20:00,10132,10135,10131,10133,292,133465,29614640.0,OI2109
2021-07-12 14:21:00,10134,10144,10130,10142,1235,133407,125253700.0,OI2109
2021-07-12 14:22:00,10141,10142,10134,10137,567,133365,57505140.0,OI2109
2021-07-12 14:23:00,10138,10144,10137,10142,621,133426,62981820.0,OI2109
2021-07-12 14:24:00,10141,10146,10141,10145,661,133373,67038620.0,OI2109
2021-07-12 14:25:00,10144,10147,10139,10142,996,133493,101014320.0,OI2109
2021-07-12 14:26:00,10143,10146,10140,10146,443,133501,44929060.0,OI2109
2021-07-12 14:27:00,10145,10148,10139,10139,644,133463,65314480.0,OI2109
2021-07-12 14:28:00,10139,10140,10135,10137,851,133455,86308420.0,OI2109
2021-07-12 14:29:00,10138,10138,10129,10130,1044,133491,105882480.0,OI2109
2021-07-12 14:30:00,10130,10146,10130,10145,844,133470,85598480.0,OI2109
2021-07-12 14:31:00,10144,10144,10139,10142,463,133547,46957460.0,OI2109
2021-07-12 14:32:00,10142,10156,10141,10153,1091,133460,110649220.0,OI2109
2021-07-12 14:33:00,10152,10157,10147,10147,1184,133593,120081280.0,OI2109
2021-07-12 14:34:00,10147,10153,10147,10150,534,133692,54158280.0,OI2109
2021-07-12 14:35:00,10150,10155,10144,10154,841,133716,85294220.0,OI2109
2021-07-12 14:36:00,10154,10160,10147,10150,1125,133739,114097500.0,OI2109
2021-07-12 14:37:00,10150,10151,10146,10147,470,133780,47667400.0,OI2109
2021-07-12 14:38:00,10147,10148,10142,10146,754,133712,76470680.0,OI2109
2021-07-12 14:39:00,10146,10148,10140,10146,647,133658,65618740.0,OI2109
2021-07-12 14:40:00,10146,10154,10143,10149,806,133737,81744520.0,OI2109
2021-07-12 14:41:00,10149,10149,10138,10141,689,133725,69878380.0,OI2109
2021-07-12 14:42:00,10141,10144,10138,10142,584,133730,59229280.0,OI2109
2021-07-12 14:43:00,10142,10147,10138,10140,586,133756,59432120.0,OI2109
2021-07-12 14:44:00,10140,10142,10139,10140,314,133695,31845880.0,OI2109
2021-07-12 14:45:00,10141,10147,10141,10144,432,133693,43813440.0,OI2109
2021-07-12 14:46:00,10143,10149,10141,10141,569,133647,57707980.0,OI2109
2021-07-12 14:47:00,10141,10142,10134,10139,1005,133382,101927100.0,OI2109
2021-07-12 14:48:00,10139,10139,10135,10136,362,133315,36714040.0,OI2109
2021-07-12 14:49:00,10136,10141,10134,10140,618,133215,62677560.0,OI2109
2021-07-12 14:50:00,10141,10141,10133,10133,611,133162,61967620.0,OI2109
2021-07-12 14:51:00,10133,10141,10133,10138,635,133047,64401700.0,OI2109
2021-07-12 14:52:00,10138,10139,10135,10137,672,133091,68154240.0,OI2109
2021-07-12 14:53:00,10137,10140,10133,10140,615,132999,62373300.0,OI2109
2021-07-12 14:54:00,10142,10144,10139,10142,643,132999,65213060.0,OI2109
2021-07-12 14:55:00,10142,10145,10138,10140,893,132816,90568060.0,OI2109
2021-07-12 14:56:00,10140,10142,10136,10137,715,132770,72515300.0,OI2109
2021-07-12 14:57:00,10137,10142,10137,10139,699,132680,70892580.0,OI2109
2021-07-12 14:58:00,10139,10147,10139,10143,785,132495,79614700.0,OI2109
2021-07-12 14:59:00,10142,10144,10140,10142,826,132029,83772920.0,OI2109
2021-07-12 21:00:00,10107,10119,10095,10098,6210,133216,627458400.0,OI2109
2021-07-12 21:01:00,10099,10105,10092,10096,2866,133751,289399120.0,OI2109
2021-07-12 21:02:00,10096,10105,10096,10102,1577,133938,159308540.0,OI2109
2021-07-12 21:03:00,10102,10113,10102,10113,1608,133884,162562770.0,OI2109
2021-07-12 21:04:00,10111,10118,10109,10118,976,133866,98737650.0,OI2109
2021-07-12 21:05:00,10117,10117,10108,10113,1047,133914,105788880.0,OI2109
2021-07-12 21:06:00,10113,10126,10112,10122,1336,133963,135301840.0,OI2109
2021-07-12 21:07:00,10121,10122,10118,10119,900,134045,91119200.0,OI2109
2021-07-12 21:08:00,10118,10120,10116,10118,560,134142,56599200.0,OI2109
2021-07-12 21:09:00,10117,10127,10117,10125,901,134194,91243880.0,OI2109
2021-07-12 21:10:00,10126,10127,10122,10124,743,134176,75102440.0,OI2109
2021-07-12 21:11:00,10125,10134,10124,10130,890,134231,90157340.0,OI2109
2021-07-12 21:12:00,10130,10136,10130,10134,860,134304,87142140.0,OI2109
2021-07-12 21:13:00,10134,10135,10129,10132,948,134287,96057020.0,OI2109
2021-07-12 21:14:00,10131,10140,10131,10139,930,134209,94255820.0,OI2109
2021-07-12 21:15:00,10140,10140,10124,10126,1236,134340,125220200.0,OI2109
2021-07-12 21:16:00,10127,10127,10122,10124,675,134413,68262750.0,OI2109
2021-07-12 21:17:00,10124,10132,10124,10132,966,134620,97943870.0,OI2109
2021-07-12 21:18:00,10132,10133,10126,10130,385,134655,38938900.0,OI2109
2021-07-12 21:19:00,10130,10136,10129,10134,513,134638,52146090.0,OI2109
2021-07-12 21:20:00,10133,10135,10126,10127,542,134732,54823300.0,OI2109
2021-07-12 21:21:00,10128,10136,10127,10136,481,134789,48653150.0,OI2109
2021-07-12 21:22:00,10134,10138,10133,10136,731,134874,74219460.0,OI2109
2021-07-12 21:23:00,10136,10139,10134,10134,502,134878,50782320.0,OI2109
2021-07-12 21:24:00,10133,10144,10133,10141,997,134998,101150320.0,OI2109
2021-07-12 21:25:00,10141,10143,10138,10139,485,135101,49067450.0,OI2109
2021-07-12 21:26:00,10140,10143,10136,10137,507,135145,51596910.0,OI2109
2021-07-12 21:27:00,10137,10137,10130,10134,483,135047,48869940.0,OI2109
2021-07-12 21:28:00,10134,10135,10132,10134,392,134994,39662560.0,OI2109
2021-07-12 21:29:00,10134,10136,10132,10136,370,134995,37436600.0,OI2109
2021-07-12 21:30:00,10137,10139,10120,10126,2612,135010,264624450.0,OI2109
2021-07-12 21:31:00,10125,10129,10119,10129,2024,135037,204808560.0,OI2109
2021-07-12 21:32:00,10130,10133,10125,10127,1064,135019,108039330.0,OI2109
2021-07-12 21:33:00,10127,10132,10126,10129,614,135024,62136800.0,OI2109
2021-07-12 21:34:00,10130,10141,10130,10141,1181,135073,119517200.0,OI2109
2021-07-12 21:35:00,10141,10143,10137,10141,1538,135329,156052100.0,OI2109
2021-07-12 21:36:00,10141,10148,10139,10146,1244,135333,126324180.0,OI2109
2021-07-12 21:37:00,10146,10157,10146,10155,2271,135564,230312270.0,OI2109
2021-07-12 21:38:00,10155,10155,10147,10153,1511,135650,153415290.0,OI2109
2021-07-12 21:39:00,10154,10160,10150,10154,1746,135969,177239260.0,OI2109
2021-07-12 21:40:00,10152,10154,10144,10146,1422,136026,144465940.0,OI2109
2021-07-12 21:41:00,10147,10151,10146,10148,766,136064,77565160.0,OI2109
2021-07-12 21:42:00,10147,10147,10138,10143,1513,135920,153717610.0,OI2109
2021-07-12 21:43:00,10142,10151,10141,10149,954,135864,96611580.0,OI2109
2021-07-12 21:44:00,10150,10154,10146,10150,869,135881,88533090.0,OI2109
2021-07-12 21:45:00,10151,10154,10144,10148,1315,135981,133183200.0,OI2109
2021-07-12 21:46:00,10149,10154,10146,10152,731,135869,74035680.0,OI2109
2021-07-12 21:47:00,10153,10155,10148,10152,1016,135837,103460560.0,OI2109
2021-07-12 21:48:00,10151,10152,10148,10151,421,135838,42643090.0,OI2109
2021-07-12 21:49:00,10151,10155,10147,10148,667,135801,67560430.0,OI2109
2021-07-12 21:50:00,10148,10153,10147,10151,669,135795,68340660.0,OI2109
2021-07-12 21:51:00,10152,10159,10151,10152,1062,135902,107580600.0,OI2109
2021-07-12 21:52:00,10153,10160,10151,10153,1488,136248,151337550.0,OI2109
2021-07-12 21:53:00,10154,10156,10150,10152,882,136188,89355420.0,OI2109
2021-07-12 21:54:00,10152,10156,10151,10153,508,136205,51465480.0,OI2109
2021-07-12 21:55:00,10154,10158,10154,10157,719,136174,72841890.0,OI2109
2021-07-12 21:56:00,10158,10161,10153,10153,1125,136221,114609240.0,OI2109
2021-07-12 21:57:00,10154,10155,10150,10150,609,136218,61703880.0,OI2109
2021-07-12 21:58:00,10151,10155,10149,10153,447,136186,45290040.0,OI2109
2021-07-12 21:59:00,10153,10154,10145,10146,816,136257,82677120.0,OI2109
2021-07-12 22:00:00,10145,10150,10141,10145,953,136269,97221700.0,OI2109
2021-07-12 22:01:00,10145,10146,10139,10141,1020,136264,103356600.0,OI2109
2021-07-12 22:02:00,10141,10142,10135,10142,1114,136262,112881620.0,OI2109
2021-07-12 22:03:00,10142,10147,10140,10144,1086,136189,110044380.0,OI2109
2021-07-12 22:04:00,10145,10147,10142,10143,517,136206,52387610.0,OI2109
2021-07-12 22:05:00,10143,10148,10141,10147,476,136205,48233080.0,OI2109
2021-07-12 22:06:00,10146,10149,10145,10148,477,136254,48334410.0,OI2109
2021-07-12 22:07:00,10148,10155,10148,10152,1518,136528,154544760.0,OI2109
2021-07-12 22:08:00,10152,10154,10150,10152,1438,136347,145726920.0,OI2109
2021-07-12 22:09:00,10152,10152,10146,10148,628,136268,63641520.0,OI2109
2021-07-12 22:10:00,10148,10154,10148,10154,323,136263,32732820.0,OI2109
2021-07-12 22:11:00,10154,10159,10153,10156,566,136295,57358440.0,OI2109
2021-07-12 22:12:00,10155,10166,10155,10162,1038,136274,105956670.0,OI2109
2021-07-12 22:13:00,10162,10163,10156,10157,592,136238,59999200.0,OI2109
2021-07-12 22:14:00,10157,10161,10157,10159,429,136277,43479150.0,OI2109
2021-07-12 22:15:00,10157,10161,10155,10156,617,136257,62532950.0,OI2109
2021-07-12 22:16:00,10156,10157,10151,10156,775,136158,78546250.0,OI2109
2021-07-12 22:17:00,10155,10163,10155,10162,851,136084,87047240.0,OI2109
2021-07-12 22:18:00,10162,10164,10155,10158,745,135966,75513200.0,OI2109
2021-07-12 22:19:00,10158,10162,10158,10159,475,136001,48146000.0,OI2109
2021-07-12 22:20:00,10160,10160,10151,10152,730,135922,73992800.0,OI2109
2021-07-12 22:21:00,10151,10156,10151,10155,446,135847,45206560.0,OI2109
2021-07-12 22:22:00,10154,10157,10152,10157,352,135840,35678720.0,OI2109
2021-07-12 22:23:00,10156,10160,10156,10158,418,135800,42368480.0,OI2109
2021-07-12 22:24:00,10159,10160,10154,10156,420,135775,43405450.0,OI2109
2021-07-12 22:25:00,10155,10161,10154,10160,669,135778,67816530.0,OI2109
2021-07-12 22:26:00,10158,10165,10158,10165,849,135659,86063130.0,OI2109
2021-07-12 22:27:00,10164,10173,10162,10168,1324,135578,134213880.0,OI2109
2021-07-12 22:28:00,10167,10170,10163,10165,2889,135587,293749490.0,OI2109
2021-07-12 22:29:00,10165,10170,10164,10169,815,135631,83524410.0,OI2109
2021-07-12 22:30:00,10168,10176,10168,10173,1451,135751,147116890.0,OI2109
2021-07-12 22:31:00,10173,10180,10173,10177,1292,135828,131923020.0,OI2109
2021-07-12 22:32:00,10178,10182,10176,10180,733,135916,74326200.0,OI2109
2021-07-12 22:33:00,10179,10182,10176,10181,717,136052,72703800.0,OI2109
2021-07-12 22:34:00,10181,10184,10176,10183,836,136123,85720400.0,OI2109
2021-07-12 22:35:00,10183,10188,10180,10184,1059,136085,107393190.0,OI2109
2021-07-12 22:36:00,10182,10187,10182,10186,779,136156,78998390.0,OI2109
2021-07-12 22:37:00,10186,10189,10183,10185,987,136176,101069920.0,OI2109
2021-07-12 22:38:00,10186,10188,10184,10188,631,136270,63996020.0,OI2109
2021-07-12 22:39:00,10188,10191,10185,10186,964,136259,98763080.0,OI2109
2021-07-12 22:40:00,10186,10195,10186,10192,1104,136355,111978720.0,OI2109
2021-07-12 22:41:00,10191,10193,10188,10188,1294,136674,132268600.0,OI2109
2021-07-12 22:42:00,10187,10209,10187,10204,4368,135615,445213640.0,OI2109
2021-07-12 22:43:00,10204,10218,10204,10205,3119,135261,318639840.0,OI2109
2021-07-12 22:44:00,10205,10209,10200,10208,1498,135194,153125070.0,OI2109
2021-07-12 22:45:00,10207,10214,10207,10207,1182,135092,119961180.0,OI2109
2021-07-12 22:46:00,10207,10211,10202,10210,875,134986,89932350.0,OI2109
2021-07-12 22:47:00,10209,10212,10206,10206,613,134978,62219500.0,OI2109
2021-07-12 22:48:00,10207,10209,10203,10204,699,134937,70948500.0,OI2109
2021-07-12 22:49:00,10204,10217,10204,10216,1350,134869,138180220.0,OI2109
2021-07-12 22:50:00,10215,10215,10210,10211,574,134925,58266740.0,OI2109
2021-07-12 22:51:00,10211,10214,10206,10207,667,134837,68874800.0,OI2109
2021-07-12 22:52:00,10207,10214,10204,10204,1006,134714,102129120.0,OI2109
2021-07-12 22:53:00,10204,10213,10204,10212,618,134677,62739360.0,OI2109
2021-07-12 22:54:00,10212,10213,10209,10211,898,134555,92357810.0,OI2109
2021-07-12 22:55:00,10213,10217,10211,10217,814,134430,82645420.0,OI2109
2021-07-12 22:56:00,10217,10225,10211,10212,1372,134323,140513870.0,OI2109
2021-07-12 22:57:00,10211,10213,10201,10205,1131,134159,116067760.0,OI2109
2021-07-12 22:58:00,10205,10210,10204,10204,819,133867,83169450.0,OI2109
2021-07-12 22:59:00,10205,10223,10205,10210,1345,133273,136584750.0,OI2109
2021-07-13 09:00:00,10207,10240,10207,10236,3566,133963,365977260.0,OI2109
2021-07-13 09:01:00,10234,10243,10227,10232,2428,134159,247943840.0,OI2109
2021-07-13 09:02:00,10233,10242,10230,10238,1635,134326,167423600.0,OI2109
2021-07-13 09:03:00,10238,10247,10238,10243,1494,134558,153129290.0,OI2109
2021-07-13 09:04:00,10241,10264,10241,10260,2704,134983,277485300.0,OI2109
2021-07-13 09:05:00,10261,10263,10252,10254,1730,134876,177203130.0,OI2109
2021-07-13 09:06:00,10253,10266,10253,10266,1545,135080,158432480.0,OI2109
2021-07-13 09:07:00,10264,10266,10256,10265,1498,135369,153685360.0,OI2109
2021-07-13 09:08:00,10264,10264,10258,10258,865,135420,89358210.0,OI2109
2021-07-13 09:09:00,10258,10265,10255,10258,1483,135611,152213750.0,OI2109
2021-07-13 09:10:00,10257,10263,10256,10261,800,135663,81344000.0,OI2109
2021-07-13 09:11:00,10260,10262,10258,10258,558,135763,56737440.0,OI2109
2021-07-13 09:12:00,10259,10260,10248,10250,1741,135734,178493010.0,OI2109
2021-07-13 09:13:00,10250,10251,10243,10245,1223,135718,125847230.0,OI2109
2021-07-13 09:14:00,10244,10251,10242,10243,1130,135622,116412660.0,OI2109
2021-07-13 09:15:00,10244,10251,10238,10238,1355,135724,137817050.0,OI2109
2021-07-13 09:16:00,10239,10244,10238,10242,949,135706,98037490.0,OI2109
2021-07-13 09:17:00,10242,10242,10235,10238,856,135659,87072320.0,OI2109
2021-07-13 09:18:00,10238,10246,10237,10244,763,135701,77612360.0,OI2109
2021-07-13 09:19:00,10244,10246,10239,10245,680,135752,70707290.0,OI2109
2021-07-13 09:20:00,10245,10251,10238,10250,790,135770,80366700.0,OI2109
2021-07-13 09:21:00,10250,10257,10248,10255,868,135828,89855910.0,OI2109
2021-07-13 09:22:00,10255,10259,10254,10256,645,135919,65622300.0,OI2109
2021-07-13 09:23:00,10255,10259,10252,10259,605,135916,61552700.0,OI2109
2021-07-13 09:24:00,10259,10262,10255,10257,678,135975,70553270.0,OI2109
2021-07-13 09:25:00,10257,10258,10251,10255,656,135981,66748000.0,OI2109
2021-07-13 09:26:00,10255,10263,10254,10261,869,136078,88420750.0,OI2109
2021-07-13 09:27:00,10261,10264,10259,10259,547,136126,57251520.0,OI2109
2021-07-13 09:28:00,10259,10262,10256,10260,499,136104,50778240.0,OI2109
2021-07-13 09:29:00,10260,10268,10260,10261,1053,136126,107153280.0,OI2109
2021-07-13 09:30:00,10261,10268,10261,10263,725,136175,75393040.0,OI2109
2021-07-13 09:31:00,10263,10264,10258,10258,490,136196,49867300.0,OI2109
2021-07-13 09:32:00,10257,10259,10252,10255,871,136164,90272320.0,OI2109
2021-07-13 09:33:00,10254,10255,10246,10247,898,136096,91398440.0,OI2109
2021-07-13 09:34:00,10247,10250,10241,10242,617,135983,62798260.0,OI2109
2021-07-13 09:35:00,10242,10253,10241,10252,902,136011,93460380.0,OI2109
2021-07-13 09:36:00,10252,10256,10251,10252,432,135993,43973280.0,OI2109
2021-07-13 09:37:00,10252,10257,10251,10256,330,135999,33590700.0,OI2109
2021-07-13 09:38:00,10256,10258,10249,10249,635,136046,64636650.0,OI2109
2021-07-13 09:39:00,10249,10253,10249,10250,482,135995,49062780.0,OI2109
2021-07-13 09:40:00,10253,10268,10250,10259,1877,136239,192752210.0,OI2109
2021-07-13 09:41:00,10259,10268,10258,10266,680,136459,70923180.0,OI2109
2021-07-13 09:42:00,10266,10275,10265,10266,1369,136454,139377890.0,OI2109
2021-07-13 09:43:00,10266,10266,10260,10260,569,136467,59648450.0,OI2109
2021-07-13 09:44:00,10261,10266,10259,10263,432,136426,43986240.0,OI2109
2021-07-13 09:45:00,10263,10270,10263,10267,526,136526,53557320.0,OI2109
2021-07-13 09:46:00,10267,10268,10264,10268,314,136560,31971480.0,OI2109
2021-07-13 09:47:00,10268,10271,10268,10268,558,136692,58552420.0,OI2109
2021-07-13 09:48:00,10269,10272,10266,10269,585,136691,59570550.0,OI2109
2021-07-13 09:49:00,10269,10272,10268,10269,593,136715,60385190.0,OI2109
2021-07-13 09:50:00,10271,10283,10269,10281,2023,136994,207770960.0,OI2109
2021-07-13 09:51:00,10280,10281,10277,10281,817,137024,84980320.0,OI2109
2021-07-13 09:52:00,10282,10285,10280,10282,688,137037,70072800.0,OI2109
2021-07-13 09:53:00,10283,10287,10281,10283,790,137117,80461500.0,OI2109
2021-07-13 09:54:00,10282,10284,10279,10283,630,137103,65963620.0,OI2109
2021-07-13 09:55:00,10284,10287,10281,10285,933,137372,95035380.0,OI2109
2021-07-13 09:56:00,10286,10286,10278,10278,806,137450,83914670.0,OI2109
2021-07-13 09:57:00,10278,10279,10271,10274,1081,137324,110121470.0,OI2109
2021-07-13 09:58:00,10275,10279,10271,10274,836,137400,86998000.0,OI2109
2021-07-13 09:59:00,10274,10283,10273,10282,484,137414,49309920.0,OI2109
2021-07-13 10:00:00,10282,10286,10271,10272,2044,137599,210102680.0,OI2109
2021-07-13 10:01:00,10272,10273,10267,10269,2380,137703,244381960.0,OI2109
2021-07-13 10:02:00,10269,10275,10269,10274,730,137655,74387000.0,OI2109
2021-07-13 10:03:00,10274,10274,10268,10271,926,137674,96259720.0,OI2109
2021-07-13 10:04:00,10271,10274,10270,10272,409,137680,41681190.0,OI2109
2021-07-13 10:05:00,10272,10283,10272,10282,1244,137889,126776040.0,OI2109
2021-07-13 10:06:00,10283,10289,10282,10284,1693,138053,174467410.0,OI2109
2021-07-13 10:07:00,10285,10285,10268,10270,1718,138133,177049520.0,OI2109
2021-07-13 10:08:00,10271,10278,10268,10275,1251,138170,127514430.0,OI2109
2021-07-13 10:09:00,10276,10283,10275,10281,757,138224,79132050.0,OI2109
2021-07-13 10:10:00,10281,10291,10280,10290,2010,138569,206890540.0,OI2109
2021-07-13 10:11:00,10290,10294,10286,10294,1183,138585,120606850.0,OI2109
2021-07-13 10:12:00,10294,10297,10292,10296,1332,138512,137813690.0,OI2109
2021-07-13 10:13:00,10296,10297,10292,10294,1186,138685,120924560.0,OI2109
2021-07-13 10:14:00,10294,10300,10293,10297,1245,138628,128980800.0,OI2109
2021-07-13 10:30:00,10298,10303,10291,10293,1663,138579,171633340.0,OI2109
2021-07-13 10:31:00,10292,10293,10284,10286,1260,138470,128494800.0,OI2109
2021-07-13 10:32:00,10284,10291,10282,10288,919,138410,95798640.0,OI2109
2021-07-13 10:33:00,10289,10292,10288,10291,565,138487,57624350.0,OI2109
2021-07-13 10:34:00,10293,10294,10283,10284,917,138514,93524830.0,OI2109
2021-07-13 10:35:00,10284,10290,10284,10285,486,138664,51665840.0,OI2109
2021-07-13 10:36:00,10285,10287,10283,10286,599,138637,61098000.0,OI2109
2021-07-13 10:37:00,10288,10292,10282,10285,611,138599,62322000.0,OI2109
2021-07-13 10:38:00,10285,10286,10282,10286,549,138742,55998000.0,OI2109
2021-07-13 10:39:00,10286,10288,10281,10281,369,138735,39757980.0,OI2109
2021-07-13 10:40:00,10281,10281,10273,10273,1476,138516,150566760.0,OI2109
2021-07-13 10:41:00,10273,10277,10272,10277,686,138612,69978860.0,OI2109
2021-07-13 10:42:00,10276,10280,10274,10276,959,138761,99978780.0,OI2109
2021-07-13 10:43:00,10276,10281,10275,10278,720,138801,73454400.0,OI2109
2021-07-13 10:44:00,10279,10280,10274,10278,1080,138861,110181600.0,OI2109
2021-07-13 10:45:00,10278,10283,10274,10274,729,138856,74372580.0,OI2109
2021-07-13 10:46:00,10275,10277,10268,10277,1307,138814,135529690.0,OI2109
2021-07-13 10:47:00,10276,10283,10273,10281,736,138744,75094080.0,OI2109
2021-07-13 10:48:00,10280,10280,10267,10274,1164,138586,120971470.0,OI2109
2021-07-13 10:49:00,10273,10275,10269,10275,871,138543,88876840.0,OI2109
2021-07-13 10:50:00,10274,10275,10264,10266,1039,138544,106019560.0,OI2109
2021-07-13 10:51:00,10266,10270,10265,10270,755,138653,77040200.0,OI2109
2021-07-13 10:52:00,10269,10271,10266,10271,514,138669,52448560.0,OI2109
2021-07-13 10:53:00,10270,10271,10264,10269,621,138655,65613390.0,OI2109
2021-07-13 10:54:00,10269,10273,10265,10271,793,138688,80925650.0,OI2109
2021-07-13 10:55:00,10271,10271,10264,10266,556,138584,56739800.0,OI2109
2021-07-13 10:56:00,10266,10266,10261,10261,1067,138556,108887350.0,OI2109
2021-07-13 10:57:00,10262,10262,10255,10258,1140,138633,118619110.0,OI2109
2021-07-13 10:58:00,10258,10258,10246,10248,1998,138685,203915880.0,OI2109
2021-07-13 10:59:00,10248,10252,10246,10250,989,138683,100937340.0,OI2109
2021-07-13 11:00:00,10250,10259,10242,10258,1881,138486,191974860.0,OI2109
2021-07-13 11:01:00,10259,10262,10253,10261,1147,138429,119405080.0,OI2109
2021-07-13 11:02:00,10260,10267,10258,10259,957,138404,97680990.0,OI2109
2021-07-13 11:03:00,10259,10261,10256,10256,799,138498,81553930.0,OI2109
2021-07-13 11:04:00,10256,10257,10249,10250,1008,138511,102886560.0,OI2109
2021-07-13 11:05:00,10250,10254,10248,10254,917,138750,93598190.0,OI2109
2021-07-13 11:06:00,10254,10256,10248,10252,621,138673,65770750.0,OI2109
2021-07-13 11:07:00,10253,10255,10251,10252,597,138636,60941760.0,OI2109
2021-07-13 11:08:00,10252,10252,10242,10244,1071,138599,109327680.0,OI2109
2021-07-13 11:09:00,10244,10245,10236,10236,1494,138545,152507520.0,OI2109
2021-07-13 11:10:00,10237,10244,10235,10244,1223,138690,124843840.0,OI2109
2021-07-13 11:11:00,10244,10246,10239,10242,955,138551,97486400.0,OI2109
2021-07-13 11:12:00,10240,10246,10239,10245,894,138520,91259520.0,OI2109
2021-07-13 11:13:00,10245,10249,10242,10242,886,138647,92899360.0,OI2109
2021-07-13 11:14:00,10241,10244,10239,10244,831,138796,84836790.0,OI2109
2021-07-13 11:15:00,10243,10261,10242,10260,1998,138905,203975820.0,OI2109
2021-07-13 11:16:00,10260,10264,10254,10262,1277,138827,130368930.0,OI2109
2021-07-13 11:17:00,10262,10266,10259,10263,902,138810,94591740.0,OI2109
2021-07-13 11:18:00,10262,10275,10260,10273,1349,138845,137732900.0,OI2109
2021-07-13 11:19:00,10272,10275,10270,10273,880,138933,89848000.0,OI2109
2021-07-13 11:20:00,10274,10278,10272,10278,884,139085,90256400.0,OI2109
2021-07-13 11:21:00,10277,10280,10276,10279,781,139107,82285600.0,OI2109
2021-07-13 11:22:00,10278,10293,10278,10293,2191,138807,223723010.0,OI2109
2021-07-13 11:23:00,10292,10293,10285,10288,2157,138967,222840250.0,OI2109
2021-07-13 11:24:00,10288,10292,10285,10292,4175,138771,428981730.0,OI2109
2021-07-13 11:25:00,10291,10295,10287,10288,1270,139049,129705100.0,OI2109
2021-07-13 11:26:00,10287,10294,10284,10288,1094,139151,114384590.0,OI2109
2021-07-13 11:27:00,10288,10288,10278,10279,1170,139172,119503800.0,OI2109
2021-07-13 11:28:00,10279,10282,10278,10279,481,139173,49129340.0,OI2109
2021-07-13 11:29:00,10280,10281,10277,10278,470,138949,48005800.0,OI2109
2021-07-13 13:30:00,10278,10290,10278,10283,1540,139036,159986580.0,OI2109
2021-07-13 13:31:00,10282,10288,10282,10287,656,139226,67010400.0,OI2109
2021-07-13 13:32:00,10287,10294,10284,10284,937,139269,95714550.0,OI2109
2021-07-13 13:33:00,10283,10290,10280,10287,1407,139229,143725050.0,OI2109
2021-07-13 13:34:00,10287,10290,10282,10283,542,139199,58091700.0,OI2109
2021-07-13 13:35:00,10285,10285,10274,10276,928,139218,94804480.0,OI2109
2021-07-13 13:36:00,10275,10281,10274,10279,855,139209,87346800.0,OI2109
2021-07-13 13:37:00,10279,10283,10277,10279,577,139179,58946320.0,OI2109
2021-07-13 13:38:00,10278,10280,10271,10276,762,139036,77845920.0,OI2109
2021-07-13 13:39:00,10276,10276,10273,10274,479,138981,48934640.0,OI2109
2021-07-13 13:40:00,10274,10278,10271,10277,737,139033,78061700.0,OI2109
2021-07-13 13:41:00,10276,10278,10271,10271,780,139045,79692600.0,OI2109
2021-07-13 13:42:00,10271,10272,10266,10267,875,139104,89398750.0,OI2109
2021-07-13 13:43:00,10267,10270,10267,10268,669,139138,68351730.0,OI2109
2021-07-13 13:44:00,10268,10270,10266,10267,550,139064,56193500.0,OI2109
2021-07-13 13:45:00,10267,10276,10267,10274,794,139024,81122980.0,OI2109
2021-07-13 13:46:00,10273,10278,10273,10277,596,139081,60893320.0,OI2109
2021-07-13 13:47:00,10277,10282,10276,10281,802,139167,84760780.0,OI2109
2021-07-13 13:48:00,10281,10288,10278,10281,1192,139412,121798560.0,OI2109
2021-07-13 13:49:00,10281,10281,10277,10279,606,139416,61921080.0,OI2109
2021-07-13 13:50:00,10280,10280,10274,10277,887,139441,90633660.0,OI2109
2021-07-13 13:51:00,10276,10279,10276,10277,510,139478,52111800.0,OI2109
2021-07-13 13:52:00,10277,10279,10274,10274,562,139407,57425160.0,OI2109
2021-07-13 13:53:00,10274,10286,10274,10283,1286,139657,134274350.0,OI2109
2021-07-13 13:54:00,10283,10289,10281,10285,909,139851,92890710.0,OI2109
2021-07-13 13:55:00,10286,10289,10283,10285,585,139889,59781150.0,OI2109
2021-07-13 13:56:00,10285,10288,10281,10287,506,139871,51708140.0,OI2109
2021-07-13 13:57:00,10287,10289,10285,10287,439,139923,44861410.0,OI2109
2021-07-13 13:58:00,10287,10288,10284,10284,296,139960,30248240.0,OI2109
2021-07-13 13:59:00,10285,10286,10278,10280,541,139898,55284790.0,OI2109
2021-07-13 14:00:00,10280,10290,10280,10286,739,140097,78429430.0,OI2109
2021-07-13 14:01:00,10287,10287,10284,10285,365,140006,37303000.0,OI2109
2021-07-13 14:02:00,10286,10287,10282,10287,288,140062,29433600.0,OI2109
2021-07-13 14:03:00,10287,10294,10286,10291,1174,140135,119982800.0,OI2109
2021-07-13 14:04:00,10292,10293,10288,10292,463,140088,47318600.0,OI2109
2021-07-13 14:05:00,10292,10295,10288,10295,850,140255,86870000.0,OI2109
2021-07-13 14:06:00,10294,10298,10290,10295,956,140295,100655180.0,OI2109
2021-07-13 14:07:00,10295,10299,10293,10297,970,140220,99143700.0,OI2109
2021-07-13 14:08:00,10297,10301,10296,10298,1046,140370,106911660.0,OI2109
2021-07-13 14:09:00,10298,10301,10296,10301,840,140577,85856400.0,OI2109
2021-07-13 14:10:00,10300,10302,10291,10292,884,140555,93343020.0,OI2109
2021-07-13 14:11:00,10292,10293,10290,10292,606,140541,61945320.0,OI2109
2021-07-13 14:12:00,10293,10296,10291,10291,503,140571,51416660.0,OI2109
2021-07-13 14:13:00,10292,10299,10291,10299,595,140695,60820900.0,OI2109
2021-07-13 14:14:00,10300,10309,10297,10307,2191,141141,226992350.0,OI2109
2021-07-13 14:15:00,10306,10321,10306,10318,2683,141220,274283090.0,OI2109
2021-07-13 14:16:00,10318,10319,10315,10317,764,141224,81166520.0,OI2109
2021-07-13 14:17:00,10318,10318,10312,10316,854,141120,87312960.0,OI2109
2021-07-13 14:18:00,10316,10318,10309,10310,932,141190,95287680.0,OI2109
2021-07-13 14:19:00,10311,10314,10309,10311,820,141363,83836800.0,OI2109
2021-07-13 14:20:00,10311,10314,10310,10313,524,141384,53573760.0,OI2109
2021-07-13 14:21:00,10313,10313,10304,10305,687,141341,73339850.0,OI2109
2021-07-13 14:22:00,10305,10306,10301,10304,603,141268,61656750.0,OI2109
2021-07-13 14:23:00,10304,10310,10304,10309,526,141219,53783500.0,OI2109
2021-07-13 14:24:00,10310,10313,10308,10310,567,141288,57975750.0,OI2109
2021-07-13 14:25:00,10310,10314,10309,10313,608,141179,62168000.0,OI2109
2021-07-13 14:26:00,10312,10314,10304,10304,1872,141426,194554730.0,OI2109
2021-07-13 14:27:00,10304,10307,10302,10304,2019,141158,206462940.0,OI2109
2021-07-13 14:28:00,10305,10307,10303,10307,464,141127,47448640.0,OI2109
2021-07-13 14:29:00,10308,10312,10303,10306,595,141049,64018210.0,OI2109
2021-07-13 14:30:00,10306,10313,10305,10305,904,141136,92452080.0,OI2109
2021-07-13 14:31:00,10306,10306,10295,10298,1296,141161,132541920.0,OI2109
2021-07-13 14:32:00,10297,10298,10291,10294,787,141174,80486490.0,OI2109
2021-07-13 14:33:00,10295,10297,10292,10294,483,141166,49396410.0,OI2109
2021-07-13 14:34:00,10295,10300,10295,10296,501,141214,51237270.0,OI2109
2021-07-13 14:35:00,10297,10297,10292,10294,536,141217,58035300.0,OI2109
2021-07-13 14:36:00,10294,10304,10293,10302,590,141224,60345200.0,OI2109
2021-07-13 14:37:00,10301,10303,10296,10300,587,141194,60038360.0,OI2109
2021-07-13 14:38:00,10300,10301,10294,10295,364,141175,37229920.0,OI2109
2021-07-13 14:39:00,10295,10297,10291,10291,455,141144,46537400.0,OI2109
2021-07-13 14:40:00,10291,10298,10290,10296,609,141089,62288520.0,OI2109
2021-07-13 14:41:00,10298,10309,10297,10304,909,141102,92972520.0,OI2109
2021-07-13 14:42:00,10305,10312,10302,10312,1041,141302,109737610.0,OI2109
2021-07-13 14:43:00,10311,10311,10308,10311,650,141387,66488500.0,OI2109
2021-07-13 14:44:00,10311,10311,10297,10297,1170,141503,119679300.0,OI2109
2021-07-13 14:45:00,10297,10297,10283,10287,2027,141502,207341830.0,OI2109
2021-07-13 14:46:00,10286,10294,10285,10293,975,141548,103045100.0,OI2109
2021-07-13 14:47:00,10294,10306,10293,10298,1239,141771,126749700.0,OI2109
2021-07-13 14:48:00,10298,10310,10298,10303,1185,141926,121225500.0,OI2109
2021-07-13 14:49:00,10304,10308,10303,10307,599,141992,61277700.0,OI2109
2021-07-13 14:50:00,10308,10312,10305,10312,807,142103,82556100.0,OI2109
2021-07-13 14:51:00,10310,10311,10306,10306,931,142073,98601260.0,OI2109
2021-07-13 14:52:00,10306,10312,10306,10307,742,142062,75914020.0,OI2109
2021-07-13 14:53:00,10308,10312,10307,10312,596,142002,60976760.0,OI2109
2021-07-13 14:54:00,10313,10313,10307,10310,739,141967,75607090.0,OI2109
2021-07-13 14:55:00,10310,10312,10307,10308,906,141841,92692860.0,OI2109
2021-07-13 14:56:00,10308,10314,10308,10309,864,141791,88395840.0,OI2109
2021-07-13 14:57:00,10308,10310,10304,10306,1047,141577,110527470.0,OI2109
2021-07-13 14:58:00,10305,10308,10303,10306,856,141326,87585920.0,OI2109
2021-07-13 14:59:00,10306,10312,10301,10305,1385,141000,141713200.0,OI2109
2021-07-13 21:00:00,10342,10342,10311,10315,7399,141188,763872760.0,OI2109
2021-07-13 21:01:00,10313,10320,10306,10316,2291,141263,236329040.0,OI2109
2021-07-13 21:02:00,10316,10318,10309,10310,1323,141356,136449930.0,OI2109
2021-07-13 21:03:00,10309,10323,10307,10323,1699,141494,175226670.0,OI2109
2021-07-13 21:04:00,10322,10330,10319,10328,1536,141690,158515200.0,OI2109
2021-07-13 21:05:00,10328,10329,10315,10316,2299,142025,237422270.0,OI2109
2021-07-13 21:06:00,10316,10320,10314,10316,1138,142059,117276130.0,OI2109
2021-07-13 21:07:00,10317,10324,10314,10322,927,142085,95666400.0,OI2109
2021-07-13 21:08:00,10324,10336,10323,10332,1615,141843,166870270.0,OI2109
2021-07-13 21:09:00,10333,10346,10333,10342,2163,142157,223691030.0,OI2109
2021-07-13 21:10:00,10343,10349,10335,10339,4750,142720,491156700.0,OI2109
2021-07-13 21:11:00,10338,10340,10326,10328,5644,142792,583127280.0,OI2109
2021-07-13 21:12:00,10327,10332,10324,10326,2792,142984,288329840.0,OI2109
2021-07-13 21:13:00,10325,10328,10320,10322,2282,142838,235662140.0,OI2109
2021-07-13 21:14:00,10322,10324,10314,10319,1971,143330,203545170.0,OI2109
2021-07-13 21:15:00,10320,10320,10306,10309,2955,143164,304735010.0,OI2109
2021-07-13 21:16:00,10309,10311,10307,10311,2001,143647,206175410.0,OI2109
2021-07-13 21:17:00,10311,10316,10305,10316,2825,143649,291205150.0,OI2109
2021-07-13 21:18:00,10317,10326,10317,10325,2339,143526,241478360.0,OI2109
2021-07-13 21:19:00,10326,10333,10324,10328,1570,143652,162086800.0,OI2109
2021-07-13 21:20:00,10329,10331,10325,10327,682,143749,70409680.0,OI2109
2021-07-13 21:21:00,10327,10338,10327,10332,1145,143851,118209800.0,OI2109
2021-07-13 21:22:00,10333,10334,10328,10328,699,143998,72705210.0,OI2109
2021-07-13 21:23:00,10328,10329,10322,10326,856,144022,87832990.0,OI2109
2021-07-13 21:24:00,10326,10333,10325,10332,419,144067,43810760.0,OI2109
2021-07-13 21:25:00,10332,10334,10329,10329,389,144135,40164250.0,OI2109
2021-07-13 21:26:00,10329,10335,10329,10334,443,144135,45739750.0,OI2109
2021-07-13 21:27:00,10334,10338,10333,10336,475,144099,49043750.0,OI2109
2021-07-13 21:28:00,10336,10337,10332,10334,376,144057,38822000.0,OI2109
2021-07-13 21:29:00,10333,10337,10330,10334,1192,144301,123074000.0,OI2109
2021-07-13 21:30:00,10334,10334,10324,10326,3773,144150,389562250.0,OI2109
2021-07-13 21:31:00,10327,10336,10319,10330,1952,144080,201544000.0,OI2109
2021-07-13 21:32:00,10331,10331,10320,10324,1310,144030,135257500.0,OI2109
2021-07-13 21:33:00,10325,10326,10318,10319,939,144064,96951750.0,OI2109
2021-07-13 21:34:00,10320,10320,10310,10312,1182,144034,122041500.0,OI2109
2021-07-13 21:35:00,10312,10320,10311,10318,1216,144148,125552000.0,OI2109
2021-07-13 21:36:00,10318,10327,10318,10323,877,144222,90550250.0,OI2109
2021-07-13 21:37:00,10323,10330,10321,10328,798,144185,82393500.0,OI2109
2021-07-13 21:38:00,10328,10333,10328,10333,1113,144248,114917250.0,OI2109
2021-07-13 21:39:00,10333,10346,10333,10344,1547,144301,159727750.0,OI2109
2021-07-13 21:40:00,10344,10365,10344,10362,2961,144372,307240510.0,OI2109
2021-07-13 21:41:00,10363,10364,10352,10355,1882,144212,194354140.0,OI2109
2021-07-13 21:42:00,10356,10362,10353,10357,1252,144235,130084010.0,OI2109
2021-07-13 21:43:00,10357,10365,10357,10358,1055,144423,108960400.0,OI2109
2021-07-13 21:44:00,10358,10360,10350,10352,1173,144458,121147440.0,OI2109
2021-07-13 21:45:00,10352,10352,10342,10347,1507,144402,156470280.0,OI2109
2021-07-13 21:46:00,10347,10356,10346,10356,913,144471,94303770.0,OI2109
2021-07-13 21:47:00,10355,10366,10354,10363,1281,144542,133163750.0,OI2109
2021-07-13 21:48:00,10364,10365,10353,10357,1317,144475,136046100.0,OI2109
2021-07-13 21:49:00,10357,10364,10357,10361,617,144499,63736100.0,OI2109
2021-07-13 21:50:00,10361,10373,10361,10364,1426,144540,148188660.0,OI2109
2021-07-13 21:51:00,10363,10368,10351,10353,1340,144466,138435400.0,OI2109
2021-07-13 21:52:00,10354,10359,10352,10355,916,144553,95537380.0,OI2109
2021-07-13 21:53:00,10354,10359,10351,10356,1144,144533,118198080.0,OI2109
2021-07-13 21:54:00,10355,10366,10354,10365,992,144642,102493440.0,OI2109
2021-07-13 21:55:00,10365,10367,10359,10359,955,144736,98670600.0,OI2109
2021-07-13 21:56:00,10359,10362,10355,10358,884,144783,92280050.0,OI2109
2021-07-13 21:57:00,10357,10369,10356,10364,1001,144939,103433330.0,OI2109
2021-07-13 21:58:00,10364,10369,10363,10363,746,144957,77084180.0,OI2109
2021-07-13 21:59:00,10363,10365,10351,10351,1182,144900,123110520.0,OI2109
2021-07-13 22:00:00,10352,10361,10352,10358,1180,145063,121941200.0,OI2109
2021-07-13 22:01:00,10358,10363,10353,10355,1071,145110,110677140.0,OI2109
2021-07-13 22:02:00,10354,10355,10344,10347,1311,144873,135478740.0,OI2109
2021-07-13 22:03:00,10348,10351,10345,10345,968,144826,100033120.0,OI2109
2021-07-13 22:04:00,10346,10346,10341,10342,1208,144645,125866560.0,OI2109
2021-07-13 22:05:00,10342,10342,10333,10334,1728,144185,178588800.0,OI2109
2021-07-13 22:06:00,10334,10337,10328,10334,1319,144114,136318650.0,OI2109
2021-07-13 22:07:00,10334,10334,10325,10325,843,144101,86053310.0,OI2109
2021-07-13 22:08:00,10325,10331,10324,10328,1072,144105,110780480.0,OI2109
2021-07-13 22:09:00,10328,10333,10326,10331,835,144120,86288900.0,OI2109
2021-07-13 22:10:00,10332,10338,10332,10334,1146,144202,118427640.0,OI2109
2021-07-13 22:11:00,10334,10334,10327,10328,588,144231,60763920.0,OI2109
2021-07-13 22:12:00,10328,10332,10328,10329,392,144233,40509280.0,OI2109
2021-07-13 22:13:00,10330,10331,10326,10327,571,144264,59007140.0,OI2109
2021-07-13 22:14:00,10326,10327,10313,10315,1501,144175,155113340.0,OI2109
2021-07-13 22:15:00,10315,10321,10314,10317,959,144140,99103060.0,OI2109
2021-07-13 22:16:00,10316,10324,10316,10323,721,144131,74508140.0,OI2109
2021-07-13 22:17:00,10324,10332,10323,10328,902,144056,93212680.0,OI2109
2021-07-13 22:18:00,10328,10329,10321,10321,674,144083,69651160.0,OI2109
2021-07-13 22:19:00,10321,10321,10315,10316,738,144171,76264920.0,OI2109
2021-07-13 22:20:00,10315,10315,10303,10305,2457,144077,252710080.0,OI2109
2021-07-13 22:21:00,10305,10305,10297,10301,1938,144256,200253540.0,OI2109
2021-07-13 22:22:00,10303,10307,10296,10304,2068,144358,212450080.0,OI2109
2021-07-13 22:23:00,10304,10308,10298,10301,1444,144431,149194080.0,OI2109
2021-07-13 22:24:00,10301,10311,10299,10310,1547,144353,158569770.0,OI2109
2021-07-13 22:25:00,10311,10322,10310,10321,1612,144064,166535720.0,OI2109
2021-07-13 22:26:00,10320,10329,10319,10327,1542,144164,159304020.0,OI2109
2021-07-13 22:27:00,10327,10333,10327,10330,1359,144147,140398290.0,OI2109
2021-07-13 22:28:00,10330,10334,10327,10327,1375,144165,142051250.0,OI2109
2021-07-13 22:29:00,10327,10333,10327,10329,870,144294,89879700.0,OI2109
2021-07-13 22:30:00,10330,10345,10330,10343,1870,144346,193189700.0,OI2109
2021-07-13 22:31:00,10344,10350,10341,10347,1518,144268,156824580.0,OI2109
2021-07-13 22:32:00,10346,10356,10346,10350,1340,144360,139816530.0,OI2109
2021-07-13 22:33:00,10351,10355,10350,10354,927,144446,95777640.0,OI2109
2021-07-13 22:34:00,10352,10354,10349,10349,1046,144476,108072720.0,OI2109
2021-07-13 22:35:00,10350,10356,10348,10349,1101,144583,113755320.0,OI2109
2021-07-13 22:36:00,10348,10352,10348,10351,1750,144794,180810000.0,OI2109
2021-07-13 22:37:00,10351,10353,10349,10352,1566,145107,161799120.0,OI2109
2021-07-13 22:38:00,10351,10357,10349,10356,2726,145090,283122610.0,OI2109
2021-07-13 22:39:00,10356,10360,10355,10359,1626,145143,168014580.0,OI2109
2021-07-13 22:40:00,10359,10369,10359,10368,1460,145298,150861800.0,OI2109
2021-07-13 22:41:00,10369,10371,10365,10369,1421,145357,148349290.0,OI2109
2021-07-13 22:42:00,10370,10371,10365,10367,818,145431,84532120.0,OI2109
2021-07-13 22:43:00,10367,10376,10364,10365,1599,145352,165240660.0,OI2109
2021-07-13 22:44:00,10365,10368,10362,10365,818,145298,84532120.0,OI2109
2021-07-13 22:45:00,10364,10372,10364,10371,917,145319,96321660.0,OI2109
2021-07-13 22:46:00,10370,10371,10366,10371,562,145301,58082700.0,OI2109
2021-07-13 22:47:00,10371,10372,10365,10369,738,145285,76272300.0,OI2109
2021-07-13 22:48:00,10368,10370,10366,10368,524,145290,54155400.0,OI2109
2021-07-13 22:49:00,10369,10371,10368,10370,389,145354,40203150.0,OI2109
2021-07-13 22:50:00,10370,10379,10368,10376,1032,145165,106657200.0,OI2109
2021-07-13 22:51:00,10376,10376,10365,10365,942,145042,98956450.0,OI2109
2021-07-13 22:52:00,10364,10368,10363,10364,593,145038,61292480.0,OI2109
2021-07-13 22:53:00,10364,10371,10364,10368,466,145031,48165760.0,OI2109
2021-07-13 22:54:00,10369,10369,10363,10366,499,144951,51576640.0,OI2109
2021-07-13 22:55:00,10366,10372,10365,10370,567,144930,58605120.0,OI2109
2021-07-13 22:56:00,10371,10379,10369,10378,641,144944,66253760.0,OI2109
2021-07-13 22:57:00,10378,10380,10376,10378,902,144808,93230720.0,OI2109
2021-07-13 22:58:00,10377,10381,10374,10379,1377,144830,143977920.0,OI2109
2021-07-13 22:59:00,10379,10388,10375,10388,1585,144552,163841450.0,OI2109
2021-07-14 09:00:00,10383,10383,10331,10351,4023,144680,415857510.0,OI2109
2021-07-14 09:01:00,10352,10357,10346,10350,1453,144750,151918420.0,OI2109
2021-07-14 09:02:00,10352,10362,10348,10360,1481,144906,153105780.0,OI2109
2021-07-14 09:03:00,10360,10367,10360,10362,1075,144911,111133500.0,OI2109
2021-07-14 09:04:00,10363,10368,10355,10366,1093,144937,112994340.0,OI2109
2021-07-14 09:05:00,10366,10367,10358,10363,773,145010,79912740.0,OI2109
2021-07-14 09:06:00,10364,10380,10363,10379,1506,145219,155690280.0,OI2109
2021-07-14 09:07:00,10379,10380,10373,10377,906,145268,95452430.0,OI2109
2021-07-14 09:08:00,10378,10378,10358,10361,1454,145080,150329060.0,OI2109
2021-07-14 09:09:00,10361,10362,10348,10350,1504,144919,155498560.0,OI2109
2021-07-14 09:10:00,10350,10356,10343,10355,1393,144995,144022270.0,OI2109
2021-07-14 09:11:00,10354,10356,10349,10355,700,145025,72373000.0,OI2109
2021-07-14 09:12:00,10356,10364,10355,10362,877,145025,90673030.0,OI2109
2021-07-14 09:13:00,10362,10375,10362,10370,1429,145053,147744310.0,OI2109
2021-07-14 09:14:00,10371,10374,10370,10373,430,145044,46325720.0,OI2109
2021-07-14 09:15:00,10372,10376,10372,10374,738,145089,76309200.0,OI2109
2021-07-14 09:16:00,10373,10373,10363,10370,583,145082,60282200.0,OI2109
2021-07-14 09:17:00,10371,10374,10368,10370,630,145218,65142000.0,OI2109
2021-07-14 09:18:00,10370,10374,10367,10368,483,145221,49942200.0,OI2109
2021-07-14 09:19:00,10368,10368,10360,10362,523,145164,54078200.0,OI2109
2021-07-14 09:20:00,10362,10365,10359,10360,739,145085,76412600.0,OI2109
2021-07-14 09:21:00,10360,10366,10360,10362,363,145106,37534200.0,OI2109
2021-07-14 09:22:00,10362,10364,10352,10353,789,145056,81582600.0,OI2109
2021-07-14 09:23:00,10354,10358,10352,10357,532,145075,55008800.0,OI2109
2021-07-14 09:24:00,10356,10360,10354,10360,394,145109,40739600.0,OI2109
2021-07-14 09:25:00,10359,10361,10352,10359,567,145093,58627800.0,OI2109
2021-07-14 09:26:00,10360,10368,10360,10367,566,145130,58524400.0,OI2109
2021-07-14 09:27:00,10367,10368,10358,10359,386,145131,39912400.0,OI2109
2021-07-14 09:28:00,10359,10363,10355,10361,511,145138,52837400.0,OI2109
2021-07-14 09:29:00,10363,10366,10360,10362,268,145144,29659940.0,OI2109
2021-07-14 09:30:00,10362,10366,10361,10366,420,145210,43432200.0,OI2109
2021-07-14 09:31:00,10367,10371,10365,10366,592,145373,61218720.0,OI2109
2021-07-14 09:32:00,10366,10371,10365,10370,627,145389,64838070.0,OI2109
2021-07-14 09:33:00,10371,10374,10369,10370,522,145431,53980020.0,OI2109
2021-07-14 09:34:00,10371,10374,10370,10373,596,145558,61632360.0,OI2109
2021-07-14 09:35:00,10372,10374,10371,10373,596,145589,61632360.0,OI2109
2021-07-14 09:36:00,10372,10373,10370,10372,363,145577,37537830.0,OI2109
2021-07-14 09:37:00,10372,10380,10372,10377,925,145665,95654250.0,OI2109
2021-07-14 09:38:00,10377,10377,10366,10366,826,145490,85416660.0,OI2109
2021-07-14 09:39:00,10366,10367,10357,10360,1175,145287,121506750.0,OI2109
2021-07-14 09:40:00,10360,10373,10360,10373,659,145322,70168940.0,OI2109
2021-07-14 09:41:00,10374,10374,10367,10370,1664,145642,172090880.0,OI2109
2021-07-14 09:42:00,10371,10373,10365,10366,1702,145455,176020840.0,OI2109
2021-07-14 09:43:00,10366,10367,10363,10364,298,145499,30819160.0,OI2109
2021-07-14 09:44:00,10364,10364,10362,10364,286,145498,29578120.0,OI2109
2021-07-14 09:45:00,10365,10370,10359,10369,871,145529,90078820.0,OI2109
2021-07-14 09:46:00,10368,10372,10366,10372,385,145590,39816700.0,OI2109
2021-07-14 09:47:00,10371,10397,10371,10391,2702,145167,281541670.0,OI2109
2021-07-14 09:48:00,10391,10414,10389,10406,3122,145334,325040510.0,OI2109
2021-07-14 09:49:00,10405,10405,10391,10401,1969,145281,203673360.0,OI2109
2021-07-14 09:50:00,10402,10409,10399,10407,1678,145170,175740840.0,OI2109
2021-07-14 09:51:00,10407,10409,10403,10405,879,145288,90932550.0,OI2109
2021-07-14 09:52:00,10404,10410,10404,10408,763,145464,78932350.0,OI2109
2021-07-14 09:53:00,10409,10413,10405,10407,857,145597,88656650.0,OI2109
2021-07-14 09:54:00,10408,10412,10404,10411,536,145661,55449200.0,OI2109
2021-07-14 09:55:00,10411,10420,10411,10412,1452,145673,152422790.0,OI2109
2021-07-14 09:56:00,10411,10411,10394,10397,1919,145507,198539740.0,OI2109
2021-07-14 09:57:00,10396,10400,10392,10392,762,145487,81076720.0,OI2109
2021-07-14 09:58:00,10392,10395,10388,10390,976,145432,100986720.0,OI2109
2021-07-14 09:59:00,10390,10392,10383,10385,1228,145269,127061160.0,OI2109
2021-07-14 10:00:00,10386,10388,10375,10380,1222,145302,126440340.0,OI2109
2021-07-14 10:01:00,10379,10381,10373,10376,846,145327,87535620.0,OI2109
2021-07-14 10:02:00,10375,10379,10371,10375,582,145359,60219540.0,OI2109
2021-07-14 10:03:00,10375,10379,10372,10377,419,145420,43353930.0,OI2109
2021-07-14 10:04:00,10377,10387,10377,10386,903,145314,95735370.0,OI2109
2021-07-14 10:05:00,10385,10393,10385,10390,728,145199,75333440.0,OI2109
2021-07-14 10:06:00,10389,10397,10389,10396,852,145150,88164960.0,OI2109
2021-07-14 10:07:00,10398,10400,10395,10397,600,145108,62088000.0,OI2109
2021-07-14 10:08:00,10398,10409,10397,10403,1351,145527,139801480.0,OI2109
2021-07-14 10:09:00,10404,10416,10401,10413,1266,145649,133355610.0,OI2109
2021-07-14 10:10:00,10412,10431,10412,10424,3450,146012,359424930.0,OI2109
2021-07-14 10:11:00,10424,10425,10414,10416,1986,146335,205551000.0,OI2109
2021-07-14 10:12:00,10415,10420,10415,10415,1529,146146,160671080.0,OI2109
2021-07-14 10:13:00,10416,10416,10405,10408,849,146055,87879990.0,OI2109
2021-07-14 10:14:00,10407,10408,10403,10407,721,145946,74630710.0,OI2109
2021-07-14 10:30:00,10406,10414,10403,10412,1240,146131,128352400.0,OI2109
2021-07-14 10:31:00,10411,10417,10409,10417,614,146212,63555140.0,OI2109
2021-07-14 10:32:00,10417,10425,10412,10425,1155,146418,122019420.0,OI2109
2021-07-14 10:33:00,10426,10428,10422,10426,1598,146740,165424960.0,OI2109
2021-07-14 10:34:00,10426,10431,10426,10430,1278,146975,134792690.0,OI2109
2021-07-14 10:35:00,10431,10433,10400,10404,3702,146433,385799210.0,OI2109
2021-07-14 10:36:00,10403,10403,10384,10393,3093,146422,320249220.0,OI2109
2021-07-14 10:37:00,10392,10393,10384,10391,1559,146597,161418860.0,OI2109
2021-07-14 10:38:00,10390,10393,10387,10391,1024,146653,106024960.0,OI2109
2021-07-14 10:39:00,10391,10393,10381,10386,1380,146845,145486910.0,OI2109
2021-07-14 10:40:00,10387,10393,10384,10392,1030,146846,106656500.0,OI2109
2021-07-14 10:41:00,10392,10401,10389,10401,979,146838,101375450.0,OI2109
2021-07-14 10:42:00,10398,10398,10389,10396,828,146797,85739400.0,OI2109
2021-07-14 10:43:00,10396,10396,10378,10380,3686,146949,381685300.0,OI2109
2021-07-14 10:44:00,10380,10388,10380,10385,3848,147137,401165820.0,OI2109
2021-07-14 10:45:00,10386,10390,10381,10384,1997,146981,206809320.0,OI2109
2021-07-14 10:46:00,10383,10386,10381,10382,425,147001,44013000.0,OI2109
2021-07-14 10:47:00,10382,10384,10379,10380,573,147059,59339880.0,OI2109
2021-07-14 10:48:00,10379,10380,10375,10379,657,147069,68038920.0,OI2109
2021-07-14 10:49:00,10380,10387,10380,10387,675,146998,69903000.0,OI2109
2021-07-14 10:50:00,10388,10395,10385,10385,1093,146819,113191080.0,OI2109
2021-07-14 10:51:00,10385,10387,10380,10387,749,146765,77566440.0,OI2109
2021-07-14 10:52:00,10387,10387,10380,10381,397,146811,43884400.0,OI2109
2021-07-14 10:53:00,10381,10391,10378,10389,571,146720,59138470.0,OI2109
2021-07-14 10:54:00,10390,10393,10387,10393,446,146726,46192220.0,OI2109
2021-07-14 10:55:00,10393,10393,10381,10385,445,146750,46088650.0,OI2109
2021-07-14 10:56:00,10384,10386,10379,10381,419,146803,43395830.0,OI2109
2021-07-14 10:57:00,10381,10381,10373,10380,752,146774,77884640.0,OI2109
2021-07-14 10:58:00,10380,10384,10379,10383,375,146772,38838750.0,OI2109
2021-07-14 10:59:00,10383,10384,10377,10382,568,146808,58827760.0,OI2109
2021-07-14 11:00:00,10382,10390,10382,10384,664,146811,68770480.0,OI2109
2021-07-14 11:01:00,10384,10388,10380,10388,558,146830,57792060.0,OI2109
2021-07-14 11:02:00,10387,10388,10375,10376,586,146835,60692020.0,OI2109
2021-07-14 11:03:00,10375,10375,10363,10366,1412,146783,146240840.0,OI2109
2021-07-14 11:04:00,10365,10375,10365,10372,755,146760,78195350.0,OI2109
2021-07-14 11:05:00,10372,10372,10366,10368,517,146760,53545690.0,OI2109
2021-07-14 11:06:00,10368,10368,10353,10357,1601,146836,165815570.0,OI2109
2021-07-14 11:07:00,10357,10368,10355,10363,806,146842,83477420.0,OI2109
2021-07-14 11:08:00,10362,10366,10360,10361,821,146959,85030970.0,OI2109
2021-07-14 11:09:00,10360,10366,10356,10366,949,147015,98287930.0,OI2109
2021-07-14 11:10:00,10365,10372,10361,10372,787,146990,81509590.0,OI2109
2021-07-14 11:11:00,10372,10372,10361,10363,716,147034,74156120.0,OI2109
2021-07-14 11:12:00,10363,10369,10363,10366,576,147017,59656320.0,OI2109
2021-07-14 11:13:00,10366,10369,10361,10368,564,147109,58413480.0,OI2109
2021-07-14 11:14:00,10368,10368,10361,10363,280,147121,28999600.0,OI2109
2021-07-14 11:15:00,10364,10369,10360,10369,573,147106,59345610.0,OI2109
2021-07-14 11:16:00,10368,10381,10367,10379,1146,146985,118691220.0,OI2109
2021-07-14 11:17:00,10379,10380,10374,10379,801,147034,82959570.0,OI2109
2021-07-14 11:18:00,10379,10380,10371,10372,492,147053,50956440.0,OI2109
2021-07-14 11:19:00,10371,10381,10371,10380,570,147049,59034900.0,OI2109
2021-07-14 11:20:00,10380,10380,10371,10371,584,147086,63449300.0,OI2109
2021-07-14 11:21:00,10371,10375,10367,10374,548,147181,56761840.0,OI2109
2021-07-14 11:22:00,10373,10378,10369,10375,2230,147149,230983400.0,OI2109
2021-07-14 11:23:00,10375,10381,10375,10375,3917,147105,405722860.0,OI2109
2021-07-14 11:24:00,10373,10374,10366,10373,3118,147134,322962440.0,OI2109
2021-07-14 11:25:00,10372,10382,10372,10378,745,147011,77167100.0,OI2109
2021-07-14 11:26:00,10377,10378,10366,10368,536,147034,55518880.0,OI2109
2021-07-14 11:27:00,10368,10372,10366,10368,683,147176,70745140.0,OI2109
2021-07-14 11:28:00,10369,10369,10361,10364,384,147078,39774720.0,OI2109
2021-07-14 11:29:00,10365,10365,10358,10361,521,146930,53965180.0,OI2109
2021-07-14 13:30:00,10364,10383,10364,10379,1674,147064,173392920.0,OI2109
2021-07-14 13:31:00,10378,10378,10375,10378,433,147080,44850140.0,OI2109
2021-07-14 13:32:00,10377,10387,10377,10385,984,147101,101922720.0,OI2109
2021-07-14 13:33:00,10385,10386,10371,10380,1008,147248,104408640.0,OI2109
2021-07-14 13:34:00,10379,10385,10377,10385,576,147317,59662080.0,OI2109
2021-07-14 13:35:00,10386,10391,10379,10387,1132,147443,120401870.0,OI2109
2021-07-14 13:36:00,10386,10393,10384,10392,732,147423,75827880.0,OI2109
2021-07-14 13:37:00,10392,10393,10388,10391,899,147446,93127410.0,OI2109
2021-07-14 13:38:00,10391,10398,10390,10397,1341,147276,138914190.0,OI2109
2021-07-14 13:39:00,10398,10403,10398,10399,1026,147293,106283340.0,OI2109
2021-07-14 13:40:00,10399,10405,10398,10402,1141,147340,118196190.0,OI2109
2021-07-14 13:41:00,10402,10410,10402,10404,1013,147382,104936670.0,OI2109
2021-07-14 13:42:00,10403,10405,10395,10396,721,147308,74688390.0,OI2109
2021-07-14 13:43:00,10397,10399,10392,10395,637,147270,65986830.0,OI2109
2021-07-14 13:44:00,10396,10396,10390,10392,809,147222,87036810.0,OI2109
2021-07-14 13:45:00,10391,10394,10388,10389,865,147258,89614000.0,OI2109
2021-07-14 13:46:00,10388,10390,10384,10387,606,147221,62781600.0,OI2109
2021-07-14 13:47:00,10386,10389,10382,10388,576,147261,59673600.0,OI2109
2021-07-14 13:48:00,10387,10389,10384,10386,498,147274,51592800.0,OI2109
2021-07-14 13:49:00,10385,10393,10385,10392,741,147401,76767600.0,OI2109
2021-07-14 13:50:00,10392,10392,10384,10384,542,147392,56151200.0,OI2109
2021-07-14 13:51:00,10383,10383,10374,10375,1297,147302,134369200.0,OI2109
2021-07-14 13:52:00,10375,10377,10372,10377,853,147340,88370800.0,OI2109
2021-07-14 13:53:00,10376,10378,10372,10376,489,147358,50660400.0,OI2109
2021-07-14 13:54:00,10376,10383,10375,10381,700,147373,72520000.0,OI2109
2021-07-14 13:55:00,10381,10384,10378,10383,534,147404,55322400.0,OI2109
2021-07-14 13:56:00,10383,10386,10382,10383,489,147385,50660400.0,OI2109
2021-07-14 13:57:00,10384,10386,10377,10386,813,147364,84226800.0,OI2109
2021-07-14 13:58:00,10385,10388,10381,10384,455,147301,47138000.0,OI2109
2021-07-14 13:59:00,10384,10388,10383,10388,520,147345,53872000.0,OI2109
2021-07-14 14:00:00,10389,10390,10384,10385,591,147203,61227600.0,OI2109
2021-07-14 14:01:00,10386,10387,10384,10385,249,147195,25796400.0,OI2109
2021-07-14 14:02:00,10384,10391,10384,10390,942,147262,97591200.0,OI2109
2021-07-14 14:03:00,10390,10398,10390,10395,885,147168,91686000.0,OI2109
2021-07-14 14:04:00,10395,10397,10389,10391,591,147049,64592460.0,OI2109
2021-07-14 14:05:00,10390,10390,10386,10388,510,147097,52841100.0,OI2109
2021-07-14 14:06:00,10388,10389,10385,10387,417,147139,43205370.0,OI2109
2021-07-14 14:07:00,10387,10387,10383,10386,523,147112,54188030.0,OI2109
2021-07-14 14:08:00,10386,10392,10386,10391,444,147113,46002840.0,OI2109
2021-07-14 14:09:00,10391,10391,10388,10388,239,147136,24762790.0,OI2109
2021-07-14 14:10:00,10388,10389,10384,10387,312,147106,32326320.0,OI2109
2021-07-14 14:11:00,10387,10387,10384,10386,495,147117,51286950.0,OI2109
2021-07-14 14:12:00,10386,10392,10386,10390,718,147117,74391980.0,OI2109
2021-07-14 14:13:00,10391,10391,10386,10389,456,147121,47246160.0,OI2109
2021-07-14 14:14:00,10389,10391,10386,10390,250,147106,25902500.0,OI2109
2021-07-14 14:15:00,10391,10397,10390,10394,944,147137,97807840.0,OI2109
2021-07-14 14:16:00,10395,10401,10393,10398,786,147083,81437460.0,OI2109
2021-07-14 14:17:00,10399,10399,10393,10394,667,147174,69107870.0,OI2109
2021-07-14 14:18:00,10394,10399,10394,10396,538,147175,55742180.0,OI2109
2021-07-14 14:19:00,10398,10403,10398,10402,677,147228,70143970.0,OI2109
2021-07-14 14:20:00,10402,10407,10400,10407,534,147231,55327740.0,OI2109
2021-07-14 14:21:00,10407,10415,10404,10413,861,147228,89208210.0,OI2109
2021-07-14 14:22:00,10413,10415,10412,10412,785,147197,84800270.0,OI2109
2021-07-14 14:23:00,10411,10414,10407,10408,900,147111,93258000.0,OI2109
2021-07-14 14:24:00,10408,10413,10408,10413,475,147091,49219500.0,OI2109
2021-07-14 14:25:00,10412,10415,10408,10410,751,147091,77818620.0,OI2109
2021-07-14 14:26:00,10410,10415,10406,10415,712,147063,73777440.0,OI2109
2021-07-14 14:27:00,10415,10415,10406,10410,1021,146934,105796020.0,OI2109
2021-07-14 14:28:00,10409,10419,10409,10415,1624,146744,168278880.0,OI2109
2021-07-14 14:29:00,10416,10421,10415,10420,1272,146913,135338610.0,OI2109
2021-07-14 14:30:00,10421,10425,10413,10414,1264,146883,130988320.0,OI2109
2021-07-14 14:31:00,10414,10420,10414,10417,677,146842,70157510.0,OI2109
2021-07-14 14:32:00,10418,10424,10417,10418,929,146899,96272270.0,OI2109
2021-07-14 14:33:00,10418,10440,10417,10435,3350,146606,350756670.0,OI2109
2021-07-14 14:34:00,10435,10443,10435,10437,2063,146504,213809320.0,OI2109
2021-07-14 14:35:00,10437,10440,10430,10439,3384,146728,354368400.0,OI2109
2021-07-14 14:36:00,10441,10444,10435,10439,2115,146278,219219750.0,OI2109
2021-07-14 14:37:00,10440,10445,10436,10439,1180,146117,122307000.0,OI2109
2021-07-14 14:38:00,10439,10442,10435,10439,1418,146419,150673470.0,OI2109
2021-07-14 14:39:00,10437,10439,10429,10431,2315,145943,239972900.0,OI2109
2021-07-14 14:40:00,10431,10440,10428,10431,1233,145762,127812780.0,OI2109
2021-07-14 14:41:00,10430,10436,10426,10436,980,145764,101586800.0,OI2109
2021-07-14 14:42:00,10437,10443,10436,10440,1163,145830,124311260.0,OI2109
2021-07-14 14:43:00,10440,10454,10440,10449,1950,145783,202156500.0,OI2109
2021-07-14 14:44:00,10448,10455,10445,10453,1369,145883,141924230.0,OI2109
2021-07-14 14:45:00,10454,10457,10446,10448,1326,145857,141267550.0,OI2109
2021-07-14 14:46:00,10448,10448,10443,10443,653,145825,67703040.0,OI2109
2021-07-14 14:47:00,10443,10448,10443,10445,619,145806,64177920.0,OI2109
2021-07-14 14:48:00,10444,10446,10436,10446,964,145766,99947520.0,OI2109
2021-07-14 14:49:00,10447,10454,10445,10452,965,145798,100051200.0,OI2109
2021-07-14 14:50:00,10451,10452,10443,10443,739,145796,80460050.0,OI2109
2021-07-14 14:51:00,10444,10460,10441,10458,1372,145906,142262680.0,OI2109
2021-07-14 14:52:00,10457,10463,10453,10455,2111,145816,218889590.0,OI2109
2021-07-14 14:53:00,10454,10458,10450,10453,979,145721,105397660.0,OI2109
2021-07-14 14:54:00,10453,10458,10449,10458,755,145726,78293500.0,OI2109
2021-07-14 14:55:00,10458,10468,10455,10467,1474,145595,152853800.0,OI2109
2021-07-14 14:56:00,10466,10471,10463,10464,1241,145479,128691700.0,OI2109
2021-07-14 14:57:00,10465,10471,10463,10470,1485,145386,157929200.0,OI2109
2021-07-14 14:58:00,10470,10475,10468,10473,1270,145166,131711700.0,OI2109
2021-07-14 14:59:00,10473,10481,10472,10477,1979,144889,209209280.0,OI2109
2021-07-14 21:00:00,10444,10473,10444,10463,5707,145447,596952200.0,OI2109
2021-07-14 21:01:00,10464,10486,10464,10480,2923,145955,306177300.0,OI2109
2021-07-14 21:02:00,10480,10484,10473,10483,1804,146278,189101620.0,OI2109
2021-07-14 21:03:00,10484,10485,10478,10484,1417,146467,148450070.0,OI2109
2021-07-14 21:04:00,10484,10484,10474,10481,1527,146551,160129190.0,OI2109
2021-07-14 21:05:00,10482,10495,10480,10492,2421,146681,253818890.0,OI2109
2021-07-14 21:06:00,10492,10494,10488,10490,1578,147160,165611480.0,OI2109
2021-07-14 21:07:00,10491,10494,10480,10482,1425,147183,149456770.0,OI2109
2021-07-14 21:08:00,10481,10488,10478,10480,1145,147284,119950200.0,OI2109
2021-07-14 21:09:00,10479,10488,10479,10483,945,147426,99207120.0,OI2109
2021-07-14 21:10:00,10484,10493,10482,10491,998,147529,104560460.0,OI2109
2021-07-14 21:11:00,10491,10496,10486,10492,782,147594,82156860.0,OI2109
2021-07-14 21:12:00,10492,10492,10476,10482,1123,147576,117667940.0,OI2109
2021-07-14 21:13:00,10481,10484,10479,10479,905,147614,94825900.0,OI2109
2021-07-14 21:14:00,10480,10488,10480,10484,498,147540,52180440.0,OI2109
2021-07-14 21:15:00,10486,10492,10484,10486,630,147567,66269680.0,OI2109
2021-07-14 21:16:00,10485,10488,10481,10486,470,147613,49251300.0,OI2109
2021-07-14 21:17:00,10486,10498,10485,10486,1294,147658,135598260.0,OI2109
2021-07-14 21:18:00,10487,10491,10486,10490,357,147698,37410030.0,OI2109
2021-07-14 21:19:00,10490,10494,10489,10492,430,147735,45343490.0,OI2109
2021-07-14 21:20:00,10492,10496,10491,10492,1876,147916,196604800.0,OI2109
2021-07-14 21:21:00,10493,10502,10492,10500,1253,147618,131629480.0,OI2109
2021-07-14 21:22:00,10500,10518,10499,10513,3042,148240,319868520.0,OI2109
2021-07-14 21:23:00,10512,10514,10507,10514,1406,148497,147764600.0,OI2109
2021-07-14 21:24:00,10514,10514,10507,10507,1256,148763,132063720.0,OI2109
2021-07-14 21:25:00,10507,10513,10507,10513,938,148857,98358680.0,OI2109
2021-07-14 21:26:00,10513,10513,10497,10501,1431,148904,150450470.0,OI2109
2021-07-14 21:27:00,10501,10509,10500,10508,1159,149007,121544330.0,OI2109
2021-07-14 21:28:00,10509,10510,10506,10508,516,149176,54525480.0,OI2109
2021-07-14 21:29:00,10508,10511,10505,10505,626,149216,65654880.0,OI2109
2021-07-14 21:30:00,10507,10533,10507,10525,4379,149833,460657350.0,OI2109
2021-07-14 21:31:00,10526,10535,10526,10527,2803,150340,295534650.0,OI2109
2021-07-14 21:32:00,10528,10533,10525,10525,2344,150742,246493440.0,OI2109
2021-07-14 21:33:00,10525,10532,10519,10519,2332,150807,245818200.0,OI2109
2021-07-14 21:34:00,10521,10537,10521,10536,2045,151004,215221500.0,OI2109
2021-07-14 21:35:00,10536,10542,10533,10538,1825,151325,192164600.0,OI2109
2021-07-14 21:36:00,10538,10544,10537,10537,1282,151620,135186100.0,OI2109
2021-07-14 21:37:00,10536,10541,10530,10538,1869,151646,196852610.0,OI2109
2021-07-14 21:38:00,10537,10546,10537,10545,1988,151912,209387370.0,OI2109
2021-07-14 21:39:00,10545,10552,10541,10547,1963,152351,207448500.0,OI2109
2021-07-14 21:40:00,10547,10549,10543,10546,1513,152410,159587770.0,OI2109
2021-07-14 21:41:00,10548,10553,10548,10551,1677,152515,176847870.0,OI2109
2021-07-14 21:42:00,10551,10553,10542,10548,1460,152692,154081220.0,OI2109
2021-07-14 21:43:00,10548,10556,10548,10555,1819,153041,191834140.0,OI2109
2021-07-14 21:44:00,10556,10575,10556,10571,4022,153709,424887850.0,OI2109
2021-07-14 21:45:00,10570,10580,10564,10580,5037,154323,532648670.0,OI2109
2021-07-14 21:46:00,10580,10580,10575,10576,2456,154580,259902320.0,OI2109
2021-07-14 21:47:00,10576,10577,10572,10573,2348,154765,247789600.0,OI2109
2021-07-14 21:48:00,10573,10575,10571,10574,1301,154767,137702630.0,OI2109
2021-07-14 21:49:00,10573,10578,10568,10568,1695,155073,179177450.0,OI2109
2021-07-14 21:50:00,10569,10577,10566,10568,1821,155097,192467810.0,OI2109
2021-07-14 21:51:00,10569,10577,10569,10570,1541,155011,163042630.0,OI2109
2021-07-14 21:52:00,10569,10572,10556,10556,2202,154700,232630480.0,OI2109
2021-07-14 21:53:00,10557,10567,10557,10564,1641,154579,173634880.0,OI2109
2021-07-14 21:54:00,10563,10576,10562,10569,1544,154575,162490560.0,OI2109
2021-07-14 21:55:00,10569,10570,10552,10555,2091,154541,221045640.0,OI2109
2021-07-14 21:56:00,10555,10563,10553,10560,1516,154511,160562960.0,OI2109
2021-07-14 21:57:00,10559,10567,10559,10563,1060,154576,111575600.0,OI2109
2021-07-14 21:58:00,10562,10566,10556,10556,1013,154683,106628380.0,OI2109
2021-07-14 21:59:00,10556,10558,10550,10556,1546,154465,163772110.0,OI2109
2021-07-14 22:00:00,10557,10563,10553,10560,1295,154637,136324650.0,OI2109
2021-07-14 22:01:00,10559,10560,10541,10549,3303,153912,348792940.0,OI2109
2021-07-14 22:02:00,10548,10548,10539,10541,1338,153831,140864640.0,OI2109
2021-07-14 22:03:00,10541,10550,10540,10541,1511,153914,159078080.0,OI2109
2021-07-14 22:04:00,10541,10549,10538,10539,1211,153874,127494080.0,OI2109
2021-07-14 22:05:00,10540,10540,10528,10534,2638,153822,277728640.0,OI2109
2021-07-14 22:06:00,10533,10540,10528,10539,1695,153826,179619660.0,OI2109
2021-07-14 22:07:00,10540,10543,10536,10543,1718,154189,180888220.0,OI2109
2021-07-14 22:08:00,10543,10552,10540,10551,1304,154143,137298160.0,OI2109
2021-07-14 22:09:00,10551,10554,10548,10552,1228,154099,129296120.0,OI2109
2021-07-14 22:10:00,10553,10553,10541,10548,1217,154129,128137930.0,OI2109
2021-07-14 22:11:00,10549,10552,10545,10546,849,154213,89391210.0,OI2109
2021-07-14 22:12:00,10547,10555,10547,10552,857,154298,91475320.0,OI2109
2021-07-14 22:13:00,10552,10558,10549,10558,1125,154287,118462500.0,OI2109
2021-07-14 22:14:00,10557,10558,10552,10553,867,154324,91295100.0,OI2109
2021-07-14 22:15:00,10553,10562,10553,10560,928,154397,97718400.0,OI2109
2021-07-14 22:16:00,10559,10564,10557,10563,1020,154425,107406000.0,OI2109
2021-07-14 22:17:00,10564,10566,10560,10561,973,154523,103747820.0,OI2109
2021-07-14 22:18:00,10562,10566,10561,10565,685,154504,72137350.0,OI2109
2021-07-14 22:19:00,10566,10571,10565,10570,801,154508,84353310.0,OI2109
2021-07-14 22:20:00,10571,10571,10556,10558,1293,154395,136165830.0,OI2109
2021-07-14 22:21:00,10559,10560,10548,10553,1577,154267,167408350.0,OI2109
2021-07-14 22:22:00,10553,10559,10552,10553,860,154315,90575200.0,OI2109
2021-07-14 22:23:00,10553,10559,10552,10557,615,154333,64771800.0,OI2109
2021-07-14 22:24:00,10558,10563,10555,10561,773,154352,81412360.0,OI2109
2021-07-14 22:25:00,10560,10566,10560,10563,799,154345,84150680.0,OI2109
2021-07-14 22:26:00,10563,10565,10560,10560,506,154411,53291920.0,OI2109
2021-07-14 22:27:00,10561,10564,10555,10559,628,154351,66140960.0,OI2109
2021-07-14 22:28:00,10560,10562,10556,10556,366,154382,39927070.0,OI2109
2021-07-14 22:29:00,10557,10562,10555,10556,764,154429,80472120.0,OI2109
2021-07-14 22:30:00,10558,10568,10557,10566,1061,154490,111755130.0,OI2109
2021-07-14 22:31:00,10568,10576,10564,10575,1584,154564,166842720.0,OI2109
2021-07-14 22:32:00,10575,10575,10568,10572,936,154641,100012280.0,OI2109
2021-07-14 22:33:00,10572,10577,10570,10571,954,154792,100494360.0,OI2109
2021-07-14 22:34:00,10571,10571,10560,10563,1111,154689,117032740.0,OI2109
2021-07-14 22:35:00,10563,10573,10563,10571,788,154707,83007920.0,OI2109
2021-07-14 22:36:00,10571,10572,10568,10569,2455,154797,260086180.0,OI2109
2021-07-14 22:37:00,10569,10571,10567,10570,499,154704,52569650.0,OI2109
2021-07-14 22:38:00,10570,10572,10567,10569,449,154727,47302150.0,OI2109
2021-07-14 22:39:00,10571,10573,10566,10568,735,154725,77432250.0,OI2109
2021-07-14 22:40:00,10568,10572,10566,10571,848,154787,89336800.0,OI2109
2021-07-14 22:41:00,10571,10571,10567,10571,516,154843,55867550.0,OI2109
2021-07-14 22:42:00,10571,10574,10565,10567,909,154799,95772240.0,OI2109
2021-07-14 22:43:00,10567,10567,10554,10554,1953,154422,205768080.0,OI2109
2021-07-14 22:44:00,10552,10552,10540,10548,2861,153955,301434960.0,OI2109
2021-07-14 22:45:00,10548,10548,10535,10537,2293,153669,241590480.0,OI2109
2021-07-14 22:46:00,10537,10542,10535,10542,1422,153549,149821920.0,OI2109
2021-07-14 22:47:00,10541,10548,10538,10546,887,153361,93454320.0,OI2109
2021-07-14 22:48:00,10546,10559,10544,10555,1227,153329,130899190.0,OI2109
2021-07-14 22:49:00,10556,10557,10549,10550,979,153245,103157230.0,OI2109
2021-07-14 22:50:00,10550,10553,10548,10549,669,153269,70492530.0,OI2109
2021-07-14 22:51:00,10550,10554,10535,10537,1520,153010,160162400.0,OI2109
2021-07-14 22:52:00,10537,10541,10536,10540,840,152918,88510800.0,OI2109
2021-07-14 22:53:00,10540,10546,10539,10541,668,152957,70387160.0,OI2109
2021-07-14 22:54:00,10541,10544,10536,10542,610,152851,64275700.0,OI2109
2021-07-14 22:55:00,10545,10545,10539,10543,629,152675,66277730.0,OI2109
2021-07-14 22:56:00,10544,10547,10541,10542,442,152573,46573540.0,OI2109
2021-07-14 22:57:00,10542,10543,10538,10539,402,152525,42358740.0,OI2109
2021-07-14 22:58:00,10538,10548,10538,10546,669,152299,70492530.0,OI2109
2021-07-14 22:59:00,10545,10550,10543,10547,1058,151776,111481460.0,OI2109
2021-07-15 09:00:00,10543,10546,10504,10512,4673,151582,490639950.0,OI2109
2021-07-15 09:01:00,10513,10513,10496,10507,2836,151316,298800960.0,OI2109
2021-07-15 09:02:00,10506,10506,10493,10501,2816,150799,294883180.0,OI2109
2021-07-15 09:03:00,10501,10514,10496,10500,1792,150768,188787200.0,OI2109
2021-07-15 09:04:00,10500,10506,10494,10504,1986,151187,209225100.0,OI2109
2021-07-15 09:05:00,10503,10510,10502,10508,1542,151600,160585920.0,OI2109
2021-07-15 09:06:00,10510,10511,10502,10503,885,151727,93225900.0,OI2109
2021-07-15 09:07:00,10504,10505,10489,10489,1543,151806,162539620.0,OI2109
2021-07-15 09:08:00,10490,10494,10485,10488,1580,151748,166437200.0,OI2109
2021-07-15 09:09:00,10488,10488,10474,10476,2654,151661,277641960.0,OI2109
2021-07-15 09:10:00,10475,10485,10475,10485,1645,151726,171321000.0,OI2109
2021-07-15 09:11:00,10485,10493,10479,10489,1233,151594,129859560.0,OI2109
2021-07-15 09:12:00,10491,10491,10478,10482,1279,151625,134704280.0,OI2109
2021-07-15 09:13:00,10482,10483,10476,10478,1242,151498,128823050.0,OI2109
2021-07-15 09:14:00,10479,10482,10475,10477,979,151474,103098490.0,OI2109
2021-07-15 09:15:00,10477,10482,10474,10481,1132,151636,119210920.0,OI2109
2021-07-15 09:16:00,10483,10486,10481,10486,1185,151633,124792350.0,OI2109
2021-07-15 09:17:00,10487,10499,10487,10499,1458,151636,151510050.0,OI2109
2021-07-15 09:18:00,10500,10508,10500,10506,1217,151717,128150100.0,OI2109
2021-07-15 09:19:00,10506,10507,10496,10500,816,151612,85924800.0,OI2109
2021-07-15 09:20:00,10500,10500,10488,10489,798,151721,84029400.0,OI2109
2021-07-15 09:21:00,10489,10491,10482,10490,887,151693,93401100.0,OI2109
2021-07-15 09:22:00,10491,10502,10490,10499,803,151797,84555900.0,OI2109
2021-07-15 09:23:00,10498,10499,10491,10491,472,151781,47619740.0,OI2109
2021-07-15 09:24:00,10491,10493,10485,10487,590,151802,62121100.0,OI2109
2021-07-15 09:25:00,10486,10490,10454,10454,3741,152140,391764720.0,OI2109
2021-07-15 09:26:00,10455,10467,10452,10460,2267,151870,238669760.0,OI2109
2021-07-15 09:27:00,10460,10468,10457,10463,957,151784,98595550.0,OI2109
2021-07-15 09:28:00,10462,10464,10458,10463,773,151820,81373710.0,OI2109
2021-07-15 09:29:00,10463,10465,10457,10461,1424,151785,149904480.0,OI2109
2021-07-15 09:30:00,10459,10493,10459,10486,2822,151577,294864340.0,OI2109
2021-07-15 09:31:00,10485,10502,10484,10501,2048,151891,215572480.0,OI2109
2021-07-15 09:32:00,10501,10501,10491,10496,773,151909,81365980.0,OI2109
2021-07-15 09:33:00,10496,10507,10494,10504,732,151854,77050320.0,OI2109
2021-07-15 09:34:00,10503,10514,10503,10513,1284,151915,132897870.0,OI2109
2021-07-15 09:35:00,10513,10516,10509,10511,991,152041,104302750.0,OI2109
2021-07-15 09:36:00,10512,10524,10509,10524,1545,152243,162611250.0,OI2109
2021-07-15 09:37:00,10524,10525,10515,10517,1179,152310,124089750.0,OI2109
2021-07-15 09:38:00,10517,10532,10517,10531,2224,152504,234076000.0,OI2109
2021-07-15 09:39:00,10530,10536,10530,10536,1225,152778,128931250.0,OI2109
2021-07-15 09:40:00,10535,10537,10532,10535,1058,152926,111354500.0,OI2109
2021-07-15 09:41:00,10535,10537,10522,10529,2147,153314,225971750.0,OI2109
2021-07-15 09:42:00,10529,10541,10529,10534,4278,153292,452661940.0,OI2109
2021-07-15 09:43:00,10534,10537,10526,10532,2078,153284,218730280.0,OI2109
2021-07-15 09:44:00,10531,10535,10526,10534,572,153317,60208720.0,OI2109
2021-07-15 09:45:00,10534,10538,10528,10528,760,153347,79997600.0,OI2109
2021-07-15 09:46:00,10528,10530,10524,10526,565,153352,59471900.0,OI2109
2021-07-15 09:47:00,10526,10535,10526,10533,619,153292,65155940.0,OI2109
2021-07-15 09:48:00,10531,10533,10528,10532,326,153314,34314760.0,OI2109
2021-07-15 09:49:00,10532,10532,10528,10528,390,153266,41051400.0,OI2109
2021-07-15 09:50:00,10527,10528,10519,10521,879,153240,92523540.0,OI2109
2021-07-15 09:51:00,10522,10525,10517,10521,483,153205,50840580.0,OI2109
2021-07-15 09:52:00,10521,10524,10519,10522,419,153195,44103940.0,OI2109
2021-07-15 09:53:00,10522,10524,10514,10518,618,153136,65050680.0,OI2109
2021-07-15 09:54:00,10517,10520,10514,10518,315,153177,33156900.0,OI2109
2021-07-15 09:55:00,10517,10517,10509,10512,920,152968,96839200.0,OI2109
2021-07-15 09:56:00,10513,10516,10511,10513,455,152875,47893300.0,OI2109
2021-07-15 09:57:00,10512,10516,10507,10516,495,152812,52103700.0,OI2109
2021-07-15 09:58:00,10516,10518,10506,10506,714,152801,75155640.0,OI2109
2021-07-15 09:59:00,10507,10512,10507,10511,396,152752,39170480.0,OI2109
2021-07-15 10:00:00,10511,10519,10505,10518,870,152697,91567500.0,OI2109
2021-07-15 10:01:00,10518,10535,10518,10533,1727,152438,181766750.0,OI2109
2021-07-15 10:02:00,10534,10536,10532,10535,601,152463,63255250.0,OI2109
2021-07-15 10:03:00,10536,10542,10534,10536,1146,152456,123172420.0,OI2109
2021-07-15 10:04:00,10536,10542,10536,10539,677,152422,71261020.0,OI2109
2021-07-15 10:05:00,10539,10544,10539,10542,653,152440,68734780.0,OI2109
2021-07-15 10:06:00,10541,10545,10541,10545,570,152488,59998200.0,OI2109
2021-07-15 10:07:00,10543,10543,10533,10538,832,152349,87576320.0,OI2109
2021-07-15 10:08:00,10538,10542,10534,10542,442,152377,46524920.0,OI2109
2021-07-15 10:09:00,10541,10545,10538,10544,549,152365,57787740.0,OI2109
2021-07-15 10:10:00,10543,10556,10543,10549,2147,152309,225993220.0,OI2109
2021-07-15 10:11:00,10547,10551,10547,10551,381,152319,40104060.0,OI2109
2021-07-15 10:12:00,10550,10551,10546,10546,442,152318,46524920.0,OI2109
2021-07-15 10:13:00,10545,10553,10545,10550,527,152271,55472020.0,OI2109
2021-07-15 10:14:00,10550,10553,10547,10550,385,152274,40525100.0,OI2109
2021-07-15 10:30:00,10550,10554,10538,10540,1182,152345,124417320.0,OI2109
2021-07-15 10:31:00,10539,10545,10539,10544,761,152437,80102860.0,OI2109
2021-07-15 10:32:00,10544,10547,10541,10545,531,152503,55893060.0,OI2109
2021-07-15 10:33:00,10545,10554,10545,10552,675,152644,71050500.0,OI2109
2021-07-15 10:34:00,10549,10556,10549,10553,1149,152594,120943740.0,OI2109
2021-07-15 10:35:00,10554,10567,10554,10566,1624,152660,173633430.0,OI2109
2021-07-15 10:36:00,10565,10566,10560,10566,1418,152911,149272860.0,OI2109
2021-07-15 10:37:00,10566,10566,10560,10563,1144,152706,120428880.0,OI2109
2021-07-15 10:38:00,10563,10565,10562,10562,464,152725,48845280.0,OI2109
2021-07-15 10:39:00,10562,10570,10561,10567,1025,152755,107901750.0,OI2109
2021-07-15 10:40:00,10569,10571,10565,10566,619,152789,65162130.0,OI2109
2021-07-15 10:41:00,10566,10568,10560,10561,638,152833,67162260.0,OI2109
2021-07-15 10:42:00,10563,10568,10561,10565,598,152856,62951460.0,OI2109
2021-07-15 10:43:00,10564,10568,10563,10568,436,152855,48652330.0,OI2109
2021-07-15 10:44:00,10568,10569,10563,10568,522,152951,54956160.0,OI2109
2021-07-15 10:45:00,10569,10572,10565,10569,857,152995,90224960.0,OI2109
2021-07-15 10:46:00,10570,10574,10567,10570,700,153010,73696000.0,OI2109
2021-07-15 10:47:00,10570,10571,10565,10567,499,152965,52534720.0,OI2109
2021-07-15 10:48:00,10568,10571,10562,10564,538,152937,56640640.0,OI2109
2021-07-15 10:49:00,10565,10575,10564,10573,3621,153236,384040860.0,OI2109
2021-07-15 10:50:00,10574,10576,10569,10570,3125,153311,329031250.0,OI2109
2021-07-15 10:51:00,10569,10580,10569,10580,2443,152634,257223470.0,OI2109
2021-07-15 10:52:00,10579,10608,10579,10603,4263,152979,451771560.0,OI2109
2021-07-15 10:53:00,10605,10610,10602,10606,2003,153302,213856220.0,OI2109
2021-07-15 10:54:00,10607,10611,10595,10603,2117,153166,222941270.0,OI2109
2021-07-15 10:55:00,10602,10602,10587,10596,1388,153200,149145650.0,OI2109
2021-07-15 10:56:00,10595,10600,10592,10592,960,153273,101107200.0,OI2109
2021-07-15 10:57:00,10593,10594,10587,10589,681,153276,71722920.0,OI2109
2021-07-15 10:58:00,10589,10597,10588,10592,784,153388,82570880.0,OI2109
2021-07-15 10:59:00,10591,10591,10583,10588,1058,153310,111428560.0,OI2109
2021-07-15 11:00:00,10588,10593,10584,10591,1064,153394,115081320.0,OI2109
2021-07-15 11:01:00,10591,10600,10590,10600,778,153443,81946740.0,OI2109
2021-07-15 11:02:00,10601,10605,10595,10598,1060,153402,111649800.0,OI2109
2021-07-15 11:03:00,10599,10599,10593,10595,548,153365,57720840.0,OI2109
2021-07-15 11:04:00,10595,10599,10591,10599,689,153319,72572370.0,OI2109
2021-07-15 11:05:00,10599,10602,10596,10596,648,153415,68253840.0,OI2109
2021-07-15 11:06:00,10597,10603,10596,10603,675,153381,71097750.0,OI2109
2021-07-15 11:07:00,10602,10608,10598,10600,1309,153181,140954880.0,OI2109
2021-07-15 11:08:00,10599,10604,10598,10598,496,153167,52248640.0,OI2109
2021-07-15 11:09:00,10599,10608,10599,10604,632,153282,66574880.0,OI2109
2021-07-15 11:10:00,10604,10607,10596,10596,811,153365,85430740.0,OI2109
2021-07-15 11:11:00,10597,10598,10587,10590,940,153265,99019600.0,OI2109
2021-07-15 11:12:00,10590,10597,10590,10592,588,153280,61939920.0,OI2109
2021-07-15 11:13:00,10592,10595,10591,10593,350,153320,39985080.0,OI2109
2021-07-15 11:14:00,10593,10603,10592,10598,784,153400,82594400.0,OI2109
2021-07-15 11:15:00,10598,10606,10598,10602,1255,153552,132214250.0,OI2109
2021-07-15 11:16:00,10602,10607,10600,10600,2360,153509,248626000.0,OI2109
2021-07-15 11:17:00,10603,10605,10599,10601,2896,153752,308282630.0,OI2109
2021-07-15 11:18:00,10602,10607,10601,10606,1572,153438,165625920.0,OI2109
2021-07-15 11:19:00,10606,10624,10606,10612,1638,153236,175800810.0,OI2109
2021-07-15 11:20:00,10613,10619,10609,10610,908,153243,95675960.0,OI2109
2021-07-15 11:21:00,10610,10619,10610,10616,584,153267,61536080.0,OI2109
2021-07-15 11:22:00,10616,10617,10601,10601,898,153338,94622260.0,OI2109
2021-07-15 11:23:00,10600,10608,10593,10598,1055,153412,114420930.0,OI2109
2021-07-15 11:24:00,10597,10606,10597,10601,514,153403,54165320.0,OI2109
2021-07-15 11:25:00,10600,10606,10593,10594,603,153279,63544140.0,OI2109
2021-07-15 11:26:00,10594,10596,10587,10591,815,153158,85884700.0,OI2109
2021-07-15 11:27:00,10592,10596,10589,10593,534,153012,56272920.0,OI2109
2021-07-15 11:28:00,10592,10596,10589,10594,542,152848,57115960.0,OI2109
2021-07-15 11:29:00,10595,10595,10591,10592,561,152614,59118180.0,OI2109
2021-07-15 13:30:00,10610,10625,10585,10586,3267,152673,347600400.0,OI2109
2021-07-15 13:31:00,10586,10591,10583,10587,1558,152530,164197620.0,OI2109
2021-07-15 13:32:00,10587,10599,10585,10589,977,152674,102966030.0,OI2109
2021-07-15 13:33:00,10587,10589,10577,10578,1333,152542,140484870.0,OI2109
2021-07-15 13:34:00,10578,10587,10578,10586,1006,152438,109395020.0,OI2109
2021-07-15 13:35:00,10586,10604,10586,10603,1763,152202,185820200.0,OI2109
2021-07-15 13:36:00,10603,10612,10603,10605,1083,152259,114148200.0,OI2109
2021-07-15 13:37:00,10606,10610,10599,10600,603,152243,63556200.0,OI2109
2021-07-15 13:38:00,10600,10602,10584,10584,1138,152282,119945200.0,OI2109
2021-07-15 13:39:00,10584,10593,10583,10587,2981,152416,317645760.0,OI2109
2021-07-15 13:40:00,10585,10594,10585,10587,1376,152292,145044160.0,OI2109
2021-07-15 13:41:00,10587,10591,10579,10590,1673,152022,176350930.0,OI2109
2021-07-15 13:42:00,10590,10595,10587,10593,618,152006,65143380.0,OI2109
2021-07-15 13:43:00,10593,10594,10589,10590,401,151997,42269410.0,OI2109
2021-07-15 13:44:00,10590,10601,10589,10596,794,151977,83695540.0,OI2109
2021-07-15 13:45:00,10598,10604,10590,10601,1048,151990,113977140.0,OI2109
2021-07-15 13:46:00,10602,10604,10599,10602,974,151952,102679080.0,OI2109
2021-07-15 13:47:00,10603,10607,10595,10596,918,151875,96775560.0,OI2109
2021-07-15 13:48:00,10597,10609,10596,10607,1379,151786,145374180.0,OI2109
2021-07-15 13:49:00,10608,10614,10607,10610,1357,152090,143054940.0,OI2109
2021-07-15 13:50:00,10610,10614,10610,10612,619,152226,68814910.0,OI2109
2021-07-15 13:51:00,10612,10612,10601,10609,848,152373,89404640.0,OI2109
2021-07-15 13:52:00,10609,10613,10609,10611,406,152397,42804580.0,OI2109
2021-07-15 13:53:00,10611,10612,10607,10608,295,152454,31101850.0,OI2109
2021-07-15 13:54:00,10609,10612,10605,10606,502,152569,52925860.0,OI2109
2021-07-15 13:55:00,10606,10607,10595,10595,1088,152580,114707840.0,OI2109
2021-07-15 13:56:00,10596,10601,10589,10592,1132,152606,119346760.0,OI2109
2021-07-15 13:57:00,10592,10596,10590,10591,723,152628,76225890.0,OI2109
2021-07-15 13:58:00,10591,10600,10591,10597,655,152715,69056650.0,OI2109
2021-07-15 13:59:00,10597,10599,10593,10597,490,152699,55282020.0,OI2109
2021-07-15 14:00:00,10597,10597,10589,10591,652,152713,68746880.0,OI2109
2021-07-15 14:01:00,10591,10597,10590,10594,597,152737,62947680.0,OI2109
2021-07-15 14:02:00,10595,10602,10594,10600,757,152777,79818080.0,OI2109
2021-07-15 14:03:00,10599,10602,10599,10602,381,152819,40172640.0,OI2109
2021-07-15 14:04:00,10602,10609,10602,10605,646,152893,68114240.0,OI2109
2021-07-15 14:05:00,10605,10608,10601,10602,564,152974,59468160.0,OI2109
2021-07-15 14:06:00,10602,10606,10601,10605,338,152974,35638720.0,OI2109
2021-07-15 14:07:00,10605,10607,10602,10602,395,152995,41648800.0,OI2109
2021-07-15 14:08:00,10603,10603,10593,10595,654,152990,68957760.0,OI2109
2021-07-15 14:09:00,10595,10597,10592,10597,535,152973,56410400.0,OI2109
2021-07-15 14:10:00,10597,10597,10593,10596,492,152994,51876480.0,OI2109
2021-07-15 14:11:00,10595,10600,10593,10598,355,152969,37431200.0,OI2109
2021-07-15 14:12:00,10598,10600,10593,10595,411,153004,47024930.0,OI2109
2021-07-15 14:13:00,10596,10596,10586,10587,839,152975,88472550.0,OI2109
2021-07-15 14:14:00,10586,10587,10578,10582,1335,152901,140775750.0,OI2109
2021-07-15 14:15:00,10583,10594,10582,10589,824,152764,86890800.0,OI2109
2021-07-15 14:16:00,10590,10590,10581,10583,574,152801,60528300.0,OI2109
2021-07-15 14:17:00,10582,10586,10579,10582,555,152776,58524750.0,OI2109
2021-07-15 14:18:00,10582,10590,10580,10588,759,152890,80036550.0,OI2109
2021-07-15 14:19:00,10589,10595,10589,10595,720,152922,75924000.0,OI2109
2021-07-15 14:20:00,10594,10595,10588,10593,702,152990,74025900.0,OI2109
2021-07-15 14:21:00,10593,10600,10593,10596,781,152984,82356450.0,OI2109
2021-07-15 14:22:00,10595,10596,10588,10590,469,152972,49456050.0,OI2109
2021-07-15 14:23:00,10591,10598,10590,10597,431,153009,45448950.0,OI2109
2021-07-15 14:24:00,10596,10602,10594,10600,701,153099,77696440.0,OI2109
2021-07-15 14:25:00,10601,10605,10598,10603,658,153104,69392680.0,OI2109
2021-07-15 14:26:00,10604,10604,10599,10601,490,153192,51675400.0,OI2109
2021-07-15 14:27:00,10601,10604,10600,10600,355,153273,37438300.0,OI2109
2021-07-15 14:28:00,10600,10600,10594,10596,734,153292,77407640.0,OI2109
2021-07-15 14:29:00,10595,10600,10594,10598,570,153373,60112200.0,OI2109
2021-07-15 14:30:00,10597,10598,10587,10588,820,153227,86477200.0,OI2109
2021-07-15 14:31:00,10587,10589,10583,10583,788,153191,83102480.0,OI2109
2021-07-15 14:32:00,10584,10594,10583,10592,808,153295,85211680.0,OI2109
2021-07-15 14:33:00,10592,10594,10589,10589,457,153330,48195220.0,OI2109
2021-07-15 14:34:00,10590,10594,10577,10582,1179,153199,124337340.0,OI2109
2021-07-15 14:35:00,10583,10588,10580,10583,773,153229,81520580.0,OI2109
2021-07-15 14:36:00,10583,10586,10580,10582,721,153099,79896180.0,OI2109
2021-07-15 14:37:00,10582,10583,10569,10572,1932,152970,203768040.0,OI2109
2021-07-15 14:38:00,10571,10577,10571,10576,687,152955,72457890.0,OI2109
2021-07-15 14:39:00,10575,10576,10569,10571,834,152850,87961980.0,OI2109
2021-07-15 14:40:00,10570,10575,10564,10573,1395,152571,147130650.0,OI2109
2021-07-15 14:41:00,10572,10576,10572,10575,520,152527,54844400.0,OI2109
2021-07-15 14:42:00,10575,10585,10573,10583,1241,152259,130888270.0,OI2109
2021-07-15 14:43:00,10584,10584,10578,10582,851,152076,89754970.0,OI2109
2021-07-15 14:44:00,10581,10591,10581,10587,1599,151753,168646530.0,OI2109
2021-07-15 14:45:00,10585,10592,10585,10589,1194,151521,125931180.0,OI2109
2021-07-15 14:46:00,10588,10589,10583,10586,2281,151578,244561930.0,OI2109
2021-07-15 14:47:00,10584,10586,10582,10584,693,151508,73097640.0,OI2109
2021-07-15 14:48:00,10587,10587,10580,10585,788,151531,83118240.0,OI2109
2021-07-15 14:49:00,10585,10590,10582,10586,555,151526,58541400.0,OI2109
2021-07-15 14:50:00,10585,10590,10583,10588,669,151525,70566120.0,OI2109
2021-07-15 14:51:00,10588,10590,10585,10587,410,151499,43246800.0,OI2109
2021-07-15 14:52:00,10586,10587,10582,10587,336,151429,35441280.0,OI2109
2021-07-15 14:53:00,10586,10592,10586,10592,649,151351,68456520.0,OI2109
2021-07-15 14:54:00,10592,10592,10584,10586,762,151291,80375760.0,OI2109
2021-07-15 14:55:00,10586,10590,10586,10589,833,151168,87864840.0,OI2109
2021-07-15 14:56:00,10590,10590,10582,10582,640,151102,67507200.0,OI2109
2021-07-15 14:57:00,10582,10583,10578,10582,909,150898,95881320.0,OI2109
2021-07-15 14:58:00,10583,10585,10577,10579,1116,150665,117715680.0,OI2109
2021-07-15 14:59:00,10578,10580,10573,10574,1350,150066,142398000.0,OI2109
2021-07-15 21:00:00,10615,10622,10600,10620,6213,150232,659323560.0,OI2109
2021-07-15 21:01:00,10620,10635,10618,10633,4494,150286,477545700.0,OI2109
2021-07-15 21:02:00,10632,10642,10625,10639,2642,150585,280928030.0,OI2109
2021-07-15 21:03:00,10639,10641,10632,10635,1839,150679,195623950.0,OI2109
2021-07-15 21:04:00,10636,10638,10631,10635,1613,150600,171517000.0,OI2109
2021-07-15 21:05:00,10636,10639,10630,10634,1694,150821,180155510.0,OI2109
2021-07-15 21:06:00,10635,10647,10635,10638,2315,150914,246384950.0,OI2109
2021-07-15 21:07:00,10640,10640,10627,10630,1782,150973,189373140.0,OI2109
2021-07-15 21:08:00,10630,10635,10629,10631,1137,151098,120828990.0,OI2109
2021-07-15 21:09:00,10632,10632,10607,10607,2897,151120,307597930.0,OI2109
2021-07-15 21:10:00,10606,10611,10604,10609,2235,151252,237202490.0,OI2109
2021-07-15 21:11:00,10609,10616,10606,10613,1543,151189,163639710.0,OI2109
2021-07-15 21:12:00,10613,10632,10613,10628,2070,151246,219916800.0,OI2109
2021-07-15 21:13:00,10628,10632,10625,10625,935,151264,99334400.0,OI2109
2021-07-15 21:14:00,10626,10629,10617,10621,963,151251,102309120.0,OI2109
2021-07-15 21:15:00,10621,10625,10612,10624,1303,151464,138430720.0,OI2109
2021-07-15 21:16:00,10623,10632,10623,10628,1183,151769,125681920.0,OI2109
2021-07-15 21:17:00,10628,10628,10616,10620,922,151702,97953280.0,OI2109
2021-07-15 21:18:00,10619,10623,10617,10620,556,151703,59069440.0,OI2109
2021-07-15 21:19:00,10620,10623,10615,10623,764,151808,81167360.0,OI2109
2021-07-15 21:20:00,10623,10626,10614,10626,1034,151971,109852160.0,OI2109
2021-07-15 21:21:00,10626,10628,10621,10628,572,152026,60769280.0,OI2109
2021-07-15 21:22:00,10627,10628,10624,10627,506,152042,53757440.0,OI2109
2021-07-15 21:23:00,10627,10629,10626,10628,526,152089,55882240.0,OI2109
2021-07-15 21:24:00,10629,10629,10623,10623,526,152056,55882240.0,OI2109
2021-07-15 21:25:00,10624,10624,10616,10616,613,152115,65125120.0,OI2109
2021-07-15 21:26:00,10616,10622,10616,10622,318,152147,33784320.0,OI2109
2021-07-15 21:27:00,10621,10621,10616,10617,363,152145,38565120.0,OI2109
2021-07-15 21:28:00,10618,10628,10617,10623,1074,152350,114101760.0,OI2109
2021-07-15 21:29:00,10623,10624,10612,10616,954,152337,101352960.0,OI2109
2021-07-15 21:30:00,10616,10616,10595,10612,3629,152237,384560660.0,OI2109
2021-07-15 21:31:00,10611,10619,10607,10618,2057,152294,218494540.0,OI2109
2021-07-15 21:32:00,10618,10629,10618,10620,2118,152436,224973960.0,OI2109
2021-07-15 21:33:00,10621,10623,10610,10614,1587,152287,168571140.0,OI2109
2021-07-15 21:34:00,10614,10619,10608,10610,1679,152168,178343380.0,OI2109
2021-07-15 21:35:00,10609,10609,10600,10608,2311,152331,244884750.0,OI2109
2021-07-15 21:36:00,10606,10611,10604,10606,884,152336,93889640.0,OI2109
2021-07-15 21:37:00,10607,10610,10598,10601,1293,152328,136718090.0,OI2109
2021-07-15 21:38:00,10602,10604,10590,10594,1686,152155,179053200.0,OI2109
2021-07-15 21:39:00,10595,10605,10591,10604,1471,152011,155577190.0,OI2109
2021-07-15 21:40:00,10603,10605,10594,10597,1041,152043,110543790.0,OI2109
2021-07-15 21:41:00,10597,10602,10595,10602,1005,152000,106720950.0,OI2109
2021-07-15 21:42:00,10601,10605,10599,10602,933,151980,98402470.0,OI2109
2021-07-15 21:43:00,10604,10604,10592,10595,951,152079,100977180.0,OI2109
2021-07-15 21:44:00,10596,10599,10595,10598,621,152088,65937780.0,OI2109
2021-07-15 21:45:00,10598,10598,10593,10593,978,152058,103844040.0,OI2109
2021-07-15 21:46:00,10594,10597,10587,10587,1658,152158,175331560.0,OI2109
2021-07-15 21:47:00,10587,10591,10584,10587,997,152133,105851490.0,OI2109
2021-07-15 21:48:00,10587,10595,10587,10595,800,152025,84203150.0,OI2109
2021-07-15 21:49:00,10595,10598,10590,10592,848,152047,90023680.0,OI2109
2021-07-15 21:50:00,10592,10595,10588,10589,763,152041,81000080.0,OI2109
2021-07-15 21:51:00,10589,10594,10582,10586,1030,152085,108585540.0,OI2109
2021-07-15 21:52:00,10587,10591,10584,10585,961,151964,102010150.0,OI2109
2021-07-15 21:53:00,10585,10589,10584,10585,652,152092,69209800.0,OI2109
2021-07-15 21:54:00,10585,10585,10575,10578,1844,152008,194946770.0,OI2109
2021-07-15 21:55:00,10578,10589,10578,10586,1425,151902,150441420.0,OI2109
2021-07-15 21:56:00,10585,10590,10585,10587,662,151962,70258060.0,OI2109
2021-07-15 21:57:00,10587,10592,10584,10592,659,151983,69939670.0,OI2109
2021-07-15 21:58:00,10593,10602,10592,10602,1501,151712,159301130.0,OI2109
2021-07-15 21:59:00,10600,10606,10597,10602,1019,151690,108146470.0,OI2109
2021-07-15 22:00:00,10603,10618,10602,10611,1685,151847,178829050.0,OI2109
2021-07-15 22:01:00,10612,10613,10607,10611,1081,151838,114726530.0,OI2109
2021-07-15 22:02:00,10613,10615,10610,10614,877,151834,93076010.0,OI2109
2021-07-15 22:03:00,10614,10619,10612,10617,1290,151875,136907700.0,OI2109
2021-07-15 22:04:00,10618,10622,10616,10620,1197,151859,127037610.0,OI2109
2021-07-15 22:05:00,10620,10623,10616,10616,791,151783,83948830.0,OI2109
2021-07-15 22:06:00,10615,10625,10615,10623,798,151765,84691740.0,OI2109
2021-07-15 22:07:00,10623,10633,10623,10628,1220,151932,129478600.0,OI2109
2021-07-15 22:08:00,10627,10631,10625,10630,785,151915,83312050.0,OI2109
2021-07-15 22:09:00,10631,10635,10628,10635,714,152007,75776820.0,OI2109
2021-07-15 22:10:00,10635,10636,10630,10630,890,151995,95415470.0,OI2109
2021-07-15 22:11:00,10630,10631,10624,10630,916,151887,97224240.0,OI2109
2021-07-15 22:12:00,10630,10631,10625,10628,2282,151956,242211480.0,OI2109
2021-07-15 22:13:00,10628,10630,10624,10625,1644,151455,174494160.0,OI2109
2021-07-15 22:14:00,10625,10630,10625,10629,487,151506,51690180.0,OI2109
2021-07-15 22:15:00,10630,10634,10622,10623,1014,151566,107625960.0,OI2109
2021-07-15 22:16:00,10626,10630,10624,10629,499,151587,53992050.0,OI2109
2021-07-15 22:17:00,10629,10633,10627,10631,583,151706,61885450.0,OI2109
2021-07-15 22:18:00,10632,10632,10626,10627,484,151732,51376600.0,OI2109
2021-07-15 22:19:00,10627,10631,10626,10627,370,151852,39275500.0,OI2109
2021-07-15 22:20:00,10628,10630,10621,10625,788,151781,83646200.0,OI2109
2021-07-15 22:21:00,10626,10626,10618,10619,720,151580,76428000.0,OI2109
2021-07-15 22:22:00,10619,10625,10619,10622,431,151556,45750650.0,OI2109
2021-07-15 22:23:00,10621,10625,10620,10622,345,151565,36621750.0,OI2109
2021-07-15 22:24:00,10623,10624,10619,10620,294,151503,31208100.0,OI2109
2021-07-15 22:25:00,10620,10623,10612,10618,571,151498,60611650.0,OI2109
2021-07-15 22:26:00,10618,10622,10617,10621,438,151540,46493700.0,OI2109
2021-07-15 22:27:00,10621,10621,10613,10613,625,151463,66343750.0,OI2109
2021-07-15 22:28:00,10613,10616,10610,10614,655,151435,69528250.0,OI2109
2021-07-15 22:29:00,10614,10614,10607,10608,656,151412,69634400.0,OI2109
2021-07-15 22:30:00,10608,10610,10603,10607,884,151318,93836600.0,OI2109
2021-07-15 22:31:00,10607,10613,10605,10611,921,151207,97764150.0,OI2109
2021-07-15 22:32:00,10611,10616,10611,10614,909,151095,96490350.0,OI2109
2021-07-15 22:33:00,10614,10614,10607,10609,554,151047,58807100.0,OI2109
2021-07-15 22:34:00,10610,10619,10610,10617,506,151039,53711900.0,OI2109
2021-07-15 22:35:00,10616,10619,10615,10617,1460,151216,154979000.0,OI2109
2021-07-15 22:36:00,10616,10617,10609,10610,924,151045,98082600.0,OI2109
2021-07-15 22:37:00,10610,10615,10609,10613,321,151067,34074150.0,OI2109
2021-07-15 22:38:00,10614,10623,10613,10621,606,150966,64326900.0,OI2109
2021-07-15 22:39:00,10622,10623,10617,10619,564,150964,59868600.0,OI2109
2021-07-15 22:40:00,10620,10621,10615,10615,465,151088,49359750.0,OI2109
2021-07-15 22:41:00,10617,10625,10614,10614,648,151023,68785200.0,OI2109
2021-07-15 22:42:00,10612,10612,10597,10603,1447,150895,153599050.0,OI2109
2021-07-15 22:43:00,10603,10606,10600,10601,600,150974,63690000.0,OI2109
2021-07-15 22:44:00,10601,10607,10600,10603,431,150938,45750650.0,OI2109
2021-07-15 22:45:00,10602,10605,10595,10603,707,150864,75048050.0,OI2109
2021-07-15 22:46:00,10603,10615,10603,10614,890,150742,94473500.0,OI2109
2021-07-15 22:47:00,10614,10622,10611,10620,716,150727,76003400.0,OI2109
2021-07-15 22:48:00,10619,10625,10615,10624,736,150765,78126400.0,OI2109
2021-07-15 22:49:00,10624,10624,10620,10622,432,150777,45856800.0,OI2109
2021-07-15 22:50:00,10621,10627,10614,10614,920,150698,97658000.0,OI2109
2021-07-15 22:51:00,10615,10623,10615,10616,478,150702,50739700.0,OI2109
2021-07-15 22:52:00,10616,10618,10609,10611,647,150601,68679050.0,OI2109
2021-07-15 22:53:00,10611,10613,10605,10607,538,150522,57108700.0,OI2109
2021-07-15 22:54:00,10606,10610,10606,10608,314,150529,33331100.0,OI2109
2021-07-15 22:55:00,10610,10617,10610,10615,722,150453,76640300.0,OI2109
2021-07-15 22:56:00,10615,10616,10605,10610,560,150407,59444000.0,OI2109
2021-07-15 22:57:00,10609,10610,10606,10608,377,150356,40018550.0,OI2109
2021-07-15 22:58:00,10607,10609,10597,10597,765,150168,79906540.0,OI2109
2021-07-15 22:59:00,10597,10605,10596,10597,736,149839,78119040.0,OI2109
2021-07-16 09:00:00,10605,10627,10586,10597,3305,150014,350792700.0,OI2109
2021-07-16 09:01:00,10598,10598,10584,10595,1764,150051,187230960.0,OI2109
2021-07-16 09:02:00,10594,10613,10594,10607,1705,150100,180968700.0,OI2109
2021-07-16 09:03:00,10609,10609,10599,10608,1093,150168,116011020.0,OI2109
2021-07-16 09:04:00,10608,10616,10607,10610,802,150242,85124280.0,OI2109
2021-07-16 09:05:00,10608,10615,10606,10614,844,150402,89582160.0,OI2109
2021-07-16 09:06:00,10615,10615,10601,10604,992,150478,103880260.0,OI2109
2021-07-16 09:07:00,10604,10605,10588,10589,1032,150635,109526160.0,OI2109
2021-07-16 09:08:00,10589,10594,10586,10588,1020,150788,108252600.0,OI2109
2021-07-16 09:09:00,10587,10595,10587,10592,1050,150857,111436500.0,OI2109
2021-07-16 09:10:00,10592,10598,10585,10590,1924,151167,204194120.0,OI2109
2021-07-16 09:11:00,10591,10594,10586,10592,711,151209,75458430.0,OI2109
2021-07-16 09:12:00,10593,10606,10591,10605,1333,150947,141471290.0,OI2109
2021-07-16 09:13:00,10604,10604,10600,10602,556,150997,57521400.0,OI2109
2021-07-16 09:14:00,10603,10604,10597,10601,750,150958,79590000.0,OI2109
2021-07-16 09:15:00,10600,10600,10588,10589,1082,151051,114821840.0,OI2109
2021-07-16 09:16:00,10589,10590,10584,10585,1114,151320,118217680.0,OI2109
2021-07-16 09:17:00,10586,10593,10583,10592,950,151380,100814000.0,OI2109
2021-07-16 09:18:00,10591,10594,10587,10593,582,151312,61761840.0,OI2109
2021-07-16 09:19:00,10592,10593,10584,10588,662,151313,70251440.0,OI2109
2021-07-16 09:20:00,10588,10588,10577,10583,2426,151648,255884580.0,OI2109
2021-07-16 09:21:00,10583,10586,10579,10584,1427,151628,151418970.0,OI2109
2021-07-16 09:22:00,10584,10584,10574,10578,928,151563,98470080.0,OI2109
2021-07-16 09:23:00,10577,10578,10569,10573,902,151472,95711220.0,OI2109
2021-07-16 09:24:00,10573,10585,10573,10584,3586,151442,378879490.0,OI2109
2021-07-16 09:25:00,10585,10590,10583,10588,687,151524,72890700.0,OI2109
2021-07-16 09:26:00,10587,10592,10585,10590,515,151520,54641500.0,OI2109
2021-07-16 09:27:00,10590,10591,10580,10582,557,151425,59097700.0,OI2109
2021-07-16 09:28:00,10582,10582,10577,10579,395,151435,41909500.0,OI2109
2021-07-16 09:29:00,10579,10579,10575,10577,482,151482,51140200.0,OI2109
2021-07-16 09:30:00,10577,10585,10568,10577,1419,151430,148884380.0,OI2109
2021-07-16 09:31:00,10576,10584,10574,10583,664,151498,70443760.0,OI2109
2021-07-16 09:32:00,10583,10589,10583,10587,627,151490,66518430.0,OI2109
2021-07-16 09:33:00,10587,10591,10577,10577,1111,151471,117865990.0,OI2109
2021-07-16 09:34:00,10578,10585,10574,10580,847,151451,89858230.0,OI2109
2021-07-16 09:35:00,10580,10589,10578,10588,773,151506,82007570.0,OI2109
2021-07-16 09:36:00,10588,10589,10581,10583,766,151421,79545540.0,OI2109
2021-07-16 09:37:00,10583,10586,10578,10583,519,151458,55055520.0,OI2109
2021-07-16 09:38:00,10583,10589,10576,10577,813,151505,86243040.0,OI2109
2021-07-16 09:39:00,10578,10582,10576,10576,501,151575,53146080.0,OI2109
2021-07-16 09:40:00,10577,10585,10572,10576,973,151615,103215840.0,OI2109
2021-07-16 09:41:00,10576,10580,10572,10579,425,151624,45084000.0,OI2109
2021-07-16 09:42:00,10578,10580,10570,10571,680,151613,72134400.0,OI2109
2021-07-16 09:43:00,10571,10577,10563,10574,1209,151740,128250720.0,OI2109
2021-07-16 09:44:00,10574,10574,10566,10570,591,151767,60916770.0,OI2109
2021-07-16 09:45:00,10569,10570,10563,10566,842,151820,89310940.0,OI2109
2021-07-16 09:46:00,10565,10569,10563,10564,755,151954,80082850.0,OI2109
2021-07-16 09:47:00,10563,10564,10557,10562,1057,151973,112115990.0,OI2109
2021-07-16 09:48:00,10563,10571,10561,10570,675,151981,71597250.0,OI2109
2021-07-16 09:49:00,10569,10573,10567,10569,532,151976,56429240.0,OI2109
2021-07-16 09:50:00,10569,10579,10567,10571,1048,152003,109335760.0,OI2109
2021-07-16 09:51:00,10571,10576,10570,10574,423,151991,44863380.0,OI2109
2021-07-16 09:52:00,10574,10576,10570,10575,514,152029,54514840.0,OI2109
2021-07-16 09:53:00,10576,10579,10573,10579,661,152038,70105660.0,OI2109
2021-07-16 09:54:00,10580,10581,10575,10579,685,152060,72651100.0,OI2109
2021-07-16 09:55:00,10577,10577,10571,10572,488,152035,51757280.0,OI2109
2021-07-16 09:56:00,10574,10575,10568,10574,720,152068,76363200.0,OI2109
2021-07-16 09:57:00,10574,10587,10573,10586,1019,152147,108075140.0,OI2109
2021-07-16 09:58:00,10587,10587,10581,10584,587,152252,62257220.0,OI2109
2021-07-16 09:59:00,10583,10587,10583,10586,414,152292,43908840.0,OI2109
2021-07-16 10:00:00,10587,10592,10581,10589,1190,152339,124318790.0,OI2109
2021-07-16 10:01:00,10588,10590,10585,10586,751,152434,79643550.0,OI2109
2021-07-16 10:02:00,10586,10586,10581,10584,516,152539,54721800.0,OI2109
2021-07-16 10:03:00,10584,10591,10584,10587,464,152543,49207200.0,OI2109
2021-07-16 10:04:00,10587,10589,10584,10586,352,152567,37329600.0,OI2109
2021-07-16 10:05:00,10587,10589,10584,10586,411,152610,43586550.0,OI2109
2021-07-16 10:06:00,10586,10587,10576,10582,921,152706,97672050.0,OI2109
2021-07-16 10:07:00,10582,10589,10581,10586,463,152731,49101150.0,OI2109
2021-07-16 10:08:00,10586,10595,10585,10592,834,152705,88445700.0,OI2109
2021-07-16 10:09:00,10592,10593,10588,10592,645,152736,68402250.0,OI2109
2021-07-16 10:10:00,10592,10592,10583,10588,591,152757,62675550.0,OI2109
2021-07-16 10:11:00,10587,10588,10583,10585,310,152747,32875500.0,OI2109
2021-07-16 10:12:00,10585,10586,10581,10581,433,152684,45919650.0,OI2109
2021-07-16 10:13:00,10581,10586,10581,10585,228,152679,24179400.0,OI2109
2021-07-16 10:14:00,10585,10585,10576,10580,413,152590,43798650.0,OI2109
2021-07-16 10:30:00,10579,10583,10573,10575,567,152648,60130350.0,OI2109
2021-07-16 10:31:00,10575,10584,10570,10583,766,152653,79255040.0,OI2109
2021-07-16 10:32:00,10583,10584,10571,10578,585,152663,62033400.0,OI2109
2021-07-16 10:33:00,10578,10578,10568,10570,572,152657,60654880.0,OI2109
2021-07-16 10:34:00,10570,10576,10570,10575,328,152694,34781120.0,OI2109
2021-07-16 10:35:00,10574,10574,10566,10572,794,152751,84195760.0,OI2109
2021-07-16 10:36:00,10573,10583,10573,10581,678,152789,71895120.0,OI2109
2021-07-16 10:37:00,10581,10589,10580,10586,671,152739,71152840.0,OI2109
2021-07-16 10:38:00,10587,10592,10585,10592,550,152743,58322000.0,OI2109
2021-07-16 10:39:00,10593,10602,10592,10600,2151,152941,228092040.0,OI2109
2021-07-16 10:40:00,10600,10603,10597,10600,2055,152779,217912200.0,OI2109
2021-07-16 10:41:00,10601,10616,10601,10615,1623,152661,172102920.0,OI2109
2021-07-16 10:42:00,10614,10626,10614,10625,2076,152791,220139040.0,OI2109
2021-07-16 10:43:00,10623,10628,10623,10626,1428,152909,151425120.0,OI2109
2021-07-16 10:44:00,10626,10632,10626,10632,1961,153323,207944440.0,OI2109
2021-07-16 10:45:00,10632,10646,10629,10645,2729,153362,291544430.0,OI2109
2021-07-16 10:46:00,10644,10645,10639,10642,1384,153389,146773200.0,OI2109
2021-07-16 10:47:00,10643,10647,10638,10647,1323,153351,140304150.0,OI2109
2021-07-16 10:48:00,10646,10650,10642,10650,1825,153451,195747840.0,OI2109
2021-07-16 10:49:00,10650,10682,10649,10676,4695,153319,500205240.0,OI2109
2021-07-16 10:50:00,10675,10684,10671,10683,2631,153296,281350020.0,OI2109
2021-07-16 10:51:00,10684,10685,10671,10677,1917,153201,203355360.0,OI2109
2021-07-16 10:52:00,10678,10683,10676,10680,1257,153138,135654150.0,OI2109
2021-07-16 10:53:00,10680,10686,10680,10683,1243,153154,131869870.0,OI2109
2021-07-16 10:54:00,10683,10690,10680,10680,1673,152879,179829320.0,OI2109
2021-07-16 10:55:00,10680,10684,10673,10676,1694,153192,179733400.0,OI2109
2021-07-16 10:56:00,10676,10676,10667,10669,1435,153239,154625540.0,OI2109
2021-07-16 10:57:00,10669,10670,10659,10659,1049,153060,111309390.0,OI2109
2021-07-16 10:58:00,10660,10663,10656,10658,1260,152961,133698600.0,OI2109
2021-07-16 10:59:00,10659,10660,10648,10652,1375,153061,145901250.0,OI2109
2021-07-16 11:00:00,10651,10652,10640,10641,1849,152918,198624760.0,OI2109
2021-07-16 11:01:00,10642,10642,10634,10634,1591,152572,168836920.0,OI2109
2021-07-16 11:02:00,10634,10634,10630,10631,1049,152433,111319880.0,OI2109
2021-07-16 11:03:00,10632,10640,10624,10630,2207,152323,234206840.0,OI2109
2021-07-16 11:04:00,10630,10630,10618,10621,1746,152444,185285520.0,OI2109
2021-07-16 11:05:00,10620,10620,10606,10608,2573,152296,273046760.0,OI2109
2021-07-16 11:06:00,10609,10609,10589,10593,2684,152257,284826080.0,OI2109
2021-07-16 11:07:00,10593,10599,10582,10588,2347,152385,249063640.0,OI2109
2021-07-16 11:08:00,10588,10589,10581,10587,1778,152425,188681360.0,OI2109
2021-07-16 11:09:00,10586,10586,10578,10580,1531,152312,159867290.0,OI2109
2021-07-16 11:10:00,10579,10591,10574,10589,2384,152276,252966240.0,OI2109
2021-07-16 11:11:00,10589,10593,10583,10584,1563,152462,165849930.0,OI2109
2021-07-16 11:12:00,10585,10585,10573,10581,1914,152483,203094540.0,OI2109
2021-07-16 11:13:00,10581,10590,10577,10586,948,152339,100592280.0,OI2109
2021-07-16 11:14:00,10586,10592,10583,10587,956,152169,101441160.0,OI2109
2021-07-16 11:15:00,10586,10595,10583,10594,844,152204,86868320.0,OI2109
2021-07-16 11:16:00,10594,10599,10591,10598,1053,152132,111723300.0,OI2109
2021-07-16 11:17:00,10598,10600,10588,10600,876,152131,92943600.0,OI2109
2021-07-16 11:18:00,10599,10607,10597,10603,1165,152104,123606500.0,OI2109
2021-07-16 11:19:00,10603,10613,10601,10610,1323,152185,140370300.0,OI2109
2021-07-16 11:20:00,10612,10612,10592,10592,1512,152339,160423200.0,OI2109
2021-07-16 11:21:00,10591,10592,10582,10589,1744,152481,185038400.0,OI2109
2021-07-16 11:22:00,10589,10596,10587,10595,1369,152523,145250900.0,OI2109
2021-07-16 11:23:00,10594,10603,10586,10587,2962,152520,314268200.0,OI2109
2021-07-16 11:24:00,10586,10599,10583,10593,1826,152654,193738600.0,OI2109
2021-07-16 11:25:00,10594,10597,10593,10597,1409,152557,149494900.0,OI2109
2021-07-16 11:26:00,10597,10597,10588,10588,720,152640,76392000.0,OI2109
2021-07-16 11:27:00,10588,10590,10573,10573,1728,152607,180475410.0,OI2109
2021-07-16 11:28:00,10573,10574,10565,10570,1501,152686,159241090.0,OI2109
2021-07-16 11:29:00,10570,10570,10548,10550,2132,152567,226183880.0,OI2109
2021-07-16 13:30:00,10546,10546,10532,10534,3276,152843,344616360.0,OI2109
2021-07-16 13:31:00,10534,10543,10534,10536,1322,152935,140237760.0,OI2109
2021-07-16 13:32:00,10536,10548,10535,10546,1542,152923,160612240.0,OI2109
2021-07-16 13:33:00,10546,10558,10545,10558,1419,152926,150513330.0,OI2109
2021-07-16 13:34:00,10558,10560,10552,10558,785,152946,83264950.0,OI2109
2021-07-16 13:35:00,10557,10558,10544,10546,977,153027,103630390.0,OI2109
2021-07-16 13:36:00,10548,10548,10531,10536,1743,153163,181867650.0,OI2109
2021-07-16 13:37:00,10536,10539,10527,10532,2003,153122,212438180.0,OI2109
2021-07-16 13:38:00,10533,10537,10531,10534,656,153133,69575360.0,OI2109
2021-07-16 13:39:00,10534,10538,10532,10537,1043,153271,110620580.0,OI2109
2021-07-16 13:40:00,10537,10554,10537,10553,1304,153204,135239820.0,OI2109
2021-07-16 13:41:00,10553,10559,10548,10558,871,153122,92369550.0,OI2109
2021-07-16 13:42:00,10557,10560,10550,10552,1022,153139,108383100.0,OI2109
2021-07-16 13:43:00,10552,10553,10548,10551,577,153101,61190850.0,OI2109
2021-07-16 13:44:00,10551,10555,10536,10537,972,153068,103080600.0,OI2109
2021-07-16 13:45:00,10536,10544,10531,10537,1300,153122,134755160.0,OI2109
2021-07-16 13:46:00,10538,10545,10537,10543,555,153050,58852200.0,OI2109
2021-07-16 13:47:00,10542,10554,10542,10548,955,153033,101268200.0,OI2109
2021-07-16 13:48:00,10548,10556,10546,10555,1032,153066,109433280.0,OI2109
2021-07-16 13:49:00,10555,10559,10550,10557,1243,152979,131807720.0,OI2109
2021-07-16 13:50:00,10556,10558,10543,10546,1250,153011,132550000.0,OI2109
2021-07-16 13:51:00,10547,10553,10545,10550,591,152968,59503540.0,OI2109
2021-07-16 13:52:00,10550,10561,10548,10561,1229,152990,130310870.0,OI2109
2021-07-16 13:53:00,10563,10567,10556,10565,1671,152857,177176130.0,OI2109
2021-07-16 13:54:00,10565,10579,10565,10577,1798,152652,190641940.0,OI2109
2021-07-16 13:55:00,10576,10583,10576,10581,1388,152577,147169640.0,OI2109
2021-07-16 13:56:00,10580,10585,10578,10580,1138,152424,120662140.0,OI2109
2021-07-16 13:57:00,10578,10578,10570,10572,1172,152323,124267160.0,OI2109
2021-07-16 13:58:00,10571,10579,10564,10570,2868,152248,300815300.0,OI2109
2021-07-16 13:59:00,10571,10576,10548,10557,4034,152043,427684680.0,OI2109
2021-07-16 14:00:00,10556,10565,10554,10557,2916,152059,305806080.0,OI2109
2021-07-16 14:01:00,10558,10559,10551,10551,1301,151988,137919010.0,OI2109
2021-07-16 14:02:00,10552,10563,10551,10553,910,151929,96469100.0,OI2109
2021-07-16 14:03:00,10553,10553,10544,10548,2046,152180,216896460.0,OI2109
2021-07-16 14:04:00,10548,10554,10548,10552,1142,151797,121063420.0,OI2109
2021-07-16 14:05:00,10552,10552,10547,10550,712,151693,75479120.0,OI2109
2021-07-16 14:06:00,10549,10551,10545,10548,761,151659,77256650.0,OI2109
2021-07-16 14:07:00,10547,10549,10539,10545,745,151660,78970000.0,OI2109
2021-07-16 14:08:00,10544,10550,10544,10547,446,151705,47276000.0,OI2109
2021-07-16 14:09:00,10547,10552,10545,10546,650,151668,68900000.0,OI2109
2021-07-16 14:10:00,10546,10549,10543,10543,511,151648,54166000.0,OI2109
2021-07-16 14:11:00,10543,10554,10543,10552,792,151725,83952000.0,OI2109
2021-07-16 14:12:00,10552,10560,10551,10556,714,151675,75684000.0,OI2109
2021-07-16 14:13:00,10556,10560,10555,10559,477,151697,50562000.0,OI2109
2021-07-16 14:14:00,10559,10568,10558,10568,1022,151568,108332000.0,OI2109
2021-07-16 14:15:00,10567,10568,10559,10563,664,151540,70384000.0,OI2109
2021-07-16 14:16:00,10563,10572,10563,10572,857,151543,90842000.0,OI2109
2021-07-16 14:17:00,10571,10579,10570,10572,1390,151362,143840360.0,OI2109
2021-07-16 14:18:00,10574,10575,10568,10571,1132,151183,119980680.0,OI2109
2021-07-16 14:19:00,10570,10575,10565,10573,1158,151087,122736420.0,OI2109
2021-07-16 14:20:00,10572,10580,10572,10575,978,151055,103658220.0,OI2109
2021-07-16 14:21:00,10575,10581,10575,10578,618,151050,65501820.0,OI2109
2021-07-16 14:22:00,10578,10581,10577,10577,489,151141,51829110.0,OI2109
2021-07-16 14:23:00,10576,10577,10561,10567,1218,151056,129095820.0,OI2109
2021-07-16 14:24:00,10567,10574,10563,10569,706,151061,74828940.0,OI2109
2021-07-16 14:25:00,10569,10576,10569,10571,481,151037,50981190.0,OI2109
2021-07-16 14:26:00,10571,10576,10569,10572,562,151077,59566380.0,OI2109
2021-07-16 14:27:00,10573,10576,10568,10572,376,151118,39852240.0,OI2109
2021-07-16 14:28:00,10571,10579,10570,10574,527,151190,55856730.0,OI2109
2021-07-16 14:29:00,10575,10579,10572,10575,2340,151341,248016600.0,OI2109
2021-07-16 14:30:00,10573,10580,10573,10580,719,151165,76206810.0,OI2109
2021-07-16 14:31:00,10579,10583,10574,10577,984,151024,104294160.0,OI2109
2021-07-16 14:32:00,10577,10581,10576,10577,608,151066,64441920.0,OI2109
2021-07-16 14:33:00,10578,10582,10575,10576,464,151061,49179360.0,OI2109
2021-07-16 14:34:00,10577,10586,10573,10580,1172,150982,120575320.0,OI2109
2021-07-16 14:35:00,10580,10581,10574,10576,691,150905,73232180.0,OI2109
2021-07-16 14:36:00,10577,10577,10563,10566,1157,150766,122618860.0,OI2109
2021-07-16 14:37:00,10567,10569,10562,10566,720,150725,76305600.0,OI2109
2021-07-16 14:38:00,10566,10571,10564,10568,698,150645,73974040.0,OI2109
2021-07-16 14:39:00,10567,10573,10567,10572,483,150705,51188340.0,OI2109
2021-07-16 14:40:00,10572,10579,10571,10576,675,150599,71536500.0,OI2109
2021-07-16 14:41:00,10576,10594,10576,10594,1763,150399,186842740.0,OI2109
2021-07-16 14:42:00,10593,10607,10593,10600,3178,150056,336804440.0,OI2109
2021-07-16 14:43:00,10600,10602,10591,10594,1032,149996,109371360.0,OI2109
2021-07-16 14:44:00,10593,10599,10592,10592,681,150089,72172380.0,OI2109
2021-07-16 14:45:00,10592,10604,10592,10600,1217,150058,128977660.0,OI2109
2021-07-16 14:46:00,10599,10602,10593,10599,1146,150093,121453080.0,OI2109
2021-07-16 14:47:00,10599,10602,10598,10602,1493,150213,158228140.0,OI2109
2021-07-16 14:48:00,10603,10606,10600,10601,2857,150271,302784860.0,OI2109
2021-07-16 14:49:00,10601,10607,10600,10605,2674,150496,283390520.0,OI2109
2021-07-16 14:50:00,10605,10606,10594,10594,1408,150256,149219840.0,OI2109
2021-07-16 14:51:00,10595,10595,10588,10590,1072,150166,113610560.0,OI2109
2021-07-16 14:52:00,10591,10595,10584,10587,1194,150120,126540120.0,OI2109
2021-07-16 14:53:00,10586,10589,10578,10580,1297,149965,137456060.0,OI2109
2021-07-16 14:54:00,10580,10586,10579,10583,998,149953,105768040.0,OI2109
2021-07-16 14:55:00,10583,10584,10578,10580,813,149928,86161740.0,OI2109
2021-07-16 14:56:00,10581,10584,10577,10580,774,149774,82028520.0,OI2109
2021-07-16 14:57:00,10580,10585,10580,10582,718,149678,76093640.0,OI2109
2021-07-16 14:58:00,10582,10591,10580,10585,1042,149520,110431160.0,OI2109
2021-07-16 14:59:00,10585,10587,10581,10585,944,149261,100045120.0,OI2109
2021-07-16 21:00:00,10616,10635,10616,10620,6029,148497,640520960.0,OI2109
2021-07-16 21:01:00,10620,10631,10620,10630,2246,148667,238697790.0,OI2109
2021-07-16 21:02:00,10630,10638,10626,10636,1283,148869,136414330.0,OI2109
2021-07-16 21:03:00,10637,10641,10636,10639,1316,149078,139946900.0,OI2109
2021-07-16 21:04:00,10640,10645,10629,10633,1647,149103,175151900.0,OI2109
2021-07-16 21:05:00,10634,10651,10633,10647,2087,149509,222244600.0,OI2109
2021-07-16 21:06:00,10647,10656,10647,10650,2003,149926,213271150.0,OI2109
2021-07-16 21:07:00,10651,10653,10643,10644,982,149920,104591990.0,OI2109
2021-07-16 21:08:00,10644,10649,10639,10643,1624,150218,172888330.0,OI2109
2021-07-16 21:09:00,10643,10647,10639,10641,841,150392,89440350.0,OI2109
2021-07-16 21:10:00,10640,10648,10640,10642,857,150522,91351100.0,OI2109
2021-07-16 21:11:00,10642,10648,10642,10644,623,150553,66262280.0,OI2109
2021-07-16 21:12:00,10644,10647,10639,10639,678,150606,72112080.0,OI2109
2021-07-16 21:13:00,10638,10644,10637,10644,1216,150725,129568080.0,OI2109
2021-07-16 21:14:00,10644,10651,10644,10648,848,150789,90201760.0,OI2109
2021-07-16 21:15:00,10649,10663,10648,10662,1501,150904,159919180.0,OI2109
2021-07-16 21:16:00,10661,10666,10660,10663,1301,150991,138671200.0,OI2109
2021-07-16 21:17:00,10663,10666,10662,10664,699,151147,74644420.0,OI2109
2021-07-16 21:18:00,10664,10672,10664,10670,1180,151255,125841610.0,OI2109
2021-07-16 21:19:00,10669,10677,10665,10666,1475,151432,157563470.0,OI2109
2021-07-16 21:20:00,10667,10674,10667,10673,888,151541,94509840.0,OI2109
2021-07-16 21:21:00,10672,10680,10669,10672,1105,151706,117929440.0,OI2109
2021-07-16 21:22:00,10673,10679,10669,10669,1055,151800,112629040.0,OI2109
2021-07-16 21:23:00,10669,10674,10663,10665,1119,151613,119463580.0,OI2109
2021-07-16 21:24:00,10665,10670,10650,10651,1713,151420,182729140.0,OI2109
2021-07-16 21:25:00,10652,10658,10651,10654,1268,151214,135003960.0,OI2109
2021-07-16 21:26:00,10655,10655,10645,10650,1055,151080,112325850.0,OI2109
2021-07-16 21:27:00,10650,10665,10650,10658,2341,151040,249656070.0,OI2109
2021-07-16 21:28:00,10658,10663,10655,10662,2213,151056,235640240.0,OI2109
2021-07-16 21:29:00,10663,10664,10657,10658,304,151082,32369920.0,OI2109
2021-07-16 21:30:00,10658,10673,10645,10648,2504,151167,267085930.0,OI2109
2021-07-16 21:31:00,10647,10663,10646,10659,1613,151216,171768370.0,OI2109
2021-07-16 21:32:00,10659,10673,10659,10670,1518,151338,162143140.0,OI2109
2021-07-16 21:33:00,10669,10683,10669,10681,2291,151448,244505730.0,OI2109
2021-07-16 21:34:00,10679,10683,10671,10675,1507,151443,161039870.0,OI2109
2021-07-16 21:35:00,10675,10681,10674,10678,929,151454,98957080.0,OI2109
2021-07-16 21:36:00,10679,10681,10675,10678,904,151425,96841710.0,OI2109
2021-07-16 21:37:00,10679,10684,10678,10678,686,151456,73079580.0,OI2109
2021-07-16 21:38:00,10679,10681,10678,10680,466,151512,49642980.0,OI2109
2021-07-16 21:39:00,10680,10698,10678,10690,3276,151433,350176100.0,OI2109
2021-07-16 21:40:00,10691,10694,10682,10684,1595,151521,170555110.0,OI2109
2021-07-16 21:41:00,10684,10693,10684,10691,902,151534,96734000.0,OI2109
2021-07-16 21:42:00,10690,10693,10684,10688,907,151548,96658990.0,OI2109
2021-07-16 21:43:00,10690,10703,10690,10697,2006,151734,214425430.0,OI2109
2021-07-16 21:44:00,10697,10701,10693,10699,1539,151621,164688020.0,OI2109
2021-07-16 21:45:00,10699,10701,10687,10689,2048,151813,218978200.0,OI2109
2021-07-16 21:46:00,10688,10688,10680,10686,1232,151796,132025400.0,OI2109
2021-07-16 21:47:00,10687,10687,10677,10679,1142,151643,121748620.0,OI2109
2021-07-16 21:48:00,10678,10682,10672,10673,1602,151705,170789220.0,OI2109
2021-07-16 21:49:00,10673,10674,10668,10672,1217,151808,130478180.0,OI2109
2021-07-16 21:50:00,10672,10677,10669,10676,866,151771,92332920.0,OI2109
2021-07-16 21:51:00,10677,10682,10676,10680,882,151896,94038840.0,OI2109
2021-07-16 21:52:00,10680,10687,10672,10673,1168,151844,124532160.0,OI2109
2021-07-16 21:53:00,10673,10682,10673,10682,888,151967,94678560.0,OI2109
2021-07-16 21:54:00,10681,10688,10680,10684,801,152006,86182480.0,OI2109
2021-07-16 21:55:00,10685,10691,10684,10690,894,152066,95327220.0,OI2109
2021-07-16 21:56:00,10691,10702,10690,10701,1635,152009,175145200.0,OI2109
2021-07-16 21:57:00,10701,10719,10701,10719,3701,151817,396358960.0,OI2109
2021-07-16 21:58:00,10719,10719,10705,10706,2395,151439,256316810.0,OI2109
2021-07-16 21:59:00,10706,10711,10700,10700,850,151382,90669500.0,OI2109
2021-07-16 22:00:00,10701,10711,10701,10707,996,151345,107127890.0,OI2109
2021-07-16 22:01:00,10707,10715,10707,10707,899,151400,95905320.0,OI2109
2021-07-16 22:02:00,10706,10709,10703,10706,1039,151549,111744470.0,OI2109
2021-07-16 22:03:00,10706,10713,10706,10710,691,151621,73722790.0,OI2109
2021-07-16 22:04:00,10709,10714,10707,10711,1016,151771,108397040.0,OI2109
2021-07-16 22:05:00,10712,10713,10709,10710,503,151786,54591120.0,OI2109
2021-07-16 22:06:00,10709,10722,10709,10714,1719,151716,183417300.0,OI2109
2021-07-16 22:07:00,10714,10715,10707,10711,617,151763,66783310.0,OI2109
2021-07-16 22:08:00,10709,10711,10701,10701,874,151681,93264540.0,OI2109
2021-07-16 22:09:00,10702,10704,10696,10698,1135,151630,121115850.0,OI2109
2021-07-16 22:10:00,10698,10708,10689,10692,1460,151423,156780700.0,OI2109
2021-07-16 22:11:00,10692,10692,10679,10683,1474,151295,157305280.0,OI2109
2021-07-16 22:12:00,10682,10691,10682,10685,1303,151316,139056160.0,OI2109
2021-07-16 22:13:00,10685,10685,10675,10681,1374,151423,146633280.0,OI2109
2021-07-16 22:14:00,10681,10695,10681,10694,2052,150778,220035570.0,OI2109
2021-07-16 22:15:00,10694,10705,10693,10705,1488,150512,158814240.0,OI2109
2021-07-16 22:16:00,10706,10714,10706,10711,1319,150516,140776870.0,OI2109
2021-07-16 22:17:00,10711,10729,10711,10729,2965,150759,318662150.0,OI2109
2021-07-16 22:18:00,10729,10733,10720,10722,1891,151037,202987010.0,OI2109
2021-07-16 22:19:00,10720,10721,10711,10717,1630,150955,174018800.0,OI2109
2021-07-16 22:20:00,10717,10726,10716,10722,734,151038,79508240.0,OI2109
2021-07-16 22:21:00,10721,10723,10715,10716,871,151151,92996670.0,OI2109
2021-07-16 22:22:00,10716,10724,10713,10713,2224,151347,238633830.0,OI2109
2021-07-16 22:23:00,10713,10723,10710,10719,2851,151636,305635640.0,OI2109
2021-07-16 22:24:00,10718,10724,10716,10720,1635,151491,174601650.0,OI2109
2021-07-16 22:25:00,10720,10720,10710,10711,1730,151474,185986210.0,OI2109
2021-07-16 22:26:00,10711,10715,10708,10712,1262,151298,134781600.0,OI2109
2021-07-16 22:27:00,10712,10715,10709,10714,655,151236,69954000.0,OI2109
2021-07-16 22:28:00,10714,10724,10714,10722,834,151319,89071200.0,OI2109
2021-07-16 22:29:00,10722,10727,10721,10724,1025,151415,110747270.0,OI2109
2021-07-16 22:30:00,10725,10746,10724,10745,3254,151567,348869550.0,OI2109
2021-07-16 22:31:00,10744,10745,10736,10740,1419,151814,152901580.0,OI2109
2021-07-16 22:32:00,10740,10743,10737,10742,721,151874,77024430.0,OI2109
2021-07-16 22:33:00,10741,10747,10738,10743,934,151978,99779220.0,OI2109
2021-07-16 22:34:00,10743,10749,10741,10743,1124,152211,121428710.0,OI2109
2021-07-16 22:35:00,10744,10744,10739,10739,669,152310,71475960.0,OI2109
2021-07-16 22:36:00,10740,10758,10739,10758,2068,152663,222324280.0,OI2109
2021-07-16 22:37:00,10759,10759,10744,10745,1025,152661,110910660.0,OI2109
2021-07-16 22:38:00,10746,10758,10746,10754,1788,152988,192472970.0,OI2109
2021-07-16 22:39:00,10753,10756,10748,10751,1607,152913,171740090.0,OI2109
2021-07-16 22:40:00,10751,10764,10751,10755,1568,152902,169011200.0,OI2109
2021-07-16 22:41:00,10756,10758,10752,10758,507,152915,54188160.0,OI2109
2021-07-16 22:42:00,10758,10758,10751,10754,668,152956,72846630.0,OI2109
2021-07-16 22:43:00,10754,10755,10741,10755,1422,152742,151997580.0,OI2109
2021-07-16 22:44:00,10755,10755,10744,10749,812,152684,88267810.0,OI2109
2021-07-16 22:45:00,10749,10753,10747,10752,686,152819,73333400.0,OI2109
2021-07-16 22:46:00,10752,10753,10746,10747,574,152758,61360600.0,OI2109
2021-07-16 22:47:00,10747,10749,10726,10729,1841,152322,198307040.0,OI2109
2021-07-16 22:48:00,10730,10731,10716,10717,2055,151959,219700050.0,OI2109
2021-07-16 22:49:00,10717,10717,10704,10713,2587,152142,276576170.0,OI2109
2021-07-16 22:50:00,10714,10733,10714,10729,1843,152183,198604120.0,OI2109
2021-07-16 22:51:00,10729,10738,10725,10737,1135,152188,121354200.0,OI2109
2021-07-16 22:52:00,10737,10749,10737,10745,1636,152487,176517820.0,OI2109
2021-07-16 22:53:00,10746,10748,10743,10746,593,152466,63409490.0,OI2109
2021-07-16 22:54:00,10747,10747,10733,10733,1240,152411,132593200.0,OI2109
2021-07-16 22:55:00,10735,10743,10726,10743,1174,152244,125535820.0,OI2109
2021-07-16 22:56:00,10744,10748,10735,10738,867,152284,94343750.0,OI2109
2021-07-16 22:57:00,10737,10746,10737,10742,761,152245,81381340.0,OI2109
2021-07-16 22:58:00,10742,10748,10741,10744,813,152044,86942220.0,OI2109
2021-07-16 22:59:00,10743,10755,10742,10749,1015,151631,110205430.0,OI2109
2021-07-19 09:00:00,10766,10795,10750,10785,5234,151900,563203640.0,OI2109
2021-07-19 09:01:00,10787,10787,10748,10757,3939,151320,423107890.0,OI2109
2021-07-19 09:02:00,10757,10790,10742,10767,5501,151575,592113120.0,OI2109
2021-07-19 09:03:00,10772,10782,10763,10779,1825,151688,197101320.0,OI2109
2021-07-19 09:04:00,10780,10790,10771,10783,1610,151869,174128520.0,OI2109
2021-07-19 09:05:00,10784,10795,10780,10790,1965,152134,212156370.0,OI2109
2021-07-19 09:06:00,10790,10790,10766,10771,1781,151973,190620430.0,OI2109
2021-07-19 09:07:00,10770,10780,10764,10777,1194,151999,129685640.0,OI2109
2021-07-19 09:08:00,10777,10789,10777,10778,1286,152023,137653440.0,OI2109
2021-07-19 09:09:00,10778,10779,10764,10772,1748,151924,189028080.0,OI2109
2021-07-19 09:10:00,10772,10780,10769,10777,1456,152104,155864800.0,OI2109
2021-07-19 09:11:00,10778,10788,10777,10786,1174,152078,127625160.0,OI2109
2021-07-19 09:12:00,10785,10786,10764,10772,1359,152177,145494540.0,OI2109
2021-07-19 09:13:00,10772,10783,10771,10778,1176,152241,127876370.0,OI2109
2021-07-19 09:14:00,10778,10786,10775,10780,1961,152262,211957690.0,OI2109
2021-07-19 09:15:00,10781,10783,10774,10779,1131,152215,121107480.0,OI2109
2021-07-19 09:16:00,10778,10793,10773,10793,1636,152310,177203970.0,OI2109
2021-07-19 09:17:00,10794,10809,10793,10804,3726,152731,401075690.0,OI2109
2021-07-19 09:18:00,10805,10806,10794,10799,1543,152801,167329080.0,OI2109
2021-07-19 09:19:00,10800,10800,10782,10789,2715,152945,292904580.0,OI2109
2021-07-19 09:20:00,10789,10797,10782,10784,2384,152966,257498850.0,OI2109
2021-07-19 09:21:00,10783,10801,10780,10787,3588,153011,386543090.0,OI2109
2021-07-19 09:22:00,10786,10790,10777,10783,2514,152815,271535750.0,OI2109
2021-07-19 09:23:00,10782,10797,10782,10797,1059,152793,113471850.0,OI2109
2021-07-19 09:24:00,10797,10797,10781,10787,1557,152743,169044500.0,OI2109
2021-07-19 09:25:00,10787,10788,10773,10777,1218,152644,130520880.0,OI2109
2021-07-19 09:26:00,10776,10780,10766,10768,1086,152559,116375760.0,OI2109
2021-07-19 09:27:00,10767,10768,10760,10762,1106,152514,120765010.0,OI2109
2021-07-19 09:28:00,10762,10762,10757,10762,1166,152526,124960220.0,OI2109
2021-07-19 09:29:00,10762,10762,10753,10755,1325,152490,142000250.0,OI2109
2021-07-19 09:30:00,10756,10757,10753,10757,1113,152584,119280210.0,OI2109
2021-07-19 09:31:00,10757,10759,10752,10758,839,152555,89915630.0,OI2109
2021-07-19 09:32:00,10759,10759,10743,10750,1170,152396,127691080.0,OI2109
2021-07-19 09:33:00,10749,10750,10738,10745,1512,152383,162056160.0,OI2109
2021-07-19 09:34:00,10744,10751,10741,10751,1219,152431,130652420.0,OI2109
2021-07-19 09:35:00,10751,10756,10744,10755,1265,152333,135582700.0,OI2109
2021-07-19 09:36:00,10756,10757,10740,10743,1502,152416,160984360.0,OI2109
2021-07-19 09:37:00,10743,10743,10721,10722,2214,152189,237296520.0,OI2109
2021-07-19 09:38:00,10724,10730,10709,10709,3741,151245,400960380.0,OI2109
2021-07-19 09:39:00,10709,10713,10703,10712,2789,150697,298925020.0,OI2109
2021-07-19 09:40:00,10711,10713,10705,10713,1639,150606,175668020.0,OI2109
2021-07-19 09:41:00,10712,10713,10708,10710,941,150563,100856380.0,OI2109
2021-07-19 09:42:00,10708,10713,10702,10711,1624,150339,174060320.0,OI2109
2021-07-19 09:43:00,10710,10710,10694,10700,2109,150280,226042620.0,OI2109
2021-07-19 09:44:00,10700,10710,10692,10707,1350,150285,144693000.0,OI2109
2021-07-19 09:45:00,10707,10717,10705,10715,1642,150289,175989560.0,OI2109
2021-07-19 09:46:00,10714,10738,10712,10737,2582,150051,276738760.0,OI2109
2021-07-19 09:47:00,10736,10737,10728,10730,1302,149888,139548360.0,OI2109
2021-07-19 09:48:00,10730,10744,10729,10742,1357,149827,145443260.0,OI2109
2021-07-19 09:49:00,10742,10745,10739,10743,713,149758,76419340.0,OI2109
2021-07-19 09:50:00,10743,10744,10733,10734,721,149762,77276780.0,OI2109
2021-07-19 09:51:00,10735,10739,10731,10735,593,149787,63557740.0,OI2109
2021-07-19 09:52:00,10736,10740,10733,10734,1367,150143,146515060.0,OI2109
2021-07-19 09:53:00,10733,10740,10729,10730,2385,150110,255624300.0,OI2109
2021-07-19 09:54:00,10729,10733,10727,10731,1177,150026,128810480.0,OI2109
2021-07-19 09:55:00,10732,10736,10729,10734,2068,150018,221668920.0,OI2109
2021-07-19 09:56:00,10733,10736,10726,10726,502,149990,53809380.0,OI2109
2021-07-19 09:57:00,10726,10727,10718,10726,1000,149947,107190000.0,OI2109
2021-07-19 09:58:00,10725,10725,10706,10711,1271,149951,136238490.0,OI2109
2021-07-19 09:59:00,10711,10714,10700,10705,1084,149903,116193960.0,OI2109
2021-07-19 10:00:00,10705,10712,10699,10711,1026,149994,109976940.0,OI2109
2021-07-19 10:01:00,10711,10722,10710,10719,797,149903,85430430.0,OI2109
2021-07-19 10:02:00,10719,10729,10718,10727,606,149865,64957140.0,OI2109
2021-07-19 10:03:00,10726,10728,10719,10722,674,149922,72246060.0,OI2109
2021-07-19 10:04:00,10721,10732,10721,10730,441,149969,47270790.0,OI2109
2021-07-19 10:05:00,10730,10731,10717,10717,623,149902,66779370.0,OI2109
2021-07-19 10:06:00,10716,10724,10707,10722,1800,149904,192942000.0,OI2109
2021-07-19 10:07:00,10721,10727,10718,10727,591,149943,63349290.0,OI2109
2021-07-19 10:08:00,10726,10729,10723,10724,739,149906,79213410.0,OI2109
2021-07-19 10:09:00,10725,10727,10717,10717,535,149896,57346650.0,OI2109
2021-07-19 10:10:00,10717,10717,10704,10706,739,149815,79213410.0,OI2109
2021-07-19 10:11:00,10705,10711,10698,10708,744,149894,79749360.0,OI2109
2021-07-19 10:12:00,10707,10708,10700,10700,717,149817,76855230.0,OI2109
2021-07-19 10:13:00,10700,10711,10693,10710,809,149829,83889430.0,OI2109
2021-07-19 10:14:00,10710,10713,10708,10711,321,149808,34404780.0,OI2109
2021-07-19 10:30:00,10715,10716,10708,10716,704,149946,75454720.0,OI2109
2021-07-19 10:31:00,10716,10721,10712,10717,571,149988,61199780.0,OI2109
2021-07-19 10:32:00,10717,10721,10709,10714,730,150095,78241400.0,OI2109
2021-07-19 10:33:00,10714,10720,10712,10717,292,150118,31296560.0,OI2109
2021-07-19 10:34:00,10719,10724,10717,10718,580,150058,62164400.0,OI2109
2021-07-19 10:35:00,10719,10719,10706,10713,796,149944,85315280.0,OI2109
2021-07-19 10:36:00,10713,10723,10713,10722,569,149969,60985420.0,OI2109
2021-07-19 10:37:00,10721,10722,10710,10712,453,150009,48552540.0,OI2109
2021-07-19 10:38:00,10712,10716,10709,10711,533,149954,57126940.0,OI2109
2021-07-19 10:39:00,10711,10712,10705,10705,519,149842,55626420.0,OI2109
2021-07-19 10:40:00,10704,10704,10697,10702,654,149768,70095720.0,OI2109
2021-07-19 10:41:00,10702,10704,10698,10700,615,149758,65915700.0,OI2109
2021-07-19 10:42:00,10700,10700,10694,10695,430,149828,46087400.0,OI2109
2021-07-19 10:43:00,10694,10705,10689,10704,1248,149930,133760640.0,OI2109
2021-07-19 10:44:00,10705,10705,10699,10702,444,149929,47587920.0,OI2109
2021-07-19 10:45:00,10701,10701,10685,10688,1030,149888,110395400.0,OI2109
2021-07-19 10:46:00,10687,10687,10662,10670,3091,149798,331293380.0,OI2109
2021-07-19 10:47:00,10671,10683,10669,10675,1973,149975,208483330.0,OI2109
2021-07-19 10:48:00,10675,10680,10670,10677,1179,149591,126353430.0,OI2109
2021-07-19 10:49:00,10676,10678,10672,10677,946,149832,101382820.0,OI2109
2021-07-19 10:50:00,10677,10681,10673,10675,1362,149603,145965540.0,OI2109
2021-07-19 10:51:00,10676,10678,10672,10675,1300,149488,139321000.0,OI2109
2021-07-19 10:52:00,10674,10675,10670,10671,375,149435,40188750.0,OI2109
2021-07-19 10:53:00,10670,10674,10666,10672,502,149462,50759890.0,OI2109
2021-07-19 10:54:00,10673,10679,10672,10679,669,149424,71690040.0,OI2109
2021-07-19 10:55:00,10679,10691,10679,10688,1116,149101,119590560.0,OI2109
2021-07-19 10:56:00,10688,10696,10688,10692,602,149057,64510320.0,OI2109
2021-07-19 10:57:00,10692,10703,10692,10703,672,148954,72011520.0,OI2109
2021-07-19 10:58:00,10703,10703,10695,10699,1004,148936,107588640.0,OI2109
2021-07-19 10:59:00,10699,10699,10690,10694,546,148900,58509360.0,OI2109
2021-07-19 11:00:00,10693,10694,10687,10688,530,148839,56794800.0,OI2109
2021-07-19 11:01:00,10688,10694,10683,10694,545,148787,58402200.0,OI2109
2021-07-19 11:02:00,10695,10710,10692,10705,1132,148695,121305120.0,OI2109
2021-07-19 11:03:00,10706,10710,10701,10704,2276,148734,243896160.0,OI2109
2021-07-19 11:04:00,10704,10708,10701,10707,800,148730,85728000.0,OI2109
2021-07-19 11:05:00,10708,10708,10693,10695,642,148717,68796720.0,OI2109
2021-07-19 11:06:00,10695,10695,10687,10687,592,148744,63438720.0,OI2109
2021-07-19 11:07:00,10685,10686,10673,10675,1421,148958,152274360.0,OI2109
2021-07-19 11:08:00,10676,10680,10672,10676,832,148990,85983880.0,OI2109
2021-07-19 11:09:00,10677,10683,10675,10681,443,148991,47467450.0,OI2109
2021-07-19 11:10:00,10680,10683,10674,10675,1103,148704,118186450.0,OI2109
2021-07-19 11:11:00,10676,10681,10675,10680,406,148788,43502900.0,OI2109
2021-07-19 11:12:00,10682,10684,10679,10681,411,148823,44038650.0,OI2109
2021-07-19 11:13:00,10681,10687,10677,10685,350,148834,37502500.0,OI2109
2021-07-19 11:14:00,10685,10689,10685,10687,319,148807,34180850.0,OI2109
2021-07-19 11:15:00,10686,10687,10681,10683,396,148814,42431400.0,OI2109
2021-07-19 11:16:00,10683,10689,10683,10687,295,148820,31609250.0,OI2109
2021-07-19 11:17:00,10686,10688,10681,10687,349,148886,37395350.0,OI2109
2021-07-19 11:18:00,10687,10695,10685,10685,510,148816,54646500.0,OI2109
2021-07-19 11:19:00,10685,10685,10678,10682,281,148864,30109150.0,OI2109
2021-07-19 11:20:00,10683,10685,10679,10679,182,148897,19501300.0,OI2109
2021-07-19 11:21:00,10680,10680,10675,10680,511,148928,54753650.0,OI2109
2021-07-19 11:22:00,10680,10680,10675,10676,502,148986,53789300.0,OI2109
2021-07-19 11:23:00,10676,10676,10672,10676,325,149004,34823750.0,OI2109
2021-07-19 11:24:00,10676,10676,10670,10670,398,149043,42645700.0,OI2109
2021-07-19 11:25:00,10670,10673,10670,10671,303,149068,32466450.0,OI2109
2021-07-19 11:26:00,10670,10670,10659,10661,1224,149122,131151600.0,OI2109
2021-07-19 11:27:00,10660,10672,10658,10667,536,148984,54170720.0,OI2109
2021-07-19 11:28:00,10667,10677,10666,10675,477,148910,51105780.0,OI2109
2021-07-19 11:29:00,10675,10675,10670,10673,369,148809,39534660.0,OI2109
2021-07-19 13:30:00,10686,10698,10686,10688,2034,149144,217922760.0,OI2109
2021-07-19 13:31:00,10688,10688,10670,10671,1354,149437,145067560.0,OI2109
2021-07-19 13:32:00,10669,10673,10665,10672,763,149645,81747820.0,OI2109
2021-07-19 13:33:00,10671,10672,10657,10661,967,149802,103604380.0,OI2109
2021-07-19 13:34:00,10662,10662,10656,10660,537,149836,57534180.0,OI2109
2021-07-19 13:35:00,10660,10667,10660,10666,509,149955,54534260.0,OI2109
2021-07-19 13:36:00,10666,10666,10656,10658,703,149958,75319420.0,OI2109
2021-07-19 13:37:00,10658,10663,10657,10661,379,149960,37263460.0,OI2109
2021-07-19 13:38:00,10661,10662,10656,10659,589,150095,63099570.0,OI2109
2021-07-19 13:39:00,10660,10666,10660,10664,537,150172,57528810.0,OI2109
2021-07-19 13:40:00,10664,10666,10659,10664,881,150432,94381530.0,OI2109
2021-07-19 13:41:00,10664,10665,10657,10661,812,150477,86989560.0,OI2109
2021-07-19 13:42:00,10662,10665,10657,10660,566,150540,60635580.0,OI2109
2021-07-19 13:43:00,10660,10663,10658,10660,393,150535,42102090.0,OI2109
2021-07-19 13:44:00,10660,10660,10652,10656,969,150513,103808970.0,OI2109
2021-07-19 13:45:00,10656,10666,10653,10663,790,150585,84632700.0,OI2109
2021-07-19 13:46:00,10664,10665,10653,10655,696,150637,71157550.0,OI2109
2021-07-19 13:47:00,10655,10655,10648,10650,921,150756,98657520.0,OI2109
2021-07-19 13:48:00,10649,10652,10646,10652,478,150810,51203360.0,OI2109
2021-07-19 13:49:00,10651,10658,10648,10657,612,150776,65557440.0,OI2109
2021-07-19 13:50:00,10656,10657,10651,10653,288,150803,30850560.0,OI2109
2021-07-19 13:51:00,10653,10665,10647,10660,768,150804,82268160.0,OI2109
2021-07-19 13:52:00,10660,10660,10650,10657,458,150703,49060960.0,OI2109
2021-07-19 13:53:00,10658,10661,10649,10659,538,150778,57630560.0,OI2109
2021-07-19 13:54:00,10659,10663,10656,10662,363,150786,38884560.0,OI2109
2021-07-19 13:55:00,10662,10670,10660,10662,740,150699,79268800.0,OI2109
2021-07-19 13:56:00,10662,10666,10661,10662,473,150741,50667760.0,OI2109
2021-07-19 13:57:00,10663,10663,10653,10658,480,150712,47951480.0,OI2109
2021-07-19 13:58:00,10657,10669,10657,10665,1261,151145,135065710.0,OI2109
2021-07-19 13:59:00,10664,10668,10662,10667,1218,151279,130459980.0,OI2109
2021-07-19 14:00:00,10667,10670,10664,10669,1328,150992,142242080.0,OI2109
2021-07-19 14:01:00,10669,10675,10669,10673,806,150873,86330660.0,OI2109
2021-07-19 14:02:00,10673,10680,10673,10677,996,150820,106681560.0,OI2109
2021-07-19 14:03:00,10676,10679,10675,10678,420,150821,44986200.0,OI2109
2021-07-19 14:04:00,10677,10680,10672,10672,429,150849,45950190.0,OI2109
2021-07-19 14:05:00,10672,10673,10663,10667,686,150775,73477460.0,OI2109
2021-07-19 14:06:00,10666,10666,10656,10658,520,150723,55697200.0,OI2109
2021-07-19 14:07:00,10659,10659,10652,10654,495,150822,49471740.0,OI2109
2021-07-19 14:08:00,10655,10659,10653,10657,417,150825,44660700.0,OI2109
2021-07-19 14:09:00,10658,10658,10649,10652,620,150870,66402000.0,OI2109
2021-07-19 14:10:00,10652,10652,10643,10650,1473,151005,157758300.0,OI2109
2021-07-19 14:11:00,10649,10655,10649,10654,718,151064,76897800.0,OI2109
2021-07-19 14:12:00,10654,10658,10653,10656,669,151186,71649900.0,OI2109
2021-07-19 14:13:00,10656,10659,10652,10654,631,151161,67580100.0,OI2109
2021-07-19 14:14:00,10653,10654,10650,10654,322,151163,34486200.0,OI2109
2021-07-19 14:15:00,10654,10656,10650,10655,361,151146,38663100.0,OI2109
2021-07-19 14:16:00,10654,10654,10645,10649,491,151027,52586100.0,OI2109
2021-07-19 14:17:00,10649,10649,10645,10646,220,151009,19955070.0,OI2109
2021-07-19 14:18:00,10646,10647,10626,10629,1606,150902,171986540.0,OI2109
2021-07-19 14:19:00,10629,10635,10628,10631,798,150866,85457820.0,OI2109
2021-07-19 14:20:00,10631,10639,10630,10631,721,150812,77211890.0,OI2109
2021-07-19 14:21:00,10631,10644,10630,10642,931,150912,99700790.0,OI2109
2021-07-19 14:22:00,10642,10649,10638,10644,545,150827,58364050.0,OI2109
2021-07-19 14:23:00,10644,10647,10641,10647,429,150888,42284380.0,OI2109
2021-07-19 14:24:00,10646,10651,10642,10644,651,150862,69709080.0,OI2109
2021-07-19 14:25:00,10645,10653,10643,10648,414,150936,44331120.0,OI2109
2021-07-19 14:26:00,10648,10653,10640,10642,520,150885,55681600.0,OI2109
2021-07-19 14:27:00,10641,10644,10641,10642,394,150904,42189520.0,OI2109
2021-07-19 14:28:00,10642,10643,10639,10640,286,150835,30624880.0,OI2109
2021-07-19 14:29:00,10639,10640,10632,10635,575,150899,61571000.0,OI2109
2021-07-19 14:30:00,10632,10635,10628,10629,1324,150658,141773920.0,OI2109
2021-07-19 14:31:00,10631,10640,10629,10640,809,150587,86627720.0,OI2109
2021-07-19 14:32:00,10640,10640,10633,10633,536,150607,53682560.0,OI2109
2021-07-19 14:33:00,10633,10635,10628,10630,518,150588,55462260.0,OI2109
2021-07-19 14:34:00,10631,10638,10630,10635,376,150566,40258320.0,OI2109
2021-07-19 14:35:00,10636,10636,10631,10634,314,150578,33619980.0,OI2109
2021-07-19 14:36:00,10635,10635,10628,10633,601,150522,64349070.0,OI2109
2021-07-19 14:37:00,10632,10640,10631,10639,461,150503,49359270.0,OI2109
2021-07-19 14:38:00,10638,10639,10631,10633,302,150532,32335140.0,OI2109
2021-07-19 14:39:00,10632,10640,10631,10639,369,150563,39508830.0,OI2109
2021-07-19 14:40:00,10637,10639,10633,10634,443,150469,47432010.0,OI2109
2021-07-19 14:41:00,10635,10642,10634,10636,642,150494,68738940.0,OI2109
2021-07-19 14:42:00,10635,10636,10618,10625,1579,150430,165295160.0,OI2109
2021-07-19 14:43:00,10625,10641,10625,10640,728,150354,77939680.0,OI2109
2021-07-19 14:44:00,10640,10645,10637,10644,587,150343,62844220.0,OI2109
2021-07-19 14:45:00,10643,10644,10639,10642,605,150336,64771300.0,OI2109
2021-07-19 14:46:00,10641,10645,10635,10645,762,150295,81579720.0,OI2109
2021-07-19 14:47:00,10645,10648,10640,10642,554,150269,59311240.0,OI2109
2021-07-19 14:48:00,10643,10643,10637,10641,518,150293,55457080.0,OI2109
2021-07-19 14:49:00,10640,10641,10627,10635,751,150262,80402060.0,OI2109
2021-07-19 14:50:00,10635,10641,10633,10639,605,150346,60951830.0,OI2109
2021-07-19 14:51:00,10638,10638,10630,10632,549,150278,58770450.0,OI2109
2021-07-19 14:52:00,10632,10634,10624,10628,841,150041,90029050.0,OI2109
2021-07-19 14:53:00,10628,10631,10624,10628,742,150023,79431100.0,OI2109
2021-07-19 14:54:00,10629,10631,10624,10626,730,149917,78146500.0,OI2109
2021-07-19 14:55:00,10629,10629,10624,10625,539,149775,57699950.0,OI2109
2021-07-19 14:56:00,10625,10628,10615,10615,1266,149566,131659160.0,OI2109
2021-07-19 14:57:00,10617,10627,10617,10623,805,149408,86167200.0,OI2109
2021-07-19 14:58:00,10623,10624,10617,10621,744,149243,79637760.0,OI2109
2021-07-19 14:59:00,10621,10625,10618,10622,1269,149015,135833760.0,OI2109
2021-07-19 21:00:00,10555,10580,10555,10572,5757,149485,608342190.0,OI2109
2021-07-19 21:01:00,10574,10593,10540,10547,5905,149526,623748110.0,OI2109
2021-07-19 21:02:00,10546,10568,10531,10554,5157,149496,543827910.0,OI2109
2021-07-19 21:03:00,10555,10569,10550,10556,2600,149443,274534000.0,OI2109
2021-07-19 21:04:00,10556,10556,10541,10544,1907,149478,201146870.0,OI2109
2021-07-19 21:05:00,10545,10557,10525,10530,4129,149943,435176170.0,OI2109
2021-07-19 21:06:00,10529,10529,10512,10515,3773,150420,396778750.0,OI2109
2021-07-19 21:07:00,10513,10518,10505,10514,2591,150556,272395930.0,OI2109
2021-07-19 21:08:00,10513,10513,10490,10491,2748,150601,288448880.0,OI2109
2021-07-19 21:09:00,10493,10497,10484,10493,2654,150789,278322380.0,OI2109
2021-07-19 21:10:00,10494,10501,10490,10497,1956,150859,205359300.0,OI2109
2021-07-19 21:11:00,10496,10511,10494,10503,2278,150633,239203760.0,OI2109
2021-07-19 21:12:00,10503,10510,10498,10510,1506,150738,158227490.0,OI2109
2021-07-19 21:13:00,10512,10512,10503,10510,1498,150654,157354730.0,OI2109
2021-07-19 21:14:00,10510,10510,10500,10501,1285,150617,135349050.0,OI2109
2021-07-19 21:15:00,10501,10508,10499,10506,995,150550,104335960.0,OI2109
2021-07-19 21:16:00,10507,10512,10501,10509,1189,150527,124746200.0,OI2109
2021-07-19 21:17:00,10510,10514,10504,10504,1407,150247,148171170.0,OI2109
2021-07-19 21:18:00,10504,10511,10500,10510,1432,150362,150296250.0,OI2109
2021-07-19 21:19:00,10510,10512,10502,10506,1098,150199,115100750.0,OI2109
2021-07-19 21:20:00,10506,10506,10497,10502,1203,150353,126663870.0,OI2109
2021-07-19 21:21:00,10502,10520,10501,10515,1918,150192,201396360.0,OI2109
2021-07-19 21:22:00,10514,10532,10514,10529,2017,150014,212349760.0,OI2109
2021-07-19 21:23:00,10529,10529,10520,10523,1211,149898,127494080.0,OI2109
2021-07-19 21:24:00,10522,10544,10522,10542,2310,149975,243196800.0,OI2109
2021-07-19 21:25:00,10540,10551,10536,10550,1663,149966,175702510.0,OI2109
2021-07-19 21:26:00,10549,10556,10546,10548,2567,149898,270926970.0,OI2109
2021-07-19 21:27:00,10548,10551,10546,10549,2134,149741,224710200.0,OI2109
2021-07-19 21:28:00,10550,10560,10548,10560,1505,149750,159160430.0,OI2109
2021-07-19 21:29:00,10558,10561,10556,10560,1504,149718,158386240.0,OI2109
2021-07-19 21:30:00,10560,10572,10553,10572,3810,149793,402705240.0,OI2109
2021-07-19 21:31:00,10572,10588,10572,10585,3936,150052,416131740.0,OI2109
2021-07-19 21:32:00,10585,10591,10578,10578,3043,150154,322193770.0,OI2109
2021-07-19 21:33:00,10579,10580,10562,10563,2364,149788,249925180.0,OI2109
2021-07-19 21:34:00,10562,10562,10553,10555,2299,149747,243122110.0,OI2109
2021-07-19 21:35:00,10555,10562,10552,10553,1846,149775,194549940.0,OI2109
2021-07-19 21:36:00,10553,10557,10550,10557,1594,149992,167991660.0,OI2109
2021-07-19 21:37:00,10557,10559,10549,10551,1068,150120,113455090.0,OI2109
2021-07-19 21:38:00,10551,10574,10551,10571,1967,150317,207321800.0,OI2109
2021-07-19 21:39:00,10571,10578,10570,10572,1332,150504,141324360.0,OI2109
2021-07-19 21:40:00,10572,10579,10569,10578,1333,150661,140511530.0,OI2109
2021-07-19 21:41:00,10578,10579,10559,10559,2289,150502,242251270.0,OI2109
2021-07-19 21:42:00,10557,10568,10555,10567,1204,150541,126925680.0,OI2109
2021-07-19 21:43:00,10567,10573,10565,10571,880,150555,92769600.0,OI2109
2021-07-19 21:44:00,10571,10577,10570,10570,813,150644,85706460.0,OI2109
2021-07-19 21:45:00,10571,10589,10570,10589,1760,150721,186553550.0,OI2109
2021-07-19 21:46:00,10587,10588,10583,10586,1191,150832,126593390.0,OI2109
2021-07-19 21:47:00,10586,10587,10580,10586,870,150916,91732800.0,OI2109
2021-07-19 21:48:00,10586,10593,10583,10590,1398,150992,147405120.0,OI2109
2021-07-19 21:49:00,10590,10598,10589,10591,1179,151051,125374490.0,OI2109
2021-07-19 21:50:00,10591,10591,10581,10582,1252,151080,132023400.0,OI2109
2021-07-19 21:51:00,10583,10584,10575,10580,1482,151033,157364970.0,OI2109
2021-07-19 21:52:00,10580,10581,10577,10581,610,151045,64330600.0,OI2109
2021-07-19 21:53:00,10581,10582,10571,10576,2840,151188,300628970.0,OI2109
2021-07-19 21:54:00,10576,10578,10560,10563,2823,150992,297741810.0,OI2109
2021-07-19 21:55:00,10562,10570,10561,10567,2212,151066,234472560.0,OI2109
2021-07-19 21:56:00,10568,10571,10566,10567,2164,151297,228258720.0,OI2109
2021-07-19 21:57:00,10568,10573,10565,10567,4055,151390,428956510.0,OI2109
2021-07-19 21:58:00,10568,10571,10567,10568,2100,151454,221529000.0,OI2109
2021-07-19 21:59:00,10566,10566,10554,10560,2497,151363,263408530.0,OI2109
2021-07-19 22:00:00,10560,10567,10559,10560,1714,151096,182108080.0,OI2109
2021-07-19 22:01:00,10561,10563,10559,10559,1083,151171,114256500.0,OI2109
2021-07-19 22:02:00,10560,10561,10545,10547,1808,151157,190744000.0,OI2109
2021-07-19 22:03:00,10546,10546,10516,10520,3629,151309,381496080.0,OI2109
2021-07-19 22:04:00,10520,10529,10519,10524,2695,150717,284295550.0,OI2109
2021-07-19 22:05:00,10524,10526,10519,10524,1867,150569,195540790.0,OI2109
2021-07-19 22:06:00,10526,10526,10519,10519,1550,151000,163494000.0,OI2109
2021-07-19 22:07:00,10521,10521,10502,10503,2670,151534,280180360.0,OI2109
2021-07-19 22:08:00,10503,10508,10485,10491,2713,151650,284661740.0,OI2109
2021-07-19 22:09:00,10491,10506,10490,10499,3797,151376,398915280.0,OI2109
2021-07-19 22:10:00,10498,10503,10493,10500,2446,151717,256389900.0,OI2109
2021-07-19 22:11:00,10502,10502,10484,10489,2488,151748,260769040.0,OI2109
2021-07-19 22:12:00,10489,10495,10487,10492,2948,150961,309212480.0,OI2109
2021-07-19 22:13:00,10493,10497,10489,10497,1501,150703,158235420.0,OI2109
2021-07-19 22:14:00,10496,10500,10484,10487,1457,150714,153596940.0,OI2109
2021-07-19 22:15:00,10485,10495,10472,10489,2414,150662,252835000.0,OI2109
2021-07-19 22:16:00,10487,10502,10485,10496,1297,150615,135054920.0,OI2109
2021-07-19 22:17:00,10496,10501,10492,10498,1001,150614,105505400.0,OI2109
2021-07-19 22:18:00,10498,10499,10492,10492,647,150624,68193800.0,OI2109
2021-07-19 22:19:00,10492,10500,10487,10498,953,150700,100446200.0,OI2109
2021-07-19 22:20:00,10497,10501,10493,10501,891,150640,92214630.0,OI2109
2021-07-19 22:21:00,10501,10501,10486,10495,1004,150490,105811560.0,OI2109
2021-07-19 22:22:00,10498,10498,10490,10495,564,150485,59439960.0,OI2109
2021-07-19 22:23:00,10495,10512,10494,10511,1414,150237,149021460.0,OI2109
2021-07-19 22:24:00,10512,10515,10508,10514,948,150116,99909720.0,OI2109
2021-07-19 22:25:00,10515,10515,10508,10510,1048,149956,108702170.0,OI2109
2021-07-19 22:26:00,10511,10514,10507,10513,830,149897,87465400.0,OI2109
2021-07-19 22:27:00,10513,10524,10510,10521,1297,149789,136677860.0,OI2109
2021-07-19 22:28:00,10521,10523,10508,10510,1037,149827,109279060.0,OI2109
2021-07-19 22:29:00,10510,10518,10508,10515,561,149811,59118180.0,OI2109
2021-07-19 22:30:00,10515,10516,10511,10514,438,149851,46156440.0,OI2109
2021-07-19 22:31:00,10514,10517,10512,10515,448,149828,47210240.0,OI2109
2021-07-19 22:32:00,10516,10529,10516,10527,1089,149538,114758820.0,OI2109
2021-07-19 22:33:00,10529,10537,10526,10534,1667,149238,175668460.0,OI2109
2021-07-19 22:34:00,10533,10542,10532,10539,1073,149401,113072740.0,OI2109
2021-07-19 22:35:00,10540,10548,10539,10548,1656,149200,174509280.0,OI2109
2021-07-19 22:36:00,10548,10548,10538,10541,992,149195,104536960.0,OI2109
2021-07-19 22:37:00,10541,10545,10538,10542,468,149265,49317840.0,OI2109
2021-07-19 22:38:00,10542,10543,10528,10529,812,149256,85568560.0,OI2109
2021-07-19 22:39:00,10531,10538,10531,10537,488,149375,51425440.0,OI2109
2021-07-19 22:40:00,10537,10537,10526,10526,710,149298,74819800.0,OI2109
2021-07-19 22:41:00,10525,10542,10525,10538,888,149351,93577440.0,OI2109
2021-07-19 22:42:00,10538,10542,10533,10539,451,149368,47526380.0,OI2109
2021-07-19 22:43:00,10539,10544,10538,10541,1190,149832,125402200.0,OI2109
2021-07-19 22:44:00,10540,10546,10538,10539,1123,149549,118341740.0,OI2109
2021-07-19 22:45:00,10539,10545,10536,10544,437,149543,46051060.0,OI2109
2021-07-19 22:46:00,10545,10545,10540,10541,236,149541,24869680.0,OI2109
2021-07-19 22:47:00,10541,10541,10537,10538,229,149530,24132020.0,OI2109
2021-07-19 22:48:00,10537,10549,10536,10549,542,149483,57115960.0,OI2109
2021-07-19 22:49:00,10549,10549,10539,10539,404,149436,42573520.0,OI2109
2021-07-19 22:50:00,10539,10541,10529,10532,729,149357,76822020.0,OI2109
2021-07-19 22:51:00,10532,10543,10531,10542,681,149408,71763780.0,OI2109
2021-07-19 22:52:00,10543,10545,10541,10541,670,149522,70604600.0,OI2109
2021-07-19 22:53:00,10541,10544,10539,10544,329,149518,34670020.0,OI2109
2021-07-19 22:54:00,10544,10545,10539,10542,538,149541,56694440.0,OI2109
2021-07-19 22:55:00,10542,10548,10542,10547,705,149631,74292900.0,OI2109
2021-07-19 22:56:00,10547,10547,10538,10541,479,149601,50477020.0,OI2109
2021-07-19 22:57:00,10541,10543,10530,10533,599,149475,63122620.0,OI2109
2021-07-19 22:58:00,10533,10533,10519,10519,819,149196,86306220.0,OI2109
2021-07-19 22:59:00,10519,10546,10516,10545,1373,148641,144686740.0,OI2109
2021-07-20 09:00:00,10545,10580,10545,10573,3605,148450,379894900.0,OI2109
2021-07-20 09:01:00,10571,10571,10566,10566,1692,148449,178302960.0,OI2109
2021-07-20 09:02:00,10567,10567,10545,10549,1713,148573,182592470.0,OI2109
2021-07-20 09:03:00,10549,10552,10545,10551,1139,148539,120039210.0,OI2109
2021-07-20 09:04:00,10550,10550,10531,10538,1553,148754,163670670.0,OI2109
2021-07-20 09:05:00,10536,10538,10531,10536,1416,148975,149232240.0,OI2109
2021-07-20 09:06:00,10537,10538,10533,10534,873,149182,92005470.0,OI2109
2021-07-20 09:07:00,10534,10551,10533,10547,2002,149302,210990780.0,OI2109
2021-07-20 09:08:00,10547,10558,10540,10554,3705,149426,390469950.0,OI2109
2021-07-20 09:09:00,10554,10559,10545,10546,1896,148835,199819440.0,OI2109
2021-07-20 09:10:00,10547,10548,10533,10533,1034,148730,108973260.0,OI2109
2021-07-20 09:11:00,10534,10548,10529,10547,1690,148668,178109100.0,OI2109
2021-07-20 09:12:00,10548,10558,10547,10553,942,148571,99277380.0,OI2109
2021-07-20 09:13:00,10553,10553,10543,10544,868,148482,91478520.0,OI2109
2021-07-20 09:14:00,10544,10545,10537,10538,702,148522,73983780.0,OI2109
2021-07-20 09:15:00,10538,10543,10535,10543,932,148500,98223480.0,OI2109
2021-07-20 09:16:00,10542,10553,10539,10551,842,148441,88738380.0,OI2109
2021-07-20 09:17:00,10550,10561,10550,10560,1357,148530,143014230.0,OI2109
2021-07-20 09:18:00,10561,10561,10553,10560,763,148528,80412570.0,OI2109
2021-07-20 09:19:00,10559,10564,10558,10563,658,148525,69346620.0,OI2109
2021-07-20 09:20:00,10563,10567,10562,10566,921,148548,97064190.0,OI2109
2021-07-20 09:21:00,10566,10566,10555,10555,922,148489,99488260.0,OI2109
2021-07-20 09:22:00,10556,10562,10551,10558,617,148490,65031800.0,OI2109
2021-07-20 09:23:00,10559,10563,10547,10550,760,148397,80104000.0,OI2109
2021-07-20 09:24:00,10550,10551,10542,10543,846,148437,89168400.0,OI2109
2021-07-20 09:25:00,10544,10547,10541,10543,752,148501,79260800.0,OI2109
2021-07-20 09:26:00,10545,10546,10537,10539,855,148426,90117000.0,OI2109
2021-07-20 09:27:00,10539,10540,10533,10534,717,148408,75571800.0,OI2109
2021-07-20 09:28:00,10534,10542,10526,10536,3199,148185,337174600.0,OI2109
2021-07-20 09:29:00,10534,10536,10528,10535,2933,148202,306712730.0,OI2109
2021-07-20 09:30:00,10536,10546,10532,10545,953,148072,100436670.0,OI2109
2021-07-20 09:31:00,10545,10557,10544,10556,1097,147928,118058800.0,OI2109
2021-07-20 09:32:00,10555,10562,10550,10557,3848,148681,405579200.0,OI2109
2021-07-20 09:33:00,10557,10559,10552,10559,2141,148566,225661400.0,OI2109
2021-07-20 09:34:00,10558,10572,10558,10572,3218,148632,339177200.0,OI2109
2021-07-20 09:35:00,10571,10594,10570,10592,3616,148611,383700600.0,OI2109
2021-07-20 09:36:00,10590,10592,10581,10583,3344,148338,352491040.0,OI2109
2021-07-20 09:37:00,10583,10585,10579,10582,1022,148309,110346880.0,OI2109
2021-07-20 09:38:00,10583,10583,10575,10576,678,148228,71474760.0,OI2109
2021-07-20 09:39:00,10576,10583,10574,10579,780,148141,82227600.0,OI2109
2021-07-20 09:40:00,10579,10580,10570,10573,683,148078,72001860.0,OI2109
2021-07-20 09:41:00,10572,10579,10572,10575,422,148084,44487240.0,OI2109
2021-07-20 09:42:00,10575,10575,10563,10563,890,148027,93823800.0,OI2109
2021-07-20 09:43:00,10564,10567,10561,10561,611,147957,64411620.0,OI2109
2021-07-20 09:44:00,10562,10564,10558,10558,766,147918,80751720.0,OI2109
2021-07-20 09:45:00,10558,10558,10547,10553,1341,147987,141368220.0,OI2109
2021-07-20 09:46:00,10553,10569,10549,10569,1061,147889,111850620.0,OI2109
2021-07-20 09:47:00,10569,10569,10559,10561,735,147910,77483700.0,OI2109
2021-07-20 09:48:00,10561,10563,10554,10557,567,147884,59773140.0,OI2109
2021-07-20 09:49:00,10556,10556,10547,10550,647,147885,68206740.0,OI2109
2021-07-20 09:50:00,10550,10556,10545,10554,889,147920,93718380.0,OI2109
2021-07-20 09:51:00,10554,10556,10546,10552,587,147957,61881540.0,OI2109
2021-07-20 09:52:00,10550,10551,10545,10549,615,147944,64833300.0,OI2109
2021-07-20 09:53:00,10549,10553,10547,10549,738,147902,77799960.0,OI2109
2021-07-20 09:54:00,10549,10557,10547,10553,723,147891,76218660.0,OI2109
2021-07-20 09:55:00,10554,10556,10550,10555,2193,148099,231186060.0,OI2109
2021-07-20 09:56:00,10554,10557,10549,10551,2081,148073,222166950.0,OI2109
2021-07-20 09:57:00,10551,10553,10546,10549,2120,147860,223511600.0,OI2109
2021-07-20 09:58:00,10550,10550,10544,10546,2069,147821,218134670.0,OI2109
2021-07-20 09:59:00,10546,10546,10536,10538,1117,147618,117765310.0,OI2109
2021-07-20 10:00:00,10539,10547,10535,10543,1188,147638,125250840.0,OI2109
2021-07-20 10:01:00,10542,10549,10541,10548,629,147586,66315470.0,OI2109
2021-07-20 10:02:00,10550,10554,10546,10547,694,147545,73168420.0,OI2109
2021-07-20 10:03:00,10548,10550,10540,10542,772,147712,81391960.0,OI2109
2021-07-20 10:04:00,10542,10544,10538,10540,521,147730,54929030.0,OI2109
2021-07-20 10:05:00,10539,10543,10538,10541,2587,147815,272747410.0,OI2109
2021-07-20 10:06:00,10540,10542,10533,10540,950,147771,100158500.0,OI2109
2021-07-20 10:07:00,10540,10545,10538,10541,486,147766,51238980.0,OI2109
2021-07-20 10:08:00,10541,10543,10535,10537,592,147682,62414560.0,OI2109
2021-07-20 10:09:00,10537,10543,10536,10540,397,147611,41855710.0,OI2109
2021-07-20 10:10:00,10541,10541,10536,10539,432,147535,45545760.0,OI2109
2021-07-20 10:11:00,10538,10542,10538,10542,209,147504,22034870.0,OI2109
2021-07-20 10:12:00,10541,10546,10539,10543,401,147480,42277430.0,OI2109
2021-07-20 10:13:00,10543,10547,10542,10546,384,147415,40485120.0,OI2109
2021-07-20 10:14:00,10546,10546,10538,10539,246,147392,25935780.0,OI2109
2021-07-20 10:30:00,10540,10545,10535,10540,1309,147317,138007870.0,OI2109
2021-07-20 10:31:00,10540,10541,10535,10537,890,147279,93832700.0,OI2109
2021-07-20 10:32:00,10536,10541,10535,10539,512,147199,53980160.0,OI2109
2021-07-20 10:33:00,10540,10547,10539,10543,575,147213,60622250.0,OI2109
2021-07-20 10:34:00,10542,10543,10529,10535,945,147156,99631350.0,OI2109
2021-07-20 10:35:00,10535,10541,10534,10540,524,147126,55245320.0,OI2109
2021-07-20 10:36:00,10541,10541,10536,10538,327,147150,34475610.0,OI2109
2021-07-20 10:37:00,10538,10544,10534,10540,736,147240,77596480.0,OI2109
2021-07-20 10:38:00,10539,10543,10530,10535,675,147255,71165250.0,OI2109
2021-07-20 10:39:00,10533,10540,10533,10539,517,147339,54507310.0,OI2109
2021-07-20 10:40:00,10539,10542,10535,10540,434,147276,45756620.0,OI2109
2021-07-20 10:41:00,10539,10548,10539,10546,731,147279,77069330.0,OI2109
2021-07-20 10:42:00,10545,10552,10542,10551,901,147240,94992430.0,OI2109
2021-07-20 10:43:00,10551,10555,10548,10555,681,147198,71797830.0,OI2109
2021-07-20 10:44:00,10555,10560,10553,10553,673,147049,70954390.0,OI2109
2021-07-20 10:45:00,10554,10554,10547,10550,461,147029,48603230.0,OI2109
2021-07-20 10:46:00,10550,10551,10545,10551,280,147068,29520400.0,OI2109
2021-07-20 10:47:00,10550,10556,10547,10554,406,147110,42804580.0,OI2109
2021-07-20 10:48:00,10555,10557,10549,10551,335,147136,35319050.0,OI2109
2021-07-20 10:49:00,10551,10554,10548,10548,294,147179,30996420.0,OI2109
2021-07-20 10:50:00,10548,10565,10547,10564,1348,147286,142119640.0,OI2109
2021-07-20 10:51:00,10564,10570,10564,10568,670,147239,70638100.0,OI2109
2021-07-20 10:52:00,10569,10578,10568,10576,1536,147169,161940480.0,OI2109
2021-07-20 10:53:00,10576,10580,10574,10577,1076,147152,113442680.0,OI2109
2021-07-20 10:54:00,10577,10577,10571,10571,1158,146871,122087940.0,OI2109
2021-07-20 10:55:00,10572,10580,10572,10578,659,146833,69478370.0,OI2109
2021-07-20 10:56:00,10579,10584,10578,10581,683,146696,72008690.0,OI2109
2021-07-20 10:57:00,10581,10589,10580,10586,1056,146676,111334080.0,OI2109
2021-07-20 10:58:00,10587,10610,10587,10609,2682,147246,285939870.0,OI2109
2021-07-20 10:59:00,10609,10632,10609,10628,2539,147580,270914160.0,OI2109
2021-07-20 11:00:00,10628,10630,10620,10622,2487,146983,262254150.0,OI2109
2021-07-20 11:01:00,10622,10628,10622,10626,810,147102,85414500.0,OI2109
2021-07-20 11:02:00,10626,10642,10626,10639,1716,147389,184204330.0,OI2109
2021-07-20 11:03:00,10640,10648,10639,10644,1362,147310,143636520.0,OI2109
2021-07-20 11:04:00,10644,10646,10638,10643,1036,147334,112532670.0,OI2109
2021-07-20 11:05:00,10643,10653,10643,10652,1031,147508,108739570.0,OI2109
2021-07-20 11:06:00,10651,10658,10650,10657,1042,147566,109899740.0,OI2109
2021-07-20 11:07:00,10656,10659,10652,10652,1459,147432,157192160.0,OI2109
2021-07-20 11:08:00,10652,10663,10652,10655,1450,147612,152946000.0,OI2109
2021-07-20 11:09:00,10654,10659,10653,10653,2306,147979,246585870.0,OI2109
2021-07-20 11:10:00,10654,10657,10650,10653,1836,147710,193679640.0,OI2109
2021-07-20 11:11:00,10654,10665,10654,10665,1013,147903,110238850.0,OI2109
2021-07-20 11:12:00,10667,10687,10667,10682,2815,147990,300388130.0,OI2109
2021-07-20 11:13:00,10681,10686,10680,10680,1098,148173,115849980.0,OI2109
2021-07-20 11:14:00,10681,10686,10679,10686,756,148185,83189730.0,OI2109
2021-07-20 11:15:00,10686,10693,10675,10676,1995,147694,210512400.0,OI2109
2021-07-20 11:16:00,10676,10681,10675,10679,1249,147481,135251090.0,OI2109
2021-07-20 11:17:00,10679,10681,10676,10676,538,147535,56775140.0,OI2109
2021-07-20 11:18:00,10677,10691,10676,10687,955,147730,100781150.0,OI2109
2021-07-20 11:19:00,10688,10705,10687,10694,2220,147522,237770340.0,OI2109
2021-07-20 11:20:00,10694,10696,10682,10687,1519,147390,163824190.0,OI2109
2021-07-20 11:21:00,10688,10688,10677,10681,1117,147285,117899350.0,OI2109
2021-07-20 11:22:00,10681,10682,10672,10676,1096,147024,119213860.0,OI2109
2021-07-20 11:23:00,10677,10686,10676,10680,712,146935,75158720.0,OI2109
2021-07-20 11:24:00,10681,10685,10676,10682,661,146809,69775160.0,OI2109
2021-07-20 11:25:00,10682,10685,10672,10676,829,146810,87509240.0,OI2109
2021-07-20 11:26:00,10676,10692,10675,10691,762,146833,83997420.0,OI2109
2021-07-20 11:27:00,10690,10694,10679,10682,670,146761,70731900.0,OI2109
2021-07-20 11:28:00,10683,10687,10680,10687,1583,146821,167117310.0,OI2109
2021-07-20 11:29:00,10688,10692,10687,10688,804,146589,88469550.0,OI2109
2021-07-20 13:30:00,10678,10679,10666,10668,1677,146461,177057660.0,OI2109
2021-07-20 13:31:00,10668,10684,10667,10682,938,146542,102651460.0,OI2109
2021-07-20 13:32:00,10683,10692,10680,10689,731,146736,77186290.0,OI2109
2021-07-20 13:33:00,10691,10697,10689,10691,651,146825,68739090.0,OI2109
2021-07-20 13:34:00,10691,10692,10685,10690,482,146931,50894380.0,OI2109
2021-07-20 13:35:00,10690,10708,10690,10703,1454,147017,157178460.0,OI2109
2021-07-20 13:36:00,10703,10716,10703,10711,1362,147143,143827200.0,OI2109
2021-07-20 13:37:00,10711,10714,10705,10706,1050,147185,114554720.0,OI2109
2021-07-20 13:38:00,10706,10713,10704,10711,786,147336,83009460.0,OI2109
2021-07-20 13:39:00,10713,10718,10711,10711,1025,147614,111943080.0,OI2109
2021-07-20 13:40:00,10711,10717,10711,10716,706,147764,74567720.0,OI2109
2021-07-20 13:41:00,10717,10718,10705,10708,1440,147733,152092800.0,OI2109
2021-07-20 13:42:00,10707,10710,10700,10706,1023,147690,111773780.0,OI2109
2021-07-20 13:43:00,10706,10713,10705,10706,951,147875,100454130.0,OI2109
2021-07-20 13:44:00,10706,10710,10698,10707,1180,147920,128389230.0,OI2109
2021-07-20 13:45:00,10708,10711,10706,10708,700,147981,73948000.0,OI2109
2021-07-20 13:46:00,10709,10711,10704,10704,439,148005,46375960.0,OI2109
2021-07-20 13:47:00,10705,10705,10700,10700,516,148018,54510240.0,OI2109
2021-07-20 13:48:00,10701,10701,10695,10697,791,147999,87331530.0,OI2109
2021-07-20 13:49:00,10696,10698,10692,10692,653,147967,68989450.0,OI2109
2021-07-20 13:50:00,10692,10700,10691,10696,726,147945,76701900.0,OI2109
2021-07-20 13:51:00,10696,10705,10696,10697,397,147915,41943050.0,OI2109
2021-07-20 13:52:00,10698,10698,10688,10690,725,147916,76596250.0,OI2109
2021-07-20 13:53:00,10690,10704,10690,10704,565,147948,63493200.0,OI2109
2021-07-20 13:54:00,10704,10712,10704,10710,835,147971,88226100.0,OI2109
2021-07-20 13:55:00,10710,10710,10702,10702,455,148022,48075300.0,OI2109
2021-07-20 13:56:00,10702,10711,10702,10710,499,148171,52724340.0,OI2109
2021-07-20 13:57:00,10712,10715,10710,10714,1125,148041,122697590.0,OI2109
2021-07-20 13:58:00,10714,10716,10713,10715,1129,148102,119301430.0,OI2109
2021-07-20 13:59:00,10715,10720,10714,10717,1026,148221,112269060.0,OI2109
2021-07-20 14:00:00,10715,10720,10714,10719,1061,148288,112126480.0,OI2109
2021-07-20 14:01:00,10719,10722,10715,10716,819,148333,86551920.0,OI2109
2021-07-20 14:02:00,10718,10723,10717,10720,1353,148742,146869010.0,OI2109
2021-07-20 14:03:00,10721,10724,10716,10721,1721,148323,181892490.0,OI2109
2021-07-20 14:04:00,10722,10734,10721,10730,1471,148413,159385880.0,OI2109
2021-07-20 14:05:00,10730,10739,10730,10738,1287,148507,139964660.0,OI2109
2021-07-20 14:06:00,10739,10747,10738,10746,1546,148849,163427660.0,OI2109
2021-07-20 14:07:00,10747,10752,10743,10745,1293,149025,140640180.0,OI2109
2021-07-20 14:08:00,10746,10748,10740,10741,863,148951,91236360.0,OI2109
2021-07-20 14:09:00,10742,10746,10742,10744,735,148951,81677330.0,OI2109
2021-07-20 14:10:00,10744,10752,10744,10749,1474,149432,155846020.0,OI2109
2021-07-20 14:11:00,10749,10751,10745,10745,682,149593,76102550.0,OI2109
2021-07-20 14:12:00,10746,10752,10746,10751,704,149574,74440960.0,OI2109
2021-07-20 14:13:00,10750,10754,10749,10749,669,149726,70740060.0,OI2109
2021-07-20 14:14:00,10750,10750,10744,10746,723,149678,76450020.0,OI2109
2021-07-20 14:15:00,10746,10749,10741,10748,863,149578,95277900.0,OI2109
2021-07-20 14:16:00,10748,10751,10746,10747,845,149352,89358750.0,OI2109
2021-07-20 14:17:00,10747,10747,10741,10744,443,149360,46847250.0,OI2109
2021-07-20 14:18:00,10745,10747,10740,10747,639,149401,71617800.0,OI2109
2021-07-20 14:19:00,10746,10748,10744,10746,530,149455,56052800.0,OI2109
2021-07-20 14:20:00,10746,10758,10746,10752,1734,149659,187454030.0,OI2109
2021-07-20 14:21:00,10753,10756,10750,10756,433,149703,45798410.0,OI2109
2021-07-20 14:22:00,10755,10756,10742,10747,767,149653,81125590.0,OI2109
2021-07-20 14:23:00,10748,10750,10746,10749,296,149659,31307920.0,OI2109
2021-07-20 14:24:00,10749,10753,10748,10748,527,149772,55740790.0,OI2109
2021-07-20 14:25:00,10749,10755,10749,10753,402,149897,46609980.0,OI2109
2021-07-20 14:26:00,10753,10755,10751,10753,877,150097,92769060.0,OI2109
2021-07-20 14:27:00,10753,10755,10751,10754,930,150093,98375400.0,OI2109
2021-07-20 14:28:00,10754,10756,10752,10756,522,150145,59330890.0,OI2109
2021-07-20 14:29:00,10756,10763,10755,10755,1762,150263,186401980.0,OI2109
2021-07-20 14:30:00,10755,10758,10753,10757,1176,150081,128552150.0,OI2109
2021-07-20 14:31:00,10758,10762,10758,10758,1017,150054,107598600.0,OI2109
2021-07-20 14:32:00,10758,10767,10756,10761,1481,150254,160857890.0,OI2109
2021-07-20 14:33:00,10762,10767,10761,10765,1186,150326,125490660.0,OI2109
2021-07-20 14:34:00,10765,10768,10765,10767,844,150322,93492030.0,OI2109
2021-07-20 14:35:00,10767,10768,10755,10758,1212,150153,128253840.0,OI2109
2021-07-20 14:36:00,10758,10766,10758,10764,726,150224,81033090.0,OI2109
2021-07-20 14:37:00,10765,10766,10761,10763,370,150303,39157100.0,OI2109
2021-07-20 14:38:00,10763,10768,10757,10758,777,150341,82229910.0,OI2109
2021-07-20 14:39:00,10759,10766,10759,10762,696,150358,73657680.0,OI2109
2021-07-20 14:40:00,10762,10766,10756,10763,894,150549,98847160.0,OI2109
2021-07-20 14:41:00,10763,10767,10763,10765,1792,150458,193918340.0,OI2109
2021-07-20 14:42:00,10765,10768,10764,10765,552,150392,58429200.0,OI2109
2021-07-20 14:43:00,10765,10768,10763,10763,338,150351,35777300.0,OI2109
2021-07-20 14:44:00,10763,10764,10758,10764,749,150222,79281650.0,OI2109
2021-07-20 14:45:00,10764,10767,10761,10763,767,150216,85464070.0,OI2109
2021-07-20 14:46:00,10762,10762,10759,10760,700,150164,74102000.0,OI2109
2021-07-20 14:47:00,10760,10761,10755,10756,937,150099,99190820.0,OI2109
2021-07-20 14:48:00,10756,10758,10753,10755,995,149953,109634140.0,OI2109
2021-07-20 14:49:00,10756,10757,10750,10751,1750,149537,185272500.0,OI2109
2021-07-20 14:50:00,10751,10762,10748,10761,1659,149666,179975860.0,OI2109
2021-07-20 14:51:00,10761,10774,10760,10768,1071,149622,113397480.0,OI2109
2021-07-20 14:52:00,10769,10770,10764,10765,560,149611,63646640.0,OI2109
2021-07-20 14:53:00,10766,10768,10761,10761,456,149638,48285840.0,OI2109
2021-07-20 14:54:00,10762,10767,10760,10763,893,149779,94559770.0,OI2109
2021-07-20 14:55:00,10763,10765,10755,10756,1149,149668,126046430.0,OI2109
2021-07-20 14:56:00,10756,10767,10755,10767,1077,149653,114054300.0,OI2109
2021-07-20 14:57:00,10767,10775,10759,10759,1962,149567,212185010.0,OI2109
2021-07-20 14:58:00,10758,10765,10755,10759,1022,149318,108240020.0,OI2109
2021-07-20 14:59:00,10760,10768,10757,10767,1269,149089,138831910.0,OI2109
2021-07-20 21:00:00,10759,10762,10738,10744,6274,149440,674517740.0,OI2109
2021-07-20 21:01:00,10743,10752,10737,10741,2758,149439,296331940.0,OI2109
2021-07-20 21:02:00,10742,10742,10734,10738,1462,149442,156940500.0,OI2109
2021-07-20 21:03:00,10738,10742,10721,10722,2568,149212,275591100.0,OI2109
2021-07-20 21:04:00,10723,10728,10717,10728,1668,149227,178915320.0,OI2109
2021-07-20 21:05:00,10727,10728,10712,10713,2410,149210,258196600.0,OI2109
2021-07-20 21:06:00,10714,10714,10701,10707,2650,148905,283765400.0,OI2109
2021-07-20 21:07:00,10709,10719,10708,10718,1681,148801,180009120.0,OI2109
2021-07-20 21:08:00,10718,10752,10709,10738,3435,148893,368644200.0,OI2109
2021-07-20 21:09:00,10739,10741,10731,10736,1580,149019,169565600.0,OI2109
2021-07-20 21:10:00,10734,10735,10707,10709,3700,149157,396782140.0,OI2109
2021-07-20 21:11:00,10707,10729,10707,10726,4418,149238,473403500.0,OI2109
2021-07-20 21:12:00,10727,10732,10718,10729,3848,149367,412851920.0,OI2109
2021-07-20 21:13:00,10730,10736,10727,10729,1601,149805,171771290.0,OI2109
2021-07-20 21:14:00,10729,10732,10720,10725,2331,149390,250092990.0,OI2109
2021-07-20 21:15:00,10725,10732,10721,10731,941,149555,100959890.0,OI2109
2021-07-20 21:16:00,10732,10735,10729,10734,1126,149749,120808540.0,OI2109
2021-07-20 21:17:00,10735,10745,10735,10745,1356,150027,145485240.0,OI2109
2021-07-20 21:18:00,10744,10745,10740,10744,779,150249,84044770.0,OI2109
2021-07-20 21:19:00,10743,10756,10743,10752,1663,150427,178439900.0,OI2109
2021-07-20 21:20:00,10752,10752,10742,10750,1103,150591,118845420.0,OI2109
2021-07-20 21:21:00,10750,10763,10750,10763,1604,150967,172125240.0,OI2109
2021-07-20 21:22:00,10763,10765,10757,10762,1306,151251,140669480.0,OI2109
2021-07-20 21:23:00,10763,10766,10759,10760,1241,151594,133719150.0,OI2109
2021-07-20 21:24:00,10760,10761,10753,10759,1323,151539,142545850.0,OI2109
2021-07-20 21:25:00,10759,10769,10759,10764,936,151678,100470240.0,OI2109
2021-07-20 21:26:00,10764,10768,10760,10766,679,151757,72883860.0,OI2109
2021-07-20 21:27:00,10765,10787,10765,10782,3041,152109,328205400.0,OI2109
2021-07-20 21:28:00,10781,10783,10775,10778,1309,152291,141155240.0,OI2109
2021-07-20 21:29:00,10777,10781,10768,10769,1502,152343,161284760.0,OI2109
2021-07-20 21:30:00,10769,10774,10752,10773,2864,152245,308839460.0,OI2109
2021-07-20 21:31:00,10774,10774,10749,10752,2842,152317,305230800.0,OI2109
2021-07-20 21:32:00,10752,10759,10747,10749,1933,152349,208303520.0,OI2109
2021-07-20 21:33:00,10749,10750,10736,10746,2362,152144,253702420.0,OI2109
2021-07-20 21:34:00,10745,10755,10741,10750,1329,152128,142747890.0,OI2109
2021-07-20 21:35:00,10750,10760,10750,10753,2487,152516,267128670.0,OI2109
2021-07-20 21:36:00,10752,10757,10746,10753,1348,152590,145563260.0,OI2109
2021-07-20 21:37:00,10754,10760,10753,10758,1273,152762,136745660.0,OI2109
2021-07-20 21:38:00,10758,10763,10757,10763,891,152773,95711220.0,OI2109
2021-07-20 21:39:00,10762,10772,10762,10767,1424,152816,152966080.0,OI2109
2021-07-20 21:40:00,10765,10774,10765,10773,1207,152792,130478470.0,OI2109
2021-07-20 21:41:00,10774,10777,10771,10773,917,152903,98513310.0,OI2109
2021-07-20 21:42:00,10773,10780,10771,10780,925,153016,100213700.0,OI2109
2021-07-20 21:43:00,10779,10780,10770,10771,898,153077,96481120.0,OI2109
2021-07-20 21:44:00,10772,10776,10767,10775,1194,153074,128283360.0,OI2109
2021-07-20 21:45:00,10777,10785,10775,10782,1230,153152,133025370.0,OI2109
2021-07-20 21:46:00,10782,10793,10780,10787,1744,153377,188284410.0,OI2109
2021-07-20 21:47:00,10788,10795,10788,10791,1141,153494,122611860.0,OI2109
2021-07-20 21:48:00,10791,10794,10788,10792,765,153605,83117570.0,OI2109
2021-07-20 21:49:00,10792,10794,10785,10788,969,153685,104138430.0,OI2109
2021-07-20 21:50:00,10789,10794,10788,10790,568,153704,61042960.0,OI2109
2021-07-20 21:51:00,10791,10794,10790,10790,818,153708,88844680.0,OI2109
2021-07-20 21:52:00,10790,10796,10789,10792,1814,153345,195921080.0,OI2109
2021-07-20 21:53:00,10793,10795,10789,10790,1423,153198,152958270.0,OI2109
2021-07-20 21:54:00,10790,10796,10790,10794,690,153118,74168100.0,OI2109
2021-07-20 21:55:00,10794,10809,10794,10803,2217,153231,240296650.0,OI2109
2021-07-20 21:56:00,10803,10813,10797,10799,1977,153182,213562700.0,OI2109
2021-07-20 21:57:00,10798,10803,10797,10800,983,153350,105692160.0,OI2109
2021-07-20 21:58:00,10800,10811,10800,10809,827,153454,89952570.0,OI2109
2021-07-20 21:59:00,10809,10813,10803,10808,1465,153487,157531450.0,OI2109
2021-07-20 22:00:00,10808,10812,10799,10799,1426,153402,154400220.0,OI2109
2021-07-20 22:01:00,10799,10803,10792,10799,1544,153299,167119640.0,OI2109
2021-07-20 22:02:00,10799,10800,10794,10795,1471,153648,158206050.0,OI2109
2021-07-20 22:03:00,10793,10793,10775,10780,3314,152863,357546430.0,OI2109
2021-07-20 22:04:00,10781,10786,10778,10786,1003,152688,107882680.0,OI2109
2021-07-20 22:05:00,10787,10787,10772,10777,1412,152531,153024600.0,OI2109
2021-07-20 22:06:00,10777,10779,10769,10771,1199,152370,128976430.0,OI2109
2021-07-20 22:07:00,10772,10772,10762,10764,1672,151997,179857040.0,OI2109
2021-07-20 22:08:00,10763,10774,10763,10769,1260,151993,135538200.0,OI2109
2021-07-20 22:09:00,10769,10777,10765,10766,2183,152038,234825310.0,OI2109
2021-07-20 22:10:00,10766,10767,10741,10747,3606,151664,387897420.0,OI2109
2021-07-20 22:11:00,10748,10754,10747,10750,1875,151628,201693750.0,OI2109
2021-07-20 22:12:00,10750,10764,10749,10760,1299,151638,139733430.0,OI2109
2021-07-20 22:13:00,10759,10762,10754,10756,866,151666,93155620.0,OI2109
2021-07-20 22:14:00,10755,10759,10750,10755,1643,151925,176737510.0,OI2109
2021-07-20 22:15:00,10755,10761,10755,10759,2996,151821,322279720.0,OI2109
2021-07-20 22:16:00,10759,10763,10753,10758,3312,151740,356271840.0,OI2109
2021-07-20 22:17:00,10758,10764,10756,10758,1232,151501,132526240.0,OI2109
2021-07-20 22:18:00,10758,10767,10755,10765,1235,151372,132848950.0,OI2109
2021-07-20 22:19:00,10764,10770,10764,10770,774,151230,83259180.0,OI2109
2021-07-20 22:20:00,10770,10793,10770,10787,2097,151371,226996660.0,OI2109
2021-07-20 22:21:00,10787,10791,10780,10791,1193,151308,128342940.0,OI2109
2021-07-20 22:22:00,10789,10791,10787,10788,593,151322,63794940.0,OI2109
2021-07-20 22:23:00,10789,10791,10786,10789,695,151313,74768100.0,OI2109
2021-07-20 22:24:00,10789,10796,10783,10785,1015,151330,109193700.0,OI2109
2021-07-20 22:25:00,10785,10791,10785,10788,466,151413,50132280.0,OI2109
2021-07-20 22:26:00,10787,10792,10787,10789,419,151428,45076020.0,OI2109
2021-07-20 22:27:00,10788,10797,10788,10796,605,151464,66558130.0,OI2109
2021-07-20 22:28:00,10796,10800,10794,10794,755,151539,81230450.0,OI2109
2021-07-20 22:29:00,10794,10796,10789,10792,714,151592,76819260.0,OI2109
2021-07-20 22:30:00,10792,10794,10787,10789,845,151765,90913550.0,OI2109
2021-07-20 22:31:00,10789,10789,10777,10780,1168,151584,125665120.0,OI2109
2021-07-20 22:32:00,10778,10787,10776,10781,771,151529,82951890.0,OI2109
2021-07-20 22:33:00,10782,10790,10779,10786,690,151589,75758760.0,OI2109
2021-07-20 22:34:00,10786,10789,10781,10781,530,151691,57028000.0,OI2109
2021-07-20 22:35:00,10779,10787,10779,10787,451,151669,48527600.0,OI2109
2021-07-20 22:36:00,10787,10788,10781,10785,422,151737,45407200.0,OI2109
2021-07-20 22:37:00,10784,10785,10778,10778,506,151781,54445600.0,OI2109
2021-07-20 22:38:00,10778,10778,10768,10773,979,151670,105340400.0,OI2109
2021-07-20 22:39:00,10772,10773,10763,10767,984,151580,105878400.0,OI2109
2021-07-20 22:40:00,10766,10779,10765,10777,753,151574,81022800.0,OI2109
2021-07-20 22:41:00,10777,10777,10768,10769,611,151647,65743600.0,OI2109
2021-07-20 22:42:00,10768,10772,10764,10764,486,151630,52293600.0,OI2109
2021-07-20 22:43:00,10764,10774,10763,10772,593,151735,63806800.0,OI2109
2021-07-20 22:44:00,10773,10775,10768,10771,739,151956,79516400.0,OI2109
2021-07-20 22:45:00,10770,10774,10763,10769,547,151947,58857200.0,OI2109
2021-07-20 22:46:00,10768,10772,10765,10770,368,151900,39596800.0,OI2109
2021-07-20 22:47:00,10769,10771,10767,10769,332,151904,35723200.0,OI2109
2021-07-20 22:48:00,10769,10785,10769,10783,1088,151978,117068800.0,OI2109
2021-07-20 22:49:00,10784,10796,10783,10793,1037,151901,113207120.0,OI2109
2021-07-20 22:50:00,10794,10794,10788,10789,506,151936,54450660.0,OI2109
2021-07-20 22:51:00,10790,10793,10786,10786,434,151925,46702740.0,OI2109
2021-07-20 22:52:00,10786,10791,10764,10772,1339,151732,144089790.0,OI2109
2021-07-20 22:53:00,10771,10773,10767,10769,619,151659,66610590.0,OI2109
2021-07-20 22:54:00,10769,10775,10768,10774,490,151664,52728900.0,OI2109
2021-07-20 22:55:00,10774,10778,10767,10770,817,151369,87917370.0,OI2109
2021-07-20 22:56:00,10770,10773,10768,10770,885,151361,95234850.0,OI2109
2021-07-20 22:57:00,10771,10775,10768,10769,300,151298,32283000.0,OI2109
2021-07-20 22:58:00,10768,10773,10768,10769,270,151183,29054700.0,OI2109
2021-07-20 22:59:00,10769,10773,10769,10770,750,150798,80707500.0,OI2109
2021-07-21 09:00:00,10754,10754,10716,10728,4532,150701,485953180.0,OI2109
2021-07-21 09:01:00,10727,10733,10717,10731,2497,150781,268677200.0,OI2109
2021-07-21 09:02:00,10731,10737,10720,10721,1675,151004,180230000.0,OI2109
2021-07-21 09:03:00,10722,10738,10722,10734,1067,151155,113021470.0,OI2109
2021-07-21 09:04:00,10735,10748,10730,10740,1334,151245,143525060.0,OI2109
2021-07-21 09:05:00,10740,10756,10740,10756,1469,151407,158049710.0,OI2109
2021-07-21 09:06:00,10755,10755,10734,10735,1454,151383,156435860.0,OI2109
2021-07-21 09:07:00,10736,10739,10730,10736,727,151330,78217930.0,OI2109
2021-07-21 09:08:00,10736,10744,10736,10743,701,151391,75420590.0,OI2109
2021-07-21 09:09:00,10743,10750,10739,10750,793,151550,85318870.0,OI2109
2021-07-21 09:10:00,10749,10749,10739,10743,772,151620,83059480.0,OI2109
2021-07-21 09:11:00,10743,10749,10740,10748,580,151645,62402200.0,OI2109
2021-07-21 09:12:00,10748,10761,10745,10753,1135,151662,122114650.0,OI2109
2021-07-21 09:13:00,10754,10754,10745,10746,677,151692,72838430.0,OI2109
2021-07-21 09:14:00,10745,10745,10736,10738,814,151671,87578260.0,OI2109
2021-07-21 09:15:00,10737,10739,10723,10728,1325,151704,140651210.0,OI2109
2021-07-21 09:16:00,10728,10730,10721,10721,910,151713,97897800.0,OI2109
2021-07-21 09:17:00,10719,10722,10717,10719,1100,151676,118338000.0,OI2109
2021-07-21 09:18:00,10719,10723,10713,10720,1223,151515,131570340.0,OI2109
2021-07-21 09:19:00,10720,10723,10718,10722,431,151546,46366980.0,OI2109
2021-07-21 09:20:00,10722,10722,10713,10715,851,151521,89599890.0,OI2109
2021-07-21 09:21:00,10716,10716,10710,10714,1168,151524,125641760.0,OI2109
2021-07-21 09:22:00,10713,10722,10712,10717,664,151516,71426480.0,OI2109
2021-07-21 09:23:00,10718,10727,10716,10725,711,151471,76482270.0,OI2109
2021-07-21 09:24:00,10724,10725,10716,10723,784,151440,84334880.0,OI2109
2021-07-21 09:25:00,10724,10724,10712,10718,602,151396,64757140.0,OI2109
2021-07-21 09:26:00,10718,10719,10708,10710,837,151387,90036090.0,OI2109
2021-07-21 09:27:00,10710,10719,10710,10712,563,151436,58557930.0,OI2109
2021-07-21 09:28:00,10713,10719,10712,10717,600,151542,64536000.0,OI2109
2021-07-21 09:29:00,10718,10722,10715,10722,468,151554,50338080.0,OI2109
2021-07-21 09:30:00,10722,10722,10709,10714,934,151504,100461040.0,OI2109
2021-07-21 09:31:00,10713,10716,10709,10715,876,151586,94222560.0,OI2109
2021-07-21 09:32:00,10715,10719,10711,10716,2645,151674,282436990.0,OI2109
2021-07-21 09:33:00,10716,10716,10710,10710,4255,151542,455523490.0,OI2109
2021-07-21 09:34:00,10710,10713,10704,10707,4578,151803,490170580.0,OI2109
2021-07-21 09:35:00,10707,10722,10706,10721,850,151809,91400500.0,OI2109
2021-07-21 09:36:00,10722,10722,10713,10719,729,151748,78389370.0,OI2109
2021-07-21 09:37:00,10719,10719,10706,10710,864,151800,92905920.0,OI2109
2021-07-21 09:38:00,10710,10710,10704,10707,625,151824,67206250.0,OI2109
2021-07-21 09:39:00,10707,10709,10705,10708,411,151883,44194830.0,OI2109
2021-07-21 09:40:00,10708,10710,10703,10707,676,151832,72690280.0,OI2109
2021-07-21 09:41:00,10707,10711,10706,10708,441,151765,47420730.0,OI2109
2021-07-21 09:42:00,10709,10711,10707,10710,209,151767,22473770.0,OI2109
2021-07-21 09:43:00,10710,10710,10705,10707,200,151770,19308410.0,OI2109
2021-07-21 09:44:00,10707,10710,10705,10710,182,151794,19568640.0,OI2109
2021-07-21 09:45:00,10710,10717,10707,10717,613,151765,65909760.0,OI2109
2021-07-21 09:46:00,10718,10719,10711,10716,542,151707,58275840.0,OI2109
2021-07-21 09:47:00,10715,10715,10705,10708,586,151610,63006720.0,OI2109
2021-07-21 09:48:00,10709,10716,10709,10715,395,151600,42470400.0,OI2109
2021-07-21 09:49:00,10716,10717,10709,10713,635,151578,68275200.0,OI2109
2021-07-21 09:50:00,10713,10716,10711,10713,333,151569,35804160.0,OI2109
2021-07-21 09:51:00,10714,10720,10714,10717,387,151580,41610240.0,OI2109
2021-07-21 09:52:00,10717,10718,10707,10711,671,151590,72145920.0,OI2109
2021-07-21 09:53:00,10712,10713,10706,10710,541,151586,58168320.0,OI2109
2021-07-21 09:54:00,10709,10712,10708,10710,221,151575,23761920.0,OI2109
2021-07-21 09:55:00,10710,10710,10689,10695,2016,151376,214491510.0,OI2109
2021-07-21 09:56:00,10696,10696,10689,10690,814,151393,87513140.0,OI2109
2021-07-21 09:57:00,10691,10695,10687,10689,1085,151487,116648350.0,OI2109
2021-07-21 09:58:00,10689,10692,10686,10688,745,151583,77799700.0,OI2109
2021-07-21 09:59:00,10688,10692,10684,10692,824,151593,88580000.0,OI2109
2021-07-21 10:00:00,10691,10705,10689,10700,1086,151472,116745000.0,OI2109
2021-07-21 10:01:00,10699,10705,10694,10695,843,151373,90622500.0,OI2109
2021-07-21 10:02:00,10696,10696,10692,10694,273,151403,29347500.0,OI2109
2021-07-21 10:03:00,10693,10698,10690,10698,404,151476,43430000.0,OI2109
2021-07-21 10:04:00,10698,10702,10691,10693,453,151372,46363420.0,OI2109
2021-07-21 10:05:00,10693,10694,10685,10685,475,151366,51057750.0,OI2109
2021-07-21 10:06:00,10687,10690,10685,10689,715,151501,76855350.0,OI2109
2021-07-21 10:07:00,10690,10696,10689,10691,555,151567,59656950.0,OI2109
2021-07-21 10:08:00,10692,10692,10685,10687,511,151585,54927390.0,OI2109
2021-07-21 10:09:00,10687,10693,10684,10685,651,151633,69975990.0,OI2109
2021-07-21 10:10:00,10686,10687,10671,10676,1980,151435,210447250.0,OI2109
2021-07-21 10:11:00,10675,10681,10674,10678,649,151481,69754520.0,OI2109
2021-07-21 10:12:00,10677,10678,10664,10669,1762,151718,186972700.0,OI2109
2021-07-21 10:13:00,10669,10669,10658,10665,1174,151584,126169780.0,OI2109
2021-07-21 10:14:00,10666,10669,10658,10669,731,151537,78560570.0,OI2109
2021-07-21 10:30:00,10665,10666,10640,10641,2888,151541,307918370.0,OI2109
2021-07-21 10:31:00,10640,10651,10638,10645,2021,151503,214701460.0,OI2109
2021-07-21 10:32:00,10642,10659,10640,10650,1208,151528,127312320.0,OI2109
2021-07-21 10:33:00,10650,10664,10650,10658,1056,151579,113456640.0,OI2109
2021-07-21 10:34:00,10658,10674,10658,10674,1264,151663,133293680.0,OI2109
2021-07-21 10:35:00,10675,10687,10671,10681,2008,151412,215719440.0,OI2109
2021-07-21 10:36:00,10681,10705,10681,10700,2341,151166,251493630.0,OI2109
2021-07-21 10:37:00,10699,10703,10697,10699,1180,151141,124201630.0,OI2109
2021-07-21 10:38:00,10698,10700,10692,10693,2727,151308,292934340.0,OI2109
2021-07-21 10:39:00,10693,10697,10689,10694,1807,151653,191496830.0,OI2109
2021-07-21 10:40:00,10694,10695,10679,10680,1985,151389,213208850.0,OI2109
2021-07-21 10:41:00,10680,10680,10665,10670,1637,151627,175830170.0,OI2109
2021-07-21 10:42:00,10671,10672,10663,10666,2550,151741,271222670.0,OI2109
2021-07-21 10:43:00,10666,10673,10662,10668,3563,151590,379957740.0,OI2109
2021-07-21 10:44:00,10667,10667,10649,10654,2540,151653,270036740.0,OI2109
2021-07-21 10:45:00,10654,10656,10646,10648,3057,151491,325496230.0,OI2109
2021-07-21 10:46:00,10650,10651,10646,10647,917,151413,98458290.0,OI2109
2021-07-21 10:47:00,10648,10650,10641,10642,1813,151577,191870080.0,OI2109
2021-07-21 10:48:00,10642,10655,10642,10648,1643,151344,176392480.0,OI2109
2021-07-21 10:49:00,10649,10650,10637,10645,1215,151302,127622090.0,OI2109
2021-07-21 10:50:00,10645,10660,10644,10655,1106,151160,118729100.0,OI2109
2021-07-21 10:51:00,10655,10657,10646,10649,644,151070,69133400.0,OI2109
2021-07-21 10:52:00,10649,10649,10636,10637,1095,150907,117548250.0,OI2109
2021-07-21 10:53:00,10638,10642,10627,10629,1297,151000,136371220.0,OI2109
2021-07-21 10:54:00,10629,10639,10628,10635,919,151004,98645460.0,OI2109
2021-07-21 10:55:00,10635,10646,10632,10645,1019,150843,106498350.0,OI2109
2021-07-21 10:56:00,10646,10649,10641,10649,930,150765,99816900.0,OI2109
2021-07-21 10:57:00,10649,10654,10644,10648,1362,150963,146183460.0,OI2109
2021-07-21 10:58:00,10648,10650,10647,10648,379,150956,40678070.0,OI2109
2021-07-21 10:59:00,10648,10649,10637,10639,550,150937,59031500.0,OI2109
2021-07-21 11:00:00,10638,10638,10625,10627,1097,150664,114816720.0,OI2109
2021-07-21 11:01:00,10627,10635,10627,10633,449,150659,48186680.0,OI2109
2021-07-21 11:02:00,10634,10635,10631,10634,311,150667,33376520.0,OI2109
2021-07-21 11:03:00,10633,10633,10628,10630,362,150717,38849840.0,OI2109
2021-07-21 11:04:00,10629,10640,10629,10639,583,150692,62567560.0,OI2109
2021-07-21 11:05:00,10639,10645,10635,10635,624,150622,64020100.0,OI2109
2021-07-21 11:06:00,10636,10641,10631,10639,361,150610,38738910.0,OI2109
2021-07-21 11:07:00,10638,10644,10636,10640,397,150664,42602070.0,OI2109
2021-07-21 11:08:00,10641,10641,10633,10638,557,150777,59771670.0,OI2109
2021-07-21 11:09:00,10638,10644,10636,10639,284,150753,30476040.0,OI2109
2021-07-21 11:10:00,10639,10648,10638,10647,583,150786,62561730.0,OI2109
2021-07-21 11:11:00,10648,10650,10642,10647,452,150706,48504120.0,OI2109
2021-07-21 11:12:00,10647,10647,10644,10645,231,150697,24788610.0,OI2109
2021-07-21 11:13:00,10645,10645,10640,10642,330,150763,32432770.0,OI2109
2021-07-21 11:14:00,10641,10641,10631,10633,523,150753,56117900.0,OI2109
2021-07-21 11:15:00,10634,10634,10620,10621,1153,150728,123716900.0,OI2109
2021-07-21 11:16:00,10620,10632,10617,10631,861,150778,92385300.0,OI2109
2021-07-21 11:17:00,10630,10639,10630,10635,684,150782,70381460.0,OI2109
2021-07-21 11:18:00,10635,10635,10623,10625,554,150760,59438660.0,OI2109
2021-07-21 11:19:00,10625,10626,10621,10622,672,150917,72098880.0,OI2109
2021-07-21 11:20:00,10621,10621,10605,10608,1687,150877,177957360.0,OI2109
2021-07-21 11:21:00,10609,10609,10599,10605,1836,150653,196966080.0,OI2109
2021-07-21 11:22:00,10605,10610,10603,10604,608,150689,62160930.0,OI2109
2021-07-21 11:23:00,10603,10610,10603,10608,406,150695,43551620.0,OI2109
2021-07-21 11:24:00,10608,10611,10604,10606,644,150638,69081880.0,OI2109
2021-07-21 11:25:00,10604,10605,10589,10591,1375,150548,144406690.0,OI2109
2021-07-21 11:26:00,10590,10590,10580,10581,1184,150666,126995840.0,OI2109
2021-07-21 11:27:00,10581,10590,10580,10589,894,150702,92780100.0,OI2109
2021-07-21 11:28:00,10589,10592,10580,10584,841,150663,90197250.0,OI2109
2021-07-21 11:29:00,10584,10593,10583,10592,648,150477,69498000.0,OI2109
2021-07-21 13:30:00,10588,10590,10575,10576,1811,150760,191086410.0,OI2109
2021-07-21 13:31:00,10576,10580,10569,10577,1179,150928,123280830.0,OI2109
2021-07-21 13:32:00,10575,10576,10569,10570,873,150970,93611790.0,OI2109
2021-07-21 13:33:00,10570,10576,10568,10576,643,151102,68948890.0,OI2109
2021-07-21 13:34:00,10576,10590,10576,10589,1056,150938,110054030.0,OI2109
2021-07-21 13:35:00,10589,10590,10575,10579,784,150994,84060480.0,OI2109
2021-07-21 13:36:00,10579,10583,10575,10579,354,150982,37955880.0,OI2109
2021-07-21 13:37:00,10579,10586,10578,10580,392,150949,38834090.0,OI2109
2021-07-21 13:38:00,10579,10581,10572,10574,471,150926,50495910.0,OI2109
2021-07-21 13:39:00,10574,10577,10572,10576,312,150985,33449520.0,OI2109
2021-07-21 13:40:00,10576,10576,10570,10571,568,151082,60895280.0,OI2109
2021-07-21 13:41:00,10571,10582,10570,10581,620,151025,66470200.0,OI2109
2021-07-21 13:42:00,10582,10587,10581,10587,545,150963,55208140.0,OI2109
2021-07-21 13:43:00,10587,10591,10582,10590,692,150893,74182400.0,OI2109
2021-07-21 13:44:00,10590,10602,10589,10599,1030,150749,110416000.0,OI2109
2021-07-21 13:45:00,10600,10602,10585,10587,1130,150779,117886170.0,OI2109
2021-07-21 13:46:00,10586,10590,10585,10590,416,150815,44591040.0,OI2109
2021-07-21 13:47:00,10591,10597,10589,10596,422,150789,45234180.0,OI2109
2021-07-21 13:48:00,10597,10604,10594,10604,528,150713,56596320.0,OI2109
2021-07-21 13:49:00,10602,10603,10593,10594,441,150784,44002890.0,OI2109
2021-07-21 13:50:00,10594,10596,10585,10590,588,150772,63021840.0,OI2109
2021-07-21 13:51:00,10589,10597,10586,10596,555,150731,59484900.0,OI2109
2021-07-21 13:52:00,10596,10603,10592,10602,535,150736,57341300.0,OI2109
2021-07-21 13:53:00,10603,10603,10594,10595,595,150709,63772100.0,OI2109
2021-07-21 13:54:00,10596,10596,10587,10594,592,150625,60154010.0,OI2109
2021-07-21 13:55:00,10593,10594,10579,10580,686,150600,73518620.0,OI2109
2021-07-21 13:56:00,10581,10582,10579,10581,533,150697,57121610.0,OI2109
2021-07-21 13:57:00,10581,10583,10575,10583,617,150601,66123890.0,OI2109
2021-07-21 13:58:00,10582,10587,10582,10586,384,150584,37834530.0,OI2109
2021-07-21 13:59:00,10585,10585,10576,10576,535,150578,57330600.0,OI2109
2021-07-21 14:00:00,10576,10584,10575,10583,474,150605,50793840.0,OI2109
2021-07-21 14:01:00,10584,10596,10584,10591,823,150511,88192680.0,OI2109
2021-07-21 14:02:00,10592,10596,10587,10596,760,150503,78096930.0,OI2109
2021-07-21 14:03:00,10597,10605,10597,10597,1214,150460,130080100.0,OI2109
2021-07-21 14:04:00,10597,10600,10591,10592,713,150476,76397950.0,OI2109
2021-07-21 14:05:00,10592,10592,10584,10586,736,150511,78862400.0,OI2109
2021-07-21 14:06:00,10585,10592,10585,10591,818,150631,84269220.0,OI2109
2021-07-21 14:07:00,10592,10599,10590,10597,619,150694,66319660.0,OI2109
2021-07-21 14:08:00,10598,10602,10592,10601,735,150632,78747900.0,OI2109
2021-07-21 14:09:00,10601,10601,10592,10597,412,150613,44141680.0,OI2109
2021-07-21 14:10:00,10597,10597,10594,10596,203,150619,21749420.0,OI2109
2021-07-21 14:11:00,10595,10617,10595,10617,1224,150458,127727950.0,OI2109
2021-07-21 14:12:00,10617,10622,10615,10618,1196,150401,128127480.0,OI2109
2021-07-21 14:13:00,10617,10618,10605,10608,1036,150489,110986680.0,OI2109
2021-07-21 14:14:00,10607,10615,10607,10615,433,150524,42949230.0,OI2109
2021-07-21 14:15:00,10614,10615,10608,10613,492,150602,52703040.0,OI2109
2021-07-21 14:16:00,10614,10614,10610,10611,394,150624,42205280.0,OI2109
2021-07-21 14:17:00,10612,10628,10611,10627,1107,150572,118581840.0,OI2109
2021-07-21 14:18:00,10626,10629,10623,10629,914,150583,97907680.0,OI2109
2021-07-21 14:19:00,10629,10654,10627,10649,3248,150137,344426150.0,OI2109
2021-07-21 14:20:00,10648,10649,10618,10621,2851,150385,301842490.0,OI2109
2021-07-21 14:21:00,10622,10627,10618,10625,1910,150311,204561000.0,OI2109
2021-07-21 14:22:00,10625,10629,10620,10621,780,150321,83538000.0,OI2109
2021-07-21 14:23:00,10621,10622,10615,10616,628,150226,67258800.0,OI2109
2021-07-21 14:24:00,10617,10626,10617,10623,416,150273,40988140.0,OI2109
2021-07-21 14:25:00,10623,10625,10615,10618,597,150246,63932730.0,OI2109
2021-07-21 14:26:00,10617,10625,10617,10623,493,150232,52795370.0,OI2109
2021-07-21 14:27:00,10623,10636,10622,10635,875,150176,93703750.0,OI2109
2021-07-21 14:28:00,10635,10643,10633,10639,822,150169,88027980.0,OI2109
2021-07-21 14:29:00,10639,10642,10638,10641,568,150154,60827120.0,OI2109
2021-07-21 14:30:00,10642,10642,10621,10625,1261,149925,131428870.0,OI2109
2021-07-21 14:31:00,10625,10626,10617,10624,958,150077,102582640.0,OI2109
2021-07-21 14:32:00,10624,10625,10614,10615,775,150096,82987000.0,OI2109
2021-07-21 14:33:00,10615,10615,10607,10612,866,150022,92731280.0,OI2109
2021-07-21 14:34:00,10612,10621,10611,10620,855,150028,91553400.0,OI2109
2021-07-21 14:35:00,10621,10629,10616,10627,768,150088,78583600.0,OI2109
2021-07-21 14:36:00,10626,10629,10623,10629,461,150007,49359270.0,OI2109
2021-07-21 14:37:00,10629,10630,10621,10630,477,149960,51072390.0,OI2109
2021-07-21 14:38:00,10630,10630,10624,10630,351,150014,37581570.0,OI2109
2021-07-21 14:39:00,10630,10630,10620,10625,491,149989,52571370.0,OI2109
2021-07-21 14:40:00,10624,10628,10620,10624,544,149957,58246080.0,OI2109
2021-07-21 14:41:00,10624,10637,10624,10637,575,150006,61565250.0,OI2109
2021-07-21 14:42:00,10637,10637,10623,10628,488,150022,52250160.0,OI2109
2021-07-21 14:43:00,10628,10629,10622,10626,1232,150181,128210210.0,OI2109
2021-07-21 14:44:00,10627,10632,10627,10630,734,150099,78582040.0,OI2109
2021-07-21 14:45:00,10631,10632,10626,10632,464,150080,49675840.0,OI2109
2021-07-21 14:46:00,10631,10637,10629,10632,577,150149,61773620.0,OI2109
2021-07-21 14:47:00,10632,10633,10624,10632,564,150218,60381840.0,OI2109
2021-07-21 14:48:00,10632,10637,10630,10633,507,150202,54279420.0,OI2109
2021-07-21 14:49:00,10634,10636,10630,10630,359,150218,38434540.0,OI2109
2021-07-21 14:50:00,10631,10636,10628,10631,377,150210,40361620.0,OI2109
2021-07-21 14:51:00,10631,10634,10624,10626,533,150217,57062980.0,OI2109
2021-07-21 14:52:00,10626,10631,10625,10630,502,150300,49997920.0,OI2109
2021-07-21 14:53:00,10631,10632,10624,10624,530,150348,56736500.0,OI2109
2021-07-21 14:54:00,10625,10631,10625,10630,412,150263,44104600.0,OI2109
2021-07-21 14:55:00,10629,10636,10626,10634,673,150145,72044650.0,OI2109
2021-07-21 14:56:00,10634,10640,10634,10634,909,149998,97308450.0,OI2109
2021-07-21 14:57:00,10633,10643,10633,10640,1058,149790,113258900.0,OI2109
2021-07-21 14:58:00,10639,10644,10639,10640,629,149717,67334450.0,OI2109
2021-07-21 14:59:00,10641,10645,10628,10632,1160,149166,120378090.0,OI2109
2021-07-21 21:00:00,10632,10678,10632,10676,7695,148862,819902250.0,OI2109
2021-07-21 21:01:00,10677,10677,10646,10656,4647,148683,495384690.0,OI2109
2021-07-21 21:02:00,10658,10662,10652,10660,2199,148631,234347430.0,OI2109
2021-07-21 21:03:00,10660,10664,10642,10644,1918,148506,204236670.0,OI2109
2021-07-21 21:04:00,10644,10652,10638,10651,1615,148626,171913660.0,OI2109
2021-07-21 21:05:00,10651,10662,10644,10657,1958,148674,208624900.0,OI2109
2021-07-21 21:06:00,10656,10656,10638,10640,1922,149032,204569560.0,OI2109
2021-07-21 21:07:00,10640,10645,10629,10637,1829,149456,194623830.0,OI2109
2021-07-21 21:08:00,10636,10643,10636,10640,855,149649,90836770.0,OI2109
2021-07-21 21:09:00,10640,10646,10638,10641,811,149839,86387720.0,OI2109
2021-07-21 21:10:00,10641,10645,10629,10630,1167,149819,124042680.0,OI2109
2021-07-21 21:11:00,10629,10634,10623,10624,1564,150097,166299840.0,OI2109
2021-07-21 21:12:00,10624,10628,10618,10620,1495,150470,158920750.0,OI2109
2021-07-21 21:13:00,10621,10623,10617,10618,1135,150598,120249950.0,OI2109
2021-07-21 21:14:00,10619,10621,10611,10619,1459,150874,155017040.0,OI2109
2021-07-21 21:15:00,10619,10621,10606,10610,1704,151116,180728380.0,OI2109
2021-07-21 21:16:00,10611,10611,10587,10594,3059,151528,324118680.0,OI2109
2021-07-21 21:17:00,10594,10597,10587,10593,1289,151689,136766390.0,OI2109
2021-07-21 21:18:00,10594,10596,10590,10591,987,151815,104220770.0,OI2109
2021-07-21 21:19:00,10591,10600,10588,10598,1045,151843,110753120.0,OI2109
2021-07-21 21:20:00,10598,10599,10594,10594,966,151948,102330570.0,OI2109
2021-07-21 21:21:00,10596,10603,10590,10599,1182,151891,125280690.0,OI2109
2021-07-21 21:22:00,10600,10610,10598,10610,1200,151854,127608000.0,OI2109
2021-07-21 21:23:00,10610,10610,10602,10603,682,151955,72080050.0,OI2109
2021-07-21 21:24:00,10602,10602,10595,10600,725,152015,77089250.0,OI2109
2021-07-21 21:25:00,10599,10600,10588,10595,920,152117,97363320.0,OI2109
2021-07-21 21:26:00,10595,10595,10585,10590,844,152309,89265360.0,OI2109
2021-07-21 21:27:00,10590,10596,10590,10595,619,152369,65805890.0,OI2109
2021-07-21 21:28:00,10596,10598,10592,10593,585,152466,61710590.0,OI2109
2021-07-21 21:29:00,10592,10599,10589,10597,661,152491,70264300.0,OI2109
2021-07-21 21:30:00,10596,10603,10584,10587,2273,152618,240599700.0,OI2109
2021-07-21 21:31:00,10586,10606,10583,10602,2192,152743,232433740.0,OI2109
2021-07-21 21:32:00,10602,10607,10601,10607,1177,152857,124536000.0,OI2109
2021-07-21 21:33:00,10606,10616,10605,10616,1504,152845,159815040.0,OI2109
2021-07-21 21:34:00,10615,10617,10608,10611,1333,152831,141072420.0,OI2109
2021-07-21 21:35:00,10611,10636,10611,10618,3646,152571,387387500.0,OI2109
2021-07-21 21:36:00,10618,10618,10607,10612,1421,152708,150981250.0,OI2109
2021-07-21 21:37:00,10611,10616,10606,10608,1512,152952,160650000.0,OI2109
2021-07-21 21:38:00,10608,10608,10592,10593,1802,153049,190806530.0,OI2109
2021-07-21 21:39:00,10594,10600,10593,10596,1062,153043,112160290.0,OI2109
2021-07-21 21:40:00,10597,10600,10588,10600,1721,153305,182821830.0,OI2109
2021-07-21 21:41:00,10600,10604,10589,10593,1389,153309,146855780.0,OI2109
2021-07-21 21:42:00,10592,10594,10579,10585,3382,153677,357773020.0,OI2109
2021-07-21 21:43:00,10585,10591,10582,10584,2759,154060,292246700.0,OI2109
2021-07-21 21:44:00,10586,10588,10578,10578,2109,154702,223174520.0,OI2109
2021-07-21 21:45:00,10579,10584,10573,10578,4077,154428,431253940.0,OI2109
2021-07-21 21:46:00,10578,10586,10576,10583,2107,154008,222837090.0,OI2109
2021-07-21 21:47:00,10583,10583,10572,10576,3312,154158,350693650.0,OI2109
2021-07-21 21:48:00,10576,10585,10575,10584,1002,154130,105467110.0,OI2109
2021-07-21 21:49:00,10583,10590,10581,10588,1271,153956,134891230.0,OI2109
2021-07-21 21:50:00,10587,10590,10581,10584,985,154062,104538050.0,OI2109
2021-07-21 21:51:00,10584,10585,10577,10577,1091,154295,114869190.0,OI2109
2021-07-21 21:52:00,10576,10577,10571,10574,1250,154528,132650000.0,OI2109
2021-07-21 21:53:00,10573,10575,10558,10560,2992,154947,315588920.0,OI2109
2021-07-21 21:54:00,10562,10562,10551,10559,2206,155481,233073480.0,OI2109
2021-07-21 21:55:00,10559,10566,10559,10564,1480,155578,156015280.0,OI2109
2021-07-21 21:56:00,10563,10566,10557,10559,769,155692,81575520.0,OI2109
2021-07-21 21:57:00,10559,10574,10559,10569,1548,155681,163190750.0,OI2109
2021-07-21 21:58:00,10569,10579,10569,10577,1590,155772,168651300.0,OI2109
2021-07-21 21:59:00,10577,10582,10576,10580,1217,155702,129087190.0,OI2109
2021-07-21 22:00:00,10581,10591,10579,10588,2041,155767,215419300.0,OI2109
2021-07-21 22:01:00,10588,10589,10578,10579,1169,155782,123984140.0,OI2109
2021-07-21 22:02:00,10578,10583,10572,10574,1222,155798,129605320.0,OI2109
2021-07-21 22:03:00,10573,10576,10567,10569,1029,155752,108031970.0,OI2109
2021-07-21 22:04:00,10569,10569,10555,10555,1895,155993,200964750.0,OI2109
2021-07-21 22:05:00,10555,10559,10550,10555,2625,156405,276083310.0,OI2109
2021-07-21 22:06:00,10555,10563,10553,10556,1421,156275,150668630.0,OI2109
2021-07-21 22:07:00,10555,10565,10555,10562,576,156281,61073280.0,OI2109
2021-07-21 22:08:00,10562,10563,10557,10561,576,156330,59898580.0,OI2109
2021-07-21 22:09:00,10560,10560,10550,10555,1094,156417,115985880.0,OI2109
2021-07-21 22:10:00,10555,10561,10554,10558,599,156451,63505980.0,OI2109
2021-07-21 22:11:00,10557,10562,10555,10561,522,156456,55342440.0,OI2109
2021-07-21 22:12:00,10562,10565,10559,10564,610,156427,63469250.0,OI2109
2021-07-21 22:13:00,10563,10563,10552,10556,991,156385,105055910.0,OI2109
2021-07-21 22:14:00,10556,10560,10556,10559,836,156351,88624360.0,OI2109
2021-07-21 22:15:00,10559,10568,10555,10567,1064,156523,111562780.0,OI2109
2021-07-21 22:16:00,10567,10568,10558,10559,684,156593,72504000.0,OI2109
2021-07-21 22:17:00,10558,10560,10555,10556,624,156627,66144000.0,OI2109
2021-07-21 22:18:00,10556,10558,10549,10550,910,156687,96460000.0,OI2109
2021-07-21 22:19:00,10549,10549,10543,10545,1456,156509,153067400.0,OI2109
2021-07-21 22:20:00,10545,10553,10544,10550,750,156549,79492500.0,OI2109
2021-07-21 22:21:00,10551,10555,10550,10553,657,156554,68352760.0,OI2109
2021-07-21 22:22:00,10552,10558,10549,10554,613,156582,64965740.0,OI2109
2021-07-21 22:23:00,10554,10554,10547,10547,625,156652,66237500.0,OI2109
2021-07-21 22:24:00,10547,10550,10546,10548,501,156657,53095980.0,OI2109
2021-07-21 22:25:00,10548,10549,10541,10548,1581,156729,166238510.0,OI2109
2021-07-21 22:26:00,10548,10551,10545,10546,889,156758,94207330.0,OI2109
2021-07-21 22:27:00,10546,10549,10542,10544,704,156703,74602880.0,OI2109
2021-07-21 22:28:00,10544,10552,10542,10546,708,156760,73687880.0,OI2109
2021-07-21 22:29:00,10546,10547,10536,10540,1155,156674,122383800.0,OI2109
2021-07-21 22:30:00,10539,10540,10532,10539,1467,156801,154078220.0,OI2109
2021-07-21 22:31:00,10539,10547,10535,10545,1138,156709,120571100.0,OI2109
2021-07-21 22:32:00,10545,10546,10538,10543,711,156752,73946860.0,OI2109
2021-07-21 22:33:00,10541,10543,10537,10542,918,156762,97252920.0,OI2109
2021-07-21 22:34:00,10544,10544,10541,10542,880,156824,93227200.0,OI2109
2021-07-21 22:35:00,10541,10545,10536,10542,667,156838,70661980.0,OI2109
2021-07-21 22:36:00,10541,10545,10538,10545,775,156739,80687510.0,OI2109
2021-07-21 22:37:00,10544,10561,10544,10561,2475,156354,262176750.0,OI2109
2021-07-21 22:38:00,10560,10566,10557,10559,1506,156003,158074780.0,OI2109
2021-07-21 22:39:00,10559,10561,10554,10558,745,156004,78910400.0,OI2109
2021-07-21 22:40:00,10557,10559,10554,10557,640,155985,67788800.0,OI2109
2021-07-21 22:41:00,10556,10557,10538,10542,1517,155972,159195820.0,OI2109
2021-07-21 22:42:00,10542,10543,10531,10534,1124,156037,119042840.0,OI2109
2021-07-21 22:43:00,10534,10535,10525,10531,1326,156180,138927340.0,OI2109
2021-07-21 22:44:00,10531,10534,10526,10531,794,156251,84084600.0,OI2109
2021-07-21 22:45:00,10530,10532,10528,10530,639,156425,67670100.0,OI2109
2021-07-21 22:46:00,10531,10532,10527,10531,530,156462,56127000.0,OI2109
2021-07-21 22:47:00,10532,10535,10528,10535,579,156416,59781360.0,OI2109
2021-07-21 22:48:00,10536,10539,10533,10537,869,156277,92018410.0,OI2109
2021-07-21 22:49:00,10536,10537,10530,10535,481,156277,50933090.0,OI2109
2021-07-21 22:50:00,10535,10535,10527,10528,584,156279,61839760.0,OI2109
2021-07-21 22:51:00,10529,10531,10528,10529,362,156307,38332180.0,OI2109
2021-07-21 22:52:00,10529,10538,10529,10537,483,156289,49582340.0,OI2109
2021-07-21 22:53:00,10537,10538,10532,10533,407,156257,43093160.0,OI2109
2021-07-21 22:54:00,10534,10542,10534,10542,763,155979,80786440.0,OI2109
2021-07-21 22:55:00,10543,10548,10539,10548,778,155709,82374640.0,OI2109
2021-07-21 22:56:00,10548,10548,10541,10545,548,155695,58022240.0,OI2109
2021-07-21 22:57:00,10545,10546,10535,10540,632,155604,66916160.0,OI2109
2021-07-21 22:58:00,10538,10544,10538,10544,512,155445,52611630.0,OI2109
2021-07-21 22:59:00,10543,10543,10534,10534,634,155137,67121580.0,OI2109
2021-07-22 09:00:00,10536,10536,10508,10522,3398,155123,358107010.0,OI2109
2021-07-22 09:01:00,10522,10522,10505,10505,2400,155030,252400750.0,OI2109
2021-07-22 09:02:00,10503,10505,10487,10497,3379,155232,354273070.0,OI2109
2021-07-22 09:03:00,10497,10528,10492,10516,2324,154859,244228640.0,OI2109
2021-07-22 09:04:00,10513,10515,10502,10505,1832,154787,192123640.0,OI2109
2021-07-22 09:05:00,10504,10507,10486,10491,2444,155006,256836600.0,OI2109
2021-07-22 09:06:00,10491,10502,10489,10502,947,155038,98420090.0,OI2109
2021-07-22 09:07:00,10501,10501,10487,10487,1747,155463,184815130.0,OI2109
2021-07-22 09:08:00,10488,10488,10479,10482,2060,156019,214306240.0,OI2109
2021-07-22 09:09:00,10481,10482,10467,10471,2762,156450,290298540.0,OI2109
2021-07-22 09:10:00,10473,10476,10468,10471,1878,156695,196760300.0,OI2109
2021-07-22 09:11:00,10469,10475,10469,10474,852,156817,88233500.0,OI2109
2021-07-22 09:12:00,10474,10474,10467,10471,981,156923,103730940.0,OI2109
2021-07-22 09:13:00,10472,10479,10468,10474,1500,156945,156719690.0,OI2109
2021-07-22 09:14:00,10474,10490,10473,10487,1590,157006,166204490.0,OI2109
2021-07-22 09:15:00,10486,10491,10481,10484,1801,156851,190401720.0,OI2109
2021-07-22 09:16:00,10485,10495,10484,10493,1333,156767,138987210.0,OI2109
2021-07-22 09:17:00,10494,10494,10488,10489,778,156745,82242380.0,OI2109
2021-07-22 09:18:00,10489,10496,10486,10496,1293,156868,134724770.0,OI2109
2021-07-22 09:19:00,10495,10508,10495,10508,2248,156721,235632860.0,OI2109
2021-07-22 09:20:00,10507,10508,10500,10501,960,156870,101462400.0,OI2109
2021-07-22 09:21:00,10500,10502,10492,10500,1148,156683,121332120.0,OI2109
2021-07-22 09:22:00,10499,10499,10491,10497,809,156751,83493300.0,OI2109
2021-07-22 09:23:00,10496,10496,10483,10485,1335,156953,141082800.0,OI2109
2021-07-22 09:24:00,10484,10488,10474,10476,1894,157100,198115720.0,OI2109
2021-07-22 09:25:00,10476,10480,10472,10480,1730,156990,180749600.0,OI2109
2021-07-22 09:26:00,10481,10488,10479,10485,1289,156977,136195740.0,OI2109
2021-07-22 09:27:00,10484,10487,10482,10485,624,156877,63853210.0,OI2109
2021-07-22 09:28:00,10485,10488,10482,10484,782,156825,82618300.0,OI2109
2021-07-22 09:29:00,10485,10494,10484,10492,850,156810,89802500.0,OI2109
2021-07-22 09:30:00,10492,10497,10486,10487,1164,156737,120870010.0,OI2109
2021-07-22 09:31:00,10487,10487,10474,10474,1473,156822,155607720.0,OI2109
2021-07-22 09:32:00,10474,10477,10472,10474,1007,156844,104248090.0,OI2109
2021-07-22 09:33:00,10473,10473,10467,10469,1173,156972,123903990.0,OI2109
2021-07-22 09:34:00,10470,10475,10469,10474,849,156905,89679870.0,OI2109
2021-07-22 09:35:00,10474,10475,10457,10461,2141,156910,223980810.0,OI2109
2021-07-22 09:36:00,10461,10461,10451,10457,2234,157608,231564360.0,OI2109
2021-07-22 09:37:00,10457,10461,10453,10459,628,157676,66316800.0,OI2109
2021-07-22 09:38:00,10459,10466,10454,10459,1129,157492,119222400.0,OI2109
2021-07-22 09:39:00,10459,10466,10459,10464,620,157558,63252870.0,OI2109
2021-07-22 09:40:00,10465,10466,10459,10460,982,157450,103689380.0,OI2109
2021-07-22 09:41:00,10460,10463,10454,10456,1351,157584,140409630.0,OI2109
2021-07-22 09:42:00,10456,10457,10451,10453,1084,157700,114448720.0,OI2109
2021-07-22 09:43:00,10453,10455,10446,10449,1803,157903,188089410.0,OI2109
2021-07-22 09:44:00,10449,10454,10449,10451,786,157987,82978020.0,OI2109
2021-07-22 09:45:00,10450,10451,10445,10448,1222,157957,126715130.0,OI2109
2021-07-22 09:46:00,10448,10452,10447,10449,897,158010,94687320.0,OI2109
2021-07-22 09:47:00,10448,10448,10444,10446,941,158198,97022170.0,OI2109
2021-07-22 09:48:00,10445,10451,10444,10449,625,158137,65968750.0,OI2109
2021-07-22 09:49:00,10449,10450,10441,10444,875,158146,92356250.0,OI2109
2021-07-22 09:50:00,10444,10444,10425,10438,2651,157914,275110450.0,OI2109
2021-07-22 09:51:00,10439,10439,10427,10427,1116,158124,117771480.0,OI2109
2021-07-22 09:52:00,10428,10429,10422,10427,1112,158232,114975780.0,OI2109
2021-07-22 09:53:00,10426,10431,10425,10427,724,158319,76396480.0,OI2109
2021-07-22 09:54:00,10428,10431,10425,10430,942,158294,97009600.0,OI2109
2021-07-22 09:55:00,10430,10430,10424,10426,599,158358,63200490.0,OI2109
2021-07-22 09:56:00,10425,10434,10425,10433,729,158283,74513270.0,OI2109
2021-07-22 09:57:00,10432,10438,10426,10430,1126,158121,118793000.0,OI2109
2021-07-22 09:58:00,10430,10439,10430,10437,1106,158020,114257160.0,OI2109
2021-07-22 09:59:00,10439,10439,10432,10436,1118,158024,117937820.0,OI2109
2021-07-22 10:00:00,10436,10436,10430,10431,1476,157853,153251460.0,OI2109
2021-07-22 10:01:00,10431,10431,10416,10425,2274,157864,237387000.0,OI2109
2021-07-22 10:02:00,10424,10431,10423,10429,829,158047,87434630.0,OI2109
2021-07-22 10:03:00,10429,10429,10416,10421,1240,158323,128287590.0,OI2109
2021-07-22 10:04:00,10421,10421,10407,10414,2152,158781,224433190.0,OI2109
2021-07-22 10:05:00,10413,10422,10413,10420,1170,158900,120848070.0,OI2109
2021-07-22 10:06:00,10421,10424,10413,10419,1205,159168,127055200.0,OI2109
2021-07-22 10:07:00,10418,10425,10418,10424,749,159099,76426590.0,OI2109
2021-07-22 10:08:00,10424,10426,10420,10423,748,159120,78861640.0,OI2109
2021-07-22 10:09:00,10422,10425,10414,10417,747,159174,78756210.0,OI2109
2021-07-22 10:10:00,10417,10435,10417,10433,1487,158878,154196620.0,OI2109
2021-07-22 10:11:00,10432,10432,10422,10428,1285,159167,132874060.0,OI2109
2021-07-22 10:12:00,10427,10433,10424,10430,1792,158929,188894720.0,OI2109
2021-07-22 10:13:00,10430,10433,10429,10431,1610,159109,167085440.0,OI2109
2021-07-22 10:14:00,10431,10432,10425,10426,1219,158852,125845750.0,OI2109
2021-07-22 10:30:00,10425,10429,10419,10423,1562,159161,164619180.0,OI2109
2021-07-22 10:31:00,10423,10432,10423,10430,873,159203,89344270.0,OI2109
2021-07-22 10:32:00,10431,10431,10421,10421,833,159231,87781540.0,OI2109
2021-07-22 10:33:00,10421,10423,10416,10417,857,159344,90310660.0,OI2109
2021-07-22 10:34:00,10417,10417,10408,10408,1280,159642,132195500.0,OI2109
2021-07-22 10:35:00,10409,10415,10406,10413,1019,159688,107372030.0,OI2109
2021-07-22 10:36:00,10412,10413,10395,10397,2348,159935,241959620.0,OI2109
2021-07-22 10:37:00,10398,10401,10395,10400,1181,160061,124418350.0,OI2109
2021-07-22 10:38:00,10401,10401,10396,10398,1112,160298,114401700.0,OI2109
2021-07-22 10:39:00,10397,10401,10395,10396,1104,160537,116295360.0,OI2109
2021-07-22 10:40:00,10398,10402,10395,10401,931,160597,95303690.0,OI2109
2021-07-22 10:41:00,10401,10401,10393,10399,1079,160762,113651070.0,OI2109
2021-07-22 10:42:00,10398,10405,10398,10405,862,160790,88007200.0,OI2109
2021-07-22 10:43:00,10404,10406,10400,10406,795,160855,83729400.0,OI2109
2021-07-22 10:44:00,10406,10408,10403,10403,727,160808,76567640.0,OI2109
2021-07-22 10:45:00,10403,10406,10401,10406,995,160737,101980970.0,OI2109
2021-07-22 10:46:00,10406,10407,10400,10405,1479,160561,152926270.0,OI2109
2021-07-22 10:47:00,10406,10416,10406,10412,1569,160499,165215700.0,OI2109
2021-07-22 10:48:00,10413,10415,10407,10415,1135,160583,116661240.0,OI2109
2021-07-22 10:49:00,10416,10416,10408,10410,1021,160707,107501090.0,OI2109
2021-07-22 10:50:00,10410,10415,10409,10413,427,160749,44958830.0,OI2109
2021-07-22 10:51:00,10412,10421,10411,10418,989,160506,101253180.0,OI2109
2021-07-22 10:52:00,10419,10420,10416,10419,553,160477,58219840.0,OI2109
2021-07-22 10:53:00,10418,10424,10416,10422,909,160447,95699520.0,OI2109
2021-07-22 10:54:00,10422,10432,10422,10427,1909,160446,198067180.0,OI2109
2021-07-22 10:55:00,10427,10434,10426,10434,971,160532,102217170.0,OI2109
2021-07-22 10:56:00,10434,10439,10433,10438,1476,160389,152441710.0,OI2109
2021-07-22 10:57:00,10438,10438,10432,10434,964,160409,101470640.0,OI2109
2021-07-22 10:58:00,10435,10439,10433,10436,709,160442,74629340.0,OI2109
2021-07-22 10:59:00,10437,10437,10419,10419,1195,160335,122820210.0,OI2109
2021-07-22 11:00:00,10419,10420,10406,10408,1689,160269,177767250.0,OI2109
2021-07-22 11:01:00,10409,10414,10409,10412,769,160261,80937250.0,OI2109
2021-07-22 11:02:00,10412,10420,10411,10420,697,160177,70362210.0,OI2109
2021-07-22 11:03:00,10422,10431,10422,10431,1046,160162,110081040.0,OI2109
2021-07-22 11:04:00,10431,10431,10425,10429,478,160180,50304720.0,OI2109
2021-07-22 11:05:00,10428,10429,10422,10426,704,160282,74088960.0,OI2109
2021-07-22 11:06:00,10426,10429,10418,10421,848,160111,86215720.0,OI2109
2021-07-22 11:07:00,10422,10427,10419,10420,1016,159922,106913680.0,OI2109
2021-07-22 11:08:00,10421,10427,10420,10424,852,159773,89655960.0,OI2109
2021-07-22 11:09:00,10424,10426,10420,10424,408,159714,42933840.0,OI2109
2021-07-22 11:10:00,10424,10425,10421,10422,442,159770,43456680.0,OI2109
2021-07-22 11:11:00,10421,10423,10420,10423,331,159745,34827820.0,OI2109
2021-07-22 11:12:00,10422,10424,10419,10423,433,159637,45560260.0,OI2109
2021-07-22 11:13:00,10421,10422,10414,10417,468,159599,49242960.0,OI2109
2021-07-22 11:14:00,10417,10418,10414,10415,816,159926,85859520.0,OI2109
2021-07-22 11:15:00,10415,10419,10415,10417,1063,159645,108762770.0,OI2109
2021-07-22 11:16:00,10416,10416,10406,10407,1267,159592,133301070.0,OI2109
2021-07-22 11:17:00,10406,10412,10405,10410,779,159579,81958590.0,OI2109
2021-07-22 11:18:00,10410,10411,10402,10408,912,159637,92835850.0,OI2109
2021-07-22 11:19:00,10408,10409,10405,10408,492,159683,51758400.0,OI2109
2021-07-22 11:20:00,10408,10410,10406,10407,451,159689,47445200.0,OI2109
2021-07-22 11:21:00,10406,10408,10400,10401,913,159700,96047600.0,OI2109
2021-07-22 11:22:00,10402,10402,10396,10401,960,159617,97848170.0,OI2109
2021-07-22 11:23:00,10401,10401,10395,10399,651,159612,68478690.0,OI2109
2021-07-22 11:24:00,10400,10400,10395,10397,706,159629,74264140.0,OI2109
2021-07-22 11:25:00,10397,10400,10393,10396,992,159530,101181160.0,OI2109
2021-07-22 11:26:00,10397,10401,10393,10398,622,159501,65421960.0,OI2109
2021-07-22 11:27:00,10398,10408,10397,10402,722,159325,75939960.0,OI2109
2021-07-22 11:28:00,10402,10403,10394,10395,544,159267,57217920.0,OI2109
2021-07-22 11:29:00,10395,10400,10393,10396,695,159069,69906950.0,OI2109
2021-07-22 13:30:00,10395,10402,10387,10402,1695,159176,178263150.0,OI2109
2021-07-22 13:31:00,10401,10403,10391,10392,857,159222,86912020.0,OI2109
2021-07-22 13:32:00,10392,10403,10391,10401,943,159041,99165880.0,OI2109
2021-07-22 13:33:00,10402,10406,10400,10403,482,159023,50687120.0,OI2109
2021-07-22 13:34:00,10404,10405,10400,10401,487,159050,51212920.0,OI2109
2021-07-22 13:35:00,10400,10405,10399,10402,542,159044,53753510.0,OI2109
2021-07-22 13:36:00,10404,10408,10400,10407,426,159039,44793900.0,OI2109
2021-07-22 13:37:00,10408,10408,10403,10406,370,159057,38905500.0,OI2109
2021-07-22 13:38:00,10407,10407,10396,10397,591,159058,62143650.0,OI2109
2021-07-22 13:39:00,10397,10397,10392,10396,787,159130,82753050.0,OI2109
2021-07-22 13:40:00,10396,10401,10394,10395,388,159157,40798200.0,OI2109
2021-07-22 13:41:00,10395,10398,10391,10397,577,159094,57396950.0,OI2109
2021-07-22 13:42:00,10397,10397,10393,10395,317,159096,33329380.0,OI2109
2021-07-22 13:43:00,10395,10396,10393,10394,211,159101,22184540.0,OI2109
2021-07-22 13:44:00,10394,10395,10389,10390,695,159197,73072300.0,OI2109
2021-07-22 13:45:00,10391,10396,10389,10396,506,159250,53200840.0,OI2109
2021-07-22 13:46:00,10395,10395,10389,10392,510,159188,53621400.0,OI2109
2021-07-22 13:47:00,10393,10399,10392,10399,442,159185,43170470.0,OI2109
2021-07-22 13:48:00,10399,10401,10396,10400,496,159104,52144480.0,OI2109
2021-07-22 13:49:00,10401,10402,10397,10400,637,159047,66967810.0,OI2109
2021-07-22 13:50:00,10400,10402,10397,10401,331,159064,34798030.0,OI2109
2021-07-22 13:51:00,10402,10402,10392,10392,718,159122,75483340.0,OI2109
2021-07-22 13:52:00,10392,10394,10391,10393,533,159220,52705730.0,OI2109
2021-07-22 13:53:00,10393,10396,10392,10394,265,159198,27856800.0,OI2109
2021-07-22 13:54:00,10393,10394,10389,10389,426,159188,44781120.0,OI2109
2021-07-22 13:55:00,10388,10389,10377,10385,1832,159139,189226050.0,OI2109
2021-07-22 13:56:00,10385,10392,10385,10391,540,159162,56759400.0,OI2109
2021-07-22 13:57:00,10391,10392,10388,10389,255,159133,26803050.0,OI2109
2021-07-22 13:58:00,10389,10389,10386,10386,366,159131,38470260.0,OI2109
2021-07-22 13:59:00,10386,10391,10385,10385,538,159176,56549180.0,OI2109
2021-07-22 14:00:00,10386,10390,10381,10388,727,159261,76414970.0,OI2109
2021-07-22 14:01:00,10389,10397,10387,10397,919,159184,93208850.0,OI2109
2021-07-22 14:02:00,10395,10397,10391,10393,443,159154,46559300.0,OI2109
2021-07-22 14:03:00,10392,10396,10391,10395,318,159180,33421800.0,OI2109
2021-07-22 14:04:00,10394,10400,10394,10400,484,159181,50868400.0,OI2109
2021-07-22 14:05:00,10400,10416,10400,10416,1951,158589,201630900.0,OI2109
2021-07-22 14:06:00,10417,10422,10415,10421,1764,158419,185378760.0,OI2109
2021-07-22 14:07:00,10420,10422,10413,10421,1789,158520,184551280.0,OI2109
2021-07-22 14:08:00,10421,10422,10412,10412,784,158427,82382720.0,OI2109
2021-07-22 14:09:00,10412,10420,10410,10418,849,158350,89212920.0,OI2109
2021-07-22 14:10:00,10418,10421,10411,10413,927,158290,97409160.0,OI2109
2021-07-22 14:11:00,10413,10415,10406,10410,811,158219,81731440.0,OI2109
2021-07-22 14:12:00,10410,10416,10408,10411,634,158283,66614380.0,OI2109
2021-07-22 14:13:00,10411,10411,10403,10403,680,158287,71447600.0,OI2109
2021-07-22 14:14:00,10403,10411,10402,10411,671,158206,70501970.0,OI2109
2021-07-22 14:15:00,10410,10410,10392,10399,1647,158084,169525530.0,OI2109
2021-07-22 14:16:00,10398,10404,10397,10399,793,158081,83312580.0,OI2109
2021-07-22 14:17:00,10400,10419,10399,10418,1131,158037,118822860.0,OI2109
2021-07-22 14:18:00,10420,10444,10420,10444,2816,157732,292276800.0,OI2109
2021-07-22 14:19:00,10445,10445,10432,10434,1907,157773,200330350.0,OI2109
2021-07-22 14:20:00,10433,10436,10411,10416,2061,157505,212896210.0,OI2109
2021-07-22 14:21:00,10416,10429,10414,10427,1414,157325,148526560.0,OI2109
2021-07-22 14:22:00,10426,10441,10423,10437,1779,157246,186866160.0,OI2109
2021-07-22 14:23:00,10436,10445,10436,10441,1442,157031,151467680.0,OI2109
2021-07-22 14:24:00,10441,10452,10441,10445,2019,156756,208397380.0,OI2109
2021-07-22 14:25:00,10447,10456,10447,10455,1299,156794,136433970.0,OI2109
2021-07-22 14:26:00,10455,10455,10447,10448,1306,156843,137169180.0,OI2109
2021-07-22 14:27:00,10447,10456,10446,10452,1121,156849,117738630.0,OI2109
2021-07-22 14:28:00,10452,10458,10452,10455,1036,156787,108811080.0,OI2109
2021-07-22 14:29:00,10455,10457,10451,10453,917,156645,92577340.0,OI2109
2021-07-22 14:30:00,10453,10454,10440,10443,1645,156478,172757900.0,OI2109
2021-07-22 14:31:00,10443,10450,10441,10442,924,156535,97038480.0,OI2109
2021-07-22 14:32:00,10441,10452,10441,10452,1063,156470,111636260.0,OI2109
2021-07-22 14:33:00,10451,10454,10447,10452,815,156452,85591300.0,OI2109
2021-07-22 14:34:00,10453,10457,10449,10449,792,156344,83175840.0,OI2109
2021-07-22 14:35:00,10448,10456,10446,10452,741,156350,77819820.0,OI2109
2021-07-22 14:36:00,10452,10455,10447,10449,646,156264,67842920.0,OI2109
2021-07-22 14:37:00,10449,10456,10449,10456,566,156194,55634230.0,OI2109
2021-07-22 14:38:00,10456,10457,10448,10450,669,156247,70251690.0,OI2109
2021-07-22 14:39:00,10451,10454,10448,10450,475,156183,49879750.0,OI2109
2021-07-22 14:40:00,10451,10452,10441,10445,1145,155988,120236450.0,OI2109
2021-07-22 14:41:00,10445,10448,10436,10441,1298,155657,136302980.0,OI2109
2021-07-22 14:42:00,10441,10441,10430,10433,1356,155643,142393560.0,OI2109
2021-07-22 14:43:00,10434,10444,10433,10437,895,155538,93983950.0,OI2109
2021-07-22 14:44:00,10439,10450,10438,10448,815,155566,81709530.0,OI2109
2021-07-22 14:45:00,10446,10448,10438,10443,694,155468,72870000.0,OI2109
2021-07-22 14:46:00,10444,10455,10444,10453,1051,155362,110355000.0,OI2109
2021-07-22 14:47:00,10453,10454,10450,10450,494,155341,51870000.0,OI2109
2021-07-22 14:48:00,10452,10452,10445,10445,588,155288,61740000.0,OI2109
2021-07-22 14:49:00,10446,10451,10445,10449,329,155271,34545000.0,OI2109
2021-07-22 14:50:00,10449,10452,10445,10445,539,155221,56595000.0,OI2109
2021-07-22 14:51:00,10447,10447,10435,10437,818,155007,85890000.0,OI2109
2021-07-22 14:52:00,10436,10449,10436,10448,671,154958,70455000.0,OI2109
2021-07-22 14:53:00,10448,10449,10441,10442,578,154802,60690000.0,OI2109
2021-07-22 14:54:00,10441,10446,10440,10446,679,154708,71295000.0,OI2109
2021-07-22 14:55:00,10445,10448,10441,10446,995,154475,100527020.0,OI2109
2021-07-22 14:56:00,10445,10448,10443,10447,717,154208,75277830.0,OI2109
2021-07-22 14:57:00,10447,10448,10443,10445,933,153894,97955670.0,OI2109
2021-07-22 14:58:00,10446,10448,10440,10442,1135,153604,119163650.0,OI2109
2021-07-22 14:59:00,10442,10443,10435,10438,1028,153249,107929720.0,OI2109
2021-07-22 21:00:00,10332,10376,10332,10355,7527,152938,779270310.0,OI2109
2021-07-22 21:01:00,10355,10368,10331,10362,7221,153327,747442650.0,OI2109
2021-07-22 21:02:00,10361,10374,10357,10374,3168,153023,328309680.0,OI2109
2021-07-22 21:03:00,10374,10384,10368,10369,3026,153240,314149720.0,OI2109
2021-07-22 21:04:00,10369,10369,10357,10365,2398,153442,248384840.0,OI2109
2021-07-22 21:05:00,10364,10396,10363,10396,3787,153905,393071270.0,OI2109
2021-07-22 21:06:00,10395,10395,10383,10390,2138,154036,222103480.0,OI2109
2021-07-22 21:07:00,10390,10392,10382,10391,1833,153938,190575750.0,OI2109
2021-07-22 21:08:00,10391,10404,10390,10399,1920,154074,199668360.0,OI2109
2021-07-22 21:09:00,10399,10402,10381,10381,2265,153866,235165380.0,OI2109
2021-07-22 21:10:00,10381,10387,10375,10375,1630,153744,169367530.0,OI2109
2021-07-22 21:11:00,10374,10389,10374,10389,1469,153694,152320610.0,OI2109
2021-07-22 21:12:00,10388,10396,10388,10390,1520,153752,158007820.0,OI2109
2021-07-22 21:13:00,10389,10393,10386,10388,925,153654,96330770.0,OI2109
2021-07-22 21:14:00,10387,10409,10385,10407,2067,153845,214797510.0,OI2109
2021-07-22 21:15:00,10406,10416,10390,10393,2565,153942,266950980.0,OI2109
2021-07-22 21:16:00,10390,10390,10378,10380,1660,153810,172208400.0,OI2109
2021-07-22 21:17:00,10380,10380,10364,10375,2187,153853,226879380.0,OI2109
2021-07-22 21:18:00,10373,10381,10368,10376,1957,154314,203019180.0,OI2109
2021-07-22 21:19:00,10374,10381,10367,10381,1192,154544,123658080.0,OI2109
2021-07-22 21:20:00,10381,10395,10380,10394,1509,154612,156543660.0,OI2109
2021-07-22 21:21:00,10394,10418,10393,10412,2281,154558,237755840.0,OI2109
2021-07-22 21:22:00,10411,10424,10411,10421,1478,154688,153934510.0,OI2109
2021-07-22 21:23:00,10420,10429,10403,10404,2228,154461,231799070.0,OI2109
2021-07-22 21:24:00,10403,10408,10398,10400,1817,154290,189185940.0,OI2109
2021-07-22 21:25:00,10401,10408,10398,10404,1027,154229,106592330.0,OI2109
2021-07-22 21:26:00,10404,10412,10403,10408,678,154251,71004350.0,OI2109
2021-07-22 21:27:00,10408,10415,10402,10404,1084,154449,112519200.0,OI2109
2021-07-22 21:28:00,10405,10405,10395,10398,745,154446,77331000.0,OI2109
2021-07-22 21:29:00,10399,10401,10392,10395,1063,154479,111003050.0,OI2109
2021-07-22 21:30:00,10397,10412,10396,10396,2380,154424,247067800.0,OI2109
2021-07-22 21:31:00,10396,10399,10377,10397,2666,154499,277471570.0,OI2109
2021-07-22 21:32:00,10398,10409,10392,10395,1548,154449,160713360.0,OI2109
2021-07-22 21:33:00,10396,10396,10387,10389,872,154482,90531040.0,OI2109
2021-07-22 21:34:00,10387,10389,10379,10384,1588,154482,164866160.0,OI2109
2021-07-22 21:35:00,10383,10387,10373,10376,1955,154350,202968100.0,OI2109
2021-07-22 21:36:00,10376,10376,10352,10354,4769,153984,494296150.0,OI2109
2021-07-22 21:37:00,10355,10355,10343,10343,2688,154028,278192970.0,OI2109
2021-07-22 21:38:00,10343,10343,10324,10334,3276,154244,338286660.0,OI2109
2021-07-22 21:39:00,10333,10342,10324,10332,3008,154610,311259090.0,OI2109
2021-07-22 21:40:00,10335,10345,10327,10343,2670,154648,275190200.0,OI2109
2021-07-22 21:41:00,10342,10348,10332,10346,3134,154901,324183310.0,OI2109
2021-07-22 21:42:00,10346,10346,10340,10343,2241,155497,231489740.0,OI2109
2021-07-22 21:43:00,10344,10359,10342,10359,2094,155373,217210620.0,OI2109
2021-07-22 21:44:00,10359,10371,10356,10360,1969,155265,204244370.0,OI2109
2021-07-22 21:45:00,10358,10365,10349,10363,1742,155260,180697660.0,OI2109
2021-07-22 21:46:00,10362,10363,10350,10351,1094,155221,112420030.0,OI2109
2021-07-22 21:47:00,10353,10357,10345,10347,1193,155223,123737960.0,OI2109
2021-07-22 21:48:00,10346,10347,10335,10338,1418,155301,147074960.0,OI2109
2021-07-22 21:49:00,10338,10342,10333,10335,1055,155372,108327350.0,OI2109
2021-07-22 21:50:00,10336,10346,10335,10344,1235,155397,128081850.0,OI2109
2021-07-22 21:51:00,10345,10345,10338,10340,981,155384,101739510.0,OI2109
2021-07-22 21:52:00,10340,10345,10337,10344,920,155335,95413200.0,OI2109
2021-07-22 21:53:00,10344,10350,10342,10343,806,155299,82453590.0,OI2109
2021-07-22 21:54:00,10343,10353,10335,10351,1312,155293,136054400.0,OI2109
2021-07-22 21:55:00,10352,10352,10343,10347,1394,155479,144557800.0,OI2109
2021-07-22 21:56:00,10347,10351,10337,10339,2144,155418,221147630.0,OI2109
2021-07-22 21:57:00,10338,10342,10336,10337,635,155454,65843150.0,OI2109
2021-07-22 21:58:00,10337,10339,10328,10331,1349,155554,139877810.0,OI2109
2021-07-22 21:59:00,10331,10341,10331,10339,633,155520,65635770.0,OI2109
2021-07-22 22:00:00,10339,10350,10339,10345,1126,155305,115532340.0,OI2109
2021-07-22 22:01:00,10347,10351,10343,10346,804,155308,83358720.0,OI2109
2021-07-22 22:02:00,10346,10351,10343,10348,781,155261,80974080.0,OI2109
2021-07-22 22:03:00,10348,10360,10345,10360,1054,155202,109278720.0,OI2109
2021-07-22 22:04:00,10358,10361,10352,10361,1092,155099,113218560.0,OI2109
2021-07-22 22:05:00,10361,10362,10355,10357,902,155102,93519360.0,OI2109
2021-07-22 22:06:00,10357,10370,10357,10364,1401,155047,145255680.0,OI2109
2021-07-22 22:07:00,10364,10365,10360,10365,813,154997,84291840.0,OI2109
2021-07-22 22:08:00,10366,10366,10363,10365,574,155037,59512320.0,OI2109
2021-07-22 22:09:00,10365,10372,10363,10369,990,155003,102643200.0,OI2109
2021-07-22 22:10:00,10369,10376,10367,10373,973,155071,100880640.0,OI2109
2021-07-22 22:11:00,10375,10382,10375,10377,1169,155090,121201920.0,OI2109
2021-07-22 22:12:00,10377,10391,10377,10387,2069,155472,214513920.0,OI2109
2021-07-22 22:13:00,10385,10399,10385,10394,2352,155599,245227700.0,OI2109
2021-07-22 22:14:00,10393,10399,10391,10395,2693,155377,279237170.0,OI2109
2021-07-22 22:15:00,10395,10404,10393,10404,2545,155338,265315770.0,OI2109
2021-07-22 22:16:00,10404,10407,10402,10407,1158,155351,120084600.0,OI2109
2021-07-22 22:17:00,10405,10411,10401,10403,1460,155379,151402000.0,OI2109
2021-07-22 22:18:00,10404,10408,10404,10406,1034,155364,107225800.0,OI2109
2021-07-22 22:19:00,10407,10411,10406,10410,1125,155378,118134990.0,OI2109
2021-07-22 22:20:00,10410,10418,10404,10404,1990,155378,206382900.0,OI2109
2021-07-22 22:21:00,10405,10410,10396,10396,1994,155501,208310070.0,OI2109
2021-07-22 22:22:00,10397,10405,10397,10403,1836,155762,190429920.0,OI2109
2021-07-22 22:23:00,10403,10410,10403,10406,818,155811,84842960.0,OI2109
2021-07-22 22:24:00,10407,10416,10407,10415,1055,155804,110974020.0,OI2109
2021-07-22 22:25:00,10414,10420,10410,10410,1240,155692,128625200.0,OI2109
2021-07-22 22:26:00,10412,10413,10409,10412,553,155642,57362690.0,OI2109
2021-07-22 22:27:00,10413,10415,10401,10407,1222,155737,126758060.0,OI2109
2021-07-22 22:28:00,10407,10412,10405,10408,865,155607,91314670.0,OI2109
2021-07-22 22:29:00,10408,10409,10402,10403,952,155465,98760480.0,OI2109
2021-07-22 22:30:00,10404,10404,10396,10403,1255,155301,130193700.0,OI2109
2021-07-22 22:31:00,10403,10404,10386,10393,2030,155175,210592200.0,OI2109
2021-07-22 22:32:00,10393,10400,10392,10398,999,155060,103636260.0,OI2109
2021-07-22 22:33:00,10398,10404,10398,10402,851,155068,88282740.0,OI2109
2021-07-22 22:34:00,10402,10409,10401,10407,969,154859,102182840.0,OI2109
2021-07-22 22:35:00,10407,10412,10399,10401,955,154867,99081250.0,OI2109
2021-07-22 22:36:00,10401,10415,10400,10410,776,154831,80510000.0,OI2109
2021-07-22 22:37:00,10410,10417,10409,10412,758,154903,78642500.0,OI2109
2021-07-22 22:38:00,10412,10425,10411,10418,1564,154907,163964310.0,OI2109
2021-07-22 22:39:00,10418,10425,10417,10422,915,154871,94940400.0,OI2109
2021-07-22 22:40:00,10423,10423,10415,10418,922,154867,95666720.0,OI2109
2021-07-22 22:41:00,10418,10418,10404,10405,1483,154670,153876080.0,OI2109
2021-07-22 22:42:00,10405,10408,10401,10407,1064,154678,110400640.0,OI2109
2021-07-22 22:43:00,10407,10413,10406,10407,669,154610,71165280.0,OI2109
2021-07-22 22:44:00,10408,10408,10401,10406,786,154544,81563220.0,OI2109
2021-07-22 22:45:00,10405,10406,10401,10403,448,154470,46488960.0,OI2109
2021-07-22 22:46:00,10404,10407,10394,10394,952,154368,98789040.0,OI2109
2021-07-22 22:47:00,10395,10400,10390,10400,1094,154071,113524380.0,OI2109
2021-07-22 22:48:00,10400,10401,10387,10390,896,153924,92977920.0,OI2109
2021-07-22 22:49:00,10391,10391,10379,10382,1471,153696,152645670.0,OI2109
2021-07-22 22:50:00,10382,10386,10374,10375,1434,153577,148806180.0,OI2109
2021-07-22 22:51:00,10374,10375,10360,10363,1830,153438,189899100.0,OI2109
2021-07-22 22:52:00,10364,10364,10349,10350,1786,153515,185333220.0,OI2109
2021-07-22 22:53:00,10350,10357,10348,10349,1679,153458,174229830.0,OI2109
2021-07-22 22:54:00,10348,10358,10347,10350,1272,153404,130109120.0,OI2109
2021-07-22 22:55:00,10348,10351,10342,10345,1364,153181,141528640.0,OI2109
2021-07-22 22:56:00,10345,10345,10340,10343,883,153165,91620080.0,OI2109
2021-07-22 22:57:00,10343,10352,10342,10343,1079,152873,111957040.0,OI2109
2021-07-22 22:58:00,10345,10352,10344,10352,698,152630,72424480.0,OI2109
2021-07-22 22:59:00,10352,10355,10344,10345,899,152244,93280240.0,OI2109
2021-07-23 09:00:00,10380,10409,10367,10374,4930,152452,511536800.0,OI2109
2021-07-23 09:01:00,10372,10372,10355,10371,2748,152517,285132480.0,OI2109
2021-07-23 09:02:00,10371,10372,10362,10370,1767,152657,183343920.0,OI2109
2021-07-23 09:03:00,10369,10391,10367,10386,2130,152526,221008800.0,OI2109
2021-07-23 09:04:00,10386,10388,10379,10387,2032,152497,210840320.0,OI2109
2021-07-23 09:05:00,10387,10387,10366,10367,1897,152596,196832720.0,OI2109
2021-07-23 09:06:00,10367,10378,10364,10376,972,152600,100854720.0,OI2109
2021-07-23 09:07:00,10378,10398,10376,10394,2204,152929,228687040.0,OI2109
2021-07-23 09:08:00,10393,10397,10384,10395,1409,152999,146197840.0,OI2109
2021-07-23 09:09:00,10395,10411,10395,10405,1870,152910,194031200.0,OI2109
2021-07-23 09:10:00,10406,10413,10393,10395,1739,152988,180438640.0,OI2109
2021-07-23 09:11:00,10394,10404,10394,10403,1019,152927,105731440.0,OI2109
2021-07-23 09:12:00,10402,10407,10396,10406,864,152928,91840000.0,OI2109
2021-07-23 09:13:00,10407,10419,10406,10417,1496,153033,155239920.0,OI2109
2021-07-23 09:14:00,10418,10421,10413,10416,1329,153146,137910330.0,OI2109
2021-07-23 09:15:00,10414,10415,10398,10400,1758,153008,182427660.0,OI2109
2021-07-23 09:16:00,10399,10400,10392,10396,1102,152999,114354540.0,OI2109
2021-07-23 09:17:00,10396,10410,10396,10402,1156,152963,122217890.0,OI2109
2021-07-23 09:18:00,10402,10410,10400,10406,790,152988,81986200.0,OI2109
2021-07-23 09:19:00,10405,10408,10401,10401,644,152990,66834320.0,OI2109
2021-07-23 09:20:00,10401,10417,10401,10416,1198,152972,124328440.0,OI2109
2021-07-23 09:21:00,10416,10419,10412,10415,1010,153086,104817800.0,OI2109
2021-07-23 09:22:00,10414,10416,10405,10409,1091,153001,113223980.0,OI2109
2021-07-23 09:23:00,10408,10410,10401,10403,488,152972,50644640.0,OI2109
2021-07-23 09:24:00,10402,10413,10401,10408,688,153024,71400640.0,OI2109
2021-07-23 09:25:00,10407,10412,10404,10406,591,153102,61333980.0,OI2109
2021-07-23 09:26:00,10405,10408,10397,10399,680,153053,70570400.0,OI2109
2021-07-23 09:27:00,10400,10402,10386,10397,2167,152685,227244500.0,OI2109
2021-07-23 09:28:00,10397,10403,10394,10398,1211,152524,125689690.0,OI2109
2021-07-23 09:29:00,10397,10405,10397,10404,542,152510,56254180.0,OI2109
2021-07-23 09:30:00,10403,10411,10401,10404,983,152530,102025570.0,OI2109
2021-07-23 09:31:00,10405,10408,10399,10401,767,152526,79606930.0,OI2109
2021-07-23 09:32:00,10402,10402,10391,10392,1113,152650,115518270.0,OI2109
2021-07-23 09:33:00,10392,10400,10391,10397,723,152660,75040170.0,OI2109
2021-07-23 09:34:00,10397,10399,10389,10394,1140,152814,118320600.0,OI2109
2021-07-23 09:35:00,10395,10398,10392,10397,929,152846,96420910.0,OI2109
2021-07-23 09:36:00,10398,10401,10396,10398,835,152749,86664650.0,OI2109
2021-07-23 09:37:00,10397,10399,10387,10392,792,152699,82201680.0,OI2109
2021-07-23 09:38:00,10393,10406,10391,10402,930,152621,96524700.0,OI2109
2021-07-23 09:39:00,10404,10409,10399,10400,545,152670,56565550.0,OI2109
2021-07-23 09:40:00,10400,10405,10397,10400,628,152703,67644740.0,OI2109
2021-07-23 09:41:00,10400,10403,10400,10400,324,152726,33631200.0,OI2109
2021-07-23 09:42:00,10401,10408,10394,10408,542,152730,56259600.0,OI2109
2021-07-23 09:43:00,10409,10409,10390,10396,1173,152843,121757400.0,OI2109
2021-07-23 09:44:00,10396,10401,10393,10395,367,152878,38094600.0,OI2109
2021-07-23 09:45:00,10394,10395,10385,10387,839,152777,87088200.0,OI2109
2021-07-23 09:46:00,10387,10393,10385,10387,574,152827,59581200.0,OI2109
2021-07-23 09:47:00,10387,10395,10382,10383,933,152808,96845400.0,OI2109
2021-07-23 09:48:00,10382,10385,10380,10384,653,152822,67781400.0,OI2109
2021-07-23 09:49:00,10384,10386,10381,10384,455,152878,47229000.0,OI2109
2021-07-23 09:50:00,10384,10388,10374,10378,1119,152917,116152200.0,OI2109
2021-07-23 09:51:00,10378,10378,10370,10371,845,152890,87711000.0,OI2109
2021-07-23 09:52:00,10372,10373,10369,10371,630,152928,65394000.0,OI2109
2021-07-23 09:53:00,10371,10375,10370,10371,905,153016,93939000.0,OI2109
2021-07-23 09:54:00,10372,10372,10364,10364,1135,153164,117813000.0,OI2109
2021-07-23 09:55:00,10365,10367,10361,10365,1085,153174,112623000.0,OI2109
2021-07-23 09:56:00,10364,10367,10362,10363,1031,153338,107017800.0,OI2109
2021-07-23 09:57:00,10363,10365,10360,10361,907,153265,91546810.0,OI2109
2021-07-23 09:58:00,10361,10363,10358,10361,1042,153316,108149180.0,OI2109
2021-07-23 09:59:00,10362,10372,10361,10368,1207,153352,125274530.0,OI2109
2021-07-23 10:00:00,10368,10383,10368,10382,1257,153348,130464030.0,OI2109
2021-07-23 10:01:00,10381,10384,10369,10372,1190,153213,123510100.0,OI2109
2021-07-23 10:02:00,10371,10375,10369,10370,387,153289,40166730.0,OI2109
2021-07-23 10:03:00,10371,10371,10363,10364,680,153338,70577200.0,OI2109
2021-07-23 10:04:00,10364,10370,10362,10364,674,153325,69954460.0,OI2109
2021-07-23 10:05:00,10363,10372,10363,10369,676,153290,70162040.0,OI2109
2021-07-23 10:06:00,10368,10374,10364,10374,640,153202,66425600.0,OI2109
2021-07-23 10:07:00,10373,10374,10369,10370,509,153172,52829110.0,OI2109
2021-07-23 10:08:00,10369,10369,10364,10368,532,153194,55216280.0,OI2109
2021-07-23 10:09:00,10367,10368,10361,10362,749,153241,77738710.0,OI2109
2021-07-23 10:10:00,10362,10366,10358,10365,905,153260,93929950.0,OI2109
2021-07-23 10:11:00,10364,10365,10361,10361,433,153309,44941070.0,OI2109
2021-07-23 10:12:00,10361,10362,10356,10358,945,153319,98081550.0,OI2109
2021-07-23 10:13:00,10358,10367,10357,10364,699,153267,72549210.0,OI2109
2021-07-23 10:14:00,10363,10366,10359,10364,383,153241,39751570.0,OI2109
2021-07-23 10:30:00,10363,10378,10357,10377,1042,153180,108149180.0,OI2109
2021-07-23 10:31:00,10377,10382,10373,10378,773,153158,80229670.0,OI2109
2021-07-23 10:32:00,10376,10379,10368,10378,989,153182,102648310.0,OI2109
2021-07-23 10:33:00,10378,10387,10375,10383,999,153163,103686210.0,OI2109
2021-07-23 10:34:00,10383,10384,10374,10380,1017,153189,105554430.0,OI2109
2021-07-23 10:35:00,10380,10381,10371,10381,744,153197,77219760.0,OI2109
2021-07-23 10:36:00,10380,10382,10371,10376,770,153226,79918300.0,OI2109
2021-07-23 10:37:00,10376,10386,10376,10384,845,153156,87702550.0,OI2109
2021-07-23 10:38:00,10385,10394,10384,10392,902,153187,93618580.0,OI2109
2021-07-23 10:39:00,10392,10394,10388,10393,676,153103,70162040.0,OI2109
2021-07-23 10:40:00,10393,10398,10390,10393,1200,152963,124548000.0,OI2109
2021-07-23 10:41:00,10393,10393,10386,10386,506,152976,52517740.0,OI2109
2021-07-23 10:42:00,10388,10395,10388,10394,518,152948,53763220.0,OI2109
2021-07-23 10:43:00,10393,10398,10391,10395,619,152964,64246010.0,OI2109
2021-07-23 10:44:00,10393,10399,10392,10396,491,152965,50960890.0,OI2109
2021-07-23 10:45:00,10396,10399,10391,10397,642,152933,66633180.0,OI2109
2021-07-23 10:46:00,10397,10408,10397,10406,1457,152965,151222030.0,OI2109
2021-07-23 10:47:00,10405,10406,10400,10403,709,152954,73587110.0,OI2109
2021-07-23 10:48:00,10404,10406,10392,10394,672,152896,69746880.0,OI2109
2021-07-23 10:49:00,10394,10401,10393,10399,413,152903,42865270.0,OI2109
2021-07-23 10:50:00,10399,10406,10393,10401,911,152921,94552690.0,OI2109
2021-07-23 10:51:00,10400,10405,10394,10398,1049,152859,108875710.0,OI2109
2021-07-23 10:52:00,10398,10404,10392,10398,873,152868,93525710.0,OI2109
2021-07-23 10:53:00,10399,10406,10399,10403,541,152880,56155800.0,OI2109
2021-07-23 10:54:00,10405,10413,10405,10410,950,152913,98610000.0,OI2109
2021-07-23 10:55:00,10410,10416,10409,10410,939,152863,97468200.0,OI2109
2021-07-23 10:56:00,10409,10409,10401,10404,753,152776,78161400.0,OI2109
2021-07-23 10:57:00,10404,10411,10404,10409,419,152819,43492200.0,OI2109
2021-07-23 10:58:00,10410,10413,10407,10407,921,153135,95599800.0,OI2109
2021-07-23 10:59:00,10407,10414,10406,10412,1017,152843,105564600.0,OI2109
2021-07-23 11:00:00,10412,10418,10410,10411,919,152927,95392200.0,OI2109
2021-07-23 11:01:00,10410,10413,10402,10405,750,152842,77850000.0,OI2109
2021-07-23 11:02:00,10405,10409,10403,10409,453,152800,47021400.0,OI2109
2021-07-23 11:03:00,10409,10411,10402,10404,546,152754,56674800.0,OI2109
2021-07-23 11:04:00,10403,10409,10403,10404,415,152747,43077000.0,OI2109
2021-07-23 11:05:00,10405,10421,10404,10418,1214,152815,129028610.0,OI2109
2021-07-23 11:06:00,10418,10420,10413,10418,627,152814,65088870.0,OI2109
2021-07-23 11:07:00,10418,10430,10418,10425,1303,152798,135264430.0,OI2109
2021-07-23 11:08:00,10426,10429,10419,10420,1048,152788,108792880.0,OI2109
2021-07-23 11:09:00,10421,10429,10420,10428,578,152784,60002180.0,OI2109
2021-07-23 11:10:00,10427,10434,10427,10432,1051,152880,109104310.0,OI2109
2021-07-23 11:11:00,10432,10434,10425,10428,930,152866,96543300.0,OI2109
2021-07-23 11:12:00,10428,10434,10427,10427,638,152909,66230780.0,OI2109
2021-07-23 11:13:00,10428,10433,10423,10424,528,152899,57894120.0,OI2109
2021-07-23 11:14:00,10423,10436,10422,10433,940,152929,97590800.0,OI2109
2021-07-23 11:15:00,10433,10438,10432,10435,734,152948,76203880.0,OI2109
2021-07-23 11:16:00,10434,10441,10425,10425,1108,152902,115032560.0,OI2109
2021-07-23 11:17:00,10427,10433,10426,10427,560,152867,58139200.0,OI2109
2021-07-23 11:18:00,10428,10428,10421,10428,930,152943,96552600.0,OI2109
2021-07-23 11:19:00,10427,10435,10427,10430,1418,153223,147216760.0,OI2109
2021-07-23 11:20:00,10431,10441,10430,10432,1655,152950,174977990.0,OI2109
2021-07-23 11:21:00,10433,10434,10428,10428,434,152956,45062220.0,OI2109
2021-07-23 11:22:00,10428,10450,10428,10448,1606,152986,166750980.0,OI2109
2021-07-23 11:23:00,10448,10450,10444,10447,994,153277,103207020.0,OI2109
2021-07-23 11:24:00,10448,10454,10440,10442,999,153244,103726170.0,OI2109
2021-07-23 11:25:00,10442,10449,10440,10443,666,153158,72353660.0,OI2109
2021-07-23 11:26:00,10442,10442,10413,10418,2047,152632,212560480.0,OI2109
2021-07-23 11:27:00,10418,10423,10415,10415,1187,152520,123258080.0,OI2109
2021-07-23 11:28:00,10415,10424,10415,10419,546,152519,56696640.0,OI2109
2021-07-23 11:29:00,10417,10419,10414,10414,557,152387,57838880.0,OI2109
2021-07-23 13:30:00,10419,10425,10404,10405,1617,152467,167909280.0,OI2109
2021-07-23 13:31:00,10403,10408,10396,10402,1508,152366,156590720.0,OI2109
2021-07-23 13:32:00,10402,10406,10394,10394,760,152339,78918400.0,OI2109
2021-07-23 13:33:00,10395,10400,10389,10389,916,152255,95117440.0,OI2109
2021-07-23 13:34:00,10389,10400,10388,10397,737,152401,76530080.0,OI2109
2021-07-23 13:35:00,10397,10410,10397,10406,906,152388,94079040.0,OI2109
2021-07-23 13:36:00,10407,10413,10406,10410,560,152382,61466690.0,OI2109
2021-07-23 13:37:00,10411,10425,10411,10424,972,152449,100942200.0,OI2109
2021-07-23 13:38:00,10424,10425,10418,10420,1024,152337,106342400.0,OI2109
2021-07-23 13:39:00,10419,10427,10419,10424,544,152371,56494400.0,OI2109
2021-07-23 13:40:00,10424,10431,10424,10428,680,152416,70618000.0,OI2109
2021-07-23 13:41:00,10428,10432,10428,10430,470,152409,48809500.0,OI2109
2021-07-23 13:42:00,10431,10431,10421,10431,888,152448,92218800.0,OI2109
2021-07-23 13:43:00,10431,10438,10431,10435,823,152488,85468550.0,OI2109
2021-07-23 13:44:00,10435,10442,10434,10440,793,152452,82353050.0,OI2109
2021-07-23 13:45:00,10440,10441,10433,10434,735,152400,76329750.0,OI2109
2021-07-23 13:46:00,10434,10439,10433,10435,520,152466,57392780.0,OI2109
2021-07-23 13:47:00,10435,10438,10434,10434,389,152426,40401540.0,OI2109
2021-07-23 13:48:00,10434,10434,10428,10428,665,152286,69066900.0,OI2109
2021-07-23 13:49:00,10429,10439,10428,10435,814,152229,84542040.0,OI2109
2021-07-23 13:50:00,10436,10441,10428,10429,1088,152355,112999680.0,OI2109
2021-07-23 13:51:00,10430,10438,10428,10438,553,152333,57434580.0,OI2109
2021-07-23 13:52:00,10438,10451,10438,10450,1260,152172,130863600.0,OI2109
2021-07-23 13:53:00,10449,10451,10446,10447,601,152226,62419860.0,OI2109
2021-07-23 13:54:00,10447,10453,10447,10451,928,152282,99835840.0,OI2109
2021-07-23 13:55:00,10451,10453,10447,10449,478,152202,49649860.0,OI2109
2021-07-23 13:56:00,10450,10454,10449,10450,623,152217,64711010.0,OI2109
2021-07-23 13:57:00,10449,10452,10443,10447,662,152178,68761940.0,OI2109
2021-07-23 13:58:00,10447,10450,10445,10446,500,152315,51935000.0,OI2109
2021-07-23 13:59:00,10446,10451,10445,10450,438,152374,45495060.0,OI2109
2021-07-23 14:00:00,10450,10451,10444,10449,435,152393,45183450.0,OI2109
2021-07-23 14:01:00,10449,10463,10448,10461,1259,152364,130772330.0,OI2109
2021-07-23 14:02:00,10460,10461,10456,10456,561,152417,58271070.0,OI2109
2021-07-23 14:03:00,10456,10461,10455,10459,479,152429,53261840.0,OI2109
2021-07-23 14:04:00,10458,10459,10450,10458,913,152388,94842440.0,OI2109
2021-07-23 14:05:00,10458,10460,10451,10452,845,152337,87778600.0,OI2109
2021-07-23 14:06:00,10452,10457,10451,10456,575,152402,59731000.0,OI2109
2021-07-23 14:07:00,10457,10459,10455,10456,556,152466,57757280.0,OI2109
2021-07-23 14:08:00,10455,10468,10455,10465,1551,152151,161117880.0,OI2109
2021-07-23 14:09:00,10464,10467,10457,10458,872,152205,94144590.0,OI2109
2021-07-23 14:10:00,10457,10462,10451,10453,681,152198,70749090.0,OI2109
2021-07-23 14:11:00,10452,10454,10441,10442,1297,152035,134745330.0,OI2109
2021-07-23 14:12:00,10442,10449,10438,10446,1059,151966,110019510.0,OI2109
2021-07-23 14:13:00,10447,10463,10446,10461,1158,152006,120304620.0,OI2109
2021-07-23 14:14:00,10460,10460,10455,10456,493,152007,51217770.0,OI2109
2021-07-23 14:15:00,10457,10473,10457,10473,1372,152100,146158910.0,OI2109
2021-07-23 14:16:00,10473,10476,10471,10474,1003,152163,104211700.0,OI2109
2021-07-23 14:17:00,10474,10486,10473,10484,1420,152324,147538000.0,OI2109
2021-07-23 14:18:00,10483,10495,10483,10491,1832,152451,194009180.0,OI2109
2021-07-23 14:19:00,10490,10500,10490,10497,1802,152800,187245820.0,OI2109
2021-07-23 14:20:00,10499,10499,10491,10499,1064,152896,114253280.0,OI2109
2021-07-23 14:21:00,10499,10506,10494,10504,1342,152964,139460640.0,OI2109
2021-07-23 14:22:00,10504,10515,10503,10508,1869,152698,197951630.0,OI2109
2021-07-23 14:23:00,10508,10513,10507,10509,1269,152678,131887170.0,OI2109
2021-07-23 14:24:00,10509,10518,10509,10517,1343,152582,139577990.0,OI2109
2021-07-23 14:25:00,10516,10520,10515,10516,1207,152638,129206850.0,OI2109
2021-07-23 14:26:00,10516,10522,10515,10517,932,152718,96872080.0,OI2109
2021-07-23 14:27:00,10517,10520,10512,10513,713,152579,74109220.0,OI2109
2021-07-23 14:28:00,10513,10516,10508,10510,841,152422,91201740.0,OI2109
2021-07-23 14:29:00,10509,10512,10505,10505,1054,152256,109563300.0,OI2109
2021-07-23 14:30:00,10505,10512,10497,10497,1251,152047,130041450.0,OI2109
2021-07-23 14:31:00,10500,10505,10498,10501,1534,152314,163285890.0,OI2109
2021-07-23 14:32:00,10501,10503,10492,10494,1567,152080,162905320.0,OI2109
2021-07-23 14:33:00,10494,10495,10486,10488,1847,151818,195874850.0,OI2109
2021-07-23 14:34:00,10487,10491,10485,10487,947,151669,98459590.0,OI2109
2021-07-23 14:35:00,10488,10488,10470,10471,1398,151446,145350060.0,OI2109
2021-07-23 14:36:00,10470,10477,10467,10467,1571,151405,163336870.0,OI2109
2021-07-23 14:37:00,10468,10480,10468,10473,1136,151423,122021170.0,OI2109
2021-07-23 14:38:00,10473,10474,10466,10468,909,151525,94517820.0,OI2109
2021-07-23 14:39:00,10468,10476,10462,10473,987,151558,102628260.0,OI2109
2021-07-23 14:40:00,10473,10475,10469,10474,567,151547,58956660.0,OI2109
2021-07-23 14:41:00,10473,10474,10460,10460,739,151598,76841220.0,OI2109
2021-07-23 14:42:00,10460,10460,10454,10458,1449,151932,150667020.0,OI2109
2021-07-23 14:43:00,10457,10461,10455,10459,879,151852,95364970.0,OI2109
2021-07-23 14:44:00,10459,10480,10458,10480,1317,151569,136954830.0,OI2109
2021-07-23 14:45:00,10480,10482,10468,10473,1138,151599,118340620.0,OI2109
2021-07-23 14:46:00,10472,10474,10457,10460,972,151495,101078280.0,OI2109
2021-07-23 14:47:00,10460,10460,10454,10457,1036,151655,107733640.0,OI2109
2021-07-23 14:48:00,10456,10456,10447,10450,1561,151499,166355180.0,OI2109
2021-07-23 14:49:00,10449,10455,10445,10450,1039,151476,108056000.0,OI2109
2021-07-23 14:50:00,10450,10457,10447,10453,789,151376,82056000.0,OI2109
2021-07-23 14:51:00,10455,10465,10453,10461,961,151442,99944000.0,OI2109
2021-07-23 14:52:00,10462,10462,10456,10461,817,151462,84968000.0,OI2109
2021-07-23 14:53:00,10460,10465,10455,10462,1107,151434,115128000.0,OI2109
2021-07-23 14:54:00,10462,10463,10453,10456,821,151375,85384000.0,OI2109
2021-07-23 14:55:00,10455,10457,10447,10450,1526,151211,158704000.0,OI2109
2021-07-23 14:56:00,10450,10457,10447,10451,582,151096,64631210.0,OI2109
2021-07-23 14:57:00,10450,10456,10448,10451,652,151017,67814520.0,OI2109
2021-07-23 14:58:00,10451,10455,10449,10455,1013,150813,105362130.0,OI2109
2021-07-23 14:59:00,10455,10472,10454,10471,1597,150602,166103970.0,OI2109
2021-07-23 21:00:00,10486,10515,10431,10432,8006,151410,838228200.0,OI2109
2021-07-23 21:01:00,10431,10460,10431,10458,2989,151610,312288600.0,OI2109
2021-07-23 21:02:00,10457,10464,10451,10462,1947,151500,203604660.0,OI2109
2021-07-23 21:03:00,10462,10462,10443,10455,1420,151529,148430980.0,OI2109
2021-07-23 21:04:00,10453,10453,10437,10448,1636,151566,170838360.0,OI2109
2021-07-23 21:05:00,10448,10449,10435,10439,1311,151498,136957510.0,OI2109
2021-07-23 21:06:00,10439,10446,10438,10439,832,151534,86837470.0,OI2109
2021-07-23 21:07:00,10440,10443,10430,10442,1523,151529,158882060.0,OI2109
2021-07-23 21:08:00,10441,10449,10438,10447,995,151491,104037200.0,OI2109
2021-07-23 21:09:00,10446,10447,10424,10428,1481,151509,154410560.0,OI2109
2021-07-23 21:10:00,10428,10437,10427,10427,1186,151321,123751180.0,OI2109
2021-07-23 21:11:00,10427,10436,10424,10432,1739,151159,181276370.0,OI2109
2021-07-23 21:12:00,10432,10437,10429,10429,717,151188,74933670.0,OI2109
2021-07-23 21:13:00,10427,10429,10415,10417,1590,151360,165623460.0,OI2109
2021-07-23 21:14:00,10416,10424,10415,10421,830,151498,86444680.0,OI2109
2021-07-23 21:15:00,10421,10426,10418,10425,1057,151588,110142770.0,OI2109
2021-07-23 21:16:00,10425,10432,10425,10431,830,151612,86710100.0,OI2109
2021-07-23 21:17:00,10431,10438,10430,10435,918,151658,95903460.0,OI2109
2021-07-23 21:18:00,10434,10438,10427,10436,1242,151992,129429250.0,OI2109
2021-07-23 21:19:00,10435,10437,10431,10434,2348,151799,244926110.0,OI2109
2021-07-23 21:20:00,10433,10435,10426,10429,2928,152168,305454350.0,OI2109
2021-07-23 21:21:00,10429,10431,10421,10425,3536,152395,368889230.0,OI2109
2021-07-23 21:22:00,10425,10426,10416,10425,1850,152377,192766390.0,OI2109
2021-07-23 21:23:00,10424,10424,10417,10419,701,152599,72762300.0,OI2109
2021-07-23 21:24:00,10419,10428,10418,10427,792,152539,82692720.0,OI2109
2021-07-23 21:25:00,10427,10427,10418,10419,1501,152525,156260360.0,OI2109
2021-07-23 21:26:00,10419,10419,10411,10415,1201,152605,125384400.0,OI2109
2021-07-23 21:27:00,10414,10417,10411,10415,612,152660,63415620.0,OI2109
2021-07-23 21:28:00,10415,10420,10396,10398,1840,152685,191582020.0,OI2109
2021-07-23 21:29:00,10397,10406,10397,10402,2260,152800,235380620.0,OI2109
2021-07-23 21:30:00,10402,10423,10397,10415,2615,152701,271838890.0,OI2109
2021-07-23 21:31:00,10415,10421,10404,10417,1696,152792,176977600.0,OI2109
2021-07-23 21:32:00,10416,10424,10407,10411,1285,152699,133515610.0,OI2109
2021-07-23 21:33:00,10411,10421,10409,10421,1028,152627,107261520.0,OI2109
2021-07-23 21:34:00,10421,10430,10421,10424,1043,152571,108826620.0,OI2109
2021-07-23 21:35:00,10423,10430,10420,10429,1124,152695,117278160.0,OI2109
2021-07-23 21:36:00,10429,10431,10419,10423,1083,152708,113000220.0,OI2109
2021-07-23 21:37:00,10423,10424,10415,10420,844,152703,87437600.0,OI2109
2021-07-23 21:38:00,10419,10427,10415,10417,1020,152778,106416600.0,OI2109
2021-07-23 21:39:00,10418,10418,10396,10404,1982,152601,206126680.0,OI2109
2021-07-23 21:40:00,10404,10409,10399,10406,1098,152788,114543360.0,OI2109
2021-07-23 21:41:00,10405,10405,10398,10402,1162,152761,120541860.0,OI2109
2021-07-23 21:42:00,10400,10400,10390,10396,1406,152752,146659860.0,OI2109
2021-07-23 21:43:00,10395,10398,10391,10394,898,152777,92969360.0,OI2109
2021-07-23 21:44:00,10395,10401,10393,10401,741,152715,77286300.0,OI2109
2021-07-23 21:45:00,10401,10405,10398,10399,928,152735,96072690.0,OI2109
2021-07-23 21:46:00,10400,10408,10398,10404,1020,152769,106375800.0,OI2109
2021-07-23 21:47:00,10404,10413,10401,10411,1074,152820,112007460.0,OI2109
2021-07-23 21:48:00,10412,10424,10410,10420,1374,152716,143294460.0,OI2109
2021-07-23 21:49:00,10419,10422,10413,10413,717,152700,74016370.0,OI2109
2021-07-23 21:50:00,10413,10417,10406,10415,1154,152810,120339120.0,OI2109
2021-07-23 21:51:00,10415,10421,10412,10419,910,152841,94894800.0,OI2109
2021-07-23 21:52:00,10419,10421,10415,10415,629,152833,65592120.0,OI2109
2021-07-23 21:53:00,10415,10416,10406,10408,917,152757,95624760.0,OI2109
2021-07-23 21:54:00,10408,10414,10404,10410,632,152701,65904960.0,OI2109
2021-07-23 21:55:00,10410,10417,10409,10414,713,152554,73542530.0,OI2109
2021-07-23 21:56:00,10414,10418,10409,10417,1934,152629,201658180.0,OI2109
2021-07-23 21:57:00,10418,10418,10412,10414,336,152647,35034720.0,OI2109
2021-07-23 21:58:00,10413,10416,10411,10413,236,152646,24607720.0,OI2109
2021-07-23 21:59:00,10413,10420,10409,10410,639,152550,66628530.0,OI2109
2021-07-23 22:00:00,10410,10410,10403,10403,1005,152529,104791350.0,OI2109
2021-07-23 22:01:00,10403,10409,10400,10406,679,152533,70799330.0,OI2109
2021-07-23 22:02:00,10406,10406,10391,10395,1157,152574,119771420.0,OI2109
2021-07-23 22:03:00,10395,10400,10392,10398,840,152624,87578400.0,OI2109
2021-07-23 22:04:00,10398,10411,10398,10410,988,152591,103008880.0,OI2109
2021-07-23 22:05:00,10410,10410,10396,10400,1056,152685,109200750.0,OI2109
2021-07-23 22:06:00,10399,10409,10399,10407,707,152625,73704750.0,OI2109
2021-07-23 22:07:00,10406,10407,10399,10401,452,152673,47121000.0,OI2109
2021-07-23 22:08:00,10400,10401,10396,10398,475,152683,49518750.0,OI2109
2021-07-23 22:09:00,10397,10403,10397,10397,552,152696,57546000.0,OI2109
2021-07-23 22:10:00,10398,10399,10395,10397,625,152666,65156250.0,OI2109
2021-07-23 22:11:00,10397,10404,10397,10401,596,152683,61201120.0,OI2109
2021-07-23 22:12:00,10401,10403,10398,10399,227,152682,23662480.0,OI2109
2021-07-23 22:13:00,10401,10402,10398,10402,252,152669,26268480.0,OI2109
2021-07-23 22:14:00,10402,10405,10396,10399,407,152641,42425680.0,OI2109
2021-07-23 22:15:00,10398,10400,10395,10395,437,152655,45552880.0,OI2109
2021-07-23 22:16:00,10396,10399,10391,10398,839,152649,87457360.0,OI2109
2021-07-23 22:17:00,10398,10400,10394,10398,589,152604,61397360.0,OI2109
2021-07-23 22:18:00,10398,10403,10391,10393,855,152639,88157260.0,OI2109
2021-07-23 22:19:00,10392,10392,10375,10379,2560,152430,265835260.0,OI2109
2021-07-23 22:20:00,10379,10382,10367,10370,2163,152669,224412690.0,OI2109
2021-07-23 22:21:00,10371,10381,10370,10377,1168,152663,121717280.0,OI2109
2021-07-23 22:22:00,10377,10379,10375,10375,608,152672,63359680.0,OI2109
2021-07-23 22:23:00,10376,10383,10370,10380,1022,152721,105459470.0,OI2109
2021-07-23 22:24:00,10381,10386,10380,10385,950,152711,98990000.0,OI2109
2021-07-23 22:25:00,10386,10386,10379,10383,710,152737,73982000.0,OI2109
2021-07-23 22:26:00,10383,10386,10380,10382,456,152704,46450890.0,OI2109
2021-07-23 22:27:00,10383,10383,10379,10380,393,152706,40946670.0,OI2109
2021-07-23 22:28:00,10378,10382,10375,10379,1291,152978,134509290.0,OI2109
2021-07-23 22:29:00,10378,10391,10377,10391,2142,153150,222072410.0,OI2109
2021-07-23 22:30:00,10392,10401,10391,10400,2087,152875,217423660.0,OI2109
2021-07-23 22:31:00,10401,10401,10390,10396,1737,153183,179819850.0,OI2109
2021-07-23 22:32:00,10395,10398,10392,10395,2391,152943,249070470.0,OI2109
2021-07-23 22:33:00,10393,10395,10388,10390,1563,152669,161637360.0,OI2109
2021-07-23 22:34:00,10390,10390,10381,10386,1584,152485,164989440.0,OI2109
2021-07-23 22:35:00,10386,10388,10381,10384,599,152465,62391840.0,OI2109
2021-07-23 22:36:00,10384,10384,10374,10379,731,152386,76140960.0,OI2109
2021-07-23 22:37:00,10378,10378,10370,10371,904,152465,92942110.0,OI2109
2021-07-23 22:38:00,10372,10377,10370,10375,687,152511,71551050.0,OI2109
2021-07-23 22:39:00,10375,10375,10369,10370,679,152531,70717850.0,OI2109
2021-07-23 22:40:00,10369,10370,10360,10367,1665,152484,172160910.0,OI2109
2021-07-23 22:41:00,10367,10375,10367,10371,773,152361,80500220.0,OI2109
2021-07-23 22:42:00,10372,10372,10360,10361,831,152322,86540340.0,OI2109
2021-07-23 22:43:00,10361,10365,10356,10359,1264,152256,130355440.0,OI2109
2021-07-23 22:44:00,10359,10365,10358,10359,668,152284,69558840.0,OI2109
2021-07-23 22:45:00,10360,10366,10359,10364,797,152230,82991610.0,OI2109
2021-07-23 22:46:00,10363,10364,10340,10343,2198,152048,226249440.0,OI2109
2021-07-23 22:47:00,10342,10351,10342,10348,991,151980,103173010.0,OI2109
2021-07-23 22:48:00,10349,10355,10347,10352,482,151978,50181020.0,OI2109
2021-07-23 22:49:00,10353,10362,10351,10361,922,151734,94651320.0,OI2109
2021-07-23 22:50:00,10361,10361,10350,10356,940,151654,97854000.0,OI2109
2021-07-23 22:51:00,10356,10356,10352,10354,428,151648,44554800.0,OI2109
2021-07-23 22:52:00,10354,10354,10337,10339,1765,151977,182367070.0,OI2109
2021-07-23 22:53:00,10339,10340,10333,10336,1628,151985,168072810.0,OI2109
2021-07-23 22:54:00,10336,10342,10335,10340,985,151977,102518800.0,OI2109
2021-07-23 22:55:00,10340,10346,10339,10343,649,151974,66145870.0,OI2109
2021-07-23 22:56:00,10343,10344,10340,10344,429,151934,44646030.0,OI2109
2021-07-23 22:57:00,10345,10351,10342,10350,964,151619,100323480.0,OI2109
2021-07-23 22:58:00,10349,10360,10346,10348,1216,151074,125120980.0,OI2109
2021-07-23 22:59:00,10348,10353,10340,10348,1244,150521,129450640.0,OI2109
2021-07-26 09:00:00,10350,10371,10302,10306,5660,151668,584488060.0,OI2109
2021-07-26 09:01:00,10305,10311,10293,10308,2809,151923,289169730.0,OI2109
2021-07-26 09:02:00,10307,10312,10290,10293,2920,151912,300600260.0,OI2109
2021-07-26 09:03:00,10293,10303,10286,10298,2618,151933,269084520.0,OI2109
2021-07-26 09:04:00,10298,10324,10298,10322,3411,151666,353026910.0,OI2109
2021-07-26 09:05:00,10322,10327,10304,10325,3127,151528,321790860.0,OI2109
2021-07-26 09:06:00,10322,10344,10319,10344,3713,151046,384246060.0,OI2109
2021-07-26 09:07:00,10344,10344,10330,10335,2036,150969,209897960.0,OI2109
2021-07-26 09:08:00,10332,10356,10329,10354,2245,150918,231574430.0,OI2109
2021-07-26 09:09:00,10354,10367,10350,10364,2112,151109,219457920.0,OI2109
2021-07-26 09:10:00,10364,10364,10336,10337,2814,150975,290627510.0,OI2109
2021-07-26 09:11:00,10337,10357,10337,10356,1258,150847,130706200.0,OI2109
2021-07-26 09:12:00,10357,10381,10350,10351,3171,150555,327647380.0,OI2109
2021-07-26 09:13:00,10351,10352,10340,10352,1141,150717,118538490.0,OI2109
2021-07-26 09:14:00,10354,10354,10339,10345,1363,150914,141602070.0,OI2109
2021-07-26 09:15:00,10340,10345,10326,10329,2117,150863,218069400.0,OI2109
2021-07-26 09:16:00,10329,10347,10324,10347,1659,150936,172336920.0,OI2109
2021-07-26 09:17:00,10345,10358,10338,10343,2568,150607,264855840.0,OI2109
2021-07-26 09:18:00,10342,10347,10334,10347,977,150698,101480990.0,OI2109
2021-07-26 09:19:00,10347,10350,10342,10343,642,150724,66684540.0,OI2109
2021-07-26 09:20:00,10342,10342,10316,10323,1929,150605,198421750.0,OI2109
2021-07-26 09:21:00,10323,10329,10320,10326,654,150625,67924440.0,OI2109
2021-07-26 09:22:00,10328,10328,10322,10323,535,150605,55565100.0,OI2109
2021-07-26 09:23:00,10324,10324,10314,10317,829,150663,86099940.0,OI2109
2021-07-26 09:24:00,10315,10320,10311,10316,793,150666,80389390.0,OI2109
2021-07-26 09:25:00,10316,10316,10305,10311,1396,150644,144974600.0,OI2109
2021-07-26 09:26:00,10312,10312,10306,10307,909,150538,92405010.0,OI2109
2021-07-26 09:27:00,10307,10311,10301,10303,1468,150866,152437120.0,OI2109
2021-07-26 09:28:00,10304,10307,10298,10306,1400,151043,143352680.0,OI2109
2021-07-26 09:29:00,10306,10307,10300,10304,819,151097,85036770.0,OI2109
2021-07-26 09:30:00,10304,10304,10294,10298,1820,151306,186920890.0,OI2109
2021-07-26 09:31:00,10299,10316,10295,10316,1489,151231,154587980.0,OI2109
2021-07-26 09:32:00,10316,10317,10310,10313,700,151224,70602400.0,OI2109
2021-07-26 09:33:00,10313,10316,10310,10313,813,151121,84397530.0,OI2109
2021-07-26 09:34:00,10313,10317,10308,10310,477,151106,49517370.0,OI2109
2021-07-26 09:35:00,10310,10317,10308,10315,632,151079,65607920.0,OI2109
2021-07-26 09:36:00,10315,10328,10315,10323,1197,151000,122157780.0,OI2109
2021-07-26 09:37:00,10323,10325,10315,10318,1566,151048,162550800.0,OI2109
2021-07-26 09:38:00,10318,10318,10308,10317,1743,151529,178787520.0,OI2109
2021-07-26 09:39:00,10316,10318,10309,10309,1714,151173,177896060.0,OI2109
2021-07-26 09:40:00,10308,10308,10296,10304,1187,151187,123198730.0,OI2109
2021-07-26 09:41:00,10304,10305,10294,10297,913,151157,92586250.0,OI2109
2021-07-26 09:42:00,10298,10299,10294,10296,588,151218,61022640.0,OI2109
2021-07-26 09:43:00,10296,10304,10291,10303,993,151332,103053540.0,OI2109
2021-07-26 09:44:00,10302,10308,10301,10305,2351,151397,241773440.0,OI2109
2021-07-26 09:45:00,10306,10308,10295,10297,1626,151886,166500420.0,OI2109
2021-07-26 09:46:00,10298,10305,10296,10300,3473,151658,358094150.0,OI2109
2021-07-26 09:47:00,10300,10303,10297,10297,1338,151574,138817500.0,OI2109
2021-07-26 09:48:00,10298,10301,10294,10297,623,151671,64636250.0,OI2109
2021-07-26 09:49:00,10297,10300,10296,10298,435,151672,42842960.0,OI2109
2021-07-26 09:50:00,10299,10302,10293,10295,977,151804,101353980.0,OI2109
2021-07-26 09:51:00,10296,10300,10292,10297,662,151787,68675880.0,OI2109
2021-07-26 09:52:00,10298,10303,10294,10299,585,151779,60687900.0,OI2109
2021-07-26 09:53:00,10299,10305,10297,10300,721,151804,72478800.0,OI2109
2021-07-26 09:54:00,10300,10303,10299,10302,464,151695,48130720.0,OI2109
2021-07-26 09:55:00,10303,10312,10299,10309,1152,151471,119496960.0,OI2109
2021-07-26 09:56:00,10309,10310,10296,10296,844,151424,87548120.0,OI2109
2021-07-26 09:57:00,10296,10301,10295,10300,805,151452,81152260.0,OI2109
2021-07-26 09:58:00,10299,10300,10296,10298,457,151467,47400040.0,OI2109
2021-07-26 09:59:00,10297,10297,10290,10293,1123,151452,116477560.0,OI2109
2021-07-26 10:00:00,10293,10293,10270,10271,3373,151310,347447640.0,OI2109
2021-07-26 10:01:00,10272,10274,10266,10266,1707,151429,174615980.0,OI2109
2021-07-26 10:02:00,10266,10283,10266,10278,1940,151818,198741610.0,OI2109
2021-07-26 10:03:00,10278,10279,10273,10279,1823,151591,186572250.0,OI2109
2021-07-26 10:04:00,10279,10279,10268,10271,690,151583,71539200.0,OI2109
2021-07-26 10:05:00,10272,10279,10271,10273,573,151651,59408640.0,OI2109
2021-07-26 10:06:00,10274,10278,10269,10274,521,151699,54017280.0,OI2109
2021-07-26 10:07:00,10274,10274,10266,10270,653,151676,67703040.0,OI2109
2021-07-26 10:08:00,10270,10273,10267,10271,769,151680,77243240.0,OI2109
2021-07-26 10:09:00,10271,10273,10267,10269,850,151825,88119500.0,OI2109
2021-07-26 10:10:00,10269,10282,10268,10279,1003,151790,103981010.0,OI2109
2021-07-26 10:11:00,10280,10285,10279,10282,663,151696,66221370.0,OI2109
2021-07-26 10:12:00,10282,10289,10281,10286,641,151630,66446060.0,OI2109
2021-07-26 10:13:00,10285,10286,10266,10266,938,151593,97233080.0,OI2109
2021-07-26 10:14:00,10267,10271,10266,10268,625,151608,64787500.0,OI2109
2021-07-26 10:30:00,10268,10268,10232,10232,4628,151756,471998000.0,OI2109
2021-07-26 10:31:00,10231,10239,10224,10239,1736,151807,177304160.0,OI2109
2021-07-26 10:32:00,10239,10244,10232,10240,824,151770,85382880.0,OI2109
2021-07-26 10:33:00,10238,10242,10235,10240,670,151927,69425400.0,OI2109
2021-07-26 10:34:00,10240,10247,10239,10245,573,151860,56756070.0,OI2109
2021-07-26 10:35:00,10244,10260,10235,10258,1789,152104,185358290.0,OI2109
2021-07-26 10:36:00,10257,10261,10252,10257,907,152117,91329120.0,OI2109
2021-07-26 10:37:00,10258,10267,10257,10263,874,152046,90546400.0,OI2109
2021-07-26 10:38:00,10265,10271,10261,10271,1172,152195,121419200.0,OI2109
2021-07-26 10:39:00,10271,10279,10268,10276,1123,152238,113665960.0,OI2109
2021-07-26 10:40:00,10275,10287,10274,10285,1519,152208,157353210.0,OI2109
2021-07-26 10:41:00,10286,10287,10270,10272,976,152208,101103840.0,OI2109
2021-07-26 10:42:00,10271,10279,10268,10268,646,152296,64210890.0,OI2109
2021-07-26 10:43:00,10269,10271,10259,10260,1134,152097,117459720.0,OI2109
2021-07-26 10:44:00,10261,10262,10251,10253,991,152074,102647780.0,OI2109
2021-07-26 10:45:00,10252,10260,10248,10248,841,152080,84372870.0,OI2109
2021-07-26 10:46:00,10249,10261,10248,10257,584,152107,60484880.0,OI2109
2021-07-26 10:47:00,10258,10266,10258,10265,555,152105,57481350.0,OI2109
2021-07-26 10:48:00,10266,10267,10262,10263,309,152115,32003130.0,OI2109
2021-07-26 10:49:00,10263,10274,10263,10269,591,152068,61209870.0,OI2109
2021-07-26 10:50:00,10270,10271,10262,10270,415,152106,40219100.0,OI2109
2021-07-26 10:51:00,10272,10277,10268,10271,480,152134,49708800.0,OI2109
2021-07-26 10:52:00,10272,10277,10271,10276,472,152135,48880320.0,OI2109
2021-07-26 10:53:00,10275,10277,10265,10266,612,152055,63378720.0,OI2109
2021-07-26 10:54:00,10265,10269,10262,10267,372,152053,38524320.0,OI2109
2021-07-26 10:55:00,10266,10266,10256,10258,649,151998,67210440.0,OI2109
2021-07-26 10:56:00,10258,10269,10258,10269,588,151883,58099100.0,OI2109
2021-07-26 10:57:00,10267,10270,10266,10270,434,151857,44940700.0,OI2109
2021-07-26 10:58:00,10271,10275,10265,10267,790,151760,81804500.0,OI2109
2021-07-26 10:59:00,10265,10270,10261,10264,313,151726,32411150.0,OI2109
2021-07-26 11:00:00,10263,10264,10253,10255,782,151637,80976100.0,OI2109
2021-07-26 11:01:00,10254,10259,10245,10245,515,151642,53328250.0,OI2109
2021-07-26 11:02:00,10246,10252,10245,10250,500,151693,48947480.0,OI2109
2021-07-26 11:03:00,10250,10258,10248,10252,511,151733,52908940.0,OI2109
2021-07-26 11:04:00,10251,10252,10244,10246,412,151693,42658480.0,OI2109
2021-07-26 11:05:00,10246,10250,10242,10248,491,151809,50838140.0,OI2109
2021-07-26 11:06:00,10249,10253,10244,10246,509,151856,52701860.0,OI2109
2021-07-26 11:07:00,10246,10253,10245,10249,669,151748,66414820.0,OI2109
2021-07-26 11:08:00,10249,10254,10248,10252,360,151736,37270800.0,OI2109
2021-07-26 11:09:00,10253,10253,10242,10244,344,151750,35614320.0,OI2109
2021-07-26 11:10:00,10245,10249,10240,10240,394,151673,40790820.0,OI2109
2021-07-26 11:11:00,10238,10246,10238,10243,564,151652,58390920.0,OI2109
2021-07-26 11:12:00,10243,10248,10241,10241,353,151672,36546090.0,OI2109
2021-07-26 11:13:00,10242,10245,10237,10240,422,151686,40811850.0,OI2109
2021-07-26 11:14:00,10240,10244,10239,10243,357,151718,36956640.0,OI2109
2021-07-26 11:15:00,10243,10243,10236,10239,460,151746,47619200.0,OI2109
2021-07-26 11:16:00,10238,10246,10238,10241,354,151732,36646080.0,OI2109
2021-07-26 11:17:00,10241,10241,10232,10232,507,151766,52484640.0,OI2109
2021-07-26 11:18:00,10233,10235,10230,10234,496,151768,51345920.0,OI2109
2021-07-26 11:19:00,10234,10236,10229,10229,261,151784,24116560.0,OI2109
2021-07-26 11:20:00,10229,10236,10228,10233,559,151892,57862090.0,OI2109
2021-07-26 11:21:00,10234,10238,10229,10229,504,151947,52169040.0,OI2109
2021-07-26 11:22:00,10228,10235,10228,10230,415,152039,42956650.0,OI2109
2021-07-26 11:23:00,10230,10235,10228,10235,448,152087,46372480.0,OI2109
2021-07-26 11:24:00,10235,10242,10234,10237,1562,152243,158745580.0,OI2109
2021-07-26 11:25:00,10238,10246,10238,10243,799,152050,82696500.0,OI2109
2021-07-26 11:26:00,10242,10244,10238,10238,315,151972,32602500.0,OI2109
2021-07-26 11:27:00,10238,10239,10235,10239,288,151923,29808000.0,OI2109
2021-07-26 11:28:00,10239,10245,10239,10244,349,151843,33166950.0,OI2109
2021-07-26 11:29:00,10245,10248,10238,10241,497,151690,51434530.0,OI2109
2021-07-26 13:30:00,10244,10252,10239,10252,1067,151711,110423830.0,OI2109
2021-07-26 13:31:00,10252,10263,10250,10263,1113,151627,115184370.0,OI2109
2021-07-26 13:32:00,10262,10270,10260,10268,967,151543,97083840.0,OI2109
2021-07-26 13:33:00,10268,10279,10268,10274,1100,151411,113828000.0,OI2109
2021-07-26 13:34:00,10272,10278,10271,10277,596,151501,61674080.0,OI2109
2021-07-26 13:35:00,10278,10279,10263,10270,1112,151456,115069760.0,OI2109
2021-07-26 13:36:00,10269,10293,10268,10290,1780,151207,181157530.0,OI2109
2021-07-26 13:37:00,10291,10303,10289,10298,1719,151140,177864930.0,OI2109
2021-07-26 13:38:00,10297,10307,10297,10306,1199,151300,124060530.0,OI2109
2021-07-26 13:39:00,10307,10312,10305,10307,1465,151561,151583550.0,OI2109
2021-07-26 13:40:00,10307,10326,10307,10326,1946,151510,198252460.0,OI2109
2021-07-26 13:41:00,10325,10326,10313,10321,1486,151459,153741560.0,OI2109
2021-07-26 13:42:00,10321,10337,10321,10329,1527,151365,157983420.0,OI2109
2021-07-26 13:43:00,10329,10346,10328,10334,2476,151161,256166960.0,OI2109
2021-07-26 13:44:00,10337,10346,10336,10342,1253,151335,129635380.0,OI2109
2021-07-26 13:45:00,10344,10353,10344,10350,1978,151462,204643880.0,OI2109
2021-07-26 13:46:00,10350,10360,10350,10355,1913,151400,197918980.0,OI2109
2021-07-26 13:47:00,10355,10357,10342,10342,1554,151271,160776840.0,OI2109
2021-07-26 13:48:00,10342,10359,10342,10352,1567,151357,162121820.0,OI2109
2021-07-26 13:49:00,10352,10354,10336,10337,2087,151262,215921020.0,OI2109
2021-07-26 13:50:00,10338,10343,10337,10341,1104,151422,114219840.0,OI2109
2021-07-26 13:51:00,10341,10350,10341,10350,877,151311,90734420.0,OI2109
2021-07-26 13:52:00,10350,10351,10344,10345,658,151487,68076680.0,OI2109
2021-07-26 13:53:00,10345,10350,10345,10347,562,151427,58144520.0,OI2109
2021-07-26 13:54:00,10347,10357,10347,10354,1073,151566,111012580.0,OI2109
2021-07-26 13:55:00,10354,10355,10345,10345,667,151532,69007820.0,OI2109
2021-07-26 13:56:00,10345,10346,10326,10329,1889,151311,195435940.0,OI2109
2021-07-26 13:57:00,10329,10330,10321,10323,1304,151002,134911840.0,OI2109
2021-07-26 13:58:00,10322,10324,10319,10321,1073,150946,111012580.0,OI2109
2021-07-26 13:59:00,10322,10325,10317,10325,1323,151059,136877580.0,OI2109
2021-07-26 14:00:00,10325,10326,10310,10311,1148,151057,118772080.0,OI2109
2021-07-26 14:01:00,10310,10314,10308,10309,748,151064,77388080.0,OI2109
2021-07-26 14:02:00,10309,10311,10303,10311,990,151008,102425400.0,OI2109
2021-07-26 14:03:00,10311,10312,10304,10306,808,151000,80194870.0,OI2109
2021-07-26 14:04:00,10307,10307,10289,10290,2059,150985,213003550.0,OI2109
2021-07-26 14:05:00,10290,10302,10289,10300,1196,150840,123726200.0,OI2109
2021-07-26 14:06:00,10300,10304,10296,10298,806,150820,83380700.0,OI2109
2021-07-26 14:07:00,10298,10299,10292,10293,643,150850,66518350.0,OI2109
2021-07-26 14:08:00,10293,10297,10287,10290,1088,150874,112553600.0,OI2109
2021-07-26 14:09:00,10290,10292,10278,10283,1511,150929,152839110.0,OI2109
2021-07-26 14:10:00,10283,10287,10282,10287,949,150779,98164560.0,OI2109
2021-07-26 14:11:00,10287,10291,10284,10288,986,150677,101991840.0,OI2109
2021-07-26 14:12:00,10288,10298,10285,10297,879,150644,90923760.0,OI2109
2021-07-26 14:13:00,10297,10299,10293,10298,682,150614,70546080.0,OI2109
2021-07-26 14:14:00,10299,10307,10297,10303,1413,150448,146160720.0,OI2109
2021-07-26 14:15:00,10303,10306,10299,10299,916,150365,94751040.0,OI2109
2021-07-26 14:16:00,10300,10312,10298,10310,916,150325,91209790.0,OI2109
2021-07-26 14:17:00,10310,10311,10302,10305,793,150304,82019990.0,OI2109
2021-07-26 14:18:00,10304,10306,10292,10297,1079,150114,111600970.0,OI2109
2021-07-26 14:19:00,10297,10302,10291,10291,788,150113,81502840.0,OI2109
2021-07-26 14:20:00,10291,10291,10285,10287,1170,150040,121013100.0,OI2109
2021-07-26 14:21:00,10287,10297,10287,10296,803,150084,83054290.0,OI2109
2021-07-26 14:22:00,10295,10296,10288,10294,733,150071,75814190.0,OI2109
2021-07-26 14:23:00,10293,10294,10287,10293,623,150004,64436890.0,OI2109
2021-07-26 14:24:00,10293,10293,10289,10293,495,149960,51197850.0,OI2109
2021-07-26 14:25:00,10293,10301,10288,10301,876,149867,86989830.0,OI2109
2021-07-26 14:26:00,10300,10300,10290,10295,984,149748,101765280.0,OI2109
2021-07-26 14:27:00,10295,10299,10291,10297,867,149691,89665140.0,OI2109
2021-07-26 14:28:00,10296,10305,10296,10300,866,149582,89561720.0,OI2109
2021-07-26 14:29:00,10299,10299,10291,10295,849,149448,87803580.0,OI2109
2021-07-26 14:30:00,10296,10307,10293,10304,1161,149524,120070620.0,OI2109
2021-07-26 14:31:00,10305,10316,10304,10312,1194,149466,123483480.0,OI2109
2021-07-26 14:32:00,10312,10312,10305,10309,524,149480,54192080.0,OI2109
2021-07-26 14:33:00,10309,10322,10307,10321,1357,149406,140340940.0,OI2109
2021-07-26 14:34:00,10321,10321,10315,10317,538,149334,55639960.0,OI2109
2021-07-26 14:35:00,10317,10319,10313,10319,590,149190,61017800.0,OI2109
2021-07-26 14:36:00,10319,10322,10315,10319,574,149206,59363080.0,OI2109
2021-07-26 14:37:00,10319,10321,10307,10307,777,149107,76639680.0,OI2109
2021-07-26 14:38:00,10306,10319,10305,10318,803,149007,83038230.0,OI2109
2021-07-26 14:39:00,10318,10319,10307,10308,510,149016,52739100.0,OI2109
2021-07-26 14:40:00,10308,10316,10299,10302,1099,149045,113647590.0,OI2109
2021-07-26 14:41:00,10302,10304,10294,10294,768,149067,79418880.0,OI2109
2021-07-26 14:42:00,10294,10302,10294,10296,546,148969,56461860.0,OI2109
2021-07-26 14:43:00,10296,10298,10287,10289,716,149032,74041560.0,OI2109
2021-07-26 14:44:00,10289,10293,10289,10292,563,149023,58219830.0,OI2109
2021-07-26 14:45:00,10292,10306,10291,10306,1490,148754,154080900.0,OI2109
2021-07-26 14:46:00,10307,10313,10307,10310,1280,148651,132364800.0,OI2109
2021-07-26 14:47:00,10310,10315,10310,10314,826,148588,85416660.0,OI2109
2021-07-26 14:48:00,10314,10318,10311,10313,605,148512,62563050.0,OI2109
2021-07-26 14:49:00,10313,10314,10304,10305,680,148429,70318800.0,OI2109
2021-07-26 14:50:00,10305,10313,10304,10313,715,148419,70114480.0,OI2109
2021-07-26 14:51:00,10313,10313,10304,10305,510,148480,52734000.0,OI2109
2021-07-26 14:52:00,10305,10310,10304,10308,1786,148421,184672400.0,OI2109
2021-07-26 14:53:00,10308,10313,10307,10310,852,148339,88096800.0,OI2109
2021-07-26 14:54:00,10310,10312,10306,10309,688,148357,71139200.0,OI2109
2021-07-26 14:55:00,10309,10320,10309,10320,1288,148229,133179200.0,OI2109
2021-07-26 14:56:00,10319,10328,10313,10316,1422,148018,147034800.0,OI2109
2021-07-26 14:57:00,10317,10331,10316,10330,1514,147431,156547600.0,OI2109
2021-07-26 14:58:00,10334,10336,10331,10335,1244,147040,128629600.0,OI2109
2021-07-26 14:59:00,10336,10341,10334,10337,1302,146465,134626800.0,OI2109
2021-07-26 21:00:00,10358,10358,10324,10326,6929,148119,716527890.0,OI2109
2021-07-26 21:01:00,10324,10332,10319,10330,2551,148611,263419710.0,OI2109
2021-07-26 21:02:00,10329,10338,10329,10338,1412,148788,145958440.0,OI2109
2021-07-26 21:03:00,10337,10337,10327,10331,940,148936,97049480.0,OI2109
2021-07-26 21:04:00,10332,10336,10330,10335,793,149127,81964480.0,OI2109
2021-07-26 21:05:00,10335,10338,10322,10323,1701,149237,175672100.0,OI2109
2021-07-26 21:06:00,10322,10334,10320,10334,1365,149354,141072750.0,OI2109
2021-07-26 21:07:00,10333,10333,10325,10325,773,149492,79724910.0,OI2109
2021-07-26 21:08:00,10325,10327,10322,10322,979,149564,101169860.0,OI2109
2021-07-26 21:09:00,10322,10324,10313,10318,1333,149620,137564460.0,OI2109
2021-07-26 21:10:00,10318,10327,10316,10325,1247,149793,128652280.0,OI2109
2021-07-26 21:11:00,10324,10325,10316,10317,2462,149939,254148990.0,OI2109
2021-07-26 21:12:00,10316,10322,10316,10318,1169,150049,120532850.0,OI2109
2021-07-26 21:13:00,10317,10318,10304,10307,1340,150237,138172060.0,OI2109
2021-07-26 21:14:00,10306,10310,10302,10304,1035,150454,106644860.0,OI2109
2021-07-26 21:15:00,10304,10314,10303,10312,874,150644,90266720.0,OI2109
2021-07-26 21:16:00,10311,10312,10306,10309,452,150726,46409010.0,OI2109
2021-07-26 21:17:00,10307,10316,10305,10314,773,150793,79827710.0,OI2109
2021-07-26 21:18:00,10315,10316,10310,10314,450,150808,46471500.0,OI2109
2021-07-26 21:19:00,10315,10315,10310,10311,300,150823,30981000.0,OI2109
2021-07-26 21:20:00,10311,10326,10309,10326,1293,150836,133226400.0,OI2109
2021-07-26 21:21:00,10326,10339,10321,10335,2090,150864,216136010.0,OI2109
2021-07-26 21:22:00,10335,10338,10329,10337,996,150929,102856920.0,OI2109
2021-07-26 21:23:00,10337,10337,10334,10335,636,150993,65679720.0,OI2109
2021-07-26 21:24:00,10335,10335,10328,10331,773,150933,79827710.0,OI2109
2021-07-26 21:25:00,10331,10346,10330,10346,956,150931,98726120.0,OI2109
2021-07-26 21:26:00,10346,10346,10341,10344,731,150985,75853900.0,OI2109
2021-07-26 21:27:00,10343,10353,10343,10350,1239,150972,127963920.0,OI2109
2021-07-26 21:28:00,10350,10359,10347,10347,1627,150789,168428750.0,OI2109
2021-07-26 21:29:00,10348,10352,10346,10352,761,150740,79003490.0,OI2109
2021-07-26 21:30:00,10352,10372,10352,10363,3990,150545,413486100.0,OI2109
2021-07-26 21:31:00,10366,10389,10365,10388,4527,150180,469714790.0,OI2109
2021-07-26 21:32:00,10390,10393,10378,10378,3003,150110,311965110.0,OI2109
2021-07-26 21:33:00,10378,10379,10366,10374,2122,150144,219951020.0,OI2109
2021-07-26 21:34:00,10373,10383,10373,10374,1307,150187,135706160.0,OI2109
2021-07-26 21:35:00,10374,10374,10363,10368,1668,150272,173070530.0,OI2109
2021-07-26 21:36:00,10368,10374,10360,10361,1338,150297,138389340.0,OI2109
2021-07-26 21:37:00,10362,10362,10354,10358,1290,150449,134016950.0,OI2109
2021-07-26 21:38:00,10358,10365,10356,10359,942,150505,97440480.0,OI2109
2021-07-26 21:39:00,10359,10367,10358,10362,824,150564,85234560.0,OI2109
2021-07-26 21:40:00,10362,10364,10347,10352,1498,150687,154953120.0,OI2109
2021-07-26 21:41:00,10353,10357,10351,10355,912,150838,94337280.0,OI2109
2021-07-26 21:42:00,10354,10358,10346,10349,953,150835,99221860.0,OI2109
2021-07-26 21:43:00,10349,10352,10337,10338,1351,150789,139760950.0,OI2109
2021-07-26 21:44:00,10337,10338,10327,10330,2222,150845,229186630.0,OI2109
2021-07-26 21:45:00,10330,10330,10321,10325,1841,150859,190433040.0,OI2109
2021-07-26 21:46:00,10325,10333,10323,10332,1622,150933,167065780.0,OI2109
2021-07-26 21:47:00,10332,10338,10329,10338,1074,150892,111083820.0,OI2109
2021-07-26 21:48:00,10337,10347,10332,10347,1403,150914,145112290.0,OI2109
2021-07-26 21:49:00,10346,10352,10343,10348,1489,150861,154007270.0,OI2109
2021-07-26 21:50:00,10347,10348,10343,10347,1105,150943,114290150.0,OI2109
2021-07-26 21:51:00,10347,10354,10346,10354,1083,150988,112014690.0,OI2109
2021-07-26 21:52:00,10354,10357,10348,10350,1030,150961,106532900.0,OI2109
2021-07-26 21:53:00,10349,10355,10348,10348,1178,151067,121840540.0,OI2109
2021-07-26 21:54:00,10348,10353,10343,10343,865,151037,90273120.0,OI2109
2021-07-26 21:55:00,10344,10344,10331,10333,1575,150974,162096080.0,OI2109
2021-07-26 21:56:00,10333,10338,10331,10337,786,150966,81295980.0,OI2109
2021-07-26 21:57:00,10336,10343,10331,10342,804,150950,83157720.0,OI2109
2021-07-26 21:58:00,10342,10342,10335,10338,454,150925,46957220.0,OI2109
2021-07-26 21:59:00,10338,10349,10338,10345,774,150987,80054820.0,OI2109
2021-07-26 22:00:00,10345,10346,10342,10345,553,150928,57196790.0,OI2109
2021-07-26 22:01:00,10344,10352,10344,10351,787,150963,81399410.0,OI2109
2021-07-26 22:02:00,10351,10360,10349,10358,1265,150878,130838950.0,OI2109
2021-07-26 22:03:00,10357,10358,10354,10358,527,150873,55389030.0,OI2109
2021-07-26 22:04:00,10358,10359,10354,10357,673,150834,69615120.0,OI2109
2021-07-26 22:05:00,10356,10361,10355,10360,886,150871,91647840.0,OI2109
2021-07-26 22:06:00,10362,10365,10357,10362,1027,150908,106232880.0,OI2109
2021-07-26 22:07:00,10363,10365,10360,10361,601,150944,62167440.0,OI2109
2021-07-26 22:08:00,10361,10366,10361,10363,467,150919,48306480.0,OI2109
2021-07-26 22:09:00,10363,10364,10352,10357,813,150806,84096720.0,OI2109
2021-07-26 22:10:00,10358,10358,10345,10347,833,150669,86165520.0,OI2109
2021-07-26 22:11:00,10346,10346,10337,10343,1277,150670,132092880.0,OI2109
2021-07-26 22:12:00,10343,10353,10343,10353,982,150667,101578080.0,OI2109
2021-07-26 22:13:00,10353,10353,10345,10351,512,150710,52961280.0,OI2109
2021-07-26 22:14:00,10350,10351,10346,10347,437,150697,45203280.0,OI2109
2021-07-26 22:15:00,10347,10362,10345,10359,957,150551,99968150.0,OI2109
2021-07-26 22:16:00,10359,10367,10354,10367,889,150564,91967050.0,OI2109
2021-07-26 22:17:00,10365,10366,10361,10364,620,150620,64139000.0,OI2109
2021-07-26 22:18:00,10363,10364,10357,10362,1801,150966,186313450.0,OI2109
2021-07-26 22:19:00,10362,10365,10358,10365,1685,151141,174313250.0,OI2109
2021-07-26 22:20:00,10366,10379,10366,10376,1878,150987,195323900.0,OI2109
2021-07-26 22:21:00,10375,10376,10369,10371,1263,151005,130669980.0,OI2109
2021-07-26 22:22:00,10370,10377,10370,10374,1007,150842,104184220.0,OI2109
2021-07-26 22:23:00,10374,10377,10373,10376,1733,150772,180381010.0,OI2109
2021-07-26 22:24:00,10376,10383,10376,10382,1367,150924,141443490.0,OI2109
2021-07-26 22:25:00,10381,10385,10378,10379,1219,151010,127240620.0,OI2109
2021-07-26 22:26:00,10380,10382,10367,10377,1188,150813,122934240.0,OI2109
2021-07-26 22:27:00,10377,10384,10377,10380,785,150701,81231800.0,OI2109
2021-07-26 22:28:00,10379,10383,10376,10376,604,150715,62501920.0,OI2109
2021-07-26 22:29:00,10377,10379,10367,10367,771,150631,79783080.0,OI2109
2021-07-26 22:30:00,10368,10372,10366,10368,1337,150707,139510300.0,OI2109
2021-07-26 22:31:00,10369,10376,10358,10358,1250,150563,129362500.0,OI2109
2021-07-26 22:32:00,10360,10365,10358,10360,887,150470,91795630.0,OI2109
2021-07-26 22:33:00,10359,10373,10354,10373,1097,150369,113528530.0,OI2109
2021-07-26 22:34:00,10373,10382,10365,10382,1416,150127,146541840.0,OI2109
2021-07-26 22:35:00,10382,10404,10380,10403,3779,149968,393572370.0,OI2109
2021-07-26 22:36:00,10401,10407,10395,10397,3199,149763,332402310.0,OI2109
2021-07-26 22:37:00,10397,10398,10379,10384,3030,149872,314969720.0,OI2109
2021-07-26 22:38:00,10385,10394,10385,10394,1216,150072,125892480.0,OI2109
2021-07-26 22:39:00,10396,10396,10388,10394,1278,150072,132311340.0,OI2109
2021-07-26 22:40:00,10394,10404,10394,10394,1971,150258,205406400.0,OI2109
2021-07-26 22:41:00,10394,10401,10388,10398,1431,150024,149528820.0,OI2109
2021-07-26 22:42:00,10398,10399,10385,10388,1981,150112,205132550.0,OI2109
2021-07-26 22:43:00,10387,10391,10382,10383,2124,150000,221344330.0,OI2109
2021-07-26 22:44:00,10383,10393,10383,10391,772,149953,79948320.0,OI2109
2021-07-26 22:45:00,10390,10395,10385,10394,841,150163,87093960.0,OI2109
2021-07-26 22:46:00,10394,10398,10391,10396,717,150234,74252520.0,OI2109
2021-07-26 22:47:00,10396,10396,10389,10390,701,150235,72595560.0,OI2109
2021-07-26 22:48:00,10390,10391,10384,10388,624,150343,64621440.0,OI2109
2021-07-26 22:49:00,10388,10390,10385,10390,389,150312,41729410.0,OI2109
2021-07-26 22:50:00,10391,10399,10390,10397,782,150258,80991740.0,OI2109
2021-07-26 22:51:00,10397,10404,10396,10399,1509,150011,156287130.0,OI2109
2021-07-26 22:52:00,10398,10410,10398,10408,1223,149986,128145820.0,OI2109
2021-07-26 22:53:00,10407,10416,10407,10415,1353,150080,140143740.0,OI2109
2021-07-26 22:54:00,10415,10416,10407,10408,1188,150044,123053040.0,OI2109
2021-07-26 22:55:00,10407,10408,10397,10406,795,149906,83859170.0,OI2109
2021-07-26 22:56:00,10406,10406,10401,10405,544,149914,56352960.0,OI2109
2021-07-26 22:57:00,10404,10408,10403,10407,589,149904,61014510.0,OI2109
2021-07-26 22:58:00,10409,10410,10403,10405,630,149727,65261700.0,OI2109
2021-07-26 22:59:00,10404,10405,10374,10374,1131,149338,118702300.0,OI2109
2021-07-27 09:00:00,10395,10441,10395,10406,4548,149587,472760290.0,OI2109
2021-07-27 09:01:00,10407,10410,10397,10408,1899,149668,198361870.0,OI2109
2021-07-27 09:02:00,10408,10426,10407,10426,1489,149662,154290180.0,OI2109
2021-07-27 09:03:00,10427,10431,10422,10428,1623,149649,169812860.0,OI2109
2021-07-27 09:04:00,10430,10437,10428,10435,1693,149711,177100120.0,OI2109
2021-07-27 09:05:00,10436,10440,10432,10437,1687,149583,174840680.0,OI2109
2021-07-27 09:06:00,10437,10445,10433,10440,1468,149747,153829600.0,OI2109
2021-07-27 09:07:00,10441,10453,10437,10447,1789,149845,187133820.0,OI2109
2021-07-27 09:08:00,10447,10448,10443,10445,714,149854,74013240.0,OI2109
2021-07-27 09:09:00,10445,10447,10434,10438,1478,149733,154935370.0,OI2109
2021-07-27 09:10:00,10439,10439,10418,10424,2283,149576,238427330.0,OI2109
2021-07-27 09:11:00,10422,10426,10419,10422,1116,149741,115706880.0,OI2109
2021-07-27 09:12:00,10422,10422,10414,10416,1183,149772,122653440.0,OI2109
2021-07-27 09:13:00,10416,10427,10416,10426,1029,149917,108468720.0,OI2109
2021-07-27 09:14:00,10427,10428,10416,10418,1251,150067,129716190.0,OI2109
2021-07-27 09:15:00,10417,10417,10404,10413,1747,150162,181146430.0,OI2109
2021-07-27 09:16:00,10413,10421,10413,10421,1203,150157,126563080.0,OI2109
2021-07-27 09:17:00,10420,10420,10404,10407,2099,150537,217666300.0,OI2109
2021-07-27 09:18:00,10407,10417,10407,10414,1762,150549,182719400.0,OI2109
2021-07-27 09:19:00,10413,10422,10409,10418,1707,150347,178895590.0,OI2109
2021-07-27 09:20:00,10419,10423,10416,10421,957,150577,99250470.0,OI2109
2021-07-27 09:21:00,10420,10422,10413,10421,2058,150826,215345020.0,OI2109
2021-07-27 09:22:00,10421,10426,10416,10422,1924,150663,199557280.0,OI2109
2021-07-27 09:23:00,10423,10426,10421,10424,923,150517,95733560.0,OI2109
2021-07-27 09:24:00,10423,10425,10420,10425,1180,150386,124339710.0,OI2109
2021-07-27 09:25:00,10425,10431,10425,10430,1664,150536,172606720.0,OI2109
2021-07-27 09:26:00,10431,10432,10425,10429,2129,150180,222829210.0,OI2109
2021-07-27 09:27:00,10428,10435,10424,10425,2319,150114,240573060.0,OI2109
2021-07-27 09:28:00,10425,10427,10417,10422,1129,150043,119144980.0,OI2109
2021-07-27 09:29:00,10423,10423,10412,10413,721,149971,74803750.0,OI2109
2021-07-27 09:30:00,10414,10418,10408,10415,1086,149985,112672500.0,OI2109
2021-07-27 09:31:00,10416,10425,10415,10424,689,149967,71483750.0,OI2109
2021-07-27 09:32:00,10423,10426,10422,10423,409,149926,42433750.0,OI2109
2021-07-27 09:33:00,10424,10433,10423,10430,975,149895,103217570.0,OI2109
2021-07-27 09:34:00,10430,10432,10427,10430,1793,150005,186041680.0,OI2109
2021-07-27 09:35:00,10432,10433,10426,10429,2374,149919,248429230.0,OI2109
2021-07-27 09:36:00,10429,10429,10422,10422,649,149828,67346730.0,OI2109
2021-07-27 09:37:00,10422,10431,10422,10430,327,149745,33932790.0,OI2109
2021-07-27 09:38:00,10430,10442,10429,10440,1099,149538,114043230.0,OI2109
2021-07-27 09:39:00,10439,10439,10429,10436,622,149470,64544940.0,OI2109
2021-07-27 09:40:00,10436,10436,10431,10434,507,149452,52611390.0,OI2109
2021-07-27 09:41:00,10434,10444,10434,10440,787,149437,83809890.0,OI2109
2021-07-27 09:42:00,10440,10444,10439,10443,415,149404,43068700.0,OI2109
2021-07-27 09:43:00,10445,10449,10443,10448,938,149287,97345640.0,OI2109
2021-07-27 09:44:00,10448,10453,10447,10450,1373,149451,144660100.0,OI2109
2021-07-27 09:45:00,10449,10451,10443,10446,931,149434,96628490.0,OI2109
2021-07-27 09:46:00,10446,10454,10446,10449,676,149466,70162040.0,OI2109
2021-07-27 09:47:00,10450,10458,10449,10454,1818,149184,190894630.0,OI2109
2021-07-27 09:48:00,10454,10458,10449,10451,719,149182,74632200.0,OI2109
2021-07-27 09:49:00,10451,10453,10449,10451,585,149339,60723000.0,OI2109
2021-07-27 09:50:00,10451,10458,10451,10456,606,149395,62902800.0,OI2109
2021-07-27 09:51:00,10456,10462,10453,10459,1208,149478,127625990.0,OI2109
2021-07-27 09:52:00,10459,10472,10459,10469,1823,149317,189245630.0,OI2109
2021-07-27 09:53:00,10469,10470,10463,10465,901,149333,95795640.0,OI2109
2021-07-27 09:54:00,10465,10469,10464,10466,543,149312,56374260.0,OI2109
2021-07-27 09:55:00,10466,10471,10464,10469,1033,149341,107246060.0,OI2109
2021-07-27 09:56:00,10468,10469,10457,10457,901,149277,95829420.0,OI2109
2021-07-27 09:57:00,10459,10459,10453,10455,813,149244,84413790.0,OI2109
2021-07-27 09:58:00,10455,10456,10448,10454,710,149197,73719300.0,OI2109
2021-07-27 09:59:00,10454,10459,10450,10457,612,149173,63543960.0,OI2109
2021-07-27 10:00:00,10458,10465,10455,10457,1036,149161,109887190.0,OI2109
2021-07-27 10:01:00,10456,10460,10450,10455,768,149199,79749120.0,OI2109
2021-07-27 10:02:00,10455,10457,10446,10446,843,149169,87537120.0,OI2109
2021-07-27 10:03:00,10446,10460,10446,10458,736,149203,76426240.0,OI2109
2021-07-27 10:04:00,10458,10459,10450,10452,654,149290,70260680.0,OI2109
2021-07-27 10:05:00,10452,10458,10452,10452,500,149223,51925000.0,OI2109
2021-07-27 10:06:00,10453,10458,10452,10454,424,149262,44032400.0,OI2109
2021-07-27 10:07:00,10455,10460,10454,10456,482,149205,50055700.0,OI2109
2021-07-27 10:08:00,10455,10464,10455,10458,1551,149654,161071350.0,OI2109
2021-07-27 10:09:00,10456,10463,10455,10463,1560,149243,164400490.0,OI2109
2021-07-27 10:10:00,10462,10469,10462,10466,781,149193,81114660.0,OI2109
2021-07-27 10:11:00,10466,10468,10465,10467,535,149165,55565100.0,OI2109
2021-07-27 10:12:00,10468,10471,10463,10467,528,149214,57251010.0,OI2109
2021-07-27 10:13:00,10467,10472,10467,10470,371,149225,38535770.0,OI2109
2021-07-27 10:14:00,10470,10470,10462,10463,408,149160,42378960.0,OI2109
2021-07-27 10:30:00,10462,10463,10452,10454,968,149226,100546160.0,OI2109
2021-07-27 10:31:00,10453,10456,10448,10453,788,149229,81849560.0,OI2109
2021-07-27 10:32:00,10453,10453,10442,10444,1494,149002,157635000.0,OI2109
2021-07-27 10:33:00,10444,10444,10435,10442,1487,148803,154469560.0,OI2109
2021-07-27 10:34:00,10444,10448,10441,10444,839,148814,87155320.0,OI2109
2021-07-27 10:35:00,10444,10452,10444,10450,732,148828,76040160.0,OI2109
2021-07-27 10:36:00,10450,10459,10448,10457,741,148820,79466290.0,OI2109
2021-07-27 10:37:00,10458,10464,10457,10459,829,148831,86124810.0,OI2109
2021-07-27 10:38:00,10460,10464,10457,10459,806,148749,83735340.0,OI2109
2021-07-27 10:39:00,10461,10469,10459,10464,765,148782,79475850.0,OI2109
2021-07-27 10:40:00,10465,10472,10462,10470,1028,148832,109324410.0,OI2109
2021-07-27 10:41:00,10470,10476,10466,10476,1155,148864,120004500.0,OI2109
2021-07-27 10:42:00,10475,10484,10475,10483,1738,148584,183132620.0,OI2109
2021-07-27 10:43:00,10483,10491,10482,10487,1548,148485,160852680.0,OI2109
2021-07-27 10:44:00,10488,10490,10481,10481,845,148509,87803950.0,OI2109
2021-07-27 10:45:00,10482,10490,10480,10481,1144,148430,121462830.0,OI2109
2021-07-27 10:46:00,10481,10488,10481,10485,939,148358,97580880.0,OI2109
2021-07-27 10:47:00,10484,10488,10474,10477,1183,148333,125548370.0,OI2109
2021-07-27 10:48:00,10477,10479,10468,10472,1173,148053,121909890.0,OI2109
2021-07-27 10:49:00,10472,10482,10472,10482,1572,148031,163377960.0,OI2109
2021-07-27 10:50:00,10482,10486,10477,10478,786,148011,84335300.0,OI2109
2021-07-27 10:51:00,10479,10483,10476,10480,874,148068,90843560.0,OI2109
2021-07-27 10:52:00,10480,10488,10480,10488,1029,148067,106954260.0,OI2109
2021-07-27 10:53:00,10489,10491,10486,10488,885,147989,94661100.0,OI2109
2021-07-27 10:54:00,10489,10490,10486,10487,522,147975,54261900.0,OI2109
2021-07-27 10:55:00,10487,10489,10483,10487,576,148056,59875200.0,OI2109
2021-07-27 10:56:00,10487,10487,10478,10480,1042,147932,108315900.0,OI2109
2021-07-27 10:57:00,10482,10482,10470,10472,814,147813,87319040.0,OI2109
2021-07-27 10:58:00,10473,10485,10469,10470,1655,147899,172053800.0,OI2109
2021-07-27 10:59:00,10470,10477,10468,10472,642,147946,66742320.0,OI2109
2021-07-27 11:00:00,10471,10472,10461,10463,1394,147831,147660890.0,OI2109
2021-07-27 11:01:00,10462,10462,10454,10457,1356,147716,140983320.0,OI2109
2021-07-27 11:02:00,10458,10468,10457,10464,755,147738,78497350.0,OI2109
2021-07-27 11:03:00,10464,10469,10463,10463,754,147807,78393380.0,OI2109
2021-07-27 11:04:00,10463,10463,10449,10451,1096,147651,116731380.0,OI2109
2021-07-27 11:05:00,10451,10451,10447,10449,841,147567,87447180.0,OI2109
2021-07-27 11:06:00,10449,10459,10449,10455,832,147428,86511360.0,OI2109
2021-07-27 11:07:00,10455,10462,10455,10456,420,147420,43671600.0,OI2109
2021-07-27 11:08:00,10456,10460,10450,10450,329,147416,34209420.0,OI2109
2021-07-27 11:09:00,10450,10458,10448,10451,640,147318,66547200.0,OI2109
2021-07-27 11:10:00,10450,10451,10442,10446,954,147270,99196920.0,OI2109
2021-07-27 11:11:00,10445,10450,10445,10445,508,147193,52821840.0,OI2109
2021-07-27 11:12:00,10445,10450,10442,10448,492,147175,51158160.0,OI2109
2021-07-27 11:13:00,10448,10456,10447,10448,743,147225,80094990.0,OI2109
2021-07-27 11:14:00,10448,10448,10442,10442,522,147225,54282780.0,OI2109
2021-07-27 11:15:00,10443,10447,10441,10445,596,147231,61978040.0,OI2109
2021-07-27 11:16:00,10443,10451,10443,10448,473,147232,49187270.0,OI2109
2021-07-27 11:17:00,10449,10450,10443,10443,571,147311,59378290.0,OI2109
2021-07-27 11:18:00,10444,10446,10437,10438,643,147357,66865570.0,OI2109
2021-07-27 11:19:00,10441,10448,10440,10447,562,147203,58442380.0,OI2109
2021-07-27 11:20:00,10447,10453,10445,10451,664,147185,69049360.0,OI2109
2021-07-27 11:21:00,10451,10452,10441,10445,392,147175,40764080.0,OI2109
2021-07-27 11:22:00,10445,10448,10429,10429,1538,147145,162834080.0,OI2109
2021-07-27 11:23:00,10428,10430,10417,10420,1614,147198,167856000.0,OI2109
2021-07-27 11:24:00,10422,10425,10417,10417,1087,147148,113048000.0,OI2109
2021-07-27 11:25:00,10418,10421,10408,10410,1803,146895,187512000.0,OI2109
2021-07-27 11:26:00,10410,10415,10408,10410,707,146916,73528000.0,OI2109
2021-07-27 11:27:00,10410,10414,10406,10409,760,146775,79040000.0,OI2109
2021-07-27 11:28:00,10408,10410,10397,10397,1130,146784,117520000.0,OI2109
2021-07-27 11:29:00,10399,10410,10397,10405,1144,146608,118976000.0,OI2109
2021-07-27 13:30:00,10383,10391,10367,10375,3363,146825,349752000.0,OI2109
2021-07-27 13:31:00,10375,10386,10373,10385,1420,146868,147680000.0,OI2109
2021-07-27 13:32:00,10385,10386,10377,10385,1772,147333,181242540.0,OI2109
2021-07-27 13:33:00,10385,10388,10381,10388,1659,147293,172519410.0,OI2109
2021-07-27 13:34:00,10388,10396,10387,10390,1401,147067,145689990.0,OI2109
2021-07-27 13:35:00,10390,10409,10390,10398,1306,147033,135810940.0,OI2109
2021-07-27 13:36:00,10398,10408,10398,10406,764,147017,79448360.0,OI2109
2021-07-27 13:37:00,10406,10407,10398,10398,779,147128,81008210.0,OI2109
2021-07-27 13:38:00,10398,10401,10394,10400,539,147170,56050610.0,OI2109
2021-07-27 13:39:00,10399,10399,10394,10399,518,147220,53866820.0,OI2109
2021-07-27 13:40:00,10399,10410,10399,10409,1096,147283,113973040.0,OI2109
2021-07-27 13:41:00,10410,10410,10406,10408,521,147310,54178790.0,OI2109
2021-07-27 13:42:00,10408,10408,10403,10404,367,147342,38164330.0,OI2109
2021-07-27 13:43:00,10405,10405,10389,10392,953,147364,99102470.0,OI2109
2021-07-27 13:44:00,10393,10401,10391,10396,776,147514,80696240.0,OI2109
2021-07-27 13:45:00,10397,10398,10382,10382,969,147574,100766310.0,OI2109
2021-07-27 13:46:00,10383,10392,10381,10386,1208,147683,125619920.0,OI2109
2021-07-27 13:47:00,10386,10387,10379,10386,1187,147613,123436130.0,OI2109
2021-07-27 13:48:00,10386,10393,10383,10392,1426,147945,148289740.0,OI2109
2021-07-27 13:49:00,10392,10400,10389,10396,933,148049,97022670.0,OI2109
2021-07-27 13:50:00,10395,10403,10395,10402,842,148130,87559580.0,OI2109
2021-07-27 13:51:00,10402,10409,10401,10404,1060,148144,110229400.0,OI2109
2021-07-27 13:52:00,10404,10407,10401,10406,754,148167,78408460.0,OI2109
2021-07-27 13:53:00,10405,10416,10403,10414,1234,148106,128323660.0,OI2109
2021-07-27 13:54:00,10415,10421,10411,10421,1030,148183,107109700.0,OI2109
2021-07-27 13:55:00,10419,10419,10410,10413,777,148278,80800230.0,OI2109
2021-07-27 13:56:00,10413,10424,10411,10422,919,148364,95566810.0,OI2109
2021-07-27 13:57:00,10422,10422,10417,10420,581,148364,60418190.0,OI2109
2021-07-27 13:58:00,10419,10432,10419,10430,1275,148330,135881450.0,OI2109
2021-07-27 13:59:00,10431,10432,10425,10427,717,148372,74568000.0,OI2109
2021-07-27 14:00:00,10428,10435,10427,10433,917,148468,95368000.0,OI2109
2021-07-27 14:01:00,10433,10435,10429,10430,912,148504,94848000.0,OI2109
2021-07-27 14:02:00,10430,10433,10423,10425,1720,148513,178880000.0,OI2109
2021-07-27 14:03:00,10424,10428,10420,10424,1669,148765,173576000.0,OI2109
2021-07-27 14:04:00,10423,10432,10423,10429,718,148841,74672000.0,OI2109
2021-07-27 14:05:00,10430,10432,10426,10430,479,148879,49816000.0,OI2109
2021-07-27 14:06:00,10430,10431,10426,10427,377,148936,39208000.0,OI2109
2021-07-27 14:07:00,10427,10429,10425,10429,493,148883,51272000.0,OI2109
2021-07-27 14:08:00,10430,10434,10428,10429,750,148765,78000000.0,OI2109
2021-07-27 14:09:00,10428,10432,10427,10432,357,148832,37128000.0,OI2109
2021-07-27 14:10:00,10432,10438,10430,10438,1010,148829,105040000.0,OI2109
2021-07-27 14:11:00,10437,10441,10435,10439,928,148890,96512000.0,OI2109
2021-07-27 14:12:00,10439,10440,10436,10438,402,148826,45216690.0,OI2109
2021-07-27 14:13:00,10438,10439,10430,10430,1211,149003,125956110.0,OI2109
2021-07-27 14:14:00,10430,10435,10430,10431,611,148844,63550110.0,OI2109
2021-07-27 14:15:00,10431,10434,10428,10432,802,148882,83416020.0,OI2109
2021-07-27 14:16:00,10431,10436,10424,10424,1056,148892,109834560.0,OI2109
2021-07-27 14:17:00,10424,10425,10419,10420,1039,148762,108066390.0,OI2109
2021-07-27 14:18:00,10420,10423,10417,10422,568,148621,59077680.0,OI2109
2021-07-27 14:19:00,10422,10428,10420,10425,658,148577,68438580.0,OI2109
2021-07-27 14:20:00,10425,10432,10423,10429,793,148482,82479930.0,OI2109
2021-07-27 14:21:00,10430,10431,10424,10427,609,148429,63342090.0,OI2109
2021-07-27 14:22:00,10427,10442,10426,10442,2125,148202,221021250.0,OI2109
2021-07-27 14:23:00,10443,10447,10439,10445,1201,148112,124916010.0,OI2109
2021-07-27 14:24:00,10445,10446,10435,10436,697,148128,76017360.0,OI2109
2021-07-27 14:25:00,10437,10443,10433,10437,987,148092,102667740.0,OI2109
2021-07-27 14:26:00,10438,10438,10428,10430,761,147977,79159220.0,OI2109
2021-07-27 14:27:00,10430,10437,10429,10433,517,147958,53778340.0,OI2109
2021-07-27 14:28:00,10435,10435,10430,10431,525,147902,54610500.0,OI2109
2021-07-27 14:29:00,10430,10434,10429,10431,460,147772,47849200.0,OI2109
2021-07-27 14:30:00,10430,10434,10425,10432,1209,147564,125760180.0,OI2109
2021-07-27 14:31:00,10433,10443,10431,10443,923,147545,96010460.0,OI2109
2021-07-27 14:32:00,10441,10441,10432,10435,652,147482,67821040.0,OI2109
2021-07-27 14:33:00,10434,10445,10434,10442,850,147297,88417000.0,OI2109
2021-07-27 14:34:00,10442,10446,10440,10443,1023,147226,106412460.0,OI2109
2021-07-27 14:35:00,10443,10461,10443,10461,2002,147269,211869520.0,OI2109
2021-07-27 14:36:00,10461,10464,10454,10462,1265,147119,131597950.0,OI2109
2021-07-27 14:37:00,10462,10471,10461,10471,1381,147077,143665430.0,OI2109
2021-07-27 14:38:00,10472,10491,10472,10486,2943,147002,309837660.0,OI2109
2021-07-27 14:39:00,10486,10491,10479,10490,1625,147056,169065000.0,OI2109
2021-07-27 14:40:00,10490,10491,10482,10485,1347,146901,140141880.0,OI2109
2021-07-27 14:41:00,10485,10500,10485,10499,1621,146817,172372140.0,OI2109
2021-07-27 14:42:00,10499,10552,10499,10552,6285,147032,661526550.0,OI2109
2021-07-27 14:43:00,10553,10556,10526,10527,5188,146645,547591220.0,OI2109
2021-07-27 14:44:00,10525,10537,10524,10532,3346,146510,352156630.0,OI2109
2021-07-27 14:45:00,10533,10552,10533,10539,3079,146942,324426180.0,OI2109
2021-07-27 14:46:00,10539,10548,10527,10527,2483,146392,258505130.0,OI2109
2021-07-27 14:47:00,10526,10538,10517,10517,2218,146041,234865270.0,OI2109
2021-07-27 14:48:00,10519,10524,10501,10502,2983,145706,314569080.0,OI2109
2021-07-27 14:49:00,10502,10502,10486,10497,3202,144970,337435400.0,OI2109
2021-07-27 14:50:00,10497,10498,10480,10492,2289,144959,238376460.0,OI2109
2021-07-27 14:51:00,10493,10493,10483,10483,1272,144907,132466080.0,OI2109
2021-07-27 14:52:00,10483,10495,10474,10489,2144,144823,227344350.0,OI2109
2021-07-27 14:53:00,10489,10490,10481,10483,1039,144824,108211850.0,OI2109
2021-07-27 14:54:00,10483,10492,10483,10489,1047,144873,109045050.0,OI2109
2021-07-27 14:55:00,10489,10492,10484,10490,942,144767,98109300.0,OI2109
2021-07-27 14:56:00,10489,10492,10478,10481,1086,144737,113106900.0,OI2109
2021-07-27 14:57:00,10480,10481,10473,10477,1329,144344,138415350.0,OI2109
2021-07-27 14:58:00,10476,10486,10475,10481,975,144097,105678620.0,OI2109
2021-07-27 14:59:00,10480,10485,10477,10482,1123,143693,116971680.0,OI2109
2021-07-27 21:00:00,10510,10510,10467,10468,6199,143859,649965150.0,OI2109
2021-07-27 21:01:00,10470,10485,10469,10481,2538,144001,265934560.0,OI2109
2021-07-27 21:02:00,10480,10482,10474,10476,1603,143981,167939090.0,OI2109
2021-07-27 21:03:00,10476,10489,10476,10487,1306,144033,136894920.0,OI2109
2021-07-27 21:04:00,10488,10497,10486,10488,1265,143960,132726410.0,OI2109
2021-07-27 21:05:00,10488,10502,10488,10489,2016,144038,211635820.0,OI2109
2021-07-27 21:06:00,10488,10495,10479,10479,1875,143752,196593750.0,OI2109
2021-07-27 21:07:00,10477,10479,10472,10476,1230,143789,128785180.0,OI2109
2021-07-27 21:08:00,10477,10485,10476,10481,1052,143851,110291680.0,OI2109
2021-07-27 21:09:00,10482,10489,10480,10483,949,143894,99493160.0,OI2109
2021-07-27 21:10:00,10483,10484,10476,10478,916,143983,96033440.0,OI2109
2021-07-27 21:11:00,10477,10488,10477,10487,847,143943,88799480.0,OI2109
2021-07-27 21:12:00,10487,10492,10480,10480,1116,144110,117001440.0,OI2109
2021-07-27 21:13:00,10481,10481,10469,10472,1288,144252,134791920.0,OI2109
2021-07-27 21:14:00,10471,10482,10471,10477,937,144452,98225710.0,OI2109
2021-07-27 21:15:00,10476,10491,10473,10489,1458,144562,152842140.0,OI2109
2021-07-27 21:16:00,10489,10492,10486,10488,1018,144713,106716940.0,OI2109
2021-07-27 21:17:00,10489,10501,10489,10501,1380,144863,144955330.0,OI2109
2021-07-27 21:18:00,10501,10512,10498,10510,2749,144838,288840000.0,OI2109
2021-07-27 21:19:00,10512,10512,10498,10507,1539,144975,161712350.0,OI2109
2021-07-27 21:20:00,10507,10524,10505,10524,2569,144982,270128030.0,OI2109
2021-07-27 21:21:00,10523,10533,10519,10529,2353,145085,247570230.0,OI2109
2021-07-27 21:22:00,10531,10540,10526,10539,1952,145360,205587420.0,OI2109
2021-07-27 21:23:00,10539,10545,10538,10543,2058,145464,216790200.0,OI2109
2021-07-27 21:24:00,10544,10544,10528,10529,3087,145378,325339650.0,OI2109
2021-07-27 21:25:00,10529,10537,10529,10533,1399,145554,147334010.0,OI2109
2021-07-27 21:26:00,10533,10543,10533,10538,1352,145529,142426990.0,OI2109
2021-07-27 21:27:00,10537,10544,10537,10542,919,145574,96984700.0,OI2109
2021-07-27 21:28:00,10543,10557,10542,10556,2380,145527,250950800.0,OI2109
2021-07-27 21:29:00,10556,10575,10556,10565,3800,145566,401871500.0,OI2109
2021-07-27 21:30:00,10565,10576,10562,10563,3651,145721,385411110.0,OI2109
2021-07-27 21:31:00,10561,10574,10561,10568,2447,145906,259041610.0,OI2109
2021-07-27 21:32:00,10569,10577,10564,10565,1948,145940,205444680.0,OI2109
2021-07-27 21:33:00,10565,10580,10565,10573,2322,146107,246123840.0,OI2109
2021-07-27 21:34:00,10573,10581,10568,10570,1820,146240,192100980.0,OI2109
2021-07-27 21:35:00,10570,10582,10570,10580,1859,146305,196932150.0,OI2109
2021-07-27 21:36:00,10578,10582,10576,10580,2157,146417,227651510.0,OI2109
2021-07-27 21:37:00,10580,10582,10565,10565,2222,146437,235270360.0,OI2109
2021-07-27 21:38:00,10563,10572,10563,10569,1707,146393,180397510.0,OI2109
2021-07-27 21:39:00,10571,10583,10571,10581,1824,146466,192747070.0,OI2109
2021-07-27 21:40:00,10579,10587,10566,10568,2401,146350,254319420.0,OI2109
2021-07-27 21:41:00,10568,10569,10549,10550,3587,146037,378470310.0,OI2109
2021-07-27 21:42:00,10549,10559,10549,10551,2292,145932,242178550.0,OI2109
2021-07-27 21:43:00,10551,10552,10542,10543,2008,145841,211442400.0,OI2109
2021-07-27 21:44:00,10543,10551,10535,10545,2040,145756,214812000.0,OI2109
2021-07-27 21:45:00,10545,10550,10538,10549,1803,145850,190768280.0,OI2109
2021-07-27 21:46:00,10550,10565,10550,10561,2018,145701,212515580.0,OI2109
2021-07-27 21:47:00,10561,10574,10558,10573,1928,145721,203989520.0,OI2109
2021-07-27 21:48:00,10573,10578,10570,10574,1886,145672,199604220.0,OI2109
2021-07-27 21:49:00,10576,10584,10574,10580,1953,146228,206699720.0,OI2109
2021-07-27 21:50:00,10581,10600,10581,10600,3701,146791,391917820.0,OI2109
2021-07-27 21:51:00,10600,10602,10590,10592,2902,147014,307867240.0,OI2109
2021-07-27 21:52:00,10592,10592,10581,10581,2035,146653,214448300.0,OI2109
2021-07-27 21:53:00,10582,10588,10569,10570,1735,146503,183928260.0,OI2109
2021-07-27 21:54:00,10571,10573,10564,10570,1759,146487,186492560.0,OI2109
2021-07-27 21:55:00,10571,10575,10570,10571,1314,146566,138495600.0,OI2109
2021-07-27 21:56:00,10572,10574,10558,10561,1657,146384,174647800.0,OI2109
2021-07-27 21:57:00,10562,10569,10560,10562,1270,146532,135011960.0,OI2109
2021-07-27 21:58:00,10563,10573,10562,10573,1173,146674,123645930.0,OI2109
2021-07-27 21:59:00,10572,10574,10565,10570,932,146786,98242120.0,OI2109
2021-07-27 22:00:00,10571,10579,10571,10574,2394,146761,253550490.0,OI2109
2021-07-27 22:01:00,10574,10598,10574,10595,2614,146953,276792970.0,OI2109
2021-07-27 22:02:00,10596,10596,10577,10578,1726,146946,181972180.0,OI2109
2021-07-27 22:03:00,10578,10584,10573,10580,2112,146898,223931630.0,OI2109
2021-07-27 22:04:00,10581,10581,10571,10573,1368,147117,144241920.0,OI2109
2021-07-27 22:05:00,10573,10588,10573,10582,1488,147035,158186750.0,OI2109
2021-07-27 22:06:00,10581,10581,10571,10572,1296,147065,136663200.0,OI2109
2021-07-27 22:07:00,10572,10577,10567,10575,1807,147076,190548150.0,OI2109
2021-07-27 22:08:00,10574,10580,10572,10574,792,147117,84847380.0,OI2109
2021-07-27 22:09:00,10575,10577,10573,10577,498,147110,52519080.0,OI2109
2021-07-27 22:10:00,10576,10580,10575,10580,687,147055,72451020.0,OI2109
2021-07-27 22:11:00,10579,10588,10579,10583,1339,147181,141210940.0,OI2109
2021-07-27 22:12:00,10584,10588,10582,10584,829,147186,87426340.0,OI2109
2021-07-27 22:13:00,10584,10585,10571,10572,1097,147084,117065100.0,OI2109
2021-07-27 22:14:00,10572,10575,10565,10570,1218,147038,128462460.0,OI2109
2021-07-27 22:15:00,10570,10574,10567,10570,1134,146977,119602980.0,OI2109
2021-07-27 22:16:00,10570,10572,10566,10566,962,146850,101462140.0,OI2109
2021-07-27 22:17:00,10565,10569,10559,10568,1398,146634,147447060.0,OI2109
2021-07-27 22:18:00,10566,10566,10549,10552,1865,146530,196701550.0,OI2109
2021-07-27 22:19:00,10551,10560,10551,10555,1278,146631,136244690.0,OI2109
2021-07-27 22:20:00,10554,10561,10549,10549,1084,146842,114340320.0,OI2109
2021-07-27 22:21:00,10549,10560,10549,10559,945,146870,99678600.0,OI2109
2021-07-27 22:22:00,10561,10566,10559,10559,1084,146839,114340320.0,OI2109
2021-07-27 22:23:00,10559,10564,10556,10560,948,146951,99995040.0,OI2109
2021-07-27 22:24:00,10561,10566,10560,10564,804,146934,84805920.0,OI2109
2021-07-27 22:25:00,10564,10571,10559,10568,897,146889,94615560.0,OI2109
2021-07-27 22:26:00,10568,10571,10564,10569,607,146968,64026360.0,OI2109
2021-07-27 22:27:00,10569,10574,10566,10573,835,147008,88075800.0,OI2109
2021-07-27 22:28:00,10573,10574,10570,10573,821,147183,86599080.0,OI2109
2021-07-27 22:29:00,10573,10577,10570,10572,882,147223,94576460.0,OI2109
2021-07-27 22:30:00,10570,10571,10562,10566,816,147143,86079840.0,OI2109
2021-07-27 22:31:00,10566,10581,10566,10576,1156,147244,121946440.0,OI2109
2021-07-27 22:32:00,10576,10577,10572,10574,573,147327,60445770.0,OI2109
2021-07-27 22:33:00,10575,10575,10568,10571,601,147333,63399490.0,OI2109
2021-07-27 22:34:00,10571,10576,10569,10575,508,147298,53588920.0,OI2109
2021-07-27 22:35:00,10575,10582,10573,10580,819,147395,86396310.0,OI2109
2021-07-27 22:36:00,10577,10581,10573,10577,926,147382,97683740.0,OI2109
2021-07-27 22:37:00,10578,10581,10576,10580,636,147402,67091640.0,OI2109
2021-07-27 22:38:00,10579,10584,10576,10580,897,147462,96236950.0,OI2109
2021-07-27 22:39:00,10581,10582,10577,10580,494,147466,52117000.0,OI2109
2021-07-27 22:40:00,10581,10586,10580,10581,969,147466,102229500.0,OI2109
2021-07-27 22:41:00,10582,10590,10581,10585,1075,147667,113412500.0,OI2109
2021-07-27 22:42:00,10585,10586,10581,10582,729,147797,76909500.0,OI2109
2021-07-27 22:43:00,10582,10586,10581,10581,411,147830,43360500.0,OI2109
2021-07-27 22:44:00,10582,10582,10575,10581,785,147793,84474550.0,OI2109
2021-07-27 22:45:00,10582,10591,10582,10586,1039,147828,109624890.0,OI2109
2021-07-27 22:46:00,10586,10595,10586,10586,1128,147844,119015280.0,OI2109
2021-07-27 22:47:00,10587,10590,10582,10590,648,147824,68370480.0,OI2109
2021-07-27 22:48:00,10590,10591,10584,10586,472,147849,49800720.0,OI2109
2021-07-27 22:49:00,10586,10589,10585,10586,388,147830,40937880.0,OI2109
2021-07-27 22:50:00,10585,10585,10577,10582,878,147753,94340360.0,OI2109
2021-07-27 22:51:00,10582,10584,10568,10568,1713,147662,180755760.0,OI2109
2021-07-27 22:52:00,10569,10574,10566,10573,1211,147651,127784720.0,OI2109
2021-07-27 22:53:00,10573,10580,10571,10576,658,147593,69432160.0,OI2109
2021-07-27 22:54:00,10575,10577,10572,10573,410,147518,43263200.0,OI2109
2021-07-27 22:55:00,10575,10585,10573,10584,866,147447,91380320.0,OI2109
2021-07-27 22:56:00,10585,10585,10577,10580,1836,147587,193734720.0,OI2109
2021-07-27 22:57:00,10580,10583,10579,10582,900,147271,96746520.0,OI2109
2021-07-27 22:58:00,10581,10592,10581,10592,910,146966,96032300.0,OI2109
2021-07-27 22:59:00,10591,10597,10590,10594,1440,146557,151963200.0,OI2109
2021-07-28 09:00:00,10578,10578,10549,10566,4348,147022,458844440.0,OI2109
2021-07-28 09:01:00,10566,10576,10560,10576,2018,147271,214825220.0,OI2109
2021-07-28 09:02:00,10578,10595,10574,10589,1834,147519,193560360.0,OI2109
2021-07-28 09:03:00,10588,10595,10582,10594,2024,147717,213612960.0,OI2109
2021-07-28 09:04:00,10595,10608,10591,10605,3175,147688,337025510.0,OI2109
2021-07-28 09:05:00,10605,10618,10605,10616,3745,147765,397258210.0,OI2109
2021-07-28 09:06:00,10615,10619,10603,10603,2884,147333,306437340.0,OI2109
2021-07-28 09:07:00,10602,10608,10592,10595,1789,147097,188864730.0,OI2109
2021-07-28 09:08:00,10597,10600,10593,10600,822,147015,86778540.0,OI2109
2021-07-28 09:09:00,10600,10600,10588,10593,1594,147022,170322930.0,OI2109
2021-07-28 09:10:00,10595,10609,10595,10603,1599,146982,168822420.0,OI2109
2021-07-28 09:11:00,10604,10609,10601,10605,776,147012,81930080.0,OI2109
2021-07-28 09:12:00,10606,10607,10598,10602,1002,147087,105791160.0,OI2109
2021-07-28 09:13:00,10603,10606,10592,10598,1979,147274,211040730.0,OI2109
2021-07-28 09:14:00,10599,10604,10596,10601,570,147207,60186300.0,OI2109
2021-07-28 09:15:00,10602,10611,10598,10606,1225,147184,129347750.0,OI2109
2021-07-28 09:16:00,10606,10609,10599,10600,815,147270,86055850.0,OI2109
2021-07-28 09:17:00,10600,10603,10593,10601,774,147359,81726660.0,OI2109
2021-07-28 09:18:00,10602,10602,10593,10597,1428,147673,152928550.0,OI2109
2021-07-28 09:19:00,10598,10598,10589,10590,3220,147385,340032000.0,OI2109
2021-07-28 09:20:00,10589,10593,10583,10588,1442,147131,152275200.0,OI2109
2021-07-28 09:21:00,10588,10588,10582,10582,927,147127,100093120.0,OI2109
2021-07-28 09:22:00,10582,10588,10582,10588,872,147043,92091920.0,OI2109
2021-07-28 09:23:00,10588,10589,10579,10582,1251,147187,132118110.0,OI2109
2021-07-28 09:24:00,10582,10583,10575,10578,936,147091,98850960.0,OI2109
2021-07-28 09:25:00,10578,10583,10576,10577,655,147163,69174550.0,OI2109
2021-07-28 09:26:00,10579,10587,10577,10586,716,147219,75616760.0,OI2109
2021-07-28 09:27:00,10587,10594,10583,10591,1604,147345,169398440.0,OI2109
2021-07-28 09:28:00,10589,10598,10589,10597,1062,147336,112157820.0,OI2109
2021-07-28 09:29:00,10597,10601,10595,10597,844,147279,89134840.0,OI2109
2021-07-28 09:30:00,10597,10601,10593,10597,1158,147231,124589280.0,OI2109
2021-07-28 09:31:00,10596,10596,10590,10595,711,147149,75095820.0,OI2109
2021-07-28 09:32:00,10595,10599,10595,10596,344,147145,36333280.0,OI2109
2021-07-28 09:33:00,10596,10601,10594,10594,768,147145,81116160.0,OI2109
2021-07-28 09:34:00,10596,10602,10594,10600,602,147097,63583240.0,OI2109
2021-07-28 09:35:00,10599,10601,10592,10596,672,147128,70976640.0,OI2109
2021-07-28 09:36:00,10595,10597,10589,10592,833,147126,87981460.0,OI2109
2021-07-28 09:37:00,10592,10595,10587,10590,569,147102,60097780.0,OI2109
2021-07-28 09:38:00,10591,10593,10585,10590,484,147104,51120080.0,OI2109
2021-07-28 09:39:00,10590,10590,10586,10586,386,147069,40769320.0,OI2109
2021-07-28 09:40:00,10586,10591,10582,10584,732,147141,77313840.0,OI2109
2021-07-28 09:41:00,10583,10584,10579,10581,664,147111,70131680.0,OI2109
2021-07-28 09:42:00,10581,10581,10574,10578,750,147188,81583050.0,OI2109
2021-07-28 09:43:00,10579,10581,10575,10580,605,147237,63906150.0,OI2109
2021-07-28 09:44:00,10579,10586,10577,10577,805,147245,85032150.0,OI2109
2021-07-28 09:45:00,10578,10585,10578,10582,657,147342,69398910.0,OI2109
2021-07-28 09:46:00,10581,10589,10579,10589,517,147377,54610710.0,OI2109
2021-07-28 09:47:00,10588,10588,10580,10581,876,147356,92531880.0,OI2109
2021-07-28 09:48:00,10581,10581,10566,10568,1683,147371,177775290.0,OI2109
2021-07-28 09:49:00,10568,10571,10565,10568,746,147363,78799980.0,OI2109
2021-07-28 09:50:00,10568,10580,10568,10576,971,147340,102566730.0,OI2109
2021-07-28 09:51:00,10577,10577,10567,10572,537,147423,56723310.0,OI2109
2021-07-28 09:52:00,10571,10579,10568,10576,640,147452,67603200.0,OI2109
2021-07-28 09:53:00,10576,10584,10576,10581,712,147397,75208560.0,OI2109
2021-07-28 09:54:00,10582,10584,10578,10583,553,147415,58413390.0,OI2109
2021-07-28 09:55:00,10584,10594,10583,10591,1322,147307,139642860.0,OI2109
2021-07-28 09:56:00,10591,10594,10588,10591,617,147377,65173710.0,OI2109
2021-07-28 09:57:00,10590,10591,10585,10587,712,147389,75208560.0,OI2109
2021-07-28 09:58:00,10586,10595,10586,10589,575,147381,60737250.0,OI2109
2021-07-28 09:59:00,10589,10593,10585,10589,2218,147780,236802850.0,OI2109
2021-07-28 10:00:00,10587,10589,10578,10579,3722,147580,393192080.0,OI2109
2021-07-28 10:01:00,10579,10580,10573,10574,2207,147763,233147480.0,OI2109
2021-07-28 10:02:00,10574,10578,10567,10569,2552,147912,269593280.0,OI2109
2021-07-28 10:03:00,10568,10569,10560,10563,2697,147919,284911080.0,OI2109
2021-07-28 10:04:00,10560,10567,10558,10565,1876,147614,198180640.0,OI2109
2021-07-28 10:05:00,10566,10568,10561,10565,584,147635,61693760.0,OI2109
2021-07-28 10:06:00,10566,10567,10559,10565,861,147595,90956040.0,OI2109
2021-07-28 10:07:00,10565,10567,10560,10560,753,147502,79546920.0,OI2109
2021-07-28 10:08:00,10560,10562,10555,10556,707,147439,74687480.0,OI2109
2021-07-28 10:09:00,10557,10562,10552,10560,787,147411,83138680.0,OI2109
2021-07-28 10:10:00,10560,10560,10550,10553,992,147279,104794880.0,OI2109
2021-07-28 10:11:00,10553,10557,10548,10554,1102,147183,116415280.0,OI2109
2021-07-28 10:12:00,10554,10555,10550,10552,479,147266,50601560.0,OI2109
2021-07-28 10:13:00,10553,10562,10549,10560,902,147143,95287280.0,OI2109
2021-07-28 10:14:00,10561,10563,10558,10560,606,147124,64017840.0,OI2109
2021-07-28 10:30:00,10562,10572,10561,10565,1223,147112,129197720.0,OI2109
2021-07-28 10:31:00,10564,10573,10563,10571,806,147050,85145840.0,OI2109
2021-07-28 10:32:00,10571,10571,10560,10563,899,147034,94970360.0,OI2109
2021-07-28 10:33:00,10563,10563,10555,10560,974,147155,102893360.0,OI2109
2021-07-28 10:34:00,10559,10564,10555,10562,601,147188,63489640.0,OI2109
2021-07-28 10:35:00,10562,10564,10544,10547,1619,147137,171031160.0,OI2109
2021-07-28 10:36:00,10547,10559,10546,10551,1139,147302,120323960.0,OI2109
2021-07-28 10:37:00,10550,10554,10550,10551,496,147356,52397440.0,OI2109
2021-07-28 10:38:00,10549,10549,10539,10539,1622,147237,171348080.0,OI2109
2021-07-28 10:39:00,10539,10554,10539,10551,1090,147367,115147600.0,OI2109
2021-07-28 10:40:00,10550,10560,10545,10558,1039,147276,109759960.0,OI2109
2021-07-28 10:41:00,10558,10563,10556,10561,799,147281,84406360.0,OI2109
2021-07-28 10:42:00,10560,10568,10559,10560,712,147191,75215680.0,OI2109
2021-07-28 10:43:00,10561,10570,10560,10565,963,147174,101731320.0,OI2109
2021-07-28 10:44:00,10565,10569,10557,10557,701,147245,74053640.0,OI2109
2021-07-28 10:45:00,10558,10571,10557,10569,945,147378,99829800.0,OI2109
2021-07-28 10:46:00,10570,10577,10566,10569,1013,147372,107013320.0,OI2109
2021-07-28 10:47:00,10569,10573,10563,10567,786,147440,83033040.0,OI2109
2021-07-28 10:48:00,10568,10572,10556,10556,1003,147457,105956920.0,OI2109
2021-07-28 10:49:00,10555,10558,10550,10553,805,147460,85040200.0,OI2109
2021-07-28 10:50:00,10552,10557,10548,10550,1282,147742,135430480.0,OI2109
2021-07-28 10:51:00,10551,10553,10543,10544,1537,147503,159424360.0,OI2109
2021-07-28 10:52:00,10544,10545,10534,10534,1103,147453,116509890.0,OI2109
2021-07-28 10:53:00,10535,10536,10524,10535,1902,147414,200908260.0,OI2109
2021-07-28 10:54:00,10534,10538,10525,10528,1025,147588,108270750.0,OI2109
2021-07-28 10:55:00,10527,10535,10525,10529,1249,147773,131931870.0,OI2109
2021-07-28 10:56:00,10529,10533,10523,10533,1013,147658,107003190.0,OI2109
2021-07-28 10:57:00,10531,10535,10528,10532,890,147670,94010700.0,OI2109
2021-07-28 10:58:00,10532,10532,10525,10525,738,147775,77954940.0,OI2109
2021-07-28 10:59:00,10525,10530,10523,10530,779,147873,79254460.0,OI2109
2021-07-28 11:00:00,10529,10543,10529,10541,1601,147748,169097620.0,OI2109
2021-07-28 11:01:00,10540,10543,10535,10537,764,147869,80693680.0,OI2109
2021-07-28 11:02:00,10537,10543,10534,10540,641,147919,67702420.0,OI2109
2021-07-28 11:03:00,10541,10545,10535,10538,1115,148060,117766300.0,OI2109
2021-07-28 11:04:00,10537,10542,10536,10539,936,148189,98860320.0,OI2109
2021-07-28 11:05:00,10540,10548,10537,10544,1177,148278,124314740.0,OI2109
2021-07-28 11:06:00,10543,10544,10523,10527,1660,148237,175329200.0,OI2109
2021-07-28 11:07:00,10527,10528,10514,10520,2500,148274,264050000.0,OI2109
2021-07-28 11:08:00,10520,10531,10520,10525,2227,148375,232058220.0,OI2109
2021-07-28 11:09:00,10525,10526,10521,10523,1318,148196,139193980.0,OI2109
2021-07-28 11:10:00,10523,10535,10521,10534,919,148101,97055590.0,OI2109
2021-07-28 11:11:00,10534,10535,10527,10532,837,147970,88395570.0,OI2109
2021-07-28 11:12:00,10532,10539,10529,10529,1061,147800,112052210.0,OI2109
2021-07-28 11:13:00,10529,10534,10524,10524,981,147741,103603410.0,OI2109
2021-07-28 11:14:00,10524,10535,10524,10535,512,147660,54072320.0,OI2109
2021-07-28 11:15:00,10536,10543,10534,10536,715,147571,75511150.0,OI2109
2021-07-28 11:16:00,10536,10540,10530,10533,389,147581,41082290.0,OI2109
2021-07-28 11:17:00,10533,10537,10529,10533,591,147724,62415510.0,OI2109
2021-07-28 11:18:00,10533,10533,10520,10520,688,147624,72659680.0,OI2109
2021-07-28 11:19:00,10520,10520,10511,10514,1061,147484,108803970.0,OI2109
2021-07-28 11:20:00,10515,10520,10511,10518,993,147660,104860800.0,OI2109
2021-07-28 11:21:00,10518,10522,10516,10518,590,147624,62304000.0,OI2109
2021-07-28 11:22:00,10518,10518,10510,10512,1042,147652,110035200.0,OI2109
2021-07-28 11:23:00,10513,10517,10511,10512,1397,147630,147523200.0,OI2109
2021-07-28 11:24:00,10512,10518,10506,10516,922,147624,97363200.0,OI2109
2021-07-28 11:25:00,10517,10518,10508,10511,470,147639,49632000.0,OI2109
2021-07-28 11:26:00,10510,10510,10475,10477,3436,147070,359504860.0,OI2109
2021-07-28 11:27:00,10476,10483,10474,10479,1895,146866,196737360.0,OI2109
2021-07-28 11:28:00,10479,10479,10472,10474,1071,146656,113076180.0,OI2109
2021-07-28 11:29:00,10474,10490,10474,10489,1227,146088,129546660.0,OI2109
2021-07-28 13:30:00,10488,10495,10482,10490,1794,146373,189410520.0,OI2109
2021-07-28 13:31:00,10490,10497,10466,10466,1758,146259,182195450.0,OI2109
2021-07-28 13:32:00,10466,10473,10458,10460,2103,146141,222013710.0,OI2109
2021-07-28 13:33:00,10460,10463,10444,10449,2772,146148,289177100.0,OI2109
2021-07-28 13:34:00,10449,10451,10435,10437,2017,146138,209431410.0,OI2109
2021-07-28 13:35:00,10437,10444,10435,10439,1865,145997,193348990.0,OI2109
2021-07-28 13:36:00,10438,10444,10435,10440,2543,146139,268388220.0,OI2109
2021-07-28 13:37:00,10440,10444,10439,10440,2385,145968,248161860.0,OI2109
2021-07-28 13:38:00,10440,10442,10438,10440,2382,145684,247797600.0,OI2109
2021-07-28 13:39:00,10441,10444,10439,10442,1054,145581,111218080.0,OI2109
2021-07-28 13:40:00,10441,10441,10424,10429,3045,145402,317692550.0,OI2109
2021-07-28 13:41:00,10430,10437,10428,10430,1132,145368,115810150.0,OI2109
2021-07-28 13:42:00,10430,10431,10416,10416,2038,145460,215009000.0,OI2109
2021-07-28 13:43:00,10418,10418,10411,10415,2315,145375,240561800.0,OI2109
2021-07-28 13:44:00,10414,10417,10408,10412,1853,145524,191783740.0,OI2109
2021-07-28 13:45:00,10411,10411,10405,10411,1666,145496,175729680.0,OI2109
2021-07-28 13:46:00,10411,10416,10410,10415,1224,145413,125389390.0,OI2109
2021-07-28 13:47:00,10415,10417,10407,10408,1106,145380,116649820.0,OI2109
2021-07-28 13:48:00,10408,10410,10404,10408,1152,145343,117760730.0,OI2109
2021-07-28 13:49:00,10408,10411,10401,10404,1282,145372,135199720.0,OI2109
2021-07-28 13:50:00,10404,10409,10399,10407,1472,145356,151468870.0,OI2109
2021-07-28 13:51:00,10407,10421,10406,10420,1654,145092,174414300.0,OI2109
2021-07-28 13:52:00,10420,10425,10419,10420,1396,144737,143409450.0,OI2109
2021-07-28 13:53:00,10420,10421,10413,10413,898,144642,94685120.0,OI2109
2021-07-28 13:54:00,10412,10418,10409,10417,1163,144757,118807360.0,OI2109
2021-07-28 13:55:00,10418,10421,10409,10416,1691,144528,178282130.0,OI2109
2021-07-28 13:56:00,10416,10420,10411,10416,985,144460,103848550.0,OI2109
2021-07-28 13:57:00,10417,10417,10395,10406,2269,144395,235351860.0,OI2109
2021-07-28 13:58:00,10406,10407,10399,10401,791,144491,79510500.0,OI2109
2021-07-28 13:59:00,10400,10411,10399,10411,975,144521,102774750.0,OI2109
2021-07-28 14:00:00,10410,10412,10405,10410,809,144473,85276690.0,OI2109
2021-07-28 14:01:00,10410,10410,10399,10402,1457,144264,149673240.0,OI2109
2021-07-28 14:02:00,10402,10402,10389,10390,2246,144436,232796810.0,OI2109
2021-07-28 14:03:00,10392,10395,10389,10393,1102,144596,116139780.0,OI2109
2021-07-28 14:04:00,10393,10393,10386,10388,1451,144842,152920890.0,OI2109
2021-07-28 14:05:00,10388,10388,10378,10380,2343,144992,242948220.0,OI2109
2021-07-28 14:06:00,10380,10384,10376,10376,1190,144974,121409750.0,OI2109
2021-07-28 14:07:00,10376,10377,10368,10376,2102,145138,217474270.0,OI2109
2021-07-28 14:08:00,10376,10385,10375,10385,1512,144935,159304320.0,OI2109
2021-07-28 14:09:00,10384,10389,10381,10382,1283,145013,131135460.0,OI2109
2021-07-28 14:10:00,10382,10384,10377,10380,1637,144935,172457950.0,OI2109
2021-07-28 14:11:00,10381,10385,10378,10379,1049,144943,106443870.0,OI2109
2021-07-28 14:12:00,10378,10383,10377,10382,697,144946,73421980.0,OI2109
2021-07-28 14:13:00,10382,10389,10381,10387,900,144914,94806000.0,OI2109
2021-07-28 14:14:00,10387,10389,10382,10383,842,144879,84603610.0,OI2109
2021-07-28 14:15:00,10382,10384,10380,10383,862,144829,90794460.0,OI2109
2021-07-28 14:16:00,10383,10392,10381,10391,1411,144607,144505230.0,OI2109
2021-07-28 14:17:00,10391,10394,10389,10392,1167,144373,122908440.0,OI2109
2021-07-28 14:18:00,10392,10403,10389,10401,1641,144015,172830120.0,OI2109
2021-07-28 14:19:00,10401,10405,10399,10399,1953,144087,201526950.0,OI2109
2021-07-28 14:20:00,10400,10411,10397,10403,1526,143792,156524790.0,OI2109
2021-07-28 14:21:00,10402,10408,10401,10406,945,143679,99508500.0,OI2109
2021-07-28 14:22:00,10406,10407,10393,10398,1187,143855,124991100.0,OI2109
2021-07-28 14:23:00,10397,10406,10396,10400,564,143884,59389200.0,OI2109
2021-07-28 14:24:00,10400,10409,10398,10406,867,143973,87081200.0,OI2109
2021-07-28 14:25:00,10405,10413,10405,10409,785,143983,82652650.0,OI2109
2021-07-28 14:26:00,10409,10415,10407,10411,971,143944,102236590.0,OI2109
2021-07-28 14:27:00,10410,10411,10405,10407,545,143932,57383050.0,OI2109
2021-07-28 14:28:00,10407,10409,10400,10402,589,143883,62015810.0,OI2109
2021-07-28 14:29:00,10401,10406,10401,10405,619,143981,60925520.0,OI2109
2021-07-28 14:30:00,10404,10405,10400,10402,700,143908,73696000.0,OI2109
2021-07-28 14:31:00,10402,10403,10388,10388,1668,144029,175607040.0,OI2109
2021-07-28 14:32:00,10388,10398,10387,10394,1327,144023,135420620.0,OI2109
2021-07-28 14:33:00,10394,10395,10387,10387,910,144152,95795700.0,OI2109
2021-07-28 14:34:00,10388,10390,10379,10381,1105,144148,116323350.0,OI2109
2021-07-28 14:35:00,10381,10382,10373,10373,1591,144099,163162570.0,OI2109
2021-07-28 14:36:00,10373,10377,10370,10377,1450,144217,152627000.0,OI2109
2021-07-28 14:37:00,10377,10377,10370,10376,919,144211,92388250.0,OI2109
2021-07-28 14:38:00,10375,10381,10374,10376,810,144075,85252500.0,OI2109
2021-07-28 14:39:00,10375,10376,10370,10374,866,144220,91146500.0,OI2109
2021-07-28 14:40:00,10373,10375,10368,10371,1035,144306,104560950.0,OI2109
2021-07-28 14:41:00,10371,10378,10369,10376,1148,144296,120815520.0,OI2109
2021-07-28 14:42:00,10376,10378,10365,10366,1421,144488,145147550.0,OI2109
2021-07-28 14:43:00,10365,10369,10361,10365,1687,144588,177523010.0,OI2109
2021-07-28 14:44:00,10365,10368,10364,10365,1004,144705,101225520.0,OI2109
2021-07-28 14:45:00,10365,10367,10360,10363,1290,144462,135733800.0,OI2109
2021-07-28 14:46:00,10361,10364,10356,10359,1771,144630,181888610.0,OI2109
2021-07-28 14:47:00,10360,10360,10335,10345,4648,145679,480011100.0,OI2109
2021-07-28 14:48:00,10345,10345,10331,10333,1989,146190,209222910.0,OI2109
2021-07-28 14:49:00,10333,10337,10322,10325,2962,146508,302468780.0,OI2109
2021-07-28 14:50:00,10326,10338,10326,10331,2833,146121,293366280.0,OI2109
2021-07-28 14:51:00,10332,10333,10325,10328,1377,146164,144805320.0,OI2109
2021-07-28 14:52:00,10327,10335,10325,10331,1374,146180,139882000.0,OI2109
2021-07-28 14:53:00,10331,10336,10328,10333,1580,146051,166137000.0,OI2109
2021-07-28 14:54:00,10334,10337,10329,10332,1393,145720,141836380.0,OI2109
2021-07-28 14:55:00,10332,10337,10328,10336,1445,145341,147275280.0,OI2109
2021-07-28 14:56:00,10335,10340,10332,10337,1460,145331,153489800.0,OI2109
2021-07-28 14:57:00,10337,10337,10325,10328,1418,145017,144393540.0,OI2109
2021-07-28 14:58:00,10329,10334,10329,10331,1308,144669,137496960.0,OI2109
2021-07-28 14:59:00,10331,10332,10321,10322,1736,144184,177777080.0,OI2109
2021-07-28 21:00:00,10332,10343,10329,10340,5739,143975,593125650.0,OI2109
2021-07-28 21:01:00,10339,10340,10332,10337,2264,143929,233984400.0,OI2109
2021-07-28 21:02:00,10337,10347,10334,10344,2508,143510,259412020.0,OI2109
2021-07-28 21:03:00,10345,10351,10340,10346,2724,143529,281844580.0,OI2109
2021-07-28 21:04:00,10346,10346,10332,10334,1909,143495,197220070.0,OI2109
2021-07-28 21:05:00,10335,10341,10332,10332,1641,143407,169646580.0,OI2109
2021-07-28 21:06:00,10332,10332,10316,10322,2864,143578,295687340.0,OI2109
2021-07-28 21:07:00,10322,10331,10320,10324,1370,143651,141393010.0,OI2109
2021-07-28 21:08:00,10324,10327,10311,10311,1942,143805,200476090.0,OI2109
2021-07-28 21:09:00,10311,10317,10308,10309,2452,144173,252881420.0,OI2109
2021-07-28 21:10:00,10309,10313,10302,10307,2174,144570,224065940.0,OI2109
2021-07-28 21:11:00,10307,10312,10305,10305,1511,144988,155795320.0,OI2109
2021-07-28 21:12:00,10304,10310,10304,10305,877,145069,90285580.0,OI2109
2021-07-28 21:13:00,10306,10308,10295,10299,1987,144986,204578120.0,OI2109
2021-07-28 21:14:00,10299,10299,10284,10285,2648,145574,272740280.0,OI2109
2021-07-28 21:15:00,10286,10289,10285,10287,2219,146218,227984690.0,OI2109
2021-07-28 21:16:00,10286,10293,10280,10281,1923,146490,198085310.0,OI2109
2021-07-28 21:17:00,10282,10287,10278,10280,2213,146729,227562300.0,OI2109
2021-07-28 21:18:00,10283,10291,10281,10285,1748,146619,179504380.0,OI2109
2021-07-28 21:19:00,10286,10288,10284,10285,1190,146673,122760400.0,OI2109
2021-07-28 21:20:00,10285,10285,10270,10271,2810,147051,288478210.0,OI2109
2021-07-28 21:21:00,10270,10276,10266,10266,2586,147701,265708200.0,OI2109
2021-07-28 21:22:00,10267,10275,10265,10273,1630,147884,167560010.0,OI2109
2021-07-28 21:23:00,10273,10283,10272,10278,2329,147976,239054740.0,OI2109
2021-07-28 21:24:00,10277,10280,10272,10275,878,147888,90504240.0,OI2109
2021-07-28 21:25:00,10274,10274,10268,10274,1439,148285,147776370.0,OI2109
2021-07-28 21:26:00,10273,10276,10268,10270,893,148447,91476830.0,OI2109
2021-07-28 21:27:00,10271,10279,10270,10275,1153,148430,118828180.0,OI2109
2021-07-28 21:28:00,10276,10276,10268,10270,1037,148397,106286640.0,OI2109
2021-07-28 21:29:00,10270,10272,10259,10265,2009,148480,206420780.0,OI2109
2021-07-28 21:30:00,10266,10287,10261,10279,3830,148380,393353260.0,OI2109
2021-07-28 21:31:00,10278,10286,10277,10283,1962,148336,202125240.0,OI2109
2021-07-28 21:32:00,10284,10293,10282,10288,2414,148026,248001550.0,OI2109
2021-07-28 21:33:00,10288,10290,10280,10281,1465,147998,150909650.0,OI2109
2021-07-28 21:34:00,10280,10287,10278,10282,1216,148070,124544620.0,OI2109
2021-07-28 21:35:00,10282,10306,10282,10306,3600,147406,370800000.0,OI2109
2021-07-28 21:36:00,10307,10323,10302,10318,5441,146171,561228950.0,OI2109
2021-07-28 21:37:00,10319,10329,10317,10322,3963,145482,409074210.0,OI2109
2021-07-28 21:38:00,10323,10323,10298,10298,3703,145024,381483060.0,OI2109
2021-07-28 21:39:00,10298,10306,10297,10301,2595,144979,267336900.0,OI2109
2021-07-28 21:40:00,10301,10314,10300,10312,2522,145022,259816440.0,OI2109
2021-07-28 21:41:00,10309,10322,10309,10318,1939,144944,200708950.0,OI2109
2021-07-28 21:42:00,10317,10323,10315,10322,2278,144549,234702340.0,OI2109
2021-07-28 21:43:00,10322,10327,10317,10320,1968,144458,203758670.0,OI2109
2021-07-28 21:44:00,10320,10322,10313,10314,1556,144377,160330240.0,OI2109
2021-07-28 21:45:00,10313,10313,10302,10309,2805,144272,289027200.0,OI2109
2021-07-28 21:46:00,10310,10326,10310,10322,2009,144374,207007360.0,OI2109
2021-07-28 21:47:00,10323,10325,10317,10320,2247,144522,232612680.0,OI2109
2021-07-28 21:48:00,10321,10323,10316,10323,1654,144288,170444700.0,OI2109
2021-07-28 21:49:00,10322,10325,10317,10317,2380,144236,245259000.0,OI2109
2021-07-28 21:50:00,10317,10321,10306,10311,1439,144197,148288950.0,OI2109
2021-07-28 21:51:00,10310,10314,10305,10309,1341,144337,138190050.0,OI2109
2021-07-28 21:52:00,10309,10313,10304,10305,1010,144285,104080500.0,OI2109
2021-07-28 21:53:00,10306,10311,10305,10311,927,144336,95527350.0,OI2109
2021-07-28 21:54:00,10311,10320,10307,10319,1345,144134,138602250.0,OI2109
2021-07-28 21:55:00,10320,10320,10312,10317,783,144035,80688150.0,OI2109
2021-07-28 21:56:00,10317,10323,10314,10315,1274,143966,132489030.0,OI2109
2021-07-28 21:57:00,10314,10322,10313,10319,712,143931,73378720.0,OI2109
2021-07-28 21:58:00,10318,10322,10316,10319,746,143901,76882760.0,OI2109
2021-07-28 21:59:00,10319,10321,10316,10319,893,143895,92032580.0,OI2109
2021-07-28 22:00:00,10318,10320,10314,10316,1033,143863,106460980.0,OI2109
2021-07-28 22:01:00,10317,10328,10316,10328,1438,143873,148200280.0,OI2109
2021-07-28 22:02:00,10327,10328,10324,10327,1174,143816,120992440.0,OI2109
2021-07-28 22:03:00,10328,10329,10322,10324,1092,143721,112541520.0,OI2109
2021-07-28 22:04:00,10324,10326,10322,10322,532,143678,56107450.0,OI2109
2021-07-28 22:05:00,10322,10323,10313,10318,1301,143546,134094070.0,OI2109
2021-07-28 22:06:00,10318,10327,10318,10323,1010,143507,104100700.0,OI2109
2021-07-28 22:07:00,10323,10330,10321,10324,1690,143170,174188300.0,OI2109
2021-07-28 22:08:00,10323,10327,10321,10323,704,143159,72561280.0,OI2109
2021-07-28 22:09:00,10323,10332,10322,10330,1099,143051,113273930.0,OI2109
2021-07-28 22:10:00,10331,10338,10327,10335,2140,143033,221928770.0,OI2109
2021-07-28 22:11:00,10334,10336,10323,10324,1364,142876,140601120.0,OI2109
2021-07-28 22:12:00,10323,10333,10322,10331,942,142758,97101360.0,OI2109
2021-07-28 22:13:00,10331,10333,10326,10330,669,142720,68960520.0,OI2109
2021-07-28 22:14:00,10329,10329,10325,10326,560,142795,57724800.0,OI2109
2021-07-28 22:15:00,10326,10332,10326,10330,682,142860,70300560.0,OI2109
2021-07-28 22:16:00,10330,10334,10329,10330,960,142879,98956800.0,OI2109
2021-07-28 22:17:00,10330,10332,10327,10330,593,142920,62543110.0,OI2109
2021-07-28 22:18:00,10329,10330,10310,10315,2471,142863,254735390.0,OI2109
2021-07-28 22:19:00,10315,10319,10312,10312,1108,142950,114223720.0,OI2109
2021-07-28 22:20:00,10312,10319,10312,10315,881,143087,90822290.0,OI2109
2021-07-28 22:21:00,10316,10317,10310,10312,1022,143167,105357980.0,OI2109
2021-07-28 22:22:00,10313,10314,10303,10305,2230,143117,229890700.0,OI2109
2021-07-28 22:23:00,10304,10311,10304,10310,1156,143300,119172040.0,OI2109
2021-07-28 22:24:00,10310,10316,10307,10313,1420,143442,146387800.0,OI2109
2021-07-28 22:25:00,10314,10320,10310,10319,1347,143294,138862230.0,OI2109
2021-07-28 22:26:00,10319,10325,10319,10322,2602,143462,268240180.0,OI2109
2021-07-28 22:27:00,10321,10329,10321,10328,2768,143495,285353120.0,OI2109
2021-07-28 22:28:00,10329,10330,10324,10327,1783,143192,185414020.0,OI2109
2021-07-28 22:29:00,10327,10329,10320,10323,1813,143318,186920300.0,OI2109
2021-07-28 22:30:00,10322,10328,10321,10326,2550,143413,262905000.0,OI2109
2021-07-28 22:31:00,10326,10331,10323,10331,1442,143292,148670200.0,OI2109
2021-07-28 22:32:00,10330,10338,10330,10338,1638,143037,168877800.0,OI2109
2021-07-28 22:33:00,10340,10345,10340,10342,1995,142806,207383430.0,OI2109
2021-07-28 22:34:00,10342,10348,10337,10347,1254,142700,129299940.0,OI2109
2021-07-28 22:35:00,10347,10348,10343,10346,1228,142713,126619080.0,OI2109
2021-07-28 22:36:00,10346,10346,10337,10339,1151,142486,118679610.0,OI2109
2021-07-28 22:37:00,10339,10340,10336,10337,671,142491,69186810.0,OI2109
2021-07-28 22:38:00,10337,10347,10337,10345,1263,142475,131982530.0,OI2109
2021-07-28 22:39:00,10345,10345,10338,10340,2818,142832,290592160.0,OI2109
2021-07-28 22:40:00,10338,10340,10333,10335,1768,142536,182316160.0,OI2109
2021-07-28 22:41:00,10334,10340,10334,10336,1148,142196,120193700.0,OI2109
2021-07-28 22:42:00,10334,10341,10334,10341,782,142260,80647660.0,OI2109
2021-07-28 22:43:00,10340,10341,10334,10335,645,142191,66518850.0,OI2109
2021-07-28 22:44:00,10334,10334,10324,10329,1069,142096,110245970.0,OI2109
2021-07-28 22:45:00,10329,10341,10328,10338,847,142021,87351110.0,OI2109
2021-07-28 22:46:00,10337,10339,10328,10331,692,142023,71365960.0,OI2109
2021-07-28 22:47:00,10329,10331,10316,10320,1476,142025,152219880.0,OI2109
2021-07-28 22:48:00,10321,10324,10318,10321,478,142053,49296140.0,OI2109
2021-07-28 22:49:00,10321,10325,10317,10319,626,142068,64559380.0,OI2109
2021-07-28 22:50:00,10320,10322,10319,10320,396,142027,40839480.0,OI2109
2021-07-28 22:51:00,10318,10324,10317,10321,1080,142129,111380400.0,OI2109
2021-07-28 22:52:00,10320,10329,10319,10327,1420,141817,146444600.0,OI2109
2021-07-28 22:53:00,10327,10332,10325,10326,480,141729,49502400.0,OI2109
2021-07-28 22:54:00,10327,10328,10324,10327,426,141706,43933380.0,OI2109
2021-07-28 22:55:00,10326,10331,10326,10330,461,141612,47542930.0,OI2109
2021-07-28 22:56:00,10330,10332,10329,10330,304,141561,31351520.0,OI2109
2021-07-28 22:57:00,10330,10343,10329,10338,1259,141232,131777020.0,OI2109
2021-07-28 22:58:00,10339,10342,10338,10341,848,141145,87462720.0,OI2109
2021-07-28 22:59:00,10342,10342,10331,10332,1008,140884,103965120.0,OI2109
2021-07-29 09:00:00,10334,10346,10324,10341,3147,140926,324581580.0,OI2109
2021-07-29 09:01:00,10343,10346,10336,10343,1837,140856,189468180.0,OI2109
2021-07-29 09:02:00,10344,10344,10330,10332,1253,140867,131251700.0,OI2109
2021-07-29 09:03:00,10332,10346,10327,10344,2506,141206,258493900.0,OI2109
2021-07-29 09:04:00,10344,10345,10325,10329,3193,141067,329357950.0,OI2109
2021-07-29 09:05:00,10329,10343,10328,10341,1573,140773,162254950.0,OI2109
2021-07-29 09:06:00,10340,10348,10340,10346,2358,140710,245341280.0,OI2109
2021-07-29 09:07:00,10347,10348,10341,10345,933,140675,96248280.0,OI2109
2021-07-29 09:08:00,10346,10355,10344,10351,1390,140696,143392400.0,OI2109
2021-07-29 09:09:00,10352,10352,10339,10344,1339,140719,138131240.0,OI2109
2021-07-29 09:10:00,10344,10349,10343,10344,791,140566,81599560.0,OI2109
2021-07-29 09:11:00,10344,10345,10333,10336,818,140499,84384880.0,OI2109
2021-07-29 09:12:00,10336,10336,10326,10330,1410,140406,145455600.0,OI2109
2021-07-29 09:13:00,10329,10333,10324,10331,1001,140280,103263160.0,OI2109
2021-07-29 09:14:00,10330,10341,10329,10337,1195,140276,123276200.0,OI2109
2021-07-29 09:15:00,10337,10339,10329,10333,1034,140207,108880130.0,OI2109
2021-07-29 09:16:00,10332,10332,10318,10320,1481,140164,152794770.0,OI2109
2021-07-29 09:17:00,10319,10325,10316,10324,1140,140065,117613800.0,OI2109
2021-07-29 09:18:00,10323,10324,10315,10318,958,140092,98836860.0,OI2109
2021-07-29 09:19:00,10319,10326,10317,10324,704,139973,72631680.0,OI2109
2021-07-29 09:20:00,10323,10333,10323,10332,843,139890,86972310.0,OI2109
2021-07-29 09:21:00,10331,10331,10319,10322,858,139777,88519860.0,OI2109
2021-07-29 09:22:00,10321,10324,10311,10318,1441,139791,148667970.0,OI2109
2021-07-29 09:23:00,10317,10326,10316,10326,1097,139816,113177490.0,OI2109
2021-07-29 09:24:00,10324,10326,10321,10325,491,139831,50656470.0,OI2109
2021-07-29 09:25:00,10325,10331,10323,10330,389,139796,40133130.0,OI2109
2021-07-29 09:26:00,10329,10330,10322,10324,486,139818,50140620.0,OI2109
2021-07-29 09:27:00,10323,10328,10320,10325,495,139789,51069150.0,OI2109
2021-07-29 09:28:00,10325,10328,10320,10323,620,139753,63965400.0,OI2109
2021-07-29 09:29:00,10323,10323,10316,10318,734,139678,75726780.0,OI2109
2021-07-29 09:30:00,10318,10334,10312,10333,1300,139627,134121000.0,OI2109
2021-07-29 09:31:00,10333,10338,10331,10338,1117,139551,115240890.0,OI2109
2021-07-29 09:32:00,10338,10338,10327,10327,1194,139512,123184980.0,OI2109
2021-07-29 09:33:00,10326,10336,10326,10332,686,139464,70774620.0,OI2109
2021-07-29 09:34:00,10333,10339,10333,10334,781,139436,80575770.0,OI2109
2021-07-29 09:35:00,10335,10337,10325,10328,1200,139249,123804000.0,OI2109
2021-07-29 09:36:00,10328,10336,10326,10335,988,139246,101931960.0,OI2109
2021-07-29 09:37:00,10335,10339,10331,10332,616,139178,63552720.0,OI2109
2021-07-29 09:38:00,10332,10335,10331,10334,455,139233,46942350.0,OI2109
2021-07-29 09:39:00,10334,10337,10329,10330,1100,139284,113487000.0,OI2109
2021-07-29 09:40:00,10330,10346,10328,10345,1312,139115,137796590.0,OI2109
2021-07-29 09:41:00,10345,10355,10342,10349,2883,139641,297467940.0,OI2109
2021-07-29 09:42:00,10349,10353,10346,10350,2077,139623,214304860.0,OI2109
2021-07-29 09:43:00,10350,10351,10345,10347,1104,139390,113910720.0,OI2109
2021-07-29 09:44:00,10346,10353,10346,10351,1531,139389,157968580.0,OI2109
2021-07-29 09:45:00,10350,10354,10344,10352,2122,139451,221482680.0,OI2109
2021-07-29 09:46:00,10352,10356,10349,10350,2009,139312,207308710.0,OI2109
2021-07-29 09:47:00,10350,10353,10345,10346,2108,139297,217524520.0,OI2109
2021-07-29 09:48:00,10345,10348,10343,10344,608,139197,62739520.0,OI2109
2021-07-29 09:49:00,10344,10346,10338,10340,1086,139127,112064340.0,OI2109
2021-07-29 09:50:00,10341,10344,10338,10338,814,139127,83996660.0,OI2109
2021-07-29 09:51:00,10339,10339,10324,10328,1471,139067,154408170.0,OI2109
2021-07-29 09:52:00,10327,10327,10319,10322,1296,139080,133747200.0,OI2109
2021-07-29 09:53:00,10321,10323,10317,10320,1285,139138,132612000.0,OI2109
2021-07-29 09:54:00,10320,10324,10307,10313,2250,139343,232200000.0,OI2109
2021-07-29 09:55:00,10312,10322,10310,10320,1322,139402,133753190.0,OI2109
2021-07-29 09:56:00,10320,10321,10315,10318,773,139392,79765870.0,OI2109
2021-07-29 09:57:00,10318,10319,10312,10316,688,139515,70994720.0,OI2109
2021-07-29 09:58:00,10314,10319,10310,10314,828,139540,85441320.0,OI2109
2021-07-29 09:59:00,10313,10313,10309,10310,682,139729,70375580.0,OI2109
2021-07-29 10:00:00,10309,10310,10297,10302,2662,139271,274691780.0,OI2109
2021-07-29 10:01:00,10301,10307,10298,10305,834,139302,86060460.0,OI2109
2021-07-29 10:02:00,10304,10308,10300,10301,881,139396,90910390.0,OI2109
2021-07-29 10:03:00,10300,10307,10299,10305,1359,139606,140235210.0,OI2109
2021-07-29 10:04:00,10305,10305,10299,10300,715,139776,73780850.0,OI2109
2021-07-29 10:05:00,10300,10307,10297,10297,1041,139790,107420790.0,OI2109
2021-07-29 10:06:00,10297,10299,10284,10291,2476,139682,255498440.0,OI2109
2021-07-29 10:07:00,10291,10302,10290,10302,2187,139603,225676530.0,OI2109
2021-07-29 10:08:00,10301,10312,10300,10310,1974,139902,200848850.0,OI2109
2021-07-29 10:09:00,10310,10316,10308,10314,2958,139612,305206440.0,OI2109
2021-07-29 10:10:00,10315,10315,10302,10309,2314,139626,238758520.0,OI2109
2021-07-29 10:11:00,10309,10313,10303,10305,1556,139414,160548080.0,OI2109
2021-07-29 10:12:00,10304,10307,10298,10306,795,139458,82028100.0,OI2109
2021-07-29 10:13:00,10306,10309,10303,10304,427,139484,44057860.0,OI2109
2021-07-29 10:14:00,10304,10311,10303,10304,568,139379,58606240.0,OI2109
2021-07-29 10:30:00,10305,10307,10295,10298,1869,139366,192843420.0,OI2109
2021-07-29 10:31:00,10299,10299,10288,10288,1617,139480,166842060.0,OI2109
2021-07-29 10:32:00,10289,10291,10285,10287,1147,139574,118347460.0,OI2109
2021-07-29 10:33:00,10287,10288,10284,10288,1112,139626,114736160.0,OI2109
2021-07-29 10:34:00,10289,10289,10284,10285,912,139656,94100160.0,OI2109
2021-07-29 10:35:00,10285,10289,10282,10286,1366,139626,137929260.0,OI2109
2021-07-29 10:36:00,10285,10296,10283,10287,1930,139610,199118100.0,OI2109
2021-07-29 10:37:00,10287,10294,10284,10288,1036,139578,106884120.0,OI2109
2021-07-29 10:38:00,10287,10296,10287,10292,664,139498,68504880.0,OI2109
2021-07-29 10:39:00,10292,10301,10291,10297,1327,139336,136906590.0,OI2109
2021-07-29 10:40:00,10295,10298,10285,10286,942,139309,97186140.0,OI2109
2021-07-29 10:41:00,10286,10288,10280,10286,1468,139373,151453560.0,OI2109
2021-07-29 10:42:00,10286,10290,10283,10286,750,139416,77377500.0,OI2109
2021-07-29 10:43:00,10286,10286,10281,10285,693,139431,71496810.0,OI2109
2021-07-29 10:44:00,10285,10289,10273,10274,1403,139426,141630760.0,OI2109
2021-07-29 10:45:00,10275,10280,10268,10276,2494,139693,257281040.0,OI2109
2021-07-29 10:46:00,10275,10279,10272,10277,2391,139773,246655560.0,OI2109
2021-07-29 10:47:00,10275,10288,10272,10282,2917,140149,300917720.0,OI2109
2021-07-29 10:48:00,10282,10285,10278,10281,2885,139578,294392980.0,OI2109
2021-07-29 10:49:00,10284,10301,10283,10297,1959,139367,202070850.0,OI2109
2021-07-29 10:50:00,10297,10302,10293,10296,1011,139176,104284650.0,OI2109
2021-07-29 10:51:00,10297,10301,10294,10299,821,139225,84686150.0,OI2109
2021-07-29 10:52:00,10299,10303,10292,10293,787,139196,81179050.0,OI2109
2021-07-29 10:53:00,10292,10300,10292,10293,733,139184,75608950.0,OI2109
2021-07-29 10:54:00,10294,10298,10289,10295,1171,138946,120788650.0,OI2109
2021-07-29 10:55:00,10295,10297,10292,10295,543,138893,56010450.0,OI2109
2021-07-29 10:56:00,10296,10296,10290,10292,488,138870,50337200.0,OI2109
2021-07-29 10:57:00,10291,10299,10290,10296,554,138740,57145100.0,OI2109
2021-07-29 10:58:00,10296,10301,10295,10301,724,138505,74680600.0,OI2109
2021-07-29 10:59:00,10301,10302,10297,10299,535,138417,55185250.0,OI2109
2021-07-29 11:00:00,10300,10302,10292,10300,1982,138582,204443300.0,OI2109
2021-07-29 11:01:00,10299,10301,10298,10299,1551,138384,156633440.0,OI2109
2021-07-29 11:02:00,10298,10300,10294,10295,669,138296,69000660.0,OI2109
2021-07-29 11:03:00,10295,10303,10295,10302,815,138200,84059100.0,OI2109
2021-07-29 11:04:00,10302,10308,10299,10306,733,137980,75601620.0,OI2109
2021-07-29 11:05:00,10305,10312,10305,10308,1071,138014,110462940.0,OI2109
2021-07-29 11:06:00,10309,10311,10308,10309,702,137894,72404280.0,OI2109
2021-07-29 11:07:00,10309,10313,10307,10308,697,137835,71888580.0,OI2109
2021-07-29 11:08:00,10308,10308,10300,10306,784,137802,80861760.0,OI2109
2021-07-29 11:09:00,10307,10313,10306,10313,784,137750,80861760.0,OI2109
2021-07-29 11:10:00,10313,10313,10302,10303,554,137734,57139560.0,OI2109
2021-07-29 11:11:00,10304,10310,10303,10304,469,137627,48372660.0,OI2109
2021-07-29 11:12:00,10304,10308,10304,10306,324,137605,33417360.0,OI2109
2021-07-29 11:13:00,10306,10306,10299,10299,961,137484,99117540.0,OI2109
2021-07-29 11:14:00,10299,10303,10297,10298,698,137416,71991720.0,OI2109
2021-07-29 11:15:00,10299,10300,10290,10292,992,137453,102314880.0,OI2109
2021-07-29 11:16:00,10293,10293,10284,10285,1041,137679,107368740.0,OI2109
2021-07-29 11:17:00,10285,10287,10281,10284,716,137700,73848240.0,OI2109
2021-07-29 11:18:00,10284,10289,10281,10286,928,137887,95713920.0,OI2109
2021-07-29 11:19:00,10287,10288,10281,10284,511,137941,52704540.0,OI2109
2021-07-29 11:20:00,10283,10290,10283,10288,770,138016,79417800.0,OI2109
2021-07-29 11:21:00,10288,10294,10285,10288,676,137970,69722640.0,OI2109
2021-07-29 11:22:00,10288,10293,10285,10289,666,137947,68691240.0,OI2109
2021-07-29 11:23:00,10290,10290,10282,10284,477,137937,49197780.0,OI2109
2021-07-29 11:24:00,10285,10285,10282,10282,463,138007,47753820.0,OI2109
2021-07-29 11:25:00,10282,10287,10278,10284,1100,138075,113454000.0,OI2109
2021-07-29 11:26:00,10283,10289,10283,10287,603,138058,62193420.0,OI2109
2021-07-29 11:27:00,10287,10288,10283,10286,469,138050,44833720.0,OI2109
2021-07-29 11:28:00,10287,10292,10286,10288,551,137876,56824630.0,OI2109
2021-07-29 11:29:00,10288,10290,10284,10288,666,137600,68684580.0,OI2109
2021-07-29 13:30:00,10299,10309,10296,10306,3024,137624,311865120.0,OI2109
2021-07-29 13:31:00,10306,10323,10306,10320,1640,137320,169133200.0,OI2109
2021-07-29 13:32:00,10320,10321,10315,10316,873,137201,90032490.0,OI2109
2021-07-29 13:33:00,10317,10320,10311,10311,936,137215,96529680.0,OI2109
2021-07-29 13:34:00,10312,10318,10311,10313,505,137189,52080650.0,OI2109
2021-07-29 13:35:00,10314,10325,10304,10307,2055,137503,211932150.0,OI2109
2021-07-29 13:36:00,10305,10310,10303,10304,949,137484,97870370.0,OI2109
2021-07-29 13:37:00,10303,10305,10293,10293,1186,137574,122312180.0,OI2109
2021-07-29 13:38:00,10293,10295,10284,10287,1366,137740,140875580.0,OI2109
2021-07-29 13:39:00,10287,10292,10286,10290,792,137759,81678960.0,OI2109
2021-07-29 13:40:00,10290,10299,10289,10299,705,137691,72706650.0,OI2109
2021-07-29 13:41:00,10299,10306,10298,10304,731,137571,75388030.0,OI2109
2021-07-29 13:42:00,10303,10309,10300,10300,589,137533,60743570.0,OI2109
2021-07-29 13:43:00,10300,10301,10295,10298,413,137550,42592690.0,OI2109
2021-07-29 13:44:00,10298,10304,10298,10299,427,137571,44036510.0,OI2109
2021-07-29 13:45:00,10299,10299,10293,10293,571,137608,58887230.0,OI2109
2021-07-29 13:46:00,10293,10294,10285,10286,812,137710,83741560.0,OI2109
2021-07-29 13:47:00,10286,10292,10286,10291,593,137786,61156090.0,OI2109
2021-07-29 13:48:00,10290,10292,10287,10289,359,137819,37023670.0,OI2109
2021-07-29 13:49:00,10289,10290,10285,10285,462,137898,47646060.0,OI2109
2021-07-29 13:50:00,10286,10286,10277,10281,1157,138014,119321410.0,OI2109
2021-07-29 13:51:00,10280,10281,10268,10268,1565,138393,161398450.0,OI2109
2021-07-29 13:52:00,10268,10276,10260,10260,2315,138693,234954590.0,OI2109
2021-07-29 13:53:00,10261,10266,10260,10265,1438,138767,148286560.0,OI2109
2021-07-29 13:54:00,10265,10271,10263,10269,1042,138739,107451040.0,OI2109
2021-07-29 13:55:00,10270,10272,10265,10268,1075,138563,110854000.0,OI2109
2021-07-29 13:56:00,10269,10269,10260,10263,1267,138806,130653040.0,OI2109
2021-07-29 13:57:00,10263,10267,10253,10264,2662,138611,270639240.0,OI2109
2021-07-29 13:58:00,10265,10272,10260,10272,1063,138567,109605930.0,OI2109
2021-07-29 13:59:00,10271,10274,10269,10272,960,138491,98985600.0,OI2109
2021-07-29 14:00:00,10272,10278,10269,10276,794,138453,81869340.0,OI2109
2021-07-29 14:01:00,10277,10280,10275,10279,965,138287,99501150.0,OI2109
2021-07-29 14:02:00,10279,10279,10273,10279,563,138268,58050930.0,OI2109
2021-07-29 14:03:00,10279,10286,10277,10285,1105,138047,113936550.0,OI2109
2021-07-29 14:04:00,10285,10288,10282,10282,648,138055,66815280.0,OI2109
2021-07-29 14:05:00,10282,10283,10273,10274,939,138069,96820290.0,OI2109
2021-07-29 14:06:00,10275,10275,10265,10270,921,138072,94964310.0,OI2109
2021-07-29 14:07:00,10271,10281,10269,10280,907,138041,93520770.0,OI2109
2021-07-29 14:08:00,10280,10282,10275,10277,505,138002,52070550.0,OI2109
2021-07-29 14:09:00,10277,10277,10274,10274,419,138029,39239000.0,OI2109
2021-07-29 14:10:00,10274,10280,10274,10275,423,137944,43611300.0,OI2109
2021-07-29 14:11:00,10275,10282,10275,10277,866,138043,89284600.0,OI2109
2021-07-29 14:12:00,10277,10279,10275,10277,337,138010,34744700.0,OI2109
2021-07-29 14:13:00,10277,10279,10275,10277,266,137988,27424600.0,OI2109
2021-07-29 14:14:00,10278,10282,10277,10281,451,138025,46498100.0,OI2109
2021-07-29 14:15:00,10282,10282,10277,10279,566,138020,58354600.0,OI2109
2021-07-29 14:16:00,10278,10281,10274,10276,543,138031,55983300.0,OI2109
2021-07-29 14:17:00,10277,10280,10276,10276,512,137972,52787200.0,OI2109
2021-07-29 14:18:00,10276,10281,10276,10280,450,137975,46395000.0,OI2109
2021-07-29 14:19:00,10280,10281,10271,10273,586,137990,60416600.0,OI2109
2021-07-29 14:20:00,10273,10274,10264,10266,1338,138321,137947800.0,OI2109
2021-07-29 14:21:00,10266,10267,10262,10267,981,138554,101141100.0,OI2109
2021-07-29 14:22:00,10266,10273,10266,10272,885,138697,91243500.0,OI2109
2021-07-29 14:23:00,10273,10282,10272,10281,1150,138546,118565000.0,OI2109
2021-07-29 14:24:00,10282,10290,10281,10287,1826,138331,188260600.0,OI2109
2021-07-29 14:25:00,10288,10290,10284,10289,1116,138333,110972550.0,OI2109
2021-07-29 14:26:00,10288,10292,10283,10283,1003,138345,103399270.0,OI2109
2021-07-29 14:27:00,10283,10284,10277,10283,763,138188,78657670.0,OI2109
2021-07-29 14:28:00,10283,10290,10281,10290,1605,138425,165459450.0,OI2109
2021-07-29 14:29:00,10289,10292,10288,10292,1300,138158,134017000.0,OI2109
2021-07-29 14:30:00,10292,10307,10292,10306,1988,137849,204942920.0,OI2109
2021-07-29 14:31:00,10306,10307,10302,10306,1256,137737,129481040.0,OI2109
2021-07-29 14:32:00,10306,10312,10305,10308,1291,137663,133089190.0,OI2109
2021-07-29 14:33:00,10310,10316,10301,10301,1948,137407,200819320.0,OI2109
2021-07-29 14:34:00,10301,10310,10301,10307,1295,137438,133501550.0,OI2109
2021-07-29 14:35:00,10307,10308,10300,10300,980,137408,101028200.0,OI2109
2021-07-29 14:36:00,10300,10306,10300,10302,660,137268,68039400.0,OI2109
2021-07-29 14:37:00,10302,10306,10291,10293,988,137127,101852920.0,OI2109
2021-07-29 14:38:00,10293,10299,10293,10294,885,137152,91234650.0,OI2109
2021-07-29 14:39:00,10293,10299,10292,10293,577,137136,59482930.0,OI2109
2021-07-29 14:40:00,10293,10295,10290,10293,682,137156,70307380.0,OI2109
2021-07-29 14:41:00,10294,10299,10291,10291,675,137189,69585750.0,OI2109
2021-07-29 14:42:00,10291,10294,10290,10291,697,136995,71853730.0,OI2109
2021-07-29 14:43:00,10291,10297,10290,10296,527,136976,54328430.0,OI2109
2021-07-29 14:44:00,10295,10295,10285,10286,1279,137010,131852110.0,OI2109
2021-07-29 14:45:00,10287,10291,10277,10277,1298,137263,133810820.0,OI2109
2021-07-29 14:46:00,10277,10288,10275,10285,1079,137278,111234110.0,OI2109
2021-07-29 14:47:00,10285,10285,10277,10279,845,137373,87111050.0,OI2109
2021-07-29 14:48:00,10279,10285,10277,10280,615,137385,63400350.0,OI2109
2021-07-29 14:49:00,10281,10284,10277,10277,795,137638,81956550.0,OI2109
2021-07-29 14:50:00,10278,10286,10277,10282,846,137607,87214140.0,OI2109
2021-07-29 14:51:00,10283,10285,10280,10283,1063,137501,109584670.0,OI2109
2021-07-29 14:52:00,10283,10293,10283,10287,1163,137479,115525590.0,OI2109
2021-07-29 14:53:00,10287,10297,10287,10293,2028,137248,209046240.0,OI2109
2021-07-29 14:54:00,10294,10297,10292,10295,638,137080,65765040.0,OI2109
2021-07-29 14:55:00,10296,10296,10287,10289,696,136948,71743680.0,OI2109
2021-07-29 14:56:00,10289,10296,10287,10294,613,136833,63188040.0,OI2109
2021-07-29 14:57:00,10294,10301,10292,10297,896,136474,92359680.0,OI2109
2021-07-29 14:58:00,10298,10303,10296,10298,1196,136047,123283680.0,OI2109
2021-07-29 14:59:00,10297,10300,10295,10295,1455,135387,149981400.0,OI2109
2021-07-29 21:00:00,10296,10304,10271,10274,8118,135488,835017480.0,OI2109
2021-07-29 21:01:00,10275,10275,10263,10268,3064,136223,314603940.0,OI2109
2021-07-29 21:02:00,10270,10275,10266,10273,2093,136667,215048580.0,OI2109
2021-07-29 21:03:00,10272,10282,10272,10282,2194,136886,225388510.0,OI2109
2021-07-29 21:04:00,10282,10282,10274,10276,1605,137026,164977950.0,OI2109
2021-07-29 21:05:00,10277,10277,10250,10256,4435,137613,455013290.0,OI2109
2021-07-29 21:06:00,10256,10257,10252,10256,1671,137976,171463450.0,OI2109
2021-07-29 21:07:00,10257,10257,10241,10241,2973,138427,304399900.0,OI2109
2021-07-29 21:08:00,10239,10251,10238,10250,1889,138695,193719880.0,OI2109
2021-07-29 21:09:00,10250,10250,10242,10245,1657,138930,169563350.0,OI2109
2021-07-29 21:10:00,10245,10257,10244,10251,1602,138799,164164330.0,OI2109
2021-07-29 21:11:00,10252,10254,10246,10247,1019,138832,104610540.0,OI2109
2021-07-29 21:12:00,10248,10248,10243,10246,746,138889,76584360.0,OI2109
2021-07-29 21:13:00,10245,10249,10243,10249,737,138950,75322390.0,OI2109
2021-07-29 21:14:00,10249,10256,10245,10246,1257,138964,129031050.0,OI2109
2021-07-29 21:15:00,10246,10247,10212,10215,4590,139301,469181000.0,OI2109
2021-07-29 21:16:00,10214,10224,10212,10219,2652,139859,271249160.0,OI2109
2021-07-29 21:17:00,10219,10220,10206,10211,2600,140493,265360940.0,OI2109
2021-07-29 21:18:00,10212,10216,10208,10211,1980,140611,202111360.0,OI2109
2021-07-29 21:19:00,10211,10221,10211,10220,3604,141084,368508400.0,OI2109
2021-07-29 21:20:00,10218,10218,10213,10214,1631,141160,166151470.0,OI2109
2021-07-29 21:21:00,10215,10215,10206,10212,1377,141378,140593790.0,OI2109
2021-07-29 21:22:00,10212,10212,10188,10189,4533,141719,462801030.0,OI2109
2021-07-29 21:23:00,10189,10199,10189,10192,2402,141709,244876320.0,OI2109
2021-07-29 21:24:00,10191,10191,10174,10178,4119,142553,419327250.0,OI2109
2021-07-29 21:25:00,10179,10190,10177,10189,2132,142459,216961880.0,OI2109
2021-07-29 21:26:00,10188,10189,10178,10183,1959,142395,199170050.0,OI2109
2021-07-29 21:27:00,10183,10183,10175,10178,2206,142254,225075650.0,OI2109
2021-07-29 21:28:00,10179,10186,10176,10185,2031,141934,206395020.0,OI2109
2021-07-29 21:29:00,10186,10189,10182,10188,2087,141767,212792210.0,OI2109
2021-07-29 21:30:00,10187,10198,10181,10194,3842,141879,391498920.0,OI2109
2021-07-29 21:31:00,10194,10204,10194,10203,3548,141462,362101390.0,OI2109
2021-07-29 21:32:00,10202,10206,10200,10203,2412,141175,245851710.0,OI2109
2021-07-29 21:33:00,10203,10203,10185,10185,2468,141212,251530030.0,OI2109
2021-07-29 21:34:00,10184,10188,10181,10182,1834,141340,186654170.0,OI2109
2021-07-29 21:35:00,10182,10182,10164,10171,4585,141452,466943210.0,OI2109
2021-07-29 21:36:00,10171,10181,10171,10176,2218,141534,225787440.0,OI2109
2021-07-29 21:37:00,10177,10181,10168,10177,1717,141564,174535870.0,OI2109
2021-07-29 21:38:00,10176,10176,10170,10175,1385,141668,140571130.0,OI2109
2021-07-29 21:39:00,10175,10176,10171,10173,1142,141684,116712400.0,OI2109
2021-07-29 21:40:00,10173,10173,10155,10158,3477,141699,353277580.0,OI2109
2021-07-29 21:41:00,10157,10167,10155,10160,2694,141731,273147220.0,OI2109
2021-07-29 21:42:00,10160,10160,10142,10144,3718,141916,377630820.0,OI2109
2021-07-29 21:43:00,10145,10160,10145,10159,2227,141836,226343480.0,OI2109
2021-07-29 21:44:00,10157,10166,10152,10165,2435,141880,247539900.0,OI2109
2021-07-29 21:45:00,10165,10172,10156,10172,2118,141975,215122330.0,OI2109
2021-07-29 21:46:00,10172,10181,10169,10179,2971,141944,302171270.0,OI2109
2021-07-29 21:47:00,10179,10181,10172,10173,1728,142027,175213980.0,OI2109
2021-07-29 21:48:00,10172,10177,10165,10170,1529,142150,156095610.0,OI2109
2021-07-29 21:49:00,10168,10168,10160,10163,2211,142181,224468770.0,OI2109
2021-07-29 21:50:00,10162,10167,10156,10160,2338,142313,237387440.0,OI2109
2021-07-29 21:51:00,10161,10163,10151,10153,1764,142304,180051480.0,OI2109
2021-07-29 21:52:00,10155,10157,10145,10146,1686,142290,170779920.0,OI2109
2021-07-29 21:53:00,10148,10154,10145,10151,1514,142226,153193600.0,OI2109
2021-07-29 21:54:00,10151,10152,10145,10151,1071,142427,109295550.0,OI2109
2021-07-29 21:55:00,10151,10151,10143,10148,1720,142730,174172850.0,OI2109
2021-07-29 21:56:00,10149,10158,10149,10156,1617,142912,163629360.0,OI2109
2021-07-29 21:57:00,10155,10157,10148,10150,1159,143145,118252770.0,OI2109
2021-07-29 21:58:00,10150,10154,10149,10154,693,143102,70706790.0,OI2109
2021-07-29 21:59:00,10152,10158,10151,10156,1344,142903,135727040.0,OI2109
2021-07-29 22:00:00,10156,10156,10129,10136,4526,142701,458849440.0,OI2109
2021-07-29 22:01:00,10135,10144,10135,10143,1807,142619,184314000.0,OI2109
2021-07-29 22:02:00,10143,10155,10143,10151,2331,142388,236274080.0,OI2109
2021-07-29 22:03:00,10150,10152,10143,10149,1388,142564,140060320.0,OI2109
2021-07-29 22:04:00,10149,10151,10145,10151,1192,142498,121560160.0,OI2109
2021-07-29 22:05:00,10151,10151,10142,10144,990,142691,100960200.0,OI2109
2021-07-29 22:06:00,10144,10145,10140,10142,1034,142696,103913360.0,OI2109
2021-07-29 22:07:00,10142,10147,10136,10142,1164,142674,118693080.0,OI2109
2021-07-29 22:08:00,10143,10147,10141,10146,864,142689,88102080.0,OI2109
2021-07-29 22:09:00,10146,10146,10134,10136,1697,142765,171471880.0,OI2109
2021-07-29 22:10:00,10136,10136,10117,10120,3561,142640,359865920.0,OI2109
2021-07-29 22:11:00,10120,10131,10120,10126,1832,142621,186754080.0,OI2109
2021-07-29 22:12:00,10126,10131,10125,10127,1327,142831,133635970.0,OI2109
2021-07-29 22:13:00,10127,10132,10123,10127,1502,142901,151445430.0,OI2109
2021-07-29 22:14:00,10127,10137,10126,10133,1156,142817,117819520.0,OI2109
2021-07-29 22:15:00,10133,10133,10125,10132,1832,142815,185034130.0,OI2109
2021-07-29 22:16:00,10133,10151,10133,10151,2685,142280,273628350.0,OI2109
2021-07-29 22:17:00,10150,10171,10150,10165,4104,141530,416487440.0,OI2109
2021-07-29 22:18:00,10166,10167,10159,10161,1869,141571,190451100.0,OI2109
2021-07-29 22:19:00,10161,10174,10161,10172,2877,141282,291367640.0,OI2109
2021-07-29 22:20:00,10171,10182,10171,10173,3150,140687,320953500.0,OI2109
2021-07-29 22:21:00,10174,10175,10171,10174,1704,140371,173620560.0,OI2109
2021-07-29 22:22:00,10173,10186,10173,10181,2158,140204,219878620.0,OI2109
2021-07-29 22:23:00,10182,10195,10182,10191,2482,139950,252890980.0,OI2109
2021-07-29 22:24:00,10191,10196,10182,10192,2178,139718,221916420.0,OI2109
2021-07-29 22:25:00,10192,10193,10186,10191,1389,139663,141525210.0,OI2109
2021-07-29 22:26:00,10190,10202,10189,10196,2130,139573,217025700.0,OI2109
2021-07-29 22:27:00,10196,10198,10191,10196,1530,139339,155891700.0,OI2109
2021-07-29 22:28:00,10195,10197,10187,10188,1571,139058,160069190.0,OI2109
2021-07-29 22:29:00,10189,10197,10188,10196,1321,138868,134596690.0,OI2109
2021-07-29 22:30:00,10197,10197,10177,10178,2486,138332,253298540.0,OI2109
2021-07-29 22:31:00,10178,10187,10178,10184,1421,138226,144785690.0,OI2109
2021-07-29 22:32:00,10185,10187,10179,10180,1510,138125,153853900.0,OI2109
2021-07-29 22:33:00,10179,10183,10178,10179,954,138124,97203060.0,OI2109
2021-07-29 22:34:00,10179,10179,10165,10168,2491,138037,253807990.0,OI2109
2021-07-29 22:35:00,10168,10179,10168,10179,1520,138239,154872800.0,OI2109
2021-07-29 22:36:00,10179,10188,10176,10182,1381,138217,138597670.0,OI2109
2021-07-29 22:37:00,10182,10188,10181,10186,1128,137947,114920640.0,OI2109
2021-07-29 22:38:00,10186,10193,10186,10191,1312,137823,133666560.0,OI2109
2021-07-29 22:39:00,10190,10190,10183,10184,848,137826,86394240.0,OI2109
2021-07-29 22:40:00,10184,10207,10184,10205,2439,137624,250655010.0,OI2109
2021-07-29 22:41:00,10207,10227,10202,10226,3988,137482,406337320.0,OI2109
2021-07-29 22:42:00,10226,10228,10214,10217,2557,137377,260532730.0,OI2109
2021-07-29 22:43:00,10218,10221,10206,10206,1855,137124,191259640.0,OI2109
2021-07-29 22:44:00,10206,10216,10206,10213,1014,137110,103326600.0,OI2109
2021-07-29 22:45:00,10213,10223,10208,10208,1303,137062,132775700.0,OI2109
2021-07-29 22:46:00,10209,10220,10207,10215,1015,136913,103428500.0,OI2109
2021-07-29 22:47:00,10214,10217,10208,10213,1084,137016,110459600.0,OI2109
2021-07-29 22:48:00,10214,10219,10213,10214,932,136875,94970800.0,OI2109
2021-07-29 22:49:00,10213,10214,10209,10211,613,136839,62464700.0,OI2109
2021-07-29 22:50:00,10212,10215,10210,10213,653,136770,66540700.0,OI2109
2021-07-29 22:51:00,10213,10213,10199,10199,1431,136444,145818900.0,OI2109
2021-07-29 22:52:00,10200,10213,10200,10211,1443,136195,149390270.0,OI2109
2021-07-29 22:53:00,10211,10211,10206,10207,514,136169,52381740.0,OI2109
2021-07-29 22:54:00,10206,10215,10205,10211,945,135913,96304950.0,OI2109
2021-07-29 22:55:00,10211,10214,10207,10207,731,135779,74496210.0,OI2109
2021-07-29 22:56:00,10207,10212,10207,10211,560,135658,57069600.0,OI2109
2021-07-29 22:57:00,10212,10224,10211,10220,1479,135262,150724890.0,OI2109
2021-07-29 22:58:00,10219,10221,10215,10218,755,135061,76942050.0,OI2109
2021-07-29 22:59:00,10219,10222,10217,10219,1020,134498,103948200.0,OI2109
2021-07-30 09:00:00,10215,10229,10194,10200,3766,134802,383793060.0,OI2109
2021-07-30 09:01:00,10199,10199,10183,10187,2386,134974,243157260.0,OI2109
2021-07-30 09:02:00,10186,10198,10186,10190,1880,134919,191590800.0,OI2109
2021-07-30 09:03:00,10192,10192,10179,10186,1739,134875,177221490.0,OI2109
2021-07-30 09:04:00,10188,10188,10179,10187,1329,134897,135438390.0,OI2109
2021-07-30 09:05:00,10188,10188,10177,10178,1486,134751,151438260.0,OI2109
2021-07-30 09:06:00,10178,10183,10173,10179,1574,134737,160406340.0,OI2109
2021-07-30 09:07:00,10178,10181,10172,10179,1275,134841,129935250.0,OI2109
2021-07-30 09:08:00,10178,10184,10175,10183,1340,134715,136559400.0,OI2109
2021-07-30 09:09:00,10183,10183,10175,10178,1247,134717,127081770.0,OI2109
2021-07-30 09:10:00,10177,10177,10161,10162,2582,134747,263131620.0,OI2109
2021-07-30 09:11:00,10163,10165,10149,10150,2554,134787,257637950.0,OI2109
2021-07-30 09:12:00,10150,10162,10145,10162,2383,134652,242827700.0,OI2109
2021-07-30 09:13:00,10160,10161,10153,10157,851,134733,86716900.0,OI2109
2021-07-30 09:14:00,10156,10163,10149,10163,1427,134791,145411300.0,OI2109
2021-07-30 09:15:00,10163,10174,10159,10167,1799,134734,183318100.0,OI2109
2021-07-30 09:16:00,10167,10167,10152,10152,1081,134790,107438300.0,OI2109
2021-07-30 09:17:00,10153,10155,10148,10148,1053,134943,107290170.0,OI2109
2021-07-30 09:18:00,10148,10153,10143,10149,1629,134918,165978810.0,OI2109
2021-07-30 09:19:00,10149,10151,10143,10144,1069,134960,108920410.0,OI2109
2021-07-30 09:20:00,10144,10155,10135,10155,3052,134620,308184650.0,OI2109
2021-07-30 09:21:00,10155,10172,10154,10157,1959,134400,199582920.0,OI2109
2021-07-30 09:22:00,10155,10155,10144,10145,1005,134440,102389400.0,OI2109
2021-07-30 09:23:00,10146,10161,10144,10153,840,134459,85579200.0,OI2109
2021-07-30 09:24:00,10153,10161,10150,10157,774,134481,78855120.0,OI2109
2021-07-30 09:25:00,10157,10165,10153,10163,977,134499,99536760.0,OI2109
2021-07-30 09:26:00,10163,10174,10156,10166,1405,134430,143141400.0,OI2109
2021-07-30 09:27:00,10167,10170,10156,10164,1337,134496,136213560.0,OI2109
2021-07-30 09:28:00,10164,10168,10158,10163,774,134544,75980780.0,OI2109
2021-07-30 09:29:00,10165,10172,10165,10169,929,134612,94637230.0,OI2109
2021-07-30 09:30:00,10169,10171,10161,10162,1170,134611,119187900.0,OI2109
2021-07-30 09:31:00,10161,10171,10161,10166,1547,134730,157592890.0,OI2109
2021-07-30 09:32:00,10165,10165,10147,10152,1308,134585,133245960.0,OI2109
2021-07-30 09:33:00,10153,10158,10149,10155,973,134633,99119510.0,OI2109
2021-07-30 09:34:00,10154,10169,10154,10166,1141,134539,116233670.0,OI2109
2021-07-30 09:35:00,10167,10170,10159,10161,805,134544,82005350.0,OI2109
2021-07-30 09:36:00,10160,10166,10160,10165,613,134461,62446310.0,OI2109
2021-07-30 09:37:00,10166,10175,10164,10171,1095,134454,111547650.0,OI2109
2021-07-30 09:38:00,10171,10180,10168,10173,1799,134455,183264130.0,OI2109
2021-07-30 09:39:00,10172,10179,10171,10173,2457,134229,250294590.0,OI2109
2021-07-30 09:40:00,10172,10175,10166,10169,1798,134629,180131570.0,OI2109
2021-07-30 09:41:00,10169,10171,10164,10164,2228,134391,226944080.0,OI2109
2021-07-30 09:42:00,10165,10177,10165,10174,1730,134780,176217800.0,OI2109
2021-07-30 09:43:00,10174,10179,10172,10178,2442,134370,248742120.0,OI2109
2021-07-30 09:44:00,10179,10186,10177,10186,2473,134516,251899780.0,OI2109
2021-07-30 09:45:00,10186,10188,10182,10185,1699,134659,173060140.0,OI2109
2021-07-30 09:46:00,10185,10193,10182,10186,2588,134374,263613680.0,OI2109
2021-07-30 09:47:00,10187,10192,10185,10191,2163,134192,220323180.0,OI2109
2021-07-30 09:48:00,10191,10194,10185,10187,1375,134205,140057500.0,OI2109
2021-07-30 09:49:00,10186,10194,10186,10194,976,134098,99415360.0,OI2109
2021-07-30 09:50:00,10192,10194,10186,10190,1760,134028,179273600.0,OI2109
2021-07-30 09:51:00,10189,10193,10186,10190,1174,133700,119583640.0,OI2109
2021-07-30 09:52:00,10192,10194,10189,10192,1208,133632,123046880.0,OI2109
2021-07-30 09:53:00,10192,10195,10189,10194,1571,133954,160022060.0,OI2109
2021-07-30 09:54:00,10194,10197,10190,10194,1886,133659,192107960.0,OI2109
2021-07-30 09:55:00,10194,10204,10193,10204,2325,133702,236824500.0,OI2109
2021-07-30 09:56:00,10202,10204,10199,10202,1987,133269,202395820.0,OI2109
2021-07-30 09:57:00,10204,10211,10203,10211,1517,133146,157863330.0,OI2109
2021-07-30 09:58:00,10212,10212,10203,10207,1279,133031,130291730.0,OI2109
2021-07-30 09:59:00,10206,10213,10206,10210,1167,133035,118882290.0,OI2109
2021-07-30 10:00:00,10209,10214,10198,10199,1603,132801,163297610.0,OI2109
2021-07-30 10:01:00,10199,10199,10191,10193,1693,132687,172465910.0,OI2109
2021-07-30 10:02:00,10193,10195,10184,10185,1860,132512,189478200.0,OI2109
2021-07-30 10:03:00,10184,10185,10169,10170,2127,132077,216677490.0,OI2109
2021-07-30 10:04:00,10171,10174,10167,10167,1278,132029,130189860.0,OI2109
2021-07-30 10:05:00,10168,10173,10166,10170,1338,132074,136302060.0,OI2109
2021-07-30 10:06:00,10169,10169,10160,10165,1388,132135,141395560.0,OI2109
2021-07-30 10:07:00,10165,10167,10159,10161,1752,132128,174979680.0,OI2109
2021-07-30 10:08:00,10161,10164,10159,10161,1218,132144,124065480.0,OI2109
2021-07-30 10:09:00,10160,10161,10155,10160,1132,132206,115305520.0,OI2109
2021-07-30 10:10:00,10159,10159,10150,10150,1465,132198,149224900.0,OI2109
2021-07-30 10:11:00,10151,10164,10147,10164,1508,132181,153604880.0,OI2109
2021-07-30 10:12:00,10164,10164,10158,10162,658,132254,67023880.0,OI2109
2021-07-30 10:13:00,10163,10169,10162,10168,775,132175,78941500.0,OI2109
2021-07-30 10:14:00,10168,10169,10164,10166,622,132210,63356920.0,OI2109
2021-07-30 10:30:00,10170,10172,10158,10158,1205,132149,122741300.0,OI2109
2021-07-30 10:31:00,10158,10165,10156,10157,939,132164,95646540.0,OI2109
2021-07-30 10:32:00,10157,10157,10151,10153,878,132217,89433080.0,OI2109
2021-07-30 10:33:00,10152,10155,10147,10148,919,132406,93609340.0,OI2109
2021-07-30 10:34:00,10148,10153,10144,10146,1092,132321,107610450.0,OI2109
2021-07-30 10:35:00,10148,10149,10141,10142,785,132518,79952250.0,OI2109
2021-07-30 10:36:00,10141,10145,10139,10140,979,132627,99711150.0,OI2109
2021-07-30 10:37:00,10141,10150,10141,10150,870,132540,88609500.0,OI2109
2021-07-30 10:38:00,10149,10152,10143,10146,766,132580,78017100.0,OI2109
2021-07-30 10:39:00,10145,10149,10141,10141,656,132691,66813600.0,OI2109
2021-07-30 10:40:00,10142,10153,10138,10152,974,132706,99201900.0,OI2109
2021-07-30 10:41:00,10152,10160,10149,10158,1433,132569,145951050.0,OI2109
2021-07-30 10:42:00,10158,10162,10157,10160,851,132655,86674350.0,OI2109
2021-07-30 10:43:00,10159,10163,10157,10161,601,132640,61211850.0,OI2109
2021-07-30 10:44:00,10161,10164,10158,10164,1645,132763,167543250.0,OI2109
2021-07-30 10:45:00,10163,10163,10148,10149,1287,132550,131080950.0,OI2109
2021-07-30 10:46:00,10148,10149,10141,10142,1009,132555,99027420.0,OI2109
2021-07-30 10:47:00,10142,10146,10141,10142,685,132590,69760400.0,OI2109
2021-07-30 10:48:00,10142,10152,10137,10148,1170,132607,119152800.0,OI2109
2021-07-30 10:49:00,10147,10148,10141,10141,446,132689,45420640.0,OI2109
2021-07-30 10:50:00,10142,10143,10138,10138,831,132658,84629040.0,OI2109
2021-07-30 10:51:00,10137,10144,10131,10141,1343,132615,136771120.0,OI2109
2021-07-30 10:52:00,10140,10144,10135,10142,617,132670,62835280.0,OI2109
2021-07-30 10:53:00,10141,10146,10139,10141,733,132615,74648720.0,OI2109
2021-07-30 10:54:00,10140,10143,10136,10143,535,132670,54484400.0,OI2109
2021-07-30 10:55:00,10143,10150,10140,10146,958,132566,97562720.0,OI2109
2021-07-30 10:56:00,10146,10147,10143,10145,612,132522,62326080.0,OI2109
2021-07-30 10:57:00,10146,10147,10143,10144,322,132485,28970730.0,OI2109
2021-07-30 10:58:00,10143,10144,10138,10144,579,132521,58959570.0,OI2109
2021-07-30 10:59:00,10144,10144,10139,10141,315,132509,32076450.0,OI2109
2021-07-30 11:00:00,10140,10146,10133,10144,1090,132528,110994700.0,OI2109
2021-07-30 11:01:00,10144,10147,10142,10144,486,132496,49489380.0,OI2109
2021-07-30 11:02:00,10144,10151,10141,10150,688,132427,70059040.0,OI2109
2021-07-30 11:03:00,10150,10150,10142,10148,707,132333,71993810.0,OI2109
2021-07-30 11:04:00,10148,10149,10137,10141,837,132418,85231710.0,OI2109
2021-07-30 11:05:00,10140,10147,10139,10145,404,132467,41139320.0,OI2109
2021-07-30 11:06:00,10144,10147,10141,10145,530,132451,53969900.0,OI2109
2021-07-30 11:07:00,10145,10152,10145,10151,868,132430,88388440.0,OI2109
2021-07-30 11:08:00,10151,10161,10150,10158,919,132268,93581770.0,OI2109
2021-07-30 11:09:00,10159,10162,10156,10161,555,132216,56515650.0,OI2109
2021-07-30 11:10:00,10161,10169,10161,10167,892,132051,90832360.0,OI2109
2021-07-30 11:11:00,10167,10167,10161,10163,647,132140,65884010.0,OI2109
2021-07-30 11:12:00,10164,10169,10163,10165,602,132171,61301660.0,OI2109
2021-07-30 11:13:00,10164,10166,10157,10163,722,132205,73521260.0,OI2109
2021-07-30 11:14:00,10164,10168,10155,10155,708,132257,72095640.0,OI2109
2021-07-30 11:15:00,10157,10161,10144,10144,1272,132226,125577800.0,OI2109
2021-07-30 11:16:00,10145,10148,10140,10140,1244,132443,126664080.0,OI2109
2021-07-30 11:17:00,10140,10141,10135,10138,1378,132824,140307960.0,OI2109
2021-07-30 11:18:00,10139,10139,10135,10136,731,132918,74430420.0,OI2109
2021-07-30 11:19:00,10136,10143,10135,10142,488,132983,49688160.0,OI2109
2021-07-30 11:20:00,10143,10144,10136,10140,559,133044,56917380.0,OI2109
2021-07-30 11:21:00,10140,10142,10136,10136,288,133083,29324160.0,OI2109
2021-07-30 11:22:00,10136,10145,10135,10138,641,133098,65266620.0,OI2109
2021-07-30 11:23:00,10137,10137,10129,10133,1448,133229,147435360.0,OI2109
2021-07-30 11:24:00,10133,10137,10132,10136,397,133195,40422540.0,OI2109
2021-07-30 11:25:00,10136,10136,10132,10133,538,133164,54779160.0,OI2109
2021-07-30 11:26:00,10134,10140,10132,10136,749,133155,76263180.0,OI2109
2021-07-30 11:27:00,10136,10140,10129,10130,747,133176,72017500.0,OI2109
2021-07-30 11:28:00,10130,10137,10129,10131,725,133168,73812250.0,OI2109
2021-07-30 11:29:00,10131,10132,10123,10127,1099,133283,111889190.0,OI2109
2021-07-30 13:30:00,10120,10120,10109,10113,2871,133152,292296510.0,OI2109
2021-07-30 13:31:00,10112,10128,10111,10125,1485,133150,147084010.0,OI2109
2021-07-30 13:32:00,10123,10124,10116,10116,1073,133230,109231400.0,OI2109
2021-07-30 13:33:00,10116,10116,10108,10113,1387,133510,141196600.0,OI2109
2021-07-30 13:34:00,10112,10120,10111,10114,990,133581,100782000.0,OI2109
2021-07-30 13:35:00,10112,10115,10108,10115,1088,133672,110758400.0,OI2109
2021-07-30 13:36:00,10114,10114,10103,10105,1752,134075,174186860.0,OI2109
2021-07-30 13:37:00,10106,10108,10103,10104,1054,134374,107286660.0,OI2109
2021-07-30 13:38:00,10104,10104,10087,10087,4903,134392,494850060.0,OI2109
2021-07-30 13:39:00,10087,10092,10071,10073,4040,134983,406924490.0,OI2109
2021-07-30 13:40:00,10072,10083,10064,10079,3663,134537,372783510.0,OI2109
2021-07-30 13:41:00,10080,10088,10078,10078,1403,134269,138465940.0,OI2109
2021-07-30 13:42:00,10080,10088,10080,10088,980,134287,99724800.0,OI2109
2021-07-30 13:43:00,10088,10092,10086,10087,1183,134212,120382080.0,OI2109
2021-07-30 13:44:00,10087,10087,10081,10082,852,134202,86699520.0,OI2109
2021-07-30 13:45:00,10081,10087,10080,10080,953,134262,92620230.0,OI2109
2021-07-30 13:46:00,10081,10081,10072,10079,1719,134485,174908250.0,OI2109
2021-07-30 13:47:00,10078,10096,10078,10089,1690,134433,171957500.0,OI2109
2021-07-30 13:48:00,10088,10095,10087,10087,842,134355,85673500.0,OI2109
2021-07-30 13:49:00,10087,10096,10085,10090,866,134329,83707280.0,OI2109
2021-07-30 13:50:00,10089,10094,10081,10091,999,134372,101638260.0,OI2109
2021-07-30 13:51:00,10090,10093,10089,10091,530,134383,53922200.0,OI2109
2021-07-30 13:52:00,10090,10105,10088,10104,1756,134049,178655440.0,OI2109
2021-07-30 13:53:00,10104,10113,10102,10111,2082,133619,207360790.0,OI2109
2021-07-30 13:54:00,10111,10112,10108,10110,1051,133550,106918230.0,OI2109
2021-07-30 13:55:00,10111,10117,10100,10105,1362,133414,138556260.0,OI2109
2021-07-30 13:56:00,10106,10116,10104,10111,1256,133411,127772880.0,OI2109
2021-07-30 13:57:00,10110,10110,10102,10107,1186,133449,120651780.0,OI2109
2021-07-30 13:58:00,10107,10110,10102,10105,743,133356,75585390.0,OI2109
2021-07-30 13:59:00,10105,10114,10105,10111,651,133300,66226230.0,OI2109
2021-07-30 14:00:00,10110,10114,10104,10114,946,133275,91702740.0,OI2109
2021-07-30 14:01:00,10114,10115,10108,10113,772,133120,78527840.0,OI2109
2021-07-30 14:02:00,10113,10121,10091,10098,1886,133058,191843920.0,OI2109
2021-07-30 14:03:00,10098,10098,10091,10098,1051,133204,106907720.0,OI2109
2021-07-30 14:04:00,10097,10105,10092,10095,915,133193,93073800.0,OI2109
2021-07-30 14:05:00,10095,10095,10084,10090,1177,133163,115132590.0,OI2109
2021-07-30 14:06:00,10090,10105,10090,10101,952,133074,96827920.0,OI2109
2021-07-30 14:07:00,10101,10107,10095,10099,735,133097,74756850.0,OI2109
2021-07-30 14:08:00,10099,10102,10098,10101,502,133104,51058420.0,OI2109
2021-07-30 14:09:00,10102,10102,10095,10099,533,133086,54211430.0,OI2109
2021-07-30 14:10:00,10099,10100,10090,10094,862,133101,87674020.0,OI2109
2021-07-30 14:11:00,10095,10104,10091,10103,797,132952,81062870.0,OI2109
2021-07-30 14:12:00,10103,10116,10103,10109,1567,132728,159379570.0,OI2109
2021-07-30 14:13:00,10108,10112,10104,10108,675,132731,68654250.0,OI2109
2021-07-30 14:14:00,10108,10116,10108,10108,634,132732,59819720.0,OI2109
2021-07-30 14:15:00,10108,10114,10107,10112,528,132733,53697600.0,OI2109
2021-07-30 14:16:00,10111,10122,10111,10114,1158,132485,117768600.0,OI2109
2021-07-30 14:17:00,10115,10117,10113,10117,623,132520,63359100.0,OI2109
2021-07-30 14:18:00,10116,10120,10114,10118,470,132489,47799000.0,OI2109
2021-07-30 14:19:00,10117,10120,10115,10116,621,132387,63155700.0,OI2109
2021-07-30 14:20:00,10116,10117,10109,10115,800,132237,81360000.0,OI2109
2021-07-30 14:21:00,10114,10127,10114,10127,1234,132072,125497800.0,OI2109
2021-07-30 14:22:00,10128,10131,10124,10128,1651,131970,167906700.0,OI2109
2021-07-30 14:23:00,10128,10128,10123,10125,680,131917,69156000.0,OI2109
2021-07-30 14:24:00,10125,10130,10124,10124,612,131868,62240400.0,OI2109
2021-07-30 14:25:00,10124,10128,10120,10126,908,131803,87586330.0,OI2109
2021-07-30 14:26:00,10126,10129,10122,10128,562,131721,57149780.0,OI2109
2021-07-30 14:27:00,10129,10135,10124,10126,1152,131593,117146880.0,OI2109
2021-07-30 14:28:00,10127,10128,10122,10124,592,131561,60200480.0,OI2109
2021-07-30 14:29:00,10124,10125,10118,10119,693,131540,70471170.0,OI2109
2021-07-30 14:30:00,10118,10122,10107,10110,1349,131463,137179810.0,OI2109
2021-07-30 14:31:00,10110,10119,10109,10117,943,131441,95893670.0,OI2109
2021-07-30 14:32:00,10117,10126,10113,10121,1339,131495,136162910.0,OI2109
2021-07-30 14:33:00,10122,10126,10121,10125,1452,131682,147653880.0,OI2109
2021-07-30 14:34:00,10125,10136,10123,10136,1039,131496,105655910.0,OI2109
2021-07-30 14:35:00,10136,10138,10132,10137,1161,131358,113202000.0,OI2109
2021-07-30 14:36:00,10137,10140,10133,10134,838,131332,85207840.0,OI2109
2021-07-30 14:37:00,10135,10136,10128,10130,899,131300,91410320.0,OI2109
2021-07-30 14:38:00,10130,10134,10126,10134,640,131259,65075200.0,OI2109
2021-07-30 14:39:00,10134,10135,10124,10126,722,131234,73412960.0,OI2109
2021-07-30 14:40:00,10126,10127,10117,10126,1038,131044,105543840.0,OI2109
2021-07-30 14:41:00,10125,10136,10124,10134,770,131153,78293600.0,OI2109
2021-07-30 14:42:00,10134,10136,10130,10132,490,131169,49823200.0,OI2109
2021-07-30 14:43:00,10133,10140,10132,10137,755,131126,76768400.0,OI2109
2021-07-30 14:44:00,10137,10145,10137,10141,1398,130868,142148640.0,OI2109
2021-07-30 14:45:00,10140,10145,10134,10138,1011,130770,102798480.0,OI2109
2021-07-30 14:46:00,10138,10141,10137,10138,614,130810,62431520.0,OI2109
2021-07-30 14:47:00,10139,10149,10139,10148,1101,130747,111949680.0,OI2109
2021-07-30 14:48:00,10148,10154,10145,10145,1136,130570,115508480.0,OI2109
2021-07-30 14:49:00,10145,10152,10145,10151,643,130606,65380240.0,OI2109
2021-07-30 14:50:00,10151,10153,10149,10150,683,130671,69447440.0,OI2109
2021-07-30 14:51:00,10151,10153,10144,10146,906,130597,92122080.0,OI2109
2021-07-30 14:52:00,10145,10149,10141,10143,869,130645,88359920.0,OI2109
2021-07-30 14:53:00,10144,10148,10143,10145,591,130713,60092880.0,OI2109
2021-07-30 14:54:00,10146,10150,10140,10149,788,130590,80123840.0,OI2109
2021-07-30 14:55:00,10150,10156,10149,10151,1204,130349,122422720.0,OI2109
2021-07-30 14:56:00,10151,10156,10151,10155,818,130214,83174240.0,OI2109
2021-07-30 14:57:00,10155,10156,10150,10151,833,130016,79651880.0,OI2109
2021-07-30 14:58:00,10151,10155,10151,10154,1008,129677,102483360.0,OI2109
2021-07-30 14:59:00,10154,10165,10154,10165,1659,128844,168670530.0,OI2109
2021-07-30 21:00:00,10075,10144,10075,10137,7243,129039,732774310.0,OI2109
2021-07-30 21:01:00,10138,10138,10122,10127,3622,129330,366872340.0,OI2109
2021-07-30 21:02:00,10128,10137,10124,10128,2535,129453,256835350.0,OI2109
2021-07-30 21:03:00,10129,10136,10120,10127,1458,129537,147593340.0,OI2109
2021-07-30 21:04:00,10126,10126,10116,10118,1373,129556,138988790.0,OI2109
2021-07-30 21:05:00,10118,10121,10102,10105,2478,129263,250473760.0,OI2109
2021-07-30 21:06:00,10106,10106,10080,10083,2606,129678,263113810.0,OI2109
2021-07-30 21:07:00,10083,10095,10073,10095,2636,129761,265752440.0,OI2109
2021-07-30 21:08:00,10093,10097,10080,10086,2224,130215,224150110.0,OI2109
2021-07-30 21:09:00,10086,10103,10085,10102,1388,130285,140340680.0,OI2109
2021-07-30 21:10:00,10102,10108,10095,10107,1686,130114,170178970.0,OI2109
2021-07-30 21:11:00,10108,10109,10100,10103,1277,130039,129104700.0,OI2109
2021-07-30 21:12:00,10103,10115,10102,10110,1512,129952,152863200.0,OI2109
2021-07-30 21:13:00,10109,10132,10107,10130,1897,129922,191786700.0,OI2109
2021-07-30 21:14:00,10131,10161,10131,10155,3845,130419,390240700.0,OI2109
2021-07-30 21:15:00,10155,10163,10143,10154,2927,130422,297257990.0,OI2109
2021-07-30 21:16:00,10156,10166,10153,10162,2098,130526,213110760.0,OI2109
2021-07-30 21:17:00,10163,10175,10163,10173,2147,130545,218603490.0,OI2109
2021-07-30 21:18:00,10173,10175,10168,10173,1563,130485,158672010.0,OI2109
2021-07-30 21:19:00,10172,10172,10160,10164,1588,130403,161715300.0,OI2109
2021-07-30 21:20:00,10165,10174,10160,10162,1449,130372,147206770.0,OI2109
2021-07-30 21:21:00,10162,10178,10162,10178,1353,130298,137513830.0,OI2109
2021-07-30 21:22:00,10180,10194,10176,10192,2350,130319,239582150.0,OI2109
2021-07-30 21:23:00,10192,10202,10188,10196,3153,130014,321091140.0,OI2109
2021-07-30 21:24:00,10195,10196,10184,10190,2118,129986,215787460.0,OI2109
2021-07-30 21:25:00,10190,10190,10179,10187,1848,129593,188502280.0,OI2109
2021-07-30 21:26:00,10187,10195,10187,10188,987,129551,100665800.0,OI2109
2021-07-30 21:27:00,10190,10213,10190,10199,2897,129617,295625600.0,OI2109
2021-07-30 21:28:00,10198,10200,10189,10192,1203,129616,122650840.0,OI2109
2021-07-30 21:29:00,10193,10194,10182,10184,1579,129613,160812580.0,OI2109
2021-07-30 21:30:00,10187,10200,10176,10183,3028,129637,308531400.0,OI2109
2021-07-30 21:31:00,10185,10197,10182,10190,1943,129737,197837460.0,OI2109
2021-07-30 21:32:00,10191,10196,10185,10188,1398,129746,142575170.0,OI2109
2021-07-30 21:33:00,10188,10202,10186,10200,1535,129764,156505890.0,OI2109
2021-07-30 21:34:00,10200,10205,10194,10204,1200,129856,122537440.0,OI2109
2021-07-30 21:35:00,10203,10205,10189,10193,1691,129873,172397940.0,OI2109
2021-07-30 21:36:00,10193,10197,10191,10196,938,129871,95207000.0,OI2109
2021-07-30 21:37:00,10196,10197,10181,10189,3637,130127,370803700.0,OI2109
2021-07-30 21:38:00,10189,10191,10186,10187,2644,129814,269269420.0,OI2109
2021-07-30 21:39:00,10187,10189,10182,10187,3287,129691,334612520.0,OI2109
2021-07-30 21:40:00,10187,10191,10177,10178,1581,129647,161433960.0,OI2109
2021-07-30 21:41:00,10178,10190,10178,10189,1047,129613,106322850.0,OI2109
2021-07-30 21:42:00,10188,10197,10185,10195,1223,129584,125117570.0,OI2109
2021-07-30 21:43:00,10195,10200,10193,10194,1575,129477,159957000.0,OI2109
2021-07-30 21:44:00,10193,10195,10186,10190,719,129507,73966500.0,OI2109
2021-07-30 21:45:00,10190,10192,10183,10189,2571,129583,261136470.0,OI2109
2021-07-30 21:46:00,10188,10189,10183,10188,3570,129694,363611170.0,OI2109
2021-07-30 21:47:00,10188,10193,10179,10181,1584,129735,161924830.0,OI2109
2021-07-30 21:48:00,10182,10195,10182,10194,995,129710,101082050.0,OI2109
2021-07-30 21:49:00,10195,10198,10187,10190,1031,129734,104739290.0,OI2109
2021-07-30 21:50:00,10192,10193,10183,10184,957,129684,98273570.0,OI2109
2021-07-30 21:51:00,10183,10188,10181,10183,1083,129660,110032800.0,OI2109
2021-07-30 21:52:00,10181,10184,10169,10169,1790,129444,181864000.0,OI2109
2021-07-30 21:53:00,10169,10177,10169,10172,1316,129514,133705600.0,OI2109
2021-07-30 21:54:00,10172,10181,10170,10178,1253,129505,128411160.0,OI2109
2021-07-30 21:55:00,10178,10182,10174,10178,894,129505,90839340.0,OI2109
2021-07-30 21:56:00,10177,10182,10172,10176,731,129558,74276910.0,OI2109
2021-07-30 21:57:00,10176,10176,10169,10171,858,129536,87181380.0,OI2109
2021-07-30 21:58:00,10172,10172,10158,10166,1678,129351,170501580.0,OI2109
2021-07-30 21:59:00,10165,10171,10159,10161,1688,129413,171517680.0,OI2109
2021-07-30 22:00:00,10161,10167,10145,10151,2310,129596,234719100.0,OI2109
2021-07-30 22:01:00,10150,10153,10144,10152,1876,129462,190620360.0,OI2109
2021-07-30 22:02:00,10152,10153,10131,10136,3327,129329,336816490.0,OI2109
2021-07-30 22:03:00,10135,10143,10131,10133,1453,129477,147624800.0,OI2109
2021-07-30 22:04:00,10133,10133,10123,10129,2066,129627,208630430.0,OI2109
2021-07-30 22:05:00,10128,10138,10125,10125,1656,129634,168233040.0,OI2109
2021-07-30 22:06:00,10125,10137,10119,10136,1942,129592,195976630.0,OI2109
2021-07-30 22:07:00,10136,10146,10135,10145,1627,129434,165270660.0,OI2109
2021-07-30 22:08:00,10146,10156,10145,10152,2162,129242,219615960.0,OI2109
2021-07-30 22:09:00,10151,10152,10135,10135,1356,129267,137742480.0,OI2109
2021-07-30 22:10:00,10136,10141,10133,10138,1889,129419,191884620.0,OI2109
2021-07-30 22:11:00,10138,10150,10138,10147,2600,129419,262700510.0,OI2109
2021-07-30 22:12:00,10147,10147,10139,10146,1607,129309,163222990.0,OI2109
2021-07-30 22:13:00,10145,10156,10143,10149,1770,129157,179778900.0,OI2109
2021-07-30 22:14:00,10149,10159,10149,10154,797,129074,80951290.0,OI2109
2021-07-30 22:15:00,10154,10155,10144,10149,686,129079,69677020.0,OI2109
2021-07-30 22:16:00,10150,10150,10139,10139,831,129107,84404670.0,OI2109
2021-07-30 22:17:00,10140,10145,10135,10135,714,129177,72520980.0,OI2109
2021-07-30 22:18:00,10136,10151,10132,10143,1285,129274,130517450.0,OI2109
2021-07-30 22:19:00,10144,10144,10135,10138,884,129305,89787880.0,OI2109
2021-07-30 22:20:00,10139,10143,10131,10131,936,129302,95069520.0,OI2109
2021-07-30 22:21:00,10131,10141,10129,10132,1176,129375,117931970.0,OI2109
2021-07-30 22:22:00,10132,10145,10129,10145,892,129356,90591520.0,OI2109
2021-07-30 22:23:00,10145,10147,10134,10136,602,129429,61139120.0,OI2109
2021-07-30 22:24:00,10136,10142,10131,10138,682,129460,69263920.0,OI2109
2021-07-30 22:25:00,10139,10139,10132,10138,546,129474,55451760.0,OI2109
2021-07-30 22:26:00,10138,10150,10134,10148,873,129435,88661880.0,OI2109
2021-07-30 22:27:00,10149,10151,10142,10144,763,129400,77490280.0,OI2109
2021-07-30 22:28:00,10144,10146,10138,10145,890,129501,90388400.0,OI2109
2021-07-30 22:29:00,10146,10151,10135,10135,968,129645,98310080.0,OI2109
2021-07-30 22:30:00,10136,10146,10131,10146,1012,129710,102778720.0,OI2109
2021-07-30 22:31:00,10145,10147,10140,10142,598,129636,60732880.0,OI2109
2021-07-30 22:32:00,10143,10143,10136,10137,558,129693,56670480.0,OI2109
2021-07-30 22:33:00,10136,10137,10114,10118,2040,129711,205563810.0,OI2109
2021-07-30 22:34:00,10117,10119,10103,10106,2087,129734,211934850.0,OI2109
2021-07-30 22:35:00,10107,10112,10089,10105,2434,129585,245508900.0,OI2109
2021-07-30 22:36:00,10105,10116,10099,10112,1629,129587,163728570.0,OI2109
2021-07-30 22:37:00,10111,10112,10104,10109,1172,129682,118993160.0,OI2109
2021-07-30 22:38:00,10109,10109,10100,10104,925,129752,93915250.0,OI2109
2021-07-30 22:39:00,10103,10109,10100,10107,926,129780,94016780.0,OI2109
2021-07-30 22:40:00,10106,10111,10085,10111,2305,129696,232293280.0,OI2109
2021-07-30 22:41:00,10112,10128,10112,10126,1998,129603,202836960.0,OI2109
2021-07-30 22:42:00,10126,10127,10113,10113,1121,129584,112039360.0,OI2109
2021-07-30 22:43:00,10112,10124,10106,10111,1290,129690,130947900.0,OI2109
2021-07-30 22:44:00,10110,10118,10110,10110,2210,129679,224337100.0,OI2109
2021-07-30 22:45:00,10110,10118,10103,10117,1023,129713,102034940.0,OI2109
2021-07-30 22:46:00,10117,10122,10112,10121,1321,129940,134081500.0,OI2109
2021-07-30 22:47:00,10122,10131,10122,10122,1313,129768,133269500.0,OI2109
2021-07-30 22:48:00,10122,10123,10110,10115,849,129769,86173500.0,OI2109
2021-07-30 22:49:00,10115,10119,10111,10111,477,129798,48415500.0,OI2109
2021-07-30 22:50:00,10111,10118,10110,10117,676,129692,68614000.0,OI2109
2021-07-30 22:51:00,10118,10123,10118,10121,565,129662,55485700.0,OI2109
2021-07-30 22:52:00,10121,10126,10120,10123,803,129513,81496470.0,OI2109
2021-07-30 22:53:00,10123,10131,10120,10130,808,129302,82003920.0,OI2109
2021-07-30 22:54:00,10130,10144,10129,10143,1514,129012,153655860.0,OI2109
2021-07-30 22:55:00,10144,10144,10134,10137,1223,128790,124122270.0,OI2109
2021-07-30 22:56:00,10137,10142,10134,10141,462,128751,46888380.0,OI2109
2021-07-30 22:57:00,10141,10150,10141,10149,966,128640,98039340.0,OI2109
2021-07-30 22:58:00,10150,10158,10145,10154,1135,128427,115191150.0,OI2109
2021-07-30 22:59:00,10154,10155,10140,10144,892,128061,90529080.0,OI2109
