datetime,open,high,low,close,volume,openInterest,amount,symbol
2022-05-05 09:00:00,13901,14044,13901,14005,6681,166324,933736560.0,OI2209
2022-05-05 09:01:00,14007,14012,13947,13950,2903,166169,405627440.0,OI2209
2022-05-05 09:02:00,13950,13950,13915,13919,2779,166070,387252580.0,OI2209
2022-05-05 09:03:00,13924,13940,13916,13937,1930,166132,268829150.0,OI2209
2022-05-05 09:04:00,13934,13940,13909,13937,1892,166039,263494720.0,OI2209
2022-05-05 09:05:00,13938,13938,13826,13864,4131,165840,572906790.0,OI2209
2022-05-05 09:06:00,13862,13862,13830,13856,2284,165813,316332760.0,OI2209
2022-05-05 09:07:00,13851,13856,13842,13856,973,165720,134595980.0,OI2209
2022-05-05 09:08:00,13857,13857,13829,13838,1253,165605,173601340.0,OI2209
2022-05-05 09:09:00,13839,13896,13839,13875,2029,165532,281403180.0,OI2209
2022-05-05 09:10:00,13872,13877,13850,13855,1103,165619,152956380.0,OI2209
2022-05-05 09:11:00,13855,13897,13855,13870,1518,165605,210655360.0,OI2209
2022-05-05 09:12:00,13869,13885,13863,13880,700,165623,97096240.0,OI2209
2022-05-05 09:13:00,13880,13915,13876,13912,1418,165812,197286340.0,OI2209
2022-05-05 09:14:00,13915,13930,13902,13903,1440,165747,200347200.0,OI2209
2022-05-05 09:15:00,13904,13946,13902,13904,1758,165691,244590540.0,OI2209
2022-05-05 09:16:00,13904,13904,13883,13890,1099,165578,152903870.0,OI2209
2022-05-05 09:17:00,13889,13891,13862,13867,845,165607,117197490.0,OI2209
2022-05-05 09:18:00,13871,13881,13835,13838,2020,165672,279859720.0,OI2209
2022-05-05 09:19:00,13839,13848,13805,13829,2384,165536,329533560.0,OI2209
2022-05-05 09:20:00,13830,13841,13824,13833,984,165488,136394120.0,OI2209
2022-05-05 09:21:00,13836,13845,13828,13837,650,165452,89941760.0,OI2209
2022-05-05 09:22:00,13836,13847,13834,13838,376,165412,51840020.0,OI2209
2022-05-05 09:23:00,13837,13849,13832,13833,485,165435,66983500.0,OI2209
2022-05-05 09:24:00,13831,13840,13825,13826,487,165446,67693000.0,OI2209
2022-05-05 09:25:00,13825,13842,13821,13841,561,165408,77532170.0,OI2209
2022-05-05 09:26:00,13839,13845,13830,13837,426,165430,58758650.0,OI2209
2022-05-05 09:27:00,13838,13850,13834,13836,489,165373,67961220.0,OI2209
2022-05-05 09:28:00,13836,13838,13821,13827,519,165314,71669450.0,OI2209
2022-05-05 09:29:00,13824,13835,13819,13820,429,165271,59476720.0,OI2209
2022-05-05 09:30:00,13819,13819,13805,13810,882,165218,122088440.0,OI2209
2022-05-05 09:31:00,13808,13817,13807,13811,407,165207,56074300.0,OI2209
2022-05-05 09:32:00,13811,13814,13775,13775,1819,164883,250948150.0,OI2209
2022-05-05 09:33:00,13774,13795,13774,13790,1083,164870,149413960.0,OI2209
2022-05-05 09:34:00,13788,13792,13771,13780,757,165023,104430800.0,OI2209
2022-05-05 09:35:00,13779,13779,13752,13760,1223,164997,168489110.0,OI2209
2022-05-05 09:36:00,13760,13770,13757,13764,749,165071,103702510.0,OI2209
2022-05-05 09:37:00,13764,13767,13729,13741,1799,165280,246973930.0,OI2209
2022-05-05 09:38:00,13742,13752,13732,13744,998,165447,137367660.0,OI2209
2022-05-05 09:39:00,13745,13745,13728,13736,740,165540,101534940.0,OI2209
2022-05-05 09:40:00,13736,13740,13725,13731,644,165498,88643480.0,OI2209
2022-05-05 09:41:00,13731,13735,13717,13721,795,165592,109105610.0,OI2209
2022-05-05 09:42:00,13720,13730,13707,13726,846,165540,116183190.0,OI2209
2022-05-05 09:43:00,13726,13731,13720,13730,519,165471,71829150.0,OI2209
2022-05-05 09:44:00,13730,13744,13713,13714,1039,165468,142850820.0,OI2209
2022-05-05 09:45:00,13714,13727,13712,13716,696,165483,95262600.0,OI2209
2022-05-05 09:46:00,13716,13734,13712,13731,538,165400,73956760.0,OI2209
2022-05-05 09:47:00,13731,13738,13711,13713,776,165283,106304240.0,OI2209
2022-05-05 09:48:00,13712,13714,13684,13687,1691,165140,231773810.0,OI2209
2022-05-05 09:49:00,13689,13695,13663,13670,1588,164922,217372000.0,OI2209
2022-05-05 09:50:00,13675,13692,13657,13662,2074,164876,283859290.0,OI2209
2022-05-05 09:51:00,13661,13688,13661,13686,2464,164817,336925060.0,OI2209
2022-05-05 09:52:00,13686,13687,13670,13686,877,164935,119945800.0,OI2209
2022-05-05 09:53:00,13684,13698,13677,13677,771,164697,105244560.0,OI2209
2022-05-05 09:54:00,13678,13683,13670,13673,391,164673,53405700.0,OI2209
2022-05-05 09:55:00,13673,13674,13654,13657,1164,164747,159138320.0,OI2209
2022-05-05 09:56:00,13657,13661,13642,13646,1190,164643,163099480.0,OI2209
2022-05-05 09:57:00,13653,13661,13649,13653,869,164683,119138340.0,OI2209
2022-05-05 09:58:00,13654,13661,13653,13654,461,164600,62983120.0,OI2209
2022-05-05 09:59:00,13653,13665,13645,13649,591,164529,80177830.0,OI2209
2022-05-05 10:00:00,13645,13655,13633,13648,1435,164616,196036090.0,OI2209
2022-05-05 10:01:00,13645,13660,13645,13654,637,164610,87765170.0,OI2209
2022-05-05 10:02:00,13654,13660,13645,13659,632,164518,85997530.0,OI2209
2022-05-05 10:03:00,13658,13672,13657,13657,815,164418,111819790.0,OI2209
2022-05-05 10:04:00,13657,13676,13650,13667,788,164326,107259960.0,OI2209
2022-05-05 10:05:00,13665,13674,13653,13656,519,164293,71427150.0,OI2209
2022-05-05 10:06:00,13656,13663,13650,13658,475,164290,64798370.0,OI2209
2022-05-05 10:07:00,13658,13663,13652,13657,417,164303,56777330.0,OI2209
2022-05-05 10:08:00,13657,13665,13657,13662,358,164285,49450540.0,OI2209
2022-05-05 10:09:00,13662,13665,13645,13645,583,164328,79693330.0,OI2209
2022-05-05 10:10:00,13644,13651,13642,13644,546,164312,74571600.0,OI2209
2022-05-05 10:11:00,13644,13649,13642,13648,556,164375,75941680.0,OI2209
2022-05-05 10:12:00,13648,13654,13646,13649,314,164333,42531920.0,OI2209
2022-05-05 10:13:00,13650,13653,13643,13645,321,164293,43473060.0,OI2209
2022-05-05 10:14:00,13644,13647,13636,13636,479,164383,65449520.0,OI2209
2022-05-05 10:30:00,13636,13656,13620,13651,1655,164215,226063540.0,OI2209
2022-05-05 10:31:00,13651,13657,13638,13640,843,164265,115484120.0,OI2209
2022-05-05 10:32:00,13638,13646,13632,13643,584,164298,79720080.0,OI2209
2022-05-05 10:33:00,13641,13652,13639,13652,427,164302,58040830.0,OI2209
2022-05-05 10:34:00,13650,13656,13636,13642,433,164293,58860290.0,OI2209
2022-05-05 10:35:00,13640,13642,13630,13639,534,164350,73414180.0,OI2209
2022-05-05 10:36:00,13642,13643,13612,13615,927,164241,126091430.0,OI2209
2022-05-05 10:37:00,13616,13625,13612,13623,730,164260,99798150.0,OI2209
2022-05-05 10:38:00,13623,13627,13619,13626,520,164288,70908850.0,OI2209
2022-05-05 10:39:00,13626,13627,13617,13619,424,164242,57937550.0,OI2209
2022-05-05 10:40:00,13619,13620,13585,13608,2703,164127,368069720.0,OI2209
2022-05-05 10:41:00,13609,13613,13593,13601,705,164136,95285510.0,OI2209
2022-05-05 10:42:00,13603,13613,13597,13612,579,164060,78857470.0,OI2209
2022-05-05 10:43:00,13611,13630,13611,13623,1203,163824,164734830.0,OI2209
2022-05-05 10:44:00,13624,13631,13619,13625,774,163694,106547780.0,OI2209
2022-05-05 10:45:00,13625,13651,13620,13648,1900,163371,258852910.0,OI2209
2022-05-05 10:46:00,13648,13683,13646,13679,2448,162879,335269380.0,OI2209
2022-05-05 10:47:00,13679,13681,13638,13640,1913,163070,261816460.0,OI2209
2022-05-05 10:48:00,13639,13644,13622,13644,1129,163328,153776180.0,OI2209
2022-05-05 10:49:00,13644,13648,13629,13636,492,163344,67492200.0,OI2209
2022-05-05 10:50:00,13634,13644,13626,13628,455,163364,62667150.0,OI2209
2022-05-05 10:51:00,13626,13645,13626,13637,438,163371,59497610.0,OI2209
2022-05-05 10:52:00,13634,13646,13633,13646,234,163344,32226480.0,OI2209
2022-05-05 10:53:00,13647,13648,13641,13644,335,163309,46136200.0,OI2209
2022-05-05 10:54:00,13644,13659,13643,13659,467,163212,63228100.0,OI2209
2022-05-05 10:55:00,13658,13658,13639,13641,518,163171,70507500.0,OI2209
2022-05-05 10:56:00,13641,13646,13639,13646,227,163180,31257900.0,OI2209
2022-05-05 10:57:00,13645,13650,13640,13644,208,163199,28641600.0,OI2209
2022-05-05 10:58:00,13643,13645,13635,13635,263,163178,36215100.0,OI2209
2022-05-05 10:59:00,13635,13640,13632,13634,267,163211,36489290.0,OI2209
2022-05-05 11:00:00,13633,13641,13620,13622,638,163107,87846220.0,OI2209
2022-05-05 11:01:00,13619,13627,13615,13626,289,163090,38963680.0,OI2209
2022-05-05 11:02:00,13626,13629,13621,13622,248,163097,34144640.0,OI2209
2022-05-05 11:03:00,13621,13625,13616,13620,316,163158,42390000.0,OI2209
2022-05-05 11:04:00,13619,13625,13616,13620,340,163204,46807800.0,OI2209
2022-05-05 11:05:00,13620,13625,13615,13620,428,163217,57798200.0,OI2209
2022-05-05 11:06:00,13620,13626,13611,13613,465,163262,64011900.0,OI2209
2022-05-05 11:07:00,13611,13624,13611,13624,308,163296,41572440.0,OI2209
2022-05-05 11:08:00,13623,13636,13623,13636,496,163182,68274400.0,OI2209
2022-05-05 11:09:00,13635,13638,13630,13634,285,163165,38266510.0,OI2209
2022-05-05 11:10:00,13634,13634,13626,13627,207,163173,28491480.0,OI2209
2022-05-05 11:11:00,13628,13639,13627,13639,367,163263,50513880.0,OI2209
2022-05-05 11:12:00,13639,13639,13633,13636,191,163242,26289240.0,OI2209
2022-05-05 11:13:00,13637,13651,13637,13649,449,163161,60648120.0,OI2209
2022-05-05 11:14:00,13650,13653,13646,13652,389,163132,53538070.0,OI2209
2022-05-05 11:15:00,13651,13663,13651,13658,596,163045,80865390.0,OI2209
2022-05-05 11:16:00,13658,13660,13646,13651,393,163031,54084660.0,OI2209
2022-05-05 11:17:00,13653,13656,13645,13646,219,162991,30138780.0,OI2209
2022-05-05 11:18:00,13650,13654,13642,13645,299,162932,40871630.0,OI2209
2022-05-05 11:19:00,13644,13646,13627,13629,447,162968,61511670.0,OI2209
2022-05-05 11:20:00,13628,13630,13623,13630,368,163044,49461130.0,OI2209
2022-05-05 11:21:00,13628,13630,13623,13629,205,163098,28208000.0,OI2209
2022-05-05 11:22:00,13627,13629,13622,13627,221,163166,30409600.0,OI2209
2022-05-05 11:23:00,13627,13632,13623,13625,194,163182,26694400.0,OI2209
2022-05-05 11:24:00,13624,13629,13624,13626,138,163187,18988800.0,OI2209
2022-05-05 11:25:00,13628,13631,13624,13631,183,163165,23992040.0,OI2209
2022-05-05 11:26:00,13630,13635,13629,13633,293,163161,40313870.0,OI2209
2022-05-05 11:27:00,13631,13633,13624,13628,332,163146,45679880.0,OI2209
2022-05-05 11:28:00,13627,13629,13625,13629,107,163150,14722130.0,OI2209
2022-05-05 11:29:00,13627,13630,13623,13628,348,163152,47741100.0,OI2209
2022-05-05 13:30:00,13622,13632,13621,13628,839,163239,115014900.0,OI2209
2022-05-05 13:31:00,13628,13645,13628,13633,688,163243,94648160.0,OI2209
2022-05-05 13:32:00,13633,13642,13628,13631,551,163188,74580730.0,OI2209
2022-05-05 13:33:00,13631,13644,13631,13643,438,163218,60251280.0,OI2209
2022-05-05 13:34:00,13645,13655,13643,13647,696,163309,95186120.0,OI2209
2022-05-05 13:35:00,13648,13650,13640,13640,388,163262,53369400.0,OI2209
2022-05-05 13:36:00,13640,13646,13637,13640,226,163246,30535940.0,OI2209
2022-05-05 13:37:00,13641,13646,13639,13645,177,163229,24344580.0,OI2209
2022-05-05 13:38:00,13644,13650,13643,13644,226,163225,31084040.0,OI2209
2022-05-05 13:39:00,13650,13651,13640,13643,395,163214,54328300.0,OI2209
2022-05-05 13:40:00,13642,13644,13636,13641,264,163229,36310560.0,OI2209
2022-05-05 13:41:00,13641,13641,13630,13630,394,163267,52938380.0,OI2209
2022-05-05 13:42:00,13632,13637,13630,13633,225,163281,30944250.0,OI2209
2022-05-05 13:43:00,13633,13641,13630,13640,230,163257,31631900.0,OI2209
2022-05-05 13:44:00,13640,13644,13634,13642,177,163263,24342810.0,OI2209
2022-05-05 13:45:00,13643,13643,13634,13636,203,163288,27779980.0,OI2209
2022-05-05 13:46:00,13637,13638,13630,13633,242,163331,33279840.0,OI2209
2022-05-05 13:47:00,13634,13638,13632,13635,177,163327,24341040.0,OI2209
2022-05-05 13:48:00,13636,13636,13623,13629,500,163339,68760000.0,OI2209
2022-05-05 13:49:00,13629,13636,13627,13633,138,163352,18151520.0,OI2209
2022-05-05 13:50:00,13631,13634,13628,13633,153,163373,21039030.0,OI2209
2022-05-05 13:51:00,13634,13634,13628,13630,175,163402,24064250.0,OI2209
2022-05-05 13:52:00,13631,13633,13625,13630,203,163456,27914530.0,OI2209
2022-05-05 13:53:00,13632,13636,13628,13631,244,163485,33552440.0,OI2209
2022-05-05 13:54:00,13632,13638,13631,13634,146,163459,20076460.0,OI2209
2022-05-05 13:55:00,13635,13636,13627,13627,236,163522,32312750.0,OI2209
2022-05-05 13:56:00,13629,13629,13618,13621,576,163512,79200000.0,OI2209
2022-05-05 13:57:00,13619,13624,13613,13618,735,163459,99766520.0,OI2209
2022-05-05 13:58:00,13618,13619,13613,13613,334,163569,45921660.0,OI2209
2022-05-05 13:59:00,13613,13614,13601,13605,865,163549,117620880.0,OI2209
2022-05-05 14:00:00,13605,13616,13603,13607,598,163570,80899090.0,OI2209
2022-05-05 14:01:00,13608,13615,13605,13609,385,163509,52925950.0,OI2209
2022-05-05 14:02:00,13607,13613,13606,13608,247,163527,32634820.0,OI2209
2022-05-05 14:03:00,13607,13610,13593,13598,959,163576,130494280.0,OI2209
2022-05-05 14:04:00,13597,13603,13595,13601,412,163616,56629400.0,OI2209
2022-05-05 14:05:00,13602,13603,13593,13597,425,163619,57865770.0,OI2209
2022-05-05 14:06:00,13598,13607,13595,13607,421,163629,57862240.0,OI2209
2022-05-05 14:07:00,13607,13608,13601,13601,288,163571,39582720.0,OI2209
2022-05-05 14:08:00,13602,13603,13598,13599,262,163531,34771330.0,OI2209
2022-05-05 14:09:00,13599,13603,13596,13597,322,163471,44252460.0,OI2209
2022-05-05 14:10:00,13598,13602,13595,13596,286,163421,39304980.0,OI2209
2022-05-05 14:11:00,13597,13607,13591,13602,483,163405,65019840.0,OI2209
2022-05-05 14:12:00,13603,13613,13602,13608,489,163311,67198380.0,OI2209
2022-05-05 14:13:00,13607,13616,13605,13613,419,163216,56340670.0,OI2209
2022-05-05 14:14:00,13614,13617,13607,13612,341,163124,46856810.0,OI2209
2022-05-05 14:15:00,13614,13627,13614,13620,817,163214,110884460.0,OI2209
2022-05-05 14:16:00,13622,13622,13618,13620,140,163194,19236000.0,OI2209
2022-05-05 14:17:00,13621,13627,13616,13616,294,163148,40395600.0,OI2209
2022-05-05 14:18:00,13617,13617,13613,13614,161,163118,22121400.0,OI2209
2022-05-05 14:19:00,13614,13614,13608,13610,207,163127,28441800.0,OI2209
2022-05-05 14:20:00,13610,13620,13608,13620,213,163130,27876540.0,OI2209
2022-05-05 14:21:00,13618,13618,13607,13610,293,163109,40255270.0,OI2209
2022-05-05 14:22:00,13610,13615,13610,13615,92,163111,12639880.0,OI2209
2022-05-05 14:23:00,13614,13619,13613,13619,90,163130,12365100.0,OI2209
2022-05-05 14:24:00,13617,13621,13613,13618,250,163101,34347500.0,OI2209
2022-05-05 14:25:00,13620,13625,13618,13623,215,163121,29538850.0,OI2209
2022-05-05 14:26:00,13622,13628,13621,13626,208,163100,27614450.0,OI2209
2022-05-05 14:27:00,13626,13626,13614,13614,305,163081,41900900.0,OI2209
2022-05-05 14:28:00,13616,13616,13606,13607,491,162985,67453580.0,OI2209
2022-05-05 14:29:00,13607,13613,13605,13611,662,163002,89529840.0,OI2209
2022-05-05 14:30:00,13611,13615,13606,13612,684,162987,93961080.0,OI2209
2022-05-05 14:31:00,13614,13616,13609,13614,276,162955,37636690.0,OI2209
2022-05-05 14:32:00,13615,13618,13612,13613,239,162962,32829040.0,OI2209
2022-05-05 14:33:00,13613,13618,13611,13612,241,162967,33103760.0,OI2209
2022-05-05 14:34:00,13612,13612,13606,13610,329,162886,45191440.0,OI2209
2022-05-05 14:35:00,13610,13618,13609,13617,193,162849,26234580.0,OI2209
2022-05-05 14:36:00,13616,13624,13614,13624,406,162846,55764100.0,OI2209
2022-05-05 14:37:00,13625,13627,13622,13624,371,162742,50956850.0,OI2209
2022-05-05 14:38:00,13624,13631,13623,13630,435,162630,58299790.0,OI2209
2022-05-05 14:39:00,13627,13653,13627,13651,1110,162399,152447400.0,OI2209
2022-05-05 14:40:00,13648,13659,13645,13653,978,162319,132850180.0,OI2209
2022-05-05 14:41:00,13652,13657,13651,13653,475,162277,65231750.0,OI2209
2022-05-05 14:42:00,13653,13660,13651,13655,632,162157,86792560.0,OI2209
2022-05-05 14:43:00,13653,13658,13653,13656,241,162116,33096530.0,OI2209
2022-05-05 14:44:00,13657,13664,13655,13662,772,162030,104638440.0,OI2209
2022-05-05 14:45:00,13660,13663,13655,13658,474,161960,65089680.0,OI2209
2022-05-05 14:46:00,13658,13660,13653,13653,377,161854,51769640.0,OI2209
2022-05-05 14:47:00,13653,13657,13650,13652,536,161718,72916140.0,OI2209
2022-05-05 14:48:00,13651,13654,13650,13650,280,161674,38446800.0,OI2209
2022-05-05 14:49:00,13652,13652,13636,13641,1372,161189,188389320.0,OI2209
2022-05-05 14:50:00,13642,13647,13634,13639,412,161140,55047670.0,OI2209
2022-05-05 14:51:00,13638,13645,13627,13629,857,160934,117666100.0,OI2209
2022-05-05 14:52:00,13629,13633,13624,13626,884,160796,119831740.0,OI2209
2022-05-05 14:53:00,13627,13633,13626,13631,524,160705,71939960.0,OI2209
2022-05-05 14:54:00,13631,13633,13624,13631,329,160672,45168410.0,OI2209
2022-05-05 14:55:00,13629,13629,13616,13620,880,160610,119256410.0,OI2209
2022-05-05 14:56:00,13619,13624,13617,13619,417,160628,57245760.0,OI2209
2022-05-05 14:57:00,13619,13630,13618,13628,483,160548,65481480.0,OI2209
2022-05-05 14:58:00,13628,13651,13628,13648,941,160286,129171070.0,OI2209
2022-05-05 14:59:00,13648,13648,13632,13632,608,160033,83460160.0,OI2209
2022-05-05 21:00:00,13600,13658,13564,13658,6013,160360,818429430.0,OI2209
2022-05-05 21:01:00,13656,13661,13635,13655,2342,160541,319688670.0,OI2209
2022-05-05 21:02:00,13653,13671,13646,13661,2272,160567,310342000.0,OI2209
2022-05-05 21:03:00,13660,13668,13621,13662,1857,160520,253483620.0,OI2209
2022-05-05 21:04:00,13662,13667,13645,13651,937,160505,127875420.0,OI2209
2022-05-05 21:05:00,13653,13686,13653,13675,1764,160779,241263010.0,OI2209
2022-05-05 21:06:00,13672,13675,13661,13662,880,160849,120183850.0,OI2209
2022-05-05 21:07:00,13662,13674,13654,13666,782,160895,107001740.0,OI2209
2022-05-05 21:08:00,13667,13675,13663,13668,624,160970,85300790.0,OI2209
2022-05-05 21:09:00,13669,13671,13659,13670,510,161030,69579300.0,OI2209
2022-05-05 21:10:00,13670,13695,13666,13694,1155,161176,157959370.0,OI2209
2022-05-05 21:11:00,13692,13705,13685,13697,1311,161202,179703830.0,OI2209
2022-05-05 21:12:00,13700,13701,13686,13692,653,161289,89338970.0,OI2209
2022-05-05 21:13:00,13692,13710,13688,13708,810,161345,111003200.0,OI2209
2022-05-05 21:14:00,13706,13708,13697,13701,744,161462,102023960.0,OI2209
2022-05-05 21:15:00,13700,13723,13694,13719,1273,161559,174533230.0,OI2209
2022-05-05 21:16:00,13719,13719,13704,13712,786,161601,107591150.0,OI2209
2022-05-05 21:17:00,13713,13717,13708,13714,517,161618,70864160.0,OI2209
2022-05-05 21:18:00,13713,13714,13698,13703,652,161703,89574320.0,OI2209
2022-05-05 21:19:00,13703,13706,13691,13698,699,161666,95490390.0,OI2209
2022-05-05 21:20:00,13698,13714,13698,13701,1196,161786,163941100.0,OI2209
2022-05-05 21:21:00,13700,13708,13691,13693,1172,161955,160709340.0,OI2209
2022-05-05 21:22:00,13693,13694,13667,13676,1823,161614,249112950.0,OI2209
2022-05-05 21:23:00,13674,13677,13670,13675,392,161689,53878440.0,OI2209
2022-05-05 21:24:00,13672,13684,13671,13680,461,161623,63000260.0,OI2209
2022-05-05 21:25:00,13680,13686,13673,13682,278,161617,37991480.0,OI2209
2022-05-05 21:26:00,13682,13685,13669,13675,916,161598,125180560.0,OI2209
2022-05-05 21:27:00,13674,13677,13671,13674,236,161566,32251760.0,OI2209
2022-05-05 21:28:00,13671,13684,13670,13682,386,161557,52750760.0,OI2209
2022-05-05 21:29:00,13682,13689,13681,13682,353,161567,48578920.0,OI2209
2022-05-05 21:30:00,13684,13694,13676,13682,686,161630,93755620.0,OI2209
2022-05-05 21:31:00,13680,13682,13669,13678,450,161620,61501500.0,OI2209
2022-05-05 21:32:00,13676,13676,13663,13668,611,161624,83505370.0,OI2209
2022-05-05 21:33:00,13669,13674,13666,13671,301,161653,41137670.0,OI2209
2022-05-05 21:34:00,13669,13673,13664,13673,284,161699,38814280.0,OI2209
2022-05-05 21:35:00,13673,13677,13664,13670,547,161688,74758490.0,OI2209
2022-05-05 21:36:00,13670,13676,13668,13670,181,161687,24737270.0,OI2209
2022-05-05 21:37:00,13671,13673,13657,13658,845,161673,115486150.0,OI2209
2022-05-05 21:38:00,13661,13665,13657,13662,651,161597,88972170.0,OI2209
2022-05-05 21:39:00,13660,13667,13660,13660,261,161590,35670870.0,OI2209
2022-05-05 21:40:00,13659,13664,13655,13662,526,161580,71888420.0,OI2209
2022-05-05 21:41:00,13662,13671,13658,13667,574,161510,78448580.0,OI2209
2022-05-05 21:42:00,13668,13670,13663,13664,200,161486,27334000.0,OI2209
2022-05-05 21:43:00,13664,13680,13660,13675,468,161437,63961560.0,OI2209
2022-05-05 21:44:00,13675,13677,13669,13671,316,161397,43187720.0,OI2209
2022-05-05 21:45:00,13669,13677,13662,13672,291,161392,39770970.0,OI2209
2022-05-05 21:46:00,13672,13677,13672,13677,194,161381,26513980.0,OI2209
2022-05-05 21:47:00,13678,13679,13669,13670,198,161373,27060660.0,OI2209
2022-05-05 21:48:00,13673,13673,13665,13666,196,161362,26787320.0,OI2209
2022-05-05 21:49:00,13665,13669,13658,13668,374,161372,51114580.0,OI2209
2022-05-05 21:50:00,13666,13668,13655,13656,426,161390,58221420.0,OI2209
2022-05-05 21:51:00,13656,13660,13651,13657,558,161394,76261860.0,OI2209
2022-05-05 21:52:00,13657,13671,13657,13669,329,161332,44964430.0,OI2209
2022-05-05 21:53:00,13669,13677,13669,13673,305,161300,41684350.0,OI2209
2022-05-05 21:54:00,13673,13678,13671,13673,276,161264,37720920.0,OI2209
2022-05-05 21:55:00,13676,13684,13675,13684,347,161207,47424490.0,OI2209
2022-05-05 21:56:00,13683,13688,13678,13681,322,161162,44007740.0,OI2209
2022-05-05 21:57:00,13680,13681,13675,13675,150,161156,20500500.0,OI2209
2022-05-05 21:58:00,13675,13675,13666,13668,346,161147,47287820.0,OI2209
2022-05-05 21:59:00,13669,13671,13666,13669,175,161157,23917250.0,OI2209
2022-05-05 22:00:00,13670,13675,13670,13673,153,161164,20910510.0,OI2209
2022-05-05 22:01:00,13673,13675,13670,13670,178,161194,24327260.0,OI2209
2022-05-05 22:02:00,13670,13670,13658,13659,483,161098,66011610.0,OI2209
2022-05-05 22:03:00,13661,13665,13656,13658,251,161109,34304170.0,OI2209
2022-05-05 22:04:00,13657,13661,13644,13650,785,161060,107285950.0,OI2209
2022-05-05 22:05:00,13648,13652,13632,13642,822,161110,111864200.0,OI2209
2022-05-05 22:06:00,13644,13644,13637,13637,453,161164,61906980.0,OI2209
2022-05-05 22:07:00,13639,13651,13637,13646,623,161135,85139180.0,OI2209
2022-05-05 22:08:00,13646,13649,13641,13643,299,161066,40861340.0,OI2209
2022-05-05 22:09:00,13641,13641,13620,13625,1069,160920,145586560.0,OI2209
2022-05-05 22:10:00,13626,13636,13621,13630,725,160810,98796230.0,OI2209
2022-05-05 22:11:00,13630,13631,13616,13625,700,160885,95648000.0,OI2209
2022-05-05 22:12:00,13624,13624,13605,13612,936,161000,127368450.0,OI2209
2022-05-05 22:13:00,13612,13613,13582,13583,2357,160932,320386430.0,OI2209
2022-05-05 22:14:00,13582,13603,13581,13598,1165,160950,158303800.0,OI2209
2022-05-05 22:15:00,13597,13615,13596,13606,1052,160950,143682160.0,OI2209
2022-05-05 22:16:00,13606,13615,13604,13609,563,161048,76615970.0,OI2209
2022-05-05 22:17:00,13607,13618,13607,13616,625,161104,85356250.0,OI2209
2022-05-05 22:18:00,13614,13626,13613,13620,689,161116,93505630.0,OI2209
2022-05-05 22:19:00,13620,13633,13617,13621,667,161071,91085520.0,OI2209
2022-05-05 22:20:00,13622,13634,13621,13632,656,161071,89583360.0,OI2209
2022-05-05 22:21:00,13631,13634,13624,13626,365,161093,49236420.0,OI2209
2022-05-05 22:22:00,13628,13628,13616,13617,263,161095,35912650.0,OI2209
2022-05-05 22:23:00,13617,13619,13593,13599,1117,161002,151904570.0,OI2209
2022-05-05 22:24:00,13598,13607,13598,13600,507,161011,69225780.0,OI2209
2022-05-05 22:25:00,13598,13606,13596,13604,324,161027,44238960.0,OI2209
2022-05-05 22:26:00,13602,13612,13596,13597,521,160994,70502040.0,OI2209
2022-05-05 22:27:00,13597,13604,13594,13602,570,161057,77822100.0,OI2209
2022-05-05 22:28:00,13600,13605,13598,13605,314,161069,42226280.0,OI2209
2022-05-05 22:29:00,13605,13607,13594,13594,400,161072,54608000.0,OI2209
2022-05-05 22:30:00,13591,13602,13591,13597,557,161101,76041640.0,OI2209
2022-05-05 22:31:00,13597,13604,13577,13586,968,161099,131597730.0,OI2209
2022-05-05 22:32:00,13584,13599,13580,13597,491,161173,66358110.0,OI2209
2022-05-05 22:33:00,13597,13606,13597,13603,467,161205,63745500.0,OI2209
2022-05-05 22:34:00,13603,13614,13601,13610,428,161151,58422000.0,OI2209
2022-05-05 22:35:00,13610,13618,13607,13613,522,161177,70570530.0,OI2209
2022-05-05 22:36:00,13612,13617,13610,13614,324,161079,44222760.0,OI2209
2022-05-05 22:37:00,13614,13614,13607,13610,208,161065,28389920.0,OI2209
2022-05-05 22:38:00,13610,13615,13607,13609,202,161058,27570980.0,OI2209
2022-05-05 22:39:00,13609,13612,13606,13609,171,161027,23339790.0,OI2209
2022-05-05 22:40:00,13609,13609,13595,13596,379,161037,51729710.0,OI2209
2022-05-05 22:41:00,13598,13599,13592,13593,346,161040,46814820.0,OI2209
2022-05-05 22:42:00,13590,13601,13590,13599,342,161031,46676160.0,OI2209
2022-05-05 22:43:00,13600,13600,13581,13586,556,161074,75882880.0,OI2209
2022-05-05 22:44:00,13584,13595,13584,13594,490,161064,66162550.0,OI2209
2022-05-05 22:45:00,13593,13601,13591,13595,281,161026,38348070.0,OI2209
2022-05-05 22:46:00,13593,13602,13592,13596,327,160956,44625690.0,OI2209
2022-05-05 22:47:00,13596,13596,13577,13579,842,160958,114180590.0,OI2209
2022-05-05 22:48:00,13581,13590,13581,13586,420,160929,57313200.0,OI2209
2022-05-05 22:49:00,13584,13588,13573,13587,474,160919,63945950.0,OI2209
2022-05-05 22:50:00,13587,13587,13581,13582,367,160877,50077150.0,OI2209
2022-05-05 22:51:00,13581,13588,13574,13582,449,160768,61266050.0,OI2209
2022-05-05 22:52:00,13582,13582,13575,13577,374,160749,50348310.0,OI2209
2022-05-05 22:53:00,13575,13577,13562,13565,848,160724,115701120.0,OI2209
2022-05-05 22:54:00,13565,13578,13563,13578,558,160749,75371470.0,OI2209
2022-05-05 22:55:00,13578,13584,13573,13575,465,160732,63439950.0,OI2209
2022-05-05 22:56:00,13574,13582,13573,13579,287,160718,38385840.0,OI2209
2022-05-05 22:57:00,13579,13584,13576,13580,551,160694,75167420.0,OI2209
2022-05-05 22:58:00,13581,13586,13576,13586,330,160594,45018600.0,OI2209
2022-05-05 22:59:00,13586,13587,13580,13587,470,160351,63334320.0,OI2209
2022-05-06 09:00:00,13572,13589,13537,13549,2063,160281,279806410.0,OI2209
2022-05-06 09:01:00,13547,13551,13531,13540,1746,160141,237039490.0,OI2209
2022-05-06 09:02:00,13543,13568,13541,13568,991,160179,134320440.0,OI2209
2022-05-06 09:03:00,13568,13587,13563,13582,957,160179,129655870.0,OI2209
2022-05-06 09:04:00,13582,13582,13552,13558,782,160184,106625700.0,OI2209
2022-05-06 09:05:00,13560,13567,13537,13546,1291,160288,174611330.0,OI2209
2022-05-06 09:06:00,13547,13547,13521,13532,1426,160408,193530940.0,OI2209
2022-05-06 09:07:00,13531,13539,13513,13516,1074,160433,145521300.0,OI2209
2022-05-06 09:08:00,13515,13533,13513,13530,885,160473,119465980.0,OI2209
2022-05-06 09:09:00,13529,13543,13529,13539,622,160524,84772380.0,OI2209
2022-05-06 09:10:00,13537,13542,13530,13534,524,160583,70509270.0,OI2209
2022-05-06 09:11:00,13533,13550,13528,13548,471,160608,64187880.0,OI2209
2022-05-06 09:12:00,13546,13546,13526,13531,347,160556,46607520.0,OI2209
2022-05-06 09:13:00,13530,13535,13525,13528,419,160543,57097130.0,OI2209
2022-05-06 09:14:00,13527,13539,13522,13527,353,160491,48103310.0,OI2209
2022-05-06 09:15:00,13528,13546,13519,13541,762,160474,103422800.0,OI2209
2022-05-06 09:16:00,13542,13547,13539,13546,399,160468,54367740.0,OI2209
2022-05-06 09:17:00,13547,13549,13543,13546,380,160480,50840800.0,OI2209
2022-05-06 09:18:00,13546,13555,13535,13555,419,160526,57088750.0,OI2209
2022-05-06 09:19:00,13555,13571,13551,13568,699,160452,94828360.0,OI2209
2022-05-06 09:20:00,13570,13570,13552,13553,390,160394,53133600.0,OI2209
2022-05-06 09:21:00,13553,13556,13548,13549,279,160381,38010960.0,OI2209
2022-05-06 09:22:00,13551,13553,13541,13541,223,160345,30381520.0,OI2209
2022-05-06 09:23:00,13541,13551,13540,13547,289,160364,39373360.0,OI2209
2022-05-06 09:24:00,13547,13547,13535,13538,411,160361,55029540.0,OI2209
2022-05-06 09:25:00,13538,13538,13528,13537,460,160327,62665800.0,OI2209
2022-05-06 09:26:00,13536,13540,13525,13526,479,160412,64279680.0,OI2209
2022-05-06 09:27:00,13526,13539,13523,13535,592,160530,80642240.0,OI2209
2022-05-06 09:28:00,13537,13539,13528,13528,376,160611,50234550.0,OI2209
2022-05-06 09:29:00,13529,13550,13527,13550,678,160619,92350380.0,OI2209
2022-05-06 09:30:00,13549,13549,13529,13533,564,160549,75867580.0,OI2209
2022-05-06 09:31:00,13533,13537,13528,13537,212,160547,28874400.0,OI2209
2022-05-06 09:32:00,13535,13537,13527,13532,225,160552,30645000.0,OI2209
2022-05-06 09:33:00,13524,13533,13524,13531,162,160530,22064400.0,OI2209
2022-05-06 09:34:00,13530,13531,13520,13524,380,160510,50749620.0,OI2209
2022-05-06 09:35:00,13524,13525,13505,13508,712,160465,96967280.0,OI2209
2022-05-06 09:36:00,13505,13518,13502,13518,578,160594,78578010.0,OI2209
2022-05-06 09:37:00,13517,13520,13511,13515,249,160635,33908820.0,OI2209
2022-05-06 09:38:00,13509,13510,13505,13505,302,160673,41126360.0,OI2209
2022-05-06 09:39:00,13505,13514,13494,13512,813,160686,109681420.0,OI2209
2022-05-06 09:40:00,13509,13511,13507,13509,289,160714,38398600.0,OI2209
2022-05-06 09:41:00,13509,13528,13509,13523,593,160681,80742880.0,OI2209
2022-05-06 09:42:00,13525,13534,13520,13523,526,160658,70573160.0,OI2209
2022-05-06 09:43:00,13526,13529,13521,13528,155,160654,21103250.0,OI2209
2022-05-06 09:44:00,13529,13529,13517,13519,135,160644,18380250.0,OI2209
2022-05-06 09:45:00,13519,13524,13517,13518,198,160628,26957700.0,OI2209
2022-05-06 09:46:00,13517,13523,13513,13523,199,160568,27093850.0,OI2209
2022-05-06 09:47:00,13521,13525,13519,13523,122,160542,16610300.0,OI2209
2022-05-06 09:48:00,13522,13529,13521,13529,158,160532,21511700.0,OI2209
2022-05-06 09:49:00,13530,13537,13523,13537,326,160491,43837240.0,OI2209
2022-05-06 09:50:00,13539,13540,13529,13537,433,160414,58948620.0,OI2209
2022-05-06 09:51:00,13537,13540,13534,13535,185,160401,25185900.0,OI2209
2022-05-06 09:52:00,13534,13545,13528,13543,437,160343,58422700.0,OI2209
2022-05-06 09:53:00,13540,13555,13535,13552,568,160241,77321840.0,OI2209
2022-05-06 09:54:00,13553,13560,13548,13554,405,160226,55132650.0,OI2209
2022-05-06 09:55:00,13557,13562,13551,13553,356,160155,48462280.0,OI2209
2022-05-06 09:56:00,13553,13555,13545,13548,247,160115,33624110.0,OI2209
2022-05-06 09:57:00,13548,13550,13546,13549,108,160100,14702040.0,OI2209
2022-05-06 09:58:00,13549,13566,13548,13566,391,160077,52135600.0,OI2209
2022-05-06 09:59:00,13566,13593,13557,13577,1280,160047,174233600.0,OI2209
2022-05-06 10:00:00,13579,13582,13568,13570,556,160014,75682720.0,OI2209
2022-05-06 10:01:00,13567,13573,13567,13571,330,160033,44919600.0,OI2209
2022-05-06 10:02:00,13572,13584,13571,13575,387,159954,52678440.0,OI2209
2022-05-06 10:03:00,13575,13577,13566,13566,274,159900,37158330.0,OI2209
2022-05-06 10:04:00,13568,13570,13563,13566,254,159852,34571940.0,OI2209
2022-05-06 10:05:00,13564,13582,13564,13580,296,159859,40288560.0,OI2209
2022-05-06 10:06:00,13582,13586,13574,13577,362,159861,49271820.0,OI2209
2022-05-06 10:07:00,13577,13589,13572,13579,277,159817,37702470.0,OI2209
2022-05-06 10:08:00,13579,13586,13573,13578,285,159783,38791350.0,OI2209
2022-05-06 10:09:00,13577,13580,13573,13575,123,159778,16741530.0,OI2209
2022-05-06 10:10:00,13575,13576,13568,13568,205,159761,27902550.0,OI2209
2022-05-06 10:11:00,13567,13573,13567,13571,114,159760,15516540.0,OI2209
2022-05-06 10:12:00,13571,13571,13566,13570,137,159736,18647070.0,OI2209
2022-05-06 10:13:00,13570,13573,13562,13571,263,159670,35796930.0,OI2209
2022-05-06 10:14:00,13572,13580,13571,13580,134,159638,18238740.0,OI2209
2022-05-06 10:30:00,13581,13592,13578,13586,661,159647,88818100.0,OI2209
2022-05-06 10:31:00,13586,13595,13581,13582,448,159571,60972800.0,OI2209
2022-05-06 10:32:00,13582,13582,13565,13570,521,159521,70908100.0,OI2209
2022-05-06 10:33:00,13571,13571,13555,13565,543,159429,73902300.0,OI2209
2022-05-06 10:34:00,13565,13567,13551,13554,287,159406,39060700.0,OI2209
2022-05-06 10:35:00,13554,13557,13542,13553,532,159416,72405200.0,OI2209
2022-05-06 10:36:00,13554,13562,13546,13549,268,159401,36065810.0,OI2209
2022-05-06 10:37:00,13550,13555,13540,13546,309,159402,42051810.0,OI2209
2022-05-06 10:38:00,13546,13546,13529,13536,553,159377,75257770.0,OI2209
2022-05-06 10:39:00,13534,13534,13525,13534,637,159436,86689330.0,OI2209
2022-05-06 10:40:00,13532,13541,13530,13537,430,159425,57322810.0,OI2209
2022-05-06 10:41:00,13538,13538,13526,13526,304,159380,41368320.0,OI2209
2022-05-06 10:42:00,13528,13534,13516,13527,677,159357,92126160.0,OI2209
2022-05-06 10:43:00,13526,13529,13522,13525,332,159343,43969540.0,OI2209
2022-05-06 10:44:00,13526,13535,13524,13534,257,159401,34969990.0,OI2209
2022-05-06 10:45:00,13532,13535,13522,13530,398,159319,54155860.0,OI2209
2022-05-06 10:46:00,13528,13532,13523,13529,197,159342,26805790.0,OI2209
2022-05-06 10:47:00,13529,13535,13525,13530,269,159360,36602830.0,OI2209
2022-05-06 10:48:00,13528,13538,13523,13535,346,159343,45856530.0,OI2209
2022-05-06 10:49:00,13533,13542,13533,13539,195,159372,26531700.0,OI2209
2022-05-06 10:50:00,13539,13540,13532,13538,301,159223,40954060.0,OI2209
2022-05-06 10:51:00,13537,13538,13523,13526,318,159190,43267080.0,OI2209
2022-05-06 10:52:00,13525,13527,13518,13523,273,159210,37144380.0,OI2209
2022-05-06 10:53:00,13523,13530,13521,13525,216,159213,29388960.0,OI2209
2022-05-06 10:54:00,13525,13529,13522,13524,128,159240,17415680.0,OI2209
2022-05-06 10:55:00,13525,13531,13523,13529,76,159243,10340560.0,OI2209
2022-05-06 10:56:00,13528,13535,13528,13533,122,159235,15509860.0,OI2209
2022-05-06 10:57:00,13535,13548,13533,13543,409,159181,55644450.0,OI2209
2022-05-06 10:58:00,13541,13581,13539,13580,1164,159389,158362200.0,OI2209
2022-05-06 10:59:00,13581,13593,13576,13592,1153,159598,156865650.0,OI2209
2022-05-06 11:00:00,13591,13594,13578,13581,825,159645,112241250.0,OI2209
2022-05-06 11:01:00,13583,13590,13578,13582,317,159671,42718980.0,OI2209
2022-05-06 11:02:00,13582,13583,13577,13580,256,159675,34826240.0,OI2209
2022-05-06 11:03:00,13582,13593,13580,13587,513,159662,69788520.0,OI2209
2022-05-06 11:04:00,13586,13589,13572,13575,489,159639,66523560.0,OI2209
2022-05-06 11:05:00,13576,13577,13566,13576,408,159695,55504320.0,OI2209
2022-05-06 11:06:00,13579,13581,13572,13576,217,159734,29520680.0,OI2209
2022-05-06 11:07:00,13578,13581,13556,13568,533,159722,72509320.0,OI2209
2022-05-06 11:08:00,13567,13572,13564,13572,226,159708,30745040.0,OI2209
2022-05-06 11:09:00,13570,13574,13566,13570,188,159781,25575520.0,OI2209
2022-05-06 11:10:00,13570,13574,13556,13560,329,159793,44757160.0,OI2209
2022-05-06 11:11:00,13560,13564,13553,13553,306,159780,41628240.0,OI2209
2022-05-06 11:12:00,13552,13553,13536,13544,628,159682,84613990.0,OI2209
2022-05-06 11:13:00,13547,13549,13542,13544,221,159686,30062630.0,OI2209
2022-05-06 11:14:00,13545,13552,13544,13545,208,159668,28294240.0,OI2209
2022-05-06 11:15:00,13545,13547,13537,13546,317,159583,43121510.0,OI2209
2022-05-06 11:16:00,13546,13551,13544,13545,136,159542,18500080.0,OI2209
2022-05-06 11:17:00,13545,13549,13542,13548,152,159498,20676560.0,OI2209
2022-05-06 11:18:00,13546,13548,13538,13541,239,159407,32511170.0,OI2209
2022-05-06 11:19:00,13540,13548,13537,13543,151,159378,20540530.0,OI2209
2022-05-06 11:20:00,13543,13549,13541,13549,132,159381,17955960.0,OI2209
2022-05-06 11:21:00,13546,13549,13528,13531,307,159374,41761210.0,OI2209
2022-05-06 11:22:00,13530,13533,13522,13532,388,159401,51437540.0,OI2209
2022-05-06 11:23:00,13532,13536,13527,13527,158,159428,21491160.0,OI2209
2022-05-06 11:24:00,13528,13536,13522,13536,238,159431,32372760.0,OI2209
2022-05-06 11:25:00,13534,13539,13528,13536,341,159417,46382820.0,OI2209
2022-05-06 11:26:00,13536,13538,13520,13525,464,159461,63113280.0,OI2209
2022-05-06 11:27:00,13524,13528,13520,13522,519,159282,69911790.0,OI2209
2022-05-06 11:28:00,13521,13524,13519,13520,273,159297,37130730.0,OI2209
2022-05-06 11:29:00,13520,13529,13518,13525,375,159266,51003750.0,OI2209
2022-05-06 13:30:00,13518,13533,13506,13530,1405,159126,189714220.0,OI2209
2022-05-06 13:31:00,13526,13537,13525,13533,557,159128,75752000.0,OI2209
2022-05-06 13:32:00,13535,13535,13521,13527,480,159181,65280000.0,OI2209
2022-05-06 13:33:00,13527,13527,13516,13518,414,159198,54909660.0,OI2209
2022-05-06 13:34:00,13518,13518,13505,13511,585,159240,79554150.0,OI2209
2022-05-06 13:35:00,13511,13517,13506,13507,535,159194,72754650.0,OI2209
2022-05-06 13:36:00,13506,13511,13501,13506,514,159233,68488180.0,OI2209
2022-05-06 13:37:00,13505,13515,13505,13511,256,159210,34810880.0,OI2209
2022-05-06 13:38:00,13511,13513,13502,13505,454,159226,61734920.0,OI2209
2022-05-06 13:39:00,13504,13508,13502,13506,310,159233,42153800.0,OI2209
2022-05-06 13:40:00,13508,13513,13506,13507,258,159236,35082840.0,OI2209
2022-05-06 13:41:00,13508,13508,13494,13501,841,159297,112927310.0,OI2209
2022-05-06 13:42:00,13501,13511,13499,13509,381,159301,51804570.0,OI2209
2022-05-06 13:43:00,13509,13517,13507,13515,369,159321,49764640.0,OI2209
2022-05-06 13:44:00,13515,13518,13512,13513,220,159317,29911200.0,OI2209
2022-05-06 13:45:00,13512,13515,13504,13505,274,159334,37253040.0,OI2209
2022-05-06 13:46:00,13507,13515,13504,13514,230,159360,31270800.0,OI2209
2022-05-06 13:47:00,13519,13522,13514,13521,392,159289,53296320.0,OI2209
2022-05-06 13:48:00,13521,13525,13515,13516,269,159289,36573240.0,OI2209
2022-05-06 13:49:00,13515,13517,13509,13510,198,159327,26920080.0,OI2209
2022-05-06 13:50:00,13510,13513,13507,13509,233,159399,30221150.0,OI2209
2022-05-06 13:51:00,13509,13509,13504,13504,264,159427,35890800.0,OI2209
2022-05-06 13:52:00,13505,13520,13504,13516,372,159478,50573400.0,OI2209
2022-05-06 13:53:00,13516,13525,13515,13516,365,159491,49621750.0,OI2209
2022-05-06 13:54:00,13516,13519,13506,13510,628,159473,85376600.0,OI2209
2022-05-06 13:55:00,13511,13517,13508,13509,390,159410,52881260.0,OI2209
2022-05-06 13:56:00,13509,13510,13503,13508,337,159426,45811780.0,OI2209
2022-05-06 13:57:00,13509,13514,13507,13512,157,159411,21342580.0,OI2209
2022-05-06 13:58:00,13510,13520,13509,13511,243,159372,33033420.0,OI2209
2022-05-06 13:59:00,13511,13513,13507,13512,200,159428,27188000.0,OI2209
2022-05-06 14:00:00,13511,13515,13508,13512,213,159425,28955220.0,OI2209
2022-05-06 14:01:00,13513,13513,13504,13506,323,159404,42956740.0,OI2209
2022-05-06 14:02:00,13507,13510,13501,13501,530,159343,72042900.0,OI2209
2022-05-06 14:03:00,13499,13508,13498,13508,456,159268,61984080.0,OI2209
2022-05-06 14:04:00,13506,13513,13506,13509,136,159282,18486480.0,OI2209
2022-05-06 14:05:00,13509,13514,13504,13511,429,159374,58313970.0,OI2209
2022-05-06 14:06:00,13511,13526,13511,13526,643,159389,86174710.0,OI2209
2022-05-06 14:07:00,13526,13540,13525,13538,829,159278,112677680.0,OI2209
2022-05-06 14:08:00,13537,13544,13529,13538,697,159329,94736240.0,OI2209
2022-05-06 14:09:00,13541,13546,13537,13538,416,159353,56542720.0,OI2209
2022-05-06 14:10:00,13538,13555,13538,13553,826,159405,110727850.0,OI2209
2022-05-06 14:11:00,13553,13553,13544,13549,395,159439,53684450.0,OI2209
2022-05-06 14:12:00,13549,13553,13540,13550,496,159531,67411360.0,OI2209
2022-05-06 14:13:00,13550,13556,13550,13550,257,159569,34928870.0,OI2209
2022-05-06 14:14:00,13550,13552,13545,13549,298,159616,40501180.0,OI2209
2022-05-06 14:15:00,13548,13559,13548,13559,454,159742,61703140.0,OI2209
2022-05-06 14:16:00,13559,13560,13550,13553,224,159790,30443840.0,OI2209
2022-05-06 14:17:00,13552,13564,13552,13558,284,159823,38598440.0,OI2209
2022-05-06 14:18:00,13558,13561,13551,13555,183,159862,24871530.0,OI2209
2022-05-06 14:19:00,13554,13554,13537,13544,458,159813,62246780.0,OI2209
2022-05-06 14:20:00,13545,13547,13540,13543,238,159811,31122010.0,OI2209
2022-05-06 14:21:00,13543,13549,13543,13548,165,159814,22423500.0,OI2209
2022-05-06 14:22:00,13548,13554,13548,13549,149,159800,20249100.0,OI2209
2022-05-06 14:23:00,13549,13549,13542,13544,167,159824,22695300.0,OI2209
2022-05-06 14:24:00,13543,13545,13538,13541,204,159835,27723600.0,OI2209
2022-05-06 14:25:00,13542,13546,13541,13544,113,159867,15356700.0,OI2209
2022-05-06 14:26:00,13543,13547,13537,13537,182,159865,24733800.0,OI2209
2022-05-06 14:27:00,13538,13540,13532,13535,244,159846,33159600.0,OI2209
2022-05-06 14:28:00,13535,13539,13533,13533,169,159875,22967100.0,OI2209
2022-05-06 14:29:00,13533,13538,13533,13537,174,159817,23646600.0,OI2209
2022-05-06 14:30:00,13536,13555,13535,13553,552,159803,75016800.0,OI2209
2022-05-06 14:31:00,13551,13557,13549,13557,207,159819,28131300.0,OI2209
2022-05-06 14:32:00,13558,13562,13554,13556,261,159851,35469900.0,OI2209
2022-05-06 14:33:00,13556,13560,13553,13555,199,159868,27044100.0,OI2209
2022-05-06 14:34:00,13555,13564,13554,13561,214,159846,29082600.0,OI2209
2022-05-06 14:35:00,13561,13562,13551,13551,192,159849,26092800.0,OI2209
2022-05-06 14:36:00,13551,13554,13546,13550,274,159879,37236600.0,OI2209
2022-05-06 14:37:00,13549,13556,13549,13556,165,159877,22151320.0,OI2209
2022-05-06 14:38:00,13557,13558,13552,13553,101,159854,13724890.0,OI2209
2022-05-06 14:39:00,13550,13553,13545,13545,134,159826,18209260.0,OI2209
2022-05-06 14:40:00,13546,13549,13541,13546,192,159794,26090880.0,OI2209
2022-05-06 14:41:00,13548,13550,13543,13546,207,159761,28129230.0,OI2209
2022-05-06 14:42:00,13548,13549,13544,13547,97,159731,13181330.0,OI2209
2022-05-06 14:43:00,13547,13553,13546,13550,136,159697,18481040.0,OI2209
2022-05-06 14:44:00,13541,13550,13538,13544,482,159599,65498980.0,OI2209
2022-05-06 14:45:00,13544,13547,13540,13541,231,159534,31390590.0,OI2209
2022-05-06 14:46:00,13539,13541,13532,13536,365,159526,49599850.0,OI2209
2022-05-06 14:47:00,13536,13542,13533,13540,263,159489,35739070.0,OI2209
2022-05-06 14:48:00,13540,13544,13534,13539,268,159425,36418520.0,OI2209
2022-05-06 14:49:00,13539,13539,13531,13537,250,159383,33972500.0,OI2209
2022-05-06 14:50:00,13538,13538,13531,13535,282,159362,38320980.0,OI2209
2022-05-06 14:51:00,13533,13538,13532,13536,309,159428,41990010.0,OI2209
2022-05-06 14:52:00,13541,13550,13537,13539,426,159403,56240460.0,OI2209
2022-05-06 14:53:00,13540,13543,13537,13543,207,159409,28127160.0,OI2209
2022-05-06 14:54:00,13543,13544,13540,13543,173,159388,23507240.0,OI2209
2022-05-06 14:55:00,13543,13546,13540,13541,349,159339,47422120.0,OI2209
2022-05-06 14:56:00,13541,13543,13535,13535,436,159332,59243680.0,OI2209
2022-05-06 14:57:00,13535,13539,13534,13539,239,159303,32475320.0,OI2209
2022-05-06 14:58:00,13539,13544,13535,13536,364,159160,49460320.0,OI2209
2022-05-06 14:59:00,13538,13540,13535,13539,605,158921,82207400.0,OI2209
2022-05-06 21:00:00,13539,13548,13515,13536,3238,159307,438166160.0,OI2209
2022-05-06 21:01:00,13536,13562,13536,13548,1674,159525,226820400.0,OI2209
2022-05-06 21:02:00,13548,13558,13544,13549,661,159661,89597640.0,OI2209
2022-05-06 21:03:00,13548,13552,13535,13551,636,159668,86114400.0,OI2209
2022-05-06 21:04:00,13551,13566,13546,13561,821,159812,111304000.0,OI2209
2022-05-06 21:05:00,13560,13560,13549,13552,682,159864,92433560.0,OI2209
2022-05-06 21:06:00,13545,13562,13540,13561,1092,160030,147977600.0,OI2209
2022-05-06 21:07:00,13560,13576,13560,13560,1444,160142,195882800.0,OI2209
2022-05-06 21:08:00,13562,13564,13547,13553,967,160198,131111640.0,OI2209
2022-05-06 21:09:00,13551,13558,13547,13556,580,160285,78578400.0,OI2209
2022-05-06 21:10:00,13554,13555,13520,13524,1786,160178,241695660.0,OI2209
2022-05-06 21:11:00,13524,13539,13524,13536,639,160170,86558940.0,OI2209
2022-05-06 21:12:00,13537,13537,13521,13524,416,160243,56205000.0,OI2209
2022-05-06 21:13:00,13522,13530,13522,13524,452,160270,61223400.0,OI2209
2022-05-06 21:14:00,13525,13525,13507,13511,1025,160282,138513990.0,OI2209
2022-05-06 21:15:00,13512,13521,13506,13508,722,160362,97612110.0,OI2209
2022-05-06 21:16:00,13506,13510,13468,13468,1475,160405,199012100.0,OI2209
2022-05-06 21:17:00,13470,13490,13455,13485,3107,160260,418483960.0,OI2209
2022-05-06 21:18:00,13486,13494,13471,13479,1223,160395,164994640.0,OI2209
2022-05-06 21:19:00,13484,13494,13480,13489,909,160444,122480360.0,OI2209
2022-05-06 21:20:00,13486,13504,13484,13501,1137,160463,153521020.0,OI2209
2022-05-06 21:21:00,13501,13510,13495,13502,599,160538,81002770.0,OI2209
2022-05-06 21:22:00,13502,13517,13498,13517,665,160521,89668450.0,OI2209
2022-05-06 21:23:00,13515,13516,13509,13513,451,160516,60984220.0,OI2209
2022-05-06 21:24:00,13512,13517,13510,13512,377,160546,50977940.0,OI2209
2022-05-06 21:25:00,13512,13515,13496,13498,480,160484,64905600.0,OI2209
2022-05-06 21:26:00,13495,13501,13478,13483,797,160447,107489790.0,OI2209
2022-05-06 21:27:00,13478,13503,13476,13503,597,160487,80433850.0,OI2209
2022-05-06 21:28:00,13501,13505,13496,13496,377,160463,50970400.0,OI2209
2022-05-06 21:29:00,13495,13514,13495,13512,459,160472,62056800.0,OI2209
2022-05-06 21:30:00,13513,13531,13508,13530,1352,160394,182790400.0,OI2209
2022-05-06 21:31:00,13528,13531,13518,13526,462,160414,62462400.0,OI2209
2022-05-06 21:32:00,13527,13533,13520,13520,272,160434,36774400.0,OI2209
2022-05-06 21:33:00,13519,13535,13519,13532,459,160434,62056800.0,OI2209
2022-05-06 21:34:00,13532,13536,13525,13531,528,160447,71385600.0,OI2209
2022-05-06 21:35:00,13528,13535,13517,13521,595,160385,80444000.0,OI2209
2022-05-06 21:36:00,13522,13522,13512,13517,333,160371,45021600.0,OI2209
2022-05-06 21:37:00,13517,13520,13504,13508,315,160309,42588000.0,OI2209
2022-05-06 21:38:00,13509,13510,13497,13504,531,160361,71791200.0,OI2209
2022-05-06 21:39:00,13502,13508,13496,13500,469,160349,63408800.0,OI2209
2022-05-06 21:40:00,13499,13501,13490,13495,507,160318,68193290.0,OI2209
2022-05-06 21:41:00,13495,13495,13478,13480,788,160227,106529720.0,OI2209
2022-05-06 21:42:00,13480,13491,13478,13486,559,160164,75297060.0,OI2209
2022-05-06 21:43:00,13485,13486,13479,13480,361,160175,48799980.0,OI2209
2022-05-06 21:44:00,13479,13483,13473,13478,691,160199,93032280.0,OI2209
2022-05-06 21:45:00,13478,13484,13474,13478,639,160156,85990140.0,OI2209
2022-05-06 21:46:00,13478,13482,13475,13480,273,160135,36898680.0,OI2209
2022-05-06 21:47:00,13479,13480,13464,13466,726,160172,97732680.0,OI2209
2022-05-06 21:48:00,13466,13473,13466,13469,342,160158,46221300.0,OI2209
2022-05-06 21:49:00,13469,13478,13468,13475,266,160114,35949900.0,OI2209
2022-05-06 21:50:00,13475,13486,13470,13485,500,160039,67170440.0,OI2209
2022-05-06 21:51:00,13483,13487,13479,13480,322,160086,43515080.0,OI2209
2022-05-06 21:52:00,13479,13479,13464,13464,540,160132,72562420.0,OI2209
2022-05-06 21:53:00,13466,13466,13453,13458,886,160134,119303140.0,OI2209
2022-05-06 21:54:00,13458,13467,13455,13464,294,160139,39725280.0,OI2209
2022-05-06 21:55:00,13464,13479,13464,13477,458,160095,61455400.0,OI2209
2022-05-06 21:56:00,13476,13477,13466,13470,281,160090,37965910.0,OI2209
2022-05-06 21:57:00,13471,13481,13468,13473,305,160143,41208550.0,OI2209
2022-05-06 21:58:00,13472,13482,13472,13476,363,160089,49044930.0,OI2209
2022-05-06 21:59:00,13477,13482,13470,13472,335,160077,44819450.0,OI2209
2022-05-06 22:00:00,13468,13494,13462,13487,885,159894,119563500.0,OI2209
2022-05-06 22:01:00,13486,13488,13482,13485,400,159892,54040000.0,OI2209
2022-05-06 22:02:00,13485,13490,13482,13484,229,159928,30937900.0,OI2209
2022-05-06 22:03:00,13483,13485,13471,13473,285,159882,38043110.0,OI2209
2022-05-06 22:04:00,13473,13476,13471,13474,179,159896,24181110.0,OI2209
2022-05-06 22:05:00,13474,13494,13474,13494,537,159929,72543330.0,OI2209
2022-05-06 22:06:00,13494,13529,13489,13510,1849,160224,249781410.0,OI2209
2022-05-06 22:07:00,13509,13519,13507,13512,602,160218,81324180.0,OI2209
2022-05-06 22:08:00,13512,13517,13506,13508,397,160187,53630730.0,OI2209
2022-05-06 22:09:00,13507,13509,13499,13507,472,160252,63762480.0,OI2209
2022-05-06 22:10:00,13507,13507,13498,13500,326,160298,44039340.0,OI2209
2022-05-06 22:11:00,13501,13507,13496,13497,186,160344,25126740.0,OI2209
2022-05-06 22:12:00,13495,13497,13481,13492,557,160242,75245130.0,OI2209
2022-05-06 22:13:00,13490,13490,13479,13488,387,160242,52279830.0,OI2209
2022-05-06 22:14:00,13486,13494,13481,13490,291,160334,39311190.0,OI2209
2022-05-06 22:15:00,13488,13506,13488,13504,436,160350,58376660.0,OI2209
2022-05-06 22:16:00,13504,13516,13503,13515,551,160439,74957170.0,OI2209
2022-05-06 22:17:00,13517,13524,13513,13516,638,160558,86187420.0,OI2209
2022-05-06 22:18:00,13517,13517,13509,13516,385,160617,52009650.0,OI2209
2022-05-06 22:19:00,13516,13527,13515,13519,494,160609,66734460.0,OI2209
2022-05-06 22:20:00,13521,13525,13514,13524,618,160719,83485620.0,OI2209
2022-05-06 22:21:00,13526,13526,13514,13518,182,160724,24586380.0,OI2209
2022-05-06 22:22:00,13517,13520,13509,13511,201,160726,27153090.0,OI2209
2022-05-06 22:23:00,13511,13512,13507,13509,260,160779,35123400.0,OI2209
2022-05-06 22:24:00,13512,13513,13498,13502,409,160774,55251810.0,OI2209
2022-05-06 22:25:00,13502,13509,13498,13499,298,160777,40256820.0,OI2209
2022-05-06 22:26:00,13499,13508,13497,13506,169,160765,22830210.0,OI2209
2022-05-06 22:27:00,13505,13509,13505,13507,160,160766,21614400.0,OI2209
2022-05-06 22:28:00,13508,13517,13507,13511,189,160771,25532010.0,OI2209
2022-05-06 22:29:00,13512,13517,13506,13506,190,160785,25667100.0,OI2209
2022-05-06 22:30:00,13506,13508,13502,13507,238,160800,32151420.0,OI2209
2022-05-06 22:31:00,13508,13519,13507,13517,207,160766,27963630.0,OI2209
2022-05-06 22:32:00,13517,13523,13515,13518,253,160762,34177770.0,OI2209
2022-05-06 22:33:00,13519,13529,13518,13518,502,160761,67815180.0,OI2209
2022-05-06 22:34:00,13518,13518,13511,13511,199,160739,26882910.0,OI2209
2022-05-06 22:35:00,13511,13514,13508,13510,263,160730,35528670.0,OI2209
2022-05-06 22:36:00,13511,13516,13509,13509,138,160692,18642420.0,OI2209
2022-05-06 22:37:00,13508,13515,13505,13514,260,160663,35123400.0,OI2209
2022-05-06 22:38:00,13513,13517,13511,13515,114,160643,15400260.0,OI2209
2022-05-06 22:39:00,13514,13519,13514,13515,188,160654,25396920.0,OI2209
2022-05-06 22:40:00,13516,13545,13516,13544,1168,160774,158390440.0,OI2209
2022-05-06 22:41:00,13547,13549,13534,13535,736,160832,99433600.0,OI2209
2022-05-06 22:42:00,13534,13535,13531,13533,250,160794,33775000.0,OI2209
2022-05-06 22:43:00,13535,13540,13531,13535,323,160790,43637300.0,OI2209
2022-05-06 22:44:00,13536,13536,13527,13532,246,160712,33234600.0,OI2209
2022-05-06 22:45:00,13533,13545,13531,13543,363,160712,49041300.0,OI2209
2022-05-06 22:46:00,13544,13545,13534,13540,365,160669,49939650.0,OI2209
2022-05-06 22:47:00,13538,13540,13535,13539,210,160706,28373100.0,OI2209
2022-05-06 22:48:00,13536,13544,13536,13542,246,160672,33237060.0,OI2209
2022-05-06 22:49:00,13540,13544,13527,13530,618,160609,83497980.0,OI2209
2022-05-06 22:50:00,13529,13534,13526,13528,231,160635,31210410.0,OI2209
2022-05-06 22:51:00,13528,13532,13526,13528,293,160599,39587230.0,OI2209
2022-05-06 22:52:00,13527,13530,13526,13530,119,160591,16078090.0,OI2209
2022-05-06 22:53:00,13531,13540,13529,13538,304,160562,41073440.0,OI2209
2022-05-06 22:54:00,13538,13545,13536,13543,289,160544,39698040.0,OI2209
2022-05-06 22:55:00,13543,13565,13538,13564,940,160607,127012800.0,OI2209
2022-05-06 22:56:00,13561,13574,13558,13565,920,160605,124980250.0,OI2209
2022-05-06 22:57:00,13567,13585,13560,13563,1271,160541,172432790.0,OI2209
2022-05-06 22:58:00,13560,13566,13554,13557,870,160178,118263060.0,OI2209
2022-05-06 22:59:00,13558,13572,13556,13570,662,159957,89469300.0,OI2209
2022-05-09 09:00:00,13564,13564,13497,13512,2643,159943,357201450.0,OI2209
2022-05-09 09:01:00,13514,13515,13505,13511,1014,159825,137042100.0,OI2209
2022-05-09 09:02:00,13509,13524,13508,13516,729,159751,98524350.0,OI2209
2022-05-09 09:03:00,13514,13522,13514,13514,475,159636,64196250.0,OI2209
2022-05-09 09:04:00,13514,13520,13497,13502,864,159570,116769600.0,OI2209
2022-05-09 09:05:00,13500,13503,13490,13500,994,159416,134339100.0,OI2209
2022-05-09 09:06:00,13500,13505,13496,13505,589,159376,79603350.0,OI2209
2022-05-09 09:07:00,13503,13515,13497,13513,473,159320,63925950.0,OI2209
2022-05-09 09:08:00,13514,13519,13513,13517,333,159261,45004950.0,OI2209
2022-05-09 09:09:00,13515,13516,13502,13506,386,159225,52167900.0,OI2209
2022-05-09 09:10:00,13504,13507,13491,13494,643,159194,86112140.0,OI2209
2022-05-09 09:11:00,13494,13499,13485,13496,560,159176,75678400.0,OI2209
2022-05-09 09:12:00,13494,13497,13483,13483,341,159180,46082740.0,OI2209
2022-05-09 09:13:00,13483,13499,13483,13491,354,159158,47839560.0,OI2209
2022-05-09 09:14:00,13490,13491,13482,13485,352,159228,47569280.0,OI2209
2022-05-09 09:15:00,13488,13495,13478,13478,547,159256,73921580.0,OI2209
2022-05-09 09:16:00,13478,13493,13477,13491,436,159317,58921040.0,OI2209
2022-05-09 09:17:00,13490,13495,13489,13493,408,159340,55137120.0,OI2209
2022-05-09 09:18:00,13493,13510,13490,13510,595,159427,79583060.0,OI2209
2022-05-09 09:19:00,13509,13515,13502,13512,363,159454,49052190.0,OI2209
2022-05-09 09:20:00,13515,13535,13509,13530,808,159470,109185040.0,OI2209
2022-05-09 09:21:00,13533,13543,13531,13538,742,159531,101110830.0,OI2209
2022-05-09 09:22:00,13538,13543,13530,13543,369,159566,49866660.0,OI2209
2022-05-09 09:23:00,13543,13556,13539,13552,932,159609,125950480.0,OI2209
2022-05-09 09:24:00,13555,13557,13545,13546,532,159699,71894480.0,OI2209
2022-05-09 09:25:00,13544,13560,13543,13558,534,159798,73032800.0,OI2209
2022-05-09 09:26:00,13557,13557,13539,13547,420,159822,56763000.0,OI2209
2022-05-09 09:27:00,13542,13547,13532,13535,474,159866,64061100.0,OI2209
2022-05-09 09:28:00,13535,13541,13528,13532,594,159867,80279100.0,OI2209
2022-05-09 09:29:00,13534,13541,13530,13539,225,159865,30408750.0,OI2209
2022-05-09 09:30:00,13538,13543,13530,13539,235,159881,31760250.0,OI2209
2022-05-09 09:31:00,13539,13556,13535,13556,372,159934,50275800.0,OI2209
2022-05-09 09:32:00,13557,13562,13549,13557,435,160044,58790250.0,OI2209
2022-05-09 09:33:00,13556,13557,13544,13546,254,160103,35226230.0,OI2209
2022-05-09 09:34:00,13546,13563,13542,13561,441,160198,59605560.0,OI2209
2022-05-09 09:35:00,13560,13561,13550,13558,224,160251,30275840.0,OI2209
2022-05-09 09:36:00,13558,13560,13551,13558,234,160331,31627440.0,OI2209
2022-05-09 09:37:00,13556,13559,13542,13550,281,160283,37979960.0,OI2209
2022-05-09 09:38:00,13550,13550,13538,13545,235,160255,31762600.0,OI2209
2022-05-09 09:39:00,13542,13547,13536,13545,181,160241,24463960.0,OI2209
2022-05-09 09:40:00,13542,13545,13532,13537,280,160250,37844800.0,OI2209
2022-05-09 09:41:00,13537,13537,13525,13533,479,160146,64741640.0,OI2209
2022-05-09 09:42:00,13533,13535,13526,13532,193,160142,26085880.0,OI2209
2022-05-09 09:43:00,13532,13535,13529,13531,147,160100,19868520.0,OI2209
2022-05-09 09:44:00,13532,13537,13532,13534,118,160075,15948880.0,OI2209
2022-05-09 09:45:00,13534,13538,13533,13538,125,160080,16895000.0,OI2209
2022-05-09 09:46:00,13537,13538,13531,13537,162,160107,21895920.0,OI2209
2022-05-09 09:47:00,13539,13544,13538,13540,187,160103,25274920.0,OI2209
2022-05-09 09:48:00,13541,13551,13541,13549,219,160094,30533230.0,OI2209
2022-05-09 09:49:00,13550,13556,13547,13552,316,160058,42713720.0,OI2209
2022-05-09 09:50:00,13553,13559,13549,13549,224,160069,30278080.0,OI2209
2022-05-09 09:51:00,13548,13549,13540,13542,204,160015,27574680.0,OI2209
2022-05-09 09:52:00,13541,13557,13541,13555,144,159987,19464480.0,OI2209
2022-05-09 09:53:00,13555,13562,13551,13561,267,159997,36090390.0,OI2209
2022-05-09 09:54:00,13562,13565,13551,13560,362,160066,48931540.0,OI2209
2022-05-09 09:55:00,13560,13568,13557,13566,305,160009,41226850.0,OI2209
2022-05-09 09:56:00,13566,13571,13564,13568,318,160029,42984060.0,OI2209
2022-05-09 09:57:00,13570,13570,13554,13557,295,160038,40832690.0,OI2209
2022-05-09 09:58:00,13558,13569,13555,13565,204,160027,27576720.0,OI2209
2022-05-09 09:59:00,13564,13567,13562,13565,146,160052,19736280.0,OI2209
2022-05-09 10:00:00,13570,13570,13552,13561,327,160062,44203860.0,OI2209
2022-05-09 10:01:00,13560,13563,13554,13558,247,160053,33389460.0,OI2209
2022-05-09 10:02:00,13556,13557,13549,13551,242,159991,32713560.0,OI2209
2022-05-09 10:03:00,13552,13552,13543,13552,232,159944,31361760.0,OI2209
2022-05-09 10:04:00,13552,13561,13549,13555,171,159897,23115780.0,OI2209
2022-05-09 10:05:00,13557,13565,13550,13563,364,159858,49205520.0,OI2209
2022-05-09 10:06:00,13562,13567,13556,13559,225,159873,30415500.0,OI2209
2022-05-09 10:07:00,13558,13558,13553,13556,152,159868,21528000.0,OI2209
2022-05-09 10:08:00,13554,13561,13551,13557,209,159912,28254710.0,OI2209
2022-05-09 10:09:00,13555,13557,13551,13552,111,159879,15006090.0,OI2209
2022-05-09 10:10:00,13552,13562,13551,13560,124,159880,16763560.0,OI2209
2022-05-09 10:11:00,13558,13561,13551,13554,121,159851,16357990.0,OI2209
2022-05-09 10:12:00,13555,13555,13537,13542,776,159614,104907440.0,OI2209
2022-05-09 10:13:00,13543,13549,13542,13547,134,159593,18115460.0,OI2209
2022-05-09 10:14:00,13549,13550,13544,13544,181,159548,24469390.0,OI2209
2022-05-09 10:30:00,13543,13555,13534,13543,854,159588,115452260.0,OI2209
2022-05-09 10:31:00,13541,13542,13516,13519,1075,159432,145329250.0,OI2209
2022-05-09 10:32:00,13517,13520,13502,13509,1088,159292,147086720.0,OI2209
2022-05-09 10:33:00,13507,13521,13507,13517,821,159313,110990990.0,OI2209
2022-05-09 10:34:00,13517,13526,13515,13525,366,159261,49479540.0,OI2209
2022-05-09 10:35:00,13523,13533,13522,13527,408,159238,55157520.0,OI2209
2022-05-09 10:36:00,13526,13531,13522,13526,251,159227,33932690.0,OI2209
2022-05-09 10:37:00,13529,13529,13512,13512,384,159162,51912960.0,OI2209
2022-05-09 10:38:00,13512,13516,13512,13515,188,159133,25415720.0,OI2209
2022-05-09 10:39:00,13516,13516,13503,13507,578,159087,78139820.0,OI2209
2022-05-09 10:40:00,13509,13509,13496,13500,679,158934,91794010.0,OI2209
2022-05-09 10:41:00,13499,13506,13492,13496,587,158951,79356530.0,OI2209
2022-05-09 10:42:00,13495,13507,13494,13507,242,158957,32715980.0,OI2209
2022-05-09 10:43:00,13507,13508,13502,13505,186,158966,25145340.0,OI2209
2022-05-09 10:44:00,13505,13505,13496,13498,212,158989,28660280.0,OI2209
2022-05-09 10:45:00,13496,13507,13494,13506,329,158984,44477510.0,OI2209
2022-05-09 10:46:00,13504,13509,13503,13509,205,158998,27713950.0,OI2209
2022-05-09 10:47:00,13508,13516,13506,13511,252,158945,34067880.0,OI2209
2022-05-09 10:48:00,13510,13510,13504,13507,135,158934,18250650.0,OI2209
2022-05-09 10:49:00,13505,13515,13499,13514,373,158935,50425870.0,OI2209
2022-05-09 10:50:00,13513,13520,13506,13514,212,158885,28660280.0,OI2209
2022-05-09 10:51:00,13514,13520,13512,13517,277,158871,37447630.0,OI2209
2022-05-09 10:52:00,13516,13519,13511,13517,154,158836,20819260.0,OI2209
2022-05-09 10:53:00,13516,13525,13511,13524,191,158767,25821290.0,OI2209
2022-05-09 10:54:00,13521,13525,13517,13520,161,158738,21765590.0,OI2209
2022-05-09 10:55:00,13523,13523,13517,13520,124,158748,16763560.0,OI2209
2022-05-09 10:56:00,13518,13524,13517,13524,145,158706,19602550.0,OI2209
2022-05-09 10:57:00,13522,13523,13511,13516,223,158706,30147370.0,OI2209
2022-05-09 10:58:00,13515,13515,13511,13513,98,158701,13248620.0,OI2209
2022-05-09 10:59:00,13514,13517,13509,13512,196,158686,26497240.0,OI2209
2022-05-09 11:00:00,13513,13513,13505,13506,282,158698,38123580.0,OI2209
2022-05-09 11:01:00,13506,13512,13506,13508,146,158694,19737740.0,OI2209
2022-05-09 11:02:00,13508,13512,13508,13512,68,158678,9192920.0,OI2209
2022-05-09 11:03:00,13512,13516,13508,13511,131,158675,17709890.0,OI2209
2022-05-09 11:04:00,13512,13518,13511,13518,54,158653,7300260.0,OI2209
2022-05-09 11:05:00,13519,13519,13513,13517,126,158645,17033940.0,OI2209
2022-05-09 11:06:00,13517,13519,13510,13513,171,158632,23117490.0,OI2209
2022-05-09 11:07:00,13513,13515,13511,13512,68,158632,9192920.0,OI2209
2022-05-09 11:08:00,13512,13512,13489,13496,1079,158606,144741620.0,OI2209
2022-05-09 11:09:00,13495,13496,13480,13491,764,158574,103277520.0,OI2209
2022-05-09 11:10:00,13490,13494,13480,13483,470,158632,63534600.0,OI2209
2022-05-09 11:11:00,13484,13493,13482,13486,461,158594,62317980.0,OI2209
2022-05-09 11:12:00,13485,13493,13483,13489,186,158577,25143480.0,OI2209
2022-05-09 11:13:00,13489,13495,13488,13493,207,158544,27982260.0,OI2209
2022-05-09 11:14:00,13490,13498,13482,13495,298,158572,40283640.0,OI2209
2022-05-09 11:15:00,13496,13503,13493,13499,257,158509,34741260.0,OI2209
2022-05-09 11:16:00,13498,13506,13498,13500,242,158511,32713560.0,OI2209
2022-05-09 11:17:00,13500,13509,13498,13503,226,158464,30550680.0,OI2209
2022-05-09 11:18:00,13501,13501,13493,13498,231,158473,31226580.0,OI2209
2022-05-09 11:19:00,13498,13503,13496,13499,181,158487,24467580.0,OI2209
2022-05-09 11:20:00,13499,13510,13499,13504,161,158480,21763980.0,OI2209
2022-05-09 11:21:00,13505,13506,13494,13503,131,158461,17708580.0,OI2209
2022-05-09 11:22:00,13503,13510,13495,13499,159,158446,21358400.0,OI2209
2022-05-09 11:23:00,13501,13501,13496,13498,95,158444,12841150.0,OI2209
2022-05-09 11:24:00,13498,13510,13498,13504,179,158404,24195430.0,OI2209
2022-05-09 11:25:00,13502,13509,13502,13508,197,158345,26628490.0,OI2209
2022-05-09 11:26:00,13509,13515,13506,13512,347,158302,46903990.0,OI2209
2022-05-09 11:27:00,13511,13515,13508,13514,112,158273,15139040.0,OI2209
2022-05-09 11:28:00,13512,13522,13512,13517,393,158239,53121810.0,OI2209
2022-05-09 11:29:00,13517,13520,13512,13520,246,158203,33251820.0,OI2209
2022-05-09 13:30:00,13517,13524,13505,13510,599,158221,80966830.0,OI2209
2022-05-09 13:31:00,13510,13515,13507,13512,218,158234,29467060.0,OI2209
2022-05-09 13:32:00,13511,13517,13507,13509,349,158251,47174330.0,OI2209
2022-05-09 13:33:00,13510,13520,13509,13520,131,158253,17707270.0,OI2209
2022-05-09 13:34:00,13520,13524,13518,13518,266,158266,35955220.0,OI2209
2022-05-09 13:35:00,13517,13517,13505,13506,301,158218,40686170.0,OI2209
2022-05-09 13:36:00,13508,13512,13507,13509,189,158272,25547130.0,OI2209
2022-05-09 13:37:00,13509,13511,13503,13511,299,158258,40415830.0,OI2209
2022-05-09 13:38:00,13514,13531,13513,13527,846,158445,114353820.0,OI2209
2022-05-09 13:39:00,13527,13529,13520,13522,317,158520,42848890.0,OI2209
2022-05-09 13:40:00,13522,13523,13515,13520,222,158496,30007740.0,OI2209
2022-05-09 13:41:00,13520,13521,13507,13509,242,158545,32711140.0,OI2209
2022-05-09 13:42:00,13509,13511,13501,13506,225,158553,30413250.0,OI2209
2022-05-09 13:43:00,13506,13506,13495,13499,500,158537,67585000.0,OI2209
2022-05-09 13:44:00,13499,13500,13491,13492,309,158516,41767530.0,OI2209
2022-05-09 13:45:00,13492,13496,13483,13490,502,158513,67855340.0,OI2209
2022-05-09 13:46:00,13491,13491,13484,13487,272,158582,36766240.0,OI2209
2022-05-09 13:47:00,13486,13487,13473,13482,661,158703,89347370.0,OI2209
2022-05-09 13:48:00,13482,13485,13478,13481,440,158759,59474800.0,OI2209
2022-05-09 13:49:00,13480,13484,13477,13480,316,158778,42713720.0,OI2209
2022-05-09 13:50:00,13477,13488,13477,13487,343,158794,46363310.0,OI2209
2022-05-09 13:51:00,13485,13494,13483,13483,629,158944,83756350.0,OI2209
2022-05-09 13:52:00,13485,13492,13483,13490,216,158967,29194560.0,OI2209
2022-05-09 13:53:00,13491,13497,13489,13490,157,158963,21220120.0,OI2209
2022-05-09 13:54:00,13488,13493,13487,13487,161,158979,21760760.0,OI2209
2022-05-09 13:55:00,13487,13491,13486,13490,147,159036,19868520.0,OI2209
2022-05-09 13:56:00,13489,13496,13489,13492,151,159016,20409160.0,OI2209
2022-05-09 13:57:00,13492,13498,13488,13492,215,158976,29059400.0,OI2209
2022-05-09 13:58:00,13492,13492,13476,13485,488,158951,65958080.0,OI2209
2022-05-09 13:59:00,13487,13490,13483,13488,118,158982,15948880.0,OI2209
2022-05-09 14:00:00,13490,13496,13484,13495,296,158956,40007360.0,OI2209
2022-05-09 14:01:00,13493,13499,13493,13494,320,158976,43251200.0,OI2209
2022-05-09 14:02:00,13495,13495,13483,13485,270,158935,36493200.0,OI2209
2022-05-09 14:03:00,13483,13487,13480,13481,219,158896,29600040.0,OI2209
2022-05-09 14:04:00,13481,13487,13480,13484,145,158948,19598200.0,OI2209
2022-05-09 14:05:00,13483,13490,13476,13480,456,158931,61632960.0,OI2209
2022-05-09 14:06:00,13480,13484,13476,13480,181,158930,24463960.0,OI2209
2022-05-09 14:07:00,13482,13488,13479,13486,273,158890,36898680.0,OI2209
2022-05-09 14:08:00,13487,13487,13480,13483,127,158877,17165320.0,OI2209
2022-05-09 14:09:00,13483,13490,13481,13487,258,158898,34599820.0,OI2209
2022-05-09 14:10:00,13486,13494,13486,13491,210,158863,28381500.0,OI2209
2022-05-09 14:11:00,13491,13495,13488,13494,240,158813,32436000.0,OI2209
2022-05-09 14:12:00,13494,13496,13490,13492,165,158831,22299750.0,OI2209
2022-05-09 14:13:00,13491,13496,13491,13493,84,158818,11352600.0,OI2209
2022-05-09 14:14:00,13493,13502,13492,13499,277,158787,37436550.0,OI2209
2022-05-09 14:15:00,13500,13506,13498,13500,642,158819,86766300.0,OI2209
2022-05-09 14:16:00,13500,13510,13493,13494,725,158857,97983750.0,OI2209
2022-05-09 14:17:00,13495,13498,13479,13483,421,158833,56898150.0,OI2209
2022-05-09 14:18:00,13483,13488,13480,13487,185,158825,25002750.0,OI2209
2022-05-09 14:19:00,13487,13490,13483,13486,177,158801,23921550.0,OI2209
2022-05-09 14:20:00,13485,13491,13485,13490,149,158811,20137350.0,OI2209
2022-05-09 14:21:00,13490,13497,13490,13497,249,158777,33652350.0,OI2209
2022-05-09 14:22:00,13497,13501,13495,13500,221,158768,29868150.0,OI2209
2022-05-09 14:23:00,13500,13511,13498,13508,380,158816,51357000.0,OI2209
2022-05-09 14:24:00,13508,13510,13503,13508,369,158805,49870350.0,OI2209
2022-05-09 14:25:00,13509,13515,13507,13513,353,158845,47707950.0,OI2209
2022-05-09 14:26:00,13513,13516,13510,13514,436,158938,58925400.0,OI2209
2022-05-09 14:27:00,13512,13518,13509,13517,357,159030,48248550.0,OI2209
2022-05-09 14:28:00,13516,13527,13516,13525,656,159264,88658400.0,OI2209
2022-05-09 14:29:00,13525,13535,13525,13535,635,159329,85820250.0,OI2209
2022-05-09 14:30:00,13535,13540,13527,13533,870,159480,117580500.0,OI2209
2022-05-09 14:31:00,13533,13538,13525,13526,446,159474,60276900.0,OI2209
2022-05-09 14:32:00,13525,13529,13524,13528,212,159483,28651800.0,OI2209
2022-05-09 14:33:00,13527,13529,13519,13521,236,159474,31895400.0,OI2209
2022-05-09 14:34:00,13522,13524,13518,13520,120,159462,16218000.0,OI2209
2022-05-09 14:35:00,13522,13523,13515,13520,232,159416,31354800.0,OI2209
2022-05-09 14:36:00,13521,13525,13517,13521,165,159385,22299750.0,OI2209
2022-05-09 14:37:00,13520,13523,13517,13518,172,159356,23245800.0,OI2209
2022-05-09 14:38:00,13518,13532,13518,13530,283,159384,38247450.0,OI2209
2022-05-09 14:39:00,13530,13538,13529,13533,376,159386,50816400.0,OI2209
2022-05-09 14:40:00,13534,13534,13527,13528,233,159371,31489950.0,OI2209
2022-05-09 14:41:00,13529,13530,13522,13525,163,159336,22029450.0,OI2209
2022-05-09 14:42:00,13523,13525,13508,13512,468,159240,63250200.0,OI2209
2022-05-09 14:43:00,13510,13517,13510,13513,277,159221,37436550.0,OI2209
2022-05-09 14:44:00,13514,13519,13512,13516,101,159210,13650150.0,OI2209
2022-05-09 14:45:00,13516,13524,13513,13521,255,159166,34463250.0,OI2209
2022-05-09 14:46:00,13522,13523,13516,13520,112,159141,15136800.0,OI2209
2022-05-09 14:47:00,13520,13528,13516,13526,180,159141,24327000.0,OI2209
2022-05-09 14:48:00,13526,13528,13523,13524,142,159149,19191300.0,OI2209
2022-05-09 14:49:00,13526,13526,13516,13516,134,159128,18110100.0,OI2209
2022-05-09 14:50:00,13515,13520,13515,13516,146,159089,19731900.0,OI2209
2022-05-09 14:51:00,13516,13524,13509,13522,281,159077,37977150.0,OI2209
2022-05-09 14:52:00,13524,13524,13517,13517,144,159045,19461600.0,OI2209
2022-05-09 14:53:00,13518,13525,13517,13525,126,159038,17028900.0,OI2209
2022-05-09 14:54:00,13524,13525,13514,13518,232,158982,31354800.0,OI2209
2022-05-09 14:55:00,13518,13522,13517,13518,422,159017,57033300.0,OI2209
2022-05-09 14:56:00,13517,13524,13516,13517,301,159013,40680150.0,OI2209
2022-05-09 14:57:00,13518,13518,13508,13512,517,158789,69872550.0,OI2209
2022-05-09 14:58:00,13513,13517,13508,13517,338,158624,45680700.0,OI2209
2022-05-09 14:59:00,13513,13520,13512,13515,464,158432,62709600.0,OI2209
2022-05-09 21:00:00,13447,13477,13395,13433,7211,158508,968437300.0,OI2209
2022-05-09 21:01:00,13437,13437,13402,13409,2521,158481,338181020.0,OI2209
2022-05-09 21:02:00,13411,13435,13403,13435,1611,158339,216292860.0,OI2209
2022-05-09 21:03:00,13435,13437,13413,13422,1627,158216,218311320.0,OI2209
2022-05-09 21:04:00,13421,13446,13419,13445,1002,158183,134658220.0,OI2209
2022-05-09 21:05:00,13439,13443,13430,13441,883,158232,118551580.0,OI2209
2022-05-09 21:06:00,13442,13473,13441,13468,1634,158519,220040400.0,OI2209
2022-05-09 21:07:00,13467,13483,13459,13483,1106,158655,148887700.0,OI2209
2022-05-09 21:08:00,13482,13512,13476,13495,2152,158892,290438930.0,OI2209
2022-05-09 21:09:00,13494,13498,13486,13491,885,158952,119347790.0,OI2209
2022-05-09 21:10:00,13489,13494,13484,13489,747,159056,100831850.0,OI2209
2022-05-09 21:11:00,13489,13493,13477,13477,755,159038,101715990.0,OI2209
2022-05-09 21:12:00,13479,13506,13477,13505,985,159120,132885780.0,OI2209
2022-05-09 21:13:00,13506,13534,13506,13523,1654,159245,223635490.0,OI2209
2022-05-09 21:14:00,13526,13526,13512,13520,913,159246,123578210.0,OI2209
2022-05-09 21:15:00,13522,13538,13517,13536,1215,159479,164273130.0,OI2209
2022-05-09 21:16:00,13537,13537,13517,13525,819,159529,110767230.0,OI2209
2022-05-09 21:17:00,13525,13532,13516,13529,747,159530,101108070.0,OI2209
2022-05-09 21:18:00,13529,13533,13518,13529,703,159635,94922530.0,OI2209
2022-05-09 21:19:00,13529,13535,13521,13534,590,159727,80021000.0,OI2209
2022-05-09 21:20:00,13536,13536,13507,13510,1290,159771,174306600.0,OI2209
2022-05-09 21:21:00,13511,13518,13505,13514,861,159682,116261370.0,OI2209
2022-05-09 21:22:00,13513,13518,13504,13507,423,159628,57288750.0,OI2209
2022-05-09 21:23:00,13507,13516,13507,13514,302,159620,40673360.0,OI2209
2022-05-09 21:24:00,13514,13525,13512,13521,392,159660,53124840.0,OI2209
2022-05-09 21:25:00,13521,13526,13514,13517,245,159622,32999050.0,OI2209
2022-05-09 21:26:00,13518,13518,13506,13512,330,159651,44783730.0,OI2209
2022-05-09 21:27:00,13514,13516,13508,13511,219,159651,29499300.0,OI2209
2022-05-09 21:28:00,13513,13516,13503,13506,527,159665,70986900.0,OI2209
2022-05-09 21:29:00,13507,13512,13507,13510,148,159643,20280570.0,OI2209
2022-05-09 21:30:00,13511,13527,13504,13525,800,159649,108120970.0,OI2209
2022-05-09 21:31:00,13524,13544,13523,13532,1516,159843,204971780.0,OI2209
2022-05-09 21:32:00,13531,13560,13528,13553,1352,159910,183313430.0,OI2209
2022-05-09 21:33:00,13554,13565,13554,13558,1182,159954,160085080.0,OI2209
2022-05-09 21:34:00,13558,13559,13549,13549,698,159921,94884320.0,OI2209
2022-05-09 21:35:00,13550,13557,13540,13545,1012,159885,136838290.0,OI2209
2022-05-09 21:36:00,13546,13558,13541,13557,618,159904,83735510.0,OI2209
2022-05-09 21:37:00,13557,13557,13548,13553,293,159946,39924870.0,OI2209
2022-05-09 21:38:00,13553,13557,13547,13550,472,160019,63644480.0,OI2209
2022-05-09 21:39:00,13549,13551,13537,13538,517,160013,70141850.0,OI2209
2022-05-09 21:40:00,13538,13544,13531,13536,652,159983,88358290.0,OI2209
2022-05-09 21:41:00,13537,13540,13523,13524,575,159950,77544500.0,OI2209
2022-05-09 21:42:00,13525,13526,13517,13519,483,159916,65584050.0,OI2209
2022-05-09 21:43:00,13518,13527,13518,13521,558,159829,75257460.0,OI2209
2022-05-09 21:44:00,13521,13529,13520,13521,312,159780,42534810.0,OI2209
2022-05-09 21:45:00,13522,13525,13516,13517,393,159806,53007840.0,OI2209
2022-05-09 21:46:00,13520,13521,13503,13503,406,159785,54761280.0,OI2209
2022-05-09 21:47:00,13504,13520,13502,13520,424,159746,57189120.0,OI2209
2022-05-09 21:48:00,13523,13523,13515,13516,766,159753,103793340.0,OI2209
2022-05-09 21:49:00,13515,13525,13514,13515,323,159763,43569470.0,OI2209
2022-05-09 21:50:00,13515,13520,13513,13516,241,159726,32508490.0,OI2209
2022-05-09 21:51:00,13518,13529,13516,13529,255,159712,34396950.0,OI2209
2022-05-09 21:52:00,13528,13535,13518,13519,370,159723,50396450.0,OI2209
2022-05-09 21:53:00,13518,13529,13518,13522,178,159683,24012200.0,OI2209
2022-05-09 21:54:00,13523,13523,13504,13506,473,159647,63807700.0,OI2209
2022-05-09 21:55:00,13507,13508,13481,13497,1358,159424,183194200.0,OI2209
2022-05-09 21:56:00,13495,13497,13490,13496,480,159449,64752000.0,OI2209
2022-05-09 21:57:00,13496,13501,13493,13499,350,159389,47215000.0,OI2209
2022-05-09 21:58:00,13502,13511,13498,13511,433,159387,58411700.0,OI2209
2022-05-09 21:59:00,13511,13512,13499,13500,403,159439,54364700.0,OI2209
2022-05-09 22:00:00,13498,13510,13496,13509,364,159475,49103600.0,OI2209
2022-05-09 22:01:00,13509,13516,13505,13513,278,159488,37502200.0,OI2209
2022-05-09 22:02:00,13513,13523,13513,13518,424,159579,57732160.0,OI2209
2022-05-09 22:03:00,13518,13526,13518,13523,273,159574,36830430.0,OI2209
2022-05-09 22:04:00,13522,13526,13519,13522,253,159585,34132230.0,OI2209
2022-05-09 22:05:00,13523,13534,13519,13522,666,159602,89850060.0,OI2209
2022-05-09 22:06:00,13521,13526,13501,13503,703,159564,95395240.0,OI2209
2022-05-09 22:07:00,13505,13511,13504,13507,273,159556,36833160.0,OI2209
2022-05-09 22:08:00,13507,13517,13507,13516,217,159551,29277640.0,OI2209
2022-05-09 22:09:00,13515,13517,13507,13511,167,159566,22531640.0,OI2209
2022-05-09 22:10:00,13511,13519,13511,13517,193,159597,26039560.0,OI2209
2022-05-09 22:11:00,13516,13527,13516,13523,460,159652,62063200.0,OI2209
2022-05-09 22:12:00,13522,13523,13518,13520,253,159607,34134760.0,OI2209
2022-05-09 22:13:00,13518,13518,13508,13514,208,159623,28063360.0,OI2209
2022-05-09 22:14:00,13516,13518,13505,13507,219,159616,30120890.0,OI2209
2022-05-09 22:15:00,13510,13524,13509,13520,405,159596,54646650.0,OI2209
2022-05-09 22:16:00,13519,13519,13504,13506,334,159587,45066620.0,OI2209
2022-05-09 22:17:00,13507,13509,13495,13500,502,159625,67734860.0,OI2209
2022-05-09 22:18:00,13500,13505,13496,13500,282,159615,38050260.0,OI2209
2022-05-09 22:19:00,13500,13504,13491,13496,390,159599,52622700.0,OI2209
2022-05-09 22:20:00,13493,13494,13481,13487,704,159578,94990720.0,OI2209
2022-05-09 22:21:00,13486,13486,13460,13463,978,159486,131961540.0,OI2209
2022-05-09 22:22:00,13466,13477,13461,13474,772,159375,103548880.0,OI2209
2022-05-09 22:23:00,13474,13481,13471,13473,431,159359,58150520.0,OI2209
2022-05-09 22:24:00,13474,13482,13472,13478,367,159377,49515640.0,OI2209
2022-05-09 22:25:00,13476,13478,13467,13469,410,159341,55317200.0,OI2209
2022-05-09 22:26:00,13470,13477,13453,13454,807,159294,108880440.0,OI2209
2022-05-09 22:27:00,13453,13473,13453,13468,466,159289,62465160.0,OI2209
2022-05-09 22:28:00,13468,13472,13463,13472,259,159285,34941690.0,OI2209
2022-05-09 22:29:00,13471,13476,13455,13458,463,159246,62463330.0,OI2209
2022-05-09 22:30:00,13457,13471,13456,13470,364,159257,49107240.0,OI2209
2022-05-09 22:31:00,13469,13474,13463,13464,227,159252,30624570.0,OI2209
2022-05-09 22:32:00,13463,13470,13462,13462,232,159196,31299120.0,OI2209
2022-05-09 22:33:00,13463,13465,13427,13436,1707,158923,229077060.0,OI2209
2022-05-09 22:34:00,13434,13440,13428,13438,567,158918,76482630.0,OI2209
2022-05-09 22:35:00,13439,13444,13425,13425,709,158985,94949840.0,OI2209
2022-05-09 22:36:00,13427,13440,13426,13436,435,159034,58672800.0,OI2209
2022-05-09 22:37:00,13436,13443,13429,13429,355,159016,47882400.0,OI2209
2022-05-09 22:38:00,13430,13434,13427,13433,245,159028,33045600.0,OI2209
2022-05-09 22:39:00,13433,13437,13412,13415,858,158955,115020940.0,OI2209
2022-05-09 22:40:00,13418,13430,13415,13428,713,158917,95449080.0,OI2209
2022-05-09 22:41:00,13428,13433,13423,13428,535,158758,72150100.0,OI2209
2022-05-09 22:42:00,13429,13431,13419,13420,411,158722,54704770.0,OI2209
2022-05-09 22:43:00,13419,13424,13419,13419,278,158688,37488300.0,OI2209
2022-05-09 22:44:00,13419,13429,13416,13425,330,158677,44500500.0,OI2209
2022-05-09 22:45:00,13425,13448,13425,13448,736,158595,98513470.0,OI2209
2022-05-09 22:46:00,13448,13454,13438,13454,745,158518,100455800.0,OI2209
2022-05-09 22:47:00,13453,13453,13445,13449,485,158547,65397400.0,OI2209
2022-05-09 22:48:00,13448,13458,13446,13450,504,158600,67959360.0,OI2209
2022-05-09 22:49:00,13450,13451,13432,13435,561,158546,74886160.0,OI2209
2022-05-09 22:50:00,13438,13446,13435,13436,535,158667,72134050.0,OI2209
2022-05-09 22:51:00,13436,13445,13417,13417,795,158627,106417470.0,OI2209
2022-05-09 22:52:00,13418,13425,13407,13424,916,158720,123495120.0,OI2209
2022-05-09 22:53:00,13426,13429,13419,13423,468,158626,62309540.0,OI2209
2022-05-09 22:54:00,13423,13427,13413,13417,532,158507,71718920.0,OI2209
2022-05-09 22:55:00,13416,13421,13412,13419,212,158481,28579720.0,OI2209
2022-05-09 22:56:00,13418,13426,13407,13408,375,158407,50282400.0,OI2209
2022-05-09 22:57:00,13408,13422,13405,13419,730,158278,98404000.0,OI2209
2022-05-09 22:58:00,13419,13424,13412,13422,370,158165,49605820.0,OI2209
2022-05-09 22:59:00,13422,13430,13420,13429,348,158006,46906920.0,OI2209
2022-05-10 09:00:00,13423,13436,13403,13434,1470,158130,197314710.0,OI2209
2022-05-10 09:01:00,13436,13443,13421,13437,1088,158072,146640640.0,OI2209
2022-05-10 09:02:00,13438,13449,13427,13429,730,158058,97544630.0,OI2209
2022-05-10 09:03:00,13428,13430,13413,13419,669,158001,90161130.0,OI2209
2022-05-10 09:04:00,13419,13419,13382,13394,1875,157927,250953330.0,OI2209
2022-05-10 09:05:00,13393,13406,13391,13406,1141,158006,152868130.0,OI2209
2022-05-10 09:06:00,13407,13417,13400,13401,701,157932,94452740.0,OI2209
2022-05-10 09:07:00,13398,13422,13396,13415,752,157990,100428330.0,OI2209
2022-05-10 09:08:00,13415,13422,13401,13401,376,157939,50658480.0,OI2209
2022-05-10 09:09:00,13401,13408,13390,13396,573,157901,76389230.0,OI2209
2022-05-10 09:10:00,13399,13399,13345,13354,2702,157784,361215460.0,OI2209
2022-05-10 09:11:00,13355,13358,13310,13333,2998,158155,399950060.0,OI2209
2022-05-10 09:12:00,13339,13346,13325,13340,1454,158177,194531960.0,OI2209
2022-05-10 09:13:00,13336,13344,13324,13340,1009,158262,134854400.0,OI2209
2022-05-10 09:14:00,13342,13359,13335,13351,1249,158250,166323290.0,OI2209
2022-05-10 09:15:00,13349,13365,13347,13354,1187,158389,158758570.0,OI2209
2022-05-10 09:16:00,13356,13406,13355,13387,2452,158119,328036200.0,OI2209
2022-05-10 09:17:00,13387,13390,13370,13377,1113,158064,149776410.0,OI2209
2022-05-10 09:18:00,13376,13397,13376,13389,802,158225,107784850.0,OI2209
2022-05-10 09:19:00,13384,13394,13378,13392,732,158351,98497920.0,OI2209
2022-05-10 09:20:00,13392,13402,13388,13391,716,158469,95275180.0,OI2209
2022-05-10 09:21:00,13392,13409,13392,13408,731,158602,98356050.0,OI2209
2022-05-10 09:22:00,13408,13430,13408,13427,1159,158675,155943450.0,OI2209
2022-05-10 09:23:00,13424,13446,13424,13437,1218,158640,162781040.0,OI2209
2022-05-10 09:24:00,13437,13441,13422,13438,1121,158906,150819340.0,OI2209
2022-05-10 09:25:00,13435,13440,13420,13423,1079,159123,145168660.0,OI2209
2022-05-10 09:26:00,13426,13433,13423,13431,509,159235,68480860.0,OI2209
2022-05-10 09:27:00,13431,13435,13425,13426,396,159242,53277840.0,OI2209
2022-05-10 09:28:00,13424,13427,13414,13416,599,159316,80589460.0,OI2209
2022-05-10 09:29:00,13416,13421,13411,13411,483,159288,63840090.0,OI2209
2022-05-10 09:30:00,13411,13421,13410,13415,327,159279,43991310.0,OI2209
2022-05-10 09:31:00,13414,13423,13410,13419,306,159344,41166180.0,OI2209
2022-05-10 09:32:00,13418,13436,13416,13424,674,159546,90673220.0,OI2209
2022-05-10 09:33:00,13423,13425,13414,13414,430,159529,57847900.0,OI2209
2022-05-10 09:34:00,13413,13417,13407,13410,400,159478,53812000.0,OI2209
2022-05-10 09:35:00,13410,13411,13394,13394,486,159415,65381580.0,OI2209
2022-05-10 09:36:00,13393,13394,13383,13386,637,159360,84520280.0,OI2209
2022-05-10 09:37:00,13386,13396,13386,13386,318,159297,42777360.0,OI2209
2022-05-10 09:38:00,13386,13408,13383,13408,420,159297,56498400.0,OI2209
2022-05-10 09:39:00,13406,13406,13386,13387,425,159235,57171000.0,OI2209
2022-05-10 09:40:00,13387,13393,13385,13389,256,159201,33247600.0,OI2209
2022-05-10 09:41:00,13388,13398,13388,13398,227,159159,30533770.0,OI2209
2022-05-10 09:42:00,13397,13411,13394,13409,342,159101,46002420.0,OI2209
2022-05-10 09:43:00,13410,13420,13407,13418,465,159094,62547150.0,OI2209
2022-05-10 09:44:00,13417,13467,13414,13465,2018,159150,271441180.0,OI2209
2022-05-10 09:45:00,13469,13535,13469,13516,5298,158831,716453040.0,OI2209
2022-05-10 09:46:00,13517,13519,13499,13501,1441,158967,193872140.0,OI2209
2022-05-10 09:47:00,13502,13502,13486,13495,939,158892,126333060.0,OI2209
2022-05-10 09:48:00,13496,13497,13468,13470,1018,158854,138268720.0,OI2209
2022-05-10 09:49:00,13468,13469,13458,13462,883,158602,118807650.0,OI2209
2022-05-10 09:50:00,13463,13463,13445,13459,1076,158430,144775800.0,OI2209
2022-05-10 09:51:00,13460,13460,13445,13447,605,158366,81402750.0,OI2209
2022-05-10 09:52:00,13446,13457,13444,13455,401,158349,53954550.0,OI2209
2022-05-10 09:53:00,13457,13463,13448,13462,627,158230,84362850.0,OI2209
2022-05-10 09:54:00,13463,13481,13463,13481,886,158172,119211300.0,OI2209
2022-05-10 09:55:00,13480,13486,13466,13478,522,158120,70235100.0,OI2209
2022-05-10 09:56:00,13480,13480,13458,13465,461,158059,62027550.0,OI2209
2022-05-10 09:57:00,13462,13464,13458,13458,218,158003,29331900.0,OI2209
2022-05-10 09:58:00,13457,13463,13451,13454,231,158016,31081050.0,OI2209
2022-05-10 09:59:00,13452,13467,13449,13467,295,158041,39692250.0,OI2209
2022-05-10 10:00:00,13467,13475,13463,13468,375,158022,50456250.0,OI2209
2022-05-10 10:01:00,13466,13480,13465,13474,381,158018,51263550.0,OI2209
2022-05-10 10:02:00,13473,13493,13472,13487,790,158146,106294500.0,OI2209
2022-05-10 10:03:00,13487,13506,13473,13498,1634,158117,221255550.0,OI2209
2022-05-10 10:04:00,13499,13505,13489,13500,1766,158172,237632960.0,OI2209
2022-05-10 10:05:00,13501,13502,13494,13498,336,158143,45212160.0,OI2209
2022-05-10 10:06:00,13497,13499,13491,13496,295,158140,39695200.0,OI2209
2022-05-10 10:07:00,13494,13502,13494,13501,189,158141,25431840.0,OI2209
2022-05-10 10:08:00,13502,13503,13494,13502,396,158107,53285760.0,OI2209
2022-05-10 10:09:00,13504,13510,13501,13504,423,158137,58353780.0,OI2209
2022-05-10 10:10:00,13504,13517,13502,13509,562,158150,75628340.0,OI2209
2022-05-10 10:11:00,13511,13515,13502,13508,421,158084,56653970.0,OI2209
2022-05-10 10:12:00,13507,13527,13507,13520,838,158059,112769660.0,OI2209
2022-05-10 10:13:00,13519,13521,13501,13502,420,158040,56519400.0,OI2209
2022-05-10 10:14:00,13502,13503,13496,13500,284,157973,39678030.0,OI2209
2022-05-10 10:30:00,13503,13566,13503,13560,2573,158400,347760220.0,OI2209
2022-05-10 10:31:00,13559,13580,13546,13553,1429,158536,193829280.0,OI2209
2022-05-10 10:32:00,13554,13556,13537,13539,770,158505,105149870.0,OI2209
2022-05-10 10:33:00,13537,13537,13522,13526,391,158492,52632510.0,OI2209
2022-05-10 10:34:00,13524,13533,13517,13521,386,158464,51959460.0,OI2209
2022-05-10 10:35:00,13523,13528,13515,13527,402,158505,54113220.0,OI2209
2022-05-10 10:36:00,13527,13533,13519,13524,286,158524,38498460.0,OI2209
2022-05-10 10:37:00,13521,13529,13519,13526,196,158544,26383560.0,OI2209
2022-05-10 10:38:00,13525,13537,13518,13531,394,158596,53036340.0,OI2209
2022-05-10 10:39:00,13531,13536,13529,13536,273,158626,38279680.0,OI2209
2022-05-10 10:40:00,13535,13542,13533,13536,342,158665,46040040.0,OI2209
2022-05-10 10:41:00,13534,13535,13522,13527,290,158655,39039800.0,OI2209
2022-05-10 10:42:00,13527,13527,13518,13520,244,158662,32847280.0,OI2209
2022-05-10 10:43:00,13519,13521,13511,13511,239,158652,32174180.0,OI2209
2022-05-10 10:44:00,13511,13520,13511,13517,194,158674,26116280.0,OI2209
2022-05-10 10:45:00,13520,13522,13509,13517,594,158904,79964280.0,OI2209
2022-05-10 10:46:00,13512,13515,13506,13506,347,158919,46713140.0,OI2209
2022-05-10 10:47:00,13506,13517,13504,13511,303,158969,40789860.0,OI2209
2022-05-10 10:48:00,13512,13516,13505,13506,286,158894,40060860.0,OI2209
2022-05-10 10:49:00,13504,13514,13503,13511,234,158908,31503420.0,OI2209
2022-05-10 10:50:00,13513,13521,13510,13511,370,158911,49813100.0,OI2209
2022-05-10 10:51:00,13510,13524,13510,13521,317,158880,42677710.0,OI2209
2022-05-10 10:52:00,13519,13521,13513,13515,122,158894,16424860.0,OI2209
2022-05-10 10:53:00,13515,13516,13506,13509,215,158901,28945450.0,OI2209
2022-05-10 10:54:00,13509,13512,13504,13510,206,158911,27733780.0,OI2209
2022-05-10 10:55:00,13510,13515,13498,13503,517,158956,69603710.0,OI2209
2022-05-10 10:56:00,13502,13515,13502,13513,173,158949,23290990.0,OI2209
2022-05-10 10:57:00,13512,13518,13508,13509,182,158923,24502660.0,OI2209
2022-05-10 10:58:00,13509,13516,13508,13512,125,158920,16828750.0,OI2209
2022-05-10 10:59:00,13509,13512,13503,13509,146,158892,19655980.0,OI2209
2022-05-10 11:00:00,13505,13519,13503,13508,397,159014,53448110.0,OI2209
2022-05-10 11:01:00,13508,13511,13501,13504,268,158941,37673100.0,OI2209
2022-05-10 11:02:00,13504,13510,13503,13506,115,158928,15483600.0,OI2209
2022-05-10 11:03:00,13505,13509,13497,13508,250,158917,33660000.0,OI2209
2022-05-10 11:04:00,13507,13519,13500,13514,1529,158996,205864560.0,OI2209
2022-05-10 11:05:00,13514,13521,13509,13520,338,158982,45508320.0,OI2209
2022-05-10 11:06:00,13518,13520,13513,13517,237,158922,31909680.0,OI2209
2022-05-10 11:07:00,13518,13522,13517,13519,184,158942,24773760.0,OI2209
2022-05-10 11:08:00,13519,13523,13514,13523,160,158929,21542400.0,OI2209
2022-05-10 11:09:00,13523,13523,13512,13514,158,158928,21273120.0,OI2209
2022-05-10 11:10:00,13513,13522,13510,13516,230,158940,30967200.0,OI2209
2022-05-10 11:11:00,13517,13524,13512,13521,233,158953,32997720.0,OI2209
2022-05-10 11:12:00,13521,13521,13507,13512,296,158883,39856400.0,OI2209
2022-05-10 11:13:00,13513,13514,13507,13513,163,158856,21947950.0,OI2209
2022-05-10 11:14:00,13510,13516,13509,13511,160,158835,21544000.0,OI2209
2022-05-10 11:15:00,13510,13518,13504,13518,367,158938,49416550.0,OI2209
2022-05-10 11:16:00,13520,13520,13506,13508,224,158917,30161600.0,OI2209
2022-05-10 11:17:00,13509,13509,13500,13506,195,158899,26256750.0,OI2209
2022-05-10 11:18:00,13504,13509,13485,13488,1084,159041,145960600.0,OI2209
2022-05-10 11:19:00,13488,13494,13488,13492,295,159076,39721750.0,OI2209
2022-05-10 11:20:00,13492,13493,13483,13484,316,159045,42549400.0,OI2209
2022-05-10 11:21:00,13484,13488,13481,13486,200,159031,26930000.0,OI2209
2022-05-10 11:22:00,13485,13489,13477,13488,363,159010,48877950.0,OI2209
2022-05-10 11:23:00,13489,13494,13485,13485,165,158994,22217250.0,OI2209
2022-05-10 11:24:00,13481,13486,13477,13479,322,159006,43357300.0,OI2209
2022-05-10 11:25:00,13479,13482,13463,13466,708,158805,95332200.0,OI2209
2022-05-10 11:26:00,13468,13478,13465,13476,327,158806,44030550.0,OI2209
2022-05-10 11:27:00,13476,13477,13466,13467,214,158793,28815100.0,OI2209
2022-05-10 11:28:00,13469,13478,13468,13473,274,158751,36894100.0,OI2209
2022-05-10 11:29:00,13471,13492,13471,13489,314,158679,42280100.0,OI2209
2022-05-10 13:30:00,13498,13535,13492,13512,1404,158811,190749110.0,OI2209
2022-05-10 13:31:00,13513,13525,13507,13516,2944,159184,398168990.0,OI2209
2022-05-10 13:32:00,13513,13525,13509,13518,1394,158893,187729980.0,OI2209
2022-05-10 13:33:00,13518,13522,13511,13518,834,158926,112314780.0,OI2209
2022-05-10 13:34:00,13518,13523,13514,13520,347,158958,48486190.0,OI2209
2022-05-10 13:35:00,13520,13527,13517,13525,363,158987,48888840.0,OI2209
2022-05-10 13:36:00,13523,13527,13516,13519,266,158993,35824880.0,OI2209
2022-05-10 13:37:00,13518,13519,13510,13513,282,159000,37979760.0,OI2209
2022-05-10 13:38:00,13512,13514,13509,13510,222,159001,29898960.0,OI2209
2022-05-10 13:39:00,13510,13515,13509,13511,228,159022,30707040.0,OI2209
2022-05-10 13:40:00,13511,13522,13511,13519,167,159019,22491560.0,OI2209
2022-05-10 13:41:00,13519,13521,13516,13520,150,159046,20202000.0,OI2209
2022-05-10 13:42:00,13519,13524,13516,13523,234,159072,31515120.0,OI2209
2022-05-10 13:43:00,13520,13521,13511,13513,257,159071,34612760.0,OI2209
2022-05-10 13:44:00,13513,13513,13504,13508,272,159060,36632960.0,OI2209
2022-05-10 13:45:00,13508,13511,13503,13511,305,159074,41077400.0,OI2209
2022-05-10 13:46:00,13510,13512,13508,13512,126,159072,16969680.0,OI2209
2022-05-10 13:47:00,13513,13513,13497,13498,291,159065,39191880.0,OI2209
2022-05-10 13:48:00,13500,13508,13500,13505,302,159019,40673360.0,OI2209
2022-05-10 13:49:00,13505,13505,13500,13504,125,158993,16835000.0,OI2209
2022-05-10 13:50:00,13503,13509,13503,13507,178,159008,23973040.0,OI2209
2022-05-10 13:51:00,13506,13509,13501,13508,98,159003,13198640.0,OI2209
2022-05-10 13:52:00,13506,13516,13505,13509,1065,159070,145239210.0,OI2209
2022-05-10 13:53:00,13509,13511,13494,13500,2234,158949,300897460.0,OI2209
2022-05-10 13:54:00,13501,13505,13494,13497,1879,158920,253082510.0,OI2209
2022-05-10 13:55:00,13494,13498,13490,13493,972,158862,132774540.0,OI2209
2022-05-10 13:56:00,13493,13493,13483,13483,243,158824,32732100.0,OI2209
2022-05-10 13:57:00,13483,13487,13477,13479,292,158761,39332400.0,OI2209
2022-05-10 13:58:00,13477,13483,13477,13479,228,158744,30711600.0,OI2209
2022-05-10 13:59:00,13479,13483,13477,13477,275,158735,37042500.0,OI2209
2022-05-10 14:00:00,13476,13484,13471,13476,406,158685,54688200.0,OI2209
2022-05-10 14:01:00,13474,13477,13472,13473,267,158653,35964900.0,OI2209
2022-05-10 14:02:00,13473,13479,13472,13477,154,158608,20743800.0,OI2209
2022-05-10 14:03:00,13477,13484,13472,13482,430,158525,57921000.0,OI2209
2022-05-10 14:04:00,13482,13485,13480,13480,168,158482,22629600.0,OI2209
2022-05-10 14:05:00,13480,13489,13480,13487,142,158440,19127400.0,OI2209
2022-05-10 14:06:00,13487,13488,13482,13482,57,158445,7677900.0,OI2209
2022-05-10 14:07:00,13482,13485,13478,13483,105,158437,14143500.0,OI2209
2022-05-10 14:08:00,13483,13488,13479,13485,95,158447,12796500.0,OI2209
2022-05-10 14:09:00,13484,13485,13475,13476,146,158426,19666200.0,OI2209
2022-05-10 14:10:00,13475,13478,13472,13476,185,158448,24919500.0,OI2209
2022-05-10 14:11:00,13474,13478,13470,13476,255,158440,34348500.0,OI2209
2022-05-10 14:12:00,13477,13482,13475,13481,109,158446,14682300.0,OI2209
2022-05-10 14:13:00,13481,13489,13479,13483,250,158409,33675000.0,OI2209
2022-05-10 14:14:00,13483,13489,13482,13489,179,158430,24111300.0,OI2209
2022-05-10 14:15:00,13487,13489,13482,13483,197,158446,26535900.0,OI2209
2022-05-10 14:16:00,13483,13485,13480,13483,169,158416,22764300.0,OI2209
2022-05-10 14:17:00,13481,13487,13481,13484,87,158393,11718900.0,OI2209
2022-05-10 14:18:00,13485,13487,13482,13486,117,158354,15759900.0,OI2209
2022-05-10 14:19:00,13487,13494,13484,13492,249,158321,33540300.0,OI2209
2022-05-10 14:20:00,13493,13494,13486,13487,209,158283,28152300.0,OI2209
2022-05-10 14:21:00,13487,13487,13483,13485,69,158282,9294300.0,OI2209
2022-05-10 14:22:00,13485,13487,13482,13486,99,158280,13335300.0,OI2209
2022-05-10 14:23:00,13484,13492,13482,13490,150,158275,20205000.0,OI2209
2022-05-10 14:24:00,13491,13491,13486,13488,131,158279,17645700.0,OI2209
2022-05-10 14:25:00,13488,13490,13484,13490,132,158267,17780400.0,OI2209
2022-05-10 14:26:00,13490,13490,13486,13487,153,158282,20609100.0,OI2209
2022-05-10 14:27:00,13487,13487,13480,13482,222,158321,29903400.0,OI2209
2022-05-10 14:28:00,13482,13484,13480,13482,163,158344,21956100.0,OI2209
2022-05-10 14:29:00,13482,13482,13480,13481,127,158361,17106900.0,OI2209
2022-05-10 14:30:00,13482,13493,13481,13493,266,158325,35830200.0,OI2209
2022-05-10 14:31:00,13490,13492,13471,13476,860,158388,115842000.0,OI2209
2022-05-10 14:32:00,13475,13479,13473,13476,175,158404,23572500.0,OI2209
2022-05-10 14:33:00,13477,13478,13470,13472,271,158356,36503700.0,OI2209
2022-05-10 14:34:00,13471,13479,13471,13477,158,158371,21282600.0,OI2209
2022-05-10 14:35:00,13476,13483,13476,13483,164,158386,22090800.0,OI2209
2022-05-10 14:36:00,13482,13484,13478,13481,176,158414,23707200.0,OI2209
2022-05-10 14:37:00,13483,13484,13477,13479,91,158418,12257700.0,OI2209
2022-05-10 14:38:00,13479,13481,13477,13480,112,158415,15086400.0,OI2209
2022-05-10 14:39:00,13478,13485,13477,13483,107,158410,14412900.0,OI2209
2022-05-10 14:40:00,13483,13483,13473,13477,276,158401,37177200.0,OI2209
2022-05-10 14:41:00,13478,13484,13478,13484,121,158362,16298700.0,OI2209
2022-05-10 14:42:00,13485,13507,13483,13503,540,158334,72738000.0,OI2209
2022-05-10 14:43:00,13504,13524,13503,13523,1030,158264,138741000.0,OI2209
2022-05-10 14:44:00,13521,13522,13515,13518,396,158222,55307090.0,OI2209
2022-05-10 14:45:00,13519,13526,13515,13519,746,158238,100493660.0,OI2209
2022-05-10 14:46:00,13518,13531,13518,13521,640,158200,86214400.0,OI2209
2022-05-10 14:47:00,13520,13526,13520,13524,313,158218,42164230.0,OI2209
2022-05-10 14:48:00,13524,13537,13522,13534,762,158201,102649020.0,OI2209
2022-05-10 14:49:00,13533,13535,13527,13530,557,158133,75033470.0,OI2209
2022-05-10 14:50:00,13530,13533,13520,13527,458,158044,63697830.0,OI2209
2022-05-10 14:51:00,13524,13530,13519,13530,356,157971,47960320.0,OI2209
2022-05-10 14:52:00,13530,13530,13522,13524,244,157919,32871680.0,OI2209
2022-05-10 14:53:00,13524,13525,13518,13520,370,157844,49846400.0,OI2209
2022-05-10 14:54:00,13518,13520,13514,13516,353,157710,47556160.0,OI2209
2022-05-10 14:55:00,13515,13518,13506,13507,738,157476,99423360.0,OI2209
2022-05-10 14:56:00,13506,13510,13503,13507,331,157419,44592320.0,OI2209
2022-05-10 14:57:00,13509,13514,13503,13503,273,157383,36778560.0,OI2209
2022-05-10 14:58:00,13504,13509,13495,13495,521,157185,70189120.0,OI2209
2022-05-10 14:59:00,13494,13500,13493,13497,435,157062,58603200.0,OI2209
2022-05-10 21:00:00,13480,13503,13443,13470,7031,156781,947216320.0,OI2209
2022-05-10 21:01:00,13472,13472,13419,13445,3446,156462,463302190.0,OI2209
2022-05-10 21:02:00,13444,13455,13426,13450,1606,156319,215974120.0,OI2209
2022-05-10 21:03:00,13450,13450,13424,13428,1813,156337,243631050.0,OI2209
2022-05-10 21:04:00,13426,13439,13416,13416,1370,156310,183916620.0,OI2209
2022-05-10 21:05:00,13416,13418,13404,13411,1870,156315,250751700.0,OI2209
2022-05-10 21:06:00,13410,13417,13402,13406,1386,156231,185861340.0,OI2209
2022-05-10 21:07:00,13405,13423,13405,13421,1291,156122,173204510.0,OI2209
2022-05-10 21:08:00,13420,13421,13409,13411,710,156104,95254270.0,OI2209
2022-05-10 21:09:00,13411,13412,13398,13398,1139,156271,152693920.0,OI2209
2022-05-10 21:10:00,13399,13403,13387,13397,1378,156400,184539560.0,OI2209
2022-05-10 21:11:00,13397,13400,13384,13387,1047,156500,140224590.0,OI2209
2022-05-10 21:12:00,13388,13395,13380,13382,919,156580,122985910.0,OI2209
2022-05-10 21:13:00,13383,13393,13379,13390,810,156637,108307180.0,OI2209
2022-05-10 21:14:00,13392,13392,13374,13380,831,156746,111361760.0,OI2209
2022-05-10 21:15:00,13380,13389,13376,13379,568,156741,76021610.0,OI2209
2022-05-10 21:16:00,13378,13381,13368,13373,761,156766,101650390.0,OI2209
2022-05-10 21:17:00,13373,13376,13363,13368,1101,157030,147271750.0,OI2209
2022-05-10 21:18:00,13368,13379,13366,13372,1044,157259,139734510.0,OI2209
2022-05-10 21:19:00,13376,13387,13372,13386,2741,157217,366664770.0,OI2209
2022-05-10 21:20:00,13384,13400,13380,13395,1651,156836,221235580.0,OI2209
2022-05-10 21:21:00,13395,13414,13395,13412,1138,156916,152363090.0,OI2209
2022-05-10 21:22:00,13413,13416,13406,13416,1045,156924,140228550.0,OI2209
2022-05-10 21:23:00,13417,13422,13408,13416,1058,156946,141973020.0,OI2209
2022-05-10 21:24:00,13412,13431,13412,13424,894,156938,119965860.0,OI2209
2022-05-10 21:25:00,13424,13426,13414,13418,495,156937,66424050.0,OI2209
2022-05-10 21:26:00,13418,13419,13408,13413,474,156976,63606060.0,OI2209
2022-05-10 21:27:00,13412,13420,13411,13417,364,157013,48845160.0,OI2209
2022-05-10 21:28:00,13417,13419,13413,13415,178,157033,23885820.0,OI2209
2022-05-10 21:29:00,13416,13429,13415,13427,484,157072,64947960.0,OI2209
2022-05-10 21:30:00,13428,13434,13418,13433,603,157109,80916570.0,OI2209
2022-05-10 21:31:00,13433,13446,13430,13438,1334,157078,179435260.0,OI2209
2022-05-10 21:32:00,13438,13444,13430,13432,760,157100,101992000.0,OI2209
2022-05-10 21:33:00,13432,13434,13425,13432,618,157096,82935600.0,OI2209
2022-05-10 21:34:00,13432,13443,13431,13437,498,157164,66831600.0,OI2209
2022-05-10 21:35:00,13437,13447,13423,13424,685,157147,92378410.0,OI2209
2022-05-10 21:36:00,13424,13425,13409,13409,1072,156980,143873120.0,OI2209
2022-05-10 21:37:00,13410,13422,13407,13420,678,156950,90994380.0,OI2209
2022-05-10 21:38:00,13421,13422,13411,13416,359,156979,48181390.0,OI2209
2022-05-10 21:39:00,13415,13427,13415,13426,325,156967,43618250.0,OI2209
2022-05-10 21:40:00,13425,13434,13423,13429,422,156974,56636620.0,OI2209
2022-05-10 21:41:00,13429,13439,13428,13432,368,156974,49389280.0,OI2209
2022-05-10 21:42:00,13432,13438,13431,13434,294,157001,39457740.0,OI2209
2022-05-10 21:43:00,13433,13441,13432,13433,475,157117,63749750.0,OI2209
2022-05-10 21:44:00,13433,13441,13432,13438,383,157183,51402430.0,OI2209
2022-05-10 21:45:00,13439,13445,13424,13424,689,157133,92470690.0,OI2209
2022-05-10 21:46:00,13422,13430,13419,13422,669,157276,89786490.0,OI2209
2022-05-10 21:47:00,13422,13426,13419,13420,234,157296,31405140.0,OI2209
2022-05-10 21:48:00,13422,13426,13419,13423,233,157283,31270930.0,OI2209
2022-05-10 21:49:00,13423,13430,13413,13414,597,157376,80123370.0,OI2209
2022-05-10 21:50:00,13414,13418,13411,13415,367,157427,49255070.0,OI2209
2022-05-10 21:51:00,13416,13420,13411,13411,236,157406,31673560.0,OI2209
2022-05-10 21:52:00,13411,13428,13409,13428,491,157435,65897110.0,OI2209
2022-05-10 21:53:00,13427,13430,13420,13420,397,157384,53281370.0,OI2209
2022-05-10 21:54:00,13423,13430,13420,13425,198,157382,26573580.0,OI2209
2022-05-10 21:55:00,13425,13433,13422,13428,321,157355,43081410.0,OI2209
2022-05-10 21:56:00,13428,13432,13424,13427,161,157333,21607810.0,OI2209
2022-05-10 21:57:00,13426,13431,13421,13421,199,157353,26707790.0,OI2209
2022-05-10 21:58:00,13423,13435,13421,13433,292,157384,39189320.0,OI2209
2022-05-10 21:59:00,13434,13434,13427,13433,239,157353,32076190.0,OI2209
2022-05-10 22:00:00,13435,13438,13427,13429,294,157350,40009080.0,OI2209
2022-05-10 22:01:00,13427,13433,13427,13431,193,157339,25904460.0,OI2209
2022-05-10 22:02:00,13431,13442,13430,13440,329,157367,44158380.0,OI2209
2022-05-10 22:03:00,13440,13444,13437,13437,388,157373,52077360.0,OI2209
2022-05-10 22:04:00,13437,13454,13437,13446,772,157381,103617840.0,OI2209
2022-05-10 22:05:00,13448,13458,13447,13453,788,157531,106341400.0,OI2209
2022-05-10 22:06:00,13453,13456,13447,13452,588,157691,78927240.0,OI2209
2022-05-10 22:07:00,13451,13462,13451,13462,630,157763,84564900.0,OI2209
2022-05-10 22:08:00,13464,13468,13459,13468,640,157870,86501820.0,OI2209
2022-05-10 22:09:00,13469,13470,13454,13459,894,157848,120010560.0,OI2209
2022-05-10 22:10:00,13459,13467,13458,13462,386,157971,51816640.0,OI2209
2022-05-10 22:11:00,13462,13472,13458,13470,2825,158333,380499340.0,OI2209
2022-05-10 22:12:00,13471,13473,13464,13464,2681,158315,361276020.0,OI2209
2022-05-10 22:13:00,13464,13469,13453,13457,2242,158542,301740660.0,OI2209
2022-05-10 22:14:00,13458,13462,13451,13459,1164,158313,157010100.0,OI2209
2022-05-10 22:15:00,13460,13465,13458,13463,385,158378,51705500.0,OI2209
2022-05-10 22:16:00,13465,13475,13464,13469,504,158402,67687200.0,OI2209
2022-05-10 22:17:00,13469,13479,13467,13478,462,158518,62046600.0,OI2209
2022-05-10 22:18:00,13478,13478,13468,13468,412,158542,56045770.0,OI2209
2022-05-10 22:19:00,13468,13476,13468,13469,239,158556,32100090.0,OI2209
2022-05-10 22:20:00,13470,13470,13453,13462,889,158431,119401590.0,OI2209
2022-05-10 22:21:00,13460,13464,13456,13457,290,158376,38949900.0,OI2209
2022-05-10 22:22:00,13456,13460,13452,13457,307,158333,41233170.0,OI2209
2022-05-10 22:23:00,13458,13465,13454,13454,145,158364,19474950.0,OI2209
2022-05-10 22:24:00,13457,13462,13456,13460,117,158403,15714270.0,OI2209
2022-05-10 22:25:00,13461,13464,13457,13458,147,158401,19743570.0,OI2209
2022-05-10 22:26:00,13459,13463,13458,13461,94,158403,12625140.0,OI2209
2022-05-10 22:27:00,13460,13468,13459,13467,242,158399,33241890.0,OI2209
2022-05-10 22:28:00,13467,13470,13459,13459,212,158369,28475840.0,OI2209
2022-05-10 22:29:00,13460,13468,13459,13468,109,158382,14640880.0,OI2209
2022-05-10 22:30:00,13468,13475,13468,13473,661,158502,88785520.0,OI2209
2022-05-10 22:31:00,13474,13477,13469,13473,360,158594,48355200.0,OI2209
2022-05-10 22:32:00,13472,13485,13472,13481,688,158517,93171330.0,OI2209
2022-05-10 22:33:00,13483,13488,13481,13483,531,158584,71329230.0,OI2209
2022-05-10 22:34:00,13483,13486,13476,13482,217,158590,29149610.0,OI2209
2022-05-10 22:35:00,13484,13493,13479,13491,538,158547,73041570.0,OI2209
2022-05-10 22:36:00,13492,13495,13480,13485,467,158572,62736780.0,OI2209
2022-05-10 22:37:00,13485,13491,13482,13488,182,158604,24449880.0,OI2209
2022-05-10 22:38:00,13489,13493,13484,13487,226,158643,30360840.0,OI2209
2022-05-10 22:39:00,13487,13488,13478,13481,374,158617,50243160.0,OI2209
2022-05-10 22:40:00,13480,13483,13473,13477,451,158586,61376370.0,OI2209
2022-05-10 22:41:00,13478,13480,13471,13475,237,158584,31840950.0,OI2209
2022-05-10 22:42:00,13473,13475,13469,13474,200,158605,26870000.0,OI2209
2022-05-10 22:43:00,13473,13475,13465,13465,555,158480,74564250.0,OI2209
2022-05-10 22:44:00,13465,13469,13461,13468,178,158464,23914300.0,OI2209
2022-05-10 22:45:00,13468,13472,13467,13469,160,158467,21496000.0,OI2209
2022-05-10 22:46:00,13468,13474,13468,13472,216,158415,29019600.0,OI2209
2022-05-10 22:47:00,13473,13473,13459,13463,351,158318,47156850.0,OI2209
2022-05-10 22:48:00,13461,13463,13457,13458,215,158274,29695400.0,OI2209
2022-05-10 22:49:00,13456,13461,13453,13455,435,158154,58446600.0,OI2209
2022-05-10 22:50:00,13456,13464,13455,13457,416,158094,55893760.0,OI2209
2022-05-10 22:51:00,13457,13462,13455,13458,316,158040,42457760.0,OI2209
2022-05-10 22:52:00,13460,13477,13457,13474,510,157969,68523600.0,OI2209
2022-05-10 22:53:00,13474,13477,13469,13470,304,157961,40845440.0,OI2209
2022-05-10 22:54:00,13470,13473,13463,13469,180,157911,24184800.0,OI2209
2022-05-10 22:55:00,13469,13488,13465,13485,583,157926,79169470.0,OI2209
2022-05-10 22:56:00,13485,13488,13480,13486,461,157964,61944570.0,OI2209
2022-05-10 22:57:00,13486,13487,13481,13482,184,157940,24724080.0,OI2209
2022-05-10 22:58:00,13482,13485,13472,13475,334,157807,44879580.0,OI2209
2022-05-10 22:59:00,13473,13474,13466,13472,418,157568,56166660.0,OI2209
2022-05-11 09:00:00,13451,13464,13441,13443,1671,157655,225400540.0,OI2209
2022-05-11 09:01:00,13444,13448,13434,13447,1102,157444,148086760.0,OI2209
2022-05-11 09:02:00,13446,13451,13425,13428,846,157369,113685480.0,OI2209
2022-05-11 09:03:00,13427,13440,13425,13432,1041,157244,139889580.0,OI2209
2022-05-11 09:04:00,13435,13439,13431,13433,342,157198,45957960.0,OI2209
2022-05-11 09:05:00,13432,13432,13420,13422,616,157160,82371300.0,OI2209
2022-05-11 09:06:00,13422,13431,13421,13427,430,156998,57779100.0,OI2209
2022-05-11 09:07:00,13428,13434,13428,13430,376,156992,50523120.0,OI2209
2022-05-11 09:08:00,13430,13436,13426,13435,344,156934,46223280.0,OI2209
2022-05-11 09:09:00,13437,13451,13432,13441,470,156835,63153900.0,OI2209
2022-05-11 09:10:00,13441,13453,13438,13452,422,156732,56704140.0,OI2209
2022-05-11 09:11:00,13451,13452,13443,13447,284,156745,38161080.0,OI2209
2022-05-11 09:12:00,13446,13448,13439,13441,172,156716,23111640.0,OI2209
2022-05-11 09:13:00,13441,13443,13434,13441,169,156678,22708530.0,OI2209
2022-05-11 09:14:00,13439,13448,13438,13441,163,156648,21902310.0,OI2209
2022-05-11 09:15:00,13440,13451,13440,13450,321,156667,43132770.0,OI2209
2022-05-11 09:16:00,13447,13447,13442,13444,164,156692,22036680.0,OI2209
2022-05-11 09:17:00,13446,13464,13445,13457,475,156595,64771390.0,OI2209
2022-05-11 09:18:00,13457,13460,13451,13459,300,156650,40314000.0,OI2209
2022-05-11 09:19:00,13457,13461,13452,13454,286,156700,38432680.0,OI2209
2022-05-11 09:20:00,13454,13462,13454,13461,272,156638,36551360.0,OI2209
2022-05-11 09:21:00,13461,13465,13457,13460,122,156604,16394360.0,OI2209
2022-05-11 09:22:00,13457,13468,13457,13465,196,156584,26338480.0,OI2209
2022-05-11 09:23:00,13468,13472,13462,13470,314,156622,42195320.0,OI2209
2022-05-11 09:24:00,13471,13474,13464,13470,413,156584,55498940.0,OI2209
2022-05-11 09:25:00,13469,13470,13460,13463,285,156545,38298300.0,OI2209
2022-05-11 09:26:00,13461,13461,13448,13454,319,156478,42867220.0,OI2209
2022-05-11 09:27:00,13453,13453,13443,13445,268,156460,36013840.0,OI2209
2022-05-11 09:28:00,13445,13445,13435,13439,292,156443,39238960.0,OI2209
2022-05-11 09:29:00,13438,13445,13437,13440,268,156405,36013840.0,OI2209
2022-05-11 09:30:00,13439,13458,13438,13456,354,156351,47570520.0,OI2209
2022-05-11 09:31:00,13458,13469,13453,13467,380,156331,51064400.0,OI2209
2022-05-11 09:32:00,13467,13479,13467,13472,545,156256,74228880.0,OI2209
2022-05-11 09:33:00,13472,13472,13464,13470,369,156245,49589910.0,OI2209
2022-05-11 09:34:00,13472,13472,13458,13464,230,156246,30909700.0,OI2209
2022-05-11 09:35:00,13465,13467,13461,13465,194,156256,26071660.0,OI2209
2022-05-11 09:36:00,13465,13465,13456,13462,174,156265,23383860.0,OI2209
2022-05-11 09:37:00,13463,13474,13457,13472,305,156240,40988950.0,OI2209
2022-05-11 09:38:00,13473,13476,13469,13469,292,156250,39241880.0,OI2209
2022-05-11 09:39:00,13469,13475,13467,13475,225,156236,30237750.0,OI2209
2022-05-11 09:40:00,13475,13486,13472,13486,578,156266,77677420.0,OI2209
2022-05-11 09:41:00,13486,13489,13481,13488,427,156318,57384530.0,OI2209
2022-05-11 09:42:00,13486,13499,13486,13489,780,156433,105851720.0,OI2209
2022-05-11 09:43:00,13489,13490,13481,13485,292,156437,39244800.0,OI2209
2022-05-11 09:44:00,13485,13491,13481,13491,195,156449,26208000.0,OI2209
2022-05-11 09:45:00,13492,13494,13482,13485,355,156530,47712000.0,OI2209
2022-05-11 09:46:00,13485,13505,13485,13502,653,156621,88805670.0,OI2209
2022-05-11 09:47:00,13500,13516,13500,13508,998,156686,134141180.0,OI2209
2022-05-11 09:48:00,13506,13509,13496,13501,369,156682,49597290.0,OI2209
2022-05-11 09:49:00,13501,13512,13494,13510,387,156726,53076680.0,OI2209
2022-05-11 09:50:00,13514,13514,13499,13503,435,156788,58472700.0,OI2209
2022-05-11 09:51:00,13505,13506,13493,13495,367,156800,49332140.0,OI2209
2022-05-11 09:52:00,13494,13504,13492,13503,200,156847,26884000.0,OI2209
2022-05-11 09:53:00,13501,13508,13498,13499,241,156851,32395220.0,OI2209
2022-05-11 09:54:00,13499,13500,13481,13483,527,156751,71917050.0,OI2209
2022-05-11 09:55:00,13483,13486,13476,13484,329,156748,44227470.0,OI2209
2022-05-11 09:56:00,13484,13489,13475,13489,372,156717,50007960.0,OI2209
2022-05-11 09:57:00,13487,13489,13478,13487,154,156718,20702220.0,OI2209
2022-05-11 09:58:00,13486,13497,13483,13497,247,156691,33204210.0,OI2209
2022-05-11 09:59:00,13497,13499,13491,13494,179,156704,24062970.0,OI2209
2022-05-11 10:00:00,13495,13495,13486,13488,222,156668,29843460.0,OI2209
2022-05-11 10:01:00,13488,13490,13476,13483,270,156632,36296100.0,OI2209
2022-05-11 10:02:00,13485,13485,13472,13474,203,156590,27289290.0,OI2209
2022-05-11 10:03:00,13475,13482,13475,13478,189,156572,25407270.0,OI2209
2022-05-11 10:04:00,13478,13482,13472,13479,240,156512,33364960.0,OI2209
2022-05-11 10:05:00,13479,13494,13479,13489,289,156494,38853160.0,OI2209
2022-05-11 10:06:00,13489,13493,13484,13484,199,156455,26753560.0,OI2209
2022-05-11 10:07:00,13484,13488,13476,13486,221,156439,29711240.0,OI2209
2022-05-11 10:08:00,13484,13494,13484,13494,123,156432,16536120.0,OI2209
2022-05-11 10:09:00,13494,13495,13487,13494,140,156468,18821600.0,OI2209
2022-05-11 10:10:00,13494,13500,13479,13484,318,156466,42751920.0,OI2209
2022-05-11 10:11:00,13485,13489,13480,13489,240,156431,32265600.0,OI2209
2022-05-11 10:12:00,13486,13486,13477,13483,283,156373,38046520.0,OI2209
2022-05-11 10:13:00,13483,13494,13482,13491,190,156372,25543600.0,OI2209
2022-05-11 10:14:00,13491,13494,13484,13494,143,156334,19224920.0,OI2209
2022-05-11 10:30:00,13511,13512,13497,13498,1140,156298,154396220.0,OI2209
2022-05-11 10:31:00,13496,13506,13489,13503,406,156232,54586700.0,OI2209
2022-05-11 10:32:00,13505,13515,13499,13502,562,156235,75560900.0,OI2209
2022-05-11 10:33:00,13502,13515,13501,13511,411,156184,56407360.0,OI2209
2022-05-11 10:34:00,13512,13513,13505,13508,176,156167,23664960.0,OI2209
2022-05-11 10:35:00,13508,13508,13495,13499,289,156152,38858940.0,OI2209
2022-05-11 10:36:00,13499,13499,13488,13496,529,156100,71129340.0,OI2209
2022-05-11 10:37:00,13497,13497,13483,13487,219,156106,29446740.0,OI2209
2022-05-11 10:38:00,13487,13489,13483,13485,202,156143,27160920.0,OI2209
2022-05-11 10:39:00,13485,13486,13477,13480,238,156139,32001480.0,OI2209
2022-05-11 10:40:00,13482,13488,13478,13488,191,156132,25681860.0,OI2209
2022-05-11 10:41:00,13489,13489,13476,13476,231,156171,31060260.0,OI2209
2022-05-11 10:42:00,13477,13484,13477,13480,130,156152,17479800.0,OI2209
2022-05-11 10:43:00,13480,13482,13473,13481,190,156137,26719760.0,OI2209
2022-05-11 10:44:00,13482,13487,13479,13482,162,156169,21784140.0,OI2209
2022-05-11 10:45:00,13481,13483,13469,13471,480,156136,64545600.0,OI2209
2022-05-11 10:46:00,13470,13474,13465,13466,347,156091,46661090.0,OI2209
2022-05-11 10:47:00,13466,13470,13466,13467,240,156046,32272800.0,OI2209
2022-05-11 10:48:00,13467,13467,13456,13458,597,155968,80278590.0,OI2209
2022-05-11 10:49:00,13459,13467,13458,13466,222,155967,29852340.0,OI2209
2022-05-11 10:50:00,13466,13467,13462,13467,157,155971,21111790.0,OI2209
2022-05-11 10:51:00,13467,13470,13465,13469,148,155961,19901560.0,OI2209
2022-05-11 10:52:00,13470,13472,13464,13470,251,155949,33751970.0,OI2209
2022-05-11 10:53:00,13471,13471,13466,13470,152,155995,20439440.0,OI2209
2022-05-11 10:54:00,13471,13472,13466,13471,102,155995,13715940.0,OI2209
2022-05-11 10:55:00,13470,13475,13463,13463,179,155979,24070130.0,OI2209
2022-05-11 10:56:00,13463,13473,13461,13470,128,155966,17212160.0,OI2209
2022-05-11 10:57:00,13473,13476,13469,13473,181,155987,24339070.0,OI2209
2022-05-11 10:58:00,13472,13479,13471,13479,166,155951,22322020.0,OI2209
2022-05-11 10:59:00,13480,13484,13476,13478,197,155900,26490590.0,OI2209
2022-05-11 11:00:00,13478,13484,13477,13477,192,155865,25818240.0,OI2209
2022-05-11 11:01:00,13475,13478,13467,13468,179,155892,24070130.0,OI2209
2022-05-11 11:02:00,13467,13470,13458,13458,232,155905,31197040.0,OI2209
2022-05-11 11:03:00,13461,13467,13457,13466,150,155886,20170500.0,OI2209
2022-05-11 11:04:00,13467,13467,13458,13461,156,155902,20977320.0,OI2209
2022-05-11 11:05:00,13460,13470,13456,13467,218,155943,29314460.0,OI2209
2022-05-11 11:06:00,13468,13474,13459,13461,225,155951,30255750.0,OI2209
2022-05-11 11:07:00,13462,13472,13460,13470,145,155977,19498150.0,OI2209
2022-05-11 11:08:00,13468,13478,13468,13474,208,155971,29196260.0,OI2209
2022-05-11 11:09:00,13476,13477,13468,13474,119,155990,16003120.0,OI2209
2022-05-11 11:10:00,13474,13475,13465,13468,101,156000,13582480.0,OI2209
2022-05-11 11:11:00,13468,13470,13464,13468,96,155992,12910080.0,OI2209
2022-05-11 11:12:00,13467,13471,13465,13468,111,155981,14927280.0,OI2209
2022-05-11 11:13:00,13467,13468,13464,13465,46,155972,6186080.0,OI2209
2022-05-11 11:14:00,13466,13470,13462,13462,138,155971,18558240.0,OI2209
2022-05-11 11:15:00,13464,13471,13462,13465,171,155972,22996080.0,OI2209
2022-05-11 11:16:00,13463,13472,13456,13460,254,155987,34157920.0,OI2209
2022-05-11 11:17:00,13461,13468,13460,13463,332,156160,44647360.0,OI2209
2022-05-11 11:18:00,13463,13471,13463,13468,200,156118,26896000.0,OI2209
2022-05-11 11:19:00,13469,13473,13466,13471,246,156212,33082080.0,OI2209
2022-05-11 11:20:00,13472,13473,13466,13466,99,156183,13313520.0,OI2209
2022-05-11 11:21:00,13465,13477,13464,13474,330,156242,44378400.0,OI2209
2022-05-11 11:22:00,13473,13476,13469,13476,112,156223,15061760.0,OI2209
2022-05-11 11:23:00,13476,13476,13470,13471,69,156209,9279120.0,OI2209
2022-05-11 11:24:00,13470,13474,13462,13472,284,156272,38192320.0,OI2209
2022-05-11 11:25:00,13473,13475,13467,13469,221,156224,29720080.0,OI2209
2022-05-11 11:26:00,13470,13470,13460,13463,294,156301,39537120.0,OI2209
2022-05-11 11:27:00,13463,13466,13460,13460,180,156305,24206400.0,OI2209
2022-05-11 11:28:00,13460,13463,13450,13453,451,156350,60650480.0,OI2209
2022-05-11 11:29:00,13454,13458,13450,13456,321,156314,43168080.0,OI2209
2022-05-11 13:30:00,13472,13497,13470,13492,1604,156112,216990210.0,OI2209
2022-05-11 13:31:00,13492,13515,13492,13514,1518,155855,204155820.0,OI2209
2022-05-11 13:32:00,13515,13530,13514,13518,1067,155708,144810970.0,OI2209
2022-05-11 13:33:00,13518,13527,13511,13512,661,155720,88904500.0,OI2209
2022-05-11 13:34:00,13513,13515,13504,13512,485,155672,65232500.0,OI2209
2022-05-11 13:35:00,13515,13515,13503,13506,281,155656,37794500.0,OI2209
2022-05-11 13:36:00,13505,13507,13498,13499,279,155648,38852700.0,OI2209
2022-05-11 13:37:00,13498,13503,13492,13495,403,155593,54207530.0,OI2209
2022-05-11 13:38:00,13495,13500,13488,13490,360,155562,48423600.0,OI2209
2022-05-11 13:39:00,13488,13493,13483,13484,365,155546,49096150.0,OI2209
2022-05-11 13:40:00,13485,13491,13484,13487,225,155555,30264750.0,OI2209
2022-05-11 13:41:00,13488,13493,13486,13488,147,155546,19772970.0,OI2209
2022-05-11 13:42:00,13487,13487,13473,13477,398,155554,53534980.0,OI2209
2022-05-11 13:43:00,13477,13488,13474,13477,364,155532,48961640.0,OI2209
2022-05-11 13:44:00,13476,13478,13467,13470,443,155655,59587930.0,OI2209
2022-05-11 13:45:00,13471,13485,13471,13482,344,155675,46271440.0,OI2209
2022-05-11 13:46:00,13481,13482,13477,13481,95,155686,12778450.0,OI2209
2022-05-11 13:47:00,13478,13482,13474,13474,149,155684,20041990.0,OI2209
2022-05-11 13:48:00,13475,13481,13473,13481,121,155701,16275710.0,OI2209
2022-05-11 13:49:00,13481,13482,13474,13475,112,155682,15065120.0,OI2209
2022-05-11 13:50:00,13477,13478,13474,13475,89,155697,11971390.0,OI2209
2022-05-11 13:51:00,13475,13484,13474,13481,161,155734,21656110.0,OI2209
2022-05-11 13:52:00,13483,13489,13481,13489,213,155749,30017720.0,OI2209
2022-05-11 13:53:00,13486,13490,13482,13484,262,155745,35244240.0,OI2209
2022-05-11 13:54:00,13483,13485,13482,13484,73,155750,9819960.0,OI2209
2022-05-11 13:55:00,13485,13492,13484,13490,273,155763,36723960.0,OI2209
2022-05-11 13:56:00,13489,13490,13482,13482,98,155762,13182960.0,OI2209
2022-05-11 13:57:00,13482,13485,13478,13482,239,155746,32150280.0,OI2209
2022-05-11 13:58:00,13481,13481,13476,13479,138,155730,18563760.0,OI2209
2022-05-11 13:59:00,13477,13478,13473,13475,106,155736,14259120.0,OI2209
2022-05-11 14:00:00,13473,13481,13466,13468,547,155748,73582440.0,OI2209
2022-05-11 14:01:00,13468,13476,13465,13474,206,155743,27711120.0,OI2209
2022-05-11 14:02:00,13475,13479,13471,13478,182,155759,24482640.0,OI2209
2022-05-11 14:03:00,13477,13478,13475,13476,95,155761,12779400.0,OI2209
2022-05-11 14:04:00,13476,13478,13468,13472,215,155806,28921800.0,OI2209
2022-05-11 14:05:00,13471,13472,13463,13466,278,155802,37396560.0,OI2209
2022-05-11 14:06:00,13467,13467,13460,13464,277,155885,37262040.0,OI2209
2022-05-11 14:07:00,13464,13466,13456,13458,295,155971,39683400.0,OI2209
2022-05-11 14:08:00,13460,13460,13454,13459,365,156014,49099800.0,OI2209
2022-05-11 14:09:00,13459,13463,13454,13454,297,155998,39952440.0,OI2209
2022-05-11 14:10:00,13454,13461,13452,13460,252,156033,33899040.0,OI2209
2022-05-11 14:11:00,13460,13461,13450,13451,569,156245,76541880.0,OI2209
2022-05-11 14:12:00,13453,13457,13450,13457,152,156273,20447040.0,OI2209
2022-05-11 14:13:00,13457,13464,13454,13463,230,156275,30939600.0,OI2209
2022-05-11 14:14:00,13461,13465,13460,13464,122,156287,16411440.0,OI2209
2022-05-11 14:15:00,13462,13470,13458,13458,307,156324,41297640.0,OI2209
2022-05-11 14:16:00,13458,13464,13458,13462,103,156341,13855560.0,OI2209
2022-05-11 14:17:00,13463,13463,13454,13456,227,156376,30536040.0,OI2209
2022-05-11 14:18:00,13455,13462,13454,13462,99,156392,13317480.0,OI2209
2022-05-11 14:19:00,13461,13468,13461,13468,247,156327,33226440.0,OI2209
2022-05-11 14:20:00,13468,13469,13460,13460,107,156326,14393640.0,OI2209
2022-05-11 14:21:00,13460,13460,13455,13457,93,156338,12510360.0,OI2209
2022-05-11 14:22:00,13456,13460,13447,13460,409,156399,55018680.0,OI2209
2022-05-11 14:23:00,13459,13475,13459,13474,410,156365,55153200.0,OI2209
2022-05-11 14:24:00,13474,13474,13468,13471,218,156326,29325360.0,OI2209
2022-05-11 14:25:00,13472,13472,13461,13461,151,156359,20312520.0,OI2209
2022-05-11 14:26:00,13460,13467,13460,13464,94,156385,12644880.0,OI2209
2022-05-11 14:27:00,13464,13472,13459,13463,168,156368,22599360.0,OI2209
2022-05-11 14:28:00,13461,13464,13454,13458,198,156349,26634960.0,OI2209
2022-05-11 14:29:00,13459,13465,13457,13458,182,156356,24482640.0,OI2209
2022-05-11 14:30:00,13460,13460,13448,13451,495,156388,66587400.0,OI2209
2022-05-11 14:31:00,13451,13453,13450,13452,131,156413,17622120.0,OI2209
2022-05-11 14:32:00,13453,13462,13452,13460,231,156349,31074120.0,OI2209
2022-05-11 14:33:00,13459,13461,13442,13446,588,156400,79097760.0,OI2209
2022-05-11 14:34:00,13446,13457,13446,13451,201,156417,27038520.0,OI2209
2022-05-11 14:35:00,13451,13458,13451,13456,106,156392,14259120.0,OI2209
2022-05-11 14:36:00,13457,13460,13449,13449,172,156374,23137440.0,OI2209
2022-05-11 14:37:00,13449,13456,13449,13456,117,156389,15738840.0,OI2209
2022-05-11 14:38:00,13457,13457,13451,13451,68,156394,9147360.0,OI2209
2022-05-11 14:39:00,13453,13453,13448,13453,207,156384,27845640.0,OI2209
2022-05-11 14:40:00,13452,13462,13452,13462,276,156336,37127520.0,OI2209
2022-05-11 14:41:00,13460,13463,13458,13459,160,156306,21523200.0,OI2209
2022-05-11 14:42:00,13461,13470,13461,13466,328,156274,44122560.0,OI2209
2022-05-11 14:43:00,13466,13470,13463,13463,125,156233,16815000.0,OI2209
2022-05-11 14:44:00,13463,13464,13461,13462,50,156232,6726000.0,OI2209
2022-05-11 14:45:00,13462,13472,13462,13469,184,156215,24751680.0,OI2209
2022-05-11 14:46:00,13471,13472,13467,13467,289,156208,38876280.0,OI2209
2022-05-11 14:47:00,13468,13469,13467,13468,83,156176,11165160.0,OI2209
2022-05-11 14:48:00,13468,13471,13466,13466,97,156135,13048440.0,OI2209
2022-05-11 14:49:00,13465,13467,13462,13465,116,156118,17094490.0,OI2209
2022-05-11 14:50:00,13467,13467,13456,13459,378,155996,50852340.0,OI2209
2022-05-11 14:51:00,13459,13461,13452,13457,245,155958,32959850.0,OI2209
2022-05-11 14:52:00,13459,13459,13455,13457,151,155936,20314030.0,OI2209
2022-05-11 14:53:00,13459,13459,13448,13453,464,155942,62421920.0,OI2209
2022-05-11 14:54:00,13453,13453,13447,13450,216,155873,29058480.0,OI2209
2022-05-11 14:55:00,13451,13451,13442,13444,503,155752,67668590.0,OI2209
2022-05-11 14:56:00,13444,13449,13444,13449,307,155716,40493410.0,OI2209
2022-05-11 14:57:00,13447,13450,13447,13447,317,155601,42642840.0,OI2209
2022-05-11 14:58:00,13449,13459,13448,13458,391,155451,52597320.0,OI2209
2022-05-11 14:59:00,13458,13459,13452,13452,290,155373,40533590.0,OI2209
2022-05-11 21:00:00,13470,13474,13422,13426,4428,155985,595344600.0,OI2209
2022-05-11 21:01:00,13419,13450,13410,13437,2680,155975,359970600.0,OI2209
2022-05-11 21:02:00,13436,13438,13416,13423,1083,156067,145391380.0,OI2209
2022-05-11 21:03:00,13421,13424,13384,13413,2331,156040,312503240.0,OI2209
2022-05-11 21:04:00,13415,13418,13405,13416,1699,155878,227826060.0,OI2209
2022-05-11 21:05:00,13415,13435,13405,13420,2818,155958,378250650.0,OI2209
2022-05-11 21:06:00,13416,13432,13414,13420,4893,155753,656783790.0,OI2209
2022-05-11 21:07:00,13420,13434,13409,13433,2341,155411,314302660.0,OI2209
2022-05-11 21:08:00,13432,13435,13426,13431,677,155355,90894020.0,OI2209
2022-05-11 21:09:00,13429,13430,13421,13423,481,155273,64579060.0,OI2209
2022-05-11 21:10:00,13427,13428,13411,13417,1024,155213,137237690.0,OI2209
2022-05-11 21:11:00,13418,13445,13415,13444,1470,154971,197606750.0,OI2209
2022-05-11 21:12:00,13443,13475,13443,13464,1623,154851,218454940.0,OI2209
2022-05-11 21:13:00,13465,13467,13455,13460,871,154783,117242070.0,OI2209
2022-05-11 21:14:00,13459,13467,13457,13464,447,154731,60316290.0,OI2209
2022-05-11 21:15:00,13465,13475,13462,13471,682,154805,91888080.0,OI2209
2022-05-11 21:16:00,13472,13472,13461,13462,447,154836,60036570.0,OI2209
2022-05-11 21:17:00,13464,13468,13460,13468,413,154831,55774110.0,OI2209
2022-05-11 21:18:00,13468,13497,13468,13489,1198,154869,161231420.0,OI2209
2022-05-11 21:19:00,13490,13494,13481,13493,577,154882,77830240.0,OI2209
2022-05-11 21:20:00,13493,13507,13490,13499,1336,154891,180483810.0,OI2209
2022-05-11 21:21:00,13498,13503,13492,13500,763,154814,102867130.0,OI2209
2022-05-11 21:22:00,13499,13501,13490,13492,428,154820,57861740.0,OI2209
2022-05-11 21:23:00,13490,13492,13475,13479,896,154622,120769500.0,OI2209
2022-05-11 21:24:00,13481,13496,13479,13493,272,154664,36915580.0,OI2209
2022-05-11 21:25:00,13492,13496,13478,13483,414,154584,55645740.0,OI2209
2022-05-11 21:26:00,13484,13499,13482,13499,263,154577,35349830.0,OI2209
2022-05-11 21:27:00,13499,13514,13497,13511,891,154617,120508230.0,OI2209
2022-05-11 21:28:00,13510,13526,13508,13523,955,154716,129148670.0,OI2209
2022-05-11 21:29:00,13524,13541,13524,13540,1232,154877,166831390.0,OI2209
2022-05-11 21:30:00,13540,13565,13540,13551,1783,154955,241434480.0,OI2209
2022-05-11 21:31:00,13552,13577,13551,13568,1210,155118,164047980.0,OI2209
2022-05-11 21:32:00,13569,13580,13562,13571,1556,155061,211127080.0,OI2209
2022-05-11 21:33:00,13570,13572,13561,13564,859,155005,116513630.0,OI2209
2022-05-11 21:34:00,13564,13573,13558,13569,818,155032,111028160.0,OI2209
2022-05-11 21:35:00,13568,13572,13559,13559,586,155075,79822080.0,OI2209
2022-05-11 21:36:00,13559,13570,13555,13568,430,155110,57899500.0,OI2209
2022-05-11 21:37:00,13569,13577,13563,13571,668,155196,90897060.0,OI2209
2022-05-11 21:38:00,13572,13597,13571,13596,1287,155272,174785190.0,OI2209
2022-05-11 21:39:00,13592,13594,13582,13584,543,155266,73635830.0,OI2209
2022-05-11 21:40:00,13584,13594,13572,13583,949,155284,128846230.0,OI2209
2022-05-11 21:41:00,13583,13592,13579,13582,582,155354,79430940.0,OI2209
2022-05-11 21:42:00,13580,13595,13580,13582,266,155365,35843500.0,OI2209
2022-05-11 21:43:00,13584,13604,13584,13603,728,155508,99135960.0,OI2209
2022-05-11 21:44:00,13603,13611,13597,13602,869,155454,118170470.0,OI2209
2022-05-11 21:45:00,13602,13608,13582,13589,757,155482,103106510.0,OI2209
2022-05-11 21:46:00,13590,13591,13575,13584,722,155391,97875280.0,OI2209
2022-05-11 21:47:00,13583,13593,13582,13588,270,155433,36946560.0,OI2209
2022-05-11 21:48:00,13589,13596,13583,13590,484,155492,65257720.0,OI2209
2022-05-11 21:49:00,13591,13594,13587,13588,277,155525,37900680.0,OI2209
2022-05-11 21:50:00,13592,13595,13581,13583,445,155534,60561020.0,OI2209
2022-05-11 21:51:00,13583,13583,13572,13575,357,155471,48141450.0,OI2209
2022-05-11 21:52:00,13575,13576,13570,13573,386,155486,52616750.0,OI2209
2022-05-11 21:53:00,13571,13572,13563,13569,463,155415,63009460.0,OI2209
2022-05-11 21:54:00,13568,13570,13557,13561,458,155348,61770460.0,OI2209
2022-05-11 21:55:00,13562,13567,13556,13561,455,155264,61944260.0,OI2209
2022-05-11 21:56:00,13560,13565,13553,13558,336,155205,45319680.0,OI2209
2022-05-11 21:57:00,13557,13558,13551,13553,389,155141,53053980.0,OI2209
2022-05-11 21:58:00,13555,13562,13553,13560,359,155131,48425510.0,OI2209
2022-05-11 21:59:00,13561,13567,13555,13556,645,155184,87599750.0,OI2209
2022-05-11 22:00:00,13555,13566,13553,13564,418,155163,56388200.0,OI2209
2022-05-11 22:01:00,13563,13564,13553,13558,310,155169,42421980.0,OI2209
2022-05-11 22:02:00,13559,13563,13551,13553,362,155169,48837420.0,OI2209
2022-05-11 22:03:00,13553,13557,13540,13550,551,155100,74947520.0,OI2209
2022-05-11 22:04:00,13550,13553,13544,13544,478,155181,64491760.0,OI2209
2022-05-11 22:05:00,13542,13547,13534,13545,550,155074,74828390.0,OI2209
2022-05-11 22:06:00,13547,13547,13527,13529,580,155113,78259400.0,OI2209
2022-05-11 22:07:00,13532,13532,13521,13526,560,155139,75560800.0,OI2209
2022-05-11 22:08:00,13527,13531,13524,13531,401,155109,54106930.0,OI2209
2022-05-11 22:09:00,13530,13534,13526,13531,347,155116,47461980.0,OI2209
2022-05-11 22:10:00,13530,13531,13522,13527,374,155163,50467560.0,OI2209
2022-05-11 22:11:00,13527,13531,13520,13523,645,155081,87036300.0,OI2209
2022-05-11 22:12:00,13524,13531,13521,13531,252,155109,34004880.0,OI2209
2022-05-11 22:13:00,13531,13532,13520,13527,389,155113,52491660.0,OI2209
2022-05-11 22:14:00,13527,13537,13525,13534,374,155073,51129170.0,OI2209
2022-05-11 22:15:00,13534,13535,13528,13530,249,155115,33602550.0,OI2209
2022-05-11 22:16:00,13530,13545,13530,13545,454,155098,61267300.0,OI2209
2022-05-11 22:17:00,13543,13556,13543,13548,547,154990,73817650.0,OI2209
2022-05-11 22:18:00,13550,13553,13546,13548,186,154989,25776670.0,OI2209
2022-05-11 22:19:00,13547,13557,13547,13555,220,154993,29691200.0,OI2209
2022-05-11 22:20:00,13554,13567,13554,13563,514,154981,69369440.0,OI2209
2022-05-11 22:21:00,13563,13568,13563,13563,511,155003,69652980.0,OI2209
2022-05-11 22:22:00,13563,13566,13553,13555,375,154878,50613750.0,OI2209
2022-05-11 22:23:00,13555,13559,13546,13550,394,154849,53874290.0,OI2209
2022-05-11 22:24:00,13550,13556,13547,13552,162,154847,21866760.0,OI2209
2022-05-11 22:25:00,13551,13559,13550,13556,189,154842,25511220.0,OI2209
2022-05-11 22:26:00,13555,13556,13550,13551,163,154855,22001740.0,OI2209
2022-05-11 22:27:00,13550,13551,13539,13540,448,154783,60471040.0,OI2209
2022-05-11 22:28:00,13540,13543,13536,13542,152,154777,20516960.0,OI2209
2022-05-11 22:29:00,13543,13543,13537,13537,126,154764,17007480.0,OI2209
2022-05-11 22:30:00,13536,13543,13530,13534,372,154720,50924790.0,OI2209
2022-05-11 22:31:00,13533,13545,13533,13545,244,154737,32937560.0,OI2209
2022-05-11 22:32:00,13545,13552,13543,13550,287,154730,38742130.0,OI2209
2022-05-11 22:33:00,13548,13551,13544,13550,164,154746,22138360.0,OI2209
2022-05-11 22:34:00,13550,13550,13545,13547,81,154764,10934190.0,OI2209
2022-05-11 22:35:00,13546,13560,13546,13550,383,154785,51701170.0,OI2209
2022-05-11 22:36:00,13550,13555,13541,13545,185,154791,24973150.0,OI2209
2022-05-11 22:37:00,13546,13550,13541,13546,88,154791,12605670.0,OI2209
2022-05-11 22:38:00,13546,13553,13545,13549,159,154800,21465000.0,OI2209
2022-05-11 22:39:00,13550,13562,13549,13562,230,154727,31050000.0,OI2209
2022-05-11 22:40:00,13560,13563,13555,13557,175,154745,23625000.0,OI2209
2022-05-11 22:41:00,13557,13562,13556,13558,115,154748,15525000.0,OI2209
2022-05-11 22:42:00,13557,13559,13553,13553,95,154746,12825000.0,OI2209
2022-05-11 22:43:00,13554,13564,13552,13563,194,154816,26190000.0,OI2209
2022-05-11 22:44:00,13563,13567,13561,13566,217,154814,29295000.0,OI2209
2022-05-11 22:45:00,13565,13567,13560,13564,156,154814,21799960.0,OI2209
2022-05-11 22:46:00,13563,13577,13561,13568,366,154788,49413660.0,OI2209
2022-05-11 22:47:00,13569,13571,13564,13566,154,154776,20791540.0,OI2209
2022-05-11 22:48:00,13567,13572,13564,13568,210,154805,28352100.0,OI2209
2022-05-11 22:49:00,13570,13579,13570,13576,196,154800,26461960.0,OI2209
2022-05-11 22:50:00,13577,13578,13571,13572,294,154769,40445100.0,OI2209
2022-05-11 22:51:00,13572,13574,13564,13568,312,154695,42126240.0,OI2209
2022-05-11 22:52:00,13570,13573,13568,13571,220,154702,29704400.0,OI2209
2022-05-11 22:53:00,13572,13580,13572,13574,254,154707,34295080.0,OI2209
2022-05-11 22:54:00,13574,13578,13568,13570,189,154674,26280690.0,OI2209
2022-05-11 22:55:00,13570,13580,13569,13572,247,154658,33352410.0,OI2209
2022-05-11 22:56:00,13571,13574,13570,13573,176,154628,23765280.0,OI2209
2022-05-11 22:57:00,13572,13574,13569,13572,151,154594,20389530.0,OI2209
2022-05-11 22:58:00,13571,13572,13560,13562,341,154422,46045230.0,OI2209
2022-05-11 22:59:00,13563,13577,13563,13574,287,154301,39527540.0,OI2209
2022-05-12 09:00:00,13610,13618,13589,13594,2473,154710,336349900.0,OI2209
2022-05-12 09:01:00,13593,13593,13579,13588,876,154832,119128740.0,OI2209
2022-05-12 09:02:00,13589,13605,13589,13599,675,154853,91179000.0,OI2209
2022-05-12 09:03:00,13600,13601,13592,13594,648,154972,88352490.0,OI2209
2022-05-12 09:04:00,13593,13594,13578,13578,513,154923,70126950.0,OI2209
2022-05-12 09:05:00,13579,13582,13572,13580,610,154893,82411000.0,OI2209
2022-05-12 09:06:00,13580,13581,13563,13564,450,154914,60795000.0,OI2209
2022-05-12 09:07:00,13565,13575,13563,13572,229,154865,31776570.0,OI2209
2022-05-12 09:08:00,13569,13572,13555,13556,521,154815,70392310.0,OI2209
2022-05-12 09:09:00,13557,13561,13555,13558,220,154744,29724200.0,OI2209
2022-05-12 09:10:00,13560,13587,13560,13586,685,154697,93403280.0,OI2209
2022-05-12 09:11:00,13585,13587,13573,13575,608,154654,82152960.0,OI2209
2022-05-12 09:12:00,13572,13580,13570,13577,231,154666,31212720.0,OI2209
2022-05-12 09:13:00,13576,13585,13573,13580,352,154612,47562240.0,OI2209
2022-05-12 09:14:00,13578,13589,13578,13586,221,154641,30728570.0,OI2209
2022-05-12 09:15:00,13589,13611,13586,13610,1099,154822,149385910.0,OI2209
2022-05-12 09:16:00,13611,13612,13599,13600,388,154857,52434320.0,OI2209
2022-05-12 09:17:00,13600,13605,13596,13603,309,154920,41758260.0,OI2209
2022-05-12 09:18:00,13603,13608,13602,13606,317,154957,43727560.0,OI2209
2022-05-12 09:19:00,13606,13608,13596,13608,494,155043,66764100.0,OI2209
2022-05-12 09:20:00,13608,13629,13607,13623,994,155076,135242160.0,OI2209
2022-05-12 09:21:00,13623,13625,13616,13620,398,155112,54700720.0,OI2209
2022-05-12 09:22:00,13620,13625,13618,13621,251,155129,33927670.0,OI2209
2022-05-12 09:23:00,13620,13636,13617,13632,612,155069,83639710.0,OI2209
2022-05-12 09:24:00,13633,13645,13626,13642,758,155231,103389690.0,OI2209
2022-05-12 09:25:00,13645,13648,13636,13644,686,155285,93670450.0,OI2209
2022-05-12 09:26:00,13644,13648,13642,13643,385,155371,52052000.0,OI2209
2022-05-12 09:27:00,13642,13647,13637,13641,356,155453,49068720.0,OI2209
2022-05-12 09:28:00,13642,13642,13626,13630,575,155408,77745750.0,OI2209
2022-05-12 09:29:00,13628,13635,13628,13635,210,155432,29339470.0,OI2209
2022-05-12 09:30:00,13634,13643,13634,13637,305,155439,41242100.0,OI2209
2022-05-12 09:31:00,13637,13638,13626,13626,255,155448,34481100.0,OI2209
2022-05-12 09:32:00,13626,13638,13626,13631,239,155474,33270940.0,OI2209
2022-05-12 09:33:00,13631,13633,13627,13633,207,155527,27992610.0,OI2209
2022-05-12 09:34:00,13634,13634,13626,13628,164,155529,22177720.0,OI2209
2022-05-12 09:35:00,13629,13641,13628,13635,338,155560,45707740.0,OI2209
2022-05-12 09:36:00,13632,13635,13625,13625,153,155569,21652170.0,OI2209
2022-05-12 09:37:00,13624,13628,13614,13619,370,155535,50038800.0,OI2209
2022-05-12 09:38:00,13620,13626,13618,13625,174,155576,23531760.0,OI2209
2022-05-12 09:39:00,13625,13627,13621,13627,120,155602,16228800.0,OI2209
2022-05-12 09:40:00,13628,13641,13625,13639,430,155718,59126120.0,OI2209
2022-05-12 09:41:00,13640,13645,13639,13642,340,155777,45985000.0,OI2209
2022-05-12 09:42:00,13642,13642,13636,13642,392,155872,53998240.0,OI2209
2022-05-12 09:43:00,13643,13648,13642,13645,415,155940,56132900.0,OI2209
2022-05-12 09:44:00,13645,13670,13645,13662,1079,156127,147935900.0,OI2209
2022-05-12 09:45:00,13663,13675,13661,13674,827,156297,112880010.0,OI2209
2022-05-12 09:46:00,13674,13674,13657,13662,782,156486,106808050.0,OI2209
2022-05-12 09:47:00,13662,13666,13654,13657,430,156492,58179000.0,OI2209
2022-05-12 09:48:00,13657,13668,13657,13665,300,156540,41608570.0,OI2209
2022-05-12 09:49:00,13667,13669,13663,13666,232,156636,31391920.0,OI2209
2022-05-12 09:50:00,13666,13674,13666,13669,322,156718,43569820.0,OI2209
2022-05-12 09:51:00,13670,13684,13668,13679,629,156768,86140390.0,OI2209
2022-05-12 09:52:00,13680,13684,13670,13677,714,157026,97656020.0,OI2209
2022-05-12 09:53:00,13677,13682,13677,13679,387,157057,53414120.0,OI2209
2022-05-12 09:54:00,13682,13684,13673,13676,501,157092,68851760.0,OI2209
2022-05-12 09:55:00,13676,13688,13670,13688,541,157158,73224350.0,OI2209
2022-05-12 09:56:00,13687,13687,13681,13685,321,157224,44502390.0,OI2209
2022-05-12 09:57:00,13684,13686,13672,13672,808,157429,110434000.0,OI2209
2022-05-12 09:58:00,13672,13674,13665,13666,393,157408,53200410.0,OI2209
2022-05-12 09:59:00,13666,13670,13658,13663,491,157381,67538630.0,OI2209
2022-05-12 10:00:00,13664,13669,13661,13665,312,157363,42238560.0,OI2209
2022-05-12 10:01:00,13665,13665,13637,13640,839,157198,114667290.0,OI2209
2022-05-12 10:02:00,13640,13644,13619,13626,1139,157022,155304070.0,OI2209
2022-05-12 10:03:00,13625,13629,13616,13623,694,156840,95069400.0,OI2209
2022-05-12 10:04:00,13623,13631,13618,13624,757,156766,102505370.0,OI2209
2022-05-12 10:05:00,13624,13626,13605,13608,1242,156848,169301010.0,OI2209
2022-05-12 10:06:00,13609,13614,13605,13612,1148,156949,156595430.0,OI2209
2022-05-12 10:07:00,13612,13625,13611,13622,679,156908,91956970.0,OI2209
2022-05-12 10:08:00,13621,13634,13619,13631,608,156835,83487580.0,OI2209
2022-05-12 10:09:00,13632,13635,13626,13627,334,156826,45236960.0,OI2209
2022-05-12 10:10:00,13629,13645,13628,13639,570,156855,77200800.0,OI2209
2022-05-12 10:11:00,13637,13645,13636,13643,292,156835,39548480.0,OI2209
2022-05-12 10:12:00,13645,13645,13628,13634,260,156783,36375100.0,OI2209
2022-05-12 10:13:00,13634,13641,13632,13636,186,156794,25193700.0,OI2209
2022-05-12 10:14:00,13636,13637,13627,13631,263,156771,35623350.0,OI2209
2022-05-12 10:30:00,13630,13641,13623,13634,554,156773,75039300.0,OI2209
2022-05-12 10:31:00,13633,13637,13619,13620,361,156736,50071790.0,OI2209
2022-05-12 10:32:00,13620,13622,13610,13620,527,156763,71387420.0,OI2209
2022-05-12 10:33:00,13621,13624,13592,13598,1312,156852,178916250.0,OI2209
2022-05-12 10:34:00,13599,13604,13594,13598,605,156838,81959350.0,OI2209
2022-05-12 10:35:00,13598,13598,13588,13595,672,156879,91035840.0,OI2209
2022-05-12 10:36:00,13592,13600,13588,13599,550,156760,74508500.0,OI2209
2022-05-12 10:37:00,13598,13609,13598,13604,565,156818,77757200.0,OI2209
2022-05-12 10:38:00,13604,13610,13598,13609,367,156757,49721160.0,OI2209
2022-05-12 10:39:00,13609,13610,13596,13596,371,156780,50263080.0,OI2209
2022-05-12 10:40:00,13597,13603,13592,13600,341,156743,46198680.0,OI2209
2022-05-12 10:41:00,13601,13603,13589,13599,741,156705,100390680.0,OI2209
2022-05-12 10:42:00,13600,13609,13600,13607,214,156697,30229710.0,OI2209
2022-05-12 10:43:00,13607,13607,13596,13600,179,156667,24252710.0,OI2209
2022-05-12 10:44:00,13599,13600,13560,13563,1476,156429,199983240.0,OI2209
2022-05-12 10:45:00,13562,13566,13548,13561,1556,156214,210822440.0,OI2209
2022-05-12 10:46:00,13562,13572,13561,13566,621,156161,84139290.0,OI2209
2022-05-12 10:47:00,13565,13568,13559,13564,333,156103,45118170.0,OI2209
2022-05-12 10:48:00,13566,13571,13552,13552,586,155978,79397140.0,OI2209
2022-05-12 10:49:00,13553,13553,13542,13551,765,155882,103649850.0,OI2209
2022-05-12 10:50:00,13551,13557,13546,13551,475,155775,64357750.0,OI2209
2022-05-12 10:51:00,13550,13550,13535,13541,882,155724,119502180.0,OI2209
2022-05-12 10:52:00,13542,13550,13539,13548,415,155782,56228350.0,OI2209
2022-05-12 10:53:00,13546,13561,13544,13555,1152,155611,156084480.0,OI2209
2022-05-12 10:54:00,13557,13563,13553,13561,360,155547,48776400.0,OI2209
2022-05-12 10:55:00,13561,13568,13555,13565,425,155550,57583250.0,OI2209
2022-05-12 10:56:00,13565,13570,13557,13558,446,155526,60428540.0,OI2209
2022-05-12 10:57:00,13561,13564,13557,13558,152,155529,20594480.0,OI2209
2022-05-12 10:58:00,13558,13559,13546,13547,337,155515,45660130.0,OI2209
2022-05-12 10:59:00,13549,13549,13529,13531,641,155453,86849090.0,OI2209
2022-05-12 11:00:00,13529,13537,13502,13506,1459,155099,197679910.0,OI2209
2022-05-12 11:01:00,13507,13521,13507,13517,430,155003,58260700.0,OI2209
2022-05-12 11:02:00,13517,13526,13517,13526,474,154876,64222260.0,OI2209
2022-05-12 11:03:00,13526,13532,13520,13520,422,154915,57176780.0,OI2209
2022-05-12 11:04:00,13520,13529,13516,13529,238,154918,32246620.0,OI2209
2022-05-12 11:05:00,13529,13536,13527,13533,459,154838,62189910.0,OI2209
2022-05-12 11:06:00,13532,13548,13532,13547,353,154800,47827970.0,OI2209
2022-05-12 11:07:00,13548,13554,13543,13543,356,154762,48234440.0,OI2209
2022-05-12 11:08:00,13543,13546,13540,13546,164,154750,22220360.0,OI2209
2022-05-12 11:09:00,13544,13548,13537,13538,179,154759,24252710.0,OI2209
2022-05-12 11:10:00,13536,13545,13536,13537,245,154721,32922380.0,OI2209
2022-05-12 11:11:00,13537,13550,13533,13550,254,154660,34411920.0,OI2209
2022-05-12 11:12:00,13549,13554,13546,13550,316,154698,42811680.0,OI2209
2022-05-12 11:13:00,13551,13553,13546,13550,154,154675,20863920.0,OI2209
2022-05-12 11:14:00,13550,13555,13548,13549,161,154678,21812280.0,OI2209
2022-05-12 11:15:00,13549,13552,13527,13533,387,154644,52430760.0,OI2209
2022-05-12 11:16:00,13533,13537,13530,13532,119,154634,16122120.0,OI2209
2022-05-12 11:17:00,13531,13544,13531,13544,146,154613,19780080.0,OI2209
2022-05-12 11:18:00,13545,13546,13535,13535,139,154609,18831720.0,OI2209
2022-05-12 11:19:00,13536,13540,13524,13526,233,154599,31566840.0,OI2209
2022-05-12 11:20:00,13527,13535,13521,13533,263,154563,35631240.0,OI2209
2022-05-12 11:21:00,13533,13555,13533,13551,394,154525,53379120.0,OI2209
2022-05-12 11:22:00,13551,13551,13538,13543,359,154586,48637320.0,OI2209
2022-05-12 11:23:00,13540,13541,13527,13530,368,154563,49856640.0,OI2209
2022-05-12 11:24:00,13532,13532,13519,13519,236,154603,31973280.0,OI2209
2022-05-12 11:25:00,13523,13527,13515,13519,390,154592,52837200.0,OI2209
2022-05-12 11:26:00,13519,13522,13511,13513,288,154559,39018240.0,OI2209
2022-05-12 11:27:00,13513,13516,13508,13514,242,154552,32786160.0,OI2209
2022-05-12 11:28:00,13516,13523,13514,13520,164,154514,22218720.0,OI2209
2022-05-12 11:29:00,13522,13526,13519,13522,177,154464,23979960.0,OI2209
2022-05-12 13:30:00,13506,13516,13477,13488,1731,154439,233698920.0,OI2209
2022-05-12 13:31:00,13486,13489,13461,13462,1068,154300,144681960.0,OI2209
2022-05-12 13:32:00,13462,13478,13460,13472,797,154268,106492940.0,OI2209
2022-05-12 13:33:00,13473,13477,13464,13475,798,154181,108097080.0,OI2209
2022-05-12 13:34:00,13477,13485,13477,13481,527,154110,71387420.0,OI2209
2022-05-12 13:35:00,13482,13484,13470,13472,479,154063,64885340.0,OI2209
2022-05-12 13:36:00,13471,13472,13458,13459,633,154063,85468950.0,OI2209
2022-05-12 13:37:00,13459,13469,13457,13465,441,154039,59733450.0,OI2209
2022-05-12 13:38:00,13466,13471,13461,13469,159,154048,21536550.0,OI2209
2022-05-12 13:39:00,13470,13470,13453,13465,309,154022,41854050.0,OI2209
2022-05-12 13:40:00,13466,13470,13446,13451,757,154099,101017970.0,OI2209
2022-05-12 13:41:00,13448,13461,13448,13454,545,154264,73814800.0,OI2209
2022-05-12 13:42:00,13453,13462,13451,13458,456,154260,61760640.0,OI2209
2022-05-12 13:43:00,13458,13461,13450,13458,342,154259,45371490.0,OI2209
2022-05-12 13:44:00,13457,13476,13456,13474,782,154438,105906260.0,OI2209
2022-05-12 13:45:00,13472,13483,13471,13481,555,154401,75163650.0,OI2209
2022-05-12 13:46:00,13479,13479,13472,13476,205,154379,27763150.0,OI2209
2022-05-12 13:47:00,13475,13483,13471,13481,276,154349,37378680.0,OI2209
2022-05-12 13:48:00,13480,13495,13480,13495,502,154385,66431550.0,OI2209
2022-05-12 13:49:00,13493,13499,13489,13497,538,154426,72855960.0,OI2209
2022-05-12 13:50:00,13498,13500,13492,13497,373,154440,50511660.0,OI2209
2022-05-12 13:51:00,13497,13501,13496,13496,139,154428,18823380.0,OI2209
2022-05-12 13:52:00,13496,13507,13495,13507,280,154407,37917600.0,OI2209
2022-05-12 13:53:00,13505,13515,13504,13512,425,154357,57553500.0,OI2209
2022-05-12 13:54:00,13511,13531,13510,13528,727,154403,98450340.0,OI2209
2022-05-12 13:55:00,13527,13532,13525,13529,393,154405,53220060.0,OI2209
2022-05-12 13:56:00,13529,13537,13528,13535,273,154419,36969660.0,OI2209
2022-05-12 13:57:00,13534,13534,13519,13519,418,154389,56605560.0,OI2209
2022-05-12 13:58:00,13519,13521,13513,13519,345,154371,46719900.0,OI2209
2022-05-12 13:59:00,13518,13519,13512,13514,133,154371,18010860.0,OI2209
2022-05-12 14:00:00,13517,13518,13501,13509,384,154333,52001280.0,OI2209
2022-05-12 14:01:00,13510,13522,13509,13521,300,154308,40626000.0,OI2209
2022-05-12 14:02:00,13521,13529,13519,13519,303,154327,41032260.0,OI2209
2022-05-12 14:03:00,13519,13520,13509,13510,265,154318,35886300.0,OI2209
2022-05-12 14:04:00,13510,13510,13502,13509,169,154303,22750300.0,OI2209
2022-05-12 14:05:00,13509,13513,13498,13498,314,154320,42518740.0,OI2209
2022-05-12 14:06:00,13499,13519,13499,13518,234,154335,31685940.0,OI2209
2022-05-12 14:07:00,13519,13523,13514,13521,216,154301,29248560.0,OI2209
2022-05-12 14:08:00,13520,13525,13500,13504,329,154291,44549890.0,OI2209
2022-05-12 14:09:00,13504,13506,13494,13495,232,154287,31415120.0,OI2209
2022-05-12 14:10:00,13496,13499,13487,13488,284,154310,38456440.0,OI2209
2022-05-12 14:11:00,13487,13492,13485,13489,268,154309,36289880.0,OI2209
2022-05-12 14:12:00,13489,13489,13483,13483,172,154292,23290520.0,OI2209
2022-05-12 14:13:00,13485,13489,13482,13485,257,154290,34800370.0,OI2209
2022-05-12 14:14:00,13484,13485,13465,13470,427,154277,57820070.0,OI2209
2022-05-12 14:15:00,13469,13479,13465,13475,400,154298,54164000.0,OI2209
2022-05-12 14:16:00,13475,13479,13465,13470,271,154315,36152930.0,OI2209
2022-05-12 14:17:00,13471,13477,13468,13473,192,154332,25996800.0,OI2209
2022-05-12 14:18:00,13474,13485,13473,13479,273,154318,36964200.0,OI2209
2022-05-12 14:19:00,13480,13485,13476,13478,188,154318,25455200.0,OI2209
2022-05-12 14:20:00,13479,13485,13478,13479,173,154314,23424200.0,OI2209
2022-05-12 14:21:00,13477,13477,13469,13469,284,154302,38453600.0,OI2209
2022-05-12 14:22:00,13469,13486,13468,13485,155,154307,20987000.0,OI2209
2022-05-12 14:23:00,13485,13490,13480,13487,242,154324,32766800.0,OI2209
2022-05-12 14:24:00,13485,13487,13471,13472,195,154293,26403000.0,OI2209
2022-05-12 14:25:00,13472,13474,13466,13473,215,154294,29111000.0,OI2209
2022-05-12 14:26:00,13474,13477,13470,13477,175,154268,23695000.0,OI2209
2022-05-12 14:27:00,13477,13477,13472,13474,74,154274,10019600.0,OI2209
2022-05-12 14:28:00,13473,13475,13469,13471,108,154259,14623200.0,OI2209
2022-05-12 14:29:00,13472,13474,13467,13471,143,154246,19362200.0,OI2209
2022-05-12 14:30:00,13469,13475,13469,13471,251,154228,32629030.0,OI2209
2022-05-12 14:31:00,13470,13473,13450,13451,783,154074,106010370.0,OI2209
2022-05-12 14:32:00,13454,13458,13423,13430,1598,154046,215263850.0,OI2209
2022-05-12 14:33:00,13430,13432,13414,13418,1226,154054,164270130.0,OI2209
2022-05-12 14:34:00,13417,13420,13412,13419,1185,154112,158695850.0,OI2209
2022-05-12 14:35:00,13418,13431,13414,13428,1627,153863,218496850.0,OI2209
2022-05-12 14:36:00,13427,13431,13420,13427,523,153847,70788050.0,OI2209
2022-05-12 14:37:00,13427,13432,13422,13425,369,153860,49944150.0,OI2209
2022-05-12 14:38:00,13421,13430,13421,13428,315,153975,42635250.0,OI2209
2022-05-12 14:39:00,13427,13443,13426,13433,773,153872,102871880.0,OI2209
2022-05-12 14:40:00,13435,13440,13430,13435,345,153858,46692300.0,OI2209
2022-05-12 14:41:00,13438,13443,13434,13441,448,153932,60632320.0,OI2209
2022-05-12 14:42:00,13443,13443,13432,13435,228,153891,30857520.0,OI2209
2022-05-12 14:43:00,13437,13443,13435,13440,176,153870,23819840.0,OI2209
2022-05-12 14:44:00,13439,13444,13436,13439,230,153854,30991410.0,OI2209
2022-05-12 14:45:00,13440,13440,13431,13433,336,153850,45470880.0,OI2209
2022-05-12 14:46:00,13433,13437,13431,13437,236,153879,31937880.0,OI2209
2022-05-12 14:47:00,13434,13438,13430,13432,187,153837,25306710.0,OI2209
2022-05-12 14:48:00,13430,13441,13425,13426,507,153675,68612310.0,OI2209
2022-05-12 14:49:00,13426,13432,13425,13430,273,153637,36945090.0,OI2209
2022-05-12 14:50:00,13429,13435,13428,13435,177,153620,23140690.0,OI2209
2022-05-12 14:51:00,13433,13436,13426,13430,287,153591,38836840.0,OI2209
2022-05-12 14:52:00,13429,13435,13423,13427,353,153547,47767960.0,OI2209
2022-05-12 14:53:00,13428,13433,13424,13428,350,153442,47362000.0,OI2209
2022-05-12 14:54:00,13429,13431,13422,13423,238,153397,32206160.0,OI2209
2022-05-12 14:55:00,13422,13432,13418,13422,687,153244,91160590.0,OI2209
2022-05-12 14:56:00,13423,13432,13423,13429,269,153234,36398390.0,OI2209
2022-05-12 14:57:00,13426,13427,13418,13423,293,153184,39645830.0,OI2209
2022-05-12 14:58:00,13423,13423,13414,13423,511,153105,69143410.0,OI2209
2022-05-12 14:59:00,13423,13423,13406,13408,664,152866,88895000.0,OI2209
2022-05-12 21:00:00,13400,13441,13393,13422,3672,153133,492635520.0,OI2209
2022-05-12 21:01:00,13424,13444,13422,13442,1471,153294,197657940.0,OI2209
2022-05-12 21:02:00,13441,13449,13436,13445,778,153370,104600790.0,OI2209
2022-05-12 21:03:00,13447,13447,13434,13438,847,153502,113777430.0,OI2209
2022-05-12 21:04:00,13437,13446,13436,13444,528,153536,71035200.0,OI2209
2022-05-12 21:05:00,13443,13466,13442,13460,959,153649,129022170.0,OI2209
2022-05-12 21:06:00,13459,13461,13446,13454,455,153656,61198150.0,OI2209
2022-05-12 21:07:00,13452,13455,13443,13451,485,153699,65237150.0,OI2209
2022-05-12 21:08:00,13452,13459,13441,13451,4837,153768,650596130.0,OI2209
2022-05-12 21:09:00,13452,13461,13444,13457,3475,153711,467530460.0,OI2209
2022-05-12 21:10:00,13456,13463,13449,13459,1039,153663,139847840.0,OI2209
2022-05-12 21:11:00,13460,13461,13455,13459,346,153659,46512780.0,OI2209
2022-05-12 21:12:00,13458,13462,13454,13461,324,153668,43555320.0,OI2209
2022-05-12 21:13:00,13462,13475,13461,13472,585,153617,78839560.0,OI2209
2022-05-12 21:14:00,13470,13473,13466,13473,399,153622,53843560.0,OI2209
2022-05-12 21:15:00,13474,13482,13463,13479,540,153632,72603000.0,OI2209
2022-05-12 21:16:00,13480,13489,13480,13485,553,153590,74563780.0,OI2209
2022-05-12 21:17:00,13482,13483,13473,13475,335,153512,45260380.0,OI2209
2022-05-12 21:18:00,13475,13480,13472,13479,221,153532,29717870.0,OI2209
2022-05-12 21:19:00,13478,13484,13473,13483,245,153514,33166090.0,OI2209
2022-05-12 21:20:00,13483,13487,13480,13482,349,153517,46933520.0,OI2209
2022-05-12 21:21:00,13481,13489,13480,13488,240,153497,32275200.0,OI2209
2022-05-12 21:22:00,13488,13490,13474,13476,348,153531,47029350.0,OI2209
2022-05-12 21:23:00,13474,13475,13467,13473,344,153481,46264560.0,OI2209
2022-05-12 21:24:00,13472,13476,13469,13472,261,153517,35338250.0,OI2209
2022-05-12 21:25:00,13473,13476,13463,13464,315,153501,42367500.0,OI2209
2022-05-12 21:26:00,13464,13474,13464,13470,175,153505,23537500.0,OI2209
2022-05-12 21:27:00,13470,13488,13470,13482,399,153530,53665500.0,OI2209
2022-05-12 21:28:00,13482,13498,13482,13496,467,153580,63061420.0,OI2209
2022-05-12 21:29:00,13495,13515,13495,13509,1031,153655,139200270.0,OI2209
2022-05-12 21:30:00,13509,13515,13507,13511,541,153755,73312010.0,OI2209
2022-05-12 21:31:00,13512,13513,13496,13496,340,153798,45747000.0,OI2209
2022-05-12 21:32:00,13496,13500,13485,13485,562,153704,75891760.0,OI2209
2022-05-12 21:33:00,13485,13491,13485,13489,307,153748,41309920.0,OI2209
2022-05-12 21:34:00,13491,13496,13482,13492,327,153804,44282120.0,OI2209
2022-05-12 21:35:00,13490,13492,13483,13491,313,153861,42120410.0,OI2209
2022-05-12 21:36:00,13489,13505,13489,13499,408,153891,55192770.0,OI2209
2022-05-12 21:37:00,13498,13503,13492,13492,284,153959,38220720.0,OI2209
2022-05-12 21:38:00,13495,13495,13487,13492,250,153960,33645000.0,OI2209
2022-05-12 21:39:00,13492,13506,13492,13503,245,153970,33268100.0,OI2209
2022-05-12 21:40:00,13506,13508,13497,13502,293,154006,39434870.0,OI2209
2022-05-12 21:41:00,13502,13509,13499,13506,306,154011,41486530.0,OI2209
2022-05-12 21:42:00,13506,13520,13506,13518,524,154035,70837630.0,OI2209
2022-05-12 21:43:00,13519,13530,13518,13523,742,154060,100195270.0,OI2209
2022-05-12 21:44:00,13526,13530,13518,13522,402,154054,54435910.0,OI2209
2022-05-12 21:45:00,13524,13529,13516,13520,472,154049,63868750.0,OI2209
2022-05-12 21:46:00,13518,13520,13513,13514,313,154082,42142320.0,OI2209
2022-05-12 21:47:00,13514,13518,13512,13516,309,154087,41933370.0,OI2209
2022-05-12 21:48:00,13517,13529,13516,13525,327,154132,44030550.0,OI2209
2022-05-12 21:49:00,13525,13528,13507,13509,413,154182,55947460.0,OI2209
2022-05-12 21:50:00,13511,13514,13503,13505,402,154206,54133320.0,OI2209
2022-05-12 21:51:00,13503,13519,13503,13513,414,154291,56094410.0,OI2209
2022-05-12 21:52:00,13513,13513,13505,13507,184,154298,24779280.0,OI2209
2022-05-12 21:53:00,13508,13511,13505,13507,210,154324,28280700.0,OI2209
2022-05-12 21:54:00,13507,13511,13502,13503,139,154326,19069630.0,OI2209
2022-05-12 21:55:00,13500,13504,13492,13498,372,154285,50100960.0,OI2209
2022-05-12 21:56:00,13498,13503,13497,13501,367,154335,49427560.0,OI2209
2022-05-12 21:57:00,13498,13506,13497,13506,244,154339,32861920.0,OI2209
2022-05-12 21:58:00,13506,13510,13503,13505,179,154364,24469840.0,OI2209
2022-05-12 21:59:00,13505,13509,13502,13502,148,154362,19934120.0,OI2209
2022-05-12 22:00:00,13500,13504,13500,13500,175,154381,23570750.0,OI2209
2022-05-12 22:01:00,13501,13501,13481,13482,549,154309,73944810.0,OI2209
2022-05-12 22:02:00,13482,13486,13475,13480,490,154234,65998100.0,OI2209
2022-05-12 22:03:00,13481,13485,13476,13481,270,154197,36366300.0,OI2209
2022-05-12 22:04:00,13482,13482,13473,13475,299,154180,40653740.0,OI2209
2022-05-12 22:05:00,13475,13487,13475,13481,296,154176,39871200.0,OI2209
2022-05-12 22:06:00,13481,13481,13468,13474,358,154191,48222600.0,OI2209
2022-05-12 22:07:00,13473,13473,13464,13467,599,154115,80685300.0,OI2209
2022-05-12 22:08:00,13466,13471,13465,13468,381,154104,51320700.0,OI2209
2022-05-12 22:09:00,13469,13481,13465,13476,304,154085,40948800.0,OI2209
2022-05-12 22:10:00,13474,13485,13473,13480,260,154051,35022000.0,OI2209
2022-05-12 22:11:00,13480,13493,13480,13491,332,154052,44720400.0,OI2209
2022-05-12 22:12:00,13490,13504,13489,13499,320,154056,43104000.0,OI2209
2022-05-12 22:13:00,13499,13507,13499,13504,287,154048,38658900.0,OI2209
2022-05-12 22:14:00,13503,13512,13501,13509,356,154072,48369560.0,OI2209
2022-05-12 22:15:00,13511,13514,13501,13514,431,154055,58060010.0,OI2209
2022-05-12 22:16:00,13513,13545,13513,13541,1365,154207,184747790.0,OI2209
2022-05-12 22:17:00,13541,13555,13537,13541,943,154235,127937890.0,OI2209
2022-05-12 22:18:00,13542,13549,13540,13545,679,154229,91945790.0,OI2209
2022-05-12 22:19:00,13546,13559,13541,13559,593,154370,80369150.0,OI2209
2022-05-12 22:20:00,13557,13560,13546,13550,857,154469,115962930.0,OI2209
2022-05-12 22:21:00,13549,13557,13549,13553,407,154548,55324570.0,OI2209
2022-05-12 22:22:00,13554,13555,13544,13553,397,154613,53511630.0,OI2209
2022-05-12 22:23:00,13552,13555,13539,13541,575,154815,77983080.0,OI2209
2022-05-12 22:24:00,13542,13552,13540,13545,536,154940,72736990.0,OI2209
2022-05-12 22:25:00,13546,13550,13538,13550,358,154958,48261980.0,OI2209
2022-05-12 22:26:00,13550,13554,13545,13549,243,154977,33249030.0,OI2209
2022-05-12 22:27:00,13549,13556,13540,13543,451,155057,60803820.0,OI2209
2022-05-12 22:28:00,13545,13548,13535,13539,398,155014,54157050.0,OI2209
2022-05-12 22:29:00,13538,13550,13534,13548,331,155002,44628730.0,OI2209
2022-05-12 22:30:00,13548,13554,13542,13549,314,155080,42336620.0,OI2209
2022-05-12 22:31:00,13548,13550,13538,13538,288,155077,39339060.0,OI2209
2022-05-12 22:32:00,13539,13548,13538,13547,204,155131,27507360.0,OI2209
2022-05-12 22:33:00,13549,13555,13547,13550,410,155229,55798560.0,OI2209
2022-05-12 22:34:00,13549,13553,13547,13551,267,155258,36004950.0,OI2209
2022-05-12 22:35:00,13549,13574,13549,13564,957,155408,129577850.0,OI2209
2022-05-12 22:36:00,13564,13567,13543,13544,490,155367,66612700.0,OI2209
2022-05-12 22:37:00,13545,13549,13539,13540,279,155378,37628730.0,OI2209
2022-05-12 22:38:00,13541,13543,13531,13539,464,155229,63118410.0,OI2209
2022-05-12 22:39:00,13539,13544,13534,13540,182,155244,24548160.0,OI2209
2022-05-12 22:40:00,13540,13547,13532,13537,314,155288,42352320.0,OI2209
2022-05-12 22:41:00,13534,13542,13533,13539,176,155280,23738880.0,OI2209
2022-05-12 22:42:00,13537,13550,13535,13548,348,155337,47487170.0,OI2209
2022-05-12 22:43:00,13548,13554,13544,13550,242,155371,32643380.0,OI2209
2022-05-12 22:44:00,13549,13556,13549,13554,244,155411,32913160.0,OI2209
2022-05-12 22:45:00,13554,13557,13546,13546,233,155399,31429370.0,OI2209
2022-05-12 22:46:00,13546,13555,13544,13553,167,155397,23084420.0,OI2209
2022-05-12 22:47:00,13553,13560,13552,13556,302,155435,40739800.0,OI2209
2022-05-12 22:48:00,13557,13563,13555,13561,243,155508,32780700.0,OI2209
2022-05-12 22:49:00,13562,13564,13558,13559,169,155525,22798100.0,OI2209
2022-05-12 22:50:00,13560,13573,13560,13572,363,155574,49537260.0,OI2209
2022-05-12 22:51:00,13572,13574,13558,13561,425,155548,57909560.0,OI2209
2022-05-12 22:52:00,13561,13572,13561,13568,338,155562,45602960.0,OI2209
2022-05-12 22:53:00,13567,13573,13566,13569,278,155631,37507760.0,OI2209
2022-05-12 22:54:00,13571,13589,13570,13577,929,155622,126517200.0,OI2209
2022-05-12 22:55:00,13575,13585,13570,13583,489,155597,65985660.0,OI2209
2022-05-12 22:56:00,13583,13584,13566,13568,658,155683,89390250.0,OI2209
2022-05-12 22:57:00,13566,13572,13565,13566,375,155713,51209730.0,OI2209
2022-05-12 22:58:00,13564,13564,13555,13556,584,155485,78816640.0,OI2209
2022-05-12 22:59:00,13557,13571,13557,13571,426,155326,58106540.0,OI2209
2022-05-13 09:00:00,13595,13622,13591,13594,1708,155415,232420740.0,OI2209
2022-05-13 09:01:00,13594,13609,13592,13597,840,155561,114039060.0,OI2209
2022-05-13 09:02:00,13598,13623,13598,13618,1449,155552,197590140.0,OI2209
2022-05-13 09:03:00,13618,13645,13616,13632,1028,155654,140148780.0,OI2209
2022-05-13 09:04:00,13632,13632,13609,13617,1107,155665,150186320.0,OI2209
2022-05-13 09:05:00,13620,13642,13620,13639,847,155879,115771030.0,OI2209
2022-05-13 09:06:00,13640,13641,13632,13633,554,155933,75528770.0,OI2209
2022-05-13 09:07:00,13633,13633,13620,13628,489,156019,66757700.0,OI2209
2022-05-13 09:08:00,13629,13634,13615,13624,710,156181,96629000.0,OI2209
2022-05-13 09:09:00,13626,13644,13624,13641,578,156342,78806040.0,OI2209
2022-05-13 09:10:00,13643,13645,13632,13640,452,156416,61789960.0,OI2209
2022-05-13 09:11:00,13641,13643,13628,13643,1962,156551,267337140.0,OI2209
2022-05-13 09:12:00,13638,13647,13629,13642,1964,156565,267725260.0,OI2209
2022-05-13 09:13:00,13640,13643,13635,13639,351,156666,48209170.0,OI2209
2022-05-13 09:14:00,13639,13641,13632,13640,320,156627,43267200.0,OI2209
2022-05-13 09:15:00,13641,13646,13638,13638,426,156651,58360890.0,OI2209
2022-05-13 09:16:00,13638,13640,13627,13628,456,156705,62426310.0,OI2209
2022-05-13 09:17:00,13629,13630,13621,13625,228,156708,30832440.0,OI2209
2022-05-13 09:18:00,13626,13629,13618,13620,309,156687,41786070.0,OI2209
2022-05-13 09:19:00,13621,13625,13619,13620,214,156678,29712720.0,OI2209
2022-05-13 09:20:00,13620,13636,13620,13631,377,156742,50985480.0,OI2209
2022-05-13 09:21:00,13632,13635,13627,13632,188,156711,25425120.0,OI2209
2022-05-13 09:22:00,13630,13635,13627,13627,298,156697,41083650.0,OI2209
2022-05-13 09:23:00,13628,13631,13618,13619,296,156753,40034000.0,OI2209
2022-05-13 09:24:00,13619,13622,13616,13621,256,156744,34624000.0,OI2209
2022-05-13 09:25:00,13623,13632,13620,13627,224,156758,31085890.0,OI2209
2022-05-13 09:26:00,13627,13656,13625,13646,1381,156999,188401460.0,OI2209
2022-05-13 09:27:00,13646,13674,13646,13660,1484,157321,202392600.0,OI2209
2022-05-13 09:28:00,13659,13660,13649,13651,393,157313,53995370.0,OI2209
2022-05-13 09:29:00,13651,13655,13645,13655,478,157327,64678180.0,OI2209
2022-05-13 09:30:00,13656,13667,13654,13654,574,157440,78500930.0,OI2209
2022-05-13 09:31:00,13654,13661,13650,13658,276,157463,38184070.0,OI2209
2022-05-13 09:32:00,13662,13662,13644,13644,237,157476,32073210.0,OI2209
2022-05-13 09:33:00,13643,13650,13640,13649,259,157476,35050470.0,OI2209
2022-05-13 09:34:00,13650,13654,13639,13640,196,157481,27367350.0,OI2209
2022-05-13 09:35:00,13639,13645,13632,13632,321,157562,43444140.0,OI2209
2022-05-13 09:36:00,13626,13631,13616,13626,1048,157389,142692680.0,OI2209
2022-05-13 09:37:00,13626,13629,13616,13616,382,157357,52563880.0,OI2209
2022-05-13 09:38:00,13618,13625,13616,13622,368,157349,49812480.0,OI2209
2022-05-13 09:39:00,13621,13627,13613,13616,362,157314,49000320.0,OI2209
2022-05-13 09:40:00,13614,13624,13614,13618,288,157305,39854040.0,OI2209
2022-05-13 09:41:00,13618,13623,13616,13617,107,157321,14484590.0,OI2209
2022-05-13 09:42:00,13619,13629,13617,13629,255,157324,34519350.0,OI2209
2022-05-13 09:43:00,13629,13630,13613,13615,240,157357,32488800.0,OI2209
2022-05-13 09:44:00,13613,13623,13612,13617,321,157386,43453770.0,OI2209
2022-05-13 09:45:00,13618,13630,13617,13621,273,157421,37838330.0,OI2209
2022-05-13 09:46:00,13622,13635,13617,13628,322,157468,43592360.0,OI2209
2022-05-13 09:47:00,13622,13642,13622,13635,890,157521,121382640.0,OI2209
2022-05-13 09:48:00,13636,13637,13632,13636,119,157519,16111410.0,OI2209
2022-05-13 09:49:00,13636,13640,13628,13634,321,157546,43460190.0,OI2209
2022-05-13 09:50:00,13635,13643,13635,13640,193,157598,27031040.0,OI2209
2022-05-13 09:51:00,13640,13643,13637,13642,146,157634,19768400.0,OI2209
2022-05-13 09:52:00,13641,13649,13641,13646,200,157674,27080000.0,OI2209
2022-05-13 09:53:00,13646,13656,13646,13650,383,157778,51858200.0,OI2209
2022-05-13 09:54:00,13651,13660,13651,13654,365,157918,50332710.0,OI2209
2022-05-13 09:55:00,13656,13664,13656,13658,381,158051,51591210.0,OI2209
2022-05-13 09:56:00,13660,13662,13652,13655,292,158102,40458160.0,OI2209
2022-05-13 09:57:00,13655,13657,13646,13650,470,158088,63647400.0,OI2209
2022-05-13 09:58:00,13649,13650,13645,13647,297,158171,41145850.0,OI2209
2022-05-13 09:59:00,13648,13648,13640,13644,176,158210,23835680.0,OI2209
2022-05-13 10:00:00,13643,13655,13641,13645,301,158227,40764430.0,OI2209
2022-05-13 10:01:00,13647,13654,13647,13652,193,158244,26137990.0,OI2209
2022-05-13 10:02:00,13654,13662,13654,13661,385,158335,53077210.0,OI2209
2022-05-13 10:03:00,13660,13664,13657,13659,277,158423,37516880.0,OI2209
2022-05-13 10:04:00,13658,13664,13658,13660,235,158507,32770180.0,OI2209
2022-05-13 10:05:00,13658,13662,13655,13659,259,158579,35081550.0,OI2209
2022-05-13 10:06:00,13658,13659,13650,13653,214,158630,28986300.0,OI2209
2022-05-13 10:07:00,13653,13660,13652,13654,239,158679,32372550.0,OI2209
2022-05-13 10:08:00,13653,13664,13653,13656,234,158714,32646540.0,OI2209
2022-05-13 10:09:00,13656,13661,13651,13654,155,158771,20996300.0,OI2209
2022-05-13 10:10:00,13653,13656,13642,13647,410,158691,55538600.0,OI2209
2022-05-13 10:11:00,13647,13650,13646,13649,108,158689,14629680.0,OI2209
2022-05-13 10:12:00,13647,13649,13642,13649,152,158684,21549410.0,OI2209
2022-05-13 10:13:00,13649,13655,13647,13651,121,158701,16391870.0,OI2209
2022-05-13 10:14:00,13652,13656,13651,13656,87,158693,11785890.0,OI2209
2022-05-13 10:30:00,13655,13663,13640,13656,478,158735,64754660.0,OI2209
2022-05-13 10:31:00,13659,13673,13649,13651,556,158768,76293230.0,OI2209
2022-05-13 10:32:00,13652,13652,13641,13643,468,158854,63404640.0,OI2209
2022-05-13 10:33:00,13643,13645,13632,13636,489,158864,67231200.0,OI2209
2022-05-13 10:34:00,13635,13646,13635,13642,276,158902,37395240.0,OI2209
2022-05-13 10:35:00,13643,13645,13633,13638,296,158879,40105040.0,OI2209
2022-05-13 10:36:00,13639,13639,13624,13624,403,158882,55593700.0,OI2209
2022-05-13 10:37:00,13626,13633,13623,13630,270,158925,36585000.0,OI2209
2022-05-13 10:38:00,13629,13632,13623,13629,183,158940,24796500.0,OI2209
2022-05-13 10:39:00,13631,13632,13607,13610,850,158898,116179260.0,OI2209
2022-05-13 10:40:00,13611,13617,13603,13612,481,158847,65180310.0,OI2209
2022-05-13 10:41:00,13613,13626,13612,13625,361,158837,48919110.0,OI2209
2022-05-13 10:42:00,13625,13630,13623,13623,286,158873,38755860.0,OI2209
2022-05-13 10:43:00,13624,13635,13623,13628,190,158904,26764340.0,OI2209
2022-05-13 10:44:00,13628,13631,13616,13617,214,158858,29001280.0,OI2209
2022-05-13 10:45:00,13618,13626,13617,13620,326,158843,44179520.0,OI2209
2022-05-13 10:46:00,13621,13621,13606,13609,410,158825,55563200.0,OI2209
2022-05-13 10:47:00,13608,13614,13607,13612,149,158811,20192480.0,OI2209
2022-05-13 10:48:00,13610,13617,13606,13617,242,158849,32795840.0,OI2209
2022-05-13 10:49:00,13615,13618,13609,13616,158,158848,21412160.0,OI2209
2022-05-13 10:50:00,13616,13623,13615,13622,149,158850,21226400.0,OI2209
2022-05-13 10:51:00,13621,13632,13618,13630,193,158846,26157290.0,OI2209
2022-05-13 10:52:00,13631,13633,13625,13625,158,158839,21413740.0,OI2209
2022-05-13 10:53:00,13626,13629,13622,13623,143,158839,19380790.0,OI2209
2022-05-13 10:54:00,13622,13624,13613,13619,271,158848,36728630.0,OI2209
2022-05-13 10:55:00,13618,13628,13615,13617,162,158850,21955860.0,OI2209
2022-05-13 10:56:00,13615,13617,13608,13611,262,158824,35508860.0,OI2209
2022-05-13 10:57:00,13609,13613,13605,13610,203,158803,27512590.0,OI2209
2022-05-13 10:58:00,13608,13612,13589,13603,803,158589,109886460.0,OI2209
2022-05-13 10:59:00,13605,13606,13588,13593,446,158567,60450840.0,OI2209
2022-05-13 11:00:00,13593,13611,13592,13603,476,158561,64517040.0,OI2209
2022-05-13 11:01:00,13603,13619,13601,13615,500,158516,67770000.0,OI2209
2022-05-13 11:02:00,13614,13623,13607,13608,258,158520,36041990.0,OI2209
2022-05-13 11:03:00,13610,13619,13606,13619,171,158505,23179050.0,OI2209
2022-05-13 11:04:00,13620,13625,13616,13616,157,158517,21281350.0,OI2209
2022-05-13 11:05:00,13619,13629,13617,13624,209,158480,28329950.0,OI2209
2022-05-13 11:06:00,13624,13631,13621,13626,214,158509,29007700.0,OI2209
2022-05-13 11:07:00,13626,13635,13626,13631,302,158459,40936100.0,OI2209
2022-05-13 11:08:00,13631,13632,13622,13627,110,158463,14910500.0,OI2209
2022-05-13 11:09:00,13625,13631,13623,13630,197,158541,26703350.0,OI2209
2022-05-13 11:10:00,13628,13634,13619,13620,175,158539,24809270.0,OI2209
2022-05-13 11:11:00,13619,13622,13614,13616,224,158530,30365440.0,OI2209
2022-05-13 11:12:00,13614,13619,13613,13617,121,158536,16402760.0,OI2209
2022-05-13 11:13:00,13620,13629,13618,13623,125,158510,16945000.0,OI2209
2022-05-13 11:14:00,13624,13628,13615,13624,120,158504,16267200.0,OI2209
2022-05-13 11:15:00,13622,13635,13622,13635,258,158494,34974480.0,OI2209
2022-05-13 11:16:00,13633,13641,13629,13641,279,158485,37821240.0,OI2209
2022-05-13 11:17:00,13642,13649,13642,13646,358,158426,49633350.0,OI2209
2022-05-13 11:18:00,13645,13648,13641,13645,232,158486,31452240.0,OI2209
2022-05-13 11:19:00,13643,13646,13641,13641,103,158491,13963710.0,OI2209
2022-05-13 11:20:00,13645,13651,13636,13643,269,158509,36468330.0,OI2209
2022-05-13 11:21:00,13645,13645,13636,13640,120,158530,16268400.0,OI2209
2022-05-13 11:22:00,13640,13641,13635,13637,126,158522,17081820.0,OI2209
2022-05-13 11:23:00,13636,13640,13632,13640,137,158520,18573090.0,OI2209
2022-05-13 11:24:00,13640,13643,13637,13642,94,158559,12743580.0,OI2209
2022-05-13 11:25:00,13643,13645,13641,13643,89,158551,12065730.0,OI2209
2022-05-13 11:26:00,13645,13647,13639,13642,113,158570,16435110.0,OI2209
2022-05-13 11:27:00,13642,13647,13639,13645,109,158593,14778220.0,OI2209
2022-05-13 11:28:00,13645,13652,13645,13652,142,158640,19252360.0,OI2209
2022-05-13 11:29:00,13654,13656,13650,13653,337,158582,45690460.0,OI2209
2022-05-13 13:30:00,13657,13665,13640,13653,616,158667,84645020.0,OI2209
2022-05-13 13:31:00,13654,13660,13642,13644,469,158729,63591710.0,OI2209
2022-05-13 13:32:00,13644,13644,13633,13638,535,158781,72540650.0,OI2209
2022-05-13 13:33:00,13638,13640,13631,13635,321,158774,44665380.0,OI2209
2022-05-13 13:34:00,13635,13645,13630,13640,395,158744,53562000.0,OI2209
2022-05-13 13:35:00,13641,13649,13639,13640,336,158762,45561600.0,OI2209
2022-05-13 13:36:00,13640,13650,13636,13649,409,158711,55460400.0,OI2209
2022-05-13 13:37:00,13648,13648,13630,13630,608,158545,83603270.0,OI2209
2022-05-13 13:38:00,13630,13631,13625,13628,318,158492,43123980.0,OI2209
2022-05-13 13:39:00,13627,13629,13620,13621,373,158392,50582530.0,OI2209
2022-05-13 13:40:00,13621,13630,13618,13628,358,158398,48548380.0,OI2209
2022-05-13 13:41:00,13629,13635,13627,13633,157,158384,21290770.0,OI2209
2022-05-13 13:42:00,13633,13635,13622,13625,141,158378,19121010.0,OI2209
2022-05-13 13:43:00,13627,13627,13621,13622,118,158382,17175100.0,OI2209
2022-05-13 13:44:00,13621,13628,13620,13622,178,158356,24140360.0,OI2209
2022-05-13 13:45:00,13622,13632,13620,13626,293,158412,39736660.0,OI2209
2022-05-13 13:46:00,13627,13627,13619,13621,178,158409,24140360.0,OI2209
2022-05-13 13:47:00,13621,13627,13620,13626,169,158442,22919780.0,OI2209
2022-05-13 13:48:00,13624,13633,13624,13631,197,158466,26717140.0,OI2209
2022-05-13 13:49:00,13630,13631,13625,13629,77,158479,10442740.0,OI2209
2022-05-13 13:50:00,13628,13629,13616,13627,222,158460,30107640.0,OI2209
2022-05-13 13:51:00,13627,13640,13627,13640,240,158506,32548800.0,OI2209
2022-05-13 13:52:00,13639,13643,13636,13639,203,158534,28721550.0,OI2209
2022-05-13 13:53:00,13639,13646,13635,13644,169,158548,22921470.0,OI2209
2022-05-13 13:54:00,13644,13652,13642,13648,284,158591,38518920.0,OI2209
2022-05-13 13:55:00,13648,13650,13644,13645,205,158623,27804150.0,OI2209
2022-05-13 13:56:00,13644,13647,13641,13642,117,158669,15868710.0,OI2209
2022-05-13 13:57:00,13643,13648,13640,13640,121,158707,16411230.0,OI2209
2022-05-13 13:58:00,13640,13642,13636,13640,89,158699,12071070.0,OI2209
2022-05-13 13:59:00,13642,13646,13638,13646,133,158721,18038790.0,OI2209
2022-05-13 14:00:00,13645,13649,13643,13646,179,158753,24277770.0,OI2209
2022-05-13 14:01:00,13644,13647,13640,13643,218,158721,30773180.0,OI2209
2022-05-13 14:02:00,13644,13657,13644,13653,317,158766,42997880.0,OI2209
2022-05-13 14:03:00,13655,13660,13652,13657,300,158756,40692000.0,OI2209
2022-05-13 14:04:00,13656,13660,13650,13657,227,158834,30790280.0,OI2209
2022-05-13 14:05:00,13656,13665,13651,13654,463,158936,64020230.0,OI2209
2022-05-13 14:06:00,13655,13665,13654,13660,341,159071,46256650.0,OI2209
2022-05-13 14:07:00,13658,13663,13658,13661,175,159142,23738750.0,OI2209
2022-05-13 14:08:00,13661,13664,13651,13658,255,159206,34590750.0,OI2209
2022-05-13 14:09:00,13657,13664,13656,13662,197,159291,26723050.0,OI2209
2022-05-13 14:10:00,13661,13662,13654,13657,117,159301,15871050.0,OI2209
2022-05-13 14:11:00,13657,13658,13649,13652,287,159313,40164180.0,OI2209
2022-05-13 14:12:00,13652,13660,13652,13658,182,159374,24690120.0,OI2209
2022-05-13 14:13:00,13659,13660,13654,13660,103,159393,13972980.0,OI2209
2022-05-13 14:14:00,13659,13686,13658,13681,1066,159518,145859700.0,OI2209
2022-05-13 14:15:00,13682,13692,13674,13678,1414,159665,193097660.0,OI2209
2022-05-13 14:16:00,13678,13684,13677,13678,424,159766,57528320.0,OI2209
2022-05-13 14:17:00,13678,13682,13674,13676,369,159830,51334130.0,OI2209
2022-05-13 14:18:00,13677,13678,13667,13669,334,159831,45320460.0,OI2209
2022-05-13 14:19:00,13669,13676,13665,13676,301,159860,40842690.0,OI2209
2022-05-13 14:20:00,13675,13676,13672,13675,217,159920,29444730.0,OI2209
2022-05-13 14:21:00,13675,13675,13670,13670,143,159964,20681830.0,OI2209
2022-05-13 14:22:00,13672,13675,13668,13672,137,159971,18590900.0,OI2209
2022-05-13 14:23:00,13672,13675,13672,13674,109,159968,14791300.0,OI2209
2022-05-13 14:24:00,13675,13682,13673,13681,317,160077,43016900.0,OI2209
2022-05-13 14:25:00,13679,13681,13668,13671,247,160037,33517900.0,OI2209
2022-05-13 14:26:00,13671,13678,13670,13676,178,160077,24154600.0,OI2209
2022-05-13 14:27:00,13678,13678,13671,13672,201,160114,28565750.0,OI2209
2022-05-13 14:28:00,13671,13673,13668,13669,264,160169,35827440.0,OI2209
2022-05-13 14:29:00,13669,13670,13661,13670,373,160185,50619830.0,OI2209
2022-05-13 14:30:00,13668,13671,13660,13660,293,160228,39763030.0,OI2209
2022-05-13 14:31:00,13661,13667,13659,13663,357,160273,48448470.0,OI2209
2022-05-13 14:32:00,13664,13667,13660,13666,223,160253,31568480.0,OI2209
2022-05-13 14:33:00,13666,13670,13663,13663,385,160356,52252200.0,OI2209
2022-05-13 14:34:00,13665,13665,13658,13659,379,160271,51437880.0,OI2209
2022-05-13 14:35:00,13658,13665,13645,13664,474,160179,64331280.0,OI2209
2022-05-13 14:36:00,13665,13668,13656,13668,351,160121,48958760.0,OI2209
2022-05-13 14:37:00,13667,13670,13663,13668,150,160090,20359500.0,OI2209
2022-05-13 14:38:00,13668,13675,13668,13675,226,160109,30674980.0,OI2209
2022-05-13 14:39:00,13675,13677,13668,13670,203,160133,27553190.0,OI2209
2022-05-13 14:40:00,13670,13671,13666,13671,146,160138,19816580.0,OI2209
2022-05-13 14:41:00,13670,13672,13665,13666,223,160216,30267790.0,OI2209
2022-05-13 14:42:00,13667,13668,13661,13663,296,160292,41509560.0,OI2209
2022-05-13 14:43:00,13662,13668,13662,13667,143,160310,19410820.0,OI2209
2022-05-13 14:44:00,13668,13675,13667,13675,248,160386,33663520.0,OI2209
2022-05-13 14:45:00,13675,13675,13667,13667,255,160427,34613700.0,OI2209
2022-05-13 14:46:00,13668,13673,13665,13672,263,160438,35699620.0,OI2209
2022-05-13 14:47:00,13674,13686,13670,13682,340,160465,47497570.0,OI2209
2022-05-13 14:48:00,13683,13684,13677,13683,175,160486,23756250.0,OI2209
2022-05-13 14:49:00,13682,13684,13672,13676,306,160492,41539500.0,OI2209
2022-05-13 14:50:00,13677,13682,13670,13671,379,160514,51449250.0,OI2209
2022-05-13 14:51:00,13671,13671,13664,13667,279,160460,37874250.0,OI2209
2022-05-13 14:52:00,13668,13671,13661,13662,417,160410,57969280.0,OI2209
2022-05-13 14:53:00,13663,13670,13662,13663,270,160361,36655200.0,OI2209
2022-05-13 14:54:00,13662,13665,13661,13665,249,160306,33804240.0,OI2209
2022-05-13 14:55:00,13662,13668,13657,13666,496,160103,67336960.0,OI2209
2022-05-13 14:56:00,13665,13667,13662,13663,384,160007,53507360.0,OI2209
2022-05-13 14:57:00,13664,13667,13661,13663,263,159974,35707510.0,OI2209
2022-05-13 14:58:00,13663,13666,13660,13664,342,159834,46433340.0,OI2209
2022-05-13 14:59:00,13662,13673,13662,13669,457,159610,62046890.0,OI2209
2022-05-13 21:00:00,13670,13727,13666,13674,4030,160042,551626400.0,OI2209
2022-05-13 21:01:00,13674,13677,13628,13648,2626,160007,358381920.0,OI2209
2022-05-13 21:02:00,13655,13655,13638,13650,1251,159859,170720440.0,OI2209
2022-05-13 21:03:00,13650,13664,13643,13658,807,159929,110213620.0,OI2209
2022-05-13 21:04:00,13659,13665,13645,13663,692,160051,94481580.0,OI2209
2022-05-13 21:05:00,13660,13667,13655,13655,637,160084,87052420.0,OI2209
2022-05-13 21:06:00,13652,13653,13637,13645,687,159983,93778120.0,OI2209
2022-05-13 21:07:00,13644,13646,13635,13636,501,159971,68349340.0,OI2209
2022-05-13 21:08:00,13634,13637,13618,13621,1047,159930,142693740.0,OI2209
2022-05-13 21:09:00,13621,13633,13620,13631,736,159814,100284680.0,OI2209
2022-05-13 21:10:00,13632,13652,13631,13649,878,159821,119787100.0,OI2209
2022-05-13 21:11:00,13649,13658,13644,13651,700,159947,95460080.0,OI2209
2022-05-13 21:12:00,13650,13650,13641,13642,380,159907,51896600.0,OI2209
2022-05-13 21:13:00,13644,13646,13634,13642,403,159919,55037710.0,OI2209
2022-05-13 21:14:00,13641,13649,13638,13647,505,159899,68809050.0,OI2209
2022-05-13 21:15:00,13648,13650,13628,13629,449,159940,61315440.0,OI2209
2022-05-13 21:16:00,13629,13633,13622,13631,406,159883,55276010.0,OI2209
2022-05-13 21:17:00,13631,13634,13616,13621,814,159736,110800720.0,OI2209
2022-05-13 21:18:00,13622,13634,13621,13631,507,159686,69220710.0,OI2209
2022-05-13 21:19:00,13629,13630,13609,13612,679,159585,92329170.0,OI2209
2022-05-13 21:20:00,13612,13615,13568,13592,2292,159186,311409030.0,OI2209
2022-05-13 21:21:00,13592,13605,13589,13604,749,159024,101975800.0,OI2209
2022-05-13 21:22:00,13604,13604,13590,13595,463,158949,62944700.0,OI2209
2022-05-13 21:23:00,13593,13615,13588,13614,827,158998,112358020.0,OI2209
2022-05-13 21:24:00,13614,13627,13607,13627,601,159027,81976400.0,OI2209
2022-05-13 21:25:00,13627,13627,13612,13612,477,159038,64821360.0,OI2209
2022-05-13 21:26:00,13611,13613,13605,13607,277,159015,37780030.0,OI2209
2022-05-13 21:27:00,13607,13616,13599,13611,335,158953,45690650.0,OI2209
2022-05-13 21:28:00,13612,13616,13602,13602,349,158920,47349060.0,OI2209
2022-05-13 21:29:00,13600,13600,13588,13596,450,158884,61115450.0,OI2209
2022-05-13 21:30:00,13595,13605,13586,13603,667,158768,90696570.0,OI2209
2022-05-13 21:31:00,13604,13604,13594,13599,429,158683,58498440.0,OI2209
2022-05-13 21:32:00,13600,13615,13599,13599,533,158672,72408040.0,OI2209
2022-05-13 21:33:00,13601,13608,13598,13604,517,158645,70492950.0,OI2209
2022-05-13 21:34:00,13606,13612,13602,13603,369,158593,50032450.0,OI2209
2022-05-13 21:35:00,13603,13603,13590,13590,567,158541,77018410.0,OI2209
2022-05-13 21:36:00,13590,13596,13579,13585,764,158508,103862110.0,OI2209
2022-05-13 21:37:00,13585,13587,13575,13577,689,158440,93623580.0,OI2209
2022-05-13 21:38:00,13579,13582,13561,13567,1048,158342,142230120.0,OI2209
2022-05-13 21:39:00,13570,13570,13542,13559,1555,158211,210623230.0,OI2209
2022-05-13 21:40:00,13558,13566,13552,13561,1082,158001,146747000.0,OI2209
2022-05-13 21:41:00,13560,13563,13554,13558,499,157924,67636030.0,OI2209
2022-05-13 21:42:00,13556,13562,13545,13547,1026,157828,139055720.0,OI2209
2022-05-13 21:43:00,13549,13554,13536,13543,1046,157886,141738280.0,OI2209
2022-05-13 21:44:00,13541,13546,13536,13537,767,157795,103707800.0,OI2209
2022-05-13 21:45:00,13534,13534,13518,13533,1476,157772,199814490.0,OI2209
2022-05-13 21:46:00,13535,13544,13533,13542,1048,157676,141871500.0,OI2209
2022-05-13 21:47:00,13541,13558,13535,13557,1371,157526,185786650.0,OI2209
2022-05-13 21:48:00,13557,13561,13553,13559,645,157470,87366890.0,OI2209
2022-05-13 21:49:00,13559,13560,13550,13552,376,157413,51166080.0,OI2209
2022-05-13 21:50:00,13552,13552,13542,13542,649,157471,87889140.0,OI2209
2022-05-13 21:51:00,13542,13545,13537,13538,409,157487,55221760.0,OI2209
2022-05-13 21:52:00,13538,13550,13538,13547,275,157466,37416500.0,OI2209
2022-05-13 21:53:00,13547,13553,13542,13542,423,157488,57115530.0,OI2209
2022-05-13 21:54:00,13544,13544,13525,13533,581,157476,78601390.0,OI2209
2022-05-13 21:55:00,13531,13536,13529,13535,434,157562,58593360.0,OI2209
2022-05-13 21:56:00,13536,13543,13533,13540,301,157606,40945030.0,OI2209
2022-05-13 21:57:00,13540,13549,13534,13547,376,157615,51147280.0,OI2209
2022-05-13 21:58:00,13548,13550,13541,13545,377,157610,50824770.0,OI2209
2022-05-13 21:59:00,13546,13552,13539,13547,523,157687,70674690.0,OI2209
2022-05-13 22:00:00,13549,13553,13546,13552,459,157700,62428590.0,OI2209
2022-05-13 22:01:00,13553,13557,13548,13552,540,157612,72971640.0,OI2209
2022-05-13 22:02:00,13550,13551,13546,13549,234,157626,31824000.0,OI2209
2022-05-13 22:03:00,13547,13547,13539,13544,396,157689,53856000.0,OI2209
2022-05-13 22:04:00,13542,13553,13539,13553,356,157767,47932380.0,OI2209
2022-05-13 22:05:00,13554,13555,13548,13555,334,157765,45420660.0,OI2209
2022-05-13 22:06:00,13556,13560,13551,13560,275,157730,37397250.0,OI2209
2022-05-13 22:07:00,13562,13578,13560,13569,987,157665,133722550.0,OI2209
2022-05-13 22:08:00,13569,13582,13568,13578,451,157623,61326980.0,OI2209
2022-05-13 22:09:00,13578,13578,13568,13568,341,157643,46369180.0,OI2209
2022-05-13 22:10:00,13570,13584,13568,13582,455,157621,61870900.0,OI2209
2022-05-13 22:11:00,13582,13582,13564,13570,496,157591,66929070.0,OI2209
2022-05-13 22:12:00,13571,13571,13561,13565,265,157585,36032050.0,OI2209
2022-05-13 22:13:00,13566,13566,13550,13554,336,157578,45685920.0,OI2209
2022-05-13 22:14:00,13554,13557,13546,13548,380,157636,51668600.0,OI2209
2022-05-13 22:15:00,13548,13549,13536,13538,597,157717,80641300.0,OI2209
2022-05-13 22:16:00,13538,13543,13533,13541,401,157796,54519960.0,OI2209
2022-05-13 22:17:00,13542,13542,13532,13542,452,157896,60912600.0,OI2209
2022-05-13 22:18:00,13541,13543,13534,13541,294,157937,39969300.0,OI2209
2022-05-13 22:19:00,13541,13544,13532,13543,568,158066,76669660.0,OI2209
2022-05-13 22:20:00,13540,13550,13539,13540,463,158046,62940220.0,OI2209
2022-05-13 22:21:00,13540,13545,13535,13545,384,158006,51642550.0,OI2209
2022-05-13 22:22:00,13544,13547,13539,13543,351,158134,47711430.0,OI2209
2022-05-13 22:23:00,13542,13547,13539,13540,208,158144,28273440.0,OI2209
2022-05-13 22:24:00,13540,13547,13539,13546,196,158151,26642280.0,OI2209
2022-05-13 22:25:00,13546,13546,13534,13536,359,158139,48229320.0,OI2209
2022-05-13 22:26:00,13535,13536,13526,13532,525,158162,71358000.0,OI2209
2022-05-13 22:27:00,13532,13538,13530,13532,365,158259,49032350.0,OI2209
2022-05-13 22:28:00,13531,13533,13529,13530,269,158362,36559790.0,OI2209
2022-05-13 22:29:00,13530,13537,13529,13536,283,158411,38462530.0,OI2209
2022-05-13 22:30:00,13534,13535,13527,13529,260,158446,35336600.0,OI2209
2022-05-13 22:31:00,13527,13529,13512,13525,728,158417,98348630.0,OI2209
2022-05-13 22:32:00,13526,13530,13519,13529,549,158401,74061760.0,OI2209
2022-05-13 22:33:00,13530,13534,13528,13531,287,158404,39000430.0,OI2209
2022-05-13 22:34:00,13530,13541,13529,13538,460,158320,61902590.0,OI2209
2022-05-13 22:35:00,13537,13540,13532,13535,421,158394,57205480.0,OI2209
2022-05-13 22:36:00,13535,13546,13532,13545,373,158347,50683240.0,OI2209
2022-05-13 22:37:00,13545,13548,13541,13546,266,158303,36144080.0,OI2209
2022-05-13 22:38:00,13548,13549,13540,13548,166,158298,21937010.0,OI2209
2022-05-13 22:39:00,13548,13548,13542,13542,136,158292,18478320.0,OI2209
2022-05-13 22:40:00,13544,13545,13530,13533,310,158333,42119700.0,OI2209
2022-05-13 22:41:00,13535,13538,13532,13533,177,158352,24048990.0,OI2209
2022-05-13 22:42:00,13532,13532,13520,13526,419,158377,56929530.0,OI2209
2022-05-13 22:43:00,13527,13527,13522,13522,153,158398,20157090.0,OI2209
2022-05-13 22:44:00,13522,13528,13520,13523,237,158456,32198820.0,OI2209
2022-05-13 22:45:00,13523,13523,13502,13509,1131,158676,153012960.0,OI2209
2022-05-13 22:46:00,13509,13512,13506,13508,367,158654,49208580.0,OI2209
2022-05-13 22:47:00,13509,13513,13507,13511,381,158749,51755040.0,OI2209
2022-05-13 22:48:00,13510,13517,13509,13517,214,158729,29069760.0,OI2209
2022-05-13 22:49:00,13515,13517,13508,13508,195,158748,26488800.0,OI2209
2022-05-13 22:50:00,13508,13509,13489,13500,1062,158659,142928300.0,OI2209
2022-05-13 22:51:00,13500,13515,13500,13515,420,158634,57044400.0,OI2209
2022-05-13 22:52:00,13514,13526,13513,13521,532,158504,71579830.0,OI2209
2022-05-13 22:53:00,13520,13526,13516,13521,361,158431,49027410.0,OI2209
2022-05-13 22:54:00,13520,13524,13520,13523,128,158430,17383680.0,OI2209
2022-05-13 22:55:00,13521,13524,13519,13521,197,158374,26754570.0,OI2209
2022-05-13 22:56:00,13519,13525,13517,13518,258,158357,34494790.0,OI2209
2022-05-13 22:57:00,13519,13519,13503,13504,415,158356,56357000.0,OI2209
2022-05-13 22:58:00,13506,13517,13505,13517,354,158259,48073200.0,OI2209
2022-05-13 22:59:00,13514,13520,13508,13510,546,157939,73447800.0,OI2209
2022-05-16 09:00:00,13550,13625,13550,13617,3776,157945,513479800.0,OI2209
2022-05-16 09:01:00,13620,13659,13620,13640,2961,157842,403636540.0,OI2209
2022-05-16 09:02:00,13637,13654,13634,13646,1585,157646,216056920.0,OI2209
2022-05-16 09:03:00,13646,13654,13628,13635,1157,157577,157949100.0,OI2209
2022-05-16 09:04:00,13635,13661,13635,13654,1087,157523,148462740.0,OI2209
2022-05-16 09:05:00,13653,13666,13630,13632,1161,157454,158538120.0,OI2209
2022-05-16 09:06:00,13634,13645,13632,13642,908,157468,124186230.0,OI2209
2022-05-16 09:07:00,13645,13662,13637,13659,663,157465,90081810.0,OI2209
2022-05-16 09:08:00,13659,13670,13651,13653,860,157404,117688780.0,OI2209
2022-05-16 09:09:00,13654,13672,13654,13671,662,157520,89952560.0,OI2209
2022-05-16 09:10:00,13671,13695,13670,13694,1311,157595,179859300.0,OI2209
2022-05-16 09:11:00,13692,13708,13688,13707,1367,157955,187523260.0,OI2209
2022-05-16 09:12:00,13707,13712,13691,13698,958,158169,131094920.0,OI2209
2022-05-16 09:13:00,13696,13703,13680,13683,663,158193,90121590.0,OI2209
2022-05-16 09:14:00,13682,13695,13682,13694,529,158333,72802450.0,OI2209
2022-05-16 09:15:00,13695,13699,13661,13670,1757,158050,240672680.0,OI2209
2022-05-16 09:16:00,13669,13693,13669,13688,574,158175,78041040.0,OI2209
2022-05-16 09:17:00,13684,13693,13676,13676,344,158195,47692470.0,OI2209
2022-05-16 09:18:00,13676,13680,13657,13669,1083,158214,147255510.0,OI2209
2022-05-16 09:19:00,13665,13680,13659,13675,499,158082,68787080.0,OI2209
2022-05-16 09:20:00,13675,13676,13659,13661,224,158130,30459520.0,OI2209
2022-05-16 09:21:00,13661,13671,13661,13665,338,158228,45961240.0,OI2209
2022-05-16 09:22:00,13665,13670,13659,13669,171,158224,23252580.0,OI2209
2022-05-16 09:23:00,13667,13681,13663,13680,288,158205,40110500.0,OI2209
2022-05-16 09:24:00,13679,13679,13661,13671,347,158172,47188530.0,OI2209
2022-05-16 09:25:00,13671,13672,13656,13666,349,158188,47460510.0,OI2209
2022-05-16 09:26:00,13664,13668,13661,13662,196,158183,26654040.0,OI2209
2022-05-16 09:27:00,13663,13666,13655,13660,257,158192,34949430.0,OI2209
2022-05-16 09:28:00,13661,13665,13648,13649,575,158179,79159750.0,OI2209
2022-05-16 09:29:00,13648,13655,13648,13650,282,158131,38352000.0,OI2209
2022-05-16 09:30:00,13650,13659,13647,13659,279,158113,37944000.0,OI2209
2022-05-16 09:31:00,13657,13663,13655,13656,253,158107,34408000.0,OI2209
2022-05-16 09:32:00,13657,13660,13652,13652,165,158091,22440000.0,OI2209
2022-05-16 09:33:00,13653,13654,13642,13648,307,158096,41752000.0,OI2209
2022-05-16 09:34:00,13646,13649,13640,13644,183,158136,24888000.0,OI2209
2022-05-16 09:35:00,13643,13644,13623,13626,523,158082,72113420.0,OI2209
2022-05-16 09:36:00,13624,13630,13618,13621,384,158084,52227840.0,OI2209
2022-05-16 09:37:00,13624,13632,13618,13629,338,158106,45971380.0,OI2209
2022-05-16 09:38:00,13630,13630,13623,13626,139,158121,18905390.0,OI2209
2022-05-16 09:39:00,13626,13640,13625,13635,233,158119,31690330.0,OI2209
2022-05-16 09:40:00,13636,13643,13635,13643,342,158084,46515420.0,OI2209
2022-05-16 09:41:00,13643,13643,13632,13636,219,158082,29786190.0,OI2209
2022-05-16 09:42:00,13639,13649,13636,13644,281,158064,38218810.0,OI2209
2022-05-16 09:43:00,13643,13646,13639,13644,131,158040,17817310.0,OI2209
2022-05-16 09:44:00,13645,13646,13640,13644,118,158036,16049180.0,OI2209
2022-05-16 09:45:00,13642,13655,13641,13651,326,157976,44339260.0,OI2209
2022-05-16 09:46:00,13651,13655,13643,13655,244,157943,34199410.0,OI2209
2022-05-16 09:47:00,13654,13660,13650,13650,309,157861,42030180.0,OI2209
2022-05-16 09:48:00,13650,13652,13640,13640,230,157873,31284600.0,OI2209
2022-05-16 09:49:00,13639,13639,13630,13635,194,157880,26387880.0,OI2209
2022-05-16 09:50:00,13634,13635,13622,13628,387,157876,52639740.0,OI2209
2022-05-16 09:51:00,13628,13629,13621,13627,177,157927,24075540.0,OI2209
2022-05-16 09:52:00,13627,13637,13626,13634,157,157937,21355140.0,OI2209
2022-05-16 09:53:00,13636,13642,13628,13628,218,157945,29652360.0,OI2209
2022-05-16 09:54:00,13627,13636,13622,13626,2904,158175,396060810.0,OI2209
2022-05-16 09:55:00,13627,13631,13618,13621,2464,157980,335177920.0,OI2209
2022-05-16 09:56:00,13620,13625,13610,13611,331,157952,45025930.0,OI2209
2022-05-16 09:57:00,13609,13620,13608,13620,183,157937,25982000.0,OI2209
2022-05-16 09:58:00,13620,13630,13620,13629,212,157938,28840480.0,OI2209
2022-05-16 09:59:00,13629,13630,13615,13617,444,157802,60401760.0,OI2209
2022-05-16 10:00:00,13616,13625,13611,13622,327,157849,44485080.0,OI2209
2022-05-16 10:01:00,13619,13620,13606,13611,261,157878,35506440.0,OI2209
2022-05-16 10:02:00,13612,13613,13604,13610,261,157857,35506440.0,OI2209
2022-05-16 10:03:00,13610,13622,13609,13619,194,157831,26391760.0,OI2209
2022-05-16 10:04:00,13618,13631,13617,13628,293,157781,39859720.0,OI2209
2022-05-16 10:05:00,13629,13633,13623,13623,271,157810,36866840.0,OI2209
2022-05-16 10:06:00,13623,13635,13623,13635,207,157817,28160280.0,OI2209
2022-05-16 10:07:00,13634,13641,13633,13636,211,157842,28704440.0,OI2209
2022-05-16 10:08:00,13636,13636,13624,13624,155,157865,21086200.0,OI2209
2022-05-16 10:09:00,13623,13627,13618,13621,181,157881,24623240.0,OI2209
2022-05-16 10:10:00,13621,13621,13610,13610,240,157909,32649600.0,OI2209
2022-05-16 10:11:00,13612,13612,13594,13594,459,157825,62442360.0,OI2209
2022-05-16 10:12:00,13595,13603,13594,13603,301,157817,40948040.0,OI2209
2022-05-16 10:13:00,13600,13606,13600,13600,125,157826,17005000.0,OI2209
2022-05-16 10:14:00,13601,13604,13597,13601,166,157832,22582640.0,OI2209
2022-05-16 10:30:00,13599,13599,13555,13558,1253,157640,170458120.0,OI2209
2022-05-16 10:31:00,13559,13565,13539,13539,1173,157532,158419070.0,OI2209
2022-05-16 10:32:00,13540,13542,13528,13529,1463,157335,197841410.0,OI2209
2022-05-16 10:33:00,13528,13540,13526,13532,1174,157338,159687480.0,OI2209
2022-05-16 10:34:00,13532,13535,13519,13520,882,157382,118778600.0,OI2209
2022-05-16 10:35:00,13518,13518,13472,13482,2496,157184,337048960.0,OI2209
2022-05-16 10:36:00,13479,13496,13464,13492,1871,157355,251967870.0,OI2209
2022-05-16 10:37:00,13492,13498,13483,13490,684,157423,91761930.0,OI2209
2022-05-16 10:38:00,13489,13496,13484,13493,861,157564,117061560.0,OI2209
2022-05-16 10:39:00,13493,13496,13485,13487,785,157632,105470590.0,OI2209
2022-05-16 10:40:00,13484,13503,13484,13501,1200,157805,161869990.0,OI2209
2022-05-16 10:41:00,13502,13513,13498,13509,937,157781,126096400.0,OI2209
2022-05-16 10:42:00,13510,13521,13505,13519,792,157682,107656560.0,OI2209
2022-05-16 10:43:00,13520,13520,13501,13502,655,157635,89034150.0,OI2209
2022-05-16 10:44:00,13503,13506,13494,13497,763,157719,103435820.0,OI2209
2022-05-16 10:45:00,13495,13500,13490,13497,416,157714,56542720.0,OI2209
2022-05-16 10:46:00,13499,13519,13499,13515,541,157589,73258620.0,OI2209
2022-05-16 10:47:00,13516,13520,13512,13520,264,157589,35880240.0,OI2209
2022-05-16 10:48:00,13522,13523,13515,13516,258,157537,35064780.0,OI2209
2022-05-16 10:49:00,13517,13523,13515,13518,271,157522,36831610.0,OI2209
2022-05-16 10:50:00,13517,13523,13514,13515,227,157508,30851570.0,OI2209
2022-05-16 10:51:00,13515,13516,13505,13507,414,157612,56266740.0,OI2209
2022-05-16 10:52:00,13509,13515,13505,13514,287,157661,37677910.0,OI2209
2022-05-16 10:53:00,13512,13516,13510,13513,101,157668,13725900.0,OI2209
2022-05-16 10:54:00,13514,13528,13513,13525,329,157670,44711100.0,OI2209
2022-05-16 10:55:00,13525,13530,13519,13527,437,157655,59388300.0,OI2209
2022-05-16 10:56:00,13526,13532,13523,13531,276,157621,37508400.0,OI2209
2022-05-16 10:57:00,13530,13532,13521,13524,268,157581,36421200.0,OI2209
2022-05-16 10:58:00,13524,13529,13519,13529,257,157608,34926300.0,OI2209
2022-05-16 10:59:00,13529,13534,13527,13533,274,157547,36012230.0,OI2209
2022-05-16 11:00:00,13530,13535,13521,13521,271,157533,36826190.0,OI2209
2022-05-16 11:01:00,13521,13523,13515,13517,166,157518,22557740.0,OI2209
2022-05-16 11:02:00,13518,13532,13512,13532,542,157432,73652380.0,OI2209
2022-05-16 11:03:00,13532,13538,13527,13532,227,157436,30847030.0,OI2209
2022-05-16 11:04:00,13531,13533,13525,13530,109,157415,14812010.0,OI2209
2022-05-16 11:05:00,13526,13530,13522,13523,67,157413,9104630.0,OI2209
2022-05-16 11:06:00,13523,13532,13522,13528,132,157406,17937480.0,OI2209
2022-05-16 11:07:00,13531,13533,13525,13526,144,157434,19568160.0,OI2209
2022-05-16 11:08:00,13524,13526,13519,13519,167,157429,22693630.0,OI2209
2022-05-16 11:09:00,13519,13523,13518,13519,101,157440,13724890.0,OI2209
2022-05-16 11:10:00,13520,13526,13519,13521,98,157467,13317220.0,OI2209
2022-05-16 11:11:00,13521,13523,13515,13520,173,157421,22420200.0,OI2209
2022-05-16 11:12:00,13517,13520,13508,13508,232,157405,31524160.0,OI2209
2022-05-16 11:13:00,13508,13513,13508,13510,120,157413,16305600.0,OI2209
2022-05-16 11:14:00,13510,13511,13504,13507,128,157453,17392640.0,OI2209
2022-05-16 11:15:00,13507,13507,13500,13505,503,157592,68347640.0,OI2209
2022-05-16 11:16:00,13504,13517,13504,13515,242,157559,32882960.0,OI2209
2022-05-16 11:17:00,13517,13517,13503,13508,165,157575,22420200.0,OI2209
2022-05-16 11:18:00,13506,13517,13506,13511,138,157569,18751440.0,OI2209
2022-05-16 11:19:00,13510,13510,13493,13501,643,157749,85979480.0,OI2209
2022-05-16 11:20:00,13502,13502,13496,13502,260,157788,35326200.0,OI2209
2022-05-16 11:21:00,13502,13502,13494,13497,214,157802,29076180.0,OI2209
2022-05-16 11:22:00,13496,13503,13495,13500,112,157824,15217440.0,OI2209
2022-05-16 11:23:00,13500,13504,13495,13504,80,157819,10869600.0,OI2209
2022-05-16 11:24:00,13504,13507,13500,13501,126,157828,17119620.0,OI2209
2022-05-16 11:25:00,13500,13501,13493,13493,196,157820,25229280.0,OI2209
2022-05-16 11:26:00,13491,13494,13486,13489,441,157772,59914260.0,OI2209
2022-05-16 11:27:00,13488,13493,13486,13488,260,157803,35323600.0,OI2209
2022-05-16 11:28:00,13489,13494,13487,13489,197,157853,26764420.0,OI2209
2022-05-16 11:29:00,13490,13492,13485,13485,340,157862,46192400.0,OI2209
2022-05-16 13:30:00,13485,13492,13478,13480,1146,157826,154270480.0,OI2209
2022-05-16 13:31:00,13479,13490,13479,13490,463,157823,62898550.0,OI2209
2022-05-16 13:32:00,13489,13500,13489,13498,360,157790,47472690.0,OI2209
2022-05-16 13:33:00,13500,13515,13500,13512,614,157669,83405760.0,OI2209
2022-05-16 13:34:00,13512,13520,13512,13518,416,157735,56509440.0,OI2209
2022-05-16 13:35:00,13518,13525,13513,13524,496,157731,67376640.0,OI2209
2022-05-16 13:36:00,13523,13527,13522,13524,450,157764,59674930.0,OI2209
2022-05-16 13:37:00,13526,13531,13522,13530,389,157806,52837870.0,OI2209
2022-05-16 13:38:00,13530,13532,13525,13530,465,157894,63160950.0,OI2209
2022-05-16 13:39:00,13530,13532,13524,13524,320,157902,43465600.0,OI2209
2022-05-16 13:40:00,13525,13527,13514,13517,410,157879,55690300.0,OI2209
2022-05-16 13:41:00,13518,13523,13516,13522,185,157890,25128550.0,OI2209
2022-05-16 13:42:00,13522,13522,13509,13510,416,157879,56368510.0,OI2209
2022-05-16 13:43:00,13512,13513,13503,13506,317,157960,43054940.0,OI2209
2022-05-16 13:44:00,13507,13508,13503,13507,228,157966,30966960.0,OI2209
2022-05-16 13:45:00,13506,13507,13489,13494,657,158048,89233740.0,OI2209
2022-05-16 13:46:00,13496,13501,13491,13492,415,157984,56365300.0,OI2209
2022-05-16 13:47:00,13494,13497,13489,13496,395,158004,52153860.0,OI2209
2022-05-16 13:48:00,13496,13500,13489,13489,477,158035,64781370.0,OI2209
2022-05-16 13:49:00,13490,13497,13486,13494,417,158010,56632770.0,OI2209
2022-05-16 13:50:00,13495,13504,13493,13500,467,157948,63423270.0,OI2209
2022-05-16 13:51:00,13501,13501,13490,13491,177,157963,23901500.0,OI2209
2022-05-16 13:52:00,13491,13498,13487,13497,174,157964,23629200.0,OI2209
2022-05-16 13:53:00,13497,13501,13495,13495,277,157913,37616600.0,OI2209
2022-05-16 13:54:00,13496,13502,13492,13500,175,157903,23765000.0,OI2209
2022-05-16 13:55:00,13500,13501,13493,13494,178,157927,24172400.0,OI2209
2022-05-16 13:56:00,13494,13494,13487,13490,318,157964,43184400.0,OI2209
2022-05-16 13:57:00,13492,13493,13486,13490,181,158014,24579800.0,OI2209
2022-05-16 13:58:00,13493,13499,13490,13496,216,158016,29332800.0,OI2209
2022-05-16 13:59:00,13496,13496,13493,13494,120,158006,16296000.0,OI2209
2022-05-16 14:00:00,13493,13501,13492,13494,319,158039,41790200.0,OI2209
2022-05-16 14:01:00,13493,13498,13490,13496,152,158051,20640080.0,OI2209
2022-05-16 14:02:00,13494,13497,13492,13493,117,158062,15887430.0,OI2209
2022-05-16 14:03:00,13495,13495,13489,13489,107,158052,14529530.0,OI2209
2022-05-16 14:04:00,13489,13501,13489,13499,250,158076,33947500.0,OI2209
2022-05-16 14:05:00,13499,13506,13497,13501,291,158113,39514890.0,OI2209
2022-05-16 14:06:00,13501,13506,13500,13504,233,158067,31639070.0,OI2209
2022-05-16 14:07:00,13501,13508,13496,13507,183,158088,24849570.0,OI2209
2022-05-16 14:08:00,13507,13510,13505,13509,161,158095,21862190.0,OI2209
2022-05-16 14:09:00,13508,13509,13500,13505,165,158115,21726270.0,OI2209
2022-05-16 14:10:00,13508,13513,13505,13508,198,158098,26884440.0,OI2209
2022-05-16 14:11:00,13510,13512,13507,13508,105,158086,14256900.0,OI2209
2022-05-16 14:12:00,13508,13509,13502,13506,161,158092,21860580.0,OI2209
2022-05-16 14:13:00,13506,13516,13505,13514,296,158031,40190880.0,OI2209
2022-05-16 14:14:00,13514,13520,13512,13515,239,158004,32451420.0,OI2209
2022-05-16 14:15:00,13513,13519,13513,13517,212,157986,28785360.0,OI2209
2022-05-16 14:16:00,13516,13520,13516,13517,181,158013,24576180.0,OI2209
2022-05-16 14:17:00,13517,13527,13517,13527,364,157960,49423920.0,OI2209
2022-05-16 14:18:00,13525,13527,13521,13523,254,157974,34488120.0,OI2209
2022-05-16 14:19:00,13522,13526,13521,13523,251,158033,34080780.0,OI2209
2022-05-16 14:20:00,13522,13523,13512,13513,226,158028,30686280.0,OI2209
2022-05-16 14:21:00,13512,13519,13512,13515,127,158013,15749810.0,OI2209
2022-05-16 14:22:00,13518,13524,13515,13518,141,158037,19143570.0,OI2209
2022-05-16 14:23:00,13519,13523,13518,13522,119,158011,16156630.0,OI2209
2022-05-16 14:24:00,13521,13524,13518,13521,103,158009,13984310.0,OI2209
2022-05-16 14:25:00,13520,13520,13509,13513,254,158031,34485580.0,OI2209
2022-05-16 14:26:00,13515,13517,13513,13513,82,158010,11133140.0,OI2209
2022-05-16 14:27:00,13512,13520,13511,13519,105,158010,14255850.0,OI2209
2022-05-16 14:28:00,13519,13522,13517,13522,166,158016,22537820.0,OI2209
2022-05-16 14:29:00,13522,13524,13519,13522,139,157990,18872030.0,OI2209
2022-05-16 14:30:00,13524,13528,13517,13520,324,157859,43989480.0,OI2209
2022-05-16 14:31:00,13520,13521,13515,13515,177,157838,24031290.0,OI2209
2022-05-16 14:32:00,13515,13539,13515,13536,705,157804,95717850.0,OI2209
2022-05-16 14:33:00,13537,13549,13535,13547,723,157743,98161710.0,OI2209
2022-05-16 14:34:00,13547,13549,13541,13549,361,157631,48467870.0,OI2209
2022-05-16 14:35:00,13551,13553,13543,13545,434,157528,58919840.0,OI2209
2022-05-16 14:36:00,13545,13545,13537,13538,201,157524,27287760.0,OI2209
2022-05-16 14:37:00,13538,13540,13531,13531,369,157448,50095440.0,OI2209
2022-05-16 14:38:00,13532,13539,13532,13539,114,157417,15476640.0,OI2209
2022-05-16 14:39:00,13539,13545,13537,13543,160,157402,21721600.0,OI2209
2022-05-16 14:40:00,13545,13545,13534,13534,127,157374,17241520.0,OI2209
2022-05-16 14:41:00,13535,13537,13533,13535,123,157398,16698480.0,OI2209
2022-05-16 14:42:00,13534,13534,13521,13525,251,157386,34075760.0,OI2209
2022-05-16 14:43:00,13525,13530,13525,13528,102,157366,13847520.0,OI2209
2022-05-16 14:44:00,13525,13528,13519,13520,142,157390,19277920.0,OI2209
2022-05-16 14:45:00,13520,13523,13516,13516,257,157424,34890320.0,OI2209
2022-05-16 14:46:00,13516,13527,13516,13526,341,157420,46294160.0,OI2209
2022-05-16 14:47:00,13527,13534,13525,13531,227,157395,30817520.0,OI2209
2022-05-16 14:48:00,13533,13533,13528,13530,97,157399,13168720.0,OI2209
2022-05-16 14:49:00,13531,13535,13529,13533,152,157429,20635520.0,OI2209
2022-05-16 14:50:00,13533,13534,13527,13533,199,157411,27016240.0,OI2209
2022-05-16 14:51:00,13533,13539,13532,13536,283,157370,38420080.0,OI2209
2022-05-16 14:52:00,13537,13538,13534,13535,155,157396,20906140.0,OI2209
2022-05-16 14:53:00,13536,13536,13527,13528,360,157339,48870000.0,OI2209
2022-05-16 14:54:00,13528,13534,13525,13533,217,157299,29457750.0,OI2209
2022-05-16 14:55:00,13530,13537,13523,13524,443,157173,60137250.0,OI2209
2022-05-16 14:56:00,13523,13531,13522,13528,402,157238,54571500.0,OI2209
2022-05-16 14:57:00,13528,13531,13527,13530,161,157203,21855750.0,OI2209
2022-05-16 14:58:00,13531,13532,13527,13531,239,157108,32444250.0,OI2209
2022-05-16 14:59:00,13531,13536,13530,13531,548,156837,74391000.0,OI2209
2022-05-16 21:00:00,13531,13564,13502,13510,2993,156872,405072620.0,OI2209
2022-05-16 21:01:00,13512,13525,13508,13516,1070,156934,144610650.0,OI2209
2022-05-16 21:02:00,13516,13517,13472,13493,2439,156875,328997010.0,OI2209
2022-05-16 21:03:00,13489,13506,13486,13501,1023,157064,138097720.0,OI2209
2022-05-16 21:04:00,13500,13514,13492,13495,1081,157130,145978660.0,OI2209
2022-05-16 21:05:00,13494,13496,13438,13477,3608,157350,485766920.0,OI2209
2022-05-16 21:06:00,13478,13492,13475,13486,1040,157401,140236260.0,OI2209
2022-05-16 21:07:00,13487,13520,13485,13504,1557,157514,210280830.0,OI2209
2022-05-16 21:08:00,13506,13511,13496,13496,482,157565,65055540.0,OI2209
2022-05-16 21:09:00,13498,13500,13488,13490,576,157629,77742720.0,OI2209
2022-05-16 21:10:00,13489,13497,13486,13492,493,157762,66540210.0,OI2209
2022-05-16 21:11:00,13492,13493,13478,13480,684,157905,92319480.0,OI2209
2022-05-16 21:12:00,13480,13491,13480,13491,336,157944,45176100.0,OI2209
2022-05-16 21:13:00,13491,13491,13472,13476,600,158061,80976000.0,OI2209
2022-05-16 21:14:00,13475,13479,13463,13465,611,158166,82274630.0,OI2209
2022-05-16 21:15:00,13465,13472,13454,13468,1163,158237,156551730.0,OI2209
2022-05-16 21:16:00,13467,13478,13467,13476,643,158243,86556000.0,OI2209
2022-05-16 21:17:00,13474,13485,13472,13483,678,158148,91475760.0,OI2209
2022-05-16 21:18:00,13482,13482,13473,13479,505,158180,68134600.0,OI2209
2022-05-16 21:19:00,13477,13487,13475,13487,436,158154,58825120.0,OI2209
2022-05-16 21:20:00,13485,13495,13481,13489,777,158120,104692070.0,OI2209
2022-05-16 21:21:00,13489,13492,13463,13468,962,158156,129783420.0,OI2209
2022-05-16 21:22:00,13465,13472,13461,13472,662,158173,89066230.0,OI2209
2022-05-16 21:23:00,13470,13470,13461,13465,662,158358,89303800.0,OI2209
2022-05-16 21:24:00,13465,13480,13465,13473,391,158383,52608700.0,OI2209
2022-05-16 21:25:00,13473,13476,13459,13461,529,158521,71356810.0,OI2209
2022-05-16 21:26:00,13460,13460,13453,13458,550,158663,73923990.0,OI2209
2022-05-16 21:27:00,13456,13460,13442,13444,1153,158899,155239600.0,OI2209
2022-05-16 21:28:00,13445,13451,13441,13451,954,159173,128092820.0,OI2209
2022-05-16 21:29:00,13450,13451,13436,13437,956,159381,128620460.0,OI2209
2022-05-16 21:30:00,13438,13451,13436,13451,1326,159625,178179040.0,OI2209
2022-05-16 21:31:00,13451,13455,13445,13445,783,159663,105292620.0,OI2209
2022-05-16 21:32:00,13444,13457,13442,13456,741,159781,99894210.0,OI2209
2022-05-16 21:33:00,13455,13462,13451,13456,813,159700,109267760.0,OI2209
2022-05-16 21:34:00,13455,13456,13446,13447,1066,160027,143353370.0,OI2209
2022-05-16 21:35:00,13447,13462,13444,13455,1153,160382,155057910.0,OI2209
2022-05-16 21:36:00,13456,13456,13442,13443,818,160564,110250040.0,OI2209
2022-05-16 21:37:00,13443,13446,13431,13431,915,160682,122951410.0,OI2209
2022-05-16 21:38:00,13433,13449,13430,13447,1206,160898,161763920.0,OI2209
2022-05-16 21:39:00,13448,13453,13443,13451,546,160871,73573500.0,OI2209
2022-05-16 21:40:00,13453,13481,13451,13478,1442,160444,194309500.0,OI2209
2022-05-16 21:41:00,13479,13482,13469,13471,759,160427,102275250.0,OI2209
2022-05-16 21:42:00,13468,13470,13460,13460,323,160413,43524250.0,OI2209
2022-05-16 21:43:00,13458,13463,13455,13458,321,160436,43254750.0,OI2209
2022-05-16 21:44:00,13457,13458,13449,13454,450,160522,60214740.0,OI2209
2022-05-16 21:45:00,13454,13458,13442,13444,480,160584,64675200.0,OI2209
2022-05-16 21:46:00,13443,13448,13438,13446,616,160657,82999840.0,OI2209
2022-05-16 21:47:00,13447,13449,13444,13444,248,160668,33010930.0,OI2209
2022-05-16 21:48:00,13445,13445,13440,13443,285,160717,38398050.0,OI2209
2022-05-16 21:49:00,13443,13454,13441,13453,412,160743,55508760.0,OI2209
2022-05-16 21:50:00,13453,13453,13447,13452,285,160747,38398050.0,OI2209
2022-05-16 21:51:00,13452,13452,13441,13446,322,160763,43383060.0,OI2209
2022-05-16 21:52:00,13446,13446,13440,13444,329,160782,43873640.0,OI2209
2022-05-16 21:53:00,13444,13449,13442,13443,292,160829,39338240.0,OI2209
2022-05-16 21:54:00,13443,13446,13439,13446,346,160916,46613120.0,OI2209
2022-05-16 21:55:00,13444,13448,13439,13444,555,160966,74769600.0,OI2209
2022-05-16 21:56:00,13443,13450,13440,13449,393,160938,52944960.0,OI2209
2022-05-16 21:57:00,13448,13448,13441,13443,297,160878,39540480.0,OI2209
2022-05-16 21:58:00,13446,13450,13441,13445,375,160948,50516250.0,OI2209
2022-05-16 21:59:00,13446,13450,13440,13446,436,161015,58733560.0,OI2209
2022-05-16 22:00:00,13448,13452,13444,13450,313,161007,42164230.0,OI2209
2022-05-16 22:01:00,13449,13450,13441,13441,211,160994,28423810.0,OI2209
2022-05-16 22:02:00,13443,13447,13441,13445,279,161009,37314360.0,OI2209
2022-05-16 22:03:00,13445,13463,13442,13462,684,160863,92134800.0,OI2209
2022-05-16 22:04:00,13461,13468,13457,13458,470,160755,63309000.0,OI2209
2022-05-16 22:05:00,13459,13459,13448,13452,317,160761,42699900.0,OI2209
2022-05-16 22:06:00,13453,13457,13448,13449,211,160748,28421700.0,OI2209
2022-05-16 22:07:00,13449,13456,13449,13452,94,160757,12661800.0,OI2209
2022-05-16 22:08:00,13452,13452,13447,13448,171,160729,23033700.0,OI2209
2022-05-16 22:09:00,13449,13451,13442,13447,500,160696,67350000.0,OI2209
2022-05-16 22:10:00,13447,13449,13439,13441,526,160874,70580660.0,OI2209
2022-05-16 22:11:00,13441,13445,13440,13441,203,160896,27342070.0,OI2209
2022-05-16 22:12:00,13440,13441,13434,13438,975,161190,131322750.0,OI2209
2022-05-16 22:13:00,13438,13438,13424,13433,1040,161200,139538190.0,OI2209
2022-05-16 22:14:00,13435,13440,13432,13440,365,161130,49158200.0,OI2209
2022-05-16 22:15:00,13440,13447,13439,13447,514,161076,68677320.0,OI2209
2022-05-16 22:16:00,13448,13452,13446,13448,417,160913,56157390.0,OI2209
2022-05-16 22:17:00,13448,13449,13443,13446,116,160917,15621720.0,OI2209
2022-05-16 22:18:00,13444,13449,13440,13447,173,160852,23297910.0,OI2209
2022-05-16 22:19:00,13449,13460,13447,13454,556,160755,74876520.0,OI2209
2022-05-16 22:20:00,13455,13456,13450,13453,180,160718,24240600.0,OI2209
2022-05-16 22:21:00,13453,13461,13453,13459,267,160667,35956890.0,OI2209
2022-05-16 22:22:00,13459,13461,13451,13452,194,160624,26125980.0,OI2209
2022-05-16 22:23:00,13452,13461,13449,13458,250,160605,33667500.0,OI2209
2022-05-16 22:24:00,13457,13457,13449,13453,274,160667,36899580.0,OI2209
2022-05-16 22:25:00,13453,13459,13451,13451,274,160695,36899580.0,OI2209
2022-05-16 22:26:00,13451,13457,13451,13456,87,160689,11716290.0,OI2209
2022-05-16 22:27:00,13455,13463,13454,13461,254,160655,34206180.0,OI2209
2022-05-16 22:28:00,13462,13462,13454,13457,173,160625,23297910.0,OI2209
2022-05-16 22:29:00,13458,13462,13455,13460,117,160609,15756390.0,OI2209
2022-05-16 22:30:00,13460,13473,13455,13464,723,160534,97366410.0,OI2209
2022-05-16 22:31:00,13465,13470,13458,13462,367,160485,49423890.0,OI2209
2022-05-16 22:32:00,13463,13463,13454,13458,197,160454,26529990.0,OI2209
2022-05-16 22:33:00,13456,13459,13451,13457,228,160461,30704760.0,OI2209
2022-05-16 22:34:00,13458,13461,13453,13458,174,160434,23432580.0,OI2209
2022-05-16 22:35:00,13457,13459,13452,13454,120,160441,16160400.0,OI2209
2022-05-16 22:36:00,13455,13458,13446,13447,371,160531,49359250.0,OI2209
2022-05-16 22:37:00,13447,13454,13447,13453,210,160583,28278600.0,OI2209
2022-05-16 22:38:00,13451,13455,13447,13454,189,160576,25450740.0,OI2209
2022-05-16 22:39:00,13453,13465,13450,13462,214,160550,28817240.0,OI2209
2022-05-16 22:40:00,13463,13463,13456,13458,135,160561,18179100.0,OI2209
2022-05-16 22:41:00,13458,13461,13457,13457,128,160564,17236480.0,OI2209
2022-05-16 22:42:00,13459,13468,13457,13467,240,160535,32318400.0,OI2209
2022-05-16 22:43:00,13465,13472,13463,13466,353,160491,47534980.0,OI2209
2022-05-16 22:44:00,13464,13473,13462,13469,368,160567,49554880.0,OI2209
2022-05-16 22:45:00,13469,13475,13467,13473,463,160481,62347580.0,OI2209
2022-05-16 22:46:00,13473,13474,13462,13464,512,160586,68945920.0,OI2209
2022-05-16 22:47:00,13464,13470,13464,13466,247,160647,33261020.0,OI2209
2022-05-16 22:48:00,13466,13467,13451,13462,693,160643,93319380.0,OI2209
2022-05-16 22:49:00,13462,13466,13459,13463,415,160750,55883900.0,OI2209
2022-05-16 22:50:00,13461,13463,13454,13459,297,160762,39994020.0,OI2209
2022-05-16 22:51:00,13459,13460,13453,13456,248,160743,33395680.0,OI2209
2022-05-16 22:52:00,13457,13460,13452,13458,274,160717,36896840.0,OI2209
2022-05-16 22:53:00,13459,13460,13453,13455,164,160682,22084240.0,OI2209
2022-05-16 22:54:00,13455,13457,13447,13448,339,160641,45649740.0,OI2209
2022-05-16 22:55:00,13450,13454,13440,13447,702,160588,94531320.0,OI2209
2022-05-16 22:56:00,13447,13447,13435,13440,728,160495,98032480.0,OI2209
2022-05-16 22:57:00,13441,13441,13427,13429,686,160556,91697390.0,OI2209
2022-05-16 22:58:00,13427,13434,13424,13426,681,160479,91696650.0,OI2209
2022-05-16 22:59:00,13425,13441,13417,13441,1006,160215,134761660.0,OI2209
2022-05-17 09:00:00,13450,13485,13448,13468,1965,160012,264567600.0,OI2209
2022-05-17 09:01:00,13465,13473,13461,13463,949,159956,127773360.0,OI2209
2022-05-17 09:02:00,13465,13471,13461,13470,509,159943,68531760.0,OI2209
2022-05-17 09:03:00,13471,13475,13466,13474,464,159877,62472960.0,OI2209
2022-05-17 09:04:00,13472,13472,13444,13467,1285,159864,173012400.0,OI2209
2022-05-17 09:05:00,13462,13471,13455,13456,440,159804,59241600.0,OI2209
2022-05-17 09:06:00,13456,13462,13448,13457,423,159763,56952720.0,OI2209
2022-05-17 09:07:00,13456,13459,13447,13447,254,159764,34198560.0,OI2209
2022-05-17 09:08:00,13447,13449,13435,13439,360,159808,48470400.0,OI2209
2022-05-17 09:09:00,13442,13442,13429,13439,545,159849,73378800.0,OI2209
2022-05-17 09:10:00,13438,13441,13435,13437,324,159938,43623360.0,OI2209
2022-05-17 09:11:00,13437,13450,13437,13447,402,159900,54125280.0,OI2209
2022-05-17 09:12:00,13447,13455,13447,13453,257,159847,34602480.0,OI2209
2022-05-17 09:13:00,13455,13455,13447,13453,224,159814,30159360.0,OI2209
2022-05-17 09:14:00,13452,13453,13443,13447,183,159853,24639120.0,OI2209
2022-05-17 09:15:00,13447,13448,13430,13432,445,159871,59128270.0,OI2209
2022-05-17 09:16:00,13430,13437,13421,13432,901,159965,121301630.0,OI2209
2022-05-17 09:17:00,13431,13440,13430,13434,734,160130,98818420.0,OI2209
2022-05-17 09:18:00,13435,13446,13434,13444,601,160377,80912630.0,OI2209
2022-05-17 09:19:00,13444,13458,13444,13458,522,160152,70276860.0,OI2209
2022-05-17 09:20:00,13457,13460,13446,13446,303,160053,40792890.0,OI2209
2022-05-17 09:21:00,13446,13449,13442,13443,175,160068,23560250.0,OI2209
2022-05-17 09:22:00,13443,13455,13443,13450,199,160027,26791370.0,OI2209
2022-05-17 09:23:00,13452,13462,13450,13462,297,159979,39578790.0,OI2209
2022-05-17 09:24:00,13463,13474,13462,13472,525,159844,71504600.0,OI2209
2022-05-17 09:25:00,13473,13482,13465,13482,675,159774,90875250.0,OI2209
2022-05-17 09:26:00,13480,13498,13480,13498,1266,159596,170441580.0,OI2209
2022-05-17 09:27:00,13499,13505,13486,13489,1019,159506,137187970.0,OI2209
2022-05-17 09:28:00,13490,13491,13484,13489,354,159445,48521260.0,OI2209
2022-05-17 09:29:00,13489,13500,13489,13500,450,159432,60588000.0,OI2209
2022-05-17 09:30:00,13502,13506,13490,13492,588,159426,79168320.0,OI2209
2022-05-17 09:31:00,13491,13494,13485,13492,293,159352,39449520.0,OI2209
2022-05-17 09:32:00,13492,13493,13476,13476,395,159374,53182800.0,OI2209
2022-05-17 09:33:00,13477,13483,13472,13473,433,159334,58299120.0,OI2209
2022-05-17 09:34:00,13472,13485,13471,13485,196,159308,26389440.0,OI2209
2022-05-17 09:35:00,13483,13487,13480,13483,142,159296,19118880.0,OI2209
2022-05-17 09:36:00,13485,13486,13479,13481,126,159283,16964640.0,OI2209
2022-05-17 09:37:00,13483,13495,13481,13491,204,159252,27466560.0,OI2209
2022-05-17 09:38:00,13495,13499,13492,13496,328,159188,44161920.0,OI2209
2022-05-17 09:39:00,13494,13497,13479,13488,1977,159668,267096840.0,OI2209
2022-05-17 09:40:00,13485,13501,13485,13500,2840,159735,383347960.0,OI2209
2022-05-17 09:41:00,13500,13501,13492,13494,2101,159487,282920660.0,OI2209
2022-05-17 09:42:00,13492,13501,13485,13486,1012,159387,137249010.0,OI2209
2022-05-17 09:43:00,13486,13488,13479,13484,209,159364,28146030.0,OI2209
2022-05-17 09:44:00,13482,13488,13479,13486,139,159328,18719130.0,OI2209
2022-05-17 09:45:00,13489,13492,13484,13484,147,159318,19796490.0,OI2209
2022-05-17 09:46:00,13483,13487,13478,13484,135,159325,18180450.0,OI2209
2022-05-17 09:47:00,13483,13490,13483,13487,95,159305,12793650.0,OI2209
2022-05-17 09:48:00,13488,13489,13473,13473,229,159296,30839430.0,OI2209
2022-05-17 09:49:00,13473,13479,13473,13479,92,159272,12389640.0,OI2209
2022-05-17 09:50:00,13477,13480,13474,13474,107,159266,14409690.0,OI2209
2022-05-17 09:51:00,13474,13485,13474,13480,143,159254,19257810.0,OI2209
2022-05-17 09:52:00,13477,13480,13473,13475,137,159294,18449790.0,OI2209
2022-05-17 09:53:00,13475,13475,13467,13467,237,159273,31916790.0,OI2209
2022-05-17 09:54:00,13467,13470,13464,13469,152,159258,20469840.0,OI2209
2022-05-17 09:55:00,13469,13476,13467,13473,138,159264,18584460.0,OI2209
2022-05-17 09:56:00,13475,13485,13473,13484,310,159279,41747700.0,OI2209
2022-05-17 09:57:00,13481,13489,13481,13485,145,159264,19527150.0,OI2209
2022-05-17 09:58:00,13483,13485,13478,13478,78,159274,10504260.0,OI2209
2022-05-17 09:59:00,13478,13480,13473,13474,101,159322,13601670.0,OI2209
2022-05-17 10:00:00,13474,13484,13473,13482,178,159317,23971260.0,OI2209
2022-05-17 10:01:00,13480,13485,13477,13483,87,159337,11716290.0,OI2209
2022-05-17 10:02:00,13483,13485,13479,13479,62,159327,8349540.0,OI2209
2022-05-17 10:03:00,13479,13480,13472,13472,139,159315,18719130.0,OI2209
2022-05-17 10:04:00,13473,13473,13455,13461,462,159316,62217540.0,OI2209
2022-05-17 10:05:00,13460,13466,13450,13456,348,159359,46865160.0,OI2209
2022-05-17 10:06:00,13456,13462,13453,13460,158,159342,21277860.0,OI2209
2022-05-17 10:07:00,13459,13462,13458,13458,160,159327,21547200.0,OI2209
2022-05-17 10:08:00,13459,13459,13445,13450,352,159381,47403840.0,OI2209
2022-05-17 10:09:00,13449,13451,13438,13438,440,159522,59254800.0,OI2209
2022-05-17 10:10:00,13437,13445,13433,13443,617,159605,83091390.0,OI2209
2022-05-17 10:11:00,13442,13451,13441,13447,417,159609,56157390.0,OI2209
2022-05-17 10:12:00,13447,13451,13446,13451,126,159619,16968420.0,OI2209
2022-05-17 10:13:00,13451,13452,13448,13449,108,159634,14544360.0,OI2209
2022-05-17 10:14:00,13449,13456,13449,13451,164,159587,22085880.0,OI2209
2022-05-17 10:30:00,13453,13458,13446,13457,340,159599,45787800.0,OI2209
2022-05-17 10:31:00,13459,13474,13459,13471,578,159559,77839260.0,OI2209
2022-05-17 10:32:00,13469,13477,13469,13476,372,159490,50097240.0,OI2209
2022-05-17 10:33:00,13477,13484,13476,13484,400,159467,53868000.0,OI2209
2022-05-17 10:34:00,13482,13484,13476,13480,405,159497,54541350.0,OI2209
2022-05-17 10:35:00,13480,13493,13480,13492,498,159475,67065660.0,OI2209
2022-05-17 10:36:00,13490,13490,13483,13485,484,159588,65180280.0,OI2209
2022-05-17 10:37:00,13485,13488,13465,13465,503,159579,67739010.0,OI2209
2022-05-17 10:38:00,13464,13468,13461,13465,183,159577,24644610.0,OI2209
2022-05-17 10:39:00,13465,13465,13455,13460,333,159565,44845110.0,OI2209
2022-05-17 10:40:00,13460,13463,13457,13459,235,159550,31647450.0,OI2209
2022-05-17 10:41:00,13458,13458,13455,13457,151,159528,20335170.0,OI2209
2022-05-17 10:42:00,13455,13457,13444,13449,517,159570,69624390.0,OI2209
2022-05-17 10:43:00,13446,13447,13436,13437,578,159665,77839260.0,OI2209
2022-05-17 10:44:00,13433,13435,13425,13430,721,159853,95996880.0,OI2209
2022-05-17 10:45:00,13429,13432,13407,13410,1559,160114,209934940.0,OI2209
2022-05-17 10:46:00,13408,13423,13406,13418,717,160242,95740870.0,OI2209
2022-05-17 10:47:00,13418,13424,13397,13397,1295,160310,174371750.0,OI2209
2022-05-17 10:48:00,13393,13401,13368,13392,2501,160206,334437830.0,OI2209
2022-05-17 10:49:00,13392,13392,13372,13375,1502,160400,201038330.0,OI2209
2022-05-17 10:50:00,13380,13399,13375,13397,1008,160327,134510950.0,OI2209
2022-05-17 10:51:00,13396,13396,13374,13375,700,160287,94227000.0,OI2209
2022-05-17 10:52:00,13375,13376,13328,13334,3845,160266,512649610.0,OI2209
2022-05-17 10:53:00,13334,13354,13334,13351,1123,160260,149907920.0,OI2209
2022-05-17 10:54:00,13351,13351,13320,13328,1550,160313,207483620.0,OI2209
2022-05-17 10:55:00,13328,13337,13274,13279,3206,159936,426206300.0,OI2209
2022-05-17 10:56:00,13281,13318,13255,13315,4458,159841,592971430.0,OI2209
2022-05-17 10:57:00,13315,13326,13296,13318,1936,159523,257876500.0,OI2209
2022-05-17 10:58:00,13318,13362,13317,13359,2419,159298,322453600.0,OI2209
2022-05-17 10:59:00,13358,13387,13352,13384,2797,158971,374566390.0,OI2209
2022-05-17 11:00:00,13382,13390,13371,13372,2162,158881,289166450.0,OI2209
2022-05-17 11:01:00,13372,13399,13372,13391,1289,158731,171800740.0,OI2209
2022-05-17 11:02:00,13391,13409,13389,13399,1270,158569,170675300.0,OI2209
2022-05-17 11:03:00,13398,13407,13392,13398,786,158637,105630540.0,OI2209
2022-05-17 11:04:00,13398,13403,13386,13390,1184,158508,157644500.0,OI2209
2022-05-17 11:05:00,13390,13395,13387,13392,374,158526,50258120.0,OI2209
2022-05-17 11:06:00,13393,13402,13380,13385,695,158512,93394100.0,OI2209
2022-05-17 11:07:00,13385,13388,13378,13378,446,158512,59933480.0,OI2209
2022-05-17 11:08:00,13378,13384,13373,13376,522,158552,70146360.0,OI2209
2022-05-17 11:09:00,13377,13380,13375,13379,310,158574,41521680.0,OI2209
2022-05-17 11:10:00,13379,13392,13378,13389,476,158610,63960120.0,OI2209
2022-05-17 11:11:00,13390,13402,13390,13394,439,158512,58988430.0,OI2209
2022-05-17 11:12:00,13396,13397,13390,13392,229,158494,30770730.0,OI2209
2022-05-17 11:13:00,13390,13402,13390,13394,415,158413,55763550.0,OI2209
2022-05-17 11:14:00,13395,13400,13393,13398,229,158348,30770730.0,OI2209
2022-05-17 11:15:00,13395,13396,13367,13370,534,158270,71753580.0,OI2209
2022-05-17 11:16:00,13369,13378,13360,13365,610,158340,80889750.0,OI2209
2022-05-17 11:17:00,13365,13371,13363,13365,300,158345,40308000.0,OI2209
2022-05-17 11:18:00,13365,13372,13354,13360,484,158289,65030240.0,OI2209
2022-05-17 11:19:00,13360,13369,13358,13363,200,158265,26872000.0,OI2209
2022-05-17 11:20:00,13363,13370,13351,13351,600,158198,80616000.0,OI2209
2022-05-17 11:21:00,13350,13373,13349,13367,569,158139,74903260.0,OI2209
2022-05-17 11:22:00,13366,13369,13360,13362,185,158117,24854750.0,OI2209
2022-05-17 11:23:00,13362,13364,13352,13364,230,158101,30900500.0,OI2209
2022-05-17 11:24:00,13363,13363,13352,13357,240,158073,32244000.0,OI2209
2022-05-17 11:25:00,13358,13361,13338,13340,711,158057,95522850.0,OI2209
2022-05-17 11:26:00,13343,13349,13338,13341,318,158033,42723300.0,OI2209
2022-05-17 11:27:00,13335,13348,13332,13337,324,158024,41961740.0,OI2209
2022-05-17 11:28:00,13337,13340,13322,13324,664,157977,89201760.0,OI2209
2022-05-17 11:29:00,13323,13338,13321,13333,570,157840,74993800.0,OI2209
2022-05-17 13:30:00,13344,13363,13326,13348,1251,157845,168046830.0,OI2209
2022-05-17 13:31:00,13347,13347,13313,13317,1095,157948,145487890.0,OI2209
2022-05-17 13:32:00,13314,13322,13306,13316,1088,158139,144525820.0,OI2209
2022-05-17 13:33:00,13314,13325,13313,13323,982,158484,131892420.0,OI2209
2022-05-17 13:34:00,13325,13332,13320,13327,596,158586,79372660.0,OI2209
2022-05-17 13:35:00,13326,13332,13320,13329,416,158557,55868800.0,OI2209
2022-05-17 13:36:00,13330,13340,13329,13336,430,158543,57749000.0,OI2209
2022-05-17 13:37:00,13337,13348,13334,13345,297,158486,39887100.0,OI2209
2022-05-17 13:38:00,13346,13348,13337,13338,293,158433,37705420.0,OI2209
2022-05-17 13:39:00,13340,13344,13335,13337,226,158417,30349540.0,OI2209
2022-05-17 13:40:00,13338,13347,13337,13339,162,158396,21754980.0,OI2209
2022-05-17 13:41:00,13339,13354,13335,13352,416,158341,55864640.0,OI2209
2022-05-17 13:42:00,13354,13365,13351,13360,512,158271,68756480.0,OI2209
2022-05-17 13:43:00,13364,13379,13358,13371,719,158166,96554510.0,OI2209
2022-05-17 13:44:00,13371,13384,13370,13381,699,158090,92787870.0,OI2209
2022-05-17 13:45:00,13381,13386,13375,13382,569,158052,76405320.0,OI2209
2022-05-17 13:46:00,13382,13388,13379,13385,374,158100,50220720.0,OI2209
2022-05-17 13:47:00,13385,13394,13385,13387,389,158125,52234920.0,OI2209
2022-05-17 13:48:00,13387,13391,13377,13377,273,158101,36658440.0,OI2209
2022-05-17 13:49:00,13376,13387,13376,13385,219,158108,29407320.0,OI2209
2022-05-17 13:50:00,13385,13392,13382,13382,310,158056,41626800.0,OI2209
2022-05-17 13:51:00,13382,13383,13375,13376,177,158070,23767560.0,OI2209
2022-05-17 13:52:00,13377,13390,13375,13386,328,158022,44043840.0,OI2209
2022-05-17 13:53:00,13388,13407,13386,13405,727,157963,97621560.0,OI2209
2022-05-17 13:54:00,13402,13407,13397,13397,365,157935,48337300.0,OI2209
2022-05-17 13:55:00,13397,13400,13390,13391,326,157924,43772020.0,OI2209
2022-05-17 13:56:00,13391,13394,13388,13389,233,157919,31284910.0,OI2209
2022-05-17 13:57:00,13389,13403,13389,13399,443,157938,59481610.0,OI2209
2022-05-17 13:58:00,13399,13403,13397,13402,167,157929,22423090.0,OI2209
2022-05-17 13:59:00,13399,13404,13397,13399,267,157945,35850090.0,OI2209
2022-05-17 14:00:00,13398,13407,13395,13396,511,157912,68611970.0,OI2209
2022-05-17 14:01:00,13396,13420,13396,13415,1104,157877,148234080.0,OI2209
2022-05-17 14:02:00,13415,13426,13415,13421,605,157836,81233350.0,OI2209
2022-05-17 14:03:00,13422,13423,13415,13421,378,157844,50754060.0,OI2209
2022-05-17 14:04:00,13422,13424,13416,13418,295,157819,39609650.0,OI2209
2022-05-17 14:05:00,13418,13425,13418,13422,241,157830,32359070.0,OI2209
2022-05-17 14:06:00,13426,13426,13419,13420,214,157843,28733780.0,OI2209
2022-05-17 14:07:00,13419,13420,13405,13405,563,157786,75594010.0,OI2209
2022-05-17 14:08:00,13405,13406,13396,13403,343,157788,46054610.0,OI2209
2022-05-17 14:09:00,13405,13407,13399,13400,214,157754,28733780.0,OI2209
2022-05-17 14:10:00,13402,13408,13400,13406,169,157765,22691630.0,OI2209
2022-05-17 14:11:00,13407,13408,13403,13406,113,157763,15172510.0,OI2209
2022-05-17 14:12:00,13405,13405,13400,13403,90,157764,12084300.0,OI2209
2022-05-17 14:13:00,13401,13407,13400,13401,124,157735,16649480.0,OI2209
2022-05-17 14:14:00,13403,13403,13396,13396,243,157677,32627610.0,OI2209
2022-05-17 14:15:00,13396,13407,13396,13404,213,157697,28599510.0,OI2209
2022-05-17 14:16:00,13405,13405,13399,13400,119,157691,15978130.0,OI2209
2022-05-17 14:17:00,13399,13402,13397,13399,155,157664,20811850.0,OI2209
2022-05-17 14:18:00,13401,13401,13395,13399,154,157664,20677580.0,OI2209
2022-05-17 14:19:00,13400,13400,13388,13390,277,157653,37192790.0,OI2209
2022-05-17 14:20:00,13391,13391,13385,13386,289,157685,38804030.0,OI2209
2022-05-17 14:21:00,13386,13401,13386,13399,247,157669,32357320.0,OI2209
2022-05-17 14:22:00,13399,13407,13399,13407,211,157622,28328860.0,OI2209
2022-05-17 14:23:00,13407,13413,13403,13412,192,157604,25777920.0,OI2209
2022-05-17 14:24:00,13412,13412,13407,13410,107,157621,14365820.0,OI2209
2022-05-17 14:25:00,13408,13409,13400,13404,120,157616,16111200.0,OI2209
2022-05-17 14:26:00,13403,13408,13403,13405,95,157652,12754700.0,OI2209
2022-05-17 14:27:00,13406,13407,13397,13398,109,157625,14634340.0,OI2209
2022-05-17 14:28:00,13397,13398,13373,13373,681,157414,91431060.0,OI2209
2022-05-17 14:29:00,13376,13376,13362,13362,617,157395,82838420.0,OI2209
2022-05-17 14:30:00,13361,13373,13361,13366,446,157387,59879960.0,OI2209
2022-05-17 14:31:00,13366,13373,13364,13372,196,157395,26314960.0,OI2209
2022-05-17 14:32:00,13372,13382,13369,13381,300,157356,40278000.0,OI2209
2022-05-17 14:33:00,13382,13382,13376,13380,211,157375,28328860.0,OI2209
2022-05-17 14:34:00,13380,13390,13379,13386,129,157390,17319540.0,OI2209
2022-05-17 14:35:00,13388,13390,13383,13390,205,157412,27523300.0,OI2209
2022-05-17 14:36:00,13390,13401,13387,13393,322,157350,43231720.0,OI2209
2022-05-17 14:37:00,13394,13394,13387,13387,146,157356,19601960.0,OI2209
2022-05-17 14:38:00,13388,13395,13386,13394,171,157358,21125780.0,OI2209
2022-05-17 14:39:00,13395,13396,13388,13390,279,157403,37455750.0,OI2209
2022-05-17 14:40:00,13390,13391,13383,13385,198,157382,26581500.0,OI2209
2022-05-17 14:41:00,13385,13386,13379,13385,169,157415,22688250.0,OI2209
2022-05-17 14:42:00,13385,13390,13382,13389,132,157386,17721000.0,OI2209
2022-05-17 14:43:00,13389,13396,13389,13392,170,157348,22822500.0,OI2209
2022-05-17 14:44:00,13391,13396,13381,13382,206,157297,27655500.0,OI2209
2022-05-17 14:45:00,13381,13395,13381,13392,206,157288,27655500.0,OI2209
2022-05-17 14:46:00,13393,13398,13389,13397,297,157200,39872250.0,OI2209
2022-05-17 14:47:00,13396,13396,13388,13391,153,157150,20540250.0,OI2209
2022-05-17 14:48:00,13388,13390,13384,13388,140,157115,18795000.0,OI2209
2022-05-17 14:49:00,13387,13388,13385,13385,121,157105,16244250.0,OI2209
2022-05-17 14:50:00,13385,13387,13381,13382,243,157137,32622750.0,OI2209
2022-05-17 14:51:00,13382,13382,13375,13376,272,157098,36516000.0,OI2209
2022-05-17 14:52:00,13378,13385,13374,13376,243,157053,32622750.0,OI2209
2022-05-17 14:53:00,13380,13383,13374,13383,237,156957,31817250.0,OI2209
2022-05-17 14:54:00,13381,13392,13379,13391,237,156870,31817250.0,OI2209
2022-05-17 14:55:00,13392,13396,13381,13382,351,156719,47121750.0,OI2209
2022-05-17 14:56:00,13382,13390,13379,13384,250,156653,33562500.0,OI2209
2022-05-17 14:57:00,13385,13388,13380,13380,364,156469,48867000.0,OI2209
2022-05-17 14:58:00,13379,13383,13376,13379,370,156301,49134890.0,OI2209
2022-05-17 14:59:00,13379,13390,13379,13385,470,156114,63092800.0,OI2209
2022-05-17 21:00:00,13405,13435,13405,13412,3171,156332,425548200.0,OI2209
2022-05-17 21:01:00,13413,13426,13409,13419,1181,156482,158446680.0,OI2209
2022-05-17 21:02:00,13421,13428,13419,13424,873,156518,117200120.0,OI2209
2022-05-17 21:03:00,13425,13436,13421,13426,777,156514,104333420.0,OI2209
2022-05-17 21:04:00,13427,13427,13415,13416,620,156564,83210200.0,OI2209
2022-05-17 21:05:00,13416,13432,13416,13427,646,156627,86699660.0,OI2209
2022-05-17 21:06:00,13427,13427,13412,13412,563,156636,75560230.0,OI2209
2022-05-17 21:07:00,13412,13419,13408,13417,513,156688,68849730.0,OI2209
2022-05-17 21:08:00,13418,13418,13410,13416,404,156706,54133360.0,OI2209
2022-05-17 21:09:00,13417,13418,13387,13394,1738,157022,232925020.0,OI2209
2022-05-17 21:10:00,13392,13399,13384,13394,687,157069,91951330.0,OI2209
2022-05-17 21:11:00,13395,13397,13386,13395,379,157130,50727330.0,OI2209
2022-05-17 21:12:00,13395,13395,13376,13379,595,157192,79691830.0,OI2209
2022-05-17 21:13:00,13378,13384,13376,13384,442,157247,59159570.0,OI2209
2022-05-17 21:14:00,13384,13384,13367,13379,597,157258,79805920.0,OI2209
2022-05-17 21:15:00,13378,13393,13376,13393,650,157281,87026640.0,OI2209
2022-05-17 21:16:00,13393,13403,13388,13396,634,157224,84868360.0,OI2209
2022-05-17 21:17:00,13399,13399,13394,13395,430,157246,57654400.0,OI2209
2022-05-17 21:18:00,13395,13395,13387,13391,251,157314,33654080.0,OI2209
2022-05-17 21:19:00,13391,13391,13384,13390,192,157328,25589930.0,OI2209
2022-05-17 21:20:00,13388,13395,13384,13395,308,157315,41293560.0,OI2209
2022-05-17 21:21:00,13395,13403,13393,13403,280,157311,37539600.0,OI2209
2022-05-17 21:22:00,13401,13413,13401,13404,425,157276,56979750.0,OI2209
2022-05-17 21:23:00,13405,13405,13394,13398,292,157306,39148440.0,OI2209
2022-05-17 21:24:00,13398,13402,13393,13393,137,157328,18367590.0,OI2209
2022-05-17 21:25:00,13393,13396,13388,13394,234,157294,31202190.0,OI2209
2022-05-17 21:26:00,13393,13393,13378,13382,396,157348,53087760.0,OI2209
2022-05-17 21:27:00,13382,13388,13377,13385,281,157359,37670860.0,OI2209
2022-05-17 21:28:00,13384,13389,13381,13383,210,157344,27973540.0,OI2209
2022-05-17 21:29:00,13383,13384,13374,13374,347,157393,46515350.0,OI2209
2022-05-17 21:30:00,13373,13379,13367,13378,773,157511,103240130.0,OI2209
2022-05-17 21:31:00,13378,13388,13374,13386,376,157483,50395280.0,OI2209
2022-05-17 21:32:00,13385,13385,13371,13371,239,157514,32033170.0,OI2209
2022-05-17 21:33:00,13372,13380,13371,13378,264,157533,35248960.0,OI2209
2022-05-17 21:34:00,13378,13384,13371,13371,361,157507,48381220.0,OI2209
2022-05-17 21:35:00,13371,13373,13356,13366,851,157632,113628680.0,OI2209
2022-05-17 21:36:00,13366,13366,13344,13351,1197,157690,159951720.0,OI2209
2022-05-17 21:37:00,13351,13353,13348,13352,430,157771,57383960.0,OI2209
2022-05-17 21:38:00,13354,13362,13353,13360,524,157886,69967600.0,OI2209
2022-05-17 21:39:00,13359,13365,13358,13358,265,157876,35499400.0,OI2209
2022-05-17 21:40:00,13360,13366,13358,13366,375,157821,49995920.0,OI2209
2022-05-17 21:41:00,13366,13373,13356,13367,599,157792,79990980.0,OI2209
2022-05-17 21:42:00,13365,13377,13361,13376,353,157755,47280820.0,OI2209
2022-05-17 21:43:00,13374,13389,13374,13387,814,157553,109027160.0,OI2209
2022-05-17 21:44:00,13385,13387,13381,13383,282,157559,37771080.0,OI2209
2022-05-17 21:45:00,13383,13386,13377,13381,364,157605,48490960.0,OI2209
2022-05-17 21:46:00,13380,13389,13380,13388,252,157629,33750360.0,OI2209
2022-05-17 21:47:00,13388,13388,13375,13377,388,157693,51964840.0,OI2209
2022-05-17 21:48:00,13379,13385,13377,13382,241,157731,32277130.0,OI2209
2022-05-17 21:49:00,13382,13387,13381,13381,175,157760,23437750.0,OI2209
2022-05-17 21:50:00,13381,13389,13380,13386,267,157776,35759310.0,OI2209
2022-05-17 21:51:00,13387,13395,13385,13394,365,157749,48884450.0,OI2209
2022-05-17 21:52:00,13394,13405,13393,13398,601,157794,80491930.0,OI2209
2022-05-17 21:53:00,13397,13401,13391,13393,295,157818,39509350.0,OI2209
2022-05-17 21:54:00,13391,13396,13391,13395,194,157828,25982420.0,OI2209
2022-05-17 21:55:00,13397,13399,13390,13397,347,157914,46473710.0,OI2209
2022-05-17 21:56:00,13398,13402,13393,13399,315,157946,42187950.0,OI2209
2022-05-17 21:57:00,13399,13414,13398,13414,760,158014,101786800.0,OI2209
2022-05-17 21:58:00,13414,13431,13412,13419,1240,158150,166708400.0,OI2209
2022-05-17 21:59:00,13417,13418,13410,13413,429,158150,57464550.0,OI2209
2022-05-17 22:00:00,13412,13415,13406,13410,316,158124,42328200.0,OI2209
2022-05-17 22:01:00,13410,13414,13409,13412,177,158143,23709150.0,OI2209
2022-05-17 22:02:00,13412,13420,13411,13420,182,158157,24378900.0,OI2209
2022-05-17 22:03:00,13420,13420,13408,13410,210,158200,28129500.0,OI2209
2022-05-17 22:04:00,13409,13412,13403,13411,258,158236,34559100.0,OI2209
2022-05-17 22:05:00,13411,13412,13400,13404,473,158225,63696400.0,OI2209
2022-05-17 22:06:00,13404,13413,13404,13411,186,158178,24916560.0,OI2209
2022-05-17 22:07:00,13411,13413,13406,13413,108,158202,14467680.0,OI2209
2022-05-17 22:08:00,13412,13417,13408,13411,110,158214,14735600.0,OI2209
2022-05-17 22:09:00,13410,13412,13400,13406,179,158198,23978840.0,OI2209
2022-05-17 22:10:00,13406,13408,13402,13403,167,158184,22371320.0,OI2209
2022-05-17 22:11:00,13405,13411,13403,13410,91,158189,12190360.0,OI2209
2022-05-17 22:12:00,13409,13414,13409,13410,145,158174,19424200.0,OI2209
2022-05-17 22:13:00,13408,13412,13405,13410,125,158137,16745000.0,OI2209
2022-05-17 22:14:00,13409,13455,13409,13441,2199,157799,295320340.0,OI2209
2022-05-17 22:15:00,13441,13453,13431,13431,836,157734,112386790.0,OI2209
2022-05-17 22:16:00,13429,13439,13422,13438,552,157645,74347510.0,OI2209
2022-05-17 22:17:00,13439,13446,13436,13444,552,157616,73968000.0,OI2209
2022-05-17 22:18:00,13443,13448,13439,13439,407,157547,54932620.0,OI2209
2022-05-17 22:19:00,13441,13446,13436,13442,365,157477,48913650.0,OI2209
2022-05-17 22:20:00,13441,13443,13431,13437,549,157307,73975250.0,OI2209
2022-05-17 22:21:00,13435,13437,13426,13429,289,157274,38731780.0,OI2209
2022-05-17 22:22:00,13430,13432,13426,13430,184,157255,24659680.0,OI2209
2022-05-17 22:23:00,13431,13433,13422,13427,236,157194,31628720.0,OI2209
2022-05-17 22:24:00,13425,13430,13425,13428,72,157190,9649440.0,OI2209
2022-05-17 22:25:00,13428,13431,13418,13424,312,157147,41814240.0,OI2209
2022-05-17 22:26:00,13424,13424,13415,13418,205,157159,27474100.0,OI2209
2022-05-17 22:27:00,13416,13419,13410,13419,232,157143,31092640.0,OI2209
2022-05-17 22:28:00,13420,13425,13409,13410,313,157126,41948260.0,OI2209
2022-05-17 22:29:00,13412,13418,13411,13416,160,157157,21443200.0,OI2209
2022-05-17 22:30:00,13418,13424,13413,13421,200,157150,27229790.0,OI2209
2022-05-17 22:31:00,13421,13430,13417,13426,275,157162,36858250.0,OI2209
2022-05-17 22:32:00,13426,13431,13424,13430,179,157147,23991370.0,OI2209
2022-05-17 22:33:00,13431,13440,13430,13434,387,157123,51869610.0,OI2209
2022-05-17 22:34:00,13438,13446,13436,13443,466,157033,62896840.0,OI2209
2022-05-17 22:35:00,13442,13448,13440,13442,263,157020,35252520.0,OI2209
2022-05-17 22:36:00,13441,13447,13437,13440,374,157032,50130960.0,OI2209
2022-05-17 22:37:00,13439,13446,13439,13442,196,157038,26271840.0,OI2209
2022-05-17 22:38:00,13443,13449,13436,13449,423,157045,57150340.0,OI2209
2022-05-17 22:39:00,13451,13455,13445,13448,320,157081,42896000.0,OI2209
2022-05-17 22:40:00,13448,13455,13446,13449,327,157051,43834350.0,OI2209
2022-05-17 22:41:00,13449,13468,13447,13456,864,156985,116285730.0,OI2209
2022-05-17 22:42:00,13454,13455,13448,13451,325,156951,44039280.0,OI2209
2022-05-17 22:43:00,13450,13461,13448,13456,388,156955,52019160.0,OI2209
2022-05-17 22:44:00,13457,13457,13449,13456,206,156920,27618420.0,OI2209
2022-05-17 22:45:00,13456,13469,13451,13466,576,156936,77705800.0,OI2209
2022-05-17 22:46:00,13467,13472,13465,13467,663,156955,89383150.0,OI2209
2022-05-17 22:47:00,13466,13471,13461,13465,379,157060,50820110.0,OI2209
2022-05-17 22:48:00,13466,13470,13463,13469,243,157064,32583870.0,OI2209
2022-05-17 22:49:00,13469,13471,13458,13458,278,157021,37774130.0,OI2209
2022-05-17 22:50:00,13458,13481,13455,13477,750,157008,101079610.0,OI2209
2022-05-17 22:51:00,13478,13496,13473,13474,1284,157019,172714690.0,OI2209
2022-05-17 22:52:00,13474,13478,13468,13469,427,156957,57790960.0,OI2209
2022-05-17 22:53:00,13471,13488,13469,13485,557,157058,75237700.0,OI2209
2022-05-17 22:54:00,13487,13489,13477,13484,451,157048,60497140.0,OI2209
2022-05-17 22:55:00,13484,13489,13480,13487,286,157056,38898700.0,OI2209
2022-05-17 22:56:00,13489,13500,13484,13500,705,157127,95117460.0,OI2209
2022-05-17 22:57:00,13505,13509,13496,13505,1193,157129,160606520.0,OI2209
2022-05-17 22:58:00,13504,13512,13498,13500,854,157079,115705540.0,OI2209
2022-05-17 22:59:00,13500,13505,13498,13500,560,156963,75714180.0,OI2209
2022-05-18 09:00:00,13482,13500,13477,13481,1930,156951,260180160.0,OI2209
2022-05-18 09:01:00,13481,13482,13463,13469,1361,156668,183274110.0,OI2209
2022-05-18 09:02:00,13470,13479,13467,13475,442,156633,59329660.0,OI2209
2022-05-18 09:03:00,13477,13485,13472,13484,310,156691,42219510.0,OI2209
2022-05-18 09:04:00,13486,13488,13477,13486,359,156668,48192160.0,OI2209
2022-05-18 09:05:00,13485,13499,13481,13498,552,156762,74717800.0,OI2209
2022-05-18 09:06:00,13499,13511,13497,13502,651,156850,87396750.0,OI2209
2022-05-18 09:07:00,13500,13514,13492,13514,546,157009,73929790.0,OI2209
2022-05-18 09:08:00,13515,13535,13515,13530,1542,157072,208318340.0,OI2209
2022-05-18 09:09:00,13530,13532,13519,13530,1053,157385,142707320.0,OI2209
2022-05-18 09:10:00,13530,13542,13525,13540,1229,157463,166389760.0,OI2209
2022-05-18 09:11:00,13540,13549,13523,13526,1935,157589,261969840.0,OI2209
2022-05-18 09:12:00,13526,13530,13520,13520,673,157535,91111160.0,OI2209
2022-05-18 09:13:00,13521,13528,13510,13510,936,157431,126463930.0,OI2209
2022-05-18 09:14:00,13509,13513,13504,13511,617,157305,83615430.0,OI2209
2022-05-18 09:15:00,13513,13514,13500,13501,588,157297,79015440.0,OI2209
2022-05-18 09:16:00,13502,13502,13491,13496,528,157288,71672940.0,OI2209
2022-05-18 09:17:00,13494,13496,13482,13488,618,157272,83053020.0,OI2209
2022-05-18 09:18:00,13490,13498,13489,13489,447,157210,60072330.0,OI2209
2022-05-18 09:19:00,13492,13492,13483,13490,297,157159,39913830.0,OI2209
2022-05-18 09:20:00,13491,13497,13485,13490,384,157167,52343520.0,OI2209
2022-05-18 09:21:00,13492,13494,13474,13475,618,157082,83059200.0,OI2209
2022-05-18 09:22:00,13475,13486,13474,13485,375,157088,50400000.0,OI2209
2022-05-18 09:23:00,13485,13485,13476,13484,238,157080,31987200.0,OI2209
2022-05-18 09:24:00,13483,13488,13481,13485,258,157095,35427850.0,OI2209
2022-05-18 09:25:00,13486,13488,13471,13476,461,156977,61963010.0,OI2209
2022-05-18 09:26:00,13476,13476,13467,13469,453,156962,60887730.0,OI2209
2022-05-18 09:27:00,13467,13469,13461,13469,414,156887,55645740.0,OI2209
2022-05-18 09:28:00,13470,13473,13467,13472,215,156898,28898150.0,OI2209
2022-05-18 09:29:00,13473,13480,13472,13479,301,157016,40457410.0,OI2209
2022-05-18 09:30:00,13477,13477,13461,13463,290,157023,38978900.0,OI2209
2022-05-18 09:31:00,13463,13463,13449,13462,686,156987,92986110.0,OI2209
2022-05-18 09:32:00,13463,13475,13460,13468,279,156973,37503180.0,OI2209
2022-05-18 09:33:00,13471,13476,13466,13475,229,156970,30782180.0,OI2209
2022-05-18 09:34:00,13475,13476,13469,13476,173,156948,23254660.0,OI2209
2022-05-18 09:35:00,13477,13483,13475,13482,326,156935,43820920.0,OI2209
2022-05-18 09:36:00,13482,13482,13474,13478,192,156960,25808640.0,OI2209
2022-05-18 09:37:00,13476,13482,13469,13470,221,156985,29706820.0,OI2209
2022-05-18 09:38:00,13470,13482,13470,13479,151,156992,20297420.0,OI2209
2022-05-18 09:39:00,13481,13483,13477,13478,164,157005,22044880.0,OI2209
2022-05-18 09:40:00,13479,13483,13466,13475,234,156980,31454280.0,OI2209
2022-05-18 09:41:00,13473,13476,13465,13467,150,156983,20163000.0,OI2209
2022-05-18 09:42:00,13467,13469,13462,13463,136,156986,18281120.0,OI2209
2022-05-18 09:43:00,13463,13468,13463,13466,247,157011,34007610.0,OI2209
2022-05-18 09:44:00,13468,13472,13457,13458,336,157042,45168480.0,OI2209
2022-05-18 09:45:00,13458,13463,13455,13458,383,156972,51486690.0,OI2209
2022-05-18 09:46:00,13457,13464,13456,13462,251,156966,33741930.0,OI2209
2022-05-18 09:47:00,13463,13466,13461,13464,131,156971,17610330.0,OI2209
2022-05-18 09:48:00,13465,13465,13454,13457,246,156910,33069780.0,OI2209
2022-05-18 09:49:00,13455,13457,13452,13452,255,156868,34279650.0,OI2209
2022-05-18 09:50:00,13454,13466,13452,13465,233,156855,31322190.0,OI2209
2022-05-18 09:51:00,13466,13468,13460,13466,193,156870,25944990.0,OI2209
2022-05-18 09:52:00,13465,13465,13455,13456,106,156889,14249580.0,OI2209
2022-05-18 09:53:00,13455,13456,13445,13454,356,156816,47857080.0,OI2209
2022-05-18 09:54:00,13454,13459,13453,13455,149,156791,20030070.0,OI2209
2022-05-18 09:55:00,13455,13464,13454,13460,324,156855,43555320.0,OI2209
2022-05-18 09:56:00,13458,13467,13452,13453,620,156991,83346600.0,OI2209
2022-05-18 09:57:00,13452,13452,13431,13433,1362,156806,183093660.0,OI2209
2022-05-18 09:58:00,13433,13452,13430,13452,731,156901,98268330.0,OI2209
2022-05-18 09:59:00,13453,13462,13453,13462,559,156804,75146370.0,OI2209
2022-05-18 10:00:00,13459,13467,13454,13467,418,156835,56191740.0,OI2209
2022-05-18 10:01:00,13467,13471,13462,13462,341,156795,45840630.0,OI2209
2022-05-18 10:02:00,13461,13469,13459,13460,168,156813,23461730.0,OI2209
2022-05-18 10:03:00,13462,13463,13455,13455,207,156855,27829080.0,OI2209
2022-05-18 10:04:00,13454,13455,13445,13451,322,156768,43289680.0,OI2209
2022-05-18 10:05:00,13450,13459,13448,13458,119,156780,15998360.0,OI2209
2022-05-18 10:06:00,13456,13456,13438,13442,341,156680,45844040.0,OI2209
2022-05-18 10:07:00,13440,13444,13422,13429,854,156724,113915840.0,OI2209
2022-05-18 10:08:00,13429,13430,13421,13426,444,156714,59686920.0,OI2209
2022-05-18 10:09:00,13425,13431,13423,13430,244,156670,32800920.0,OI2209
2022-05-18 10:10:00,13432,13433,13415,13416,415,156643,55788450.0,OI2209
2022-05-18 10:11:00,13416,13423,13414,13417,533,156788,71651190.0,OI2209
2022-05-18 10:12:00,13418,13431,13416,13424,450,156715,60493500.0,OI2209
2022-05-18 10:13:00,13426,13429,13416,13416,281,156593,37774830.0,OI2209
2022-05-18 10:14:00,13418,13423,13413,13417,303,156554,40732290.0,OI2209
2022-05-18 10:30:00,13419,13426,13404,13426,760,156475,102166800.0,OI2209
2022-05-18 10:31:00,13427,13428,13407,13408,564,156402,74882660.0,OI2209
2022-05-18 10:32:00,13407,13410,13403,13408,371,156367,49869820.0,OI2209
2022-05-18 10:33:00,13406,13412,13405,13406,253,156345,34008260.0,OI2209
2022-05-18 10:34:00,13406,13415,13405,13412,322,156372,43283240.0,OI2209
2022-05-18 10:35:00,13412,13423,13411,13413,582,156200,78232440.0,OI2209
2022-05-18 10:36:00,13415,13418,13411,13417,157,156164,21103940.0,OI2209
2022-05-18 10:37:00,13418,13423,13415,13422,163,156116,21910460.0,OI2209
2022-05-18 10:38:00,13421,13422,13414,13414,119,156109,15995980.0,OI2209
2022-05-18 10:39:00,13414,13414,13409,13412,143,156091,19222060.0,OI2209
2022-05-18 10:40:00,13410,13424,13408,13420,216,156062,29034720.0,OI2209
2022-05-18 10:41:00,13422,13423,13416,13422,136,156054,18281120.0,OI2209
2022-05-18 10:42:00,13424,13425,13417,13420,153,156078,20566260.0,OI2209
2022-05-18 10:43:00,13420,13439,13417,13436,368,155984,49466560.0,OI2209
2022-05-18 10:44:00,13437,13442,13433,13437,249,155986,33470580.0,OI2209
2022-05-18 10:45:00,13437,13446,13434,13444,455,155974,61161100.0,OI2209
2022-05-18 10:46:00,13445,13451,13442,13443,441,155927,59279220.0,OI2209
2022-05-18 10:47:00,13445,13450,13443,13450,160,155950,21507200.0,OI2209
2022-05-18 10:48:00,13450,13451,13438,13444,246,155973,33067320.0,OI2209
2022-05-18 10:49:00,13444,13444,13433,13433,164,155939,22044880.0,OI2209
2022-05-18 10:50:00,13430,13437,13430,13437,228,155909,30647760.0,OI2209
2022-05-18 10:51:00,13436,13436,13432,13433,105,155919,14114100.0,OI2209
2022-05-18 10:52:00,13433,13434,13422,13426,276,155920,37099920.0,OI2209
2022-05-18 10:53:00,13427,13429,13419,13421,216,155986,29034720.0,OI2209
2022-05-18 10:54:00,13423,13425,13420,13421,115,155978,15458300.0,OI2209
2022-05-18 10:55:00,13420,13420,13408,13412,449,156036,59357850.0,OI2209
2022-05-18 10:56:00,13411,13419,13408,13419,227,156039,30511070.0,OI2209
2022-05-18 10:57:00,13420,13420,13414,13417,122,156060,16398020.0,OI2209
2022-05-18 10:58:00,13417,13420,13413,13417,116,156072,15591560.0,OI2209
2022-05-18 10:59:00,13417,13417,13410,13415,149,156117,20027090.0,OI2209
2022-05-18 11:00:00,13416,13424,13413,13421,402,156159,54032820.0,OI2209
2022-05-18 11:01:00,13421,13428,13413,13428,2176,156306,292476160.0,OI2209
2022-05-18 11:02:00,13427,13435,13426,13430,1388,156725,186561080.0,OI2209
2022-05-18 11:03:00,13431,13436,13425,13432,2124,156365,284423070.0,OI2209
2022-05-18 11:04:00,13433,13433,13425,13425,198,156346,26611200.0,OI2209
2022-05-18 11:05:00,13425,13425,13413,13415,375,156332,50400000.0,OI2209
2022-05-18 11:06:00,13413,13415,13400,13403,537,156390,72172800.0,OI2209
2022-05-18 11:07:00,13404,13414,13403,13407,503,156304,67603200.0,OI2209
2022-05-18 11:08:00,13407,13417,13405,13417,213,156295,28627200.0,OI2209
2022-05-18 11:09:00,13414,13417,13411,13415,101,156283,13574400.0,OI2209
2022-05-18 11:10:00,13416,13423,13414,13421,221,156254,29702400.0,OI2209
2022-05-18 11:11:00,13421,13421,13414,13417,83,156251,11155200.0,OI2209
2022-05-18 11:12:00,13417,13434,13416,13430,306,156275,41126400.0,OI2209
2022-05-18 11:13:00,13430,13433,13422,13422,159,156263,21369600.0,OI2209
2022-05-18 11:14:00,13421,13430,13421,13429,122,156272,16396800.0,OI2209
2022-05-18 11:15:00,13429,13432,13423,13430,272,156203,36556800.0,OI2209
2022-05-18 11:16:00,13428,13430,13414,13417,191,156173,25670400.0,OI2209
2022-05-18 11:17:00,13417,13422,13415,13417,203,156249,27283200.0,OI2209
2022-05-18 11:18:00,13417,13426,13414,13424,142,156234,19084800.0,OI2209
2022-05-18 11:19:00,13424,13442,13424,13437,439,156225,59001600.0,OI2209
2022-05-18 11:20:00,13436,13440,13430,13436,205,156234,27552000.0,OI2209
2022-05-18 11:21:00,13435,13437,13426,13434,141,156217,18950400.0,OI2209
2022-05-18 11:22:00,13433,13436,13431,13432,115,156266,15456000.0,OI2209
2022-05-18 11:23:00,13431,13436,13431,13433,74,156265,9945600.0,OI2209
2022-05-18 11:24:00,13432,13439,13431,13439,125,156224,16800000.0,OI2209
2022-05-18 11:25:00,13437,13440,13429,13433,186,156211,24998400.0,OI2209
2022-05-18 11:26:00,13434,13437,13431,13436,192,156209,25804800.0,OI2209
2022-05-18 11:27:00,13436,13437,13428,13429,105,156186,14112000.0,OI2209
2022-05-18 11:28:00,13429,13434,13427,13427,132,156164,17740800.0,OI2209
2022-05-18 11:29:00,13427,13430,13421,13426,158,156126,21235200.0,OI2209
2022-05-18 13:30:00,13432,13449,13428,13432,645,156124,86688000.0,OI2209
2022-05-18 13:31:00,13433,13436,13427,13433,328,156133,42954720.0,OI2209
2022-05-18 13:32:00,13433,13433,13422,13423,348,156183,46767720.0,OI2209
2022-05-18 13:33:00,13424,13424,13417,13419,609,156241,81843510.0,OI2209
2022-05-18 13:34:00,13419,13427,13418,13426,238,156305,31984820.0,OI2209
2022-05-18 13:35:00,13424,13425,13418,13420,249,156353,33463110.0,OI2209
2022-05-18 13:36:00,13420,13424,13418,13420,160,156382,21502400.0,OI2209
2022-05-18 13:37:00,13420,13421,13415,13419,193,156399,25937270.0,OI2209
2022-05-18 13:38:00,13417,13418,13412,13412,149,156398,20024110.0,OI2209
2022-05-18 13:39:00,13412,13418,13411,13415,176,156439,23652640.0,OI2209
2022-05-18 13:40:00,13415,13420,13408,13419,300,156460,40317000.0,OI2209
2022-05-18 13:41:00,13419,13425,13418,13422,189,156467,25399710.0,OI2209
2022-05-18 13:42:00,13424,13433,13420,13433,282,156404,37897980.0,OI2209
2022-05-18 13:43:00,13432,13434,13426,13433,364,156384,48917960.0,OI2209
2022-05-18 13:44:00,13434,13442,13434,13441,356,156381,47842840.0,OI2209
2022-05-18 13:45:00,13441,13465,13441,13462,1327,156370,178335530.0,OI2209
2022-05-18 13:46:00,13464,13466,13449,13452,1085,156255,145813150.0,OI2209
2022-05-18 13:47:00,13454,13468,13452,13464,792,156488,106436880.0,OI2209
2022-05-18 13:48:00,13463,13467,13457,13461,649,156450,88422250.0,OI2209
2022-05-18 13:49:00,13462,13463,13451,13454,339,156448,45561600.0,OI2209
2022-05-18 13:50:00,13453,13455,13446,13453,209,156422,28089600.0,OI2209
2022-05-18 13:51:00,13453,13458,13446,13446,271,156457,36422400.0,OI2209
2022-05-18 13:52:00,13446,13450,13442,13444,369,156475,49593600.0,OI2209
2022-05-18 13:53:00,13445,13447,13438,13443,741,156411,99590400.0,OI2209
2022-05-18 13:54:00,13445,13459,13443,13459,351,156345,47174400.0,OI2209
2022-05-18 13:55:00,13457,13460,13447,13448,160,156339,21504000.0,OI2209
2022-05-18 13:56:00,13448,13450,13441,13446,134,156354,18009600.0,OI2209
2022-05-18 13:57:00,13444,13445,13436,13441,261,156363,35078400.0,OI2209
2022-05-18 13:58:00,13442,13456,13441,13452,199,156363,26745600.0,OI2209
2022-05-18 13:59:00,13454,13459,13451,13458,180,156382,24192000.0,OI2209
2022-05-18 14:00:00,13459,13461,13443,13453,1125,156545,151200000.0,OI2209
2022-05-18 14:01:00,13453,13455,13449,13452,2212,156419,297292800.0,OI2209
2022-05-18 14:02:00,13452,13455,13449,13453,266,156440,35750400.0,OI2209
2022-05-18 14:03:00,13453,13453,13442,13447,183,156409,24595200.0,OI2209
2022-05-18 14:04:00,13446,13448,13440,13445,157,156360,21100800.0,OI2209
2022-05-18 14:05:00,13445,13448,13441,13442,111,156373,14918400.0,OI2209
2022-05-18 14:06:00,13442,13446,13442,13446,47,156375,6316800.0,OI2209
2022-05-18 14:07:00,13448,13461,13446,13456,277,156324,37228800.0,OI2209
2022-05-18 14:08:00,13454,13458,13450,13451,128,156331,17203200.0,OI2209
2022-05-18 14:09:00,13452,13458,13448,13448,118,156328,15859200.0,OI2209
2022-05-18 14:10:00,13448,13452,13445,13445,133,156321,17875200.0,OI2209
2022-05-18 14:11:00,13445,13448,13444,13446,85,156331,11424000.0,OI2209
2022-05-18 14:12:00,13447,13447,13440,13444,147,156368,19756800.0,OI2209
2022-05-18 14:13:00,13441,13442,13429,13431,341,156391,45830400.0,OI2209
2022-05-18 14:14:00,13432,13432,13421,13423,359,156406,48249600.0,OI2209
2022-05-18 14:15:00,13421,13426,13416,13422,357,156379,47980800.0,OI2209
2022-05-18 14:16:00,13421,13425,13416,13424,239,156432,32121600.0,OI2209
2022-05-18 14:17:00,13423,13433,13420,13431,336,156438,45158400.0,OI2209
2022-05-18 14:18:00,13433,13433,13427,13427,173,156421,23251200.0,OI2209
2022-05-18 14:19:00,13428,13431,13426,13428,112,156430,15052800.0,OI2209
2022-05-18 14:20:00,13428,13430,13413,13413,735,156391,98784000.0,OI2209
2022-05-18 14:21:00,13413,13421,13413,13416,311,156352,41798400.0,OI2209
2022-05-18 14:22:00,13416,13421,13411,13421,279,156364,37497600.0,OI2209
2022-05-18 14:23:00,13421,13425,13418,13420,168,156375,22579200.0,OI2209
2022-05-18 14:24:00,13418,13420,13416,13417,115,156364,15456000.0,OI2209
2022-05-18 14:25:00,13417,13423,13415,13418,194,156356,26073600.0,OI2209
2022-05-18 14:26:00,13418,13425,13410,13424,412,156359,55372800.0,OI2209
2022-05-18 14:27:00,13424,13433,13422,13429,287,156303,38572800.0,OI2209
2022-05-18 14:28:00,13429,13430,13427,13430,148,156316,19891200.0,OI2209
2022-05-18 14:29:00,13428,13429,13422,13423,124,156342,16665600.0,OI2209
2022-05-18 14:30:00,13423,13430,13422,13424,151,156325,20294400.0,OI2209
2022-05-18 14:31:00,13424,13424,13418,13421,172,156325,23116800.0,OI2209
2022-05-18 14:32:00,13420,13424,13418,13420,109,156326,14649600.0,OI2209
2022-05-18 14:33:00,13419,13419,13415,13415,152,156336,20428800.0,OI2209
2022-05-18 14:34:00,13414,13415,13410,13413,455,156263,59809540.0,OI2209
2022-05-18 14:35:00,13415,13415,13403,13405,473,156216,63566470.0,OI2209
2022-05-18 14:36:00,13403,13408,13394,13397,464,156252,62356960.0,OI2209
2022-05-18 14:37:00,13397,13405,13391,13404,662,156152,88966180.0,OI2209
2022-05-18 14:38:00,13405,13409,13402,13408,280,156100,37629200.0,OI2209
2022-05-18 14:39:00,13408,13412,13407,13410,214,156030,28759460.0,OI2209
2022-05-18 14:40:00,13411,13411,13403,13405,126,156025,16933140.0,OI2209
2022-05-18 14:41:00,13406,13416,13404,13415,319,156002,42870410.0,OI2209
2022-05-18 14:42:00,13415,13419,13404,13406,272,155937,36554080.0,OI2209
2022-05-18 14:43:00,13406,13413,13401,13402,219,155929,29431410.0,OI2209
2022-05-18 14:44:00,13403,13409,13400,13404,204,155930,27415560.0,OI2209
2022-05-18 14:45:00,13405,13405,13390,13399,458,155915,61550620.0,OI2209
2022-05-18 14:46:00,13398,13404,13396,13399,202,155881,27146780.0,OI2209
2022-05-18 14:47:00,13399,13399,13387,13388,551,155916,73371630.0,OI2209
2022-05-18 14:48:00,13388,13397,13387,13389,255,155932,34266900.0,OI2209
2022-05-18 14:49:00,13387,13396,13387,13394,150,155928,20157000.0,OI2209
2022-05-18 14:50:00,13392,13394,13385,13387,488,155821,65577440.0,OI2209
2022-05-18 14:51:00,13387,13390,13385,13387,172,155797,23113360.0,OI2209
2022-05-18 14:52:00,13387,13397,13387,13396,360,155761,48376800.0,OI2209
2022-05-18 14:53:00,13394,13398,13390,13390,189,155702,25397820.0,OI2209
2022-05-18 14:54:00,13390,13391,13382,13386,387,155734,52005060.0,OI2209
2022-05-18 14:55:00,13383,13390,13378,13388,815,155784,108104640.0,OI2209
2022-05-18 14:56:00,13388,13401,13387,13396,754,155700,101314980.0,OI2209
2022-05-18 14:57:00,13398,13398,13381,13382,390,155639,52404300.0,OI2209
2022-05-18 14:58:00,13382,13391,13378,13378,454,155600,61003980.0,OI2209
2022-05-18 14:59:00,13378,13380,13367,13370,1121,155428,149186520.0,OI2209
2022-05-18 21:00:00,13370,13416,13348,13401,4716,155794,630765000.0,OI2209
2022-05-18 21:01:00,13400,13430,13400,13420,2503,155903,335859100.0,OI2209
2022-05-18 21:02:00,13418,13422,13408,13413,751,155882,100718300.0,OI2209
2022-05-18 21:03:00,13413,13430,13399,13422,3029,156105,406413610.0,OI2209
2022-05-18 21:04:00,13420,13428,13414,13427,1147,156102,153929450.0,OI2209
2022-05-18 21:05:00,13429,13439,13412,13418,1887,155947,253297860.0,OI2209
2022-05-18 21:06:00,13417,13428,13417,13420,965,155745,129498580.0,OI2209
2022-05-18 21:07:00,13420,13420,13409,13415,757,155812,101633400.0,OI2209
2022-05-18 21:08:00,13416,13419,13411,13417,433,155814,58047980.0,OI2209
2022-05-18 21:09:00,13417,13419,13405,13417,585,155712,78425100.0,OI2209
2022-05-18 21:10:00,13415,13416,13408,13409,544,155766,72928640.0,OI2209
2022-05-18 21:11:00,13411,13428,13408,13427,614,155842,82492150.0,OI2209
2022-05-18 21:12:00,13428,13436,13422,13422,778,155830,104493550.0,OI2209
2022-05-18 21:13:00,13422,13432,13421,13429,484,155708,64894720.0,OI2209
2022-05-18 21:14:00,13431,13438,13420,13422,650,155615,87350430.0,OI2209
2022-05-18 21:15:00,13422,13426,13417,13426,682,155543,91449380.0,OI2209
2022-05-18 21:16:00,13426,13433,13425,13427,408,155505,54918050.0,OI2209
2022-05-18 21:17:00,13423,13433,13420,13422,643,155386,86226300.0,OI2209
2022-05-18 21:18:00,13422,13423,13408,13413,621,155351,83276100.0,OI2209
2022-05-18 21:19:00,13413,13414,13404,13410,334,155317,44789400.0,OI2209
2022-05-18 21:20:00,13410,13420,13409,13420,313,155367,41973300.0,OI2209
2022-05-18 21:21:00,13420,13420,13412,13414,134,155378,17969400.0,OI2209
2022-05-18 21:22:00,13412,13415,13408,13409,173,155374,23199300.0,OI2209
2022-05-18 21:23:00,13409,13411,13403,13404,449,155336,60210900.0,OI2209
2022-05-18 21:24:00,13403,13405,13388,13389,803,155197,107682300.0,OI2209
2022-05-18 21:25:00,13387,13394,13381,13387,619,155117,82757680.0,OI2209
2022-05-18 21:26:00,13385,13386,13376,13380,364,155155,48808760.0,OI2209
2022-05-18 21:27:00,13382,13391,13380,13383,403,155091,53780380.0,OI2209
2022-05-18 21:28:00,13383,13384,13374,13379,336,155111,45050880.0,OI2209
2022-05-18 21:29:00,13377,13377,13365,13371,485,155196,64762700.0,OI2209
2022-05-18 21:30:00,13371,13380,13366,13374,515,155244,69046050.0,OI2209
2022-05-18 21:31:00,13375,13392,13375,13386,2112,155314,282571100.0,OI2209
2022-05-18 21:32:00,13386,13389,13383,13388,379,155262,50804950.0,OI2209
2022-05-18 21:33:00,13388,13388,13377,13382,206,155276,27614300.0,OI2209
2022-05-18 21:34:00,13382,13396,13380,13395,408,155268,54692400.0,OI2209
2022-05-18 21:35:00,13395,13397,13378,13380,412,155215,54922180.0,OI2209
2022-05-18 21:36:00,13383,13388,13381,13383,553,155162,74124120.0,OI2209
2022-05-18 21:37:00,13383,13387,13378,13379,382,155272,51203280.0,OI2209
2022-05-18 21:38:00,13381,13381,13355,13360,993,155398,132776020.0,OI2209
2022-05-18 21:39:00,13357,13360,13348,13358,1022,155545,136306820.0,OI2209
2022-05-18 21:40:00,13357,13359,13345,13350,771,155677,102978080.0,OI2209
2022-05-18 21:41:00,13349,13358,13346,13355,503,155576,67053340.0,OI2209
2022-05-18 21:42:00,13355,13355,13344,13348,732,155620,97724700.0,OI2209
2022-05-18 21:43:00,13349,13354,13343,13346,622,155762,82973360.0,OI2209
2022-05-18 21:44:00,13343,13350,13329,13338,1092,155832,145922120.0,OI2209
2022-05-18 21:45:00,13336,13349,13334,13345,867,155843,115761530.0,OI2209
2022-05-18 21:46:00,13344,13351,13340,13344,749,155880,99939270.0,OI2209
2022-05-18 21:47:00,13345,13359,13339,13356,713,155778,95102810.0,OI2209
2022-05-18 21:48:00,13356,13360,13352,13356,431,155669,57323110.0,OI2209
2022-05-18 21:49:00,13356,13366,13355,13357,700,155488,93744000.0,OI2209
2022-05-18 21:50:00,13358,13367,13356,13362,360,155508,48211200.0,OI2209
2022-05-18 21:51:00,13364,13364,13356,13357,276,155492,36547840.0,OI2209
2022-05-18 21:52:00,13358,13368,13357,13365,333,155522,44592030.0,OI2209
2022-05-18 21:53:00,13365,13379,13363,13375,589,155573,78872990.0,OI2209
2022-05-18 21:54:00,13375,13376,13367,13374,302,155576,40440820.0,OI2209
2022-05-18 21:55:00,13374,13384,13366,13367,474,155562,63473340.0,OI2209
2022-05-18 21:56:00,13366,13372,13358,13359,322,155592,42716880.0,OI2209
2022-05-18 21:57:00,13359,13360,13346,13347,490,155606,65611000.0,OI2209
2022-05-18 21:58:00,13347,13349,13343,13346,347,155604,46463300.0,OI2209
2022-05-18 21:59:00,13347,13348,13334,13335,570,155638,75874650.0,OI2209
2022-05-18 22:00:00,13335,13344,13332,13341,644,155688,85770370.0,OI2209
2022-05-18 22:01:00,13341,13352,13339,13347,557,155626,74571160.0,OI2209
2022-05-18 22:02:00,13344,13347,13341,13345,166,155605,22224080.0,OI2209
2022-05-18 22:03:00,13345,13351,13342,13349,155,155572,20751400.0,OI2209
2022-05-18 22:04:00,13349,13355,13349,13353,168,155555,22026590.0,OI2209
2022-05-18 22:05:00,13355,13358,13348,13348,224,155529,29986880.0,OI2209
2022-05-18 22:06:00,13349,13351,13346,13350,209,155564,27978830.0,OI2209
2022-05-18 22:07:00,13350,13350,13326,13335,955,155551,127366720.0,OI2209
2022-05-18 22:08:00,13335,13338,13327,13334,537,155660,71398320.0,OI2209
2022-05-18 22:09:00,13331,13336,13327,13330,455,155717,60901750.0,OI2209
2022-05-18 22:10:00,13332,13338,13330,13337,266,155758,35604100.0,OI2209
2022-05-18 22:11:00,13337,13337,13330,13334,175,155749,23289260.0,OI2209
2022-05-18 22:12:00,13332,13341,13331,13335,317,155722,42427280.0,OI2209
2022-05-18 22:13:00,13335,13352,13334,13348,735,155678,98372400.0,OI2209
2022-05-18 22:14:00,13348,13356,13347,13350,281,155638,37102250.0,OI2209
2022-05-18 22:15:00,13347,13355,13346,13347,357,155567,47777310.0,OI2209
2022-05-18 22:16:00,13346,13360,13343,13360,422,155564,56476260.0,OI2209
2022-05-18 22:17:00,13361,13365,13355,13356,614,155432,82171620.0,OI2209
2022-05-18 22:18:00,13355,13364,13354,13360,205,155438,27435150.0,OI2209
2022-05-18 22:19:00,13358,13366,13358,13360,208,155459,27836640.0,OI2209
2022-05-18 22:20:00,13360,13364,13354,13361,362,155353,47917990.0,OI2209
2022-05-18 22:21:00,13362,13368,13360,13360,251,155267,33588820.0,OI2209
2022-05-18 22:22:00,13361,13371,13361,13367,308,155248,41216560.0,OI2209
2022-05-18 22:23:00,13365,13368,13353,13354,293,155244,39209260.0,OI2209
2022-05-18 22:24:00,13354,13360,13351,13357,156,155239,20875920.0,OI2209
2022-05-18 22:25:00,13355,13355,13344,13344,349,155241,46703180.0,OI2209
2022-05-18 22:26:00,13340,13348,13340,13345,245,155289,32785900.0,OI2209
2022-05-18 22:27:00,13345,13350,13343,13348,155,155283,20196060.0,OI2209
2022-05-18 22:28:00,13349,13353,13343,13352,200,155282,26762000.0,OI2209
2022-05-18 22:29:00,13352,13359,13350,13359,113,155251,15120530.0,OI2209
2022-05-18 22:30:00,13360,13376,13358,13371,629,155187,84166490.0,OI2209
2022-05-18 22:31:00,13372,13375,13362,13365,294,155168,39340140.0,OI2209
2022-05-18 22:32:00,13365,13365,13346,13349,905,155454,121098050.0,OI2209
2022-05-18 22:33:00,13351,13353,13344,13353,2454,155348,327185760.0,OI2209
2022-05-18 22:34:00,13352,13355,13348,13355,530,155334,70908700.0,OI2209
2022-05-18 22:35:00,13353,13355,13345,13346,246,155303,32912340.0,OI2209
2022-05-18 22:36:00,13346,13350,13337,13338,348,155285,46558920.0,OI2209
2022-05-18 22:37:00,13339,13342,13336,13338,275,155306,36186270.0,OI2209
2022-05-18 22:38:00,13336,13347,13336,13347,209,155280,27960020.0,OI2209
2022-05-18 22:39:00,13348,13349,13336,13340,293,155213,39197540.0,OI2209
2022-05-18 22:40:00,13338,13345,13338,13343,187,155212,25016860.0,OI2209
2022-05-18 22:41:00,13343,13346,13334,13339,315,155229,42140700.0,OI2209
2022-05-18 22:42:00,13339,13347,13339,13344,171,155249,22876380.0,OI2209
2022-05-18 22:43:00,13344,13349,13341,13344,158,155218,21137240.0,OI2209
2022-05-18 22:44:00,13344,13345,13338,13341,167,155220,22341260.0,OI2209
2022-05-18 22:45:00,13342,13349,13338,13349,205,155252,26801870.0,OI2209
2022-05-18 22:46:00,13352,13352,13345,13350,296,155266,39595920.0,OI2209
2022-05-18 22:47:00,13350,13350,13344,13345,101,155263,13510770.0,OI2209
2022-05-18 22:48:00,13345,13350,13343,13345,107,155281,14313390.0,OI2209
2022-05-18 22:49:00,13343,13348,13335,13336,203,155271,27155310.0,OI2209
2022-05-18 22:50:00,13338,13340,13335,13340,307,155272,41067390.0,OI2209
2022-05-18 22:51:00,13339,13352,13339,13350,318,155213,42538860.0,OI2209
2022-05-18 22:52:00,13349,13355,13346,13352,209,155200,27957930.0,OI2209
2022-05-18 22:53:00,13351,13363,13350,13359,323,155162,43207710.0,OI2209
2022-05-18 22:54:00,13358,13366,13357,13363,241,155130,32238570.0,OI2209
2022-05-18 22:55:00,13362,13363,13355,13356,223,155082,29295020.0,OI2209
2022-05-18 22:56:00,13354,13361,13353,13354,164,155068,21936640.0,OI2209
2022-05-18 22:57:00,13353,13368,13353,13366,372,155042,49758720.0,OI2209
2022-05-18 22:58:00,13365,13368,13361,13365,296,154930,39592960.0,OI2209
2022-05-18 22:59:00,13363,13366,13357,13364,326,154784,43605760.0,OI2209
2022-05-19 09:00:00,13332,13349,13316,13333,2205,155027,294260860.0,OI2209
2022-05-19 09:01:00,13329,13330,13313,13327,1035,155273,137754310.0,OI2209
2022-05-19 09:02:00,13327,13340,13326,13338,767,155269,101880620.0,OI2209
2022-05-19 09:03:00,13339,13346,13332,13343,659,155216,88128070.0,OI2209
2022-05-19 09:04:00,13343,13344,13327,13336,710,155211,94948300.0,OI2209
2022-05-19 09:05:00,13336,13337,13322,13328,643,155160,85450400.0,OI2209
2022-05-19 09:06:00,13328,13328,13317,13318,541,155143,72342520.0,OI2209
2022-05-19 09:07:00,13318,13319,13309,13317,890,155318,118739720.0,OI2209
2022-05-19 09:08:00,13316,13333,13314,13332,438,155321,58564980.0,OI2209
2022-05-19 09:09:00,13333,13339,13328,13337,535,155265,71534850.0,OI2209
2022-05-19 09:10:00,13338,13339,13325,13329,456,155299,60225080.0,OI2209
2022-05-19 09:11:00,13332,13368,13329,13361,890,155250,118993000.0,OI2209
2022-05-19 09:12:00,13362,13363,13353,13363,1255,155015,167793500.0,OI2209
2022-05-19 09:13:00,13363,13363,13350,13354,630,154936,84231000.0,OI2209
2022-05-19 09:14:00,13355,13361,13352,13361,418,154919,55886600.0,OI2209
2022-05-19 09:15:00,13360,13362,13343,13349,710,154829,94927000.0,OI2209
2022-05-19 09:16:00,13348,13359,13348,13358,225,154844,30082500.0,OI2209
2022-05-19 09:17:00,13359,13363,13352,13361,324,154868,43318800.0,OI2209
2022-05-19 09:18:00,13363,13373,13361,13373,619,154888,82760300.0,OI2209
2022-05-19 09:19:00,13372,13386,13370,13386,963,154830,128753100.0,OI2209
2022-05-19 09:20:00,13386,13394,13380,13392,943,154920,126079100.0,OI2209
2022-05-19 09:21:00,13395,13395,13369,13371,764,154773,102146800.0,OI2209
2022-05-19 09:22:00,13368,13374,13362,13371,418,154622,55886600.0,OI2209
2022-05-19 09:23:00,13370,13379,13366,13369,2046,154832,273550200.0,OI2209
2022-05-19 09:24:00,13371,13374,13367,13367,2524,154826,337458800.0,OI2209
2022-05-19 09:25:00,13368,13372,13363,13363,301,154839,40243700.0,OI2209
2022-05-19 09:26:00,13363,13368,13357,13368,232,154823,31018400.0,OI2209
2022-05-19 09:27:00,13365,13365,13354,13355,297,154849,39708900.0,OI2209
2022-05-19 09:28:00,13355,13356,13350,13356,327,154868,43719900.0,OI2209
2022-05-19 09:29:00,13356,13356,13350,13351,140,154883,18718000.0,OI2209
2022-05-19 09:30:00,13349,13359,13341,13359,413,154945,55218100.0,OI2209
2022-05-19 09:31:00,13356,13358,13354,13356,96,154961,12835200.0,OI2209
2022-05-19 09:32:00,13357,13366,13350,13361,299,154970,39976300.0,OI2209
2022-05-19 09:33:00,13361,13364,13356,13359,162,154959,21659400.0,OI2209
2022-05-19 09:34:00,13362,13366,13359,13362,131,154967,17514700.0,OI2209
2022-05-19 09:35:00,13363,13370,13361,13368,167,154973,22327900.0,OI2209
2022-05-19 09:36:00,13371,13378,13368,13377,304,154996,40644800.0,OI2209
2022-05-19 09:37:00,13377,13390,13377,13386,688,155022,91985600.0,OI2209
2022-05-19 09:38:00,13389,13395,13385,13393,518,155029,69256600.0,OI2209
2022-05-19 09:39:00,13394,13394,13386,13386,478,154952,63908600.0,OI2209
2022-05-19 09:40:00,13386,13391,13381,13387,274,154942,36633800.0,OI2209
2022-05-19 09:41:00,13388,13389,13381,13383,219,154992,29280300.0,OI2209
2022-05-19 09:42:00,13381,13382,13376,13378,243,154941,32489100.0,OI2209
2022-05-19 09:43:00,13378,13379,13372,13374,302,154878,40377400.0,OI2209
2022-05-19 09:44:00,13375,13383,13371,13383,255,154833,34093500.0,OI2209
2022-05-19 09:45:00,13380,13389,13380,13385,287,154800,38371900.0,OI2209
2022-05-19 09:46:00,13385,13395,13385,13392,392,154724,52410400.0,OI2209
2022-05-19 09:47:00,13393,13406,13392,13401,769,154622,103762210.0,OI2209
2022-05-19 09:48:00,13401,13409,13401,13403,436,154648,58297560.0,OI2209
2022-05-19 09:49:00,13405,13409,13400,13405,400,154602,53484000.0,OI2209
2022-05-19 09:50:00,13405,13417,13403,13405,804,154433,107502840.0,OI2209
2022-05-19 09:51:00,13406,13413,13402,13411,346,154343,46263660.0,OI2209
2022-05-19 09:52:00,13412,13425,13411,13422,616,154333,83338290.0,OI2209
2022-05-19 09:53:00,13421,13426,13417,13417,365,154304,48807800.0,OI2209
2022-05-19 09:54:00,13417,13419,13405,13409,476,154205,63650720.0,OI2209
2022-05-19 09:55:00,13409,13415,13404,13407,245,154157,32761400.0,OI2209
2022-05-19 09:56:00,13409,13415,13406,13415,294,154121,39313680.0,OI2209
2022-05-19 09:57:00,13415,13422,13413,13415,197,154109,26342840.0,OI2209
2022-05-19 09:58:00,13415,13422,13415,13420,183,154119,24470760.0,OI2209
2022-05-19 09:59:00,13420,13427,13416,13426,337,154107,46057540.0,OI2209
2022-05-19 10:00:00,13426,13434,13413,13421,652,154156,87191960.0,OI2209
2022-05-19 10:01:00,13420,13430,13420,13426,268,154141,35839640.0,OI2209
2022-05-19 10:02:00,13430,13431,13419,13420,480,154065,64190400.0,OI2209
2022-05-19 10:03:00,13419,13444,13419,13431,766,154002,103452740.0,OI2209
2022-05-19 10:04:00,13430,13442,13430,13433,782,153787,104584680.0,OI2209
2022-05-19 10:05:00,13433,13441,13432,13438,278,153766,37179720.0,OI2209
2022-05-19 10:06:00,13438,13438,13425,13425,364,153677,49711160.0,OI2209
2022-05-19 10:07:00,13425,13431,13421,13431,372,153679,49755000.0,OI2209
2022-05-19 10:08:00,13431,13438,13428,13432,261,153665,34908750.0,OI2209
2022-05-19 10:09:00,13434,13447,13433,13447,345,153710,46143750.0,OI2209
2022-05-19 10:10:00,13447,13455,13445,13453,628,153694,85040860.0,OI2209
2022-05-19 10:11:00,13453,13463,13447,13448,720,153641,96307200.0,OI2209
2022-05-19 10:12:00,13448,13452,13442,13447,424,153614,56714240.0,OI2209
2022-05-19 10:13:00,13443,13451,13439,13439,388,153590,52960060.0,OI2209
2022-05-19 10:14:00,13438,13450,13438,13450,293,153489,39194610.0,OI2209
2022-05-19 10:30:00,13446,13468,13442,13467,991,153474,133640090.0,OI2209
2022-05-19 10:31:00,13468,13474,13454,13459,561,153457,75050580.0,OI2209
2022-05-19 10:32:00,13461,13472,13460,13469,635,153450,86036280.0,OI2209
2022-05-19 10:33:00,13470,13470,13454,13455,588,153436,78668520.0,OI2209
2022-05-19 10:34:00,13455,13457,13446,13446,304,153463,40672160.0,OI2209
2022-05-19 10:35:00,13446,13453,13444,13448,383,153524,51241570.0,OI2209
2022-05-19 10:36:00,13448,13448,13434,13437,380,153528,51942730.0,OI2209
2022-05-19 10:37:00,13437,13444,13433,13435,254,153540,33985200.0,OI2209
2022-05-19 10:38:00,13436,13444,13436,13441,192,153583,25689600.0,OI2209
2022-05-19 10:39:00,13440,13444,13435,13437,122,153561,16323600.0,OI2209
2022-05-19 10:40:00,13438,13444,13428,13440,270,153550,36126000.0,OI2209
2022-05-19 10:41:00,13440,13440,13434,13437,115,153592,15387000.0,OI2209
2022-05-19 10:42:00,13437,13439,13430,13433,124,153568,16591200.0,OI2209
2022-05-19 10:43:00,13433,13439,13424,13431,624,153669,83491200.0,OI2209
2022-05-19 10:44:00,13429,13435,13429,13432,185,153657,25874390.0,OI2209
2022-05-19 10:45:00,13431,13445,13431,13442,430,153828,57538300.0,OI2209
2022-05-19 10:46:00,13443,13454,13442,13451,255,153803,34121550.0,OI2209
2022-05-19 10:47:00,13451,13453,13448,13451,147,153824,19670070.0,OI2209
2022-05-19 10:48:00,13450,13452,13443,13443,170,153838,22747700.0,OI2209
2022-05-19 10:49:00,13443,13445,13429,13429,204,153823,27297240.0,OI2209
2022-05-19 10:50:00,13431,13433,13422,13422,315,153792,42150150.0,OI2209
2022-05-19 10:51:00,13423,13427,13415,13415,351,153697,46967310.0,OI2209
2022-05-19 10:52:00,13414,13419,13414,13418,277,153635,38208250.0,OI2209
2022-05-19 10:53:00,13417,13419,13409,13413,357,153650,47773740.0,OI2209
2022-05-19 10:54:00,13417,13427,13414,13424,459,153803,61423380.0,OI2209
2022-05-19 10:55:00,13424,13430,13419,13422,229,153834,30644780.0,OI2209
2022-05-19 10:56:00,13424,13438,13424,13428,339,153895,45364980.0,OI2209
2022-05-19 10:57:00,13428,13430,13423,13425,127,153897,16995140.0,OI2209
2022-05-19 10:58:00,13424,13433,13423,13429,78,153909,10437960.0,OI2209
2022-05-19 10:59:00,13428,13430,13426,13427,94,153941,12579080.0,OI2209
2022-05-19 11:00:00,13429,13443,13426,13440,294,153933,39343080.0,OI2209
2022-05-19 11:01:00,13442,13445,13436,13445,139,153946,18600980.0,OI2209
2022-05-19 11:02:00,13446,13446,13438,13438,149,153976,19939180.0,OI2209
2022-05-19 11:03:00,13438,13438,13431,13437,156,153951,22043010.0,OI2209
2022-05-19 11:04:00,13439,13443,13434,13442,135,153928,18067050.0,OI2209
2022-05-19 11:05:00,13441,13443,13436,13441,84,153953,11241720.0,OI2209
2022-05-19 11:06:00,13441,13442,13431,13432,137,153927,18334710.0,OI2209
2022-05-19 11:07:00,13433,13437,13427,13435,153,153924,20475990.0,OI2209
2022-05-19 11:08:00,13434,13439,13429,13433,64,153920,8565120.0,OI2209
2022-05-19 11:09:00,13432,13433,13426,13427,129,153907,17264070.0,OI2209
2022-05-19 11:10:00,13427,13436,13421,13424,153,153942,20475990.0,OI2209
2022-05-19 11:11:00,13424,13427,13422,13427,101,153960,13516830.0,OI2209
2022-05-19 11:12:00,13428,13439,13428,13439,232,153871,31048560.0,OI2209
2022-05-19 11:13:00,13437,13445,13437,13437,240,153877,32119200.0,OI2209
2022-05-19 11:14:00,13436,13439,13431,13438,95,153883,12713850.0,OI2209
2022-05-19 11:15:00,13439,13444,13436,13442,463,153892,61963290.0,OI2209
2022-05-19 11:16:00,13439,13442,13425,13428,188,153897,25160040.0,OI2209
2022-05-19 11:17:00,13427,13437,13426,13435,269,153910,37191790.0,OI2209
2022-05-19 11:18:00,13434,13435,13428,13430,168,153931,22485120.0,OI2209
2022-05-19 11:19:00,13432,13432,13423,13426,191,153978,25563440.0,OI2209
2022-05-19 11:20:00,13426,13433,13422,13429,271,153938,36270640.0,OI2209
2022-05-19 11:21:00,13431,13435,13426,13429,125,153932,16730000.0,OI2209
2022-05-19 11:22:00,13431,13440,13431,13438,201,153914,26901840.0,OI2209
2022-05-19 11:23:00,13438,13444,13437,13440,144,153933,19272960.0,OI2209
2022-05-19 11:24:00,13441,13444,13438,13442,139,153962,18603760.0,OI2209
2022-05-19 11:25:00,13443,13444,13434,13443,283,154010,37876720.0,OI2209
2022-05-19 11:26:00,13442,13448,13437,13448,153,154012,20477520.0,OI2209
2022-05-19 11:27:00,13448,13450,13437,13440,170,153996,22752800.0,OI2209
2022-05-19 11:28:00,13440,13440,13431,13438,134,153994,17934560.0,OI2209
2022-05-19 11:29:00,13439,13446,13437,13446,184,153934,25839710.0,OI2209
2022-05-19 13:30:00,13432,13446,13421,13431,643,153958,86065550.0,OI2209
2022-05-19 13:31:00,13431,13434,13424,13430,307,153920,41091950.0,OI2209
2022-05-19 13:32:00,13431,13431,13412,13416,513,153879,68665050.0,OI2209
2022-05-19 13:33:00,13416,13416,13403,13407,619,153832,82853150.0,OI2209
2022-05-19 13:34:00,13406,13414,13406,13408,316,153798,42296600.0,OI2209
2022-05-19 13:35:00,13406,13406,13397,13400,943,153952,126220550.0,OI2209
2022-05-19 13:36:00,13400,13403,13397,13398,419,153883,56083150.0,OI2209
2022-05-19 13:37:00,13399,13404,13397,13403,346,153904,46312100.0,OI2209
2022-05-19 13:38:00,13402,13409,13402,13405,422,153909,56484700.0,OI2209
2022-05-19 13:39:00,13407,13411,13401,13410,392,153961,53731550.0,OI2209
2022-05-19 13:40:00,13408,13416,13408,13410,225,153886,30118500.0,OI2209
2022-05-19 13:41:00,13410,13410,13398,13398,538,153802,72016680.0,OI2209
2022-05-19 13:42:00,13398,13407,13397,13405,575,153776,76969500.0,OI2209
2022-05-19 13:43:00,13407,13408,13403,13405,306,153727,40961160.0,OI2209
2022-05-19 13:44:00,13406,13408,13401,13402,295,153636,39488700.0,OI2209
2022-05-19 13:45:00,13401,13405,13396,13397,354,153695,47386440.0,OI2209
2022-05-19 13:46:00,13397,13404,13395,13400,261,153675,34937460.0,OI2209
2022-05-19 13:47:00,13402,13405,13394,13394,285,153670,38150100.0,OI2209
2022-05-19 13:48:00,13393,13397,13391,13396,522,153723,69874920.0,OI2209
2022-05-19 13:49:00,13396,13396,13382,13383,598,153624,80048280.0,OI2209
2022-05-19 13:50:00,13380,13392,13380,13389,747,153797,99993420.0,OI2209
2022-05-19 13:51:00,13391,13391,13382,13384,187,153744,25031820.0,OI2209
2022-05-19 13:52:00,13385,13386,13378,13386,403,153794,53945580.0,OI2209
2022-05-19 13:53:00,13386,13386,13380,13380,209,153723,27976740.0,OI2209
2022-05-19 13:54:00,13382,13382,13376,13378,372,153815,49795920.0,OI2209
2022-05-19 13:55:00,13380,13401,13378,13399,1068,154092,142962480.0,OI2209
2022-05-19 13:56:00,13400,13400,13395,13397,225,154072,30118500.0,OI2209
2022-05-19 13:57:00,13398,13405,13395,13403,246,154101,32929560.0,OI2209
2022-05-19 13:58:00,13403,13404,13401,13403,142,154109,19008120.0,OI2209
2022-05-19 13:59:00,13404,13404,13395,13397,180,154120,24094800.0,OI2209
2022-05-19 14:00:00,13396,13407,13396,13403,308,154167,41228880.0,OI2209
2022-05-19 14:01:00,13402,13413,13402,13413,328,154118,43906080.0,OI2209
2022-05-19 14:02:00,13412,13421,13410,13417,474,153910,63449640.0,OI2209
2022-05-19 14:03:00,13418,13420,13407,13408,190,153925,25433400.0,OI2209
2022-05-19 14:04:00,13407,13408,13402,13402,155,153898,20748300.0,OI2209
2022-05-19 14:05:00,13402,13407,13402,13402,110,153892,14724600.0,OI2209
2022-05-19 14:06:00,13402,13405,13402,13402,47,153886,6291420.0,OI2209
2022-05-19 14:07:00,13403,13404,13396,13397,85,153882,11378100.0,OI2209
2022-05-19 14:08:00,13397,13402,13392,13402,195,153888,26102700.0,OI2209
2022-05-19 14:09:00,13402,13408,13401,13404,100,153880,13386000.0,OI2209
2022-05-19 14:10:00,13405,13409,13404,13407,97,153893,12984420.0,OI2209
2022-05-19 14:11:00,13407,13414,13407,13411,186,153946,24897960.0,OI2209
2022-05-19 14:12:00,13409,13415,13405,13405,155,153942,20748300.0,OI2209
2022-05-19 14:13:00,13405,13412,13404,13405,207,153866,27709020.0,OI2209
2022-05-19 14:14:00,13405,13405,13395,13402,156,153875,20882160.0,OI2209
2022-05-19 14:15:00,13401,13410,13400,13404,121,153885,16197060.0,OI2209
2022-05-19 14:16:00,13405,13410,13404,13408,46,153881,7526890.0,OI2209
2022-05-19 14:17:00,13410,13415,13407,13412,197,153869,26372390.0,OI2209
2022-05-19 14:18:00,13410,13414,13407,13410,93,153892,12449910.0,OI2209
2022-05-19 14:19:00,13409,13418,13404,13418,212,153898,28380440.0,OI2209
2022-05-19 14:20:00,13418,13426,13413,13424,412,153876,55154440.0,OI2209
2022-05-19 14:21:00,13424,13424,13411,13413,160,153856,21419200.0,OI2209
2022-05-19 14:22:00,13415,13418,13412,13413,161,153850,21553070.0,OI2209
2022-05-19 14:23:00,13411,13413,13402,13405,334,153780,44712580.0,OI2209
2022-05-19 14:24:00,13404,13405,13401,13404,144,153756,19277280.0,OI2209
2022-05-19 14:25:00,13402,13405,13387,13389,454,153693,60776980.0,OI2209
2022-05-19 14:26:00,13390,13391,13387,13389,270,153644,36144900.0,OI2209
2022-05-19 14:27:00,13389,13392,13385,13390,213,153656,28514310.0,OI2209
2022-05-19 14:28:00,13390,13394,13387,13393,159,153625,21285330.0,OI2209
2022-05-19 14:29:00,13392,13406,13392,13398,296,153587,39625520.0,OI2209
2022-05-19 14:30:00,13400,13403,13393,13401,223,153537,29853010.0,OI2209
2022-05-19 14:31:00,13400,13405,13395,13403,201,153522,26907870.0,OI2209
2022-05-19 14:32:00,13406,13406,13398,13398,281,153454,37617470.0,OI2209
2022-05-19 14:33:00,13397,13403,13395,13399,206,153478,27577220.0,OI2209
2022-05-19 14:34:00,13399,13403,13396,13399,168,153478,22490160.0,OI2209
2022-05-19 14:35:00,13400,13400,13388,13397,423,153446,56627010.0,OI2209
2022-05-19 14:36:00,13396,13410,13396,13409,634,153393,84873580.0,OI2209
2022-05-19 14:37:00,13410,13411,13399,13403,409,153391,54752830.0,OI2209
2022-05-19 14:38:00,13402,13409,13397,13409,521,153298,69746270.0,OI2209
2022-05-19 14:39:00,13409,13420,13409,13414,424,153346,56760880.0,OI2209
2022-05-19 14:40:00,13416,13420,13410,13420,403,153340,53949610.0,OI2209
2022-05-19 14:41:00,13419,13430,13416,13430,508,153438,68005960.0,OI2209
2022-05-19 14:42:00,13428,13440,13425,13437,615,153368,83780590.0,OI2209
2022-05-19 14:43:00,13438,13438,13431,13432,339,153357,45385320.0,OI2209
2022-05-19 14:44:00,13433,13449,13432,13448,552,153322,73901760.0,OI2209
2022-05-19 14:45:00,13450,13457,13446,13456,1109,153404,148472920.0,OI2209
2022-05-19 14:46:00,13458,13458,13450,13453,769,153368,104431950.0,OI2209
2022-05-19 14:47:00,13452,13459,13451,13457,628,153436,84082920.0,OI2209
2022-05-19 14:48:00,13457,13464,13455,13462,622,153447,83279580.0,OI2209
2022-05-19 14:49:00,13461,13470,13460,13466,1109,153416,149985830.0,OI2209
2022-05-19 14:50:00,13466,13468,13463,13465,671,153324,89846900.0,OI2209
2022-05-19 14:51:00,13465,13470,13465,13465,681,153305,92701240.0,OI2209
2022-05-19 14:52:00,13466,13469,13464,13466,640,153345,85702400.0,OI2209
2022-05-19 14:53:00,13466,13470,13462,13464,1327,153170,179233580.0,OI2209
2022-05-19 14:54:00,13463,13467,13455,13462,623,152972,83432160.0,OI2209
2022-05-19 14:55:00,13460,13464,13457,13462,585,152885,78343200.0,OI2209
2022-05-19 14:56:00,13461,13463,13453,13460,463,152846,62004960.0,OI2209
2022-05-19 14:57:00,13461,13462,13456,13457,419,152830,57668390.0,OI2209
2022-05-19 14:58:00,13457,13458,13449,13455,393,152657,52634490.0,OI2209
2022-05-19 14:59:00,13454,13470,13453,13467,649,152432,86920570.0,OI2209
2022-05-19 21:00:00,13295,13348,13295,13315,10185,151843,1355623500.0,OI2209
2022-05-19 21:01:00,13314,13314,13206,13260,8077,151901,1071213680.0,OI2209
2022-05-19 21:02:00,13259,13270,13247,13258,3208,151978,425237620.0,OI2209
2022-05-19 21:03:00,13258,13270,13227,13266,3396,152086,449881340.0,OI2209
2022-05-19 21:04:00,13271,13274,13252,13261,1419,152159,188166160.0,OI2209
2022-05-19 21:05:00,13259,13260,13236,13238,2760,151935,365601450.0,OI2209
2022-05-19 21:06:00,13237,13245,13224,13231,2137,152096,282751290.0,OI2209
2022-05-19 21:07:00,13236,13243,13222,13233,2554,152494,337954800.0,OI2209
2022-05-19 21:08:00,13235,13235,13202,13215,2795,153121,369407310.0,OI2209
2022-05-19 21:09:00,13215,13225,13208,13222,1629,153396,215323650.0,OI2209
2022-05-19 21:10:00,13222,13234,13210,13231,1843,153343,243637030.0,OI2209
2022-05-19 21:11:00,13231,13242,13223,13242,997,153325,131802170.0,OI2209
2022-05-19 21:12:00,13241,13254,13230,13250,1789,153131,237221400.0,OI2209
2022-05-19 21:13:00,13250,13253,13239,13246,1216,153039,160801550.0,OI2209
2022-05-19 21:14:00,13245,13258,13241,13252,1059,153075,140412810.0,OI2209
2022-05-19 21:15:00,13253,13268,13246,13266,1470,153136,194907300.0,OI2209
2022-05-19 21:16:00,13265,13267,13248,13253,784,153139,103950560.0,OI2209
2022-05-19 21:17:00,13253,13267,13250,13266,745,153233,98779550.0,OI2209
2022-05-19 21:18:00,13265,13277,13263,13268,2135,153609,283079650.0,OI2209
2022-05-19 21:19:00,13270,13276,13266,13269,2052,153259,272597180.0,OI2209
2022-05-19 21:20:00,13270,13279,13269,13275,1941,153446,257376600.0,OI2209
2022-05-19 21:21:00,13277,13279,13272,13277,591,153411,78914420.0,OI2209
2022-05-19 21:22:00,13277,13283,13274,13283,1021,153386,135394810.0,OI2209
2022-05-19 21:23:00,13280,13290,13278,13288,1028,153201,136323080.0,OI2209
2022-05-19 21:24:00,13294,13302,13288,13296,2105,153063,279733410.0,OI2209
2022-05-19 21:25:00,13297,13306,13296,13302,1687,152941,224942400.0,OI2209
2022-05-19 21:26:00,13302,13304,13287,13289,1042,152859,138210880.0,OI2209
2022-05-19 21:27:00,13290,13305,13287,13305,682,152798,90460480.0,OI2209
2022-05-19 21:28:00,13305,13315,13305,13314,915,152642,121998220.0,OI2209
2022-05-19 21:29:00,13312,13325,13309,13317,975,152392,129976120.0,OI2209
2022-05-19 21:30:00,13315,13320,13303,13304,898,152399,119128680.0,OI2209
2022-05-19 21:31:00,13306,13310,13300,13310,694,152338,92724330.0,OI2209
2022-05-19 21:32:00,13312,13314,13304,13310,482,152364,63946940.0,OI2209
2022-05-19 21:33:00,13311,13319,13310,13318,530,152370,70983510.0,OI2209
2022-05-19 21:34:00,13318,13330,13315,13321,885,152214,117421800.0,OI2209
2022-05-19 21:35:00,13321,13322,13308,13311,516,152147,69145300.0,OI2209
2022-05-19 21:36:00,13312,13326,13311,13321,697,152333,92484930.0,OI2209
2022-05-19 21:37:00,13321,13328,13318,13319,433,152280,58148490.0,OI2209
2022-05-19 21:38:00,13320,13324,13308,13309,542,152327,71923400.0,OI2209
2022-05-19 21:39:00,13309,13316,13307,13312,565,152385,74975500.0,OI2209
2022-05-19 21:40:00,13311,13316,13303,13304,512,152455,67942400.0,OI2209
2022-05-19 21:41:00,13306,13324,13301,13324,636,152376,85113470.0,OI2209
2022-05-19 21:42:00,13323,13326,13315,13319,488,152419,64762480.0,OI2209
2022-05-19 21:43:00,13320,13322,13311,13312,950,152465,126805150.0,OI2209
2022-05-19 21:44:00,13313,13327,13312,13323,541,152516,71801520.0,OI2209
2022-05-19 21:45:00,13321,13333,13320,13328,800,152481,106920060.0,OI2209
2022-05-19 21:46:00,13328,13333,13318,13319,684,152580,90787320.0,OI2209
2022-05-19 21:47:00,13320,13321,13314,13318,238,152597,31589740.0,OI2209
2022-05-19 21:48:00,13316,13323,13311,13323,331,152598,44690220.0,OI2209
2022-05-19 21:49:00,13322,13325,13312,13315,438,152517,58140120.0,OI2209
2022-05-19 21:50:00,13315,13318,13306,13307,438,152579,58140120.0,OI2209
2022-05-19 21:51:00,13307,13320,13307,13319,213,152587,28273620.0,OI2209
2022-05-19 21:52:00,13319,13324,13314,13316,241,152599,31990340.0,OI2209
2022-05-19 21:53:00,13318,13321,13312,13317,161,152607,21371140.0,OI2209
2022-05-19 21:54:00,13318,13323,13317,13323,204,152613,27078960.0,OI2209
2022-05-19 21:55:00,13323,13325,13313,13317,235,152649,31969790.0,OI2209
2022-05-19 21:56:00,13317,13323,13317,13320,186,152680,24691500.0,OI2209
2022-05-19 21:57:00,13321,13327,13315,13316,301,152660,39957750.0,OI2209
2022-05-19 21:58:00,13317,13317,13294,13295,829,152674,110049750.0,OI2209
2022-05-19 21:59:00,13294,13301,13293,13295,442,152555,58675500.0,OI2209
2022-05-19 22:00:00,13294,13299,13293,13299,327,152589,43409250.0,OI2209
2022-05-19 22:01:00,13299,13304,13296,13303,253,152572,33585750.0,OI2209
2022-05-19 22:02:00,13303,13304,13295,13298,260,152592,34515000.0,OI2209
2022-05-19 22:03:00,13298,13309,13298,13306,203,152555,27752150.0,OI2209
2022-05-19 22:04:00,13305,13308,13303,13307,112,152568,14869120.0,OI2209
2022-05-19 22:05:00,13306,13309,13298,13302,242,152565,32127920.0,OI2209
2022-05-19 22:06:00,13304,13311,13299,13301,191,152535,25357160.0,OI2209
2022-05-19 22:07:00,13303,13310,13301,13308,162,152522,21507120.0,OI2209
2022-05-19 22:08:00,13308,13308,13298,13300,194,152520,25755440.0,OI2209
2022-05-19 22:09:00,13302,13302,13292,13294,291,152508,38633160.0,OI2209
2022-05-19 22:10:00,13296,13296,13282,13288,578,152571,76735280.0,OI2209
2022-05-19 22:11:00,13292,13312,13290,13310,429,152579,56954040.0,OI2209
2022-05-19 22:12:00,13310,13320,13309,13319,554,152620,73549040.0,OI2209
2022-05-19 22:13:00,13316,13322,13314,13319,310,152621,41990130.0,OI2209
2022-05-19 22:14:00,13317,13327,13317,13320,337,152643,44743490.0,OI2209
2022-05-19 22:15:00,13318,13322,13311,13314,273,152645,36246210.0,OI2209
2022-05-19 22:16:00,13315,13318,13311,13317,179,152680,23765830.0,OI2209
2022-05-19 22:17:00,13317,13325,13311,13324,250,152669,33192500.0,OI2209
2022-05-19 22:18:00,13324,13330,13322,13329,428,152647,56825560.0,OI2209
2022-05-19 22:19:00,13329,13332,13325,13329,345,152661,46658300.0,OI2209
2022-05-19 22:20:00,13329,13334,13326,13334,495,152713,65726100.0,OI2209
2022-05-19 22:21:00,13335,13335,13324,13328,232,152738,30804960.0,OI2209
2022-05-19 22:22:00,13328,13334,13326,13332,750,152948,99585000.0,OI2209
2022-05-19 22:23:00,13332,13337,13331,13336,921,152695,123167010.0,OI2209
2022-05-19 22:24:00,13334,13338,13327,13332,395,152543,52452050.0,OI2209
2022-05-19 22:25:00,13333,13334,13324,13332,262,152454,34790980.0,OI2209
2022-05-19 22:26:00,13329,13331,13318,13320,429,152451,57854400.0,OI2209
2022-05-19 22:27:00,13319,13323,13317,13323,298,152437,39574400.0,OI2209
2022-05-19 22:28:00,13323,13325,13320,13324,111,152438,14740800.0,OI2209
2022-05-19 22:29:00,13324,13336,13323,13336,295,152496,39176000.0,OI2209
2022-05-19 22:30:00,13335,13357,13330,13343,1250,152422,166907030.0,OI2209
2022-05-19 22:31:00,13344,13355,13343,13350,481,152518,63881610.0,OI2209
2022-05-19 22:32:00,13352,13356,13349,13356,377,152556,50984980.0,OI2209
2022-05-19 22:33:00,13356,13358,13352,13356,385,152619,51135700.0,OI2209
2022-05-19 22:34:00,13355,13367,13354,13361,527,152575,69996140.0,OI2209
2022-05-19 22:35:00,13361,13375,13361,13375,751,152593,100680060.0,OI2209
2022-05-19 22:36:00,13377,13377,13370,13372,414,152609,54991620.0,OI2209
2022-05-19 22:37:00,13375,13381,13368,13381,531,152649,71474420.0,OI2209
2022-05-19 22:38:00,13381,13383,13373,13375,512,152783,68014080.0,OI2209
2022-05-19 22:39:00,13374,13381,13372,13381,320,152851,43458810.0,OI2209
2022-05-19 22:40:00,13381,13386,13373,13383,676,152863,89806600.0,OI2209
2022-05-19 22:41:00,13383,13386,13377,13384,320,152899,43471970.0,OI2209
2022-05-19 22:42:00,13384,13390,13380,13381,557,152913,74003020.0,OI2209
2022-05-19 22:43:00,13381,13382,13375,13381,354,152915,48001520.0,OI2209
2022-05-19 22:44:00,13380,13392,13380,13387,348,152928,46238760.0,OI2209
2022-05-19 22:45:00,13388,13397,13388,13394,507,152950,68342720.0,OI2209
2022-05-19 22:46:00,13393,13403,13393,13399,649,153093,86239120.0,OI2209
2022-05-19 22:47:00,13399,13400,13393,13397,395,153103,53475670.0,OI2209
2022-05-19 22:48:00,13397,13403,13382,13395,855,153097,114617570.0,OI2209
2022-05-19 22:49:00,13397,13401,13390,13401,452,153181,60070800.0,OI2209
2022-05-19 22:50:00,13400,13407,13399,13402,470,153262,63468840.0,OI2209
2022-05-19 22:51:00,13402,13404,13392,13395,496,153226,65923360.0,OI2209
2022-05-19 22:52:00,13395,13400,13392,13398,478,153103,64546560.0,OI2209
2022-05-19 22:53:00,13396,13399,13393,13393,275,153050,36553000.0,OI2209
2022-05-19 22:54:00,13393,13403,13392,13394,623,152884,83833720.0,OI2209
2022-05-19 22:55:00,13393,13395,13388,13393,481,152757,63939330.0,OI2209
2022-05-19 22:56:00,13393,13399,13392,13395,310,152700,41208300.0,OI2209
2022-05-19 22:57:00,13391,13394,13378,13381,628,152639,84518790.0,OI2209
2022-05-19 22:58:00,13379,13384,13376,13376,359,152493,47725460.0,OI2209
2022-05-19 22:59:00,13377,13385,13374,13385,510,152298,68846840.0,OI2209
2022-05-20 09:00:00,13370,13410,13365,13380,1971,152571,263111600.0,OI2209
2022-05-20 09:01:00,13379,13379,13344,13349,1638,152466,218872010.0,OI2209
2022-05-20 09:02:00,13347,13353,13339,13344,1088,152441,145765770.0,OI2209
2022-05-20 09:03:00,13345,13347,13337,13341,611,152502,81250780.0,OI2209
2022-05-20 09:04:00,13342,13342,13328,13337,745,152530,99070100.0,OI2209
2022-05-20 09:05:00,13336,13348,13331,13342,995,152554,133433020.0,OI2209
2022-05-20 09:06:00,13342,13349,13339,13347,326,152545,43354740.0,OI2209
2022-05-20 09:07:00,13343,13347,13340,13344,220,152561,29257800.0,OI2209
2022-05-20 09:08:00,13342,13343,13332,13333,270,152563,35907300.0,OI2209
2022-05-20 09:09:00,13333,13347,13329,13346,530,152721,70484700.0,OI2209
2022-05-20 09:10:00,13345,13345,13332,13343,566,152763,75272340.0,OI2209
2022-05-20 09:11:00,13341,13348,13340,13344,409,152682,54392910.0,OI2209
2022-05-20 09:12:00,13344,13344,13331,13336,376,152629,51149130.0,OI2209
2022-05-20 09:13:00,13336,13340,13328,13336,691,152509,91903000.0,OI2209
2022-05-20 09:14:00,13335,13338,13330,13334,393,152509,52269000.0,OI2209
2022-05-20 09:15:00,13332,13344,13332,13341,375,152412,49875000.0,OI2209
2022-05-20 09:16:00,13341,13344,13336,13337,317,152412,42161000.0,OI2209
2022-05-20 09:17:00,13337,13338,13316,13318,715,152407,95095000.0,OI2209
2022-05-20 09:18:00,13318,13320,13312,13316,539,152473,71687000.0,OI2209
2022-05-20 09:19:00,13313,13324,13312,13316,403,152508,53599000.0,OI2209
2022-05-20 09:20:00,13316,13328,13313,13322,622,152670,83911440.0,OI2209
2022-05-20 09:21:00,13324,13328,13321,13327,495,152678,65839950.0,OI2209
2022-05-20 09:22:00,13327,13328,13320,13325,187,152663,24872870.0,OI2209
2022-05-20 09:23:00,13327,13344,13326,13333,432,152590,57460320.0,OI2209
2022-05-20 09:24:00,13333,13333,13314,13314,500,152525,66505000.0,OI2209
2022-05-20 09:25:00,13315,13329,13313,13327,313,152536,41632130.0,OI2209
2022-05-20 09:26:00,13328,13341,13326,13336,526,152541,69963260.0,OI2209
2022-05-20 09:27:00,13334,13343,13333,13333,249,152543,33119490.0,OI2209
2022-05-20 09:28:00,13337,13338,13325,13325,290,152561,38572900.0,OI2209
2022-05-20 09:29:00,13324,13328,13314,13315,460,152676,61184600.0,OI2209
2022-05-20 09:30:00,13315,13320,13305,13307,621,152699,82599210.0,OI2209
2022-05-20 09:31:00,13306,13310,13303,13309,286,152685,38040860.0,OI2209
2022-05-20 09:32:00,13308,13311,13305,13308,295,152691,39237950.0,OI2209
2022-05-20 09:33:00,13307,13318,13307,13313,367,152703,48814670.0,OI2209
2022-05-20 09:34:00,13313,13322,13313,13320,205,152687,27267050.0,OI2209
2022-05-20 09:35:00,13320,13330,13319,13323,349,152661,46420490.0,OI2209
2022-05-20 09:36:00,13322,13323,13317,13322,160,152659,22524390.0,OI2209
2022-05-20 09:37:00,13321,13321,13313,13317,278,152692,36979560.0,OI2209
2022-05-20 09:38:00,13320,13320,13309,13309,233,152756,30993660.0,OI2209
2022-05-20 09:39:00,13309,13316,13309,13316,164,152814,21815280.0,OI2209
2022-05-20 09:40:00,13318,13318,13312,13315,172,152804,22879440.0,OI2209
2022-05-20 09:41:00,13315,13323,13315,13321,130,152801,17292600.0,OI2209
2022-05-20 09:42:00,13321,13321,13315,13315,131,152798,17425620.0,OI2209
2022-05-20 09:43:00,13317,13317,13304,13307,383,152811,50946660.0,OI2209
2022-05-20 09:44:00,13306,13310,13300,13310,404,152819,53740080.0,OI2209
2022-05-20 09:45:00,13310,13310,13294,13296,472,152885,62785440.0,OI2209
2022-05-20 09:46:00,13295,13304,13295,13303,248,152953,32988960.0,OI2209
2022-05-20 09:47:00,13298,13301,13288,13292,568,153017,75555360.0,OI2209
2022-05-20 09:48:00,13293,13293,13280,13280,789,153199,104952780.0,OI2209
2022-05-20 09:49:00,13276,13283,13275,13281,581,153283,75996300.0,OI2209
2022-05-20 09:50:00,13279,13288,13274,13286,437,153336,58125370.0,OI2209
2022-05-20 09:51:00,13286,13294,13281,13281,373,153315,49612730.0,OI2209
2022-05-20 09:52:00,13285,13290,13281,13287,3880,153353,516078800.0,OI2209
2022-05-20 09:53:00,13286,13287,13280,13284,449,153352,59721490.0,OI2209
2022-05-20 09:54:00,13285,13290,13282,13288,179,153361,23808790.0,OI2209
2022-05-20 09:55:00,13289,13293,13278,13279,306,153357,40701060.0,OI2209
2022-05-20 09:56:00,13279,13287,13278,13286,200,153382,26602000.0,OI2209
2022-05-20 09:57:00,13287,13292,13281,13290,184,153355,24473840.0,OI2209
2022-05-20 09:58:00,13290,13291,13286,13286,157,153385,20882570.0,OI2209
2022-05-20 09:59:00,13285,13285,13276,13276,277,153445,36843770.0,OI2209
2022-05-20 10:00:00,13275,13287,13270,13273,641,153531,85259410.0,OI2209
2022-05-20 10:01:00,13274,13283,13272,13280,195,153535,25936950.0,OI2209
2022-05-20 10:02:00,13279,13284,13274,13280,508,153621,67033130.0,OI2209
2022-05-20 10:03:00,13287,13290,13272,13272,452,153805,60116000.0,OI2209
2022-05-20 10:04:00,13273,13277,13266,13269,639,153763,84987000.0,OI2209
2022-05-20 10:05:00,13268,13271,13258,13271,754,153764,100282000.0,OI2209
2022-05-20 10:06:00,13271,13278,13268,13272,236,153728,31388000.0,OI2209
2022-05-20 10:07:00,13273,13281,13270,13271,199,153728,26467000.0,OI2209
2022-05-20 10:08:00,13269,13271,13258,13265,613,153723,81529000.0,OI2209
2022-05-20 10:09:00,13265,13269,13260,13262,340,153783,45220000.0,OI2209
2022-05-20 10:10:00,13263,13266,13259,13263,337,153798,44821000.0,OI2209
2022-05-20 10:11:00,13263,13268,13262,13265,182,153794,24206000.0,OI2209
2022-05-20 10:12:00,13268,13280,13265,13275,383,153792,50939000.0,OI2209
2022-05-20 10:13:00,13277,13277,13269,13272,178,153781,22264690.0,OI2209
2022-05-20 10:14:00,13273,13280,13269,13276,191,153748,25401090.0,OI2209
2022-05-20 10:30:00,13279,13291,13276,13282,825,153695,109716750.0,OI2209
2022-05-20 10:31:00,13281,13298,13281,13295,614,153604,81655860.0,OI2209
2022-05-20 10:32:00,13295,13305,13283,13284,647,153576,86044530.0,OI2209
2022-05-20 10:33:00,13283,13295,13283,13292,252,153533,33513480.0,OI2209
2022-05-20 10:34:00,13294,13313,13294,13308,785,153457,104397150.0,OI2209
2022-05-20 10:35:00,13308,13308,13292,13305,856,153263,113839440.0,OI2209
2022-05-20 10:36:00,13302,13305,13289,13290,419,153169,55722810.0,OI2209
2022-05-20 10:37:00,13292,13296,13284,13286,350,153118,46546500.0,OI2209
2022-05-20 10:38:00,13286,13287,13273,13273,500,153094,66495000.0,OI2209
2022-05-20 10:39:00,13275,13297,13275,13297,617,153262,82054830.0,OI2209
2022-05-20 10:40:00,13298,13302,13296,13296,354,153285,47078460.0,OI2209
2022-05-20 10:41:00,13296,13321,13296,13321,1017,153375,135250830.0,OI2209
2022-05-20 10:42:00,13321,13334,13318,13326,927,153251,123281730.0,OI2209
2022-05-20 10:43:00,13325,13336,13325,13333,597,153272,80893850.0,OI2209
2022-05-20 10:44:00,13333,13336,13327,13329,494,153148,65702000.0,OI2209
2022-05-20 10:45:00,13327,13334,13326,13329,392,153108,52136000.0,OI2209
2022-05-20 10:46:00,13330,13341,13328,13338,559,152956,74347000.0,OI2209
2022-05-20 10:47:00,13337,13340,13330,13330,349,152891,46417000.0,OI2209
2022-05-20 10:48:00,13330,13336,13324,13325,343,152904,45619000.0,OI2209
2022-05-20 10:49:00,13325,13326,13317,13321,342,152848,45486000.0,OI2209
2022-05-20 10:50:00,13321,13322,13311,13318,276,152823,36708000.0,OI2209
2022-05-20 10:51:00,13317,13324,13317,13322,197,152875,26201000.0,OI2209
2022-05-20 10:52:00,13322,13326,13311,13312,359,152885,47747000.0,OI2209
2022-05-20 10:53:00,13312,13313,13297,13300,464,152787,61712000.0,OI2209
2022-05-20 10:54:00,13300,13301,13289,13301,480,152843,63840000.0,OI2209
2022-05-20 10:55:00,13301,13307,13299,13307,331,152903,44023000.0,OI2209
2022-05-20 10:56:00,13307,13312,13297,13308,421,152982,55993000.0,OI2209
2022-05-20 10:57:00,13308,13310,13297,13301,404,153100,53732000.0,OI2209
2022-05-20 10:58:00,13300,13305,13298,13299,163,153140,21679000.0,OI2209
2022-05-20 10:59:00,13300,13303,13294,13303,190,153150,25270000.0,OI2209
2022-05-20 11:00:00,13303,13309,13300,13309,264,153128,35112000.0,OI2209
2022-05-20 11:01:00,13310,13318,13309,13313,284,153068,37772000.0,OI2209
2022-05-20 11:02:00,13313,13313,13300,13305,283,153135,37639000.0,OI2209
2022-05-20 11:03:00,13305,13305,13296,13296,151,153187,20083000.0,OI2209
2022-05-20 11:04:00,13296,13297,13285,13289,528,153346,70224000.0,OI2209
2022-05-20 11:05:00,13289,13291,13280,13287,352,153313,46816000.0,OI2209
2022-05-20 11:06:00,13286,13294,13286,13290,246,153382,32718000.0,OI2209
2022-05-20 11:07:00,13290,13291,13282,13288,314,153397,41762000.0,OI2209
2022-05-20 11:08:00,13289,13290,13285,13288,152,153427,20216000.0,OI2209
2022-05-20 11:09:00,13288,13293,13286,13292,77,153419,10241000.0,OI2209
2022-05-20 11:10:00,13292,13294,13285,13287,232,153470,30856000.0,OI2209
2022-05-20 11:11:00,13287,13287,13280,13282,227,153519,30191000.0,OI2209
2022-05-20 11:12:00,13285,13285,13280,13280,229,153548,30457000.0,OI2209
2022-05-20 11:13:00,13280,13284,13272,13276,323,153613,42959000.0,OI2209
2022-05-20 11:14:00,13274,13284,13272,13284,270,153628,35910000.0,OI2209
2022-05-20 11:15:00,13283,13304,13280,13299,555,153579,73815000.0,OI2209
2022-05-20 11:16:00,13300,13304,13290,13290,292,153492,38836000.0,OI2209
2022-05-20 11:17:00,13292,13298,13285,13293,141,153488,18753000.0,OI2209
2022-05-20 11:18:00,13295,13308,13292,13301,304,153506,40432000.0,OI2209
2022-05-20 11:19:00,13303,13316,13302,13312,519,153440,69027000.0,OI2209
2022-05-20 11:20:00,13312,13334,13310,13328,911,153166,121163000.0,OI2209
2022-05-20 11:21:00,13327,13362,13326,13360,1744,152675,233592440.0,OI2209
2022-05-20 11:22:00,13358,13359,13350,13352,567,152573,75416670.0,OI2209
2022-05-20 11:23:00,13352,13376,13352,13373,1088,152418,144714880.0,OI2209
2022-05-20 11:24:00,13374,13381,13357,13359,1290,152163,173252790.0,OI2209
2022-05-20 11:25:00,13360,13376,13359,13369,992,151979,131955840.0,OI2209
2022-05-20 11:26:00,13370,13390,13365,13383,1110,151875,149343110.0,OI2209
2022-05-20 11:27:00,13383,13390,13381,13389,728,151918,96845840.0,OI2209
2022-05-20 11:28:00,13388,13388,13381,13382,418,151908,55606540.0,OI2209
2022-05-20 11:29:00,13382,13390,13376,13384,653,151852,88577490.0,OI2209
2022-05-20 13:30:00,13426,13460,13426,13446,4205,151918,564686050.0,OI2209
2022-05-20 13:31:00,13449,13534,13448,13467,4469,151750,603668030.0,OI2209
2022-05-20 13:32:00,13467,13489,13466,13489,1713,151713,229847330.0,OI2209
2022-05-20 13:33:00,13495,13500,13482,13486,1228,151691,165308690.0,OI2209
2022-05-20 13:34:00,13488,13494,13482,13486,906,151750,122458950.0,OI2209
2022-05-20 13:35:00,13485,13505,13480,13486,1842,151936,248967360.0,OI2209
2022-05-20 13:36:00,13486,13495,13479,13491,796,152089,107863810.0,OI2209
2022-05-20 13:37:00,13490,13501,13476,13477,1419,152363,190857100.0,OI2209
2022-05-20 13:38:00,13474,13485,13474,13485,927,152430,125351080.0,OI2209
2022-05-20 13:39:00,13483,13492,13479,13488,1235,152754,166398300.0,OI2209
2022-05-20 13:40:00,13487,13491,13470,13483,2445,152644,329539950.0,OI2209
2022-05-20 13:41:00,13483,13492,13478,13486,762,152584,103449630.0,OI2209
2022-05-20 13:42:00,13484,13486,13480,13482,511,152625,68085640.0,OI2209
2022-05-20 13:43:00,13482,13503,13482,13502,811,152746,109999230.0,OI2209
2022-05-20 13:44:00,13502,13524,13502,13520,1438,152916,193569470.0,OI2209
2022-05-20 13:45:00,13520,13533,13515,13518,1987,152758,268739300.0,OI2209
2022-05-20 13:46:00,13517,13524,13516,13522,800,152638,108607840.0,OI2209
2022-05-20 13:47:00,13522,13529,13516,13523,845,152729,114622340.0,OI2209
2022-05-20 13:48:00,13524,13526,13508,13510,920,152809,124637490.0,OI2209
2022-05-20 13:49:00,13511,13522,13510,13522,753,152909,100382430.0,OI2209
2022-05-20 13:50:00,13522,13525,13516,13520,778,152889,105731980.0,OI2209
2022-05-20 13:51:00,13519,13529,13519,13523,734,152981,99881020.0,OI2209
2022-05-20 13:52:00,13524,13548,13524,13539,1367,153014,184299920.0,OI2209
2022-05-20 13:53:00,13536,13542,13529,13537,594,153052,81247710.0,OI2209
2022-05-20 13:54:00,13537,13543,13531,13536,321,153105,42805350.0,OI2209
2022-05-20 13:55:00,13535,13538,13529,13537,447,153147,59607450.0,OI2209
2022-05-20 13:56:00,13537,13540,13530,13532,359,153188,49927670.0,OI2209
2022-05-20 13:57:00,13534,13540,13533,13537,549,153164,73214640.0,OI2209
2022-05-20 13:58:00,13538,13550,13532,13532,1102,153384,149034250.0,OI2209
2022-05-20 13:59:00,13532,13539,13529,13538,557,153381,76364190.0,OI2209
2022-05-20 14:00:00,13537,13549,13532,13538,756,153391,102919940.0,OI2209
2022-05-20 14:01:00,13538,13538,13526,13535,575,153358,76699250.0,OI2209
2022-05-20 14:02:00,13534,13540,13533,13538,385,153428,51355150.0,OI2209
2022-05-20 14:03:00,13538,13538,13531,13533,224,153495,31975860.0,OI2209
2022-05-20 14:04:00,13534,13537,13532,13533,155,153524,20677000.0,OI2209
2022-05-20 14:05:00,13533,13540,13533,13538,420,153589,56028000.0,OI2209
2022-05-20 14:06:00,13538,13543,13530,13531,322,153591,45060270.0,OI2209
2022-05-20 14:07:00,13531,13535,13520,13523,709,153656,94587690.0,OI2209
2022-05-20 14:08:00,13523,13533,13523,13533,266,153622,35487060.0,OI2209
2022-05-20 14:09:00,13533,13537,13527,13532,174,153628,25330300.0,OI2209
2022-05-20 14:10:00,13534,13537,13532,13534,199,153665,26550580.0,OI2209
2022-05-20 14:11:00,13535,13537,13529,13529,278,153619,37090760.0,OI2209
2022-05-20 14:12:00,13529,13534,13528,13528,282,153660,37624440.0,OI2209
2022-05-20 14:13:00,13530,13530,13524,13527,311,153708,41493620.0,OI2209
2022-05-20 14:14:00,13526,13527,13522,13523,267,153705,37753470.0,OI2209
2022-05-20 14:15:00,13522,13525,13514,13518,551,153646,73519930.0,OI2209
2022-05-20 14:16:00,13518,13518,13499,13503,924,153506,125434400.0,OI2209
2022-05-20 14:17:00,13501,13503,13495,13500,638,153518,85134720.0,OI2209
2022-05-20 14:18:00,13500,13507,13500,13506,320,153548,44855460.0,OI2209
2022-05-20 14:19:00,13507,13516,13503,13515,492,153428,65657400.0,OI2209
2022-05-20 14:20:00,13513,13520,13507,13507,498,153367,66458100.0,OI2209
2022-05-20 14:21:00,13509,13511,13505,13507,199,153401,26556550.0,OI2209
2022-05-20 14:22:00,13505,13514,13501,13513,342,153457,47809870.0,OI2209
2022-05-20 14:23:00,13513,13520,13510,13520,242,153430,32297320.0,OI2209
2022-05-20 14:24:00,13520,13520,13511,13513,196,153452,26158160.0,OI2209
2022-05-20 14:25:00,13513,13513,13503,13509,350,153496,46711000.0,OI2209
2022-05-20 14:26:00,13508,13510,13501,13504,264,153556,37413930.0,OI2209
2022-05-20 14:27:00,13506,13510,13504,13508,321,153636,42843870.0,OI2209
2022-05-20 14:28:00,13506,13510,13502,13505,224,153661,29897280.0,OI2209
2022-05-20 14:29:00,13502,13509,13498,13509,304,153717,40574880.0,OI2209
2022-05-20 14:30:00,13509,13516,13500,13504,378,153765,50451660.0,OI2209
2022-05-20 14:31:00,13504,13504,13489,13496,808,153766,110044600.0,OI2209
2022-05-20 14:32:00,13494,13510,13494,13502,272,153767,36306560.0,OI2209
2022-05-20 14:33:00,13504,13506,13499,13503,134,153768,17886320.0,OI2209
2022-05-20 14:34:00,13503,13511,13503,13511,169,153776,22558120.0,OI2209
2022-05-20 14:35:00,13511,13511,13502,13502,266,153761,37714930.0,OI2209
2022-05-20 14:36:00,13504,13512,13501,13512,125,153755,16686250.0,OI2209
2022-05-20 14:37:00,13512,13512,13503,13503,126,153742,16819740.0,OI2209
2022-05-20 14:38:00,13506,13513,13503,13511,155,153755,20690950.0,OI2209
2022-05-20 14:39:00,13510,13512,13505,13509,146,153748,19489540.0,OI2209
2022-05-20 14:40:00,13509,13509,13501,13503,158,153739,21091420.0,OI2209
2022-05-20 14:41:00,13505,13505,13495,13500,397,153674,52995530.0,OI2209
2022-05-20 14:42:00,13498,13512,13496,13512,341,153617,47743820.0,OI2209
2022-05-20 14:43:00,13512,13512,13503,13508,197,153613,26299500.0,OI2209
2022-05-20 14:44:00,13509,13520,13508,13516,343,153490,45790500.0,OI2209
2022-05-20 14:45:00,13517,13517,13512,13514,268,153458,35778000.0,OI2209
2022-05-20 14:46:00,13515,13528,13509,13522,469,153416,64848000.0,OI2209
2022-05-20 14:47:00,13522,13525,13518,13523,280,153391,37382800.0,OI2209
2022-05-20 14:48:00,13522,13532,13520,13529,330,153331,44058300.0,OI2209
2022-05-20 14:49:00,13528,13533,13522,13530,341,153258,45526910.0,OI2209
2022-05-20 14:50:00,13530,13532,13520,13524,273,153211,36448230.0,OI2209
2022-05-20 14:51:00,13522,13527,13521,13523,144,153179,21475620.0,OI2209
2022-05-20 14:52:00,13524,13529,13522,13527,243,153151,32445360.0,OI2209
2022-05-20 14:53:00,13527,13530,13521,13529,212,153141,28306240.0,OI2209
2022-05-20 14:54:00,13529,13537,13525,13531,461,153126,61552720.0,OI2209
2022-05-20 14:55:00,13532,13537,13524,13537,511,153080,70493170.0,OI2209
2022-05-20 14:56:00,13537,13537,13529,13536,660,153063,88129800.0,OI2209
2022-05-20 14:57:00,13535,13542,13533,13536,726,153061,99221090.0,OI2209
2022-05-20 14:58:00,13536,13537,13526,13526,701,152946,93611540.0,OI2209
2022-05-20 14:59:00,13527,13528,13513,13520,1030,152441,139841820.0,OI2209
2022-05-20 21:00:00,13440,13487,13429,13486,4771,152553,642081180.0,OI2209
2022-05-20 21:01:00,13488,13496,13472,13480,1469,152544,198010020.0,OI2209
2022-05-20 21:02:00,13483,13483,13464,13469,1093,152548,147297250.0,OI2209
2022-05-20 21:03:00,13467,13472,13429,13455,1745,152645,234691910.0,OI2209
2022-05-20 21:04:00,13456,13470,13450,13470,792,152602,106619040.0,OI2209
2022-05-20 21:05:00,13470,13470,13447,13455,932,152474,125465840.0,OI2209
2022-05-20 21:06:00,13455,13468,13451,13456,770,152508,103541680.0,OI2209
2022-05-20 21:07:00,13455,13457,13441,13444,725,152470,97592250.0,OI2209
2022-05-20 21:08:00,13445,13448,13434,13437,693,152341,93154830.0,OI2209
2022-05-20 21:09:00,13437,13458,13437,13455,723,152413,97178670.0,OI2209
2022-05-20 21:10:00,13455,13455,13438,13442,572,152313,76985480.0,OI2209
2022-05-20 21:11:00,13442,13444,13429,13434,597,152246,80201410.0,OI2209
2022-05-20 21:12:00,13434,13446,13427,13445,692,152271,92987940.0,OI2209
2022-05-20 21:13:00,13444,13453,13437,13448,665,152212,89326660.0,OI2209
2022-05-20 21:14:00,13446,13453,13437,13439,407,152220,54765920.0,OI2209
2022-05-20 21:15:00,13436,13444,13436,13439,326,152231,43696840.0,OI2209
2022-05-20 21:16:00,13439,13444,13434,13444,363,152138,48841650.0,OI2209
2022-05-20 21:17:00,13442,13444,13437,13439,248,152079,33368400.0,OI2209
2022-05-20 21:18:00,13440,13440,13430,13436,331,152029,44356910.0,OI2209
2022-05-20 21:19:00,13435,13451,13435,13450,549,152035,73862460.0,OI2209
2022-05-20 21:20:00,13451,13452,13444,13448,242,152035,32558680.0,OI2209
2022-05-20 21:21:00,13447,13449,13439,13439,152,152003,20450080.0,OI2209
2022-05-20 21:22:00,13438,13440,13436,13439,200,151974,26908000.0,OI2209
2022-05-20 21:23:00,13441,13444,13441,13444,123,151988,16548420.0,OI2209
2022-05-20 21:24:00,13445,13465,13443,13455,580,151973,78033200.0,OI2209
2022-05-20 21:25:00,13458,13460,13451,13455,2904,151999,390704160.0,OI2209
2022-05-20 21:26:00,13454,13455,13446,13452,258,151974,34711320.0,OI2209
2022-05-20 21:27:00,13451,13455,13450,13451,152,151972,20450080.0,OI2209
2022-05-20 21:28:00,13452,13460,13450,13456,342,151956,46012680.0,OI2209
2022-05-20 21:29:00,13457,13457,13453,13453,114,151954,15337560.0,OI2209
2022-05-20 21:30:00,13454,13468,13450,13461,635,151918,85432900.0,OI2209
2022-05-20 21:31:00,13463,13465,13454,13461,239,151883,32155060.0,OI2209
2022-05-20 21:32:00,13462,13478,13457,13475,570,151881,76937540.0,OI2209
2022-05-20 21:33:00,13476,13482,13471,13476,651,151896,87592050.0,OI2209
2022-05-20 21:34:00,13473,13483,13473,13479,362,151854,48966970.0,OI2209
2022-05-20 21:35:00,13476,13478,13466,13468,456,151816,61359360.0,OI2209
2022-05-20 21:36:00,13470,13474,13464,13467,305,151820,41040800.0,OI2209
2022-05-20 21:37:00,13469,13483,13468,13478,395,151749,53151200.0,OI2209
2022-05-20 21:38:00,13478,13489,13476,13489,351,151773,47505500.0,OI2209
2022-05-20 21:39:00,13487,13489,13483,13489,187,151793,25164590.0,OI2209
2022-05-20 21:40:00,13489,13494,13485,13486,424,151793,57057680.0,OI2209
2022-05-20 21:41:00,13487,13491,13484,13485,288,151815,39040090.0,OI2209
2022-05-20 21:42:00,13485,13486,13478,13482,309,151812,41585220.0,OI2209
2022-05-20 21:43:00,13481,13486,13480,13480,197,151809,26512260.0,OI2209
2022-05-20 21:44:00,13481,13482,13471,13478,227,151766,30549660.0,OI2209
2022-05-20 21:45:00,13479,13479,13470,13474,225,151746,30280500.0,OI2209
2022-05-20 21:46:00,13472,13474,13462,13465,402,151731,54101160.0,OI2209
2022-05-20 21:47:00,13464,13469,13461,13464,149,151741,20052420.0,OI2209
2022-05-20 21:48:00,13464,13470,13460,13470,189,151721,25435620.0,OI2209
2022-05-20 21:49:00,13471,13481,13470,13478,155,151742,21162360.0,OI2209
2022-05-20 21:50:00,13480,13487,13477,13484,385,151730,51817150.0,OI2209
2022-05-20 21:51:00,13484,13487,13478,13482,258,151717,34724220.0,OI2209
2022-05-20 21:52:00,13482,13486,13478,13483,226,151731,30417340.0,OI2209
2022-05-20 21:53:00,13486,13492,13477,13477,434,151746,58727550.0,OI2209
2022-05-20 21:54:00,13479,13487,13476,13485,121,151744,16286600.0,OI2209
2022-05-20 21:55:00,13483,13489,13481,13485,200,151767,26920000.0,OI2209
2022-05-20 21:56:00,13484,13486,13480,13481,121,151787,16286600.0,OI2209
2022-05-20 21:57:00,13481,13487,13477,13487,189,151783,25439400.0,OI2209
2022-05-20 21:58:00,13487,13493,13485,13486,252,151800,33919200.0,OI2209
2022-05-20 21:59:00,13490,13505,13487,13497,671,151875,90647630.0,OI2209
2022-05-20 22:00:00,13498,13512,13498,13507,637,151773,86083970.0,OI2209
2022-05-20 22:01:00,13508,13512,13505,13505,416,151843,56001920.0,OI2209
2022-05-20 22:02:00,13506,13513,13500,13509,285,151846,38711110.0,OI2209
2022-05-20 22:03:00,13507,13509,13496,13498,199,151838,26791370.0,OI2209
2022-05-20 22:04:00,13498,13499,13492,13495,277,151779,37292510.0,OI2209
2022-05-20 22:05:00,13495,13500,13492,13498,176,151801,23694880.0,OI2209
2022-05-20 22:06:00,13500,13500,13485,13486,349,151844,47340290.0,OI2209
2022-05-20 22:07:00,13484,13488,13483,13487,147,151850,19792080.0,OI2209
2022-05-20 22:08:00,13486,13492,13484,13485,212,151833,28543680.0,OI2209
2022-05-20 22:09:00,13489,13493,13485,13493,288,151806,38776320.0,OI2209
2022-05-20 22:10:00,13494,13502,13490,13501,187,151781,25177680.0,OI2209
2022-05-20 22:11:00,13502,13502,13497,13500,129,151799,17368560.0,OI2209
2022-05-20 22:12:00,13502,13502,13493,13501,353,151727,47895500.0,OI2209
2022-05-20 22:13:00,13500,13510,13500,13509,342,151657,46050300.0,OI2209
2022-05-20 22:14:00,13510,13523,13507,13515,587,151643,79416420.0,OI2209
2022-05-20 22:15:00,13518,13529,13515,13523,634,151728,85757650.0,OI2209
2022-05-20 22:16:00,13523,13525,13516,13518,267,151707,35956890.0,OI2209
2022-05-20 22:17:00,13519,13523,13517,13519,218,151732,29746120.0,OI2209
2022-05-20 22:18:00,13519,13524,13516,13516,260,151750,35016800.0,OI2209
2022-05-20 22:19:00,13515,13519,13512,13514,320,151742,43097600.0,OI2209
2022-05-20 22:20:00,13517,13523,13514,13518,252,151727,34335740.0,OI2209
2022-05-20 22:21:00,13516,13523,13515,13518,181,151727,24378890.0,OI2209
2022-05-20 22:22:00,13516,13519,13509,13514,283,151692,38117270.0,OI2209
2022-05-20 22:23:00,13515,13520,13514,13520,121,151697,16297490.0,OI2209
2022-05-20 22:24:00,13519,13523,13517,13520,123,151724,16970330.0,OI2209
2022-05-20 22:25:00,13522,13529,13520,13528,445,151748,59941500.0,OI2209
2022-05-20 22:26:00,13527,13534,13522,13525,723,151614,97803240.0,OI2209
2022-05-20 22:27:00,13526,13532,13525,13531,433,151532,58748900.0,OI2209
2022-05-20 22:28:00,13532,13542,13531,13542,656,151475,88802350.0,OI2209
2022-05-20 22:29:00,13540,13553,13537,13539,1010,151660,136949560.0,OI2209
2022-05-20 22:30:00,13541,13544,13531,13532,439,151710,59155250.0,OI2209
2022-05-20 22:31:00,13534,13543,13534,13541,248,151692,33861000.0,OI2209
2022-05-20 22:32:00,13541,13555,13540,13555,693,151837,93838610.0,OI2209
2022-05-20 22:33:00,13555,13563,13550,13555,798,151766,108004370.0,OI2209
2022-05-20 22:34:00,13556,13556,13540,13542,540,151599,73244510.0,OI2209
2022-05-20 22:35:00,13542,13542,13530,13535,700,151410,94823310.0,OI2209
2022-05-20 22:36:00,13533,13533,13519,13526,755,151213,101774000.0,OI2209
2022-05-20 22:37:00,13526,13526,13515,13523,379,151126,51570850.0,OI2209
2022-05-20 22:38:00,13523,13529,13520,13521,223,151077,30062630.0,OI2209
2022-05-20 22:39:00,13521,13524,13518,13524,157,151068,21165170.0,OI2209
2022-05-20 22:40:00,13525,13528,13515,13521,266,151043,35859460.0,OI2209
2022-05-20 22:41:00,13521,13523,13510,13512,382,150965,51989350.0,OI2209
2022-05-20 22:42:00,13510,13522,13507,13521,203,150905,27368460.0,OI2209
2022-05-20 22:43:00,13520,13522,13516,13517,97,150912,13077540.0,OI2209
2022-05-20 22:44:00,13518,13523,13517,13522,102,150895,13751640.0,OI2209
2022-05-20 22:45:00,13523,13534,13523,13534,291,150886,39232620.0,OI2209
2022-05-20 22:46:00,13534,13540,13533,13533,257,150824,34648740.0,OI2209
2022-05-20 22:47:00,13530,13533,13524,13524,164,150800,22613550.0,OI2209
2022-05-20 22:48:00,13519,13526,13516,13518,287,150708,38696210.0,OI2209
2022-05-20 22:49:00,13518,13527,13517,13526,154,150727,20763820.0,OI2209
2022-05-20 22:50:00,13525,13532,13523,13524,281,150749,37887230.0,OI2209
2022-05-20 22:51:00,13525,13525,13516,13516,284,150687,38291720.0,OI2209
2022-05-20 22:52:00,13517,13519,13514,13515,149,150649,20089670.0,OI2209
2022-05-20 22:53:00,13514,13524,13514,13516,115,150622,16021220.0,OI2209
2022-05-20 22:54:00,13518,13519,13513,13517,124,150571,16720160.0,OI2209
2022-05-20 22:55:00,13517,13517,13505,13514,383,150536,51643720.0,OI2209
2022-05-20 22:56:00,13513,13521,13512,13516,222,150500,29934480.0,OI2209
2022-05-20 22:57:00,13516,13520,13515,13516,86,150479,11596240.0,OI2209
2022-05-20 22:58:00,13516,13522,13512,13518,313,150336,42204920.0,OI2209
2022-05-20 22:59:00,13516,13529,13514,13527,417,150091,56228280.0,OI2209
2022-05-23 09:00:00,13548,13550,13529,13538,2068,150210,280504820.0,OI2209
2022-05-23 09:01:00,13535,13538,13510,13513,1218,150056,164271660.0,OI2209
2022-05-23 09:02:00,13514,13522,13506,13514,1034,150097,140030000.0,OI2209
2022-05-23 09:03:00,13516,13534,13512,13531,665,150154,89695200.0,OI2209
2022-05-23 09:04:00,13533,13533,13523,13523,378,150205,51569490.0,OI2209
2022-05-23 09:05:00,13522,13531,13513,13513,413,150163,55709570.0,OI2209
2022-05-23 09:06:00,13513,13522,13511,13515,308,150236,41546120.0,OI2209
2022-05-23 09:07:00,13517,13519,13502,13502,419,150259,56518910.0,OI2209
2022-05-23 09:08:00,13503,13503,13487,13494,652,150369,87948280.0,OI2209
2022-05-23 09:09:00,13494,13494,13480,13485,691,150427,93208990.0,OI2209
2022-05-23 09:10:00,13491,13507,13489,13504,682,150424,91994980.0,OI2209
2022-05-23 09:11:00,13505,13509,13501,13503,336,150409,45323040.0,OI2209
2022-05-23 09:12:00,13503,13513,13503,13510,223,150436,30080470.0,OI2209
2022-05-23 09:13:00,13510,13512,13503,13506,176,150464,23740640.0,OI2209
2022-05-23 09:14:00,13504,13508,13501,13508,248,150470,33452720.0,OI2209
2022-05-23 09:15:00,13509,13515,13488,13489,411,150471,56070230.0,OI2209
2022-05-23 09:16:00,13489,13494,13485,13492,268,150502,36153200.0,OI2209
2022-05-23 09:17:00,13492,13493,13480,13487,383,150487,51666700.0,OI2209
2022-05-23 09:18:00,13488,13493,13486,13493,247,150536,33320300.0,OI2209
2022-05-23 09:19:00,13493,13506,13493,13502,316,150589,42628400.0,OI2209
2022-05-23 09:20:00,13502,13504,13489,13489,258,150598,34804200.0,OI2209
2022-05-23 09:21:00,13489,13492,13474,13479,481,150581,64886900.0,OI2209
2022-05-23 09:22:00,13480,13493,13480,13488,192,150574,25900800.0,OI2209
2022-05-23 09:23:00,13488,13488,13477,13481,293,150555,39525700.0,OI2209
2022-05-23 09:24:00,13482,13482,13472,13474,400,150586,53301180.0,OI2209
2022-05-23 09:25:00,13472,13476,13455,13456,816,150644,110070240.0,OI2209
2022-05-23 09:26:00,13458,13473,13458,13470,625,150662,84306250.0,OI2209
2022-05-23 09:27:00,13470,13478,13468,13476,293,150713,39522770.0,OI2209
2022-05-23 09:28:00,13475,13484,13472,13472,314,150710,42355460.0,OI2209
2022-05-23 09:29:00,13472,13474,13457,13470,460,150698,62049400.0,OI2209
2022-05-23 09:30:00,13470,13476,13466,13469,284,150694,38308760.0,OI2209
2022-05-23 09:31:00,13468,13477,13467,13471,274,150767,36270380.0,OI2209
2022-05-23 09:32:00,13469,13469,13464,13468,156,150773,21041280.0,OI2209
2022-05-23 09:33:00,13467,13469,13461,13466,169,150756,22794720.0,OI2209
2022-05-23 09:34:00,13467,13475,13464,13474,208,150741,28055040.0,OI2209
2022-05-23 09:35:00,13473,13474,13468,13470,241,150733,32506080.0,OI2209
2022-05-23 09:36:00,13469,13478,13464,13467,264,150752,35608320.0,OI2209
2022-05-23 09:37:00,13466,13471,13463,13470,151,150766,20366880.0,OI2209
2022-05-23 09:38:00,13469,13469,13460,13462,239,150821,32236320.0,OI2209
2022-05-23 09:39:00,13462,13473,13462,13472,154,150833,20771520.0,OI2209
2022-05-23 09:40:00,13472,13472,13455,13461,405,150812,54626400.0,OI2209
2022-05-23 09:41:00,13462,13471,13459,13469,156,150801,21041280.0,OI2209
2022-05-23 09:42:00,13473,13482,13467,13480,358,150829,48287040.0,OI2209
2022-05-23 09:43:00,13478,13480,13469,13476,261,150818,35203680.0,OI2209
2022-05-23 09:44:00,13475,13484,13472,13477,212,150807,28594560.0,OI2209
2022-05-23 09:45:00,13477,13479,13473,13475,146,150797,19692480.0,OI2209
2022-05-23 09:46:00,13475,13479,13470,13477,155,150811,20906400.0,OI2209
2022-05-23 09:47:00,13477,13493,13476,13490,402,150784,54221760.0,OI2209
2022-05-23 09:48:00,13492,13494,13481,13483,195,150744,26301600.0,OI2209
2022-05-23 09:49:00,13484,13485,13478,13484,140,150723,18883200.0,OI2209
2022-05-23 09:50:00,13483,13484,13477,13480,128,150728,17264640.0,OI2209
2022-05-23 09:51:00,13479,13480,13471,13472,180,150750,24278400.0,OI2209
2022-05-23 09:52:00,13473,13485,13472,13483,286,150764,38575680.0,OI2209
2022-05-23 09:53:00,13484,13488,13479,13484,157,150770,21176160.0,OI2209
2022-05-23 09:54:00,13483,13486,13483,13485,109,150785,14701920.0,OI2209
2022-05-23 09:55:00,13485,13485,13470,13476,513,151028,68450110.0,OI2209
2022-05-23 09:56:00,13477,13477,13465,13466,285,151004,38437950.0,OI2209
2022-05-23 09:57:00,13467,13473,13460,13471,219,151011,29536530.0,OI2209
2022-05-23 09:58:00,13472,13475,13464,13474,178,151013,24006860.0,OI2209
2022-05-23 09:59:00,13473,13476,13461,13468,613,151077,82675310.0,OI2209
2022-05-23 10:00:00,13468,13491,13468,13485,743,151169,100208410.0,OI2209
2022-05-23 10:01:00,13486,13496,13483,13484,379,151164,51115730.0,OI2209
2022-05-23 10:02:00,13483,13494,13481,13491,204,151173,27513480.0,OI2209
2022-05-23 10:03:00,13490,13492,13483,13483,119,151179,16049530.0,OI2209
2022-05-23 10:04:00,13482,13490,13482,13490,121,151201,16319270.0,OI2209
2022-05-23 10:05:00,13489,13491,13483,13486,165,151207,22253550.0,OI2209
2022-05-23 10:06:00,13489,13489,13482,13482,160,151192,21579200.0,OI2209
2022-05-23 10:07:00,13481,13484,13476,13480,605,151406,81596350.0,OI2209
2022-05-23 10:08:00,13480,13484,13470,13471,395,151448,53273650.0,OI2209
2022-05-23 10:09:00,13471,13478,13468,13471,262,151394,35335940.0,OI2209
2022-05-23 10:10:00,13470,13473,13468,13469,115,151371,15510050.0,OI2209
2022-05-23 10:11:00,13470,13475,13469,13471,146,151377,19691020.0,OI2209
2022-05-23 10:12:00,13470,13480,13470,13477,146,151335,19691020.0,OI2209
2022-05-23 10:13:00,13478,13479,13473,13477,97,151340,13082390.0,OI2209
2022-05-23 10:14:00,13477,13477,13471,13471,94,151352,12677780.0,OI2209
2022-05-23 10:30:00,13477,13485,13472,13472,413,151327,55701310.0,OI2209
2022-05-23 10:31:00,13474,13488,13470,13481,340,151313,45855800.0,OI2209
2022-05-23 10:32:00,13482,13482,13471,13474,219,151345,29536530.0,OI2209
2022-05-23 10:33:00,13475,13475,13462,13463,350,151334,47204500.0,OI2209
2022-05-23 10:34:00,13463,13478,13462,13476,340,151334,45855800.0,OI2209
2022-05-23 10:35:00,13478,13478,13465,13470,616,151404,82403340.0,OI2209
2022-05-23 10:36:00,13470,13470,13460,13466,329,151402,44368940.0,OI2209
2022-05-23 10:37:00,13465,13468,13461,13466,300,151377,40458000.0,OI2209
2022-05-23 10:38:00,13465,13465,13452,13455,540,151373,72824400.0,OI2209
2022-05-23 10:39:00,13455,13460,13454,13458,216,151350,29129760.0,OI2209
2022-05-23 10:40:00,13458,13458,13444,13448,472,151286,63653920.0,OI2209
2022-05-23 10:41:00,13444,13450,13443,13448,248,151295,33445280.0,OI2209
2022-05-23 10:42:00,13450,13457,13450,13453,464,151256,62575040.0,OI2209
2022-05-23 10:43:00,13456,13457,13444,13445,297,151277,39208190.0,OI2209
2022-05-23 10:44:00,13445,13455,13444,13448,219,151252,29532150.0,OI2209
2022-05-23 10:45:00,13446,13454,13446,13447,289,151198,38971650.0,OI2209
2022-05-23 10:46:00,13447,13455,13446,13451,121,151194,16316850.0,OI2209
2022-05-23 10:47:00,13453,13459,13451,13455,205,151143,27644250.0,OI2209
2022-05-23 10:48:00,13456,13456,13444,13445,182,151106,24542700.0,OI2209
2022-05-23 10:49:00,13445,13454,13445,13451,144,151132,19418400.0,OI2209
2022-05-23 10:50:00,13451,13456,13448,13449,146,151106,19688100.0,OI2209
2022-05-23 10:51:00,13449,13458,13441,13458,400,151112,53940000.0,OI2209
2022-05-23 10:52:00,13456,13467,13456,13464,442,150987,59603700.0,OI2209
2022-05-23 10:53:00,13462,13465,13461,13465,73,150981,9844050.0,OI2209
2022-05-23 10:54:00,13466,13476,13464,13475,280,150992,37758000.0,OI2209
2022-05-23 10:55:00,13475,13479,13471,13472,172,150954,23194200.0,OI2209
2022-05-23 10:56:00,13475,13479,13473,13477,152,150931,20497200.0,OI2209
2022-05-23 10:57:00,13478,13482,13477,13481,197,150952,26430590.0,OI2209
2022-05-23 10:58:00,13481,13481,13473,13478,192,150988,25889280.0,OI2209
2022-05-23 10:59:00,13478,13485,13477,13480,264,150991,35597760.0,OI2209
2022-05-23 11:00:00,13480,13482,13468,13474,328,150936,44227520.0,OI2209
2022-05-23 11:01:00,13473,13482,13470,13478,94,150966,12674960.0,OI2209
2022-05-23 11:02:00,13476,13478,13472,13475,71,150973,9573640.0,OI2209
2022-05-23 11:03:00,13476,13476,13466,13474,124,150959,16720160.0,OI2209
2022-05-23 11:04:00,13472,13480,13468,13480,88,150940,11865920.0,OI2209
2022-05-23 11:05:00,13482,13485,13479,13481,189,150927,25484760.0,OI2209
2022-05-23 11:06:00,13480,13488,13479,13487,197,150928,26563480.0,OI2209
2022-05-23 11:07:00,13488,13492,13482,13482,515,150929,69442600.0,OI2209
2022-05-23 11:08:00,13482,13482,13476,13477,126,150952,16989840.0,OI2209
2022-05-23 11:09:00,13478,13481,13472,13481,138,150949,18607920.0,OI2209
2022-05-23 11:10:00,13481,13481,13472,13475,126,150935,16989840.0,OI2209
2022-05-23 11:11:00,13476,13482,13475,13480,105,150945,14158200.0,OI2209
2022-05-23 11:12:00,13480,13484,13476,13480,87,150945,11731080.0,OI2209
2022-05-23 11:13:00,13480,13482,13477,13481,115,150924,15506600.0,OI2209
2022-05-23 11:14:00,13481,13489,13481,13483,162,150887,21844080.0,OI2209
2022-05-23 11:15:00,13482,13490,13478,13479,326,150854,43957840.0,OI2209
2022-05-23 11:16:00,13481,13481,13474,13476,145,150847,19551800.0,OI2209
2022-05-23 11:17:00,13476,13477,13471,13474,102,150839,13753680.0,OI2209
2022-05-23 11:18:00,13472,13477,13470,13470,109,150842,14697560.0,OI2209
2022-05-23 11:19:00,13472,13472,13467,13471,79,150847,10652360.0,OI2209
2022-05-23 11:20:00,13471,13476,13468,13473,83,150838,11191720.0,OI2209
2022-05-23 11:21:00,13472,13478,13464,13474,166,150782,22383440.0,OI2209
2022-05-23 11:22:00,13476,13477,13469,13474,141,150772,19012440.0,OI2209
2022-05-23 11:23:00,13474,13479,13472,13478,81,150780,10922040.0,OI2209
2022-05-23 11:24:00,13478,13478,13471,13471,75,150763,10113000.0,OI2209
2022-05-23 11:25:00,13470,13477,13466,13477,117,150744,15776280.0,OI2209
2022-05-23 11:26:00,13478,13479,13469,13470,143,150741,19282120.0,OI2209
2022-05-23 11:27:00,13470,13473,13465,13467,140,150732,18877600.0,OI2209
2022-05-23 11:28:00,13468,13471,13467,13469,110,150713,14832400.0,OI2209
2022-05-23 11:29:00,13468,13475,13464,13472,201,150660,27102840.0,OI2209
2022-05-23 13:30:00,13484,13514,13482,13483,1603,150667,216148520.0,OI2209
2022-05-23 13:31:00,13484,13491,13480,13490,369,150648,49755960.0,OI2209
2022-05-23 13:32:00,13489,13490,13480,13483,240,150613,32361600.0,OI2209
2022-05-23 13:33:00,13483,13483,13472,13477,253,150631,34114520.0,OI2209
2022-05-23 13:34:00,13476,13477,13470,13473,141,150646,19012440.0,OI2209
2022-05-23 13:35:00,13471,13480,13469,13473,239,150677,32226760.0,OI2209
2022-05-23 13:36:00,13472,13482,13469,13481,207,150715,27911880.0,OI2209
2022-05-23 13:37:00,13480,13480,13473,13475,106,150716,14293040.0,OI2209
2022-05-23 13:38:00,13477,13480,13473,13476,90,150722,12135600.0,OI2209
2022-05-23 13:39:00,13478,13483,13476,13479,105,150735,14158200.0,OI2209
2022-05-23 13:40:00,13480,13482,13477,13479,115,150734,15506600.0,OI2209
2022-05-23 13:41:00,13478,13478,13474,13475,105,150733,14158200.0,OI2209
2022-05-23 13:42:00,13474,13481,13474,13478,77,150739,10382680.0,OI2209
2022-05-23 13:43:00,13478,13487,13478,13487,252,150824,33979680.0,OI2209
2022-05-23 13:44:00,13487,13490,13485,13487,195,150819,26293800.0,OI2209
2022-05-23 13:45:00,13489,13500,13485,13497,540,150904,72813600.0,OI2209
2022-05-23 13:46:00,13497,13510,13497,13502,474,150828,63914160.0,OI2209
2022-05-23 13:47:00,13502,13506,13500,13500,312,150917,42070080.0,OI2209
2022-05-23 13:48:00,13502,13515,13501,13514,404,150933,55458470.0,OI2209
2022-05-23 13:49:00,13513,13515,13511,13512,343,150852,46253550.0,OI2209
2022-05-23 13:50:00,13513,13517,13510,13512,327,150884,44095950.0,OI2209
2022-05-23 13:51:00,13510,13515,13507,13508,179,150891,24138150.0,OI2209
2022-05-23 13:52:00,13509,13512,13505,13508,158,150901,21306300.0,OI2209
2022-05-23 13:53:00,13509,13516,13503,13504,317,150953,42747450.0,OI2209
2022-05-23 13:54:00,13504,13506,13502,13505,140,150997,18879000.0,OI2209
2022-05-23 13:55:00,13505,13507,13496,13497,231,150977,31150350.0,OI2209
2022-05-23 13:56:00,13497,13500,13496,13500,137,150982,18474450.0,OI2209
2022-05-23 13:57:00,13499,13502,13499,13500,85,151001,11462250.0,OI2209
2022-05-23 13:58:00,13501,13503,13498,13500,143,150964,19283550.0,OI2209
2022-05-23 13:59:00,13499,13503,13493,13500,195,150960,26295750.0,OI2209
2022-05-23 14:00:00,13502,13503,13491,13503,255,150991,34386750.0,OI2209
2022-05-23 14:01:00,13503,13504,13498,13501,112,150983,15103200.0,OI2209
2022-05-23 14:02:00,13502,13508,13500,13503,285,150958,38432250.0,OI2209
2022-05-23 14:03:00,13503,13504,13497,13497,150,150933,20227500.0,OI2209
2022-05-23 14:04:00,13498,13499,13494,13496,104,150899,14024400.0,OI2209
2022-05-23 14:05:00,13496,13497,13493,13496,123,150907,16586550.0,OI2209
2022-05-23 14:06:00,13496,13500,13495,13499,102,150915,13754700.0,OI2209
2022-05-23 14:07:00,13499,13500,13489,13499,260,150903,35061000.0,OI2209
2022-05-23 14:08:00,13499,13502,13497,13497,97,150918,13080450.0,OI2209
2022-05-23 14:09:00,13499,13501,13494,13495,101,150944,13619850.0,OI2209
2022-05-23 14:10:00,13496,13497,13492,13495,151,150947,20362350.0,OI2209
2022-05-23 14:11:00,13494,13500,13494,13496,172,150950,23194200.0,OI2209
2022-05-23 14:12:00,13496,13498,13492,13496,98,150941,13215300.0,OI2209
2022-05-23 14:13:00,13496,13497,13493,13496,75,150941,10113750.0,OI2209
2022-05-23 14:14:00,13496,13498,13492,13492,79,150928,10653150.0,OI2209
2022-05-23 14:15:00,13492,13498,13492,13492,223,150915,30071550.0,OI2209
2022-05-23 14:16:00,13492,13495,13489,13489,122,150916,16451700.0,OI2209
2022-05-23 14:17:00,13489,13489,13476,13480,394,150784,53130900.0,OI2209
2022-05-23 14:18:00,13480,13484,13477,13484,197,150719,26565450.0,OI2209
2022-05-23 14:19:00,13484,13492,13484,13489,258,150688,34791300.0,OI2209
2022-05-23 14:20:00,13490,13491,13485,13487,85,150693,11462250.0,OI2209
2022-05-23 14:21:00,13486,13492,13485,13492,107,150711,14428950.0,OI2209
2022-05-23 14:22:00,13492,13498,13490,13495,106,150705,14294100.0,OI2209
2022-05-23 14:23:00,13495,13498,13493,13494,117,150727,15777450.0,OI2209
2022-05-23 14:24:00,13494,13498,13489,13492,109,150728,14698650.0,OI2209
2022-05-23 14:25:00,13491,13494,13487,13490,74,150738,9978900.0,OI2209
2022-05-23 14:26:00,13489,13492,13482,13491,191,150689,25756350.0,OI2209
2022-05-23 14:27:00,13491,13499,13491,13499,162,150682,21845700.0,OI2209
2022-05-23 14:28:00,13497,13501,13497,13499,173,150688,23329050.0,OI2209
2022-05-23 14:29:00,13499,13505,13499,13503,302,150679,40724700.0,OI2209
2022-05-23 14:30:00,13502,13504,13496,13503,1625,150773,220201000.0,OI2209
2022-05-23 14:31:00,13504,13505,13500,13501,90,150766,12137400.0,OI2209
2022-05-23 14:32:00,13501,13506,13501,13506,94,150755,12676840.0,OI2209
2022-05-23 14:33:00,13504,13506,13499,13501,109,150743,14699740.0,OI2209
2022-05-23 14:34:00,13500,13505,13500,13503,71,150751,9575060.0,OI2209
2022-05-23 14:35:00,13503,13503,13496,13500,97,150728,13081420.0,OI2209
2022-05-23 14:36:00,13499,13502,13496,13502,67,150720,9035620.0,OI2209
2022-05-23 14:37:00,13502,13506,13501,13506,120,150718,16183200.0,OI2209
2022-05-23 14:38:00,13504,13508,13500,13502,175,150724,23600500.0,OI2209
2022-05-23 14:39:00,13505,13505,13495,13496,167,150688,22521620.0,OI2209
2022-05-23 14:40:00,13496,13498,13479,13498,658,150505,88737880.0,OI2209
2022-05-23 14:41:00,13497,13503,13497,13499,137,150492,18475820.0,OI2209
2022-05-23 14:42:00,13500,13504,13499,13500,67,150487,9035620.0,OI2209
2022-05-23 14:43:00,13500,13507,13498,13505,199,150495,26837140.0,OI2209
2022-05-23 14:44:00,13504,13509,13504,13505,206,150458,27781160.0,OI2209
2022-05-23 14:45:00,13505,13510,13503,13506,137,150469,18475820.0,OI2209
2022-05-23 14:46:00,13505,13515,13505,13515,658,150613,88737880.0,OI2209
2022-05-23 14:47:00,13515,13523,13508,13512,960,150274,129465600.0,OI2209
2022-05-23 14:48:00,13513,13513,13508,13512,193,150272,26027980.0,OI2209
2022-05-23 14:49:00,13510,13513,13508,13513,136,150269,18340960.0,OI2209
2022-05-23 14:50:00,13512,13514,13505,13511,277,150234,37356220.0,OI2209
2022-05-23 14:51:00,13512,13512,13505,13507,249,150215,34698560.0,OI2209
2022-05-23 14:52:00,13507,13513,13505,13509,138,150210,18612060.0,OI2209
2022-05-23 14:53:00,13508,13509,13495,13497,393,150121,53003910.0,OI2209
2022-05-23 14:54:00,13498,13501,13492,13494,335,150055,45181450.0,OI2209
2022-05-23 14:55:00,13495,13504,13492,13494,447,149999,60286890.0,OI2209
2022-05-23 14:56:00,13495,13498,13492,13498,274,149942,36954380.0,OI2209
2022-05-23 14:57:00,13498,13498,13495,13497,284,149826,38303080.0,OI2209
2022-05-23 14:58:00,13496,13497,13491,13493,347,149708,46799890.0,OI2209
2022-05-23 14:59:00,13496,13497,13490,13496,315,149582,42484050.0,OI2209
2022-05-23 21:00:00,13496,13605,13496,13599,6494,150326,880326640.0,OI2209
2022-05-23 21:01:00,13597,13615,13571,13590,4472,149822,607649900.0,OI2209
2022-05-23 21:02:00,13589,13605,13577,13596,2431,149859,330398270.0,OI2209
2022-05-23 21:03:00,13592,13603,13585,13588,1875,150293,254951910.0,OI2209
2022-05-23 21:04:00,13585,13591,13580,13588,1144,150531,155309440.0,OI2209
2022-05-23 21:05:00,13587,13593,13582,13588,1291,150727,175443230.0,OI2209
2022-05-23 21:06:00,13587,13600,13584,13597,1090,151003,148177270.0,OI2209
2022-05-23 21:07:00,13596,13598,13589,13591,878,151201,119411590.0,OI2209
2022-05-23 21:08:00,13589,13596,13582,13583,888,151324,120581520.0,OI2209
2022-05-23 21:09:00,13583,13595,13580,13594,835,151439,113598630.0,OI2209
2022-05-23 21:10:00,13595,13600,13590,13599,942,151708,127923600.0,OI2209
2022-05-23 21:11:00,13596,13599,13583,13590,713,151695,97055930.0,OI2209
2022-05-23 21:12:00,13588,13590,13568,13572,1020,151512,138285470.0,OI2209
2022-05-23 21:13:00,13570,13578,13568,13571,623,151542,84603400.0,OI2209
2022-05-23 21:14:00,13571,13572,13553,13567,948,151542,128481960.0,OI2209
2022-05-23 21:15:00,13567,13568,13557,13562,686,151543,93151940.0,OI2209
2022-05-23 21:16:00,13562,13565,13544,13554,754,151423,102114820.0,OI2209
2022-05-23 21:17:00,13553,13554,13543,13544,522,151431,70877160.0,OI2209
2022-05-23 21:18:00,13545,13545,13534,13537,837,151407,113363430.0,OI2209
2022-05-23 21:19:00,13535,13536,13524,13524,771,151540,104094390.0,OI2209
2022-05-23 21:20:00,13523,13523,13512,13522,790,151578,106942460.0,OI2209
2022-05-23 21:21:00,13522,13531,13514,13526,917,151723,123885780.0,OI2209
2022-05-23 21:22:00,13525,13545,13525,13538,1042,151550,141100610.0,OI2209
2022-05-23 21:23:00,13536,13547,13535,13536,379,151514,51434090.0,OI2209
2022-05-23 21:24:00,13538,13542,13529,13540,517,151449,69833480.0,OI2209
2022-05-23 21:25:00,13540,13545,13535,13537,496,151345,67307200.0,OI2209
2022-05-23 21:26:00,13539,13541,13528,13535,287,151323,38945900.0,OI2209
2022-05-23 21:27:00,13537,13551,13531,13550,300,151321,40370580.0,OI2209
2022-05-23 21:28:00,13548,13552,13545,13547,191,151322,25916790.0,OI2209
2022-05-23 21:29:00,13545,13549,13544,13547,130,151314,17639700.0,OI2209
2022-05-23 21:30:00,13548,13548,13532,13534,597,151416,81006930.0,OI2209
2022-05-23 21:31:00,13533,13537,13529,13537,325,151373,43747400.0,OI2209
2022-05-23 21:32:00,13535,13540,13534,13536,152,151401,20623360.0,OI2209
2022-05-23 21:33:00,13537,13548,13536,13541,603,151292,81815040.0,OI2209
2022-05-23 21:34:00,13542,13542,13533,13541,227,151283,30799360.0,OI2209
2022-05-23 21:35:00,13541,13549,13538,13544,218,151280,29214390.0,OI2209
2022-05-23 21:36:00,13544,13544,13538,13538,322,151411,43685740.0,OI2209
2022-05-23 21:37:00,13539,13539,13531,13533,235,151364,31882450.0,OI2209
2022-05-23 21:38:00,13533,13535,13528,13530,197,151402,26726990.0,OI2209
2022-05-23 21:39:00,13529,13542,13528,13540,345,151385,46806150.0,OI2209
2022-05-23 21:40:00,13540,13548,13532,13548,697,151334,94284790.0,OI2209
2022-05-23 21:41:00,13548,13550,13542,13546,1115,150991,151260900.0,OI2209
2022-05-23 21:42:00,13546,13547,13540,13541,270,150929,36232540.0,OI2209
2022-05-23 21:43:00,13542,13542,13528,13529,365,150884,49512250.0,OI2209
2022-05-23 21:44:00,13529,13530,13521,13527,1577,151173,213504970.0,OI2209
2022-05-23 21:45:00,13528,13532,13521,13526,1508,150945,203684800.0,OI2209
2022-05-23 21:46:00,13527,13532,13523,13528,1016,150764,137789920.0,OI2209
2022-05-23 21:47:00,13528,13538,13528,13534,1865,150832,252013360.0,OI2209
2022-05-23 21:48:00,13536,13540,13534,13535,403,150722,54646800.0,OI2209
2022-05-23 21:49:00,13535,13536,13531,13532,148,150684,20068800.0,OI2209
2022-05-23 21:50:00,13533,13539,13530,13536,218,150708,29560800.0,OI2209
2022-05-23 21:51:00,13536,13540,13536,13539,127,150685,17221200.0,OI2209
2022-05-23 21:52:00,13539,13540,13532,13534,144,150681,19526400.0,OI2209
2022-05-23 21:53:00,13533,13537,13528,13530,208,150719,28204800.0,OI2209
2022-05-23 21:54:00,13530,13530,13514,13519,447,150719,60137280.0,OI2209
2022-05-23 21:55:00,13520,13520,13506,13507,507,150634,68744130.0,OI2209
2022-05-23 21:56:00,13507,13519,13507,13517,233,150588,31592470.0,OI2209
2022-05-23 21:57:00,13515,13519,13514,13517,137,150581,18575830.0,OI2209
2022-05-23 21:58:00,13514,13517,13510,13516,215,150542,28665010.0,OI2209
2022-05-23 21:59:00,13517,13519,13511,13515,119,150534,16134020.0,OI2209
2022-05-23 22:00:00,13514,13515,13510,13512,176,150510,23862080.0,OI2209
2022-05-23 22:01:00,13512,13514,13508,13512,273,150561,37013340.0,OI2209
2022-05-23 22:02:00,13514,13515,13510,13513,277,150584,37555660.0,OI2209
2022-05-23 22:03:00,13513,13513,13502,13505,399,150573,53597140.0,OI2209
2022-05-23 22:04:00,13505,13513,13504,13513,285,150637,38637450.0,OI2209
2022-05-23 22:05:00,13513,13518,13508,13517,293,150573,39722010.0,OI2209
2022-05-23 22:06:00,13517,13521,13513,13518,290,150574,38807340.0,OI2209
2022-05-23 22:07:00,13521,13521,13507,13510,250,150580,33890000.0,OI2209
2022-05-23 22:08:00,13510,13510,13495,13498,555,150539,75235800.0,OI2209
2022-05-23 22:09:00,13497,13504,13494,13502,378,150596,50721890.0,OI2209
2022-05-23 22:10:00,13503,13507,13496,13502,445,150665,60319750.0,OI2209
2022-05-23 22:11:00,13501,13509,13501,13509,308,150655,41341880.0,OI2209
2022-05-23 22:12:00,13508,13511,13505,13507,267,150595,36189180.0,OI2209
2022-05-23 22:13:00,13507,13507,13502,13502,129,150596,17484660.0,OI2209
2022-05-23 22:14:00,13501,13509,13500,13506,297,150577,40255380.0,OI2209
2022-05-23 22:15:00,13506,13507,13498,13501,196,150554,26565840.0,OI2209
2022-05-23 22:16:00,13500,13505,13498,13503,277,150558,37005600.0,OI2209
2022-05-23 22:17:00,13505,13514,13503,13513,263,150575,35644390.0,OI2209
2022-05-23 22:18:00,13512,13520,13512,13518,294,150489,39845820.0,OI2209
2022-05-23 22:19:00,13518,13526,13518,13525,283,150462,38354990.0,OI2209
2022-05-23 22:20:00,13524,13525,13517,13519,372,150439,50417160.0,OI2209
2022-05-23 22:21:00,13519,13520,13510,13514,162,150405,21819380.0,OI2209
2022-05-23 22:22:00,13515,13515,13506,13508,156,150387,21141120.0,OI2209
2022-05-23 22:23:00,13507,13515,13504,13513,253,150368,34286560.0,OI2209
2022-05-23 22:24:00,13513,13524,13512,13523,258,150370,34964160.0,OI2209
2022-05-23 22:25:00,13522,13524,13519,13522,200,150348,27104000.0,OI2209
2022-05-23 22:26:00,13524,13526,13520,13524,148,150316,20056960.0,OI2209
2022-05-23 22:27:00,13524,13524,13510,13512,284,150299,38487680.0,OI2209
2022-05-23 22:28:00,13513,13517,13508,13514,242,150287,32227710.0,OI2209
2022-05-23 22:29:00,13515,13523,13514,13521,110,150269,14906100.0,OI2209
2022-05-23 22:30:00,13521,13522,13516,13517,88,150272,11924880.0,OI2209
2022-05-23 22:31:00,13516,13516,13508,13514,168,150238,22765680.0,OI2209
2022-05-23 22:32:00,13514,13515,13510,13511,125,150218,16938750.0,OI2209
2022-05-23 22:33:00,13511,13516,13511,13513,107,150199,14499570.0,OI2209
2022-05-23 22:34:00,13513,13513,13505,13509,298,150188,40381980.0,OI2209
2022-05-23 22:35:00,13510,13513,13506,13512,184,150165,24933840.0,OI2209
2022-05-23 22:36:00,13512,13512,13501,13506,283,150144,38213590.0,OI2209
2022-05-23 22:37:00,13505,13510,13505,13507,132,150119,17886000.0,OI2209
2022-05-23 22:38:00,13507,13511,13505,13506,192,150143,26016000.0,OI2209
2022-05-23 22:39:00,13506,13510,13506,13510,135,150156,18292500.0,OI2209
2022-05-23 22:40:00,13510,13515,13507,13513,103,150140,13956500.0,OI2209
2022-05-23 22:41:00,13513,13516,13508,13508,137,150130,18563500.0,OI2209
2022-05-23 22:42:00,13510,13518,13509,13516,273,150137,36991500.0,OI2209
2022-05-23 22:43:00,13516,13518,13512,13515,105,150110,14227500.0,OI2209
2022-05-23 22:44:00,13516,13519,13514,13519,94,150082,12737000.0,OI2209
2022-05-23 22:45:00,13520,13520,13507,13508,275,150038,37262500.0,OI2209
2022-05-23 22:46:00,13509,13518,13508,13510,232,150063,30837460.0,OI2209
2022-05-23 22:47:00,13511,13511,13505,13508,175,150047,23710750.0,OI2209
2022-05-23 22:48:00,13508,13514,13506,13512,95,150027,12871550.0,OI2209
2022-05-23 22:49:00,13510,13513,13508,13511,88,150024,11923120.0,OI2209
2022-05-23 22:50:00,13511,13512,13507,13509,92,150010,12465080.0,OI2209
2022-05-23 22:51:00,13510,13511,13506,13509,122,149966,16529780.0,OI2209
2022-05-23 22:52:00,13510,13516,13509,13511,98,149943,13278020.0,OI2209
2022-05-23 22:53:00,13513,13518,13511,13515,89,149938,12058610.0,OI2209
2022-05-23 22:54:00,13516,13516,13509,13511,168,149886,22762320.0,OI2209
2022-05-23 22:55:00,13512,13512,13505,13511,233,149838,31569170.0,OI2209
2022-05-23 22:56:00,13510,13510,13502,13506,337,149771,45046620.0,OI2209
2022-05-23 22:57:00,13506,13515,13506,13513,215,149754,29128200.0,OI2209
2022-05-23 22:58:00,13513,13519,13512,13519,223,149656,30212040.0,OI2209
2022-05-23 22:59:00,13518,13527,13511,13520,378,149460,51211440.0,OI2209
2022-05-24 09:00:00,13506,13506,13470,13488,1811,149719,244304660.0,OI2209
2022-05-24 09:01:00,13486,13498,13484,13486,568,149783,76941280.0,OI2209
2022-05-24 09:02:00,13485,13490,13483,13483,525,149834,70977730.0,OI2209
2022-05-24 09:03:00,13484,13495,13482,13489,435,149826,58920750.0,OI2209
2022-05-24 09:04:00,13486,13489,13474,13474,462,149811,61918220.0,OI2209
2022-05-24 09:05:00,13475,13476,13464,13464,712,149783,96433280.0,OI2209
2022-05-24 09:06:00,13464,13479,13458,13477,845,149748,113771550.0,OI2209
2022-05-24 09:07:00,13476,13476,13463,13471,401,149762,53628170.0,OI2209
2022-05-24 09:08:00,13473,13483,13472,13479,331,149800,44824020.0,OI2209
2022-05-24 09:09:00,13480,13492,13478,13486,499,149749,66887020.0,OI2209
2022-05-24 09:10:00,13486,13496,13486,13493,510,149775,69059100.0,OI2209
2022-05-24 09:11:00,13493,13493,13482,13485,547,149687,74069270.0,OI2209
2022-05-24 09:12:00,13489,13491,13482,13486,261,149727,34935500.0,OI2209
2022-05-24 09:13:00,13487,13504,13487,13502,437,149706,59169800.0,OI2209
2022-05-24 09:14:00,13502,13511,13499,13506,434,149717,58763600.0,OI2209
2022-05-24 09:15:00,13507,13515,13501,13512,446,149781,60388400.0,OI2209
2022-05-24 09:16:00,13512,13512,13498,13511,606,149754,82052400.0,OI2209
2022-05-24 09:17:00,13510,13512,13503,13505,190,149752,25004130.0,OI2209
2022-05-24 09:18:00,13506,13529,13503,13527,776,149816,105062640.0,OI2209
2022-05-24 09:19:00,13527,13540,13526,13540,1081,149652,146356590.0,OI2209
2022-05-24 09:20:00,13539,13546,13531,13545,1510,149592,204438900.0,OI2209
2022-05-24 09:21:00,13545,13545,13537,13539,340,149579,46032600.0,OI2209
2022-05-24 09:22:00,13539,13540,13535,13538,258,149610,34930620.0,OI2209
2022-05-24 09:23:00,13538,13542,13534,13539,423,149649,57269970.0,OI2209
2022-05-24 09:24:00,13539,13540,13536,13536,324,149613,43866360.0,OI2209
2022-05-24 09:25:00,13536,13540,13532,13538,186,149603,25182540.0,OI2209
2022-05-24 09:26:00,13537,13537,13530,13531,267,149583,36149130.0,OI2209
2022-05-24 09:27:00,13531,13535,13528,13529,356,149591,48198840.0,OI2209
2022-05-24 09:28:00,13529,13532,13526,13532,186,149625,25182540.0,OI2209
2022-05-24 09:29:00,13531,13535,13526,13531,1607,149628,217571730.0,OI2209
2022-05-24 09:30:00,13533,13544,13532,13543,380,149653,51448200.0,OI2209
2022-05-24 09:31:00,13543,13548,13542,13544,927,149936,125506530.0,OI2209
2022-05-24 09:32:00,13546,13572,13545,13572,2373,149361,321280470.0,OI2209
2022-05-24 09:33:00,13573,13573,13564,13565,1425,149488,193776810.0,OI2209
2022-05-24 09:34:00,13566,13571,13561,13565,1483,149357,200798200.0,OI2209
2022-05-24 09:35:00,13566,13570,13562,13564,466,149297,63096400.0,OI2209
2022-05-24 09:36:00,13563,13573,13562,13573,336,149350,45494400.0,OI2209
2022-05-24 09:37:00,13576,13583,13565,13567,656,149251,89697870.0,OI2209
2022-05-24 09:38:00,13568,13575,13566,13571,313,149236,42383330.0,OI2209
2022-05-24 09:39:00,13571,13582,13567,13581,537,149171,72715170.0,OI2209
2022-05-24 09:40:00,13581,13582,13573,13576,643,149117,87068630.0,OI2209
2022-05-24 09:41:00,13576,13578,13573,13575,277,149115,37508570.0,OI2209
2022-05-24 09:42:00,13577,13580,13573,13574,278,149113,38539930.0,OI2209
2022-05-24 09:43:00,13575,13579,13573,13577,189,149145,25594380.0,OI2209
2022-05-24 09:44:00,13576,13582,13572,13576,605,149044,81929100.0,OI2209
2022-05-24 09:45:00,13576,13578,13566,13571,423,149034,57282660.0,OI2209
2022-05-24 09:46:00,13571,13574,13567,13568,806,149280,109148520.0,OI2209
2022-05-24 09:47:00,13570,13571,13565,13570,502,149251,67980840.0,OI2209
2022-05-24 09:48:00,13571,13571,13563,13566,725,149154,99107950.0,OI2209
2022-05-24 09:49:00,13567,13568,13562,13563,188,149182,25460840.0,OI2209
2022-05-24 09:50:00,13563,13564,13555,13562,430,149035,58234900.0,OI2209
2022-05-24 09:51:00,13561,13567,13555,13564,293,148997,39680990.0,OI2209
2022-05-24 09:52:00,13565,13568,13554,13555,191,149008,25867130.0,OI2209
2022-05-24 09:53:00,13557,13564,13555,13560,115,149011,15574450.0,OI2209
2022-05-24 09:54:00,13560,13565,13557,13564,168,149006,22752240.0,OI2209
2022-05-24 09:55:00,13565,13565,13558,13558,108,149023,14626440.0,OI2209
2022-05-24 09:56:00,13557,13558,13554,13557,136,149005,18418480.0,OI2209
2022-05-24 09:57:00,13556,13560,13553,13560,138,148984,18689340.0,OI2209
2022-05-24 09:58:00,13558,13560,13555,13560,174,148985,23564820.0,OI2209
2022-05-24 09:59:00,13558,13564,13557,13560,204,148966,27627720.0,OI2209
2022-05-24 10:00:00,13559,13564,13556,13562,334,148998,45233620.0,OI2209
2022-05-24 10:01:00,13562,13564,13553,13555,202,148982,27356860.0,OI2209
2022-05-24 10:02:00,13560,13562,13553,13559,164,148987,22210520.0,OI2209
2022-05-24 10:03:00,13561,13563,13555,13558,76,148980,10292680.0,OI2209
2022-05-24 10:04:00,13558,13561,13555,13557,69,148977,9344670.0,OI2209
2022-05-24 10:05:00,13558,13566,13557,13561,194,149028,26273420.0,OI2209
2022-05-24 10:06:00,13560,13565,13558,13560,132,149052,17876760.0,OI2209
2022-05-24 10:07:00,13562,13562,13555,13556,219,149086,29659170.0,OI2209
2022-05-24 10:08:00,13555,13562,13554,13560,152,149052,20585360.0,OI2209
2022-05-24 10:09:00,13560,13560,13555,13557,90,149039,12188700.0,OI2209
2022-05-24 10:10:00,13559,13564,13556,13562,228,149099,30878040.0,OI2209
2022-05-24 10:11:00,13562,13569,13561,13565,167,149114,22616810.0,OI2209
2022-05-24 10:12:00,13566,13570,13563,13569,201,149132,27221430.0,OI2209
2022-05-24 10:13:00,13570,13578,13569,13573,244,149104,33044920.0,OI2209
2022-05-24 10:14:00,13573,13578,13572,13576,210,149086,29417020.0,OI2209
2022-05-24 10:30:00,13576,13576,13567,13567,428,149128,57968320.0,OI2209
2022-05-24 10:31:00,13570,13571,13554,13561,583,149160,78961520.0,OI2209
2022-05-24 10:32:00,13562,13562,13559,13559,178,149196,24108320.0,OI2209
2022-05-24 10:33:00,13559,13562,13547,13555,451,149262,61083440.0,OI2209
2022-05-24 10:34:00,13555,13556,13548,13550,177,149245,23972880.0,OI2209
2022-05-24 10:35:00,13550,13556,13548,13555,159,149237,21534960.0,OI2209
2022-05-24 10:36:00,13555,13559,13555,13559,133,149252,18013520.0,OI2209
2022-05-24 10:37:00,13559,13564,13557,13562,252,149363,34130880.0,OI2209
2022-05-24 10:38:00,13561,13565,13554,13565,117,149393,15846480.0,OI2209
2022-05-24 10:39:00,13564,13564,13553,13553,173,149384,23431120.0,OI2209
2022-05-24 10:40:00,13552,13557,13552,13556,83,149389,11241520.0,OI2209
2022-05-24 10:41:00,13557,13559,13553,13559,65,149402,8803600.0,OI2209
2022-05-24 10:42:00,13558,13559,13556,13556,84,149399,11376960.0,OI2209
2022-05-24 10:43:00,13556,13559,13554,13559,103,149405,13950320.0,OI2209
2022-05-24 10:44:00,13558,13559,13551,13558,114,149423,15440160.0,OI2209
2022-05-24 10:45:00,13556,13558,13546,13551,299,149365,40496560.0,OI2209
2022-05-24 10:46:00,13551,13551,13546,13548,196,149358,26546240.0,OI2209
2022-05-24 10:47:00,13548,13548,13538,13541,504,149297,68261760.0,OI2209
2022-05-24 10:48:00,13541,13546,13538,13546,313,149365,42392720.0,OI2209
2022-05-24 10:49:00,13546,13550,13542,13550,338,149477,45778720.0,OI2209
2022-05-24 10:50:00,13551,13552,13546,13551,144,149476,19503360.0,OI2209
2022-05-24 10:51:00,13553,13554,13549,13552,111,149475,15033840.0,OI2209
2022-05-24 10:52:00,13553,13555,13551,13554,130,149494,17607200.0,OI2209
2022-05-24 10:53:00,13555,13560,13552,13559,127,149507,17200880.0,OI2209
2022-05-24 10:54:00,13559,13560,13553,13559,119,149533,16117360.0,OI2209
2022-05-24 10:55:00,13561,13564,13560,13560,193,149547,26139920.0,OI2209
2022-05-24 10:56:00,13561,13562,13559,13560,79,149545,10699760.0,OI2209
2022-05-24 10:57:00,13560,13561,13556,13558,114,149553,15440160.0,OI2209
2022-05-24 10:58:00,13558,13565,13558,13560,119,149555,16117360.0,OI2209
2022-05-24 10:59:00,13560,13568,13560,13566,120,149560,16252800.0,OI2209
2022-05-24 11:00:00,13566,13569,13560,13560,289,149609,39142160.0,OI2209
2022-05-24 11:01:00,13561,13561,13556,13560,129,149597,17471760.0,OI2209
2022-05-24 11:02:00,13562,13565,13559,13563,158,149614,21399520.0,OI2209
2022-05-24 11:03:00,13563,13567,13560,13560,160,149672,21670400.0,OI2209
2022-05-24 11:04:00,13561,13566,13559,13565,173,149676,23431120.0,OI2209
2022-05-24 11:05:00,13564,13565,13559,13560,70,149674,9480800.0,OI2209
2022-05-24 11:06:00,13561,13561,13556,13558,343,149706,46455920.0,OI2209
2022-05-24 11:07:00,13558,13560,13557,13557,136,149760,18419840.0,OI2209
2022-05-24 11:08:00,13557,13560,13555,13558,116,149764,15711040.0,OI2209
2022-05-24 11:09:00,13558,13560,13555,13555,73,149767,9887120.0,OI2209
2022-05-24 11:10:00,13556,13561,13552,13561,173,149758,23431120.0,OI2209
2022-05-24 11:11:00,13563,13564,13559,13562,239,149765,32370160.0,OI2209
2022-05-24 11:12:00,13562,13562,13554,13555,125,149779,17988620.0,OI2209
2022-05-24 11:13:00,13556,13561,13553,13556,202,149816,27360900.0,OI2209
2022-05-24 11:14:00,13557,13558,13553,13558,159,149770,21536550.0,OI2209
2022-05-24 11:15:00,13558,13560,13549,13553,263,149768,35623350.0,OI2209
2022-05-24 11:16:00,13553,13556,13551,13551,126,149741,17066700.0,OI2209
2022-05-24 11:17:00,13551,13552,13544,13547,237,149704,32101650.0,OI2209
2022-05-24 11:18:00,13548,13550,13544,13545,165,149681,22349250.0,OI2209
2022-05-24 11:19:00,13545,13547,13542,13547,254,149669,34404300.0,OI2209
2022-05-24 11:20:00,13547,13551,13544,13545,138,149679,18692100.0,OI2209
2022-05-24 11:21:00,13546,13548,13543,13546,219,149704,29663550.0,OI2209
2022-05-24 11:22:00,13544,13546,13540,13540,190,149662,25735500.0,OI2209
2022-05-24 11:23:00,13542,13548,13540,13545,160,149711,21672000.0,OI2209
2022-05-24 11:24:00,13545,13548,13542,13547,74,149692,10023300.0,OI2209
2022-05-24 11:25:00,13548,13551,13542,13550,107,149684,14493150.0,OI2209
2022-05-24 11:26:00,13551,13551,13544,13547,96,149668,13003200.0,OI2209
2022-05-24 11:27:00,13546,13551,13545,13549,52,149660,7043400.0,OI2209
2022-05-24 11:28:00,13549,13550,13547,13550,60,149655,8127000.0,OI2209
2022-05-24 11:29:00,13546,13554,13546,13553,187,149559,25329150.0,OI2209
2022-05-24 13:30:00,13552,13552,13519,13526,1399,149359,188395050.0,OI2209
2022-05-24 13:31:00,13526,13526,13517,13521,438,149284,59322720.0,OI2209
2022-05-24 13:32:00,13521,13524,13511,13512,650,149273,88036000.0,OI2209
2022-05-24 13:33:00,13512,13516,13508,13514,423,149223,57291120.0,OI2209
2022-05-24 13:34:00,13516,13516,13501,13503,527,149140,71376880.0,OI2209
2022-05-24 13:35:00,13505,13506,13499,13504,484,149157,65552960.0,OI2209
2022-05-24 13:36:00,13504,13507,13501,13504,347,149202,46997680.0,OI2209
2022-05-24 13:37:00,13505,13509,13501,13505,297,149123,39819070.0,OI2209
2022-05-24 13:38:00,13505,13506,13501,13502,223,149078,30200890.0,OI2209
2022-05-24 13:39:00,13502,13511,13501,13505,390,148999,52817700.0,OI2209
2022-05-24 13:40:00,13504,13511,13502,13510,350,148961,47400500.0,OI2209
2022-05-24 13:41:00,13510,13511,13501,13504,318,148954,43066740.0,OI2209
2022-05-24 13:42:00,13503,13504,13493,13494,505,148978,68392150.0,OI2209
2022-05-24 13:43:00,13493,13498,13485,13498,580,148895,78549400.0,OI2209
2022-05-24 13:44:00,13498,13499,13492,13498,343,148912,45368180.0,OI2209
2022-05-24 13:45:00,13496,13505,13490,13503,507,148902,68657940.0,OI2209
2022-05-24 13:46:00,13502,13503,13493,13498,251,148882,33990420.0,OI2209
2022-05-24 13:47:00,13497,13507,13494,13505,234,148841,31688280.0,OI2209
2022-05-24 13:48:00,13504,13505,13493,13495,300,148863,40626000.0,OI2209
2022-05-24 13:49:00,13494,13500,13490,13492,528,148923,71501760.0,OI2209
2022-05-24 13:50:00,13490,13504,13490,13501,432,148917,58501440.0,OI2209
2022-05-24 13:51:00,13501,13508,13498,13506,228,148941,30875760.0,OI2209
2022-05-24 13:52:00,13506,13518,13506,13511,462,148895,61376370.0,OI2209
2022-05-24 13:53:00,13511,13516,13508,13512,194,148958,26269540.0,OI2209
2022-05-24 13:54:00,13513,13514,13508,13511,128,148976,17332480.0,OI2209
2022-05-24 13:55:00,13511,13516,13508,13516,186,149007,25186260.0,OI2209
2022-05-24 13:56:00,13515,13520,13514,13519,170,149023,23019700.0,OI2209
2022-05-24 13:57:00,13520,13521,13517,13520,156,149034,21123960.0,OI2209
2022-05-24 13:58:00,13519,13520,13514,13514,286,149041,38727260.0,OI2209
2022-05-24 13:59:00,13514,13518,13512,13516,217,149030,29383970.0,OI2209
2022-05-24 14:00:00,13518,13519,13515,13517,133,148994,18009530.0,OI2209
2022-05-24 14:01:00,13517,13520,13511,13513,274,149004,37102340.0,OI2209
2022-05-24 14:02:00,13513,13525,13513,13520,266,148985,36019060.0,OI2209
2022-05-24 14:03:00,13520,13523,13516,13516,95,148997,12863950.0,OI2209
2022-05-24 14:04:00,13515,13516,13509,13512,152,148960,20582320.0,OI2209
2022-05-24 14:05:00,13509,13519,13509,13519,116,148959,15707560.0,OI2209
2022-05-24 14:06:00,13520,13520,13507,13507,155,148951,20988550.0,OI2209
2022-05-24 14:07:00,13507,13515,13507,13511,129,148971,17467890.0,OI2209
2022-05-24 14:08:00,13511,13512,13505,13510,109,148978,14759690.0,OI2209
2022-05-24 14:09:00,13508,13515,13507,13509,310,149115,41977100.0,OI2209
2022-05-24 14:10:00,13509,13517,13509,13515,178,149100,24102980.0,OI2209
2022-05-24 14:11:00,13515,13517,13513,13516,90,149085,12186900.0,OI2209
2022-05-24 14:12:00,13516,13518,13508,13511,217,149122,29383970.0,OI2209
2022-05-24 14:13:00,13511,13522,13509,13513,647,149085,87610270.0,OI2209
2022-05-24 14:14:00,13513,13518,13509,13518,307,149064,40338050.0,OI2209
2022-05-24 14:15:00,13519,13526,13517,13522,502,149098,67970800.0,OI2209
2022-05-24 14:16:00,13522,13538,13522,13537,461,149017,62419400.0,OI2209
2022-05-24 14:17:00,13538,13539,13530,13532,275,148967,37235000.0,OI2209
2022-05-24 14:18:00,13532,13534,13526,13526,316,148964,42786400.0,OI2209
2022-05-24 14:19:00,13528,13529,13518,13518,244,148934,33037600.0,OI2209
2022-05-24 14:20:00,13520,13521,13514,13516,145,148892,19633000.0,OI2209
2022-05-24 14:21:00,13516,13517,13511,13517,122,148867,16518800.0,OI2209
2022-05-24 14:22:00,13517,13517,13513,13514,70,148848,9478000.0,OI2209
2022-05-24 14:23:00,13515,13518,13514,13516,66,148849,8936400.0,OI2209
2022-05-24 14:24:00,13515,13516,13513,13514,82,148832,11102800.0,OI2209
2022-05-24 14:25:00,13514,13520,13509,13518,353,148935,47796200.0,OI2209
2022-05-24 14:26:00,13522,13524,13516,13516,221,148881,29923400.0,OI2209
2022-05-24 14:27:00,13514,13526,13513,13523,148,148911,20039200.0,OI2209
2022-05-24 14:28:00,13525,13525,13520,13521,113,148940,15300200.0,OI2209
2022-05-24 14:29:00,13523,13529,13521,13528,131,148940,17737400.0,OI2209
2022-05-24 14:30:00,13529,13540,13528,13528,409,148912,55378600.0,OI2209
2022-05-24 14:31:00,13527,13528,13517,13520,186,148926,25184400.0,OI2209
2022-05-24 14:32:00,13518,13524,13518,13524,175,148947,23695000.0,OI2209
2022-05-24 14:33:00,13523,13523,13517,13519,146,148910,19768400.0,OI2209
2022-05-24 14:34:00,13520,13522,13516,13520,127,148943,17195800.0,OI2209
2022-05-24 14:35:00,13520,13524,13515,13519,147,148942,19903800.0,OI2209
2022-05-24 14:36:00,13519,13520,13515,13517,52,148945,7040800.0,OI2209
2022-05-24 14:37:00,13520,13521,13517,13521,109,148918,14758600.0,OI2209
2022-05-24 14:38:00,13522,13531,13519,13527,755,149152,102227000.0,OI2209
2022-05-24 14:39:00,13527,13530,13523,13525,918,148959,124297200.0,OI2209
2022-05-24 14:40:00,13525,13528,13519,13519,143,148971,19362200.0,OI2209
2022-05-24 14:41:00,13518,13522,13517,13519,77,148973,10425800.0,OI2209
2022-05-24 14:42:00,13519,13525,13518,13520,98,148987,13269200.0,OI2209
2022-05-24 14:43:00,13520,13528,13520,13522,90,148987,12186000.0,OI2209
2022-05-24 14:44:00,13523,13533,13519,13529,196,149027,26538400.0,OI2209
2022-05-24 14:45:00,13529,13530,13516,13519,271,149092,36693400.0,OI2209
2022-05-24 14:46:00,13519,13521,13515,13518,179,149068,24236600.0,OI2209
2022-05-24 14:47:00,13518,13525,13517,13524,172,149035,23288800.0,OI2209
2022-05-24 14:48:00,13525,13526,13521,13526,105,149021,13404410.0,OI2209
2022-05-24 14:49:00,13526,13531,13523,13530,192,148999,25994880.0,OI2209
2022-05-24 14:50:00,13531,13547,13530,13543,503,148935,68101170.0,OI2209
2022-05-24 14:51:00,13543,13548,13539,13545,327,148922,44272530.0,OI2209
2022-05-24 14:52:00,13545,13553,13545,13547,560,149024,77143080.0,OI2209
2022-05-24 14:53:00,13550,13552,13543,13547,268,149014,36287200.0,OI2209
2022-05-24 14:54:00,13547,13550,13541,13541,181,148973,24507400.0,OI2209
2022-05-24 14:55:00,13545,13550,13542,13545,320,148914,43328000.0,OI2209
2022-05-24 14:56:00,13543,13550,13543,13546,224,148897,30329600.0,OI2209
2022-05-24 14:57:00,13546,13549,13541,13541,354,148768,47931600.0,OI2209
2022-05-24 14:58:00,13540,13545,13539,13540,417,148701,56461800.0,OI2209
2022-05-24 14:59:00,13541,13545,13536,13540,349,148603,47254600.0,OI2209
2022-05-24 21:00:00,13580,13590,13546,13547,3640,148754,493838800.0,OI2209
2022-05-24 21:01:00,13547,13554,13535,13540,1682,148853,227824400.0,OI2209
2022-05-24 21:02:00,13540,13552,13537,13541,1323,148944,179199450.0,OI2209
2022-05-24 21:03:00,13543,13554,13539,13539,1017,148925,137721450.0,OI2209
2022-05-24 21:04:00,13540,13562,13540,13559,771,148964,104509050.0,OI2209
2022-05-24 21:05:00,13560,13563,13550,13558,692,149083,93800600.0,OI2209
2022-05-24 21:06:00,13558,13573,13558,13570,762,149184,103387970.0,OI2209
2022-05-24 21:07:00,13570,13588,13568,13585,1036,149288,140658620.0,OI2209
2022-05-24 21:08:00,13584,13585,13573,13578,777,149382,105462660.0,OI2209
2022-05-24 21:09:00,13576,13593,13576,13592,1090,149438,148176800.0,OI2209
2022-05-24 21:10:00,13591,13594,13583,13585,562,149511,76351960.0,OI2209
2022-05-24 21:11:00,13584,13588,13576,13577,742,149433,100778400.0,OI2209
2022-05-24 21:12:00,13576,13595,13576,13591,731,149465,99301090.0,OI2209
2022-05-24 21:13:00,13593,13605,13587,13602,1212,149687,164728540.0,OI2209
2022-05-24 21:14:00,13602,13618,13598,13606,1678,149532,228362860.0,OI2209
2022-05-24 21:15:00,13607,13615,13605,13608,830,149527,113010200.0,OI2209
2022-05-24 21:16:00,13609,13610,13596,13598,469,149506,63847510.0,OI2209
2022-05-24 21:17:00,13600,13600,13594,13599,376,149627,51038240.0,OI2209
2022-05-24 21:18:00,13598,13599,13585,13594,907,149471,123319150.0,OI2209
2022-05-24 21:19:00,13594,13599,13589,13591,2464,149458,334943220.0,OI2209
2022-05-24 21:20:00,13592,13593,13585,13587,1675,149745,227659110.0,OI2209
2022-05-24 21:21:00,13587,13588,13575,13584,1149,149645,156011220.0,OI2209
2022-05-24 21:22:00,13588,13589,13584,13587,1340,149543,181945200.0,OI2209
2022-05-24 21:23:00,13587,13593,13583,13593,1082,149788,147194030.0,OI2209
2022-05-24 21:24:00,13591,13594,13587,13592,631,149759,85683490.0,OI2209
2022-05-24 21:25:00,13593,13593,13585,13585,193,149752,26207470.0,OI2209
2022-05-24 21:26:00,13585,13586,13577,13579,245,149705,33268550.0,OI2209
2022-05-24 21:27:00,13578,13582,13578,13581,198,149710,26886420.0,OI2209
2022-05-24 21:28:00,13580,13585,13579,13581,282,149730,38292780.0,OI2209
2022-05-24 21:29:00,13579,13581,13576,13581,339,149738,46032810.0,OI2209
2022-05-24 21:30:00,13580,13596,13580,13584,718,149802,97497220.0,OI2209
2022-05-24 21:31:00,13584,13585,13566,13567,658,149735,89349820.0,OI2209
2022-05-24 21:32:00,13567,13568,13554,13560,694,149661,94238260.0,OI2209
2022-05-24 21:33:00,13559,13563,13556,13559,258,149701,35033820.0,OI2209
2022-05-24 21:34:00,13561,13565,13558,13563,360,149654,48884400.0,OI2209
2022-05-24 21:35:00,13564,13568,13562,13568,269,149647,36198990.0,OI2209
2022-05-24 21:36:00,13567,13578,13566,13575,311,149600,42227580.0,OI2209
2022-05-24 21:37:00,13576,13581,13573,13575,155,149576,21045900.0,OI2209
2022-05-24 21:38:00,13574,13580,13574,13575,198,149606,26884440.0,OI2209
2022-05-24 21:39:00,13575,13580,13574,13575,103,149623,13985340.0,OI2209
2022-05-24 21:40:00,13576,13589,13576,13587,373,149603,50645940.0,OI2209
2022-05-24 21:41:00,13588,13594,13584,13588,338,149553,45893640.0,OI2209
2022-05-24 21:42:00,13589,13596,13587,13595,236,149588,32389740.0,OI2209
2022-05-24 21:43:00,13594,13594,13587,13590,196,149567,26614840.0,OI2209
2022-05-24 21:44:00,13590,13592,13585,13592,229,149593,31095910.0,OI2209
2022-05-24 21:45:00,13592,13597,13590,13592,278,149599,37749620.0,OI2209
2022-05-24 21:46:00,13592,13603,13592,13599,555,149797,75363450.0,OI2209
2022-05-24 21:47:00,13599,13604,13596,13596,371,149805,50378090.0,OI2209
2022-05-24 21:48:00,13598,13599,13594,13599,219,149828,29738010.0,OI2209
2022-05-24 21:49:00,13600,13610,13599,13609,597,149825,81436740.0,OI2209
2022-05-24 21:50:00,13607,13612,13604,13605,536,149812,72788800.0,OI2209
2022-05-24 21:51:00,13605,13607,13593,13601,440,149811,59752000.0,OI2209
2022-05-24 21:52:00,13602,13603,13598,13598,173,149822,23875000.0,OI2209
2022-05-24 21:53:00,13598,13602,13597,13599,140,149812,19013400.0,OI2209
2022-05-24 21:54:00,13599,13604,13598,13598,102,149824,13852620.0,OI2209
2022-05-24 21:55:00,13597,13601,13594,13594,235,149850,31915350.0,OI2209
2022-05-24 21:56:00,13593,13596,13584,13589,424,149776,57583440.0,OI2209
2022-05-24 21:57:00,13588,13593,13585,13588,214,149785,29063340.0,OI2209
2022-05-24 21:58:00,13587,13591,13586,13591,71,149779,9642510.0,OI2209
2022-05-24 21:59:00,13589,13595,13588,13594,105,149762,14260050.0,OI2209
2022-05-24 22:00:00,13594,13595,13583,13585,263,149749,35718030.0,OI2209
2022-05-24 22:01:00,13583,13586,13574,13578,283,149712,38434230.0,OI2209
2022-05-24 22:02:00,13578,13581,13573,13578,195,149735,26482950.0,OI2209
2022-05-24 22:03:00,13578,13583,13575,13579,243,149757,33001830.0,OI2209
2022-05-24 22:04:00,13579,13589,13578,13586,189,149776,25668090.0,OI2209
2022-05-24 22:05:00,13586,13587,13572,13573,227,149734,30828870.0,OI2209
2022-05-24 22:06:00,13574,13575,13564,13568,482,149685,65460420.0,OI2209
2022-05-24 22:07:00,13566,13568,13560,13561,366,149708,49706460.0,OI2209
2022-05-24 22:08:00,13562,13562,13544,13550,703,149733,95050410.0,OI2209
2022-05-24 22:09:00,13550,13553,13522,13524,1213,149806,164289250.0,OI2209
2022-05-24 22:10:00,13523,13524,13495,13511,2086,149988,281886910.0,OI2209
2022-05-24 22:11:00,13511,13511,13501,13504,1051,149990,141748720.0,OI2209
2022-05-24 22:12:00,13505,13513,13504,13505,828,149910,111916920.0,OI2209
2022-05-24 22:13:00,13504,13510,13498,13508,1083,149911,146022330.0,OI2209
2022-05-24 22:14:00,13508,13510,13490,13499,1431,150026,193199130.0,OI2209
2022-05-24 22:15:00,13500,13501,13481,13488,980,149997,132465460.0,OI2209
2022-05-24 22:16:00,13487,13492,13484,13488,701,149958,94593930.0,OI2209
2022-05-24 22:17:00,13490,13493,13484,13487,639,149926,86168990.0,OI2209
2022-05-24 22:18:00,13490,13494,13487,13493,441,149924,59297510.0,OI2209
2022-05-24 22:19:00,13492,13495,13487,13491,438,149940,59414700.0,OI2209
2022-05-24 22:20:00,13489,13502,13488,13502,993,149854,133614730.0,OI2209
2022-05-24 22:21:00,13503,13504,13498,13499,568,149888,77037840.0,OI2209
2022-05-24 22:22:00,13500,13506,13493,13493,547,149894,73635600.0,OI2209
2022-05-24 22:23:00,13493,13503,13492,13501,339,149931,45975180.0,OI2209
2022-05-24 22:24:00,13500,13505,13499,13502,241,149957,32124610.0,OI2209
2022-05-24 22:25:00,13502,13505,13497,13501,563,150157,76348430.0,OI2209
2022-05-24 22:26:00,13500,13509,13500,13509,275,150102,37292750.0,OI2209
2022-05-24 22:27:00,13507,13515,13504,13513,506,150115,68045410.0,OI2209
2022-05-24 22:28:00,13512,13514,13506,13507,209,150114,28340400.0,OI2209
2022-05-24 22:29:00,13509,13509,13503,13504,157,150110,21289200.0,OI2209
2022-05-24 22:30:00,13503,13512,13500,13512,376,150146,50404930.0,OI2209
2022-05-24 22:31:00,13515,13518,13511,13511,573,150170,77693070.0,OI2209
2022-05-24 22:32:00,13512,13518,13510,13516,277,150173,37558430.0,OI2209
2022-05-24 22:33:00,13514,13522,13514,13522,281,150182,38100790.0,OI2209
2022-05-24 22:34:00,13521,13528,13519,13519,299,150140,40133660.0,OI2209
2022-05-24 22:35:00,13520,13528,13519,13524,285,150087,38640300.0,OI2209
2022-05-24 22:36:00,13523,13524,13521,13521,132,150080,17896560.0,OI2209
2022-05-24 22:37:00,13519,13519,13506,13507,423,149965,57350340.0,OI2209
2022-05-24 22:38:00,13506,13508,13495,13495,598,149977,80467490.0,OI2209
2022-05-24 22:39:00,13497,13503,13495,13503,369,150020,50025330.0,OI2209
2022-05-24 22:40:00,13504,13509,13501,13501,214,150091,29011980.0,OI2209
2022-05-24 22:41:00,13502,13511,13502,13508,271,150145,36739470.0,OI2209
2022-05-24 22:42:00,13508,13511,13505,13505,79,150133,10710030.0,OI2209
2022-05-24 22:43:00,13509,13510,13504,13510,158,150111,20799800.0,OI2209
2022-05-24 22:44:00,13510,13510,13503,13505,99,150111,13420440.0,OI2209
2022-05-24 22:45:00,13504,13518,13504,13514,319,150067,43243640.0,OI2209
2022-05-24 22:46:00,13515,13519,13513,13513,133,150082,18029480.0,OI2209
2022-05-24 22:47:00,13514,13517,13510,13515,159,150083,21554040.0,OI2209
2022-05-24 22:48:00,13514,13515,13511,13515,161,150123,21825160.0,OI2209
2022-05-24 22:49:00,13514,13520,13512,13514,169,150096,22909640.0,OI2209
2022-05-24 22:50:00,13514,13519,13512,13519,133,150113,18029480.0,OI2209
2022-05-24 22:51:00,13517,13525,13517,13525,235,150000,31222260.0,OI2209
2022-05-24 22:52:00,13525,13530,13521,13524,282,149952,38225100.0,OI2209
2022-05-24 22:53:00,13524,13538,13524,13534,470,149872,63708500.0,OI2209
2022-05-24 22:54:00,13533,13540,13533,13534,240,149864,32532000.0,OI2209
2022-05-24 22:55:00,13534,13537,13532,13532,182,149809,24670100.0,OI2209
2022-05-24 22:56:00,13533,13533,13526,13530,205,149816,27787750.0,OI2209
2022-05-24 22:57:00,13529,13533,13528,13533,216,149843,29278800.0,OI2209
2022-05-24 22:58:00,13532,13537,13529,13537,303,149778,41071650.0,OI2209
2022-05-24 22:59:00,13533,13545,13531,13543,445,149606,60319750.0,OI2209
2022-05-25 09:00:00,13530,13544,13519,13531,1117,149721,150740410.0,OI2209
2022-05-25 09:01:00,13532,13532,13515,13523,641,149637,86881140.0,OI2209
2022-05-25 09:02:00,13522,13533,13522,13533,284,149588,38493360.0,OI2209
2022-05-25 09:03:00,13532,13532,13523,13525,198,149615,26836920.0,OI2209
2022-05-25 09:04:00,13526,13535,13524,13531,191,149603,25888140.0,OI2209
2022-05-25 09:05:00,13530,13555,13530,13555,562,149571,76173480.0,OI2209
2022-05-25 09:06:00,13555,13557,13546,13552,335,149627,45405900.0,OI2209
2022-05-25 09:07:00,13552,13560,13545,13558,432,149658,58553280.0,OI2209
2022-05-25 09:08:00,13556,13559,13552,13559,284,149694,38493360.0,OI2209
2022-05-25 09:09:00,13558,13560,13552,13557,189,149667,25617060.0,OI2209
2022-05-25 09:10:00,13558,13574,13558,13565,759,149583,102874860.0,OI2209
2022-05-25 09:11:00,13565,13570,13560,13566,379,149561,51369660.0,OI2209
2022-05-25 09:12:00,13565,13571,13562,13569,381,149583,51640740.0,OI2209
2022-05-25 09:13:00,13568,13570,13561,13561,412,149607,55842480.0,OI2209
2022-05-25 09:14:00,13560,13564,13559,13563,149,149650,20195460.0,OI2209
2022-05-25 09:15:00,13563,13563,13555,13556,249,149661,33749460.0,OI2209
2022-05-25 09:16:00,13556,13561,13556,13557,254,149650,34427160.0,OI2209
2022-05-25 09:17:00,13558,13560,13556,13559,91,149654,12334140.0,OI2209
2022-05-25 09:18:00,13560,13563,13554,13557,222,149677,30089880.0,OI2209
2022-05-25 09:19:00,13558,13561,13551,13551,259,149651,35104860.0,OI2209
2022-05-25 09:20:00,13551,13552,13545,13548,342,149597,46354680.0,OI2209
2022-05-25 09:21:00,13548,13549,13546,13548,101,149596,13689540.0,OI2209
2022-05-25 09:22:00,13547,13548,13541,13548,245,149594,33207300.0,OI2209
2022-05-25 09:23:00,13549,13554,13548,13553,185,149613,25074900.0,OI2209
2022-05-25 09:24:00,13552,13552,13543,13545,225,149655,30496500.0,OI2209
2022-05-25 09:25:00,13547,13548,13542,13544,164,149661,22228560.0,OI2209
2022-05-25 09:26:00,13544,13558,13544,13557,208,149642,28192320.0,OI2209
2022-05-25 09:27:00,13558,13558,13547,13549,173,149673,23448420.0,OI2209
2022-05-25 09:28:00,13547,13547,13542,13544,323,149782,43779420.0,OI2209
2022-05-25 09:29:00,13544,13545,13540,13542,160,149759,21686400.0,OI2209
2022-05-25 09:30:00,13543,13547,13536,13539,242,149731,32800680.0,OI2209
2022-05-25 09:31:00,13540,13540,13531,13539,342,149695,46354680.0,OI2209
2022-05-25 09:32:00,13538,13538,13528,13532,185,149722,25074900.0,OI2209
2022-05-25 09:33:00,13531,13540,13528,13538,303,149723,41068620.0,OI2209
2022-05-25 09:34:00,13535,13538,13531,13534,155,149700,21008700.0,OI2209
2022-05-25 09:35:00,13535,13539,13534,13536,135,149698,18297900.0,OI2209
2022-05-25 09:36:00,13534,13539,13533,13538,113,149704,15316020.0,OI2209
2022-05-25 09:37:00,13539,13543,13534,13534,177,149716,23221150.0,OI2209
2022-05-25 09:38:00,13536,13545,13533,13545,376,149638,50959280.0,OI2209
2022-05-25 09:39:00,13547,13548,13540,13548,261,149661,35373330.0,OI2209
2022-05-25 09:40:00,13545,13552,13544,13550,103,149653,13959590.0,OI2209
2022-05-25 09:41:00,13549,13556,13549,13554,163,149680,22091390.0,OI2209
2022-05-25 09:42:00,13553,13557,13553,13556,143,149703,19380790.0,OI2209
2022-05-25 09:43:00,13555,13558,13551,13554,155,149696,21007150.0,OI2209
2022-05-25 09:44:00,13552,13557,13551,13554,93,149731,12604290.0,OI2209
2022-05-25 09:45:00,13554,13554,13549,13552,102,149749,13824060.0,OI2209
2022-05-25 09:46:00,13552,13559,13551,13555,279,149724,37812870.0,OI2209
2022-05-25 09:47:00,13557,13564,13555,13562,257,149714,34831210.0,OI2209
2022-05-25 09:48:00,13562,13565,13561,13565,145,149719,19651850.0,OI2209
2022-05-25 09:49:00,13564,13565,13562,13562,103,149720,13959590.0,OI2209
2022-05-25 09:50:00,13565,13566,13560,13560,225,149708,30494250.0,OI2209
2022-05-25 09:51:00,13558,13560,13551,13554,250,149696,33882500.0,OI2209
2022-05-25 09:52:00,13553,13554,13544,13544,111,149702,15043830.0,OI2209
2022-05-25 09:53:00,13545,13549,13544,13547,91,149689,12333230.0,OI2209
2022-05-25 09:54:00,13547,13547,13540,13544,161,149689,21820330.0,OI2209
2022-05-25 09:55:00,13542,13546,13542,13545,86,149706,11655580.0,OI2209
2022-05-25 09:56:00,13545,13554,13545,13550,146,149700,19787380.0,OI2209
2022-05-25 09:57:00,13550,13551,13545,13548,110,149716,14908300.0,OI2209
2022-05-25 09:58:00,13547,13548,13544,13544,81,149716,10977930.0,OI2209
2022-05-25 09:59:00,13544,13547,13543,13544,126,149764,17076780.0,OI2209
2022-05-25 10:00:00,13545,13546,13536,13546,409,149671,55431770.0,OI2209
2022-05-25 10:01:00,13545,13553,13545,13550,175,149653,23717750.0,OI2209
2022-05-25 10:02:00,13550,13551,13548,13549,54,149659,7318620.0,OI2209
2022-05-25 10:03:00,13548,13550,13544,13549,108,149633,14637240.0,OI2209
2022-05-25 10:04:00,13550,13554,13549,13552,112,149649,15179360.0,OI2209
2022-05-25 10:05:00,13555,13556,13552,13554,189,149672,25615170.0,OI2209
2022-05-25 10:06:00,13554,13557,13553,13555,84,149691,11384520.0,OI2209
2022-05-25 10:07:00,13555,13558,13555,13557,72,149700,9758160.0,OI2209
2022-05-25 10:08:00,13557,13557,13549,13552,161,149709,21820330.0,OI2209
2022-05-25 10:09:00,13551,13558,13546,13554,190,149713,25750700.0,OI2209
2022-05-25 10:10:00,13554,13554,13547,13547,107,149699,14501710.0,OI2209
2022-05-25 10:11:00,13547,13547,13527,13529,378,149662,51230340.0,OI2209
2022-05-25 10:12:00,13528,13529,13518,13528,680,149580,92160400.0,OI2209
2022-05-25 10:13:00,13530,13530,13522,13525,175,149581,23717750.0,OI2209
2022-05-25 10:14:00,13527,13530,13521,13523,235,149581,31849550.0,OI2209
2022-05-25 10:30:00,13518,13525,13513,13523,537,149544,72779610.0,OI2209
2022-05-25 10:31:00,13523,13523,13507,13509,749,149628,100694090.0,OI2209
2022-05-25 10:32:00,13509,13513,13502,13507,840,149587,113836800.0,OI2209
2022-05-25 10:33:00,13509,13510,13495,13498,895,149619,120423800.0,OI2209
2022-05-25 10:34:00,13501,13510,13498,13499,674,149451,91333740.0,OI2209
2022-05-25 10:35:00,13498,13512,13498,13508,442,149391,59895420.0,OI2209
2022-05-25 10:36:00,13514,13516,13502,13503,440,149444,59624400.0,OI2209
2022-05-25 10:37:00,13502,13506,13502,13506,302,149474,40108700.0,OI2209
2022-05-25 10:38:00,13505,13520,13501,13513,357,149461,48373500.0,OI2209
2022-05-25 10:39:00,13514,13521,13514,13520,232,149469,31436000.0,OI2209
2022-05-25 10:40:00,13521,13535,13521,13534,545,149429,73847500.0,OI2209
2022-05-25 10:41:00,13533,13536,13527,13534,538,149466,72899000.0,OI2209
2022-05-25 10:42:00,13536,13536,13527,13528,273,149430,36991500.0,OI2209
2022-05-25 10:43:00,13527,13528,13521,13522,218,149382,29539000.0,OI2209
2022-05-25 10:44:00,13522,13525,13520,13522,211,149359,28590500.0,OI2209
2022-05-25 10:45:00,13524,13526,13518,13523,250,149426,33875000.0,OI2209
2022-05-25 10:46:00,13521,13529,13519,13520,252,149399,34146000.0,OI2209
2022-05-25 10:47:00,13519,13521,13509,13520,392,149437,52198140.0,OI2209
2022-05-25 10:48:00,13519,13520,13513,13516,166,149470,22491340.0,OI2209
2022-05-25 10:49:00,13516,13524,13513,13524,187,149484,25336630.0,OI2209
2022-05-25 10:50:00,13523,13527,13517,13522,300,149607,40647000.0,OI2209
2022-05-25 10:51:00,13523,13524,13518,13519,186,149611,25201140.0,OI2209
2022-05-25 10:52:00,13520,13529,13520,13526,256,149601,34685440.0,OI2209
2022-05-25 10:53:00,13526,13526,13519,13522,147,149606,19917030.0,OI2209
2022-05-25 10:54:00,13522,13534,13522,13532,275,149585,37259750.0,OI2209
2022-05-25 10:55:00,13534,13537,13531,13535,210,149623,28452900.0,OI2209
2022-05-25 10:56:00,13535,13535,13526,13530,189,149607,25607610.0,OI2209
2022-05-25 10:57:00,13530,13534,13527,13527,146,149612,19781540.0,OI2209
2022-05-25 10:58:00,13528,13530,13525,13528,137,149575,18562130.0,OI2209
2022-05-25 10:59:00,13527,13530,13526,13526,34,149579,4606660.0,OI2209
2022-05-25 11:00:00,13527,13532,13516,13520,238,149547,32246620.0,OI2209
2022-05-25 11:01:00,13520,13525,13516,13520,218,149617,29536820.0,OI2209
2022-05-25 11:02:00,13519,13527,13515,13527,226,149655,30620740.0,OI2209
2022-05-25 11:03:00,13527,13532,13525,13530,131,149664,17749190.0,OI2209
2022-05-25 11:04:00,13533,13540,13530,13536,589,149507,79803610.0,OI2209
2022-05-25 11:05:00,13538,13552,13535,13543,599,149596,81158510.0,OI2209
2022-05-25 11:06:00,13543,13546,13541,13542,135,149598,18291150.0,OI2209
2022-05-25 11:07:00,13542,13548,13541,13543,137,149598,18562130.0,OI2209
2022-05-25 11:08:00,13543,13547,13540,13542,155,149608,20729960.0,OI2209
2022-05-25 11:09:00,13542,13544,13539,13540,120,149583,16257600.0,OI2209
2022-05-25 11:10:00,13539,13545,13539,13543,98,149577,13277040.0,OI2209
2022-05-25 11:11:00,13542,13548,13541,13548,153,149589,20728440.0,OI2209
2022-05-25 11:12:00,13549,13550,13546,13546,159,149612,21541320.0,OI2209
2022-05-25 11:13:00,13547,13563,13547,13563,415,149642,57198120.0,OI2209
2022-05-25 11:14:00,13563,13564,13558,13562,213,149670,28859370.0,OI2209
2022-05-25 11:15:00,13562,13565,13558,13563,362,149710,49047380.0,OI2209
2022-05-25 11:16:00,13565,13572,13564,13564,601,149665,81429490.0,OI2209
2022-05-25 11:17:00,13565,13567,13559,13561,554,149640,75061460.0,OI2209
2022-05-25 11:18:00,13562,13566,13552,13555,394,149644,53383060.0,OI2209
2022-05-25 11:19:00,13555,13558,13552,13558,167,149631,22626830.0,OI2209
2022-05-25 11:20:00,13558,13564,13554,13554,299,149574,40511510.0,OI2209
2022-05-25 11:21:00,13555,13560,13553,13557,139,149558,18833110.0,OI2209
2022-05-25 11:22:00,13557,13559,13556,13557,65,149552,8806850.0,OI2209
2022-05-25 11:23:00,13555,13562,13554,13560,157,149579,21271930.0,OI2209
2022-05-25 11:24:00,13561,13565,13558,13559,209,149591,28317410.0,OI2209
2022-05-25 11:25:00,13563,13566,13552,13555,264,149633,35769360.0,OI2209
2022-05-25 11:26:00,13556,13558,13552,13554,202,149649,27368980.0,OI2209
2022-05-25 11:27:00,13555,13565,13553,13562,283,149645,38343670.0,OI2209
2022-05-25 11:28:00,13563,13570,13561,13569,553,149473,74925970.0,OI2209
2022-05-25 11:29:00,13566,13598,13566,13594,1461,149515,198984040.0,OI2209
2022-05-25 13:30:00,13574,13582,13560,13579,2132,149858,288886000.0,OI2209
2022-05-25 13:31:00,13580,13589,13577,13586,518,149908,70189000.0,OI2209
2022-05-25 13:32:00,13586,13591,13577,13579,747,150056,102285620.0,OI2209
2022-05-25 13:33:00,13579,13581,13574,13580,538,150072,72904380.0,OI2209
2022-05-25 13:34:00,13580,13598,13579,13598,767,150281,103936170.0,OI2209
2022-05-25 13:35:00,13598,13606,13598,13602,1232,150463,168040810.0,OI2209
2022-05-25 13:36:00,13604,13605,13593,13596,567,150581,76839840.0,OI2209
2022-05-25 13:37:00,13594,13600,13587,13587,1248,150700,169128960.0,OI2209
2022-05-25 13:38:00,13589,13589,13579,13581,550,150739,74536000.0,OI2209
2022-05-25 13:39:00,13580,13586,13580,13585,285,150734,38623200.0,OI2209
2022-05-25 13:40:00,13585,13590,13578,13578,291,150704,40558220.0,OI2209
2022-05-25 13:41:00,13578,13589,13578,13585,258,150751,34966740.0,OI2209
2022-05-25 13:42:00,13584,13588,13583,13586,187,150807,25344110.0,OI2209
2022-05-25 13:43:00,13586,13589,13583,13584,232,150821,31442960.0,OI2209
2022-05-25 13:44:00,13584,13585,13581,13582,135,150811,18296550.0,OI2209
2022-05-25 13:45:00,13584,13595,13582,13591,430,150763,58277900.0,OI2209
2022-05-25 13:46:00,13591,13595,13590,13592,132,150765,17889960.0,OI2209
2022-05-25 13:47:00,13592,13592,13581,13581,154,150776,20871620.0,OI2209
2022-05-25 13:48:00,13583,13584,13576,13580,270,150729,36593100.0,OI2209
2022-05-25 13:49:00,13581,13590,13580,13590,183,150734,24801990.0,OI2209
2022-05-25 13:50:00,13589,13589,13580,13581,231,150737,31307430.0,OI2209
2022-05-25 13:51:00,13580,13582,13576,13576,219,150665,29681070.0,OI2209
2022-05-25 13:52:00,13576,13589,13576,13588,270,150667,36593100.0,OI2209
2022-05-25 13:53:00,13588,13589,13585,13588,112,150673,15179360.0,OI2209
2022-05-25 13:54:00,13589,13589,13584,13589,108,150677,14637240.0,OI2209
2022-05-25 13:55:00,13588,13594,13586,13593,201,150704,27241530.0,OI2209
2022-05-25 13:56:00,13593,13593,13589,13591,100,150733,13553000.0,OI2209
2022-05-25 13:57:00,13591,13595,13587,13590,215,150786,30295220.0,OI2209
2022-05-25 13:58:00,13590,13591,13584,13585,200,150850,27108000.0,OI2209
2022-05-25 13:59:00,13586,13591,13583,13590,146,150870,19788840.0,OI2209
2022-05-25 14:00:00,13589,13591,13587,13590,106,150915,14367240.0,OI2209
2022-05-25 14:01:00,13588,13595,13588,13592,187,150963,25345980.0,OI2209
2022-05-25 14:02:00,13592,13595,13590,13595,153,151012,20737620.0,OI2209
2022-05-25 14:03:00,13593,13594,13587,13588,121,151037,16400340.0,OI2209
2022-05-25 14:04:00,13589,13590,13586,13589,110,151053,14909400.0,OI2209
2022-05-25 14:05:00,13590,13592,13583,13586,178,151027,24126120.0,OI2209
2022-05-25 14:06:00,13585,13589,13583,13586,129,151047,17484660.0,OI2209
2022-05-25 14:07:00,13585,13590,13581,13584,253,150959,34291620.0,OI2209
2022-05-25 14:08:00,13585,13588,13583,13583,193,150989,26159220.0,OI2209
2022-05-25 14:09:00,13583,13583,13578,13580,296,150995,40119840.0,OI2209
2022-05-25 14:10:00,13580,13586,13579,13585,154,151039,20873160.0,OI2209
2022-05-25 14:11:00,13585,13586,13582,13584,106,151061,14367240.0,OI2209
2022-05-25 14:12:00,13586,13586,13584,13585,59,151079,7996860.0,OI2209
2022-05-25 14:13:00,13585,13585,13576,13580,268,151045,36324720.0,OI2209
2022-05-25 14:14:00,13579,13580,13569,13569,347,150901,47032380.0,OI2209
2022-05-25 14:15:00,13568,13576,13565,13572,566,150877,76715640.0,OI2209
2022-05-25 14:16:00,13573,13573,13565,13566,250,150855,33885000.0,OI2209
2022-05-25 14:17:00,13567,13571,13564,13568,228,150843,30903120.0,OI2209
2022-05-25 14:18:00,13568,13569,13566,13566,148,150797,20059920.0,OI2209
2022-05-25 14:19:00,13566,13567,13562,13562,334,150772,46471950.0,OI2209
2022-05-25 14:20:00,13562,13569,13561,13569,386,150757,52322300.0,OI2209
2022-05-25 14:21:00,13567,13567,13557,13564,431,150707,58422050.0,OI2209
2022-05-25 14:22:00,13563,13572,13563,13570,255,150642,34565250.0,OI2209
2022-05-25 14:23:00,13570,13570,13564,13565,120,150615,16266000.0,OI2209
2022-05-25 14:24:00,13565,13567,13564,13566,142,150599,19248100.0,OI2209
2022-05-25 14:25:00,13564,13574,13564,13572,219,150596,29685450.0,OI2209
2022-05-25 14:26:00,13572,13575,13569,13571,265,150605,35920750.0,OI2209
2022-05-25 14:27:00,13571,13571,13565,13566,114,150581,15452700.0,OI2209
2022-05-25 14:28:00,13567,13567,13563,13564,128,150589,17350400.0,OI2209
2022-05-25 14:29:00,13565,13568,13563,13568,117,150613,15859350.0,OI2209
2022-05-25 14:30:00,13568,13575,13564,13573,248,150608,33616400.0,OI2209
2022-05-25 14:31:00,13573,13588,13573,13588,794,150781,107626700.0,OI2209
2022-05-25 14:32:00,13589,13595,13587,13594,828,150952,112235400.0,OI2209
2022-05-25 14:33:00,13594,13606,13592,13598,2189,151047,297982900.0,OI2209
2022-05-25 14:34:00,13598,13602,13596,13601,497,151180,67373320.0,OI2209
2022-05-25 14:35:00,13602,13602,13596,13599,443,151346,60053080.0,OI2209
2022-05-25 14:36:00,13599,13601,13596,13600,370,151341,50157200.0,OI2209
2022-05-25 14:37:00,13599,13601,13597,13600,365,151471,50760100.0,OI2209
2022-05-25 14:38:00,13600,13606,13598,13603,552,151555,74834640.0,OI2209
2022-05-25 14:39:00,13604,13604,13598,13599,232,151562,31452240.0,OI2209
2022-05-25 14:40:00,13600,13600,13593,13598,294,151549,39857580.0,OI2209
2022-05-25 14:41:00,13599,13599,13591,13595,174,151530,23589180.0,OI2209
2022-05-25 14:42:00,13593,13595,13589,13591,304,151529,41213280.0,OI2209
2022-05-25 14:43:00,13591,13591,13585,13588,248,151494,33621360.0,OI2209
2022-05-25 14:44:00,13590,13590,13586,13590,161,151474,21826770.0,OI2209
2022-05-25 14:45:00,13590,13596,13588,13591,230,151440,31181100.0,OI2209
2022-05-25 14:46:00,13591,13598,13590,13596,161,151434,21826770.0,OI2209
2022-05-25 14:47:00,13596,13603,13593,13602,395,151499,53550150.0,OI2209
2022-05-25 14:48:00,13604,13605,13599,13604,346,151560,46907220.0,OI2209
2022-05-25 14:49:00,13605,13645,13605,13633,4123,151720,563013810.0,OI2209
2022-05-25 14:50:00,13635,13636,13624,13628,958,151661,129904800.0,OI2209
2022-05-25 14:51:00,13629,13635,13623,13626,554,151630,75122400.0,OI2209
2022-05-25 14:52:00,13625,13626,13621,13622,353,151565,49238350.0,OI2209
2022-05-25 14:53:00,13622,13629,13621,13627,445,151600,60346450.0,OI2209
2022-05-25 14:54:00,13625,13634,13625,13629,528,151617,71602080.0,OI2209
2022-05-25 14:55:00,13624,13629,13621,13624,521,151564,70652810.0,OI2209
2022-05-25 14:56:00,13624,13625,13615,13619,556,151606,76791210.0,OI2209
2022-05-25 14:57:00,13622,13625,13618,13622,446,151634,60486520.0,OI2209
2022-05-25 14:58:00,13622,13631,13622,13627,639,151539,86661180.0,OI2209
2022-05-25 14:59:00,13625,13636,13623,13628,666,151339,90322920.0,OI2209
2022-05-25 21:00:00,13585,13592,13566,13566,3541,150774,480761570.0,OI2209
2022-05-25 21:01:00,13566,13584,13563,13580,1441,150799,195594750.0,OI2209
2022-05-25 21:02:00,13580,13597,13576,13595,1125,151026,152852140.0,OI2209
2022-05-25 21:03:00,13595,13598,13590,13596,750,151247,101972140.0,OI2209
2022-05-25 21:04:00,13597,13597,13585,13586,491,151282,66677800.0,OI2209
2022-05-25 21:05:00,13587,13589,13581,13586,741,151387,100708690.0,OI2209
2022-05-25 21:06:00,13585,13601,13581,13601,908,151541,123405450.0,OI2209
2022-05-25 21:07:00,13607,13627,13607,13613,1421,151948,193416940.0,OI2209
2022-05-25 21:08:00,13613,13629,13613,13626,991,152160,135093620.0,OI2209
2022-05-25 21:09:00,13624,13626,13618,13619,994,152390,135332660.0,OI2209
2022-05-25 21:10:00,13619,13622,13612,13620,484,152437,65914150.0,OI2209
2022-05-25 21:11:00,13620,13621,13605,13608,588,152361,80061590.0,OI2209
2022-05-25 21:12:00,13608,13612,13593,13600,733,152338,99644020.0,OI2209
2022-05-25 21:13:00,13602,13606,13597,13602,262,152410,35616280.0,OI2209
2022-05-25 21:14:00,13603,13604,13591,13599,372,152388,50569680.0,OI2209
2022-05-25 21:15:00,13598,13603,13594,13596,502,152492,68395320.0,OI2209
2022-05-25 21:16:00,13595,13605,13595,13598,398,152502,54108100.0,OI2209
2022-05-25 21:17:00,13599,13599,13592,13594,203,152486,27597850.0,OI2209
2022-05-25 21:18:00,13595,13601,13589,13600,441,152478,59953950.0,OI2209
2022-05-25 21:19:00,13601,13610,13601,13605,814,152448,110663300.0,OI2209
2022-05-25 21:20:00,13606,13619,13606,13617,1040,152525,141570400.0,OI2209
2022-05-25 21:21:00,13617,13619,13594,13598,1340,152359,182382200.0,OI2209
2022-05-25 21:22:00,13599,13607,13595,13605,544,152408,73967680.0,OI2209
2022-05-25 21:23:00,13606,13608,13597,13599,663,152624,90148110.0,OI2209
2022-05-25 21:24:00,13601,13602,13595,13597,239,152594,32496830.0,OI2209
2022-05-25 21:25:00,13596,13605,13596,13599,211,152610,28689670.0,OI2209
2022-05-25 21:26:00,13599,13601,13584,13589,580,152499,78862600.0,OI2209
2022-05-25 21:27:00,13590,13597,13587,13595,404,152577,54931880.0,OI2209
2022-05-25 21:28:00,13596,13597,13591,13593,130,152584,17676100.0,OI2209
2022-05-25 21:29:00,13593,13595,13587,13594,310,152590,42150700.0,OI2209
2022-05-25 21:30:00,13594,13594,13583,13590,706,152505,95994820.0,OI2209
2022-05-25 21:31:00,13589,13596,13587,13594,440,152456,59588730.0,OI2209
2022-05-25 21:32:00,13593,13605,13590,13600,406,152445,55199760.0,OI2209
2022-05-25 21:33:00,13598,13600,13587,13589,208,152503,28279680.0,OI2209
2022-05-25 21:34:00,13589,13590,13583,13590,230,152506,31270800.0,OI2209
2022-05-25 21:35:00,13587,13591,13581,13590,519,152471,70563240.0,OI2209
2022-05-25 21:36:00,13590,13600,13587,13600,402,152434,54655920.0,OI2209
2022-05-25 21:37:00,13600,13609,13596,13596,516,152508,70155360.0,OI2209
2022-05-25 21:38:00,13596,13599,13587,13588,470,152529,63901200.0,OI2209
2022-05-25 21:39:00,13588,13589,13580,13585,377,152542,51256920.0,OI2209
2022-05-25 21:40:00,13584,13593,13584,13588,289,152581,39292440.0,OI2209
2022-05-25 21:41:00,13590,13594,13588,13589,211,152634,28687560.0,OI2209
2022-05-25 21:42:00,13589,13593,13586,13591,214,152673,29095440.0,OI2209
2022-05-25 21:43:00,13591,13592,13583,13587,214,152665,29095440.0,OI2209
2022-05-25 21:44:00,13586,13590,13585,13589,186,152681,25288560.0,OI2209
2022-05-25 21:45:00,13589,13589,13569,13573,1278,152686,173463610.0,OI2209
2022-05-25 21:46:00,13574,13578,13568,13576,471,152619,63734470.0,OI2209
2022-05-25 21:47:00,13578,13578,13567,13569,409,152612,55599460.0,OI2209
2022-05-25 21:48:00,13570,13570,13552,13558,1143,152551,155065920.0,OI2209
2022-05-25 21:49:00,13555,13572,13554,13569,663,152514,89801460.0,OI2209
2022-05-25 21:50:00,13568,13574,13568,13570,396,152504,53824320.0,OI2209
2022-05-25 21:51:00,13571,13574,13568,13574,276,152487,37513920.0,OI2209
2022-05-25 21:52:00,13574,13574,13568,13570,265,152451,36018800.0,OI2209
2022-05-25 21:53:00,13568,13580,13568,13580,210,152437,28543200.0,OI2209
2022-05-25 21:54:00,13580,13583,13575,13580,304,152398,40985040.0,OI2209
2022-05-25 21:55:00,13578,13582,13573,13581,215,152399,29220650.0,OI2209
2022-05-25 21:56:00,13580,13584,13576,13578,176,152400,23920160.0,OI2209
2022-05-25 21:57:00,13578,13580,13570,13572,188,152389,25551080.0,OI2209
2022-05-25 21:58:00,13570,13575,13570,13575,99,152400,13455090.0,OI2209
2022-05-25 21:59:00,13575,13575,13564,13566,361,152407,49063510.0,OI2209
2022-05-25 22:00:00,13564,13571,13562,13569,404,152346,54907640.0,OI2209
2022-05-25 22:01:00,13569,13571,13566,13570,178,152390,23841130.0,OI2209
2022-05-25 22:02:00,13570,13572,13569,13569,131,152390,17802900.0,OI2209
2022-05-25 22:03:00,13570,13574,13569,13574,132,152396,17938800.0,OI2209
2022-05-25 22:04:00,13574,13578,13574,13575,147,152397,19977300.0,OI2209
2022-05-25 22:05:00,13576,13578,13572,13572,144,152346,19569600.0,OI2209
2022-05-25 22:06:00,13572,13572,13567,13568,241,152355,32751900.0,OI2209
2022-05-25 22:07:00,13570,13571,13554,13555,449,152276,61019100.0,OI2209
2022-05-25 22:08:00,13555,13560,13555,13558,479,152231,64728020.0,OI2209
2022-05-25 22:09:00,13558,13558,13554,13556,215,152192,29216350.0,OI2209
2022-05-25 22:10:00,13556,13561,13555,13559,196,152171,26634440.0,OI2209
2022-05-25 22:11:00,13559,13573,13558,13573,318,152132,43213020.0,OI2209
2022-05-25 22:12:00,13573,13574,13569,13570,265,152142,36010850.0,OI2209
2022-05-25 22:13:00,13570,13575,13568,13569,124,152133,16850360.0,OI2209
2022-05-25 22:14:00,13570,13584,13569,13583,484,152169,65496750.0,OI2209
2022-05-25 22:15:00,13584,13597,13581,13589,733,152098,99991470.0,OI2209
2022-05-25 22:16:00,13589,13597,13588,13596,361,152167,49056290.0,OI2209
2022-05-25 22:17:00,13597,13598,13592,13594,373,152172,50686970.0,OI2209
2022-05-25 22:18:00,13593,13604,13593,13604,708,152423,96210120.0,OI2209
2022-05-25 22:19:00,13606,13606,13599,13600,371,152487,50415190.0,OI2209
2022-05-25 22:20:00,13600,13607,13600,13607,471,152607,64004190.0,OI2209
2022-05-25 22:21:00,13606,13607,13600,13601,201,152629,27313890.0,OI2209
2022-05-25 22:22:00,13602,13603,13596,13599,338,152609,45930820.0,OI2209
2022-05-25 22:23:00,13597,13600,13595,13595,237,152631,32205930.0,OI2209
2022-05-25 22:24:00,13595,13598,13595,13597,75,152618,10191750.0,OI2209
2022-05-25 22:25:00,13598,13607,13597,13604,352,152641,47833280.0,OI2209
2022-05-25 22:26:00,13603,13604,13595,13598,181,152622,24596090.0,OI2209
2022-05-25 22:27:00,13596,13599,13591,13596,343,152525,46610270.0,OI2209
2022-05-25 22:28:00,13594,13597,13591,13594,93,152521,12637770.0,OI2209
2022-05-25 22:29:00,13593,13594,13590,13593,240,152455,33048470.0,OI2209
2022-05-25 22:30:00,13590,13599,13587,13598,347,152475,47157300.0,OI2209
2022-05-25 22:31:00,13599,13599,13588,13592,269,152449,36557100.0,OI2209
2022-05-25 22:32:00,13590,13599,13590,13599,198,152492,26908200.0,OI2209
2022-05-25 22:33:00,13597,13603,13594,13602,212,152510,28810800.0,OI2209
2022-05-25 22:34:00,13601,13605,13600,13601,153,152548,20792700.0,OI2209
2022-05-25 22:35:00,13600,13607,13600,13605,347,152594,47157300.0,OI2209
2022-05-25 22:36:00,13606,13610,13600,13603,562,152650,76375800.0,OI2209
2022-05-25 22:37:00,13603,13608,13602,13604,404,152655,54903600.0,OI2209
2022-05-25 22:38:00,13604,13606,13601,13603,150,152633,20385000.0,OI2209
2022-05-25 22:39:00,13603,13605,13596,13596,251,152648,34110900.0,OI2209
2022-05-25 22:40:00,13596,13604,13596,13602,182,152683,24733800.0,OI2209
2022-05-25 22:41:00,13601,13605,13600,13603,106,152728,14405400.0,OI2209
2022-05-25 22:42:00,13601,13607,13601,13605,194,152761,26364600.0,OI2209
2022-05-25 22:43:00,13606,13610,13605,13610,222,152775,30169800.0,OI2209
2022-05-25 22:44:00,13609,13616,13607,13610,752,152756,102675160.0,OI2209
2022-05-25 22:45:00,13610,13611,13603,13604,233,152729,31667030.0,OI2209
2022-05-25 22:46:00,13604,13607,13600,13601,259,152668,35200690.0,OI2209
2022-05-25 22:47:00,13600,13605,13598,13602,150,152651,20386500.0,OI2209
2022-05-25 22:48:00,13602,13602,13591,13599,340,152576,46209400.0,OI2209
2022-05-25 22:49:00,13600,13602,13598,13599,130,152603,17668300.0,OI2209
2022-05-25 22:50:00,13598,13603,13598,13601,69,152591,9377790.0,OI2209
2022-05-25 22:51:00,13603,13604,13600,13600,118,152551,16037380.0,OI2209
2022-05-25 22:52:00,13602,13602,13598,13600,76,152552,10329160.0,OI2209
2022-05-25 22:53:00,13602,13607,13602,13607,118,152518,16037380.0,OI2209
2022-05-25 22:54:00,13608,13608,13598,13600,257,152512,34928870.0,OI2209
2022-05-25 22:55:00,13599,13606,13598,13605,122,152462,16581020.0,OI2209
2022-05-25 22:56:00,13605,13607,13603,13603,123,152451,16716930.0,OI2209
2022-05-25 22:57:00,13603,13606,13600,13604,163,152404,22153330.0,OI2209
2022-05-25 22:58:00,13604,13605,13600,13603,179,152307,24327890.0,OI2209
2022-05-25 22:59:00,13603,13630,13603,13620,1387,152174,189022770.0,OI2209
2022-05-26 09:00:00,13616,13635,13587,13627,2911,152235,396207830.0,OI2209
2022-05-26 09:01:00,13627,13670,13621,13666,3921,152800,535317210.0,OI2209
2022-05-26 09:02:00,13663,13675,13651,13651,1484,152801,202378240.0,OI2209
2022-05-26 09:03:00,13651,13662,13647,13657,975,152784,133189010.0,OI2209
2022-05-26 09:04:00,13655,13665,13654,13657,624,152814,85472510.0,OI2209
2022-05-26 09:05:00,13658,13659,13639,13640,1292,152382,176339670.0,OI2209
2022-05-26 09:06:00,13637,13651,13633,13645,885,152390,120368850.0,OI2209
2022-05-26 09:07:00,13645,13646,13630,13640,1093,152471,149306380.0,OI2209
2022-05-26 09:08:00,13639,13643,13636,13638,269,152529,36589380.0,OI2209
2022-05-26 09:09:00,13638,13652,13638,13652,364,152568,49511280.0,OI2209
2022-05-26 09:10:00,13653,13653,13641,13648,341,152642,47040010.0,OI2209
2022-05-26 09:11:00,13647,13648,13622,13628,1058,152519,143919740.0,OI2209
2022-05-26 09:12:00,13629,13632,13625,13628,449,152504,61077470.0,OI2209
2022-05-26 09:13:00,13630,13631,13619,13621,504,152361,68559120.0,OI2209
2022-05-26 09:14:00,13622,13624,13617,13623,431,152305,59310540.0,OI2209
2022-05-26 09:15:00,13623,13632,13621,13629,500,152334,68020000.0,OI2209
2022-05-26 09:16:00,13629,13632,13626,13629,352,152321,47886080.0,OI2209
2022-05-26 09:17:00,13630,13630,13621,13625,230,152328,31289200.0,OI2209
2022-05-26 09:18:00,13623,13625,13618,13620,250,152348,34010000.0,OI2209
2022-05-26 09:19:00,13619,13629,13618,13628,201,152367,27344040.0,OI2209
2022-05-26 09:20:00,13629,13631,13626,13631,147,152417,19997880.0,OI2209
2022-05-26 09:21:00,13630,13638,13629,13633,819,152234,111416760.0,OI2209
2022-05-26 09:22:00,13635,13635,13622,13624,306,152235,41628240.0,OI2209
2022-05-26 09:23:00,13624,13631,13620,13630,215,152263,29960410.0,OI2209
2022-05-26 09:24:00,13630,13634,13627,13634,144,152261,19591200.0,OI2209
2022-05-26 09:25:00,13633,13634,13623,13624,178,152253,24216900.0,OI2209
2022-05-26 09:26:00,13624,13624,13616,13617,316,152243,42991800.0,OI2209
2022-05-26 09:27:00,13618,13626,13616,13620,170,152221,23128500.0,OI2209
2022-05-26 09:28:00,13618,13624,13617,13618,363,152324,49386150.0,OI2209
2022-05-26 09:29:00,13620,13627,13618,13626,224,152313,30475200.0,OI2209
2022-05-26 09:30:00,13626,13632,13623,13631,243,152308,33060150.0,OI2209
2022-05-26 09:31:00,13632,13632,13618,13621,310,152415,42175500.0,OI2209
2022-05-26 09:32:00,13620,13624,13611,13617,468,152421,63671400.0,OI2209
2022-05-26 09:33:00,13617,13618,13610,13614,256,152471,34828800.0,OI2209
2022-05-26 09:34:00,13616,13637,13612,13633,681,152578,92650050.0,OI2209
2022-05-26 09:35:00,13632,13637,13629,13634,239,152580,32515950.0,OI2209
2022-05-26 09:36:00,13637,13637,13629,13632,279,152629,38708470.0,OI2209
2022-05-26 09:37:00,13633,13633,13626,13629,228,152629,31021680.0,OI2209
2022-05-26 09:38:00,13627,13629,13621,13625,215,152625,29252900.0,OI2209
2022-05-26 09:39:00,13624,13626,13620,13621,265,152682,36055900.0,OI2209
2022-05-26 09:40:00,13620,13622,13617,13621,230,152688,31293800.0,OI2209
2022-05-26 09:41:00,13619,13626,13617,13621,284,152719,38641040.0,OI2209
2022-05-26 09:42:00,13622,13629,13620,13627,122,152741,16599320.0,OI2209
2022-05-26 09:43:00,13625,13627,13605,13613,1048,152897,142590880.0,OI2209
2022-05-26 09:44:00,13612,13612,13603,13607,524,152842,71295440.0,OI2209
2022-05-26 09:45:00,13605,13614,13604,13608,310,152848,42178600.0,OI2209
2022-05-26 09:46:00,13608,13612,13604,13610,228,152853,31021680.0,OI2209
2022-05-26 09:47:00,13610,13611,13597,13600,584,152825,79459040.0,OI2209
2022-05-26 09:48:00,13600,13605,13595,13600,434,152721,59050040.0,OI2209
2022-05-26 09:49:00,13601,13602,13591,13592,766,152421,104221960.0,OI2209
2022-05-26 09:50:00,13592,13597,13592,13596,245,152381,33334700.0,OI2209
2022-05-26 09:51:00,13597,13598,13586,13586,389,152249,52927340.0,OI2209
2022-05-26 09:52:00,13586,13589,13577,13583,692,152065,94153520.0,OI2209
2022-05-26 09:53:00,13583,13589,13581,13581,313,151989,41767490.0,OI2209
2022-05-26 09:54:00,13580,13589,13578,13586,375,151906,51018750.0,OI2209
2022-05-26 09:55:00,13585,13591,13581,13583,455,151856,61902750.0,OI2209
2022-05-26 09:56:00,13580,13583,13575,13578,583,151707,79317150.0,OI2209
2022-05-26 09:57:00,13578,13582,13569,13581,564,151719,76732200.0,OI2209
2022-05-26 09:58:00,13580,13586,13579,13586,360,151737,48978000.0,OI2209
2022-05-26 09:59:00,13586,13586,13563,13565,668,151750,90881400.0,OI2209
2022-05-26 10:00:00,13566,13585,13565,13579,543,151697,73020380.0,OI2209
2022-05-26 10:01:00,13580,13582,13572,13572,280,151712,38091200.0,OI2209
2022-05-26 10:02:00,13572,13584,13567,13584,429,151757,58361160.0,OI2209
2022-05-26 10:03:00,13581,13586,13580,13583,377,151789,51287080.0,OI2209
2022-05-26 10:04:00,13582,13584,13577,13578,554,151993,75366160.0,OI2209
2022-05-26 10:05:00,13578,13585,13575,13584,208,152004,28296320.0,OI2209
2022-05-26 10:06:00,13583,13591,13583,13589,341,152019,46389640.0,OI2209
2022-05-26 10:07:00,13590,13592,13585,13585,191,152023,25983640.0,OI2209
2022-05-26 10:08:00,13584,13585,13577,13579,233,152014,31697320.0,OI2209
2022-05-26 10:09:00,13578,13585,13576,13581,268,151957,36458720.0,OI2209
2022-05-26 10:10:00,13582,13588,13580,13588,174,151941,23670960.0,OI2209
2022-05-26 10:11:00,13588,13594,13587,13594,191,151929,25983640.0,OI2209
2022-05-26 10:12:00,13593,13595,13588,13590,248,151925,32848210.0,OI2209
2022-05-26 10:13:00,13589,13596,13589,13596,156,151924,21220680.0,OI2209
2022-05-26 10:14:00,13595,13599,13592,13598,230,151887,31286900.0,OI2209
2022-05-26 10:30:00,13598,13617,13598,13612,942,151697,128140260.0,OI2209
2022-05-26 10:31:00,13611,13612,13599,13605,829,151595,113680150.0,OI2209
2022-05-26 10:32:00,13605,13610,13600,13606,414,151563,56320560.0,OI2209
2022-05-26 10:33:00,13608,13608,13594,13602,817,151410,110221090.0,OI2209
2022-05-26 10:34:00,13604,13616,13602,13614,309,151423,42959950.0,OI2209
2022-05-26 10:35:00,13616,13624,13609,13621,566,151439,76998640.0,OI2209
2022-05-26 10:36:00,13621,13623,13608,13609,295,151453,40131800.0,OI2209
2022-05-26 10:37:00,13609,13612,13600,13604,243,151490,33057720.0,OI2209
2022-05-26 10:38:00,13606,13606,13596,13597,236,151488,32105440.0,OI2209
2022-05-26 10:39:00,13598,13598,13591,13596,184,151547,25031360.0,OI2209
2022-05-26 10:40:00,13596,13597,13592,13595,205,151578,27888200.0,OI2209
2022-05-26 10:41:00,13595,13602,13583,13590,272,151535,37002880.0,OI2209
2022-05-26 10:42:00,13589,13591,13585,13590,160,151555,21766400.0,OI2209
2022-05-26 10:43:00,13589,13589,13584,13586,114,151572,15508560.0,OI2209
2022-05-26 10:44:00,13585,13592,13584,13585,203,151568,26933960.0,OI2209
2022-05-26 10:45:00,13585,13598,13585,13593,317,151602,43121510.0,OI2209
2022-05-26 10:46:00,13594,13601,13591,13601,119,151610,16187570.0,OI2209
2022-05-26 10:47:00,13602,13602,13595,13602,95,151613,12922850.0,OI2209
2022-05-26 10:48:00,13601,13606,13601,13604,134,151617,18228020.0,OI2209
2022-05-26 10:49:00,13603,13608,13603,13607,164,151612,22308920.0,OI2209
2022-05-26 10:50:00,13609,13616,13607,13609,507,151690,68967210.0,OI2209
2022-05-26 10:51:00,13609,13609,13601,13607,168,151667,22853040.0,OI2209
2022-05-26 10:52:00,13605,13607,13601,13604,125,151682,17003750.0,OI2209
2022-05-26 10:53:00,13605,13605,13599,13603,105,151693,14283150.0,OI2209
2022-05-26 10:54:00,13601,13618,13601,13616,239,151677,32511170.0,OI2209
2022-05-26 10:55:00,13614,13618,13612,13616,201,151687,28315230.0,OI2209
2022-05-26 10:56:00,13615,13623,13612,13619,617,151647,83936680.0,OI2209
2022-05-26 10:57:00,13622,13623,13617,13618,229,151666,31153160.0,OI2209
2022-05-26 10:58:00,13618,13626,13618,13625,496,151639,67475840.0,OI2209
2022-05-26 10:59:00,13626,13634,13621,13633,498,151688,67747920.0,OI2209
2022-05-26 11:00:00,13635,13635,13624,13625,306,151701,41628240.0,OI2209
2022-05-26 11:01:00,13627,13627,13618,13623,286,151754,38907440.0,OI2209
2022-05-26 11:02:00,13624,13630,13623,13624,162,151739,22038480.0,OI2209
2022-05-26 11:03:00,13625,13632,13625,13628,426,151670,57953040.0,OI2209
2022-05-26 11:04:00,13628,13630,13623,13623,124,151679,16868960.0,OI2209
2022-05-26 11:05:00,13624,13627,13620,13622,142,151712,19317680.0,OI2209
2022-05-26 11:06:00,13621,13623,13616,13617,191,151708,25983640.0,OI2209
2022-05-26 11:07:00,13617,13619,13611,13614,293,151652,39859720.0,OI2209
2022-05-26 11:08:00,13616,13619,13614,13617,83,151659,11291320.0,OI2209
2022-05-26 11:09:00,13617,13621,13615,13620,215,151582,29248600.0,OI2209
2022-05-26 11:10:00,13619,13622,13617,13619,97,151600,13195880.0,OI2209
2022-05-26 11:11:00,13619,13620,13617,13617,89,151628,12107560.0,OI2209
2022-05-26 11:12:00,13618,13628,13617,13627,602,151462,81896080.0,OI2209
2022-05-26 11:13:00,13626,13627,13625,13627,98,151482,13331920.0,OI2209
2022-05-26 11:14:00,13628,13629,13617,13618,198,151474,26935920.0,OI2209
2022-05-26 11:15:00,13619,13621,13612,13613,150,151441,21432220.0,OI2209
2022-05-26 11:16:00,13613,13625,13612,13625,257,151483,34964850.0,OI2209
2022-05-26 11:17:00,13624,13628,13619,13619,158,151478,21495900.0,OI2209
2022-05-26 11:18:00,13621,13622,13619,13622,30,151472,4081500.0,OI2209
2022-05-26 11:19:00,13621,13627,13621,13625,80,151478,10884000.0,OI2209
2022-05-26 11:20:00,13625,13628,13624,13626,111,151498,15101550.0,OI2209
2022-05-26 11:21:00,13626,13632,13625,13629,234,151563,31835700.0,OI2209
2022-05-26 11:22:00,13628,13630,13623,13627,137,151562,18638850.0,OI2209
2022-05-26 11:23:00,13627,13632,13622,13623,246,151579,33468300.0,OI2209
2022-05-26 11:24:00,13625,13627,13622,13626,74,151580,10067700.0,OI2209
2022-05-26 11:25:00,13627,13630,13621,13622,203,151558,27618150.0,OI2209
2022-05-26 11:26:00,13621,13622,13615,13617,195,151514,26529750.0,OI2209
2022-05-26 11:27:00,13616,13621,13615,13617,145,151480,19727250.0,OI2209
2022-05-26 11:28:00,13619,13622,13617,13622,58,151471,7890900.0,OI2209
2022-05-26 11:29:00,13621,13632,13619,13627,227,151472,30883350.0,OI2209
2022-05-26 13:30:00,13627,13631,13614,13614,380,151524,51699000.0,OI2209
2022-05-26 13:31:00,13614,13618,13611,13617,323,151491,43944150.0,OI2209
2022-05-26 13:32:00,13617,13619,13611,13614,273,151490,37141650.0,OI2209
2022-05-26 13:33:00,13615,13616,13607,13609,275,151435,37413750.0,OI2209
2022-05-26 13:34:00,13609,13616,13605,13616,287,151454,39046350.0,OI2209
2022-05-26 13:35:00,13617,13626,13613,13617,376,151357,51154800.0,OI2209
2022-05-26 13:36:00,13616,13619,13612,13616,170,151392,23128500.0,OI2209
2022-05-26 13:37:00,13614,13619,13613,13619,102,151403,13877100.0,OI2209
2022-05-26 13:38:00,13620,13623,13615,13615,96,151397,13060800.0,OI2209
2022-05-26 13:39:00,13615,13620,13615,13619,81,151416,11020050.0,OI2209
2022-05-26 13:40:00,13619,13625,13619,13621,213,151480,28978650.0,OI2209
2022-05-26 13:41:00,13621,13621,13616,13618,162,151549,22040100.0,OI2209
2022-05-26 13:42:00,13617,13624,13617,13620,108,151558,14693400.0,OI2209
2022-05-26 13:43:00,13618,13625,13617,13624,120,151576,16326000.0,OI2209
2022-05-26 13:44:00,13624,13628,13624,13626,164,151601,22312200.0,OI2209
2022-05-26 13:45:00,13625,13630,13621,13622,263,151674,35781150.0,OI2209
2022-05-26 13:46:00,13623,13629,13623,13625,221,151682,30067050.0,OI2209
2022-05-26 13:47:00,13625,13629,13625,13627,91,151676,12380550.0,OI2209
2022-05-26 13:48:00,13627,13633,13627,13630,292,151703,39726600.0,OI2209
2022-05-26 13:49:00,13629,13630,13625,13627,104,151695,14149200.0,OI2209
2022-05-26 13:50:00,13629,13629,13623,13624,149,151704,21361720.0,OI2209
2022-05-26 13:51:00,13626,13626,13616,13616,178,151627,24218680.0,OI2209
2022-05-26 13:52:00,13618,13621,13616,13619,94,151619,12789640.0,OI2209
2022-05-26 13:53:00,13619,13625,13613,13613,267,151537,36328020.0,OI2209
2022-05-26 13:54:00,13613,13614,13605,13609,382,151522,51974920.0,OI2209
2022-05-26 13:55:00,13607,13612,13605,13609,262,151524,35647720.0,OI2209
2022-05-26 13:56:00,13609,13612,13606,13611,257,151549,34967420.0,OI2209
2022-05-26 13:57:00,13610,13610,13603,13605,381,151453,51838860.0,OI2209
2022-05-26 13:58:00,13605,13612,13605,13608,242,151459,32926520.0,OI2209
2022-05-26 13:59:00,13609,13609,13605,13607,119,151443,16191140.0,OI2209
2022-05-26 14:00:00,13609,13613,13607,13609,138,151408,18776280.0,OI2209
2022-05-26 14:01:00,13609,13609,13604,13606,135,151383,18368100.0,OI2209
2022-05-26 14:02:00,13605,13606,13603,13605,170,151383,23130200.0,OI2209
2022-05-26 14:03:00,13603,13603,13591,13595,671,151350,91296260.0,OI2209
2022-05-26 14:04:00,13595,13600,13594,13597,222,151375,30205320.0,OI2209
2022-05-26 14:05:00,13596,13601,13593,13599,215,151371,29252900.0,OI2209
2022-05-26 14:06:00,13598,13600,13597,13598,69,151356,9388140.0,OI2209
2022-05-26 14:07:00,13597,13604,13596,13600,122,151345,16599320.0,OI2209
2022-05-26 14:08:00,13602,13604,13599,13599,86,151346,11701160.0,OI2209
2022-05-26 14:09:00,13599,13604,13598,13602,72,151347,9796320.0,OI2209
2022-05-26 14:10:00,13600,13602,13599,13600,70,151359,9524200.0,OI2209
2022-05-26 14:11:00,13600,13610,13600,13609,123,151328,16735380.0,OI2209
2022-05-26 14:12:00,13610,13610,13604,13607,112,151353,15238720.0,OI2209
2022-05-26 14:13:00,13607,13608,13601,13607,85,151380,11565100.0,OI2209
2022-05-26 14:14:00,13605,13612,13605,13610,81,151348,11020860.0,OI2209
2022-05-26 14:15:00,13611,13616,13611,13614,126,151364,17143560.0,OI2209
2022-05-26 14:16:00,13612,13621,13612,13618,200,151350,27212000.0,OI2209
2022-05-26 14:17:00,13621,13622,13617,13622,138,151358,18776280.0,OI2209
2022-05-26 14:18:00,13620,13621,13617,13619,114,151368,15510840.0,OI2209
2022-05-26 14:19:00,13618,13625,13617,13617,181,151346,24626860.0,OI2209
2022-05-26 14:20:00,13617,13624,13616,13621,136,151351,18504160.0,OI2209
2022-05-26 14:21:00,13621,13623,13615,13616,98,151355,13333880.0,OI2209
2022-05-26 14:22:00,13614,13625,13614,13624,152,151311,20681120.0,OI2209
2022-05-26 14:23:00,13625,13625,13620,13622,124,151331,16871440.0,OI2209
2022-05-26 14:24:00,13622,13626,13621,13623,101,151343,13742060.0,OI2209
2022-05-26 14:25:00,13624,13628,13622,13626,177,151365,24082620.0,OI2209
2022-05-26 14:26:00,13626,13627,13623,13627,138,151381,18776280.0,OI2209
2022-05-26 14:27:00,13627,13628,13622,13625,183,151370,24898980.0,OI2209
2022-05-26 14:28:00,13625,13635,13625,13632,625,151306,85037500.0,OI2209
2022-05-26 14:29:00,13632,13633,13628,13633,197,151337,26803820.0,OI2209
2022-05-26 14:30:00,13634,13635,13622,13623,400,151267,54424000.0,OI2209
2022-05-26 14:31:00,13623,13628,13623,13627,151,151224,20545060.0,OI2209
2022-05-26 14:32:00,13627,13628,13624,13627,127,151189,17279620.0,OI2209
2022-05-26 14:33:00,13626,13628,13620,13624,200,151156,27212000.0,OI2209
2022-05-26 14:34:00,13624,13626,13622,13622,86,151157,11701160.0,OI2209
2022-05-26 14:35:00,13622,13625,13621,13624,138,151156,18776280.0,OI2209
2022-05-26 14:36:00,13624,13624,13620,13621,42,151151,5714520.0,OI2209
2022-05-26 14:37:00,13620,13627,13620,13627,62,151148,8435720.0,OI2209
2022-05-26 14:38:00,13627,13634,13626,13632,168,151151,22858080.0,OI2209
2022-05-26 14:39:00,13633,13636,13632,13634,210,151184,28572600.0,OI2209
2022-05-26 14:40:00,13635,13640,13633,13637,642,151176,87350520.0,OI2209
2022-05-26 14:41:00,13636,13637,13628,13630,195,151153,26531700.0,OI2209
2022-05-26 14:42:00,13631,13633,13630,13632,70,151141,9524200.0,OI2209
2022-05-26 14:43:00,13633,13636,13630,13635,217,151115,30714800.0,OI2209
2022-05-26 14:44:00,13635,13638,13633,13634,222,151198,30207540.0,OI2209
2022-05-26 14:45:00,13633,13634,13630,13633,312,151123,42453840.0,OI2209
2022-05-26 14:46:00,13633,13641,13633,13637,550,151138,74838500.0,OI2209
2022-05-26 14:47:00,13638,13639,13630,13637,376,151119,51162320.0,OI2209
2022-05-26 14:48:00,13638,13639,13631,13634,342,151028,46535940.0,OI2209
2022-05-26 14:49:00,13636,13638,13634,13634,141,151026,19185870.0,OI2209
2022-05-26 14:50:00,13636,13639,13633,13639,171,151051,23267970.0,OI2209
2022-05-26 14:51:00,13640,13640,13634,13636,201,151050,27350070.0,OI2209
2022-05-26 14:52:00,13637,13639,13635,13635,204,151028,27758280.0,OI2209
2022-05-26 14:53:00,13636,13640,13634,13638,365,150966,49665550.0,OI2209
2022-05-26 14:54:00,13639,13639,13634,13638,147,150951,20002290.0,OI2209
2022-05-26 14:55:00,13636,13641,13635,13640,498,150849,67762860.0,OI2209
2022-05-26 14:56:00,13640,13641,13638,13640,439,150708,59734730.0,OI2209
2022-05-26 14:57:00,13639,13640,13635,13635,257,150656,36202020.0,OI2209
2022-05-26 14:58:00,13635,13638,13631,13635,454,150530,61780320.0,OI2209
2022-05-26 14:59:00,13635,13641,13635,13639,558,150396,75932640.0,OI2209
2022-05-26 21:00:00,13711,13711,13662,13670,3745,150970,512503250.0,OI2209
2022-05-26 21:01:00,13671,13691,13671,13680,1511,151121,206727790.0,OI2209
2022-05-26 21:02:00,13680,13692,13672,13679,1098,151135,150186780.0,OI2209
2022-05-26 21:03:00,13678,13685,13677,13683,1402,151126,191835660.0,OI2209
2022-05-26 21:04:00,13682,13687,13676,13682,937,151197,128209710.0,OI2209
2022-05-26 21:05:00,13682,13692,13682,13682,1192,151064,163101360.0,OI2209
2022-05-26 21:06:00,13682,13685,13673,13675,1013,151175,138608790.0,OI2209
2022-05-26 21:07:00,13678,13684,13675,13679,643,151408,87981690.0,OI2209
2022-05-26 21:08:00,13679,13701,13679,13700,1007,151698,137913290.0,OI2209
2022-05-26 21:09:00,13700,13754,13699,13730,5196,151843,713859680.0,OI2209
2022-05-26 21:10:00,13730,13730,13695,13699,1775,151831,243175000.0,OI2209
2022-05-26 21:11:00,13699,13700,13685,13688,776,151876,106312000.0,OI2209
2022-05-26 21:12:00,13689,13692,13683,13688,466,151950,63842000.0,OI2209
2022-05-26 21:13:00,13686,13694,13686,13689,424,152021,57876150.0,OI2209
2022-05-26 21:14:00,13689,13699,13688,13694,416,151981,56987840.0,OI2209
2022-05-26 21:15:00,13695,13698,13687,13690,617,152153,84522830.0,OI2209
2022-05-26 21:16:00,13688,13690,13683,13689,230,152138,31507700.0,OI2209
2022-05-26 21:17:00,13689,13696,13687,13688,271,152161,37124290.0,OI2209
2022-05-26 21:18:00,13689,13695,13688,13695,329,152141,45069710.0,OI2209
2022-05-26 21:19:00,13693,13704,13692,13698,447,152193,61234530.0,OI2209
2022-05-26 21:20:00,13696,13698,13683,13687,357,152186,48905430.0,OI2209
2022-05-26 21:21:00,13685,13688,13683,13688,276,152101,37809240.0,OI2209
2022-05-26 21:22:00,13688,13689,13684,13685,147,152115,19894780.0,OI2209
2022-05-26 21:23:00,13685,13692,13685,13689,100,152129,13698000.0,OI2209
2022-05-26 21:24:00,13690,13691,13685,13685,117,152098,16026660.0,OI2209
2022-05-26 21:25:00,13686,13688,13681,13683,153,152050,20957940.0,OI2209
2022-05-26 21:26:00,13683,13688,13683,13684,139,152041,19040220.0,OI2209
2022-05-26 21:27:00,13686,13687,13683,13685,115,152064,15752700.0,OI2209
2022-05-26 21:28:00,13685,13693,13685,13692,150,152077,20547000.0,OI2209
2022-05-26 21:29:00,13692,13692,13683,13684,120,152099,16437600.0,OI2209
2022-05-26 21:30:00,13686,13698,13684,13688,530,152172,72599400.0,OI2209
2022-05-26 21:31:00,13689,13693,13686,13691,260,152155,35614800.0,OI2209
2022-05-26 21:32:00,13691,13702,13688,13699,378,152142,51778440.0,OI2209
2022-05-26 21:33:00,13696,13710,13696,13705,453,152086,62051940.0,OI2209
2022-05-26 21:34:00,13707,13720,13705,13713,879,151981,120405420.0,OI2209
2022-05-26 21:35:00,13711,13717,13708,13715,426,151965,58634430.0,OI2209
2022-05-26 21:36:00,13714,13715,13708,13709,358,151995,49042420.0,OI2209
2022-05-26 21:37:00,13709,13717,13708,13716,301,152055,41233990.0,OI2209
2022-05-26 21:38:00,13714,13721,13714,13719,385,152041,52741150.0,OI2209
2022-05-26 21:39:00,13718,13726,13714,13725,548,152113,75367390.0,OI2209
2022-05-26 21:40:00,13725,13729,13721,13727,644,152153,88228000.0,OI2209
2022-05-26 21:41:00,13727,13728,13717,13722,361,152185,49457000.0,OI2209
2022-05-26 21:42:00,13722,13735,13721,13722,909,152316,124849010.0,OI2209
2022-05-26 21:43:00,13724,13738,13724,13731,627,152434,86227550.0,OI2209
2022-05-26 21:44:00,13733,13740,13728,13733,473,152568,64810460.0,OI2209
2022-05-26 21:45:00,13733,13743,13733,13742,785,152581,107895560.0,OI2209
2022-05-26 21:46:00,13743,13745,13738,13742,887,152706,121889340.0,OI2209
2022-05-26 21:47:00,13742,13746,13738,13745,682,152628,93811830.0,OI2209
2022-05-26 21:48:00,13746,13748,13738,13738,483,152663,66195150.0,OI2209
2022-05-26 21:49:00,13738,13746,13738,13741,262,152650,36265100.0,OI2209
2022-05-26 21:50:00,13743,13745,13736,13737,414,152782,56742840.0,OI2209
2022-05-26 21:51:00,13737,13740,13730,13733,483,152756,66199980.0,OI2209
2022-05-26 21:52:00,13733,13737,13731,13733,362,152772,49986310.0,OI2209
2022-05-26 21:53:00,13734,13736,13729,13729,213,152786,29195910.0,OI2209
2022-05-26 21:54:00,13730,13745,13728,13743,322,152822,44136540.0,OI2209
2022-05-26 21:55:00,13743,13745,13739,13744,272,152880,37283040.0,OI2209
2022-05-26 21:56:00,13743,13785,13743,13784,2939,152857,404888980.0,OI2209
2022-05-26 21:57:00,13783,13786,13765,13768,1378,152879,189795020.0,OI2209
2022-05-26 21:58:00,13769,13770,13760,13764,417,152906,57187380.0,OI2209
2022-05-26 21:59:00,13766,13780,13763,13776,575,152936,79287250.0,OI2209
2022-05-26 22:00:00,13774,13795,13774,13786,2369,153602,326730110.0,OI2209
2022-05-26 22:01:00,13786,13786,13777,13779,699,153436,96358240.0,OI2209
2022-05-26 22:02:00,13779,13798,13779,13795,601,153427,82925640.0,OI2209
2022-05-26 22:03:00,13793,13797,13788,13791,550,153569,75939440.0,OI2209
2022-05-26 22:04:00,13792,13803,13790,13791,1981,153608,273314070.0,OI2209
2022-05-26 22:05:00,13791,13798,13788,13793,660,153722,91085350.0,OI2209
2022-05-26 22:06:00,13794,13799,13789,13795,332,153748,45570320.0,OI2209
2022-05-26 22:07:00,13795,13795,13781,13785,491,153686,67903240.0,OI2209
2022-05-26 22:08:00,13784,13787,13772,13776,528,153612,72478560.0,OI2209
2022-05-26 22:09:00,13773,13780,13773,13778,390,153546,53535300.0,OI2209
2022-05-26 22:10:00,13779,13783,13775,13780,267,153566,37171520.0,OI2209
2022-05-26 22:11:00,13780,13780,13764,13764,487,153586,66855360.0,OI2209
2022-05-26 22:12:00,13766,13780,13765,13775,472,153626,65326180.0,OI2209
2022-05-26 22:13:00,13774,13779,13769,13774,207,153632,28419030.0,OI2209
2022-05-26 22:14:00,13773,13786,13773,13784,300,153652,41187000.0,OI2209
2022-05-26 22:15:00,13785,13790,13783,13788,401,153676,55053290.0,OI2209
2022-05-26 22:16:00,13787,13792,13786,13788,161,153707,22644400.0,OI2209
2022-05-26 22:17:00,13787,13790,13783,13787,215,153745,29519500.0,OI2209
2022-05-26 22:18:00,13786,13792,13784,13789,208,153790,28558400.0,OI2209
2022-05-26 22:19:00,13788,13792,13787,13790,121,153814,16613300.0,OI2209
2022-05-26 22:20:00,13791,13796,13788,13791,372,153812,51625470.0,OI2209
2022-05-26 22:21:00,13794,13800,13789,13799,509,153827,69890790.0,OI2209
2022-05-26 22:22:00,13800,13803,13795,13800,563,153868,77866120.0,OI2209
2022-05-26 22:23:00,13798,13800,13793,13795,331,153898,45452920.0,OI2209
2022-05-26 22:24:00,13795,13798,13793,13793,125,153931,17165000.0,OI2209
2022-05-26 22:25:00,13795,13803,13795,13803,368,153932,51102590.0,OI2209
2022-05-26 22:26:00,13803,13803,13790,13794,363,153923,49850790.0,OI2209
2022-05-26 22:27:00,13795,13798,13786,13798,305,153936,42461160.0,OI2209
2022-05-26 22:28:00,13797,13799,13790,13790,156,153939,21425040.0,OI2209
2022-05-26 22:29:00,13790,13790,13782,13784,280,153958,38455200.0,OI2209
2022-05-26 22:30:00,13787,13792,13784,13787,198,153985,27193320.0,OI2209
2022-05-26 22:31:00,13790,13793,13787,13790,85,153977,11673900.0,OI2209
2022-05-26 22:32:00,13790,13799,13790,13799,259,154042,35571060.0,OI2209
2022-05-26 22:33:00,13799,13804,13797,13802,409,153925,56761440.0,OI2209
2022-05-26 22:34:00,13802,13802,13791,13792,271,153937,37221850.0,OI2209
2022-05-26 22:35:00,13793,13795,13787,13789,169,153950,23212150.0,OI2209
2022-05-26 22:36:00,13788,13795,13786,13794,144,153988,20373620.0,OI2209
2022-05-26 22:37:00,13794,13801,13792,13796,204,154027,28021440.0,OI2209
2022-05-26 22:38:00,13793,13798,13791,13798,112,154061,15384320.0,OI2209
2022-05-26 22:39:00,13798,13798,13785,13790,204,154038,28021440.0,OI2209
2022-05-26 22:40:00,13791,13808,13787,13808,637,153975,88105110.0,OI2209
2022-05-26 22:41:00,13808,13808,13795,13807,463,154046,63602310.0,OI2209
2022-05-26 22:42:00,13804,13806,13794,13794,224,154077,30770880.0,OI2209
2022-05-26 22:43:00,13794,13798,13792,13795,199,154085,27952280.0,OI2209
2022-05-26 22:44:00,13793,13796,13790,13791,102,154052,14012760.0,OI2209
2022-05-26 22:45:00,13791,13793,13779,13785,451,154030,61958380.0,OI2209
2022-05-26 22:46:00,13785,13785,13777,13780,379,154059,52067020.0,OI2209
2022-05-26 22:47:00,13780,13780,13771,13776,966,153896,133343710.0,OI2209
2022-05-26 22:48:00,13774,13776,13767,13770,662,153699,90952180.0,OI2209
2022-05-26 22:49:00,13770,13775,13767,13768,462,153567,63474180.0,OI2209
2022-05-26 22:50:00,13768,13773,13763,13767,660,153463,91329870.0,OI2209
2022-05-26 22:51:00,13767,13767,13748,13762,819,153186,112530600.0,OI2209
2022-05-26 22:52:00,13762,13762,13754,13758,403,153161,55372200.0,OI2209
2022-05-26 22:53:00,13759,13767,13756,13762,244,153101,33525600.0,OI2209
2022-05-26 22:54:00,13762,13762,13755,13758,349,153082,47952600.0,OI2209
2022-05-26 22:55:00,13760,13768,13758,13766,245,153000,33663000.0,OI2209
2022-05-26 22:56:00,13768,13769,13763,13763,250,152977,34350000.0,OI2209
2022-05-26 22:57:00,13762,13764,13760,13764,166,152928,22808400.0,OI2209
2022-05-26 22:58:00,13762,13766,13754,13760,411,152794,57152740.0,OI2209
2022-05-26 22:59:00,13759,13760,13752,13760,389,152603,53452490.0,OI2209
2022-05-27 09:00:00,13760,13770,13733,13735,1277,152727,175472570.0,OI2209
2022-05-27 09:01:00,13735,13758,13735,13749,811,152637,111439510.0,OI2209
2022-05-27 09:02:00,13753,13771,13750,13771,580,152691,79697800.0,OI2209
2022-05-27 09:03:00,13773,13780,13764,13774,609,152771,83682690.0,OI2209
2022-05-27 09:04:00,13775,13788,13773,13787,1171,152746,161636820.0,OI2209
2022-05-27 09:05:00,13787,13789,13780,13782,618,152707,84925560.0,OI2209
2022-05-27 09:06:00,13782,13786,13774,13778,495,152710,68022900.0,OI2209
2022-05-27 09:07:00,13779,13788,13776,13788,280,152735,39221240.0,OI2209
2022-05-27 09:08:00,13788,13798,13787,13795,385,152777,52910550.0,OI2209
2022-05-27 09:09:00,13793,13802,13786,13801,440,152816,60469200.0,OI2209
2022-05-27 09:10:00,13803,13840,13803,13839,1541,152974,213314230.0,OI2209
2022-05-27 09:11:00,13839,13841,13827,13833,792,153064,109635620.0,OI2209
2022-05-27 09:12:00,13833,13833,13799,13810,1124,152798,155291500.0,OI2209
2022-05-27 09:13:00,13810,13816,13807,13808,423,152825,58149810.0,OI2209
2022-05-27 09:14:00,13809,13815,13806,13813,381,152850,52376070.0,OI2209
2022-05-27 09:15:00,13812,13815,13804,13810,397,152887,54575590.0,OI2209
2022-05-27 09:16:00,13815,13822,13812,13818,427,153027,59502430.0,OI2209
2022-05-27 09:17:00,13817,13827,13814,13825,492,153058,67640160.0,OI2209
2022-05-27 09:18:00,13824,13824,13816,13820,248,153075,34905180.0,OI2209
2022-05-27 09:19:00,13821,13825,13817,13823,149,153087,20486010.0,OI2209
2022-05-27 09:20:00,13823,13829,13815,13827,587,153112,80706630.0,OI2209
2022-05-27 09:21:00,13827,13830,13816,13819,400,153092,55817500.0,OI2209
2022-05-27 09:22:00,13819,13824,13818,13822,237,153064,32587500.0,OI2209
2022-05-27 09:23:00,13823,13832,13821,13829,409,153076,56237500.0,OI2209
2022-05-27 09:24:00,13829,13832,13826,13829,300,153082,41250000.0,OI2209
2022-05-27 09:25:00,13830,13832,13826,13827,293,153121,41121390.0,OI2209
2022-05-27 09:26:00,13829,13831,13815,13815,270,153107,37127700.0,OI2209
2022-05-27 09:27:00,13815,13819,13811,13815,293,153063,40290430.0,OI2209
2022-05-27 09:28:00,13817,13821,13817,13821,162,153023,22276620.0,OI2209
2022-05-27 09:29:00,13821,13833,13820,13831,387,153038,54061380.0,OI2209
2022-05-27 09:30:00,13831,13835,13826,13827,640,153103,88012800.0,OI2209
2022-05-27 09:31:00,13826,13830,13822,13822,203,153103,27916560.0,OI2209
2022-05-27 09:32:00,13822,13823,13818,13820,268,153086,37711480.0,OI2209
2022-05-27 09:33:00,13818,13829,13815,13829,466,153124,64088980.0,OI2209
2022-05-27 09:34:00,13828,13837,13827,13837,552,153180,75916560.0,OI2209
2022-05-27 09:35:00,13837,13840,13820,13823,831,153235,115162040.0,OI2209
2022-05-27 09:36:00,13822,13824,13817,13820,217,153217,29846180.0,OI2209
2022-05-27 09:37:00,13818,13824,13816,13824,266,153237,37465080.0,OI2209
2022-05-27 09:38:00,13822,13824,13816,13823,263,153215,36175650.0,OI2209
2022-05-27 09:39:00,13824,13829,13824,13825,113,153244,15543150.0,OI2209
2022-05-27 09:40:00,13826,13836,13825,13833,602,153263,82805100.0,OI2209
2022-05-27 09:41:00,13834,13836,13827,13828,225,153212,31840220.0,OI2209
2022-05-27 09:42:00,13829,13831,13825,13830,181,153207,24898360.0,OI2209
2022-05-27 09:43:00,13829,13835,13828,13835,133,153242,18295480.0,OI2209
2022-05-27 09:44:00,13834,13864,13832,13862,1478,153278,204223070.0,OI2209
2022-05-27 09:45:00,13864,13869,13855,13867,772,153366,107121150.0,OI2209
2022-05-27 09:46:00,13868,13869,13850,13851,438,153443,61181530.0,OI2209
2022-05-27 09:47:00,13852,13869,13852,13866,449,153592,61777910.0,OI2209
2022-05-27 09:48:00,13866,13881,13865,13880,742,153683,103025180.0,OI2209
2022-05-27 09:49:00,13881,13882,13875,13880,502,153760,70013620.0,OI2209
2022-05-27 09:50:00,13880,13881,13874,13880,324,153812,44585640.0,OI2209
2022-05-27 09:51:00,13880,13881,13874,13875,337,153918,47319600.0,OI2209
2022-05-27 09:52:00,13876,13878,13859,13860,998,153605,138299770.0,OI2209
2022-05-27 09:53:00,13859,13866,13859,13862,176,153641,24222880.0,OI2209
2022-05-27 09:54:00,13861,13863,13849,13854,401,153644,55189630.0,OI2209
2022-05-27 09:55:00,13851,13858,13848,13850,305,153710,41977150.0,OI2209
2022-05-27 09:56:00,13851,13856,13850,13851,99,153722,14590190.0,OI2209
2022-05-27 09:57:00,13850,13857,13850,13854,157,153743,21609480.0,OI2209
2022-05-27 09:58:00,13854,13865,13854,13860,407,153770,56019480.0,OI2209
2022-05-27 09:59:00,13861,13865,13855,13865,472,153807,65941260.0,OI2209
2022-05-27 10:00:00,13866,13886,13866,13882,612,153882,84241800.0,OI2209
2022-05-27 10:01:00,13882,13882,13876,13877,349,154000,49024640.0,OI2209
2022-05-27 10:02:00,13877,13882,13871,13879,388,154133,53412080.0,OI2209
2022-05-27 10:03:00,13879,13881,13876,13878,206,154187,28357960.0,OI2209
2022-05-27 10:04:00,13879,13886,13878,13881,327,154337,46008820.0,OI2209
2022-05-27 10:05:00,13881,13882,13875,13880,261,154336,35931870.0,OI2209
2022-05-27 10:06:00,13879,13880,13874,13874,180,154331,24780600.0,OI2209
2022-05-27 10:07:00,13874,13879,13874,13877,145,154358,19962150.0,OI2209
2022-05-27 10:08:00,13877,13885,13877,13881,304,154473,42854580.0,OI2209
2022-05-27 10:09:00,13881,13905,13878,13896,1657,154712,230174700.0,OI2209
2022-05-27 10:10:00,13898,13908,13893,13907,466,154815,64168200.0,OI2209
2022-05-27 10:11:00,13906,13907,13898,13901,323,154822,45504460.0,OI2209
2022-05-27 10:12:00,13901,13904,13891,13903,328,154855,45168880.0,OI2209
2022-05-27 10:13:00,13903,13906,13900,13906,301,154953,42484360.0,OI2209
2022-05-27 10:14:00,13907,13921,13906,13917,703,155109,97857840.0,OI2209
2022-05-27 10:30:00,13919,13927,13906,13921,631,155183,86907630.0,OI2209
2022-05-27 10:31:00,13922,13924,13910,13913,323,155222,45537010.0,OI2209
2022-05-27 10:32:00,13913,13918,13905,13911,490,155319,68547720.0,OI2209
2022-05-27 10:33:00,13911,13911,13903,13908,381,155361,52482750.0,OI2209
2022-05-27 10:34:00,13908,13915,13903,13914,280,155451,38570000.0,OI2209
2022-05-27 10:35:00,13916,13922,13914,13922,379,155460,53272770.0,OI2209
2022-05-27 10:36:00,13922,13944,13918,13933,1114,155505,154541300.0,OI2209
2022-05-27 10:37:00,13933,13934,13915,13918,534,155489,74651180.0,OI2209
2022-05-27 10:38:00,13919,13924,13915,13919,339,155492,47792810.0,OI2209
2022-05-27 10:39:00,13920,13921,13912,13915,294,155421,40510260.0,OI2209
2022-05-27 10:40:00,13913,13918,13911,13915,205,155480,28246950.0,OI2209
2022-05-27 10:41:00,13915,13918,13912,13917,100,155460,13779000.0,OI2209
2022-05-27 10:42:00,13916,13917,13908,13916,229,155519,32647580.0,OI2209
2022-05-27 10:43:00,13916,13918,13911,13915,146,155521,20118800.0,OI2209
2022-05-27 10:44:00,13920,13920,13916,13917,142,155517,19567600.0,OI2209
2022-05-27 10:45:00,13916,13929,13916,13925,642,155661,89570570.0,OI2209
2022-05-27 10:46:00,13926,13927,13915,13917,209,155659,28802290.0,OI2209
2022-05-27 10:47:00,13916,13917,13910,13914,158,155633,21773980.0,OI2209
2022-05-27 10:48:00,13915,13917,13909,13910,221,155593,31564860.0,OI2209
2022-05-27 10:49:00,13907,13915,13905,13912,306,155559,42172920.0,OI2209
2022-05-27 10:50:00,13915,13920,13912,13913,185,155544,25496700.0,OI2209
2022-05-27 10:51:00,13912,13913,13908,13909,113,155555,15573660.0,OI2209
2022-05-27 10:52:00,13909,13912,13906,13908,195,155551,27991740.0,OI2209
2022-05-27 10:53:00,13910,13912,13905,13906,101,155572,13920830.0,OI2209
2022-05-27 10:54:00,13905,13909,13903,13906,121,155567,16677430.0,OI2209
2022-05-27 10:55:00,13905,13916,13904,13912,158,155546,21777140.0,OI2209
2022-05-27 10:56:00,13914,13922,13912,13921,225,155519,31011750.0,OI2209
2022-05-27 10:57:00,13921,13922,13912,13912,126,155513,17366580.0,OI2209
2022-05-27 10:58:00,13911,13916,13911,13914,75,155527,10337250.0,OI2209
2022-05-27 10:59:00,13914,13916,13912,13916,75,155540,11462900.0,OI2209
2022-05-27 11:00:00,13917,13918,13909,13915,161,155545,22192240.0,OI2209
2022-05-27 11:01:00,13916,13920,13916,13919,106,155554,14611040.0,OI2209
2022-05-27 11:02:00,13920,13928,13917,13927,414,155563,57065760.0,OI2209
2022-05-27 11:03:00,13927,13944,13924,13938,583,155616,81499010.0,OI2209
2022-05-27 11:04:00,13940,13943,13931,13934,489,155630,68551830.0,OI2209
2022-05-27 11:05:00,13934,13934,13918,13923,729,155424,101650410.0,OI2209
2022-05-27 11:06:00,13923,13942,13923,13937,398,155350,54872260.0,OI2209
2022-05-27 11:07:00,13936,13941,13933,13941,309,155395,43759370.0,OI2209
2022-05-27 11:08:00,13941,13953,13939,13948,726,155508,101265680.0,OI2209
2022-05-27 11:09:00,13948,13958,13947,13955,335,155615,46193150.0,OI2209
2022-05-27 11:10:00,13957,13965,13951,13956,648,155776,90527350.0,OI2209
2022-05-27 11:11:00,13956,13958,13947,13947,440,155914,61855030.0,OI2209
2022-05-27 11:12:00,13946,13956,13946,13947,361,155873,49785510.0,OI2209
2022-05-27 11:13:00,13949,13972,13948,13959,546,155987,76486960.0,OI2209
2022-05-27 11:14:00,13958,13958,13944,13947,390,156019,53788800.0,OI2209
2022-05-27 11:15:00,13947,13950,13933,13937,486,156012,68225980.0,OI2209
2022-05-27 11:16:00,13934,13941,13932,13939,415,155984,57240950.0,OI2209
2022-05-27 11:17:00,13939,13940,13932,13937,226,156016,32375450.0,OI2209
2022-05-27 11:18:00,13938,13943,13934,13940,120,156013,16552800.0,OI2209
2022-05-27 11:19:00,13940,13946,13939,13942,131,156018,18070140.0,OI2209
2022-05-27 11:20:00,13941,13952,13939,13949,202,156019,27863880.0,OI2209
2022-05-27 11:21:00,13947,13952,13947,13951,106,156030,14621640.0,OI2209
2022-05-27 11:22:00,13951,13953,13947,13949,159,156047,23142910.0,OI2209
2022-05-27 11:23:00,13950,13953,13942,13948,191,156059,26348450.0,OI2209
2022-05-27 11:24:00,13945,13946,13937,13941,441,156222,60835950.0,OI2209
2022-05-27 11:25:00,13941,13950,13939,13949,162,156211,23566290.0,OI2209
2022-05-27 11:26:00,13949,13955,13949,13951,288,156175,39732480.0,OI2209
2022-05-27 11:27:00,13951,13954,13950,13950,103,156206,14209880.0,OI2209
2022-05-27 11:28:00,13950,13952,13946,13948,136,156183,18762560.0,OI2209
2022-05-27 11:29:00,13946,13953,13946,13950,228,156092,32680820.0,OI2209
2022-05-27 13:30:00,13902,13919,13874,13898,2776,155750,385512120.0,OI2209
2022-05-27 13:31:00,13899,13905,13893,13899,507,155755,69960930.0,OI2209
2022-05-27 13:32:00,13897,13911,13894,13911,587,155830,82264770.0,OI2209
2022-05-27 13:33:00,13911,13917,13904,13905,534,155855,73692000.0,OI2209
2022-05-27 13:34:00,13906,13913,13905,13907,224,155865,30912000.0,OI2209
2022-05-27 13:35:00,13908,13924,13907,13923,500,155953,70277220.0,OI2209
2022-05-27 13:36:00,13923,13926,13920,13925,207,155972,28568070.0,OI2209
2022-05-27 13:37:00,13925,13925,13908,13910,540,155874,75810090.0,OI2209
2022-05-27 13:38:00,13909,13915,13909,13910,113,155894,15596260.0,OI2209
2022-05-27 13:39:00,13910,13915,13907,13909,249,155870,34366980.0,OI2209
2022-05-27 13:40:00,13909,13928,13909,13926,328,155857,45270560.0,OI2209
2022-05-27 13:41:00,13926,13932,13922,13930,267,155945,36851340.0,OI2209
2022-05-27 13:42:00,13929,13932,13926,13927,175,155952,25449510.0,OI2209
2022-05-27 13:43:00,13928,13934,13921,13922,265,155952,36577950.0,OI2209
2022-05-27 13:44:00,13921,13930,13917,13927,229,155980,31608870.0,OI2209
2022-05-27 13:45:00,13927,13933,13926,13930,255,156003,35197650.0,OI2209
2022-05-27 13:46:00,13931,13934,13922,13923,161,155977,22222830.0,OI2209
2022-05-27 13:47:00,13924,13925,13918,13919,192,155990,27808790.0,OI2209
2022-05-27 13:48:00,13920,13920,13909,13909,223,156002,30782920.0,OI2209
2022-05-27 13:49:00,13911,13916,13906,13913,285,156035,39341400.0,OI2209
2022-05-27 13:50:00,13913,13931,13913,13931,461,156077,63636440.0,OI2209
2022-05-27 13:51:00,13932,13936,13930,13934,272,156122,38866320.0,OI2209
2022-05-27 13:52:00,13934,13938,13933,13936,180,156164,24849000.0,OI2209
2022-05-27 13:53:00,13936,13937,13929,13930,140,156151,19327000.0,OI2209
2022-05-27 13:54:00,13930,13936,13929,13935,128,156153,17670400.0,OI2209
2022-05-27 13:55:00,13933,13940,13930,13934,469,156286,66074060.0,OI2209
2022-05-27 13:56:00,13934,13943,13934,13943,244,156395,33686640.0,OI2209
2022-05-27 13:57:00,13944,13949,13941,13942,313,156429,43212780.0,OI2209
2022-05-27 13:58:00,13941,13941,13929,13934,352,156447,49934820.0,OI2209
2022-05-27 13:59:00,13935,13938,13934,13937,85,156466,11735950.0,OI2209
2022-05-27 14:00:00,13937,13946,13937,13944,256,156526,35345920.0,OI2209
2022-05-27 14:01:00,13942,13946,13940,13940,208,156560,28718560.0,OI2209
2022-05-27 14:02:00,13940,13944,13939,13940,158,156536,21815060.0,OI2209
2022-05-27 14:03:00,13939,13945,13936,13944,206,156580,28442420.0,OI2209
2022-05-27 14:04:00,13945,13945,13936,13936,122,156610,18192590.0,OI2209
2022-05-27 14:05:00,13938,13946,13932,13936,305,156624,42114400.0,OI2209
2022-05-27 14:06:00,13935,13936,13931,13934,118,156647,16293440.0,OI2209
2022-05-27 14:07:00,13934,13934,13928,13929,164,156654,22645120.0,OI2209
2022-05-27 14:08:00,13929,13929,13923,13926,230,156624,31758400.0,OI2209
2022-05-27 14:09:00,13927,13933,13925,13932,196,156643,27063680.0,OI2209
2022-05-27 14:10:00,13932,13940,13926,13935,214,156672,30909440.0,OI2209
2022-05-27 14:11:00,13938,13943,13936,13940,147,156694,20299230.0,OI2209
2022-05-27 14:12:00,13941,13943,13939,13942,106,156732,14637540.0,OI2209
2022-05-27 14:13:00,13941,13941,13936,13937,106,156743,14637540.0,OI2209
2022-05-27 14:14:00,13937,13939,13928,13930,173,156753,23889570.0,OI2209
2022-05-27 14:15:00,13928,13933,13925,13926,248,156824,34246320.0,OI2209
2022-05-27 14:16:00,13926,13932,13922,13932,301,156779,42936220.0,OI2209
2022-05-27 14:17:00,13930,13932,13925,13925,187,156780,25824700.0,OI2209
2022-05-27 14:18:00,13925,13930,13925,13926,118,156779,16295800.0,OI2209
2022-05-27 14:19:00,13926,13931,13923,13928,83,156780,11462300.0,OI2209
2022-05-27 14:20:00,13927,13927,13918,13920,204,156791,28172400.0,OI2209
2022-05-27 14:21:00,13920,13932,13919,13931,139,156794,19195900.0,OI2209
2022-05-27 14:22:00,13931,13934,13926,13931,157,156775,21681700.0,OI2209
2022-05-27 14:23:00,13931,13932,13927,13930,85,156765,11738500.0,OI2209
2022-05-27 14:24:00,13930,13931,13927,13928,57,156759,9253130.0,OI2209
2022-05-27 14:25:00,13928,13939,13928,13938,207,156725,28588770.0,OI2209
2022-05-27 14:26:00,13935,13941,13935,13939,109,156744,15053990.0,OI2209
2022-05-27 14:27:00,13939,13944,13938,13943,116,156754,16020760.0,OI2209
2022-05-27 14:28:00,13943,13947,13937,13945,316,156799,43642760.0,OI2209
2022-05-27 14:29:00,13946,13946,13940,13941,235,156920,32455850.0,OI2209
2022-05-27 14:30:00,13941,13955,13938,13955,669,157029,93793540.0,OI2209
2022-05-27 14:31:00,13954,13957,13949,13952,731,156962,102370980.0,OI2209
2022-05-27 14:32:00,13952,13953,13945,13948,225,156982,31079250.0,OI2209
2022-05-27 14:33:00,13945,13952,13940,13949,403,157089,55666390.0,OI2209
2022-05-27 14:34:00,13951,13955,13948,13954,194,157096,28210700.0,OI2209
2022-05-27 14:35:00,13955,13958,13945,13946,589,157056,81364460.0,OI2209
2022-05-27 14:36:00,13946,13950,13934,13934,322,156994,45903670.0,OI2209
2022-05-27 14:37:00,13936,13936,13915,13926,651,156960,89935650.0,OI2209
2022-05-27 14:38:00,13924,13929,13921,13922,230,156967,31774500.0,OI2209
2022-05-27 14:39:00,13923,13926,13919,13922,218,156928,30116700.0,OI2209
2022-05-27 14:40:00,13923,13925,13912,13920,333,156912,47440860.0,OI2209
2022-05-27 14:41:00,13920,13920,13908,13914,425,156830,58718000.0,OI2209
2022-05-27 14:42:00,13913,13915,13906,13907,261,156798,36059760.0,OI2209
2022-05-27 14:43:00,13907,13912,13906,13912,272,156796,37579520.0,OI2209
2022-05-27 14:44:00,13912,13918,13907,13908,252,156751,34816320.0,OI2209
2022-05-27 14:45:00,13906,13917,13906,13915,267,156717,38340400.0,OI2209
2022-05-27 14:46:00,13915,13920,13913,13917,227,156689,31364590.0,OI2209
2022-05-27 14:47:00,13916,13927,13916,13924,303,156669,41865510.0,OI2209
2022-05-27 14:48:00,13924,13928,13921,13925,249,156657,34404330.0,OI2209
2022-05-27 14:49:00,13925,13929,13925,13927,189,156638,26114130.0,OI2209
2022-05-27 14:50:00,13927,13942,13927,13941,386,156658,54798840.0,OI2209
2022-05-27 14:51:00,13942,13944,13938,13939,307,156648,42421260.0,OI2209
2022-05-27 14:52:00,13940,13947,13939,13943,467,156655,64530060.0,OI2209
2022-05-27 14:53:00,13943,13963,13943,13960,1034,156700,144361420.0,OI2209
2022-05-27 14:54:00,13962,13962,13953,13958,709,156553,99467100.0,OI2209
2022-05-27 14:55:00,13959,13976,13957,13970,1064,156540,148545830.0,OI2209
2022-05-27 14:56:00,13969,13972,13955,13957,887,156630,124102170.0,OI2209
2022-05-27 14:57:00,13959,13968,13958,13966,614,156554,84867080.0,OI2209
2022-05-27 14:58:00,13965,13967,13949,13951,862,156367,120670300.0,OI2209
2022-05-27 14:59:00,13949,13954,13948,13948,698,156056,98016180.0,OI2209
2022-05-27 21:00:00,13916,13927,13879,13924,5004,156654,695756160.0,OI2209
2022-05-27 21:01:00,13925,13948,13916,13947,2456,157405,342228240.0,OI2209
2022-05-27 21:02:00,13945,13956,13938,13954,1110,157831,154788200.0,OI2209
2022-05-27 21:03:00,13950,13959,13944,13955,1104,158212,154041680.0,OI2209
2022-05-27 21:04:00,13955,13964,13950,13952,780,158403,108800680.0,OI2209
2022-05-27 21:05:00,13952,13962,13943,13958,1397,158944,194992320.0,OI2209
2022-05-27 21:06:00,13959,13961,13942,13957,1118,159181,155974420.0,OI2209
2022-05-27 21:07:00,13959,13977,13959,13975,1733,159428,241994980.0,OI2209
2022-05-27 21:08:00,13976,13983,13967,13976,1150,159485,160716560.0,OI2209
2022-05-27 21:09:00,13977,13978,13958,13969,1127,159420,157409570.0,OI2209
2022-05-27 21:10:00,13969,13969,13960,13967,451,159385,63039190.0,OI2209
2022-05-27 21:11:00,13968,13969,13951,13962,895,159707,124946250.0,OI2209
2022-05-27 21:12:00,13960,13971,13960,13965,318,159736,44332380.0,OI2209
2022-05-27 21:13:00,13965,13967,13953,13958,404,159760,56512110.0,OI2209
2022-05-27 21:14:00,13959,13972,13959,13968,267,159821,37225140.0,OI2209
2022-05-27 21:15:00,13968,13968,13954,13958,431,159908,60090020.0,OI2209
2022-05-27 21:16:00,13957,13969,13955,13967,273,159974,38261840.0,OI2209
2022-05-27 21:17:00,13967,13968,13961,13967,148,160003,20635640.0,OI2209
2022-05-27 21:18:00,13965,13975,13962,13966,637,160209,89024940.0,OI2209
2022-05-27 21:19:00,13967,13969,13962,13969,332,160225,46294080.0,OI2209
2022-05-27 21:20:00,13969,13974,13966,13968,478,160268,66868450.0,OI2209
2022-05-27 21:21:00,13970,13980,13970,13979,475,160403,66238750.0,OI2209
2022-05-27 21:22:00,13977,13979,13969,13970,284,160402,39827520.0,OI2209
2022-05-27 21:23:00,13971,13971,13964,13965,280,160401,39048800.0,OI2209
2022-05-27 21:24:00,13968,13970,13964,13966,139,160398,19384940.0,OI2209
2022-05-27 21:25:00,13967,13976,13966,13971,280,160418,39048800.0,OI2209
2022-05-27 21:26:00,13973,13973,13965,13966,198,160384,27613080.0,OI2209
2022-05-27 21:27:00,13968,13972,13963,13965,316,160341,44305210.0,OI2209
2022-05-27 21:28:00,13964,13968,13958,13960,610,160284,85076700.0,OI2209
2022-05-27 21:29:00,13959,13966,13959,13960,175,160253,24407250.0,OI2209
2022-05-27 21:30:00,13960,13964,13951,13964,691,160215,96373770.0,OI2209
2022-05-27 21:31:00,13965,13979,13963,13978,876,160359,122435090.0,OI2209
2022-05-27 21:32:00,13978,13982,13973,13973,538,160460,75304990.0,OI2209
2022-05-27 21:33:00,13974,13981,13973,13978,488,160539,68071120.0,OI2209
2022-05-27 21:34:00,13978,13991,13974,13981,727,160635,101686130.0,OI2209
2022-05-27 21:35:00,13983,13989,13980,13985,583,160743,81611230.0,OI2209
2022-05-27 21:36:00,13985,13991,13984,13989,430,160843,60276330.0,OI2209
2022-05-27 21:37:00,13986,14005,13985,13998,1091,161197,152514260.0,OI2209
2022-05-27 21:38:00,14000,14002,13992,13994,561,161303,78579880.0,OI2209
2022-05-27 21:39:00,13994,13995,13980,13982,665,161218,93104300.0,OI2209
2022-05-27 21:40:00,13983,13989,13979,13985,474,161265,66146700.0,OI2209
2022-05-27 21:41:00,13984,13984,13974,13974,485,161312,67681750.0,OI2209
2022-05-27 21:42:00,13975,13980,13972,13978,285,161273,40094390.0,OI2209
2022-05-27 21:43:00,13979,13987,13977,13985,207,161320,28888920.0,OI2209
2022-05-27 21:44:00,13985,13994,13979,13981,779,161353,109049740.0,OI2209
2022-05-27 21:45:00,13982,13984,13974,13977,224,161343,31263680.0,OI2209
2022-05-27 21:46:00,13977,13982,13971,13982,287,161359,40056590.0,OI2209
2022-05-27 21:47:00,13982,13986,13978,13982,211,161379,29449270.0,OI2209
2022-05-27 21:48:00,13980,13984,13978,13979,176,161359,24564320.0,OI2209
2022-05-27 21:49:00,13980,13982,13979,13982,123,161343,17167110.0,OI2209
2022-05-27 21:50:00,13982,13986,13982,13983,245,161349,34194650.0,OI2209
2022-05-27 21:51:00,13984,13992,13983,13988,466,161522,65389440.0,OI2209
2022-05-27 21:52:00,13986,13988,13979,13983,144,161510,20099520.0,OI2209
2022-05-27 21:53:00,13981,13984,13980,13983,63,161495,8793540.0,OI2209
2022-05-27 21:54:00,13984,13990,13980,13986,241,161482,33638780.0,OI2209
2022-05-27 21:55:00,13989,13994,13986,13994,155,161538,21634900.0,OI2209
2022-05-27 21:56:00,13992,14001,13992,13995,521,161688,73082240.0,OI2209
2022-05-27 21:57:00,13993,13995,13990,13992,126,161698,17588340.0,OI2209
2022-05-27 21:58:00,13991,13992,13988,13990,158,161717,22055220.0,OI2209
2022-05-27 21:59:00,13988,13990,13982,13988,221,161706,30849390.0,OI2209
2022-05-27 22:00:00,13991,13998,13985,13989,453,161671,63604910.0,OI2209
2022-05-27 22:01:00,13990,13995,13990,13995,180,161656,25128000.0,OI2209
2022-05-27 22:02:00,13995,13998,13993,13994,178,161669,24848800.0,OI2209
2022-05-27 22:03:00,13993,13997,13992,13993,150,161685,20940000.0,OI2209
2022-05-27 22:04:00,13994,14002,13984,13984,728,161691,102011800.0,OI2209
2022-05-27 22:05:00,13988,13992,13980,13992,496,161579,69246560.0,OI2209
2022-05-27 22:06:00,13991,13998,13990,13996,188,161613,26246680.0,OI2209
2022-05-27 22:07:00,13995,14000,13995,13998,186,161620,26359160.0,OI2209
2022-05-27 22:08:00,13998,14002,13993,13994,331,161607,46214220.0,OI2209
2022-05-27 22:09:00,13993,14003,13993,14000,765,161732,107211960.0,OI2209
2022-05-27 22:10:00,14000,14000,13995,13998,196,161744,27367480.0,OI2209
2022-05-27 22:11:00,13998,14008,13997,14005,580,161803,80985400.0,OI2209
2022-05-27 22:12:00,14005,14012,14004,14008,520,161809,73023220.0,OI2209
2022-05-27 22:13:00,14008,14010,14003,14003,195,161833,27229800.0,OI2209
2022-05-27 22:14:00,14005,14007,14002,14005,208,161833,29045120.0,OI2209
2022-05-27 22:15:00,14005,14005,13995,13996,371,161769,52229800.0,OI2209
2022-05-27 22:16:00,13995,13999,13993,13994,131,161742,18294150.0,OI2209
2022-05-27 22:17:00,13995,13995,13984,13985,346,161670,48318900.0,OI2209
2022-05-27 22:18:00,13983,13991,13983,13991,157,161670,21925050.0,OI2209
2022-05-27 22:19:00,13990,13998,13990,13998,152,161658,21226800.0,OI2209
2022-05-27 22:20:00,13998,14006,13997,14004,311,161736,43431150.0,OI2209
2022-05-27 22:21:00,14004,14004,13998,13998,291,161734,41075390.0,OI2209
2022-05-27 22:22:00,13998,14001,13995,13999,109,161712,15222940.0,OI2209
2022-05-27 22:23:00,14000,14005,13999,14001,175,161728,24440500.0,OI2209
2022-05-27 22:24:00,13999,14001,13996,13999,64,161732,8938240.0,OI2209
2022-05-27 22:25:00,13998,14000,13993,13996,146,161731,20390360.0,OI2209
2022-05-27 22:26:00,13995,14001,13995,13998,134,161746,18714440.0,OI2209
2022-05-27 22:27:00,14000,14001,13996,13999,220,161714,30725200.0,OI2209
2022-05-27 22:28:00,13999,14001,13995,14000,82,161729,11452120.0,OI2209
2022-05-27 22:29:00,13998,14001,13997,13998,144,161729,20111040.0,OI2209
2022-05-27 22:30:00,13998,14002,13989,13990,267,161722,37739870.0,OI2209
2022-05-27 22:31:00,13990,14002,13990,13992,355,161665,49582850.0,OI2209
2022-05-27 22:32:00,13993,14000,13991,14000,305,161645,42599350.0,OI2209
2022-05-27 22:33:00,14000,14000,13991,13991,321,161678,44834070.0,OI2209
2022-05-27 22:34:00,13991,13999,13991,13998,122,161687,17039740.0,OI2209
2022-05-27 22:35:00,13998,14002,13992,13993,164,161669,22905880.0,OI2209
2022-05-27 22:36:00,13992,13995,13991,13992,136,161650,18995120.0,OI2209
2022-05-27 22:37:00,13992,13996,13990,13992,144,161633,20112480.0,OI2209
2022-05-27 22:38:00,13994,13998,13992,13996,124,161625,17786440.0,OI2209
2022-05-27 22:39:00,13996,14002,13995,13999,190,161650,26539200.0,OI2209
2022-05-27 22:40:00,13999,14005,13998,14001,221,161662,30869280.0,OI2209
2022-05-27 22:41:00,14003,14003,13997,13998,152,161667,21231360.0,OI2209
2022-05-27 22:42:00,13999,14003,13998,14002,126,161666,17599680.0,OI2209
2022-05-27 22:43:00,14001,14002,13998,14002,86,161656,12012480.0,OI2209
2022-05-27 22:44:00,14001,14016,14001,14011,560,161707,78701510.0,OI2209
2022-05-27 22:45:00,14011,14015,14009,14010,333,161753,46516770.0,OI2209
2022-05-27 22:46:00,14009,14015,14009,14012,232,161792,32408080.0,OI2209
2022-05-27 22:47:00,14010,14031,14010,14028,999,161938,140046660.0,OI2209
2022-05-27 22:48:00,14030,14030,14019,14020,342,162008,48277170.0,OI2209
2022-05-27 22:49:00,14020,14024,14016,14022,280,162011,39118800.0,OI2209
2022-05-27 22:50:00,14021,14028,14021,14025,319,162052,44567490.0,OI2209
2022-05-27 22:51:00,14025,14026,14020,14020,334,161983,47172240.0,OI2209
2022-05-27 22:52:00,14020,14022,14013,14015,259,161881,36187480.0,OI2209
2022-05-27 22:53:00,14015,14022,14014,14020,267,161784,37305240.0,OI2209
2022-05-27 22:54:00,14019,14023,14014,14023,350,161818,48902000.0,OI2209
2022-05-27 22:55:00,14024,14026,14016,14017,176,161781,24590720.0,OI2209
2022-05-27 22:56:00,14018,14018,14012,14017,298,161647,42159160.0,OI2209
2022-05-27 22:57:00,14016,14026,14016,14025,259,161619,36190070.0,OI2209
2022-05-27 22:58:00,14024,14032,14023,14029,666,161561,93592030.0,OI2209
2022-05-27 22:59:00,14028,14040,14028,14030,734,161432,102569160.0,OI2209
2022-05-30 09:00:00,14030,14045,14007,14023,2368,161484,332592930.0,OI2209
2022-05-30 09:01:00,14026,14042,14025,14034,1073,161523,150546810.0,OI2209
2022-05-30 09:02:00,14033,14036,14022,14022,422,161494,58987160.0,OI2209
2022-05-30 09:03:00,14022,14023,14007,14012,669,161321,94097330.0,OI2209
2022-05-30 09:04:00,14012,14013,13992,13996,700,161262,97853000.0,OI2209
2022-05-30 09:05:00,14000,14005,13995,14003,788,161142,110154520.0,OI2209
2022-05-30 09:06:00,14003,14024,13999,14021,863,161030,121246790.0,OI2209
2022-05-30 09:07:00,14024,14025,14011,14014,577,160965,80664600.0,OI2209
2022-05-30 09:08:00,14015,14020,14009,14016,372,161017,52005600.0,OI2209
2022-05-30 09:09:00,14018,14020,14007,14008,378,160990,52844400.0,OI2209
2022-05-30 09:10:00,14007,14018,14004,14004,398,160977,56265670.0,OI2209
2022-05-30 09:11:00,14005,14014,14003,14005,344,160921,48094640.0,OI2209
2022-05-30 09:12:00,14007,14007,14000,14005,246,160907,34393260.0,OI2209
2022-05-30 09:13:00,14005,14007,13991,13996,334,160837,46696540.0,OI2209
2022-05-30 09:14:00,13996,14009,13995,14002,333,160852,46556730.0,OI2209
2022-05-30 09:15:00,14002,14013,13999,14013,445,160873,62215450.0,OI2209
2022-05-30 09:16:00,14014,14017,14000,14000,388,161010,54246280.0,OI2209
2022-05-30 09:17:00,13996,13997,13966,13983,1767,160611,247044270.0,OI2209
2022-05-30 09:18:00,13981,14010,13980,14007,863,160644,121328500.0,OI2209
2022-05-30 09:19:00,14007,14018,14006,14015,393,160764,54949260.0,OI2209
2022-05-30 09:20:00,14014,14014,14001,14006,705,160686,98573100.0,OI2209
2022-05-30 09:21:00,14005,14006,13996,13997,317,160661,44322940.0,OI2209
2022-05-30 09:22:00,13997,13999,13990,13993,323,160660,45161860.0,OI2209
2022-05-30 09:23:00,13994,14007,13991,14000,279,160673,39009780.0,OI2209
2022-05-30 09:24:00,14000,14001,13991,13995,290,160733,40547800.0,OI2209
2022-05-30 09:25:00,13993,14007,13992,14006,197,160736,27544540.0,OI2209
2022-05-30 09:26:00,14007,14008,13996,13998,173,160744,24188860.0,OI2209
2022-05-30 09:27:00,13998,14008,13996,14005,216,160758,30201120.0,OI2209
2022-05-30 09:28:00,14005,14011,14004,14006,254,160789,36218220.0,OI2209
2022-05-30 09:29:00,14007,14007,14001,14006,168,160805,23491440.0,OI2209
2022-05-30 09:30:00,14007,14010,14004,14004,175,160815,24470250.0,OI2209
2022-05-30 09:31:00,14003,14005,13993,13993,234,160772,32720220.0,OI2209
2022-05-30 09:32:00,13994,13999,13988,13992,392,160754,54813360.0,OI2209
2022-05-30 09:33:00,13991,13993,13984,13988,387,160738,54114210.0,OI2209
2022-05-30 09:34:00,13988,13995,13987,13990,342,160791,47821860.0,OI2209
2022-05-30 09:35:00,13989,13995,13983,13987,236,160809,32999880.0,OI2209
2022-05-30 09:36:00,13986,13988,13979,13979,332,160730,46423560.0,OI2209
2022-05-30 09:37:00,13980,13982,13970,13971,558,160629,78025140.0,OI2209
2022-05-30 09:38:00,13968,13990,13963,13986,752,160598,105152160.0,OI2209
2022-05-30 09:39:00,13986,14002,13986,13998,500,160743,69915000.0,OI2209
2022-05-30 09:40:00,13997,14003,13993,13995,304,160761,42508320.0,OI2209
2022-05-30 09:41:00,13995,13998,13990,13991,159,160757,22232970.0,OI2209
2022-05-30 09:42:00,13990,13991,13975,13979,359,160763,50198970.0,OI2209
2022-05-30 09:43:00,13980,13986,13977,13979,272,160738,38033760.0,OI2209
2022-05-30 09:44:00,13979,13987,13979,13983,192,160795,26847360.0,OI2209
2022-05-30 09:45:00,13982,13995,13982,13992,275,160855,38453250.0,OI2209
2022-05-30 09:46:00,13992,13992,13980,13983,394,160893,55093020.0,OI2209
2022-05-30 09:47:00,13984,13995,13983,13993,354,160959,49499820.0,OI2209
2022-05-30 09:48:00,13994,13998,13991,13997,211,160984,29504130.0,OI2209
2022-05-30 09:49:00,13996,13998,13987,13988,216,160944,30203280.0,OI2209
2022-05-30 09:50:00,13989,13994,13989,13990,146,160974,20415180.0,OI2209
2022-05-30 09:51:00,13990,13995,13988,13993,160,161002,22372800.0,OI2209
2022-05-30 09:52:00,13994,14001,13991,13997,312,161113,43626960.0,OI2209
2022-05-30 09:53:00,13996,13997,13981,13983,222,161113,31042260.0,OI2209
2022-05-30 09:54:00,13983,13990,13981,13982,244,161147,34118520.0,OI2209
2022-05-30 09:55:00,13982,13985,13980,13980,188,161186,26288040.0,OI2209
2022-05-30 09:56:00,13980,13982,13969,13972,566,161155,79143780.0,OI2209
2022-05-30 09:57:00,13971,13982,13970,13976,495,161270,69215850.0,OI2209
2022-05-30 09:58:00,13978,13995,13976,13993,655,161417,91588650.0,OI2209
2022-05-30 09:59:00,13993,13996,13965,13968,1281,161338,179122230.0,OI2209
2022-05-30 10:00:00,13968,13996,13968,13991,852,161385,119135160.0,OI2209
2022-05-30 10:01:00,13992,13997,13991,13993,340,161520,47542200.0,OI2209
2022-05-30 10:02:00,13993,13993,13981,13983,313,161511,43766790.0,OI2209
2022-05-30 10:03:00,13983,13989,13981,13987,289,161515,40410870.0,OI2209
2022-05-30 10:04:00,13987,13989,13980,13981,251,161571,35097330.0,OI2209
2022-05-30 10:05:00,13982,13990,13981,13981,281,161682,39292230.0,OI2209
2022-05-30 10:06:00,13982,13982,13978,13978,218,161744,30482940.0,OI2209
2022-05-30 10:07:00,13979,13982,13974,13976,269,161752,37614270.0,OI2209
2022-05-30 10:08:00,13976,13977,13966,13971,448,161713,62643840.0,OI2209
2022-05-30 10:09:00,13969,13975,13969,13975,230,161786,32160900.0,OI2209
2022-05-30 10:10:00,13974,13982,13970,13971,284,161795,39711720.0,OI2209
2022-05-30 10:11:00,13972,13972,13956,13964,750,161781,104872500.0,OI2209
2022-05-30 10:12:00,13965,13970,13964,13967,159,161786,22232970.0,OI2209
2022-05-30 10:13:00,13966,13974,13961,13973,252,161799,35237160.0,OI2209
2022-05-30 10:14:00,13969,13975,13969,13975,163,161830,22792290.0,OI2209
2022-05-30 10:30:00,13976,13988,13972,13972,515,161867,72012450.0,OI2209
2022-05-30 10:31:00,13973,13975,13960,13970,556,161933,77745480.0,OI2209
2022-05-30 10:32:00,13969,13987,13969,13985,513,161982,71732790.0,OI2209
2022-05-30 10:33:00,13986,13996,13985,13995,528,162008,73830240.0,OI2209
2022-05-30 10:34:00,13993,14005,13983,13987,945,161999,132139350.0,OI2209
2022-05-30 10:35:00,13986,13987,13971,13972,311,162006,43487130.0,OI2209
2022-05-30 10:36:00,13972,13980,13970,13978,321,162009,44885430.0,OI2209
2022-05-30 10:37:00,13982,13983,13972,13980,401,162080,56071830.0,OI2209
2022-05-30 10:38:00,13979,13980,13970,13974,321,162089,44885430.0,OI2209
2022-05-30 10:39:00,13972,13980,13971,13980,222,162123,31042260.0,OI2209
2022-05-30 10:40:00,13979,13979,13967,13974,236,162153,32999880.0,OI2209
2022-05-30 10:41:00,13973,13977,13969,13969,247,162125,34538010.0,OI2209
2022-05-30 10:42:00,13969,13976,13969,13971,159,162153,22232970.0,OI2209
2022-05-30 10:43:00,13971,13979,13971,13975,200,162222,27966000.0,OI2209
2022-05-30 10:44:00,13979,13979,13964,13965,426,162331,58642830.0,OI2209
2022-05-30 10:45:00,13964,13985,13964,13984,780,162529,109059600.0,OI2209
2022-05-30 10:46:00,13982,13984,13969,13969,285,162584,39848700.0,OI2209
2022-05-30 10:47:00,13970,13979,13969,13977,206,162598,28802920.0,OI2209
2022-05-30 10:48:00,13977,13987,13977,13979,338,162588,47259160.0,OI2209
2022-05-30 10:49:00,13977,13982,13972,13973,138,162646,19295160.0,OI2209
2022-05-30 10:50:00,13973,13981,13973,13977,82,162669,11465240.0,OI2209
2022-05-30 10:51:00,13977,13985,13977,13983,175,162707,24468500.0,OI2209
2022-05-30 10:52:00,13983,13988,13981,13986,232,162729,32438240.0,OI2209
2022-05-30 10:53:00,13987,13993,13986,13986,283,162797,39569060.0,OI2209
2022-05-30 10:54:00,13985,13988,13981,13986,151,162799,21112820.0,OI2209
2022-05-30 10:55:00,13985,13985,13971,13972,318,162817,44462760.0,OI2209
2022-05-30 10:56:00,13973,13979,13973,13973,224,162865,31319680.0,OI2209
2022-05-30 10:57:00,13976,13976,13968,13968,282,162891,39429240.0,OI2209
2022-05-30 10:58:00,13969,13971,13952,13953,746,162937,104305720.0,OI2209
2022-05-30 10:59:00,13953,13966,13952,13960,705,162981,98573100.0,OI2209
2022-05-30 11:00:00,13962,13972,13958,13970,696,163089,97314720.0,OI2209
2022-05-30 11:01:00,13968,13972,13963,13970,227,163114,31739140.0,OI2209
2022-05-30 11:02:00,13970,13971,13961,13961,292,163084,40827440.0,OI2209
2022-05-30 11:03:00,13961,13967,13958,13962,355,163125,49636100.0,OI2209
2022-05-30 11:04:00,13963,13967,13955,13956,476,163115,66554320.0,OI2209
2022-05-30 11:05:00,13954,13964,13954,13961,345,163215,48237900.0,OI2209
2022-05-30 11:06:00,13962,13972,13961,13963,437,163347,61101340.0,OI2209
2022-05-30 11:07:00,13964,13970,13963,13965,243,163363,33836440.0,OI2209
2022-05-30 11:08:00,13965,13978,13965,13972,432,163417,60397920.0,OI2209
2022-05-30 11:09:00,13973,13973,13966,13967,278,163348,38867180.0,OI2209
2022-05-30 11:10:00,13967,13969,13940,13943,1667,162962,233063270.0,OI2209
2022-05-30 11:11:00,13942,13951,13925,13951,2216,162387,308768120.0,OI2209
2022-05-30 11:12:00,13951,13966,13950,13966,460,162314,64308000.0,OI2209
2022-05-30 11:13:00,13968,13970,13960,13968,573,162343,80105400.0,OI2209
2022-05-30 11:14:00,13967,13978,13967,13973,576,162522,80524800.0,OI2209
2022-05-30 11:15:00,13973,13986,13969,13983,583,162594,81503400.0,OI2209
2022-05-30 11:16:00,13982,13995,13979,13991,644,162755,90031200.0,OI2209
2022-05-30 11:17:00,13990,14028,13990,14026,1952,163026,272889600.0,OI2209
2022-05-30 11:18:00,14024,14025,13997,14005,1571,163112,220740230.0,OI2209
2022-05-30 11:19:00,14005,14011,14002,14006,421,163168,58860010.0,OI2209
2022-05-30 11:20:00,14005,14008,13996,13997,426,163164,59559060.0,OI2209
2022-05-30 11:21:00,13999,14011,13994,14008,432,163244,60397920.0,OI2209
2022-05-30 11:22:00,14007,14015,13996,13998,696,163368,97307760.0,OI2209
2022-05-30 11:23:00,13997,14005,13997,14000,316,163433,44179960.0,OI2209
2022-05-30 11:24:00,14001,14001,13996,14000,349,163402,48793690.0,OI2209
2022-05-30 11:25:00,13991,13993,13977,13979,966,163216,135056460.0,OI2209
2022-05-30 11:26:00,13979,13989,13979,13985,247,163216,34533070.0,OI2209
2022-05-30 11:27:00,13986,13986,13965,13968,775,162964,108352750.0,OI2209
2022-05-30 11:28:00,13969,13969,13960,13961,617,162751,86262770.0,OI2209
2022-05-30 11:29:00,13962,13964,13953,13957,535,162469,74798350.0,OI2209
2022-05-30 13:30:00,13954,13968,13950,13963,982,162537,137293420.0,OI2209
2022-05-30 13:31:00,13963,13963,13936,13940,888,162474,124151280.0,OI2209
2022-05-30 13:32:00,13940,13941,13919,13922,1362,162492,189216670.0,OI2209
2022-05-30 13:33:00,13921,13929,13915,13917,1498,162394,208200870.0,OI2209
2022-05-30 13:34:00,13918,13923,13912,13920,807,162271,112810530.0,OI2209
2022-05-30 13:35:00,13922,13941,13919,13936,763,162358,106659770.0,OI2209
2022-05-30 13:36:00,13937,13937,13925,13933,792,162370,109470530.0,OI2209
2022-05-30 13:37:00,13933,13948,13929,13945,499,162359,69750220.0,OI2209
2022-05-30 13:38:00,13945,13950,13938,13942,456,162339,63739680.0,OI2209
2022-05-30 13:39:00,13942,13958,13941,13957,366,162342,51159480.0,OI2209
2022-05-30 13:40:00,13955,13957,13941,13954,428,162390,59825840.0,OI2209
2022-05-30 13:41:00,13959,13959,13948,13952,309,162376,43192020.0,OI2209
2022-05-30 13:42:00,13954,13954,13946,13952,252,162413,35224560.0,OI2209
2022-05-30 13:43:00,13953,13973,13950,13973,709,162523,99104020.0,OI2209
2022-05-30 13:44:00,13971,13978,13962,13966,1003,162725,140199340.0,OI2209
2022-05-30 13:45:00,13964,13981,13961,13981,535,162896,74782300.0,OI2209
2022-05-30 13:46:00,13983,13983,13963,13963,451,162923,61747550.0,OI2209
2022-05-30 13:47:00,13963,13975,13963,13974,449,163106,62756730.0,OI2209
2022-05-30 13:48:00,13975,13975,13962,13967,210,163145,29351700.0,OI2209
2022-05-30 13:49:00,13968,13968,13960,13966,231,163204,32286870.0,OI2209
2022-05-30 13:50:00,13966,13982,13966,13978,345,163244,48220650.0,OI2209
2022-05-30 13:51:00,13978,13981,13973,13974,289,163295,40393530.0,OI2209
2022-05-30 13:52:00,13976,13981,13969,13969,342,163429,47801340.0,OI2209
2022-05-30 13:53:00,13970,13970,13956,13959,532,163480,74357640.0,OI2209
2022-05-30 13:54:00,13959,13963,13954,13961,333,163478,46543410.0,OI2209
2022-05-30 13:55:00,13962,13965,13957,13960,256,163516,35781120.0,OI2209
2022-05-30 13:56:00,13961,13965,13958,13964,213,163555,29771010.0,OI2209
2022-05-30 13:57:00,13963,13967,13958,13958,182,163545,25438140.0,OI2209
2022-05-30 13:58:00,13957,13964,13957,13961,171,163573,23900670.0,OI2209
2022-05-30 13:59:00,13961,13970,13961,13968,189,163545,26416530.0,OI2209
2022-05-30 14:00:00,13970,13975,13961,13963,492,163599,68766840.0,OI2209
2022-05-30 14:01:00,13962,13976,13961,13975,303,163609,42350310.0,OI2209
2022-05-30 14:02:00,13974,13978,13974,13975,173,163657,24180210.0,OI2209
2022-05-30 14:03:00,13975,13980,13973,13978,246,163713,34383420.0,OI2209
2022-05-30 14:04:00,13978,13979,13970,13974,170,163741,23760900.0,OI2209
2022-05-30 14:05:00,13975,13975,13969,13970,145,163767,20266650.0,OI2209
2022-05-30 14:06:00,13970,13977,13968,13973,358,163835,50037660.0,OI2209
2022-05-30 14:07:00,13974,13975,13972,13975,75,163857,10482750.0,OI2209
2022-05-30 14:08:00,13975,13979,13975,13977,241,163883,33684570.0,OI2209
2022-05-30 14:09:00,13976,13982,13975,13979,287,164005,40113990.0,OI2209
2022-05-30 14:10:00,13979,13981,13973,13973,230,163989,32147100.0,OI2209
2022-05-30 14:11:00,13974,13974,13969,13974,283,164060,39554910.0,OI2209
2022-05-30 14:12:00,13975,13975,13966,13970,359,163924,50177430.0,OI2209
2022-05-30 14:13:00,13969,13972,13968,13969,193,163999,26975610.0,OI2209
2022-05-30 14:14:00,13969,13971,13968,13968,103,164026,14396310.0,OI2209
2022-05-30 14:15:00,13969,13975,13966,13974,296,164055,41371920.0,OI2209
2022-05-30 14:16:00,13974,13976,13962,13964,214,164072,29910780.0,OI2209
2022-05-30 14:17:00,13962,13968,13962,13966,169,164102,23621130.0,OI2209
2022-05-30 14:18:00,13968,13969,13959,13959,161,164084,22502970.0,OI2209
2022-05-30 14:19:00,13959,13962,13957,13962,196,164078,27394920.0,OI2209
2022-05-30 14:20:00,13962,13962,13959,13962,234,164095,32706180.0,OI2209
2022-05-30 14:21:00,13961,13965,13957,13957,273,164182,38157210.0,OI2209
2022-05-30 14:22:00,13957,13959,13951,13953,393,164140,54929610.0,OI2209
2022-05-30 14:23:00,13954,13956,13952,13953,205,164177,28652850.0,OI2209
2022-05-30 14:24:00,13953,13967,13953,13961,334,164116,46683180.0,OI2209
2022-05-30 14:25:00,13962,13967,13961,13963,132,164081,18449640.0,OI2209
2022-05-30 14:26:00,13959,13961,13949,13952,315,164113,44027550.0,OI2209
2022-05-30 14:27:00,13952,13958,13949,13955,297,164143,41511690.0,OI2209
2022-05-30 14:28:00,13954,13966,13954,13960,468,164174,65412360.0,OI2209
2022-05-30 14:29:00,13959,13962,13956,13960,216,164230,30190320.0,OI2209
2022-05-30 14:30:00,13960,13972,13959,13972,346,164276,48360420.0,OI2209
2022-05-30 14:31:00,13972,13977,13968,13968,618,164375,86377860.0,OI2209
2022-05-30 14:32:00,13968,13990,13967,13982,713,164443,99656010.0,OI2209
2022-05-30 14:33:00,13980,13987,13977,13979,492,164587,68766840.0,OI2209
2022-05-30 14:34:00,13980,13980,13972,13975,259,164566,36200430.0,OI2209
2022-05-30 14:35:00,13975,13980,13974,13977,198,164641,27674460.0,OI2209
2022-05-30 14:36:00,13978,13980,13976,13977,131,164676,18309870.0,OI2209
2022-05-30 14:37:00,13978,13978,13968,13969,921,164912,128728170.0,OI2209
2022-05-30 14:38:00,13971,13981,13970,13979,528,164945,73798560.0,OI2209
2022-05-30 14:39:00,13979,13983,13978,13982,218,164973,30469860.0,OI2209
2022-05-30 14:40:00,13982,13984,13975,13978,233,164983,32566410.0,OI2209
2022-05-30 14:41:00,13979,13994,13978,13991,499,165045,69745230.0,OI2209
2022-05-30 14:42:00,13991,13995,13981,13981,346,165097,48360420.0,OI2209
2022-05-30 14:43:00,13982,13990,13980,13990,221,165137,30889170.0,OI2209
2022-05-30 14:44:00,13989,13991,13982,13987,228,165186,31867560.0,OI2209
2022-05-30 14:45:00,13985,13991,13985,13988,299,165223,41791230.0,OI2209
2022-05-30 14:46:00,13989,13991,13986,13987,328,165270,45844560.0,OI2209
2022-05-30 14:47:00,13987,13992,13986,13992,430,165430,60101100.0,OI2209
2022-05-30 14:48:00,13990,13994,13988,13992,216,165477,30190320.0,OI2209
2022-05-30 14:49:00,13993,13994,13990,13993,287,165492,40113990.0,OI2209
2022-05-30 14:50:00,13993,13998,13990,13991,458,165514,64014660.0,OI2209
2022-05-30 14:51:00,13991,13997,13990,13996,386,165552,53951220.0,OI2209
2022-05-30 14:52:00,13997,13999,13990,13999,403,165562,56327310.0,OI2209
2022-05-30 14:53:00,13996,14004,13990,13994,625,165538,87356250.0,OI2209
2022-05-30 14:54:00,13994,13995,13987,13988,386,165382,53951220.0,OI2209
2022-05-30 14:55:00,13988,13991,13980,13984,582,165425,81346140.0,OI2209
2022-05-30 14:56:00,13985,13991,13985,13985,320,165415,44726400.0,OI2209
2022-05-30 14:57:00,13985,13989,13979,13981,401,165203,56047770.0,OI2209
2022-05-30 14:58:00,13980,13988,13978,13984,521,165061,72820170.0,OI2209
2022-05-30 14:59:00,13983,13986,13981,13985,426,164929,59542020.0,OI2209
2022-05-30 21:00:00,13985,14009,13979,14000,6455,163120,902989950.0,OI2209
2022-05-30 21:01:00,13999,14001,13987,13999,1050,163215,146884500.0,OI2209
2022-05-30 21:02:00,13999,14017,13999,14008,1138,163470,159454110.0,OI2209
2022-05-30 21:03:00,14008,14015,13997,14010,760,163648,106433230.0,OI2209
2022-05-30 21:04:00,14012,14021,14011,14017,824,163871,115506860.0,OI2209
2022-05-30 21:05:00,14016,14016,13983,13991,1412,163867,197609400.0,OI2209
2022-05-30 21:06:00,13993,14004,13991,14004,647,163946,90547650.0,OI2209
2022-05-30 21:07:00,14005,14013,14005,14006,711,164096,99634420.0,OI2209
2022-05-30 21:08:00,14007,14011,14001,14004,391,164236,54724360.0,OI2209
2022-05-30 21:09:00,14004,14009,14001,14004,311,164293,43664550.0,OI2209
2022-05-30 21:10:00,14002,14016,14000,14011,588,164393,82302360.0,OI2209
2022-05-30 21:11:00,14012,14013,13999,13999,292,164402,40871240.0,OI2209
2022-05-30 21:12:00,14000,14005,13999,14005,210,164458,29393700.0,OI2209
2022-05-30 21:13:00,14005,14009,13996,13998,415,164462,58087550.0,OI2209
2022-05-30 21:14:00,13996,14002,13994,14002,267,164511,37371990.0,OI2209
2022-05-30 21:15:00,14002,14008,14000,14004,402,164528,56426670.0,OI2209
2022-05-30 21:16:00,14004,14011,14002,14003,264,164623,36954720.0,OI2209
2022-05-30 21:17:00,14004,14008,14003,14005,218,164706,30515640.0,OI2209
2022-05-30 21:18:00,14004,14013,14004,14009,350,164786,48993000.0,OI2209
2022-05-30 21:19:00,14011,14015,14007,14014,284,164849,39754320.0,OI2209
2022-05-30 21:20:00,14014,14018,14011,14018,313,164877,43986760.0,OI2209
2022-05-30 21:21:00,14017,14057,14013,14054,2385,165540,334663630.0,OI2209
2022-05-30 21:22:00,14055,14063,14046,14050,1958,165827,275260990.0,OI2209
2022-05-30 21:23:00,14050,14051,14037,14040,810,165851,113689350.0,OI2209
2022-05-30 21:24:00,14038,14040,14034,14039,474,165788,66631950.0,OI2209
2022-05-30 21:25:00,14039,14039,14031,14035,457,165777,64025700.0,OI2209
2022-05-30 21:26:00,14036,14038,14029,14034,321,165810,44972100.0,OI2209
2022-05-30 21:27:00,14032,14032,14024,14027,451,165791,63426680.0,OI2209
2022-05-30 21:28:00,14028,14028,14008,14015,965,165700,135206150.0,OI2209
2022-05-30 21:29:00,14012,14016,14006,14006,574,165747,80423140.0,OI2209
2022-05-30 21:30:00,14005,14007,13998,14002,808,165763,113208880.0,OI2209
2022-05-30 21:31:00,14000,14001,13993,13996,672,165808,93882150.0,OI2209
2022-05-30 21:32:00,13997,13997,13958,13962,3073,165055,429317300.0,OI2209
2022-05-30 21:33:00,13962,13976,13962,13971,1222,164849,170838600.0,OI2209
2022-05-30 21:34:00,13970,13977,13967,13976,614,164748,85669840.0,OI2209
2022-05-30 21:35:00,13976,13994,13975,13988,950,164764,133038000.0,OI2209
2022-05-30 21:36:00,13988,13989,13978,13978,521,164662,72960840.0,OI2209
2022-05-30 21:37:00,13978,13981,13969,13972,713,164530,99505820.0,OI2209
2022-05-30 21:38:00,13969,13971,13950,13955,1343,164530,187348030.0,OI2209
2022-05-30 21:39:00,13956,13959,13952,13958,928,164567,129563870.0,OI2209
2022-05-30 21:40:00,13959,13966,13957,13964,633,164717,88248260.0,OI2209
2022-05-30 21:41:00,13965,13969,13962,13967,294,164714,41157060.0,OI2209
2022-05-30 21:42:00,13965,13968,13964,13965,179,164723,25058210.0,OI2209
2022-05-30 21:43:00,13965,13971,13964,13968,251,164726,35137490.0,OI2209
2022-05-30 21:44:00,13968,13975,13968,13973,223,164677,31217770.0,OI2209
2022-05-30 21:45:00,13974,13974,13962,13968,276,164644,38253270.0,OI2209
2022-05-30 21:46:00,13969,13978,13968,13972,345,164647,48293100.0,OI2209
2022-05-30 21:47:00,13971,13971,13965,13968,217,164631,30375660.0,OI2209
2022-05-30 21:48:00,13967,13970,13964,13965,168,164602,23516640.0,OI2209
2022-05-30 21:49:00,13965,13975,13961,13973,308,164611,43113840.0,OI2209
2022-05-30 21:50:00,13974,13974,13965,13966,163,164610,22816740.0,OI2209
2022-05-30 21:51:00,13965,13965,13960,13962,248,164600,34433380.0,OI2209
2022-05-30 21:52:00,13961,13968,13961,13966,236,164579,33032920.0,OI2209
2022-05-30 21:53:00,13964,13968,13961,13966,159,164581,22255230.0,OI2209
2022-05-30 21:54:00,13968,13971,13967,13967,103,164561,14416910.0,OI2209
2022-05-30 21:55:00,13968,13972,13967,13971,70,164546,9797900.0,OI2209
2022-05-30 21:56:00,13970,13970,13963,13967,188,164546,26314360.0,OI2209
2022-05-30 21:57:00,13967,13971,13962,13963,192,164515,26874240.0,OI2209
2022-05-30 21:58:00,13962,13966,13961,13961,247,164528,34162180.0,OI2209
2022-05-30 21:59:00,13963,13963,13953,13957,460,164512,64381600.0,OI2209
2022-05-30 22:00:00,13957,13961,13941,13947,888,164537,123860590.0,OI2209
2022-05-30 22:01:00,13947,13958,13947,13957,402,164603,56259900.0,OI2209
2022-05-30 22:02:00,13956,13965,13952,13964,329,164608,45901360.0,OI2209
2022-05-30 22:03:00,13964,13971,13962,13970,318,164589,44500920.0,OI2209
2022-05-30 22:04:00,13970,13990,13967,13987,907,164363,126925580.0,OI2209
2022-05-30 22:05:00,13987,13987,13976,13977,616,164428,86203040.0,OI2209
2022-05-30 22:06:00,13979,14006,13977,14002,813,164512,113771220.0,OI2209
2022-05-30 22:07:00,14003,14004,13999,14001,537,164562,75147780.0,OI2209
2022-05-30 22:08:00,14001,14003,13997,14001,434,164567,60733960.0,OI2209
2022-05-30 22:09:00,14001,14002,13994,13996,341,164552,47719540.0,OI2209
2022-05-30 22:10:00,13996,14012,13995,14012,545,164665,76267300.0,OI2209
2022-05-30 22:11:00,14011,14015,14001,14001,294,164655,41142360.0,OI2209
2022-05-30 22:12:00,14002,14009,14002,14004,200,164629,27988000.0,OI2209
2022-05-30 22:13:00,14004,14008,14002,14006,225,164622,31486500.0,OI2209
2022-05-30 22:14:00,14005,14012,14005,14011,173,164627,24209620.0,OI2209
2022-05-30 22:15:00,14011,14015,14006,14011,365,164596,51078100.0,OI2209
2022-05-30 22:16:00,14012,14014,14008,14009,171,164571,23929740.0,OI2209
2022-05-30 22:17:00,14008,14025,14008,14022,608,164648,85580190.0,OI2209
2022-05-30 22:18:00,14024,14031,14023,14026,589,164656,82430550.0,OI2209
2022-05-30 22:19:00,14026,14044,14026,14036,1056,164995,148300320.0,OI2209
2022-05-30 22:20:00,14037,14040,14034,14034,394,165009,55144240.0,OI2209
2022-05-30 22:21:00,14034,14044,14026,14026,703,165164,98915970.0,OI2209
2022-05-30 22:22:00,14025,14034,14025,14029,334,165274,46749980.0,OI2209
2022-05-30 22:23:00,14028,14029,14020,14022,729,165377,102038130.0,OI2209
2022-05-30 22:24:00,14023,14023,14018,14021,366,165343,51229020.0,OI2209
2022-05-30 22:25:00,14021,14024,14017,14018,385,165337,54430680.0,OI2209
2022-05-30 22:26:00,14018,14022,14015,14022,198,165336,27716040.0,OI2209
2022-05-30 22:27:00,14021,14025,14020,14023,144,165345,20157120.0,OI2209
2022-05-30 22:28:00,14024,14025,14018,14020,149,165348,20857020.0,OI2209
2022-05-30 22:29:00,14016,14022,14016,14021,108,165343,15117840.0,OI2209
2022-05-30 22:30:00,14019,14032,14019,14031,752,165479,105264960.0,OI2209
2022-05-30 22:31:00,14031,14041,14030,14038,442,165530,62431320.0,OI2209
2022-05-30 22:32:00,14038,14046,14032,14033,609,165588,85253910.0,OI2209
2022-05-30 22:33:00,14033,14035,14032,14032,170,165635,23798300.0,OI2209
2022-05-30 22:34:00,14031,14032,14025,14028,283,165633,39617170.0,OI2209
2022-05-30 22:35:00,14028,14033,14028,14028,486,165689,68610780.0,OI2209
2022-05-30 22:36:00,14028,14030,14026,14026,66,165689,9240000.0,OI2209
2022-05-30 22:37:00,14028,14036,14027,14034,141,165704,19740000.0,OI2209
2022-05-30 22:38:00,14034,14041,14031,14040,215,165726,30100000.0,OI2209
2022-05-30 22:39:00,14040,14041,14037,14040,196,165777,27440000.0,OI2209
2022-05-30 22:40:00,14039,14047,14039,14043,318,165751,44520000.0,OI2209
2022-05-30 22:41:00,14043,14045,14039,14039,264,165812,36960000.0,OI2209
2022-05-30 22:42:00,14039,14040,14033,14036,265,165828,37690290.0,OI2209
2022-05-30 22:43:00,14036,14039,14035,14037,71,165839,9940710.0,OI2209
2022-05-30 22:44:00,14040,14041,14037,14040,100,165871,14001000.0,OI2209
2022-05-30 22:45:00,14040,14042,14021,14025,595,165756,83305950.0,OI2209
2022-05-30 22:46:00,14025,14029,14023,14024,209,165735,29262090.0,OI2209
2022-05-30 22:47:00,14023,14030,14023,14030,256,165799,35842560.0,OI2209
2022-05-30 22:48:00,14029,14030,14025,14027,137,165757,19181370.0,OI2209
2022-05-30 22:49:00,14027,14038,14025,14038,381,165760,53343810.0,OI2209
2022-05-30 22:50:00,14038,14038,14028,14028,222,165668,31082220.0,OI2209
2022-05-30 22:51:00,14029,14029,14021,14025,242,165531,34494840.0,OI2209
2022-05-30 22:52:00,14025,14029,14023,14029,121,165521,16942420.0,OI2209
2022-05-30 22:53:00,14028,14028,14021,14024,153,165468,21423060.0,OI2209
2022-05-30 22:54:00,14023,14027,14021,14024,245,165455,34304900.0,OI2209
2022-05-30 22:55:00,14027,14029,14025,14026,113,165437,15822260.0,OI2209
2022-05-30 22:56:00,14028,14035,14028,14033,155,165425,21703100.0,OI2209
2022-05-30 22:57:00,14033,14033,14028,14030,126,165392,17642520.0,OI2209
2022-05-30 22:58:00,14030,14031,14018,14025,455,165089,63709100.0,OI2209
2022-05-30 22:59:00,14025,14034,14022,14027,315,164897,44106300.0,OI2209
2022-05-31 09:00:00,14025,14043,14023,14030,988,164922,138978890.0,OI2209
2022-05-31 09:01:00,14030,14033,14019,14031,679,164968,95080370.0,OI2209
2022-05-31 09:02:00,14031,14032,14019,14021,603,165022,84438090.0,OI2209
2022-05-31 09:03:00,14025,14031,14021,14023,365,165024,51110950.0,OI2209
2022-05-31 09:04:00,14022,14028,14022,14025,290,165025,40608700.0,OI2209
2022-05-31 09:05:00,14027,14038,14018,14034,634,164999,89443860.0,OI2209
2022-05-31 09:06:00,14035,14046,14028,14044,414,165069,57976560.0,OI2209
2022-05-31 09:07:00,14043,14058,14043,14055,1234,165223,173490680.0,OI2209
2022-05-31 09:08:00,14055,14055,14044,14051,680,165149,95234000.0,OI2209
2022-05-31 09:09:00,14050,14051,14039,14046,416,165108,58260800.0,OI2209
2022-05-31 09:10:00,14048,14055,14044,14048,474,165176,67080720.0,OI2209
2022-05-31 09:11:00,14047,14048,14044,14045,237,165191,33194220.0,OI2209
2022-05-31 09:12:00,14044,14073,14042,14072,1133,165241,159398700.0,OI2209
2022-05-31 09:13:00,14071,14092,14071,14080,1473,165554,207048560.0,OI2209
2022-05-31 09:14:00,14080,14081,14067,14068,648,165547,91503770.0,OI2209
2022-05-31 09:15:00,14068,14069,14053,14054,594,165499,83213460.0,OI2209
2022-05-31 09:16:00,14054,14054,14049,14053,366,165388,51272940.0,OI2209
2022-05-31 09:17:00,14051,14061,14050,14050,379,165413,53839430.0,OI2209
2022-05-31 09:18:00,14050,14051,14043,14045,312,165356,43711200.0,OI2209
2022-05-31 09:19:00,14045,14052,14044,14049,280,165306,39228000.0,OI2209
2022-05-31 09:20:00,14049,14049,14042,14049,288,165225,40348800.0,OI2209
2022-05-31 09:21:00,14050,14056,14043,14044,371,165152,51977100.0,OI2209
2022-05-31 09:22:00,14043,14048,14038,14041,301,165166,42170100.0,OI2209
2022-05-31 09:23:00,14041,14049,14038,14047,148,165159,20734800.0,OI2209
2022-05-31 09:24:00,14046,14050,14042,14047,194,165115,27943660.0,OI2209
2022-05-31 09:25:00,14047,14055,14046,14055,177,165150,24799470.0,OI2209
2022-05-31 09:26:00,14054,14058,14052,14055,224,165167,31384640.0,OI2209
2022-05-31 09:27:00,14056,14057,14050,14050,94,165157,13170340.0,OI2209
2022-05-31 09:28:00,14050,14054,14050,14054,61,165144,8546710.0,OI2209
2022-05-31 09:29:00,14052,14063,14052,14061,228,165153,31945080.0,OI2209
2022-05-31 09:30:00,14059,14064,14052,14062,249,165196,34887390.0,OI2209
2022-05-31 09:31:00,14061,14063,14051,14057,173,165249,24239030.0,OI2209
2022-05-31 09:32:00,14056,14062,14055,14057,200,165308,28022000.0,OI2209
2022-05-31 09:33:00,14059,14059,14055,14058,98,165328,13730780.0,OI2209
2022-05-31 09:34:00,14057,14060,14051,14060,152,165322,21296720.0,OI2209
2022-05-31 09:35:00,14060,14062,14056,14058,153,165356,22219180.0,OI2209
2022-05-31 09:36:00,14058,14058,14049,14051,246,165340,34469520.0,OI2209
2022-05-31 09:37:00,14051,14054,14045,14047,170,165325,23820400.0,OI2209
2022-05-31 09:38:00,14047,14052,14047,14049,75,165343,10509000.0,OI2209
2022-05-31 09:39:00,14048,14050,14044,14050,98,165340,13731760.0,OI2209
2022-05-31 09:40:00,14052,14067,14051,14064,457,165436,64034840.0,OI2209
2022-05-31 09:41:00,14065,14075,14065,14069,430,165447,60251600.0,OI2209
2022-05-31 09:42:00,14069,14073,14063,14071,389,165498,55307680.0,OI2209
2022-05-31 09:43:00,14071,14072,14066,14070,177,165495,24803010.0,OI2209
2022-05-31 09:44:00,14069,14072,14065,14066,171,165537,23962230.0,OI2209
2022-05-31 09:45:00,14067,14072,14066,14072,164,165567,22981320.0,OI2209
2022-05-31 09:46:00,14072,14072,14067,14069,128,165599,17936640.0,OI2209
2022-05-31 09:47:00,14069,14071,14065,14067,95,165609,13312350.0,OI2209
2022-05-31 09:48:00,14067,14073,14066,14072,174,165649,24382620.0,OI2209
2022-05-31 09:49:00,14073,14077,14067,14077,266,165690,38087330.0,OI2209
2022-05-31 09:50:00,14076,14077,14066,14074,304,165694,42602560.0,OI2209
2022-05-31 09:51:00,14074,14076,14066,14071,187,165692,26206180.0,OI2209
2022-05-31 09:52:00,14071,14073,14070,14073,121,165698,16956940.0,OI2209
2022-05-31 09:53:00,14073,14077,14070,14074,163,165716,22842820.0,OI2209
2022-05-31 09:54:00,14076,14076,14069,14073,128,165743,17937920.0,OI2209
2022-05-31 09:55:00,14074,14084,14073,14078,554,165842,78464880.0,OI2209
2022-05-31 09:56:00,14079,14083,14077,14083,202,165867,28310300.0,OI2209
2022-05-31 09:57:00,14081,14085,14077,14084,395,165935,55359250.0,OI2209
2022-05-31 09:58:00,14084,14095,14083,14089,770,166139,108756490.0,OI2209
2022-05-31 09:59:00,14091,14093,14083,14088,334,166194,46813440.0,OI2209
2022-05-31 10:00:00,14087,14091,14081,14090,545,166250,77236980.0,OI2209
2022-05-31 10:01:00,14089,14092,14087,14089,276,166320,38686920.0,OI2209
2022-05-31 10:02:00,14088,14097,14088,14097,359,166449,50321030.0,OI2209
2022-05-31 10:03:00,14098,14103,14090,14096,869,166683,122672550.0,OI2209
2022-05-31 10:04:00,14095,14098,14093,14093,248,166712,34764640.0,OI2209
2022-05-31 10:05:00,14093,14098,14086,14088,313,166713,43876340.0,OI2209
2022-05-31 10:06:00,14088,14094,14088,14091,141,166719,20637220.0,OI2209
2022-05-31 10:07:00,14090,14094,14090,14093,147,166740,20607930.0,OI2209
2022-05-31 10:08:00,14094,14095,14085,14088,233,166736,32664270.0,OI2209
2022-05-31 10:09:00,14088,14090,14082,14090,229,166742,32103510.0,OI2209
2022-05-31 10:10:00,14090,14103,14090,14098,577,166642,81773330.0,OI2209
2022-05-31 10:11:00,14099,14100,14089,14092,272,166628,38134400.0,OI2209
2022-05-31 10:12:00,14092,14094,14089,14090,133,166643,18646600.0,OI2209
2022-05-31 10:13:00,14091,14095,14089,14093,118,166686,16543600.0,OI2209
2022-05-31 10:14:00,14093,14094,14088,14091,125,166680,17525000.0,OI2209
2022-05-31 10:30:00,14088,14098,14081,14093,756,166688,106888940.0,OI2209
2022-05-31 10:31:00,14094,14105,14094,14100,688,166923,96464480.0,OI2209
2022-05-31 10:32:00,14100,14104,14098,14104,560,166991,79427820.0,OI2209
2022-05-31 10:33:00,14104,14107,14097,14098,488,167087,68427360.0,OI2209
2022-05-31 10:34:00,14098,14101,14095,14096,176,167103,24678720.0,OI2209
2022-05-31 10:35:00,14097,14099,14091,14094,248,167062,35693900.0,OI2209
2022-05-31 10:36:00,14095,14098,14089,14098,214,167044,30009220.0,OI2209
2022-05-31 10:37:00,14098,14102,14095,14095,174,167074,24400020.0,OI2209
2022-05-31 10:38:00,14096,14100,14093,14098,94,167078,13181620.0,OI2209
2022-05-31 10:39:00,14099,14105,14097,14099,353,167150,49501190.0,OI2209
2022-05-31 10:40:00,14098,14101,14093,14095,194,167194,27204620.0,OI2209
2022-05-31 10:41:00,14094,14104,14094,14104,167,167189,23418410.0,OI2209
2022-05-31 10:42:00,14106,14112,14104,14111,688,167344,97416420.0,OI2209
2022-05-31 10:43:00,14112,14114,14105,14112,369,167379,51748560.0,OI2209
2022-05-31 10:44:00,14111,14118,14104,14116,385,167481,54938120.0,OI2209
2022-05-31 10:45:00,14116,14119,14111,14115,499,167490,69984750.0,OI2209
2022-05-31 10:46:00,14115,14115,14108,14109,198,167475,27769500.0,OI2209
2022-05-31 10:47:00,14109,14114,14104,14113,229,167523,33072230.0,OI2209
2022-05-31 10:48:00,14112,14113,14106,14107,222,167550,31137720.0,OI2209
2022-05-31 10:49:00,14108,14109,14100,14104,190,167516,26649400.0,OI2209
2022-05-31 10:50:00,14103,14111,14103,14105,193,167525,27070180.0,OI2209
2022-05-31 10:51:00,14105,14105,14097,14102,162,167482,22722120.0,OI2209
2022-05-31 10:52:00,14100,14103,14098,14099,110,167489,15428600.0,OI2209
2022-05-31 10:53:00,14099,14103,14097,14099,188,167515,27334510.0,OI2209
2022-05-31 10:54:00,14100,14101,14090,14095,583,167522,81777410.0,OI2209
2022-05-31 10:55:00,14096,14106,14096,14103,373,167614,52320710.0,OI2209
2022-05-31 10:56:00,14105,14112,14103,14109,378,167718,54001030.0,OI2209
2022-05-31 10:57:00,14110,14112,14106,14110,112,167747,15711360.0,OI2209
2022-05-31 10:58:00,14110,14115,14105,14114,243,167756,34088040.0,OI2209
2022-05-31 10:59:00,14112,14115,14107,14115,249,167789,34929720.0,OI2209
2022-05-31 11:00:00,14114,14116,14109,14111,170,167803,23847600.0,OI2209
2022-05-31 11:01:00,14111,14121,14110,14117,542,167940,77023890.0,OI2209
2022-05-31 11:02:00,14115,14117,14108,14109,147,167934,20622630.0,OI2209
2022-05-31 11:03:00,14110,14113,14107,14111,180,167936,25252200.0,OI2209
2022-05-31 11:04:00,14111,14115,14108,14112,224,167959,31424960.0,OI2209
2022-05-31 11:05:00,14111,14120,14111,14113,248,167985,34791920.0,OI2209
2022-05-31 11:06:00,14113,14114,14106,14107,401,167978,57260420.0,OI2209
2022-05-31 11:07:00,14109,14109,14102,14105,227,167901,31848100.0,OI2209
2022-05-31 11:08:00,14106,14107,14101,14105,158,167880,22167400.0,OI2209
2022-05-31 11:09:00,14106,14110,14099,14099,143,167871,20062900.0,OI2209
2022-05-31 11:10:00,14100,14108,14098,14106,220,167842,30866000.0,OI2209
2022-05-31 11:11:00,14106,14108,14095,14098,247,167780,34654100.0,OI2209
2022-05-31 11:12:00,14099,14099,14091,14097,471,167672,67100090.0,OI2209
2022-05-31 11:13:00,14097,14098,14095,14096,73,167646,10242630.0,OI2209
2022-05-31 11:14:00,14096,14098,14092,14095,98,167630,13750380.0,OI2209
2022-05-31 11:15:00,14095,14099,14085,14089,380,167488,53317800.0,OI2209
2022-05-31 11:16:00,14086,14089,14084,14087,229,167430,32130990.0,OI2209
2022-05-31 11:17:00,14087,14090,14081,14086,407,167319,57106170.0,OI2209
2022-05-31 11:18:00,14086,14090,14083,14088,176,167289,24694560.0,OI2209
2022-05-31 11:19:00,14088,14089,14087,14089,95,167264,13329450.0,OI2209
2022-05-31 11:20:00,14089,14089,14082,14087,191,167229,27834490.0,OI2209
2022-05-31 11:21:00,14085,14088,14083,14084,114,167216,15996480.0,OI2209
2022-05-31 11:22:00,14085,14090,14084,14089,175,167253,24556000.0,OI2209
2022-05-31 11:23:00,14089,14089,14085,14086,102,167278,14312640.0,OI2209
2022-05-31 11:24:00,14087,14093,14083,14092,205,167241,28765600.0,OI2209
2022-05-31 11:25:00,14090,14094,14089,14094,243,167192,34097760.0,OI2209
2022-05-31 11:26:00,14095,14095,14084,14086,231,167208,32413920.0,OI2209
2022-05-31 11:27:00,14086,14089,14073,14073,425,167076,59636000.0,OI2209
2022-05-31 11:28:00,14075,14082,14075,14082,187,167043,26239840.0,OI2209
2022-05-31 11:29:00,14079,14085,14078,14079,229,166990,33187670.0,OI2209
2022-05-31 13:30:00,14079,14086,14070,14086,782,166883,109738060.0,OI2209
2022-05-31 13:31:00,14086,14089,14079,14083,366,166866,51360780.0,OI2209
2022-05-31 13:32:00,14082,14092,14082,14092,304,166908,42660320.0,OI2209
2022-05-31 13:33:00,14090,14092,14081,14082,285,166839,39994050.0,OI2209
2022-05-31 13:34:00,14083,14083,14075,14077,227,166777,31854910.0,OI2209
2022-05-31 13:35:00,14076,14082,14073,14077,277,166795,39948210.0,OI2209
2022-05-31 13:36:00,14076,14077,14069,14069,250,166818,35085000.0,OI2209
2022-05-31 13:37:00,14069,14075,14068,14075,197,166807,27646980.0,OI2209
2022-05-31 13:38:00,14075,14079,14073,14073,161,166787,22594740.0,OI2209
2022-05-31 13:39:00,14073,14076,14067,14070,239,166742,33541260.0,OI2209
2022-05-31 13:40:00,14070,14077,14069,14074,105,166718,14735700.0,OI2209
2022-05-31 13:41:00,14075,14075,14069,14071,118,166698,16560120.0,OI2209
2022-05-31 13:42:00,14071,14071,14065,14065,204,166695,28629360.0,OI2209
2022-05-31 13:43:00,14065,14072,14064,14066,348,166803,48838320.0,OI2209
2022-05-31 13:44:00,14065,14066,14063,14063,148,166781,20770320.0,OI2209
2022-05-31 13:45:00,14064,14075,14063,14073,314,166776,44066760.0,OI2209
2022-05-31 13:46:00,14072,14073,14068,14070,138,166773,19366920.0,OI2209
2022-05-31 13:47:00,14071,14078,14070,14075,151,166794,21191340.0,OI2209
2022-05-31 13:48:00,14075,14076,14069,14071,141,166759,19787940.0,OI2209
2022-05-31 13:49:00,14070,14070,14065,14069,144,166724,20208960.0,OI2209
2022-05-31 13:50:00,14070,14075,14067,14075,151,166745,21191340.0,OI2209
2022-05-31 13:51:00,14075,14076,14073,14073,85,166748,11928900.0,OI2209
2022-05-31 13:52:00,14074,14074,14068,14068,215,166742,31280990.0,OI2209
2022-05-31 13:53:00,14069,14069,14061,14062,498,166610,69894300.0,OI2209
2022-05-31 13:54:00,14063,14070,14062,14064,465,166702,65262750.0,OI2209
2022-05-31 13:55:00,14064,14065,14062,14064,135,166705,18947250.0,OI2209
2022-05-31 13:56:00,14065,14066,14062,14063,151,166710,21192850.0,OI2209
2022-05-31 13:57:00,14063,14066,14059,14065,394,166580,55297900.0,OI2209
2022-05-31 13:58:00,14062,14066,14062,14062,106,166562,14877100.0,OI2209
2022-05-31 13:59:00,14064,14067,14062,14064,88,166579,12350800.0,OI2209
2022-05-31 14:00:00,14063,14074,14060,14072,416,166490,58385600.0,OI2209
2022-05-31 14:01:00,14072,14075,14068,14074,173,166474,24280550.0,OI2209
2022-05-31 14:02:00,14073,14075,14070,14071,208,166430,29192800.0,OI2209
2022-05-31 14:03:00,14070,14070,14064,14064,123,166396,17263050.0,OI2209
2022-05-31 14:04:00,14065,14066,14060,14064,133,166364,18666550.0,OI2209
2022-05-31 14:05:00,14065,14066,14060,14064,169,166363,23719150.0,OI2209
2022-05-31 14:06:00,14064,14072,14064,14072,140,166358,19649000.0,OI2209
2022-05-31 14:07:00,14071,14072,14070,14072,68,166342,9543800.0,OI2209
2022-05-31 14:08:00,14071,14073,14070,14070,91,166338,12771850.0,OI2209
2022-05-31 14:09:00,14070,14075,14070,14075,50,166326,7017500.0,OI2209
2022-05-31 14:10:00,14075,14080,14072,14077,322,166315,46337890.0,OI2209
2022-05-31 14:11:00,14078,14078,14075,14077,90,166300,12632400.0,OI2209
2022-05-31 14:12:00,14076,14077,14074,14077,104,166309,14597440.0,OI2209
2022-05-31 14:13:00,14076,14080,14074,14074,175,166264,24563000.0,OI2209
2022-05-31 14:14:00,14073,14075,14072,14075,76,166249,10667360.0,OI2209
2022-05-31 14:15:00,14075,14078,14073,14073,114,166247,16001040.0,OI2209
2022-05-31 14:16:00,14072,14073,14068,14070,180,166233,25264800.0,OI2209
2022-05-31 14:17:00,14070,14070,14065,14067,81,166224,11369160.0,OI2209
2022-05-31 14:18:00,14068,14069,14063,14067,138,166242,19369680.0,OI2209
2022-05-31 14:19:00,14068,14068,14055,14058,404,166161,56705440.0,OI2209
2022-05-31 14:20:00,14056,14071,14056,14071,368,166238,51652480.0,OI2209
2022-05-31 14:21:00,14069,14076,14068,14076,344,166214,48283840.0,OI2209
2022-05-31 14:22:00,14077,14080,14075,14080,369,166206,51792840.0,OI2209
2022-05-31 14:23:00,14078,14080,14076,14077,173,166231,24282280.0,OI2209
2022-05-31 14:24:00,14078,14082,14072,14078,757,166486,107431440.0,OI2209
2022-05-31 14:25:00,14077,14079,14074,14074,227,166484,31863990.0,OI2209
2022-05-31 14:26:00,14074,14078,14073,14075,169,166474,23722530.0,OI2209
2022-05-31 14:27:00,14075,14075,14070,14071,204,166434,28635480.0,OI2209
2022-05-31 14:28:00,14072,14077,14069,14074,231,166449,32425470.0,OI2209
2022-05-31 14:29:00,14074,14076,14070,14073,183,166409,25687710.0,OI2209
2022-05-31 14:30:00,14072,14077,14067,14076,460,166300,64570200.0,OI2209
2022-05-31 14:31:00,14075,14088,14075,14084,483,166259,67798710.0,OI2209
2022-05-31 14:32:00,14084,14084,14075,14078,210,166184,29477700.0,OI2209
2022-05-31 14:33:00,14079,14079,14072,14074,184,166081,25828080.0,OI2209
2022-05-31 14:34:00,14073,14076,14071,14074,228,166154,32004360.0,OI2209
2022-05-31 14:35:00,14075,14077,14066,14069,287,166090,41493770.0,OI2209
2022-05-31 14:36:00,14069,14069,14061,14067,295,166111,41412100.0,OI2209
2022-05-31 14:37:00,14065,14070,14063,14063,207,166116,29058660.0,OI2209
2022-05-31 14:38:00,14064,14065,14061,14063,196,166100,27514480.0,OI2209
2022-05-31 14:39:00,14062,14072,14062,14069,166,166062,23303080.0,OI2209
2022-05-31 14:40:00,14069,14070,14065,14066,103,166045,14459140.0,OI2209
2022-05-31 14:41:00,14066,14068,14063,14064,122,166013,17126360.0,OI2209
2022-05-31 14:42:00,14063,14065,14057,14058,488,165802,68505440.0,OI2209
2022-05-31 14:43:00,14060,14061,14056,14060,404,165717,56713520.0,OI2209
2022-05-31 14:44:00,14059,14065,14057,14063,188,165709,26391440.0,OI2209
2022-05-31 14:45:00,14063,14063,14055,14059,419,165594,58819220.0,OI2209
2022-05-31 14:46:00,14058,14064,14058,14063,376,165484,52782880.0,OI2209
2022-05-31 14:47:00,14063,14072,14062,14072,298,165417,41833240.0,OI2209
2022-05-31 14:48:00,14073,14075,14069,14074,204,165366,28637520.0,OI2209
2022-05-31 14:49:00,14075,14082,14074,14081,332,165327,46606160.0,OI2209
2022-05-31 14:50:00,14081,14082,14078,14082,232,165306,32568160.0,OI2209
2022-05-31 14:51:00,14082,14083,14077,14082,361,165172,51928670.0,OI2209
2022-05-31 14:52:00,14083,14083,14078,14081,212,165129,29762680.0,OI2209
2022-05-31 14:53:00,14081,14088,14080,14088,263,165138,36922570.0,OI2209
2022-05-31 14:54:00,14088,14098,14088,14096,476,165221,66825640.0,OI2209
2022-05-31 14:55:00,14094,14099,14087,14087,388,165155,54471320.0,OI2209
2022-05-31 14:56:00,14086,14086,14077,14078,308,165095,43240120.0,OI2209
2022-05-31 14:57:00,14077,14085,14076,14084,271,165081,38045690.0,OI2209
2022-05-31 14:58:00,14084,14087,14078,14087,354,165087,49698060.0,OI2209
2022-05-31 14:59:00,14085,14088,14079,14088,435,165001,62348210.0,OI2209
2022-05-31 21:00:00,14088,14120,14088,14115,3648,165426,514404480.0,OI2209
2022-05-31 21:01:00,14113,14128,14100,14101,2006,165906,283205300.0,OI2209
2022-05-31 21:02:00,14099,14115,14099,14110,1034,166230,145866380.0,OI2209
2022-05-31 21:03:00,14110,14112,14102,14106,671,166410,94657970.0,OI2209
2022-05-31 21:04:00,14108,14111,14077,14083,1911,166252,269306670.0,OI2209
2022-05-31 21:05:00,14083,14092,14081,14092,947,166339,133360540.0,OI2209
2022-05-31 21:06:00,14092,14106,14090,14103,705,166506,99419100.0,OI2209
2022-05-31 21:07:00,14100,14107,14100,14101,417,166604,58805340.0,OI2209
2022-05-31 21:08:00,14102,14117,14101,14110,916,166942,129174320.0,OI2209
2022-05-31 21:09:00,14110,14111,14103,14104,373,166975,52726740.0,OI2209
2022-05-31 21:10:00,14109,14111,14104,14104,474,166951,66848220.0,OI2209
2022-05-31 21:11:00,14106,14108,14098,14100,427,166938,60219810.0,OI2209
2022-05-31 21:12:00,14100,14101,14089,14091,552,166837,77707750.0,OI2209
2022-05-31 21:13:00,14091,14098,14091,14093,303,166789,42729060.0,OI2209
2022-05-31 21:14:00,14092,14093,14086,14087,374,166743,52741480.0,OI2209
2022-05-31 21:15:00,14087,14098,14085,14093,612,166634,86150540.0,OI2209
2022-05-31 21:16:00,14095,14095,14083,14083,358,166632,50481580.0,OI2209
2022-05-31 21:17:00,14083,14083,14070,14071,859,166568,120961720.0,OI2209
2022-05-31 21:18:00,14071,14083,14070,14078,443,166482,62292700.0,OI2209
2022-05-31 21:19:00,14079,14079,14071,14073,323,166439,45539770.0,OI2209
2022-05-31 21:20:00,14073,14082,14070,14082,456,166397,64113350.0,OI2209
2022-05-31 21:21:00,14082,14085,14076,14079,233,166399,32848340.0,OI2209
2022-05-31 21:22:00,14077,14082,14072,14075,185,166400,26081300.0,OI2209
2022-05-31 21:23:00,14075,14082,14072,14072,174,166390,24346510.0,OI2209
2022-05-31 21:24:00,14074,14080,14073,14076,154,166372,21709380.0,OI2209
2022-05-31 21:25:00,14075,14076,14066,14070,565,166454,79456850.0,OI2209
2022-05-31 21:26:00,14071,14080,14070,14072,278,166483,39186880.0,OI2209
2022-05-31 21:27:00,14072,14077,14072,14077,292,166434,41160320.0,OI2209
2022-05-31 21:28:00,14076,14088,14076,14088,303,166423,42710880.0,OI2209
2022-05-31 21:29:00,14088,14088,14071,14074,248,166399,34755670.0,OI2209
2022-05-31 21:30:00,14073,14084,14069,14081,525,166376,73998750.0,OI2209
2022-05-31 21:31:00,14083,14092,14081,14091,549,166359,77381550.0,OI2209
2022-05-31 21:32:00,14090,14096,14086,14087,370,166341,52151500.0,OI2209
2022-05-31 21:33:00,14088,14095,14084,14085,290,166328,40875500.0,OI2209
2022-05-31 21:34:00,14084,14086,14075,14078,287,166277,40230030.0,OI2209
2022-05-31 21:35:00,14076,14081,14073,14076,287,166238,40449780.0,OI2209
2022-05-31 21:36:00,14077,14080,14074,14077,245,166249,34530300.0,OI2209
2022-05-31 21:37:00,14077,14078,14071,14073,194,166261,27342360.0,OI2209
2022-05-31 21:38:00,14074,14075,14071,14071,230,166270,32416200.0,OI2209
2022-05-31 21:39:00,14073,14073,14065,14071,336,166258,47120300.0,OI2209
2022-05-31 21:40:00,14070,14078,14069,14076,257,166311,36219010.0,OI2209
2022-05-31 21:41:00,14076,14076,14070,14072,162,166367,22830660.0,OI2209
2022-05-31 21:42:00,14072,14077,14071,14072,198,166398,27904140.0,OI2209
2022-05-31 21:43:00,14072,14075,14069,14070,193,166448,27199490.0,OI2209
2022-05-31 21:44:00,14070,14080,14069,14077,254,166467,35550040.0,OI2209
2022-05-31 21:45:00,14078,14078,14073,14075,197,166413,27761240.0,OI2209
2022-05-31 21:46:00,14074,14080,14071,14071,263,166458,37061960.0,OI2209
2022-05-31 21:47:00,14072,14075,14061,14065,480,166445,67641600.0,OI2209
2022-05-31 21:48:00,14066,14067,14060,14063,381,166482,53431130.0,OI2209
2022-05-31 21:49:00,14062,14071,14062,14070,247,166491,34804770.0,OI2209
2022-05-31 21:50:00,14068,14072,14066,14072,235,166518,33113850.0,OI2209
2022-05-31 21:51:00,14072,14073,14064,14064,167,166495,23531970.0,OI2209
2022-05-31 21:52:00,14065,14073,14065,14071,205,166569,28886550.0,OI2209
2022-05-31 21:53:00,14071,14074,14070,14071,120,166566,16640070.0,OI2209
2022-05-31 21:54:00,14074,14076,14071,14074,166,166542,23389400.0,OI2209
2022-05-31 21:55:00,14074,14075,14066,14069,173,166538,24375700.0,OI2209
2022-05-31 21:56:00,14067,14069,14063,14065,164,166531,23107600.0,OI2209
2022-05-31 21:57:00,14065,14069,14065,14068,83,166519,11694700.0,OI2209
2022-05-31 21:58:00,14069,14070,14064,14064,107,166497,15076300.0,OI2209
2022-05-31 21:59:00,14065,14066,14056,14063,464,166452,65096900.0,OI2209
2022-05-31 22:00:00,14063,14073,14061,14066,430,166452,60582700.0,OI2209
2022-05-31 22:01:00,14066,14066,14044,14048,675,166434,94809000.0,OI2209
2022-05-31 22:02:00,14048,14053,14035,14040,921,166383,129449520.0,OI2209
2022-05-31 22:03:00,14039,14045,14036,14043,864,166332,121402080.0,OI2209
2022-05-31 22:04:00,14042,14046,14039,14039,253,166315,35325450.0,OI2209
2022-05-31 22:05:00,14039,14050,14037,14044,351,166382,49438350.0,OI2209
2022-05-31 22:06:00,14045,14054,14044,14051,332,166441,46443240.0,OI2209
2022-05-31 22:07:00,14051,14054,14049,14049,282,166488,39716880.0,OI2209
2022-05-31 22:08:00,14051,14060,14049,14050,458,166510,64504720.0,OI2209
2022-05-31 22:09:00,14051,14061,14051,14056,235,166517,33097400.0,OI2209
2022-05-31 22:10:00,14056,14056,14048,14048,150,166530,20843640.0,OI2209
2022-05-31 22:11:00,14049,14054,14045,14054,247,166553,34785010.0,OI2209
2022-05-31 22:12:00,14054,14055,14051,14054,83,166566,11688890.0,OI2209
2022-05-31 22:13:00,14054,14061,14052,14059,222,166593,31264260.0,OI2209
2022-05-31 22:14:00,14058,14070,14058,14068,612,166410,86187960.0,OI2209
2022-05-31 22:15:00,14066,14075,14063,14072,415,166342,58444450.0,OI2209
2022-05-31 22:16:00,14071,14074,14068,14072,356,166310,49785920.0,OI2209
2022-05-31 22:17:00,14072,14082,14071,14079,530,166378,74634600.0,OI2209
2022-05-31 22:18:00,14080,14082,14077,14079,277,166457,39007140.0,OI2209
2022-05-31 22:19:00,14078,14079,14072,14074,304,166487,42809280.0,OI2209
2022-05-31 22:20:00,14074,14080,14071,14076,387,166367,54497340.0,OI2209
2022-05-31 22:21:00,14075,14078,14074,14077,137,166328,19292340.0,OI2209
2022-05-31 22:22:00,14077,14078,14071,14073,399,166247,56187180.0,OI2209
2022-05-31 22:23:00,14075,14078,14074,14075,124,166248,17461680.0,OI2209
2022-05-31 22:24:00,14076,14076,14067,14072,325,166224,45766500.0,OI2209
2022-05-31 22:25:00,14072,14074,14065,14069,175,166225,24643500.0,OI2209
2022-05-31 22:26:00,14068,14072,14065,14072,175,166200,24643500.0,OI2209
2022-05-31 22:27:00,14071,14080,14071,14078,163,166218,22953660.0,OI2209
2022-05-31 22:28:00,14078,14086,14076,14081,394,166204,55483080.0,OI2209
2022-05-31 22:29:00,14081,14096,14081,14096,517,166299,72803940.0,OI2209
2022-05-31 22:30:00,14099,14112,14099,14109,1473,166776,207831220.0,OI2209
2022-05-31 22:31:00,14109,14115,14107,14109,694,166992,97736020.0,OI2209
2022-05-31 22:32:00,14111,14116,14104,14106,535,167010,75759700.0,OI2209
2022-05-31 22:33:00,14104,14107,14103,14104,462,166979,65068080.0,OI2209
2022-05-31 22:34:00,14105,14106,14098,14105,331,166957,46618040.0,OI2209
2022-05-31 22:35:00,14105,14109,14102,14107,231,167028,32534040.0,OI2209
2022-05-31 22:36:00,14106,14112,14106,14111,329,167105,46336360.0,OI2209
2022-05-31 22:37:00,14111,14112,14104,14104,217,167141,30562280.0,OI2209
2022-05-31 22:38:00,14104,14109,14102,14102,154,167154,22122250.0,OI2209
2022-05-31 22:39:00,14102,14107,14102,14104,136,167152,19155600.0,OI2209
2022-05-31 22:40:00,14105,14106,14098,14104,273,167172,38452050.0,OI2209
2022-05-31 22:41:00,14103,14106,14098,14099,163,167153,22958550.0,OI2209
2022-05-31 22:42:00,14099,14101,14096,14101,256,167104,36057600.0,OI2209
2022-05-31 22:43:00,14101,14105,14100,14105,153,167094,21550050.0,OI2209
2022-05-31 22:44:00,14104,14109,14104,14108,245,167156,34508250.0,OI2209
2022-05-31 22:45:00,14107,14110,14102,14104,208,167176,29296800.0,OI2209
2022-05-31 22:46:00,14104,14109,14102,14108,123,167191,17324550.0,OI2209
2022-05-31 22:47:00,14107,14112,14106,14110,421,167366,59297850.0,OI2209
2022-05-31 22:48:00,14110,14113,14107,14107,219,167360,31301010.0,OI2209
2022-05-31 22:49:00,14107,14108,14102,14106,196,167366,27608560.0,OI2209
2022-05-31 22:50:00,14107,14107,14103,14105,193,167408,27185980.0,OI2209
2022-05-31 22:51:00,14105,14106,14098,14101,419,167323,59020340.0,OI2209
2022-05-31 22:52:00,14103,14103,14095,14097,396,167267,55780560.0,OI2209
2022-05-31 22:53:00,14098,14099,14092,14094,277,167190,39018220.0,OI2209
2022-05-31 22:54:00,14093,14098,14091,14097,227,167169,31975220.0,OI2209
2022-05-31 22:55:00,14098,14099,14091,14091,303,167205,42680580.0,OI2209
2022-05-31 22:56:00,14091,14092,14081,14081,561,167097,79022460.0,OI2209
2022-05-31 22:57:00,14080,14084,14078,14079,319,167003,44934340.0,OI2209
2022-05-31 22:58:00,14079,14083,14071,14074,462,166825,65077320.0,OI2209
2022-05-31 22:59:00,14074,14078,14072,14075,404,166621,56907440.0,OI2209
