datetime,open,high,low,close,volume,openInterest,amount,symbol
2023-05-04 09:00:00,8034,8049,8000,8045,10946,267672,879073260.0,OI2309
2023-05-04 09:01:00,8044,8045,7980,7997,12944,267660,1036426940.0,OI2309
2023-05-04 09:02:00,7997,8000,7972,7974,8991,268438,718267900.0,OI2309
2023-05-04 09:03:00,7972,7972,7908,7911,13795,269974,1095177540.0,OI2309
2023-05-04 09:04:00,7908,7936,7901,7923,13065,270983,1034801700.0,OI2309
2023-05-04 09:05:00,7927,7928,7887,7898,12244,272431,967698360.0,OI2309
2023-05-04 09:06:00,7898,7901,7873,7896,9660,273328,761781150.0,OI2309
2023-05-04 09:07:00,7894,7912,7879,7912,7124,273834,563020960.0,OI2309
2023-05-04 09:08:00,7913,7943,7913,7935,9726,272759,771149840.0,OI2309
2023-05-04 09:09:00,7935,7945,7900,7900,9327,273489,739060250.0,OI2309
2023-05-04 09:10:00,7900,7900,7879,7882,9687,275528,763756700.0,OI2309
2023-05-04 09:11:00,7881,7886,7868,7879,6898,276740,543968990.0,OI2309
2023-05-04 09:12:00,7881,7881,7850,7850,9043,279641,711070410.0,OI2309
2023-05-04 09:13:00,7850,7856,7835,7852,8112,280958,636365740.0,OI2309
2023-05-04 09:14:00,7852,7866,7847,7862,5026,281410,395479260.0,OI2309
2023-05-04 09:15:00,7862,7867,7846,7863,6339,282510,497777940.0,OI2309
2023-05-04 09:16:00,7862,7862,7840,7845,3678,283393,288239060.0,OI2309
2023-05-04 09:17:00,7846,7847,7838,7838,2936,284365,230935790.0,OI2309
2023-05-04 09:18:00,7839,7853,7832,7851,4154,284875,325796570.0,OI2309
2023-05-04 09:19:00,7851,7854,7849,7852,2572,285401,201962570.0,OI2309
2023-05-04 09:20:00,7854,7857,7845,7848,3966,286156,310576990.0,OI2309
2023-05-04 09:21:00,7848,7857,7843,7844,2900,286960,228389060.0,OI2309
2023-05-04 09:22:00,7847,7850,7843,7843,1753,287375,137764700.0,OI2309
2023-05-04 09:23:00,7844,7851,7838,7844,2747,287644,215566310.0,OI2309
2023-05-04 09:24:00,7844,7845,7836,7840,2185,288183,172855350.0,OI2309
2023-05-04 09:25:00,7839,7848,7835,7848,3263,288704,255191510.0,OI2309
2023-05-04 09:26:00,7851,7865,7849,7862,3465,288670,272181390.0,OI2309
2023-05-04 09:27:00,7862,7873,7860,7867,4204,288409,330544820.0,OI2309
2023-05-04 09:28:00,7867,7879,7867,7879,3648,287737,288447360.0,OI2309
2023-05-04 09:29:00,7882,7896,7882,7893,6512,287330,512894740.0,OI2309
2023-05-04 09:30:00,7893,7915,7893,7915,6154,286756,486535240.0,OI2309
2023-05-04 09:31:00,7915,7922,7906,7911,6055,286157,478708300.0,OI2309
2023-05-04 09:32:00,7911,7927,7908,7914,5065,285731,402620740.0,OI2309
2023-05-04 09:33:00,7914,7933,7914,7928,4441,285524,351149870.0,OI2309
2023-05-04 09:34:00,7928,7945,7928,7944,6327,284594,502565410.0,OI2309
2023-05-04 09:35:00,7945,7953,7939,7952,6414,284188,509572780.0,OI2309
2023-05-04 09:36:00,7952,7968,7949,7960,7045,283418,559613160.0,OI2309
2023-05-04 09:37:00,7961,7974,7957,7959,5891,283155,470944140.0,OI2309
2023-05-04 09:38:00,7960,7985,7959,7980,6212,282694,494038580.0,OI2309
2023-05-04 09:39:00,7980,7994,7980,7994,5932,282325,474608080.0,OI2309
2023-05-04 09:40:00,7995,8014,7993,8010,7747,281636,618538910.0,OI2309
2023-05-04 09:41:00,8011,8022,8008,8015,5696,281301,459168990.0,OI2309
2023-05-04 09:42:00,8015,8024,8006,8021,4786,281738,381837950.0,OI2309
2023-05-04 09:43:00,8021,8039,8021,8034,7162,281037,575877130.0,OI2309
2023-05-04 09:44:00,8034,8062,8034,8052,8044,280449,646222990.0,OI2309
2023-05-04 09:45:00,8055,8068,8041,8042,8008,280731,646869720.0,OI2309
2023-05-04 09:46:00,8041,8051,8037,8045,4646,280805,374604960.0,OI2309
2023-05-04 09:47:00,8044,8047,8031,8036,4552,280665,364221030.0,OI2309
2023-05-04 09:48:00,8036,8043,8025,8029,4969,280631,400561580.0,OI2309
2023-05-04 09:49:00,8029,8053,8029,8044,3263,280570,262144870.0,OI2309
2023-05-04 09:50:00,8044,8052,8040,8044,4079,280862,326984210.0,OI2309
2023-05-04 09:51:00,8044,8049,8032,8047,2892,280903,232829860.0,OI2309
2023-05-04 09:52:00,8047,8057,8047,8055,3025,281175,243447900.0,OI2309
2023-05-04 09:53:00,8055,8086,8049,8078,8241,280725,664462080.0,OI2309
2023-05-04 09:54:00,8078,8084,8074,8078,4043,280763,327967470.0,OI2309
2023-05-04 09:55:00,8079,8083,8066,8070,4329,280741,347398330.0,OI2309
2023-05-04 09:56:00,8070,8075,8067,8069,1982,280836,160968820.0,OI2309
2023-05-04 09:57:00,8068,8069,8057,8059,2622,280627,211875660.0,OI2309
2023-05-04 09:58:00,8059,8067,8049,8057,3315,280376,267014670.0,OI2309
2023-05-04 09:59:00,8058,8058,8039,8046,4453,280633,357551970.0,OI2309
2023-05-04 10:00:00,8045,8045,8035,8039,3720,280485,299360200.0,OI2309
2023-05-04 10:01:00,8039,8055,8039,8053,2537,280271,205362440.0,OI2309
2023-05-04 10:02:00,8053,8062,8050,8057,2137,280492,169934240.0,OI2309
2023-05-04 10:03:00,8055,8059,8053,8055,1061,280600,88048270.0,OI2309
2023-05-04 10:04:00,8055,8057,8048,8051,1095,280448,87085350.0,OI2309
2023-05-04 10:05:00,8052,8059,8050,8050,968,280513,76985040.0,OI2309
2023-05-04 10:06:00,8049,8051,8043,8045,1202,280449,99305260.0,OI2309
2023-05-04 10:07:00,8045,8056,8045,8055,956,280410,76040240.0,OI2309
2023-05-04 10:08:00,8054,8074,8054,8068,2842,280598,229800860.0,OI2309
2023-05-04 10:09:00,8067,8072,8064,8072,1803,280777,143428650.0,OI2309
2023-05-04 10:10:00,8073,8073,8062,8063,1317,280792,108546730.0,OI2309
2023-05-04 10:11:00,8063,8066,8059,8062,754,280782,59988240.0,OI2309
2023-05-04 10:12:00,8062,8066,8058,8060,926,280741,73672560.0,OI2309
2023-05-04 10:13:00,8062,8065,8060,8062,861,280727,68501160.0,OI2309
2023-05-04 10:14:00,8062,8064,8059,8064,740,280703,58874400.0,OI2309
2023-05-04 10:30:00,8065,8069,8058,8060,2937,280636,237509280.0,OI2309
2023-05-04 10:31:00,8060,8061,8049,8049,2488,280573,201836600.0,OI2309
2023-05-04 10:32:00,8049,8062,8049,8062,1880,280360,149610400.0,OI2309
2023-05-04 10:33:00,8063,8071,8062,8067,1453,280345,119529510.0,OI2309
2023-05-04 10:34:00,8067,8074,8066,8074,1302,280506,103626180.0,OI2309
2023-05-04 10:35:00,8072,8095,8072,8088,6669,280126,538744670.0,OI2309
2023-05-04 10:36:00,8088,8104,8088,8102,4145,280440,338025310.0,OI2309
2023-05-04 10:37:00,8103,8103,8091,8094,2765,280221,224225530.0,OI2309
2023-05-04 10:38:00,8093,8094,8088,8090,1832,280305,145900480.0,OI2309
2023-05-04 10:39:00,8089,8089,8066,8070,3279,280145,265239250.0,OI2309
2023-05-04 10:40:00,8069,8074,8063,8067,2616,280238,212490250.0,OI2309
2023-05-04 10:41:00,8066,8068,8062,8064,1158,280316,92246280.0,OI2309
2023-05-04 10:42:00,8063,8067,8059,8061,1583,280415,126101780.0,OI2309
2023-05-04 10:43:00,8062,8064,8058,8063,1118,280415,93224320.0,OI2309
2023-05-04 10:44:00,8063,8063,8056,8057,1540,280419,122691800.0,OI2309
2023-05-04 10:45:00,8056,8063,8055,8059,1625,280237,129463750.0,OI2309
2023-05-04 10:46:00,8059,8069,8057,8060,1734,280222,142361210.0,OI2309
2023-05-04 10:47:00,8060,8062,8057,8062,682,280250,54341760.0,OI2309
2023-05-04 10:48:00,8062,8062,8051,8054,1419,280225,113065920.0,OI2309
2023-05-04 10:49:00,8054,8062,8054,8060,1181,280334,94102080.0,OI2309
2023-05-04 10:50:00,8060,8070,8060,8070,1326,280410,109915190.0,OI2309
2023-05-04 10:51:00,8070,8085,8069,8083,3030,280555,245750510.0,OI2309
2023-05-04 10:52:00,8082,8088,8075,8077,2017,280494,160754900.0,OI2309
2023-05-04 10:53:00,8077,8082,8076,8081,932,280685,74280400.0,OI2309
2023-05-04 10:54:00,8081,8089,8080,8089,1166,280896,97261160.0,OI2309
2023-05-04 10:55:00,8087,8087,8081,8086,1076,280965,85767960.0,OI2309
2023-05-04 10:56:00,8086,8095,8085,8087,2286,280867,182217060.0,OI2309
2023-05-04 10:57:00,8088,8092,8087,8091,1122,280949,93810420.0,OI2309
2023-05-04 10:58:00,8090,8097,8090,8095,1297,281247,103396840.0,OI2309
2023-05-04 10:59:00,8096,8100,8088,8093,2033,281468,166479860.0,OI2309
2023-05-04 11:00:00,8092,8102,8090,8099,2125,281789,169426250.0,OI2309
2023-05-04 11:01:00,8099,8101,8098,8099,1702,281743,140147830.0,OI2309
2023-05-04 11:02:00,8099,8102,8094,8102,1772,281910,141299280.0,OI2309
2023-05-04 11:03:00,8103,8116,8103,8109,4164,281252,341050820.0,OI2309
2023-05-04 11:04:00,8109,8112,8100,8102,2090,281384,166698400.0,OI2309
2023-05-04 11:05:00,8100,8105,8094,8103,2409,281328,196693560.0,OI2309
2023-05-04 11:06:00,8103,8108,8094,8096,1455,281371,116065350.0,OI2309
2023-05-04 11:07:00,8096,8105,8090,8105,1662,281445,137160630.0,OI2309
2023-05-04 11:08:00,8105,8110,8104,8108,1686,281538,134509080.0,OI2309
2023-05-04 11:09:00,8108,8108,8104,8107,766,281696,61111480.0,OI2309
2023-05-04 11:10:00,8106,8107,8096,8096,1155,281566,96764860.0,OI2309
2023-05-04 11:11:00,8096,8098,8091,8092,1072,281538,85534880.0,OI2309
2023-05-04 11:12:00,8093,8098,8090,8091,1346,281621,107397340.0,OI2309
2023-05-04 11:13:00,8093,8104,8093,8102,1609,281688,133041340.0,OI2309
2023-05-04 11:14:00,8102,8110,8102,8106,1063,281766,84827400.0,OI2309
2023-05-04 11:15:00,8107,8108,8103,8103,927,281961,73974600.0,OI2309
2023-05-04 11:16:00,8103,8105,8100,8102,975,281997,77805000.0,OI2309
2023-05-04 11:17:00,8102,8115,8101,8106,2573,282181,210040010.0,OI2309
2023-05-04 11:18:00,8105,8109,8104,8105,920,282178,73425200.0,OI2309
2023-05-04 11:19:00,8105,8109,8102,8106,776,282191,66664130.0,OI2309
2023-05-04 11:20:00,8106,8113,8099,8100,1761,282014,140563020.0,OI2309
2023-05-04 11:21:00,8100,8112,8099,8110,1428,282042,113982960.0,OI2309
2023-05-04 11:22:00,8111,8111,8105,8105,855,282056,73018110.0,OI2309
2023-05-04 11:23:00,8105,8108,8102,8103,802,282010,64023660.0,OI2309
2023-05-04 11:24:00,8103,8103,8096,8096,1461,281918,116631630.0,OI2309
2023-05-04 11:25:00,8096,8098,8091,8092,1550,281897,128546640.0,OI2309
2023-05-04 11:26:00,8092,8092,8088,8088,1418,281607,113213120.0,OI2309
2023-05-04 11:27:00,8088,8091,8080,8080,2151,281092,171735840.0,OI2309
2023-05-04 11:28:00,8080,8084,8077,8082,1667,280825,137955780.0,OI2309
2023-05-04 11:29:00,8082,8094,8082,8093,1528,280361,122010800.0,OI2309
2023-05-04 13:30:00,8098,8104,8093,8093,2428,280555,198777860.0,OI2309
2023-05-04 13:31:00,8094,8094,8075,8077,2556,280589,204122160.0,OI2309
2023-05-04 13:32:00,8076,8099,8076,8099,2336,280811,191503940.0,OI2309
2023-05-04 13:33:00,8100,8106,8097,8099,1738,280869,138814060.0,OI2309
2023-05-04 13:34:00,8100,8102,8097,8099,736,281007,58784320.0,OI2309
2023-05-04 13:35:00,8099,8103,8092,8093,921,281125,73560270.0,OI2309
2023-05-04 13:36:00,8093,8095,8085,8087,1308,281096,109467970.0,OI2309
2023-05-04 13:37:00,8087,8087,8081,8083,952,281018,76045760.0,OI2309
2023-05-04 13:38:00,8084,8090,8083,8084,867,281013,69255960.0,OI2309
2023-05-04 13:39:00,8084,8090,8080,8083,865,280957,69096200.0,OI2309
2023-05-04 13:40:00,8083,8088,8081,8085,1020,280956,81477600.0,OI2309
2023-05-04 13:41:00,8084,8086,8080,8084,739,281026,59031320.0,OI2309
2023-05-04 13:42:00,8084,8091,8078,8079,1468,281089,122320960.0,OI2309
2023-05-04 13:43:00,8080,8085,8079,8082,914,281028,73019460.0,OI2309
2023-05-04 13:44:00,8083,8089,8083,8086,638,281083,50969820.0,OI2309
2023-05-04 13:45:00,8087,8092,8086,8087,1038,281182,82925820.0,OI2309
2023-05-04 13:46:00,8088,8094,8087,8091,839,281334,67027710.0,OI2309
2023-05-04 13:47:00,8090,8096,8088,8093,820,281454,70609410.0,OI2309
2023-05-04 13:48:00,8094,8100,8094,8095,1018,281494,81338200.0,OI2309
2023-05-04 13:49:00,8095,8097,8090,8091,746,281744,59605400.0,OI2309
2023-05-04 13:50:00,8091,8092,8086,8089,968,281797,77343200.0,OI2309
2023-05-04 13:51:00,8089,8089,8082,8083,929,281812,74227100.0,OI2309
2023-05-04 13:52:00,8083,8089,8075,8077,2088,281778,171988300.0,OI2309
2023-05-04 13:53:00,8078,8081,8073,8076,1466,281863,117148060.0,OI2309
2023-05-04 13:54:00,8076,8076,8067,8069,2423,281957,193621930.0,OI2309
2023-05-04 13:55:00,8068,8073,8067,8072,1030,282080,82307300.0,OI2309
2023-05-04 13:56:00,8072,8080,8072,8080,1336,282076,111979410.0,OI2309
2023-05-04 13:57:00,8079,8086,8074,8081,1711,282018,136743120.0,OI2309
2023-05-04 13:58:00,8081,8086,8079,8084,977,282052,78081840.0,OI2309
2023-05-04 13:59:00,8084,8085,8082,8082,334,282168,26693280.0,OI2309
2023-05-04 14:00:00,8082,8090,8077,8087,1487,282220,118841040.0,OI2309
2023-05-04 14:01:00,8087,8090,8085,8089,1106,282334,93667320.0,OI2309
2023-05-04 14:02:00,8089,8091,8085,8085,766,282473,61226380.0,OI2309
2023-05-04 14:03:00,8085,8094,8084,8094,1369,282780,109424170.0,OI2309
2023-05-04 14:04:00,8095,8097,8091,8092,874,282918,69858820.0,OI2309
2023-05-04 14:05:00,8091,8094,8088,8093,814,283051,65063020.0,OI2309
2023-05-04 14:06:00,8093,8095,8091,8093,536,283165,42842480.0,OI2309
2023-05-04 14:07:00,8095,8100,8094,8100,1502,283178,125389270.0,OI2309
2023-05-04 14:08:00,8100,8103,8096,8098,1065,283264,85136100.0,OI2309
2023-05-04 14:09:00,8096,8101,8093,8096,883,283287,70587020.0,OI2309
2023-05-04 14:10:00,8097,8099,8095,8096,384,283304,30696960.0,OI2309
2023-05-04 14:11:00,8097,8105,8096,8102,1106,283307,88413640.0,OI2309
2023-05-04 14:12:00,8103,8103,8099,8102,352,283410,28138880.0,OI2309
2023-05-04 14:13:00,8101,8106,8098,8104,1214,283680,102431610.0,OI2309
2023-05-04 14:14:00,8104,8105,8099,8104,787,283692,62920650.0,OI2309
2023-05-04 14:15:00,8105,8108,8099,8106,1671,283999,133596450.0,OI2309
2023-05-04 14:16:00,8106,8110,8104,8109,1268,284203,101376600.0,OI2309
2023-05-04 14:17:00,8108,8108,8100,8103,1177,284034,99534630.0,OI2309
2023-05-04 14:18:00,8102,8103,8101,8102,377,284077,30144920.0,OI2309
2023-05-04 14:19:00,8102,8104,8098,8100,1045,284170,83558200.0,OI2309
2023-05-04 14:20:00,8101,8102,8094,8097,1185,284087,94752600.0,OI2309
2023-05-04 14:21:00,8097,8100,8096,8097,735,284004,58770600.0,OI2309
2023-05-04 14:22:00,8097,8099,8094,8098,857,284020,68525720.0,OI2309
2023-05-04 14:23:00,8099,8100,8095,8095,512,284088,46420110.0,OI2309
2023-05-04 14:24:00,8095,8100,8093,8100,849,284072,67894530.0,OI2309
2023-05-04 14:25:00,8100,8101,8096,8098,778,283913,62216660.0,OI2309
2023-05-04 14:26:00,8098,8099,8095,8098,403,283893,32227910.0,OI2309
2023-05-04 14:27:00,8097,8100,8091,8093,812,283774,64935640.0,OI2309
2023-05-04 14:28:00,8094,8096,8091,8096,572,283819,45742840.0,OI2309
2023-05-04 14:29:00,8097,8097,8093,8095,403,283834,32227910.0,OI2309
2023-05-04 14:30:00,8095,8098,8091,8094,737,283874,58937890.0,OI2309
2023-05-04 14:31:00,8093,8097,8087,8088,1749,284064,145411150.0,OI2309
2023-05-04 14:32:00,8089,8091,8087,8088,796,284200,63664080.0,OI2309
2023-05-04 14:33:00,8089,8091,8088,8090,461,284255,36870780.0,OI2309
2023-05-04 14:34:00,8091,8092,8089,8090,308,284273,24633840.0,OI2309
2023-05-04 14:35:00,8090,8096,8090,8094,635,284198,50787300.0,OI2309
2023-05-04 14:36:00,8094,8095,8093,8093,296,284168,23674080.0,OI2309
2023-05-04 14:37:00,8093,8095,8090,8093,750,284102,59985000.0,OI2309
2023-05-04 14:38:00,8093,8094,8087,8089,656,284069,52466880.0,OI2309
2023-05-04 14:39:00,8089,8094,8089,8094,495,284075,39590100.0,OI2309
2023-05-04 14:40:00,8093,8094,8090,8091,248,284116,19835040.0,OI2309
2023-05-04 14:41:00,8092,8092,8089,8092,337,284047,26953260.0,OI2309
2023-05-04 14:42:00,8091,8093,8088,8093,472,284017,43348720.0,OI2309
2023-05-04 14:43:00,8094,8101,8092,8099,1300,284044,103987000.0,OI2309
2023-05-04 14:44:00,8099,8103,8098,8101,1104,284063,88308960.0,OI2309
2023-05-04 14:45:00,8099,8102,8098,8101,674,284169,53913260.0,OI2309
2023-05-04 14:46:00,8100,8105,8100,8104,1019,284302,81509810.0,OI2309
2023-05-04 14:47:00,8104,8105,8100,8102,716,284294,57272840.0,OI2309
2023-05-04 14:48:00,8102,8102,8099,8099,577,284232,51806290.0,OI2309
2023-05-04 14:49:00,8100,8100,8094,8098,1117,284090,89360000.0,OI2309
2023-05-04 14:50:00,8097,8099,8094,8094,773,284074,61840000.0,OI2309
2023-05-04 14:51:00,8095,8096,8092,8093,1015,284070,81200000.0,OI2309
2023-05-04 14:52:00,8092,8096,8091,8094,785,283985,62800000.0,OI2309
2023-05-04 14:53:00,8094,8106,8094,8105,1791,283621,143280000.0,OI2309
2023-05-04 14:54:00,8105,8150,8105,8125,7766,282328,632849060.0,OI2309
2023-05-04 14:55:00,8126,8133,8118,8119,4163,282074,338949420.0,OI2309
2023-05-04 14:56:00,8119,8123,8117,8120,2201,281995,181994200.0,OI2309
2023-05-04 14:57:00,8121,8129,8119,8129,1984,281729,158799360.0,OI2309
2023-05-04 14:58:00,8129,8130,8124,8128,1842,281137,147433680.0,OI2309
2023-05-04 14:59:00,8128,8130,8125,8127,2601,280232,214096480.0,OI2309
2023-05-04 21:00:00,8144,8164,8124,8131,11356,280082,924378400.0,OI2309
2023-05-04 21:01:00,8132,8136,8125,8125,4535,279854,368672270.0,OI2309
2023-05-04 21:02:00,8127,8136,8120,8123,2816,280102,228950850.0,OI2309
2023-05-04 21:03:00,8123,8131,8120,8130,2441,280456,198388280.0,OI2309
2023-05-04 21:04:00,8130,8135,8120,8120,2224,280558,180688680.0,OI2309
2023-05-04 21:05:00,8120,8138,8118,8135,3605,280637,293230700.0,OI2309
2023-05-04 21:06:00,8135,8138,8129,8134,1901,280586,154627340.0,OI2309
2023-05-04 21:07:00,8134,8151,8134,8148,4663,280622,379623830.0,OI2309
2023-05-04 21:08:00,8148,8149,8137,8138,2376,280674,193646770.0,OI2309
2023-05-04 21:09:00,8139,8143,8134,8136,1874,280851,152468640.0,OI2309
2023-05-04 21:10:00,8135,8140,8131,8133,2056,281043,167276160.0,OI2309
2023-05-04 21:11:00,8132,8134,8124,8124,2335,281023,189553780.0,OI2309
2023-05-04 21:12:00,8124,8124,8108,8113,4376,281116,355056440.0,OI2309
2023-05-04 21:13:00,8114,8118,8112,8117,1890,281320,153229220.0,OI2309
2023-05-04 21:14:00,8117,8124,8117,8124,1761,281346,143204520.0,OI2309
2023-05-04 21:15:00,8124,8126,8118,8120,1507,281513,122549240.0,OI2309
2023-05-04 21:16:00,8120,8127,8119,8127,963,281591,78311160.0,OI2309
2023-05-04 21:17:00,8126,8135,8126,8135,2218,281534,180367760.0,OI2309
2023-05-04 21:18:00,8135,8135,8130,8132,1062,281508,86361840.0,OI2309
2023-05-04 21:19:00,8132,8142,8132,8139,2039,281880,165811480.0,OI2309
2023-05-04 21:20:00,8140,8143,8137,8141,1306,281847,106203920.0,OI2309
2023-05-04 21:21:00,8141,8147,8137,8139,2168,282128,176301760.0,OI2309
2023-05-04 21:22:00,8139,8141,8136,8140,992,282286,80669440.0,OI2309
2023-05-04 21:23:00,8140,8148,8140,8147,1394,282341,113998660.0,OI2309
2023-05-04 21:24:00,8146,8146,8132,8133,1904,282422,154852320.0,OI2309
2023-05-04 21:25:00,8135,8135,8124,8125,2294,282037,186571020.0,OI2309
2023-05-04 21:26:00,8125,8125,8121,8125,1032,282153,83932560.0,OI2309
2023-05-04 21:27:00,8124,8125,8121,8123,761,282327,61193640.0,OI2309
2023-05-04 21:28:00,8123,8128,8120,8125,1247,282284,101406040.0,OI2309
2023-05-04 21:29:00,8124,8131,8124,8127,1115,282357,90671800.0,OI2309
2023-05-04 21:30:00,8127,8131,8121,8122,1388,282361,112872160.0,OI2309
2023-05-04 21:31:00,8122,8127,8121,8124,1488,282249,121004160.0,OI2309
2023-05-04 21:32:00,8124,8129,8122,8126,1334,282104,108480880.0,OI2309
2023-05-04 21:33:00,8126,8133,8125,8131,1410,282169,114661200.0,OI2309
2023-05-04 21:34:00,8131,8136,8125,8131,2548,282210,207203360.0,OI2309
2023-05-04 21:35:00,8131,8141,8129,8140,2502,282236,203462640.0,OI2309
2023-05-04 21:36:00,8141,8144,8137,8140,1806,282126,146863920.0,OI2309
2023-05-04 21:37:00,8139,8143,8137,8142,1572,282226,127835040.0,OI2309
2023-05-04 21:38:00,8142,8143,8133,8138,1755,282157,142716600.0,OI2309
2023-05-04 21:39:00,8137,8140,8133,8140,1092,282306,88801440.0,OI2309
2023-05-04 21:40:00,8140,8143,8133,8133,1759,282675,143041880.0,OI2309
2023-05-04 21:41:00,8133,8137,8129,8135,2007,282569,163209240.0,OI2309
2023-05-04 21:42:00,8134,8148,8128,8148,3484,282328,284282440.0,OI2309
2023-05-04 21:43:00,8147,8148,8139,8142,2059,282532,167458470.0,OI2309
2023-05-04 21:44:00,8144,8148,8142,8143,2285,283055,185839050.0,OI2309
2023-05-04 21:45:00,8145,8159,8142,8158,5778,283712,470989520.0,OI2309
2023-05-04 21:46:00,8157,8160,8137,8138,4874,283938,397564680.0,OI2309
2023-05-04 21:47:00,8139,8139,8125,8131,4229,283704,344029150.0,OI2309
2023-05-04 21:48:00,8131,8132,8126,8131,2558,283306,208093300.0,OI2309
2023-05-04 21:49:00,8131,8137,8127,8136,2330,283033,189545500.0,OI2309
2023-05-04 21:50:00,8136,8148,8136,8144,2669,283084,217123150.0,OI2309
2023-05-04 21:51:00,8145,8149,8142,8143,2443,283538,198738050.0,OI2309
2023-05-04 21:52:00,8142,8145,8139,8141,1139,283477,92657650.0,OI2309
2023-05-04 21:53:00,8141,8146,8139,8141,1165,283586,94772750.0,OI2309
2023-05-04 21:54:00,8141,8147,8141,8141,783,283758,63697050.0,OI2309
2023-05-04 21:55:00,8142,8146,8142,8145,1134,283848,92250900.0,OI2309
2023-05-04 21:56:00,8145,8149,8144,8144,901,283955,73296350.0,OI2309
2023-05-04 21:57:00,8144,8152,8143,8149,1607,284227,130729450.0,OI2309
2023-05-04 21:58:00,8149,8152,8146,8152,1158,284465,95537980.0,OI2309
2023-05-04 21:59:00,8151,8152,8147,8148,1734,284363,141078240.0,OI2309
2023-05-04 22:00:00,8147,8149,8145,8149,886,284348,72084960.0,OI2309
2023-05-04 22:01:00,8149,8149,8140,8141,1683,284348,136928880.0,OI2309
2023-05-04 22:02:00,8141,8142,8135,8138,2007,284524,163289520.0,OI2309
2023-05-04 22:03:00,8138,8140,8130,8130,1915,284071,155804400.0,OI2309
2023-05-04 22:04:00,8130,8131,8120,8122,4847,283198,394351920.0,OI2309
2023-05-04 22:05:00,8122,8126,8120,8125,1777,283395,143420500.0,OI2309
2023-05-04 22:06:00,8125,8131,8125,8127,1842,283467,149846700.0,OI2309
2023-05-04 22:07:00,8127,8129,8118,8119,2407,283504,195809450.0,OI2309
2023-05-04 22:08:00,8120,8123,8115,8118,2132,283271,173438200.0,OI2309
2023-05-04 22:09:00,8119,8126,8117,8124,1493,283073,121455550.0,OI2309
2023-05-04 22:10:00,8124,8129,8124,8128,1502,283034,122187700.0,OI2309
2023-05-04 22:11:00,8128,8129,8125,8126,911,282801,74109850.0,OI2309
2023-05-04 22:12:00,8124,8125,8119,8122,1175,282697,95586250.0,OI2309
2023-05-04 22:13:00,8123,8125,8120,8124,559,282687,43871270.0,OI2309
2023-05-04 22:14:00,8124,8124,8117,8120,983,282738,79957220.0,OI2309
2023-05-04 22:15:00,8119,8124,8118,8122,741,282695,60272940.0,OI2309
2023-05-04 22:16:00,8119,8119,8102,8110,4714,282551,383436760.0,OI2309
2023-05-04 22:17:00,8109,8110,8104,8108,1766,282537,142985780.0,OI2309
2023-05-04 22:18:00,8108,8111,8107,8110,1920,282465,156153600.0,OI2309
2023-05-04 22:19:00,8110,8119,8110,8117,2002,282254,162822660.0,OI2309
2023-05-04 22:20:00,8115,8117,8111,8113,1280,282373,104102400.0,OI2309
2023-05-04 22:21:00,8113,8113,8107,8109,1123,282565,91333590.0,OI2309
2023-05-04 22:22:00,8109,8110,8107,8109,1153,282373,92954150.0,OI2309
2023-05-04 22:23:00,8109,8115,8109,8113,1254,282263,101975280.0,OI2309
2023-05-04 22:24:00,8113,8115,8110,8114,696,282313,56598720.0,OI2309
2023-05-04 22:25:00,8114,8115,8108,8109,922,282408,74977040.0,OI2309
2023-05-04 22:26:00,8107,8107,8090,8092,4669,282665,377847470.0,OI2309
2023-05-04 22:27:00,8092,8095,8088,8092,2445,282953,198802950.0,OI2309
2023-05-04 22:28:00,8093,8096,8088,8090,1516,283142,121390740.0,OI2309
2023-05-04 22:29:00,8091,8095,8087,8091,1637,283160,133088100.0,OI2309
2023-05-04 22:30:00,8091,8091,8082,8087,2828,283410,228529330.0,OI2309
2023-05-04 22:31:00,8088,8093,8076,8078,3950,283433,319136130.0,OI2309
2023-05-04 22:32:00,8080,8082,8077,8079,2333,283529,189626240.0,OI2309
2023-05-04 22:33:00,8079,8080,8075,8077,2154,283364,173072880.0,OI2309
2023-05-04 22:34:00,8077,8083,8075,8083,1620,283463,131657400.0,OI2309
2023-05-04 22:35:00,8083,8085,8081,8082,1935,283196,157257450.0,OI2309
2023-05-04 22:36:00,8082,8083,8075,8081,2055,282911,164949510.0,OI2309
2023-05-04 22:37:00,8081,8081,8075,8081,1351,282703,109782260.0,OI2309
2023-05-04 22:38:00,8081,8086,8081,8084,1266,282594,101168670.0,OI2309
2023-05-04 22:39:00,8083,8085,8081,8082,1292,282717,104975000.0,OI2309
2023-05-04 22:40:00,8082,8085,8080,8082,1412,282622,114725000.0,OI2309
2023-05-04 22:41:00,8082,8082,8069,8071,2877,282211,231613930.0,OI2309
2023-05-04 22:42:00,8069,8081,8069,8078,1519,282043,123403560.0,OI2309
2023-05-04 22:43:00,8078,8079,8073,8075,1198,281964,97325520.0,OI2309
2023-05-04 22:44:00,8075,8076,8066,8072,1686,282044,135254390.0,OI2309
2023-05-04 22:45:00,8070,8075,8070,8073,1446,282024,117458580.0,OI2309
2023-05-04 22:46:00,8072,8079,8067,8078,2000,281907,161402460.0,OI2309
2023-05-04 22:47:00,8078,8083,8077,8082,3262,282051,264939640.0,OI2309
2023-05-04 22:48:00,8081,8082,8076,8078,2973,281790,241374910.0,OI2309
2023-05-04 22:49:00,8078,8081,8075,8075,2219,281562,180204990.0,OI2309
2023-05-04 22:50:00,8076,8081,8075,8079,1045,281398,84864450.0,OI2309
2023-05-04 22:51:00,8079,8079,8072,8077,818,281249,66429780.0,OI2309
2023-05-04 22:52:00,8077,8083,8077,8080,1501,281133,119933450.0,OI2309
2023-05-04 22:53:00,8080,8080,8074,8076,1120,280873,90944000.0,OI2309
2023-05-04 22:54:00,8076,8078,8075,8078,638,280788,51805600.0,OI2309
2023-05-04 22:55:00,8078,8080,8075,8079,908,280486,73729600.0,OI2309
2023-05-04 22:56:00,8079,8083,8078,8081,1133,280305,91999600.0,OI2309
2023-05-04 22:57:00,8081,8082,8074,8075,1290,279785,102953400.0,OI2309
2023-05-04 22:58:00,8074,8076,8071,8074,1220,279330,99051800.0,OI2309
2023-05-04 22:59:00,8075,8075,8046,8052,2349,278457,190715310.0,OI2309
2023-05-05 09:00:00,8039,8073,8030,8073,8866,278595,712287850.0,OI2309
2023-05-05 09:01:00,8073,8075,8057,8066,4330,278743,348865270.0,OI2309
2023-05-05 09:02:00,8065,8072,8062,8068,2511,279121,203767650.0,OI2309
2023-05-05 09:03:00,8069,8090,8069,8086,5860,279238,472897760.0,OI2309
2023-05-05 09:04:00,8087,8107,8086,8105,4604,279636,373568560.0,OI2309
2023-05-05 09:05:00,8105,8113,8099,8099,3987,280037,323505180.0,OI2309
2023-05-05 09:06:00,8098,8114,8098,8110,3527,280214,286180780.0,OI2309
2023-05-05 09:07:00,8110,8121,8108,8116,3311,280287,268654540.0,OI2309
2023-05-05 09:08:00,8114,8118,8111,8112,1788,280417,145078320.0,OI2309
2023-05-05 09:09:00,8113,8123,8112,8122,3174,280626,257538360.0,OI2309
2023-05-05 09:10:00,8123,8125,8116,8123,2645,280529,214615300.0,OI2309
2023-05-05 09:11:00,8123,8129,8122,8122,1976,280613,160332640.0,OI2309
2023-05-05 09:12:00,8122,8131,8122,8130,1953,280623,158466420.0,OI2309
2023-05-05 09:13:00,8131,8133,8124,8130,2219,280786,180049660.0,OI2309
2023-05-05 09:14:00,8130,8133,8126,8130,2239,281074,181672460.0,OI2309
2023-05-05 09:15:00,8130,8133,8123,8123,2822,281242,228977080.0,OI2309
2023-05-05 09:16:00,8124,8128,8119,8123,2110,281331,174210190.0,OI2309
2023-05-05 09:17:00,8123,8133,8123,8131,2300,281606,186645000.0,OI2309
2023-05-05 09:18:00,8131,8140,8130,8137,4248,281677,344725200.0,OI2309
2023-05-05 09:19:00,8137,8143,8137,8139,2503,282118,203118450.0,OI2309
2023-05-05 09:20:00,8140,8145,8139,8145,2143,282324,173904450.0,OI2309
2023-05-05 09:21:00,8144,8146,8137,8139,1625,282389,131868750.0,OI2309
2023-05-05 09:22:00,8138,8143,8137,8139,1373,282705,114565660.0,OI2309
2023-05-05 09:23:00,8140,8145,8137,8138,1554,282926,126122640.0,OI2309
2023-05-05 09:24:00,8138,8144,8138,8144,1249,283137,101368840.0,OI2309
2023-05-05 09:25:00,8143,8144,8136,8142,1330,283232,107942800.0,OI2309
2023-05-05 09:26:00,8142,8142,8136,8138,908,283407,73693280.0,OI2309
2023-05-05 09:27:00,8138,8139,8132,8133,1655,283454,134319800.0,OI2309
2023-05-05 09:28:00,8133,8133,8127,8127,1711,283227,138864760.0,OI2309
2023-05-05 09:29:00,8127,8132,8125,8130,1292,283070,104858720.0,OI2309
2023-05-05 09:30:00,8131,8133,8123,8133,1276,283176,103560160.0,OI2309
2023-05-05 09:31:00,8134,8136,8132,8135,1009,283079,81890440.0,OI2309
2023-05-05 09:32:00,8136,8141,8131,8134,2047,283298,166134520.0,OI2309
2023-05-05 09:33:00,8134,8134,8128,8132,1008,283171,81809280.0,OI2309
2023-05-05 09:34:00,8132,8134,8128,8131,857,283082,69554120.0,OI2309
2023-05-05 09:35:00,8131,8136,8126,8135,922,283044,78144410.0,OI2309
2023-05-05 09:36:00,8135,8136,8130,8132,684,282951,55520280.0,OI2309
2023-05-05 09:37:00,8132,8132,8126,8126,921,283005,74757570.0,OI2309
2023-05-05 09:38:00,8125,8129,8121,8122,1244,282833,100975480.0,OI2309
2023-05-05 09:39:00,8123,8124,8107,8108,4062,282474,329712540.0,OI2309
2023-05-05 09:40:00,8108,8109,8098,8100,3306,282377,266959510.0,OI2309
2023-05-05 09:41:00,8099,8102,8089,8093,3442,282513,279352720.0,OI2309
2023-05-05 09:42:00,8094,8105,8094,8104,2785,282242,226030600.0,OI2309
2023-05-05 09:43:00,8104,8111,8103,8110,1829,282169,148441640.0,OI2309
2023-05-05 09:44:00,8110,8112,8107,8108,1625,282508,131885000.0,OI2309
2023-05-05 09:45:00,8108,8113,8104,8113,1477,282554,119873320.0,OI2309
2023-05-05 09:46:00,8113,8114,8110,8111,833,282563,67606280.0,OI2309
2023-05-05 09:47:00,8112,8112,8104,8108,1133,282663,91954280.0,OI2309
2023-05-05 09:48:00,8107,8110,8100,8100,1809,282524,146818440.0,OI2309
2023-05-05 09:49:00,8101,8102,8096,8099,1690,282322,137160400.0,OI2309
2023-05-05 09:50:00,8096,8099,8095,8097,1274,282287,103397840.0,OI2309
2023-05-05 09:51:00,8096,8102,8093,8102,1176,282193,95444160.0,OI2309
2023-05-05 09:52:00,8101,8105,8089,8090,1984,281998,161021440.0,OI2309
2023-05-05 09:53:00,8089,8090,8077,8085,5013,282017,403177320.0,OI2309
2023-05-05 09:54:00,8086,8096,8084,8096,2097,281758,170171550.0,OI2309
2023-05-05 09:55:00,8096,8108,8095,8107,3092,281330,250915800.0,OI2309
2023-05-05 09:56:00,8107,8109,8105,8106,1428,281480,115882200.0,OI2309
2023-05-05 09:57:00,8106,8106,8102,8106,1244,281769,100950600.0,OI2309
2023-05-05 09:58:00,8105,8108,8103,8103,1283,281656,104115450.0,OI2309
2023-05-05 09:59:00,8103,8108,8100,8106,1133,281705,91942950.0,OI2309
2023-05-05 10:00:00,8106,8108,8099,8102,1358,281748,110201700.0,OI2309
2023-05-05 10:01:00,8101,8102,8090,8094,2022,281388,164085300.0,OI2309
2023-05-05 10:02:00,8093,8095,8088,8095,1704,281675,138279600.0,OI2309
2023-05-05 10:03:00,8095,8102,8093,8101,988,281574,76334950.0,OI2309
2023-05-05 10:04:00,8100,8101,8088,8088,1006,281550,81626840.0,OI2309
2023-05-05 10:05:00,8089,8089,8075,8076,2898,281515,235143720.0,OI2309
2023-05-05 10:06:00,8076,8076,8066,8070,2533,281730,205527620.0,OI2309
2023-05-05 10:07:00,8071,8075,8069,8071,2076,281738,168446640.0,OI2309
2023-05-05 10:08:00,8070,8078,8067,8076,1872,281610,149778720.0,OI2309
2023-05-05 10:09:00,8076,8079,8072,8078,904,281728,73341520.0,OI2309
2023-05-05 10:10:00,8078,8083,8076,8076,1305,281772,105874650.0,OI2309
2023-05-05 10:11:00,8077,8087,8075,8086,1249,281684,101331370.0,OI2309
2023-05-05 10:12:00,8088,8092,8088,8089,902,281614,73179260.0,OI2309
2023-05-05 10:13:00,8089,8091,8081,8084,1042,281411,84537460.0,OI2309
2023-05-05 10:14:00,8084,8085,8079,8081,843,281274,68392590.0,OI2309
2023-05-05 10:30:00,8081,8085,8077,8083,1422,281391,115366860.0,OI2309
2023-05-05 10:31:00,8082,8083,8071,8074,1735,281708,140760550.0,OI2309
2023-05-05 10:32:00,8074,8093,8074,8089,2406,281675,195198780.0,OI2309
2023-05-05 10:33:00,8087,8091,8081,8089,1305,281611,105300200.0,OI2309
2023-05-05 10:34:00,8088,8091,8086,8086,1022,281534,82904640.0,OI2309
2023-05-05 10:35:00,8086,8086,8079,8083,940,281599,76252800.0,OI2309
2023-05-05 10:36:00,8084,8090,8084,8085,949,281809,76982880.0,OI2309
2023-05-05 10:37:00,8085,8085,8078,8079,899,281877,72926880.0,OI2309
2023-05-05 10:38:00,8079,8084,8079,8082,485,281870,39343200.0,OI2309
2023-05-05 10:39:00,8083,8090,8082,8090,593,281850,48104160.0,OI2309
2023-05-05 10:40:00,8089,8095,8088,8093,1421,282008,115271520.0,OI2309
2023-05-05 10:41:00,8093,8096,8092,8093,1145,281993,92882400.0,OI2309
2023-05-05 10:42:00,8092,8095,8086,8087,619,282047,50213280.0,OI2309
2023-05-05 10:43:00,8088,8089,8085,8085,585,282132,47455200.0,OI2309
2023-05-05 10:44:00,8085,8085,8074,8077,1981,282258,160698720.0,OI2309
2023-05-05 10:45:00,8076,8084,8076,8080,1185,281982,96127200.0,OI2309
2023-05-05 10:46:00,8080,8081,8071,8074,1224,281974,99290880.0,OI2309
2023-05-05 10:47:00,8075,8079,8073,8079,744,282067,60353280.0,OI2309
2023-05-05 10:48:00,8079,8087,8078,8081,1387,282144,108285420.0,OI2309
2023-05-05 10:49:00,8083,8093,8081,8091,1221,282364,99035310.0,OI2309
2023-05-05 10:50:00,8092,8094,8091,8092,1713,282462,138941430.0,OI2309
2023-05-05 10:51:00,8092,8092,8086,8087,577,282466,46800470.0,OI2309
2023-05-05 10:52:00,8087,8087,8082,8085,662,282487,53694820.0,OI2309
2023-05-05 10:53:00,8085,8092,8085,8089,687,282518,55722570.0,OI2309
2023-05-05 10:54:00,8090,8090,8087,8088,457,282553,37067270.0,OI2309
2023-05-05 10:55:00,8088,8089,8079,8079,1056,282536,85652160.0,OI2309
2023-05-05 10:56:00,8079,8086,8077,8086,912,282566,73972320.0,OI2309
2023-05-05 10:57:00,8086,8095,8086,8095,1392,282742,112905120.0,OI2309
2023-05-05 10:58:00,8095,8096,8090,8092,903,282903,73242330.0,OI2309
2023-05-05 10:59:00,8092,8094,8090,8093,882,282956,71539020.0,OI2309
2023-05-05 11:00:00,8092,8107,8092,8105,3341,282816,270988510.0,OI2309
2023-05-05 11:01:00,8105,8111,8103,8106,2003,282837,162463330.0,OI2309
2023-05-05 11:02:00,8107,8116,8106,8113,2289,282939,185660790.0,OI2309
2023-05-05 11:03:00,8113,8120,8113,8117,1740,282932,141131400.0,OI2309
2023-05-05 11:04:00,8116,8120,8111,8119,1856,283113,150540160.0,OI2309
2023-05-05 11:05:00,8120,8122,8115,8121,1360,283073,110309600.0,OI2309
2023-05-05 11:06:00,8120,8125,8120,8121,1653,282848,134074830.0,OI2309
2023-05-05 11:07:00,8121,8127,8120,8126,2042,282655,165626620.0,OI2309
2023-05-05 11:08:00,8126,8136,8126,8134,3276,282560,265716360.0,OI2309
2023-05-05 11:09:00,8135,8140,8132,8140,2774,282668,224999140.0,OI2309
2023-05-05 11:10:00,8139,8155,8136,8154,6205,282301,507905580.0,OI2309
2023-05-05 11:11:00,8153,8166,8153,8164,7774,281834,635322650.0,OI2309
2023-05-05 11:12:00,8164,8167,8151,8154,4390,281551,356160700.0,OI2309
2023-05-05 11:13:00,8153,8162,8153,8159,3082,282049,250042660.0,OI2309
2023-05-05 11:14:00,8158,8174,8158,8170,4587,282358,376959670.0,OI2309
2023-05-05 11:15:00,8170,8170,8158,8160,3753,282124,304518420.0,OI2309
2023-05-05 11:16:00,8159,8161,8150,8153,2816,281916,228490240.0,OI2309
2023-05-05 11:17:00,8152,8162,8152,8158,1880,282098,157444050.0,OI2309
2023-05-05 11:18:00,8159,8162,8152,8157,1714,282130,139091100.0,OI2309
2023-05-05 11:19:00,8157,8163,8157,8161,1470,282206,119290500.0,OI2309
2023-05-05 11:20:00,8161,8163,8151,8155,1539,282453,124889850.0,OI2309
2023-05-05 11:21:00,8154,8157,8150,8151,1770,282542,143635500.0,OI2309
2023-05-05 11:22:00,8151,8154,8150,8151,1083,282468,87885450.0,OI2309
2023-05-05 11:23:00,8152,8159,8151,8158,1017,282374,82529550.0,OI2309
2023-05-05 11:24:00,8157,8163,8157,8162,1475,282408,119696250.0,OI2309
2023-05-05 11:25:00,8162,8163,8155,8157,820,282487,66543000.0,OI2309
2023-05-05 11:26:00,8158,8161,8152,8153,1222,282639,104187250.0,OI2309
2023-05-05 11:27:00,8153,8158,8152,8155,1116,282298,90574560.0,OI2309
2023-05-05 11:28:00,8154,8159,8152,8154,1153,282005,93577480.0,OI2309
2023-05-05 11:29:00,8153,8154,8142,8146,2424,280999,196731840.0,OI2309
2023-05-05 13:30:00,8148,8164,8148,8161,5121,280796,415620360.0,OI2309
2023-05-05 13:31:00,8160,8162,8155,8162,2042,280775,165728720.0,OI2309
2023-05-05 13:32:00,8161,8166,8158,8164,2250,280658,187773010.0,OI2309
2023-05-05 13:33:00,8163,8164,8156,8156,1391,280735,112907470.0,OI2309
2023-05-05 13:34:00,8157,8160,8152,8160,1734,280711,140748780.0,OI2309
2023-05-05 13:35:00,8160,8168,8160,8166,2373,281151,192616410.0,OI2309
2023-05-05 13:36:00,8165,8169,8163,8163,1838,281240,149190460.0,OI2309
2023-05-05 13:37:00,8162,8163,8157,8163,1901,281489,154304170.0,OI2309
2023-05-05 13:38:00,8162,8180,8162,8179,5021,281808,412860160.0,OI2309
2023-05-05 13:39:00,8179,8179,8169,8169,2856,281883,231850080.0,OI2309
2023-05-05 13:40:00,8170,8170,8159,8162,2016,281598,163658880.0,OI2309
2023-05-05 13:41:00,8162,8162,8149,8151,3939,281601,325161720.0,OI2309
2023-05-05 13:42:00,8151,8156,8150,8153,1500,281471,121785000.0,OI2309
2023-05-05 13:43:00,8152,8155,8148,8152,1477,281338,119917630.0,OI2309
2023-05-05 13:44:00,8152,8154,8145,8153,1751,281184,142163690.0,OI2309
2023-05-05 13:45:00,8153,8155,8150,8153,1221,280977,99132990.0,OI2309
2023-05-05 13:46:00,8153,8161,8152,8159,1896,280804,153936240.0,OI2309
2023-05-05 13:47:00,8158,8162,8155,8160,886,280793,71934340.0,OI2309
2023-05-05 13:48:00,8159,8161,8155,8158,780,280814,63328200.0,OI2309
2023-05-05 13:49:00,8159,8163,8156,8158,1058,280886,85899020.0,OI2309
2023-05-05 13:50:00,8158,8161,8157,8159,850,280781,69011500.0,OI2309
2023-05-05 13:51:00,8159,8160,8153,8159,1054,280751,91092690.0,OI2309
2023-05-05 13:52:00,8159,8165,8153,8153,2338,280947,189845600.0,OI2309
2023-05-05 13:53:00,8154,8154,8151,8152,904,280957,73404800.0,OI2309
2023-05-05 13:54:00,8152,8157,8149,8156,1185,280997,96222000.0,OI2309
2023-05-05 13:55:00,8157,8163,8157,8161,1366,280843,110919200.0,OI2309
2023-05-05 13:56:00,8162,8165,8160,8165,877,280949,71212400.0,OI2309
2023-05-05 13:57:00,8164,8166,8161,8162,899,281112,72998800.0,OI2309
2023-05-05 13:58:00,8162,8166,8161,8165,818,281035,66421600.0,OI2309
2023-05-05 13:59:00,8165,8166,8159,8160,772,281070,62686400.0,OI2309
2023-05-05 14:00:00,8161,8165,8156,8164,1130,281086,91756000.0,OI2309
2023-05-05 14:01:00,8163,8164,8155,8156,899,281094,72998800.0,OI2309
2023-05-05 14:02:00,8156,8160,8155,8158,1006,280980,81687200.0,OI2309
2023-05-05 14:03:00,8158,8161,8155,8159,936,281027,76003200.0,OI2309
2023-05-05 14:04:00,8159,8161,8159,8160,403,281111,32723600.0,OI2309
2023-05-05 14:05:00,8161,8161,8157,8160,549,281089,50238050.0,OI2309
2023-05-05 14:06:00,8160,8163,8159,8159,697,281066,56603370.0,OI2309
2023-05-05 14:07:00,8159,8159,8154,8158,1034,280949,83971140.0,OI2309
2023-05-05 14:08:00,8158,8172,8158,8171,2569,281360,208628490.0,OI2309
2023-05-05 14:09:00,8172,8177,8170,8170,2379,281696,193198590.0,OI2309
2023-05-05 14:10:00,8170,8178,8170,8177,1202,282041,97614420.0,OI2309
2023-05-05 14:11:00,8177,8179,8171,8174,1581,282189,128393010.0,OI2309
2023-05-05 14:12:00,8174,8175,8167,8173,1350,282111,109633500.0,OI2309
2023-05-05 14:13:00,8172,8174,8169,8172,794,282082,70256050.0,OI2309
2023-05-05 14:14:00,8172,8174,8166,8173,884,282001,71798480.0,OI2309
2023-05-05 14:15:00,8173,8173,8165,8168,1218,281858,98925960.0,OI2309
2023-05-05 14:16:00,8167,8168,8164,8166,654,281790,53117880.0,OI2309
2023-05-05 14:17:00,8166,8168,8164,8167,584,281709,47432480.0,OI2309
2023-05-05 14:18:00,8166,8171,8166,8171,712,281845,57828640.0,OI2309
2023-05-05 14:19:00,8172,8172,8168,8170,358,281857,29076760.0,OI2309
2023-05-05 14:20:00,8171,8172,8167,8170,813,281838,66031860.0,OI2309
2023-05-05 14:21:00,8170,8172,8168,8170,682,281965,55392040.0,OI2309
2023-05-05 14:22:00,8170,8170,8163,8166,1053,282007,85524660.0,OI2309
2023-05-05 14:23:00,8166,8170,8165,8169,506,282033,41097320.0,OI2309
2023-05-05 14:24:00,8170,8171,8168,8168,633,282058,51412260.0,OI2309
2023-05-05 14:25:00,8168,8174,8165,8167,1139,282193,92509580.0,OI2309
2023-05-05 14:26:00,8167,8173,8167,8170,673,282283,54661060.0,OI2309
2023-05-05 14:27:00,8170,8174,8169,8173,435,282219,35330700.0,OI2309
2023-05-05 14:28:00,8173,8174,8165,8166,1253,282504,101768660.0,OI2309
2023-05-05 14:29:00,8166,8168,8166,8167,350,282504,28427000.0,OI2309
2023-05-05 14:30:00,8167,8171,8166,8167,881,282544,77458410.0,OI2309
2023-05-05 14:31:00,8168,8172,8167,8171,496,282509,40290080.0,OI2309
2023-05-05 14:32:00,8172,8174,8167,8168,908,282453,73756840.0,OI2309
2023-05-05 14:33:00,8168,8169,8158,8160,2769,282078,224925870.0,OI2309
2023-05-05 14:34:00,8160,8163,8157,8162,1316,281990,106898680.0,OI2309
2023-05-05 14:35:00,8161,8166,8160,8164,716,282027,58160680.0,OI2309
2023-05-05 14:36:00,8163,8164,8156,8160,1183,282172,96095090.0,OI2309
2023-05-05 14:37:00,8160,8162,8157,8159,891,282254,72375930.0,OI2309
2023-05-05 14:38:00,8159,8165,8159,8162,739,282177,60028970.0,OI2309
2023-05-05 14:39:00,8161,8168,8161,8167,766,282196,62222180.0,OI2309
2023-05-05 14:40:00,8168,8172,8167,8170,1185,282275,96257550.0,OI2309
2023-05-05 14:41:00,8170,8173,8167,8170,964,282188,78305720.0,OI2309
2023-05-05 14:42:00,8170,8174,8167,8174,966,282287,78468180.0,OI2309
2023-05-05 14:43:00,8173,8173,8169,8170,702,282245,57023460.0,OI2309
2023-05-05 14:44:00,8170,8171,8167,8167,897,282231,78911880.0,OI2309
2023-05-05 14:45:00,8169,8169,8162,8163,1127,282250,91557480.0,OI2309
2023-05-05 14:46:00,8164,8164,8159,8160,1243,281956,100981320.0,OI2309
2023-05-05 14:47:00,8159,8161,8156,8159,1466,281971,119097840.0,OI2309
2023-05-05 14:48:00,8160,8165,8159,8164,872,282028,70841280.0,OI2309
2023-05-05 14:49:00,8163,8165,8160,8164,837,281799,67997880.0,OI2309
2023-05-05 14:50:00,8164,8168,8161,8168,1164,281513,94563360.0,OI2309
2023-05-05 14:51:00,8169,8169,8166,8167,664,281369,53943360.0,OI2309
2023-05-05 14:52:00,8167,8167,8159,8162,988,281195,80265120.0,OI2309
2023-05-05 14:53:00,8162,8163,8160,8162,642,281144,52156080.0,OI2309
2023-05-05 14:54:00,8162,8167,8161,8165,885,281038,71897400.0,OI2309
2023-05-05 14:55:00,8164,8164,8152,8155,3443,280067,279709320.0,OI2309
2023-05-05 14:56:00,8156,8160,8155,8160,1115,279855,90582600.0,OI2309
2023-05-05 14:57:00,8161,8163,8159,8161,861,279640,69947640.0,OI2309
2023-05-05 14:58:00,8162,8162,8158,8159,1004,279350,87776640.0,OI2309
2023-05-05 14:59:00,8159,8162,8159,8161,1850,278573,150312500.0,OI2309
2023-05-05 21:00:00,8177,8178,8162,8173,7687,278247,628027900.0,OI2309
2023-05-05 21:01:00,8173,8194,8172,8185,6796,278384,555957350.0,OI2309
2023-05-05 21:02:00,8184,8186,8178,8183,3664,278721,299713470.0,OI2309
2023-05-05 21:03:00,8183,8196,8182,8191,4794,279315,392645670.0,OI2309
2023-05-05 21:04:00,8192,8192,8183,8185,3112,279194,254791010.0,OI2309
2023-05-05 21:05:00,8187,8189,8166,8173,6567,279196,536854400.0,OI2309
2023-05-05 21:06:00,8173,8173,8169,8171,1911,279350,155955380.0,OI2309
2023-05-05 21:07:00,8171,8175,8166,8174,1864,279312,152437920.0,OI2309
2023-05-05 21:08:00,8174,8182,8165,8179,3404,279342,278379120.0,OI2309
2023-05-05 21:09:00,8178,8184,8175,8182,3462,279439,283122360.0,OI2309
2023-05-05 21:10:00,8182,8184,8179,8183,1639,279414,134037420.0,OI2309
2023-05-05 21:11:00,8183,8187,8181,8186,1959,279363,160207020.0,OI2309
2023-05-05 21:12:00,8186,8195,8186,8193,2795,279524,229071640.0,OI2309
2023-05-05 21:13:00,8193,8196,8188,8188,2438,279817,199924940.0,OI2309
2023-05-05 21:14:00,8188,8189,8179,8179,2282,279572,186667600.0,OI2309
2023-05-05 21:15:00,8179,8182,8176,8181,2186,279529,178814800.0,OI2309
2023-05-05 21:16:00,8181,8189,8180,8189,1126,279555,92106800.0,OI2309
2023-05-05 21:17:00,8189,8207,8188,8206,5238,279913,429097640.0,OI2309
2023-05-05 21:18:00,8206,8207,8195,8195,2788,280011,228743400.0,OI2309
2023-05-05 21:19:00,8196,8210,8195,8208,3345,280290,274378470.0,OI2309
2023-05-05 21:20:00,8208,8216,8203,8214,4033,280699,331482190.0,OI2309
2023-05-05 21:21:00,8215,8216,8207,8216,3191,281223,261946160.0,OI2309
2023-05-05 21:22:00,8215,8224,8214,8220,3773,281596,310458860.0,OI2309
2023-05-05 21:23:00,8222,8231,8221,8230,3087,281913,253594970.0,OI2309
2023-05-05 21:24:00,8231,8254,8222,8251,8030,282615,662135250.0,OI2309
2023-05-05 21:25:00,8252,8256,8243,8251,5833,282640,480866140.0,OI2309
2023-05-05 21:26:00,8250,8250,8240,8240,4187,282394,345232210.0,OI2309
2023-05-05 21:27:00,8240,8240,8234,8238,2864,282089,235859910.0,OI2309
2023-05-05 21:28:00,8237,8245,8237,8244,2178,282074,179658330.0,OI2309
2023-05-05 21:29:00,8244,8247,8237,8242,2193,281886,180932190.0,OI2309
2023-05-05 21:30:00,8243,8244,8233,8240,3480,281753,286548660.0,OI2309
2023-05-05 21:31:00,8241,8252,8235,8251,3235,281633,266518460.0,OI2309
2023-05-05 21:32:00,8250,8251,8239,8240,2503,281768,206522560.0,OI2309
2023-05-05 21:33:00,8239,8241,8235,8238,2564,281713,210376200.0,OI2309
2023-05-05 21:34:00,8238,8252,8237,8252,2761,281909,227769740.0,OI2309
2023-05-05 21:35:00,8253,8254,8247,8252,2631,281902,217155860.0,OI2309
2023-05-05 21:36:00,8252,8255,8245,8250,3298,281023,271955840.0,OI2309
2023-05-05 21:37:00,8249,8249,8239,8242,2037,280945,168506310.0,OI2309
2023-05-05 21:38:00,8243,8254,8243,8253,2595,280456,214358850.0,OI2309
2023-05-05 21:39:00,8252,8270,8251,8265,6322,280277,521833240.0,OI2309
2023-05-05 21:40:00,8263,8264,8253,8253,2818,280189,232840860.0,OI2309
2023-05-05 21:41:00,8253,8255,8250,8255,1809,279912,150017960.0,OI2309
2023-05-05 21:42:00,8255,8257,8247,8254,1845,280107,151548300.0,OI2309
2023-05-05 21:43:00,8255,8255,8248,8252,1413,279988,116063820.0,OI2309
2023-05-05 21:44:00,8252,8260,8251,8260,1743,280011,144664820.0,OI2309
2023-05-05 21:45:00,8260,8263,8251,8259,2207,280265,181305050.0,OI2309
2023-05-05 21:46:00,8261,8264,8255,8263,1266,280420,105531430.0,OI2309
2023-05-05 21:47:00,8263,8273,8258,8270,3050,280651,252148030.0,OI2309
2023-05-05 21:48:00,8270,8272,8267,8269,2853,280503,236019570.0,OI2309
2023-05-05 21:49:00,8269,8269,8259,8259,2457,280702,201916260.0,OI2309
2023-05-05 21:50:00,8260,8266,8259,8264,1745,280582,145034680.0,OI2309
2023-05-05 21:51:00,8263,8263,8254,8255,2066,280713,169804540.0,OI2309
2023-05-05 21:52:00,8256,8265,8256,8265,1847,280641,153474640.0,OI2309
2023-05-05 21:53:00,8265,8269,8263,8266,1858,280775,152727600.0,OI2309
2023-05-05 21:54:00,8266,8277,8266,8273,3193,280874,264184820.0,OI2309
2023-05-05 21:55:00,8273,8278,8267,8277,2704,281141,224043100.0,OI2309
2023-05-05 21:56:00,8277,8285,8274,8280,3366,280989,278533440.0,OI2309
2023-05-05 21:57:00,8281,8292,8280,8290,3991,281218,331821590.0,OI2309
2023-05-05 21:58:00,8291,8293,8287,8289,3504,281846,290059870.0,OI2309
2023-05-05 21:59:00,8289,8293,8286,8289,2341,282129,194449940.0,OI2309
2023-05-05 22:00:00,8289,8292,8284,8291,2641,282458,217275070.0,OI2309
2023-05-05 22:01:00,8291,8305,8291,8300,5436,282382,451139820.0,OI2309
2023-05-05 22:02:00,8300,8308,8298,8304,3761,282768,313488010.0,OI2309
2023-05-05 22:03:00,8304,8312,8300,8311,3911,282809,323951180.0,OI2309
2023-05-05 22:04:00,8312,8312,8302,8309,4448,283551,370321860.0,OI2309
2023-05-05 22:05:00,8308,8330,8308,8328,8687,285026,721791940.0,OI2309
2023-05-05 22:06:00,8327,8328,8322,8327,3545,285146,296408790.0,OI2309
2023-05-05 22:07:00,8327,8335,8326,8330,3867,285226,320844370.0,OI2309
2023-05-05 22:08:00,8330,8340,8328,8338,4824,284815,402078560.0,OI2309
2023-05-05 22:09:00,8339,8346,8337,8344,5032,284769,419419040.0,OI2309
2023-05-05 22:10:00,8344,8345,8338,8341,4203,285428,351260980.0,OI2309
2023-05-05 22:11:00,8340,8345,8337,8345,3624,285187,303673180.0,OI2309
2023-05-05 22:12:00,8345,8345,8331,8331,4270,284301,354651370.0,OI2309
2023-05-05 22:13:00,8331,8335,8329,8334,3027,283711,252189270.0,OI2309
2023-05-05 22:14:00,8334,8336,8331,8334,1939,283590,162478930.0,OI2309
2023-05-05 22:15:00,8335,8338,8327,8338,4199,283354,349012910.0,OI2309
2023-05-05 22:16:00,8338,8344,8337,8341,2578,283512,215315760.0,OI2309
2023-05-05 22:17:00,8341,8345,8340,8345,2160,283487,180865600.0,OI2309
2023-05-05 22:18:00,8345,8350,8341,8343,3815,283725,317529050.0,OI2309
2023-05-05 22:19:00,8343,8343,8334,8338,2762,283908,230669670.0,OI2309
2023-05-05 22:20:00,8338,8344,8336,8340,2306,283694,193072990.0,OI2309
2023-05-05 22:21:00,8340,8353,8340,8346,3485,283505,290480930.0,OI2309
2023-05-05 22:22:00,8345,8352,8343,8350,1870,283564,154424600.0,OI2309
2023-05-05 22:23:00,8351,8360,8351,8356,3851,283756,323578960.0,OI2309
2023-05-05 22:24:00,8357,8358,8349,8349,2619,284063,219137280.0,OI2309
2023-05-05 22:25:00,8350,8350,8343,8348,2590,283797,213959900.0,OI2309
2023-05-05 22:26:00,8349,8351,8346,8347,1237,283791,105034720.0,OI2309
2023-05-05 22:27:00,8348,8352,8344,8345,1732,283869,143097840.0,OI2309
2023-05-05 22:28:00,8345,8350,8344,8345,1695,283805,142921320.0,OI2309
2023-05-05 22:29:00,8345,8355,8345,8354,2488,283936,208488740.0,OI2309
2023-05-05 22:30:00,8354,8361,8350,8358,4350,283597,362432800.0,OI2309
2023-05-05 22:31:00,8358,8360,8353,8356,2501,284004,209681460.0,OI2309
2023-05-05 22:32:00,8356,8368,8353,8361,5177,284798,430956400.0,OI2309
2023-05-05 22:33:00,8362,8363,8358,8358,1706,285025,144077660.0,OI2309
2023-05-05 22:34:00,8358,8360,8352,8354,2069,284873,171064920.0,OI2309
2023-05-05 22:35:00,8354,8359,8354,8358,812,285050,70207610.0,OI2309
2023-05-05 22:36:00,8358,8360,8357,8359,1455,284631,120313950.0,OI2309
2023-05-05 22:37:00,8358,8365,8358,8364,1714,284574,144833800.0,OI2309
2023-05-05 22:38:00,8364,8365,8360,8364,1399,284742,115697300.0,OI2309
2023-05-05 22:39:00,8365,8376,8365,8371,3731,284533,311708140.0,OI2309
2023-05-05 22:40:00,8371,8373,8366,8368,2417,284812,203088680.0,OI2309
2023-05-05 22:41:00,8369,8371,8363,8365,2068,284421,174264250.0,OI2309
2023-05-05 22:42:00,8366,8366,8350,8350,4661,284207,388850430.0,OI2309
2023-05-05 22:43:00,8350,8350,8341,8346,4281,283236,357498650.0,OI2309
2023-05-05 22:44:00,8345,8347,8339,8346,3412,283126,282343000.0,OI2309
2023-05-05 22:45:00,8346,8353,8342,8352,3281,283029,274858390.0,OI2309
2023-05-05 22:46:00,8353,8353,8341,8344,1836,282861,155321360.0,OI2309
2023-05-05 22:47:00,8345,8349,8338,8339,2615,282424,216443550.0,OI2309
2023-05-05 22:48:00,8339,8341,8337,8338,2455,281841,206625050.0,OI2309
2023-05-05 22:49:00,8337,8346,8337,8342,1885,281679,156040300.0,OI2309
2023-05-05 22:50:00,8342,8346,8342,8345,1130,281491,93541400.0,OI2309
2023-05-05 22:51:00,8344,8346,8343,8345,668,281397,55297040.0,OI2309
2023-05-05 22:52:00,8345,8345,8342,8343,673,281359,55710940.0,OI2309
2023-05-05 22:53:00,8343,8352,8343,8351,1567,281106,133200190.0,OI2309
2023-05-05 22:54:00,8351,8351,8345,8345,610,281055,50501900.0,OI2309
2023-05-05 22:55:00,8346,8347,8340,8347,1124,280740,93055960.0,OI2309
2023-05-05 22:56:00,8347,8350,8344,8345,1196,280520,99016840.0,OI2309
2023-05-05 22:57:00,8346,8346,8343,8343,1019,280047,84363010.0,OI2309
2023-05-05 22:58:00,8341,8347,8337,8347,2344,279008,197606620.0,OI2309
2023-05-05 22:59:00,8347,8364,8347,8364,3343,277763,280380690.0,OI2309
2023-05-08 09:00:00,8360,8361,8325,8325,9881,276977,821924710.0,OI2309
2023-05-08 09:01:00,8325,8329,8304,8315,10104,275844,840593420.0,OI2309
2023-05-08 09:02:00,8313,8316,8295,8298,8720,275124,726144940.0,OI2309
2023-05-08 09:03:00,8297,8312,8294,8300,6512,274776,539454080.0,OI2309
2023-05-08 09:04:00,8299,8303,8294,8297,3878,274767,321253520.0,OI2309
2023-05-08 09:05:00,8297,8297,8285,8296,6140,274537,508637600.0,OI2309
2023-05-08 09:06:00,8295,8299,8279,8279,6459,274054,535063560.0,OI2309
2023-05-08 09:07:00,8280,8280,8265,8271,6337,274192,524957080.0,OI2309
2023-05-08 09:08:00,8271,8284,8270,8280,3830,273944,317277200.0,OI2309
2023-05-08 09:09:00,8280,8288,8274,8278,3311,273888,274283240.0,OI2309
2023-05-08 09:10:00,8279,8280,8263,8264,5910,273757,489584400.0,OI2309
2023-05-08 09:11:00,8263,8266,8257,8259,4814,273943,394452510.0,OI2309
2023-05-08 09:12:00,8259,8264,8257,8261,3272,274312,271019760.0,OI2309
2023-05-08 09:13:00,8263,8272,8260,8267,3604,274380,298519320.0,OI2309
2023-05-08 09:14:00,8267,8269,8259,8260,2854,274894,236396820.0,OI2309
2023-05-08 09:15:00,8259,8269,8255,8265,4102,274733,339768660.0,OI2309
2023-05-08 09:16:00,8264,8265,8254,8259,2283,274680,189100890.0,OI2309
2023-05-08 09:17:00,8259,8264,8257,8257,2114,274730,175102620.0,OI2309
2023-05-08 09:18:00,8256,8259,8251,8253,2635,274754,213709160.0,OI2309
2023-05-08 09:19:00,8253,8257,8247,8251,3717,274938,307841940.0,OI2309
2023-05-08 09:20:00,8251,8262,8251,8251,2392,274603,198105440.0,OI2309
2023-05-08 09:21:00,8250,8258,8241,8241,3680,274412,304777600.0,OI2309
2023-05-08 09:22:00,8242,8244,8225,8226,5311,274624,436933430.0,OI2309
2023-05-08 09:23:00,8225,8227,8213,8217,6673,274797,547825510.0,OI2309
2023-05-08 09:24:00,8218,8223,8212,8216,5001,275364,414082800.0,OI2309
2023-05-08 09:25:00,8215,8219,8211,8218,3930,275436,323143250.0,OI2309
2023-05-08 09:26:00,8218,8222,8213,8221,3259,275457,269812610.0,OI2309
2023-05-08 09:27:00,8221,8222,8214,8217,2897,275745,238261630.0,OI2309
2023-05-08 09:28:00,8219,8222,8215,8218,2499,275712,206867220.0,OI2309
2023-05-08 09:29:00,8219,8227,8217,8227,3651,275868,302229780.0,OI2309
2023-05-08 09:30:00,8225,8242,8223,8241,5786,276037,473929230.0,OI2309
2023-05-08 09:31:00,8242,8254,8240,8254,4844,275928,400937880.0,OI2309
2023-05-08 09:32:00,8254,8255,8227,8228,4099,275999,339274230.0,OI2309
2023-05-08 09:33:00,8228,8241,8224,8235,2497,276052,205337130.0,OI2309
2023-05-08 09:34:00,8234,8243,8234,8241,1928,276179,159561280.0,OI2309
2023-05-08 09:35:00,8241,8252,8235,8244,2803,276142,231976280.0,OI2309
2023-05-08 09:36:00,8243,8245,8239,8241,1315,276148,108829400.0,OI2309
2023-05-08 09:37:00,8240,8247,8240,8245,1499,276077,124057240.0,OI2309
2023-05-08 09:38:00,8245,8257,8244,8254,2661,276108,220224360.0,OI2309
2023-05-08 09:39:00,8254,8254,8245,8249,1563,276096,129353880.0,OI2309
2023-05-08 09:40:00,8249,8262,8248,8262,3439,276148,284611640.0,OI2309
2023-05-08 09:41:00,8262,8265,8251,8253,2929,276324,241242900.0,OI2309
2023-05-08 09:42:00,8253,8265,8252,8263,1596,276053,132069000.0,OI2309
2023-05-08 09:43:00,8264,8265,8252,8253,1485,276031,122883750.0,OI2309
2023-05-08 09:44:00,8252,8257,8241,8244,2825,275957,233768750.0,OI2309
2023-05-08 09:45:00,8244,8246,8237,8239,2123,275912,175678250.0,OI2309
2023-05-08 09:46:00,8239,8252,8239,8252,1285,275774,106333750.0,OI2309
2023-05-08 09:47:00,8252,8252,8246,8247,829,275864,68599750.0,OI2309
2023-05-08 09:48:00,8248,8258,8247,8256,1407,275723,116429250.0,OI2309
2023-05-08 09:49:00,8256,8259,8254,8254,1237,275853,102361750.0,OI2309
2023-05-08 09:50:00,8254,8254,8243,8244,1659,275525,137282250.0,OI2309
2023-05-08 09:51:00,8244,8247,8241,8242,948,275465,78447000.0,OI2309
2023-05-08 09:52:00,8242,8253,8241,8241,1540,275381,127435000.0,OI2309
2023-05-08 09:53:00,8241,8243,8237,8240,1454,275358,120318500.0,OI2309
2023-05-08 09:54:00,8240,8247,8239,8244,1145,275281,94748750.0,OI2309
2023-05-08 09:55:00,8244,8254,8243,8251,1342,275167,109223510.0,OI2309
2023-05-08 09:56:00,8250,8259,8250,8257,1223,275234,101191020.0,OI2309
2023-05-08 09:57:00,8257,8262,8256,8260,1267,275301,104831580.0,OI2309
2023-05-08 09:58:00,8261,8264,8257,8257,1095,275303,90600300.0,OI2309
2023-05-08 09:59:00,8257,8257,8245,8248,1435,275359,118731900.0,OI2309
2023-05-08 10:00:00,8248,8252,8242,8242,1009,275480,83484660.0,OI2309
2023-05-08 10:01:00,8243,8256,8239,8256,1469,275527,121545060.0,OI2309
2023-05-08 10:02:00,8256,8261,8255,8260,1257,275535,104004180.0,OI2309
2023-05-08 10:03:00,8259,8260,8254,8258,669,275527,55353060.0,OI2309
2023-05-08 10:04:00,8257,8258,8246,8249,906,275465,74962440.0,OI2309
2023-05-08 10:05:00,8249,8249,8245,8246,688,275523,56925120.0,OI2309
2023-05-08 10:06:00,8246,8255,8246,8251,971,275391,80340540.0,OI2309
2023-05-08 10:07:00,8251,8252,8245,8249,833,275342,68922420.0,OI2309
2023-05-08 10:08:00,8248,8249,8243,8246,946,275234,78272040.0,OI2309
2023-05-08 10:09:00,8247,8257,8245,8254,921,275124,76203540.0,OI2309
2023-05-08 10:10:00,8254,8258,8253,8257,715,275114,59159100.0,OI2309
2023-05-08 10:11:00,8257,8260,8252,8255,644,275055,53284560.0,OI2309
2023-05-08 10:12:00,8255,8261,8252,8259,1092,275122,90352080.0,OI2309
2023-05-08 10:13:00,8259,8262,8256,8261,853,275110,70577220.0,OI2309
2023-05-08 10:14:00,8260,8261,8254,8255,995,275024,82326300.0,OI2309
2023-05-08 10:30:00,8257,8265,8257,8257,1797,275206,148683780.0,OI2309
2023-05-08 10:31:00,8259,8272,8258,8265,3171,275392,262368540.0,OI2309
2023-05-08 10:32:00,8264,8267,8258,8266,1536,275576,127088640.0,OI2309
2023-05-08 10:33:00,8265,8270,8263,8266,1457,275772,120552180.0,OI2309
2023-05-08 10:34:00,8266,8266,8262,8265,635,275773,52539900.0,OI2309
2023-05-08 10:35:00,8265,8269,8261,8267,819,275830,67764060.0,OI2309
2023-05-08 10:36:00,8267,8272,8262,8265,1216,275883,100611840.0,OI2309
2023-05-08 10:37:00,8266,8270,8261,8263,756,275913,62551440.0,OI2309
2023-05-08 10:38:00,8264,8266,8259,8261,769,275991,63627060.0,OI2309
2023-05-08 10:39:00,8262,8262,8248,8251,2279,275845,188564460.0,OI2309
2023-05-08 10:40:00,8250,8256,8250,8253,904,275890,73878610.0,OI2309
2023-05-08 10:41:00,8253,8267,8253,8266,1407,275811,116401110.0,OI2309
2023-05-08 10:42:00,8268,8283,8267,8281,4006,275183,331416380.0,OI2309
2023-05-08 10:43:00,8281,8281,8274,8277,1549,275280,128148770.0,OI2309
2023-05-08 10:44:00,8277,8278,8273,8275,894,275326,73960620.0,OI2309
2023-05-08 10:45:00,8275,8282,8271,8280,1597,275248,132119810.0,OI2309
2023-05-08 10:46:00,8280,8282,8275,8277,838,275298,75314290.0,OI2309
2023-05-08 10:47:00,8277,8281,8276,8280,706,275294,58414440.0,OI2309
2023-05-08 10:48:00,8281,8285,8276,8278,1262,275378,104417880.0,OI2309
2023-05-08 10:49:00,8278,8291,8278,8290,2246,275147,185834040.0,OI2309
2023-05-08 10:50:00,8289,8291,8283,8289,1599,275091,132301260.0,OI2309
2023-05-08 10:51:00,8290,8292,8286,8292,1385,274993,114594900.0,OI2309
2023-05-08 10:52:00,8291,8297,8290,8292,2133,274967,176484420.0,OI2309
2023-05-08 10:53:00,8290,8290,8282,8287,1690,274889,139830600.0,OI2309
2023-05-08 10:54:00,8288,8288,8281,8281,901,274773,74548740.0,OI2309
2023-05-08 10:55:00,8281,8282,8276,8279,1301,274805,107644740.0,OI2309
2023-05-08 10:56:00,8278,8280,8267,8269,1918,274227,158695320.0,OI2309
2023-05-08 10:57:00,8269,8269,8252,8253,4632,273621,383251680.0,OI2309
2023-05-08 10:58:00,8253,8255,8245,8251,3445,273530,285039300.0,OI2309
2023-05-08 10:59:00,8252,8257,8250,8257,1882,273542,154214220.0,OI2309
2023-05-08 11:00:00,8257,8268,8254,8268,1809,273099,149658570.0,OI2309
2023-05-08 11:01:00,8268,8279,8268,8276,2410,273361,199379300.0,OI2309
2023-05-08 11:02:00,8276,8284,8276,8283,1713,273337,141716490.0,OI2309
2023-05-08 11:03:00,8284,8286,8275,8278,1651,273101,136587230.0,OI2309
2023-05-08 11:04:00,8277,8278,8262,8263,2548,272513,210796040.0,OI2309
2023-05-08 11:05:00,8263,8270,8257,8258,1758,272440,145439340.0,OI2309
2023-05-08 11:06:00,8259,8260,8251,8256,2483,272097,205418590.0,OI2309
2023-05-08 11:07:00,8256,8263,8256,8260,1239,272183,102502470.0,OI2309
2023-05-08 11:08:00,8260,8263,8251,8259,1597,272210,132119810.0,OI2309
2023-05-08 11:09:00,8258,8265,8257,8265,794,272065,65687620.0,OI2309
2023-05-08 11:10:00,8265,8265,8256,8260,947,272084,78345310.0,OI2309
2023-05-08 11:11:00,8259,8263,8256,8260,484,272007,40041320.0,OI2309
2023-05-08 11:12:00,8261,8263,8254,8261,675,272065,55842750.0,OI2309
2023-05-08 11:13:00,8261,8268,8260,8266,998,271884,82564540.0,OI2309
2023-05-08 11:14:00,8268,8271,8265,8271,1084,271736,89679320.0,OI2309
2023-05-08 11:15:00,8273,8273,8266,8266,937,271728,77518010.0,OI2309
2023-05-08 11:16:00,8267,8270,8267,8268,527,271652,43598710.0,OI2309
2023-05-08 11:17:00,8269,8277,8268,8272,1420,271619,117476600.0,OI2309
2023-05-08 11:18:00,8272,8273,8265,8269,1323,271895,109451790.0,OI2309
2023-05-08 11:19:00,8269,8269,8265,8267,547,271903,45253310.0,OI2309
2023-05-08 11:20:00,8267,8267,8258,8260,1317,271941,108955410.0,OI2309
2023-05-08 11:21:00,8260,8262,8257,8262,882,271987,72967860.0,OI2309
2023-05-08 11:22:00,8262,8269,8261,8268,806,271904,66680380.0,OI2309
2023-05-08 11:23:00,8268,8272,8265,8269,894,271788,73960620.0,OI2309
2023-05-08 11:24:00,8270,8270,8261,8265,793,271758,65604890.0,OI2309
2023-05-08 11:25:00,8265,8269,8264,8266,405,271713,33505650.0,OI2309
2023-05-08 11:26:00,8266,8272,8266,8268,970,271535,80248100.0,OI2309
2023-05-08 11:27:00,8269,8274,8269,8271,570,271431,47156100.0,OI2309
2023-05-08 11:28:00,8271,8274,8270,8271,548,271395,45336040.0,OI2309
2023-05-08 11:29:00,8271,8272,8267,8268,770,271151,63702100.0,OI2309
2023-05-08 13:30:00,8268,8283,8268,8279,2472,270964,204508560.0,OI2309
2023-05-08 13:31:00,8279,8285,8279,8281,1748,271192,144612040.0,OI2309
2023-05-08 13:32:00,8280,8280,8271,8275,1433,271400,118552090.0,OI2309
2023-05-08 13:33:00,8276,8281,8273,8279,1203,271541,99524190.0,OI2309
2023-05-08 13:34:00,8278,8282,8278,8281,723,271554,59813790.0,OI2309
2023-05-08 13:35:00,8281,8283,8278,8279,599,271585,49555270.0,OI2309
2023-05-08 13:36:00,8278,8281,8276,8281,759,271670,62792070.0,OI2309
2023-05-08 13:37:00,8280,8292,8280,8288,2164,271522,179027720.0,OI2309
2023-05-08 13:38:00,8288,8291,8285,8289,1304,271776,107879920.0,OI2309
2023-05-08 13:39:00,8288,8293,8288,8289,1344,271889,111189120.0,OI2309
2023-05-08 13:40:00,8288,8288,8283,8287,872,272021,72140560.0,OI2309
2023-05-08 13:41:00,8287,8288,8282,8284,679,272070,56173670.0,OI2309
2023-05-08 13:42:00,8284,8288,8284,8286,551,272057,45584230.0,OI2309
2023-05-08 13:43:00,8285,8293,8285,8291,1376,272200,113836480.0,OI2309
2023-05-08 13:44:00,8291,8291,8283,8284,846,272127,69989580.0,OI2309
2023-05-08 13:45:00,8283,8284,8275,8279,2215,271771,183246950.0,OI2309
2023-05-08 13:46:00,8279,8291,8279,8290,1453,271770,120206690.0,OI2309
2023-05-08 13:47:00,8290,8292,8286,8292,904,271871,74787920.0,OI2309
2023-05-08 13:48:00,8292,8292,8288,8290,862,271813,71313260.0,OI2309
2023-05-08 13:49:00,8291,8293,8290,8291,655,271816,54188150.0,OI2309
2023-05-08 13:50:00,8292,8296,8290,8294,964,271739,79751720.0,OI2309
2023-05-08 13:51:00,8294,8294,8288,8292,825,271692,75098300.0,OI2309
2023-05-08 13:52:00,8292,8294,8287,8290,660,271621,54608400.0,OI2309
2023-05-08 13:53:00,8290,8293,8288,8290,435,271572,35991900.0,OI2309
2023-05-08 13:54:00,8289,8293,8287,8291,613,271605,50719620.0,OI2309
2023-05-08 13:55:00,8291,8292,8288,8291,505,271588,41783700.0,OI2309
2023-05-08 13:56:00,8291,8293,8282,8282,1149,271470,95068260.0,OI2309
2023-05-08 13:57:00,8282,8288,8282,8288,640,271566,52953600.0,OI2309
2023-05-08 13:58:00,8288,8293,8287,8288,569,271576,47079060.0,OI2309
2023-05-08 13:59:00,8289,8289,8286,8288,375,271649,31027500.0,OI2309
2023-05-08 14:00:00,8288,8291,8287,8291,509,271635,42114660.0,OI2309
2023-05-08 14:01:00,8290,8294,8290,8290,739,271574,61144860.0,OI2309
2023-05-08 14:02:00,8290,8292,8285,8285,799,271518,66109260.0,OI2309
2023-05-08 14:03:00,8286,8292,8286,8290,366,271546,30282840.0,OI2309
2023-05-08 14:04:00,8291,8293,8289,8292,590,271558,48816600.0,OI2309
2023-05-08 14:05:00,8292,8306,8292,8305,3855,270988,318962700.0,OI2309
2023-05-08 14:06:00,8305,8305,8296,8298,1717,271473,142064580.0,OI2309
2023-05-08 14:07:00,8297,8302,8297,8300,831,271502,68756940.0,OI2309
2023-05-08 14:08:00,8300,8301,8296,8299,718,271452,59407320.0,OI2309
2023-05-08 14:09:00,8299,8305,8298,8305,1214,271385,100446360.0,OI2309
2023-05-08 14:10:00,8306,8313,8302,8307,2626,271297,217275240.0,OI2309
2023-05-08 14:11:00,8307,8307,8302,8305,1056,271381,87373440.0,OI2309
2023-05-08 14:12:00,8305,8311,8305,8308,760,271449,62882400.0,OI2309
2023-05-08 14:13:00,8308,8313,8305,8313,1126,271473,93165240.0,OI2309
2023-05-08 14:14:00,8312,8314,8309,8311,904,271602,74796960.0,OI2309
2023-05-08 14:15:00,8311,8318,8311,8317,1624,271760,134369760.0,OI2309
2023-05-08 14:16:00,8316,8319,8315,8317,985,271883,81498900.0,OI2309
2023-05-08 14:17:00,8316,8320,8316,8318,1273,271686,112440450.0,OI2309
2023-05-08 14:18:00,8318,8320,8315,8320,1201,271735,99382750.0,OI2309
2023-05-08 14:19:00,8320,8325,8319,8324,1895,272188,156811250.0,OI2309
2023-05-08 14:20:00,8324,8328,8317,8319,1812,272233,149943000.0,OI2309
2023-05-08 14:21:00,8318,8320,8316,8317,1228,271993,101617000.0,OI2309
2023-05-08 14:22:00,8316,8320,8312,8318,2019,271914,167072250.0,OI2309
2023-05-08 14:23:00,8318,8320,8316,8317,802,271983,66365500.0,OI2309
2023-05-08 14:24:00,8317,8317,8308,8309,1533,271766,126855750.0,OI2309
2023-05-08 14:25:00,8310,8313,8308,8311,951,271617,78695250.0,OI2309
2023-05-08 14:26:00,8311,8317,8311,8314,678,271650,56104500.0,OI2309
2023-05-08 14:27:00,8314,8315,8309,8312,882,271494,72985500.0,OI2309
2023-05-08 14:28:00,8312,8319,8312,8319,838,271358,69344500.0,OI2309
2023-05-08 14:29:00,8319,8319,8316,8317,577,271240,47746750.0,OI2309
2023-05-08 14:30:00,8317,8321,8313,8317,1063,271114,87963250.0,OI2309
2023-05-08 14:31:00,8318,8328,8318,8327,1879,270974,162773260.0,OI2309
2023-05-08 14:32:00,8329,8329,8321,8325,1246,271074,103118960.0,OI2309
2023-05-08 14:33:00,8325,8326,8315,8320,1655,271105,136967800.0,OI2309
2023-05-08 14:34:00,8319,8319,8317,8318,439,271030,36331640.0,OI2309
2023-05-08 14:35:00,8319,8322,8315,8320,643,271026,53214680.0,OI2309
2023-05-08 14:36:00,8320,8321,8318,8320,555,271041,45931800.0,OI2309
2023-05-08 14:37:00,8321,8322,8316,8318,430,270959,35586800.0,OI2309
2023-05-08 14:38:00,8318,8319,8313,8315,761,270783,62980360.0,OI2309
2023-05-08 14:39:00,8315,8317,8310,8312,1264,270479,104608640.0,OI2309
2023-05-08 14:40:00,8312,8315,8309,8314,1293,270397,107008680.0,OI2309
2023-05-08 14:41:00,8316,8316,8312,8313,731,270230,60497560.0,OI2309
2023-05-08 14:42:00,8312,8322,8312,8322,951,270011,78704760.0,OI2309
2023-05-08 14:43:00,8322,8325,8320,8324,939,270032,77711640.0,OI2309
2023-05-08 14:44:00,8323,8326,8320,8325,992,270014,82097920.0,OI2309
2023-05-08 14:45:00,8325,8326,8322,8324,899,270072,74401240.0,OI2309
2023-05-08 14:46:00,8323,8327,8322,8325,947,269930,78373720.0,OI2309
2023-05-08 14:47:00,8325,8326,8318,8321,930,269970,76966800.0,OI2309
2023-05-08 14:48:00,8321,8323,8318,8319,785,270098,64966600.0,OI2309
2023-05-08 14:49:00,8319,8319,8313,8315,784,269944,72332290.0,OI2309
2023-05-08 14:50:00,8315,8316,8303,8303,2555,269929,211477350.0,OI2309
2023-05-08 14:51:00,8303,8310,8303,8308,1193,270198,98744610.0,OI2309
2023-05-08 14:52:00,8309,8312,8309,8310,833,270094,68947410.0,OI2309
2023-05-08 14:53:00,8310,8315,8310,8313,755,270044,62491350.0,OI2309
2023-05-08 14:54:00,8314,8319,8312,8318,1235,269973,102220950.0,OI2309
2023-05-08 14:55:00,8318,8321,8315,8316,1272,270004,105283440.0,OI2309
2023-05-08 14:56:00,8316,8322,8315,8322,1179,269932,97585830.0,OI2309
2023-05-08 14:57:00,8322,8325,8320,8322,1553,269611,128541810.0,OI2309
2023-05-08 14:58:00,8323,8325,8318,8319,1096,269334,90715920.0,OI2309
2023-05-08 14:59:00,8319,8323,8318,8322,2095,268790,173403150.0,OI2309
2023-05-08 21:00:00,8343,8385,8343,8352,12650,270522,1057413500.0,OI2309
2023-05-08 21:01:00,8353,8356,8334,8337,6633,270519,553488320.0,OI2309
2023-05-08 21:02:00,8336,8336,8325,8327,4821,270971,401541140.0,OI2309
2023-05-08 21:03:00,8327,8338,8325,8332,3481,271244,290076990.0,OI2309
2023-05-08 21:04:00,8332,8343,8332,8341,2737,271015,228154170.0,OI2309
2023-05-08 21:05:00,8341,8347,8335,8339,3233,271264,269490630.0,OI2309
2023-05-08 21:06:00,8339,8341,8327,8328,2100,271509,175245000.0,OI2309
2023-05-08 21:07:00,8328,8336,8328,8334,1831,271785,152422090.0,OI2309
2023-05-08 21:08:00,8333,8345,8328,8341,2682,271888,223786080.0,OI2309
2023-05-08 21:09:00,8341,8343,8329,8330,2340,272168,194824520.0,OI2309
2023-05-08 21:10:00,8331,8336,8326,8326,2199,272094,183015500.0,OI2309
2023-05-08 21:11:00,8327,8330,8325,8327,1404,272296,117121680.0,OI2309
2023-05-08 21:12:00,8326,8326,8314,8317,3204,272110,266784530.0,OI2309
2023-05-08 21:13:00,8316,8316,8310,8313,2118,272304,175633720.0,OI2309
2023-05-08 21:14:00,8314,8319,8310,8314,1712,272503,142763680.0,OI2309
2023-05-08 21:15:00,8314,8318,8308,8309,1771,272650,147134530.0,OI2309
2023-05-08 21:16:00,8309,8313,8309,8312,3448,272486,286326960.0,OI2309
2023-05-08 21:17:00,8312,8316,8306,8316,2297,272750,190871310.0,OI2309
2023-05-08 21:18:00,8315,8318,8310,8311,1496,272944,124691600.0,OI2309
2023-05-08 21:19:00,8312,8312,8306,8310,1333,272968,110470650.0,OI2309
2023-05-08 21:20:00,8309,8314,8295,8299,5076,273212,421662520.0,OI2309
2023-05-08 21:21:00,8298,8307,8298,8306,2599,273235,215837030.0,OI2309
2023-05-08 21:22:00,8306,8306,8298,8300,1869,273780,154976050.0,OI2309
2023-05-08 21:23:00,8300,8301,8288,8293,2910,274210,241060240.0,OI2309
2023-05-08 21:24:00,8293,8295,8287,8290,2528,274367,209747120.0,OI2309
2023-05-08 21:25:00,8291,8291,8285,8287,1716,274765,142639670.0,OI2309
2023-05-08 21:26:00,8287,8300,8287,8300,3057,274385,253693370.0,OI2309
2023-05-08 21:27:00,8301,8307,8299,8305,3898,274037,323637070.0,OI2309
2023-05-08 21:28:00,8306,8317,8305,8314,2535,274044,211013400.0,OI2309
2023-05-08 21:29:00,8314,8321,8312,8315,2590,274051,215591600.0,OI2309
2023-05-08 21:30:00,8314,8321,8313,8319,2693,274343,224165320.0,OI2309
2023-05-08 21:31:00,8319,8319,8314,8315,1971,274212,164066040.0,OI2309
2023-05-08 21:32:00,8315,8315,8299,8300,2641,274366,218841110.0,OI2309
2023-05-08 21:33:00,8299,8300,8290,8295,3159,274885,261896250.0,OI2309
2023-05-08 21:34:00,8295,8297,8292,8292,1170,275187,97367400.0,OI2309
2023-05-08 21:35:00,8293,8307,8292,8306,2213,274951,183104710.0,OI2309
2023-05-08 21:36:00,8306,8314,8306,8309,2482,275352,206527220.0,OI2309
2023-05-08 21:37:00,8309,8315,8297,8314,2832,274830,235650720.0,OI2309
2023-05-08 21:38:00,8314,8316,8307,8307,1472,274884,122485120.0,OI2309
2023-05-08 21:39:00,8307,8309,8302,8303,786,274945,65403060.0,OI2309
2023-05-08 21:40:00,8302,8304,8297,8301,1286,275122,105858330.0,OI2309
2023-05-08 21:41:00,8301,8310,8301,8305,1257,275155,104582400.0,OI2309
2023-05-08 21:42:00,8306,8306,8294,8297,1765,275335,146848000.0,OI2309
2023-05-08 21:43:00,8297,8297,8292,8293,1169,275532,97260800.0,OI2309
2023-05-08 21:44:00,8293,8297,8290,8294,1657,275827,136654190.0,OI2309
2023-05-08 21:45:00,8294,8297,8287,8287,1856,276032,154400640.0,OI2309
2023-05-08 21:46:00,8288,8292,8286,8287,1386,276165,114060710.0,OI2309
2023-05-08 21:47:00,8287,8288,8275,8279,4875,276224,404213120.0,OI2309
2023-05-08 21:48:00,8279,8285,8278,8283,2115,276210,174902430.0,OI2309
2023-05-08 21:49:00,8283,8289,8283,8284,1642,276200,136548720.0,OI2309
2023-05-08 21:50:00,8284,8287,8278,8284,1815,276417,150935400.0,OI2309
2023-05-08 21:51:00,8284,8294,8284,8287,2469,276423,203952250.0,OI2309
2023-05-08 21:52:00,8288,8293,8286,8289,975,276437,81071250.0,OI2309
2023-05-08 21:53:00,8289,8293,8277,8279,1670,276560,138860500.0,OI2309
2023-05-08 21:54:00,8279,8284,8277,8279,1656,276511,136351630.0,OI2309
2023-05-08 21:55:00,8279,8285,8278,8285,1266,276406,105255240.0,OI2309
2023-05-08 21:56:00,8285,8286,8281,8285,1124,276324,93449360.0,OI2309
2023-05-08 21:57:00,8285,8289,8282,8285,1028,276448,84633080.0,OI2309
2023-05-08 21:58:00,8284,8292,8282,8282,1369,276256,113804970.0,OI2309
2023-05-08 21:59:00,8283,8290,8280,8288,1338,276264,111227940.0,OI2309
2023-05-08 22:00:00,8289,8296,8288,8292,1852,276133,153956760.0,OI2309
2023-05-08 22:01:00,8292,8295,8290,8291,1107,276228,92024910.0,OI2309
2023-05-08 22:02:00,8291,8292,8281,8282,1259,276130,103144440.0,OI2309
2023-05-08 22:03:00,8282,8287,8279,8287,1437,276243,119443440.0,OI2309
2023-05-08 22:04:00,8288,8300,8285,8299,2938,275835,244206560.0,OI2309
2023-05-08 22:05:00,8299,8300,8292,8293,1419,275746,117947280.0,OI2309
2023-05-08 22:06:00,8293,8303,8293,8300,1933,275522,159077460.0,OI2309
2023-05-08 22:07:00,8301,8309,8300,8302,2275,275452,189075250.0,OI2309
2023-05-08 22:08:00,8302,8303,8295,8300,1245,275664,103471950.0,OI2309
2023-05-08 22:09:00,8300,8303,8297,8297,830,275572,68981300.0,OI2309
2023-05-08 22:10:00,8297,8304,8297,8298,1118,275721,92916980.0,OI2309
2023-05-08 22:11:00,8297,8300,8295,8299,691,275778,57429010.0,OI2309
2023-05-08 22:12:00,8300,8306,8297,8304,871,275517,72388810.0,OI2309
2023-05-08 22:13:00,8305,8307,8301,8305,819,275460,68067090.0,OI2309
2023-05-08 22:14:00,8305,8308,8303,8307,1184,275353,98402240.0,OI2309
2023-05-08 22:15:00,8308,8310,8302,8303,1451,275120,120592610.0,OI2309
2023-05-08 22:16:00,8303,8306,8301,8302,789,275077,65573790.0,OI2309
2023-05-08 22:17:00,8302,8302,8287,8287,2341,274820,194560510.0,OI2309
2023-05-08 22:18:00,8288,8291,8285,8291,1839,274625,151091260.0,OI2309
2023-05-08 22:19:00,8291,8295,8290,8292,1140,274736,94734000.0,OI2309
2023-05-08 22:20:00,8292,8298,8292,8297,1093,274739,90828300.0,OI2309
2023-05-08 22:21:00,8297,8301,8294,8299,954,274826,79277400.0,OI2309
2023-05-08 22:22:00,8299,8303,8298,8301,1004,274816,83432400.0,OI2309
2023-05-08 22:23:00,8301,8302,8296,8296,535,274762,44458500.0,OI2309
2023-05-08 22:24:00,8296,8297,8290,8292,891,274706,74042100.0,OI2309
2023-05-08 22:25:00,8293,8301,8293,8295,910,274806,75621000.0,OI2309
2023-05-08 22:26:00,8295,8301,8294,8300,515,274848,42796500.0,OI2309
2023-05-08 22:27:00,8301,8301,8295,8296,886,274897,73626600.0,OI2309
2023-05-08 22:28:00,8297,8302,8297,8298,664,274726,55178400.0,OI2309
2023-05-08 22:29:00,8298,8302,8297,8300,514,274710,42713400.0,OI2309
2023-05-08 22:30:00,8301,8307,8300,8305,1807,274668,150161700.0,OI2309
2023-05-08 22:31:00,8305,8305,8293,8295,1535,274801,127558500.0,OI2309
2023-05-08 22:32:00,8294,8297,8292,8293,1083,274899,89411130.0,OI2309
2023-05-08 22:33:00,8292,8293,8288,8290,1467,274937,121893030.0,OI2309
2023-05-08 22:34:00,8290,8294,8290,8293,869,275090,72205210.0,OI2309
2023-05-08 22:35:00,8293,8297,8289,8295,995,275106,82674550.0,OI2309
2023-05-08 22:36:00,8294,8297,8293,8294,384,275105,31906560.0,OI2309
2023-05-08 22:37:00,8294,8295,8291,8291,696,275037,57830640.0,OI2309
2023-05-08 22:38:00,8290,8295,8290,8290,738,274978,61320420.0,OI2309
2023-05-08 22:39:00,8291,8295,8286,8294,1736,274869,144244240.0,OI2309
2023-05-08 22:40:00,8295,8302,8293,8301,1428,274539,118652520.0,OI2309
2023-05-08 22:41:00,8301,8304,8299,8302,1233,274554,102449970.0,OI2309
2023-05-08 22:42:00,8302,8305,8301,8301,1266,274571,105191940.0,OI2309
2023-05-08 22:43:00,8301,8307,8301,8303,1106,274427,91897540.0,OI2309
2023-05-08 22:44:00,8303,8304,8300,8300,725,274328,60240250.0,OI2309
2023-05-08 22:45:00,8300,8300,8292,8298,1101,274223,91482090.0,OI2309
2023-05-08 22:46:00,8299,8302,8293,8295,2502,274696,207295940.0,OI2309
2023-05-08 22:47:00,8295,8300,8294,8296,1682,274547,139740560.0,OI2309
2023-05-08 22:48:00,8295,8299,8295,8296,653,274382,54251240.0,OI2309
2023-05-08 22:49:00,8296,8302,8295,8295,782,274185,64968560.0,OI2309
2023-05-08 22:50:00,8295,8302,8294,8299,856,274218,71116480.0,OI2309
2023-05-08 22:51:00,8300,8301,8298,8299,669,274278,55580520.0,OI2309
2023-05-08 22:52:00,8299,8301,8298,8299,464,274307,38549120.0,OI2309
2023-05-08 22:53:00,8298,8299,8295,8297,433,274196,35973640.0,OI2309
2023-05-08 22:54:00,8296,8300,8295,8299,309,274112,25671720.0,OI2309
2023-05-08 22:55:00,8299,8302,8298,8301,634,273983,52672720.0,OI2309
2023-05-08 22:56:00,8302,8302,8297,8299,376,273856,31238080.0,OI2309
2023-05-08 22:57:00,8299,8300,8297,8299,490,273620,40709200.0,OI2309
2023-05-08 22:58:00,8297,8299,8295,8297,813,273393,67544040.0,OI2309
2023-05-08 22:59:00,8298,8298,8292,8294,1433,272728,119053640.0,OI2309
2023-05-09 09:00:00,8280,8280,8247,8258,10303,272967,851483700.0,OI2309
2023-05-09 09:01:00,8256,8264,8245,8261,5762,273355,476289330.0,OI2309
2023-05-09 09:02:00,8259,8264,8244,8250,4021,273776,331601450.0,OI2309
2023-05-09 09:03:00,8251,8257,8243,8253,3399,274213,279876370.0,OI2309
2023-05-09 09:04:00,8253,8256,8246,8252,2318,274632,190132310.0,OI2309
2023-05-09 09:05:00,8251,8263,8248,8262,3543,274859,294139860.0,OI2309
2023-05-09 09:06:00,8260,8260,8246,8249,3250,274912,267347300.0,OI2309
2023-05-09 09:07:00,8248,8251,8244,8245,2414,275315,200386140.0,OI2309
2023-05-09 09:08:00,8246,8258,8246,8258,2147,275220,175709160.0,OI2309
2023-05-09 09:09:00,8258,8267,8257,8265,3283,274993,272489000.0,OI2309
2023-05-09 09:10:00,8265,8271,8260,8264,2308,274834,191388590.0,OI2309
2023-05-09 09:11:00,8263,8270,8259,8270,1661,275106,137846390.0,OI2309
2023-05-09 09:12:00,8270,8274,8263,8273,1675,275081,139008250.0,OI2309
2023-05-09 09:13:00,8273,8275,8265,8266,1812,275104,150377880.0,OI2309
2023-05-09 09:14:00,8265,8273,8261,8269,1247,275017,103488530.0,OI2309
2023-05-09 09:15:00,8271,8275,8267,8272,1763,275095,146054880.0,OI2309
2023-05-09 09:16:00,8272,8272,8262,8271,1556,275223,129116880.0,OI2309
2023-05-09 09:17:00,8271,8287,8270,8283,3645,275158,302462100.0,OI2309
2023-05-09 09:18:00,8284,8287,8278,8282,1610,275194,133597800.0,OI2309
2023-05-09 09:19:00,8283,8283,8275,8280,1889,275385,156749220.0,OI2309
2023-05-09 09:20:00,8280,8288,8278,8279,2338,275536,194007240.0,OI2309
2023-05-09 09:21:00,8279,8288,8279,8284,1184,275548,98248320.0,OI2309
2023-05-09 09:22:00,8284,8284,8274,8275,1278,275607,106048440.0,OI2309
2023-05-09 09:23:00,8275,8277,8267,8271,2037,275706,168517770.0,OI2309
2023-05-09 09:24:00,8270,8282,8270,8280,1444,275776,119808680.0,OI2309
2023-05-09 09:25:00,8281,8281,8272,8276,1438,275718,119310860.0,OI2309
2023-05-09 09:26:00,8276,8278,8268,8270,1101,275639,91349970.0,OI2309
2023-05-09 09:27:00,8269,8277,8266,8268,1213,275703,100642610.0,OI2309
2023-05-09 09:28:00,8268,8276,8268,8276,1075,275829,89192750.0,OI2309
2023-05-09 09:29:00,8275,8287,8275,8285,1968,275860,163284960.0,OI2309
2023-05-09 09:30:00,8286,8314,8286,8313,7425,275053,616052250.0,OI2309
2023-05-09 09:31:00,8314,8322,8313,8319,5655,275019,469195350.0,OI2309
2023-05-09 09:32:00,8318,8319,8309,8310,3084,275005,255879480.0,OI2309
2023-05-09 09:33:00,8310,8310,8299,8302,3814,275062,319535920.0,OI2309
2023-05-09 09:34:00,8301,8302,8283,8286,3804,275025,312529540.0,OI2309
2023-05-09 09:35:00,8284,8284,8272,8273,2951,275477,244844470.0,OI2309
2023-05-09 09:36:00,8273,8291,8271,8291,2914,275078,241774580.0,OI2309
2023-05-09 09:37:00,8291,8299,8290,8299,2641,275041,219123770.0,OI2309
2023-05-09 09:38:00,8299,8311,8299,8307,3023,275169,250818310.0,OI2309
2023-05-09 09:39:00,8307,8314,8307,8310,2037,275237,169009890.0,OI2309
2023-05-09 09:40:00,8311,8311,8300,8306,2171,275197,180127870.0,OI2309
2023-05-09 09:41:00,8306,8311,8300,8307,1531,275463,127027070.0,OI2309
2023-05-09 09:42:00,8306,8315,8304,8314,1758,275518,145861260.0,OI2309
2023-05-09 09:43:00,8315,8318,8309,8314,1890,275748,160148840.0,OI2309
2023-05-09 09:44:00,8315,8320,8312,8316,2002,275787,166125960.0,OI2309
2023-05-09 09:45:00,8317,8318,8312,8317,1513,275838,125548740.0,OI2309
2023-05-09 09:46:00,8318,8325,8312,8325,3295,275952,273419100.0,OI2309
2023-05-09 09:47:00,8325,8326,8304,8304,4247,275381,352416060.0,OI2309
2023-05-09 09:48:00,8304,8305,8297,8303,3004,274998,249271920.0,OI2309
2023-05-09 09:49:00,8302,8309,8302,8309,1988,274965,164964240.0,OI2309
2023-05-09 09:50:00,8309,8309,8301,8308,963,274809,79909740.0,OI2309
2023-05-09 09:51:00,8308,8309,8305,8306,732,274835,60741360.0,OI2309
2023-05-09 09:52:00,8307,8314,8305,8309,1116,274713,92605680.0,OI2309
2023-05-09 09:53:00,8309,8310,8301,8302,1330,274547,110363400.0,OI2309
2023-05-09 09:54:00,8302,8303,8295,8303,2505,274250,207864900.0,OI2309
2023-05-09 09:55:00,8301,8308,8301,8306,1018,274129,84473640.0,OI2309
2023-05-09 09:56:00,8305,8306,8294,8295,1303,273973,108122940.0,OI2309
2023-05-09 09:57:00,8295,8305,8294,8304,1085,273819,90033300.0,OI2309
2023-05-09 09:58:00,8304,8314,8303,8309,1580,273649,131108400.0,OI2309
2023-05-09 09:59:00,8310,8310,8304,8309,956,273736,79328880.0,OI2309
2023-05-09 10:00:00,8309,8313,8307,8312,765,273848,63479700.0,OI2309
2023-05-09 10:01:00,8313,8315,8309,8313,1233,273800,102314340.0,OI2309
2023-05-09 10:02:00,8313,8313,8306,8310,1008,273721,83643840.0,OI2309
2023-05-09 10:03:00,8310,8313,8305,8309,600,273705,49788000.0,OI2309
2023-05-09 10:04:00,8310,8310,8305,8309,482,273704,43659150.0,OI2309
2023-05-09 10:05:00,8310,8310,8303,8305,803,273564,66640970.0,OI2309
2023-05-09 10:06:00,8304,8305,8298,8300,1215,273496,100832850.0,OI2309
2023-05-09 10:07:00,8300,8301,8293,8298,1362,273613,113032380.0,OI2309
2023-05-09 10:08:00,8298,8304,8297,8303,893,273474,74110070.0,OI2309
2023-05-09 10:09:00,8303,8309,8302,8308,845,273341,70126550.0,OI2309
2023-05-09 10:10:00,8308,8313,8307,8308,735,273286,60997650.0,OI2309
2023-05-09 10:11:00,8308,8310,8307,8308,274,273285,22739260.0,OI2309
2023-05-09 10:12:00,8308,8312,8306,8310,468,273199,38839320.0,OI2309
2023-05-09 10:13:00,8310,8311,8308,8308,325,273194,26971750.0,OI2309
2023-05-09 10:14:00,8307,8312,8307,8311,511,273084,42407890.0,OI2309
2023-05-09 10:30:00,8312,8318,8312,8315,1654,273075,137265460.0,OI2309
2023-05-09 10:31:00,8316,8319,8311,8318,1413,273248,117264870.0,OI2309
2023-05-09 10:32:00,8317,8320,8315,8316,858,273347,71205420.0,OI2309
2023-05-09 10:33:00,8315,8318,8313,8314,749,273285,62159510.0,OI2309
2023-05-09 10:34:00,8314,8314,8307,8309,1341,273434,111289590.0,OI2309
2023-05-09 10:35:00,8308,8309,8301,8304,1219,273274,101164810.0,OI2309
2023-05-09 10:36:00,8304,8305,8284,8287,2958,272985,245484420.0,OI2309
2023-05-09 10:37:00,8287,8287,8277,8280,3605,272764,299178950.0,OI2309
2023-05-09 10:38:00,8281,8289,8277,8289,2459,272751,204072410.0,OI2309
2023-05-09 10:39:00,8289,8304,8289,8300,2987,272714,247891130.0,OI2309
2023-05-09 10:40:00,8301,8304,8291,8291,2399,272641,199093010.0,OI2309
2023-05-09 10:41:00,8290,8295,8272,8280,4401,272172,364143740.0,OI2309
2023-05-09 10:42:00,8280,8287,8275,8276,2782,271827,230850360.0,OI2309
2023-05-09 10:43:00,8276,8291,8276,8291,2427,271169,201392460.0,OI2309
2023-05-09 10:44:00,8290,8295,8288,8291,1724,270753,143057520.0,OI2309
2023-05-09 10:45:00,8291,8295,8287,8293,1891,270641,156915180.0,OI2309
2023-05-09 10:46:00,8293,8298,8293,8298,743,270669,61654140.0,OI2309
2023-05-09 10:47:00,8297,8303,8293,8293,1533,270385,127208340.0,OI2309
2023-05-09 10:48:00,8294,8297,8293,8296,744,270409,61737120.0,OI2309
2023-05-09 10:49:00,8297,8300,8288,8290,934,270266,77503320.0,OI2309
2023-05-09 10:50:00,8289,8289,8276,8284,2373,270121,196911540.0,OI2309
2023-05-09 10:51:00,8283,8289,8282,8288,694,270069,57588120.0,OI2309
2023-05-09 10:52:00,8287,8295,8287,8290,795,270147,65969100.0,OI2309
2023-05-09 10:53:00,8291,8300,8291,8296,1090,270206,90448200.0,OI2309
2023-05-09 10:54:00,8296,8298,8293,8294,938,270141,77835240.0,OI2309
2023-05-09 10:55:00,8294,8295,8291,8295,560,270092,46468800.0,OI2309
2023-05-09 10:56:00,8295,8296,8292,8296,551,270133,45721980.0,OI2309
2023-05-09 10:57:00,8297,8299,8294,8297,573,270105,47547540.0,OI2309
2023-05-09 10:58:00,8297,8305,8297,8300,1453,270003,120569940.0,OI2309
2023-05-09 10:59:00,8301,8304,8299,8301,692,269941,57422160.0,OI2309
2023-05-09 11:00:00,8300,8305,8296,8296,876,269954,72690480.0,OI2309
2023-05-09 11:01:00,8296,8310,8289,8309,2846,269777,236161080.0,OI2309
2023-05-09 11:02:00,8308,8312,8302,8303,2100,270100,174258000.0,OI2309
2023-05-09 11:03:00,8303,8305,8300,8301,694,270136,57588120.0,OI2309
2023-05-09 11:04:00,8301,8301,8296,8300,1028,270047,85303440.0,OI2309
2023-05-09 11:05:00,8299,8306,8298,8303,604,270034,50119920.0,OI2309
2023-05-09 11:06:00,8308,8309,8299,8299,1025,270150,85054500.0,OI2309
2023-05-09 11:07:00,8299,8304,8298,8301,578,270112,47962440.0,OI2309
2023-05-09 11:08:00,8300,8304,8298,8299,445,270206,36926100.0,OI2309
2023-05-09 11:09:00,8299,8302,8299,8299,433,270233,35930340.0,OI2309
2023-05-09 11:10:00,8300,8300,8293,8298,1097,270254,91029060.0,OI2309
2023-05-09 11:11:00,8298,8300,8295,8297,647,270265,53688060.0,OI2309
2023-05-09 11:12:00,8298,8298,8294,8295,883,270079,73271340.0,OI2309
2023-05-09 11:13:00,8295,8295,8287,8288,1919,269436,159238620.0,OI2309
2023-05-09 11:14:00,8287,8292,8283,8292,1370,269429,113682600.0,OI2309
2023-05-09 11:15:00,8292,8295,8283,8284,1256,269489,104222880.0,OI2309
2023-05-09 11:16:00,8285,8291,8282,8287,1034,269467,85801320.0,OI2309
2023-05-09 11:17:00,8288,8290,8286,8288,461,269526,38253780.0,OI2309
2023-05-09 11:18:00,8287,8290,8284,8287,557,269548,46219860.0,OI2309
2023-05-09 11:19:00,8286,8286,8283,8285,558,269615,46302840.0,OI2309
2023-05-09 11:20:00,8284,8291,8282,8288,1175,269591,97501500.0,OI2309
2023-05-09 11:21:00,8289,8292,8287,8288,834,269798,69205320.0,OI2309
2023-05-09 11:22:00,8288,8292,8287,8291,333,269713,27632340.0,OI2309
2023-05-09 11:23:00,8292,8296,8291,8293,840,269520,69703200.0,OI2309
2023-05-09 11:24:00,8293,8295,8292,8292,437,269402,36262260.0,OI2309
2023-05-09 11:25:00,8292,8293,8285,8286,783,269443,64973340.0,OI2309
2023-05-09 11:26:00,8286,8288,8284,8286,693,269198,57505140.0,OI2309
2023-05-09 11:27:00,8286,8289,8284,8285,626,269109,51945480.0,OI2309
2023-05-09 11:28:00,8284,8287,8284,8285,349,269001,28960020.0,OI2309
2023-05-09 11:29:00,8286,8286,8279,8284,1633,268551,135506340.0,OI2309
2023-05-09 13:30:00,8289,8300,8289,8299,2996,268692,248608080.0,OI2309
2023-05-09 13:31:00,8299,8305,8293,8296,3320,268341,275493600.0,OI2309
2023-05-09 13:32:00,8296,8298,8292,8292,972,268323,80656560.0,OI2309
2023-05-09 13:33:00,8293,8293,8289,8292,644,268389,53439120.0,OI2309
2023-05-09 13:34:00,8292,8294,8289,8292,653,268414,54185940.0,OI2309
2023-05-09 13:35:00,8292,8299,8289,8296,1149,268500,95344020.0,OI2309
2023-05-09 13:36:00,8297,8302,8293,8299,1656,268557,137414880.0,OI2309
2023-05-09 13:37:00,8298,8299,8292,8294,1189,268631,98663220.0,OI2309
2023-05-09 13:38:00,8296,8298,8294,8296,418,268635,34685640.0,OI2309
2023-05-09 13:39:00,8297,8297,8294,8297,365,268642,30287700.0,OI2309
2023-05-09 13:40:00,8297,8307,8297,8306,2085,268771,173013300.0,OI2309
2023-05-09 13:41:00,8306,8310,8304,8308,2014,268970,167121720.0,OI2309
2023-05-09 13:42:00,8310,8311,8304,8306,1045,269090,86714100.0,OI2309
2023-05-09 13:43:00,8305,8306,8304,8304,826,269119,68541480.0,OI2309
2023-05-09 13:44:00,8304,8319,8304,8319,3075,269729,255163500.0,OI2309
2023-05-09 13:45:00,8319,8319,8312,8312,1587,269887,131689260.0,OI2309
2023-05-09 13:46:00,8312,8319,8312,8317,1309,269827,108620820.0,OI2309
2023-05-09 13:47:00,8317,8317,8309,8313,1419,269803,117748620.0,OI2309
2023-05-09 13:48:00,8313,8314,8309,8309,710,269933,58915800.0,OI2309
2023-05-09 13:49:00,8309,8310,8305,8307,948,270006,78665040.0,OI2309
2023-05-09 13:50:00,8307,8309,8306,8306,624,270070,51779520.0,OI2309
2023-05-09 13:51:00,8306,8306,8303,8305,1006,269847,83477880.0,OI2309
2023-05-09 13:52:00,8304,8304,8299,8300,1405,269753,116586900.0,OI2309
2023-05-09 13:53:00,8299,8300,8294,8300,1302,269585,108039960.0,OI2309
2023-05-09 13:54:00,8300,8305,8297,8299,1186,269533,98414280.0,OI2309
2023-05-09 13:55:00,8298,8304,8297,8300,1074,269652,89120520.0,OI2309
2023-05-09 13:56:00,8300,8304,8297,8298,1008,269587,83643840.0,OI2309
2023-05-09 13:57:00,8298,8298,8289,8289,1537,269359,127540260.0,OI2309
2023-05-09 13:58:00,8290,8290,8276,8284,4848,268775,402287040.0,OI2309
2023-05-09 13:59:00,8283,8294,8282,8292,1935,268606,160566300.0,OI2309
2023-05-09 14:00:00,8292,8294,8289,8290,1194,268551,99078120.0,OI2309
2023-05-09 14:01:00,8289,8289,8282,8284,1403,268490,116420940.0,OI2309
2023-05-09 14:02:00,8284,8285,8277,8279,1546,268688,128287080.0,OI2309
2023-05-09 14:03:00,8277,8278,8254,8259,8165,269752,672461930.0,OI2309
2023-05-09 14:04:00,8258,8270,8257,8270,3826,270081,317443220.0,OI2309
2023-05-09 14:05:00,8270,8272,8266,8268,1656,269916,137398320.0,OI2309
2023-05-09 14:06:00,8268,8272,8265,8265,1323,269889,109769310.0,OI2309
2023-05-09 14:07:00,8266,8269,8261,8261,1452,269943,120472440.0,OI2309
2023-05-09 14:08:00,8261,8269,8260,8263,1282,270083,106367540.0,OI2309
2023-05-09 14:09:00,8263,8265,8261,8264,969,270215,80397930.0,OI2309
2023-05-09 14:10:00,8265,8273,8265,8268,1462,270326,121302140.0,OI2309
2023-05-09 14:11:00,8268,8274,8267,8271,1288,270250,106865360.0,OI2309
2023-05-09 14:12:00,8272,8273,8269,8271,732,270350,60397820.0,OI2309
2023-05-09 14:13:00,8272,8273,8265,8271,1291,270133,107101360.0,OI2309
2023-05-09 14:14:00,8271,8275,8265,8266,1256,270177,104197760.0,OI2309
2023-05-09 14:15:00,8265,8273,8263,8270,1107,270332,91836720.0,OI2309
2023-05-09 14:16:00,8270,8271,8264,8266,883,270472,73253680.0,OI2309
2023-05-09 14:17:00,8266,8271,8265,8268,542,270382,44964320.0,OI2309
2023-05-09 14:18:00,8268,8270,8262,8266,1342,270565,111332320.0,OI2309
2023-05-09 14:19:00,8266,8266,8258,8262,1538,270722,127592480.0,OI2309
2023-05-09 14:20:00,8260,8263,8235,8238,6286,270892,516134440.0,OI2309
2023-05-09 14:21:00,8236,8249,8230,8240,4307,271294,357265650.0,OI2309
2023-05-09 14:22:00,8242,8248,8241,8243,2168,271619,179835600.0,OI2309
2023-05-09 14:23:00,8244,8244,8234,8234,2977,271985,241495510.0,OI2309
2023-05-09 14:24:00,8233,8239,8226,8232,3523,272150,292197620.0,OI2309
2023-05-09 14:25:00,8231,8237,8230,8237,1535,272123,127312900.0,OI2309
2023-05-09 14:26:00,8237,8242,8234,8239,1932,272136,160240080.0,OI2309
2023-05-09 14:27:00,8239,8244,8237,8240,1257,272131,104255580.0,OI2309
2023-05-09 14:28:00,8240,8240,8232,8234,1019,272362,84432480.0,OI2309
2023-05-09 14:29:00,8233,8241,8233,8241,551,272338,45694430.0,OI2309
2023-05-09 14:30:00,8241,8247,8240,8246,1542,272404,127878060.0,OI2309
2023-05-09 14:31:00,8246,8250,8241,8245,1968,272188,163206240.0,OI2309
2023-05-09 14:32:00,8245,8247,8237,8241,1018,272262,84422740.0,OI2309
2023-05-09 14:33:00,8241,8253,8241,8252,1717,272248,142390810.0,OI2309
2023-05-09 14:34:00,8252,8260,8252,8257,2133,272105,176889690.0,OI2309
2023-05-09 14:35:00,8258,8262,8255,8261,1444,272101,119750920.0,OI2309
2023-05-09 14:36:00,8261,8267,8260,8265,1363,272019,113033590.0,OI2309
2023-05-09 14:37:00,8266,8273,8265,8272,2520,271781,208983600.0,OI2309
2023-05-09 14:38:00,8273,8274,8267,8270,2005,271722,160572740.0,OI2309
2023-05-09 14:39:00,8271,8278,8270,8273,2343,271300,194281560.0,OI2309
2023-05-09 14:40:00,8273,8273,8267,8268,1107,271230,91792440.0,OI2309
2023-05-09 14:41:00,8268,8270,8264,8268,1652,271381,136983840.0,OI2309
2023-05-09 14:42:00,8269,8269,8253,8256,2430,271198,201495600.0,OI2309
2023-05-09 14:43:00,8255,8262,8255,8259,1983,271633,164430360.0,OI2309
2023-05-09 14:44:00,8259,8265,8259,8264,1073,271766,88973160.0,OI2309
2023-05-09 14:45:00,8265,8266,8259,8262,1048,271672,86900160.0,OI2309
2023-05-09 14:46:00,8262,8264,8253,8256,1286,271698,106635120.0,OI2309
2023-05-09 14:47:00,8256,8258,8251,8252,1228,271879,101825760.0,OI2309
2023-05-09 14:48:00,8252,8254,8245,8248,2033,271842,168576360.0,OI2309
2023-05-09 14:49:00,8247,8247,8240,8243,2084,271617,168316100.0,OI2309
2023-05-09 14:50:00,8245,8250,8242,8250,1756,271770,145589960.0,OI2309
2023-05-09 14:51:00,8249,8254,8243,8244,1702,271808,141112820.0,OI2309
2023-05-09 14:52:00,8243,8250,8243,8249,880,271831,72960800.0,OI2309
2023-05-09 14:53:00,8249,8249,8244,8248,1215,271820,100735650.0,OI2309
2023-05-09 14:54:00,8248,8252,8247,8252,1070,271832,88713700.0,OI2309
2023-05-09 14:55:00,8252,8254,8241,8245,1478,271497,122540980.0,OI2309
2023-05-09 14:56:00,8245,8246,8240,8241,1049,271278,86972590.0,OI2309
2023-05-09 14:57:00,8242,8247,8239,8247,1182,271301,97999620.0,OI2309
2023-05-09 14:58:00,8246,8248,8243,8244,1307,271077,108363370.0,OI2309
2023-05-09 14:59:00,8243,8245,8236,8239,1862,270337,152871080.0,OI2309
2023-05-09 21:00:00,8263,8271,8253,8261,6093,270590,503403660.0,OI2309
2023-05-09 21:01:00,8261,8266,8252,8257,4119,270826,340107540.0,OI2309
2023-05-09 21:02:00,8258,8264,8253,8253,1892,271090,156279200.0,OI2309
2023-05-09 21:03:00,8252,8259,8252,8253,2012,271163,166050040.0,OI2309
2023-05-09 21:04:00,8253,8256,8246,8248,2228,271534,183847080.0,OI2309
2023-05-09 21:05:00,8248,8255,8243,8248,2426,271852,200151380.0,OI2309
2023-05-09 21:06:00,8247,8255,8243,8244,2463,271957,203157580.0,OI2309
2023-05-09 21:07:00,8243,8247,8238,8244,2446,272362,201704970.0,OI2309
2023-05-09 21:08:00,8245,8248,8243,8245,1143,272404,94106430.0,OI2309
2023-05-09 21:09:00,8245,8249,8242,8248,1396,272516,115225840.0,OI2309
2023-05-09 21:10:00,8248,8260,8247,8259,2490,272146,205524600.0,OI2309
2023-05-09 21:11:00,8259,8266,8257,8259,2760,271589,227810400.0,OI2309
2023-05-09 21:12:00,8258,8263,8255,8260,1273,271640,105400830.0,OI2309
2023-05-09 21:13:00,8260,8270,8260,8269,2047,271559,168979850.0,OI2309
2023-05-09 21:14:00,8268,8273,8264,8265,2508,271254,207408360.0,OI2309
2023-05-09 21:15:00,8265,8269,8262,8265,1737,271368,143797050.0,OI2309
2023-05-09 21:16:00,8264,8265,8261,8264,1189,271303,98175730.0,OI2309
2023-05-09 21:17:00,8265,8269,8262,8267,1312,271304,108331840.0,OI2309
2023-05-09 21:18:00,8267,8267,8256,8258,1230,271362,101561100.0,OI2309
2023-05-09 21:19:00,8258,8259,8248,8250,2232,271317,184296240.0,OI2309
2023-05-09 21:20:00,8249,8253,8246,8252,1378,271257,113781460.0,OI2309
2023-05-09 21:21:00,8251,8257,8251,8255,1369,271449,113038330.0,OI2309
2023-05-09 21:22:00,8254,8256,8252,8255,645,271368,53257650.0,OI2309
2023-05-09 21:23:00,8254,8258,8254,8258,921,271307,76046970.0,OI2309
2023-05-09 21:24:00,8258,8258,8246,8248,1196,271327,98248670.0,OI2309
2023-05-09 21:25:00,8248,8251,8245,8250,1323,271264,109226880.0,OI2309
2023-05-09 21:26:00,8250,8257,8249,8250,2878,271553,237607680.0,OI2309
2023-05-09 21:27:00,8250,8253,8248,8252,991,271596,81816960.0,OI2309
2023-05-09 21:28:00,8252,8256,8249,8253,2430,271372,200620800.0,OI2309
2023-05-09 21:29:00,8254,8258,8250,8256,1121,271453,92549760.0,OI2309
2023-05-09 21:30:00,8255,8255,8236,8236,3903,271740,321600170.0,OI2309
2023-05-09 21:31:00,8237,8242,8234,8237,2479,271957,203985150.0,OI2309
2023-05-09 21:32:00,8238,8238,8217,8224,6020,273140,495457800.0,OI2309
2023-05-09 21:33:00,8225,8236,8222,8233,3382,273327,278332320.0,OI2309
2023-05-09 21:34:00,8234,8240,8231,8238,2494,273294,205004680.0,OI2309
2023-05-09 21:35:00,8238,8244,8231,8233,2907,273432,239827500.0,OI2309
2023-05-09 21:36:00,8233,8240,8232,8239,1052,273551,86790000.0,OI2309
2023-05-09 21:37:00,8238,8241,8235,8237,1390,273797,114675000.0,OI2309
2023-05-09 21:38:00,8237,8237,8226,8229,1725,273879,141885740.0,OI2309
2023-05-09 21:39:00,8229,8230,8223,8228,1582,273920,130499180.0,OI2309
2023-05-09 21:40:00,8228,8231,8223,8224,1862,274051,152845230.0,OI2309
2023-05-09 21:41:00,8225,8226,8223,8226,1082,274145,89243360.0,OI2309
2023-05-09 21:42:00,8226,8234,8225,8233,1641,274016,135349680.0,OI2309
2023-05-09 21:43:00,8234,8235,8226,8229,1117,274036,91211320.0,OI2309
2023-05-09 21:44:00,8229,8234,8225,8231,1124,274074,92696280.0,OI2309
2023-05-09 21:45:00,8232,8232,8219,8226,2124,274322,175166280.0,OI2309
2023-05-09 21:46:00,8225,8228,8214,8219,2460,274367,201900280.0,OI2309
2023-05-09 21:47:00,8220,8229,8220,8228,1715,274349,141418900.0,OI2309
2023-05-09 21:48:00,8227,8229,8223,8228,933,274175,76935180.0,OI2309
2023-05-09 21:49:00,8227,8229,8223,8226,922,274255,75016500.0,OI2309
2023-05-09 21:50:00,8226,8238,8225,8238,2855,273954,235394750.0,OI2309
2023-05-09 21:51:00,8237,8239,8234,8235,2480,273749,204476000.0,OI2309
2023-05-09 21:52:00,8235,8239,8229,8229,1508,273812,124334600.0,OI2309
2023-05-09 21:53:00,8230,8230,8220,8223,1941,273881,158935990.0,OI2309
2023-05-09 21:54:00,8224,8227,8222,8223,1420,274099,117064800.0,OI2309
2023-05-09 21:55:00,8222,8226,8221,8222,1194,274070,98433360.0,OI2309
2023-05-09 21:56:00,8222,8226,8220,8225,1017,274099,83841480.0,OI2309
2023-05-09 21:57:00,8225,8236,8223,8236,2458,273381,201716150.0,OI2309
2023-05-09 21:58:00,8235,8243,8234,8240,3609,272456,297489870.0,OI2309
2023-05-09 21:59:00,8239,8252,8238,8252,3575,271846,294687250.0,OI2309
2023-05-09 22:00:00,8251,8259,8251,8254,3291,271705,272542230.0,OI2309
2023-05-09 22:01:00,8253,8253,8243,8247,2538,271636,209232720.0,OI2309
2023-05-09 22:02:00,8247,8248,8243,8246,1121,271638,92415240.0,OI2309
2023-05-09 22:03:00,8246,8246,8239,8239,1533,271485,126380520.0,OI2309
2023-05-09 22:04:00,8239,8244,8238,8240,966,271417,79637040.0,OI2309
2023-05-09 22:05:00,8240,8245,8240,8241,1371,271759,113025240.0,OI2309
2023-05-09 22:06:00,8241,8245,8236,8245,1223,271832,100824120.0,OI2309
2023-05-09 22:07:00,8246,8246,8238,8239,931,271884,76751640.0,OI2309
2023-05-09 22:08:00,8239,8240,8235,8240,1141,271792,94064040.0,OI2309
2023-05-09 22:09:00,8239,8244,8239,8239,829,271816,68342760.0,OI2309
2023-05-09 22:10:00,8239,8242,8233,8237,1343,271750,109321860.0,OI2309
2023-05-09 22:11:00,8238,8238,8228,8230,1770,271976,145901100.0,OI2309
2023-05-09 22:12:00,8229,8232,8225,8230,1846,272183,152165780.0,OI2309
2023-05-09 22:13:00,8230,8230,8223,8226,1285,272412,105922550.0,OI2309
2023-05-09 22:14:00,8226,8226,8222,8224,1288,272551,106169840.0,OI2309
2023-05-09 22:15:00,8225,8225,8218,8223,2650,272604,216956050.0,OI2309
2023-05-09 22:16:00,8222,8231,8222,8229,1771,272441,145965820.0,OI2309
2023-05-09 22:17:00,8230,8234,8229,8230,1059,272443,87282780.0,OI2309
2023-05-09 22:18:00,8230,8230,8225,8225,868,272578,71540560.0,OI2309
2023-05-09 22:19:00,8226,8226,8219,8221,1313,272747,108217460.0,OI2309
2023-05-09 22:20:00,8221,8227,8220,8226,897,272686,73930740.0,OI2309
2023-05-09 22:21:00,8227,8227,8223,8225,997,272819,82172740.0,OI2309
2023-05-09 22:22:00,8226,8226,8205,8207,5188,273367,425990580.0,OI2309
2023-05-09 22:23:00,8207,8213,8205,8210,2046,273348,167611850.0,OI2309
2023-05-09 22:24:00,8210,8214,8210,8212,810,273371,66744000.0,OI2309
2023-05-09 22:25:00,8212,8213,8207,8212,1218,273488,100363200.0,OI2309
2023-05-09 22:26:00,8212,8217,8211,8214,1410,273604,116184000.0,OI2309
2023-05-09 22:27:00,8214,8215,8209,8210,791,273638,65178400.0,OI2309
2023-05-09 22:28:00,8211,8212,8192,8198,4654,273170,381775930.0,OI2309
2023-05-09 22:29:00,8196,8199,8191,8197,3032,273474,248062490.0,OI2309
2023-05-09 22:30:00,8196,8196,8186,8187,3073,273782,251379020.0,OI2309
2023-05-09 22:31:00,8188,8193,8181,8189,4568,274842,374445760.0,OI2309
2023-05-09 22:32:00,8189,8194,8181,8186,2934,275012,239794500.0,OI2309
2023-05-09 22:33:00,8186,8192,8182,8192,1537,274994,126571950.0,OI2309
2023-05-09 22:34:00,8193,8199,8192,8197,2438,274448,199267540.0,OI2309
2023-05-09 22:35:00,8197,8202,8196,8201,1847,274327,152081980.0,OI2309
2023-05-09 22:36:00,8200,8208,8199,8202,2819,274285,230379080.0,OI2309
2023-05-09 22:37:00,8203,8207,8203,8205,1009,274336,83070970.0,OI2309
2023-05-09 22:38:00,8206,8208,8198,8199,1220,274260,100442600.0,OI2309
2023-05-09 22:39:00,8198,8211,8198,8206,1973,274108,162437090.0,OI2309
2023-05-09 22:40:00,8208,8211,8205,8207,1529,274040,125882570.0,OI2309
2023-05-09 22:41:00,8207,8212,8207,8209,989,273973,79421020.0,OI2309
2023-05-09 22:42:00,8210,8215,8205,8206,1474,273952,121339680.0,OI2309
2023-05-09 22:43:00,8205,8210,8203,8209,1268,273853,104381760.0,OI2309
2023-05-09 22:44:00,8210,8213,8209,8213,987,273737,81249840.0,OI2309
2023-05-09 22:45:00,8212,8219,8211,8215,2469,273751,203248080.0,OI2309
2023-05-09 22:46:00,8215,8215,8209,8213,2772,273710,228191040.0,OI2309
2023-05-09 22:47:00,8214,8216,8210,8216,1647,273617,135409060.0,OI2309
2023-05-09 22:48:00,8217,8218,8210,8212,766,273611,63049460.0,OI2309
2023-05-09 22:49:00,8212,8214,8208,8214,819,273526,67411890.0,OI2309
2023-05-09 22:50:00,8214,8219,8209,8217,1104,273400,90870240.0,OI2309
2023-05-09 22:51:00,8217,8218,8213,8214,506,273394,41648860.0,OI2309
2023-05-09 22:52:00,8214,8216,8212,8212,492,273336,40496520.0,OI2309
2023-05-09 22:53:00,8213,8216,8210,8211,710,273342,58440100.0,OI2309
2023-05-09 22:54:00,8211,8212,8207,8211,1040,273117,85602400.0,OI2309
2023-05-09 22:55:00,8212,8213,8208,8209,589,273004,48480590.0,OI2309
2023-05-09 22:56:00,8209,8212,8208,8211,632,272795,52019920.0,OI2309
2023-05-09 22:57:00,8211,8216,8210,8211,851,272661,70045810.0,OI2309
2023-05-09 22:58:00,8213,8214,8210,8211,1181,272215,97208110.0,OI2309
2023-05-09 22:59:00,8210,8216,8210,8213,1259,271553,103628290.0,OI2309
2023-05-10 09:00:00,8220,8244,8213,8237,8855,270809,728855050.0,OI2309
2023-05-10 09:01:00,8237,8266,8234,8261,9234,270275,760050540.0,OI2309
2023-05-10 09:02:00,8262,8264,8252,8263,3847,270331,319074940.0,OI2309
2023-05-10 09:03:00,8262,8267,8252,8256,2972,270430,244655040.0,OI2309
2023-05-10 09:04:00,8256,8270,8256,8269,3681,270478,305514820.0,OI2309
2023-05-10 09:05:00,8270,8278,8265,8275,4943,270873,406957190.0,OI2309
2023-05-10 09:06:00,8275,8293,8271,8292,6277,271210,521999610.0,OI2309
2023-05-10 09:07:00,8293,8303,8289,8300,5967,271744,494049220.0,OI2309
2023-05-10 09:08:00,8301,8305,8295,8299,4671,271908,387417040.0,OI2309
2023-05-10 09:09:00,8299,8305,8296,8298,3718,272219,309002320.0,OI2309
2023-05-10 09:10:00,8299,8301,8289,8290,4099,272373,340467270.0,OI2309
2023-05-10 09:11:00,8291,8296,8285,8294,3024,272284,249147360.0,OI2309
2023-05-10 09:12:00,8294,8298,8286,8287,2130,272344,178333890.0,OI2309
2023-05-10 09:13:00,8288,8294,8287,8291,1664,272229,137113600.0,OI2309
2023-05-10 09:14:00,8290,8303,8289,8300,2313,272276,190591200.0,OI2309
2023-05-10 09:15:00,8299,8306,8290,8292,3251,272375,270797870.0,OI2309
2023-05-10 09:16:00,8292,8299,8292,8298,1324,272357,109110840.0,OI2309
2023-05-10 09:17:00,8299,8303,8295,8296,2042,272544,171230350.0,OI2309
2023-05-10 09:18:00,8296,8318,8296,8317,4502,272556,374048990.0,OI2309
2023-05-10 09:19:00,8316,8326,8310,8311,6142,272751,509340630.0,OI2309
2023-05-10 09:20:00,8311,8313,8303,8308,3295,272655,274728320.0,OI2309
2023-05-10 09:21:00,8308,8308,8302,8303,1203,272534,99187350.0,OI2309
2023-05-10 09:22:00,8303,8308,8303,8308,1391,272676,114687950.0,OI2309
2023-05-10 09:23:00,8309,8314,8307,8307,1702,272499,143461380.0,OI2309
2023-05-10 09:24:00,8308,8308,8300,8306,1659,272569,136801140.0,OI2309
2023-05-10 09:25:00,8307,8312,8305,8308,1367,272571,112722820.0,OI2309
2023-05-10 09:26:00,8308,8319,8304,8315,2123,272830,178245550.0,OI2309
2023-05-10 09:27:00,8314,8318,8306,8307,1716,272811,141518520.0,OI2309
2023-05-10 09:28:00,8307,8309,8304,8307,1259,272528,103829730.0,OI2309
2023-05-10 09:29:00,8307,8313,8305,8307,1247,272595,106065280.0,OI2309
2023-05-10 09:30:00,8307,8316,8307,8311,1750,272876,144340000.0,OI2309
2023-05-10 09:31:00,8311,8319,8306,8319,1664,273140,137246720.0,OI2309
2023-05-10 09:32:00,8318,8319,8314,8316,997,273202,85501860.0,OI2309
2023-05-10 09:33:00,8316,8321,8313,8318,1850,273438,152606500.0,OI2309
2023-05-10 09:34:00,8316,8316,8311,8313,923,273381,76138270.0,OI2309
2023-05-10 09:35:00,8313,8314,8308,8312,1314,273649,108391860.0,OI2309
2023-05-10 09:36:00,8312,8322,8312,8320,1556,273649,131680170.0,OI2309
2023-05-10 09:37:00,8320,8320,8313,8314,951,273591,78457500.0,OI2309
2023-05-10 09:38:00,8314,8317,8311,8313,779,273631,64267500.0,OI2309
2023-05-10 09:39:00,8314,8323,8314,8321,1191,273717,98257500.0,OI2309
2023-05-10 09:40:00,8321,8322,8313,8314,1746,273284,147417400.0,OI2309
2023-05-10 09:41:00,8314,8318,8312,8312,1094,273253,90265940.0,OI2309
2023-05-10 09:42:00,8311,8313,8305,8308,2348,273153,193733480.0,OI2309
2023-05-10 09:43:00,8308,8310,8298,8301,2585,272745,216721020.0,OI2309
2023-05-10 09:44:00,8301,8305,8299,8301,1665,272754,137395800.0,OI2309
2023-05-10 09:45:00,8302,8307,8300,8303,1340,272768,110576800.0,OI2309
2023-05-10 09:46:00,8303,8308,8302,8306,843,272677,69564360.0,OI2309
2023-05-10 09:47:00,8307,8313,8306,8312,1176,272691,97043520.0,OI2309
2023-05-10 09:48:00,8312,8317,8310,8313,1418,272818,120510450.0,OI2309
2023-05-10 09:49:00,8313,8316,8312,8315,697,272899,57523410.0,OI2309
2023-05-10 09:50:00,8316,8319,8313,8316,1164,273033,96064920.0,OI2309
2023-05-10 09:51:00,8316,8319,8315,8316,555,273156,45804150.0,OI2309
2023-05-10 09:52:00,8316,8318,8312,8313,991,273165,81787230.0,OI2309
2023-05-10 09:53:00,8313,8313,8307,8308,1325,273244,109352250.0,OI2309
2023-05-10 09:54:00,8308,8310,8307,8308,582,273320,51582690.0,OI2309
2023-05-10 09:55:00,8308,8309,8301,8305,1440,273053,118857600.0,OI2309
2023-05-10 09:56:00,8305,8305,8297,8297,1316,272994,108622640.0,OI2309
2023-05-10 09:57:00,8297,8299,8293,8294,2251,272732,185797540.0,OI2309
2023-05-10 09:58:00,8294,8302,8292,8302,2112,272692,174324480.0,OI2309
2023-05-10 09:59:00,8303,8307,8301,8305,1666,272937,141149720.0,OI2309
2023-05-10 10:00:00,8304,8310,8304,8309,1396,273011,115239800.0,OI2309
2023-05-10 10:01:00,8310,8312,8304,8304,1144,272970,94437200.0,OI2309
2023-05-10 10:02:00,8305,8312,8304,8310,818,273033,67525900.0,OI2309
2023-05-10 10:03:00,8311,8314,8307,8310,1049,273001,86594950.0,OI2309
2023-05-10 10:04:00,8309,8309,8305,8307,551,272999,45485050.0,OI2309
2023-05-10 10:05:00,8306,8306,8301,8301,1305,273020,111428460.0,OI2309
2023-05-10 10:06:00,8301,8305,8298,8302,1193,273001,98494080.0,OI2309
2023-05-10 10:07:00,8302,8304,8297,8300,903,272989,74551680.0,OI2309
2023-05-10 10:08:00,8300,8304,8298,8303,829,272964,68442240.0,OI2309
2023-05-10 10:09:00,8304,8310,8303,8306,1060,272995,87513600.0,OI2309
2023-05-10 10:10:00,8306,8316,8306,8313,1736,273143,143324160.0,OI2309
2023-05-10 10:11:00,8313,8314,8309,8310,726,273202,59938560.0,OI2309
2023-05-10 10:12:00,8310,8312,8306,8311,745,273188,61507200.0,OI2309
2023-05-10 10:13:00,8311,8311,8307,8308,413,273194,37874040.0,OI2309
2023-05-10 10:14:00,8308,8312,8308,8312,309,273154,25514130.0,OI2309
2023-05-10 10:30:00,8310,8310,8291,8295,3169,272688,261664330.0,OI2309
2023-05-10 10:31:00,8295,8304,8294,8298,1510,272559,124680700.0,OI2309
2023-05-10 10:32:00,8299,8306,8297,8298,1219,272636,100652830.0,OI2309
2023-05-10 10:33:00,8299,8303,8298,8301,682,272683,56312740.0,OI2309
2023-05-10 10:34:00,8302,8302,8297,8299,729,272739,60193530.0,OI2309
2023-05-10 10:35:00,8298,8299,8282,8285,3220,272458,269760540.0,OI2309
2023-05-10 10:36:00,8285,8288,8283,8285,1413,272326,116685540.0,OI2309
2023-05-10 10:37:00,8286,8286,8279,8281,2143,272194,176968940.0,OI2309
2023-05-10 10:38:00,8278,8281,8273,8276,2299,272102,189851420.0,OI2309
2023-05-10 10:39:00,8277,8277,8267,8270,3124,271971,257979920.0,OI2309
2023-05-10 10:40:00,8270,8274,8268,8274,1924,271927,158883920.0,OI2309
2023-05-10 10:41:00,8273,8282,8268,8269,2432,271888,200834560.0,OI2309
2023-05-10 10:42:00,8270,8280,8269,8278,1530,271833,126347400.0,OI2309
2023-05-10 10:43:00,8277,8283,8276,8279,1340,271877,110657200.0,OI2309
2023-05-10 10:44:00,8279,8280,8276,8277,729,271947,60200820.0,OI2309
2023-05-10 10:45:00,8277,8288,8277,8282,2079,271653,175759090.0,OI2309
2023-05-10 10:46:00,8282,8284,8280,8280,703,271582,58060770.0,OI2309
2023-05-10 10:47:00,8278,8280,8272,8273,1219,271689,100677210.0,OI2309
2023-05-10 10:48:00,8272,8272,8262,8265,2964,271418,244796760.0,OI2309
2023-05-10 10:49:00,8265,8274,8265,8270,1570,271302,129666300.0,OI2309
2023-05-10 10:50:00,8270,8272,8267,8270,734,271363,60621060.0,OI2309
2023-05-10 10:51:00,8271,8273,8265,8267,1023,271416,84489570.0,OI2309
2023-05-10 10:52:00,8267,8272,8265,8269,1315,271492,108605850.0,OI2309
2023-05-10 10:53:00,8268,8268,8260,8263,2063,271654,170383170.0,OI2309
2023-05-10 10:54:00,8264,8268,8264,8268,1129,271762,93244110.0,OI2309
2023-05-10 10:55:00,8267,8274,8265,8271,1449,272066,119672910.0,OI2309
2023-05-10 10:56:00,8271,8277,8269,8276,2910,272251,240336900.0,OI2309
2023-05-10 10:57:00,8276,8276,8271,8275,3896,272349,321770640.0,OI2309
2023-05-10 10:58:00,8275,8280,8271,8275,2103,272246,173686770.0,OI2309
2023-05-10 10:59:00,8274,8279,8274,8275,790,272249,65246100.0,OI2309
2023-05-10 11:00:00,8275,8277,8270,8272,1533,272201,126610470.0,OI2309
2023-05-10 11:01:00,8272,8281,8272,8276,1937,272066,159976830.0,OI2309
2023-05-10 11:02:00,8276,8279,8271,8273,875,271778,72266250.0,OI2309
2023-05-10 11:03:00,8272,8277,8272,8273,753,271658,62190270.0,OI2309
2023-05-10 11:04:00,8272,8274,8265,8267,1444,271760,119259960.0,OI2309
2023-05-10 11:05:00,8266,8273,8266,8271,886,271617,73174740.0,OI2309
2023-05-10 11:06:00,8272,8279,8271,8276,1010,271648,87814230.0,OI2309
2023-05-10 11:07:00,8277,8283,8275,8283,1064,271705,87886400.0,OI2309
2023-05-10 11:08:00,8283,8285,8278,8279,1076,271546,88877600.0,OI2309
2023-05-10 11:09:00,8280,8283,8278,8281,952,271634,78635200.0,OI2309
2023-05-10 11:10:00,8281,8291,8280,8287,1949,271364,160987400.0,OI2309
2023-05-10 11:11:00,8287,8288,8279,8280,1388,271489,114648800.0,OI2309
2023-05-10 11:12:00,8280,8284,8279,8283,697,271476,57572200.0,OI2309
2023-05-10 11:13:00,8283,8283,8278,8281,724,271276,59802400.0,OI2309
2023-05-10 11:14:00,8282,8290,8282,8284,1118,271305,92346800.0,OI2309
2023-05-10 11:15:00,8284,8284,8278,8278,1023,271305,84499800.0,OI2309
2023-05-10 11:16:00,8278,8278,8272,8274,1279,271217,105645400.0,OI2309
2023-05-10 11:17:00,8275,8275,8270,8272,745,271330,61537000.0,OI2309
2023-05-10 11:18:00,8272,8275,8271,8271,449,271388,37087400.0,OI2309
2023-05-10 11:19:00,8271,8276,8265,8267,1407,271471,116218200.0,OI2309
2023-05-10 11:20:00,8267,8270,8265,8267,848,271372,70044800.0,OI2309
2023-05-10 11:21:00,8266,8269,8256,8264,2336,271056,192953600.0,OI2309
2023-05-10 11:22:00,8263,8269,8261,8267,1175,270985,97055000.0,OI2309
2023-05-10 11:23:00,8268,8269,8264,8268,699,270999,57737400.0,OI2309
2023-05-10 11:24:00,8267,8270,8263,8263,919,271065,75909400.0,OI2309
2023-05-10 11:25:00,8264,8268,8254,8254,1548,271178,127864800.0,OI2309
2023-05-10 11:26:00,8256,8258,8251,8255,2203,271308,181967800.0,OI2309
2023-05-10 11:27:00,8255,8258,8253,8256,1120,271249,92512000.0,OI2309
2023-05-10 11:28:00,8256,8260,8254,8259,975,271053,80535000.0,OI2309
2023-05-10 11:29:00,8259,8263,8258,8262,1092,270697,90199200.0,OI2309
2023-05-10 13:30:00,8267,8273,8256,8256,3011,270789,248708600.0,OI2309
2023-05-10 13:31:00,8258,8259,8245,8246,3276,271122,270597600.0,OI2309
2023-05-10 13:32:00,8246,8247,8242,8247,1819,271367,150249400.0,OI2309
2023-05-10 13:33:00,8247,8248,8241,8246,1291,271482,106636600.0,OI2309
2023-05-10 13:34:00,8246,8251,8243,8247,1392,271306,114979200.0,OI2309
2023-05-10 13:35:00,8249,8252,8244,8252,1741,271356,143806600.0,OI2309
2023-05-10 13:36:00,8251,8255,8251,8254,1063,271236,87803800.0,OI2309
2023-05-10 13:37:00,8254,8258,8252,8254,1362,271197,112501200.0,OI2309
2023-05-10 13:38:00,8254,8259,8254,8258,848,271201,70044800.0,OI2309
2023-05-10 13:39:00,8258,8264,8257,8260,1620,271347,133812000.0,OI2309
2023-05-10 13:40:00,8260,8260,8255,8256,975,271345,80535000.0,OI2309
2023-05-10 13:41:00,8255,8257,8253,8255,710,271214,58646000.0,OI2309
2023-05-10 13:42:00,8255,8261,8253,8259,873,271214,72109800.0,OI2309
2023-05-10 13:43:00,8259,8266,8255,8263,1272,271005,105067200.0,OI2309
2023-05-10 13:44:00,8263,8269,8262,8266,1412,270852,116631200.0,OI2309
2023-05-10 13:45:00,8266,8271,8264,8266,1393,270786,115061800.0,OI2309
2023-05-10 13:46:00,8265,8272,8265,8272,986,270816,81443600.0,OI2309
2023-05-10 13:47:00,8272,8272,8267,8268,703,270832,58067800.0,OI2309
2023-05-10 13:48:00,8269,8270,8266,8269,667,270897,55094200.0,OI2309
2023-05-10 13:49:00,8269,8269,8262,8264,1379,271010,113905400.0,OI2309
2023-05-10 13:50:00,8264,8271,8263,8269,1165,271013,96229000.0,OI2309
2023-05-10 13:51:00,8269,8271,8266,8267,715,270865,59059000.0,OI2309
2023-05-10 13:52:00,8269,8274,8267,8271,1425,270757,117705000.0,OI2309
2023-05-10 13:53:00,8272,8272,8269,8270,595,270739,49147000.0,OI2309
2023-05-10 13:54:00,8271,8276,8270,8274,1571,270633,129764600.0,OI2309
2023-05-10 13:55:00,8276,8279,8274,8277,1354,270456,111840400.0,OI2309
2023-05-10 13:56:00,8278,8285,8277,8284,2297,270716,189732200.0,OI2309
2023-05-10 13:57:00,8284,8285,8278,8281,1372,270702,113327200.0,OI2309
2023-05-10 13:58:00,8281,8284,8279,8281,800,270754,66080000.0,OI2309
2023-05-10 13:59:00,8282,8282,8276,8279,1167,270838,96394200.0,OI2309
2023-05-10 14:00:00,8279,8280,8275,8279,914,270947,75496400.0,OI2309
2023-05-10 14:01:00,8279,8280,8272,8279,1118,271115,92346800.0,OI2309
2023-05-10 14:02:00,8279,8279,8272,8275,776,271161,64097600.0,OI2309
2023-05-10 14:03:00,8276,8277,8273,8274,515,271186,42539000.0,OI2309
2023-05-10 14:04:00,8274,8279,8271,8278,863,271294,76394390.0,OI2309
2023-05-10 14:05:00,8279,8280,8276,8278,440,271323,36348400.0,OI2309
2023-05-10 14:06:00,8277,8285,8277,8283,1203,271323,99379830.0,OI2309
2023-05-10 14:07:00,8282,8285,8280,8283,767,271316,63361870.0,OI2309
2023-05-10 14:08:00,8283,8284,8282,8282,357,271293,29491770.0,OI2309
2023-05-10 14:09:00,8282,8282,8275,8278,754,271252,62287940.0,OI2309
2023-05-10 14:10:00,8278,8282,8277,8282,612,271237,50557320.0,OI2309
2023-05-10 14:11:00,8282,8283,8278,8279,457,271232,37752770.0,OI2309
2023-05-10 14:12:00,8280,8289,8279,8284,1628,271209,134489080.0,OI2309
2023-05-10 14:13:00,8283,8283,8279,8279,835,271218,68979350.0,OI2309
2023-05-10 14:14:00,8279,8283,8279,8282,450,271216,37174500.0,OI2309
2023-05-10 14:15:00,8282,8282,8280,8281,427,271275,35274470.0,OI2309
2023-05-10 14:16:00,8281,8282,8276,8277,964,271289,79636040.0,OI2309
2023-05-10 14:17:00,8278,8279,8273,8274,1139,271208,94092790.0,OI2309
2023-05-10 14:18:00,8273,8275,8267,8267,1813,271021,149771930.0,OI2309
2023-05-10 14:19:00,8268,8268,8261,8261,2231,271151,184302910.0,OI2309
2023-05-10 14:20:00,8262,8265,8258,8260,1708,270845,141097880.0,OI2309
2023-05-10 14:21:00,8261,8262,8253,8255,1635,270923,135067350.0,OI2309
2023-05-10 14:22:00,8254,8256,8253,8255,1145,270876,94588450.0,OI2309
2023-05-10 14:23:00,8254,8260,8254,8258,1451,270904,119867110.0,OI2309
2023-05-10 14:24:00,8259,8259,8255,8256,720,270964,59479200.0,OI2309
2023-05-10 14:25:00,8256,8264,8255,8262,1701,270695,140519610.0,OI2309
2023-05-10 14:26:00,8263,8266,8261,8264,1306,270583,107888660.0,OI2309
2023-05-10 14:27:00,8263,8266,8263,8265,432,270666,35687520.0,OI2309
2023-05-10 14:28:00,8264,8265,8258,8259,814,270729,67244540.0,OI2309
2023-05-10 14:29:00,8259,8263,8256,8263,828,270807,68401080.0,OI2309
2023-05-10 14:30:00,8263,8268,8260,8261,1019,270874,84179590.0,OI2309
2023-05-10 14:31:00,8261,8262,8255,8259,1127,270926,93101470.0,OI2309
2023-05-10 14:32:00,8259,8263,8257,8259,636,270902,52539960.0,OI2309
2023-05-10 14:33:00,8259,8259,8252,8253,1194,270908,98636340.0,OI2309
2023-05-10 14:34:00,8253,8258,8253,8253,664,270957,54853040.0,OI2309
2023-05-10 14:35:00,8253,8260,8253,8258,1041,270938,85997010.0,OI2309
2023-05-10 14:36:00,8258,8258,8252,8256,710,270921,58653100.0,OI2309
2023-05-10 14:37:00,8256,8256,8251,8254,808,270941,66748880.0,OI2309
2023-05-10 14:38:00,8255,8257,8250,8251,1079,270800,89136190.0,OI2309
2023-05-10 14:39:00,8251,8255,8248,8254,1076,270790,88888360.0,OI2309
2023-05-10 14:40:00,8253,8256,8252,8253,565,270747,46674650.0,OI2309
2023-05-10 14:41:00,8252,8256,8252,8256,580,270844,47913800.0,OI2309
2023-05-10 14:42:00,8256,8260,8255,8255,827,270779,68318470.0,OI2309
2023-05-10 14:43:00,8254,8257,8251,8257,942,270830,77818620.0,OI2309
2023-05-10 14:44:00,8257,8259,8256,8259,655,270785,54109550.0,OI2309
2023-05-10 14:45:00,8259,8264,8257,8263,1061,270561,87649210.0,OI2309
2023-05-10 14:46:00,8264,8268,8262,8264,1223,270458,101032030.0,OI2309
2023-05-10 14:47:00,8264,8264,8259,8261,761,270458,62866210.0,OI2309
2023-05-10 14:48:00,8262,8262,8258,8260,583,270420,48161630.0,OI2309
2023-05-10 14:49:00,8262,8264,8258,8259,554,270522,45765940.0,OI2309
2023-05-10 14:50:00,8258,8263,8253,8255,1652,270153,136471720.0,OI2309
2023-05-10 14:51:00,8256,8256,8247,8247,1693,270130,139858730.0,OI2309
2023-05-10 14:52:00,8247,8249,8244,8244,2069,269706,170920090.0,OI2309
2023-05-10 14:53:00,8243,8248,8241,8248,1462,269712,120775820.0,OI2309
2023-05-10 14:54:00,8249,8252,8248,8251,1070,269602,88392700.0,OI2309
2023-05-10 14:55:00,8250,8254,8241,8243,1989,269451,164311290.0,OI2309
2023-05-10 14:56:00,8244,8245,8237,8243,2924,269353,241551640.0,OI2309
2023-05-10 14:57:00,8243,8247,8239,8241,1747,269160,141989740.0,OI2309
2023-05-10 14:58:00,8241,8245,8238,8238,1384,268959,114318400.0,OI2309
2023-05-10 14:59:00,8239,8248,8237,8248,2951,268431,243752600.0,OI2309
2023-05-10 21:00:00,8231,8243,8205,8206,11215,269499,922097300.0,OI2309
2023-05-10 21:01:00,8204,8222,8203,8216,7365,269399,604807100.0,OI2309
2023-05-10 21:02:00,8216,8217,8206,8207,4343,269919,356678510.0,OI2309
2023-05-10 21:03:00,8206,8206,8194,8196,6088,270519,499090520.0,OI2309
2023-05-10 21:04:00,8197,8201,8192,8199,3299,271349,270300670.0,OI2309
2023-05-10 21:05:00,8199,8209,8196,8202,4400,271217,360916900.0,OI2309
2023-05-10 21:06:00,8201,8213,8199,8210,3628,271007,297858800.0,OI2309
2023-05-10 21:07:00,8210,8221,8205,8220,3391,270938,278838390.0,OI2309
2023-05-10 21:08:00,8220,8227,8216,8220,3091,270940,253802010.0,OI2309
2023-05-10 21:09:00,8221,8222,8215,8218,1979,271079,162495690.0,OI2309
2023-05-10 21:10:00,8218,8226,8217,8220,2496,271233,205459510.0,OI2309
2023-05-10 21:11:00,8221,8228,8220,8223,1432,271300,117595840.0,OI2309
2023-05-10 21:12:00,8224,8226,8217,8223,2528,271513,208151910.0,OI2309
2023-05-10 21:13:00,8222,8230,8222,8229,2591,271812,212798830.0,OI2309
2023-05-10 21:14:00,8230,8236,8229,8236,3386,272350,278704500.0,OI2309
2023-05-10 21:15:00,8237,8237,8229,8229,2598,272640,214038020.0,OI2309
2023-05-10 21:16:00,8230,8233,8224,8226,1827,272593,150744620.0,OI2309
2023-05-10 21:17:00,8225,8226,8221,8225,1676,272548,137700160.0,OI2309
2023-05-10 21:18:00,8225,8233,8222,8230,1469,272692,120693040.0,OI2309
2023-05-10 21:19:00,8230,8234,8228,8229,994,272674,81667040.0,OI2309
2023-05-10 21:20:00,8229,8238,8229,8236,2709,272859,223296490.0,OI2309
2023-05-10 21:21:00,8236,8238,8224,8224,1896,272915,155794320.0,OI2309
2023-05-10 21:22:00,8224,8225,8210,8213,3568,273190,293182560.0,OI2309
2023-05-10 21:23:00,8213,8221,8210,8220,2003,273187,164586510.0,OI2309
2023-05-10 21:24:00,8220,8230,8220,8227,1907,273067,156698190.0,OI2309
2023-05-10 21:25:00,8228,8234,8227,8230,1761,273308,145537770.0,OI2309
2023-05-10 21:26:00,8230,8235,8228,8231,1337,273486,109874660.0,OI2309
2023-05-10 21:27:00,8231,8232,8226,8230,1156,273641,95000080.0,OI2309
2023-05-10 21:28:00,8230,8236,8229,8232,1396,273899,114723280.0,OI2309
2023-05-10 21:29:00,8233,8233,8227,8227,939,273998,77167020.0,OI2309
2023-05-10 21:30:00,8228,8235,8223,8232,2519,274163,207921290.0,OI2309
2023-05-10 21:31:00,8231,8248,8231,8238,5454,274241,449228670.0,OI2309
2023-05-10 21:32:00,8238,8241,8232,8237,2378,274353,195471600.0,OI2309
2023-05-10 21:33:00,8238,8245,8235,8244,2047,274765,169272060.0,OI2309
2023-05-10 21:34:00,8243,8248,8242,8242,1615,274911,132769150.0,OI2309
2023-05-10 21:35:00,8242,8247,8239,8246,4916,275825,405218330.0,OI2309
2023-05-10 21:36:00,8249,8257,8246,8256,4446,275785,366668550.0,OI2309
2023-05-10 21:37:00,8256,8258,8251,8252,3169,276018,261736990.0,OI2309
2023-05-10 21:38:00,8252,8252,8245,8250,2493,276022,206199370.0,OI2309
2023-05-10 21:39:00,8250,8250,8239,8239,2995,276356,246338750.0,OI2309
2023-05-10 21:40:00,8240,8243,8236,8237,2640,276313,218371400.0,OI2309
2023-05-10 21:41:00,8237,8241,8233,8236,2185,276250,179738100.0,OI2309
2023-05-10 21:42:00,8235,8235,8225,8228,2917,275994,239952420.0,OI2309
2023-05-10 21:43:00,8227,8228,8219,8222,3186,275874,262080360.0,OI2309
2023-05-10 21:44:00,8221,8236,8221,8235,2984,275745,245463840.0,OI2309
2023-05-10 21:45:00,8234,8243,8234,8238,2397,275829,197177220.0,OI2309
2023-05-10 21:46:00,8238,8239,8228,8230,2103,275966,172992780.0,OI2309
2023-05-10 21:47:00,8230,8235,8229,8229,1958,276088,161065080.0,OI2309
2023-05-10 21:48:00,8229,8231,8220,8222,2142,276056,176200920.0,OI2309
2023-05-10 21:49:00,8222,8230,8220,8227,1480,276173,121744800.0,OI2309
2023-05-10 21:50:00,8227,8230,8226,8228,723,276199,59473980.0,OI2309
2023-05-10 21:51:00,8227,8240,8224,8237,2410,276014,198246600.0,OI2309
2023-05-10 21:52:00,8237,8241,8236,8237,1568,276205,128983680.0,OI2309
2023-05-10 21:53:00,8237,8242,8234,8238,1678,276418,139540990.0,OI2309
2023-05-10 21:54:00,8238,8242,8236,8240,1414,276560,116329780.0,OI2309
2023-05-10 21:55:00,8240,8246,8238,8242,1655,276598,136156850.0,OI2309
2023-05-10 21:56:00,8244,8250,8243,8246,2060,276832,169476200.0,OI2309
2023-05-10 21:57:00,8246,8256,8246,8251,2640,277093,218779200.0,OI2309
2023-05-10 21:58:00,8252,8255,8247,8248,1781,277066,146540680.0,OI2309
2023-05-10 21:59:00,8248,8251,8247,8247,1230,277142,101204400.0,OI2309
2023-05-10 22:00:00,8248,8266,8247,8264,4853,277609,400969880.0,OI2309
2023-05-10 22:01:00,8264,8274,8259,8264,4651,278260,384442340.0,OI2309
2023-05-10 22:02:00,8264,8264,8256,8259,2173,278444,178837900.0,OI2309
2023-05-10 22:03:00,8257,8257,8248,8248,3272,278051,271051600.0,OI2309
2023-05-10 22:04:00,8248,8253,8248,8252,812,277947,66835720.0,OI2309
2023-05-10 22:05:00,8252,8255,8250,8255,826,277899,67988060.0,OI2309
2023-05-10 22:06:00,8255,8264,8255,8261,1799,277928,148075690.0,OI2309
2023-05-10 22:07:00,8261,8265,8261,8264,1422,277917,117044820.0,OI2309
2023-05-10 22:08:00,8265,8272,8265,8267,2308,278125,191809150.0,OI2309
2023-05-10 22:09:00,8267,8269,8260,8260,1945,278310,160112400.0,OI2309
2023-05-10 22:10:00,8260,8261,8257,8259,1569,278058,129160080.0,OI2309
2023-05-10 22:11:00,8259,8267,8259,8266,1297,278134,108654820.0,OI2309
2023-05-10 22:12:00,8265,8267,8261,8265,871,278322,71709430.0,OI2309
2023-05-10 22:13:00,8264,8270,8263,8268,1175,278528,96737750.0,OI2309
2023-05-10 22:14:00,8267,8276,8263,8272,3425,278875,283920740.0,OI2309
2023-05-10 22:15:00,8271,8280,8267,8268,3367,279355,277238780.0,OI2309
2023-05-10 22:16:00,8267,8268,8261,8263,2581,279434,214519510.0,OI2309
2023-05-10 22:17:00,8265,8265,8259,8259,2104,279159,173264400.0,OI2309
2023-05-10 22:18:00,8259,8260,8251,8253,2924,278760,240791400.0,OI2309
2023-05-10 22:19:00,8252,8252,8243,8247,3029,278399,249438150.0,OI2309
2023-05-10 22:20:00,8247,8255,8240,8255,3615,278243,299811940.0,OI2309
2023-05-10 22:21:00,8254,8260,8250,8259,2009,278309,165461240.0,OI2309
2023-05-10 22:22:00,8260,8265,8258,8263,1660,278505,136717600.0,OI2309
2023-05-10 22:23:00,8263,8264,8255,8259,1421,278600,117033560.0,OI2309
2023-05-10 22:24:00,8259,8263,8256,8257,1019,278754,83924840.0,OI2309
2023-05-10 22:25:00,8258,8267,8257,8261,1902,278925,158845520.0,OI2309
2023-05-10 22:26:00,8261,8262,8253,8253,1420,278966,116965400.0,OI2309
2023-05-10 22:27:00,8254,8261,8253,8260,1027,279113,84593990.0,OI2309
2023-05-10 22:28:00,8258,8260,8256,8257,536,279185,44150320.0,OI2309
2023-05-10 22:29:00,8257,8260,8254,8260,996,279420,82040520.0,OI2309
2023-05-10 22:30:00,8260,8272,8259,8270,3368,279671,277422160.0,OI2309
2023-05-10 22:31:00,8270,8276,8267,8268,3336,280143,277089950.0,OI2309
2023-05-10 22:32:00,8269,8270,8265,8267,1683,280171,138645540.0,OI2309
2023-05-10 22:33:00,8266,8267,8252,8252,3226,279818,265757880.0,OI2309
2023-05-10 22:34:00,8252,8254,8243,8252,3789,279454,312137820.0,OI2309
2023-05-10 22:35:00,8252,8262,8252,8261,2335,279559,194771260.0,OI2309
2023-05-10 22:36:00,8261,8266,8256,8256,1922,279688,158353580.0,OI2309
2023-05-10 22:37:00,8256,8260,8249,8258,2002,279627,164944780.0,OI2309
2023-05-10 22:38:00,8258,8261,8255,8258,959,279656,79012010.0,OI2309
2023-05-10 22:39:00,8258,8269,8258,8268,2274,279815,187354860.0,OI2309
2023-05-10 22:40:00,8269,8272,8265,8266,2824,280406,235183130.0,OI2309
2023-05-10 22:41:00,8264,8265,8260,8261,1295,280310,106708000.0,OI2309
2023-05-10 22:42:00,8259,8266,8258,8264,1118,280258,92123200.0,OI2309
2023-05-10 22:43:00,8265,8265,8261,8263,575,280301,47380000.0,OI2309
2023-05-10 22:44:00,8263,8263,8255,8260,1377,280090,113464800.0,OI2309
2023-05-10 22:45:00,8259,8260,8255,8260,1127,279987,92864800.0,OI2309
2023-05-10 22:46:00,8259,8267,8254,8267,1488,279976,122611200.0,OI2309
2023-05-10 22:47:00,8266,8267,8259,8260,1164,279976,95913600.0,OI2309
2023-05-10 22:48:00,8260,8265,8258,8264,1368,280171,112723200.0,OI2309
2023-05-10 22:49:00,8263,8265,8262,8263,666,280140,54878400.0,OI2309
2023-05-10 22:50:00,8263,8268,8261,8267,1270,280208,107276250.0,OI2309
2023-05-10 22:51:00,8267,8270,8263,8269,1264,280336,104166240.0,OI2309
2023-05-10 22:52:00,8269,8270,8265,8268,951,280391,78371910.0,OI2309
2023-05-10 22:53:00,8268,8275,8265,8271,2125,280467,175121250.0,OI2309
2023-05-10 22:54:00,8272,8273,8269,8273,810,280502,66752100.0,OI2309
2023-05-10 22:55:00,8271,8273,8268,8271,913,280372,75240330.0,OI2309
2023-05-10 22:56:00,8271,8272,8268,8270,570,280301,46973700.0,OI2309
2023-05-10 22:57:00,8271,8273,8267,8268,1195,280110,98479950.0,OI2309
2023-05-10 22:58:00,8268,8270,8264,8268,1419,279742,119660510.0,OI2309
2023-05-10 22:59:00,8268,8273,8267,8271,1756,278842,144729520.0,OI2309
2023-05-11 09:00:00,8268,8270,8259,8266,5947,279567,490151740.0,OI2309
2023-05-11 09:01:00,8265,8266,8250,8250,3744,279705,308580480.0,OI2309
2023-05-11 09:02:00,8251,8258,8247,8250,2935,279770,241902700.0,OI2309
2023-05-11 09:03:00,8250,8254,8244,8247,2169,279787,181655210.0,OI2309
2023-05-11 09:04:00,8248,8251,8246,8250,1405,279762,115814150.0,OI2309
2023-05-11 09:05:00,8250,8252,8233,8234,4204,279397,346535720.0,OI2309
2023-05-11 09:06:00,8235,8242,8226,8226,3641,279212,298386080.0,OI2309
2023-05-11 09:07:00,8225,8228,8217,8222,4527,279374,373115340.0,OI2309
2023-05-11 09:08:00,8221,8229,8216,8229,4343,278945,357950060.0,OI2309
2023-05-11 09:09:00,8228,8231,8220,8220,2177,278974,179428340.0,OI2309
2023-05-11 09:10:00,8220,8225,8213,8216,4111,279101,337419250.0,OI2309
2023-05-11 09:11:00,8216,8216,8202,8203,4736,279581,390293760.0,OI2309
2023-05-11 09:12:00,8202,8202,8186,8196,8324,280697,682965290.0,OI2309
2023-05-11 09:13:00,8196,8199,8187,8187,4552,281520,371778370.0,OI2309
2023-05-11 09:14:00,8188,8197,8187,8195,3337,281663,274935430.0,OI2309
2023-05-11 09:15:00,8196,8211,8193,8208,4538,281045,371298160.0,OI2309
2023-05-11 09:16:00,8209,8218,8206,8208,3260,280622,268558800.0,OI2309
2023-05-11 09:17:00,8209,8210,8186,8187,3400,281077,280092000.0,OI2309
2023-05-11 09:18:00,8188,8188,8160,8168,9743,281304,795529920.0,OI2309
2023-05-11 09:19:00,8167,8168,8151,8166,6716,281380,547234400.0,OI2309
2023-05-11 09:20:00,8165,8181,8164,8181,4644,281153,382386960.0,OI2309
2023-05-11 09:21:00,8182,8187,8174,8180,3576,281018,292852880.0,OI2309
2023-05-11 09:22:00,8180,8190,8179,8183,2559,280865,210682470.0,OI2309
2023-05-11 09:23:00,8183,8191,8183,8189,1607,280651,132304310.0,OI2309
2023-05-11 09:24:00,8190,8199,8189,8190,2815,280370,227990570.0,OI2309
2023-05-11 09:25:00,8191,8201,8191,8195,2856,280605,235105920.0,OI2309
2023-05-11 09:26:00,8196,8207,8196,8203,2559,280690,210656880.0,OI2309
2023-05-11 09:27:00,8203,8209,8194,8194,2722,280672,224075040.0,OI2309
2023-05-11 09:28:00,8194,8194,8183,8186,2493,280645,201349080.0,OI2309
2023-05-11 09:29:00,8186,8186,8177,8183,2533,280690,208491230.0,OI2309
2023-05-11 09:30:00,8183,8184,8169,8172,3336,280887,271210790.0,OI2309
2023-05-11 09:31:00,8171,8171,8152,8157,4953,281640,407631900.0,OI2309
2023-05-11 09:32:00,8155,8163,8143,8149,6382,282107,520564520.0,OI2309
2023-05-11 09:33:00,8150,8163,8149,8162,3145,282200,258770600.0,OI2309
2023-05-11 09:34:00,8163,8171,8161,8165,2525,281902,206024540.0,OI2309
2023-05-11 09:35:00,8165,8165,8152,8159,2432,281865,200080640.0,OI2309
2023-05-11 09:36:00,8158,8158,8146,8146,2742,282111,225584340.0,OI2309
2023-05-11 09:37:00,8148,8161,8148,8152,2439,282176,196476980.0,OI2309
2023-05-11 09:38:00,8152,8164,8152,8163,1702,282092,140006520.0,OI2309
2023-05-11 09:39:00,8162,8171,8159,8159,2286,281837,188046360.0,OI2309
2023-05-11 09:40:00,8160,8167,8154,8154,1920,281867,153700570.0,OI2309
2023-05-11 09:41:00,8153,8162,8142,8155,3080,281883,253330000.0,OI2309
2023-05-11 09:42:00,8155,8159,8150,8152,1274,282004,104455760.0,OI2309
2023-05-11 09:43:00,8152,8155,8144,8151,2214,282100,182079360.0,OI2309
2023-05-11 09:44:00,8150,8159,8150,8157,1514,281989,124511360.0,OI2309
2023-05-11 09:45:00,8157,8164,8157,8161,1684,281805,138492160.0,OI2309
2023-05-11 09:46:00,8160,8167,8157,8158,1671,281665,135193210.0,OI2309
2023-05-11 09:47:00,8159,8162,8154,8156,1303,281748,107145690.0,OI2309
2023-05-11 09:48:00,8155,8156,8142,8147,3216,282123,264451680.0,OI2309
2023-05-11 09:49:00,8149,8149,8142,8148,2086,282426,168064140.0,OI2309
2023-05-11 09:50:00,8148,8153,8145,8146,1547,282461,127194340.0,OI2309
2023-05-11 09:51:00,8146,8146,8133,8138,3825,282621,310018730.0,OI2309
2023-05-11 09:52:00,8138,8147,8136,8141,1907,282692,156774470.0,OI2309
2023-05-11 09:53:00,8141,8141,8135,8137,1338,282899,109996980.0,OI2309
2023-05-11 09:54:00,8138,8140,8124,8128,3829,282715,313767350.0,OI2309
2023-05-11 09:55:00,8127,8132,8115,8120,3859,282681,312627700.0,OI2309
2023-05-11 09:56:00,8120,8134,8119,8127,2406,282755,197749140.0,OI2309
2023-05-11 09:57:00,8128,8128,8119,8122,1857,283007,150889480.0,OI2309
2023-05-11 09:58:00,8122,8127,8112,8114,2846,283073,233884280.0,OI2309
2023-05-11 09:59:00,8113,8122,8105,8110,4329,283490,354077430.0,OI2309
2023-05-11 10:00:00,8110,8119,8104,8112,3797,283584,307265040.0,OI2309
2023-05-11 10:01:00,8113,8118,8104,8105,3485,283854,282939410.0,OI2309
2023-05-11 10:02:00,8104,8113,8103,8110,2437,283991,200199550.0,OI2309
2023-05-11 10:03:00,8111,8117,8108,8117,1433,283992,115735340.0,OI2309
2023-05-11 10:04:00,8116,8116,8107,8108,2257,283900,185389980.0,OI2309
2023-05-11 10:05:00,8109,8114,8101,8114,2124,283756,169613550.0,OI2309
2023-05-11 10:06:00,8114,8119,8112,8118,1746,283675,143398980.0,OI2309
2023-05-11 10:07:00,8117,8118,8105,8107,2504,284037,204580770.0,OI2309
2023-05-11 10:08:00,8108,8108,8083,8088,6410,283769,521430790.0,OI2309
2023-05-11 10:09:00,8088,8096,8087,8091,3072,283871,250500570.0,OI2309
2023-05-11 10:10:00,8089,8096,8087,8093,2132,284300,175037200.0,OI2309
2023-05-11 10:11:00,8092,8099,8092,8097,2083,284181,169109030.0,OI2309
2023-05-11 10:12:00,8097,8102,8089,8102,1771,284215,145381390.0,OI2309
2023-05-11 10:13:00,8102,8107,8099,8104,1801,284189,144142890.0,OI2309
2023-05-11 10:14:00,8105,8111,8103,8109,1701,283913,139618080.0,OI2309
2023-05-11 10:30:00,8108,8115,8100,8111,2846,283825,232940620.0,OI2309
2023-05-11 10:31:00,8111,8111,8097,8097,1751,284361,143704570.0,OI2309
2023-05-11 10:32:00,8098,8106,8092,8101,2233,284771,183262310.0,OI2309
2023-05-11 10:33:00,8100,8103,8097,8101,1210,284900,96508930.0,OI2309
2023-05-11 10:34:00,8101,8106,8100,8102,1090,284921,89445400.0,OI2309
2023-05-11 10:35:00,8102,8105,8097,8098,1447,285097,118740820.0,OI2309
2023-05-11 10:36:00,8099,8110,8097,8109,1303,285134,106924180.0,OI2309
2023-05-11 10:37:00,8109,8109,8101,8106,1127,285192,89358810.0,OI2309
2023-05-11 10:38:00,8106,8106,8103,8104,558,285236,45783900.0,OI2309
2023-05-11 10:39:00,8104,8110,8102,8106,874,285331,71711700.0,OI2309
2023-05-11 10:40:00,8107,8108,8092,8095,2649,285290,217350450.0,OI2309
2023-05-11 10:41:00,8096,8096,8089,8092,1611,285481,126911550.0,OI2309
2023-05-11 10:42:00,8092,8092,8085,8091,1837,285673,150707480.0,OI2309
2023-05-11 10:43:00,8091,8091,8081,8088,2136,285686,169926710.0,OI2309
2023-05-11 10:44:00,8089,8089,8082,8087,1489,285863,122142670.0,OI2309
2023-05-11 10:45:00,8086,8087,8081,8084,1971,286011,161681130.0,OI2309
2023-05-11 10:46:00,8083,8085,8079,8085,2963,286084,237679930.0,OI2309
2023-05-11 10:47:00,8085,8085,8070,8078,3103,286347,249102070.0,OI2309
2023-05-11 10:48:00,8077,8083,8074,8081,1528,286354,125311280.0,OI2309
2023-05-11 10:49:00,8080,8080,8073,8076,1483,286711,121620830.0,OI2309
2023-05-11 10:50:00,8075,8078,8066,8068,2390,286949,190650790.0,OI2309
2023-05-11 10:51:00,8067,8074,8067,8071,1333,287115,109306000.0,OI2309
2023-05-11 10:52:00,8071,8074,8068,8068,1032,287340,84455710.0,OI2309
2023-05-11 10:53:00,8069,8070,8064,8066,2186,287820,179230140.0,OI2309
2023-05-11 10:54:00,8065,8067,8064,8066,902,287959,73954980.0,OI2309
2023-05-11 10:55:00,8066,8067,8060,8066,1417,288014,112646700.0,OI2309
2023-05-11 10:56:00,8066,8067,8062,8064,1242,288257,101819160.0,OI2309
2023-05-11 10:57:00,8064,8076,8064,8072,2978,288315,242817220.0,OI2309
2023-05-11 10:58:00,8072,8080,8072,8072,1900,288509,155743000.0,OI2309
2023-05-11 10:59:00,8072,8077,8072,8075,800,288607,65576000.0,OI2309
2023-05-11 11:00:00,8074,8080,8070,8073,1952,288740,154669590.0,OI2309
2023-05-11 11:01:00,8074,8076,8067,8073,1294,288807,106056240.0,OI2309
2023-05-11 11:02:00,8073,8083,8071,8079,2509,289152,205637640.0,OI2309
2023-05-11 11:03:00,8079,8086,8076,8086,1469,289121,114729100.0,OI2309
2023-05-11 11:04:00,8085,8102,8084,8101,4859,288777,393679410.0,OI2309
2023-05-11 11:05:00,8102,8117,8100,8113,5359,287741,439116460.0,OI2309
2023-05-11 11:06:00,8113,8115,8111,8112,2441,287888,194218810.0,OI2309
2023-05-11 11:07:00,8112,8119,8099,8100,4011,287684,328621230.0,OI2309
2023-05-11 11:08:00,8100,8100,8084,8090,2951,288440,235909080.0,OI2309
2023-05-11 11:09:00,8086,8087,8083,8086,1967,288601,161136640.0,OI2309
2023-05-11 11:10:00,8086,8097,8083,8094,1962,288724,159250240.0,OI2309
2023-05-11 11:11:00,8095,8104,8095,8104,1421,288646,116394110.0,OI2309
2023-05-11 11:12:00,8104,8107,8099,8101,1171,288552,95916610.0,OI2309
2023-05-11 11:13:00,8101,8110,8101,8101,1512,288680,123847920.0,OI2309
2023-05-11 11:14:00,8101,8108,8096,8104,1678,288681,137444980.0,OI2309
2023-05-11 11:15:00,8106,8110,8100,8103,1250,288623,102218210.0,OI2309
2023-05-11 11:16:00,8103,8103,8092,8097,1576,288694,129074400.0,OI2309
2023-05-11 11:17:00,8097,8100,8094,8098,956,288661,78296400.0,OI2309
2023-05-11 11:18:00,8098,8105,8098,8104,652,288557,53398800.0,OI2309
2023-05-11 11:19:00,8105,8110,8103,8107,1161,288534,95085900.0,OI2309
2023-05-11 11:20:00,8108,8109,8097,8099,1066,288533,87305400.0,OI2309
2023-05-11 11:21:00,8099,8102,8098,8099,792,288375,64291120.0,OI2309
2023-05-11 11:22:00,8100,8105,8097,8099,1069,288507,87540410.0,OI2309
2023-05-11 11:23:00,8099,8103,8093,8102,1331,288551,108995590.0,OI2309
2023-05-11 11:24:00,8102,8111,8101,8107,1648,288361,134954720.0,OI2309
2023-05-11 11:25:00,8107,8110,8105,8107,702,288335,57486780.0,OI2309
2023-05-11 11:26:00,8106,8111,8105,8106,1105,288369,90488450.0,OI2309
2023-05-11 11:27:00,8104,8106,8103,8105,427,288290,34967030.0,OI2309
2023-05-11 11:28:00,8105,8106,8099,8102,1044,288316,82788320.0,OI2309
2023-05-11 11:29:00,8101,8104,8100,8103,866,288100,70908080.0,OI2309
2023-05-11 13:30:00,8100,8107,8094,8106,1986,288083,162613680.0,OI2309
2023-05-11 13:31:00,8106,8114,8103,8104,2465,287827,201834200.0,OI2309
2023-05-11 13:32:00,8104,8110,8101,8109,1176,287758,96290880.0,OI2309
2023-05-11 13:33:00,8108,8111,8103,8107,998,287760,80893430.0,OI2309
2023-05-11 13:34:00,8108,8108,8102,8104,687,287734,56244690.0,OI2309
2023-05-11 13:35:00,8104,8105,8099,8099,913,287725,74747310.0,OI2309
2023-05-11 13:36:00,8099,8101,8097,8099,1096,287810,89729520.0,OI2309
2023-05-11 13:37:00,8098,8102,8096,8099,735,287959,60174450.0,OI2309
2023-05-11 13:38:00,8099,8099,8094,8099,1126,288168,92185620.0,OI2309
2023-05-11 13:39:00,8099,8106,8098,8104,1442,288104,118056540.0,OI2309
2023-05-11 13:40:00,8104,8111,8101,8111,1339,288004,108473070.0,OI2309
2023-05-11 13:41:00,8112,8112,8107,8111,1077,287915,88163220.0,OI2309
2023-05-11 13:42:00,8111,8116,8111,8113,1491,287898,122053260.0,OI2309
2023-05-11 13:43:00,8113,8125,8112,8123,2605,287626,213245300.0,OI2309
2023-05-11 13:44:00,8124,8127,8122,8123,2392,287503,195809120.0,OI2309
2023-05-11 13:45:00,8124,8133,8122,8133,2903,287291,231275360.0,OI2309
2023-05-11 13:46:00,8133,8137,8122,8125,3021,287085,247268850.0,OI2309
2023-05-11 13:47:00,8125,8130,8123,8127,1188,286930,97237800.0,OI2309
2023-05-11 13:48:00,8127,8136,8127,8129,2671,286946,218621350.0,OI2309
2023-05-11 13:49:00,8127,8131,8127,8129,955,286774,78166750.0,OI2309
2023-05-11 13:50:00,8129,8129,8121,8124,1623,286650,132842550.0,OI2309
2023-05-11 13:51:00,8123,8128,8122,8122,962,286468,78081750.0,OI2309
2023-05-11 13:52:00,8123,8126,8120,8121,1747,286362,142974480.0,OI2309
2023-05-11 13:53:00,8121,8125,8121,8125,618,286287,50577120.0,OI2309
2023-05-11 13:54:00,8125,8129,8120,8120,1704,286561,139455360.0,OI2309
2023-05-11 13:55:00,8120,8124,8119,8122,649,286459,53114160.0,OI2309
2023-05-11 13:56:00,8122,8126,8120,8121,1037,286519,84868080.0,OI2309
2023-05-11 13:57:00,8120,8123,8112,8115,2267,286401,185531280.0,OI2309
2023-05-11 13:58:00,8116,8120,8111,8120,1825,286405,149358000.0,OI2309
2023-05-11 13:59:00,8120,8126,8119,8125,1252,286495,95884270.0,OI2309
2023-05-11 14:00:00,8125,8126,8121,8121,799,286532,65382170.0,OI2309
2023-05-11 14:01:00,8120,8122,8117,8117,931,286733,76183730.0,OI2309
2023-05-11 14:02:00,8117,8117,8110,8113,1599,286790,130846170.0,OI2309
2023-05-11 14:03:00,8113,8115,8110,8112,1045,286780,85512350.0,OI2309
2023-05-11 14:04:00,8112,8116,8111,8111,610,286787,49916300.0,OI2309
2023-05-11 14:05:00,8111,8116,8109,8113,1100,286829,90013000.0,OI2309
2023-05-11 14:06:00,8113,8120,8112,8112,892,286852,72992360.0,OI2309
2023-05-11 14:07:00,8111,8115,8110,8114,723,286938,59163090.0,OI2309
2023-05-11 14:08:00,8115,8117,8114,8116,457,286805,37396310.0,OI2309
2023-05-11 14:09:00,8115,8119,8115,8118,565,286770,44760950.0,OI2309
2023-05-11 14:10:00,8118,8122,8117,8120,1010,286760,82638200.0,OI2309
2023-05-11 14:11:00,8120,8124,8120,8123,658,286704,53837560.0,OI2309
2023-05-11 14:12:00,8123,8125,8119,8121,662,286711,54164840.0,OI2309
2023-05-11 14:13:00,8120,8125,8120,8125,512,286652,41891840.0,OI2309
2023-05-11 14:14:00,8124,8127,8122,8123,706,286671,57764920.0,OI2309
2023-05-11 14:15:00,8123,8127,8122,8123,869,286580,71101580.0,OI2309
2023-05-11 14:16:00,8124,8124,8119,8119,656,286480,53673920.0,OI2309
2023-05-11 14:17:00,8119,8124,8118,8123,602,286361,49255640.0,OI2309
2023-05-11 14:18:00,8123,8125,8121,8122,372,286374,30437040.0,OI2309
2023-05-11 14:19:00,8122,8124,8118,8120,674,286259,55146680.0,OI2309
2023-05-11 14:20:00,8121,8124,8120,8123,315,286207,25773300.0,OI2309
2023-05-11 14:21:00,8122,8122,8112,8112,1288,286242,105384160.0,OI2309
2023-05-11 14:22:00,8112,8114,8105,8107,1974,286178,161512680.0,OI2309
2023-05-11 14:23:00,8106,8110,8106,8108,787,286123,63650520.0,OI2309
2023-05-11 14:24:00,8108,8110,8106,8110,768,286033,62830080.0,OI2309
2023-05-11 14:25:00,8109,8111,8108,8109,593,286025,48513330.0,OI2309
2023-05-11 14:26:00,8107,8111,8106,8107,718,285977,58739580.0,OI2309
2023-05-11 14:27:00,8108,8113,8106,8108,1933,285942,158138730.0,OI2309
2023-05-11 14:28:00,8108,8110,8107,8109,472,285932,38614320.0,OI2309
2023-05-11 14:29:00,8109,8114,8107,8111,881,285940,72074610.0,OI2309
2023-05-11 14:30:00,8110,8110,8098,8103,2532,285869,207142920.0,OI2309
2023-05-11 14:31:00,8102,8104,8089,8093,3034,286083,247697680.0,OI2309
2023-05-11 14:32:00,8093,8101,8093,8098,1281,286046,104785800.0,OI2309
2023-05-11 14:33:00,8098,8099,8091,8095,1149,286064,93988200.0,OI2309
2023-05-11 14:34:00,8094,8098,8082,8085,2336,286037,191084800.0,OI2309
2023-05-11 14:35:00,8086,8089,8081,8086,1743,285963,137659720.0,OI2309
2023-05-11 14:36:00,8087,8091,8083,8090,1647,285954,134708130.0,OI2309
2023-05-11 14:37:00,8090,8095,8088,8092,1091,286027,89232890.0,OI2309
2023-05-11 14:38:00,8093,8093,8088,8089,646,286011,52836340.0,OI2309
2023-05-11 14:39:00,8088,8092,8083,8083,1547,286183,126529130.0,OI2309
2023-05-11 14:40:00,8085,8088,8083,8087,1249,286175,102155710.0,OI2309
2023-05-11 14:41:00,8088,8088,8083,8086,1151,286214,93315890.0,OI2309
2023-05-11 14:42:00,8087,8091,8084,8085,1536,286378,125614080.0,OI2309
2023-05-11 14:43:00,8084,8085,8073,8080,3026,286173,247466280.0,OI2309
2023-05-11 14:44:00,8080,8089,8069,8072,3801,285798,309111570.0,OI2309
2023-05-11 14:45:00,8072,8078,8069,8070,1830,285772,149639100.0,OI2309
2023-05-11 14:46:00,8072,8075,8067,8075,2114,285782,172861780.0,OI2309
2023-05-11 14:47:00,8073,8079,8071,8077,1965,285692,159362250.0,OI2309
2023-05-11 14:48:00,8076,8079,8070,8077,1539,285781,125828640.0,OI2309
2023-05-11 14:49:00,8078,8078,8068,8074,1528,285670,124929280.0,OI2309
2023-05-11 14:50:00,8074,8077,8071,8074,1444,285651,118061440.0,OI2309
2023-05-11 14:51:00,8073,8078,8071,8075,1504,285540,122967040.0,OI2309
2023-05-11 14:52:00,8076,8081,8074,8078,1242,285518,100964190.0,OI2309
2023-05-11 14:53:00,8079,8080,8076,8079,1093,285368,89352750.0,OI2309
2023-05-11 14:54:00,8079,8082,8071,8073,2638,284658,215656500.0,OI2309
2023-05-11 14:55:00,8074,8083,8074,8080,1962,284316,160393500.0,OI2309
2023-05-11 14:56:00,8084,8094,8084,8088,2994,283688,237432160.0,OI2309
2023-05-11 14:57:00,8088,8090,8082,8084,1436,283557,117378640.0,OI2309
2023-05-11 14:58:00,8083,8087,8077,8078,1573,283191,128577020.0,OI2309
2023-05-11 14:59:00,8078,8078,8072,8075,2117,282399,173043580.0,OI2309
2023-05-11 21:00:00,8048,8050,8004,8016,14601,284020,1170854190.0,OI2309
2023-05-11 21:01:00,8014,8034,8010,8034,8054,284174,646303360.0,OI2309
2023-05-11 21:02:00,8033,8033,8016,8020,4746,284597,380676660.0,OI2309
2023-05-11 21:03:00,8020,8020,8005,8010,5191,285121,416044190.0,OI2309
2023-05-11 21:04:00,8010,8025,8005,8023,4219,285326,337995690.0,OI2309
2023-05-11 21:05:00,8025,8039,8023,8037,4858,285171,390396400.0,OI2309
2023-05-11 21:06:00,8037,8046,8030,8031,3321,285195,266827310.0,OI2309
2023-05-11 21:07:00,8032,8032,8015,8020,2869,285435,230151180.0,OI2309
2023-05-11 21:08:00,8019,8023,8010,8013,2829,285612,226942380.0,OI2309
2023-05-11 21:09:00,8013,8021,8011,8016,2454,285799,196328460.0,OI2309
2023-05-11 21:10:00,8015,8025,8013,8020,2536,286114,203412560.0,OI2309
2023-05-11 21:11:00,8021,8031,8017,8028,2403,286069,192744630.0,OI2309
2023-05-11 21:12:00,8029,8034,8025,8026,1738,286209,140003170.0,OI2309
2023-05-11 21:13:00,8026,8036,8026,8034,1660,286520,133165200.0,OI2309
2023-05-11 21:14:00,8035,8040,8032,8037,1454,286628,116639880.0,OI2309
2023-05-11 21:15:00,8038,8052,8037,8043,4899,286651,394354420.0,OI2309
2023-05-11 21:16:00,8043,8043,8028,8034,2867,286736,230048080.0,OI2309
2023-05-11 21:17:00,8032,8044,8027,8043,2230,286807,179664490.0,OI2309
2023-05-11 21:18:00,8043,8056,8043,8048,2802,286758,225617810.0,OI2309
2023-05-11 21:19:00,8049,8049,8042,8044,4660,287088,374815510.0,OI2309
2023-05-11 21:20:00,8045,8053,8042,8044,1972,287003,158292440.0,OI2309
2023-05-11 21:21:00,8045,8055,8038,8052,2007,287016,161945590.0,OI2309
2023-05-11 21:22:00,8052,8055,8045,8045,1386,287002,111268080.0,OI2309
2023-05-11 21:23:00,8045,8051,8044,8049,1114,286936,89431920.0,OI2309
2023-05-11 21:24:00,8048,8050,8038,8039,2033,287026,164098270.0,OI2309
2023-05-11 21:25:00,8040,8045,8036,8043,1201,287115,96428290.0,OI2309
2023-05-11 21:26:00,8044,8049,8040,8041,1051,287262,84384790.0,OI2309
2023-05-11 21:27:00,8042,8042,8038,8040,934,287213,74990860.0,OI2309
2023-05-11 21:28:00,8040,8042,8038,8041,683,287247,54838070.0,OI2309
2023-05-11 21:29:00,8041,8046,8038,8042,847,287319,68005630.0,OI2309
2023-05-11 21:30:00,8042,8045,8032,8037,2511,287218,201608190.0,OI2309
2023-05-11 21:31:00,8036,8050,8027,8050,3522,287044,283777900.0,OI2309
2023-05-11 21:32:00,8051,8053,8044,8046,2859,287052,229577700.0,OI2309
2023-05-11 21:33:00,8047,8050,8038,8049,1374,287164,110332200.0,OI2309
2023-05-11 21:34:00,8050,8054,8047,8047,1689,287427,136682440.0,OI2309
2023-05-11 21:35:00,8047,8049,8042,8044,1538,287234,123516780.0,OI2309
2023-05-11 21:36:00,8044,8054,8041,8048,1710,287301,137330100.0,OI2309
2023-05-11 21:37:00,8049,8054,8048,8053,1249,287279,100307190.0,OI2309
2023-05-11 21:38:00,8053,8053,8046,8050,1265,287201,102705510.0,OI2309
2023-05-11 21:39:00,8049,8050,8043,8044,1183,287265,95018560.0,OI2309
2023-05-11 21:40:00,8044,8045,8039,8041,1438,287184,115500160.0,OI2309
2023-05-11 21:41:00,8041,8043,8038,8039,1219,287180,97910080.0,OI2309
2023-05-11 21:42:00,8040,8042,8037,8038,762,287165,61203840.0,OI2309
2023-05-11 21:43:00,8039,8039,8027,8031,2206,286907,177185920.0,OI2309
2023-05-11 21:44:00,8031,8035,8029,8031,1280,287068,102809600.0,OI2309
2023-05-11 21:45:00,8031,8036,8028,8033,1321,287071,106102720.0,OI2309
2023-05-11 21:46:00,8034,8041,8033,8034,1444,286880,115982080.0,OI2309
2023-05-11 21:47:00,8033,8034,8020,8021,3042,286770,244333440.0,OI2309
2023-05-11 21:48:00,8020,8022,8013,8020,2433,286373,195418560.0,OI2309
2023-05-11 21:49:00,8021,8024,8016,8019,1748,286341,140399360.0,OI2309
2023-05-11 21:50:00,8018,8022,8014,8018,1171,286268,92748890.0,OI2309
2023-05-11 21:51:00,8018,8021,8017,8017,1349,286262,108338190.0,OI2309
2023-05-11 21:52:00,8017,8020,8012,8012,1312,286287,105366720.0,OI2309
2023-05-11 21:53:00,8011,8022,8011,8020,1521,286371,122151510.0,OI2309
2023-05-11 21:54:00,8021,8025,8019,8019,1032,286349,82879920.0,OI2309
2023-05-11 21:55:00,8019,8027,8019,8024,1524,286436,122392440.0,OI2309
2023-05-11 21:56:00,8024,8031,8021,8029,1496,286379,120143760.0,OI2309
2023-05-11 21:57:00,8028,8036,8028,8034,1541,286292,123757710.0,OI2309
2023-05-11 21:58:00,8034,8039,8029,8035,1574,286300,126407940.0,OI2309
2023-05-11 21:59:00,8034,8040,8032,8038,1229,286119,98700990.0,OI2309
2023-05-11 22:00:00,8037,8048,8037,8047,2844,285999,228401640.0,OI2309
2023-05-11 22:01:00,8047,8063,8044,8059,4774,286252,384907730.0,OI2309
2023-05-11 22:02:00,8059,8060,8043,8052,2982,285830,239514240.0,OI2309
2023-05-11 22:03:00,8052,8054,8042,8045,1392,285902,111805440.0,OI2309
2023-05-11 22:04:00,8045,8051,8040,8049,1606,285972,130561510.0,OI2309
2023-05-11 22:05:00,8049,8049,8044,8049,860,285953,69083800.0,OI2309
2023-05-11 22:06:00,8049,8051,8041,8045,1308,286061,105071640.0,OI2309
2023-05-11 22:07:00,8044,8047,8037,8044,1256,285932,100894480.0,OI2309
2023-05-11 22:08:00,8043,8046,8038,8043,844,285973,67798520.0,OI2309
2023-05-11 22:09:00,8043,8045,8039,8040,813,285989,65308290.0,OI2309
2023-05-11 22:10:00,8040,8047,8039,8045,963,285962,77357790.0,OI2309
2023-05-11 22:11:00,8045,8047,8042,8046,593,286008,47635690.0,OI2309
2023-05-11 22:12:00,8046,8047,8043,8047,484,286003,38879720.0,OI2309
2023-05-11 22:13:00,8046,8050,8046,8048,3718,286756,298666940.0,OI2309
2023-05-11 22:14:00,8048,8056,8048,8052,3028,286802,244945500.0,OI2309
2023-05-11 22:15:00,8052,8052,8045,8048,1949,286554,156582660.0,OI2309
2023-05-11 22:16:00,8047,8055,8046,8053,889,286516,71422260.0,OI2309
2023-05-11 22:17:00,8053,8055,8048,8048,884,286684,71020560.0,OI2309
2023-05-11 22:18:00,8048,8048,8042,8044,1343,286477,107896620.0,OI2309
2023-05-11 22:19:00,8043,8047,8040,8040,823,286550,66119820.0,OI2309
2023-05-11 22:20:00,8041,8043,8034,8041,1769,286221,142121460.0,OI2309
2023-05-11 22:21:00,8041,8041,8035,8036,731,286190,58728540.0,OI2309
2023-05-11 22:22:00,8035,8039,8033,8033,877,286156,70458180.0,OI2309
2023-05-11 22:23:00,8033,8039,8033,8039,802,286150,64432680.0,OI2309
2023-05-11 22:24:00,8040,8044,8037,8038,1035,286128,83151900.0,OI2309
2023-05-11 22:25:00,8038,8046,8037,8046,845,286316,67887300.0,OI2309
2023-05-11 22:26:00,8044,8051,8044,8049,1087,286356,87329580.0,OI2309
2023-05-11 22:27:00,8049,8052,8047,8048,737,286439,59210580.0,OI2309
2023-05-11 22:28:00,8048,8049,8043,8044,656,286339,54553570.0,OI2309
2023-05-11 22:29:00,8044,8048,8042,8044,622,286348,49977700.0,OI2309
2023-05-11 22:30:00,8044,8053,8042,8050,1232,286338,98991200.0,OI2309
2023-05-11 22:31:00,8049,8055,8046,8055,1238,286560,99473300.0,OI2309
2023-05-11 22:32:00,8055,8055,8049,8052,980,286680,78743000.0,OI2309
2023-05-11 22:33:00,8051,8055,8047,8053,901,286673,72395350.0,OI2309
2023-05-11 22:34:00,8053,8053,8049,8052,538,286645,43228300.0,OI2309
2023-05-11 22:35:00,8052,8059,8051,8055,1626,286567,130649100.0,OI2309
2023-05-11 22:36:00,8055,8060,8051,8054,1091,286566,87661850.0,OI2309
2023-05-11 22:37:00,8054,8057,8052,8055,552,286571,44353200.0,OI2309
2023-05-11 22:38:00,8055,8068,8055,8059,2043,286467,166113810.0,OI2309
2023-05-11 22:39:00,8060,8066,8059,8061,1477,286450,118691720.0,OI2309
2023-05-11 22:40:00,8060,8066,8059,8066,1250,286427,100450000.0,OI2309
2023-05-11 22:41:00,8066,8073,8064,8071,2154,286345,173095440.0,OI2309
2023-05-11 22:42:00,8070,8074,8067,8068,2048,286146,166605330.0,OI2309
2023-05-11 22:43:00,8068,8076,8068,8075,1684,286122,135343080.0,OI2309
2023-05-11 22:44:00,8074,8076,8067,8067,1792,285985,144023040.0,OI2309
2023-05-11 22:45:00,8068,8070,8065,8069,1591,285940,127868670.0,OI2309
2023-05-11 22:46:00,8069,8071,8066,8067,1123,285722,92345460.0,OI2309
2023-05-11 22:47:00,8067,8072,8066,8071,917,285752,73708460.0,OI2309
2023-05-11 22:48:00,8071,8072,8068,8071,841,285712,67599580.0,OI2309
2023-05-11 22:49:00,8070,8071,8064,8066,1053,285574,84640140.0,OI2309
2023-05-11 22:50:00,8067,8072,8066,8071,813,285582,65348940.0,OI2309
2023-05-11 22:51:00,8071,8075,8066,8066,968,285411,77807840.0,OI2309
2023-05-11 22:52:00,8066,8070,8064,8069,1031,285274,82871780.0,OI2309
2023-05-11 22:53:00,8070,8070,8066,8069,532,285153,44913660.0,OI2309
2023-05-11 22:54:00,8069,8070,8067,8070,830,285192,66723700.0,OI2309
2023-05-11 22:55:00,8071,8071,8062,8065,1286,284941,103381540.0,OI2309
2023-05-11 22:56:00,8063,8065,8056,8059,1424,284590,114475360.0,OI2309
2023-05-11 22:57:00,8059,8060,8058,8059,741,284418,59568990.0,OI2309
2023-05-11 22:58:00,8059,8063,8058,8060,1240,284243,99683600.0,OI2309
2023-05-11 22:59:00,8059,8061,8058,8059,1442,283623,115922380.0,OI2309
2023-05-12 09:00:00,8040,8054,8040,8044,5099,283787,409908610.0,OI2309
2023-05-12 09:01:00,8043,8067,8035,8063,5792,284138,467948920.0,OI2309
2023-05-12 09:02:00,8062,8069,8061,8069,2660,284307,213864000.0,OI2309
2023-05-12 09:03:00,8069,8073,8055,8056,3432,284065,275932800.0,OI2309
2023-05-12 09:04:00,8055,8055,8044,8047,3487,283790,282780630.0,OI2309
2023-05-12 09:05:00,8048,8069,8048,8068,2882,283959,231741620.0,OI2309
2023-05-12 09:06:00,8067,8067,8048,8049,2207,283883,177464870.0,OI2309
2023-05-12 09:07:00,8048,8057,8045,8048,6091,283983,489777310.0,OI2309
2023-05-12 09:08:00,8050,8056,8048,8054,2220,283729,178510200.0,OI2309
2023-05-12 09:09:00,8054,8057,8049,8052,1078,283891,86681980.0,OI2309
2023-05-12 09:10:00,8053,8061,8052,8056,987,283840,79364670.0,OI2309
2023-05-12 09:11:00,8057,8059,8050,8052,700,283882,56287000.0,OI2309
2023-05-12 09:12:00,8051,8051,8031,8037,3359,283827,270097190.0,OI2309
2023-05-12 09:13:00,8037,8037,8029,8030,1959,283863,157523190.0,OI2309
2023-05-12 09:14:00,8030,8035,8023,8030,2134,283952,171594940.0,OI2309
2023-05-12 09:15:00,8031,8036,8026,8036,1484,284201,119328440.0,OI2309
2023-05-12 09:16:00,8036,8047,8035,8041,2286,284094,183817260.0,OI2309
2023-05-12 09:17:00,8040,8049,8040,8048,1210,284124,97296100.0,OI2309
2023-05-12 09:18:00,8048,8056,8047,8053,1464,284169,117720240.0,OI2309
2023-05-12 09:19:00,8053,8056,8039,8039,1749,284075,140637090.0,OI2309
2023-05-12 09:20:00,8040,8045,8032,8034,2011,283940,161704510.0,OI2309
2023-05-12 09:21:00,8035,8039,8033,8037,990,283983,79605900.0,OI2309
2023-05-12 09:22:00,8038,8051,8037,8049,1219,283887,98019790.0,OI2309
2023-05-12 09:23:00,8048,8049,8044,8047,1039,283907,83545990.0,OI2309
2023-05-12 09:24:00,8048,8055,8045,8046,1376,283718,110644160.0,OI2309
2023-05-12 09:25:00,8046,8046,8035,8040,1641,283543,131952810.0,OI2309
2023-05-12 09:26:00,8040,8046,8033,8036,2023,283408,162669430.0,OI2309
2023-05-12 09:27:00,8035,8036,8022,8022,3267,283529,262699470.0,OI2309
2023-05-12 09:28:00,8022,8025,8017,8017,2770,283811,222735700.0,OI2309
2023-05-12 09:29:00,8018,8023,8017,8023,2107,283786,169423870.0,OI2309
2023-05-12 09:30:00,8023,8027,8015,8015,2223,284009,178751430.0,OI2309
2023-05-12 09:31:00,8015,8025,8015,8022,2884,284249,230042990.0,OI2309
2023-05-12 09:32:00,8022,8023,8014,8020,1713,284278,137725200.0,OI2309
2023-05-12 09:33:00,8019,8031,8017,8029,2035,284122,163614000.0,OI2309
2023-05-12 09:34:00,8030,8030,8022,8024,1090,284223,87636000.0,OI2309
2023-05-12 09:35:00,8025,8031,8020,8031,1564,284202,125745600.0,OI2309
2023-05-12 09:36:00,8031,8040,8030,8038,1608,284005,129283200.0,OI2309
2023-05-12 09:37:00,8038,8038,8026,8026,1235,284149,99294000.0,OI2309
2023-05-12 09:38:00,8027,8035,8027,8030,1052,284245,84580800.0,OI2309
2023-05-12 09:39:00,8029,8032,8021,8021,1011,284185,81284400.0,OI2309
2023-05-12 09:40:00,8020,8029,8018,8025,1476,284342,118670400.0,OI2309
2023-05-12 09:41:00,8025,8027,8011,8013,3021,284075,242888400.0,OI2309
2023-05-12 09:42:00,8012,8013,7974,7981,11398,283625,909896280.0,OI2309
2023-05-12 09:43:00,7981,7985,7971,7979,4894,283862,390780240.0,OI2309
2023-05-12 09:44:00,7980,7993,7980,7992,3571,283649,283665160.0,OI2309
2023-05-12 09:45:00,7992,7996,7985,7995,3016,283709,242365760.0,OI2309
2023-05-12 09:46:00,7995,7997,7990,7992,1750,283631,140630000.0,OI2309
2023-05-12 09:47:00,7994,7997,7987,7991,1960,283761,157505600.0,OI2309
2023-05-12 09:48:00,7991,7999,7989,7996,2156,283769,170832660.0,OI2309
2023-05-12 09:49:00,7996,7998,7993,7994,1226,283714,98509100.0,OI2309
2023-05-12 09:50:00,7994,7994,7984,7988,1969,283934,158209150.0,OI2309
2023-05-12 09:51:00,7987,7993,7983,7991,1607,283859,129122450.0,OI2309
2023-05-12 09:52:00,7989,7991,7985,7987,1185,283999,95214750.0,OI2309
2023-05-12 09:53:00,7986,7992,7983,7991,1454,283668,116257090.0,OI2309
2023-05-12 09:54:00,7990,7991,7985,7986,941,283541,75599940.0,OI2309
2023-05-12 09:55:00,7987,7987,7966,7972,4399,283919,353415660.0,OI2309
2023-05-12 09:56:00,7972,7984,7971,7980,2110,283765,165943560.0,OI2309
2023-05-12 09:57:00,7977,7978,7971,7975,1497,283848,120254010.0,OI2309
2023-05-12 09:58:00,7975,7975,7966,7970,3252,284296,257611830.0,OI2309
2023-05-12 09:59:00,7969,7972,7964,7970,1683,284423,135178560.0,OI2309
2023-05-12 10:00:00,7970,7980,7968,7978,2694,284486,216382080.0,OI2309
2023-05-12 10:01:00,7979,7983,7972,7983,1510,284543,119673860.0,OI2309
2023-05-12 10:02:00,7983,7988,7980,7987,2376,284163,190816560.0,OI2309
2023-05-12 10:03:00,7986,7992,7982,7988,1382,284010,110988420.0,OI2309
2023-05-12 10:04:00,7989,7991,7985,7987,859,283850,68986290.0,OI2309
2023-05-12 10:05:00,7987,7994,7984,7984,1249,283767,100307190.0,OI2309
2023-05-12 10:06:00,7984,7986,7980,7986,1020,283772,81916200.0,OI2309
2023-05-12 10:07:00,7985,7988,7979,7985,1092,283782,87617710.0,OI2309
2023-05-12 10:08:00,7985,7988,7979,7982,1315,283964,105594500.0,OI2309
2023-05-12 10:09:00,7981,7987,7980,7983,691,284006,55487300.0,OI2309
2023-05-12 10:10:00,7983,7991,7983,7990,1038,283890,83351400.0,OI2309
2023-05-12 10:11:00,7990,7993,7987,7992,594,283810,47698200.0,OI2309
2023-05-12 10:12:00,7992,7997,7986,7996,1397,283496,112179100.0,OI2309
2023-05-12 10:13:00,7996,8013,7996,7998,5219,283111,419085700.0,OI2309
2023-05-12 10:14:00,7998,8005,7994,8004,1704,283045,136506420.0,OI2309
2023-05-12 10:30:00,8004,8004,7990,7990,2897,282971,232600130.0,OI2309
2023-05-12 10:31:00,7991,7991,7980,7990,2363,283091,189725270.0,OI2309
2023-05-12 10:32:00,7990,8001,7990,7998,1758,283336,141149820.0,OI2309
2023-05-12 10:33:00,7998,8005,7995,8004,2095,283906,168207550.0,OI2309
2023-05-12 10:34:00,8003,8005,7991,7993,1986,284109,159455940.0,OI2309
2023-05-12 10:35:00,7994,7995,7987,7993,1056,284200,82291220.0,OI2309
2023-05-12 10:36:00,7994,8003,7992,7999,1211,284339,97219080.0,OI2309
2023-05-12 10:37:00,7999,8005,7994,8004,1228,284640,98583840.0,OI2309
2023-05-12 10:38:00,8005,8022,8003,8014,4417,284117,354596760.0,OI2309
2023-05-12 10:39:00,8015,8022,8011,8016,2347,284127,188417160.0,OI2309
2023-05-12 10:40:00,8016,8019,8014,8018,1179,284229,94650120.0,OI2309
2023-05-12 10:41:00,8020,8028,8018,8018,2858,284162,229440240.0,OI2309
2023-05-12 10:42:00,8018,8019,8011,8011,2114,284399,169711920.0,OI2309
2023-05-12 10:43:00,8000,8013,7997,8012,3535,284988,283789800.0,OI2309
2023-05-12 10:44:00,8012,8021,8012,8016,1536,285098,123310080.0,OI2309
2023-05-12 10:45:00,8016,8019,8012,8016,1310,285228,105166800.0,OI2309
2023-05-12 10:46:00,8016,8017,8008,8012,1202,285192,96496560.0,OI2309
2023-05-12 10:47:00,8012,8012,8005,8006,1267,285169,101714760.0,OI2309
2023-05-12 10:48:00,8007,8007,8000,8004,1303,285153,104038360.0,OI2309
2023-05-12 10:49:00,8003,8008,8001,8004,861,285181,69112470.0,OI2309
2023-05-12 10:50:00,8004,8004,7998,8000,996,285378,79948920.0,OI2309
2023-05-12 10:51:00,8000,8003,7998,8001,845,285454,67828150.0,OI2309
2023-05-12 10:52:00,8000,8000,7993,8000,1170,285392,93915900.0,OI2309
2023-05-12 10:53:00,8000,8006,7999,8004,710,285401,56991700.0,OI2309
2023-05-12 10:54:00,8005,8008,8003,8005,845,285470,67828150.0,OI2309
2023-05-12 10:55:00,8004,8009,8004,8008,695,285522,55787650.0,OI2309
2023-05-12 10:56:00,8007,8013,8007,8008,1124,285772,90223480.0,OI2309
2023-05-12 10:57:00,8008,8013,8005,8012,830,285811,66624100.0,OI2309
2023-05-12 10:58:00,8013,8018,8012,8014,1334,285783,107080180.0,OI2309
2023-05-12 10:59:00,8013,8020,8012,8018,1103,285825,88537810.0,OI2309
2023-05-12 11:00:00,8018,8019,8014,8018,971,285939,77942170.0,OI2309
2023-05-12 11:01:00,8018,8019,8014,8016,643,286117,51613610.0,OI2309
2023-05-12 11:02:00,8017,8023,8014,8022,1363,286254,109408010.0,OI2309
2023-05-12 11:03:00,8023,8031,8023,8025,2355,286220,189035850.0,OI2309
2023-05-12 11:04:00,8025,8027,8022,8023,921,286245,73928670.0,OI2309
2023-05-12 11:05:00,8022,8024,8017,8022,1383,286223,111013410.0,OI2309
2023-05-12 11:06:00,8022,8022,8015,8015,1005,286322,80671350.0,OI2309
2023-05-12 11:07:00,8015,8022,8015,8020,961,286486,77139470.0,OI2309
2023-05-12 11:08:00,8020,8024,8015,8018,1169,286517,93835630.0,OI2309
2023-05-12 11:09:00,8018,8021,8015,8020,920,286586,73848400.0,OI2309
2023-05-12 11:10:00,8020,8025,8019,8024,1318,286682,105795860.0,OI2309
2023-05-12 11:11:00,8023,8027,8022,8024,987,286762,79226490.0,OI2309
2023-05-12 11:12:00,8023,8027,8021,8026,961,286729,77139470.0,OI2309
2023-05-12 11:13:00,8026,8030,8025,8029,1118,286840,89741860.0,OI2309
2023-05-12 11:14:00,8029,8034,8024,8031,1275,286775,102344250.0,OI2309
2023-05-12 11:15:00,8031,8031,8022,8028,1476,286669,118478520.0,OI2309
2023-05-12 11:16:00,8026,8026,8022,8023,795,286655,63814650.0,OI2309
2023-05-12 11:17:00,8023,8024,8015,8016,1208,286513,96966160.0,OI2309
2023-05-12 11:18:00,8016,8017,8012,8015,1190,286246,95521300.0,OI2309
2023-05-12 11:19:00,8015,8018,8012,8012,889,286356,71360030.0,OI2309
2023-05-12 11:20:00,8012,8013,8007,8008,1179,286363,94638330.0,OI2309
2023-05-12 11:21:00,8009,8014,8007,8009,811,286282,65098970.0,OI2309
2023-05-12 11:22:00,8008,8012,8002,8009,1544,286139,123936880.0,OI2309
2023-05-12 11:23:00,8009,8009,8002,8007,696,286256,55867920.0,OI2309
2023-05-12 11:24:00,8007,8011,8006,8006,831,286276,66704370.0,OI2309
2023-05-12 11:25:00,8005,8008,8003,8004,772,286167,59957550.0,OI2309
2023-05-12 11:26:00,8005,8005,7997,8000,1575,286086,126409500.0,OI2309
2023-05-12 11:27:00,7999,8007,7999,8006,863,286089,69264380.0,OI2309
2023-05-12 11:28:00,8006,8009,8002,8009,711,286042,57064860.0,OI2309
2023-05-12 11:29:00,8007,8013,8007,8012,825,285781,66214500.0,OI2309
2023-05-12 13:30:00,8012,8017,8007,8012,1897,285722,152253220.0,OI2309
2023-05-12 13:31:00,8012,8016,8001,8012,2590,285764,207873400.0,OI2309
2023-05-12 13:32:00,8011,8021,8006,8019,2772,285977,222480720.0,OI2309
2023-05-12 13:33:00,8020,8024,8017,8022,1411,286044,113246860.0,OI2309
2023-05-12 13:34:00,8022,8024,8019,8022,1131,286104,90774060.0,OI2309
2023-05-12 13:35:00,8022,8027,8019,8024,1429,286042,114691540.0,OI2309
2023-05-12 13:36:00,8024,8026,8020,8025,696,286025,55860960.0,OI2309
2023-05-12 13:37:00,8025,8025,8015,8015,1183,286092,94947580.0,OI2309
2023-05-12 13:38:00,8016,8021,8013,8021,1064,286034,85396640.0,OI2309
2023-05-12 13:39:00,8021,8021,8013,8014,937,286200,75203620.0,OI2309
2023-05-12 13:40:00,8014,8017,8005,8009,1756,286237,140936560.0,OI2309
2023-05-12 13:41:00,8009,8016,8009,8012,715,286175,57385900.0,OI2309
2023-05-12 13:42:00,8012,8014,8009,8014,713,286209,57225380.0,OI2309
2023-05-12 13:43:00,8014,8018,8012,8016,692,286207,55539920.0,OI2309
2023-05-12 13:44:00,8016,8017,8012,8012,527,286309,42297020.0,OI2309
2023-05-12 13:45:00,8013,8018,8012,8016,539,286404,43260140.0,OI2309
2023-05-12 13:46:00,8016,8021,8016,8017,702,286563,56342520.0,OI2309
2023-05-12 13:47:00,8017,8021,8012,8014,1108,286585,88928080.0,OI2309
2023-05-12 13:48:00,8013,8017,8013,8014,468,286514,37561680.0,OI2309
2023-05-12 13:49:00,8014,8014,8009,8011,901,286551,72314260.0,OI2309
2023-05-12 13:50:00,8010,8013,8010,8011,614,286556,49279640.0,OI2309
2023-05-12 13:51:00,8009,8009,8005,8006,1223,286473,98157980.0,OI2309
2023-05-12 13:52:00,8008,8010,8006,8006,825,286552,66214500.0,OI2309
2023-05-12 13:53:00,8006,8007,8002,8005,907,286383,72795820.0,OI2309
2023-05-12 13:54:00,8004,8009,8004,8008,545,286355,43741700.0,OI2309
2023-05-12 13:55:00,8008,8012,8008,8011,683,286313,54817580.0,OI2309
2023-05-12 13:56:00,8011,8011,8008,8008,400,286349,32104000.0,OI2309
2023-05-12 13:57:00,8008,8012,8006,8008,536,286372,43019360.0,OI2309
2023-05-12 13:58:00,8007,8008,8001,8003,876,286352,70307760.0,OI2309
2023-05-12 13:59:00,8003,8006,8001,8002,749,286366,58587160.0,OI2309
2023-05-12 14:00:00,8003,8005,7994,7997,1875,286327,150468750.0,OI2309
2023-05-12 14:01:00,7998,7998,7985,7996,2875,286342,230718750.0,OI2309
2023-05-12 14:02:00,7996,7999,7994,7997,1141,286461,91565250.0,OI2309
2023-05-12 14:03:00,7997,7999,7988,7993,1844,286652,147981000.0,OI2309
2023-05-12 14:04:00,7993,7994,7988,7992,1465,286594,117566250.0,OI2309
2023-05-12 14:05:00,7990,7996,7987,7989,1627,286481,130566750.0,OI2309
2023-05-12 14:06:00,7989,7989,7984,7988,1191,286657,95577750.0,OI2309
2023-05-12 14:07:00,7989,7993,7987,7991,1404,286668,112671000.0,OI2309
2023-05-12 14:08:00,7991,7991,7983,7985,1311,286957,105207750.0,OI2309
2023-05-12 14:09:00,7985,7987,7982,7986,1157,287133,87696000.0,OI2309
2023-05-12 14:10:00,7984,7986,7981,7984,1415,287171,113539600.0,OI2309
2023-05-12 14:11:00,7983,7986,7981,7985,881,287392,70691440.0,OI2309
2023-05-12 14:12:00,7985,7989,7981,7987,1107,287431,88825680.0,OI2309
2023-05-12 14:13:00,7988,7993,7986,7991,1255,287233,100701200.0,OI2309
2023-05-12 14:14:00,7992,7993,7989,7991,768,287222,61624320.0,OI2309
2023-05-12 14:15:00,7991,7994,7990,7994,818,287137,65636320.0,OI2309
2023-05-12 14:16:00,7993,7995,7990,7990,538,287181,43169120.0,OI2309
2023-05-12 14:17:00,7990,7992,7985,7989,957,287158,76789680.0,OI2309
2023-05-12 14:18:00,7988,7992,7988,7990,538,287288,43169120.0,OI2309
2023-05-12 14:19:00,7991,7991,7985,7986,546,287325,43811040.0,OI2309
2023-05-12 14:20:00,7985,7985,7977,7981,2322,287420,186317280.0,OI2309
2023-05-12 14:21:00,7981,7985,7979,7984,837,287363,67160880.0,OI2309
2023-05-12 14:22:00,7984,7987,7979,7981,961,287431,76707720.0,OI2309
2023-05-12 14:23:00,7981,7984,7980,7983,455,287540,36504650.0,OI2309
2023-05-12 14:24:00,7983,7987,7983,7986,478,287541,38349940.0,OI2309
2023-05-12 14:25:00,7986,7992,7985,7991,963,287434,77261490.0,OI2309
2023-05-12 14:26:00,7990,7991,7989,7989,391,287364,31369930.0,OI2309
2023-05-12 14:27:00,7989,7992,7988,7990,476,287318,38189480.0,OI2309
2023-05-12 14:28:00,7989,7990,7987,7988,309,287287,24791070.0,OI2309
2023-05-12 14:29:00,7988,8001,7988,8000,2204,287054,176826920.0,OI2309
2023-05-12 14:30:00,8000,8003,7996,7998,1343,287025,107748890.0,OI2309
2023-05-12 14:31:00,7999,8008,7999,8003,1861,286726,149308030.0,OI2309
2023-05-12 14:32:00,8004,8010,8003,8010,1217,286622,97639910.0,OI2309
2023-05-12 14:33:00,8010,8016,8008,8014,1742,286458,139760660.0,OI2309
2023-05-12 14:34:00,8015,8015,8010,8010,1562,286300,125319260.0,OI2309
2023-05-12 14:35:00,8011,8015,8009,8013,1261,286281,101170030.0,OI2309
2023-05-12 14:36:00,8012,8022,8012,8022,2043,286418,163909890.0,OI2309
2023-05-12 14:37:00,8023,8025,8020,8022,2067,286394,165835410.0,OI2309
2023-05-12 14:38:00,8022,8028,8018,8020,1986,286198,159336780.0,OI2309
2023-05-12 14:39:00,8019,8022,8011,8012,2104,285779,168803920.0,OI2309
2023-05-12 14:40:00,8012,8014,8007,8009,936,285623,75095280.0,OI2309
2023-05-12 14:41:00,8009,8010,8006,8008,981,285436,78705630.0,OI2309
2023-05-12 14:42:00,8007,8008,7997,7999,1976,285155,158534480.0,OI2309
2023-05-12 14:43:00,8000,8004,7999,8001,950,285050,76218500.0,OI2309
2023-05-12 14:44:00,8001,8005,8001,8003,437,284994,35060510.0,OI2309
2023-05-12 14:45:00,8003,8006,8001,8003,614,284848,49261220.0,OI2309
2023-05-12 14:46:00,8004,8006,8000,8001,1072,284751,86006560.0,OI2309
2023-05-12 14:47:00,8000,8005,7998,7999,709,284704,56883070.0,OI2309
2023-05-12 14:48:00,7999,8004,7999,8004,443,284731,35541890.0,OI2309
2023-05-12 14:49:00,8004,8008,8003,8005,815,284609,65387450.0,OI2309
2023-05-12 14:50:00,8006,8010,8005,8008,838,284631,67232740.0,OI2309
2023-05-12 14:51:00,8008,8008,8004,8005,1003,284431,80470690.0,OI2309
2023-05-12 14:52:00,8005,8005,8000,8003,912,284195,70997240.0,OI2309
2023-05-12 14:53:00,8003,8012,8002,8008,1422,283993,114072840.0,OI2309
2023-05-12 14:54:00,8008,8009,8005,8005,605,283935,48533100.0,OI2309
2023-05-12 14:55:00,8005,8010,8003,8003,1156,283605,92734320.0,OI2309
2023-05-12 14:56:00,8004,8006,8001,8005,721,283340,57838620.0,OI2309
2023-05-12 14:57:00,8006,8007,8004,8004,609,283184,48853980.0,OI2309
2023-05-12 14:58:00,8004,8007,8003,8003,833,283030,66823260.0,OI2309
2023-05-12 14:59:00,8003,8006,7999,8003,1640,282226,131560800.0,OI2309
2023-05-12 21:00:00,8020,8061,8020,8040,11629,282341,935669340.0,OI2309
2023-05-12 21:01:00,8042,8051,8041,8045,4399,282640,353943540.0,OI2309
2023-05-12 21:02:00,8046,8056,8046,8056,3429,282619,276091910.0,OI2309
2023-05-12 21:03:00,8056,8066,8055,8061,4164,282876,335785710.0,OI2309
2023-05-12 21:04:00,8061,8076,8061,8072,3958,283116,319446370.0,OI2309
2023-05-12 21:05:00,8073,8085,8073,8078,5162,283315,417005500.0,OI2309
2023-05-12 21:06:00,8079,8089,8071,8072,4218,283467,340953030.0,OI2309
2023-05-12 21:07:00,8073,8094,8073,8087,3164,283796,255820860.0,OI2309
2023-05-12 21:08:00,8086,8096,8086,8093,3296,283832,266591900.0,OI2309
2023-05-12 21:09:00,8093,8097,8082,8092,3398,283603,274951060.0,OI2309
2023-05-12 21:10:00,8091,8122,8091,8113,8216,283529,666004540.0,OI2309
2023-05-12 21:11:00,8113,8113,8100,8103,3378,283051,273840380.0,OI2309
2023-05-12 21:12:00,8103,8112,8103,8112,1951,283156,158127360.0,OI2309
2023-05-12 21:13:00,8112,8128,8112,8126,5249,283684,426481190.0,OI2309
2023-05-12 21:14:00,8127,8147,8127,8146,8432,283682,686404290.0,OI2309
2023-05-12 21:15:00,8147,8153,8133,8135,6538,283351,531885920.0,OI2309
2023-05-12 21:16:00,8135,8145,8134,8138,2636,283609,214916740.0,OI2309
2023-05-12 21:17:00,8136,8138,8126,8130,3986,283369,324291180.0,OI2309
2023-05-12 21:18:00,8130,8131,8121,8124,3903,283044,316819880.0,OI2309
2023-05-12 21:19:00,8124,8132,8124,8132,2411,283048,196105620.0,OI2309
2023-05-12 21:20:00,8131,8151,8131,8145,5609,283572,456087160.0,OI2309
2023-05-12 21:21:00,8146,8151,8140,8144,2735,283654,223517520.0,OI2309
2023-05-12 21:22:00,8143,8147,8138,8147,2956,283321,240484170.0,OI2309
2023-05-12 21:23:00,8146,8147,8135,8135,2268,283342,184801530.0,OI2309
2023-05-12 21:24:00,8135,8140,8131,8139,1654,283217,134007080.0,OI2309
2023-05-12 21:25:00,8138,8148,8137,8148,2777,283275,226107700.0,OI2309
2023-05-12 21:26:00,8148,8165,8148,8156,5917,283465,482977500.0,OI2309
2023-05-12 21:27:00,8156,8170,8155,8159,4256,283717,347425140.0,OI2309
2023-05-12 21:28:00,8159,8160,8155,8157,2148,283553,175398210.0,OI2309
2023-05-12 21:29:00,8157,8161,8151,8161,2407,283725,196446070.0,OI2309
2023-05-12 21:30:00,8161,8161,8147,8150,2736,283653,223179400.0,OI2309
2023-05-12 21:31:00,8149,8156,8142,8144,2155,283433,174792050.0,OI2309
2023-05-12 21:32:00,8143,8161,8143,8161,2677,283478,218469590.0,OI2309
2023-05-12 21:33:00,8162,8164,8155,8157,2654,283757,216657140.0,OI2309
2023-05-12 21:34:00,8156,8159,8151,8155,1516,283696,124372900.0,OI2309
2023-05-12 21:35:00,8154,8155,8151,8153,1489,283662,120817460.0,OI2309
2023-05-12 21:36:00,8154,8159,8151,8158,2149,283887,175786060.0,OI2309
2023-05-12 21:37:00,8158,8158,8152,8153,921,283861,74739150.0,OI2309
2023-05-12 21:38:00,8153,8158,8153,8155,1018,283839,82610700.0,OI2309
2023-05-12 21:39:00,8155,8158,8151,8156,1417,283784,116439310.0,OI2309
2023-05-12 21:40:00,8156,8159,8150,8153,1538,283629,124824080.0,OI2309
2023-05-12 21:41:00,8154,8154,8142,8144,3442,283282,280852280.0,OI2309
2023-05-12 21:42:00,8143,8146,8136,8138,2739,283096,222324630.0,OI2309
2023-05-12 21:43:00,8138,8147,8137,8144,2285,283132,185473450.0,OI2309
2023-05-12 21:44:00,8144,8144,8138,8141,962,283042,79644960.0,OI2309
2023-05-12 21:45:00,8141,8144,8129,8129,3369,282571,273495420.0,OI2309
2023-05-12 21:46:00,8129,8131,8122,8125,3500,282237,284130000.0,OI2309
2023-05-12 21:47:00,8126,8131,8124,8128,1694,282171,137518920.0,OI2309
2023-05-12 21:48:00,8128,8128,8119,8119,2286,282129,185577480.0,OI2309
2023-05-12 21:49:00,8120,8130,8120,8128,2005,281954,162765900.0,OI2309
2023-05-12 21:50:00,8128,8132,8125,8127,2329,281915,190779470.0,OI2309
2023-05-12 21:51:00,8128,8134,8125,8132,1631,281817,132420890.0,OI2309
2023-05-12 21:52:00,8132,8132,8125,8125,1135,281924,92150650.0,OI2309
2023-05-12 21:53:00,8126,8128,8124,8128,871,281959,70716490.0,OI2309
2023-05-12 21:54:00,8129,8134,8127,8129,1327,281951,107739130.0,OI2309
2023-05-12 21:55:00,8130,8131,8121,8123,1734,281603,140783460.0,OI2309
2023-05-12 21:56:00,8124,8127,8120,8120,1577,281477,128036630.0,OI2309
2023-05-12 21:57:00,8120,8120,8109,8110,3489,281154,283271910.0,OI2309
2023-05-12 21:58:00,8109,8113,8108,8109,1568,281072,127305920.0,OI2309
2023-05-12 21:59:00,8109,8114,8103,8113,2497,280809,202731430.0,OI2309
2023-05-12 22:00:00,8113,8113,8096,8097,3925,280561,316862660.0,OI2309
2023-05-12 22:01:00,8096,8101,8093,8096,3083,280240,250277940.0,OI2309
2023-05-12 22:02:00,8096,8101,8095,8098,2426,280183,196942680.0,OI2309
2023-05-12 22:03:00,8097,8103,8093,8096,2749,280143,221172450.0,OI2309
2023-05-12 22:04:00,8095,8095,8088,8088,2831,280005,229792270.0,OI2309
2023-05-12 22:05:00,8087,8090,8076,8078,4884,280572,394365760.0,OI2309
2023-05-12 22:06:00,8077,8080,8076,8079,3419,280189,277486040.0,OI2309
2023-05-12 22:07:00,8079,8082,8072,8073,3218,280442,259037990.0,OI2309
2023-05-12 22:08:00,8073,8082,8073,8078,1853,280632,150370950.0,OI2309
2023-05-12 22:09:00,8078,8081,8077,8079,2003,280843,161156580.0,OI2309
2023-05-12 22:10:00,8079,8081,8072,8074,2559,280883,207637260.0,OI2309
2023-05-12 22:11:00,8073,8077,8069,8075,2997,280790,242601280.0,OI2309
2023-05-12 22:12:00,8074,8091,8073,8091,4858,280308,394129540.0,OI2309
2023-05-12 22:13:00,8091,8091,8077,8078,1856,280536,150577280.0,OI2309
2023-05-12 22:14:00,8078,8078,8069,8069,2625,280802,210643850.0,OI2309
2023-05-12 22:15:00,8070,8072,8067,8072,1746,280598,141635520.0,OI2309
2023-05-12 22:16:00,8071,8075,8068,8073,1437,280564,116569440.0,OI2309
2023-05-12 22:17:00,8072,8074,8069,8073,847,280580,68053010.0,OI2309
2023-05-12 22:18:00,8073,8074,8069,8071,1033,280440,83786630.0,OI2309
2023-05-12 22:19:00,8072,8073,8070,8073,758,280376,61481380.0,OI2309
2023-05-12 22:20:00,8074,8074,8058,8061,3000,280268,242113140.0,OI2309
2023-05-12 22:21:00,8061,8063,8055,8057,2701,280318,219051100.0,OI2309
2023-05-12 22:22:00,8058,8058,8050,8056,2522,280207,203229170.0,OI2309
2023-05-12 22:23:00,8056,8061,8055,8060,1710,280031,138663900.0,OI2309
2023-05-12 22:24:00,8059,8062,8058,8061,1058,280019,85793220.0,OI2309
2023-05-12 22:25:00,8061,8061,8054,8056,1183,279991,95929470.0,OI2309
2023-05-12 22:26:00,8056,8060,8052,8055,1277,279848,103296710.0,OI2309
2023-05-12 22:27:00,8055,8057,8051,8055,1022,279901,82863760.0,OI2309
2023-05-12 22:28:00,8055,8059,8053,8055,876,279940,71026080.0,OI2309
2023-05-12 22:29:00,8055,8057,8052,8053,1622,280043,131511760.0,OI2309
2023-05-12 22:30:00,8052,8056,8052,8053,1155,280152,91085530.0,OI2309
2023-05-12 22:31:00,8052,8060,8052,8056,1141,280239,92500870.0,OI2309
2023-05-12 22:32:00,8057,8057,8051,8051,1339,280159,108552730.0,OI2309
2023-05-12 22:33:00,8051,8052,8041,8043,4301,279602,346052390.0,OI2309
2023-05-12 22:34:00,8043,8047,8041,8044,1193,279711,94271790.0,OI2309
2023-05-12 22:35:00,8044,8047,8042,8043,1367,279790,110795350.0,OI2309
2023-05-12 22:36:00,8042,8048,8037,8048,2198,279750,178147900.0,OI2309
2023-05-12 22:37:00,8049,8053,8047,8050,1616,279519,128455220.0,OI2309
2023-05-12 22:38:00,8050,8051,8044,8050,1179,279664,95546160.0,OI2309
2023-05-12 22:39:00,8050,8050,8043,8045,803,279721,65075120.0,OI2309
2023-05-12 22:40:00,8044,8046,8041,8044,976,279816,79095040.0,OI2309
2023-05-12 22:41:00,8044,8051,8044,8050,935,279791,74394350.0,OI2309
2023-05-12 22:42:00,8050,8051,8047,8050,808,279849,65472240.0,OI2309
2023-05-12 22:43:00,8050,8050,8046,8046,481,279865,38975430.0,OI2309
2023-05-12 22:44:00,8046,8046,8042,8043,988,279811,80057640.0,OI2309
2023-05-12 22:45:00,8043,8044,8031,8033,2371,279817,191876800.0,OI2309
2023-05-12 22:46:00,8034,8037,8032,8037,1181,279944,95684620.0,OI2309
2023-05-12 22:47:00,8037,8040,8037,8039,984,280033,79723680.0,OI2309
2023-05-12 22:48:00,8039,8043,8035,8038,1096,280032,88797920.0,OI2309
2023-05-12 22:49:00,8038,8038,8033,8034,1168,279976,94465910.0,OI2309
2023-05-12 22:50:00,8034,8036,8031,8034,1321,279977,107014210.0,OI2309
2023-05-12 22:51:00,8033,8039,8033,8036,606,280065,49092060.0,OI2309
2023-05-12 22:52:00,8037,8038,8035,8036,458,280004,37102580.0,OI2309
2023-05-12 22:53:00,8036,8038,8026,8027,1617,279813,129452530.0,OI2309
2023-05-12 22:54:00,8026,8027,8023,8025,1718,279666,139158000.0,OI2309
2023-05-12 22:55:00,8026,8030,8025,8029,940,279549,76140000.0,OI2309
2023-05-12 22:56:00,8028,8032,8028,8032,1003,279565,81243000.0,OI2309
2023-05-12 22:57:00,8031,8036,8031,8036,1209,279285,97675380.0,OI2309
2023-05-12 22:58:00,8036,8038,8033,8037,1200,278841,97188000.0,OI2309
2023-05-12 22:59:00,8036,8039,8033,8033,2023,277757,163842770.0,OI2309
2023-05-15 09:00:00,7962,7986,7908,7980,20395,279164,1623458870.0,OI2309
2023-05-15 09:01:00,7977,7986,7966,7980,7543,279712,600558350.0,OI2309
2023-05-15 09:02:00,7980,7995,7977,7978,5921,280030,472265950.0,OI2309
2023-05-15 09:03:00,7978,7995,7977,7980,4870,280251,390408140.0,OI2309
2023-05-15 09:04:00,7979,7979,7963,7969,5889,280625,469286260.0,OI2309
2023-05-15 09:05:00,7969,7970,7952,7960,6781,281771,537666240.0,OI2309
2023-05-15 09:06:00,7959,7982,7959,7975,5220,281956,418213540.0,OI2309
2023-05-15 09:07:00,7975,7977,7957,7958,2901,282006,232145830.0,OI2309
2023-05-15 09:08:00,7958,7967,7949,7958,3896,282212,311101690.0,OI2309
2023-05-15 09:09:00,7959,7962,7950,7958,2446,282147,195339300.0,OI2309
2023-05-15 09:10:00,7959,7976,7944,7947,5108,282129,406193960.0,OI2309
2023-05-15 09:11:00,7948,7953,7942,7951,3730,282242,297431830.0,OI2309
2023-05-15 09:12:00,7951,7954,7943,7944,2584,282580,205744190.0,OI2309
2023-05-15 09:13:00,7943,7945,7935,7939,3561,282963,283655790.0,OI2309
2023-05-15 09:14:00,7939,7944,7935,7937,2769,282918,219678090.0,OI2309
2023-05-15 09:15:00,7937,7942,7932,7936,3147,283243,250119750.0,OI2309
2023-05-15 09:16:00,7937,7940,7925,7926,3496,283327,278210640.0,OI2309
2023-05-15 09:17:00,7926,7941,7923,7940,4072,283527,325858170.0,OI2309
2023-05-15 09:18:00,7938,7947,7938,7939,3442,283502,273675520.0,OI2309
2023-05-15 09:19:00,7939,7939,7934,7939,1700,283700,137088000.0,OI2309
2023-05-15 09:20:00,7939,7954,7939,7947,2986,283766,238181810.0,OI2309
2023-05-15 09:21:00,7947,7950,7939,7945,1830,283984,146491850.0,OI2309
2023-05-15 09:22:00,7945,7945,7936,7943,1585,284210,127782700.0,OI2309
2023-05-15 09:23:00,7943,7951,7943,7948,1231,284338,98510200.0,OI2309
2023-05-15 09:24:00,7947,7965,7947,7964,4466,284225,355944500.0,OI2309
2023-05-15 09:25:00,7964,7972,7955,7965,3136,283961,248670480.0,OI2309
2023-05-15 09:26:00,7964,7977,7964,7970,3030,284026,244187700.0,OI2309
2023-05-15 09:27:00,7971,7978,7964,7977,2539,284109,204363530.0,OI2309
2023-05-15 09:28:00,7976,7984,7975,7984,4009,283881,322480210.0,OI2309
2023-05-15 09:29:00,7983,7992,7981,7988,3580,283669,288440600.0,OI2309
2023-05-15 09:30:00,7988,7999,7986,7987,4063,283308,323092580.0,OI2309
2023-05-15 09:31:00,7987,7987,7970,7979,3882,283268,312733920.0,OI2309
2023-05-15 09:32:00,7979,7983,7967,7972,2608,283371,207661570.0,OI2309
2023-05-15 09:33:00,7972,7987,7966,7986,1890,283270,152239500.0,OI2309
2023-05-15 09:34:00,7987,7996,7984,7988,3370,283939,267072670.0,OI2309
2023-05-15 09:35:00,7989,7999,7986,7998,2419,284153,194826260.0,OI2309
2023-05-15 09:36:00,7997,7998,7988,7990,2285,284090,184033900.0,OI2309
2023-05-15 09:37:00,7991,7999,7989,7994,2030,284128,159048030.0,OI2309
2023-05-15 09:38:00,7995,8016,7995,8015,6385,284117,514184050.0,OI2309
2023-05-15 09:39:00,8016,8023,8013,8019,4691,284279,377101820.0,OI2309
2023-05-15 09:40:00,8020,8027,8018,8020,3098,284124,249450960.0,OI2309
2023-05-15 09:41:00,8021,8023,8009,8012,2872,283972,231253440.0,OI2309
2023-05-15 09:42:00,8013,8013,8005,8005,1779,283969,143245080.0,OI2309
2023-05-15 09:43:00,8006,8010,7998,8000,2021,283765,162730920.0,OI2309
2023-05-15 09:44:00,8000,8003,7991,7991,1834,283820,142998710.0,OI2309
2023-05-15 09:45:00,7992,7996,7984,7986,2873,283615,231305230.0,OI2309
2023-05-15 09:46:00,7986,7987,7979,7984,2166,283626,174384660.0,OI2309
2023-05-15 09:47:00,7984,7989,7979,7980,1759,283801,139436580.0,OI2309
2023-05-15 09:48:00,7981,7988,7980,7987,1135,283861,91367500.0,OI2309
2023-05-15 09:49:00,7989,7989,7976,7979,1983,283919,159631500.0,OI2309
2023-05-15 09:50:00,7979,7984,7974,7979,1700,283979,136850000.0,OI2309
2023-05-15 09:51:00,7979,7979,7974,7975,1510,283945,120748230.0,OI2309
2023-05-15 09:52:00,7975,7982,7974,7976,1056,283863,84997440.0,OI2309
2023-05-15 09:53:00,7975,7977,7972,7974,1022,283778,82260780.0,OI2309
2023-05-15 09:54:00,7974,7974,7970,7972,1311,283662,105522390.0,OI2309
2023-05-15 09:55:00,7974,7989,7969,7986,2168,283629,174502320.0,OI2309
2023-05-15 09:56:00,7986,7992,7985,7985,1698,283718,135780830.0,OI2309
2023-05-15 09:57:00,7985,7994,7981,7991,1481,283809,119190880.0,OI2309
2023-05-15 09:58:00,7991,7991,7984,7986,647,283808,52070560.0,OI2309
2023-05-15 09:59:00,7987,7987,7982,7982,604,283886,48609920.0,OI2309
2023-05-15 10:00:00,7982,7993,7982,7988,1403,283967,112913440.0,OI2309
2023-05-15 10:01:00,7988,7993,7984,7992,1107,283956,89091360.0,OI2309
2023-05-15 10:02:00,7991,7994,7989,7994,931,283983,74926880.0,OI2309
2023-05-15 10:03:00,7995,7995,7986,7987,697,283860,56094560.0,OI2309
2023-05-15 10:04:00,7988,7992,7985,7991,561,283857,45149280.0,OI2309
2023-05-15 10:05:00,7991,7995,7990,7994,748,283935,59630860.0,OI2309
2023-05-15 10:06:00,7995,7998,7992,7998,1278,283931,102840660.0,OI2309
2023-05-15 10:07:00,7998,7998,7988,7993,1142,283798,91896740.0,OI2309
2023-05-15 10:08:00,7993,7997,7992,7994,453,283740,36452910.0,OI2309
2023-05-15 10:09:00,7993,8003,7993,8003,1858,283774,149513260.0,OI2309
2023-05-15 10:10:00,8003,8006,8001,8004,1412,283619,113623640.0,OI2309
2023-05-15 10:11:00,8004,8005,7998,7998,1504,283543,121026880.0,OI2309
2023-05-15 10:12:00,7998,8006,7998,8000,1597,283268,128510590.0,OI2309
2023-05-15 10:13:00,8000,8001,7993,7993,1015,283140,76613890.0,OI2309
2023-05-15 10:14:00,7993,7997,7992,7993,1149,283073,92448540.0,OI2309
2023-05-15 10:30:00,7993,7997,7985,7989,2003,282960,161161380.0,OI2309
2023-05-15 10:31:00,7990,8002,7988,7995,1640,283004,131954400.0,OI2309
2023-05-15 10:32:00,7994,7996,7982,7991,1760,282905,141609600.0,OI2309
2023-05-15 10:33:00,7991,7999,7987,7989,1047,283020,84241620.0,OI2309
2023-05-15 10:34:00,7989,8002,7988,7999,1248,283076,100414080.0,OI2309
2023-05-15 10:35:00,8000,8006,7997,7999,1381,283287,109255290.0,OI2309
2023-05-15 10:36:00,7999,8015,7999,8011,2674,283183,215123300.0,OI2309
2023-05-15 10:37:00,8012,8014,8004,8007,1545,283067,124295250.0,OI2309
2023-05-15 10:38:00,8007,8010,8004,8006,708,282990,56958600.0,OI2309
2023-05-15 10:39:00,8005,8010,7998,7998,1128,283036,90747600.0,OI2309
2023-05-15 10:40:00,8000,8005,7991,7992,1313,282942,105630850.0,OI2309
2023-05-15 10:41:00,7992,7994,7988,7989,1157,282834,93080650.0,OI2309
2023-05-15 10:42:00,7989,7994,7989,7992,704,282805,56636800.0,OI2309
2023-05-15 10:43:00,7993,7993,7974,7975,2761,282475,221707920.0,OI2309
2023-05-15 10:44:00,7974,7978,7972,7975,1482,282597,119212080.0,OI2309
2023-05-15 10:45:00,7974,7981,7974,7976,1432,282646,115190080.0,OI2309
2023-05-15 10:46:00,7975,7980,7966,7979,2678,282510,215418320.0,OI2309
2023-05-15 10:47:00,7978,7984,7974,7974,1429,282720,114702310.0,OI2309
2023-05-15 10:48:00,7973,7978,7971,7972,1158,282708,93137940.0,OI2309
2023-05-15 10:49:00,7973,7974,7969,7971,1225,282425,98526750.0,OI2309
2023-05-15 10:50:00,7971,7977,7966,7971,1676,282423,134800680.0,OI2309
2023-05-15 10:51:00,7971,7976,7971,7975,717,282368,57668310.0,OI2309
2023-05-15 10:52:00,7975,7976,7972,7973,680,282306,54692400.0,OI2309
2023-05-15 10:53:00,7972,7973,7968,7970,596,282316,47936280.0,OI2309
2023-05-15 10:54:00,7970,7975,7968,7970,927,282286,74558610.0,OI2309
2023-05-15 10:55:00,7969,7969,7962,7968,1651,282385,127348080.0,OI2309
2023-05-15 10:56:00,7967,7970,7963,7966,950,282314,76399000.0,OI2309
2023-05-15 10:57:00,7964,7970,7964,7970,590,282289,47447800.0,OI2309
2023-05-15 10:58:00,7969,7971,7965,7967,647,282289,52031740.0,OI2309
2023-05-15 10:59:00,7967,7973,7967,7970,769,282308,61842980.0,OI2309
2023-05-15 11:00:00,7970,7979,7969,7977,1964,282120,157944880.0,OI2309
2023-05-15 11:01:00,7975,7984,7974,7975,1891,281849,150218180.0,OI2309
2023-05-15 11:02:00,7976,7981,7975,7980,1226,281391,98582660.0,OI2309
2023-05-15 11:03:00,7980,7986,7978,7985,1113,281391,89496330.0,OI2309
2023-05-15 11:04:00,7985,7986,7981,7986,813,281433,65373330.0,OI2309
2023-05-15 11:05:00,7987,7989,7982,7982,1229,281441,98823890.0,OI2309
2023-05-15 11:06:00,7979,7984,7976,7982,1141,281406,91747810.0,OI2309
2023-05-15 11:07:00,7983,7989,7981,7989,907,281515,72931870.0,OI2309
2023-05-15 11:08:00,7989,7989,7984,7986,635,281462,51060350.0,OI2309
2023-05-15 11:09:00,7986,7988,7982,7983,476,281482,38275160.0,OI2309
2023-05-15 11:10:00,7983,7984,7979,7981,530,281398,42617300.0,OI2309
2023-05-15 11:11:00,7981,7988,7981,7988,417,281376,33530970.0,OI2309
2023-05-15 11:12:00,7988,7992,7986,7990,1010,281286,80404600.0,OI2309
2023-05-15 11:13:00,7990,7990,7985,7986,680,281188,54672000.0,OI2309
2023-05-15 11:14:00,7986,7992,7986,7987,500,281259,40200000.0,OI2309
2023-05-15 11:15:00,7987,7990,7985,7987,378,281155,30391200.0,OI2309
2023-05-15 11:16:00,7987,7990,7984,7989,479,281137,38511600.0,OI2309
2023-05-15 11:17:00,7990,7992,7988,7991,310,281121,24924000.0,OI2309
2023-05-15 11:18:00,7991,7996,7990,7990,1078,281201,86671200.0,OI2309
2023-05-15 11:19:00,7990,7994,7990,7991,341,281160,27416400.0,OI2309
2023-05-15 11:20:00,7991,7992,7988,7989,513,281149,41245200.0,OI2309
2023-05-15 11:21:00,7990,7993,7987,7993,907,281334,72922800.0,OI2309
2023-05-15 11:22:00,7992,8003,7992,7993,1880,281618,151152000.0,OI2309
2023-05-15 11:23:00,7993,7996,7992,7995,591,281675,47516400.0,OI2309
2023-05-15 11:24:00,7994,7999,7994,7998,726,281778,58370400.0,OI2309
2023-05-15 11:25:00,7999,8006,7997,8005,1232,281947,99052800.0,OI2309
2023-05-15 11:26:00,8006,8006,8002,8006,1017,281946,81766800.0,OI2309
2023-05-15 11:27:00,8007,8016,8006,8016,3530,282184,278065450.0,OI2309
2023-05-15 11:28:00,8016,8028,8015,8028,2989,282199,240285710.0,OI2309
2023-05-15 11:29:00,8030,8033,8024,8031,3129,281971,251540310.0,OI2309
2023-05-15 13:30:00,8037,8079,8037,8072,11520,281558,932015730.0,OI2309
2023-05-15 13:31:00,8071,8088,8069,8074,6945,281407,558378000.0,OI2309
2023-05-15 13:32:00,8075,8095,8075,8095,5662,282382,461273800.0,OI2309
2023-05-15 13:33:00,8097,8105,8090,8097,6960,282606,559653600.0,OI2309
2023-05-15 13:34:00,8098,8107,8093,8104,4579,283112,374361780.0,OI2309
2023-05-15 13:35:00,8104,8111,8096,8110,5306,283530,426708520.0,OI2309
2023-05-15 13:36:00,8109,8114,8093,8097,4790,283168,391477150.0,OI2309
2023-05-15 13:37:00,8098,8103,8096,8098,2328,283535,187241040.0,OI2309
2023-05-15 13:38:00,8097,8100,8084,8089,4102,283050,329923860.0,OI2309
2023-05-15 13:39:00,8089,8089,8075,8078,4828,282472,394693970.0,OI2309
2023-05-15 13:40:00,8078,8082,8063,8063,5414,282546,435502160.0,OI2309
2023-05-15 13:41:00,8063,8069,8061,8062,3352,282293,269634880.0,OI2309
2023-05-15 13:42:00,8062,8065,8054,8055,5105,281720,410646200.0,OI2309
2023-05-15 13:43:00,8056,8064,8054,8055,3105,281664,249766200.0,OI2309
2023-05-15 13:44:00,8055,8058,8050,8056,3012,281524,242285280.0,OI2309
2023-05-15 13:45:00,8055,8057,8046,8049,3850,281629,309694000.0,OI2309
2023-05-15 13:46:00,8051,8056,8048,8056,1679,281650,135058760.0,OI2309
2023-05-15 13:47:00,8056,8068,8056,8067,3281,281378,263923640.0,OI2309
2023-05-15 13:48:00,8066,8067,8055,8055,2233,281216,179622520.0,OI2309
2023-05-15 13:49:00,8057,8072,8057,8070,2015,281233,162086600.0,OI2309
2023-05-15 13:50:00,8070,8080,8065,8078,3450,280766,284260890.0,OI2309
2023-05-15 13:51:00,8079,8085,8077,8085,2195,280651,176587750.0,OI2309
2023-05-15 13:52:00,8085,8095,8078,8093,3714,280556,298791300.0,OI2309
2023-05-15 13:53:00,8092,8097,8086,8095,2738,280681,220272100.0,OI2309
2023-05-15 13:54:00,8095,8107,8095,8107,3635,280723,292435750.0,OI2309
2023-05-15 13:55:00,8108,8108,8098,8103,3278,280943,270613590.0,OI2309
2023-05-15 13:56:00,8104,8105,8093,8096,2341,281001,188356860.0,OI2309
2023-05-15 13:57:00,8096,8105,8096,8104,2352,280896,189241920.0,OI2309
2023-05-15 13:58:00,8104,8105,8098,8098,1943,280641,156333780.0,OI2309
2023-05-15 13:59:00,8099,8104,8089,8104,3053,280680,245644380.0,OI2309
2023-05-15 14:00:00,8104,8125,8102,8119,6873,280649,560065690.0,OI2309
2023-05-15 14:01:00,8118,8120,8109,8114,2905,281047,233765350.0,OI2309
2023-05-15 14:02:00,8114,8124,8110,8123,2369,281074,197750280.0,OI2309
2023-05-15 14:03:00,8123,8124,8114,8114,2918,280792,234840640.0,OI2309
2023-05-15 14:04:00,8114,8121,8112,8113,1865,280898,150095200.0,OI2309
2023-05-15 14:05:00,8114,8120,8108,8114,2283,280920,183735840.0,OI2309
2023-05-15 14:06:00,8113,8120,8113,8117,1032,280996,83055360.0,OI2309
2023-05-15 14:07:00,8116,8117,8112,8117,1213,281056,97622240.0,OI2309
2023-05-15 14:08:00,8117,8118,8103,8108,1995,280994,167787510.0,OI2309
2023-05-15 14:09:00,8110,8110,8095,8096,2754,280970,221669460.0,OI2309
2023-05-15 14:10:00,8097,8108,8097,8106,1631,280934,131279190.0,OI2309
2023-05-15 14:11:00,8107,8125,8107,8119,3462,280846,278656380.0,OI2309
2023-05-15 14:12:00,8118,8122,8116,8117,1244,281163,100129560.0,OI2309
2023-05-15 14:13:00,8117,8121,8117,8118,741,281210,59643090.0,OI2309
2023-05-15 14:14:00,8119,8120,8114,8119,848,281147,75592230.0,OI2309
2023-05-15 14:15:00,8119,8129,8116,8117,3003,280754,241741500.0,OI2309
2023-05-15 14:16:00,8117,8118,8108,8111,1941,280506,156250500.0,OI2309
2023-05-15 14:17:00,8111,8113,8108,8111,1167,280394,93943500.0,OI2309
2023-05-15 14:18:00,8112,8112,8105,8106,916,280396,73738000.0,OI2309
2023-05-15 14:19:00,8106,8109,8103,8108,1502,280229,120911000.0,OI2309
2023-05-15 14:20:00,8109,8115,8108,8109,1579,280299,127109500.0,OI2309
2023-05-15 14:21:00,8109,8109,8097,8104,2196,280050,184237750.0,OI2309
2023-05-15 14:22:00,8102,8106,8097,8101,1584,279964,127527840.0,OI2309
2023-05-15 14:23:00,8101,8101,8096,8098,1280,279726,103052800.0,OI2309
2023-05-15 14:24:00,8098,8107,8098,8106,1227,279516,98785770.0,OI2309
2023-05-15 14:25:00,8107,8110,8106,8106,1035,279618,83327850.0,OI2309
2023-05-15 14:26:00,8107,8117,8106,8117,1316,279666,105951160.0,OI2309
2023-05-15 14:27:00,8117,8117,8110,8111,992,279753,79865920.0,OI2309
2023-05-15 14:28:00,8111,8115,8111,8112,599,279809,48225490.0,OI2309
2023-05-15 14:29:00,8112,8112,8103,8108,1299,279934,104582490.0,OI2309
2023-05-15 14:30:00,8108,8115,8107,8109,1237,279938,99590870.0,OI2309
2023-05-15 14:31:00,8109,8116,8109,8116,859,279908,69158090.0,OI2309
2023-05-15 14:32:00,8115,8122,8112,8113,1710,280011,145263230.0,OI2309
2023-05-15 14:33:00,8112,8115,8112,8114,778,279900,62644560.0,OI2309
2023-05-15 14:34:00,8114,8114,8101,8102,2470,279790,198884400.0,OI2309
2023-05-15 14:35:00,8103,8109,8099,8109,1452,279766,116915040.0,OI2309
2023-05-15 14:36:00,8108,8112,8107,8109,745,279626,59987400.0,OI2309
2023-05-15 14:37:00,8109,8110,8100,8100,1039,279805,83660280.0,OI2309
2023-05-15 14:38:00,8100,8105,8099,8103,1261,279727,101535720.0,OI2309
2023-05-15 14:39:00,8103,8107,8101,8106,493,279618,39696360.0,OI2309
2023-05-15 14:40:00,8106,8109,8103,8109,646,279452,52015920.0,OI2309
2023-05-15 14:41:00,8109,8109,8105,8108,506,279357,40743120.0,OI2309
2023-05-15 14:42:00,8107,8108,8099,8103,1026,279119,82613520.0,OI2309
2023-05-15 14:43:00,8104,8111,8103,8107,1249,278846,100569480.0,OI2309
2023-05-15 14:44:00,8106,8106,8098,8101,1561,278560,125691720.0,OI2309
2023-05-15 14:45:00,8100,8101,8088,8092,2545,278212,212672240.0,OI2309
2023-05-15 14:46:00,8092,8094,8086,8089,1438,278149,115802140.0,OI2309
2023-05-15 14:47:00,8089,8098,8088,8097,1358,278130,109359740.0,OI2309
2023-05-15 14:48:00,8097,8103,8097,8102,1059,277926,85281270.0,OI2309
2023-05-15 14:49:00,8102,8102,8096,8099,1216,277849,97924480.0,OI2309
2023-05-15 14:50:00,8099,8103,8094,8095,1642,277791,132230260.0,OI2309
2023-05-15 14:51:00,8096,8102,8096,8101,742,277647,59753260.0,OI2309
2023-05-15 14:52:00,8102,8102,8097,8099,713,277523,57417890.0,OI2309
2023-05-15 14:53:00,8099,8112,8099,8111,1802,277358,145115060.0,OI2309
2023-05-15 14:54:00,8111,8111,8101,8101,1520,277149,122405600.0,OI2309
2023-05-15 14:55:00,8101,8102,8092,8095,2138,276692,172173140.0,OI2309
2023-05-15 14:56:00,8094,8096,8091,8093,2109,276826,177743980.0,OI2309
2023-05-15 14:57:00,8093,8104,8091,8104,1721,276420,138609340.0,OI2309
2023-05-15 14:58:00,8104,8105,8098,8099,1749,275891,140864460.0,OI2309
2023-05-15 14:59:00,8100,8113,8096,8110,3645,274182,293568300.0,OI2309
2023-05-15 21:00:00,8145,8152,8116,8122,12998,274363,1056737400.0,OI2309
2023-05-15 21:01:00,8121,8130,8112,8127,4816,274619,391184520.0,OI2309
2023-05-15 21:02:00,8128,8130,8119,8130,4338,274705,352371120.0,OI2309
2023-05-15 21:03:00,8131,8135,8126,8131,3525,275111,286733520.0,OI2309
2023-05-15 21:04:00,8131,8137,8124,8134,3068,275266,249367040.0,OI2309
2023-05-15 21:05:00,8133,8134,8119,8122,3944,275150,320568320.0,OI2309
2023-05-15 21:06:00,8122,8122,8112,8112,3175,275123,257705360.0,OI2309
2023-05-15 21:07:00,8112,8121,8107,8109,3578,275403,290389640.0,OI2309
2023-05-15 21:08:00,8109,8115,8106,8115,3076,275728,249530580.0,OI2309
2023-05-15 21:09:00,8115,8125,8114,8123,2730,275612,221360020.0,OI2309
2023-05-15 21:10:00,8123,8126,8116,8119,1987,275596,161423880.0,OI2309
2023-05-15 21:11:00,8119,8121,8113,8117,1808,275410,146881920.0,OI2309
2023-05-15 21:12:00,8119,8124,8116,8118,1445,275458,117391800.0,OI2309
2023-05-15 21:13:00,8117,8121,8115,8120,1036,275351,84164640.0,OI2309
2023-05-15 21:14:00,8121,8128,8120,8128,1328,275490,107886720.0,OI2309
2023-05-15 21:15:00,8129,8130,8122,8129,1810,275574,147044400.0,OI2309
2023-05-15 21:16:00,8130,8130,8121,8123,1150,275534,93426000.0,OI2309
2023-05-15 21:17:00,8124,8138,8123,8132,2659,275846,216017160.0,OI2309
2023-05-15 21:18:00,8132,8136,8130,8130,1223,275861,99953460.0,OI2309
2023-05-15 21:19:00,8131,8141,8130,8140,2144,276371,174200000.0,OI2309
2023-05-15 21:20:00,8140,8146,8135,8143,2485,276575,202549480.0,OI2309
2023-05-15 21:21:00,8142,8145,8139,8142,1734,276612,140904840.0,OI2309
2023-05-15 21:22:00,8142,8145,8139,8141,2825,276949,230248320.0,OI2309
2023-05-15 21:23:00,8141,8145,8139,8141,2405,276673,195454350.0,OI2309
2023-05-15 21:24:00,8140,8144,8139,8144,1345,276909,109308150.0,OI2309
2023-05-15 21:25:00,8143,8167,8143,8167,6726,277499,549002760.0,OI2309
2023-05-15 21:26:00,8169,8170,8155,8157,3838,277658,313693320.0,OI2309
2023-05-15 21:27:00,8156,8161,8156,8157,1594,277593,129624080.0,OI2309
2023-05-15 21:28:00,8157,8159,8150,8155,1833,277456,149925790.0,OI2309
2023-05-15 21:29:00,8154,8155,8148,8150,1562,277398,127037460.0,OI2309
2023-05-15 21:30:00,8150,8152,8140,8145,3049,277151,247975170.0,OI2309
2023-05-15 21:31:00,8146,8156,8146,8147,2236,277409,182788580.0,OI2309
2023-05-15 21:32:00,8148,8154,8143,8154,1571,277378,127785140.0,OI2309
2023-05-15 21:33:00,8155,8159,8153,8155,2393,277683,194646620.0,OI2309
2023-05-15 21:34:00,8155,8157,8146,8148,1180,277589,96967340.0,OI2309
2023-05-15 21:35:00,8148,8153,8145,8150,1182,277568,96155700.0,OI2309
2023-05-15 21:36:00,8151,8153,8144,8147,1062,277513,86393700.0,OI2309
2023-05-15 21:37:00,8146,8147,8134,8136,2902,276904,236077700.0,OI2309
2023-05-15 21:38:00,8135,8139,8135,8136,1578,276741,128370300.0,OI2309
2023-05-15 21:39:00,8134,8136,8130,8132,1944,276685,158144400.0,OI2309
2023-05-15 21:40:00,8132,8140,8132,8139,1587,276643,129102450.0,OI2309
2023-05-15 21:41:00,8139,8140,8136,8139,758,276702,61663300.0,OI2309
2023-05-15 21:42:00,8140,8142,8137,8139,799,276692,64998650.0,OI2309
2023-05-15 21:43:00,8138,8138,8120,8126,3608,276624,293510800.0,OI2309
2023-05-15 21:44:00,8126,8133,8126,8130,1241,276731,100955350.0,OI2309
2023-05-15 21:45:00,8131,8135,8128,8133,1248,276712,101524800.0,OI2309
2023-05-15 21:46:00,8133,8138,8128,8130,914,276735,74353900.0,OI2309
2023-05-15 21:47:00,8130,8134,8128,8131,828,276728,67357800.0,OI2309
2023-05-15 21:48:00,8131,8135,8130,8135,431,276768,35061850.0,OI2309
2023-05-15 21:49:00,8135,8135,8123,8126,1684,276774,136993400.0,OI2309
2023-05-15 21:50:00,8127,8131,8125,8126,1170,276724,95179500.0,OI2309
2023-05-15 21:51:00,8126,8133,8126,8128,1240,276649,100874000.0,OI2309
2023-05-15 21:52:00,8128,8131,8123,8130,1073,276844,86049920.0,OI2309
2023-05-15 21:53:00,8130,8131,8127,8131,573,276813,46607820.0,OI2309
2023-05-15 21:54:00,8132,8135,8130,8131,692,276803,56287280.0,OI2309
2023-05-15 21:55:00,8131,8133,8129,8132,500,276857,40670000.0,OI2309
2023-05-15 21:56:00,8133,8133,8129,8130,630,276771,51244200.0,OI2309
2023-05-15 21:57:00,8129,8135,8129,8132,808,276728,65722720.0,OI2309
2023-05-15 21:58:00,8130,8131,8126,8128,1139,276781,92646260.0,OI2309
2023-05-15 21:59:00,8127,8129,8111,8117,3354,276435,272814360.0,OI2309
2023-05-15 22:00:00,8117,8125,8117,8121,1800,276630,146412000.0,OI2309
2023-05-15 22:01:00,8121,8126,8116,8119,1630,276505,132584200.0,OI2309
2023-05-15 22:02:00,8118,8119,8113,8115,1741,276567,140245640.0,OI2309
2023-05-15 22:03:00,8115,8119,8110,8114,1368,276510,111259440.0,OI2309
2023-05-15 22:04:00,8112,8114,8104,8108,2840,276646,230977200.0,OI2309
2023-05-15 22:05:00,8109,8114,8108,8112,1432,276560,115404620.0,OI2309
2023-05-15 22:06:00,8112,8116,8111,8115,1057,276531,85955240.0,OI2309
2023-05-15 22:07:00,8115,8115,8109,8111,595,276517,48385400.0,OI2309
2023-05-15 22:08:00,8111,8114,8108,8110,754,276476,61315280.0,OI2309
2023-05-15 22:09:00,8110,8112,8106,8107,920,276391,74814400.0,OI2309
2023-05-15 22:10:00,8107,8109,8104,8104,1244,276137,101162080.0,OI2309
2023-05-15 22:11:00,8104,8110,8104,8107,949,276092,77172680.0,OI2309
2023-05-15 22:12:00,8106,8110,8104,8108,809,276100,64647660.0,OI2309
2023-05-15 22:13:00,8107,8107,8092,8095,2926,275905,237913060.0,OI2309
2023-05-15 22:14:00,8094,8097,8090,8095,2041,276189,164417060.0,OI2309
2023-05-15 22:15:00,8094,8098,8091,8098,1775,276162,144307500.0,OI2309
2023-05-15 22:16:00,8098,8103,8096,8099,1586,275912,128941800.0,OI2309
2023-05-15 22:17:00,8099,8107,8098,8105,1308,275876,104757060.0,OI2309
2023-05-15 22:18:00,8104,8108,8103,8105,1133,275808,92101570.0,OI2309
2023-05-15 22:19:00,8106,8109,8104,8108,635,275777,51619150.0,OI2309
2023-05-15 22:20:00,8108,8116,8108,8114,2100,275578,170709000.0,OI2309
2023-05-15 22:21:00,8114,8124,8113,8122,2477,275563,201355330.0,OI2309
2023-05-15 22:22:00,8121,8121,8117,8118,1136,275474,92345440.0,OI2309
2023-05-15 22:23:00,8117,8123,8117,8120,1166,275634,94784140.0,OI2309
2023-05-15 22:24:00,8121,8124,8118,8118,1021,275796,82997090.0,OI2309
2023-05-15 22:25:00,8119,8122,8119,8122,543,275857,44140470.0,OI2309
2023-05-15 22:26:00,8122,8131,8122,8128,2227,275722,181032830.0,OI2309
2023-05-15 22:27:00,8127,8132,8127,8131,1179,275839,95840910.0,OI2309
2023-05-15 22:28:00,8131,8142,8131,8137,2611,275593,212248190.0,OI2309
2023-05-15 22:29:00,8137,8152,8137,8147,3486,275665,283376940.0,OI2309
2023-05-15 22:30:00,8148,8151,8144,8144,1982,275763,161116780.0,OI2309
2023-05-15 22:31:00,8146,8155,8146,8152,2160,275965,177408300.0,OI2309
2023-05-15 22:32:00,8153,8154,8150,8152,1402,276307,113982600.0,OI2309
2023-05-15 22:33:00,8152,8161,8151,8158,2542,276571,206664600.0,OI2309
2023-05-15 22:34:00,8159,8162,8153,8162,1937,277008,157478100.0,OI2309
2023-05-15 22:35:00,8161,8162,8157,8159,1434,277057,118479250.0,OI2309
2023-05-15 22:36:00,8158,8185,8158,8174,5942,277189,485098490.0,OI2309
2023-05-15 22:37:00,8173,8178,8166,8166,2674,277018,217449680.0,OI2309
2023-05-15 22:38:00,8166,8169,8160,8162,1807,276912,148944520.0,OI2309
2023-05-15 22:39:00,8162,8164,8159,8164,1664,277003,135333120.0,OI2309
2023-05-15 22:40:00,8165,8166,8160,8164,1110,277115,90276300.0,OI2309
2023-05-15 22:41:00,8163,8166,8159,8164,877,277052,71326410.0,OI2309
2023-05-15 22:42:00,8164,8165,8159,8163,1218,277140,99059940.0,OI2309
2023-05-15 22:43:00,8164,8164,8160,8161,1104,277276,91847330.0,OI2309
2023-05-15 22:44:00,8161,8172,8160,8171,1700,277309,138278000.0,OI2309
2023-05-15 22:45:00,8172,8172,8159,8159,1529,277314,124368860.0,OI2309
2023-05-15 22:46:00,8159,8162,8147,8149,3434,276624,279321560.0,OI2309
2023-05-15 22:47:00,8149,8149,8144,8145,1926,276117,156660840.0,OI2309
2023-05-15 22:48:00,8144,8150,8144,8147,1268,276036,105296700.0,OI2309
2023-05-15 22:49:00,8145,8149,8145,8146,785,276102,63859750.0,OI2309
2023-05-15 22:50:00,8146,8149,8144,8147,695,275887,56538250.0,OI2309
2023-05-15 22:51:00,8147,8150,8140,8142,1308,275622,106405800.0,OI2309
2023-05-15 22:52:00,8144,8147,8143,8147,828,275520,67357800.0,OI2309
2023-05-15 22:53:00,8146,8147,8145,8147,451,275427,36688850.0,OI2309
2023-05-15 22:54:00,8147,8147,8142,8145,756,275155,61500600.0,OI2309
2023-05-15 22:55:00,8145,8148,8144,8146,703,274843,57189050.0,OI2309
2023-05-15 22:56:00,8146,8148,8144,8146,726,274502,59060100.0,OI2309
2023-05-15 22:57:00,8147,8148,8143,8143,874,274226,71099900.0,OI2309
2023-05-15 22:58:00,8143,8145,8142,8144,892,273766,72564200.0,OI2309
2023-05-15 22:59:00,8145,8152,8143,8152,1758,273122,143013300.0,OI2309
2023-05-16 09:00:00,8142,8155,8131,8131,7813,273580,635587550.0,OI2309
2023-05-16 09:01:00,8134,8146,8133,8143,3245,273538,263980750.0,OI2309
2023-05-16 09:02:00,8142,8148,8134,8135,2945,273224,239575750.0,OI2309
2023-05-16 09:03:00,8134,8136,8128,8136,2635,273170,214357250.0,OI2309
2023-05-16 09:04:00,8136,8143,8133,8141,2021,273259,164408350.0,OI2309
2023-05-16 09:05:00,8141,8148,8133,8140,2557,273328,208011950.0,OI2309
2023-05-16 09:06:00,8140,8145,8135,8138,1654,273334,134552900.0,OI2309
2023-05-16 09:07:00,8137,8138,8124,8131,3003,273041,244294050.0,OI2309
2023-05-16 09:08:00,8131,8135,8129,8132,1122,273129,91274700.0,OI2309
2023-05-16 09:09:00,8131,8135,8125,8129,1215,273120,98840250.0,OI2309
2023-05-16 09:10:00,8130,8132,8125,8130,1215,273143,98840250.0,OI2309
2023-05-16 09:11:00,8129,8145,8129,8140,2282,273267,185640700.0,OI2309
2023-05-16 09:12:00,8141,8143,8137,8143,1216,273333,98921600.0,OI2309
2023-05-16 09:13:00,8144,8157,8143,8153,3372,273645,276930490.0,OI2309
2023-05-16 09:14:00,8156,8157,8151,8152,1420,273593,115531200.0,OI2309
2023-05-16 09:15:00,8151,8156,8142,8143,2426,273702,197379360.0,OI2309
2023-05-16 09:16:00,8143,8144,8136,8139,1398,273604,113741280.0,OI2309
2023-05-16 09:17:00,8138,8142,8136,8140,920,273505,74851200.0,OI2309
2023-05-16 09:18:00,8141,8144,8138,8142,689,273547,56057040.0,OI2309
2023-05-16 09:19:00,8142,8147,8139,8146,723,273604,58823280.0,OI2309
2023-05-16 09:20:00,8147,8153,8145,8151,1047,273635,85183920.0,OI2309
2023-05-16 09:21:00,8151,8157,8148,8156,1760,273768,143193600.0,OI2309
2023-05-16 09:22:00,8157,8165,8157,8161,2317,273880,188511120.0,OI2309
2023-05-16 09:23:00,8161,8162,8152,8152,1586,274018,129036960.0,OI2309
2023-05-16 09:24:00,8152,8156,8147,8151,1177,273964,95760720.0,OI2309
2023-05-16 09:25:00,8152,8152,8148,8151,551,274007,44829360.0,OI2309
2023-05-16 09:26:00,8151,8151,8145,8147,988,274027,80383680.0,OI2309
2023-05-16 09:27:00,8148,8149,8143,8148,799,274057,65006640.0,OI2309
2023-05-16 09:28:00,8148,8157,8148,8156,911,274234,76924370.0,OI2309
2023-05-16 09:29:00,8155,8158,8150,8153,800,274197,65096000.0,OI2309
2023-05-16 09:30:00,8152,8158,8152,8156,891,274312,72500670.0,OI2309
2023-05-16 09:31:00,8156,8163,8156,8161,1553,274375,126367610.0,OI2309
2023-05-16 09:32:00,8161,8169,8161,8163,1793,274759,145896410.0,OI2309
2023-05-16 09:33:00,8162,8165,8157,8157,1245,274724,101305650.0,OI2309
2023-05-16 09:34:00,8157,8161,8156,8160,754,274806,61352980.0,OI2309
2023-05-16 09:35:00,8160,8164,8156,8162,1157,274833,94145090.0,OI2309
2023-05-16 09:36:00,8164,8166,8156,8158,1352,274959,110012240.0,OI2309
2023-05-16 09:37:00,8157,8168,8157,8167,1220,275132,99271400.0,OI2309
2023-05-16 09:38:00,8167,8167,8161,8162,526,275190,42800620.0,OI2309
2023-05-16 09:39:00,8162,8166,8157,8159,1230,275402,103015720.0,OI2309
2023-05-16 09:40:00,8159,8160,8150,8151,1546,275234,125813480.0,OI2309
2023-05-16 09:41:00,8151,8157,8148,8155,1445,275012,117594100.0,OI2309
2023-05-16 09:42:00,8155,8156,8147,8150,832,274937,67708160.0,OI2309
2023-05-16 09:43:00,8149,8152,8146,8152,1206,274957,98144280.0,OI2309
2023-05-16 09:44:00,8152,8152,8146,8150,995,275160,80973100.0,OI2309
2023-05-16 09:45:00,8151,8155,8149,8152,688,275253,55989440.0,OI2309
2023-05-16 09:46:00,8152,8161,8152,8159,1384,275158,112629920.0,OI2309
2023-05-16 09:47:00,8159,8173,8159,8171,2975,275663,242105500.0,OI2309
2023-05-16 09:48:00,8170,8174,8168,8172,1652,275992,134439760.0,OI2309
2023-05-16 09:49:00,8172,8176,8169,8172,1706,276278,141909190.0,OI2309
2023-05-16 09:50:00,8172,8175,8170,8173,1211,276241,98563290.0,OI2309
2023-05-16 09:51:00,8173,8176,8173,8175,1114,276400,90668460.0,OI2309
2023-05-16 09:52:00,8175,8196,8175,8190,6863,276935,561746360.0,OI2309
2023-05-16 09:53:00,8189,8193,8187,8190,2521,277265,205209400.0,OI2309
2023-05-16 09:54:00,8188,8190,8184,8184,1941,277233,161208810.0,OI2309
2023-05-16 09:55:00,8185,8191,8180,8187,1802,277168,146700820.0,OI2309
2023-05-16 09:56:00,8188,8190,8185,8187,924,277255,75222840.0,OI2309
2023-05-16 09:57:00,8187,8193,8187,8190,1405,277403,114381050.0,OI2309
2023-05-16 09:58:00,8189,8195,8189,8195,1679,277615,139956900.0,OI2309
2023-05-16 09:59:00,8194,8216,8194,8210,6330,278381,518721410.0,OI2309
2023-05-16 10:00:00,8209,8212,8200,8201,4353,278575,357841130.0,OI2309
2023-05-16 10:01:00,8203,8204,8195,8199,2274,278596,185194560.0,OI2309
2023-05-16 10:02:00,8199,8201,8193,8196,1962,278639,159785280.0,OI2309
2023-05-16 10:03:00,8195,8195,8182,8183,3474,278015,286376000.0,OI2309
2023-05-16 10:04:00,8183,8183,8167,8170,5258,276985,428264100.0,OI2309
2023-05-16 10:05:00,8169,8177,8166,8177,3189,276989,259744050.0,OI2309
2023-05-16 10:06:00,8176,8188,8176,8180,2288,276856,189918390.0,OI2309
2023-05-16 10:07:00,8180,8180,8167,8168,2300,276844,187358000.0,OI2309
2023-05-16 10:08:00,8168,8174,8168,8168,1358,276942,110622680.0,OI2309
2023-05-16 10:09:00,8168,8175,8164,8172,2369,277080,192978740.0,OI2309
2023-05-16 10:10:00,8173,8175,8168,8171,1167,277293,95063820.0,OI2309
2023-05-16 10:11:00,8171,8171,8160,8160,1923,276998,156647580.0,OI2309
2023-05-16 10:12:00,8159,8161,8152,8161,2919,276604,237781740.0,OI2309
2023-05-16 10:13:00,8161,8167,8160,8166,1209,276607,98485140.0,OI2309
2023-05-16 10:14:00,8167,8172,8165,8167,1125,276487,91642500.0,OI2309
2023-05-16 10:30:00,8167,8172,8161,8164,1680,276403,136852800.0,OI2309
2023-05-16 10:31:00,8164,8165,8155,8159,1776,276218,148412010.0,OI2309
2023-05-16 10:32:00,8157,8160,8154,8157,1025,276196,83506750.0,OI2309
2023-05-16 10:33:00,8158,8160,8157,8159,688,276256,56051360.0,OI2309
2023-05-16 10:34:00,8160,8163,8158,8161,750,276347,61102500.0,OI2309
2023-05-16 10:35:00,8160,8166,8155,8155,1277,276417,104037190.0,OI2309
2023-05-16 10:36:00,8155,8162,8155,8161,1139,276399,92794330.0,OI2309
2023-05-16 10:37:00,8161,8161,8150,8156,2006,276283,163428820.0,OI2309
2023-05-16 10:38:00,8156,8160,8155,8155,1058,276365,86195260.0,OI2309
2023-05-16 10:39:00,8155,8155,8133,8140,5601,275913,456313470.0,OI2309
2023-05-16 10:40:00,8140,8149,8138,8142,3012,275938,245387640.0,OI2309
2023-05-16 10:41:00,8141,8147,8138,8144,2165,275917,176382550.0,OI2309
2023-05-16 10:42:00,8145,8148,8140,8142,1437,276077,117072390.0,OI2309
2023-05-16 10:43:00,8142,8147,8142,8146,918,276122,74789460.0,OI2309
2023-05-16 10:44:00,8147,8147,8143,8143,693,276145,56458710.0,OI2309
2023-05-16 10:45:00,8143,8149,8143,8149,1311,276320,106807170.0,OI2309
2023-05-16 10:46:00,8149,8156,8147,8152,2270,276112,184936900.0,OI2309
2023-05-16 10:47:00,8152,8154,8147,8152,796,276167,64850120.0,OI2309
2023-05-16 10:48:00,8153,8155,8149,8150,1340,276172,109169800.0,OI2309
2023-05-16 10:49:00,8150,8150,8146,8148,697,276304,56784590.0,OI2309
2023-05-16 10:50:00,8150,8150,8135,8135,2036,276198,165872920.0,OI2309
2023-05-16 10:51:00,8134,8136,8122,8128,4524,276024,364483800.0,OI2309
2023-05-16 10:52:00,8128,8129,8123,8123,2545,276005,207315700.0,OI2309
2023-05-16 10:53:00,8122,8126,8121,8123,2639,275779,214972940.0,OI2309
2023-05-16 10:54:00,8122,8127,8121,8126,1515,275759,123411900.0,OI2309
2023-05-16 10:55:00,8126,8132,8124,8130,1607,275827,130906220.0,OI2309
2023-05-16 10:56:00,8129,8138,8129,8136,1667,275764,135793820.0,OI2309
2023-05-16 10:57:00,8136,8140,8133,8134,1561,275855,127159060.0,OI2309
2023-05-16 10:58:00,8135,8143,8135,8139,1540,275693,125448400.0,OI2309
2023-05-16 10:59:00,8140,8145,8136,8143,1157,275637,94249220.0,OI2309
2023-05-16 11:00:00,8142,8144,8138,8141,1023,275675,83333580.0,OI2309
2023-05-16 11:01:00,8141,8149,8141,8146,1338,275660,108993480.0,OI2309
2023-05-16 11:02:00,8146,8164,8145,8164,3543,275990,288612780.0,OI2309
2023-05-16 11:03:00,8164,8175,8162,8168,5593,276796,455605780.0,OI2309
2023-05-16 11:04:00,8169,8174,8167,8173,2165,277101,176360900.0,OI2309
2023-05-16 11:05:00,8172,8180,8172,8179,3400,277051,281363410.0,OI2309
2023-05-16 11:06:00,8180,8183,8174,8178,3271,277077,266488370.0,OI2309
2023-05-16 11:07:00,8179,8184,8178,8182,1967,277225,160251490.0,OI2309
2023-05-16 11:08:00,8182,8187,8179,8186,2655,277562,216302850.0,OI2309
2023-05-16 11:09:00,8188,8188,8182,8187,1835,277906,149497450.0,OI2309
2023-05-16 11:10:00,8187,8188,8175,8175,3124,278028,259040210.0,OI2309
2023-05-16 11:11:00,8176,8179,8173,8174,1693,277897,137945640.0,OI2309
2023-05-16 11:12:00,8174,8175,8170,8171,1575,277698,128331000.0,OI2309
2023-05-16 11:13:00,8171,8172,8160,8162,2739,277058,223173720.0,OI2309
2023-05-16 11:14:00,8162,8165,8159,8161,1700,276918,138516000.0,OI2309
2023-05-16 11:15:00,8160,8168,8157,8163,1723,276650,140390040.0,OI2309
2023-05-16 11:16:00,8162,8168,8162,8166,827,276549,67383960.0,OI2309
2023-05-16 11:17:00,8167,8167,8162,8165,767,276532,62495160.0,OI2309
2023-05-16 11:18:00,8166,8171,8163,8168,1038,276546,84576240.0,OI2309
2023-05-16 11:19:00,8168,8171,8167,8170,578,276446,47095440.0,OI2309
2023-05-16 11:20:00,8170,8173,8166,8172,1162,276471,94679760.0,OI2309
2023-05-16 11:21:00,8171,8172,8168,8169,449,276394,36584520.0,OI2309
2023-05-16 11:22:00,8169,8169,8159,8162,1804,276261,146989920.0,OI2309
2023-05-16 11:23:00,8162,8173,8162,8171,1191,276275,97042680.0,OI2309
2023-05-16 11:24:00,8171,8177,8169,8176,1756,276205,143078880.0,OI2309
2023-05-16 11:25:00,8176,8177,8171,8174,950,276190,77406000.0,OI2309
2023-05-16 11:26:00,8173,8180,8173,8175,1079,276137,92655160.0,OI2309
2023-05-16 11:27:00,8176,8178,8175,8177,497,276191,40500530.0,OI2309
2023-05-16 11:28:00,8177,8178,8176,8176,454,276085,36996460.0,OI2309
2023-05-16 11:29:00,8177,8180,8176,8177,1292,275849,105285080.0,OI2309
2023-05-16 13:30:00,8165,8165,8156,8158,3728,275739,303794720.0,OI2309
2023-05-16 13:31:00,8157,8157,8142,8144,3693,275508,300942570.0,OI2309
2023-05-16 13:32:00,8144,8152,8143,8152,2001,275641,163061490.0,OI2309
2023-05-16 13:33:00,8152,8156,8147,8151,1719,275645,140081310.0,OI2309
2023-05-16 13:34:00,8151,8154,8148,8151,1087,275733,88579630.0,OI2309
2023-05-16 13:35:00,8152,8156,8150,8155,1192,275914,97136080.0,OI2309
2023-05-16 13:36:00,8156,8156,8147,8148,1497,276232,121990530.0,OI2309
2023-05-16 13:37:00,8147,8153,8147,8148,1172,276434,95506280.0,OI2309
2023-05-16 13:38:00,8147,8152,8145,8150,1111,276435,90535390.0,OI2309
2023-05-16 13:39:00,8150,8155,8149,8154,1360,276449,110826400.0,OI2309
2023-05-16 13:40:00,8154,8155,8150,8154,1408,276538,114737920.0,OI2309
2023-05-16 13:41:00,8154,8158,8153,8155,788,276534,64214120.0,OI2309
2023-05-16 13:42:00,8155,8160,8154,8157,1044,276690,85075560.0,OI2309
2023-05-16 13:43:00,8157,8157,8142,8142,1819,276339,148230310.0,OI2309
2023-05-16 13:44:00,8143,8144,8138,8142,2586,276199,210733140.0,OI2309
2023-05-16 13:45:00,8142,8143,8135,8137,2156,276280,175692440.0,OI2309
2023-05-16 13:46:00,8137,8138,8134,8136,2070,276365,168684300.0,OI2309
2023-05-16 13:47:00,8136,8140,8133,8135,1645,276493,134051050.0,OI2309
2023-05-16 13:48:00,8135,8137,8134,8136,1366,276726,111315340.0,OI2309
2023-05-16 13:49:00,8136,8137,8131,8131,2019,277097,164528310.0,OI2309
2023-05-16 13:50:00,8131,8134,8128,8129,2433,277161,193125560.0,OI2309
2023-05-16 13:51:00,8129,8131,8125,8126,1534,277141,124990320.0,OI2309
2023-05-16 13:52:00,8127,8127,8105,8107,5817,277595,473969160.0,OI2309
2023-05-16 13:53:00,8106,8110,8100,8110,5171,277522,421333080.0,OI2309
2023-05-16 13:54:00,8110,8111,8106,8108,2065,277471,166619970.0,OI2309
2023-05-16 13:55:00,8107,8108,8097,8106,3434,277710,279767980.0,OI2309
2023-05-16 13:56:00,8106,8106,8095,8095,3464,278149,282212080.0,OI2309
2023-05-16 13:57:00,8096,8099,8085,8088,4444,278226,356653780.0,OI2309
2023-05-16 13:58:00,8088,8090,8077,8083,4763,278656,387993980.0,OI2309
2023-05-16 13:59:00,8081,8090,8080,8088,3280,278394,263033160.0,OI2309
2023-05-16 14:00:00,8087,8094,8083,8086,3050,278251,248422500.0,OI2309
2023-05-16 14:01:00,8085,8090,8074,8078,3647,278570,297048150.0,OI2309
2023-05-16 14:02:00,8078,8080,8074,8079,2012,278706,163877400.0,OI2309
2023-05-16 14:03:00,8078,8088,8077,8083,2960,278211,236909430.0,OI2309
2023-05-16 14:04:00,8083,8086,8080,8084,1639,278195,133480160.0,OI2309
2023-05-16 14:05:00,8084,8092,8080,8083,2555,278029,208079200.0,OI2309
2023-05-16 14:06:00,8084,8090,8079,8089,1974,278032,160762560.0,OI2309
2023-05-16 14:07:00,8089,8089,8078,8085,1716,278231,138272710.0,OI2309
2023-05-16 14:08:00,8086,8093,8080,8081,2378,278283,193640540.0,OI2309
2023-05-16 14:09:00,8081,8085,8080,8084,621,278337,50568030.0,OI2309
2023-05-16 14:10:00,8084,8087,8082,8085,785,278345,63922550.0,OI2309
2023-05-16 14:11:00,8085,8085,8080,8081,1015,278412,82651450.0,OI2309
2023-05-16 14:12:00,8082,8082,8064,8069,4729,278192,379365950.0,OI2309
2023-05-16 14:13:00,8069,8074,8069,8073,1862,278137,151604040.0,OI2309
2023-05-16 14:14:00,8073,8076,8067,8070,1497,278151,121885740.0,OI2309
2023-05-16 14:15:00,8069,8075,8067,8075,1573,278178,128073660.0,OI2309
2023-05-16 14:16:00,8075,8077,8067,8068,1486,278317,117488860.0,OI2309
2023-05-16 14:17:00,8068,8068,8057,8062,3623,278540,294948430.0,OI2309
2023-05-16 14:18:00,8061,8069,8060,8063,1722,278812,140188020.0,OI2309
2023-05-16 14:19:00,8063,8066,8060,8063,1169,278846,95168290.0,OI2309
2023-05-16 14:20:00,8062,8071,8062,8071,1794,278748,142540860.0,OI2309
2023-05-16 14:21:00,8071,8083,8071,8073,3530,278572,287342000.0,OI2309
2023-05-16 14:22:00,8074,8074,8069,8071,1160,278607,94424000.0,OI2309
2023-05-16 14:23:00,8071,8071,8065,8065,1342,278811,109238800.0,OI2309
2023-05-16 14:24:00,8065,8067,8062,8064,1163,278923,94668200.0,OI2309
2023-05-16 14:25:00,8064,8073,8063,8070,1150,278924,92547490.0,OI2309
2023-05-16 14:26:00,8070,8075,8070,8075,1092,278990,88877880.0,OI2309
2023-05-16 14:27:00,8076,8077,8067,8071,1047,278829,85215330.0,OI2309
2023-05-16 14:28:00,8071,8073,8067,8070,667,278789,54287130.0,OI2309
2023-05-16 14:29:00,8070,8070,8063,8064,1173,278907,95470470.0,OI2309
2023-05-16 14:30:00,8063,8068,8063,8066,1216,278718,98970240.0,OI2309
2023-05-16 14:31:00,8066,8075,8066,8074,1526,278516,124201140.0,OI2309
2023-05-16 14:32:00,8073,8077,8070,8070,1507,278650,122654730.0,OI2309
2023-05-16 14:33:00,8071,8072,8065,8066,956,278817,71716150.0,OI2309
2023-05-16 14:34:00,8066,8066,8047,8052,4496,278558,365884480.0,OI2309
2023-05-16 14:35:00,8051,8059,8051,8058,2040,278663,166015200.0,OI2309
2023-05-16 14:36:00,8059,8060,8056,8057,1250,278880,99190350.0,OI2309
2023-05-16 14:37:00,8056,8060,8056,8060,938,279001,76325060.0,OI2309
2023-05-16 14:38:00,8060,8063,8045,8049,2792,278826,227185040.0,OI2309
2023-05-16 14:39:00,8048,8056,8048,8051,1365,278684,111070050.0,OI2309
2023-05-16 14:40:00,8051,8054,8049,8053,990,278683,80556300.0,OI2309
2023-05-16 14:41:00,8053,8057,8048,8052,1431,278900,110194760.0,OI2309
2023-05-16 14:42:00,8052,8052,8048,8050,832,278922,67691520.0,OI2309
2023-05-16 14:43:00,8051,8057,8050,8057,1228,278827,99910080.0,OI2309
2023-05-16 14:44:00,8057,8059,8055,8058,1131,278828,92018160.0,OI2309
2023-05-16 14:45:00,8057,8067,8056,8067,1964,278692,159791040.0,OI2309
2023-05-16 14:46:00,8066,8076,8066,8075,2483,278439,197616490.0,OI2309
2023-05-16 14:47:00,8076,8076,8068,8073,1749,278519,142281150.0,OI2309
2023-05-16 14:48:00,8074,8078,8073,8076,1659,278462,134959650.0,OI2309
2023-05-16 14:49:00,8076,8082,8075,8079,3336,278327,271383600.0,OI2309
2023-05-16 14:50:00,8079,8086,8079,8081,3475,278302,282691250.0,OI2309
2023-05-16 14:51:00,8082,8084,8073,8075,1851,278252,149913210.0,OI2309
2023-05-16 14:52:00,8074,8076,8073,8073,1089,278238,88579260.0,OI2309
2023-05-16 14:53:00,8073,8078,8071,8071,993,278247,80770620.0,OI2309
2023-05-16 14:54:00,8071,8077,8071,8077,1119,278078,91019460.0,OI2309
2023-05-16 14:55:00,8076,8080,8074,8076,1473,277758,119813820.0,OI2309
2023-05-16 14:56:00,8076,8079,8074,8078,743,277682,60435620.0,OI2309
2023-05-16 14:57:00,8078,8080,8076,8078,1054,277292,85732360.0,OI2309
2023-05-16 14:58:00,8077,8080,8077,8078,1398,276901,113713320.0,OI2309
2023-05-16 14:59:00,8078,8079,8075,8076,2589,275733,208386790.0,OI2309
2023-05-16 21:00:00,8053,8094,8050,8085,11691,275683,944165160.0,OI2309
2023-05-16 21:01:00,8087,8089,8075,8086,4563,275557,368832960.0,OI2309
2023-05-16 21:02:00,8086,8088,8078,8085,2333,275614,188645610.0,OI2309
2023-05-16 21:03:00,8086,8086,8067,8072,4159,275415,335778150.0,OI2309
2023-05-16 21:04:00,8071,8079,8071,8077,2171,275533,175373380.0,OI2309
2023-05-16 21:05:00,8078,8080,8073,8076,2232,275582,180300960.0,OI2309
2023-05-16 21:06:00,8076,8076,8064,8066,2153,275682,173626320.0,OI2309
2023-05-16 21:07:00,8066,8088,8065,8086,3764,275687,304348940.0,OI2309
2023-05-16 21:08:00,8087,8093,8082,8089,3442,275849,278409840.0,OI2309
2023-05-16 21:09:00,8089,8090,8078,8084,2099,275931,169578210.0,OI2309
2023-05-16 21:10:00,8083,8093,8081,8086,2658,276254,215152470.0,OI2309
2023-05-16 21:11:00,8085,8098,8084,8093,2510,276287,202808000.0,OI2309
2023-05-16 21:12:00,8094,8096,8087,8093,2419,276385,195917140.0,OI2309
2023-05-16 21:13:00,8094,8095,8089,8094,1280,276330,103436800.0,OI2309
2023-05-16 21:14:00,8094,8095,8084,8085,1523,276174,123073630.0,OI2309
2023-05-16 21:15:00,8085,8085,8079,8082,1898,275998,153377380.0,OI2309
2023-05-16 21:16:00,8081,8091,8081,8090,1694,276101,136892140.0,OI2309
2023-05-16 21:17:00,8090,8095,8086,8087,1512,276170,122725730.0,OI2309
2023-05-16 21:18:00,8087,8087,8081,8081,953,276119,77021460.0,OI2309
2023-05-16 21:19:00,8082,8087,8082,8084,575,276141,46471500.0,OI2309
2023-05-16 21:20:00,8085,8093,8085,8091,1452,276292,117350640.0,OI2309
2023-05-16 21:21:00,8091,8093,8089,8091,719,276403,58109580.0,OI2309
2023-05-16 21:22:00,8091,8092,8085,8090,892,276400,72091440.0,OI2309
2023-05-16 21:23:00,8088,8088,8079,8083,1724,276234,139333680.0,OI2309
2023-05-16 21:24:00,8084,8091,8083,8091,1086,276369,87770520.0,OI2309
2023-05-16 21:25:00,8092,8107,8089,8105,3855,276603,312214670.0,OI2309
2023-05-16 21:26:00,8105,8110,8102,8103,3202,276557,259503250.0,OI2309
2023-05-16 21:27:00,8103,8105,8099,8100,1682,276573,136675290.0,OI2309
2023-05-16 21:28:00,8101,8112,8100,8110,2256,276884,182397600.0,OI2309
2023-05-16 21:29:00,8109,8109,8102,8102,1826,277045,148375330.0,OI2309
2023-05-16 21:30:00,8103,8105,8085,8090,4460,276568,360635600.0,OI2309
2023-05-16 21:31:00,8091,8095,8085,8093,2424,276706,196004640.0,OI2309
2023-05-16 21:32:00,8093,8100,8091,8099,2047,276679,166352960.0,OI2309
2023-05-16 21:33:00,8099,8100,8090,8100,1170,276748,94617900.0,OI2309
2023-05-16 21:34:00,8099,8104,8096,8098,1509,276631,122032830.0,OI2309
2023-05-16 21:35:00,8099,8105,8096,8097,1521,276639,123003270.0,OI2309
2023-05-16 21:36:00,8097,8097,8091,8096,1339,276574,108284930.0,OI2309
2023-05-16 21:37:00,8097,8105,8097,8103,1452,276476,118325690.0,OI2309
2023-05-16 21:38:00,8102,8103,8096,8102,1799,276020,145503120.0,OI2309
2023-05-16 21:39:00,8102,8107,8100,8104,1770,275651,143157600.0,OI2309
2023-05-16 21:40:00,8104,8115,8102,8106,2781,275275,225893230.0,OI2309
2023-05-16 21:41:00,8107,8107,8099,8101,1602,275459,129585780.0,OI2309
2023-05-16 21:42:00,8102,8104,8101,8103,662,275426,53549180.0,OI2309
2023-05-16 21:43:00,8103,8104,8098,8102,991,275309,80161990.0,OI2309
2023-05-16 21:44:00,8102,8109,8102,8109,1506,275172,121820340.0,OI2309
2023-05-16 21:45:00,8110,8110,8101,8101,1396,275071,113949960.0,OI2309
2023-05-16 21:46:00,8101,8101,8091,8094,2469,274543,199742100.0,OI2309
2023-05-16 21:47:00,8093,8098,8092,8095,1174,274472,94976600.0,OI2309
2023-05-16 21:48:00,8094,8096,8083,8084,2907,274030,235176300.0,OI2309
2023-05-16 21:49:00,8083,8090,8083,8090,1718,273932,138986200.0,OI2309
2023-05-16 21:50:00,8089,8091,8080,8081,2613,274143,210255370.0,OI2309
2023-05-16 21:51:00,8080,8081,8073,8077,3160,273833,255612400.0,OI2309
2023-05-16 21:52:00,8078,8078,8070,8071,2317,273742,187422130.0,OI2309
2023-05-16 21:53:00,8072,8081,8072,8076,2297,273526,185804330.0,OI2309
2023-05-16 21:54:00,8076,8080,8072,8075,2799,273611,225169050.0,OI2309
2023-05-16 21:55:00,8074,8078,8072,8077,2138,273550,172921440.0,OI2309
2023-05-16 21:56:00,8077,8083,8076,8080,1708,273547,138143040.0,OI2309
2023-05-16 21:57:00,8081,8081,8074,8075,1680,273359,135878400.0,OI2309
2023-05-16 21:58:00,8074,8079,8071,8072,2856,273843,230993280.0,OI2309
2023-05-16 21:59:00,8071,8075,8067,8073,2620,274177,210553520.0,OI2309
2023-05-16 22:00:00,8073,8077,8070,8073,1515,273979,122518050.0,OI2309
2023-05-16 22:01:00,8073,8073,8068,8070,1241,274120,100359670.0,OI2309
2023-05-16 22:02:00,8070,8075,8068,8072,854,274096,69062980.0,OI2309
2023-05-16 22:03:00,8071,8072,8066,8067,1806,274243,146051220.0,OI2309
2023-05-16 22:04:00,8066,8073,8065,8072,1513,274447,120934940.0,OI2309
2023-05-16 22:05:00,8072,8072,8066,8067,1211,274555,97921460.0,OI2309
2023-05-16 22:06:00,8067,8074,8061,8074,2618,274077,211691480.0,OI2309
2023-05-16 22:07:00,8073,8073,8068,8070,900,274132,72774000.0,OI2309
2023-05-16 22:08:00,8070,8072,8067,8069,1089,274314,88056540.0,OI2309
2023-05-16 22:09:00,8068,8069,8064,8067,1532,274458,122382650.0,OI2309
2023-05-16 22:10:00,8067,8068,8063,8067,911,274560,73654350.0,OI2309
2023-05-16 22:11:00,8066,8066,8061,8062,764,274701,61769400.0,OI2309
2023-05-16 22:12:00,8061,8062,8055,8058,2952,274775,238669200.0,OI2309
2023-05-16 22:13:00,8059,8059,8047,8053,3370,275044,270889660.0,OI2309
2023-05-16 22:14:00,8053,8057,8051,8052,1589,275217,128454760.0,OI2309
2023-05-16 22:15:00,8052,8054,8049,8051,1664,275485,133622180.0,OI2309
2023-05-16 22:16:00,8052,8052,8038,8040,5254,275222,423020910.0,OI2309
2023-05-16 22:17:00,8041,8049,8040,8049,2131,275006,172227420.0,OI2309
2023-05-16 22:18:00,8050,8057,8050,8052,2970,274783,238324480.0,OI2309
2023-05-16 22:19:00,8053,8063,8052,8059,2100,274629,169701000.0,OI2309
2023-05-16 22:20:00,8058,8061,8053,8060,1365,274633,110305650.0,OI2309
2023-05-16 22:21:00,8061,8071,8060,8070,3102,274315,248896030.0,OI2309
2023-05-16 22:22:00,8070,8070,8067,8070,1623,274291,131138400.0,OI2309
2023-05-16 22:23:00,8068,8068,8063,8063,1661,274303,134208800.0,OI2309
2023-05-16 22:24:00,8062,8065,8060,8063,1431,274296,115624800.0,OI2309
2023-05-16 22:25:00,8063,8063,8050,8055,2440,274402,197152000.0,OI2309
2023-05-16 22:26:00,8055,8060,8054,8057,1106,274596,89364800.0,OI2309
2023-05-16 22:27:00,8057,8062,8056,8057,789,274688,61884110.0,OI2309
2023-05-16 22:28:00,8057,8057,8048,8049,1270,275040,102603300.0,OI2309
2023-05-16 22:29:00,8050,8053,8045,8050,2357,275100,190422030.0,OI2309
2023-05-16 22:30:00,8049,8052,8046,8051,976,275292,78851040.0,OI2309
2023-05-16 22:31:00,8051,8053,8045,8046,1756,275267,140897030.0,OI2309
2023-05-16 22:32:00,8046,8047,8035,8041,3476,275397,280791280.0,OI2309
2023-05-16 22:33:00,8040,8045,8038,8045,1198,275422,96774440.0,OI2309
2023-05-16 22:34:00,8045,8045,8041,8042,960,275515,75847290.0,OI2309
2023-05-16 22:35:00,8042,8043,8035,8035,1776,275501,143447520.0,OI2309
2023-05-16 22:36:00,8036,8040,8033,8038,1514,275447,122285780.0,OI2309
2023-05-16 22:37:00,8039,8047,8038,8046,1831,275360,146675780.0,OI2309
2023-05-16 22:38:00,8047,8047,8041,8043,1318,275356,106441680.0,OI2309
2023-05-16 22:39:00,8043,8047,8042,8043,1179,275616,95216040.0,OI2309
2023-05-16 22:40:00,8043,8043,8038,8040,1207,275704,97477320.0,OI2309
2023-05-16 22:41:00,8040,8045,8040,8045,769,275813,62104440.0,OI2309
2023-05-16 22:42:00,8045,8045,8038,8044,1092,276063,88189920.0,OI2309
2023-05-16 22:43:00,8044,8044,8041,8043,499,275972,40136290.0,OI2309
2023-05-16 22:44:00,8042,8048,8040,8047,969,275976,78246750.0,OI2309
2023-05-16 22:45:00,8047,8048,8032,8036,2038,275763,164568500.0,OI2309
2023-05-16 22:46:00,8037,8044,8036,8044,1736,276023,140182000.0,OI2309
2023-05-16 22:47:00,8045,8048,8042,8046,2648,275638,212361120.0,OI2309
2023-05-16 22:48:00,8046,8047,8044,8047,2056,275540,166001440.0,OI2309
2023-05-16 22:49:00,8046,8046,8039,8041,1001,275415,80820740.0,OI2309
2023-05-16 22:50:00,8040,8044,8038,8043,622,275446,50220280.0,OI2309
2023-05-16 22:51:00,8043,8049,8042,8047,1603,275691,129426220.0,OI2309
2023-05-16 22:52:00,8046,8048,8045,8046,789,275526,63703860.0,OI2309
2023-05-16 22:53:00,8046,8046,8042,8045,2100,275753,167299510.0,OI2309
2023-05-16 22:54:00,8046,8046,8043,8045,2094,275567,169048620.0,OI2309
2023-05-16 22:55:00,8044,8045,8040,8040,1538,275160,124162740.0,OI2309
2023-05-16 22:56:00,8041,8045,8040,8045,683,275033,55138590.0,OI2309
2023-05-16 22:57:00,8043,8044,8040,8043,756,274888,61031880.0,OI2309
2023-05-16 22:58:00,8043,8044,8041,8042,1119,274655,88020480.0,OI2309
2023-05-16 22:59:00,8043,8043,8038,8042,2042,273941,164830240.0,OI2309
2023-05-17 09:00:00,8035,8035,8004,8016,10559,274850,847437680.0,OI2309
2023-05-17 09:01:00,8015,8027,8009,8018,5538,275256,444418820.0,OI2309
2023-05-17 09:02:00,8018,8031,8012,8026,4244,275669,339908140.0,OI2309
2023-05-17 09:03:00,8026,8026,8013,8017,3215,275596,256813830.0,OI2309
2023-05-17 09:04:00,8020,8034,8020,8030,3626,275819,292509420.0,OI2309
2023-05-17 09:05:00,8030,8031,8020,8028,2491,275846,198315430.0,OI2309
2023-05-17 09:06:00,8027,8043,8027,8034,3792,275657,305862720.0,OI2309
2023-05-17 09:07:00,8034,8034,8021,8024,2726,275443,219879160.0,OI2309
2023-05-17 09:08:00,8024,8031,8021,8025,2201,275660,175334700.0,OI2309
2023-05-17 09:09:00,8027,8032,8022,8032,1634,275739,131782100.0,OI2309
2023-05-17 09:10:00,8032,8043,8030,8033,4030,275719,325019500.0,OI2309
2023-05-17 09:11:00,8033,8044,8032,8042,2047,275788,163948980.0,OI2309
2023-05-17 09:12:00,8043,8049,8042,8048,2505,275822,202003200.0,OI2309
2023-05-17 09:13:00,8047,8057,8047,8056,3758,275591,303045120.0,OI2309
2023-05-17 09:14:00,8057,8058,8051,8052,1744,275553,140636160.0,OI2309
2023-05-17 09:15:00,8054,8056,8049,8053,1656,275630,133539840.0,OI2309
2023-05-17 09:16:00,8054,8056,8044,8046,2157,275369,173940480.0,OI2309
2023-05-17 09:17:00,8046,8050,8041,8043,2175,274977,175392000.0,OI2309
2023-05-17 09:18:00,8043,8044,8037,8039,2182,274775,175956480.0,OI2309
2023-05-17 09:19:00,8039,8056,8036,8055,3430,274473,273601290.0,OI2309
2023-05-17 09:20:00,8055,8056,8047,8048,2698,274044,217539740.0,OI2309
2023-05-17 09:21:00,8048,8050,8041,8044,2444,273853,197059720.0,OI2309
2023-05-17 09:22:00,8044,8047,8038,8038,1621,274089,130701230.0,OI2309
2023-05-17 09:23:00,8039,8046,8036,8046,1661,274044,133926430.0,OI2309
2023-05-17 09:24:00,8046,8048,8044,8044,1034,274118,83371420.0,OI2309
2023-05-17 09:25:00,8047,8050,8041,8044,1596,274015,128685480.0,OI2309
2023-05-17 09:26:00,8044,8050,8042,8050,1300,274015,104819000.0,OI2309
2023-05-17 09:27:00,8051,8062,8051,8058,3065,273850,247130950.0,OI2309
2023-05-17 09:28:00,8057,8070,8057,8067,3731,273362,300830530.0,OI2309
2023-05-17 09:29:00,8065,8066,8060,8063,1665,273070,134248950.0,OI2309
2023-05-17 09:30:00,8063,8069,8055,8055,3189,272704,257129070.0,OI2309
2023-05-17 09:31:00,8055,8056,8042,8044,3539,272334,282080230.0,OI2309
2023-05-17 09:32:00,8043,8045,8025,8027,4923,272526,396892260.0,OI2309
2023-05-17 09:33:00,8026,8027,8014,8016,5365,272597,430743080.0,OI2309
2023-05-17 09:34:00,8015,8018,7994,7995,11414,271824,916596180.0,OI2309
2023-05-17 09:35:00,7996,7996,7982,7990,8816,272677,704782890.0,OI2309
2023-05-17 09:36:00,7991,7991,7977,7982,6659,273296,529300000.0,OI2309
2023-05-17 09:37:00,7982,7982,7967,7972,5907,274131,472167740.0,OI2309
2023-05-17 09:38:00,7972,7976,7968,7970,4757,274454,380577490.0,OI2309
2023-05-17 09:39:00,7970,7990,7969,7990,6976,273608,558029530.0,OI2309
2023-05-17 09:40:00,7991,7996,7986,7986,6130,273482,490703600.0,OI2309
2023-05-17 09:41:00,7986,7996,7986,7991,2532,273437,201451260.0,OI2309
2023-05-17 09:42:00,7991,7996,7991,7994,1666,273383,134129660.0,OI2309
2023-05-17 09:43:00,7993,8001,7993,7999,2937,273260,236457870.0,OI2309
2023-05-17 09:44:00,7999,7999,7991,7991,1954,273325,155782720.0,OI2309
2023-05-17 09:45:00,7991,8002,7988,8002,2192,273322,176456000.0,OI2309
2023-05-17 09:46:00,8002,8004,7995,8000,2435,273586,196017500.0,OI2309
2023-05-17 09:47:00,8001,8004,7997,7999,1416,273545,113988000.0,OI2309
2023-05-17 09:48:00,7999,8008,7999,8007,2219,273687,174918630.0,OI2309
2023-05-17 09:49:00,8006,8009,8002,8006,1768,273755,142306320.0,OI2309
2023-05-17 09:50:00,8005,8016,8004,8012,2832,273652,227947680.0,OI2309
2023-05-17 09:51:00,8012,8023,8012,8023,2594,273826,208791060.0,OI2309
2023-05-17 09:52:00,8022,8023,8015,8018,1977,273756,159128730.0,OI2309
2023-05-17 09:53:00,8018,8020,8016,8017,1162,273848,93529380.0,OI2309
2023-05-17 09:54:00,8018,8025,8015,8025,2726,274174,215232830.0,OI2309
2023-05-17 09:55:00,8024,8027,8018,8019,2361,274020,190013280.0,OI2309
2023-05-17 09:56:00,8020,8024,8018,8021,1381,274488,111142880.0,OI2309
2023-05-17 09:57:00,8021,8022,8015,8022,2655,274918,213674400.0,OI2309
2023-05-17 09:58:00,8022,8026,8015,8016,1367,275105,110016160.0,OI2309
2023-05-17 09:59:00,8015,8024,8015,8024,1671,275473,134482080.0,OI2309
2023-05-17 10:00:00,8024,8030,8019,8029,1741,275470,140115680.0,OI2309
2023-05-17 10:01:00,8028,8037,8026,8036,2289,275305,184218720.0,OI2309
2023-05-17 10:02:00,8037,8037,8029,8030,1831,275230,147194160.0,OI2309
2023-05-17 10:03:00,8031,8033,8028,8029,874,275172,70330780.0,OI2309
2023-05-17 10:04:00,8028,8030,8018,8018,2173,274853,174861310.0,OI2309
2023-05-17 10:05:00,8018,8027,8011,8026,3606,274655,290174820.0,OI2309
2023-05-17 10:06:00,8027,8032,8024,8031,960,274697,77251200.0,OI2309
2023-05-17 10:07:00,8031,8031,8025,8029,1045,274716,84091150.0,OI2309
2023-05-17 10:08:00,8030,8034,8027,8030,980,274594,78860600.0,OI2309
2023-05-17 10:09:00,8030,8033,8026,8028,989,274359,79584830.0,OI2309
2023-05-17 10:10:00,8029,8032,8027,8032,638,274266,51339860.0,OI2309
2023-05-17 10:11:00,8032,8035,8028,8034,1013,274227,81516110.0,OI2309
2023-05-17 10:12:00,8034,8044,8034,8041,2785,273942,224108950.0,OI2309
2023-05-17 10:13:00,8040,8044,8039,8040,1280,273858,103001600.0,OI2309
2023-05-17 10:14:00,8041,8042,8039,8039,755,273621,60754850.0,OI2309
2023-05-17 10:30:00,8040,8040,8033,8035,1716,273430,138086520.0,OI2309
2023-05-17 10:31:00,8036,8039,8028,8030,1929,273252,155226630.0,OI2309
2023-05-17 10:32:00,8030,8036,8028,8035,1319,273203,106139930.0,OI2309
2023-05-17 10:33:00,8035,8039,8031,8032,1109,273140,89241230.0,OI2309
2023-05-17 10:34:00,8031,8031,8023,8026,1983,273182,159572010.0,OI2309
2023-05-17 10:35:00,8026,8030,8025,8028,787,273278,63329890.0,OI2309
2023-05-17 10:36:00,8028,8032,8027,8027,797,273256,63728060.0,OI2309
2023-05-17 10:37:00,8028,8034,8026,8032,572,273322,46023120.0,OI2309
2023-05-17 10:38:00,8033,8041,8032,8040,1276,273282,102666960.0,OI2309
2023-05-17 10:39:00,8041,8049,8041,8048,2380,273249,191494800.0,OI2309
2023-05-17 10:40:00,8049,8053,8047,8049,2337,273397,188035020.0,OI2309
2023-05-17 10:41:00,8048,8053,8048,8050,1206,273535,97034760.0,OI2309
2023-05-17 10:42:00,8049,8054,8049,8050,1358,273425,109264680.0,OI2309
2023-05-17 10:43:00,8050,8053,8041,8042,1691,273421,136057860.0,OI2309
2023-05-17 10:44:00,8041,8043,8033,8034,1876,273191,150942960.0,OI2309
2023-05-17 10:45:00,8035,8036,8028,8030,1480,273120,119080800.0,OI2309
2023-05-17 10:46:00,8030,8030,8026,8028,1371,272834,110310660.0,OI2309
2023-05-17 10:47:00,8028,8037,8024,8037,1616,272587,130023360.0,OI2309
2023-05-17 10:48:00,8036,8042,8035,8042,1082,272642,87057720.0,OI2309
2023-05-17 10:49:00,8041,8045,8041,8045,907,272847,72977220.0,OI2309
2023-05-17 10:50:00,8046,8046,8040,8044,818,272912,65816280.0,OI2309
2023-05-17 10:51:00,8043,8050,8042,8050,924,273062,74345040.0,OI2309
2023-05-17 10:52:00,8049,8051,8045,8046,907,272993,72977220.0,OI2309
2023-05-17 10:53:00,8047,8048,8042,8045,823,273003,66218580.0,OI2309
2023-05-17 10:54:00,8045,8046,8041,8042,708,272983,56965680.0,OI2309
2023-05-17 10:55:00,8043,8046,8040,8043,616,272973,49563360.0,OI2309
2023-05-17 10:56:00,8043,8043,8034,8035,1319,272743,106126740.0,OI2309
2023-05-17 10:57:00,8035,8037,8030,8031,1158,272571,93172680.0,OI2309
2023-05-17 10:58:00,8032,8036,8031,8036,651,272589,52379460.0,OI2309
2023-05-17 10:59:00,8036,8042,8034,8042,805,272525,64770300.0,OI2309
2023-05-17 11:00:00,8042,8042,8024,8026,1931,272516,155368260.0,OI2309
2023-05-17 11:01:00,8026,8026,8021,8026,1947,272436,156655620.0,OI2309
2023-05-17 11:02:00,8026,8030,8023,8028,1137,272388,91483020.0,OI2309
2023-05-17 11:03:00,8028,8028,8022,8023,930,272460,74827800.0,OI2309
2023-05-17 11:04:00,8022,8026,8018,8020,2163,271937,174034980.0,OI2309
2023-05-17 11:05:00,8021,8022,8014,8018,1726,271763,138873960.0,OI2309
2023-05-17 11:06:00,8017,8018,8013,8017,1060,271632,85287600.0,OI2309
2023-05-17 11:07:00,8015,8020,8015,8020,1127,271480,90678420.0,OI2309
2023-05-17 11:08:00,8020,8024,8019,8022,1317,271394,105965820.0,OI2309
2023-05-17 11:09:00,8022,8022,8012,8013,1703,271156,131990910.0,OI2309
2023-05-17 11:10:00,8012,8018,8012,8017,1175,271126,94528750.0,OI2309
2023-05-17 11:11:00,8017,8017,8010,8011,1138,271259,91552100.0,OI2309
2023-05-17 11:12:00,8010,8014,8010,8014,560,271198,45052000.0,OI2309
2023-05-17 11:13:00,8014,8014,8009,8014,815,271333,65566750.0,OI2309
2023-05-17 11:14:00,8014,8018,8012,8014,1093,271054,87931850.0,OI2309
2023-05-17 11:15:00,8013,8015,8012,8014,558,271041,44891100.0,OI2309
2023-05-17 11:16:00,8014,8017,8008,8010,1239,271053,99677550.0,OI2309
2023-05-17 11:17:00,8011,8011,8005,8007,1032,271043,83024400.0,OI2309
2023-05-17 11:18:00,8008,8008,8004,8006,969,271089,77956050.0,OI2309
2023-05-17 11:19:00,8005,8011,8003,8006,1001,271178,80530450.0,OI2309
2023-05-17 11:20:00,8005,8008,7998,8007,2243,271191,180449350.0,OI2309
2023-05-17 11:21:00,8007,8007,8003,8005,984,271326,79162800.0,OI2309
2023-05-17 11:22:00,8005,8005,7996,7999,1766,271408,141174950.0,OI2309
2023-05-17 11:23:00,7999,8002,7996,8000,965,271429,77624600.0,OI2309
2023-05-17 11:24:00,8000,8000,7994,7997,1285,271605,103365400.0,OI2309
2023-05-17 11:25:00,7996,7996,7990,7993,2238,271759,180024720.0,OI2309
2023-05-17 11:26:00,7993,7993,7983,7983,2903,271872,233517320.0,OI2309
2023-05-17 11:27:00,7983,7987,7978,7979,3587,272383,286583190.0,OI2309
2023-05-17 11:28:00,7979,7989,7978,7987,2547,272218,204855210.0,OI2309
2023-05-17 11:29:00,7989,7995,7987,7992,2202,271651,177106860.0,OI2309
2023-05-17 13:30:00,7991,7991,7955,7969,6824,272377,543450610.0,OI2309
2023-05-17 13:31:00,7968,7970,7963,7965,3546,273421,282580530.0,OI2309
2023-05-17 13:32:00,7965,7968,7959,7967,3386,274420,272268260.0,OI2309
2023-05-17 13:33:00,7967,7973,7963,7970,2986,274860,234601370.0,OI2309
2023-05-17 13:34:00,7969,7974,7968,7973,1685,274952,135474000.0,OI2309
2023-05-17 13:35:00,7972,7978,7970,7974,2055,275019,165222000.0,OI2309
2023-05-17 13:36:00,7974,7981,7974,7980,1804,275005,145041600.0,OI2309
2023-05-17 13:37:00,7981,7986,7980,7980,1578,275033,126871200.0,OI2309
2023-05-17 13:38:00,7980,7981,7970,7973,1673,275029,132008650.0,OI2309
2023-05-17 13:39:00,7973,7980,7972,7976,1118,274974,89876020.0,OI2309
2023-05-17 13:40:00,7976,7980,7974,7975,866,275164,69617740.0,OI2309
2023-05-17 13:41:00,7975,7976,7962,7966,2920,275520,234738800.0,OI2309
2023-05-17 13:42:00,7967,7968,7961,7964,1542,275661,123961380.0,OI2309
2023-05-17 13:43:00,7963,7968,7961,7967,1268,275885,98794230.0,OI2309
2023-05-17 13:44:00,7967,7969,7965,7966,1082,275964,86971160.0,OI2309
2023-05-17 13:45:00,7966,7968,7958,7960,2353,276284,189134140.0,OI2309
2023-05-17 13:46:00,7960,7963,7959,7960,1263,276460,101519940.0,OI2309
2023-05-17 13:47:00,7960,7963,7954,7962,2646,276669,207216420.0,OI2309
2023-05-17 13:48:00,7963,7969,7962,7968,2197,276789,176572890.0,OI2309
2023-05-17 13:49:00,7969,7969,7963,7964,1532,276878,123126840.0,OI2309
2023-05-17 13:50:00,7964,7971,7960,7970,1698,277168,136468260.0,OI2309
2023-05-17 13:51:00,7970,7976,7967,7974,2208,277132,177456960.0,OI2309
2023-05-17 13:52:00,7975,7980,7974,7979,1742,276922,134169350.0,OI2309
2023-05-17 13:53:00,7979,7982,7975,7977,1411,277043,113387960.0,OI2309
2023-05-17 13:54:00,7978,7978,7973,7974,1032,276876,82931520.0,OI2309
2023-05-17 13:55:00,7974,7975,7970,7971,1103,277134,88637080.0,OI2309
2023-05-17 13:56:00,7970,7971,7956,7956,2959,277572,237785240.0,OI2309
2023-05-17 13:57:00,7956,7957,7946,7951,5567,278232,441408210.0,OI2309
2023-05-17 13:58:00,7951,7951,7944,7945,2917,278927,228395870.0,OI2309
2023-05-17 13:59:00,7945,7945,7940,7943,2914,279330,234110760.0,OI2309
2023-05-17 14:00:00,7942,7946,7938,7944,2978,279925,235155160.0,OI2309
2023-05-17 14:01:00,7944,7955,7944,7954,2257,279625,181304810.0,OI2309
2023-05-17 14:02:00,7955,7957,7944,7945,2750,279959,220907500.0,OI2309
2023-05-17 14:03:00,7944,7945,7939,7940,2446,280300,192065870.0,OI2309
2023-05-17 14:04:00,7940,7946,7935,7945,3205,280695,257425600.0,OI2309
2023-05-17 14:05:00,7946,7956,7944,7953,2763,280778,221924160.0,OI2309
2023-05-17 14:06:00,7954,7961,7950,7960,2264,280719,181508410.0,OI2309
2023-05-17 14:07:00,7959,7970,7958,7967,2939,280723,236031090.0,OI2309
2023-05-17 14:08:00,7967,7972,7964,7964,2193,280500,176119830.0,OI2309
2023-05-17 14:09:00,7964,7965,7950,7951,2488,280556,199649920.0,OI2309
2023-05-17 14:10:00,7951,7953,7945,7952,2530,280885,203159000.0,OI2309
2023-05-17 14:11:00,7951,7953,7945,7947,1596,281443,128158800.0,OI2309
2023-05-17 14:12:00,7948,7949,7944,7946,1163,281640,93388900.0,OI2309
2023-05-17 14:13:00,7946,7948,7943,7947,1123,281749,90176900.0,OI2309
2023-05-17 14:14:00,7947,7948,7945,7948,601,281828,48260300.0,OI2309
2023-05-17 14:15:00,7947,7953,7945,7951,1439,281867,115301880.0,OI2309
2023-05-17 14:16:00,7951,7957,7951,7953,1475,281767,118427750.0,OI2309
2023-05-17 14:17:00,7952,7952,7946,7947,888,281852,71297520.0,OI2309
2023-05-17 14:18:00,7947,7955,7947,7955,1128,282048,90567120.0,OI2309
2023-05-17 14:19:00,7954,7955,7949,7951,789,282153,63348810.0,OI2309
2023-05-17 14:20:00,7951,7951,7947,7950,861,282264,69129690.0,OI2309
2023-05-17 14:21:00,7950,7952,7948,7951,544,282324,43677760.0,OI2309
2023-05-17 14:22:00,7951,7951,7943,7950,1433,282391,115055570.0,OI2309
2023-05-17 14:23:00,7950,7960,7950,7956,1747,282412,134629920.0,OI2309
2023-05-17 14:24:00,7957,7957,7952,7955,993,282485,79718040.0,OI2309
2023-05-17 14:25:00,7955,7961,7955,7955,1121,282599,89993880.0,OI2309
2023-05-17 14:26:00,7956,7960,7955,7959,984,282655,78995520.0,OI2309
2023-05-17 14:27:00,7959,7960,7953,7954,1090,282564,87505200.0,OI2309
2023-05-17 14:28:00,7954,7958,7954,7958,703,282540,56436840.0,OI2309
2023-05-17 14:29:00,7957,7958,7956,7956,380,282515,30506400.0,OI2309
2023-05-17 14:30:00,7956,7957,7949,7954,1318,282468,105809040.0,OI2309
2023-05-17 14:31:00,7953,7964,7949,7963,1852,282340,144572710.0,OI2309
2023-05-17 14:32:00,7963,7971,7962,7963,3349,281711,268824230.0,OI2309
2023-05-17 14:33:00,7963,7965,7957,7965,1457,281615,116953390.0,OI2309
2023-05-17 14:34:00,7964,7968,7964,7966,1193,281601,95762110.0,OI2309
2023-05-17 14:35:00,7966,7974,7966,7973,1974,281271,158452980.0,OI2309
2023-05-17 14:36:00,7973,7980,7971,7976,2551,280459,203798470.0,OI2309
2023-05-17 14:37:00,7976,7985,7974,7984,2690,280042,215899400.0,OI2309
2023-05-17 14:38:00,7984,7986,7978,7982,2760,279485,221517600.0,OI2309
2023-05-17 14:39:00,7982,7982,7974,7982,2341,278809,187888660.0,OI2309
2023-05-17 14:40:00,7982,7988,7980,7986,2503,278566,200890780.0,OI2309
2023-05-17 14:41:00,7986,7988,7978,7982,1702,278271,136602520.0,OI2309
2023-05-17 14:42:00,7982,7983,7974,7974,2011,277931,161402860.0,OI2309
2023-05-17 14:43:00,7975,7977,7970,7971,1908,277797,149907880.0,OI2309
2023-05-17 14:44:00,7972,7979,7971,7977,1290,277777,103522500.0,OI2309
2023-05-17 14:45:00,7978,7981,7975,7976,1529,277450,122702250.0,OI2309
2023-05-17 14:46:00,7975,7978,7973,7976,864,277298,69336000.0,OI2309
2023-05-17 14:47:00,7977,7984,7976,7981,1202,277048,96460500.0,OI2309
2023-05-17 14:48:00,7982,7983,7980,7982,576,276992,46224000.0,OI2309
2023-05-17 14:49:00,7982,7986,7980,7986,1285,276777,103121250.0,OI2309
2023-05-17 14:50:00,7986,7993,7985,7985,2483,276401,199260750.0,OI2309
2023-05-17 14:51:00,7986,7987,7979,7979,1238,276117,99349500.0,OI2309
2023-05-17 14:52:00,7979,7981,7975,7978,914,276033,73348500.0,OI2309
2023-05-17 14:53:00,7977,7980,7976,7977,618,275948,49594500.0,OI2309
2023-05-17 14:54:00,7977,7980,7975,7975,1232,275654,98868000.0,OI2309
2023-05-17 14:55:00,7975,7981,7975,7979,1666,275177,126748510.0,OI2309
2023-05-17 14:56:00,7979,7981,7976,7978,756,275005,60661440.0,OI2309
2023-05-17 14:57:00,7979,7979,7973,7977,1085,274619,87060400.0,OI2309
2023-05-17 14:58:00,7977,7980,7977,7978,1158,274215,92917920.0,OI2309
2023-05-17 14:59:00,7978,7979,7976,7976,2057,273376,165053680.0,OI2309
2023-05-17 21:00:00,7990,7996,7977,7978,7246,273713,578810480.0,OI2309
2023-05-17 21:01:00,7979,7989,7976,7981,3737,273760,298291900.0,OI2309
2023-05-17 21:02:00,7981,7985,7979,7981,2356,273889,188016770.0,OI2309
2023-05-17 21:03:00,7981,7989,7980,7982,2519,273884,201142150.0,OI2309
2023-05-17 21:04:00,7982,7986,7969,7984,4441,274410,354410860.0,OI2309
2023-05-17 21:05:00,7985,7988,7977,7978,2955,274624,235927200.0,OI2309
2023-05-17 21:06:00,7979,7984,7977,7977,1499,274688,119432630.0,OI2309
2023-05-17 21:07:00,7978,7985,7977,7984,1484,274717,118467720.0,OI2309
2023-05-17 21:08:00,7984,8003,7984,7993,7092,274388,567154230.0,OI2309
2023-05-17 21:09:00,7993,8000,7991,7998,2853,274655,228202400.0,OI2309
2023-05-17 21:10:00,7998,8006,7993,7999,3418,275055,273391660.0,OI2309
2023-05-17 21:11:00,7998,8006,7998,8003,3028,275424,242302920.0,OI2309
2023-05-17 21:12:00,8003,8005,7998,7999,4968,275447,397369480.0,OI2309
2023-05-17 21:13:00,7999,8000,7994,7995,3935,275778,314921810.0,OI2309
2023-05-17 21:14:00,7995,7995,7991,7992,1213,275720,96930830.0,OI2309
2023-05-17 21:15:00,7992,7992,7984,7984,3720,276175,296700560.0,OI2309
2023-05-17 21:16:00,7985,7986,7980,7986,5165,276354,412683500.0,OI2309
2023-05-17 21:17:00,7986,7994,7986,7993,2929,275891,234027100.0,OI2309
2023-05-17 21:18:00,7993,8005,7993,8000,3108,275583,248329200.0,OI2309
2023-05-17 21:19:00,7999,8003,7998,8002,1406,275589,113030120.0,OI2309
2023-05-17 21:20:00,8002,8004,7999,8001,1296,275326,103563360.0,OI2309
2023-05-17 21:21:00,8001,8014,8000,8008,3670,275451,294010080.0,OI2309
2023-05-17 21:22:00,8009,8015,8009,8011,2071,275460,165514320.0,OI2309
2023-05-17 21:23:00,8012,8017,8008,8011,1904,275450,152947810.0,OI2309
2023-05-17 21:24:00,8011,8014,8010,8012,1308,275258,104548440.0,OI2309
2023-05-17 21:25:00,8014,8018,8007,8008,2036,275224,163551050.0,OI2309
2023-05-17 21:26:00,8008,8014,8008,8012,1336,275121,106799840.0,OI2309
2023-05-17 21:27:00,8012,8013,8002,8008,1840,274838,147089600.0,OI2309
2023-05-17 21:28:00,8008,8012,8006,8011,1158,274883,92570520.0,OI2309
2023-05-17 21:29:00,8011,8012,8006,8006,811,274901,64831340.0,OI2309
2023-05-17 21:30:00,8008,8011,7994,7995,3075,274822,246711270.0,OI2309
2023-05-17 21:31:00,7995,8002,7991,8002,3470,275016,277426500.0,OI2309
2023-05-17 21:32:00,8001,8007,7997,8004,1464,275125,117046800.0,OI2309
2023-05-17 21:33:00,8004,8008,8001,8005,1517,275261,121284150.0,OI2309
2023-05-17 21:34:00,8005,8009,8003,8004,1708,275531,136554600.0,OI2309
2023-05-17 21:35:00,8005,8008,8003,8003,1110,275583,88744500.0,OI2309
2023-05-17 21:36:00,8003,8008,7996,8008,2663,275949,213921940.0,OI2309
2023-05-17 21:37:00,8008,8009,8002,8004,1565,275852,125137400.0,OI2309
2023-05-17 21:38:00,8004,8004,7994,7994,2239,275553,179030440.0,OI2309
2023-05-17 21:39:00,7995,8000,7992,7998,2753,275710,220129880.0,OI2309
2023-05-17 21:40:00,7998,7998,7986,7987,3975,275271,317841000.0,OI2309
2023-05-17 21:41:00,7986,7993,7986,7991,2028,275456,162158880.0,OI2309
2023-05-17 21:42:00,7992,7995,7989,7993,1345,275603,107546200.0,OI2309
2023-05-17 21:43:00,7993,8000,7993,7998,1522,275633,121699120.0,OI2309
2023-05-17 21:44:00,7997,8004,7997,8003,1319,275580,105467240.0,OI2309
2023-05-17 21:45:00,8004,8006,7995,7998,1732,275661,138490720.0,OI2309
2023-05-17 21:46:00,7997,7999,7994,7996,924,275862,73883040.0,OI2309
2023-05-17 21:47:00,7996,8003,7996,7998,862,275846,68925520.0,OI2309
2023-05-17 21:48:00,7998,7999,7997,7998,396,275841,31664160.0,OI2309
2023-05-17 21:49:00,7998,8001,7996,7996,710,275853,56771600.0,OI2309
2023-05-17 21:50:00,7997,7999,7989,7991,1920,276031,153523200.0,OI2309
2023-05-17 21:51:00,7990,7990,7979,7979,3707,276541,295126660.0,OI2309
2023-05-17 21:52:00,7978,7983,7974,7975,3655,276712,292217250.0,OI2309
2023-05-17 21:53:00,7977,7978,7972,7976,1978,276981,158141100.0,OI2309
2023-05-17 21:54:00,7976,7980,7973,7978,1710,277180,135356010.0,OI2309
2023-05-17 21:55:00,7977,7981,7975,7978,1137,277262,90891780.0,OI2309
2023-05-17 21:56:00,7977,7983,7977,7982,1828,277566,146130320.0,OI2309
2023-05-17 21:57:00,7981,7981,7976,7976,1206,277676,96407640.0,OI2309
2023-05-17 21:58:00,7976,7983,7976,7977,1610,278057,128703400.0,OI2309
2023-05-17 21:59:00,7978,7980,7975,7977,1026,278195,82018440.0,OI2309
2023-05-17 22:00:00,7976,7980,7972,7972,1960,278317,155236240.0,OI2309
2023-05-17 22:01:00,7972,7974,7967,7970,3015,278318,240988950.0,OI2309
2023-05-17 22:02:00,7970,7972,7963,7964,2538,278646,202142170.0,OI2309
2023-05-17 22:03:00,7963,7968,7961,7965,2209,278633,176543280.0,OI2309
2023-05-17 22:04:00,7964,7965,7958,7961,3180,279091,252590020.0,OI2309
2023-05-17 22:05:00,7961,7965,7957,7965,2506,279943,200254460.0,OI2309
2023-05-17 22:06:00,7966,7970,7965,7970,1977,279893,157982070.0,OI2309
2023-05-17 22:07:00,7970,7971,7962,7963,1552,280084,122404390.0,OI2309
2023-05-17 22:08:00,7963,7972,7963,7971,1817,280031,145178300.0,OI2309
2023-05-17 22:09:00,7971,7974,7964,7964,1374,280078,109782600.0,OI2309
2023-05-17 22:10:00,7965,7969,7964,7967,1038,280279,82936200.0,OI2309
2023-05-17 22:11:00,7967,7972,7964,7966,1569,280459,125363100.0,OI2309
2023-05-17 22:12:00,7965,7967,7962,7963,1232,280607,96750570.0,OI2309
2023-05-17 22:13:00,7963,7963,7954,7956,2630,280978,210110700.0,OI2309
2023-05-17 22:14:00,7956,7960,7955,7958,1605,281177,128223450.0,OI2309
2023-05-17 22:15:00,7959,7960,7955,7958,1604,281508,126700730.0,OI2309
2023-05-17 22:16:00,7958,7960,7952,7956,1816,281751,145062080.0,OI2309
2023-05-17 22:17:00,7956,7959,7953,7958,1314,281860,104962320.0,OI2309
2023-05-17 22:18:00,7959,7959,7951,7954,1799,281784,141910210.0,OI2309
2023-05-17 22:19:00,7954,7954,7947,7950,3273,282297,261414510.0,OI2309
2023-05-17 22:20:00,7950,7955,7947,7953,1970,282501,156222040.0,OI2309
2023-05-17 22:21:00,7954,7954,7944,7947,3021,282522,241257060.0,OI2309
2023-05-17 22:22:00,7946,7957,7946,7956,2083,282377,165308370.0,OI2309
2023-05-17 22:23:00,7956,7957,7950,7950,1663,282400,132790550.0,OI2309
2023-05-17 22:24:00,7950,7952,7947,7950,1395,282586,111390750.0,OI2309
2023-05-17 22:25:00,7951,7951,7944,7947,2371,282992,188205310.0,OI2309
2023-05-17 22:26:00,7947,7948,7940,7946,2124,283239,169580160.0,OI2309
2023-05-17 22:27:00,7945,7946,7937,7941,2444,283759,195128960.0,OI2309
2023-05-17 22:28:00,7942,7945,7938,7943,2318,284251,183048590.0,OI2309
2023-05-17 22:29:00,7944,7951,7944,7948,2786,283873,222406380.0,OI2309
2023-05-17 22:30:00,7949,7949,7932,7937,4958,284632,393699170.0,OI2309
2023-05-17 22:31:00,7937,7938,7930,7936,3317,285010,263294090.0,OI2309
2023-05-17 22:32:00,7936,7939,7929,7929,2774,285261,219234060.0,OI2309
2023-05-17 22:33:00,7929,7932,7926,7928,3370,285347,266733420.0,OI2309
2023-05-17 22:34:00,7928,7930,7915,7918,5526,286170,438671700.0,OI2309
2023-05-17 22:35:00,7917,7924,7916,7923,3043,286620,240923020.0,OI2309
2023-05-17 22:36:00,7922,7922,7912,7918,3864,287479,305985540.0,OI2309
2023-05-17 22:37:00,7919,7921,7913,7915,2448,288233,195252480.0,OI2309
2023-05-17 22:38:00,7914,7920,7914,7918,1994,288483,156680110.0,OI2309
2023-05-17 22:39:00,7919,7920,7903,7904,5897,288740,465445150.0,OI2309
2023-05-17 22:40:00,7905,7906,7894,7904,6267,289190,497184940.0,OI2309
2023-05-17 22:41:00,7904,7906,7900,7904,2073,289656,162755860.0,OI2309
2023-05-17 22:42:00,7903,7909,7896,7908,3771,289847,299373840.0,OI2309
2023-05-17 22:43:00,7908,7909,7903,7908,2733,290443,215743360.0,OI2309
2023-05-17 22:44:00,7908,7910,7904,7907,2061,290341,164241090.0,OI2309
2023-05-17 22:45:00,7906,7906,7897,7898,2434,290844,192283490.0,OI2309
2023-05-17 22:46:00,7897,7912,7897,7911,3349,290668,264201140.0,OI2309
2023-05-17 22:47:00,7909,7913,7906,7909,3126,290510,249048420.0,OI2309
2023-05-17 22:48:00,7908,7915,7906,7912,1969,290103,154172100.0,OI2309
2023-05-17 22:49:00,7913,7915,7910,7911,1532,290052,122039120.0,OI2309
2023-05-17 22:50:00,7912,7921,7911,7918,2840,289418,226234400.0,OI2309
2023-05-17 22:51:00,7919,7919,7915,7918,1343,289364,105382270.0,OI2309
2023-05-17 22:52:00,7918,7921,7916,7917,1607,289155,127997550.0,OI2309
2023-05-17 22:53:00,7917,7918,7908,7908,1928,288904,153565200.0,OI2309
2023-05-17 22:54:00,7907,7910,7903,7908,2468,288728,193760890.0,OI2309
2023-05-17 22:55:00,7907,7910,7907,7908,1056,288843,84099840.0,OI2309
2023-05-17 22:56:00,7909,7909,7906,7906,725,288718,57739000.0,OI2309
2023-05-17 22:57:00,7907,7913,7905,7912,1484,288356,118185760.0,OI2309
2023-05-17 22:58:00,7912,7922,7911,7919,2501,287260,196306670.0,OI2309
2023-05-17 22:59:00,7918,7920,7910,7912,2504,286219,199393520.0,OI2309
2023-05-18 09:00:00,7948,7954,7929,7937,10644,285763,844577270.0,OI2309
2023-05-18 09:01:00,7936,7939,7929,7930,3519,286069,280182780.0,OI2309
2023-05-18 09:02:00,7930,7945,7930,7945,3550,286162,281907320.0,OI2309
2023-05-18 09:03:00,7944,7953,7940,7953,5131,285501,408478910.0,OI2309
2023-05-18 09:04:00,7952,7953,7940,7948,3424,284987,272584640.0,OI2309
2023-05-18 09:05:00,7949,7951,7939,7942,2336,285231,185968960.0,OI2309
2023-05-18 09:06:00,7943,7944,7933,7935,2346,285440,186765060.0,OI2309
2023-05-18 09:07:00,7935,7938,7927,7931,2570,285986,201364490.0,OI2309
2023-05-18 09:08:00,7931,7937,7930,7937,1719,286007,136832400.0,OI2309
2023-05-18 09:09:00,7936,7945,7936,7943,1828,285817,145508800.0,OI2309
2023-05-18 09:10:00,7943,7947,7937,7940,2294,285730,182602400.0,OI2309
2023-05-18 09:11:00,7940,7945,7934,7940,2207,286028,175677200.0,OI2309
2023-05-18 09:12:00,7941,7942,7933,7934,1178,286058,93768800.0,OI2309
2023-05-18 09:13:00,7934,7934,7923,7929,2373,286382,188890800.0,OI2309
2023-05-18 09:14:00,7929,7931,7925,7927,1696,286592,131635440.0,OI2309
2023-05-18 09:15:00,7927,7932,7926,7926,1534,286723,122091060.0,OI2309
2023-05-18 09:16:00,7927,7931,7923,7924,1291,286801,102750690.0,OI2309
2023-05-18 09:17:00,7925,7926,7915,7917,3066,286970,244022940.0,OI2309
2023-05-18 09:18:00,7917,7922,7911,7912,2853,287248,223616670.0,OI2309
2023-05-18 09:19:00,7913,7918,7913,7916,2135,287711,169903300.0,OI2309
2023-05-18 09:20:00,7916,7922,7916,7918,1549,287760,123269420.0,OI2309
2023-05-18 09:21:00,7917,7920,7914,7918,1010,288024,80375800.0,OI2309
2023-05-18 09:22:00,7919,7922,7915,7918,970,288172,77192600.0,OI2309
2023-05-18 09:23:00,7918,7925,7916,7925,1359,288307,108149220.0,OI2309
2023-05-18 09:24:00,7925,7936,7925,7933,2683,287902,213188640.0,OI2309
2023-05-18 09:25:00,7934,7936,7929,7930,952,287795,75750640.0,OI2309
2023-05-18 09:26:00,7930,7930,7918,7921,2087,288001,166062590.0,OI2309
2023-05-18 09:27:00,7922,7925,7920,7920,1119,288087,89038830.0,OI2309
2023-05-18 09:28:00,7921,7927,7919,7920,875,288086,69623750.0,OI2309
2023-05-18 09:29:00,7919,7925,7919,7923,810,288181,64451700.0,OI2309
2023-05-18 09:30:00,7924,7926,7915,7917,1806,288346,143703420.0,OI2309
2023-05-18 09:31:00,7917,7922,7915,7917,1117,288385,88879690.0,OI2309
2023-05-18 09:32:00,7917,7921,7914,7920,1587,288690,122623400.0,OI2309
2023-05-18 09:33:00,7921,7930,7919,7927,1593,288626,126739080.0,OI2309
2023-05-18 09:34:00,7927,7928,7916,7917,1105,288683,87913800.0,OI2309
2023-05-18 09:35:00,7916,7922,7912,7920,1452,288780,115521120.0,OI2309
2023-05-18 09:36:00,7920,7922,7917,7920,634,288781,50441040.0,OI2309
2023-05-18 09:37:00,7920,7923,7916,7922,743,288837,59113080.0,OI2309
2023-05-18 09:38:00,7922,7927,7918,7925,932,288792,74149920.0,OI2309
2023-05-18 09:39:00,7925,7928,7920,7920,1598,288577,127136880.0,OI2309
2023-05-18 09:40:00,7920,7922,7916,7917,1064,288637,84651840.0,OI2309
2023-05-18 09:41:00,7916,7920,7914,7920,1462,288727,115594380.0,OI2309
2023-05-18 09:42:00,7921,7923,7915,7918,1128,288709,89732400.0,OI2309
2023-05-18 09:43:00,7917,7917,7913,7915,914,288956,72708700.0,OI2309
2023-05-18 09:44:00,7914,7922,7914,7920,1241,288795,98721550.0,OI2309
2023-05-18 09:45:00,7919,7925,7918,7922,907,288873,72151850.0,OI2309
2023-05-18 09:46:00,7922,7924,7918,7920,929,288963,73901950.0,OI2309
2023-05-18 09:47:00,7920,7930,7920,7930,1862,288959,148122100.0,OI2309
2023-05-18 09:48:00,7930,7933,7928,7929,1242,288844,98801100.0,OI2309
2023-05-18 09:49:00,7928,7936,7925,7935,1248,288903,99278400.0,OI2309
2023-05-18 09:50:00,7935,7938,7932,7934,1548,288733,123143400.0,OI2309
2023-05-18 09:51:00,7935,7944,7934,7942,2417,288478,188377970.0,OI2309
2023-05-18 09:52:00,7942,7946,7941,7941,1809,288109,143887860.0,OI2309
2023-05-18 09:53:00,7941,7942,7932,7933,1695,287944,134820300.0,OI2309
2023-05-18 09:54:00,7934,7935,7927,7931,1331,287812,105867740.0,OI2309
2023-05-18 09:55:00,7932,7938,7931,7931,902,287842,71745080.0,OI2309
2023-05-18 09:56:00,7931,7942,7931,7941,1101,287917,87573540.0,OI2309
2023-05-18 09:57:00,7941,7946,7936,7937,1693,287715,134661220.0,OI2309
2023-05-18 09:58:00,7937,7937,7930,7935,1294,287820,102924760.0,OI2309
2023-05-18 09:59:00,7936,7939,7935,7938,790,287764,62836600.0,OI2309
2023-05-18 10:00:00,7938,7942,7934,7938,1233,287728,98072820.0,OI2309
2023-05-18 10:01:00,7938,7947,7938,7945,1748,287736,139035920.0,OI2309
2023-05-18 10:02:00,7945,7945,7939,7939,906,287892,72063240.0,OI2309
2023-05-18 10:03:00,7939,7939,7932,7933,1060,287752,84312400.0,OI2309
2023-05-18 10:04:00,7933,7939,7931,7938,904,287613,71904160.0,OI2309
2023-05-18 10:05:00,7938,7942,7935,7940,1027,287744,81687580.0,OI2309
2023-05-18 10:06:00,7940,7941,7937,7938,322,287706,25611880.0,OI2309
2023-05-18 10:07:00,7938,7940,7936,7940,418,287730,33247720.0,OI2309
2023-05-18 10:08:00,7940,7944,7936,7941,777,287665,61802580.0,OI2309
2023-05-18 10:09:00,7941,7946,7941,7943,812,287658,64586480.0,OI2309
2023-05-18 10:10:00,7943,7953,7943,7953,2530,287182,201236200.0,OI2309
2023-05-18 10:11:00,7952,7965,7952,7954,5107,285802,406210780.0,OI2309
2023-05-18 10:12:00,7954,7956,7949,7952,1315,285674,104595100.0,OI2309
2023-05-18 10:13:00,7952,7952,7945,7948,1418,285697,112787720.0,OI2309
2023-05-18 10:14:00,7948,7954,7946,7953,1091,285581,86778140.0,OI2309
2023-05-18 10:30:00,7954,7958,7948,7952,2071,285690,164727340.0,OI2309
2023-05-18 10:31:00,7951,7963,7950,7963,2777,285920,220882580.0,OI2309
2023-05-18 10:32:00,7961,7967,7951,7954,3685,285655,293104900.0,OI2309
2023-05-18 10:33:00,7955,7956,7946,7946,1618,285578,128695720.0,OI2309
2023-05-18 10:34:00,7947,7950,7943,7945,1385,285504,110162900.0,OI2309
2023-05-18 10:35:00,7945,7946,7938,7938,1870,285548,148739800.0,OI2309
2023-05-18 10:36:00,7937,7939,7932,7932,2038,285592,162102520.0,OI2309
2023-05-18 10:37:00,7932,7934,7930,7931,1334,285705,106106360.0,OI2309
2023-05-18 10:38:00,7930,7931,7921,7926,2747,285926,214820820.0,OI2309
2023-05-18 10:39:00,7927,7927,7923,7924,1215,285959,96628950.0,OI2309
2023-05-18 10:40:00,7924,7929,7922,7928,1556,286239,123748680.0,OI2309
2023-05-18 10:41:00,7928,7933,7925,7931,1512,286269,120249360.0,OI2309
2023-05-18 10:42:00,7931,7934,7925,7927,1622,286127,128997660.0,OI2309
2023-05-18 10:43:00,7926,7927,7923,7925,1304,286092,103707120.0,OI2309
2023-05-18 10:44:00,7924,7928,7924,7924,794,286205,63146820.0,OI2309
2023-05-18 10:45:00,7925,7931,7921,7928,1773,286264,141006690.0,OI2309
2023-05-18 10:46:00,7928,7943,7927,7940,2452,286060,195007560.0,OI2309
2023-05-18 10:47:00,7941,7947,7936,7946,2182,285938,173534460.0,OI2309
2023-05-18 10:48:00,7946,7952,7945,7949,2232,285589,177510960.0,OI2309
2023-05-18 10:49:00,7949,7957,7949,7956,2752,285355,218866560.0,OI2309
2023-05-18 10:50:00,7957,7957,7952,7953,1355,285250,107763150.0,OI2309
2023-05-18 10:51:00,7954,7957,7948,7955,2067,285187,164388510.0,OI2309
2023-05-18 10:52:00,7956,7956,7950,7951,1170,285293,93050100.0,OI2309
2023-05-18 10:53:00,7951,7955,7949,7954,915,285336,72769950.0,OI2309
2023-05-18 10:54:00,7954,7954,7951,7951,564,285324,44854920.0,OI2309
2023-05-18 10:55:00,7952,7952,7945,7947,1313,285239,104422890.0,OI2309
2023-05-18 10:56:00,7947,7955,7947,7954,834,285211,66328020.0,OI2309
2023-05-18 10:57:00,7953,7954,7949,7949,426,285241,33879780.0,OI2309
2023-05-18 10:58:00,7949,7952,7943,7944,1236,284991,98299080.0,OI2309
2023-05-18 10:59:00,7944,7946,7942,7944,660,284934,52489800.0,OI2309
2023-05-18 11:00:00,7944,7948,7942,7943,812,284902,64578360.0,OI2309
2023-05-18 11:01:00,7943,7947,7941,7947,692,284894,55034760.0,OI2309
2023-05-18 11:02:00,7948,7953,7946,7949,955,284861,75951150.0,OI2309
2023-05-18 11:03:00,7948,7948,7943,7944,618,284850,49149540.0,OI2309
2023-05-18 11:04:00,7943,7946,7943,7946,427,284779,33959310.0,OI2309
2023-05-18 11:05:00,7945,7945,7935,7938,1468,284691,116750040.0,OI2309
2023-05-18 11:06:00,7938,7941,7936,7938,869,284689,69111570.0,OI2309
2023-05-18 11:07:00,7937,7937,7932,7934,1298,284714,98768870.0,OI2309
2023-05-18 11:08:00,7935,7940,7934,7940,758,284660,60276160.0,OI2309
2023-05-18 11:09:00,7939,7943,7935,7936,1130,284591,89857600.0,OI2309
2023-05-18 11:10:00,7935,7939,7935,7939,735,284693,58447200.0,OI2309
2023-05-18 11:11:00,7938,7939,7936,7937,660,284507,52483200.0,OI2309
2023-05-18 11:12:00,7937,7939,7935,7936,491,284569,39044320.0,OI2309
2023-05-18 11:13:00,7936,7937,7929,7935,1450,284571,115304000.0,OI2309
2023-05-18 11:14:00,7935,7938,7934,7937,535,284546,42543200.0,OI2309
2023-05-18 11:15:00,7938,7943,7938,7939,920,284450,73158400.0,OI2309
2023-05-18 11:16:00,7940,7941,7937,7937,553,284519,43974560.0,OI2309
2023-05-18 11:17:00,7937,7938,7935,7938,531,284426,42225120.0,OI2309
2023-05-18 11:18:00,7936,7941,7936,7940,380,284467,30217600.0,OI2309
2023-05-18 11:19:00,7941,7941,7936,7938,415,284537,33000800.0,OI2309
2023-05-18 11:20:00,7938,7940,7933,7939,548,284527,43576960.0,OI2309
2023-05-18 11:21:00,7939,7947,7938,7943,1446,284469,114985920.0,OI2309
2023-05-18 11:22:00,7943,7944,7941,7942,662,284398,52642240.0,OI2309
2023-05-18 11:23:00,7942,7947,7938,7939,741,284316,58924320.0,OI2309
2023-05-18 11:24:00,7939,7945,7939,7944,570,284328,45326400.0,OI2309
2023-05-18 11:25:00,7943,7949,7941,7943,1446,284378,114985920.0,OI2309
2023-05-18 11:26:00,7943,7945,7942,7943,667,284568,53039840.0,OI2309
2023-05-18 11:27:00,7943,7943,7940,7941,406,284449,32285120.0,OI2309
2023-05-18 11:28:00,7941,7942,7936,7936,839,284168,66717280.0,OI2309
2023-05-18 11:29:00,7935,7940,7935,7939,1178,283747,93674560.0,OI2309
2023-05-18 13:30:00,7930,7930,7913,7915,6557,284042,521412640.0,OI2309
2023-05-18 13:31:00,7916,7920,7907,7912,4500,285000,352785630.0,OI2309
2023-05-18 13:32:00,7913,7914,7905,7906,3094,285661,246003940.0,OI2309
2023-05-18 13:33:00,7906,7915,7904,7910,3122,285823,248230220.0,OI2309
2023-05-18 13:34:00,7910,7916,7910,7913,1570,285982,124830700.0,OI2309
2023-05-18 13:35:00,7914,7920,7914,7917,1887,285945,150035370.0,OI2309
2023-05-18 13:36:00,7917,7925,7917,7924,2288,286031,176744900.0,OI2309
2023-05-18 13:37:00,7925,7928,7921,7921,1428,286073,113526000.0,OI2309
2023-05-18 13:38:00,7923,7928,7923,7923,1079,286071,85780500.0,OI2309
2023-05-18 13:39:00,7923,7924,7915,7920,1716,286057,136422000.0,OI2309
2023-05-18 13:40:00,7920,7930,7920,7929,1454,286063,115593000.0,OI2309
2023-05-18 13:41:00,7928,7933,7924,7926,1613,286002,128233500.0,OI2309
2023-05-18 13:42:00,7925,7930,7925,7926,1061,285944,84349500.0,OI2309
2023-05-18 13:43:00,7926,7931,7923,7931,1376,285829,109392000.0,OI2309
2023-05-18 13:44:00,7931,7933,7930,7932,916,285748,72822000.0,OI2309
2023-05-18 13:45:00,7932,7937,7928,7933,1771,285563,140794500.0,OI2309
2023-05-18 13:46:00,7933,7933,7924,7924,1696,285793,134832000.0,OI2309
2023-05-18 13:47:00,7923,7924,7918,7920,1785,285796,141907500.0,OI2309
2023-05-18 13:48:00,7920,7921,7915,7918,1392,286064,110664000.0,OI2309
2023-05-18 13:49:00,7916,7917,7912,7913,2089,286280,160707760.0,OI2309
2023-05-18 13:50:00,7912,7916,7907,7907,2809,286833,223287410.0,OI2309
2023-05-18 13:51:00,7907,7908,7900,7902,3469,287482,275750810.0,OI2309
2023-05-18 13:52:00,7901,7906,7893,7904,4538,287622,360725620.0,OI2309
2023-05-18 13:53:00,7904,7909,7899,7908,2254,287958,173672020.0,OI2309
2023-05-18 13:54:00,7907,7914,7907,7908,2231,287927,177319880.0,OI2309
2023-05-18 13:55:00,7908,7911,7902,7910,1524,288138,121127520.0,OI2309
2023-05-18 13:56:00,7910,7911,7904,7907,1679,288484,133446920.0,OI2309
2023-05-18 13:57:00,7906,7909,7904,7906,732,288438,58179360.0,OI2309
2023-05-18 13:58:00,7906,7909,7903,7905,1037,288378,82420760.0,OI2309
2023-05-18 13:59:00,7905,7906,7903,7906,691,288385,54920680.0,OI2309
2023-05-18 14:00:00,7906,7908,7900,7901,1302,288515,103482960.0,OI2309
2023-05-18 14:01:00,7900,7904,7897,7897,2337,288823,182883330.0,OI2309
2023-05-18 14:02:00,7896,7906,7896,7905,1389,288809,110383830.0,OI2309
2023-05-18 14:03:00,7906,7912,7904,7908,1628,288687,129377160.0,OI2309
2023-05-18 14:04:00,7908,7912,7907,7907,804,288756,63893880.0,OI2309
2023-05-18 14:05:00,7907,7914,7907,7911,1125,288713,89403750.0,OI2309
2023-05-18 14:06:00,7911,7912,7907,7910,465,288725,36953550.0,OI2309
2023-05-18 14:07:00,7909,7910,7904,7904,898,288828,71364060.0,OI2309
2023-05-18 14:08:00,7904,7907,7902,7902,813,288934,64609110.0,OI2309
2023-05-18 14:09:00,7902,7906,7902,7905,372,289000,29562840.0,OI2309
2023-05-18 14:10:00,7904,7906,7901,7904,966,289087,76768020.0,OI2309
2023-05-18 14:11:00,7905,7905,7900,7904,603,289106,47920410.0,OI2309
2023-05-18 14:12:00,7903,7905,7900,7904,623,289024,49509810.0,OI2309
2023-05-18 14:13:00,7904,7904,7901,7903,410,289033,32582700.0,OI2309
2023-05-18 14:14:00,7903,7904,7901,7901,419,289058,33297930.0,OI2309
2023-05-18 14:15:00,7901,7911,7900,7909,1888,288948,150039360.0,OI2309
2023-05-18 14:16:00,7909,7912,7907,7912,1167,288747,92741490.0,OI2309
2023-05-18 14:17:00,7912,7912,7904,7905,1215,288765,96229040.0,OI2309
2023-05-18 14:18:00,7905,7905,7896,7898,2246,289076,178467160.0,OI2309
2023-05-18 14:19:00,7898,7903,7897,7901,1127,289180,89551420.0,OI2309
2023-05-18 14:20:00,7900,7905,7899,7904,839,289162,66666940.0,OI2309
2023-05-18 14:21:00,7903,7909,7902,7909,787,289188,62535020.0,OI2309
2023-05-18 14:22:00,7909,7920,7909,7918,3712,288577,294955520.0,OI2309
2023-05-18 14:23:00,7918,7918,7915,7916,848,288441,67382080.0,OI2309
2023-05-18 14:24:00,7916,7920,7915,7916,1660,288153,131903600.0,OI2309
2023-05-18 14:25:00,7916,7919,7915,7918,878,288136,69765880.0,OI2309
2023-05-18 14:26:00,7918,7924,7917,7923,2053,287833,163131380.0,OI2309
2023-05-18 14:27:00,7923,7924,7920,7921,1348,287568,107112080.0,OI2309
2023-05-18 14:28:00,7921,7921,7916,7918,1140,287395,90584400.0,OI2309
2023-05-18 14:29:00,7917,7925,7916,7924,1760,287060,138879040.0,OI2309
2023-05-18 14:30:00,7924,7931,7922,7929,3519,286644,279584550.0,OI2309
2023-05-18 14:31:00,7929,7931,7927,7930,2204,286212,175107800.0,OI2309
2023-05-18 14:32:00,7930,7942,7930,7941,3715,285505,295156750.0,OI2309
2023-05-18 14:33:00,7941,7952,7941,7945,4268,284806,339092600.0,OI2309
2023-05-18 14:34:00,7945,7947,7937,7939,2592,284406,205934400.0,OI2309
2023-05-18 14:35:00,7940,7940,7934,7937,1645,284413,130695250.0,OI2309
2023-05-18 14:36:00,7936,7938,7934,7937,1030,284264,81833500.0,OI2309
2023-05-18 14:37:00,7937,7943,7932,7942,1903,284167,151193350.0,OI2309
2023-05-18 14:38:00,7941,7948,7940,7948,1839,284223,146108550.0,OI2309
2023-05-18 14:39:00,7947,7949,7936,7941,1869,284129,148492050.0,OI2309
2023-05-18 14:40:00,7941,7944,7938,7939,1414,284226,112342300.0,OI2309
2023-05-18 14:41:00,7938,7942,7937,7940,674,284280,53549300.0,OI2309
2023-05-18 14:42:00,7938,7939,7933,7936,2130,284435,169228500.0,OI2309
2023-05-18 14:43:00,7936,7936,7929,7932,1686,284199,133952700.0,OI2309
2023-05-18 14:44:00,7933,7934,7927,7932,1601,284150,127199450.0,OI2309
2023-05-18 14:45:00,7934,7936,7927,7931,1256,284057,99789200.0,OI2309
2023-05-18 14:46:00,7929,7930,7925,7927,1194,284121,94863300.0,OI2309
2023-05-18 14:47:00,7927,7929,7924,7929,692,284098,54979400.0,OI2309
2023-05-18 14:48:00,7929,7932,7921,7925,1610,284040,127914500.0,OI2309
2023-05-18 14:49:00,7925,7926,7922,7924,751,283975,59666950.0,OI2309
2023-05-18 14:50:00,7925,7926,7921,7921,856,283983,68009200.0,OI2309
2023-05-18 14:51:00,7921,7922,7917,7921,1589,283836,126246050.0,OI2309
2023-05-18 14:52:00,7922,7928,7921,7928,1154,283770,91685300.0,OI2309
2023-05-18 14:53:00,7927,7928,7924,7928,587,283711,46637150.0,OI2309
2023-05-18 14:54:00,7926,7927,7923,7924,639,283672,50768550.0,OI2309
2023-05-18 14:55:00,7924,7929,7923,7927,1060,283549,84217000.0,OI2309
2023-05-18 14:56:00,7928,7931,7926,7931,877,283322,69677650.0,OI2309
2023-05-18 14:57:00,7930,7931,7928,7929,599,283236,47590550.0,OI2309
2023-05-18 14:58:00,7928,7930,7927,7928,883,282906,70154350.0,OI2309
2023-05-18 14:59:00,7928,7928,7924,7926,1798,281957,142851100.0,OI2309
2023-05-18 21:00:00,7900,7900,7876,7883,13090,284705,1032015600.0,OI2309
2023-05-18 21:01:00,7881,7897,7874,7897,7010,285004,552869400.0,OI2309
2023-05-18 21:02:00,7897,7914,7897,7911,6168,284741,487660200.0,OI2309
2023-05-18 21:03:00,7911,7919,7907,7917,4729,285204,374048010.0,OI2309
2023-05-18 21:04:00,7916,7922,7911,7920,3219,285291,255102150.0,OI2309
2023-05-18 21:05:00,7920,7926,7915,7920,3505,285710,277509220.0,OI2309
2023-05-18 21:06:00,7919,7921,7913,7920,3104,285735,245562170.0,OI2309
2023-05-18 21:07:00,7920,7924,7914,7916,1955,285821,154853250.0,OI2309
2023-05-18 21:08:00,7915,7923,7915,7918,1725,286015,136720050.0,OI2309
2023-05-18 21:09:00,7918,7925,7906,7925,4405,286151,348528150.0,OI2309
2023-05-18 21:10:00,7924,7933,7923,7924,3516,286232,278882840.0,OI2309
2023-05-18 21:11:00,7924,7925,7913,7917,2399,285938,189616960.0,OI2309
2023-05-18 21:12:00,7917,7917,7910,7914,1448,285940,115012650.0,OI2309
2023-05-18 21:13:00,7914,7923,7914,7923,2191,285896,173198550.0,OI2309
2023-05-18 21:14:00,7922,7923,7908,7909,2491,285647,196913550.0,OI2309
2023-05-18 21:15:00,7909,7915,7909,7914,1463,285661,116274330.0,OI2309
2023-05-18 21:16:00,7915,7921,7914,7919,1160,285752,91709600.0,OI2309
2023-05-18 21:17:00,7920,7928,7920,7924,2269,285765,179387140.0,OI2309
2023-05-18 21:18:00,7924,7925,7916,7919,1064,285939,84788950.0,OI2309
2023-05-18 21:19:00,7919,7920,7914,7919,889,286027,70293230.0,OI2309
2023-05-18 21:20:00,7919,7930,7919,7930,2974,286522,235861920.0,OI2309
2023-05-18 21:21:00,7930,7933,7926,7927,2150,286460,170022000.0,OI2309
2023-05-18 21:22:00,7928,7930,7926,7929,950,286478,75864740.0,OI2309
2023-05-18 21:23:00,7930,7930,7922,7922,1139,286413,90083510.0,OI2309
2023-05-18 21:24:00,7923,7923,7916,7917,1423,286221,112545070.0,OI2309
2023-05-18 21:25:00,7916,7917,7913,7917,1465,285998,115866850.0,OI2309
2023-05-18 21:26:00,7917,7922,7917,7921,1088,286322,86049920.0,OI2309
2023-05-18 21:27:00,7922,7926,7921,7924,1274,286507,100760660.0,OI2309
2023-05-18 21:28:00,7923,7926,7921,7925,522,286502,42092830.0,OI2309
2023-05-18 21:29:00,7924,7926,7923,7926,579,286646,45798900.0,OI2309
2023-05-18 21:30:00,7926,7926,7912,7916,2424,286350,191738400.0,OI2309
2023-05-18 21:31:00,7916,7916,7907,7911,3058,286204,241887800.0,OI2309
2023-05-18 21:32:00,7912,7922,7911,7919,1903,286388,150527300.0,OI2309
2023-05-18 21:33:00,7920,7932,7919,7927,3059,286956,242884980.0,OI2309
2023-05-18 21:34:00,7927,7929,7921,7923,1725,286994,136464750.0,OI2309
2023-05-18 21:35:00,7923,7932,7916,7930,3093,287019,244687230.0,OI2309
2023-05-18 21:36:00,7930,7938,7927,7934,4032,286953,319978100.0,OI2309
2023-05-18 21:37:00,7936,7940,7932,7935,2816,286930,223836660.0,OI2309
2023-05-18 21:38:00,7935,7945,7933,7943,2897,286898,230303320.0,OI2309
2023-05-18 21:39:00,7942,7959,7942,7954,6595,287249,524187620.0,OI2309
2023-05-18 21:40:00,7954,7964,7951,7962,5512,287293,438699480.0,OI2309
2023-05-18 21:41:00,7961,7978,7961,7970,7147,286477,569668210.0,OI2309
2023-05-18 21:42:00,7971,7979,7968,7973,4873,286326,388600290.0,OI2309
2023-05-18 21:43:00,7972,7979,7967,7968,5469,285734,436028210.0,OI2309
2023-05-18 21:44:00,7968,7969,7961,7964,3947,285131,314198890.0,OI2309
2023-05-18 21:45:00,7964,7972,7960,7972,3354,285024,267270720.0,OI2309
2023-05-18 21:46:00,7972,7989,7972,7982,5951,284570,474720150.0,OI2309
2023-05-18 21:47:00,7982,7986,7980,7984,2710,284510,216395190.0,OI2309
2023-05-18 21:48:00,7984,7984,7967,7968,3859,284198,307576580.0,OI2309
2023-05-18 21:49:00,7968,7975,7966,7971,2374,284075,189863560.0,OI2309
2023-05-18 21:50:00,7971,7977,7967,7973,1814,284009,143886480.0,OI2309
2023-05-18 21:51:00,7973,7979,7972,7972,2459,283848,196672230.0,OI2309
2023-05-18 21:52:00,7972,7975,7966,7966,1503,283838,119232990.0,OI2309
2023-05-18 21:53:00,7966,7983,7966,7979,2299,283725,184042040.0,OI2309
2023-05-18 21:54:00,7981,7985,7976,7985,1938,283760,153760920.0,OI2309
2023-05-18 21:55:00,7985,7987,7977,7980,2540,283512,203230750.0,OI2309
2023-05-18 21:56:00,7980,7988,7980,7985,2740,283281,219153550.0,OI2309
2023-05-18 21:57:00,7985,7993,7984,7992,3038,283166,242860610.0,OI2309
2023-05-18 21:58:00,7993,7994,7979,7987,2889,282960,229299930.0,OI2309
2023-05-18 21:59:00,7988,7992,7985,7987,1975,283349,158569320.0,OI2309
2023-05-18 22:00:00,7987,7991,7987,7990,1930,283379,155036270.0,OI2309
2023-05-18 22:01:00,7990,7996,7982,7985,3946,282782,315145270.0,OI2309
2023-05-18 22:02:00,7985,7986,7976,7980,3235,282395,256859000.0,OI2309
2023-05-18 22:03:00,7979,7983,7974,7976,2686,282231,215199940.0,OI2309
2023-05-18 22:04:00,7976,7977,7971,7973,1887,282066,149846670.0,OI2309
2023-05-18 22:05:00,7973,7978,7972,7976,1393,281975,110618130.0,OI2309
2023-05-18 22:06:00,7976,7979,7971,7971,1561,281931,125938960.0,OI2309
2023-05-18 22:07:00,7971,7975,7970,7971,1159,281955,92047780.0,OI2309
2023-05-18 22:08:00,7971,7978,7971,7976,1303,282146,103484260.0,OI2309
2023-05-18 22:09:00,7977,7981,7976,7978,1257,282195,99830940.0,OI2309
2023-05-18 22:10:00,7978,7983,7978,7982,1172,282154,95109100.0,OI2309
2023-05-18 22:11:00,7982,8003,7982,8000,3935,281950,312557050.0,OI2309
2023-05-18 22:12:00,8000,8003,7991,7994,3445,281834,275739010.0,OI2309
2023-05-18 22:13:00,7995,8002,7994,7999,1963,282046,158063010.0,OI2309
2023-05-18 22:14:00,8000,8000,7994,7997,1425,282092,113216250.0,OI2309
2023-05-18 22:15:00,7998,7998,7988,7988,1895,282019,152713240.0,OI2309
2023-05-18 22:16:00,7989,7993,7985,7990,1489,281843,118315940.0,OI2309
2023-05-18 22:17:00,7990,7990,7985,7990,936,281780,74374560.0,OI2309
2023-05-18 22:18:00,7989,7997,7987,7996,1150,281638,91379000.0,OI2309
2023-05-18 22:19:00,7996,7997,7991,7994,1382,281508,112018780.0,OI2309
2023-05-18 22:20:00,7993,7993,7986,7988,1404,281313,111575880.0,OI2309
2023-05-18 22:21:00,7987,7988,7972,7972,3071,280716,244052370.0,OI2309
2023-05-18 22:22:00,7973,7977,7968,7968,3076,280038,246730290.0,OI2309
2023-05-18 22:23:00,7968,7968,7960,7965,3885,279595,308779800.0,OI2309
2023-05-18 22:24:00,7964,7970,7962,7969,1913,279392,152045240.0,OI2309
2023-05-18 22:25:00,7968,7968,7961,7965,1961,279711,155860280.0,OI2309
2023-05-18 22:26:00,7965,7973,7965,7969,1607,279545,127724360.0,OI2309
2023-05-18 22:27:00,7969,7970,7967,7968,1010,279429,80274800.0,OI2309
2023-05-18 22:28:00,7967,7973,7967,7971,986,279529,80761470.0,OI2309
2023-05-18 22:29:00,7972,7973,7968,7969,781,279470,62081690.0,OI2309
2023-05-18 22:30:00,7968,7968,7965,7967,1075,279516,85451750.0,OI2309
2023-05-18 22:31:00,7966,7970,7962,7965,1513,279388,120268370.0,OI2309
2023-05-18 22:32:00,7964,7973,7964,7969,1516,279452,120506840.0,OI2309
2023-05-18 22:33:00,7970,7970,7966,7970,748,279486,59458520.0,OI2309
2023-05-18 22:34:00,7969,7970,7961,7963,1620,279344,128773800.0,OI2309
2023-05-18 22:35:00,7964,7964,7954,7955,2773,279211,220425770.0,OI2309
2023-05-18 22:36:00,7956,7960,7956,7960,1474,279302,117168260.0,OI2309
2023-05-18 22:37:00,7960,7963,7957,7958,1007,279306,80046430.0,OI2309
2023-05-18 22:38:00,7957,7959,7952,7954,1969,278991,156515810.0,OI2309
2023-05-18 22:39:00,7954,7955,7942,7943,3917,278819,311362330.0,OI2309
2023-05-18 22:40:00,7943,7943,7935,7937,3542,278690,281553580.0,OI2309
2023-05-18 22:41:00,7937,7937,7930,7934,3118,278334,247849820.0,OI2309
2023-05-18 22:42:00,7934,7934,7925,7927,3286,278328,261204140.0,OI2309
2023-05-18 22:43:00,7927,7937,7927,7930,3133,277812,249042170.0,OI2309
2023-05-18 22:44:00,7930,7931,7927,7930,1429,277692,110868010.0,OI2309
2023-05-18 22:45:00,7928,7935,7926,7934,2274,277766,180737520.0,OI2309
2023-05-18 22:46:00,7933,7936,7930,7935,1511,277766,120094280.0,OI2309
2023-05-18 22:47:00,7935,7936,7931,7935,1012,277689,80433760.0,OI2309
2023-05-18 22:48:00,7935,7937,7930,7935,1100,277667,87428000.0,OI2309
2023-05-18 22:49:00,7934,7938,7928,7929,1509,277547,119935320.0,OI2309
2023-05-18 22:50:00,7930,7934,7926,7933,1531,277588,121683880.0,OI2309
2023-05-18 22:51:00,7933,7935,7931,7932,817,277548,64935160.0,OI2309
2023-05-18 22:52:00,7932,7937,7931,7936,965,277422,76698200.0,OI2309
2023-05-18 22:53:00,7937,7937,7930,7930,1054,277155,83771920.0,OI2309
2023-05-18 22:54:00,7930,7937,7929,7934,932,276983,74075360.0,OI2309
2023-05-18 22:55:00,7935,7937,7933,7936,590,276877,46893200.0,OI2309
2023-05-18 22:56:00,7936,7937,7930,7931,665,276694,52854200.0,OI2309
2023-05-18 22:57:00,7930,7936,7930,7935,872,276376,69306560.0,OI2309
2023-05-18 22:58:00,7936,7937,7933,7936,1106,275779,87904880.0,OI2309
2023-05-18 22:59:00,7935,7947,7935,7942,2308,274604,183439840.0,OI2309
2023-05-19 09:00:00,7946,7956,7938,7946,4551,275333,361713480.0,OI2309
2023-05-19 09:01:00,7946,7955,7939,7949,3430,275432,272616400.0,OI2309
2023-05-19 09:02:00,7949,7961,7946,7946,3348,275820,266099040.0,OI2309
2023-05-19 09:03:00,7946,7955,7946,7954,1763,275896,140123240.0,OI2309
2023-05-19 09:04:00,7956,7960,7950,7954,1858,276001,147673840.0,OI2309
2023-05-19 09:05:00,7954,7961,7952,7955,2260,276145,179624800.0,OI2309
2023-05-19 09:06:00,7956,7960,7953,7960,1508,275964,119855840.0,OI2309
2023-05-19 09:07:00,7960,7972,7960,7969,3219,275900,255846120.0,OI2309
2023-05-19 09:08:00,7967,7974,7965,7974,2150,275770,170882000.0,OI2309
2023-05-19 09:09:00,7975,7978,7970,7976,2517,275910,200051160.0,OI2309
2023-05-19 09:10:00,7976,7977,7969,7977,2235,275715,180831850.0,OI2309
2023-05-19 09:11:00,7976,7980,7973,7976,2099,275555,166849510.0,OI2309
2023-05-19 09:12:00,7977,7986,7977,7985,3253,275689,258580970.0,OI2309
2023-05-19 09:13:00,7985,7985,7971,7971,2002,275154,159138980.0,OI2309
2023-05-19 09:14:00,7972,7973,7963,7969,2943,274716,233939070.0,OI2309
2023-05-19 09:15:00,7970,7975,7961,7966,2176,274475,172970240.0,OI2309
2023-05-19 09:16:00,7966,7967,7954,7958,2592,274343,209382780.0,OI2309
2023-05-19 09:17:00,7957,7961,7947,7948,2197,274122,174661500.0,OI2309
2023-05-19 09:18:00,7947,7948,7932,7937,4415,274196,348508110.0,OI2309
2023-05-19 09:19:00,7937,7940,7934,7940,2140,274116,170108600.0,OI2309
2023-05-19 09:20:00,7938,7950,7938,7946,2166,274294,172175340.0,OI2309
2023-05-19 09:21:00,7946,7949,7934,7935,2091,274492,166213590.0,OI2309
2023-05-19 09:22:00,7936,7940,7933,7939,1300,274627,103337000.0,OI2309
2023-05-19 09:23:00,7940,7944,7936,7937,1084,274791,86167160.0,OI2309
2023-05-19 09:24:00,7937,7937,7933,7934,1498,274887,119076020.0,OI2309
2023-05-19 09:25:00,7933,7940,7928,7932,2617,275043,208025330.0,OI2309
2023-05-19 09:26:00,7932,7939,7932,7937,1159,275155,92128910.0,OI2309
2023-05-19 09:27:00,7936,7942,7935,7941,1010,275187,80284900.0,OI2309
2023-05-19 09:28:00,7940,7947,7940,7947,1565,275102,124401850.0,OI2309
2023-05-19 09:29:00,7946,7947,7939,7941,1102,275191,87597980.0,OI2309
2023-05-19 09:30:00,7941,7955,7939,7952,2665,275071,211840850.0,OI2309
2023-05-19 09:31:00,7951,7953,7931,7931,2246,275030,178534540.0,OI2309
2023-05-19 09:32:00,7932,7937,7932,7936,1250,275190,99362500.0,OI2309
2023-05-19 09:33:00,7936,7944,7933,7937,1587,274934,126150630.0,OI2309
2023-05-19 09:34:00,7936,7957,7935,7955,2654,274918,210966460.0,OI2309
2023-05-19 09:35:00,7956,7961,7950,7950,2613,274688,207707370.0,OI2309
2023-05-19 09:36:00,7950,7959,7944,7957,1898,274456,150872020.0,OI2309
2023-05-19 09:37:00,7958,7964,7958,7963,2068,274696,164385320.0,OI2309
2023-05-19 09:38:00,7963,7970,7961,7961,2497,274887,198486530.0,OI2309
2023-05-19 09:39:00,7962,7971,7962,7970,1719,275044,136643310.0,OI2309
2023-05-19 09:40:00,7972,7975,7969,7974,1823,275155,144910270.0,OI2309
2023-05-19 09:41:00,7974,7976,7969,7976,1827,275408,145228230.0,OI2309
2023-05-19 09:42:00,7974,7978,7966,7973,2554,275704,203017460.0,OI2309
2023-05-19 09:43:00,7973,7975,7968,7974,1606,275924,131539150.0,OI2309
2023-05-19 09:44:00,7975,7978,7971,7977,1461,276051,116149500.0,OI2309
2023-05-19 09:45:00,7977,7980,7970,7972,2079,276252,165280500.0,OI2309
2023-05-19 09:46:00,7973,7976,7966,7966,1880,276426,149460000.0,OI2309
2023-05-19 09:47:00,7967,7969,7963,7964,1416,276301,112572000.0,OI2309
2023-05-19 09:48:00,7963,7968,7960,7968,1601,276151,127279500.0,OI2309
2023-05-19 09:49:00,7968,7974,7968,7971,1331,276252,105814500.0,OI2309
2023-05-19 09:50:00,7972,7973,7956,7959,2041,276148,162259500.0,OI2309
2023-05-19 09:51:00,7958,7960,7954,7957,1559,276103,123940500.0,OI2309
2023-05-19 09:52:00,7957,7958,7951,7954,1946,275877,154707000.0,OI2309
2023-05-19 09:53:00,7954,7954,7947,7951,2003,275573,159238500.0,OI2309
2023-05-19 09:54:00,7951,7951,7944,7946,1354,275354,107643000.0,OI2309
2023-05-19 09:55:00,7948,7948,7943,7945,1234,275177,98103000.0,OI2309
2023-05-19 09:56:00,7944,7945,7938,7940,1908,275372,151686000.0,OI2309
2023-05-19 09:57:00,7939,7943,7934,7937,2377,275527,188971500.0,OI2309
2023-05-19 09:58:00,7936,7944,7935,7943,1852,275904,147234000.0,OI2309
2023-05-19 09:59:00,7943,7944,7936,7940,1686,275909,134037000.0,OI2309
2023-05-19 10:00:00,7941,7945,7937,7945,2487,276381,197716500.0,OI2309
2023-05-19 10:01:00,7944,7946,7938,7942,1095,276365,87052500.0,OI2309
2023-05-19 10:02:00,7941,7941,7926,7931,3978,276636,316251000.0,OI2309
2023-05-19 10:03:00,7932,7932,7916,7920,4347,276820,343190360.0,OI2309
2023-05-19 10:04:00,7920,7926,7917,7920,2650,276861,210648500.0,OI2309
2023-05-19 10:05:00,7920,7930,7920,7929,1409,276951,112001410.0,OI2309
2023-05-19 10:06:00,7929,7935,7927,7935,1445,276990,114863050.0,OI2309
2023-05-19 10:07:00,7936,7950,7936,7948,2936,276404,233382640.0,OI2309
2023-05-19 10:08:00,7950,7956,7948,7952,2636,275960,209535640.0,OI2309
2023-05-19 10:09:00,7951,7957,7947,7956,1868,275914,148487320.0,OI2309
2023-05-19 10:10:00,7957,7970,7955,7968,4018,275155,319390820.0,OI2309
2023-05-19 10:11:00,7969,7970,7963,7965,2830,275197,224956700.0,OI2309
2023-05-19 10:12:00,7966,7977,7964,7977,4390,275356,353477480.0,OI2309
2023-05-19 10:13:00,7978,8014,7978,8010,13336,275056,1064861740.0,OI2309
2023-05-19 10:14:00,8012,8024,8005,8014,7511,274320,601924460.0,OI2309
2023-05-19 10:30:00,8014,8040,8014,8025,10193,273801,820200920.0,OI2309
2023-05-19 10:31:00,8026,8042,8014,8039,8109,273956,649897730.0,OI2309
2023-05-19 10:32:00,8040,8040,8028,8031,4849,273863,390694310.0,OI2309
2023-05-19 10:33:00,8031,8039,8030,8037,3888,274288,309329280.0,OI2309
2023-05-19 10:34:00,8038,8044,8032,8037,4618,274281,372449500.0,OI2309
2023-05-19 10:35:00,8038,8039,8031,8038,2916,274501,232026120.0,OI2309
2023-05-19 10:36:00,8038,8038,8018,8019,4872,274292,392784340.0,OI2309
2023-05-19 10:37:00,8018,8024,8009,8022,5106,273520,411505840.0,OI2309
2023-05-19 10:38:00,8021,8022,8014,8018,1821,273243,144933390.0,OI2309
2023-05-19 10:39:00,8017,8020,8010,8012,2355,273194,187434450.0,OI2309
2023-05-19 10:40:00,8012,8026,8012,8025,2259,273516,179793810.0,OI2309
2023-05-19 10:41:00,8025,8034,8023,8033,2224,273686,182265110.0,OI2309
2023-05-19 10:42:00,8034,8046,8033,8033,4607,274182,366717200.0,OI2309
2023-05-19 10:43:00,8034,8040,8029,8034,2448,274318,200188300.0,OI2309
2023-05-19 10:44:00,8034,8038,8031,8034,1975,274512,157229750.0,OI2309
2023-05-19 10:45:00,8032,8032,8023,8029,2546,274323,202687060.0,OI2309
2023-05-19 10:46:00,8028,8042,8025,8041,1799,274471,143218390.0,OI2309
2023-05-19 10:47:00,8040,8042,8033,8037,2046,274698,168293220.0,OI2309
2023-05-19 10:48:00,8038,8055,8037,8051,5751,275127,463363290.0,OI2309
2023-05-19 10:49:00,8052,8057,8046,8055,3435,275672,273529050.0,OI2309
2023-05-19 10:50:00,8056,8065,8054,8060,5276,275625,425683660.0,OI2309
2023-05-19 10:51:00,8061,8064,8054,8062,2538,275851,207707480.0,OI2309
2023-05-19 10:52:00,8063,8072,8059,8071,4532,276640,360973800.0,OI2309
2023-05-19 10:53:00,8072,8075,8064,8073,4213,277119,341234060.0,OI2309
2023-05-19 10:54:00,8073,8083,8071,8081,4038,278037,327376070.0,OI2309
2023-05-19 10:55:00,8081,8096,8081,8091,7202,278477,579564350.0,OI2309
2023-05-19 10:56:00,8091,8094,8086,8089,5024,279206,411974820.0,OI2309
2023-05-19 10:57:00,8089,8090,8077,8079,4762,279430,379531400.0,OI2309
2023-05-19 10:58:00,8079,8089,8077,8081,3300,279497,268921870.0,OI2309
2023-05-19 10:59:00,8081,8092,8078,8091,3626,279903,294976590.0,OI2309
2023-05-19 11:00:00,8091,8092,8077,8083,3382,279856,269613040.0,OI2309
2023-05-19 11:01:00,8083,8097,8081,8097,2994,280277,244693570.0,OI2309
2023-05-19 11:02:00,8098,8098,8089,8095,4135,280627,335736790.0,OI2309
2023-05-19 11:03:00,8096,8097,8086,8090,2275,280605,181408500.0,OI2309
2023-05-19 11:04:00,8090,8090,8081,8083,2461,280704,202340740.0,OI2309
2023-05-19 11:05:00,8084,8088,8075,8077,3263,280682,260224250.0,OI2309
2023-05-19 11:06:00,8076,8081,8070,8081,4163,280761,338174110.0,OI2309
2023-05-19 11:07:00,8082,8086,8074,8086,2711,281054,216229360.0,OI2309
2023-05-19 11:08:00,8086,8087,8076,8077,2394,281217,197171350.0,OI2309
2023-05-19 11:09:00,8077,8078,8070,8073,2054,281044,163847580.0,OI2309
2023-05-19 11:10:00,8072,8078,8071,8072,1317,281031,105057090.0,OI2309
2023-05-19 11:11:00,8072,8075,8067,8073,2039,280869,168931040.0,OI2309
2023-05-19 11:12:00,8072,8078,8070,8072,1911,280921,152459580.0,OI2309
2023-05-19 11:13:00,8071,8077,8067,8072,1666,280836,132913480.0,OI2309
2023-05-19 11:14:00,8070,8071,8061,8066,3279,280455,267947190.0,OI2309
2023-05-19 11:15:00,8064,8068,8060,8066,2516,280581,200751640.0,OI2309
2023-05-19 11:16:00,8066,8070,8062,8067,2566,281083,204741140.0,OI2309
2023-05-19 11:17:00,8068,8076,8068,8075,1934,281076,160732590.0,OI2309
2023-05-19 11:18:00,8075,8078,8063,8063,1947,280850,155370600.0,OI2309
2023-05-19 11:19:00,8063,8069,8062,8068,1297,280945,103500600.0,OI2309
2023-05-19 11:20:00,8068,8069,8055,8057,2898,280567,231260400.0,OI2309
2023-05-19 11:21:00,8057,8063,8056,8062,1586,280741,133058810.0,OI2309
2023-05-19 11:22:00,8062,8062,8052,8057,2151,280519,171671310.0,OI2309
2023-05-19 11:23:00,8058,8062,8052,8058,1261,280441,100640410.0,OI2309
2023-05-19 11:24:00,8057,8063,8056,8062,1589,280353,126818090.0,OI2309
2023-05-19 11:25:00,8061,8064,8055,8057,1281,280345,102236610.0,OI2309
2023-05-19 11:26:00,8058,8058,8047,8051,2997,279844,245779370.0,OI2309
2023-05-19 11:27:00,8051,8051,8045,8046,1435,279489,114541700.0,OI2309
2023-05-19 11:28:00,8047,8048,8041,8044,2247,279087,179355540.0,OI2309
2023-05-19 11:29:00,8044,8055,8044,8052,2065,278617,164828300.0,OI2309
2023-05-19 13:30:00,8061,8061,8043,8045,4897,278294,397573780.0,OI2309
2023-05-19 13:31:00,8046,8047,8032,8033,4440,277735,354445200.0,OI2309
2023-05-19 13:32:00,8034,8039,8030,8033,2983,277557,238132890.0,OI2309
2023-05-19 13:33:00,8032,8034,8029,8031,1778,277464,141937740.0,OI2309
2023-05-19 13:34:00,8032,8032,8027,8029,1630,277531,136926450.0,OI2309
2023-05-19 13:35:00,8028,8033,8023,8025,3934,277215,314090560.0,OI2309
2023-05-19 13:36:00,8026,8026,8016,8020,3835,277195,306186400.0,OI2309
2023-05-19 13:37:00,8020,8020,8014,8014,2687,277332,214530080.0,OI2309
2023-05-19 13:38:00,8014,8017,8008,8008,3892,276631,310737280.0,OI2309
2023-05-19 13:39:00,8009,8014,8006,8013,3562,276183,284390080.0,OI2309
2023-05-19 13:40:00,8013,8020,8011,8019,2619,275843,209100960.0,OI2309
2023-05-19 13:41:00,8019,8022,8011,8020,2365,275801,195854090.0,OI2309
2023-05-19 13:42:00,8020,8034,8020,8031,4477,275139,357488450.0,OI2309
2023-05-19 13:43:00,8031,8033,8022,8030,2293,275130,183096050.0,OI2309
2023-05-19 13:44:00,8029,8032,8028,8031,1344,275359,107318400.0,OI2309
2023-05-19 13:45:00,8031,8038,8028,8038,2946,275278,235238100.0,OI2309
2023-05-19 13:46:00,8037,8041,8036,8038,1961,275368,156585850.0,OI2309
2023-05-19 13:47:00,8038,8039,8030,8030,1964,275334,164007740.0,OI2309
2023-05-19 13:48:00,8031,8032,8022,8022,2063,275275,164751180.0,OI2309
2023-05-19 13:49:00,8023,8028,8022,8028,1157,275304,92398020.0,OI2309
2023-05-19 13:50:00,8027,8037,8025,8034,1745,275370,139355700.0,OI2309
2023-05-19 13:51:00,8034,8034,8025,8026,1171,275502,93516060.0,OI2309
2023-05-19 13:52:00,8025,8028,8023,8026,1143,275587,91279980.0,OI2309
2023-05-19 13:53:00,8026,8035,8026,8032,1205,275524,96231300.0,OI2309
2023-05-19 13:54:00,8032,8034,8031,8033,612,275542,48874320.0,OI2309
2023-05-19 13:55:00,8033,8036,8027,8036,1519,275764,121307340.0,OI2309
2023-05-19 13:56:00,8037,8041,8032,8033,2064,275843,164831040.0,OI2309
2023-05-19 13:57:00,8033,8033,8029,8031,789,275876,63009540.0,OI2309
2023-05-19 13:58:00,8032,8038,8032,8034,812,275814,64846320.0,OI2309
2023-05-19 13:59:00,8034,8037,8032,8035,667,275901,60598430.0,OI2309
2023-05-19 14:00:00,8036,8037,8032,8033,804,275844,64215480.0,OI2309
2023-05-19 14:01:00,8033,8034,8027,8032,1309,275654,104549830.0,OI2309
2023-05-19 14:02:00,8033,8038,8031,8033,1420,275518,113415400.0,OI2309
2023-05-19 14:03:00,8033,8034,8025,8034,2107,275575,168286090.0,OI2309
2023-05-19 14:04:00,8034,8039,8033,8038,1620,275651,129389400.0,OI2309
2023-05-19 14:05:00,8038,8047,8035,8046,2963,275823,236654810.0,OI2309
2023-05-19 14:06:00,8046,8047,8040,8046,1611,275980,128670570.0,OI2309
2023-05-19 14:07:00,8045,8047,8034,8037,1675,275835,133782250.0,OI2309
2023-05-19 14:08:00,8037,8041,8033,8040,1188,275928,94885560.0,OI2309
2023-05-19 14:09:00,8040,8043,8038,8042,795,275976,70983380.0,OI2309
2023-05-19 14:10:00,8043,8044,8038,8041,993,275939,79320840.0,OI2309
2023-05-19 14:11:00,8041,8042,8035,8038,1318,275846,105281840.0,OI2309
2023-05-19 14:12:00,8038,8042,8036,8042,604,275893,48247520.0,OI2309
2023-05-19 14:13:00,8042,8044,8039,8042,1226,275961,97932880.0,OI2309
2023-05-19 14:14:00,8043,8045,8041,8044,962,276110,76844560.0,OI2309
2023-05-19 14:15:00,8044,8045,8027,8035,3364,275483,268716320.0,OI2309
2023-05-19 14:16:00,8036,8039,8034,8036,1287,275442,102805560.0,OI2309
2023-05-19 14:17:00,8036,8037,8034,8036,392,275439,31312960.0,OI2309
2023-05-19 14:18:00,8035,8035,8028,8029,1579,275625,126130520.0,OI2309
2023-05-19 14:19:00,8029,8032,8028,8028,689,275607,55037320.0,OI2309
2023-05-19 14:20:00,8028,8032,8025,8029,1763,275474,140828440.0,OI2309
2023-05-19 14:21:00,8029,8032,8025,8025,984,275463,78601920.0,OI2309
2023-05-19 14:22:00,8026,8029,8023,8028,1396,275314,119164780.0,OI2309
2023-05-19 14:23:00,8027,8036,8027,8031,2083,275339,166410870.0,OI2309
2023-05-19 14:24:00,8031,8035,8030,8033,544,275357,43460160.0,OI2309
2023-05-19 14:25:00,8033,8035,8031,8034,625,275251,49931250.0,OI2309
2023-05-19 14:26:00,8034,8040,8034,8037,1306,275115,104336340.0,OI2309
2023-05-19 14:27:00,8037,8037,8031,8031,657,275086,52487730.0,OI2309
2023-05-19 14:28:00,8031,8032,8026,8028,1007,274974,80449230.0,OI2309
2023-05-19 14:29:00,8028,8033,8028,8028,669,274945,53446410.0,OI2309
2023-05-19 14:30:00,8027,8033,8026,8028,1507,274852,120394230.0,OI2309
2023-05-19 14:31:00,8028,8028,8021,8022,1422,274920,113603580.0,OI2309
2023-05-19 14:32:00,8022,8022,8013,8015,2997,274634,239430330.0,OI2309
2023-05-19 14:33:00,8015,8017,8012,8015,1503,274652,120074670.0,OI2309
2023-05-19 14:34:00,8014,8018,8011,8018,1525,274715,121832250.0,OI2309
2023-05-19 14:35:00,8018,8020,8013,8019,1460,274603,116639400.0,OI2309
2023-05-19 14:36:00,8019,8022,8016,8019,1131,274457,90355590.0,OI2309
2023-05-19 14:37:00,8019,8020,8015,8015,806,274530,64391340.0,OI2309
2023-05-19 14:38:00,8015,8022,8015,8021,852,274428,68066280.0,OI2309
2023-05-19 14:39:00,8021,8022,8017,8018,619,274374,49451910.0,OI2309
2023-05-19 14:40:00,8017,8021,8015,8018,715,274242,57121350.0,OI2309
2023-05-19 14:41:00,8018,8022,8018,8022,549,274236,51731680.0,OI2309
2023-05-19 14:42:00,8022,8023,8019,8021,443,274141,35395700.0,OI2309
2023-05-19 14:43:00,8021,8022,8019,8021,467,274026,37313300.0,OI2309
2023-05-19 14:44:00,8022,8022,8015,8019,899,273907,71830100.0,OI2309
2023-05-19 14:45:00,8018,8020,8015,8016,884,273834,70631600.0,OI2309
2023-05-19 14:46:00,8015,8020,8012,8014,1499,273601,119770100.0,OI2309
2023-05-19 14:47:00,8014,8015,8007,8009,1734,273497,138546600.0,OI2309
2023-05-19 14:48:00,8011,8016,8010,8015,1358,273314,108504200.0,OI2309
2023-05-19 14:49:00,8016,8018,8013,8015,787,273153,62881300.0,OI2309
2023-05-19 14:50:00,8015,8017,8011,8014,907,272875,72469300.0,OI2309
2023-05-19 14:51:00,8014,8015,8011,8014,944,272613,75425600.0,OI2309
2023-05-19 14:52:00,8015,8021,8013,8020,1375,272240,109862500.0,OI2309
2023-05-19 14:53:00,8020,8022,8012,8014,1496,271697,119530400.0,OI2309
2023-05-19 14:54:00,8015,8015,8012,8013,881,271506,70391900.0,OI2309
2023-05-19 14:55:00,8012,8016,8012,8014,1572,271344,125602800.0,OI2309
2023-05-19 14:56:00,8015,8016,8009,8010,1998,270776,159640200.0,OI2309
2023-05-19 14:57:00,8011,8012,8007,8012,1739,270307,138946100.0,OI2309
2023-05-19 14:58:00,8012,8019,8009,8019,1661,269756,132713900.0,OI2309
2023-05-19 14:59:00,8019,8019,8010,8015,2623,268948,209577700.0,OI2309
2023-05-19 21:00:00,8062,8078,8054,8056,14413,268809,1162264320.0,OI2309
2023-05-19 21:01:00,8056,8079,8056,8063,7735,268960,624193360.0,OI2309
2023-05-19 21:02:00,8062,8064,8052,8063,4760,269211,383672520.0,OI2309
2023-05-19 21:03:00,8064,8072,8059,8064,3310,269452,266951500.0,OI2309
2023-05-19 21:04:00,8065,8068,8056,8056,2426,269570,195656900.0,OI2309
2023-05-19 21:05:00,8057,8062,8044,8047,3871,269522,311465850.0,OI2309
2023-05-19 21:06:00,8047,8047,8030,8038,5629,269888,452601950.0,OI2309
2023-05-19 21:07:00,8038,8046,8037,8042,2076,269955,166883400.0,OI2309
2023-05-19 21:08:00,8042,8048,8038,8042,1799,270083,144521220.0,OI2309
2023-05-19 21:09:00,8041,8041,8033,8038,1965,270024,157859860.0,OI2309
2023-05-19 21:10:00,8038,8040,8028,8035,2239,270122,180066810.0,OI2309
2023-05-19 21:11:00,8034,8035,8025,8026,1746,270393,140331790.0,OI2309
2023-05-19 21:12:00,8026,8030,8024,8026,1507,270513,121388850.0,OI2309
2023-05-19 21:13:00,8026,8034,8024,8029,1421,270457,113912580.0,OI2309
2023-05-19 21:14:00,8029,8030,8025,8030,1358,270560,108810770.0,OI2309
2023-05-19 21:15:00,8031,8034,8024,8025,1779,270784,142682530.0,OI2309
2023-05-19 21:16:00,8024,8036,8023,8034,1736,270760,139782720.0,OI2309
2023-05-19 21:17:00,8036,8036,8027,8030,1314,270863,105235430.0,OI2309
2023-05-19 21:18:00,8030,8032,8024,8032,1393,270864,112150430.0,OI2309
2023-05-19 21:19:00,8032,8032,8027,8028,707,270990,56920570.0,OI2309
2023-05-19 21:20:00,8028,8028,8019,8022,2263,271168,181539660.0,OI2309
2023-05-19 21:21:00,8021,8022,8016,8021,1793,271233,143664100.0,OI2309
2023-05-19 21:22:00,8022,8024,8018,8022,933,271194,74415440.0,OI2309
2023-05-19 21:23:00,8022,8022,8015,8015,1254,271258,100921920.0,OI2309
2023-05-19 21:24:00,8015,8023,8014,8019,1391,271210,111239500.0,OI2309
2023-05-19 21:25:00,8018,8023,8016,8018,1204,271292,96885880.0,OI2309
2023-05-19 21:26:00,8017,8017,8011,8013,1450,271424,115950970.0,OI2309
2023-05-19 21:27:00,8013,8014,8006,8009,2259,271536,181001830.0,OI2309
2023-05-19 21:28:00,8009,8010,7994,7996,5329,271833,426286250.0,OI2309
2023-05-19 21:29:00,7996,8007,7993,8001,3202,271969,256662220.0,OI2309
2023-05-19 21:30:00,8001,8012,8000,8011,2973,271946,238186580.0,OI2309
2023-05-19 21:31:00,8012,8014,8004,8011,2235,272144,178799300.0,OI2309
2023-05-19 21:32:00,8011,8014,8005,8012,1869,271891,149335520.0,OI2309
2023-05-19 21:33:00,8012,8014,8007,8009,1730,272099,139057400.0,OI2309
2023-05-19 21:34:00,8010,8012,8006,8010,1075,272014,86240860.0,OI2309
2023-05-19 21:35:00,8009,8013,8005,8012,1618,272019,130038660.0,OI2309
2023-05-19 21:36:00,8012,8012,8003,8003,1630,272143,130029180.0,OI2309
2023-05-19 21:37:00,8004,8006,7996,7999,2716,272402,217256680.0,OI2309
2023-05-19 21:38:00,8000,8013,7999,8013,1827,272114,146799450.0,OI2309
2023-05-19 21:39:00,8012,8013,7998,7999,2664,272750,213006410.0,OI2309
2023-05-19 21:40:00,7999,8005,7999,8003,1411,272667,113359740.0,OI2309
2023-05-19 21:41:00,8003,8008,8000,8006,1121,272633,89973800.0,OI2309
2023-05-19 21:42:00,8006,8009,8004,8007,2244,272693,180260520.0,OI2309
2023-05-19 21:43:00,8007,8011,8002,8004,1702,272716,135610890.0,OI2309
2023-05-19 21:44:00,8004,8012,8002,8010,1282,272427,102970240.0,OI2309
2023-05-19 21:45:00,8011,8011,8006,8009,1368,272614,109877760.0,OI2309
2023-05-19 21:46:00,8010,8028,8010,8024,5183,271915,415109460.0,OI2309
2023-05-19 21:47:00,8023,8023,8011,8014,3198,272394,256831380.0,OI2309
2023-05-19 21:48:00,8012,8013,8003,8006,2007,272394,161182170.0,OI2309
2023-05-19 21:49:00,8005,8009,8000,8006,1492,272368,118566450.0,OI2309
2023-05-19 21:50:00,8007,8011,8005,8006,1166,272601,93629800.0,OI2309
2023-05-19 21:51:00,8006,8008,7998,7999,2373,273153,190551900.0,OI2309
2023-05-19 21:52:00,7998,8011,7997,8011,2249,273210,179280750.0,OI2309
2023-05-19 21:53:00,8011,8013,8009,8012,1325,273310,106384250.0,OI2309
2023-05-19 21:54:00,8012,8019,8011,8012,1818,273187,145967220.0,OI2309
2023-05-19 21:55:00,8013,8019,8013,8016,1164,273260,93457560.0,OI2309
2023-05-19 21:56:00,8016,8018,8015,8016,1178,273184,94581620.0,OI2309
2023-05-19 21:57:00,8016,8021,8015,8019,1488,273014,118087840.0,OI2309
2023-05-19 21:58:00,8020,8033,8019,8033,2769,272818,222295320.0,OI2309
2023-05-19 21:59:00,8032,8032,8028,8030,2342,272639,188015760.0,OI2309
2023-05-19 22:00:00,8029,8041,8028,8037,3837,272328,309507520.0,OI2309
2023-05-19 22:01:00,8037,8043,8036,8039,2400,272218,192696000.0,OI2309
2023-05-19 22:02:00,8040,8045,8039,8041,3776,272404,303175040.0,OI2309
2023-05-19 22:03:00,8041,8042,8029,8031,4065,272061,326378850.0,OI2309
2023-05-19 22:04:00,8032,8032,8026,8030,1838,271796,147573020.0,OI2309
2023-05-19 22:05:00,8029,8035,8027,8031,1336,271743,107267440.0,OI2309
2023-05-19 22:06:00,8031,8041,8031,8037,1511,271777,121318190.0,OI2309
2023-05-19 22:07:00,8038,8038,8025,8026,1870,271627,150142300.0,OI2309
2023-05-19 22:08:00,8026,8033,8025,8028,1069,271542,85830010.0,OI2309
2023-05-19 22:09:00,8028,8033,8028,8031,798,271514,64071420.0,OI2309
2023-05-19 22:10:00,8031,8031,8025,8027,881,271559,70735490.0,OI2309
2023-05-19 22:11:00,8027,8033,8025,8026,1114,271397,89443060.0,OI2309
2023-05-19 22:12:00,8026,8029,8026,8026,474,271378,38057460.0,OI2309
2023-05-19 22:13:00,8026,8028,8013,8013,3307,270753,265519030.0,OI2309
2023-05-19 22:14:00,8012,8020,8011,8015,1801,270788,144602290.0,OI2309
2023-05-19 22:15:00,8015,8015,8007,8008,2451,270867,196790790.0,OI2309
2023-05-19 22:16:00,8009,8015,8009,8011,1724,271041,138419960.0,OI2309
2023-05-19 22:17:00,8010,8016,8009,8015,939,271011,75392310.0,OI2309
2023-05-19 22:18:00,8015,8020,8011,8020,970,271105,77881300.0,OI2309
2023-05-19 22:19:00,8019,8023,8018,8020,1178,271036,93690120.0,OI2309
2023-05-19 22:20:00,8020,8021,8014,8014,982,270951,78834960.0,OI2309
2023-05-19 22:21:00,8014,8019,8014,8016,1036,270884,83170080.0,OI2309
2023-05-19 22:22:00,8015,8015,8007,8013,1865,270734,149722200.0,OI2309
2023-05-19 22:23:00,8012,8015,8011,8014,710,270682,56998800.0,OI2309
2023-05-19 22:24:00,8014,8016,8008,8010,910,270500,73054800.0,OI2309
2023-05-19 22:25:00,8011,8011,8007,8007,1029,270478,82608120.0,OI2309
2023-05-19 22:26:00,8007,8007,7997,8004,4151,270537,331327270.0,OI2309
2023-05-19 22:27:00,8004,8014,8004,8011,1506,270420,120886620.0,OI2309
2023-05-19 22:28:00,8011,8011,8005,8009,951,270705,76336770.0,OI2309
2023-05-19 22:29:00,8008,8013,8008,8010,638,270608,51212260.0,OI2309
2023-05-19 22:30:00,8010,8019,8010,8018,1590,270375,127629300.0,OI2309
2023-05-19 22:31:00,8019,8025,8013,8013,2212,270208,177557240.0,OI2309
2023-05-19 22:32:00,8014,8015,8010,8014,824,270236,66142480.0,OI2309
2023-05-19 22:33:00,8014,8018,8008,8008,942,270240,75614340.0,OI2309
2023-05-19 22:34:00,8008,8010,8007,8010,691,270309,55466570.0,OI2309
2023-05-19 22:35:00,8010,8015,8009,8013,837,270232,67185990.0,OI2309
2023-05-19 22:36:00,8014,8015,8009,8015,1016,270060,81554320.0,OI2309
2023-05-19 22:37:00,8016,8017,8013,8015,799,270080,63331600.0,OI2309
2023-05-19 22:38:00,8015,8018,8014,8018,658,269959,52811080.0,OI2309
2023-05-19 22:39:00,8018,8022,8016,8020,1384,269917,111079840.0,OI2309
2023-05-19 22:40:00,8020,8028,8020,8022,2557,269824,205224820.0,OI2309
2023-05-19 22:41:00,8022,8023,8012,8012,1298,269822,104177480.0,OI2309
2023-05-19 22:42:00,8012,8014,8006,8007,1817,269647,145832420.0,OI2309
2023-05-19 22:43:00,8007,8007,8000,8003,2063,269587,165576380.0,OI2309
2023-05-19 22:44:00,8002,8003,7994,7996,3672,269777,292705410.0,OI2309
2023-05-19 22:45:00,7995,8001,7995,7997,1638,269794,131449500.0,OI2309
2023-05-19 22:46:00,7995,7996,7977,7979,6121,269763,489667060.0,OI2309
2023-05-19 22:47:00,7979,7980,7973,7978,2288,270042,183589120.0,OI2309
2023-05-19 22:48:00,7977,7981,7968,7975,3071,269771,244116300.0,OI2309
2023-05-19 22:49:00,7975,7977,7965,7966,2084,269876,167199320.0,OI2309
2023-05-19 22:50:00,7966,7972,7964,7967,1960,269832,154909620.0,OI2309
2023-05-19 22:51:00,7967,7970,7955,7967,3828,270116,305140880.0,OI2309
2023-05-19 22:52:00,7967,7969,7953,7961,3135,269576,249047540.0,OI2309
2023-05-19 22:53:00,7961,7965,7957,7959,1293,269590,103698600.0,OI2309
2023-05-19 22:54:00,7960,7961,7957,7957,1216,269647,97523200.0,OI2309
2023-05-19 22:55:00,7957,7965,7957,7964,1705,269194,134888190.0,OI2309
2023-05-19 22:56:00,7964,7968,7960,7968,1322,269028,106011180.0,OI2309
2023-05-19 22:57:00,7968,7969,7961,7963,1520,268885,121888800.0,OI2309
2023-05-19 22:58:00,7963,7966,7958,7960,2278,268200,180168670.0,OI2309
2023-05-19 22:59:00,7960,7965,7959,7961,1896,267286,152021280.0,OI2309
2023-05-22 09:00:00,7910,7939,7892,7932,13873,267859,1099027940.0,OI2309
2023-05-22 09:01:00,7933,7939,7924,7924,6918,268326,548877300.0,OI2309
2023-05-22 09:02:00,7923,7936,7908,7928,6574,268496,518252860.0,OI2309
2023-05-22 09:03:00,7930,7930,7912,7914,4653,269641,372356660.0,OI2309
2023-05-22 09:04:00,7915,7920,7905,7916,5203,270260,410813570.0,OI2309
2023-05-22 09:05:00,7916,7918,7896,7896,5487,270994,433333970.0,OI2309
2023-05-22 09:06:00,7896,7896,7883,7885,7228,271881,572411900.0,OI2309
2023-05-22 09:07:00,7886,7886,7862,7868,8799,273388,693338760.0,OI2309
2023-05-22 09:08:00,7867,7867,7847,7850,7654,274114,602529380.0,OI2309
2023-05-22 09:09:00,7850,7870,7848,7870,6015,274294,472922020.0,OI2309
2023-05-22 09:10:00,7871,7874,7865,7867,5020,274448,395825460.0,OI2309
2023-05-22 09:11:00,7867,7869,7860,7862,3426,275187,270371530.0,OI2309
2023-05-22 09:12:00,7863,7864,7842,7853,5966,276019,470415550.0,OI2309
2023-05-22 09:13:00,7852,7863,7847,7849,4876,276675,384187250.0,OI2309
2023-05-22 09:14:00,7848,7848,7832,7835,6555,278256,514817460.0,OI2309
2023-05-22 09:15:00,7837,7838,7820,7824,7764,279421,608895180.0,OI2309
2023-05-22 09:16:00,7824,7825,7808,7810,6866,280923,538457560.0,OI2309
2023-05-22 09:17:00,7811,7827,7811,7826,4654,281366,363759660.0,OI2309
2023-05-22 09:18:00,7825,7827,7814,7823,3982,281758,311588820.0,OI2309
2023-05-22 09:19:00,7823,7823,7805,7805,4942,282323,386351500.0,OI2309
2023-05-22 09:20:00,7806,7822,7804,7817,4912,282973,383763720.0,OI2309
2023-05-22 09:21:00,7817,7817,7805,7805,3225,283606,255566260.0,OI2309
2023-05-22 09:22:00,7805,7810,7790,7791,6970,284449,547339490.0,OI2309
2023-05-22 09:23:00,7793,7802,7783,7792,5982,285027,466428080.0,OI2309
2023-05-22 09:24:00,7792,7797,7781,7785,4666,285835,364000450.0,OI2309
2023-05-22 09:25:00,7786,7792,7771,7779,6518,286410,510649570.0,OI2309
2023-05-22 09:26:00,7781,7795,7778,7793,4626,286730,359731260.0,OI2309
2023-05-22 09:27:00,7793,7812,7787,7808,5549,286909,436204290.0,OI2309
2023-05-22 09:28:00,7809,7810,7794,7804,3472,287091,270892230.0,OI2309
2023-05-22 09:29:00,7803,7803,7781,7786,4415,288059,346701490.0,OI2309
2023-05-22 09:30:00,7786,7800,7778,7798,4809,288587,375451680.0,OI2309
2023-05-22 09:31:00,7798,7803,7782,7789,3099,289018,245069970.0,OI2309
2023-05-22 09:32:00,7791,7791,7781,7784,2347,289505,186401630.0,OI2309
2023-05-22 09:33:00,7785,7785,7775,7775,4014,290305,315471240.0,OI2309
2023-05-22 09:34:00,7775,7775,7761,7770,5795,291148,446879850.0,OI2309
2023-05-22 09:35:00,7769,7781,7768,7775,3065,291354,241556220.0,OI2309
2023-05-22 09:36:00,7776,7787,7773,7782,2908,291494,229138450.0,OI2309
2023-05-22 09:37:00,7781,7783,7775,7782,1553,291609,123292670.0,OI2309
2023-05-22 09:38:00,7782,7792,7777,7786,2377,291735,185593210.0,OI2309
2023-05-22 09:39:00,7786,7790,7780,7784,1375,291852,106682670.0,OI2309
2023-05-22 09:40:00,7782,7793,7780,7788,2071,291861,164375270.0,OI2309
2023-05-22 09:41:00,7790,7792,7782,7784,1668,291831,130950100.0,OI2309
2023-05-22 09:42:00,7782,7796,7782,7794,1666,291887,132213760.0,OI2309
2023-05-22 09:43:00,7795,7795,7784,7787,1556,291941,120378140.0,OI2309
2023-05-22 09:44:00,7787,7789,7769,7770,3406,291892,266681190.0,OI2309
2023-05-22 09:45:00,7770,7779,7769,7774,2189,291994,172240180.0,OI2309
2023-05-22 09:46:00,7774,7776,7764,7771,3424,291895,267171710.0,OI2309
2023-05-22 09:47:00,7769,7771,7765,7768,1424,292268,112951680.0,OI2309
2023-05-22 09:48:00,7768,7771,7767,7769,1175,292450,88410780.0,OI2309
2023-05-22 09:49:00,7768,7777,7768,7772,1440,292581,114206400.0,OI2309
2023-05-22 09:50:00,7773,7780,7771,7776,1529,292808,120384240.0,OI2309
2023-05-22 09:51:00,7776,7781,7771,7773,1235,293097,97935500.0,OI2309
2023-05-22 09:52:00,7773,7775,7755,7759,4215,293241,326726560.0,OI2309
2023-05-22 09:53:00,7760,7771,7760,7769,1813,293423,143734640.0,OI2309
2023-05-22 09:54:00,7769,7770,7763,7766,1228,293551,93389220.0,OI2309
2023-05-22 09:55:00,7766,7769,7763,7765,1154,293791,91477580.0,OI2309
2023-05-22 09:56:00,7765,7772,7764,7772,1310,293909,103843700.0,OI2309
2023-05-22 09:57:00,7772,7772,7766,7768,943,293924,73080840.0,OI2309
2023-05-22 09:58:00,7769,7769,7761,7762,1514,294008,119999640.0,OI2309
2023-05-22 09:59:00,7762,7768,7757,7767,1822,294350,142183610.0,OI2309
2023-05-22 10:00:00,7768,7768,7754,7757,2279,294556,175615710.0,OI2309
2023-05-22 10:01:00,7756,7762,7752,7756,2318,294641,183678320.0,OI2309
2023-05-22 10:02:00,7755,7759,7754,7757,1491,294752,115205700.0,OI2309
2023-05-22 10:03:00,7756,7766,7756,7762,1563,294686,123836490.0,OI2309
2023-05-22 10:04:00,7762,7767,7760,7766,1219,294664,96178830.0,OI2309
2023-05-22 10:05:00,7765,7768,7760,7760,1544,294962,122315680.0,OI2309
2023-05-22 10:06:00,7760,7761,7755,7758,1203,295051,94903560.0,OI2309
2023-05-22 10:07:00,7758,7761,7755,7761,937,295242,74219770.0,OI2309
2023-05-22 10:08:00,7761,7762,7757,7757,533,295337,42218930.0,OI2309
2023-05-22 10:09:00,7757,7757,7744,7746,2754,295322,213013680.0,OI2309
2023-05-22 10:10:00,7747,7770,7746,7768,4294,294769,334911200.0,OI2309
2023-05-22 10:11:00,7768,7775,7761,7762,2493,294777,195581980.0,OI2309
2023-05-22 10:12:00,7762,7762,7750,7757,1873,295075,146717960.0,OI2309
2023-05-22 10:13:00,7755,7759,7753,7756,829,295058,65631930.0,OI2309
2023-05-22 10:14:00,7757,7758,7753,7754,868,295061,68719560.0,OI2309
2023-05-22 10:30:00,7758,7767,7758,7767,2663,295181,207491090.0,OI2309
2023-05-22 10:31:00,7766,7775,7764,7766,2546,295116,201221350.0,OI2309
2023-05-22 10:32:00,7764,7775,7764,7767,1449,295510,114688350.0,OI2309
2023-05-22 10:33:00,7767,7771,7760,7764,1841,295873,144369200.0,OI2309
2023-05-22 10:34:00,7763,7763,7755,7755,1717,296390,135883380.0,OI2309
2023-05-22 10:35:00,7754,7757,7750,7753,1816,296771,140392610.0,OI2309
2023-05-22 10:36:00,7753,7763,7751,7758,1419,296677,112285470.0,OI2309
2023-05-22 10:37:00,7758,7760,7754,7755,676,296809,53491880.0,OI2309
2023-05-22 10:38:00,7755,7761,7755,7758,791,296853,62591830.0,OI2309
2023-05-22 10:39:00,7759,7766,7759,7765,1092,296657,85295100.0,OI2309
2023-05-22 10:40:00,7765,7771,7757,7758,1965,296755,155470800.0,OI2309
2023-05-22 10:41:00,7758,7769,7758,7769,1021,296786,79752700.0,OI2309
2023-05-22 10:42:00,7769,7773,7762,7769,1429,296728,113048190.0,OI2309
2023-05-22 10:43:00,7770,7771,7762,7765,899,296775,71119890.0,OI2309
2023-05-22 10:44:00,7766,7771,7764,7770,1466,296840,114472060.0,OI2309
2023-05-22 10:45:00,7770,7772,7760,7761,1487,297064,117621700.0,OI2309
2023-05-22 10:46:00,7760,7762,7754,7756,1748,297276,138266800.0,OI2309
2023-05-22 10:47:00,7756,7759,7753,7757,880,297429,68179600.0,OI2309
2023-05-22 10:48:00,7757,7759,7731,7735,6090,297517,476093920.0,OI2309
2023-05-22 10:49:00,7735,7748,7735,7744,3158,297311,244138880.0,OI2309
2023-05-22 10:50:00,7744,7744,7734,7737,1920,297293,146199440.0,OI2309
2023-05-22 10:51:00,7738,7743,7733,7736,2602,297267,204836180.0,OI2309
2023-05-22 10:52:00,7735,7741,7732,7738,1733,297405,136993650.0,OI2309
2023-05-22 10:53:00,7738,7744,7734,7735,1792,297523,140145770.0,OI2309
2023-05-22 10:54:00,7735,7739,7733,7735,1101,297573,87023040.0,OI2309
2023-05-22 10:55:00,7735,7745,7735,7739,1228,297634,97061120.0,OI2309
2023-05-22 10:56:00,7739,7742,7732,7732,1273,297635,100527140.0,OI2309
2023-05-22 10:57:00,7732,7744,7730,7736,2067,297560,163355010.0,OI2309
2023-05-22 10:58:00,7736,7741,7735,7739,599,297602,43304810.0,OI2309
2023-05-22 10:59:00,7739,7742,7735,7736,969,297720,76570380.0,OI2309
2023-05-22 11:00:00,7736,7740,7733,7735,1091,297849,86210820.0,OI2309
2023-05-22 11:01:00,7735,7738,7727,7735,3112,297829,244546100.0,OI2309
2023-05-22 11:02:00,7736,7740,7731,7733,1419,298018,111324380.0,OI2309
2023-05-22 11:03:00,7734,7741,7734,7741,1515,298018,119685000.0,OI2309
2023-05-22 11:04:00,7741,7749,7739,7745,1893,297812,149547000.0,OI2309
2023-05-22 11:05:00,7744,7745,7735,7735,1492,298116,113036690.0,OI2309
2023-05-22 11:06:00,7736,7742,7736,7738,535,298202,42259650.0,OI2309
2023-05-22 11:07:00,7739,7742,7736,7738,494,298197,39021060.0,OI2309
2023-05-22 11:08:00,7738,7739,7732,7737,1156,298169,91312440.0,OI2309
2023-05-22 11:09:00,7737,7739,7730,7731,1137,298039,88696090.0,OI2309
2023-05-22 11:10:00,7730,7733,7715,7718,4289,297811,333830530.0,OI2309
2023-05-22 11:11:00,7718,7719,7713,7715,2521,297964,195756420.0,OI2309
2023-05-22 11:12:00,7715,7725,7715,7718,2013,297813,158946480.0,OI2309
2023-05-22 11:13:00,7719,7723,7713,7722,1583,297823,120480760.0,OI2309
2023-05-22 11:14:00,7723,7726,7717,7721,2610,298016,202976330.0,OI2309
2023-05-22 11:15:00,7720,7728,7716,7720,2855,297592,225373700.0,OI2309
2023-05-22 11:16:00,7719,7720,7710,7718,1682,297601,126714510.0,OI2309
2023-05-22 11:17:00,7718,7722,7714,7715,1362,297512,107502660.0,OI2309
2023-05-22 11:18:00,7715,7719,7714,7715,990,297684,76953010.0,OI2309
2023-05-22 11:19:00,7716,7718,7711,7714,1639,297854,129349880.0,OI2309
2023-05-22 11:20:00,7714,7721,7712,7715,2044,297887,157124130.0,OI2309
2023-05-22 11:21:00,7715,7715,7704,7712,2268,297860,178967880.0,OI2309
2023-05-22 11:22:00,7713,7713,7708,7708,896,298013,70305170.0,OI2309
2023-05-22 11:23:00,7708,7712,7707,7712,971,298016,76611900.0,OI2309
2023-05-22 11:24:00,7712,7714,7706,7707,1233,297997,97283700.0,OI2309
2023-05-22 11:25:00,7708,7712,7702,7707,2417,297620,190448860.0,OI2309
2023-05-22 11:26:00,7707,7710,7706,7710,795,297643,62717550.0,OI2309
2023-05-22 11:27:00,7711,7722,7711,7719,2633,297225,205019680.0,OI2309
2023-05-22 11:28:00,7720,7722,7718,7718,1329,297040,104831520.0,OI2309
2023-05-22 11:29:00,7715,7718,7712,7715,1739,296785,135585430.0,OI2309
2023-05-22 13:30:00,7713,7725,7711,7718,2813,296924,221150760.0,OI2309
2023-05-22 13:31:00,7719,7723,7709,7718,2623,297429,206849780.0,OI2309
2023-05-22 13:32:00,7720,7720,7714,7719,1452,297609,111977100.0,OI2309
2023-05-22 13:33:00,7719,7719,7711,7712,1268,297943,99981800.0,OI2309
2023-05-22 13:34:00,7714,7716,7708,7714,1600,298061,126160000.0,OI2309
2023-05-22 13:35:00,7714,7716,7710,7715,1442,298389,112666230.0,OI2309
2023-05-22 13:36:00,7714,7720,7712,7716,1410,298449,111164400.0,OI2309
2023-05-22 13:37:00,7716,7729,7716,7718,2699,298428,210253090.0,OI2309
2023-05-22 13:38:00,7718,7723,7714,7720,1320,298616,104055600.0,OI2309
2023-05-22 13:39:00,7720,7725,7716,7723,1267,298611,99877610.0,OI2309
2023-05-22 13:40:00,7723,7727,7720,7720,1360,298850,106565220.0,OI2309
2023-05-22 13:41:00,7720,7721,7716,7719,896,298938,70622720.0,OI2309
2023-05-22 13:42:00,7720,7721,7715,7720,848,298966,66839360.0,OI2309
2023-05-22 13:43:00,7720,7723,7718,7719,634,299048,49971880.0,OI2309
2023-05-22 13:44:00,7717,7724,7717,7723,769,299057,59819990.0,OI2309
2023-05-22 13:45:00,7722,7729,7721,7728,1340,299164,105605400.0,OI2309
2023-05-22 13:46:00,7728,7729,7719,7724,1572,299248,123889320.0,OI2309
2023-05-22 13:47:00,7724,7728,7717,7727,1059,299133,81723350.0,OI2309
2023-05-22 13:48:00,7726,7733,7726,7729,2343,299389,184628400.0,OI2309
2023-05-22 13:49:00,7730,7731,7723,7730,1392,299367,109689600.0,OI2309
2023-05-22 13:50:00,7729,7729,7722,7723,1081,299429,84938770.0,OI2309
2023-05-22 13:51:00,7725,7725,7721,7722,920,299403,72486800.0,OI2309
2023-05-22 13:52:00,7722,7723,7714,7715,1669,299438,131500510.0,OI2309
2023-05-22 13:53:00,7716,7718,7712,7717,849,299388,66419230.0,OI2309
2023-05-22 13:54:00,7717,7717,7712,7715,796,299495,62708880.0,OI2309
2023-05-22 13:55:00,7715,7715,7709,7710,1222,299539,96269160.0,OI2309
2023-05-22 13:56:00,7709,7709,7692,7700,6611,300030,508475330.0,OI2309
2023-05-22 13:57:00,7699,7703,7693,7699,3073,300318,240214350.0,OI2309
2023-05-22 13:58:00,7699,7703,7698,7702,1314,300210,103477500.0,OI2309
2023-05-22 13:59:00,7702,7707,7700,7701,1505,300263,118518750.0,OI2309
2023-05-22 14:00:00,7702,7705,7693,7696,2582,300598,202762450.0,OI2309
2023-05-22 14:01:00,7698,7701,7681,7683,4948,300764,382773020.0,OI2309
2023-05-22 14:02:00,7683,7690,7682,7683,2408,300715,188382580.0,OI2309
2023-05-22 14:03:00,7684,7688,7675,7678,4009,301171,308691810.0,OI2309
2023-05-22 14:04:00,7677,7688,7677,7686,2729,301321,212267780.0,OI2309
2023-05-22 14:05:00,7686,7686,7677,7677,2168,301609,170621600.0,OI2309
2023-05-22 14:06:00,7677,7683,7672,7674,2341,301737,177267650.0,OI2309
2023-05-22 14:07:00,7674,7678,7673,7674,1739,301886,134085490.0,OI2309
2023-05-22 14:08:00,7674,7680,7674,7678,1626,301951,127933680.0,OI2309
2023-05-22 14:09:00,7679,7679,7674,7675,1022,301990,80410960.0,OI2309
2023-05-22 14:10:00,7675,7676,7666,7669,3357,302290,263237410.0,OI2309
2023-05-22 14:11:00,7669,7676,7668,7671,2247,302359,175814790.0,OI2309
2023-05-22 14:12:00,7670,7675,7668,7671,1379,302579,108472140.0,OI2309
2023-05-22 14:13:00,7672,7676,7671,7674,995,302597,78266700.0,OI2309
2023-05-22 14:14:00,7676,7680,7673,7679,2079,302785,157300000.0,OI2309
2023-05-22 14:15:00,7679,7680,7673,7674,1491,303085,117267150.0,OI2309
2023-05-22 14:16:00,7675,7679,7674,7675,1065,303294,81630540.0,OI2309
2023-05-22 14:17:00,7675,7683,7673,7680,2286,303690,179771040.0,OI2309
2023-05-22 14:18:00,7680,7680,7673,7673,1233,303706,92003960.0,OI2309
2023-05-22 14:19:00,7674,7677,7672,7677,724,303674,56928120.0,OI2309
2023-05-22 14:20:00,7678,7684,7676,7682,2084,303553,163864920.0,OI2309
2023-05-22 14:21:00,7682,7692,7682,7691,2949,303295,229812400.0,OI2309
2023-05-22 14:22:00,7692,7693,7686,7689,1972,303189,154408550.0,OI2309
2023-05-22 14:23:00,7689,7694,7687,7693,1053,303233,82776330.0,OI2309
2023-05-22 14:24:00,7693,7701,7691,7699,2301,303004,180881610.0,OI2309
2023-05-22 14:25:00,7699,7700,7695,7697,1314,303085,101481540.0,OI2309
2023-05-22 14:26:00,7697,7707,7696,7704,2112,302696,166003200.0,OI2309
2023-05-22 14:27:00,7705,7721,7704,7716,4090,302418,320669110.0,OI2309
2023-05-22 14:28:00,7715,7721,7712,7719,2841,302055,223274190.0,OI2309
2023-05-22 14:29:00,7720,7721,7711,7717,2215,301927,173273220.0,OI2309
2023-05-22 14:30:00,7717,7718,7710,7711,2068,301564,162503440.0,OI2309
2023-05-22 14:31:00,7710,7711,7698,7702,2299,301242,177894710.0,OI2309
2023-05-22 14:32:00,7703,7703,7694,7694,1323,301215,103948110.0,OI2309
2023-05-22 14:33:00,7693,7702,7690,7702,2018,301271,158554260.0,OI2309
2023-05-22 14:34:00,7702,7715,7701,7714,2027,301317,157358570.0,OI2309
2023-05-22 14:35:00,7714,7720,7710,7719,1795,301650,141015200.0,OI2309
2023-05-22 14:36:00,7719,7719,7705,7707,1589,301703,124831840.0,OI2309
2023-05-22 14:37:00,7709,7711,7703,7706,901,301612,70067660.0,OI2309
2023-05-22 14:38:00,7706,7716,7705,7711,954,301692,74936700.0,OI2309
2023-05-22 14:39:00,7712,7716,7708,7716,806,301781,63311300.0,OI2309
2023-05-22 14:40:00,7716,7716,7707,7709,749,301668,58833950.0,OI2309
2023-05-22 14:41:00,7709,7713,7702,7706,1120,301584,87976000.0,OI2309
2023-05-22 14:42:00,7706,7707,7702,7704,948,301601,74306320.0,OI2309
2023-05-22 14:43:00,7704,7707,7703,7705,598,301571,46966920.0,OI2309
2023-05-22 14:44:00,7705,7705,7696,7703,1638,301735,128648520.0,OI2309
2023-05-22 14:45:00,7703,7705,7693,7698,1404,301612,110270160.0,OI2309
2023-05-22 14:46:00,7698,7700,7696,7699,403,301616,31651620.0,OI2309
2023-05-22 14:47:00,7699,7699,7690,7694,1364,301397,105393840.0,OI2309
2023-05-22 14:48:00,7693,7696,7690,7695,1175,301321,92272750.0,OI2309
2023-05-22 14:49:00,7694,7699,7689,7692,1407,301165,110491710.0,OI2309
2023-05-22 14:50:00,7693,7697,7693,7693,902,301162,70834060.0,OI2309
2023-05-22 14:51:00,7693,7694,7684,7689,1800,301141,140714030.0,OI2309
2023-05-22 14:52:00,7688,7693,7683,7683,1483,300919,116445160.0,OI2309
2023-05-22 14:53:00,7683,7685,7676,7679,2141,300542,164890200.0,OI2309
2023-05-22 14:54:00,7678,7683,7676,7681,1526,300727,119806260.0,OI2309
2023-05-22 14:55:00,7683,7690,7683,7686,2104,300442,165185040.0,OI2309
2023-05-22 14:56:00,7686,7691,7685,7690,1306,300307,97269580.0,OI2309
2023-05-22 14:57:00,7690,7691,7685,7690,1492,300023,117122000.0,OI2309
2023-05-22 14:58:00,7689,7691,7679,7679,2319,299390,182041500.0,OI2309
2023-05-22 14:59:00,7678,7679,7672,7675,4141,298673,321656710.0,OI2309
2023-05-22 21:00:00,7712,7714,7687,7698,11741,299520,903704770.0,OI2309
2023-05-22 21:01:00,7698,7705,7689,7690,5265,299630,405247050.0,OI2309
2023-05-22 21:02:00,7690,7706,7690,7701,4812,299632,370597820.0,OI2309
2023-05-22 21:03:00,7700,7708,7698,7699,3858,299996,296988840.0,OI2309
2023-05-22 21:04:00,7699,7707,7694,7696,3158,300321,243391180.0,OI2309
2023-05-22 21:05:00,7696,7708,7696,7701,3435,300461,264460650.0,OI2309
2023-05-22 21:06:00,7701,7709,7693,7697,3419,300689,263228810.0,OI2309
2023-05-22 21:07:00,7697,7705,7693,7702,2482,300848,191089180.0,OI2309
2023-05-22 21:08:00,7702,7707,7700,7702,1652,300971,127187480.0,OI2309
2023-05-22 21:09:00,7703,7708,7702,7704,1811,301268,139845220.0,OI2309
2023-05-22 21:10:00,7704,7706,7694,7694,2176,301287,167552000.0,OI2309
2023-05-22 21:11:00,7693,7693,7677,7687,4832,301463,371091180.0,OI2309
2023-05-22 21:12:00,7686,7701,7686,7701,2275,301670,175129500.0,OI2309
2023-05-22 21:13:00,7701,7703,7690,7695,2433,301375,187292340.0,OI2309
2023-05-22 21:14:00,7694,7699,7691,7693,1448,301269,111467040.0,OI2309
2023-05-22 21:15:00,7693,7699,7690,7690,1272,301248,97918560.0,OI2309
2023-05-22 21:16:00,7690,7698,7685,7694,2087,301465,160075700.0,OI2309
2023-05-22 21:17:00,7694,7696,7692,7695,1690,301269,130079300.0,OI2309
2023-05-22 21:18:00,7694,7697,7688,7692,905,301144,69657850.0,OI2309
2023-05-22 21:19:00,7692,7700,7692,7697,1560,301092,120073200.0,OI2309
2023-05-22 21:20:00,7697,7697,7685,7686,1719,300913,132311430.0,OI2309
2023-05-22 21:21:00,7687,7692,7684,7687,1220,301086,93903400.0,OI2309
2023-05-22 21:22:00,7686,7689,7677,7684,2214,301234,169736940.0,OI2309
2023-05-22 21:23:00,7684,7689,7684,7687,939,301237,72265440.0,OI2309
2023-05-22 21:24:00,7688,7691,7686,7691,680,301278,52332800.0,OI2309
2023-05-22 21:25:00,7691,7692,7681,7682,1260,301454,96969600.0,OI2309
2023-05-22 21:26:00,7683,7683,7676,7681,2325,301514,178392760.0,OI2309
2023-05-22 21:27:00,7681,7685,7677,7679,1188,301572,91416600.0,OI2309
2023-05-22 21:28:00,7680,7681,7670,7675,3276,301862,251316880.0,OI2309
2023-05-22 21:29:00,7675,7679,7674,7677,1723,301708,132567620.0,OI2309
2023-05-22 21:30:00,7676,7688,7675,7681,3583,301739,275676020.0,OI2309
2023-05-22 21:31:00,7681,7691,7679,7687,2541,301514,194654750.0,OI2309
2023-05-22 21:32:00,7688,7696,7686,7689,2204,301441,169553720.0,OI2309
2023-05-22 21:33:00,7688,7699,7688,7697,1772,301454,136319960.0,OI2309
2023-05-22 21:34:00,7698,7707,7698,7704,3788,301533,292338270.0,OI2309
2023-05-22 21:35:00,7704,7708,7698,7698,2280,301810,175423200.0,OI2309
2023-05-22 21:36:00,7699,7706,7699,7705,2270,302107,174653800.0,OI2309
2023-05-22 21:37:00,7705,7720,7705,7715,4643,301936,358251780.0,OI2309
2023-05-22 21:38:00,7715,7722,7715,7720,3095,301991,239210560.0,OI2309
2023-05-22 21:39:00,7718,7718,7700,7706,3584,301960,275824640.0,OI2309
2023-05-22 21:40:00,7706,7711,7698,7703,1906,302070,146685760.0,OI2309
2023-05-22 21:41:00,7703,7710,7702,7705,1271,302113,97816160.0,OI2309
2023-05-22 21:42:00,7705,7715,7705,7706,1419,302222,110338350.0,OI2309
2023-05-22 21:43:00,7706,7708,7702,7705,1094,302328,84205180.0,OI2309
2023-05-22 21:44:00,7706,7706,7700,7706,1271,302517,97828870.0,OI2309
2023-05-22 21:45:00,7705,7707,7692,7694,2800,302258,215516000.0,OI2309
2023-05-22 21:46:00,7695,7695,7680,7684,3573,302455,273794320.0,OI2309
2023-05-22 21:47:00,7683,7690,7676,7680,3625,302438,278980000.0,OI2309
2023-05-22 21:48:00,7679,7688,7676,7688,1957,302304,150610720.0,OI2309
2023-05-22 21:49:00,7688,7691,7682,7682,1669,302491,128446240.0,OI2309
2023-05-22 21:50:00,7683,7688,7680,7681,3115,302689,238407250.0,OI2309
2023-05-22 21:51:00,7680,7685,7676,7676,2581,303597,198607950.0,OI2309
2023-05-22 21:52:00,7676,7684,7675,7684,2459,303254,189220050.0,OI2309
2023-05-22 21:53:00,7683,7696,7683,7695,2324,303260,178831800.0,OI2309
2023-05-22 21:54:00,7694,7694,7688,7693,839,303303,64561050.0,OI2309
2023-05-22 21:55:00,7694,7706,7694,7704,2311,302862,177831450.0,OI2309
2023-05-22 21:56:00,7705,7710,7704,7708,2243,302880,172598850.0,OI2309
2023-05-22 21:57:00,7708,7708,7698,7706,1762,302875,135585900.0,OI2309
2023-05-22 21:58:00,7706,7709,7702,7704,930,302817,71563500.0,OI2309
2023-05-22 21:59:00,7705,7712,7704,7709,1468,302689,112962600.0,OI2309
2023-05-22 22:00:00,7708,7717,7708,7711,2372,302873,184041440.0,OI2309
2023-05-22 22:01:00,7710,7710,7701,7703,2062,303058,158691520.0,OI2309
2023-05-22 22:02:00,7703,7704,7697,7700,1922,302845,147917120.0,OI2309
2023-05-22 22:03:00,7701,7702,7696,7699,1177,302734,90581920.0,OI2309
2023-05-22 22:04:00,7698,7706,7697,7704,1002,302747,77113920.0,OI2309
2023-05-22 22:05:00,7703,7705,7699,7702,1112,302974,85579520.0,OI2309
2023-05-22 22:06:00,7701,7706,7696,7703,1408,303016,108359680.0,OI2309
2023-05-22 22:07:00,7704,7705,7696,7699,787,303065,60567520.0,OI2309
2023-05-22 22:08:00,7700,7706,7700,7701,1048,303029,80654080.0,OI2309
2023-05-22 22:09:00,7701,7701,7692,7693,1504,302871,115747840.0,OI2309
2023-05-22 22:10:00,7692,7702,7685,7701,2504,302725,192707840.0,OI2309
2023-05-22 22:11:00,7701,7712,7701,7708,2467,302720,189860320.0,OI2309
2023-05-22 22:12:00,7707,7710,7703,7704,1049,302873,80731040.0,OI2309
2023-05-22 22:13:00,7704,7710,7703,7708,931,303001,71649760.0,OI2309
2023-05-22 22:14:00,7708,7708,7701,7703,983,302966,75651680.0,OI2309
2023-05-22 22:15:00,7702,7702,7692,7693,2198,303009,169158080.0,OI2309
2023-05-22 22:16:00,7693,7697,7691,7692,1180,303047,90812800.0,OI2309
2023-05-22 22:17:00,7691,7693,7686,7692,1437,303100,110591520.0,OI2309
2023-05-22 22:18:00,7691,7694,7684,7685,2015,303125,155074400.0,OI2309
2023-05-22 22:19:00,7685,7691,7682,7684,1652,303069,127137920.0,OI2309
2023-05-22 22:20:00,7683,7688,7678,7679,1939,303258,149225440.0,OI2309
2023-05-22 22:21:00,7679,7683,7675,7677,2147,303813,165233120.0,OI2309
2023-05-22 22:22:00,7677,7684,7666,7670,3513,303832,268484070.0,OI2309
2023-05-22 22:23:00,7670,7679,7669,7678,2354,303780,181140300.0,OI2309
2023-05-22 22:24:00,7678,7681,7675,7679,1437,303953,110577150.0,OI2309
2023-05-22 22:25:00,7679,7682,7673,7674,1270,304117,97726500.0,OI2309
2023-05-22 22:26:00,7674,7675,7651,7656,7408,304464,566580070.0,OI2309
2023-05-22 22:27:00,7657,7662,7654,7654,2573,304761,197940890.0,OI2309
2023-05-22 22:28:00,7655,7659,7640,7659,5830,305429,446416770.0,OI2309
2023-05-22 22:29:00,7660,7663,7658,7662,2344,305425,178191910.0,OI2309
2023-05-22 22:30:00,7662,7663,7650,7655,2598,305311,199812180.0,OI2309
2023-05-22 22:31:00,7655,7660,7649,7651,1946,305428,149666860.0,OI2309
2023-05-22 22:32:00,7651,7654,7641,7649,3458,305759,263766190.0,OI2309
2023-05-22 22:33:00,7649,7652,7644,7646,1778,305879,136728200.0,OI2309
2023-05-22 22:34:00,7647,7654,7647,7651,1888,306008,143179380.0,OI2309
2023-05-22 22:35:00,7651,7658,7650,7658,2010,305962,154548900.0,OI2309
2023-05-22 22:36:00,7658,7659,7648,7650,2043,305884,157086270.0,OI2309
2023-05-22 22:37:00,7650,7655,7644,7645,2499,306537,190751530.0,OI2309
2023-05-22 22:38:00,7645,7647,7641,7643,1564,306527,120240320.0,OI2309
2023-05-22 22:39:00,7644,7651,7644,7646,2006,306713,154221280.0,OI2309
2023-05-22 22:40:00,7646,7647,7630,7639,5029,306766,384894590.0,OI2309
2023-05-22 22:41:00,7641,7648,7641,7648,2286,306868,174091370.0,OI2309
2023-05-22 22:42:00,7648,7649,7643,7646,1336,307082,102684960.0,OI2309
2023-05-22 22:43:00,7646,7649,7641,7642,983,306903,75553380.0,OI2309
2023-05-22 22:44:00,7643,7645,7635,7638,1895,306779,143207940.0,OI2309
2023-05-22 22:45:00,7638,7642,7635,7636,1704,306817,130952400.0,OI2309
2023-05-22 22:46:00,7636,7639,7633,7635,1422,306697,109280700.0,OI2309
2023-05-22 22:47:00,7636,7640,7635,7638,804,306816,61787400.0,OI2309
2023-05-22 22:48:00,7637,7642,7633,7635,1786,306748,136014430.0,OI2309
2023-05-22 22:49:00,7635,7637,7626,7635,2145,306686,164821800.0,OI2309
2023-05-22 22:50:00,7636,7648,7636,7643,2759,306005,211688380.0,OI2309
2023-05-22 22:51:00,7643,7645,7636,7637,1204,305915,92503320.0,OI2309
2023-05-22 22:52:00,7637,7645,7635,7643,1101,305736,84589830.0,OI2309
2023-05-22 22:53:00,7643,7645,7640,7643,846,305821,64998180.0,OI2309
2023-05-22 22:54:00,7644,7644,7637,7638,1182,305689,90813060.0,OI2309
2023-05-22 22:55:00,7638,7644,7636,7640,1065,305499,81823950.0,OI2309
2023-05-22 22:56:00,7639,7642,7637,7642,717,305418,54620690.0,OI2309
2023-05-22 22:57:00,7642,7648,7640,7646,1238,305063,95103160.0,OI2309
2023-05-22 22:58:00,7647,7647,7642,7643,1038,304693,79739160.0,OI2309
2023-05-22 22:59:00,7643,7645,7628,7633,2792,303372,214481440.0,OI2309
2023-05-23 09:00:00,7660,7669,7649,7661,9802,303326,750231830.0,OI2309
2023-05-23 09:01:00,7664,7683,7656,7682,6623,302859,505888590.0,OI2309
2023-05-23 09:02:00,7682,7701,7681,7699,6565,302597,507081690.0,OI2309
2023-05-23 09:03:00,7700,7700,7687,7695,4668,302571,358549080.0,OI2309
2023-05-23 09:04:00,7694,7705,7693,7701,4685,302746,359854850.0,OI2309
2023-05-23 09:05:00,7701,7710,7700,7708,4102,302695,318098860.0,OI2309
2023-05-23 09:06:00,7709,7718,7708,7716,3711,302598,285079020.0,OI2309
2023-05-23 09:07:00,7716,7739,7716,7732,8253,302118,637139340.0,OI2309
2023-05-23 09:08:00,7732,7732,7714,7718,5035,301945,390033280.0,OI2309
2023-05-23 09:09:00,7718,7735,7718,7735,4122,302296,316734480.0,OI2309
2023-05-23 09:10:00,7734,7738,7729,7738,3653,302147,283968500.0,OI2309
2023-05-23 09:11:00,7739,7750,7739,7745,5400,301087,418315980.0,OI2309
2023-05-23 09:12:00,7745,7752,7742,7743,3882,300930,301735320.0,OI2309
2023-05-23 09:13:00,7744,7744,7727,7737,4825,300648,370897750.0,OI2309
2023-05-23 09:14:00,7738,7742,7727,7734,2677,300703,209220810.0,OI2309
2023-05-23 09:15:00,7734,7734,7717,7719,4421,300794,339886480.0,OI2309
2023-05-23 09:16:00,7719,7720,7698,7699,6665,300663,512405200.0,OI2309
2023-05-23 09:17:00,7699,7709,7696,7699,3507,300883,273203910.0,OI2309
2023-05-23 09:18:00,7700,7703,7688,7693,4533,301068,348542370.0,OI2309
2023-05-23 09:19:00,7694,7699,7691,7693,2471,301280,189995190.0,OI2309
2023-05-23 09:20:00,7696,7705,7696,7703,2670,301438,205296300.0,OI2309
2023-05-23 09:21:00,7704,7719,7704,7718,3459,301272,265962510.0,OI2309
2023-05-23 09:22:00,7719,7726,7715,7716,2645,301078,203374050.0,OI2309
2023-05-23 09:23:00,7716,7726,7712,7717,1906,300977,146552340.0,OI2309
2023-05-23 09:24:00,7717,7719,7712,7712,1333,301083,102494370.0,OI2309
2023-05-23 09:25:00,7713,7719,7711,7711,918,301077,70585020.0,OI2309
2023-05-23 09:26:00,7711,7719,7701,7717,2807,301083,219643400.0,OI2309
2023-05-23 09:27:00,7719,7723,7716,7716,1733,301166,133267700.0,OI2309
2023-05-23 09:28:00,7716,7729,7716,7727,2138,301212,164412200.0,OI2309
2023-05-23 09:29:00,7727,7729,7721,7727,1305,301303,100354500.0,OI2309
2023-05-23 09:30:00,7727,7729,7717,7722,2350,301276,180715000.0,OI2309
2023-05-23 09:31:00,7721,7721,7714,7716,1604,301349,123347600.0,OI2309
2023-05-23 09:32:00,7716,7722,7713,7720,1403,301243,107890700.0,OI2309
2023-05-23 09:33:00,7719,7720,7709,7714,1637,301343,129820170.0,OI2309
2023-05-23 09:34:00,7713,7714,7702,7709,2582,301307,198581620.0,OI2309
2023-05-23 09:35:00,7707,7711,7706,7710,1261,301248,96983510.0,OI2309
2023-05-23 09:36:00,7710,7735,7710,7733,4049,300781,311408590.0,OI2309
2023-05-23 09:37:00,7733,7733,7720,7721,2318,300730,178277380.0,OI2309
2023-05-23 09:38:00,7721,7730,7720,7727,1374,300435,105674340.0,OI2309
2023-05-23 09:39:00,7728,7728,7721,7722,974,300450,74910340.0,OI2309
2023-05-23 09:40:00,7721,7724,7714,7718,1681,300488,133362970.0,OI2309
2023-05-23 09:41:00,7717,7728,7716,7726,1000,300355,76920000.0,OI2309
2023-05-23 09:42:00,7726,7731,7720,7721,1640,300277,126148800.0,OI2309
2023-05-23 09:43:00,7721,7726,7720,7724,641,300339,49305720.0,OI2309
2023-05-23 09:44:00,7724,7724,7717,7721,1045,300371,80381400.0,OI2309
2023-05-23 09:45:00,7723,7727,7716,7716,1658,300382,127533360.0,OI2309
2023-05-23 09:46:00,7717,7729,7716,7728,1394,300112,107226480.0,OI2309
2023-05-23 09:47:00,7728,7733,7720,7721,1523,300218,117149160.0,OI2309
2023-05-23 09:48:00,7721,7723,7712,7719,1581,300345,121610520.0,OI2309
2023-05-23 09:49:00,7720,7720,7713,7717,871,300390,66997320.0,OI2309
2023-05-23 09:50:00,7718,7722,7715,7716,980,300222,75381600.0,OI2309
2023-05-23 09:51:00,7714,7714,7701,7702,2935,300436,229990140.0,OI2309
2023-05-23 09:52:00,7701,7710,7696,7710,2247,300286,172861710.0,OI2309
2023-05-23 09:53:00,7709,7710,7702,7705,817,300367,62851810.0,OI2309
2023-05-23 09:54:00,7704,7705,7701,7702,595,300379,45773350.0,OI2309
2023-05-23 09:55:00,7703,7706,7699,7700,1471,300460,113164030.0,OI2309
2023-05-23 09:56:00,7700,7703,7695,7700,1040,300624,80007200.0,OI2309
2023-05-23 09:57:00,7700,7702,7698,7700,562,300731,43234660.0,OI2309
2023-05-23 09:58:00,7700,7705,7697,7703,1044,300901,80314920.0,OI2309
2023-05-23 09:59:00,7704,7707,7702,7703,708,300990,54466440.0,OI2309
2023-05-23 10:00:00,7703,7704,7696,7701,1476,301202,113548680.0,OI2309
2023-05-23 10:01:00,7701,7704,7693,7698,1325,301315,101932250.0,OI2309
2023-05-23 10:02:00,7698,7710,7698,7704,1499,301201,115318070.0,OI2309
2023-05-23 10:03:00,7704,7704,7683,7683,2682,301089,206326260.0,OI2309
2023-05-23 10:04:00,7684,7689,7681,7688,3069,300965,236098170.0,OI2309
2023-05-23 10:05:00,7689,7691,7684,7685,1420,300888,109240600.0,OI2309
2023-05-23 10:06:00,7685,7689,7681,7681,1322,300777,101701460.0,OI2309
2023-05-23 10:07:00,7682,7683,7670,7673,3834,301014,294949620.0,OI2309
2023-05-23 10:08:00,7675,7677,7668,7677,2392,301294,183237630.0,OI2309
2023-05-23 10:09:00,7676,7678,7668,7673,2021,301549,155455320.0,OI2309
2023-05-23 10:10:00,7672,7678,7669,7676,1823,302067,140225160.0,OI2309
2023-05-23 10:11:00,7675,7676,7671,7672,710,302064,54613200.0,OI2309
2023-05-23 10:12:00,7673,7674,7665,7669,1439,301959,110687880.0,OI2309
2023-05-23 10:13:00,7668,7677,7668,7675,1087,301958,83612040.0,OI2309
2023-05-23 10:14:00,7675,7675,7671,7674,609,301916,46844280.0,OI2309
2023-05-23 10:30:00,7673,7675,7666,7671,2283,302081,175608360.0,OI2309
2023-05-23 10:31:00,7670,7670,7651,7655,4420,302857,339986400.0,OI2309
2023-05-23 10:32:00,7654,7657,7652,7657,2289,303797,176069880.0,OI2309
2023-05-23 10:33:00,7657,7658,7652,7653,1047,303907,75852990.0,OI2309
2023-05-23 10:34:00,7654,7658,7648,7653,2284,304375,175662440.0,OI2309
2023-05-23 10:35:00,7654,7658,7648,7657,1221,304444,93907110.0,OI2309
2023-05-23 10:36:00,7656,7661,7656,7660,1387,304634,106674170.0,OI2309
2023-05-23 10:37:00,7660,7663,7656,7662,1072,304713,82447520.0,OI2309
2023-05-23 10:38:00,7662,7662,7658,7658,850,304735,65373500.0,OI2309
2023-05-23 10:39:00,7658,7658,7647,7650,2383,305096,183276530.0,OI2309
2023-05-23 10:40:00,7650,7660,7649,7659,1359,305035,104520690.0,OI2309
2023-05-23 10:41:00,7659,7673,7659,7665,3204,304840,245108710.0,OI2309
2023-05-23 10:42:00,7666,7666,7658,7661,1360,304977,104584000.0,OI2309
2023-05-23 10:43:00,7661,7662,7653,7654,1211,305276,93125900.0,OI2309
2023-05-23 10:44:00,7653,7658,7652,7653,883,305332,67902700.0,OI2309
2023-05-23 10:45:00,7654,7661,7652,7657,1556,305164,119656400.0,OI2309
2023-05-23 10:46:00,7656,7667,7656,7667,2101,305230,161566900.0,OI2309
2023-05-23 10:47:00,7667,7668,7663,7667,684,305341,52599600.0,OI2309
2023-05-23 10:48:00,7667,7674,7665,7667,1457,305409,112043300.0,OI2309
2023-05-23 10:49:00,7668,7675,7668,7671,1161,305368,89280900.0,OI2309
2023-05-23 10:50:00,7670,7672,7666,7669,959,305548,73747100.0,OI2309
2023-05-23 10:51:00,7669,7669,7661,7664,891,305586,68517900.0,OI2309
2023-05-23 10:52:00,7664,7669,7664,7666,785,305671,60366500.0,OI2309
2023-05-23 10:53:00,7665,7667,7661,7661,801,305738,61596900.0,OI2309
2023-05-23 10:54:00,7662,7666,7661,7664,608,305780,46755200.0,OI2309
2023-05-23 10:55:00,7663,7664,7657,7657,626,305861,48139400.0,OI2309
2023-05-23 10:56:00,7657,7665,7657,7664,709,305956,54522100.0,OI2309
2023-05-23 10:57:00,7665,7668,7661,7666,600,305994,46140000.0,OI2309
2023-05-23 10:58:00,7667,7672,7663,7664,1140,305962,87666000.0,OI2309
2023-05-23 10:59:00,7665,7665,7658,7658,890,306146,66825290.0,OI2309
2023-05-23 11:00:00,7659,7659,7650,7651,1562,306333,120102180.0,OI2309
2023-05-23 11:01:00,7650,7654,7650,7652,868,306454,66740520.0,OI2309
2023-05-23 11:02:00,7652,7652,7646,7649,2203,306734,169388670.0,OI2309
2023-05-23 11:03:00,7648,7649,7642,7644,1924,306635,147936360.0,OI2309
2023-05-23 11:04:00,7644,7648,7643,7646,1026,306710,78889140.0,OI2309
2023-05-23 11:05:00,7646,7649,7641,7641,1271,306750,97727190.0,OI2309
2023-05-23 11:06:00,7641,7647,7641,7646,981,306727,75429090.0,OI2309
2023-05-23 11:07:00,7645,7649,7645,7647,599,306792,46057110.0,OI2309
2023-05-23 11:08:00,7646,7653,7644,7650,1184,306698,91037760.0,OI2309
2023-05-23 11:09:00,7651,7655,7650,7653,899,306802,68661350.0,OI2309
2023-05-23 11:10:00,7653,7656,7646,7655,1259,306903,96791920.0,OI2309
2023-05-23 11:11:00,7654,7658,7653,7654,1118,306988,85951840.0,OI2309
2023-05-23 11:12:00,7653,7655,7645,7646,1411,307135,108477680.0,OI2309
2023-05-23 11:13:00,7646,7647,7643,7647,708,307155,54431040.0,OI2309
2023-05-23 11:14:00,7647,7650,7646,7649,545,307159,41899600.0,OI2309
2023-05-23 11:15:00,7649,7654,7646,7651,834,307091,64117920.0,OI2309
2023-05-23 11:16:00,7650,7652,7647,7652,660,307146,50740800.0,OI2309
2023-05-23 11:17:00,7653,7655,7649,7653,765,307038,58813200.0,OI2309
2023-05-23 11:18:00,7654,7661,7654,7660,1226,306861,94254880.0,OI2309
2023-05-23 11:19:00,7660,7660,7654,7654,739,306943,56814320.0,OI2309
2023-05-23 11:20:00,7655,7655,7651,7652,422,306930,32443360.0,OI2309
2023-05-23 11:21:00,7652,7655,7650,7651,516,306949,39670080.0,OI2309
2023-05-23 11:22:00,7651,7652,7644,7652,1402,306993,107785760.0,OI2309
2023-05-23 11:23:00,7650,7657,7649,7655,699,306966,53739120.0,OI2309
2023-05-23 11:24:00,7656,7656,7648,7648,529,307004,40669520.0,OI2309
2023-05-23 11:25:00,7647,7651,7646,7646,645,307032,49587600.0,OI2309
2023-05-23 11:26:00,7646,7649,7644,7644,737,306992,55736200.0,OI2309
2023-05-23 11:27:00,7644,7653,7644,7652,1398,306502,107464260.0,OI2309
2023-05-23 11:28:00,7652,7657,7652,7655,1114,306208,85633180.0,OI2309
2023-05-23 11:29:00,7657,7659,7654,7655,914,305976,70259180.0,OI2309
2023-05-23 13:30:00,7652,7652,7634,7636,5104,306415,392344480.0,OI2309
2023-05-23 13:31:00,7636,7642,7631,7631,3393,307158,255429290.0,OI2309
2023-05-23 13:32:00,7630,7636,7628,7629,2490,307670,191381400.0,OI2309
2023-05-23 13:33:00,7628,7634,7624,7633,2489,308063,191304540.0,OI2309
2023-05-23 13:34:00,7633,7642,7632,7640,2099,307949,161329140.0,OI2309
2023-05-23 13:35:00,7640,7647,7638,7647,2343,308025,180082980.0,OI2309
2023-05-23 13:36:00,7647,7647,7632,7639,2087,308349,160092700.0,OI2309
2023-05-23 13:37:00,7639,7643,7638,7640,873,308339,67090050.0,OI2309
2023-05-23 13:38:00,7640,7645,7640,7641,662,308352,50874700.0,OI2309
2023-05-23 13:39:00,7641,7645,7639,7642,815,308346,62632750.0,OI2309
2023-05-23 13:40:00,7642,7647,7641,7644,1156,308405,88838600.0,OI2309
2023-05-23 13:41:00,7644,7645,7639,7639,571,308547,43881350.0,OI2309
2023-05-23 13:42:00,7639,7640,7634,7634,1446,308504,111125100.0,OI2309
2023-05-23 13:43:00,7635,7636,7632,7635,772,308532,59328200.0,OI2309
2023-05-23 13:44:00,7635,7644,7633,7640,847,308606,65091950.0,OI2309
2023-05-23 13:45:00,7641,7645,7637,7644,1022,308596,78540700.0,OI2309
2023-05-23 13:46:00,7644,7653,7642,7649,1991,308505,153008350.0,OI2309
2023-05-23 13:47:00,7649,7649,7642,7644,814,308633,62555900.0,OI2309
2023-05-23 13:48:00,7645,7648,7643,7643,890,308633,68396500.0,OI2309
2023-05-23 13:49:00,7644,7647,7643,7646,464,308707,34428720.0,OI2309
2023-05-23 13:50:00,7645,7651,7645,7651,835,308671,64161400.0,OI2309
2023-05-23 13:51:00,7651,7656,7648,7653,1783,308547,137005720.0,OI2309
2023-05-23 13:52:00,7653,7655,7649,7649,1011,308557,77685240.0,OI2309
2023-05-23 13:53:00,7648,7655,7645,7653,1056,308491,81143040.0,OI2309
2023-05-23 13:54:00,7653,7655,7643,7643,1544,308611,118640960.0,OI2309
2023-05-23 13:55:00,7642,7646,7642,7642,1064,308729,81757760.0,OI2309
2023-05-23 13:56:00,7642,7645,7638,7644,1251,308760,96126840.0,OI2309
2023-05-23 13:57:00,7643,7644,7637,7637,982,308789,75456880.0,OI2309
2023-05-23 13:58:00,7638,7645,7637,7644,875,308859,67235000.0,OI2309
2023-05-23 13:59:00,7644,7646,7642,7643,876,309055,67311840.0,OI2309
2023-05-23 14:00:00,7643,7646,7638,7638,1033,309166,79375720.0,OI2309
2023-05-23 14:01:00,7638,7645,7638,7644,1058,309075,81296720.0,OI2309
2023-05-23 14:02:00,7644,7646,7641,7646,941,308925,72306440.0,OI2309
2023-05-23 14:03:00,7646,7649,7642,7642,906,308715,69383290.0,OI2309
2023-05-23 14:04:00,7642,7643,7640,7641,515,308781,39567450.0,OI2309
2023-05-23 14:05:00,7641,7644,7639,7644,678,308743,52090740.0,OI2309
2023-05-23 14:06:00,7644,7646,7640,7645,677,308741,52013910.0,OI2309
2023-05-23 14:07:00,7646,7655,7645,7651,2368,308681,181933440.0,OI2309
2023-05-23 14:08:00,7651,7652,7643,7647,1205,308624,92580150.0,OI2309
2023-05-23 14:09:00,7646,7650,7644,7648,727,308609,55855410.0,OI2309
2023-05-23 14:10:00,7646,7650,7644,7646,493,308562,37877190.0,OI2309
2023-05-23 14:11:00,7646,7648,7643,7645,764,308664,58698120.0,OI2309
2023-05-23 14:12:00,7646,7651,7645,7650,579,308687,44484570.0,OI2309
2023-05-23 14:13:00,7651,7658,7651,7655,2272,308682,174557760.0,OI2309
2023-05-23 14:14:00,7656,7664,7655,7661,2933,308731,225342390.0,OI2309
2023-05-23 14:15:00,7660,7668,7653,7667,2370,308445,182087100.0,OI2309
2023-05-23 14:16:00,7667,7685,7667,7680,5957,307882,457676310.0,OI2309
2023-05-23 14:17:00,7682,7683,7672,7674,2462,307598,189155460.0,OI2309
2023-05-23 14:18:00,7673,7673,7664,7665,1711,307647,131456130.0,OI2309
2023-05-23 14:19:00,7665,7665,7661,7661,1135,307814,87202050.0,OI2309
2023-05-23 14:20:00,7661,7662,7659,7659,1077,307706,82665650.0,OI2309
2023-05-23 14:21:00,7659,7667,7658,7667,1394,307775,107087080.0,OI2309
2023-05-23 14:22:00,7668,7670,7660,7662,1467,307994,112694940.0,OI2309
2023-05-23 14:23:00,7662,7665,7657,7663,1293,307845,99328260.0,OI2309
2023-05-23 14:24:00,7662,7665,7659,7663,896,307927,68830720.0,OI2309
2023-05-23 14:25:00,7661,7662,7656,7661,1367,307839,105012940.0,OI2309
2023-05-23 14:26:00,7661,7663,7656,7656,665,307872,51085300.0,OI2309
2023-05-23 14:27:00,7657,7659,7654,7657,1104,307875,84809280.0,OI2309
2023-05-23 14:28:00,7657,7658,7655,7658,683,307903,52468060.0,OI2309
2023-05-23 14:29:00,7658,7660,7655,7656,644,307956,49472080.0,OI2309
2023-05-23 14:30:00,7656,7657,7649,7654,1885,307840,144805700.0,OI2309
2023-05-23 14:31:00,7654,7654,7649,7653,945,307778,72594900.0,OI2309
2023-05-23 14:32:00,7653,7659,7652,7655,1010,307849,77588200.0,OI2309
2023-05-23 14:33:00,7655,7655,7650,7651,628,307790,48242960.0,OI2309
2023-05-23 14:34:00,7652,7659,7651,7658,827,307732,63530140.0,OI2309
2023-05-23 14:35:00,7658,7658,7653,7654,549,307853,42174180.0,OI2309
2023-05-23 14:36:00,7654,7655,7652,7654,315,307780,24198300.0,OI2309
2023-05-23 14:37:00,7654,7656,7651,7651,576,307734,44248320.0,OI2309
2023-05-23 14:38:00,7652,7653,7646,7646,1185,307672,91031700.0,OI2309
2023-05-23 14:39:00,7647,7650,7645,7647,1009,307682,77511380.0,OI2309
2023-05-23 14:40:00,7648,7648,7642,7645,990,307671,76051800.0,OI2309
2023-05-23 14:41:00,7645,7648,7643,7645,648,307589,49779360.0,OI2309
2023-05-23 14:42:00,7645,7645,7643,7644,406,307514,31188920.0,OI2309
2023-05-23 14:43:00,7645,7646,7643,7645,583,307468,44786060.0,OI2309
2023-05-23 14:44:00,7648,7650,7644,7649,1449,307666,105026690.0,OI2309
2023-05-23 14:45:00,7649,7653,7648,7653,1112,307328,85412720.0,OI2309
2023-05-23 14:46:00,7652,7655,7649,7654,946,307192,72662260.0,OI2309
2023-05-23 14:47:00,7654,7654,7650,7652,579,307155,44472990.0,OI2309
2023-05-23 14:48:00,7652,7654,7648,7653,1172,307239,90021320.0,OI2309
2023-05-23 14:49:00,7654,7656,7653,7654,894,307128,68668140.0,OI2309
2023-05-23 14:50:00,7654,7656,7651,7655,742,306887,56993020.0,OI2309
2023-05-23 14:51:00,7655,7656,7651,7652,471,306717,36177510.0,OI2309
2023-05-23 14:52:00,7652,7654,7648,7650,1093,306396,83953330.0,OI2309
2023-05-23 14:53:00,7651,7652,7646,7649,710,306242,54535100.0,OI2309
2023-05-23 14:54:00,7649,7650,7646,7648,1016,306098,78038960.0,OI2309
2023-05-23 14:55:00,7648,7652,7646,7649,1513,305886,116213530.0,OI2309
2023-05-23 14:56:00,7650,7650,7642,7644,1907,305518,146476670.0,OI2309
2023-05-23 14:57:00,7644,7647,7642,7647,1248,305298,95858880.0,OI2309
2023-05-23 14:58:00,7646,7647,7640,7640,1896,304855,145631760.0,OI2309
2023-05-23 14:59:00,7641,7643,7638,7642,2672,304385,205236320.0,OI2309
2023-05-23 21:00:00,7659,7680,7657,7671,9598,304598,736070620.0,OI2309
2023-05-23 21:01:00,7670,7676,7666,7670,3928,304965,301373580.0,OI2309
2023-05-23 21:02:00,7669,7675,7664,7674,3198,305023,245286600.0,OI2309
2023-05-23 21:03:00,7673,7677,7667,7669,2789,305354,213916300.0,OI2309
2023-05-23 21:04:00,7669,7674,7664,7667,2910,305371,223197000.0,OI2309
2023-05-23 21:05:00,7668,7668,7656,7659,3204,305599,245490530.0,OI2309
2023-05-23 21:06:00,7658,7661,7653,7661,2395,305851,183392330.0,OI2309
2023-05-23 21:07:00,7661,7665,7656,7656,1722,306034,131745520.0,OI2309
2023-05-23 21:08:00,7656,7661,7656,7660,1180,306064,90470600.0,OI2309
2023-05-23 21:09:00,7661,7667,7661,7661,1631,306082,125048770.0,OI2309
2023-05-23 21:10:00,7661,7662,7655,7658,1226,306167,93997420.0,OI2309
2023-05-23 21:11:00,7658,7662,7653,7659,1237,306255,94490610.0,OI2309
2023-05-23 21:12:00,7658,7661,7657,7660,774,306288,59334840.0,OI2309
2023-05-23 21:13:00,7660,7670,7660,7667,1867,306410,143124220.0,OI2309
2023-05-23 21:14:00,7668,7671,7665,7666,1212,306436,92911920.0,OI2309
2023-05-23 21:15:00,7667,7674,7663,7670,2325,306577,178234500.0,OI2309
2023-05-23 21:16:00,7669,7671,7662,7665,2255,306611,172868300.0,OI2309
2023-05-23 21:17:00,7665,7665,7659,7664,1140,306443,87392400.0,OI2309
2023-05-23 21:18:00,7663,7666,7660,7660,740,306396,56728400.0,OI2309
2023-05-23 21:19:00,7661,7667,7661,7666,510,306387,39096600.0,OI2309
2023-05-23 21:20:00,7666,7667,7663,7664,487,306383,37333420.0,OI2309
2023-05-23 21:21:00,7664,7665,7657,7661,1368,306633,104870880.0,OI2309
2023-05-23 21:22:00,7661,7665,7658,7659,762,306711,58414920.0,OI2309
2023-05-23 21:23:00,7660,7661,7656,7656,1036,306824,79419760.0,OI2309
2023-05-23 21:24:00,7656,7664,7656,7663,942,306912,72213720.0,OI2309
2023-05-23 21:25:00,7664,7671,7664,7668,1295,306940,99274700.0,OI2309
2023-05-23 21:26:00,7668,7675,7667,7672,1848,307104,141667680.0,OI2309
2023-05-23 21:27:00,7672,7672,7668,7668,1029,307271,78883140.0,OI2309
2023-05-23 21:28:00,7668,7668,7659,7660,2479,307717,190040140.0,OI2309
2023-05-23 21:29:00,7660,7662,7656,7656,2223,307992,170415180.0,OI2309
2023-05-23 21:30:00,7657,7657,7635,7643,6628,308767,506783720.0,OI2309
2023-05-23 21:31:00,7642,7647,7640,7644,2695,309000,205858470.0,OI2309
2023-05-23 21:32:00,7645,7647,7634,7634,2402,309605,183354910.0,OI2309
2023-05-23 21:33:00,7636,7637,7613,7629,6882,310304,524961330.0,OI2309
2023-05-23 21:34:00,7630,7630,7622,7627,2888,310783,220383870.0,OI2309
2023-05-23 21:35:00,7627,7627,7617,7619,3303,311325,251261580.0,OI2309
2023-05-23 21:36:00,7620,7633,7620,7632,3300,311245,251773920.0,OI2309
2023-05-23 21:37:00,7632,7632,7622,7627,2246,311543,171931300.0,OI2309
2023-05-23 21:38:00,7628,7629,7622,7623,1707,311792,129757240.0,OI2309
2023-05-23 21:39:00,7623,7628,7618,7621,2352,312134,179084950.0,OI2309
2023-05-23 21:40:00,7621,7625,7620,7620,1624,312438,124284720.0,OI2309
2023-05-23 21:41:00,7619,7627,7619,7625,1598,312451,121596400.0,OI2309
2023-05-23 21:42:00,7625,7626,7619,7626,2175,312203,166431000.0,OI2309
2023-05-23 21:43:00,7625,7626,7612,7617,2563,312540,195104030.0,OI2309
2023-05-23 21:44:00,7618,7620,7610,7614,2382,312843,181206270.0,OI2309
2023-05-23 21:45:00,7614,7625,7612,7622,3660,313152,278912850.0,OI2309
2023-05-23 21:46:00,7622,7627,7620,7627,2043,312995,155171490.0,OI2309
2023-05-23 21:47:00,7626,7638,7625,7637,4088,312243,312650240.0,OI2309
2023-05-23 21:48:00,7637,7642,7635,7641,3088,312147,236170240.0,OI2309
2023-05-23 21:49:00,7640,7644,7636,7638,1995,312011,151388310.0,OI2309
2023-05-23 21:50:00,7637,7654,7637,7651,4423,311387,339460330.0,OI2309
2023-05-23 21:51:00,7650,7666,7650,7660,5545,310760,424081600.0,OI2309
2023-05-23 21:52:00,7661,7661,7653,7657,3058,310330,233875840.0,OI2309
2023-05-23 21:53:00,7657,7657,7648,7649,2673,310424,204431040.0,OI2309
2023-05-23 21:54:00,7649,7651,7646,7650,1474,310483,112731520.0,OI2309
2023-05-23 21:55:00,7651,7654,7642,7654,2026,310497,154948480.0,OI2309
2023-05-23 21:56:00,7653,7656,7650,7654,1570,310598,120073600.0,OI2309
2023-05-23 21:57:00,7655,7659,7652,7655,1278,310506,97741440.0,OI2309
2023-05-23 21:58:00,7655,7658,7652,7656,1179,310381,90169920.0,OI2309
2023-05-23 21:59:00,7657,7665,7656,7662,2217,310424,170999880.0,OI2309
2023-05-23 22:00:00,7663,7666,7654,7655,2666,310478,203922340.0,OI2309
2023-05-23 22:01:00,7656,7656,7647,7650,2204,310449,168583960.0,OI2309
2023-05-23 22:02:00,7648,7652,7646,7648,1335,310561,102114150.0,OI2309
2023-05-23 22:03:00,7648,7648,7637,7639,2324,310416,177762760.0,OI2309
2023-05-23 22:04:00,7638,7642,7634,7636,1855,310421,141888950.0,OI2309
2023-05-23 22:05:00,7636,7636,7629,7630,3000,310848,228230510.0,OI2309
2023-05-23 22:06:00,7629,7629,7625,7626,2044,310821,156325120.0,OI2309
2023-05-23 22:07:00,7627,7630,7623,7629,1748,310678,133687040.0,OI2309
2023-05-23 22:08:00,7628,7631,7622,7624,1856,310804,141946880.0,OI2309
2023-05-23 22:09:00,7623,7628,7620,7623,2136,310863,161705880.0,OI2309
2023-05-23 22:10:00,7623,7626,7617,7620,4429,311605,338685630.0,OI2309
2023-05-23 22:11:00,7620,7621,7615,7618,2069,311714,156496050.0,OI2309
2023-05-23 22:12:00,7619,7620,7616,7618,1244,311927,95116240.0,OI2309
2023-05-23 22:13:00,7618,7627,7617,7626,2435,311636,186180100.0,OI2309
2023-05-23 22:14:00,7625,7629,7622,7627,1645,311858,124003080.0,OI2309
2023-05-23 22:15:00,7627,7628,7615,7615,2172,312151,166049400.0,OI2309
2023-05-23 22:16:00,7614,7614,7595,7604,7987,312589,606855730.0,OI2309
2023-05-23 22:17:00,7605,7616,7605,7616,2325,312568,177699750.0,OI2309
2023-05-23 22:18:00,7616,7624,7616,7620,3374,312495,257874820.0,OI2309
2023-05-23 22:19:00,7619,7628,7618,7623,2091,311949,157862020.0,OI2309
2023-05-23 22:20:00,7622,7628,7622,7624,1608,311905,122883360.0,OI2309
2023-05-23 22:21:00,7623,7636,7623,7633,3352,311338,256159840.0,OI2309
2023-05-23 22:22:00,7633,7637,7629,7629,2014,311198,153909880.0,OI2309
2023-05-23 22:23:00,7629,7629,7623,7628,1757,311203,134269940.0,OI2309
2023-05-23 22:24:00,7627,7633,7626,7633,918,311151,70153560.0,OI2309
2023-05-23 22:25:00,7633,7636,7629,7632,1490,311134,113865800.0,OI2309
2023-05-23 22:26:00,7633,7635,7626,7628,1328,311097,101485760.0,OI2309
2023-05-23 22:27:00,7628,7633,7628,7630,963,311222,73592460.0,OI2309
2023-05-23 22:28:00,7631,7636,7629,7635,915,311204,69924300.0,OI2309
2023-05-23 22:29:00,7640,7641,7637,7637,2660,311105,203277200.0,OI2309
2023-05-23 22:30:00,7637,7641,7633,7639,2465,311264,188375300.0,OI2309
2023-05-23 22:31:00,7638,7641,7637,7639,837,311225,63963540.0,OI2309
2023-05-23 22:32:00,7639,7639,7628,7631,1782,311198,134006440.0,OI2309
2023-05-23 22:33:00,7631,7637,7631,7636,1054,311262,80536140.0,OI2309
2023-05-23 22:34:00,7636,7640,7635,7638,833,311323,63649530.0,OI2309
2023-05-23 22:35:00,7638,7639,7632,7635,867,311203,66247470.0,OI2309
2023-05-23 22:36:00,7635,7640,7632,7639,802,311173,61280820.0,OI2309
2023-05-23 22:37:00,7640,7640,7634,7634,618,311184,47221380.0,OI2309
2023-05-23 22:38:00,7634,7634,7625,7630,2105,310869,160843050.0,OI2309
2023-05-23 22:39:00,7630,7635,7629,7631,763,310975,58300830.0,OI2309
2023-05-23 22:40:00,7632,7638,7630,7637,893,311196,68234130.0,OI2309
2023-05-23 22:41:00,7637,7655,7637,7647,4233,310621,323443530.0,OI2309
2023-05-23 22:42:00,7647,7653,7646,7652,1267,310559,96811470.0,OI2309
2023-05-23 22:43:00,7653,7653,7641,7645,1569,310456,119887290.0,OI2309
2023-05-23 22:44:00,7644,7645,7637,7639,1537,310549,117442170.0,OI2309
2023-05-23 22:45:00,7639,7639,7630,7632,1891,310377,144491310.0,OI2309
2023-05-23 22:46:00,7632,7632,7627,7630,1600,310355,122256000.0,OI2309
2023-05-23 22:47:00,7630,7638,7630,7634,1354,309911,103459140.0,OI2309
2023-05-23 22:48:00,7634,7635,7626,7635,1210,309917,92456100.0,OI2309
2023-05-23 22:49:00,7634,7638,7632,7633,566,309962,43248060.0,OI2309
2023-05-23 22:50:00,7633,7635,7632,7634,411,309972,31404510.0,OI2309
2023-05-23 22:51:00,7634,7645,7633,7643,1118,309843,85426380.0,OI2309
2023-05-23 22:52:00,7642,7644,7638,7641,739,309825,56466990.0,OI2309
2023-05-23 22:53:00,7641,7642,7637,7639,495,309804,37822950.0,OI2309
2023-05-23 22:54:00,7639,7647,7639,7640,716,309651,54709560.0,OI2309
2023-05-23 22:55:00,7640,7641,7636,7641,889,309467,67928490.0,OI2309
2023-05-23 22:56:00,7641,7644,7639,7642,550,309320,42025500.0,OI2309
2023-05-23 22:57:00,7641,7646,7641,7644,806,309001,61586460.0,OI2309
2023-05-23 22:58:00,7644,7645,7641,7644,974,308630,74423340.0,OI2309
2023-05-23 22:59:00,7644,7650,7643,7648,1980,307811,151291800.0,OI2309
2023-05-24 09:00:00,7644,7657,7641,7647,5137,308660,392518170.0,OI2309
2023-05-24 09:01:00,7646,7653,7641,7652,3435,308777,262468350.0,OI2309
2023-05-24 09:02:00,7651,7657,7651,7654,2243,308869,173988180.0,OI2309
2023-05-24 09:03:00,7654,7657,7648,7649,1826,308834,139542920.0,OI2309
2023-05-24 09:04:00,7648,7661,7648,7660,2520,308837,192578400.0,OI2309
2023-05-24 09:05:00,7660,7665,7652,7654,2621,308835,200296820.0,OI2309
2023-05-24 09:06:00,7654,7664,7650,7651,1752,309034,133887840.0,OI2309
2023-05-24 09:07:00,7650,7651,7638,7643,2550,309182,194871000.0,OI2309
2023-05-24 09:08:00,7643,7657,7643,7651,1846,309447,141071320.0,OI2309
2023-05-24 09:09:00,7651,7659,7646,7657,1156,309371,88341520.0,OI2309
2023-05-24 09:10:00,7657,7666,7656,7664,2690,309525,205569800.0,OI2309
2023-05-24 09:11:00,7664,7670,7661,7661,2609,309232,202176030.0,OI2309
2023-05-24 09:12:00,7660,7668,7659,7666,1822,309158,139255460.0,OI2309
2023-05-24 09:13:00,7665,7667,7660,7667,2200,308749,168146000.0,OI2309
2023-05-24 09:14:00,7668,7670,7665,7669,1636,308679,125039480.0,OI2309
2023-05-24 09:15:00,7668,7676,7668,7673,2850,308555,217825500.0,OI2309
2023-05-24 09:16:00,7673,7674,7658,7662,2017,308348,154159310.0,OI2309
2023-05-24 09:17:00,7663,7669,7662,7664,1088,308467,83155840.0,OI2309
2023-05-24 09:18:00,7663,7666,7658,7663,1252,308588,98615260.0,OI2309
2023-05-24 09:19:00,7664,7670,7663,7667,1512,308892,115577280.0,OI2309
2023-05-24 09:20:00,7667,7669,7658,7662,1825,308931,139503000.0,OI2309
2023-05-24 09:21:00,7664,7665,7654,7661,2174,309012,166180560.0,OI2309
2023-05-24 09:22:00,7660,7661,7653,7657,1196,309076,91422240.0,OI2309
2023-05-24 09:23:00,7658,7665,7657,7663,1022,309138,78121680.0,OI2309
2023-05-24 09:24:00,7664,7670,7664,7667,1144,308840,87447360.0,OI2309
2023-05-24 09:25:00,7668,7675,7667,7671,1940,309246,148293600.0,OI2309
2023-05-24 09:26:00,7672,7672,7663,7665,1124,309177,85918560.0,OI2309
2023-05-24 09:27:00,7665,7675,7665,7675,1123,309284,85842120.0,OI2309
2023-05-24 09:28:00,7674,7692,7671,7687,6162,308366,474140400.0,OI2309
2023-05-24 09:29:00,7687,7708,7687,7701,6771,307526,520827780.0,OI2309
2023-05-24 09:30:00,7700,7704,7684,7684,4609,307354,355635060.0,OI2309
2023-05-24 09:31:00,7684,7692,7677,7688,2760,307239,211057200.0,OI2309
2023-05-24 09:32:00,7688,7696,7686,7693,1607,307299,126161880.0,OI2309
2023-05-24 09:33:00,7694,7700,7693,7696,1898,307288,145159040.0,OI2309
2023-05-24 09:34:00,7696,7701,7687,7689,1840,307154,140723200.0,OI2309
2023-05-24 09:35:00,7689,7690,7684,7684,1652,306908,126344960.0,OI2309
2023-05-24 09:36:00,7685,7695,7684,7687,1484,306860,113496320.0,OI2309
2023-05-24 09:37:00,7687,7697,7685,7696,1090,306843,86717430.0,OI2309
2023-05-24 09:38:00,7697,7709,7693,7700,4006,306392,306418940.0,OI2309
2023-05-24 09:39:00,7701,7701,7693,7697,1640,306333,125443600.0,OI2309
2023-05-24 09:40:00,7697,7705,7697,7705,1923,306306,150520190.0,OI2309
2023-05-24 09:41:00,7706,7723,7706,7714,5360,305985,413523520.0,OI2309
2023-05-24 09:42:00,7711,7717,7707,7713,2843,305795,217517930.0,OI2309
2023-05-24 09:43:00,7713,7718,7712,7717,1734,305584,136197630.0,OI2309
2023-05-24 09:44:00,7717,7730,7717,7727,4007,305198,306615640.0,OI2309
2023-05-24 09:45:00,7728,7728,7716,7718,3934,304410,304638380.0,OI2309
2023-05-24 09:46:00,7718,7721,7712,7716,2092,304202,160100760.0,OI2309
2023-05-24 09:47:00,7717,7719,7704,7705,2950,303952,229422620.0,OI2309
2023-05-24 09:48:00,7704,7706,7695,7697,2701,303708,206734540.0,OI2309
2023-05-24 09:49:00,7697,7704,7696,7701,1903,303604,145655620.0,OI2309
2023-05-24 09:50:00,7700,7708,7700,7707,1683,303768,132538810.0,OI2309
2023-05-24 09:51:00,7706,7709,7702,7709,1076,303766,82367800.0,OI2309
2023-05-24 09:52:00,7709,7709,7697,7703,1414,303667,108241700.0,OI2309
2023-05-24 09:53:00,7705,7705,7700,7701,734,303644,56187700.0,OI2309
2023-05-24 09:54:00,7700,7704,7699,7700,751,303593,57489050.0,OI2309
2023-05-24 09:55:00,7700,7700,7693,7694,1981,303576,151645550.0,OI2309
2023-05-24 09:56:00,7693,7693,7687,7692,2204,303425,172519790.0,OI2309
2023-05-24 09:57:00,7691,7696,7688,7689,1251,303388,95776560.0,OI2309
2023-05-24 09:58:00,7689,7692,7683,7689,1862,303414,142554720.0,OI2309
2023-05-24 09:59:00,7689,7693,7687,7693,883,303319,67602480.0,OI2309
2023-05-24 10:00:00,7693,7694,7685,7686,1373,303336,105116880.0,OI2309
2023-05-24 10:01:00,7687,7693,7684,7692,1632,303558,124945920.0,OI2309
2023-05-24 10:02:00,7693,7696,7691,7691,1019,303501,78014640.0,OI2309
2023-05-24 10:03:00,7692,7692,7687,7689,828,303531,63391680.0,OI2309
2023-05-24 10:04:00,7690,7696,7689,7695,1085,303647,86970520.0,OI2309
2023-05-24 10:05:00,7696,7697,7692,7692,767,303636,58729190.0,OI2309
2023-05-24 10:06:00,7693,7696,7693,7693,745,303583,57044650.0,OI2309
2023-05-24 10:07:00,7693,7693,7683,7688,1919,303772,146937830.0,OI2309
2023-05-24 10:08:00,7689,7691,7684,7686,1393,303889,106662010.0,OI2309
2023-05-24 10:09:00,7686,7686,7683,7684,785,304001,60107450.0,OI2309
2023-05-24 10:10:00,7684,7693,7683,7692,1498,303835,114701860.0,OI2309
2023-05-24 10:11:00,7692,7696,7689,7694,1582,303643,121133740.0,OI2309
2023-05-24 10:12:00,7693,7704,7693,7699,2275,303342,174196750.0,OI2309
2023-05-24 10:13:00,7699,7705,7697,7697,1315,303285,104715260.0,OI2309
2023-05-24 10:14:00,7697,7701,7697,7700,599,303188,45871420.0,OI2309
2023-05-24 10:30:00,7701,7704,7695,7695,1195,303068,91513100.0,OI2309
2023-05-24 10:31:00,7695,7703,7693,7698,1102,303215,84391160.0,OI2309
2023-05-24 10:32:00,7700,7701,7694,7694,845,303269,64710100.0,OI2309
2023-05-24 10:33:00,7695,7695,7687,7688,1407,303160,107748060.0,OI2309
2023-05-24 10:34:00,7689,7691,7685,7687,933,303100,71449140.0,OI2309
2023-05-24 10:35:00,7689,7695,7688,7690,1098,303197,84084840.0,OI2309
2023-05-24 10:36:00,7689,7696,7688,7688,921,303199,70530180.0,OI2309
2023-05-24 10:37:00,7688,7690,7678,7679,2164,303325,165719120.0,OI2309
2023-05-24 10:38:00,7679,7684,7679,7681,1525,303366,120928100.0,OI2309
2023-05-24 10:39:00,7681,7683,7675,7680,1563,303294,119710170.0,OI2309
2023-05-24 10:40:00,7680,7680,7671,7675,2770,303190,212154300.0,OI2309
2023-05-24 10:41:00,7675,7683,7673,7680,1796,303293,137555640.0,OI2309
2023-05-24 10:42:00,7680,7686,7676,7676,1078,303419,82564020.0,OI2309
2023-05-24 10:43:00,7675,7683,7675,7682,624,303426,47792160.0,OI2309
2023-05-24 10:44:00,7683,7686,7681,7684,702,303422,53766180.0,OI2309
2023-05-24 10:45:00,7683,7686,7680,7681,863,303370,66097170.0,OI2309
2023-05-24 10:46:00,7680,7686,7679,7686,890,303346,68165100.0,OI2309
2023-05-24 10:47:00,7686,7687,7680,7680,807,303278,61808130.0,OI2309
2023-05-24 10:48:00,7679,7685,7676,7681,1175,303231,89993250.0,OI2309
2023-05-24 10:49:00,7682,7687,7681,7683,715,303259,54761850.0,OI2309
2023-05-24 10:50:00,7684,7685,7680,7680,422,303204,32320980.0,OI2309
2023-05-24 10:51:00,7680,7686,7677,7686,909,303123,69620310.0,OI2309
2023-05-24 10:52:00,7685,7697,7685,7694,2254,303099,172633860.0,OI2309
2023-05-24 10:53:00,7694,7704,7694,7698,1676,303125,132690880.0,OI2309
2023-05-24 10:54:00,7699,7700,7690,7691,1472,303226,112755200.0,OI2309
2023-05-24 10:55:00,7690,7692,7686,7690,915,303269,70089000.0,OI2309
2023-05-24 10:56:00,7690,7697,7689,7696,873,303305,66871800.0,OI2309
2023-05-24 10:57:00,7696,7696,7684,7684,1183,303118,90617800.0,OI2309
2023-05-24 10:58:00,7685,7688,7685,7685,570,303070,43662000.0,OI2309
2023-05-24 10:59:00,7685,7692,7685,7689,1171,302647,89698600.0,OI2309
2023-05-24 11:00:00,7689,7690,7682,7682,1008,302599,77212800.0,OI2309
2023-05-24 11:01:00,7683,7687,7680,7683,727,302583,55688200.0,OI2309
2023-05-24 11:02:00,7683,7684,7678,7683,1108,302441,84872800.0,OI2309
2023-05-24 11:03:00,7682,7692,7682,7692,1030,302299,78898000.0,OI2309
2023-05-24 11:04:00,7692,7699,7689,7692,1397,302402,107010200.0,OI2309
2023-05-24 11:05:00,7693,7697,7691,7695,635,302407,48641000.0,OI2309
2023-05-24 11:06:00,7695,7702,7695,7698,1917,302494,151308300.0,OI2309
2023-05-24 11:07:00,7700,7709,7698,7704,2036,302314,155977960.0,OI2309
2023-05-24 11:08:00,7704,7714,7704,7711,2035,302297,155901350.0,OI2309
2023-05-24 11:09:00,7711,7712,7703,7706,1263,302332,96758430.0,OI2309
2023-05-24 11:10:00,7707,7714,7707,7714,1403,302496,107483830.0,OI2309
2023-05-24 11:11:00,7715,7715,7706,7709,1205,302543,92315050.0,OI2309
2023-05-24 11:12:00,7711,7715,7710,7715,991,302687,80475940.0,OI2309
2023-05-24 11:13:00,7714,7719,7712,7716,1568,302803,120140160.0,OI2309
2023-05-24 11:14:00,7716,7722,7715,7717,1870,302715,143279400.0,OI2309
2023-05-24 11:15:00,7717,7718,7708,7717,2314,302423,177298680.0,OI2309
2023-05-24 11:16:00,7718,7718,7707,7707,1383,302359,105965460.0,OI2309
2023-05-24 11:17:00,7708,7711,7703,7709,1362,302075,104356440.0,OI2309
2023-05-24 11:18:00,7709,7709,7703,7704,516,302033,44181480.0,OI2309
2023-05-24 11:19:00,7705,7713,7704,7711,869,302032,66591470.0,OI2309
2023-05-24 11:20:00,7710,7711,7706,7710,599,302135,45901370.0,OI2309
2023-05-24 11:21:00,7711,7711,7703,7709,777,302134,59541510.0,OI2309
2023-05-24 11:22:00,7709,7710,7704,7709,455,302232,34866650.0,OI2309
2023-05-24 11:23:00,7709,7714,7708,7713,703,302357,53870890.0,OI2309
2023-05-24 11:24:00,7713,7715,7707,7708,821,302434,62913230.0,OI2309
2023-05-24 11:25:00,7708,7710,7705,7707,728,302325,55786640.0,OI2309
2023-05-24 11:26:00,7707,7708,7704,7704,485,302282,37165550.0,OI2309
2023-05-24 11:27:00,7704,7710,7704,7707,434,302151,33257420.0,OI2309
2023-05-24 11:28:00,7708,7712,7707,7710,411,302012,31494930.0,OI2309
2023-05-24 11:29:00,7710,7713,7710,7711,710,301763,54407300.0,OI2309
2023-05-24 13:30:00,7712,7712,7694,7698,3437,301505,263377310.0,OI2309
2023-05-24 13:31:00,7697,7705,7694,7704,1809,301739,143391610.0,OI2309
2023-05-24 13:32:00,7704,7711,7704,7707,1161,301873,88979040.0,OI2309
2023-05-24 13:33:00,7708,7711,7704,7704,1003,302018,76869920.0,OI2309
2023-05-24 13:34:00,7704,7705,7698,7698,1464,301970,112200960.0,OI2309
2023-05-24 13:35:00,7698,7701,7697,7701,1019,301918,78096160.0,OI2309
2023-05-24 13:36:00,7701,7707,7700,7707,857,301813,65680480.0,OI2309
2023-05-24 13:37:00,7708,7711,7697,7699,2092,302051,160330880.0,OI2309
2023-05-24 13:38:00,7701,7701,7691,7692,2198,302215,168454720.0,OI2309
2023-05-24 13:39:00,7690,7696,7688,7691,1616,302140,123850240.0,OI2309
2023-05-24 13:40:00,7691,7697,7687,7689,1319,302176,105983390.0,OI2309
2023-05-24 13:41:00,7689,7693,7688,7690,1204,302232,92286600.0,OI2309
2023-05-24 13:42:00,7690,7691,7685,7685,1455,302197,111525750.0,OI2309
2023-05-24 13:43:00,7685,7689,7685,7688,823,302263,63082950.0,OI2309
2023-05-24 13:44:00,7688,7695,7688,7692,1304,302225,99951600.0,OI2309
2023-05-24 13:45:00,7691,7692,7687,7687,900,302226,68985000.0,OI2309
2023-05-24 13:46:00,7687,7689,7683,7687,1338,302403,102557700.0,OI2309
2023-05-24 13:47:00,7687,7688,7684,7686,670,302398,51355500.0,OI2309
2023-05-24 13:48:00,7686,7692,7686,7691,806,302438,61779900.0,OI2309
2023-05-24 13:49:00,7691,7693,7689,7690,562,302421,43077300.0,OI2309
2023-05-24 13:50:00,7689,7695,7688,7695,741,302362,56797650.0,OI2309
2023-05-24 13:51:00,7694,7701,7694,7695,1730,302174,132604500.0,OI2309
2023-05-24 13:52:00,7695,7695,7686,7688,1052,302115,80635800.0,OI2309
2023-05-24 13:53:00,7688,7689,7681,7685,1399,302108,107233350.0,OI2309
2023-05-24 13:54:00,7684,7686,7683,7684,549,302076,42080850.0,OI2309
2023-05-24 13:55:00,7684,7684,7678,7682,1584,302110,121413600.0,OI2309
2023-05-24 13:56:00,7682,7682,7679,7681,626,302139,47982900.0,OI2309
2023-05-24 13:57:00,7681,7686,7680,7686,785,302030,60170250.0,OI2309
2023-05-24 13:58:00,7685,7688,7684,7686,847,302031,64922550.0,OI2309
2023-05-24 13:59:00,7686,7690,7686,7688,828,301944,63466200.0,OI2309
2023-05-24 14:00:00,7687,7695,7686,7692,1338,301866,102557700.0,OI2309
2023-05-24 14:01:00,7693,7696,7689,7692,1158,302017,93872920.0,OI2309
2023-05-24 14:02:00,7691,7699,7691,7698,1443,302147,110620380.0,OI2309
2023-05-24 14:03:00,7697,7700,7694,7697,819,302249,62784540.0,OI2309
2023-05-24 14:04:00,7697,7698,7691,7693,1031,302327,79036460.0,OI2309
2023-05-24 14:05:00,7692,7700,7692,7699,1143,302712,87622380.0,OI2309
2023-05-24 14:06:00,7699,7707,7699,7707,2024,302442,155159840.0,OI2309
2023-05-24 14:07:00,7706,7711,7704,7705,1767,302535,135458220.0,OI2309
2023-05-24 14:08:00,7705,7708,7702,7707,843,302569,64624380.0,OI2309
2023-05-24 14:09:00,7707,7710,7701,7701,1279,302367,98048140.0,OI2309
2023-05-24 14:10:00,7702,7708,7698,7707,1799,302479,137911340.0,OI2309
2023-05-24 14:11:00,7708,7711,7704,7708,1573,302475,125835610.0,OI2309
2023-05-24 14:12:00,7707,7711,7707,7707,882,302506,67622940.0,OI2309
2023-05-24 14:13:00,7707,7710,7699,7701,1389,302469,106494630.0,OI2309
2023-05-24 14:14:00,7700,7705,7696,7697,2439,302527,186998130.0,OI2309
2023-05-24 14:15:00,7696,7697,7683,7684,5013,301820,384346710.0,OI2309
2023-05-24 14:16:00,7684,7686,7679,7683,3147,301771,241280490.0,OI2309
2023-05-24 14:17:00,7684,7693,7684,7688,2143,301909,164303810.0,OI2309
2023-05-24 14:18:00,7687,7690,7679,7680,3056,301968,234303520.0,OI2309
2023-05-24 14:19:00,7680,7682,7678,7680,2005,302079,153723350.0,OI2309
2023-05-24 14:20:00,7681,7682,7675,7678,2257,301755,173044190.0,OI2309
2023-05-24 14:21:00,7677,7685,7672,7675,2056,301668,157633520.0,OI2309
2023-05-24 14:22:00,7674,7681,7674,7679,1303,301606,99901010.0,OI2309
2023-05-24 14:23:00,7678,7678,7664,7666,3245,301465,248794150.0,OI2309
2023-05-24 14:24:00,7666,7670,7662,7664,2808,301592,215289360.0,OI2309
2023-05-24 14:25:00,7664,7668,7655,7657,3679,301203,282068930.0,OI2309
2023-05-24 14:26:00,7657,7663,7653,7657,3006,301218,230470020.0,OI2309
2023-05-24 14:27:00,7656,7658,7644,7646,4300,301583,329681000.0,OI2309
2023-05-24 14:28:00,7645,7647,7634,7639,4841,301869,371159470.0,OI2309
2023-05-24 14:29:00,7640,7641,7633,7637,3597,301631,275781990.0,OI2309
2023-05-24 14:30:00,7637,7651,7637,7650,4906,300817,376143020.0,OI2309
2023-05-24 14:31:00,7650,7662,7650,7656,3946,300205,302539820.0,OI2309
2023-05-24 14:32:00,7656,7657,7644,7646,2681,300030,200484900.0,OI2309
2023-05-24 14:33:00,7647,7660,7646,7660,1713,299700,131318580.0,OI2309
2023-05-24 14:34:00,7660,7669,7658,7666,3520,299448,269843200.0,OI2309
2023-05-24 14:35:00,7666,7671,7658,7659,2868,299052,219860880.0,OI2309
2023-05-24 14:36:00,7659,7672,7658,7669,1970,298842,151020200.0,OI2309
2023-05-24 14:37:00,7669,7670,7663,7670,1945,298976,149103700.0,OI2309
2023-05-24 14:38:00,7670,7680,7670,7677,2806,298526,215107960.0,OI2309
2023-05-24 14:39:00,7677,7679,7663,7667,2567,298285,196786220.0,OI2309
2023-05-24 14:40:00,7668,7669,7660,7663,1735,298162,133005100.0,OI2309
2023-05-24 14:41:00,7662,7673,7662,7667,1872,298054,143507520.0,OI2309
2023-05-24 14:42:00,7667,7668,7659,7663,1636,297965,125415760.0,OI2309
2023-05-24 14:43:00,7663,7666,7661,7664,901,297983,69070660.0,OI2309
2023-05-24 14:44:00,7665,7671,7663,7664,1473,297754,112920180.0,OI2309
2023-05-24 14:45:00,7665,7671,7661,7667,1383,297524,106020780.0,OI2309
2023-05-24 14:46:00,7666,7667,7660,7662,1100,297446,84326000.0,OI2309
2023-05-24 14:47:00,7662,7667,7661,7664,1072,297387,82179520.0,OI2309
2023-05-24 14:48:00,7663,7667,7662,7667,705,297222,54045300.0,OI2309
2023-05-24 14:49:00,7667,7668,7662,7663,804,297023,61634640.0,OI2309
2023-05-24 14:50:00,7663,7667,7663,7666,639,296991,48985740.0,OI2309
2023-05-24 14:51:00,7667,7669,7662,7665,1903,296510,145883980.0,OI2309
2023-05-24 14:52:00,7666,7667,7660,7664,823,296242,63091180.0,OI2309
2023-05-24 14:53:00,7664,7664,7655,7656,1507,295709,115526620.0,OI2309
2023-05-24 14:54:00,7656,7664,7653,7664,1838,295274,140901080.0,OI2309
2023-05-24 14:55:00,7665,7670,7664,7668,2206,294654,169111960.0,OI2309
2023-05-24 14:56:00,7668,7670,7667,7668,1255,294296,96208300.0,OI2309
2023-05-24 14:57:00,7668,7671,7667,7670,1402,293997,107477320.0,OI2309
2023-05-24 14:58:00,7670,7675,7669,7672,2087,293245,159989420.0,OI2309
2023-05-24 14:59:00,7672,7680,7670,7676,2589,292097,198472740.0,OI2309
2023-05-24 21:00:00,7675,7677,7662,7664,7027,292322,538900630.0,OI2309
2023-05-24 21:01:00,7664,7667,7655,7663,4441,292500,340236250.0,OI2309
2023-05-24 21:02:00,7664,7671,7661,7664,3310,292433,253744600.0,OI2309
2023-05-24 21:03:00,7662,7666,7659,7663,1622,292577,124342520.0,OI2309
2023-05-24 21:04:00,7664,7664,7659,7663,1665,292809,127458250.0,OI2309
2023-05-24 21:05:00,7663,7672,7660,7667,2747,292765,210557550.0,OI2309
2023-05-24 21:06:00,7667,7668,7653,7655,2661,292765,203965650.0,OI2309
2023-05-24 21:07:00,7655,7661,7650,7656,2589,293171,198186230.0,OI2309
2023-05-24 21:08:00,7657,7664,7655,7663,1940,293517,148681600.0,OI2309
2023-05-24 21:09:00,7662,7673,7662,7670,2647,293575,202866080.0,OI2309
2023-05-24 21:10:00,7671,7674,7669,7670,2000,293899,153606490.0,OI2309
2023-05-24 21:11:00,7670,7673,7666,7672,1099,294037,84238350.0,OI2309
2023-05-24 21:12:00,7671,7671,7660,7660,1335,293876,102327750.0,OI2309
2023-05-24 21:13:00,7660,7664,7654,7655,1856,293940,141893010.0,OI2309
2023-05-24 21:14:00,7655,7660,7654,7659,1036,294032,79399040.0,OI2309
2023-05-24 21:15:00,7659,7665,7657,7663,1795,294195,137568800.0,OI2309
2023-05-24 21:16:00,7663,7663,7648,7650,2984,294272,228266220.0,OI2309
2023-05-24 21:17:00,7651,7651,7640,7642,2492,294660,190509500.0,OI2309
2023-05-24 21:18:00,7642,7645,7636,7642,2702,294841,206547760.0,OI2309
2023-05-24 21:19:00,7643,7643,7637,7643,2135,295224,163061520.0,OI2309
2023-05-24 21:20:00,7642,7652,7642,7647,2235,295158,171201000.0,OI2309
2023-05-24 21:21:00,7647,7652,7646,7647,1221,295267,92993210.0,OI2309
2023-05-24 21:22:00,7647,7648,7643,7648,734,295324,56217060.0,OI2309
2023-05-24 21:23:00,7648,7655,7648,7650,1515,295337,116033850.0,OI2309
2023-05-24 21:24:00,7651,7653,7646,7651,1529,295323,117106110.0,OI2309
2023-05-24 21:25:00,7651,7658,7651,7657,3254,295011,249223860.0,OI2309
2023-05-24 21:26:00,7657,7658,7652,7654,3298,294708,251955130.0,OI2309
2023-05-24 21:27:00,7654,7657,7652,7655,1601,294548,122604580.0,OI2309
2023-05-24 21:28:00,7655,7663,7655,7661,2137,294397,163651460.0,OI2309
2023-05-24 21:29:00,7661,7664,7658,7662,818,294356,63326690.0,OI2309
2023-05-24 21:30:00,7663,7665,7657,7663,1840,294403,140925600.0,OI2309
2023-05-24 21:31:00,7664,7673,7662,7673,3037,294692,232603830.0,OI2309
2023-05-24 21:32:00,7674,7679,7668,7672,3581,294603,275037620.0,OI2309
2023-05-24 21:33:00,7672,7672,7663,7665,1994,294799,152740400.0,OI2309
2023-05-24 21:34:00,7665,7671,7663,7668,1013,294911,77595800.0,OI2309
2023-05-24 21:35:00,7669,7672,7660,7660,1998,294892,153046800.0,OI2309
2023-05-24 21:36:00,7659,7664,7657,7661,1281,294795,98124600.0,OI2309
2023-05-24 21:37:00,7661,7666,7654,7655,1779,294686,136271400.0,OI2309
2023-05-24 21:38:00,7654,7657,7650,7652,2020,294571,154732000.0,OI2309
2023-05-24 21:39:00,7653,7660,7651,7657,1520,294542,116432000.0,OI2309
2023-05-24 21:40:00,7656,7660,7648,7652,2193,294432,167983800.0,OI2309
2023-05-24 21:41:00,7652,7655,7648,7650,1852,294310,140937870.0,OI2309
2023-05-24 21:42:00,7649,7654,7647,7652,1626,294154,124535340.0,OI2309
2023-05-24 21:43:00,7653,7658,7649,7656,1265,294103,96886350.0,OI2309
2023-05-24 21:44:00,7656,7658,7652,7657,951,294094,72837090.0,OI2309
2023-05-24 21:45:00,7657,7659,7652,7659,981,294140,75134790.0,OI2309
2023-05-24 21:46:00,7660,7666,7659,7660,1845,294064,141308550.0,OI2309
2023-05-24 21:47:00,7659,7661,7655,7660,1148,294042,87925320.0,OI2309
2023-05-24 21:48:00,7660,7663,7654,7654,1367,294332,104698530.0,OI2309
2023-05-24 21:49:00,7655,7659,7654,7656,783,294458,59969970.0,OI2309
2023-05-24 21:50:00,7655,7663,7655,7663,1357,294613,103932630.0,OI2309
2023-05-24 21:51:00,7664,7664,7658,7659,1042,294570,79806780.0,OI2309
2023-05-24 21:52:00,7660,7666,7660,7661,1035,294672,79270650.0,OI2309
2023-05-24 21:53:00,7661,7664,7659,7662,601,294692,46030590.0,OI2309
2023-05-24 21:54:00,7662,7662,7653,7654,1374,294744,105234660.0,OI2309
2023-05-24 21:55:00,7655,7657,7653,7656,526,294722,40286340.0,OI2309
2023-05-24 21:56:00,7656,7658,7653,7657,785,294804,60123150.0,OI2309
2023-05-24 21:57:00,7658,7663,7657,7661,1050,294695,80419500.0,OI2309
2023-05-24 21:58:00,7661,7663,7658,7660,652,294673,49936680.0,OI2309
2023-05-24 21:59:00,7660,7666,7658,7658,1294,294911,99107460.0,OI2309
2023-05-24 22:00:00,7659,7667,7652,7664,2019,294910,154635210.0,OI2309
2023-05-24 22:01:00,7663,7666,7661,7666,708,295021,54225720.0,OI2309
2023-05-24 22:02:00,7666,7672,7666,7670,1821,294945,139470390.0,OI2309
2023-05-24 22:03:00,7670,7670,7663,7664,881,294963,67475790.0,OI2309
2023-05-24 22:04:00,7664,7664,7648,7651,2342,294956,179373780.0,OI2309
2023-05-24 22:05:00,7652,7655,7651,7653,1343,295030,102860370.0,OI2309
2023-05-24 22:06:00,7652,7653,7643,7647,3292,295254,252134280.0,OI2309
2023-05-24 22:07:00,7646,7656,7646,7653,1710,295205,130968900.0,OI2309
2023-05-24 22:08:00,7653,7660,7653,7658,1184,295204,90682560.0,OI2309
2023-05-24 22:09:00,7659,7667,7658,7665,2051,295261,157086090.0,OI2309
2023-05-24 22:10:00,7664,7666,7661,7663,1022,295207,78274980.0,OI2309
2023-05-24 22:11:00,7663,7665,7659,7663,1019,295195,78045210.0,OI2309
2023-05-24 22:12:00,7662,7664,7654,7657,1122,295209,85933980.0,OI2309
2023-05-24 22:13:00,7657,7658,7654,7655,463,295221,35461170.0,OI2309
2023-05-24 22:14:00,7654,7659,7653,7656,708,295150,54225720.0,OI2309
2023-05-24 22:15:00,7656,7658,7654,7655,501,295151,38371590.0,OI2309
2023-05-24 22:16:00,7655,7656,7651,7656,955,295239,73143450.0,OI2309
2023-05-24 22:17:00,7655,7663,7654,7654,1058,295072,81032220.0,OI2309
2023-05-24 22:18:00,7654,7655,7650,7651,1121,295150,85857390.0,OI2309
2023-05-24 22:19:00,7652,7652,7646,7647,1763,295027,135028170.0,OI2309
2023-05-24 22:20:00,7647,7649,7640,7641,2501,295091,190133600.0,OI2309
2023-05-24 22:21:00,7640,7640,7620,7625,6138,295403,468568670.0,OI2309
2023-05-24 22:22:00,7625,7634,7623,7629,2460,295699,188362200.0,OI2309
2023-05-24 22:23:00,7629,7633,7628,7630,1231,295992,94257670.0,OI2309
2023-05-24 22:24:00,7629,7634,7627,7631,1683,296329,127334200.0,OI2309
2023-05-24 22:25:00,7630,7635,7626,7628,1597,296638,122266320.0,OI2309
2023-05-24 22:26:00,7628,7635,7627,7634,994,296587,76100640.0,OI2309
2023-05-24 22:27:00,7633,7638,7631,7631,1344,296376,102896640.0,OI2309
2023-05-24 22:28:00,7632,7636,7631,7634,727,296355,55659120.0,OI2309
2023-05-24 22:29:00,7635,7639,7632,7632,1166,296270,89032000.0,OI2309
2023-05-24 22:30:00,7632,7644,7632,7643,2141,296190,163893550.0,OI2309
2023-05-24 22:31:00,7643,7647,7635,7636,2384,295936,182495200.0,OI2309
2023-05-24 22:32:00,7636,7643,7634,7642,1089,295918,83362950.0,OI2309
2023-05-24 22:33:00,7642,7644,7639,7640,886,295981,67823300.0,OI2309
2023-05-24 22:34:00,7639,7644,7638,7642,661,295956,50599550.0,OI2309
2023-05-24 22:35:00,7641,7648,7639,7640,1171,295852,89640050.0,OI2309
2023-05-24 22:36:00,7639,7641,7636,7640,978,295865,74865900.0,OI2309
2023-05-24 22:37:00,7640,7647,7640,7647,907,295707,69430850.0,OI2309
2023-05-24 22:38:00,7648,7651,7645,7646,1380,295312,104567010.0,OI2309
2023-05-24 22:39:00,7647,7649,7637,7638,1290,295145,98736600.0,OI2309
2023-05-24 22:40:00,7638,7642,7636,7638,1245,295004,95292300.0,OI2309
2023-05-24 22:41:00,7638,7641,7636,7638,452,294971,34596080.0,OI2309
2023-05-24 22:42:00,7637,7640,7636,7638,544,294881,41637760.0,OI2309
2023-05-24 22:43:00,7638,7640,7636,7639,542,294803,41484680.0,OI2309
2023-05-24 22:44:00,7638,7640,7636,7637,443,294742,33907220.0,OI2309
2023-05-24 22:45:00,7637,7638,7633,7635,1037,294591,79371980.0,OI2309
2023-05-24 22:46:00,7634,7635,7630,7633,1851,294393,141675540.0,OI2309
2023-05-24 22:47:00,7633,7637,7632,7635,677,294395,51817580.0,OI2309
2023-05-24 22:48:00,7635,7636,7632,7635,652,294336,49904080.0,OI2309
2023-05-24 22:49:00,7635,7641,7635,7637,902,294097,69039080.0,OI2309
2023-05-24 22:50:00,7637,7642,7637,7639,976,293931,72889570.0,OI2309
2023-05-24 22:51:00,7638,7642,7637,7638,495,293939,37882350.0,OI2309
2023-05-24 22:52:00,7638,7641,7637,7639,489,293840,37423170.0,OI2309
2023-05-24 22:53:00,7638,7641,7638,7641,271,293863,20739630.0,OI2309
2023-05-24 22:54:00,7641,7645,7640,7641,676,293686,51734280.0,OI2309
2023-05-24 22:55:00,7641,7645,7641,7642,651,293494,49821030.0,OI2309
2023-05-24 22:56:00,7642,7642,7637,7640,686,293350,52499580.0,OI2309
2023-05-24 22:57:00,7640,7644,7640,7644,611,293103,46759830.0,OI2309
2023-05-24 22:58:00,7644,7646,7641,7644,999,292711,76453470.0,OI2309
2023-05-24 22:59:00,7643,7650,7643,7645,2092,291683,160100760.0,OI2309
2023-05-25 09:00:00,7625,7638,7617,7618,7294,292716,556253710.0,OI2309
2023-05-25 09:01:00,7617,7637,7614,7630,3893,292865,297892360.0,OI2309
2023-05-25 09:02:00,7631,7636,7624,7629,2521,292990,190886670.0,OI2309
2023-05-25 09:03:00,7628,7630,7620,7626,1744,293076,133433440.0,OI2309
2023-05-25 09:04:00,7626,7632,7622,7627,1317,293020,100763670.0,OI2309
2023-05-25 09:05:00,7628,7632,7622,7626,1615,293071,123563650.0,OI2309
2023-05-25 09:06:00,7625,7626,7605,7613,4700,293668,357482990.0,OI2309
2023-05-25 09:07:00,7614,7619,7607,7617,2877,293679,217947720.0,OI2309
2023-05-25 09:08:00,7616,7616,7604,7609,2520,293745,192754800.0,OI2309
2023-05-25 09:09:00,7609,7618,7606,7613,1938,294034,148237620.0,OI2309
2023-05-25 09:10:00,7613,7622,7611,7611,2177,294241,165361310.0,OI2309
2023-05-25 09:11:00,7611,7620,7611,7619,1121,294368,85734080.0,OI2309
2023-05-25 09:12:00,7620,7621,7612,7612,1312,294440,100341760.0,OI2309
2023-05-25 09:13:00,7612,7618,7607,7611,2109,294827,161296320.0,OI2309
2023-05-25 09:14:00,7611,7616,7610,7616,1104,294817,84356530.0,OI2309
2023-05-25 09:15:00,7616,7617,7611,7612,1355,294840,103616850.0,OI2309
2023-05-25 09:16:00,7611,7615,7607,7615,2055,295132,157145850.0,OI2309
2023-05-25 09:17:00,7615,7615,7609,7612,1909,295407,145981230.0,OI2309
2023-05-25 09:18:00,7611,7611,7592,7602,5956,296387,453076980.0,OI2309
2023-05-25 09:19:00,7602,7616,7600,7615,3285,296582,248759910.0,OI2309
2023-05-25 09:20:00,7615,7623,7615,7618,3351,296212,256183950.0,OI2309
2023-05-25 09:21:00,7619,7620,7610,7612,1666,296216,127365700.0,OI2309
2023-05-25 09:22:00,7612,7616,7605,7605,1390,296362,103790240.0,OI2309
2023-05-25 09:23:00,7606,7608,7595,7606,3804,296883,290777760.0,OI2309
2023-05-25 09:24:00,7605,7607,7599,7605,1921,297239,146449820.0,OI2309
2023-05-25 09:25:00,7605,7608,7598,7602,1588,297402,121370840.0,OI2309
2023-05-25 09:26:00,7602,7606,7598,7606,1040,297602,79487200.0,OI2309
2023-05-25 09:27:00,7606,7608,7600,7600,1399,297577,106925570.0,OI2309
2023-05-25 09:28:00,7599,7602,7597,7602,1013,297723,77423590.0,OI2309
2023-05-25 09:29:00,7602,7609,7599,7608,1465,297494,110811830.0,OI2309
2023-05-25 09:30:00,7609,7614,7606,7612,1978,297371,151158760.0,OI2309
2023-05-25 09:31:00,7612,7617,7608,7610,1727,297211,131977340.0,OI2309
2023-05-25 09:32:00,7611,7623,7610,7621,2523,297158,192807660.0,OI2309
2023-05-25 09:33:00,7622,7637,7622,7628,4913,296310,372742490.0,OI2309
2023-05-25 09:34:00,7629,7630,7624,7627,1533,296180,117136530.0,OI2309
2023-05-25 09:35:00,7628,7629,7618,7620,1766,295988,134940060.0,OI2309
2023-05-25 09:36:00,7621,7621,7616,7618,1091,296012,83363310.0,OI2309
2023-05-25 09:37:00,7617,7618,7612,7614,919,295962,70220790.0,OI2309
2023-05-25 09:38:00,7615,7620,7614,7619,936,295933,71519760.0,OI2309
2023-05-25 09:39:00,7620,7624,7617,7618,1044,295829,79772040.0,OI2309
2023-05-25 09:40:00,7617,7623,7611,7622,1462,295951,111711420.0,OI2309
2023-05-25 09:41:00,7621,7621,7617,7618,481,295961,36753210.0,OI2309
2023-05-25 09:42:00,7616,7622,7616,7621,1231,295915,94060710.0,OI2309
2023-05-25 09:43:00,7620,7623,7614,7614,701,295852,53563410.0,OI2309
2023-05-25 09:44:00,7614,7618,7613,7615,505,295772,38587050.0,OI2309
2023-05-25 09:45:00,7617,7622,7615,7619,703,295649,53330260.0,OI2309
2023-05-25 09:46:00,7619,7631,7619,7624,2010,295682,153564000.0,OI2309
2023-05-25 09:47:00,7624,7629,7622,7628,981,295749,74948400.0,OI2309
2023-05-25 09:48:00,7629,7631,7622,7623,1035,295787,79074000.0,OI2309
2023-05-25 09:49:00,7624,7625,7619,7625,696,295788,53174400.0,OI2309
2023-05-25 09:50:00,7625,7625,7619,7619,937,295752,71586800.0,OI2309
2023-05-25 09:51:00,7620,7627,7619,7626,711,295621,54320400.0,OI2309
2023-05-25 09:52:00,7626,7627,7622,7623,589,295600,44999600.0,OI2309
2023-05-25 09:53:00,7623,7624,7621,7624,338,295570,25823200.0,OI2309
2023-05-25 09:54:00,7624,7624,7618,7620,679,295512,51875600.0,OI2309
2023-05-25 09:55:00,7621,7624,7619,7623,459,295466,35067600.0,OI2309
2023-05-25 09:56:00,7624,7624,7614,7619,1759,295295,134387600.0,OI2309
2023-05-25 09:57:00,7618,7622,7615,7615,890,295257,67996000.0,OI2309
2023-05-25 09:58:00,7616,7628,7613,7628,1986,295060,151730400.0,OI2309
2023-05-25 09:59:00,7629,7629,7624,7627,1538,295214,117503200.0,OI2309
2023-05-25 10:00:00,7628,7632,7627,7630,1528,295235,116739200.0,OI2309
2023-05-25 10:01:00,7630,7639,7623,7639,2421,294926,181946140.0,OI2309
2023-05-25 10:02:00,7640,7651,7640,7644,4587,294134,353465060.0,OI2309
2023-05-25 10:03:00,7644,7646,7639,7641,1961,294083,149820400.0,OI2309
2023-05-25 10:04:00,7641,7642,7638,7639,729,294065,55695600.0,OI2309
2023-05-25 10:05:00,7640,7643,7635,7641,1035,294057,79074000.0,OI2309
2023-05-25 10:06:00,7641,7642,7633,7634,1058,294063,80831200.0,OI2309
2023-05-25 10:07:00,7634,7635,7630,7633,1108,294053,84651200.0,OI2309
2023-05-25 10:08:00,7634,7643,7634,7641,1550,294044,118420000.0,OI2309
2023-05-25 10:09:00,7641,7641,7635,7638,462,294047,35296800.0,OI2309
2023-05-25 10:10:00,7638,7641,7636,7640,544,294066,41561600.0,OI2309
2023-05-25 10:11:00,7640,7645,7637,7645,1055,294364,80602000.0,OI2309
2023-05-25 10:12:00,7644,7654,7644,7649,2672,294372,204140800.0,OI2309
2023-05-25 10:13:00,7649,7652,7646,7648,1047,294348,79990800.0,OI2309
2023-05-25 10:14:00,7647,7652,7646,7650,884,294354,67537600.0,OI2309
2023-05-25 10:30:00,7650,7654,7646,7649,1720,294280,131408000.0,OI2309
2023-05-25 10:31:00,7648,7667,7648,7664,3573,293865,272977200.0,OI2309
2023-05-25 10:32:00,7663,7665,7658,7662,2189,293507,167239600.0,OI2309
2023-05-25 10:33:00,7663,7683,7663,7680,3933,293113,303800530.0,OI2309
2023-05-25 10:34:00,7681,7689,7680,7683,3831,292749,292726710.0,OI2309
2023-05-25 10:35:00,7683,7683,7673,7677,2534,292661,193622940.0,OI2309
2023-05-25 10:36:00,7677,7696,7672,7695,3876,292701,299586900.0,OI2309
2023-05-25 10:37:00,7695,7707,7685,7704,7423,291586,570761630.0,OI2309
2023-05-25 10:38:00,7705,7719,7703,7717,6099,291067,469703530.0,OI2309
2023-05-25 10:39:00,7716,7717,7705,7707,4130,290604,319295460.0,OI2309
2023-05-25 10:40:00,7706,7708,7697,7698,3482,290078,266198900.0,OI2309
2023-05-25 10:41:00,7699,7702,7694,7700,2782,290005,216344800.0,OI2309
2023-05-25 10:42:00,7700,7700,7689,7689,2497,290388,190920620.0,OI2309
2023-05-25 10:43:00,7689,7695,7686,7689,2351,290334,179757460.0,OI2309
2023-05-25 10:44:00,7689,7695,7686,7694,1957,290006,153361170.0,OI2309
2023-05-25 10:45:00,7692,7695,7686,7690,2144,289759,163951680.0,OI2309
2023-05-25 10:46:00,7690,7696,7685,7690,1786,289757,136575420.0,OI2309
2023-05-25 10:47:00,7689,7689,7681,7683,1758,289606,134434260.0,OI2309
2023-05-25 10:48:00,7684,7685,7675,7677,2598,289788,198669060.0,OI2309
2023-05-25 10:49:00,7677,7682,7675,7679,1783,289685,140175650.0,OI2309
2023-05-25 10:50:00,7680,7680,7672,7674,2522,289781,192882560.0,OI2309
2023-05-25 10:51:00,7674,7677,7665,7668,2557,290107,195559360.0,OI2309
2023-05-25 10:52:00,7666,7672,7662,7667,2141,290266,163743680.0,OI2309
2023-05-25 10:53:00,7667,7667,7658,7658,1903,290518,145541440.0,OI2309
2023-05-25 10:54:00,7658,7662,7655,7657,2288,290735,174986240.0,OI2309
2023-05-25 10:55:00,7656,7663,7656,7661,1700,290889,130016000.0,OI2309
2023-05-25 10:56:00,7660,7661,7655,7655,1822,291161,139346560.0,OI2309
2023-05-25 10:57:00,7655,7657,7650,7652,2159,290827,165120320.0,OI2309
2023-05-25 10:58:00,7651,7656,7649,7654,1505,291011,115102400.0,OI2309
2023-05-25 10:59:00,7655,7657,7652,7653,1203,291168,92005440.0,OI2309
2023-05-25 11:00:00,7654,7659,7650,7651,1468,291337,112272640.0,OI2309
2023-05-25 11:01:00,7652,7656,7649,7650,1464,291834,111966720.0,OI2309
2023-05-25 11:02:00,7651,7653,7649,7652,795,291933,60801600.0,OI2309
2023-05-25 11:03:00,7652,7659,7652,7657,1427,291782,109136960.0,OI2309
2023-05-25 11:04:00,7658,7658,7652,7655,804,291924,61489920.0,OI2309
2023-05-25 11:05:00,7655,7662,7651,7660,1843,291903,140952640.0,OI2309
2023-05-25 11:06:00,7659,7663,7657,7657,1341,291823,102559680.0,OI2309
2023-05-25 11:07:00,7657,7660,7655,7659,577,291707,48253790.0,OI2309
2023-05-25 11:08:00,7659,7660,7656,7658,491,291657,37556590.0,OI2309
2023-05-25 11:09:00,7659,7659,7653,7654,662,291761,50636380.0,OI2309
2023-05-25 11:10:00,7654,7656,7652,7654,1149,292088,87887010.0,OI2309
2023-05-25 11:11:00,7654,7661,7654,7661,842,292026,64404580.0,OI2309
2023-05-25 11:12:00,7661,7664,7658,7664,925,291816,70753250.0,OI2309
2023-05-25 11:13:00,7664,7678,7663,7677,3414,291515,261136860.0,OI2309
2023-05-25 11:14:00,7677,7684,7677,7679,2788,291691,213254120.0,OI2309
2023-05-25 11:15:00,7677,7681,7675,7680,1808,291933,138293920.0,OI2309
2023-05-25 11:16:00,7680,7690,7679,7684,4513,292112,349490120.0,OI2309
2023-05-25 11:17:00,7684,7687,7683,7685,1061,292111,81166500.0,OI2309
2023-05-25 11:18:00,7685,7690,7684,7686,1404,291953,107406000.0,OI2309
2023-05-25 11:19:00,7685,7687,7679,7684,1902,291740,145503000.0,OI2309
2023-05-25 11:20:00,7684,7686,7680,7684,1621,291567,124006500.0,OI2309
2023-05-25 11:21:00,7684,7687,7679,7680,1259,291463,96313500.0,OI2309
2023-05-25 11:22:00,7680,7684,7679,7683,1106,291335,84609000.0,OI2309
2023-05-25 11:23:00,7683,7690,7683,7690,1513,291477,115744500.0,OI2309
2023-05-25 11:24:00,7689,7695,7688,7695,1923,291433,147109500.0,OI2309
2023-05-25 11:25:00,7694,7696,7690,7694,1590,291402,126059540.0,OI2309
2023-05-25 11:26:00,7694,7699,7694,7696,2092,291273,160058920.0,OI2309
2023-05-25 11:27:00,7697,7701,7696,7700,2022,291382,154703220.0,OI2309
2023-05-25 11:28:00,7701,7703,7699,7702,1794,291553,137258940.0,OI2309
2023-05-25 11:29:00,7701,7705,7699,7705,2013,291382,154014630.0,OI2309
2023-05-25 13:30:00,7705,7708,7695,7701,4024,291797,312420230.0,OI2309
2023-05-25 13:31:00,7701,7702,7693,7698,3055,291831,233768600.0,OI2309
2023-05-25 13:32:00,7698,7708,7697,7701,2764,292173,216103460.0,OI2309
2023-05-25 13:33:00,7702,7702,7685,7688,4018,291930,307497540.0,OI2309
2023-05-25 13:34:00,7688,7695,7688,7693,1705,291993,130483650.0,OI2309
2023-05-25 13:35:00,7693,7696,7689,7691,1692,292212,129488760.0,OI2309
2023-05-25 13:36:00,7692,7696,7691,7691,1307,292146,100024710.0,OI2309
2023-05-25 13:37:00,7691,7695,7686,7689,1506,292077,115254180.0,OI2309
2023-05-25 13:38:00,7689,7689,7684,7685,1727,291910,132167310.0,OI2309
2023-05-25 13:39:00,7685,7691,7684,7686,1379,291994,110270390.0,OI2309
2023-05-25 13:40:00,7685,7688,7683,7687,1100,291925,84194000.0,OI2309
2023-05-25 13:41:00,7687,7689,7681,7686,1535,291723,117488900.0,OI2309
2023-05-25 13:42:00,7686,7696,7685,7694,2099,291784,160657460.0,OI2309
2023-05-25 13:43:00,7695,7700,7693,7696,1690,292051,129352600.0,OI2309
2023-05-25 13:44:00,7697,7703,7696,7702,1883,292436,144124820.0,OI2309
2023-05-25 13:45:00,7702,7703,7695,7696,1588,292725,121545520.0,OI2309
2023-05-25 13:46:00,7696,7700,7693,7693,779,292717,59624660.0,OI2309
2023-05-25 13:47:00,7694,7696,7687,7691,1526,292526,121657560.0,OI2309
2023-05-25 13:48:00,7692,7693,7689,7691,624,292546,47767200.0,OI2309
2023-05-25 13:49:00,7690,7694,7685,7688,1183,292311,90558650.0,OI2309
2023-05-25 13:50:00,7689,7693,7686,7691,1154,292197,88338700.0,OI2309
2023-05-25 13:51:00,7692,7692,7688,7688,640,292153,48992000.0,OI2309
2023-05-25 13:52:00,7688,7690,7685,7686,995,291974,76167250.0,OI2309
2023-05-25 13:53:00,7687,7688,7678,7678,2192,291627,167797600.0,OI2309
2023-05-25 13:54:00,7678,7682,7677,7682,1852,291641,141770600.0,OI2309
2023-05-25 13:55:00,7682,7683,7677,7678,1175,291496,89946250.0,OI2309
2023-05-25 13:56:00,7678,7680,7672,7674,1816,291472,139014800.0,OI2309
2023-05-25 13:57:00,7674,7679,7672,7674,1026,291477,78540300.0,OI2309
2023-05-25 13:58:00,7673,7675,7671,7674,964,291440,73794200.0,OI2309
2023-05-25 13:59:00,7674,7677,7670,7673,976,291280,74712800.0,OI2309
2023-05-25 14:00:00,7673,7673,7667,7669,2277,291493,174304350.0,OI2309
2023-05-25 14:01:00,7669,7678,7669,7674,1888,291497,144526400.0,OI2309
2023-05-25 14:02:00,7675,7678,7671,7675,1152,291591,93242260.0,OI2309
2023-05-25 14:03:00,7675,7681,7674,7677,1532,291670,117289920.0,OI2309
2023-05-25 14:04:00,7677,7684,7677,7680,1121,291470,85823760.0,OI2309
2023-05-25 14:05:00,7678,7683,7678,7680,880,291293,67372800.0,OI2309
2023-05-25 14:06:00,7679,7687,7679,7685,1087,291288,83220720.0,OI2309
2023-05-25 14:07:00,7686,7696,7686,7692,2175,291457,166518000.0,OI2309
2023-05-25 14:08:00,7692,7692,7685,7686,1075,291532,82302000.0,OI2309
2023-05-25 14:09:00,7686,7687,7682,7683,694,291445,53132640.0,OI2309
2023-05-25 14:10:00,7684,7687,7682,7686,583,291422,44634480.0,OI2309
2023-05-25 14:11:00,7686,7692,7686,7691,1025,291421,78474000.0,OI2309
2023-05-25 14:12:00,7691,7694,7688,7693,867,291699,66377520.0,OI2309
2023-05-25 14:13:00,7693,7693,7689,7690,621,291756,47543760.0,OI2309
2023-05-25 14:14:00,7689,7691,7687,7690,645,291849,49381200.0,OI2309
2023-05-25 14:15:00,7690,7697,7689,7696,1654,292002,126630240.0,OI2309
2023-05-25 14:16:00,7695,7698,7693,7697,1267,292138,97001520.0,OI2309
2023-05-25 14:17:00,7698,7700,7694,7694,1769,292385,140661250.0,OI2309
2023-05-25 14:18:00,7695,7695,7691,7692,721,292371,55206970.0,OI2309
2023-05-25 14:19:00,7692,7698,7691,7696,897,292578,68683290.0,OI2309
2023-05-25 14:20:00,7696,7700,7694,7700,1280,292844,98009600.0,OI2309
2023-05-25 14:21:00,7700,7703,7694,7702,1877,293374,143721890.0,OI2309
2023-05-25 14:22:00,7702,7703,7697,7700,1522,293571,116539540.0,OI2309
2023-05-25 14:23:00,7700,7705,7700,7704,1841,293648,140965370.0,OI2309
2023-05-25 14:24:00,7705,7713,7701,7712,3662,294503,285743950.0,OI2309
2023-05-25 14:25:00,7712,7728,7711,7726,4855,294654,371795900.0,OI2309
2023-05-25 14:26:00,7726,7752,7725,7749,10537,294400,817920520.0,OI2309
2023-05-25 14:27:00,7749,7777,7749,7764,9233,293090,718429520.0,OI2309
2023-05-25 14:28:00,7764,7766,7742,7751,6584,292833,510122780.0,OI2309
2023-05-25 14:29:00,7751,7758,7743,7752,3835,292952,293876050.0,OI2309
2023-05-25 14:30:00,7753,7756,7744,7744,3475,292861,272019050.0,OI2309
2023-05-25 14:31:00,7744,7757,7738,7757,4972,293298,381054080.0,OI2309
2023-05-25 14:32:00,7758,7758,7747,7753,2664,293420,209975120.0,OI2309
2023-05-25 14:33:00,7754,7760,7747,7754,2930,293472,224584500.0,OI2309
2023-05-25 14:34:00,7753,7762,7752,7758,2529,293418,199708600.0,OI2309
2023-05-25 14:35:00,7758,7764,7753,7758,2383,293285,182680780.0,OI2309
2023-05-25 14:36:00,7758,7759,7749,7752,2223,292908,170415180.0,OI2309
2023-05-25 14:37:00,7751,7752,7747,7747,1713,292867,137242520.0,OI2309
2023-05-25 14:38:00,7747,7748,7738,7740,2582,292541,197961940.0,OI2309
2023-05-25 14:39:00,7740,7742,7735,7735,2890,292376,221576300.0,OI2309
2023-05-25 14:40:00,7736,7736,7723,7724,3997,291832,312468620.0,OI2309
2023-05-25 14:41:00,7723,7729,7722,7725,2880,291817,220838400.0,OI2309
2023-05-25 14:42:00,7725,7725,7718,7721,2304,291747,176670720.0,OI2309
2023-05-25 14:43:00,7720,7722,7716,7719,2043,291630,156657240.0,OI2309
2023-05-25 14:44:00,7719,7728,7714,7726,3270,290949,256867200.0,OI2309
2023-05-25 14:45:00,7725,7733,7723,7728,2937,290643,225238530.0,OI2309
2023-05-25 14:46:00,7729,7740,7729,7737,2200,290420,168718000.0,OI2309
2023-05-25 14:47:00,7739,7750,7739,7746,2967,290339,227539230.0,OI2309
2023-05-25 14:48:00,7747,7750,7744,7747,2112,290060,168195040.0,OI2309
2023-05-25 14:49:00,7747,7749,7744,7745,1130,290013,86671000.0,OI2309
2023-05-25 14:50:00,7745,7753,7741,7749,2141,290003,164214700.0,OI2309
2023-05-25 14:51:00,7749,7757,7747,7748,2026,289922,155394200.0,OI2309
2023-05-25 14:52:00,7747,7749,7743,7745,1202,289683,98484150.0,OI2309
2023-05-25 14:53:00,7746,7747,7744,7745,860,289550,65970600.0,OI2309
2023-05-25 14:54:00,7745,7748,7743,7744,831,289294,63746010.0,OI2309
2023-05-25 14:55:00,7744,7745,7737,7740,2002,288782,153573420.0,OI2309
2023-05-25 14:56:00,7740,7745,7739,7745,827,288608,63439170.0,OI2309
2023-05-25 14:57:00,7745,7754,7743,7750,1697,288308,130176870.0,OI2309
2023-05-25 14:58:00,7750,7755,7749,7753,1620,287929,124270200.0,OI2309
2023-05-25 14:59:00,7753,7762,7752,7758,3446,286850,270746240.0,OI2309
2023-05-25 21:00:00,7770,7786,7751,7758,11630,286356,903418400.0,OI2309
2023-05-25 21:01:00,7757,7768,7752,7761,4542,286347,352337400.0,OI2309
2023-05-25 21:02:00,7761,7764,7754,7756,3095,286554,240134080.0,OI2309
2023-05-25 21:03:00,7756,7766,7754,7761,2877,286991,223370280.0,OI2309
2023-05-25 21:04:00,7761,7767,7760,7765,1930,287041,149845200.0,OI2309
2023-05-25 21:05:00,7765,7772,7754,7754,3926,287498,304814640.0,OI2309
2023-05-25 21:06:00,7753,7756,7747,7756,3268,287471,253414840.0,OI2309
2023-05-25 21:07:00,7757,7760,7752,7755,1673,287472,129545580.0,OI2309
2023-05-25 21:08:00,7756,7756,7747,7752,2028,287582,157413360.0,OI2309
2023-05-25 21:09:00,7752,7754,7744,7746,1615,287603,124990460.0,OI2309
2023-05-25 21:10:00,7746,7747,7741,7745,2448,287754,189598960.0,OI2309
2023-05-25 21:11:00,7745,7752,7743,7747,1783,287851,138046970.0,OI2309
2023-05-25 21:12:00,7748,7759,7747,7757,1793,288042,139118870.0,OI2309
2023-05-25 21:13:00,7757,7763,7753,7756,1804,288004,139972360.0,OI2309
2023-05-25 21:14:00,7756,7762,7753,7753,1137,288211,88219830.0,OI2309
2023-05-25 21:15:00,7754,7757,7752,7753,1035,288277,80305650.0,OI2309
2023-05-25 21:16:00,7753,7753,7733,7736,4084,288340,315864200.0,OI2309
2023-05-25 21:17:00,7735,7735,7721,7728,4673,288640,361377790.0,OI2309
2023-05-25 21:18:00,7728,7735,7724,7725,3224,288864,248892040.0,OI2309
2023-05-25 21:19:00,7725,7732,7725,7731,1420,288905,110092600.0,OI2309
2023-05-25 21:20:00,7732,7736,7727,7729,1468,288814,113199510.0,OI2309
2023-05-25 21:21:00,7730,7731,7717,7717,2430,288726,187734770.0,OI2309
2023-05-25 21:22:00,7718,7722,7710,7712,4454,288550,343862800.0,OI2309
2023-05-25 21:23:00,7711,7715,7706,7710,3803,288697,293251670.0,OI2309
2023-05-25 21:24:00,7708,7714,7708,7711,2223,288686,171472180.0,OI2309
2023-05-25 21:25:00,7711,7717,7710,7716,1892,288458,145791770.0,OI2309
2023-05-25 21:26:00,7715,7722,7714,7722,2102,288130,162097070.0,OI2309
2023-05-25 21:27:00,7722,7722,7715,7718,1109,288274,85880960.0,OI2309
2023-05-25 21:28:00,7719,7722,7718,7718,869,288341,67295360.0,OI2309
2023-05-25 21:29:00,7719,7727,7718,7722,1985,288507,152895200.0,OI2309
2023-05-25 21:30:00,7721,7721,7710,7714,3919,288358,302585780.0,OI2309
2023-05-25 21:31:00,7713,7720,7708,7713,3130,288515,241430910.0,OI2309
2023-05-25 21:32:00,7714,7722,7712,7712,2161,288653,166367710.0,OI2309
2023-05-25 21:33:00,7712,7715,7707,7715,2081,288649,161069400.0,OI2309
2023-05-25 21:34:00,7714,7720,7713,7720,1640,288633,125983490.0,OI2309
2023-05-25 21:35:00,7720,7731,7718,7729,3153,288511,244010670.0,OI2309
2023-05-25 21:36:00,7729,7746,7728,7744,4259,288033,329604010.0,OI2309
2023-05-25 21:37:00,7744,7748,7736,7740,3408,287804,263745120.0,OI2309
2023-05-25 21:38:00,7739,7740,7727,7731,2608,287735,201833120.0,OI2309
2023-05-25 21:39:00,7731,7731,7727,7729,1437,287608,111209430.0,OI2309
2023-05-25 21:40:00,7729,7741,7727,7739,1954,287454,151220060.0,OI2309
2023-05-25 21:41:00,7738,7743,7736,7736,1686,287575,130479540.0,OI2309
2023-05-25 21:42:00,7736,7741,7733,7736,874,287523,67638860.0,OI2309
2023-05-25 21:43:00,7736,7737,7728,7735,989,287425,76538710.0,OI2309
2023-05-25 21:44:00,7734,7740,7733,7738,916,287402,70889240.0,OI2309
2023-05-25 21:45:00,7737,7746,7737,7745,1652,287596,127848280.0,OI2309
2023-05-25 21:46:00,7745,7753,7739,7742,2756,287512,213286840.0,OI2309
2023-05-25 21:47:00,7742,7746,7738,7745,1186,287720,91784540.0,OI2309
2023-05-25 21:48:00,7745,7745,7732,7732,1275,287688,98672250.0,OI2309
2023-05-25 21:49:00,7733,7733,7725,7725,2413,287508,186742070.0,OI2309
2023-05-25 21:50:00,7726,7733,7722,7731,2244,287254,172382550.0,OI2309
2023-05-25 21:51:00,7730,7733,7725,7727,1067,287281,82564460.0,OI2309
2023-05-25 21:52:00,7728,7730,7724,7724,1616,287375,125046080.0,OI2309
2023-05-25 21:53:00,7724,7726,7721,7723,1054,287357,81558520.0,OI2309
2023-05-25 21:54:00,7722,7730,7722,7728,1195,287557,92469100.0,OI2309
2023-05-25 21:55:00,7727,7735,7727,7734,1463,287933,113206940.0,OI2309
2023-05-25 21:56:00,7734,7744,7734,7741,1589,287949,122956820.0,OI2309
2023-05-25 21:57:00,7741,7744,7738,7738,854,287971,66082520.0,OI2309
2023-05-25 21:58:00,7739,7740,7736,7736,1253,287629,96957140.0,OI2309
2023-05-25 21:59:00,7736,7740,7736,7739,669,287633,51767220.0,OI2309
2023-05-25 22:00:00,7738,7743,7736,7743,1655,287912,128063900.0,OI2309
2023-05-25 22:01:00,7743,7745,7730,7730,1841,287786,142456580.0,OI2309
2023-05-25 22:02:00,7729,7735,7729,7734,978,287825,75677640.0,OI2309
2023-05-25 22:03:00,7734,7735,7730,7733,597,287941,46195860.0,OI2309
2023-05-25 22:04:00,7733,7740,7733,7736,878,287980,67939640.0,OI2309
2023-05-25 22:05:00,7735,7742,7735,7741,754,288088,58344520.0,OI2309
2023-05-25 22:06:00,7741,7743,7738,7738,681,288127,52695780.0,OI2309
2023-05-25 22:07:00,7738,7742,7736,7738,545,288157,42172100.0,OI2309
2023-05-25 22:08:00,7738,7740,7728,7732,1701,288021,131623380.0,OI2309
2023-05-25 22:09:00,7731,7736,7730,7731,786,287965,60820680.0,OI2309
2023-05-25 22:10:00,7731,7732,7725,7729,1360,287997,105236800.0,OI2309
2023-05-25 22:11:00,7729,7730,7723,7723,1418,287773,109724840.0,OI2309
2023-05-25 22:12:00,7723,7726,7713,7722,3162,287815,243123790.0,OI2309
2023-05-25 22:13:00,7722,7730,7722,7729,1069,287834,82708530.0,OI2309
2023-05-25 22:14:00,7730,7734,7725,7727,1443,287781,111644910.0,OI2309
2023-05-25 22:15:00,7727,7732,7723,7731,966,287756,74739420.0,OI2309
2023-05-25 22:16:00,7730,7738,7729,7730,1885,287561,145842450.0,OI2309
2023-05-25 22:17:00,7730,7735,7728,7732,806,287672,62360220.0,OI2309
2023-05-25 22:18:00,7732,7733,7730,7730,715,287632,55319550.0,OI2309
2023-05-25 22:19:00,7730,7733,7725,7725,814,287537,62979180.0,OI2309
2023-05-25 22:20:00,7726,7733,7725,7732,795,287555,61509150.0,OI2309
2023-05-25 22:21:00,7732,7734,7726,7729,711,287513,55010070.0,OI2309
2023-05-25 22:22:00,7729,7730,7726,7727,339,287530,26228430.0,OI2309
2023-05-25 22:23:00,7728,7732,7727,7731,583,287532,45106710.0,OI2309
2023-05-25 22:24:00,7732,7745,7732,7740,2290,287602,177177300.0,OI2309
2023-05-25 22:25:00,7742,7746,7740,7746,1455,287595,112573350.0,OI2309
2023-05-25 22:26:00,7745,7748,7738,7743,1639,287596,126809430.0,OI2309
2023-05-25 22:27:00,7744,7756,7744,7754,2559,288101,197989830.0,OI2309
2023-05-25 22:28:00,7753,7756,7748,7753,1712,288267,132457440.0,OI2309
2023-05-25 22:29:00,7752,7756,7751,7754,1255,288283,97099350.0,OI2309
2023-05-25 22:30:00,7754,7755,7749,7750,1213,288272,95624070.0,OI2309
2023-05-25 22:31:00,7750,7773,7745,7772,4134,288205,319888920.0,OI2309
2023-05-25 22:32:00,7773,7803,7771,7798,11312,285758,881108720.0,OI2309
2023-05-25 22:33:00,7798,7804,7785,7801,5721,285357,446834470.0,OI2309
2023-05-25 22:34:00,7802,7811,7800,7807,5228,284937,406842250.0,OI2309
2023-05-25 22:35:00,7808,7808,7797,7802,4953,284817,387735800.0,OI2309
2023-05-25 22:36:00,7806,7814,7803,7812,5195,284489,404544390.0,OI2309
2023-05-25 22:37:00,7812,7825,7810,7819,5917,283832,462787710.0,OI2309
2023-05-25 22:38:00,7820,7829,7815,7826,4682,283718,367299540.0,OI2309
2023-05-25 22:39:00,7825,7828,7819,7825,3860,283674,301472880.0,OI2309
2023-05-25 22:40:00,7827,7827,7821,7825,3101,283766,242704810.0,OI2309
2023-05-25 22:41:00,7824,7825,7815,7822,3099,284051,242611750.0,OI2309
2023-05-25 22:42:00,7822,7844,7821,7836,6594,282471,516123200.0,OI2309
2023-05-25 22:43:00,7837,7842,7835,7839,2926,282473,229382040.0,OI2309
2023-05-25 22:44:00,7840,7843,7835,7840,3189,282436,249844100.0,OI2309
2023-05-25 22:45:00,7840,7843,7822,7828,4520,282047,353180170.0,OI2309
2023-05-25 22:46:00,7827,7827,7810,7810,3885,281580,303994570.0,OI2309
2023-05-25 22:47:00,7810,7819,7806,7819,3106,281285,243614080.0,OI2309
2023-05-25 22:48:00,7819,7819,7810,7815,1703,281448,132169830.0,OI2309
2023-05-25 22:49:00,7815,7815,7807,7810,1646,281390,130368030.0,OI2309
2023-05-25 22:50:00,7809,7816,7806,7816,1580,281431,122639600.0,OI2309
2023-05-25 22:51:00,7816,7816,7806,7810,1439,281355,111695180.0,OI2309
2023-05-25 22:52:00,7811,7820,7807,7819,1768,281243,137232160.0,OI2309
2023-05-25 22:53:00,7819,7832,7817,7825,2860,281371,224691640.0,OI2309
2023-05-25 22:54:00,7825,7827,7821,7823,1006,281281,78095780.0,OI2309
2023-05-25 22:55:00,7824,7824,7814,7815,1459,280889,115985260.0,OI2309
2023-05-25 22:56:00,7816,7821,7816,7818,812,280922,63043680.0,OI2309
2023-05-25 22:57:00,7818,7832,7815,7832,2640,280449,204969600.0,OI2309
2023-05-25 22:58:00,7831,7832,7825,7830,1274,280309,101683710.0,OI2309
2023-05-25 22:59:00,7830,7841,7829,7841,2887,279736,224175550.0,OI2309
2023-05-26 09:00:00,7841,7841,7812,7817,6596,280403,517909760.0,OI2309
2023-05-26 09:01:00,7817,7829,7811,7826,4977,280304,389478540.0,OI2309
2023-05-26 09:02:00,7825,7828,7822,7822,2579,280252,200336720.0,OI2309
2023-05-26 09:03:00,7823,7823,7809,7815,2524,280156,199030300.0,OI2309
2023-05-26 09:04:00,7814,7816,7809,7815,2026,280061,157399940.0,OI2309
2023-05-26 09:05:00,7815,7817,7806,7807,2434,280055,189097460.0,OI2309
2023-05-26 09:06:00,7807,7819,7807,7818,1971,280185,153126990.0,OI2309
2023-05-26 09:07:00,7819,7831,7819,7823,2552,280226,201320690.0,OI2309
2023-05-26 09:08:00,7823,7833,7819,7832,2735,280593,212509500.0,OI2309
2023-05-26 09:09:00,7833,7833,7814,7816,2218,280368,175443940.0,OI2309
2023-05-26 09:10:00,7817,7822,7812,7816,1652,280331,128376920.0,OI2309
2023-05-26 09:11:00,7817,7828,7815,7820,1729,280268,134360590.0,OI2309
2023-05-26 09:12:00,7819,7821,7815,7818,829,280123,64421590.0,OI2309
2023-05-26 09:13:00,7818,7826,7818,7821,1450,280258,115841440.0,OI2309
2023-05-26 09:14:00,7821,7824,7817,7817,1005,280264,78108600.0,OI2309
2023-05-26 09:15:00,7817,7824,7816,7819,1480,280161,115025600.0,OI2309
2023-05-26 09:16:00,7819,7827,7819,7827,1292,280022,100414240.0,OI2309
2023-05-26 09:17:00,7827,7837,7824,7825,2319,280080,183455580.0,OI2309
2023-05-26 09:18:00,7826,7830,7824,7827,742,279966,57675660.0,OI2309
2023-05-26 09:19:00,7827,7830,7825,7828,701,279917,54488730.0,OI2309
2023-05-26 09:20:00,7828,7830,7824,7824,1007,279855,78274110.0,OI2309
2023-05-26 09:21:00,7826,7826,7812,7813,2070,279958,160901100.0,OI2309
2023-05-26 09:22:00,7813,7819,7811,7814,1375,279798,110160600.0,OI2309
2023-05-26 09:23:00,7814,7815,7804,7809,2912,279796,226378880.0,OI2309
2023-05-26 09:24:00,7808,7811,7806,7811,1270,279733,98729800.0,OI2309
2023-05-26 09:25:00,7810,7816,7810,7815,1094,279577,85047560.0,OI2309
2023-05-26 09:26:00,7814,7819,7814,7817,970,279435,75407800.0,OI2309
2023-05-26 09:27:00,7817,7820,7817,7818,758,279312,58926920.0,OI2309
2023-05-26 09:28:00,7819,7822,7813,7814,1017,279271,79061580.0,OI2309
2023-05-26 09:29:00,7814,7822,7813,7816,1692,279316,134915060.0,OI2309
2023-05-26 09:30:00,7816,7825,7816,7819,1471,279064,114370250.0,OI2309
2023-05-26 09:31:00,7819,7820,7809,7819,1976,279208,153634000.0,OI2309
2023-05-26 09:32:00,7817,7826,7816,7825,1433,279089,111415750.0,OI2309
2023-05-26 09:33:00,7825,7828,7818,7826,1375,278803,110347780.0,OI2309
2023-05-26 09:34:00,7827,7827,7820,7824,829,278831,64463040.0,OI2309
2023-05-26 09:35:00,7823,7828,7823,7826,1208,279034,93934080.0,OI2309
2023-05-26 09:36:00,7826,7826,7817,7821,1193,279101,92767680.0,OI2309
2023-05-26 09:37:00,7820,7823,7814,7815,851,279047,66173760.0,OI2309
2023-05-26 09:38:00,7815,7818,7813,7814,1103,279140,85769280.0,OI2309
2023-05-26 09:39:00,7814,7818,7805,7808,2778,278790,216017280.0,OI2309
2023-05-26 09:40:00,7808,7812,7803,7804,2131,279045,169249020.0,OI2309
2023-05-26 09:41:00,7804,7804,7794,7794,3459,278898,269006430.0,OI2309
2023-05-26 09:42:00,7793,7804,7792,7797,2489,278765,193569530.0,OI2309
2023-05-26 09:43:00,7796,7801,7794,7798,1137,278819,88424490.0,OI2309
2023-05-26 09:44:00,7797,7799,7794,7797,1133,278857,88113410.0,OI2309
2023-05-26 09:45:00,7797,7803,7789,7794,2115,278719,164483550.0,OI2309
2023-05-26 09:46:00,7793,7801,7793,7796,978,278755,76059060.0,OI2309
2023-05-26 09:47:00,7796,7798,7793,7797,887,278806,68981990.0,OI2309
2023-05-26 09:48:00,7797,7801,7795,7797,889,278820,69137530.0,OI2309
2023-05-26 09:49:00,7797,7804,7797,7804,909,278849,70692930.0,OI2309
2023-05-26 09:50:00,7804,7812,7800,7808,2236,278631,177598500.0,OI2309
2023-05-26 09:51:00,7808,7812,7804,7805,900,278638,70002000.0,OI2309
2023-05-26 09:52:00,7804,7805,7801,7803,729,278508,56701620.0,OI2309
2023-05-26 09:53:00,7803,7810,7803,7806,650,278501,50557000.0,OI2309
2023-05-26 09:54:00,7807,7811,7804,7807,664,278536,51645920.0,OI2309
2023-05-26 09:55:00,7809,7812,7807,7810,719,278467,55923820.0,OI2309
2023-05-26 09:56:00,7810,7814,7809,7809,725,278480,56390500.0,OI2309
2023-05-26 09:57:00,7809,7817,7809,7813,793,278392,61679540.0,OI2309
2023-05-26 09:58:00,7813,7820,7813,7815,1107,278368,86102460.0,OI2309
2023-05-26 09:59:00,7815,7818,7811,7817,754,278326,58646120.0,OI2309
2023-05-26 10:00:00,7817,7820,7812,7815,1099,278232,85480220.0,OI2309
2023-05-26 10:01:00,7816,7818,7809,7810,767,278238,59657260.0,OI2309
2023-05-26 10:02:00,7812,7812,7805,7807,1285,278163,99947300.0,OI2309
2023-05-26 10:03:00,7808,7810,7807,7808,352,278160,31188780.0,OI2309
2023-05-26 10:04:00,7808,7808,7799,7802,1829,278125,142277910.0,OI2309
2023-05-26 10:05:00,7803,7803,7797,7800,1331,278179,103538490.0,OI2309
2023-05-26 10:06:00,7801,7801,7794,7798,1006,277970,78256740.0,OI2309
2023-05-26 10:07:00,7797,7803,7793,7795,1181,278001,91869990.0,OI2309
2023-05-26 10:08:00,7795,7798,7791,7797,925,278028,71955750.0,OI2309
2023-05-26 10:09:00,7797,7801,7796,7798,1238,277813,96304020.0,OI2309
2023-05-26 10:10:00,7797,7801,7785,7789,2520,277422,196030800.0,OI2309
2023-05-26 10:11:00,7788,7792,7785,7787,2007,277322,156124530.0,OI2309
2023-05-26 10:12:00,7789,7790,7782,7787,2108,277042,163981320.0,OI2309
2023-05-26 10:13:00,7788,7791,7785,7790,1669,277196,129831510.0,OI2309
2023-05-26 10:14:00,7790,7793,7787,7789,992,277312,77167680.0,OI2309
2023-05-26 10:30:00,7789,7793,7784,7791,1419,277340,110384010.0,OI2309
2023-05-26 10:31:00,7790,7791,7772,7773,3069,277675,238737510.0,OI2309
2023-05-26 10:32:00,7774,7786,7774,7786,1792,277752,139399680.0,OI2309
2023-05-26 10:33:00,7785,7785,7781,7784,1116,277799,86813640.0,OI2309
2023-05-26 10:34:00,7785,7794,7784,7790,2020,277878,157135800.0,OI2309
2023-05-26 10:35:00,7791,7792,7788,7788,1131,277757,87980490.0,OI2309
2023-05-26 10:36:00,7788,7790,7782,7783,1053,277594,81912870.0,OI2309
2023-05-26 10:37:00,7783,7785,7781,7783,689,277558,53597310.0,OI2309
2023-05-26 10:38:00,7783,7783,7776,7783,1515,277680,117851850.0,OI2309
2023-05-26 10:39:00,7782,7789,7781,7784,912,277653,70944480.0,OI2309
2023-05-26 10:40:00,7783,7787,7780,7780,603,277658,46907370.0,OI2309
2023-05-26 10:41:00,7780,7787,7779,7786,478,277670,37183620.0,OI2309
2023-05-26 10:42:00,7787,7787,7782,7785,906,277801,70477740.0,OI2309
2023-05-26 10:43:00,7785,7787,7780,7780,988,277788,76856520.0,OI2309
2023-05-26 10:44:00,7780,7781,7778,7780,844,277873,65654760.0,OI2309
2023-05-26 10:45:00,7780,7784,7779,7781,467,277729,36327930.0,OI2309
2023-05-26 10:46:00,7782,7786,7779,7780,943,277597,73355970.0,OI2309
2023-05-26 10:47:00,7779,7779,7765,7772,3306,277850,257173740.0,OI2309
2023-05-26 10:48:00,7772,7776,7769,7773,1866,278210,145156140.0,OI2309
2023-05-26 10:49:00,7772,7775,7768,7769,1012,278262,78723480.0,OI2309
2023-05-26 10:50:00,7768,7771,7766,7769,942,278196,73278180.0,OI2309
2023-05-26 10:51:00,7769,7773,7768,7771,924,278168,71877960.0,OI2309
2023-05-26 10:52:00,7771,7774,7762,7764,2004,278369,155891160.0,OI2309
2023-05-26 10:53:00,7765,7769,7762,7765,1417,278518,110228430.0,OI2309
2023-05-26 10:54:00,7766,7771,7765,7770,1434,278523,111550860.0,OI2309
2023-05-26 10:55:00,7769,7773,7766,7768,963,278465,74911770.0,OI2309
2023-05-26 10:56:00,7768,7777,7768,7776,1860,278218,144689400.0,OI2309
2023-05-26 10:57:00,7776,7780,7770,7777,1284,278312,99882360.0,OI2309
2023-05-26 10:58:00,7777,7780,7776,7777,743,278202,57797970.0,OI2309
2023-05-26 10:59:00,7778,7780,7775,7775,638,278255,49630020.0,OI2309
2023-05-26 11:00:00,7776,7777,7768,7769,900,278263,70011000.0,OI2309
2023-05-26 11:01:00,7770,7771,7764,7764,1235,278279,96070650.0,OI2309
2023-05-26 11:02:00,7763,7764,7755,7763,3030,278298,235703700.0,OI2309
2023-05-26 11:03:00,7763,7772,7760,7763,1491,278396,115984890.0,OI2309
2023-05-26 11:04:00,7763,7773,7762,7771,1351,278358,105094290.0,OI2309
2023-05-26 11:05:00,7771,7775,7769,7769,1177,278145,91558830.0,OI2309
2023-05-26 11:06:00,7770,7773,7767,7772,886,278114,68921940.0,OI2309
2023-05-26 11:07:00,7772,7777,7768,7770,1072,277998,83390880.0,OI2309
2023-05-26 11:08:00,7768,7777,7766,7776,760,277843,59120400.0,OI2309
2023-05-26 11:09:00,7777,7777,7772,7772,690,277798,53675100.0,OI2309
2023-05-26 11:10:00,7773,7777,7769,7775,761,277886,59198190.0,OI2309
2023-05-26 11:11:00,7776,7781,7776,7777,929,277755,72266910.0,OI2309
2023-05-26 11:12:00,7777,7778,7773,7775,601,277810,46751790.0,OI2309
2023-05-26 11:13:00,7774,7775,7768,7775,824,277944,64098960.0,OI2309
2023-05-26 11:14:00,7775,7779,7775,7776,692,277961,53830680.0,OI2309
2023-05-26 11:15:00,7776,7776,7768,7771,880,277927,68455200.0,OI2309
2023-05-26 11:16:00,7771,7771,7766,7768,611,278015,47529690.0,OI2309
2023-05-26 11:17:00,7767,7771,7766,7768,674,278037,52430460.0,OI2309
2023-05-26 11:18:00,7769,7769,7762,7766,991,277985,77089890.0,OI2309
2023-05-26 11:19:00,7764,7767,7761,7766,1039,278017,80823810.0,OI2309
2023-05-26 11:20:00,7766,7773,7766,7769,836,277983,64015010.0,OI2309
2023-05-26 11:21:00,7768,7768,7764,7768,695,277936,54057100.0,OI2309
2023-05-26 11:22:00,7768,7772,7766,7771,499,277882,38812220.0,OI2309
2023-05-26 11:23:00,7771,7776,7770,7776,876,277744,68135280.0,OI2309
2023-05-26 11:24:00,7776,7785,7773,7783,2069,277263,160926820.0,OI2309
2023-05-26 11:25:00,7784,7785,7774,7775,1275,277221,99169500.0,OI2309
2023-05-26 11:26:00,7775,7778,7772,7777,888,277232,69068640.0,OI2309
2023-05-26 11:27:00,7777,7779,7774,7777,545,277256,42390100.0,OI2309
2023-05-26 11:28:00,7777,7781,7776,7781,813,277081,63235140.0,OI2309
2023-05-26 11:29:00,7781,7783,7778,7782,798,276858,62068440.0,OI2309
2023-05-26 13:30:00,7787,7807,7787,7802,5682,276307,446663320.0,OI2309
2023-05-26 13:31:00,7802,7805,7795,7795,3362,276286,261529980.0,OI2309
2023-05-26 13:32:00,7794,7810,7789,7810,3513,276237,273276270.0,OI2309
2023-05-26 13:33:00,7809,7816,7807,7813,4253,276774,330840870.0,OI2309
2023-05-26 13:34:00,7813,7814,7803,7808,2425,276934,188640750.0,OI2309
2023-05-26 13:35:00,7808,7810,7801,7805,1893,276896,152128290.0,OI2309
2023-05-26 13:36:00,7805,7808,7800,7804,2162,277174,168203600.0,OI2309
2023-05-26 13:37:00,7804,7816,7804,7811,2114,277032,164469200.0,OI2309
2023-05-26 13:38:00,7812,7812,7798,7800,2089,276942,162524200.0,OI2309
2023-05-26 13:39:00,7800,7805,7797,7802,1525,276958,118645000.0,OI2309
2023-05-26 13:40:00,7802,7807,7797,7807,1882,276780,146419600.0,OI2309
2023-05-26 13:41:00,7806,7811,7804,7805,1919,276545,149298200.0,OI2309
2023-05-26 13:42:00,7805,7808,7799,7800,1066,276522,82934800.0,OI2309
2023-05-26 13:43:00,7800,7800,7794,7799,1683,276649,130937400.0,OI2309
2023-05-26 13:44:00,7800,7800,7792,7795,1446,276893,112498800.0,OI2309
2023-05-26 13:45:00,7795,7797,7791,7795,1215,276870,94527000.0,OI2309
2023-05-26 13:46:00,7795,7797,7791,7794,1349,277005,104952200.0,OI2309
2023-05-26 13:47:00,7794,7802,7793,7800,1535,277214,119423000.0,OI2309
2023-05-26 13:48:00,7801,7804,7798,7800,2026,277074,162714730.0,OI2309
2023-05-26 13:49:00,7800,7800,7795,7796,990,277213,77031900.0,OI2309
2023-05-26 13:50:00,7795,7797,7792,7793,849,277293,66060690.0,OI2309
2023-05-26 13:51:00,7793,7798,7793,7793,539,277231,41939590.0,OI2309
2023-05-26 13:52:00,7794,7796,7790,7793,1083,277227,84268230.0,OI2309
2023-05-26 13:53:00,7792,7797,7792,7794,790,277232,61469900.0,OI2309
2023-05-26 13:54:00,7795,7795,7784,7791,1849,277229,143870690.0,OI2309
2023-05-26 13:55:00,7791,7793,7787,7789,739,277257,57501590.0,OI2309
2023-05-26 13:56:00,7789,7791,7786,7787,681,277155,52988610.0,OI2309
2023-05-26 13:57:00,7788,7789,7780,7784,1976,277204,153752560.0,OI2309
2023-05-26 13:58:00,7783,7788,7782,7784,956,277025,74386360.0,OI2309
2023-05-26 13:59:00,7785,7793,7785,7793,950,276913,73919500.0,OI2309
2023-05-26 14:00:00,7793,7795,7790,7795,1026,276943,79833060.0,OI2309
2023-05-26 14:01:00,7795,7798,7793,7795,912,276840,70962720.0,OI2309
2023-05-26 14:02:00,7796,7801,7795,7796,1391,276803,108233710.0,OI2309
2023-05-26 14:03:00,7797,7803,7796,7798,1644,276588,127919640.0,OI2309
2023-05-26 14:04:00,7798,7798,7793,7796,695,276518,54077950.0,OI2309
2023-05-26 14:05:00,7796,7798,7794,7796,475,276551,36959750.0,OI2309
2023-05-26 14:06:00,7795,7802,7795,7800,800,276358,62248000.0,OI2309
2023-05-26 14:07:00,7800,7801,7794,7796,904,276399,70340240.0,OI2309
2023-05-26 14:08:00,7796,7802,7794,7797,947,276233,73686070.0,OI2309
2023-05-26 14:09:00,7798,7799,7793,7798,594,276086,46219140.0,OI2309
2023-05-26 14:10:00,7798,7802,7797,7799,742,276035,57735020.0,OI2309
2023-05-26 14:11:00,7798,7801,7798,7800,453,276111,35247930.0,OI2309
2023-05-26 14:12:00,7801,7804,7799,7804,994,276002,77343140.0,OI2309
2023-05-26 14:13:00,7804,7809,7804,7806,1251,275980,97340310.0,OI2309
2023-05-26 14:14:00,7806,7814,7806,7813,1652,275790,128542120.0,OI2309
2023-05-26 14:15:00,7814,7818,7807,7809,1902,275660,147994620.0,OI2309
2023-05-26 14:16:00,7809,7812,7808,7809,955,275598,74308550.0,OI2309
2023-05-26 14:17:00,7809,7815,7809,7811,993,275652,77265330.0,OI2309
2023-05-26 14:18:00,7811,7813,7808,7810,988,275701,82275410.0,OI2309
2023-05-26 14:19:00,7809,7812,7809,7810,752,275613,58520640.0,OI2309
2023-05-26 14:20:00,7810,7814,7809,7814,581,275590,45213420.0,OI2309
2023-05-26 14:21:00,7814,7815,7810,7812,883,275555,68715060.0,OI2309
2023-05-26 14:22:00,7812,7818,7812,7816,891,275589,69337620.0,OI2309
2023-05-26 14:23:00,7817,7823,7817,7819,1921,275376,149492220.0,OI2309
2023-05-26 14:24:00,7819,7820,7815,7817,1065,275540,82878300.0,OI2309
2023-05-26 14:25:00,7818,7823,7817,7820,962,275652,74862840.0,OI2309
2023-05-26 14:26:00,7821,7822,7817,7820,670,275605,52139400.0,OI2309
2023-05-26 14:27:00,7819,7823,7819,7822,656,275593,51049920.0,OI2309
2023-05-26 14:28:00,7821,7825,7820,7821,972,275610,75641040.0,OI2309
2023-05-26 14:29:00,7821,7825,7820,7822,769,275544,59843580.0,OI2309
2023-05-26 14:30:00,7822,7824,7819,7821,1014,275304,78909480.0,OI2309
2023-05-26 14:31:00,7821,7821,7816,7821,1372,275292,106769040.0,OI2309
2023-05-26 14:32:00,7821,7827,7820,7823,1698,275054,132138360.0,OI2309
2023-05-26 14:33:00,7823,7825,7813,7818,1946,274732,156998370.0,OI2309
2023-05-26 14:34:00,7819,7819,7812,7813,1535,274825,119469050.0,OI2309
2023-05-26 14:35:00,7813,7813,7809,7811,1254,274538,97598820.0,OI2309
2023-05-26 14:36:00,7810,7817,7810,7815,629,274469,48955070.0,OI2309
2023-05-26 14:37:00,7815,7818,7814,7817,496,274494,38603680.0,OI2309
2023-05-26 14:38:00,7816,7816,7812,7814,490,274518,38136700.0,OI2309
2023-05-26 14:39:00,7814,7823,7814,7823,1133,274231,88181390.0,OI2309
2023-05-26 14:40:00,7823,7823,7818,7821,859,274175,66855970.0,OI2309
2023-05-26 14:41:00,7821,7821,7819,7819,458,274095,35646140.0,OI2309
2023-05-26 14:42:00,7819,7823,7819,7819,766,273976,59617780.0,OI2309
2023-05-26 14:43:00,7819,7822,7818,7819,361,273933,28096630.0,OI2309
2023-05-26 14:44:00,7819,7821,7817,7817,611,273800,47554130.0,OI2309
2023-05-26 14:45:00,7819,7819,7814,7816,612,273755,47631960.0,OI2309
2023-05-26 14:46:00,7816,7817,7810,7812,1516,273330,117990280.0,OI2309
2023-05-26 14:47:00,7811,7813,7810,7812,493,273202,38370190.0,OI2309
2023-05-26 14:48:00,7812,7817,7811,7817,638,273113,49655540.0,OI2309
2023-05-26 14:49:00,7817,7818,7814,7816,428,273015,33311240.0,OI2309
2023-05-26 14:50:00,7815,7820,7812,7820,1441,272529,112153030.0,OI2309
2023-05-26 14:51:00,7821,7822,7816,7818,720,272382,56037600.0,OI2309
2023-05-26 14:52:00,7817,7819,7816,7818,444,272240,34556520.0,OI2309
2023-05-26 14:53:00,7818,7818,7813,7815,1021,272017,85184130.0,OI2309
2023-05-26 14:54:00,7816,7818,7813,7814,555,271997,43201200.0,OI2309
2023-05-26 14:55:00,7814,7817,7811,7817,1145,271796,89126800.0,OI2309
2023-05-26 14:56:00,7817,7818,7812,7813,929,271593,72313360.0,OI2309
2023-05-26 14:57:00,7812,7814,7811,7813,1072,271229,83444480.0,OI2309
2023-05-26 14:58:00,7813,7816,7809,7815,1440,270790,112089600.0,OI2309
2023-05-26 14:59:00,7814,7817,7811,7817,1720,270405,133884800.0,OI2309
2023-05-26 21:00:00,7825,7842,7824,7827,8434,270564,660297860.0,OI2309
2023-05-26 21:01:00,7826,7832,7825,7826,3167,270523,247944430.0,OI2309
2023-05-26 21:02:00,7827,7827,7816,7817,3373,270864,263772690.0,OI2309
2023-05-26 21:03:00,7817,7821,7812,7815,2430,270960,190022060.0,OI2309
2023-05-26 21:04:00,7815,7817,7811,7817,1712,271056,133789960.0,OI2309
2023-05-26 21:05:00,7816,7820,7802,7803,3620,271314,282582920.0,OI2309
2023-05-26 21:06:00,7803,7803,7792,7798,3624,271682,282678480.0,OI2309
2023-05-26 21:07:00,7798,7802,7797,7802,1778,271832,138740440.0,OI2309
2023-05-26 21:08:00,7801,7803,7787,7789,2649,272192,206483080.0,OI2309
2023-05-26 21:09:00,7788,7798,7788,7797,1772,272152,138173930.0,OI2309
2023-05-26 21:10:00,7797,7801,7793,7795,1534,272144,119541170.0,OI2309
2023-05-26 21:11:00,7796,7801,7793,7801,903,272190,70210460.0,OI2309
2023-05-26 21:12:00,7802,7807,7795,7799,1749,272054,136649370.0,OI2309
2023-05-26 21:13:00,7799,7807,7799,7801,1172,272124,91189190.0,OI2309
2023-05-26 21:14:00,7801,7803,7796,7798,806,272214,62964720.0,OI2309
2023-05-26 21:15:00,7798,7800,7794,7797,872,272355,68120640.0,OI2309
2023-05-26 21:16:00,7798,7802,7794,7799,1085,272322,84353400.0,OI2309
2023-05-26 21:17:00,7799,7804,7797,7804,735,272379,57410850.0,OI2309
2023-05-26 21:18:00,7803,7804,7794,7795,1465,272435,114431150.0,OI2309
2023-05-26 21:19:00,7794,7805,7794,7798,1276,272598,99668360.0,OI2309
2023-05-26 21:20:00,7798,7806,7797,7805,1595,272742,124127940.0,OI2309
2023-05-26 21:21:00,7805,7805,7801,7803,561,272697,43814100.0,OI2309
2023-05-26 21:22:00,7802,7812,7802,7811,1697,272578,132535700.0,OI2309
2023-05-26 21:23:00,7811,7821,7810,7820,2253,272500,175959300.0,OI2309
2023-05-26 21:24:00,7819,7821,7815,7818,1658,272473,130009000.0,OI2309
2023-05-26 21:25:00,7818,7819,7811,7814,1453,272292,113493830.0,OI2309
2023-05-26 21:26:00,7813,7818,7811,7812,892,272330,69674120.0,OI2309
2023-05-26 21:27:00,7812,7816,7811,7812,783,272391,61160130.0,OI2309
2023-05-26 21:28:00,7812,7812,7801,7805,1979,272253,154579690.0,OI2309
2023-05-26 21:29:00,7805,7806,7801,7804,1001,272215,77607830.0,OI2309
2023-05-26 21:30:00,7804,7813,7804,7810,1528,272343,119336800.0,OI2309
2023-05-26 21:31:00,7811,7814,7808,7809,1390,272402,108559000.0,OI2309
2023-05-26 21:32:00,7809,7809,7802,7805,1195,272461,93329500.0,OI2309
2023-05-26 21:33:00,7805,7813,7804,7812,1010,272542,78881000.0,OI2309
2023-05-26 21:34:00,7813,7821,7812,7816,2231,272430,174894920.0,OI2309
2023-05-26 21:35:00,7818,7818,7810,7814,1390,272367,108572900.0,OI2309
2023-05-26 21:36:00,7815,7820,7811,7819,884,272403,69049240.0,OI2309
2023-05-26 21:37:00,7819,7826,7816,7826,1803,272421,140832330.0,OI2309
2023-05-26 21:38:00,7826,7832,7824,7829,2975,272645,233101590.0,OI2309
2023-05-26 21:39:00,7830,7832,7824,7827,2459,272774,192097080.0,OI2309
2023-05-26 21:40:00,7827,7857,7827,7845,8075,271928,634137720.0,OI2309
2023-05-26 21:41:00,7845,7857,7842,7853,4132,271939,323828120.0,OI2309
2023-05-26 21:42:00,7853,7859,7852,7852,2694,271932,211487920.0,OI2309
2023-05-26 21:43:00,7853,7855,7840,7845,3498,271703,274406560.0,OI2309
2023-05-26 21:44:00,7846,7847,7842,7845,1985,271848,156159920.0,OI2309
2023-05-26 21:45:00,7847,7855,7840,7854,2702,271978,212276190.0,OI2309
2023-05-26 21:46:00,7855,7860,7846,7850,2575,272077,201390750.0,OI2309
2023-05-26 21:47:00,7848,7851,7845,7851,1714,272039,135074620.0,OI2309
2023-05-26 21:48:00,7851,7851,7838,7842,2524,271968,197427280.0,OI2309
2023-05-26 21:49:00,7842,7845,7840,7844,1127,272013,89213130.0,OI2309
2023-05-26 21:50:00,7844,7845,7837,7838,1891,271876,147932930.0,OI2309
2023-05-26 21:51:00,7838,7839,7832,7836,2181,271532,170619630.0,OI2309
2023-05-26 21:52:00,7836,7839,7831,7838,1692,271709,132365160.0,OI2309
2023-05-26 21:53:00,7838,7839,7831,7834,931,271622,72832130.0,OI2309
2023-05-26 21:54:00,7833,7839,7831,7836,1646,271430,129909180.0,OI2309
2023-05-26 21:55:00,7836,7845,7835,7841,3308,271873,258817920.0,OI2309
2023-05-26 21:56:00,7840,7841,7831,7833,2211,271714,172988640.0,OI2309
2023-05-26 21:57:00,7833,7836,7829,7833,1518,271577,118768320.0,OI2309
2023-05-26 21:58:00,7833,7833,7823,7825,1949,271494,152489760.0,OI2309
2023-05-26 21:59:00,7825,7826,7820,7822,1593,271439,124636320.0,OI2309
2023-05-26 22:00:00,7822,7824,7812,7813,2744,271733,214690560.0,OI2309
2023-05-26 22:01:00,7813,7815,7808,7813,4384,271679,343004160.0,OI2309
2023-05-26 22:02:00,7813,7814,7807,7811,2812,272022,220010880.0,OI2309
2023-05-26 22:03:00,7810,7812,7805,7811,4644,271844,361952330.0,OI2309
2023-05-26 22:04:00,7810,7813,7806,7807,2351,271700,183918730.0,OI2309
2023-05-26 22:05:00,7807,7809,7803,7804,1806,272010,141283380.0,OI2309
2023-05-26 22:06:00,7804,7814,7803,7811,1721,271898,134633830.0,OI2309
2023-05-26 22:07:00,7811,7812,7808,7808,883,271959,68759410.0,OI2309
2023-05-26 22:08:00,7808,7814,7807,7812,1254,271936,98087880.0,OI2309
2023-05-26 22:09:00,7812,7814,7808,7809,999,272004,78141780.0,OI2309
2023-05-26 22:10:00,7810,7810,7790,7790,5246,272017,408805290.0,OI2309
2023-05-26 22:11:00,7790,7797,7789,7797,2190,272362,171279900.0,OI2309
2023-05-26 22:12:00,7797,7798,7792,7798,1525,272416,119270250.0,OI2309
2023-05-26 22:13:00,7798,7804,7797,7801,1173,272204,91740330.0,OI2309
2023-05-26 22:14:00,7802,7804,7797,7802,1213,272268,93270890.0,OI2309
2023-05-26 22:15:00,7801,7810,7801,7807,1388,272162,108541600.0,OI2309
2023-05-26 22:16:00,7807,7814,7805,7812,1565,271971,122383000.0,OI2309
2023-05-26 22:17:00,7811,7812,7808,7809,957,271866,74837400.0,OI2309
2023-05-26 22:18:00,7808,7813,7807,7812,785,271893,61387000.0,OI2309
2023-05-26 22:19:00,7812,7817,7812,7817,1323,271838,103458600.0,OI2309
2023-05-26 22:20:00,7816,7822,7816,7822,1543,271824,120662600.0,OI2309
2023-05-26 22:21:00,7823,7826,7820,7821,1668,271505,130437600.0,OI2309
2023-05-26 22:22:00,7821,7821,7814,7819,1741,271468,136146200.0,OI2309
2023-05-26 22:23:00,7818,7820,7814,7815,902,271517,70536400.0,OI2309
2023-05-26 22:24:00,7814,7820,7814,7819,1118,271497,87427600.0,OI2309
2023-05-26 22:25:00,7819,7821,7813,7813,1116,271368,87271200.0,OI2309
2023-05-26 22:26:00,7814,7818,7813,7817,799,271478,62481800.0,OI2309
2023-05-26 22:27:00,7816,7827,7816,7826,1679,271499,131297800.0,OI2309
2023-05-26 22:28:00,7826,7832,7823,7825,1806,271344,141229200.0,OI2309
2023-05-26 22:29:00,7826,7827,7821,7822,1022,271353,79920400.0,OI2309
2023-05-26 22:30:00,7822,7825,7820,7820,970,271373,75854000.0,OI2309
2023-05-26 22:31:00,7820,7821,7814,7815,1356,271300,106039200.0,OI2309
2023-05-26 22:32:00,7815,7817,7810,7813,1403,271291,109714600.0,OI2309
2023-05-26 22:33:00,7812,7813,7810,7811,723,271233,56538600.0,OI2309
2023-05-26 22:34:00,7811,7819,7811,7819,879,271214,68737800.0,OI2309
2023-05-26 22:35:00,7820,7820,7815,7819,568,271228,44417600.0,OI2309
2023-05-26 22:36:00,7819,7824,7819,7822,1209,271149,94543800.0,OI2309
2023-05-26 22:37:00,7822,7828,7822,7825,1060,271050,82892000.0,OI2309
2023-05-26 22:38:00,7826,7826,7821,7823,636,271027,49735200.0,OI2309
2023-05-26 22:39:00,7824,7825,7820,7821,746,270972,58337200.0,OI2309
2023-05-26 22:40:00,7822,7828,7821,7825,792,270915,61934400.0,OI2309
2023-05-26 22:41:00,7825,7835,7825,7833,2470,270957,193154000.0,OI2309
2023-05-26 22:42:00,7833,7833,7823,7827,1153,270856,90164600.0,OI2309
2023-05-26 22:43:00,7828,7828,7823,7828,860,270766,67252000.0,OI2309
2023-05-26 22:44:00,7828,7829,7823,7827,786,270670,61465200.0,OI2309
2023-05-26 22:45:00,7826,7827,7815,7816,1933,270389,151160600.0,OI2309
2023-05-26 22:46:00,7816,7819,7812,7813,1052,270077,82266400.0,OI2309
2023-05-26 22:47:00,7813,7816,7809,7811,1205,269927,94231000.0,OI2309
2023-05-26 22:48:00,7811,7814,7809,7812,823,269767,64358600.0,OI2309
2023-05-26 22:49:00,7811,7812,7808,7809,762,269737,59588400.0,OI2309
2023-05-26 22:50:00,7809,7815,7808,7815,867,269613,67799400.0,OI2309
2023-05-26 22:51:00,7815,7816,7809,7812,746,269573,58337200.0,OI2309
2023-05-26 22:52:00,7812,7817,7811,7815,814,269624,63654800.0,OI2309
2023-05-26 22:53:00,7815,7817,7811,7811,610,269558,47702000.0,OI2309
2023-05-26 22:54:00,7811,7816,7809,7813,578,269496,45199600.0,OI2309
2023-05-26 22:55:00,7813,7817,7813,7815,563,269377,44026600.0,OI2309
2023-05-26 22:56:00,7816,7818,7815,7816,567,269345,44339400.0,OI2309
2023-05-26 22:57:00,7815,7815,7811,7813,667,269095,52159400.0,OI2309
2023-05-26 22:58:00,7814,7816,7813,7815,587,268935,45903400.0,OI2309
2023-05-26 22:59:00,7814,7816,7812,7814,1283,268262,100330600.0,OI2309
2023-05-29 09:00:00,7814,7830,7810,7811,4603,268403,359954600.0,OI2309
2023-05-29 09:01:00,7811,7811,7784,7785,6132,268670,478178110.0,OI2309
2023-05-29 09:02:00,7785,7792,7782,7791,3397,269011,265611430.0,OI2309
2023-05-29 09:03:00,7792,7797,7779,7780,4265,269350,331217740.0,OI2309
2023-05-29 09:04:00,7782,7784,7768,7777,4409,269664,342970440.0,OI2309
2023-05-29 09:05:00,7781,7783,7767,7774,4440,270552,347074800.0,OI2309
2023-05-29 09:06:00,7773,7781,7773,7780,2197,270797,169366420.0,OI2309
2023-05-29 09:07:00,7779,7789,7778,7789,2264,270839,176954240.0,OI2309
2023-05-29 09:08:00,7789,7800,7789,7793,2611,270722,204075760.0,OI2309
2023-05-29 09:09:00,7792,7801,7788,7788,2034,270940,157802840.0,OI2309
2023-05-29 09:10:00,7789,7794,7782,7791,2392,271175,186934800.0,OI2309
2023-05-29 09:11:00,7791,7807,7791,7799,3634,271192,283997100.0,OI2309
2023-05-29 09:12:00,7799,7807,7796,7804,2499,271224,195296850.0,OI2309
2023-05-29 09:13:00,7804,7805,7793,7794,1197,271312,93545550.0,OI2309
2023-05-29 09:14:00,7795,7795,7788,7793,1199,271311,93701850.0,OI2309
2023-05-29 09:15:00,7794,7801,7789,7790,1489,271452,116365350.0,OI2309
2023-05-29 09:16:00,7790,7796,7786,7795,1530,271564,117215800.0,OI2309
2023-05-29 09:17:00,7795,7800,7793,7797,959,271637,74936260.0,OI2309
2023-05-29 09:18:00,7797,7803,7797,7800,1243,271900,97128020.0,OI2309
2023-05-29 09:19:00,7800,7806,7799,7801,852,271934,66575280.0,OI2309
2023-05-29 09:20:00,7802,7806,7801,7803,956,272065,74701840.0,OI2309
2023-05-29 09:21:00,7804,7816,7804,7815,2853,271666,222933420.0,OI2309
2023-05-29 09:22:00,7814,7817,7806,7807,1749,271702,136666860.0,OI2309
2023-05-29 09:23:00,7807,7809,7798,7799,1262,271637,98612680.0,OI2309
2023-05-29 09:24:00,7798,7799,7789,7792,1865,271463,145731100.0,OI2309
2023-05-29 09:25:00,7791,7795,7789,7790,1165,271526,91033100.0,OI2309
2023-05-29 09:26:00,7789,7795,7788,7790,889,271414,69466460.0,OI2309
2023-05-29 09:27:00,7790,7792,7785,7790,1302,271504,101738280.0,OI2309
2023-05-29 09:28:00,7790,7791,7785,7787,647,271520,50556580.0,OI2309
2023-05-29 09:29:00,7787,7791,7783,7786,1383,271500,105314810.0,OI2309
2023-05-29 09:30:00,7787,7790,7785,7786,1028,271579,80317640.0,OI2309
2023-05-29 09:31:00,7786,7788,7777,7779,1995,271775,155869350.0,OI2309
2023-05-29 09:32:00,7777,7778,7763,7776,3997,271883,312285610.0,OI2309
2023-05-29 09:33:00,7776,7787,7775,7779,2105,271819,161619590.0,OI2309
2023-05-29 09:34:00,7779,7782,7778,7779,1236,271791,96556320.0,OI2309
2023-05-29 09:35:00,7779,7780,7769,7770,1466,272073,114523920.0,OI2309
2023-05-29 09:36:00,7768,7773,7766,7769,1406,272277,109836720.0,OI2309
2023-05-29 09:37:00,7767,7772,7765,7769,1144,272264,89369280.0,OI2309
2023-05-29 09:38:00,7769,7776,7768,7772,917,272128,70695650.0,OI2309
2023-05-29 09:39:00,7771,7772,7765,7769,1043,272250,81468730.0,OI2309
2023-05-29 09:40:00,7769,7775,7767,7770,1230,272299,96075300.0,OI2309
2023-05-29 09:41:00,7771,7773,7769,7773,613,272390,47881430.0,OI2309
2023-05-29 09:42:00,7772,7778,7768,7774,1273,272448,99434030.0,OI2309
2023-05-29 09:43:00,7774,7776,7773,7774,570,272511,44522700.0,OI2309
2023-05-29 09:44:00,7774,7775,7772,7772,455,272530,35540050.0,OI2309
2023-05-29 09:45:00,7772,7780,7771,7773,1180,272693,92169800.0,OI2309
2023-05-29 09:46:00,7773,7780,7772,7779,738,272701,57645180.0,OI2309
2023-05-29 09:47:00,7780,7782,7777,7780,969,272848,72702130.0,OI2309
2023-05-29 09:48:00,7780,7785,7778,7784,765,272864,59746500.0,OI2309
2023-05-29 09:49:00,7784,7789,7783,7784,1326,273013,103560600.0,OI2309
2023-05-29 09:50:00,7785,7791,7785,7789,1038,272970,81067800.0,OI2309
2023-05-29 09:51:00,7789,7796,7788,7793,1803,272940,140814300.0,OI2309
2023-05-29 09:52:00,7795,7804,7795,7803,2396,273079,187127600.0,OI2309
2023-05-29 09:53:00,7804,7811,7800,7810,3177,273071,248123700.0,OI2309
2023-05-29 09:54:00,7810,7813,7805,7808,4329,272921,338094900.0,OI2309
2023-05-29 09:55:00,7809,7815,7805,7815,2394,272746,186971400.0,OI2309
2023-05-29 09:56:00,7815,7816,7810,7815,1369,272777,106918900.0,OI2309
2023-05-29 09:57:00,7814,7831,7814,7829,5506,272136,430018600.0,OI2309
2023-05-29 09:58:00,7829,7839,7829,7837,3648,272178,288172770.0,OI2309
2023-05-29 09:59:00,7837,7846,7832,7834,5045,272158,394064950.0,OI2309
2023-05-29 10:00:00,7834,7835,7826,7834,3707,272093,289553770.0,OI2309
2023-05-29 10:01:00,7835,7841,7830,7837,3363,271805,262683930.0,OI2309
2023-05-29 10:02:00,7837,7844,7837,7840,2479,271754,197044600.0,OI2309
2023-05-29 10:03:00,7840,7841,7835,7839,1973,271982,154130760.0,OI2309
2023-05-29 10:04:00,7839,7847,7835,7846,2128,272511,166239360.0,OI2309
2023-05-29 10:05:00,7847,7847,7837,7843,1831,272635,143037720.0,OI2309
2023-05-29 10:06:00,7842,7843,7836,7836,1315,272802,102727800.0,OI2309
2023-05-29 10:07:00,7836,7842,7834,7842,1701,272949,132882120.0,OI2309
2023-05-29 10:08:00,7842,7843,7837,7839,760,272790,59371200.0,OI2309
2023-05-29 10:09:00,7839,7841,7833,7841,1579,272919,126874260.0,OI2309
2023-05-29 10:10:00,7841,7843,7835,7837,1126,272894,87974380.0,OI2309
2023-05-29 10:11:00,7836,7846,7836,7846,1651,273102,128992630.0,OI2309
2023-05-29 10:12:00,7846,7873,7844,7864,8100,272895,636484550.0,OI2309
2023-05-29 10:13:00,7864,7870,7863,7866,2689,272948,210118460.0,OI2309
2023-05-29 10:14:00,7867,7871,7863,7870,2018,272843,161365140.0,OI2309
2023-05-29 10:30:00,7871,7876,7867,7867,2593,273050,202642950.0,OI2309
2023-05-29 10:31:00,7867,7893,7866,7892,6178,272968,486577030.0,OI2309
2023-05-29 10:32:00,7894,7894,7876,7878,4084,273267,323012610.0,OI2309
2023-05-29 10:33:00,7878,7887,7876,7885,2098,273453,164000660.0,OI2309
2023-05-29 10:34:00,7885,7898,7882,7893,3703,273786,293328690.0,OI2309
2023-05-29 10:35:00,7894,7894,7885,7889,2663,273961,208193340.0,OI2309
2023-05-29 10:36:00,7888,7896,7887,7892,1992,274265,159646290.0,OI2309
2023-05-29 10:37:00,7892,7903,7888,7891,4086,274667,323436930.0,OI2309
2023-05-29 10:38:00,7890,7895,7881,7882,2432,274410,190182400.0,OI2309
2023-05-29 10:39:00,7881,7886,7870,7873,5207,273164,411216380.0,OI2309
2023-05-29 10:40:00,7872,7874,7864,7867,3169,272619,247847490.0,OI2309
2023-05-29 10:41:00,7868,7868,7861,7861,2672,272299,208977120.0,OI2309
2023-05-29 10:42:00,7861,7866,7856,7856,2907,272187,231472930.0,OI2309
2023-05-29 10:43:00,7854,7861,7853,7858,2762,271849,216043640.0,OI2309
2023-05-29 10:44:00,7859,7864,7857,7864,1638,271635,128124360.0,OI2309
2023-05-29 10:45:00,7864,7867,7857,7857,1615,271568,126325300.0,OI2309
2023-05-29 10:46:00,7856,7859,7852,7855,1614,271381,126247080.0,OI2309
2023-05-29 10:47:00,7855,7856,7851,7854,1145,271196,89561900.0,OI2309
2023-05-29 10:48:00,7854,7856,7846,7846,2497,270787,195315340.0,OI2309
2023-05-29 10:49:00,7847,7848,7835,7835,3651,270656,289846900.0,OI2309
2023-05-29 10:50:00,7834,7838,7828,7830,4454,270153,348436420.0,OI2309
2023-05-29 10:51:00,7831,7832,7823,7824,3487,269991,272788010.0,OI2309
2023-05-29 10:52:00,7823,7827,7822,7827,1994,269873,155990620.0,OI2309
2023-05-29 10:53:00,7826,7832,7824,7825,1928,269942,150827440.0,OI2309
2023-05-29 10:54:00,7825,7835,7825,7834,2882,270132,225458860.0,OI2309
2023-05-29 10:55:00,7834,7848,7833,7843,4062,269910,317770260.0,OI2309
2023-05-29 10:56:00,7844,7844,7831,7836,1717,269761,134320910.0,OI2309
2023-05-29 10:57:00,7835,7836,7829,7830,1159,269875,90668570.0,OI2309
2023-05-29 10:58:00,7830,7837,7829,7830,1134,269808,88712820.0,OI2309
2023-05-29 10:59:00,7831,7836,7828,7836,965,269813,75491950.0,OI2309
2023-05-29 11:00:00,7836,7838,7833,7835,993,269942,77682390.0,OI2309
2023-05-29 11:01:00,7835,7840,7830,7833,1252,269900,97943960.0,OI2309
2023-05-29 11:02:00,7832,7839,7831,7838,744,270016,58203120.0,OI2309
2023-05-29 11:03:00,7838,7839,7835,7838,1103,270265,86287690.0,OI2309
2023-05-29 11:04:00,7839,7839,7832,7834,651,270225,50927730.0,OI2309
2023-05-29 11:05:00,7834,7835,7832,7833,457,270185,35751110.0,OI2309
2023-05-29 11:06:00,7833,7833,7828,7829,1448,270141,113277040.0,OI2309
2023-05-29 11:07:00,7829,7835,7829,7833,497,269961,38880310.0,OI2309
2023-05-29 11:08:00,7833,7835,7822,7827,1911,269797,149497530.0,OI2309
2023-05-29 11:09:00,7825,7829,7821,7828,1610,269809,125950300.0,OI2309
2023-05-29 11:10:00,7829,7830,7825,7828,820,269877,64148600.0,OI2309
2023-05-29 11:11:00,7829,7832,7828,7829,1101,269610,86131230.0,OI2309
2023-05-29 11:12:00,7829,7830,7826,7828,919,269551,71893370.0,OI2309
2023-05-29 11:13:00,7829,7835,7829,7834,867,269415,67825410.0,OI2309
2023-05-29 11:14:00,7835,7838,7833,7833,1032,269335,80733360.0,OI2309
2023-05-29 11:15:00,7834,7838,7830,7831,739,269296,57811970.0,OI2309
2023-05-29 11:16:00,7831,7832,7828,7830,820,269245,64148600.0,OI2309
2023-05-29 11:17:00,7830,7836,7828,7833,510,269215,39897300.0,OI2309
2023-05-29 11:18:00,7834,7837,7829,7830,586,269240,45842780.0,OI2309
2023-05-29 11:19:00,7830,7833,7828,7828,663,269312,51866490.0,OI2309
2023-05-29 11:20:00,7828,7829,7824,7826,1047,269256,81906810.0,OI2309
2023-05-29 11:21:00,7827,7828,7825,7825,468,269336,36611640.0,OI2309
2023-05-29 11:22:00,7827,7827,7822,7824,922,269181,72128060.0,OI2309
2023-05-29 11:23:00,7823,7830,7822,7824,978,269080,76508940.0,OI2309
2023-05-29 11:24:00,7824,7825,7801,7801,6246,269051,488624580.0,OI2309
2023-05-29 11:25:00,7801,7812,7796,7807,4294,269306,335919620.0,OI2309
2023-05-29 11:26:00,7809,7812,7808,7809,1103,269407,86287690.0,OI2309
2023-05-29 11:27:00,7810,7815,7809,7814,999,269281,78151770.0,OI2309
2023-05-29 11:28:00,7816,7830,7815,7829,2147,269099,167959810.0,OI2309
2023-05-29 11:29:00,7830,7830,7823,7824,1194,268942,93406620.0,OI2309
2023-05-29 13:30:00,7822,7822,7810,7813,2710,269417,212003300.0,OI2309
2023-05-29 13:31:00,7813,7819,7812,7815,1673,269598,130878790.0,OI2309
2023-05-29 13:32:00,7815,7821,7815,7816,1494,269933,116875620.0,OI2309
2023-05-29 13:33:00,7817,7820,7813,7818,1349,270022,105532270.0,OI2309
2023-05-29 13:34:00,7818,7822,7818,7819,924,270169,72284520.0,OI2309
2023-05-29 13:35:00,7819,7825,7818,7822,930,270219,72753900.0,OI2309
2023-05-29 13:36:00,7822,7829,7822,7825,1275,270055,99743250.0,OI2309
2023-05-29 13:37:00,7824,7827,7820,7820,785,269994,61410550.0,OI2309
2023-05-29 13:38:00,7820,7825,7819,7824,354,269978,27693420.0,OI2309
2023-05-29 13:39:00,7824,7827,7820,7822,664,270040,51944720.0,OI2309
2023-05-29 13:40:00,7822,7822,7814,7817,1393,270250,108974390.0,OI2309
2023-05-29 13:41:00,7817,7817,7810,7812,2050,270379,160371500.0,OI2309
2023-05-29 13:42:00,7811,7817,7811,7815,800,270467,62584000.0,OI2309
2023-05-29 13:43:00,7815,7816,7813,7816,390,270506,30509700.0,OI2309
2023-05-29 13:44:00,7815,7828,7815,7828,1606,270455,125637380.0,OI2309
2023-05-29 13:45:00,7828,7834,7826,7831,1895,270493,148245850.0,OI2309
2023-05-29 13:46:00,7832,7842,7832,7833,3054,270266,238914420.0,OI2309
2023-05-29 13:47:00,7834,7835,7831,7834,843,270424,65947890.0,OI2309
2023-05-29 13:48:00,7833,7834,7830,7832,1067,270476,83471410.0,OI2309
2023-05-29 13:49:00,7832,7832,7825,7826,1187,270504,92859010.0,OI2309
2023-05-29 13:50:00,7826,7828,7820,7820,913,270414,71423990.0,OI2309
2023-05-29 13:51:00,7820,7827,7818,7819,1138,270494,89025740.0,OI2309
2023-05-29 13:52:00,7819,7826,7819,7826,626,270611,48971980.0,OI2309
2023-05-29 13:53:00,7825,7829,7821,7828,701,270659,54839230.0,OI2309
2023-05-29 13:54:00,7828,7830,7827,7829,469,270625,36689870.0,OI2309
2023-05-29 13:55:00,7829,7833,7824,7824,941,270537,73614430.0,OI2309
2023-05-29 13:56:00,7824,7825,7815,7817,1267,270591,99117410.0,OI2309
2023-05-29 13:57:00,7817,7823,7817,7822,371,270628,29023330.0,OI2309
2023-05-29 13:58:00,7822,7823,7817,7818,711,270664,55621530.0,OI2309
2023-05-29 13:59:00,7819,7821,7816,7817,723,270761,56560290.0,OI2309
2023-05-29 14:00:00,7816,7821,7812,7815,1655,270945,129470650.0,OI2309
2023-05-29 14:01:00,7815,7816,7809,7813,1847,271061,144490810.0,OI2309
2023-05-29 14:02:00,7811,7814,7809,7812,1597,271092,124933310.0,OI2309
2023-05-29 14:03:00,7812,7819,7812,7817,1120,271136,87617600.0,OI2309
2023-05-29 14:04:00,7817,7820,7815,7816,683,271204,53431090.0,OI2309
2023-05-29 14:05:00,7816,7819,7815,7817,733,271398,57342590.0,OI2309
2023-05-29 14:06:00,7816,7818,7815,7817,457,271453,35751110.0,OI2309
2023-05-29 14:07:00,7817,7823,7817,7819,1406,271460,109991380.0,OI2309
2023-05-29 14:08:00,7819,7826,7819,7824,687,271469,53744010.0,OI2309
2023-05-29 14:09:00,7823,7826,7822,7825,492,271457,38489160.0,OI2309
2023-05-29 14:10:00,7825,7833,7825,7833,1327,271453,103811210.0,OI2309
2023-05-29 14:11:00,7833,7833,7826,7829,1040,271515,81359200.0,OI2309
2023-05-29 14:12:00,7830,7840,7829,7834,2414,271900,188847220.0,OI2309
2023-05-29 14:13:00,7835,7838,7831,7836,1127,272141,88165210.0,OI2309
2023-05-29 14:14:00,7837,7839,7828,7829,1819,272540,142300370.0,OI2309
2023-05-29 14:15:00,7830,7832,7820,7823,1602,272573,125324460.0,OI2309
2023-05-29 14:16:00,7823,7825,7820,7821,768,272683,60080640.0,OI2309
2023-05-29 14:17:00,7821,7822,7816,7817,1101,272657,86131230.0,OI2309
2023-05-29 14:18:00,7817,7820,7815,7818,1077,272608,84253710.0,OI2309
2023-05-29 14:19:00,7819,7820,7815,7819,495,272564,38723850.0,OI2309
2023-05-29 14:20:00,7818,7818,7815,7816,960,272593,75100800.0,OI2309
2023-05-29 14:21:00,7816,7820,7815,7819,909,272544,71111070.0,OI2309
2023-05-29 14:22:00,7818,7822,7815,7816,1444,272799,112964120.0,OI2309
2023-05-29 14:23:00,7816,7818,7813,7813,864,272877,67590720.0,OI2309
2023-05-29 14:24:00,7813,7818,7812,7814,1324,273026,103576520.0,OI2309
2023-05-29 14:25:00,7814,7815,7813,7815,459,273089,35907570.0,OI2309
2023-05-29 14:26:00,7815,7816,7809,7813,1478,273361,115623940.0,OI2309
2023-05-29 14:27:00,7812,7813,7810,7811,736,273430,57577280.0,OI2309
2023-05-29 14:28:00,7812,7815,7810,7815,578,273330,45216940.0,OI2309
2023-05-29 14:29:00,7815,7819,7814,7815,1056,273175,82610880.0,OI2309
2023-05-29 14:30:00,7814,7817,7811,7813,728,273215,56951440.0,OI2309
2023-05-29 14:31:00,7813,7814,7809,7809,1592,273217,124542160.0,OI2309
2023-05-29 14:32:00,7809,7819,7809,7819,1650,273146,129079500.0,OI2309
2023-05-29 14:33:00,7819,7823,7817,7822,1351,273136,105688730.0,OI2309
2023-05-29 14:34:00,7821,7825,7821,7822,756,273009,59141880.0,OI2309
2023-05-29 14:35:00,7822,7826,7818,7819,888,273021,69468240.0,OI2309
2023-05-29 14:36:00,7819,7826,7819,7824,677,273124,52961710.0,OI2309
2023-05-29 14:37:00,7824,7826,7809,7811,2069,273120,161857870.0,OI2309
2023-05-29 14:38:00,7811,7814,7811,7814,670,273132,52414100.0,OI2309
2023-05-29 14:39:00,7814,7819,7812,7817,720,273190,56325600.0,OI2309
2023-05-29 14:40:00,7816,7818,7805,7806,1906,273061,149106380.0,OI2309
2023-05-29 14:41:00,7806,7808,7804,7805,1081,273309,84566630.0,OI2309
2023-05-29 14:42:00,7805,7805,7792,7793,4170,273004,326219100.0,OI2309
2023-05-29 14:43:00,7793,7794,7782,7782,3026,273102,235292470.0,OI2309
2023-05-29 14:44:00,7783,7786,7781,7781,2176,273332,170206720.0,OI2309
2023-05-29 14:45:00,7782,7785,7776,7782,3112,273639,243420640.0,OI2309
2023-05-29 14:46:00,7781,7785,7780,7782,1701,273730,133052220.0,OI2309
2023-05-29 14:47:00,7783,7786,7781,7784,1452,273736,113575440.0,OI2309
2023-05-29 14:48:00,7784,7791,7782,7783,1878,273509,146897160.0,OI2309
2023-05-29 14:49:00,7783,7786,7780,7784,1251,273565,97853220.0,OI2309
2023-05-29 14:50:00,7783,7788,7782,7787,1073,273573,83930060.0,OI2309
2023-05-29 14:51:00,7786,7793,7785,7793,1443,273162,112703060.0,OI2309
2023-05-29 14:52:00,7793,7794,7789,7791,1895,273182,148207950.0,OI2309
2023-05-29 14:53:00,7790,7792,7787,7787,711,273197,55607310.0,OI2309
2023-05-29 14:54:00,7786,7791,7786,7787,1274,273157,99639540.0,OI2309
2023-05-29 14:55:00,7788,7788,7783,7785,1349,273188,105505290.0,OI2309
2023-05-29 14:56:00,7784,7790,7782,7789,1422,273048,111214620.0,OI2309
2023-05-29 14:57:00,7788,7789,7785,7786,1174,273173,91818540.0,OI2309
2023-05-29 14:58:00,7786,7789,7784,7788,870,272885,68042700.0,OI2309
2023-05-29 14:59:00,7788,7790,7785,7789,1638,272198,128107980.0,OI2309
2023-05-29 21:00:00,7799,7800,7770,7774,7473,273314,581623590.0,OI2309
2023-05-29 21:01:00,7774,7783,7767,7783,4072,273623,316577410.0,OI2309
2023-05-29 21:02:00,7782,7782,7774,7777,2452,273801,190765600.0,OI2309
2023-05-29 21:03:00,7778,7789,7775,7787,3193,273760,248587300.0,OI2309
2023-05-29 21:04:00,7788,7789,7781,7781,2224,273997,173049440.0,OI2309
2023-05-29 21:05:00,7780,7789,7780,7789,2135,274137,166339840.0,OI2309
2023-05-29 21:06:00,7789,7794,7776,7778,2548,274164,198285360.0,OI2309
2023-05-29 21:07:00,7779,7783,7778,7778,1161,274273,90349020.0,OI2309
2023-05-29 21:08:00,7777,7784,7776,7782,1169,274247,90971580.0,OI2309
2023-05-29 21:09:00,7782,7798,7781,7795,2960,274180,230641070.0,OI2309
2023-05-29 21:10:00,7796,7804,7793,7798,3566,274209,277871310.0,OI2309
2023-05-29 21:11:00,7796,7800,7790,7800,2037,274267,158909980.0,OI2309
2023-05-29 21:12:00,7800,7800,7793,7795,1170,274422,91084500.0,OI2309
2023-05-29 21:13:00,7796,7799,7793,7797,850,274483,66542600.0,OI2309
2023-05-29 21:14:00,7797,7798,7789,7795,1550,274599,120683000.0,OI2309
2023-05-29 21:15:00,7794,7802,7792,7797,1724,274764,134230640.0,OI2309
2023-05-29 21:16:00,7798,7798,7789,7790,1320,274829,103191240.0,OI2309
2023-05-29 21:17:00,7789,7793,7785,7788,1330,274916,103567100.0,OI2309
2023-05-29 21:18:00,7787,7795,7786,7794,866,274980,67435420.0,OI2309
2023-05-29 21:19:00,7795,7806,7794,7803,2293,275173,178555910.0,OI2309
2023-05-29 21:20:00,7803,7808,7800,7804,1876,275292,146563810.0,OI2309
2023-05-29 21:21:00,7804,7806,7799,7805,1150,275469,89562000.0,OI2309
2023-05-29 21:22:00,7804,7808,7800,7804,1432,275661,112029670.0,OI2309
2023-05-29 21:23:00,7803,7810,7803,7807,1429,275684,111304810.0,OI2309
2023-05-29 21:24:00,7807,7808,7804,7807,735,275850,57776300.0,OI2309
2023-05-29 21:25:00,7808,7808,7801,7803,994,275844,77432600.0,OI2309
2023-05-29 21:26:00,7802,7812,7802,7809,1221,275838,95115900.0,OI2309
2023-05-29 21:27:00,7808,7808,7804,7804,657,275824,51180300.0,OI2309
2023-05-29 21:28:00,7804,7807,7803,7805,446,275790,35303730.0,OI2309
2023-05-29 21:29:00,7805,7806,7795,7800,3219,276177,250792290.0,OI2309
2023-05-29 21:30:00,7801,7805,7797,7798,2189,275875,170544990.0,OI2309
2023-05-29 21:31:00,7797,7811,7796,7809,2573,275792,201102570.0,OI2309
2023-05-29 21:32:00,7810,7816,7808,7813,1934,275640,150697280.0,OI2309
2023-05-29 21:33:00,7812,7819,7809,7817,1830,275817,143271380.0,OI2309
2023-05-29 21:34:00,7818,7819,7813,7814,1527,275984,119692160.0,OI2309
2023-05-29 21:35:00,7813,7815,7811,7814,988,276007,77004720.0,OI2309
2023-05-29 21:36:00,7814,7816,7810,7815,1126,275837,87760440.0,OI2309
2023-05-29 21:37:00,7815,7817,7812,7814,488,275759,38034720.0,OI2309
2023-05-29 21:38:00,7813,7813,7808,7810,934,275676,73524370.0,OI2309
2023-05-29 21:39:00,7811,7813,7809,7810,429,275713,33440550.0,OI2309
2023-05-29 21:40:00,7811,7811,7807,7811,852,275607,66413400.0,OI2309
2023-05-29 21:41:00,7810,7815,7807,7815,1188,275809,92604600.0,OI2309
2023-05-29 21:42:00,7815,7818,7812,7816,976,275885,76079200.0,OI2309
2023-05-29 21:43:00,7816,7824,7814,7821,2292,275872,179447180.0,OI2309
2023-05-29 21:44:00,7822,7823,7818,7819,927,275903,72268920.0,OI2309
2023-05-29 21:45:00,7818,7825,7816,7820,1276,276019,100284770.0,OI2309
2023-05-29 21:46:00,7820,7830,7820,7826,2483,276023,194432150.0,OI2309
2023-05-29 21:47:00,7827,7828,7821,7823,985,276087,76810300.0,OI2309
2023-05-29 21:48:00,7823,7824,7817,7821,1481,275823,115488380.0,OI2309
2023-05-29 21:49:00,7820,7826,7820,7824,914,275889,72140160.0,OI2309
2023-05-29 21:50:00,7823,7826,7822,7825,852,276050,66447480.0,OI2309
2023-05-29 21:51:00,7825,7826,7820,7822,1090,276106,85009100.0,OI2309
2023-05-29 21:52:00,7823,7823,7817,7818,1118,275984,87192820.0,OI2309
2023-05-29 21:53:00,7819,7822,7815,7818,1063,275881,83811040.0,OI2309
2023-05-29 21:54:00,7819,7819,7815,7816,547,275853,42666000.0,OI2309
2023-05-29 21:55:00,7817,7820,7815,7815,980,275874,76440000.0,OI2309
2023-05-29 21:56:00,7815,7822,7815,7820,829,275855,64662000.0,OI2309
2023-05-29 21:57:00,7820,7820,7811,7813,1301,275768,101478000.0,OI2309
2023-05-29 21:58:00,7812,7817,7811,7811,865,275582,67470000.0,OI2309
2023-05-29 21:59:00,7812,7813,7810,7810,667,275587,52026000.0,OI2309
2023-05-29 22:00:00,7810,7811,7805,7807,1735,275451,136306910.0,OI2309
2023-05-29 22:01:00,7807,7807,7798,7802,3022,275256,235746220.0,OI2309
2023-05-29 22:02:00,7802,7803,7795,7799,2001,275296,155070870.0,OI2309
2023-05-29 22:03:00,7798,7801,7797,7800,911,275319,71058000.0,OI2309
2023-05-29 22:04:00,7800,7801,7788,7790,2808,275436,219024000.0,OI2309
2023-05-29 22:05:00,7790,7791,7786,7787,1845,275529,143910000.0,OI2309
2023-05-29 22:06:00,7786,7792,7785,7789,1921,275564,149838000.0,OI2309
2023-05-29 22:07:00,7790,7794,7788,7791,1381,275603,107718000.0,OI2309
2023-05-29 22:08:00,7791,7794,7790,7793,767,275626,59826000.0,OI2309
2023-05-29 22:09:00,7793,7796,7791,7792,1033,275594,80574000.0,OI2309
2023-05-29 22:10:00,7791,7796,7791,7795,754,275750,58812000.0,OI2309
2023-05-29 22:11:00,7795,7799,7795,7795,1150,275730,89700000.0,OI2309
2023-05-29 22:12:00,7795,7796,7792,7793,929,275760,72462000.0,OI2309
2023-05-29 22:13:00,7793,7802,7792,7797,1785,275731,139230000.0,OI2309
2023-05-29 22:14:00,7797,7801,7797,7800,449,275698,35022000.0,OI2309
2023-05-29 22:15:00,7800,7802,7795,7802,1141,275752,88998000.0,OI2309
2023-05-29 22:16:00,7802,7802,7800,7800,473,275709,36894000.0,OI2309
2023-05-29 22:17:00,7800,7804,7800,7804,831,275642,64818000.0,OI2309
2023-05-29 22:18:00,7804,7807,7804,7807,1027,275596,80106000.0,OI2309
2023-05-29 22:19:00,7806,7812,7806,7811,1584,275350,123552000.0,OI2309
2023-05-29 22:20:00,7812,7822,7812,7821,2832,275309,220896000.0,OI2309
2023-05-29 22:21:00,7821,7824,7819,7823,1706,275330,133068000.0,OI2309
2023-05-29 22:22:00,7823,7825,7822,7824,1401,275297,110572420.0,OI2309
2023-05-29 22:23:00,7824,7824,7817,7823,2005,275342,156410050.0,OI2309
2023-05-29 22:24:00,7822,7823,7818,7822,1017,275297,79336170.0,OI2309
2023-05-29 22:25:00,7822,7824,7816,7823,1574,275332,122787740.0,OI2309
2023-05-29 22:26:00,7823,7826,7823,7825,1660,275587,130853580.0,OI2309
2023-05-29 22:27:00,7826,7826,7818,7821,1627,275687,126938540.0,OI2309
2023-05-29 22:28:00,7821,7823,7819,7821,887,275804,69203740.0,OI2309
2023-05-29 22:29:00,7821,7821,7817,7820,807,275860,62962140.0,OI2309
2023-05-29 22:30:00,7820,7824,7818,7819,756,275881,58983120.0,OI2309
2023-05-29 22:31:00,7819,7823,7819,7822,655,275984,51103100.0,OI2309
2023-05-29 22:32:00,7823,7836,7823,7836,3723,276064,291909990.0,OI2309
2023-05-29 22:33:00,7836,7837,7830,7830,1714,276089,133743420.0,OI2309
2023-05-29 22:34:00,7830,7831,7821,7823,2196,275969,172834510.0,OI2309
2023-05-29 22:35:00,7823,7823,7818,7818,1374,275788,107226960.0,OI2309
2023-05-29 22:36:00,7819,7819,7816,7816,1181,275534,92165240.0,OI2309
2023-05-29 22:37:00,7817,7817,7807,7812,2647,275200,206571880.0,OI2309
2023-05-29 22:38:00,7811,7813,7809,7810,1048,275092,81785920.0,OI2309
2023-05-29 22:39:00,7809,7812,7803,7804,2023,275096,157874920.0,OI2309
2023-05-29 22:40:00,7804,7804,7799,7800,1800,275030,140472000.0,OI2309
2023-05-29 22:41:00,7799,7802,7797,7797,1285,274984,100281400.0,OI2309
2023-05-29 22:42:00,7796,7801,7796,7799,1508,275090,117684320.0,OI2309
2023-05-29 22:43:00,7798,7801,7791,7801,2425,274932,189247000.0,OI2309
2023-05-29 22:44:00,7801,7801,7797,7799,1261,274966,98408440.0,OI2309
2023-05-29 22:45:00,7798,7800,7793,7798,1346,274971,105041840.0,OI2309
2023-05-29 22:46:00,7798,7799,7795,7799,559,274948,43624360.0,OI2309
2023-05-29 22:47:00,7799,7800,7795,7796,637,275073,49711480.0,OI2309
2023-05-29 22:48:00,7797,7797,7794,7796,585,275124,45653400.0,OI2309
2023-05-29 22:49:00,7796,7800,7794,7797,1015,275183,79210600.0,OI2309
2023-05-29 22:50:00,7797,7802,7796,7797,1110,275017,86624400.0,OI2309
2023-05-29 22:51:00,7797,7800,7794,7797,888,274931,69299520.0,OI2309
2023-05-29 22:52:00,7798,7802,7798,7800,757,274802,59076280.0,OI2309
2023-05-29 22:53:00,7800,7802,7797,7801,525,274585,40971000.0,OI2309
2023-05-29 22:54:00,7801,7801,7797,7800,448,274455,34961920.0,OI2309
2023-05-29 22:55:00,7801,7802,7798,7798,592,274417,46199680.0,OI2309
2023-05-29 22:56:00,7797,7801,7797,7801,469,274324,36600760.0,OI2309
2023-05-29 22:57:00,7800,7802,7799,7800,546,274096,42609840.0,OI2309
2023-05-29 22:58:00,7801,7808,7800,7806,1697,273358,132433880.0,OI2309
2023-05-29 22:59:00,7807,7812,7804,7809,1611,272624,125722440.0,OI2309
2023-05-30 09:00:00,7802,7805,7794,7796,3346,272810,261121840.0,OI2309
2023-05-30 09:01:00,7797,7797,7782,7782,4291,273019,333019270.0,OI2309
2023-05-30 09:02:00,7783,7790,7778,7790,3285,273180,256328550.0,OI2309
2023-05-30 09:03:00,7789,7794,7784,7792,2445,273639,190783350.0,OI2309
2023-05-30 09:04:00,7791,7796,7790,7795,1236,273778,96445080.0,OI2309
2023-05-30 09:05:00,7795,7800,7789,7793,1673,273899,128607430.0,OI2309
2023-05-30 09:06:00,7793,7806,7790,7805,2401,274155,187326020.0,OI2309
2023-05-30 09:07:00,7804,7808,7802,7804,1655,274176,129123100.0,OI2309
2023-05-30 09:08:00,7803,7811,7803,7811,1627,274430,128932130.0,OI2309
2023-05-30 09:09:00,7810,7813,7801,7802,1633,274445,127422990.0,OI2309
2023-05-30 09:10:00,7803,7803,7795,7796,1970,274376,153719100.0,OI2309
2023-05-30 09:11:00,7797,7813,7796,7809,2363,274557,184384890.0,OI2309
2023-05-30 09:12:00,7809,7815,7809,7812,1431,274577,111660930.0,OI2309
2023-05-30 09:13:00,7811,7814,7807,7813,1543,274560,120400290.0,OI2309
2023-05-30 09:14:00,7814,7816,7812,7814,957,274629,74674710.0,OI2309
2023-05-30 09:15:00,7813,7822,7810,7820,2118,274368,165267540.0,OI2309
2023-05-30 09:16:00,7820,7822,7815,7819,1368,274392,106745040.0,OI2309
2023-05-30 09:17:00,7819,7826,7817,7825,1529,274494,119307870.0,OI2309
2023-05-30 09:18:00,7825,7834,7823,7824,3580,274682,281525910.0,OI2309
2023-05-30 09:19:00,7824,7827,7818,7826,1895,274690,147885800.0,OI2309
2023-05-30 09:20:00,7825,7828,7821,7827,1755,274653,136960200.0,OI2309
2023-05-30 09:21:00,7828,7829,7820,7825,1919,274902,149758760.0,OI2309
2023-05-30 09:22:00,7824,7825,7820,7821,1370,274727,106914800.0,OI2309
2023-05-30 09:23:00,7822,7827,7820,7827,1304,274902,101764160.0,OI2309
2023-05-30 09:24:00,7826,7828,7823,7824,1324,275065,103324960.0,OI2309
2023-05-30 09:25:00,7825,7832,7823,7832,1593,275256,126607830.0,OI2309
2023-05-30 09:26:00,7833,7834,7828,7828,1328,275366,103650400.0,OI2309
2023-05-30 09:27:00,7828,7829,7824,7827,810,275458,63220500.0,OI2309
2023-05-30 09:28:00,7827,7828,7821,7822,1293,275652,100918650.0,OI2309
2023-05-30 09:29:00,7823,7826,7820,7825,1038,275736,81015900.0,OI2309
2023-05-30 09:30:00,7824,7825,7817,7820,1562,275720,121914100.0,OI2309
2023-05-30 09:31:00,7820,7822,7812,7817,1883,275458,146968150.0,OI2309
2023-05-30 09:32:00,7817,7817,7807,7810,1756,275242,137055800.0,OI2309
2023-05-30 09:33:00,7810,7810,7802,7805,2300,274844,179515000.0,OI2309
2023-05-30 09:34:00,7805,7805,7798,7803,2427,274659,189427350.0,OI2309
2023-05-30 09:35:00,7802,7802,7793,7798,2958,274659,230871900.0,OI2309
2023-05-30 09:36:00,7798,7805,7797,7800,1946,274758,151885300.0,OI2309
2023-05-30 09:37:00,7799,7802,7793,7794,1586,274935,123787300.0,OI2309
2023-05-30 09:38:00,7794,7796,7791,7791,1976,275181,154226800.0,OI2309
2023-05-30 09:39:00,7790,7792,7783,7784,3218,275788,251164900.0,OI2309
2023-05-30 09:40:00,7783,7784,7777,7777,3925,276580,303756080.0,OI2309
2023-05-30 09:41:00,7778,7778,7756,7760,8654,277060,672681450.0,OI2309
2023-05-30 09:42:00,7761,7765,7757,7758,4568,277292,353718650.0,OI2309
2023-05-30 09:43:00,7758,7774,7755,7769,5026,276925,392128520.0,OI2309
2023-05-30 09:44:00,7770,7774,7770,7774,1962,276836,152202880.0,OI2309
2023-05-30 09:45:00,7773,7783,7771,7781,3149,276786,245653490.0,OI2309
2023-05-30 09:46:00,7782,7787,7781,7783,2566,276647,200173660.0,OI2309
2023-05-30 09:47:00,7785,7787,7776,7776,1920,276714,149779200.0,OI2309
2023-05-30 09:48:00,7777,7781,7776,7777,1160,276759,90491600.0,OI2309
2023-05-30 09:49:00,7777,7778,7767,7767,1983,276834,154693830.0,OI2309
2023-05-30 09:50:00,7767,7772,7765,7769,1598,276916,121743950.0,OI2309
2023-05-30 09:51:00,7768,7773,7764,7766,2158,277309,168324000.0,OI2309
2023-05-30 09:52:00,7766,7776,7765,7774,1642,277442,128076000.0,OI2309
2023-05-30 09:53:00,7773,7779,7771,7775,1558,277521,121524000.0,OI2309
2023-05-30 09:54:00,7775,7781,7774,7777,1235,277458,96330000.0,OI2309
2023-05-30 09:55:00,7778,7782,7776,7780,853,277458,66534000.0,OI2309
2023-05-30 09:56:00,7779,7789,7779,7784,1957,277204,152646000.0,OI2309
2023-05-30 09:57:00,7784,7792,7784,7791,1471,277124,114738000.0,OI2309
2023-05-30 09:58:00,7790,7794,7789,7793,1525,277046,115909980.0,OI2309
2023-05-30 09:59:00,7792,7795,7789,7794,1845,276938,143891550.0,OI2309
2023-05-30 10:00:00,7794,7801,7790,7796,3068,276666,239273320.0,OI2309
2023-05-30 10:01:00,7796,7805,7796,7804,3079,276754,240131210.0,OI2309
2023-05-30 10:02:00,7804,7810,7804,7808,1984,276760,154732160.0,OI2309
2023-05-30 10:03:00,7807,7813,7804,7811,2740,276955,216859780.0,OI2309
2023-05-30 10:04:00,7811,7815,7810,7815,2264,277101,176592000.0,OI2309
2023-05-30 10:05:00,7816,7822,7813,7819,3712,277354,289536000.0,OI2309
2023-05-30 10:06:00,7819,7824,7817,7821,3079,277790,240162000.0,OI2309
2023-05-30 10:07:00,7822,7823,7816,7819,1860,278101,145080000.0,OI2309
2023-05-30 10:08:00,7819,7820,7810,7811,3204,277973,249912000.0,OI2309
2023-05-30 10:09:00,7811,7812,7805,7808,2616,278031,204048000.0,OI2309
2023-05-30 10:10:00,7808,7809,7795,7798,3439,277415,268242000.0,OI2309
2023-05-30 10:11:00,7797,7797,7785,7792,3642,276647,284076000.0,OI2309
2023-05-30 10:12:00,7791,7805,7790,7804,2067,276382,161226000.0,OI2309
2023-05-30 10:13:00,7804,7814,7804,7811,2004,276512,156312000.0,OI2309
2023-05-30 10:14:00,7811,7816,7811,7814,1290,276469,100620000.0,OI2309
2023-05-30 10:30:00,7813,7815,7806,7813,1775,276543,138450000.0,OI2309
2023-05-30 10:31:00,7815,7824,7812,7820,4512,277184,355457820.0,OI2309
2023-05-30 10:32:00,7820,7822,7811,7811,1942,277259,151495420.0,OI2309
2023-05-30 10:33:00,7810,7813,7802,7804,1755,277148,136907550.0,OI2309
2023-05-30 10:34:00,7803,7810,7803,7809,755,277100,58897550.0,OI2309
2023-05-30 10:35:00,7809,7816,7808,7815,1128,277186,87995280.0,OI2309
2023-05-30 10:36:00,7816,7816,7809,7811,1120,277454,87371200.0,OI2309
2023-05-30 10:37:00,7810,7816,7808,7813,1000,277509,78010000.0,OI2309
2023-05-30 10:38:00,7813,7813,7800,7801,1971,277173,153757710.0,OI2309
2023-05-30 10:39:00,7801,7806,7796,7798,1707,277091,133163070.0,OI2309
2023-05-30 10:40:00,7798,7803,7796,7800,1524,276849,118887240.0,OI2309
2023-05-30 10:41:00,7799,7803,7798,7802,744,276866,58039440.0,OI2309
2023-05-30 10:42:00,7802,7802,7798,7798,703,276797,54841030.0,OI2309
2023-05-30 10:43:00,7798,7802,7793,7802,1509,276846,117717090.0,OI2309
2023-05-30 10:44:00,7801,7807,7800,7804,1368,276841,106717680.0,OI2309
2023-05-30 10:45:00,7805,7809,7803,7806,1313,276841,102427130.0,OI2309
2023-05-30 10:46:00,7805,7805,7793,7795,1757,276605,137063570.0,OI2309
2023-05-30 10:47:00,7795,7798,7794,7798,795,276473,62017950.0,OI2309
2023-05-30 10:48:00,7798,7803,7793,7803,1332,276392,103909320.0,OI2309
2023-05-30 10:49:00,7802,7804,7796,7800,1070,276625,83470700.0,OI2309
2023-05-30 10:50:00,7800,7803,7797,7799,1128,276658,87995280.0,OI2309
2023-05-30 10:51:00,7798,7799,7787,7790,2838,276763,221392380.0,OI2309
2023-05-30 10:52:00,7790,7796,7789,7793,802,276876,62564020.0,OI2309
2023-05-30 10:53:00,7792,7797,7792,7795,805,276984,62798050.0,OI2309
2023-05-30 10:54:00,7795,7795,7790,7794,590,277062,46025900.0,OI2309
2023-05-30 10:55:00,7794,7797,7789,7790,1033,277115,80584330.0,OI2309
2023-05-30 10:56:00,7790,7792,7789,7790,614,277058,47898140.0,OI2309
2023-05-30 10:57:00,7789,7790,7784,7786,1506,277112,117483060.0,OI2309
2023-05-30 10:58:00,7786,7787,7774,7775,2938,277069,227162850.0,OI2309
2023-05-30 10:59:00,7775,7777,7770,7772,3285,276700,256230000.0,OI2309
2023-05-30 11:00:00,7772,7776,7766,7772,3611,277020,281658000.0,OI2309
2023-05-30 11:01:00,7771,7775,7769,7770,2060,277119,160680000.0,OI2309
2023-05-30 11:02:00,7769,7771,7765,7766,2224,277292,173472000.0,OI2309
2023-05-30 11:03:00,7767,7769,7763,7764,2153,277429,167231220.0,OI2309
2023-05-30 11:04:00,7765,7765,7759,7759,2241,277853,174775590.0,OI2309
2023-05-30 11:05:00,7758,7766,7758,7763,2688,278138,209637120.0,OI2309
2023-05-30 11:06:00,7763,7774,7763,7770,3023,277989,235763770.0,OI2309
2023-05-30 11:07:00,7771,7773,7769,7772,1033,277974,80563670.0,OI2309
2023-05-30 11:08:00,7771,7772,7764,7765,1062,278138,82825380.0,OI2309
2023-05-30 11:09:00,7764,7766,7762,7764,1416,278302,110433840.0,OI2309
2023-05-30 11:10:00,7764,7769,7763,7767,1178,278375,87733190.0,OI2309
2023-05-30 11:11:00,7767,7773,7766,7773,1074,278369,83750520.0,OI2309
2023-05-30 11:12:00,7774,7774,7767,7770,925,278382,72131500.0,OI2309
2023-05-30 11:13:00,7771,7774,7766,7773,1037,278451,80865260.0,OI2309
2023-05-30 11:14:00,7773,7774,7770,7771,527,278353,41095460.0,OI2309
2023-05-30 11:15:00,7771,7781,7770,7777,2118,278028,165161640.0,OI2309
2023-05-30 11:16:00,7777,7778,7764,7767,2093,278269,163212140.0,OI2309
2023-05-30 11:17:00,7767,7770,7766,7768,851,278514,66360980.0,OI2309
2023-05-30 11:18:00,7768,7769,7744,7754,7173,278221,555264440.0,OI2309
2023-05-30 11:19:00,7752,7756,7747,7747,2228,278497,173717160.0,OI2309
2023-05-30 11:20:00,7748,7759,7740,7757,3852,278302,300027820.0,OI2309
2023-05-30 11:21:00,7757,7765,7757,7760,2241,278595,174708360.0,OI2309
2023-05-30 11:22:00,7761,7764,7755,7755,1694,278848,132064240.0,OI2309
2023-05-30 11:23:00,7756,7758,7746,7746,1993,278808,155374280.0,OI2309
2023-05-30 11:24:00,7745,7750,7744,7747,1607,278901,125281720.0,OI2309
2023-05-30 11:25:00,7746,7747,7737,7741,2994,279003,230912090.0,OI2309
2023-05-30 11:26:00,7740,7743,7733,7741,2385,278914,185910750.0,OI2309
2023-05-30 11:27:00,7740,7743,7738,7740,1076,279030,83874200.0,OI2309
2023-05-30 11:28:00,7740,7745,7740,7743,781,278950,60878950.0,OI2309
2023-05-30 11:29:00,7743,7746,7740,7742,1369,278593,106713550.0,OI2309
2023-05-30 13:30:00,7731,7731,7716,7721,7382,279507,570833870.0,OI2309
2023-05-30 13:31:00,7720,7727,7717,7726,4737,279404,364561380.0,OI2309
2023-05-30 13:32:00,7727,7728,7714,7728,3193,279616,245470500.0,OI2309
2023-05-30 13:33:00,7728,7728,7717,7720,1854,279689,144463680.0,OI2309
2023-05-30 13:34:00,7720,7725,7717,7718,1942,279617,151320640.0,OI2309
2023-05-30 13:35:00,7718,7725,7716,7721,1829,279621,142515680.0,OI2309
2023-05-30 13:36:00,7721,7727,7717,7726,2623,280114,201242150.0,OI2309
2023-05-30 13:37:00,7726,7726,7719,7720,1486,280239,115774260.0,OI2309
2023-05-30 13:38:00,7721,7727,7704,7707,5838,279677,452859920.0,OI2309
2023-05-30 13:39:00,7707,7712,7703,7710,3951,280432,306914560.0,OI2309
2023-05-30 13:40:00,7708,7711,7705,7707,2417,280830,188260130.0,OI2309
2023-05-30 13:41:00,7705,7710,7694,7707,4420,280534,339337870.0,OI2309
2023-05-30 13:42:00,7707,7714,7706,7708,2378,280834,185198640.0,OI2309
2023-05-30 13:43:00,7709,7709,7697,7701,2327,280608,176243780.0,OI2309
2023-05-30 13:44:00,7701,7710,7701,7707,1518,280750,118206660.0,OI2309
2023-05-30 13:45:00,7708,7716,7706,7715,2684,280795,209003080.0,OI2309
2023-05-30 13:46:00,7715,7722,7714,7715,2747,281097,211482730.0,OI2309
2023-05-30 13:47:00,7715,7720,7711,7713,1767,281068,137578620.0,OI2309
2023-05-30 13:48:00,7712,7722,7711,7721,1401,281178,109081860.0,OI2309
2023-05-30 13:49:00,7721,7727,7714,7718,1766,281108,137500760.0,OI2309
2023-05-30 13:50:00,7719,7719,7712,7713,1603,281495,121769910.0,OI2309
2023-05-30 13:51:00,7713,7713,7705,7711,2201,281497,171347850.0,OI2309
2023-05-30 13:52:00,7711,7713,7708,7710,1034,281515,80496900.0,OI2309
2023-05-30 13:53:00,7709,7713,7706,7708,1277,281532,99414450.0,OI2309
2023-05-30 13:54:00,7709,7716,7709,7713,1357,281572,105642450.0,OI2309
2023-05-30 13:55:00,7713,7717,7706,7707,1433,281656,108671710.0,OI2309
2023-05-30 13:56:00,7708,7720,7706,7719,1230,281573,95743200.0,OI2309
2023-05-30 13:57:00,7719,7719,7714,7714,988,281753,76905920.0,OI2309
2023-05-30 13:58:00,7715,7722,7713,7720,1173,281842,91306320.0,OI2309
2023-05-30 13:59:00,7719,7720,7712,7712,1032,281998,80330880.0,OI2309
2023-05-30 14:00:00,7712,7722,7709,7720,1416,282127,110221440.0,OI2309
2023-05-30 14:01:00,7720,7724,7719,7724,1037,282162,80720080.0,OI2309
2023-05-30 14:02:00,7724,7725,7721,7724,1001,282175,77675730.0,OI2309
2023-05-30 14:03:00,7726,7728,7717,7727,1676,282175,130443080.0,OI2309
2023-05-30 14:04:00,7726,7733,7723,7732,1864,282046,145075120.0,OI2309
2023-05-30 14:05:00,7732,7733,7724,7726,1663,282041,129431290.0,OI2309
2023-05-30 14:06:00,7726,7734,7725,7734,1607,282223,125072810.0,OI2309
2023-05-30 14:07:00,7734,7746,7734,7740,3528,281872,269211230.0,OI2309
2023-05-30 14:08:00,7739,7740,7731,7738,1641,281801,127702620.0,OI2309
2023-05-30 14:09:00,7739,7743,7739,7741,2294,281760,178519080.0,OI2309
2023-05-30 14:10:00,7742,7742,7730,7730,1967,281559,153071940.0,OI2309
2023-05-30 14:11:00,7729,7731,7724,7730,1937,281374,150737340.0,OI2309
2023-05-30 14:12:00,7731,7731,7724,7727,1127,281525,87703140.0,OI2309
2023-05-30 14:13:00,7727,7727,7724,7724,504,281565,39221280.0,OI2309
2023-05-30 14:14:00,7724,7725,7719,7722,1853,281198,143020210.0,OI2309
2023-05-30 14:15:00,7721,7724,7719,7721,844,281111,65671640.0,OI2309
2023-05-30 14:16:00,7721,7726,7720,7725,691,281126,53766710.0,OI2309
2023-05-30 14:17:00,7725,7734,7724,7734,1690,281078,131498900.0,OI2309
2023-05-30 14:18:00,7734,7736,7729,7734,639,281106,49720590.0,OI2309
2023-05-30 14:19:00,7735,7737,7727,7736,875,281053,68083750.0,OI2309
2023-05-30 14:20:00,7737,7737,7731,7736,791,281118,61547710.0,OI2309
2023-05-30 14:21:00,7736,7743,7736,7740,1749,281140,136089690.0,OI2309
2023-05-30 14:22:00,7740,7742,7735,7741,1012,281174,78743720.0,OI2309
2023-05-30 14:23:00,7741,7741,7735,7735,974,281126,75786940.0,OI2309
2023-05-30 14:24:00,7736,7739,7732,7738,854,281329,65281520.0,OI2309
2023-05-30 14:25:00,7738,7740,7734,7739,590,281368,45902000.0,OI2309
2023-05-30 14:26:00,7739,7747,7737,7745,2355,281285,183219000.0,OI2309
2023-05-30 14:27:00,7746,7752,7744,7751,2492,281251,193877600.0,OI2309
2023-05-30 14:28:00,7751,7752,7747,7752,1872,281335,145641600.0,OI2309
2023-05-30 14:29:00,7752,7754,7748,7750,1680,281446,130704000.0,OI2309
2023-05-30 14:30:00,7751,7764,7747,7758,3915,280962,304587000.0,OI2309
2023-05-30 14:31:00,7757,7762,7752,7757,2219,280761,172638200.0,OI2309
2023-05-30 14:32:00,7757,7758,7753,7753,1131,280721,87991800.0,OI2309
2023-05-30 14:33:00,7753,7757,7752,7755,1110,280723,86358000.0,OI2309
2023-05-30 14:34:00,7755,7765,7754,7764,2404,280620,187031200.0,OI2309
2023-05-30 14:35:00,7765,7766,7757,7760,1863,280534,143847910.0,OI2309
2023-05-30 14:36:00,7760,7762,7756,7760,1279,280528,99493410.0,OI2309
2023-05-30 14:37:00,7760,7760,7754,7756,1344,280480,104549760.0,OI2309
2023-05-30 14:38:00,7755,7759,7752,7754,1335,280403,103849650.0,OI2309
2023-05-30 14:39:00,7755,7755,7748,7751,1884,280149,146556360.0,OI2309
2023-05-30 14:40:00,7751,7751,7744,7745,1963,279986,152701770.0,OI2309
2023-05-30 14:41:00,7746,7746,7738,7745,1803,279657,140255370.0,OI2309
2023-05-30 14:42:00,7745,7745,7740,7742,993,279547,77245470.0,OI2309
2023-05-30 14:43:00,7742,7750,7741,7747,1045,279443,81290550.0,OI2309
2023-05-30 14:44:00,7747,7750,7746,7750,572,279410,44495880.0,OI2309
2023-05-30 14:45:00,7749,7750,7741,7743,1113,279314,86580270.0,OI2309
2023-05-30 14:46:00,7743,7747,7741,7741,844,279055,65654760.0,OI2309
2023-05-30 14:47:00,7741,7746,7738,7744,845,278891,65732550.0,OI2309
2023-05-30 14:48:00,7743,7747,7742,7743,774,278858,60209460.0,OI2309
2023-05-30 14:49:00,7743,7746,7742,7745,758,278795,58964820.0,OI2309
2023-05-30 14:50:00,7745,7756,7745,7754,1860,278815,144689400.0,OI2309
2023-05-30 14:51:00,7754,7759,7754,7758,1170,278800,88210800.0,OI2309
2023-05-30 14:52:00,7757,7761,7756,7759,1224,278881,95202720.0,OI2309
2023-05-30 14:53:00,7759,7759,7753,7759,1004,278816,78091120.0,OI2309
2023-05-30 14:54:00,7758,7762,7756,7759,1080,278566,84002400.0,OI2309
2023-05-30 14:55:00,7759,7761,7754,7755,1419,278132,110369820.0,OI2309
2023-05-30 14:56:00,7756,7758,7755,7755,953,278062,74124340.0,OI2309
2023-05-30 14:57:00,7757,7762,7755,7760,1553,277827,120792340.0,OI2309
2023-05-30 14:58:00,7760,7764,7758,7758,1588,277544,123514640.0,OI2309
2023-05-30 14:59:00,7758,7762,7757,7759,1747,276686,135881660.0,OI2309
2023-05-30 21:00:00,7722,7738,7717,7729,8073,276846,623800710.0,OI2309
2023-05-30 21:01:00,7728,7730,7718,7723,5427,276765,419209290.0,OI2309
2023-05-30 21:02:00,7724,7725,7711,7715,4086,276815,315156780.0,OI2309
2023-05-30 21:03:00,7714,7715,7697,7705,4862,276856,374594340.0,OI2309
2023-05-30 21:04:00,7703,7704,7694,7702,4544,277043,349941600.0,OI2309
2023-05-30 21:05:00,7703,7704,7683,7684,6191,277214,476038410.0,OI2309
2023-05-30 21:06:00,7684,7684,7675,7681,4763,277263,365757090.0,OI2309
2023-05-30 21:07:00,7682,7693,7678,7691,3403,276768,261855720.0,OI2309
2023-05-30 21:08:00,7691,7693,7686,7686,2472,276742,190054110.0,OI2309
2023-05-30 21:09:00,7687,7688,7677,7677,3155,277035,242153230.0,OI2309
2023-05-30 21:10:00,7677,7692,7676,7690,2819,277132,216649620.0,OI2309
2023-05-30 21:11:00,7690,7693,7683,7693,2411,277107,185695220.0,OI2309
2023-05-30 21:12:00,7694,7694,7682,7688,2109,277092,161892030.0,OI2309
2023-05-30 21:13:00,7688,7692,7683,7687,1498,277048,115360980.0,OI2309
2023-05-30 21:14:00,7688,7688,7681,7683,1709,277058,131034870.0,OI2309
2023-05-30 21:15:00,7684,7688,7678,7686,2359,277202,181643000.0,OI2309
2023-05-30 21:16:00,7685,7686,7678,7684,1703,277162,130515160.0,OI2309
2023-05-30 21:17:00,7685,7685,7664,7667,5251,277607,402937790.0,OI2309
2023-05-30 21:18:00,7667,7674,7665,7667,3626,277907,277684000.0,OI2309
2023-05-30 21:19:00,7668,7673,7666,7671,2243,277973,172598850.0,OI2309
2023-05-30 21:20:00,7672,7675,7669,7673,1354,278059,103449720.0,OI2309
2023-05-30 21:21:00,7673,7675,7667,7667,1928,278135,148340320.0,OI2309
2023-05-30 21:22:00,7667,7672,7661,7668,3048,277596,233722780.0,OI2309
2023-05-30 21:23:00,7667,7668,7657,7663,3200,277641,244531320.0,OI2309
2023-05-30 21:24:00,7663,7665,7656,7656,2156,278015,165817960.0,OI2309
2023-05-30 21:25:00,7656,7660,7654,7658,1394,278193,106354700.0,OI2309
2023-05-30 21:26:00,7658,7664,7657,7661,2087,278305,159611590.0,OI2309
2023-05-30 21:27:00,7660,7670,7656,7667,2876,278067,221135640.0,OI2309
2023-05-30 21:28:00,7666,7669,7664,7667,1372,278255,104571890.0,OI2309
2023-05-30 21:29:00,7668,7669,7663,7668,962,278429,73958560.0,OI2309
2023-05-30 21:30:00,7667,7668,7653,7660,2828,278783,216457550.0,OI2309
2023-05-30 21:31:00,7661,7667,7651,7665,3139,278924,240304450.0,OI2309
2023-05-30 21:32:00,7666,7667,7656,7658,1973,279222,151644780.0,OI2309
2023-05-30 21:33:00,7657,7657,7646,7651,3761,279215,287345170.0,OI2309
2023-05-30 21:34:00,7652,7652,7638,7641,3730,279508,285528080.0,OI2309
2023-05-30 21:35:00,7640,7642,7636,7641,3004,279890,229682160.0,OI2309
2023-05-30 21:36:00,7641,7649,7638,7649,2328,279928,177976910.0,OI2309
2023-05-30 21:37:00,7646,7650,7639,7641,2320,279906,177037560.0,OI2309
2023-05-30 21:38:00,7640,7641,7632,7633,3029,280312,231435270.0,OI2309
2023-05-30 21:39:00,7634,7634,7625,7626,3182,280780,243122030.0,OI2309
2023-05-30 21:40:00,7626,7635,7625,7631,2682,281152,204673390.0,OI2309
2023-05-30 21:41:00,7630,7634,7628,7629,2486,281653,189574790.0,OI2309
2023-05-30 21:42:00,7629,7631,7619,7623,3261,281881,249006320.0,OI2309
2023-05-30 21:43:00,7623,7628,7617,7627,2977,281974,225809130.0,OI2309
2023-05-30 21:44:00,7626,7628,7619,7624,2175,282125,166887750.0,OI2309
2023-05-30 21:45:00,7624,7625,7617,7617,2351,282443,179009160.0,OI2309
2023-05-30 21:46:00,7617,7624,7616,7622,1895,282768,143982380.0,OI2309
2023-05-30 21:47:00,7621,7622,7607,7608,4347,283325,330567390.0,OI2309
2023-05-30 21:48:00,7608,7612,7606,7611,2796,283432,213804570.0,OI2309
2023-05-30 21:49:00,7610,7610,7605,7608,2692,283874,204922190.0,OI2309
2023-05-30 21:50:00,7608,7612,7604,7606,2341,283694,177960690.0,OI2309
2023-05-30 21:51:00,7606,7612,7603,7603,2648,284063,201445420.0,OI2309
2023-05-30 21:52:00,7603,7605,7584,7596,10312,285097,784365240.0,OI2309
2023-05-30 21:53:00,7595,7599,7590,7592,2940,285610,223550620.0,OI2309
2023-05-30 21:54:00,7592,7594,7586,7591,3325,286161,251824850.0,OI2309
2023-05-30 21:55:00,7592,7596,7588,7589,2298,286336,174241830.0,OI2309
2023-05-30 21:56:00,7590,7590,7578,7585,4236,287106,322722830.0,OI2309
2023-05-30 21:57:00,7585,7586,7578,7582,2407,287591,182474480.0,OI2309
2023-05-30 21:58:00,7581,7589,7580,7587,2508,287822,190156880.0,OI2309
2023-05-30 21:59:00,7587,7590,7582,7582,1681,288116,126816410.0,OI2309
2023-05-30 22:00:00,7581,7586,7574,7582,3713,288547,282450780.0,OI2309
2023-05-30 22:01:00,7582,7582,7566,7567,5397,289052,407163150.0,OI2309
2023-05-30 22:02:00,7567,7571,7562,7568,4642,289938,353081730.0,OI2309
2023-05-30 22:03:00,7565,7566,7558,7560,4378,290566,330772180.0,OI2309
2023-05-30 22:04:00,7561,7567,7560,7566,2761,291125,209049820.0,OI2309
2023-05-30 22:05:00,7566,7566,7553,7560,3815,291512,287467970.0,OI2309
2023-05-30 22:06:00,7560,7562,7556,7559,1721,291818,130768130.0,OI2309
2023-05-30 22:07:00,7559,7584,7559,7579,7514,290753,569846400.0,OI2309
2023-05-30 22:08:00,7580,7594,7578,7589,6223,290364,473188230.0,OI2309
2023-05-30 22:09:00,7590,7591,7580,7582,3551,290644,268976410.0,OI2309
2023-05-30 22:10:00,7582,7590,7575,7576,3305,291090,250202340.0,OI2309
2023-05-30 22:11:00,7575,7577,7565,7565,3861,291494,292508430.0,OI2309
2023-05-30 22:12:00,7565,7570,7562,7564,2243,291862,168896910.0,OI2309
2023-05-30 22:13:00,7564,7569,7563,7568,1523,291937,116281050.0,OI2309
2023-05-30 22:14:00,7569,7574,7568,7569,2200,292363,165554200.0,OI2309
2023-05-30 22:15:00,7568,7573,7566,7573,1878,292672,143366520.0,OI2309
2023-05-30 22:16:00,7573,7581,7572,7579,2093,292749,157938460.0,OI2309
2023-05-30 22:17:00,7579,7584,7574,7577,1926,292711,147011580.0,OI2309
2023-05-30 22:18:00,7577,7579,7569,7571,1583,292922,120830390.0,OI2309
2023-05-30 22:19:00,7571,7577,7571,7575,1103,293040,81815060.0,OI2309
2023-05-30 22:20:00,7575,7576,7569,7572,1317,293285,100513440.0,OI2309
2023-05-30 22:21:00,7572,7572,7565,7569,1351,293493,103108320.0,OI2309
2023-05-30 22:22:00,7569,7571,7560,7566,2029,293789,152304680.0,OI2309
2023-05-30 22:23:00,7566,7566,7544,7550,5783,294361,438433630.0,OI2309
2023-05-30 22:24:00,7549,7557,7549,7555,2591,294336,197667390.0,OI2309
2023-05-30 22:25:00,7555,7556,7548,7552,1924,294765,144130380.0,OI2309
2023-05-30 22:26:00,7553,7558,7549,7553,2014,295203,152863590.0,OI2309
2023-05-30 22:27:00,7552,7552,7539,7545,4154,295333,314112320.0,OI2309
2023-05-30 22:28:00,7546,7553,7545,7551,2520,295334,190420250.0,OI2309
2023-05-30 22:29:00,7552,7553,7547,7550,1946,295545,148382500.0,OI2309
2023-05-30 22:30:00,7549,7549,7537,7547,3095,295554,233204880.0,OI2309
2023-05-30 22:31:00,7549,7551,7540,7542,2390,295787,179693240.0,OI2309
2023-05-30 22:32:00,7541,7549,7541,7548,2015,295978,153603450.0,OI2309
2023-05-30 22:33:00,7547,7550,7544,7548,1506,296019,111954400.0,OI2309
2023-05-30 22:34:00,7549,7550,7543,7548,3591,295501,272866610.0,OI2309
2023-05-30 22:35:00,7548,7549,7544,7545,1227,295493,93509670.0,OI2309
2023-05-30 22:36:00,7545,7549,7544,7549,836,295476,63711560.0,OI2309
2023-05-30 22:37:00,7549,7555,7542,7550,2832,295445,212893880.0,OI2309
2023-05-30 22:38:00,7549,7555,7549,7552,1861,295269,141808200.0,OI2309
2023-05-30 22:39:00,7553,7561,7552,7557,2184,295170,163975170.0,OI2309
2023-05-30 22:40:00,7557,7563,7555,7558,1949,294987,148494310.0,OI2309
2023-05-30 22:41:00,7559,7564,7556,7560,1499,294959,114208810.0,OI2309
2023-05-30 22:42:00,7561,7566,7558,7562,1926,294461,144369710.0,OI2309
2023-05-30 22:43:00,7562,7562,7557,7559,1019,294330,77627420.0,OI2309
2023-05-30 22:44:00,7558,7560,7552,7552,1472,294171,112136960.0,OI2309
2023-05-30 22:45:00,7550,7553,7546,7551,2489,293897,186535190.0,OI2309
2023-05-30 22:46:00,7551,7558,7551,7552,1114,293745,84853380.0,OI2309
2023-05-30 22:47:00,7552,7558,7552,7557,810,293642,61697700.0,OI2309
2023-05-30 22:48:00,7557,7557,7549,7552,1239,293478,94374630.0,OI2309
2023-05-30 22:49:00,7551,7555,7551,7552,516,293431,39303720.0,OI2309
2023-05-30 22:50:00,7552,7554,7550,7552,859,293449,65269130.0,OI2309
2023-05-30 22:51:00,7551,7556,7551,7555,520,293462,39603200.0,OI2309
2023-05-30 22:52:00,7554,7556,7548,7548,1036,293426,78901760.0,OI2309
2023-05-30 22:53:00,7549,7550,7546,7546,1375,293203,104720000.0,OI2309
2023-05-30 22:54:00,7547,7550,7536,7541,2435,292707,182273730.0,OI2309
2023-05-30 22:55:00,7541,7545,7540,7543,1249,292505,95111350.0,OI2309
2023-05-30 22:56:00,7542,7543,7539,7542,987,292311,75160050.0,OI2309
2023-05-30 22:57:00,7543,7543,7537,7538,1224,291988,92439130.0,OI2309
2023-05-30 22:58:00,7537,7540,7531,7538,2169,291382,165147660.0,OI2309
2023-05-30 22:59:00,7537,7539,7530,7530,2997,290388,224929450.0,OI2309
2023-05-31 09:00:00,7509,7517,7490,7506,10354,290863,778153010.0,OI2309
2023-05-31 09:01:00,7503,7510,7497,7506,5919,291555,445473770.0,OI2309
2023-05-31 09:02:00,7508,7509,7499,7509,6628,292489,497275960.0,OI2309
2023-05-31 09:03:00,7509,7516,7502,7513,3689,292225,277298480.0,OI2309
2023-05-31 09:04:00,7512,7520,7506,7508,4740,292576,356901570.0,OI2309
2023-05-31 09:05:00,7507,7522,7505,7514,3032,292758,227722600.0,OI2309
2023-05-31 09:06:00,7514,7527,7512,7513,4110,292516,308836450.0,OI2309
2023-05-31 09:07:00,7512,7514,7506,7514,3186,292797,238521010.0,OI2309
2023-05-31 09:08:00,7513,7519,7495,7504,4817,293467,362413290.0,OI2309
2023-05-31 09:09:00,7503,7505,7496,7497,3118,294259,233209940.0,OI2309
2023-05-31 09:10:00,7495,7507,7495,7504,2833,294605,215279670.0,OI2309
2023-05-31 09:11:00,7505,7512,7499,7503,3003,294882,224381550.0,OI2309
2023-05-31 09:12:00,7504,7512,7503,7505,1922,294947,144508770.0,OI2309
2023-05-31 09:13:00,7506,7509,7502,7509,1396,295222,106054120.0,OI2309
2023-05-31 09:14:00,7510,7517,7507,7507,2287,295374,173743390.0,OI2309
2023-05-31 09:15:00,7507,7514,7503,7507,1890,295386,139691930.0,OI2309
2023-05-31 09:16:00,7508,7523,7504,7519,3253,295183,245803150.0,OI2309
2023-05-31 09:17:00,7518,7526,7515,7516,3165,295169,240381750.0,OI2309
2023-05-31 09:18:00,7515,7522,7512,7512,1997,295317,149467220.0,OI2309
2023-05-31 09:19:00,7512,7514,7506,7510,1680,295421,127579200.0,OI2309
2023-05-31 09:20:00,7510,7514,7505,7511,2198,295625,166916120.0,OI2309
2023-05-31 09:21:00,7511,7512,7502,7504,1756,296035,133187300.0,OI2309
2023-05-31 09:22:00,7504,7508,7499,7505,3474,296323,259756180.0,OI2309
2023-05-31 09:23:00,7505,7506,7492,7498,3320,296603,252054400.0,OI2309
2023-05-31 09:24:00,7498,7498,7491,7495,2125,297277,157208950.0,OI2309
2023-05-31 09:25:00,7494,7498,7492,7494,1293,297404,98151630.0,OI2309
2023-05-31 09:26:00,7493,7495,7486,7488,3702,297892,276847820.0,OI2309
2023-05-31 09:27:00,7488,7488,7468,7475,6189,298204,461279320.0,OI2309
2023-05-31 09:28:00,7476,7482,7476,7477,2626,298282,199260880.0,OI2309
2023-05-31 09:29:00,7477,7482,7477,7481,1351,298339,100760650.0,OI2309
2023-05-31 09:30:00,7481,7489,7478,7484,3807,298539,284735280.0,OI2309
2023-05-31 09:31:00,7484,7492,7481,7491,2781,298586,210966660.0,OI2309
2023-05-31 09:32:00,7493,7495,7490,7493,2183,298371,164150550.0,OI2309
2023-05-31 09:33:00,7492,7495,7490,7492,1731,298313,131296350.0,OI2309
2023-05-31 09:34:00,7493,7495,7488,7490,1573,298269,119312050.0,OI2309
2023-05-31 09:35:00,7489,7496,7489,7493,1695,298293,125594390.0,OI2309
2023-05-31 09:36:00,7493,7493,7487,7488,1507,298268,114290880.0,OI2309
2023-05-31 09:37:00,7488,7488,7483,7484,1409,298249,106858560.0,OI2309
2023-05-31 09:38:00,7483,7484,7471,7473,3003,298733,223277970.0,OI2309
2023-05-31 09:39:00,7472,7484,7471,7481,2047,298426,152109990.0,OI2309
2023-05-31 09:40:00,7481,7488,7480,7488,1458,298552,110545560.0,OI2309
2023-05-31 09:41:00,7487,7500,7487,7499,2665,298462,202060300.0,OI2309
2023-05-31 09:42:00,7498,7500,7486,7488,2146,298473,159961960.0,OI2309
2023-05-31 09:43:00,7488,7497,7484,7494,1252,298519,94914120.0,OI2309
2023-05-31 09:44:00,7494,7494,7478,7479,1637,298777,124100970.0,OI2309
2023-05-31 09:45:00,7479,7484,7475,7481,1648,299067,122722340.0,OI2309
2023-05-31 09:46:00,7481,7490,7480,7490,1329,299246,100738200.0,OI2309
2023-05-31 09:47:00,7489,7493,7489,7493,1248,299094,94598400.0,OI2309
2023-05-31 09:48:00,7492,7495,7486,7493,1592,299299,116649720.0,OI2309
2023-05-31 09:49:00,7492,7494,7485,7485,1268,299309,96101720.0,OI2309
2023-05-31 09:50:00,7485,7492,7482,7485,2122,299635,160826380.0,OI2309
2023-05-31 09:51:00,7485,7497,7484,7493,2256,299698,168621380.0,OI2309
2023-05-31 09:52:00,7493,7513,7490,7510,4585,299447,347451300.0,OI2309
2023-05-31 09:53:00,7510,7510,7503,7505,2412,299462,178015160.0,OI2309
2023-05-31 09:54:00,7505,7505,7492,7494,2379,299948,180256830.0,OI2309
2023-05-31 09:55:00,7493,7494,7485,7491,2341,300267,176917510.0,OI2309
2023-05-31 09:56:00,7490,7491,7485,7485,1094,300543,82881440.0,OI2309
2023-05-31 09:57:00,7485,7487,7481,7485,1245,300618,94321200.0,OI2309
2023-05-31 09:58:00,7486,7486,7480,7484,1207,300756,91442320.0,OI2309
2023-05-31 09:59:00,7483,7487,7482,7484,871,300941,65986960.0,OI2309
2023-05-31 10:00:00,7484,7485,7479,7483,2055,301499,152867060.0,OI2309
2023-05-31 10:01:00,7484,7491,7483,7491,1731,301443,131123250.0,OI2309
2023-05-31 10:02:00,7490,7500,7489,7499,2176,301257,164832000.0,OI2309
2023-05-31 10:03:00,7500,7500,7490,7492,1201,301328,90434370.0,OI2309
2023-05-31 10:04:00,7493,7493,7487,7493,875,301455,66272500.0,OI2309
2023-05-31 10:05:00,7493,7494,7487,7491,901,301477,68241740.0,OI2309
2023-05-31 10:06:00,7492,7492,7485,7488,995,301655,75361300.0,OI2309
2023-05-31 10:07:00,7488,7490,7483,7489,1914,301433,144966360.0,OI2309
2023-05-31 10:08:00,7488,7488,7482,7486,1142,301476,83605990.0,OI2309
2023-05-31 10:09:00,7486,7488,7484,7485,443,301521,33548390.0,OI2309
2023-05-31 10:10:00,7485,7488,7480,7487,1694,301561,128286620.0,OI2309
2023-05-31 10:11:00,7488,7488,7485,7486,423,301551,32033790.0,OI2309
2023-05-31 10:12:00,7488,7494,7488,7489,906,301417,68611380.0,OI2309
2023-05-31 10:13:00,7489,7489,7478,7479,1412,301627,102687040.0,OI2309
2023-05-31 10:14:00,7478,7481,7477,7478,1375,301498,104115000.0,OI2309
2023-05-31 10:30:00,7472,7479,7471,7474,3090,301777,233974800.0,OI2309
2023-05-31 10:31:00,7475,7478,7464,7473,4059,301999,305343270.0,OI2309
2023-05-31 10:32:00,7473,7476,7467,7476,1788,302237,133852510.0,OI2309
2023-05-31 10:33:00,7473,7477,7471,7471,1149,302185,86979300.0,OI2309
2023-05-31 10:34:00,7471,7474,7469,7471,1029,302205,77895300.0,OI2309
2023-05-31 10:35:00,7471,7474,7465,7467,1855,302382,140423500.0,OI2309
2023-05-31 10:36:00,7468,7471,7465,7466,1448,302348,107109920.0,OI2309
2023-05-31 10:37:00,7466,7470,7462,7466,2198,302579,166366620.0,OI2309
2023-05-31 10:38:00,7466,7469,7461,7462,1718,302824,130035420.0,OI2309
2023-05-31 10:39:00,7462,7468,7462,7464,1075,302756,80982910.0,OI2309
2023-05-31 10:40:00,7463,7475,7463,7469,1746,302754,132137280.0,OI2309
2023-05-31 10:41:00,7469,7470,7462,7462,912,302923,69020160.0,OI2309
2023-05-31 10:42:00,7462,7467,7462,7464,830,302976,62814400.0,OI2309
2023-05-31 10:43:00,7464,7475,7463,7468,1945,302846,146055090.0,OI2309
2023-05-31 10:44:00,7469,7474,7467,7471,1064,302669,80512880.0,OI2309
2023-05-31 10:45:00,7472,7478,7472,7474,1173,302584,88760910.0,OI2309
2023-05-31 10:46:00,7474,7482,7473,7478,1731,302147,130984770.0,OI2309
2023-05-31 10:47:00,7478,7483,7476,7480,1373,302014,101925120.0,OI2309
2023-05-31 10:48:00,7480,7482,7477,7477,887,302053,67110420.0,OI2309
2023-05-31 10:49:00,7477,7477,7472,7475,1416,302079,107134560.0,OI2309
2023-05-31 10:50:00,7474,7481,7473,7480,1240,301835,93818400.0,OI2309
2023-05-31 10:51:00,7481,7487,7479,7482,2205,301627,166830300.0,OI2309
2023-05-31 10:52:00,7482,7482,7477,7480,3833,302069,285580580.0,OI2309
2023-05-31 10:53:00,7480,7484,7476,7477,4097,301355,309395220.0,OI2309
2023-05-31 10:54:00,7478,7484,7476,7480,2154,301257,162928560.0,OI2309
2023-05-31 10:55:00,7480,7483,7476,7476,967,301112,73143880.0,OI2309
2023-05-31 10:56:00,7477,7483,7477,7480,649,301004,49090360.0,OI2309
2023-05-31 10:57:00,7480,7480,7469,7472,1507,300875,112399280.0,OI2309
2023-05-31 10:58:00,7473,7481,7471,7478,1175,300932,88865250.0,OI2309
2023-05-31 10:59:00,7479,7479,7474,7475,697,300892,52714110.0,OI2309
2023-05-31 11:00:00,7475,7479,7470,7471,1210,300934,91512300.0,OI2309
2023-05-31 11:01:00,7472,7479,7471,7476,860,301010,65041800.0,OI2309
2023-05-31 11:02:00,7475,7483,7475,7480,1470,301029,111176100.0,OI2309
2023-05-31 11:03:00,7480,7484,7479,7480,1172,300963,88030900.0,OI2309
2023-05-31 11:04:00,7479,7485,7477,7481,677,300959,51194740.0,OI2309
2023-05-31 11:05:00,7480,7481,7478,7480,375,300987,28357500.0,OI2309
2023-05-31 11:06:00,7479,7479,7473,7476,734,300992,55505080.0,OI2309
2023-05-31 11:07:00,7476,7483,7475,7479,964,300907,72897680.0,OI2309
2023-05-31 11:08:00,7479,7482,7478,7479,366,300938,27676920.0,OI2309
2023-05-31 11:09:00,7478,7481,7477,7481,467,300884,35314540.0,OI2309
2023-05-31 11:10:00,7481,7485,7481,7484,666,300733,50362920.0,OI2309
2023-05-31 11:11:00,7484,7485,7478,7480,944,300575,71385280.0,OI2309
2023-05-31 11:12:00,7481,7482,7477,7480,753,300582,56941860.0,OI2309
2023-05-31 11:13:00,7481,7486,7480,7480,828,300442,62158620.0,OI2309
2023-05-31 11:14:00,7480,7482,7477,7479,473,300514,35763530.0,OI2309
2023-05-31 11:15:00,7480,7482,7474,7476,958,300373,72434380.0,OI2309
2023-05-31 11:16:00,7477,7480,7476,7476,800,300378,60488000.0,OI2309
2023-05-31 11:17:00,7476,7484,7476,7481,696,300153,52624560.0,OI2309
2023-05-31 11:18:00,7480,7485,7479,7485,665,300227,50280650.0,OI2309
2023-05-31 11:19:00,7485,7488,7482,7482,1155,300106,87329550.0,OI2309
2023-05-31 11:20:00,7481,7487,7481,7487,650,300142,49146500.0,OI2309
2023-05-31 11:21:00,7487,7494,7484,7492,1465,299796,110768650.0,OI2309
2023-05-31 11:22:00,7493,7495,7484,7485,1681,299590,121340020.0,OI2309
2023-05-31 11:23:00,7485,7486,7481,7483,617,299624,46645200.0,OI2309
2023-05-31 11:24:00,7482,7484,7480,7483,817,299587,61765200.0,OI2309
2023-05-31 11:25:00,7483,7484,7478,7479,1171,299651,88527600.0,OI2309
2023-05-31 11:26:00,7480,7481,7471,7474,1841,299722,139179600.0,OI2309
2023-05-31 11:27:00,7473,7476,7472,7474,725,299660,54810000.0,OI2309
2023-05-31 11:28:00,7474,7476,7473,7474,558,299702,42184800.0,OI2309
2023-05-31 11:29:00,7474,7476,7473,7474,736,299487,54426560.0,OI2309
2023-05-31 13:30:00,7465,7466,7451,7458,5386,299865,407127740.0,OI2309
2023-05-31 13:31:00,7459,7463,7456,7458,2017,300223,148590340.0,OI2309
2023-05-31 13:32:00,7459,7463,7456,7459,1535,300349,116015300.0,OI2309
2023-05-31 13:33:00,7458,7465,7457,7460,1544,300262,116695520.0,OI2309
2023-05-31 13:34:00,7460,7467,7458,7466,1361,300054,100442220.0,OI2309
2023-05-31 13:35:00,7467,7467,7462,7465,1078,299939,81464460.0,OI2309
2023-05-31 13:36:00,7464,7467,7462,7465,756,299949,57130920.0,OI2309
2023-05-31 13:37:00,7465,7468,7464,7466,849,299868,64158930.0,OI2309
2023-05-31 13:38:00,7467,7467,7461,7461,1097,299918,82900290.0,OI2309
2023-05-31 13:39:00,7461,7464,7459,7463,1064,300058,80406480.0,OI2309
2023-05-31 13:40:00,7462,7464,7460,7461,975,300173,73680750.0,OI2309
2023-05-31 13:41:00,7461,7466,7459,7464,698,300115,52062680.0,OI2309
2023-05-31 13:42:00,7465,7470,7464,7469,1375,300047,103895000.0,OI2309
2023-05-31 13:43:00,7470,7474,7469,7471,1346,300060,101703760.0,OI2309
2023-05-31 13:44:00,7472,7473,7467,7471,1414,300347,106841840.0,OI2309
2023-05-31 13:45:00,7470,7476,7470,7474,1746,300581,131927760.0,OI2309
2023-05-31 13:46:00,7475,7475,7468,7472,1095,300477,82280870.0,OI2309
2023-05-31 13:47:00,7473,7475,7471,7474,742,300387,56058100.0,OI2309
2023-05-31 13:48:00,7473,7482,7473,7480,2047,300222,154650850.0,OI2309
2023-05-31 13:49:00,7480,7482,7479,7480,714,300097,53942700.0,OI2309
2023-05-31 13:50:00,7480,7482,7477,7478,946,300110,71470300.0,OI2309
2023-05-31 13:51:00,7479,7481,7475,7476,1177,300042,88922350.0,OI2309
2023-05-31 13:52:00,7476,7486,7475,7482,1802,299967,136141100.0,OI2309
2023-05-31 13:53:00,7481,7482,7473,7476,1719,300098,123700580.0,OI2309
2023-05-31 13:54:00,7476,7482,7472,7481,1294,300046,97748760.0,OI2309
2023-05-31 13:55:00,7482,7489,7481,7483,2288,299923,172835520.0,OI2309
2023-05-31 13:56:00,7483,7485,7478,7481,1265,299963,95558100.0,OI2309
2023-05-31 13:57:00,7481,7482,7478,7478,1066,299951,80525640.0,OI2309
2023-05-31 13:58:00,7479,7482,7477,7481,848,299839,64057920.0,OI2309
2023-05-31 13:59:00,7481,7488,7480,7486,1234,299878,87615350.0,OI2309
2023-05-31 14:00:00,7486,7486,7479,7482,1366,299853,103173980.0,OI2309
2023-05-31 14:01:00,7483,7485,7481,7484,956,299718,72206680.0,OI2309
2023-05-31 14:02:00,7484,7487,7481,7487,1081,299566,81647930.0,OI2309
2023-05-31 14:03:00,7488,7493,7487,7493,1652,299512,124775560.0,OI2309
2023-05-31 14:04:00,7494,7494,7487,7489,1634,299428,123416020.0,OI2309
2023-05-31 14:05:00,7490,7491,7483,7484,1232,299288,93052960.0,OI2309
2023-05-31 14:06:00,7483,7484,7476,7477,1822,298994,134957930.0,OI2309
2023-05-31 14:07:00,7477,7477,7472,7476,1321,298949,99761920.0,OI2309
2023-05-31 14:08:00,7477,7477,7473,7473,527,298939,39799040.0,OI2309
2023-05-31 14:09:00,7474,7475,7473,7473,434,298976,32775680.0,OI2309
2023-05-31 14:10:00,7474,7475,7470,7472,1362,299099,102858240.0,OI2309
2023-05-31 14:11:00,7472,7473,7468,7470,1948,299270,147112960.0,OI2309
2023-05-31 14:12:00,7469,7473,7466,7466,1845,299379,132912780.0,OI2309
2023-05-31 14:13:00,7467,7469,7465,7467,1235,299435,93254850.0,OI2309
2023-05-31 14:14:00,7468,7470,7466,7466,1052,299734,79436520.0,OI2309
2023-05-31 14:15:00,7466,7470,7465,7467,890,299822,67203900.0,OI2309
2023-05-31 14:16:00,7466,7471,7466,7468,934,300020,70526340.0,OI2309
2023-05-31 14:17:00,7467,7470,7464,7468,1355,300234,102316050.0,OI2309
2023-05-31 14:18:00,7467,7470,7467,7468,663,300276,50063130.0,OI2309
2023-05-31 14:19:00,7469,7471,7468,7470,662,300280,49987620.0,OI2309
2023-05-31 14:20:00,7469,7473,7469,7472,555,300184,41375470.0,OI2309
2023-05-31 14:21:00,7472,7475,7469,7469,1326,300227,100113000.0,OI2309
2023-05-31 14:22:00,7469,7469,7458,7460,2334,300500,176217000.0,OI2309
2023-05-31 14:23:00,7459,7461,7457,7458,2377,300493,179463500.0,OI2309
2023-05-31 14:24:00,7458,7463,7457,7461,1145,300513,82672120.0,OI2309
2023-05-31 14:25:00,7461,7464,7459,7462,625,300616,47181250.0,OI2309
2023-05-31 14:26:00,7463,7464,7460,7462,795,300628,60014550.0,OI2309
2023-05-31 14:27:00,7463,7468,7462,7466,867,300643,65449830.0,OI2309
2023-05-31 14:28:00,7465,7467,7460,7461,769,300746,58051810.0,OI2309
2023-05-31 14:29:00,7460,7465,7460,7461,398,300811,30045020.0,OI2309
2023-05-31 14:30:00,7462,7462,7454,7457,1887,300895,142449630.0,OI2309
2023-05-31 14:31:00,7457,7461,7456,7457,809,301073,61071410.0,OI2309
2023-05-31 14:32:00,7458,7462,7458,7462,1321,301344,99117890.0,OI2309
2023-05-31 14:33:00,7462,7462,7454,7456,1124,301494,84839520.0,OI2309
2023-05-31 14:34:00,7455,7457,7452,7453,1224,301434,92387520.0,OI2309
2023-05-31 14:35:00,7454,7457,7454,7456,769,301311,58044120.0,OI2309
2023-05-31 14:36:00,7455,7462,7455,7457,1919,300744,144846120.0,OI2309
2023-05-31 14:37:00,7456,7456,7447,7452,3299,300649,246128360.0,OI2309
2023-05-31 14:38:00,7453,7458,7452,7457,1205,300577,90941350.0,OI2309
2023-05-31 14:39:00,7457,7459,7456,7457,693,300672,52300710.0,OI2309
2023-05-31 14:40:00,7456,7459,7456,7458,553,300678,41734910.0,OI2309
2023-05-31 14:41:00,7458,7460,7455,7459,613,300688,46263110.0,OI2309
2023-05-31 14:42:00,7460,7463,7459,7462,1104,300465,83318880.0,OI2309
2023-05-31 14:43:00,7461,7464,7457,7457,1111,300494,83847170.0,OI2309
2023-05-31 14:44:00,7457,7460,7457,7458,729,300514,55017630.0,OI2309
2023-05-31 14:45:00,7458,7464,7458,7461,1420,300236,103835650.0,OI2309
2023-05-31 14:46:00,7461,7464,7460,7462,836,300181,63084560.0,OI2309
2023-05-31 14:47:00,7462,7466,7461,7465,959,300036,72366140.0,OI2309
2023-05-31 14:48:00,7465,7466,7459,7459,1490,300268,112435400.0,OI2309
2023-05-31 14:49:00,7460,7465,7459,7465,951,300386,71762460.0,OI2309
2023-05-31 14:50:00,7465,7468,7464,7468,1595,300245,120358700.0,OI2309
2023-05-31 14:51:00,7468,7468,7462,7464,1277,300161,96362420.0,OI2309
2023-05-31 14:52:00,7464,7468,7464,7465,955,299982,68131510.0,OI2309
2023-05-31 14:53:00,7466,7469,7465,7467,900,299772,67905000.0,OI2309
2023-05-31 14:54:00,7467,7472,7466,7468,1533,299256,115664850.0,OI2309
2023-05-31 14:55:00,7469,7472,7466,7467,1572,298670,118607400.0,OI2309
2023-05-31 14:56:00,7468,7471,7468,7471,1359,298246,102536550.0,OI2309
2023-05-31 14:57:00,7471,7472,7465,7467,1100,297887,82995000.0,OI2309
2023-05-31 14:58:00,7466,7470,7465,7469,1356,297243,102310200.0,OI2309
2023-05-31 14:59:00,7468,7471,7465,7469,2184,296290,163708110.0,OI2309
2023-05-31 21:00:00,7420,7420,7375,7381,15706,298535,1161301640.0,OI2309
2023-05-31 21:01:00,7382,7391,7378,7385,7736,298871,571062160.0,OI2309
2023-05-31 21:02:00,7386,7396,7385,7396,5415,298583,400457070.0,OI2309
2023-05-31 21:03:00,7396,7402,7394,7399,4282,298579,316814010.0,OI2309
2023-05-31 21:04:00,7399,7416,7399,7414,5484,298372,406149740.0,OI2309
2023-05-31 21:05:00,7415,7429,7413,7417,5981,298349,444019300.0,OI2309
2023-05-31 21:06:00,7417,7420,7408,7411,4191,298586,310538130.0,OI2309
2023-05-31 21:07:00,7411,7427,7411,7425,3129,298738,232033950.0,OI2309
2023-05-31 21:08:00,7425,7426,7415,7419,2844,299031,211551360.0,OI2309
2023-05-31 21:09:00,7419,7424,7414,7416,1930,299190,142858600.0,OI2309
2023-05-31 21:10:00,7416,7422,7410,7420,2039,299286,151514150.0,OI2309
2023-05-31 21:11:00,7421,7424,7417,7423,1628,299407,120520840.0,OI2309
2023-05-31 21:12:00,7422,7422,7418,7418,1065,299478,78841950.0,OI2309
2023-05-31 21:13:00,7419,7432,7415,7431,2333,299669,173349620.0,OI2309
2023-05-31 21:14:00,7430,7441,7430,7440,3841,299457,285739720.0,OI2309
2023-05-31 21:15:00,7441,7446,7432,7439,3666,299812,272929360.0,OI2309
2023-05-31 21:16:00,7438,7441,7435,7439,1640,299850,121491200.0,OI2309
2023-05-31 21:17:00,7440,7453,7440,7452,2300,299897,171136100.0,OI2309
2023-05-31 21:18:00,7453,7455,7445,7447,3022,299896,225464620.0,OI2309
2023-05-31 21:19:00,7447,7453,7447,7450,1705,299855,127156920.0,OI2309
2023-05-31 21:20:00,7450,7460,7449,7457,2992,299960,222596330.0,OI2309
2023-05-31 21:21:00,7456,7459,7453,7454,1943,299760,144883310.0,OI2309
2023-05-31 21:22:00,7454,7466,7454,7459,3455,299621,257920240.0,OI2309
2023-05-31 21:23:00,7459,7463,7454,7454,2024,299458,151003350.0,OI2309
2023-05-31 21:24:00,7455,7458,7447,7449,2834,299287,211129630.0,OI2309
2023-05-31 21:25:00,7450,7452,7437,7438,3497,298859,260374280.0,OI2309
2023-05-31 21:26:00,7437,7437,7427,7430,3192,298650,236814480.0,OI2309
2023-05-31 21:27:00,7429,7430,7425,7429,2003,298824,149621340.0,OI2309
2023-05-31 21:28:00,7429,7444,7429,7443,2887,298350,214215400.0,OI2309
2023-05-31 21:29:00,7443,7454,7439,7449,2816,298417,210023000.0,OI2309
2023-05-31 21:30:00,7449,7455,7448,7451,2292,298423,171188040.0,OI2309
2023-05-31 21:31:00,7451,7464,7451,7464,3064,298377,228539440.0,OI2309
2023-05-31 21:32:00,7463,7475,7463,7470,5319,298094,397194470.0,OI2309
2023-05-31 21:33:00,7470,7471,7458,7462,2803,298180,208122750.0,OI2309
2023-05-31 21:34:00,7462,7463,7453,7460,2805,298130,209509880.0,OI2309
2023-05-31 21:35:00,7459,7462,7449,7450,3286,298174,245289850.0,OI2309
2023-05-31 21:36:00,7450,7455,7446,7450,2758,298429,204836660.0,OI2309
2023-05-31 21:37:00,7450,7454,7447,7450,1800,298552,135003070.0,OI2309
2023-05-31 21:38:00,7450,7450,7436,7438,3433,298823,255003240.0,OI2309
2023-05-31 21:39:00,7441,7445,7440,7443,2396,299139,177974880.0,OI2309
2023-05-31 21:40:00,7443,7446,7437,7439,1669,299552,123973320.0,OI2309
2023-05-31 21:41:00,7439,7446,7439,7442,1163,299601,87791320.0,OI2309
2023-05-31 21:42:00,7443,7448,7443,7443,1635,299932,121464150.0,OI2309
2023-05-31 21:43:00,7442,7445,7437,7439,2647,299857,196645630.0,OI2309
2023-05-31 21:44:00,7439,7443,7438,7439,698,299767,51854420.0,OI2309
2023-05-31 21:45:00,7440,7445,7437,7439,1297,299879,96354130.0,OI2309
2023-05-31 21:46:00,7438,7441,7431,7433,2752,300130,204446080.0,OI2309
2023-05-31 21:47:00,7432,7439,7431,7432,1515,300276,112549350.0,OI2309
2023-05-31 21:48:00,7432,7434,7420,7420,3921,299959,291291090.0,OI2309
2023-05-31 21:49:00,7418,7429,7418,7426,2145,300106,159352050.0,OI2309
2023-05-31 21:50:00,7425,7431,7424,7424,1683,300370,125030070.0,OI2309
2023-05-31 21:51:00,7424,7432,7424,7429,1006,300342,74735740.0,OI2309
2023-05-31 21:52:00,7429,7437,7427,7434,2233,300394,165889570.0,OI2309
2023-05-31 21:53:00,7433,7440,7433,7439,1648,300325,122429920.0,OI2309
2023-05-31 21:54:00,7439,7447,7439,7444,2084,300122,154820360.0,OI2309
2023-05-31 21:55:00,7444,7448,7442,7446,1334,299953,100772520.0,OI2309
2023-05-31 21:56:00,7445,7446,7438,7440,1373,299966,102013900.0,OI2309
2023-05-31 21:57:00,7440,7440,7436,7437,1120,299955,83216000.0,OI2309
2023-05-31 21:58:00,7437,7444,7433,7443,1694,300163,125864200.0,OI2309
2023-05-31 21:59:00,7444,7447,7440,7441,1025,300179,76157500.0,OI2309
2023-05-31 22:00:00,7441,7442,7433,7434,1552,300264,115313600.0,OI2309
2023-05-31 22:01:00,7434,7434,7426,7426,2436,300361,180994800.0,OI2309
2023-05-31 22:02:00,7426,7434,7426,7430,2254,300143,167472200.0,OI2309
2023-05-31 22:03:00,7429,7434,7428,7434,833,300196,61891900.0,OI2309
2023-05-31 22:04:00,7434,7439,7432,7439,1605,300209,119251500.0,OI2309
2023-05-31 22:05:00,7439,7443,7436,7442,1262,300242,93766600.0,OI2309
2023-05-31 22:06:00,7442,7444,7435,7439,1528,300540,113530400.0,OI2309
2023-05-31 22:07:00,7439,7445,7438,7443,1652,300543,122743600.0,OI2309
2023-05-31 22:08:00,7443,7445,7439,7443,1314,300657,97630200.0,OI2309
2023-05-31 22:09:00,7443,7444,7439,7441,783,300808,58176900.0,OI2309
2023-05-31 22:10:00,7441,7444,7434,7436,1456,300769,108180800.0,OI2309
2023-05-31 22:11:00,7437,7447,7435,7444,2033,301085,152960760.0,OI2309
2023-05-31 22:12:00,7444,7445,7435,7439,1636,301258,121571160.0,OI2309
2023-05-31 22:13:00,7438,7445,7438,7444,1246,301244,92590260.0,OI2309
2023-05-31 22:14:00,7444,7449,7443,7444,1479,301012,109904490.0,OI2309
2023-05-31 22:15:00,7444,7447,7442,7446,967,301071,71857770.0,OI2309
2023-05-31 22:16:00,7447,7447,7437,7439,1673,301208,124320630.0,OI2309
2023-05-31 22:17:00,7439,7442,7436,7441,939,301207,69777090.0,OI2309
2023-05-31 22:18:00,7441,7444,7439,7443,648,301299,48152880.0,OI2309
2023-05-31 22:19:00,7442,7442,7433,7435,1767,301402,131305770.0,OI2309
2023-05-31 22:20:00,7435,7438,7434,7435,941,301644,69925710.0,OI2309
2023-05-31 22:21:00,7434,7436,7431,7431,1037,301609,77059470.0,OI2309
2023-05-31 22:22:00,7432,7442,7430,7440,2004,301444,148917240.0,OI2309
2023-05-31 22:23:00,7439,7440,7431,7434,1343,301650,99798330.0,OI2309
2023-05-31 22:24:00,7434,7437,7433,7436,884,301859,65690040.0,OI2309
2023-05-31 22:25:00,7436,7437,7428,7428,1315,301983,97717650.0,OI2309
2023-05-31 22:26:00,7428,7437,7428,7436,1273,302273,94596630.0,OI2309
2023-05-31 22:27:00,7435,7435,7432,7434,855,302492,63535050.0,OI2309
2023-05-31 22:28:00,7434,7437,7433,7436,613,302490,45552030.0,OI2309
2023-05-31 22:29:00,7436,7437,7434,7434,589,302549,43768590.0,OI2309
2023-05-31 22:30:00,7433,7436,7428,7428,1500,302785,111465000.0,OI2309
2023-05-31 22:31:00,7427,7427,7417,7418,3773,303098,280371630.0,OI2309
2023-05-31 22:32:00,7418,7428,7417,7426,2415,303049,179458650.0,OI2309
2023-05-31 22:33:00,7426,7432,7426,7430,2760,303247,205095600.0,OI2309
2023-05-31 22:34:00,7430,7435,7427,7434,2078,303135,154416180.0,OI2309
2023-05-31 22:35:00,7434,7435,7430,7434,947,303164,70371570.0,OI2309
2023-05-31 22:36:00,7435,7441,7434,7441,2086,303177,155010660.0,OI2309
2023-05-31 22:37:00,7441,7441,7437,7438,1097,303265,81518070.0,OI2309
2023-05-31 22:38:00,7437,7441,7435,7439,1160,303252,86199600.0,OI2309
2023-05-31 22:39:00,7440,7452,7439,7451,3035,302768,225530850.0,OI2309
2023-05-31 22:40:00,7451,7452,7440,7443,2209,303054,166502340.0,OI2309
2023-05-31 22:41:00,7442,7443,7436,7441,1052,303149,78184640.0,OI2309
2023-05-31 22:42:00,7441,7446,7441,7445,1107,303412,82272240.0,OI2309
2023-05-31 22:43:00,7445,7449,7442,7446,1684,303488,125154880.0,OI2309
2023-05-31 22:44:00,7447,7450,7443,7448,1542,303165,114601440.0,OI2309
2023-05-31 22:45:00,7448,7450,7446,7449,1098,303179,81603360.0,OI2309
2023-05-31 22:46:00,7448,7449,7443,7444,1278,303215,94980960.0,OI2309
2023-05-31 22:47:00,7444,7445,7440,7443,1169,303136,86880080.0,OI2309
2023-05-31 22:48:00,7443,7444,7434,7439,1825,302966,135634000.0,OI2309
2023-05-31 22:49:00,7439,7440,7434,7437,2350,302863,174652000.0,OI2309
2023-05-31 22:50:00,7436,7440,7436,7439,2084,302964,154882880.0,OI2309
2023-05-31 22:51:00,7438,7438,7430,7431,1503,302898,111702960.0,OI2309
2023-05-31 22:52:00,7431,7435,7430,7434,744,302898,55294080.0,OI2309
2023-05-31 22:53:00,7434,7436,7433,7436,968,302903,71941760.0,OI2309
2023-05-31 22:54:00,7434,7437,7434,7436,789,302845,58638480.0,OI2309
2023-05-31 22:55:00,7436,7437,7433,7435,907,302738,67408240.0,OI2309
2023-05-31 22:56:00,7435,7438,7435,7437,570,302623,42362400.0,OI2309
2023-05-31 22:57:00,7436,7438,7433,7434,982,302487,72982240.0,OI2309
2023-05-31 22:58:00,7433,7436,7433,7434,938,302378,69712160.0,OI2309
2023-05-31 22:59:00,7435,7440,7433,7438,2118,301498,157409760.0,OI2309
