datetime,open,high,low,close,volume,openInterest,amount,symbol
2024-10-08 09:00:00,9750,9790,9715,9789,16342,289741,1593835260.0,OI2501
2024-10-08 09:01:00,9790,9854,9780,9807,11462,290751,1125952020.0,OI2501
2024-10-08 09:02:00,9804,9805,9753,9776,8453,291036,826509890.0,OI2501
2024-10-08 09:03:00,9775,9777,9673,9684,8839,290395,859582030.0,OI2501
2024-10-08 09:04:00,9685,9732,9679,9727,5836,290283,566611960.0,OI2501
2024-10-08 09:05:00,9726,9753,9688,9705,6079,290731,590642220.0,OI2501
2024-10-08 09:06:00,9707,9736,9695,9695,4837,291038,470139020.0,OI2501
2024-10-08 09:07:00,9694,9694,9650,9675,6088,290757,588449520.0,OI2501
2024-10-08 09:08:00,9674,9715,9674,9709,3954,290969,383958580.0,OI2501
2024-10-08 09:09:00,9710,9728,9700,9728,2480,291095,240932300.0,OI2501
2024-10-08 09:10:00,9727,9748,9726,9738,3224,291444,314146560.0,OI2501
2024-10-08 09:11:00,9740,9763,9720,9752,3584,291851,349224960.0,OI2501
2024-10-08 09:12:00,9752,9760,9747,9758,1602,291886,156098880.0,OI2501
2024-10-08 09:13:00,9756,9756,9729,9731,2226,291819,216901440.0,OI2501
2024-10-08 09:14:00,9731,9731,9704,9706,1988,291797,192840780.0,OI2501
2024-10-08 09:15:00,9706,9714,9685,9691,3184,291598,308413560.0,OI2501
2024-10-08 09:16:00,9689,9698,9677,9680,2890,291694,280584220.0,OI2501
2024-10-08 09:17:00,9678,9679,9646,9661,5591,290865,539630450.0,OI2501
2024-10-08 09:18:00,9660,9691,9656,9691,3244,290700,313765340.0,OI2501
2024-10-08 09:19:00,9691,9708,9653,9656,4276,290698,414059500.0,OI2501
2024-10-08 09:20:00,9656,9670,9640,9654,4250,290480,410254630.0,OI2501
2024-10-08 09:21:00,9655,9655,9634,9643,3822,289867,368376630.0,OI2501
2024-10-08 09:22:00,9644,9644,9627,9642,2472,289954,238067540.0,OI2501
2024-10-08 09:23:00,9643,9650,9637,9643,2553,289675,247035430.0,OI2501
2024-10-08 09:24:00,9642,9663,9636,9662,4009,289799,386056430.0,OI2501
2024-10-08 09:25:00,9664,9680,9656,9679,1818,289647,176691420.0,OI2501
2024-10-08 09:26:00,9681,9696,9677,9695,1997,289633,192817430.0,OI2501
2024-10-08 09:27:00,9693,9716,9692,9711,2449,289267,237993820.0,OI2501
2024-10-08 09:28:00,9708,9735,9708,9728,2162,289199,210103160.0,OI2501
2024-10-08 09:29:00,9728,9734,9696,9709,1987,289115,193096660.0,OI2501
2024-10-08 09:30:00,9707,9710,9681,9681,1820,289136,176867600.0,OI2501
2024-10-08 09:31:00,9681,9689,9663,9668,1561,289160,150327190.0,OI2501
2024-10-08 09:32:00,9665,9669,9646,9652,1722,289215,165938730.0,OI2501
2024-10-08 09:33:00,9651,9652,9625,9625,2424,289606,234103590.0,OI2501
2024-10-08 09:34:00,9625,9632,9612,9620,2359,289313,227741010.0,OI2501
2024-10-08 09:35:00,9620,9633,9620,9630,1545,289241,148630010.0,OI2501
2024-10-08 09:36:00,9630,9630,9618,9626,1307,289208,125484550.0,OI2501
2024-10-08 09:37:00,9624,9640,9621,9632,1282,289418,123030660.0,OI2501
2024-10-08 09:38:00,9633,9636,9608,9611,2786,289218,267538380.0,OI2501
2024-10-08 09:39:00,9611,9625,9608,9622,910,289297,88351900.0,OI2501
2024-10-08 09:40:00,9622,9642,9616,9631,1295,289399,124204460.0,OI2501
2024-10-08 09:41:00,9631,9638,9626,9633,865,289486,83974200.0,OI2501
2024-10-08 09:42:00,9634,9635,9610,9614,1137,289663,108832850.0,OI2501
2024-10-08 09:43:00,9618,9618,9601,9605,830,289646,80568100.0,OI2501
2024-10-08 09:44:00,9605,9609,9596,9608,1409,289335,135202130.0,OI2501
2024-10-08 09:45:00,9607,9609,9598,9602,844,289409,80340700.0,OI2501
2024-10-08 09:46:00,9604,9606,9592,9606,1150,289208,110018060.0,OI2501
2024-10-08 09:47:00,9606,9606,9596,9606,708,289159,68704320.0,OI2501
2024-10-08 09:48:00,9608,9620,9600,9600,1516,289321,145500960.0,OI2501
2024-10-08 09:49:00,9598,9605,9592,9595,984,289384,93856000.0,OI2501
2024-10-08 09:50:00,9595,9604,9591,9592,1499,289577,143796470.0,OI2501
2024-10-08 09:51:00,9591,9592,9583,9584,1422,289367,136297490.0,OI2501
2024-10-08 09:52:00,9585,9593,9576,9586,1455,289193,139469720.0,OI2501
2024-10-08 09:53:00,9587,9593,9575,9588,1012,289130,98153880.0,OI2501
2024-10-08 09:54:00,9589,9597,9576,9581,877,289233,83376060.0,OI2501
2024-10-08 09:55:00,9581,9587,9578,9579,576,289385,55860480.0,OI2501
2024-10-08 09:56:00,9579,9583,9573,9576,744,289453,70455750.0,OI2501
2024-10-08 09:57:00,9575,9585,9575,9578,618,289507,59927460.0,OI2501
2024-10-08 09:58:00,9579,9580,9560,9560,2274,289495,217057200.0,OI2501
2024-10-08 09:59:00,9560,9564,9542,9546,2894,289440,277062840.0,OI2501
2024-10-08 10:00:00,9547,9551,9540,9551,1435,289452,137324970.0,OI2501
2024-10-08 10:01:00,9550,9564,9550,9559,1543,289415,145977540.0,OI2501
2024-10-08 10:02:00,9558,9579,9556,9579,1788,289391,171454310.0,OI2501
2024-10-08 10:03:00,9577,9584,9573,9581,1435,289526,137219910.0,OI2501
2024-10-08 10:04:00,9582,9582,9575,9575,600,289495,58128000.0,OI2501
2024-10-08 10:05:00,9574,9583,9574,9581,604,289546,58515520.0,OI2501
2024-10-08 10:06:00,9582,9589,9582,9584,835,289587,79057170.0,OI2501
2024-10-08 10:07:00,9584,9585,9574,9579,739,289509,71586930.0,OI2501
2024-10-08 10:08:00,9580,9595,9577,9592,1184,289666,112837220.0,OI2501
2024-10-08 10:09:00,9592,9593,9586,9590,619,289677,59956340.0,OI2501
2024-10-08 10:10:00,9590,9590,9562,9564,1415,289855,135179700.0,OI2501
2024-10-08 10:11:00,9563,9566,9556,9557,1507,289663,144060680.0,OI2501
2024-10-08 10:12:00,9558,9558,9542,9553,1983,289739,188209520.0,OI2501
2024-10-08 10:13:00,9553,9553,9525,9525,1810,290189,173314000.0,OI2501
2024-10-08 10:14:00,9524,9532,9505,9507,2240,289798,212949200.0,OI2501
2024-10-08 10:30:00,9505,9523,9495,9522,3052,289693,291436840.0,OI2501
2024-10-08 10:31:00,9523,9541,9522,9540,1816,289545,171731760.0,OI2501
2024-10-08 10:32:00,9537,9545,9529,9531,1180,289729,112151920.0,OI2501
2024-10-08 10:33:00,9530,9537,9523,9524,971,289829,93934540.0,OI2501
2024-10-08 10:34:00,9524,9533,9524,9526,886,289907,83679990.0,OI2501
2024-10-08 10:35:00,9527,9529,9507,9509,1069,290066,101362030.0,OI2501
2024-10-08 10:36:00,9508,9522,9505,9521,925,290182,89466000.0,OI2501
2024-10-08 10:37:00,9521,9522,9501,9508,903,290088,85277540.0,OI2501
2024-10-08 10:38:00,9507,9515,9503,9503,1028,290079,97346980.0,OI2501
2024-10-08 10:39:00,9502,9511,9502,9510,578,290120,55892600.0,OI2501
2024-10-08 10:40:00,9510,9512,9490,9508,1631,290399,153531720.0,OI2501
2024-10-08 10:41:00,9508,9533,9506,9533,1687,290083,160989300.0,OI2501
2024-10-08 10:42:00,9534,9544,9528,9536,939,289932,88653880.0,OI2501
2024-10-08 10:43:00,9537,9545,9536,9537,537,289954,51906420.0,OI2501
2024-10-08 10:44:00,9539,9549,9536,9549,687,289933,66405420.0,OI2501
2024-10-08 10:45:00,9548,9555,9531,9535,1165,289887,110465760.0,OI2501
2024-10-08 10:46:00,9535,9541,9530,9533,580,289912,56057000.0,OI2501
2024-10-08 10:47:00,9534,9537,9521,9535,803,289858,75452980.0,OI2501
2024-10-08 10:48:00,9536,9542,9535,9535,486,289855,46967040.0,OI2501
2024-10-08 10:49:00,9535,9539,9532,9535,512,289858,49479680.0,OI2501
2024-10-08 10:50:00,9534,9538,9524,9536,581,289865,53975080.0,OI2501
2024-10-08 10:51:00,9536,9544,9536,9542,431,289844,41647530.0,OI2501
2024-10-08 10:52:00,9544,9558,9543,9555,996,289791,96243480.0,OI2501
2024-10-08 10:53:00,9556,9561,9543,9548,847,289794,79650110.0,OI2501
2024-10-08 10:54:00,9547,9555,9547,9549,425,289907,41063500.0,OI2501
2024-10-08 10:55:00,9551,9563,9549,9561,668,289966,64542160.0,OI2501
2024-10-08 10:56:00,9562,9565,9547,9547,945,290176,89090020.0,OI2501
2024-10-08 10:57:00,9548,9553,9545,9545,406,290109,39223660.0,OI2501
2024-10-08 10:58:00,9545,9549,9535,9540,599,290100,57869390.0,OI2501
2024-10-08 10:59:00,9539,9541,9534,9540,461,290205,42306670.0,OI2501
2024-10-08 11:00:00,9539,9549,9537,9547,580,290150,56028000.0,OI2501
2024-10-08 11:01:00,9548,9554,9544,9554,570,290140,55062000.0,OI2501
2024-10-08 11:02:00,9554,9556,9547,9549,485,290272,46851000.0,OI2501
2024-10-08 11:03:00,9550,9561,9548,9561,578,290356,53582130.0,OI2501
2024-10-08 11:04:00,9561,9574,9559,9570,1010,290377,97555900.0,OI2501
2024-10-08 11:05:00,9572,9574,9561,9574,1066,290310,100691510.0,OI2501
2024-10-08 11:06:00,9574,9578,9569,9578,664,290279,64129120.0,OI2501
2024-10-08 11:07:00,9578,9581,9574,9578,599,290421,57851420.0,OI2501
2024-10-08 11:08:00,9578,9588,9576,9581,665,290455,64225700.0,OI2501
2024-10-08 11:09:00,9581,9596,9581,9594,973,290522,91669900.0,OI2501
2024-10-08 11:10:00,9595,9595,9580,9581,834,290558,80539380.0,OI2501
2024-10-08 11:11:00,9581,9595,9581,9595,550,290546,53113500.0,OI2501
2024-10-08 11:12:00,9595,9600,9591,9596,628,290570,60645960.0,OI2501
2024-10-08 11:13:00,9595,9600,9578,9578,658,290628,63543060.0,OI2501
2024-10-08 11:14:00,9581,9593,9581,9591,527,290610,50892390.0,OI2501
2024-10-08 11:15:00,9591,9593,9585,9590,365,290667,32909990.0,OI2501
2024-10-08 11:16:00,9590,9600,9586,9592,616,290696,59480960.0,OI2501
2024-10-08 11:17:00,9594,9598,9588,9590,475,290674,45866000.0,OI2501
2024-10-08 11:18:00,9590,9595,9587,9593,425,290723,41038000.0,OI2501
2024-10-08 11:19:00,9592,9595,9586,9590,446,290736,43065760.0,OI2501
2024-10-08 11:20:00,9590,9590,9579,9581,595,290618,57453200.0,OI2501
2024-10-08 11:21:00,9581,9593,9581,9585,776,290576,74930560.0,OI2501
2024-10-08 11:22:00,9585,9590,9580,9589,471,290607,43103660.0,OI2501
2024-10-08 11:23:00,9589,9593,9581,9581,366,290602,35337300.0,OI2501
2024-10-08 11:24:00,9583,9586,9578,9580,491,290567,47406050.0,OI2501
2024-10-08 11:25:00,9581,9581,9569,9576,954,290193,92108700.0,OI2501
2024-10-08 11:26:00,9574,9575,9554,9556,868,289861,81402510.0,OI2501
2024-10-08 11:27:00,9555,9556,9541,9547,823,289764,79452420.0,OI2501
2024-10-08 11:28:00,9546,9546,9535,9539,1046,289552,100980840.0,OI2501
2024-10-08 11:29:00,9539,9540,9529,9536,1042,289128,98162680.0,OI2501
2024-10-08 13:30:00,9524,9547,9500,9539,3200,288932,303968000.0,OI2501
2024-10-08 13:31:00,9540,9540,9504,9504,1446,289115,139553460.0,OI2501
2024-10-08 13:32:00,9502,9503,9485,9487,2391,289274,225750670.0,OI2501
2024-10-08 13:33:00,9487,9493,9487,9487,741,289400,71499090.0,OI2501
2024-10-08 13:34:00,9487,9487,9472,9472,1549,289756,146937740.0,OI2501
2024-10-08 13:35:00,9472,9479,9471,9473,695,289860,64521380.0,OI2501
2024-10-08 13:36:00,9472,9475,9464,9473,949,289813,89008320.0,OI2501
2024-10-08 13:37:00,9474,9483,9472,9476,1338,289611,129063480.0,OI2501
2024-10-08 13:38:00,9473,9476,9470,9475,733,289644,68142760.0,OI2501
2024-10-08 13:39:00,9475,9480,9465,9466,1082,289761,101785660.0,OI2501
2024-10-08 13:40:00,9466,9469,9451,9463,1675,289675,158947010.0,OI2501
2024-10-08 13:41:00,9464,9486,9460,9486,1473,289827,139436670.0,OI2501
2024-10-08 13:42:00,9485,9488,9480,9488,1114,289978,104796020.0,OI2501
2024-10-08 13:43:00,9489,9494,9487,9487,900,290056,86769000.0,OI2501
2024-10-08 13:44:00,9486,9488,9480,9483,468,290118,45119880.0,OI2501
2024-10-08 13:45:00,9484,9493,9480,9483,428,290149,38629660.0,OI2501
2024-10-08 13:46:00,9483,9492,9482,9483,224,290163,21593600.0,OI2501
2024-10-08 13:47:00,9483,9485,9475,9482,443,290233,42705200.0,OI2501
2024-10-08 13:48:00,9483,9490,9483,9486,393,290196,37885200.0,OI2501
2024-10-08 13:49:00,9485,9488,9478,9487,456,290153,43958400.0,OI2501
2024-10-08 13:50:00,9487,9495,9487,9490,610,290155,56148920.0,OI2501
2024-10-08 13:51:00,9490,9495,9490,9495,431,290187,41544090.0,OI2501
2024-10-08 13:52:00,9495,9501,9494,9498,614,290187,59183460.0,OI2501
2024-10-08 13:53:00,9499,9499,9491,9498,306,290284,26826750.0,OI2501
2024-10-08 13:54:00,9497,9498,9493,9493,310,290340,29877800.0,OI2501
2024-10-08 13:55:00,9492,9504,9492,9503,579,290367,55804020.0,OI2501
2024-10-08 13:56:00,9503,9512,9503,9506,803,290465,77393140.0,OI2501
2024-10-08 13:57:00,9505,9506,9497,9499,451,290499,40777360.0,OI2501
2024-10-08 13:58:00,9500,9505,9497,9500,501,290567,48281370.0,OI2501
2024-10-08 13:59:00,9501,9511,9501,9509,413,290637,39800810.0,OI2501
2024-10-08 14:00:00,9508,9512,9505,9510,488,290685,47028560.0,OI2501
2024-10-08 14:01:00,9510,9528,9510,9527,1395,290883,131718160.0,OI2501
2024-10-08 14:02:00,9528,9528,9514,9516,478,290916,46060080.0,OI2501
2024-10-08 14:03:00,9516,9525,9516,9516,429,290991,41338440.0,OI2501
2024-10-08 14:04:00,9517,9521,9516,9518,293,290999,28233480.0,OI2501
2024-10-08 14:05:00,9520,9526,9514,9524,490,291037,44481510.0,OI2501
2024-10-08 14:06:00,9525,9535,9524,9530,538,290988,51836300.0,OI2501
2024-10-08 14:07:00,9528,9529,9521,9528,386,291002,37191100.0,OI2501
2024-10-08 14:08:00,9529,9531,9525,9526,315,291018,30350250.0,OI2501
2024-10-08 14:09:00,9526,9530,9525,9529,233,291053,22449550.0,OI2501
2024-10-08 14:10:00,9529,9531,9526,9527,269,291077,25918150.0,OI2501
2024-10-08 14:11:00,9528,9529,9517,9520,649,291045,59772360.0,OI2501
2024-10-08 14:12:00,9521,9524,9515,9520,341,291056,32851940.0,OI2501
2024-10-08 14:13:00,9520,9522,9516,9519,218,291070,21002120.0,OI2501
2024-10-08 14:14:00,9519,9525,9519,9520,304,291075,29287360.0,OI2501
2024-10-08 14:15:00,9519,9521,9515,9518,353,291101,34008020.0,OI2501
2024-10-08 14:16:00,9518,9522,9518,9521,180,291078,17341200.0,OI2501
2024-10-08 14:17:00,9521,9524,9498,9500,989,290993,92497620.0,OI2501
2024-10-08 14:18:00,9499,9515,9499,9512,657,291090,63288810.0,OI2501
2024-10-08 14:19:00,9513,9513,9507,9508,273,291052,26298090.0,OI2501
2024-10-08 14:20:00,9509,9510,9502,9506,323,291048,31114590.0,OI2501
2024-10-08 14:21:00,9506,9509,9500,9509,291,291067,28032030.0,OI2501
2024-10-08 14:22:00,9509,9519,9508,9517,561,291036,51237440.0,OI2501
2024-10-08 14:23:00,9517,9524,9516,9524,277,291027,26680640.0,OI2501
2024-10-08 14:24:00,9524,9535,9523,9533,518,291133,49893760.0,OI2501
2024-10-08 14:25:00,9533,9545,9533,9542,843,291135,81197760.0,OI2501
2024-10-08 14:26:00,9541,9545,9539,9545,407,291183,39202240.0,OI2501
2024-10-08 14:27:00,9545,9564,9545,9553,1592,291401,150501380.0,OI2501
2024-10-08 14:28:00,9552,9557,9548,9554,578,291409,55667180.0,OI2501
2024-10-08 14:29:00,9554,9565,9553,9557,739,291593,71173090.0,OI2501
2024-10-08 14:30:00,9559,9564,9556,9560,672,291642,64720320.0,OI2501
2024-10-08 14:31:00,9560,9569,9560,9566,870,291645,83789700.0,OI2501
2024-10-08 14:32:00,9566,9586,9557,9584,1604,291953,151596550.0,OI2501
2024-10-08 14:33:00,9585,9594,9575,9577,2098,292330,202037400.0,OI2501
2024-10-08 14:34:00,9575,9582,9572,9574,850,292566,81855000.0,OI2501
2024-10-08 14:35:00,9573,9576,9568,9569,743,292541,71550900.0,OI2501
2024-10-08 14:36:00,9570,9580,9563,9565,890,292513,82776500.0,OI2501
2024-10-08 14:37:00,9565,9575,9562,9570,697,292525,67114130.0,OI2501
2024-10-08 14:38:00,9569,9576,9568,9573,250,292539,24072500.0,OI2501
2024-10-08 14:39:00,9574,9579,9574,9575,194,292574,18680260.0,OI2501
2024-10-08 14:40:00,9575,9585,9573,9581,1102,292763,106111580.0,OI2501
2024-10-08 14:41:00,9581,9585,9576,9583,847,292904,81557630.0,OI2501
2024-10-08 14:42:00,9583,9584,9569,9569,690,292976,66440100.0,OI2501
2024-10-08 14:43:00,9569,9578,9568,9572,433,292911,41693570.0,OI2501
2024-10-08 14:44:00,9572,9573,9567,9567,310,292903,29849900.0,OI2501
2024-10-08 14:45:00,9567,9570,9557,9569,1632,292394,154153230.0,OI2501
2024-10-08 14:46:00,9568,9570,9560,9566,283,292418,27247240.0,OI2501
2024-10-08 14:47:00,9567,9578,9566,9573,411,292384,39571080.0,OI2501
2024-10-08 14:48:00,9575,9576,9571,9571,210,292394,20218800.0,OI2501
2024-10-08 14:49:00,9571,9573,9560,9566,553,292335,53242840.0,OI2501
2024-10-08 14:50:00,9566,9566,9556,9558,424,292294,40822720.0,OI2501
2024-10-08 14:51:00,9557,9564,9555,9556,707,292276,68069960.0,OI2501
2024-10-08 14:52:00,9557,9560,9553,9553,534,292179,51413520.0,OI2501
2024-10-08 14:53:00,9553,9554,9547,9550,662,292120,60707470.0,OI2501
2024-10-08 14:54:00,9550,9550,9543,9544,516,292000,49675320.0,OI2501
2024-10-08 14:55:00,9544,9545,9538,9541,961,291706,92515470.0,OI2501
2024-10-08 14:56:00,9540,9541,9531,9534,684,291415,65848680.0,OI2501
2024-10-08 14:57:00,9533,9533,9516,9518,1169,291087,109476440.0,OI2501
2024-10-08 14:58:00,9517,9517,9506,9510,1075,290713,103479500.0,OI2501
2024-10-08 14:59:00,9508,9521,9507,9512,1600,290344,150926060.0,OI2501
2024-10-08 21:00:00,9512,9512,9481,9482,6229,291724,591692710.0,OI2501
2024-10-08 21:01:00,9480,9498,9479,9494,3530,292025,334924340.0,OI2501
2024-10-08 21:02:00,9494,9503,9489,9489,2157,292470,204807150.0,OI2501
2024-10-08 21:03:00,9489,9493,9476,9478,2698,293387,255882820.0,OI2501
2024-10-08 21:04:00,9477,9484,9474,9479,1747,293804,165515490.0,OI2501
2024-10-08 21:05:00,9480,9491,9475,9490,1432,294006,135911120.0,OI2501
2024-10-08 21:06:00,9491,9518,9488,9518,3901,294029,370677790.0,OI2501
2024-10-08 21:07:00,9518,9518,9505,9505,2492,294379,237049280.0,OI2501
2024-10-08 21:08:00,9505,9513,9504,9509,1210,294660,115143460.0,OI2501
2024-10-08 21:09:00,9510,9513,9495,9499,1273,294822,120884080.0,OI2501
2024-10-08 21:10:00,9498,9512,9494,9511,1714,295054,162761440.0,OI2501
2024-10-08 21:11:00,9513,9520,9510,9517,1560,295070,148437030.0,OI2501
2024-10-08 21:12:00,9518,9522,9510,9518,1062,295215,101168190.0,OI2501
2024-10-08 21:13:00,9517,9521,9512,9519,871,295304,82727580.0,OI2501
2024-10-08 21:14:00,9519,9526,9517,9524,1250,295608,119056260.0,OI2501
2024-10-08 21:15:00,9524,9533,9524,9533,1381,295572,131871330.0,OI2501
2024-10-08 21:16:00,9534,9534,9521,9521,954,295617,90639540.0,OI2501
2024-10-08 21:17:00,9520,9534,9519,9525,1449,296180,138038590.0,OI2501
2024-10-08 21:18:00,9525,9530,9519,9528,803,296345,76678190.0,OI2501
2024-10-08 21:19:00,9530,9530,9522,9525,358,296372,34020740.0,OI2501
2024-10-08 21:20:00,9525,9530,9524,9530,580,296389,55117400.0,OI2501
2024-10-08 21:21:00,9528,9533,9526,9530,679,296470,64918670.0,OI2501
2024-10-08 21:22:00,9530,9536,9528,9530,659,296507,62631360.0,OI2501
2024-10-08 21:23:00,9530,9541,9530,9531,1090,296477,104004390.0,OI2501
2024-10-08 21:24:00,9532,9535,9525,9527,762,296533,72846510.0,OI2501
2024-10-08 21:25:00,9526,9538,9526,9538,839,296481,79755340.0,OI2501
2024-10-08 21:26:00,9539,9545,9537,9542,1402,296464,133714940.0,OI2501
2024-10-08 21:27:00,9543,9544,9536,9538,893,296697,85347260.0,OI2501
2024-10-08 21:28:00,9537,9545,9537,9544,581,296788,55241480.0,OI2501
2024-10-08 21:29:00,9544,9545,9540,9540,594,296929,56939020.0,OI2501
2024-10-08 21:30:00,9541,9541,9531,9536,1340,296972,127895500.0,OI2501
2024-10-08 21:31:00,9536,9541,9525,9528,1483,297167,141033300.0,OI2501
2024-10-08 21:32:00,9528,9531,9515,9515,1573,297177,150097760.0,OI2501
2024-10-08 21:33:00,9516,9527,9512,9525,1301,297086,123738110.0,OI2501
2024-10-08 21:34:00,9525,9528,9521,9528,722,297141,68669420.0,OI2501
2024-10-08 21:35:00,9527,9530,9521,9529,784,297109,74566240.0,OI2501
2024-10-08 21:36:00,9530,9533,9520,9520,719,297099,68384090.0,OI2501
2024-10-08 21:37:00,9520,9524,9515,9522,983,297195,94043680.0,OI2501
2024-10-08 21:38:00,9521,9527,9513,9513,878,297240,83515360.0,OI2501
2024-10-08 21:39:00,9514,9515,9503,9505,1757,297147,166548940.0,OI2501
2024-10-08 21:40:00,9505,9507,9496,9500,1878,297296,178616580.0,OI2501
2024-10-08 21:41:00,9500,9508,9495,9503,1068,297290,101577480.0,OI2501
2024-10-08 21:42:00,9504,9506,9500,9502,646,297416,61441060.0,OI2501
2024-10-08 21:43:00,9502,9506,9501,9503,358,297414,34049380.0,OI2501
2024-10-08 21:44:00,9503,9503,9493,9500,855,297567,81319050.0,OI2501
2024-10-08 21:45:00,9501,9510,9498,9509,909,297602,86454990.0,OI2501
2024-10-08 21:46:00,9509,9509,9498,9499,1062,297678,100362160.0,OI2501
2024-10-08 21:47:00,9498,9499,9486,9495,1783,297734,169563300.0,OI2501
2024-10-08 21:48:00,9497,9502,9494,9501,674,297792,64097400.0,OI2501
2024-10-08 21:49:00,9501,9504,9499,9502,491,297843,46694100.0,OI2501
2024-10-08 21:50:00,9503,9506,9491,9493,633,297905,60198300.0,OI2501
2024-10-08 21:51:00,9494,9494,9482,9489,1150,298157,108673030.0,OI2501
2024-10-08 21:52:00,9488,9490,9486,9486,682,298271,64851380.0,OI2501
2024-10-08 21:53:00,9486,9486,9465,9473,3035,298496,287869010.0,OI2501
2024-10-08 21:54:00,9474,9482,9472,9481,1221,298530,115351330.0,OI2501
2024-10-08 21:55:00,9481,9484,9480,9481,577,298617,54855390.0,OI2501
2024-10-08 21:56:00,9481,9481,9473,9478,614,298716,58372980.0,OI2501
2024-10-08 21:57:00,9477,9486,9477,9486,606,298670,56853100.0,OI2501
2024-10-08 21:58:00,9486,9493,9483,9493,1260,298589,119775600.0,OI2501
2024-10-08 21:59:00,9492,9493,9485,9491,584,298541,55515040.0,OI2501
2024-10-08 22:00:00,9491,9505,9491,9505,1622,298559,154187320.0,OI2501
2024-10-08 22:01:00,9505,9506,9496,9502,1193,298465,113406580.0,OI2501
2024-10-08 22:02:00,9502,9503,9497,9499,586,298384,55705160.0,OI2501
2024-10-08 22:03:00,9498,9504,9497,9501,477,298437,45343620.0,OI2501
2024-10-08 22:04:00,9500,9504,9496,9498,445,298434,42301700.0,OI2501
2024-10-08 22:05:00,9499,9504,9489,9490,710,298533,67492600.0,OI2501
2024-10-08 22:06:00,9490,9495,9483,9495,1048,298511,98784310.0,OI2501
2024-10-08 22:07:00,9495,9503,9493,9495,619,298486,58835950.0,OI2501
2024-10-08 22:08:00,9494,9495,9489,9490,345,298453,32792250.0,OI2501
2024-10-08 22:09:00,9490,9492,9485,9485,446,298454,42392300.0,OI2501
2024-10-08 22:10:00,9486,9491,9485,9490,671,298356,63778550.0,OI2501
2024-10-08 22:11:00,9489,9490,9483,9484,669,298280,63588450.0,OI2501
2024-10-08 22:12:00,9482,9484,9475,9481,1374,298398,130598700.0,OI2501
2024-10-08 22:13:00,9481,9484,9469,9471,1053,298451,99197310.0,OI2501
2024-10-08 22:14:00,9471,9480,9471,9479,610,298438,57974400.0,OI2501
2024-10-08 22:15:00,9479,9479,9460,9463,1898,298625,179470500.0,OI2501
2024-10-08 22:16:00,9464,9471,9464,9464,877,298670,83341310.0,OI2501
2024-10-08 22:17:00,9465,9466,9455,9458,1473,299001,139040270.0,OI2501
2024-10-08 22:18:00,9458,9460,9433,9445,4146,298882,391992160.0,OI2501
2024-10-08 22:19:00,9444,9445,9433,9435,1932,299250,182540300.0,OI2501
2024-10-08 22:20:00,9436,9446,9430,9445,2238,299396,210543460.0,OI2501
2024-10-08 22:21:00,9445,9455,9444,9452,1642,299309,154902240.0,OI2501
2024-10-08 22:22:00,9452,9453,9448,9450,728,299426,69130880.0,OI2501
2024-10-08 22:23:00,9450,9451,9444,9450,782,299454,74258720.0,OI2501
2024-10-08 22:24:00,9449,9455,9448,9448,897,299370,84116550.0,OI2501
2024-10-08 22:25:00,9449,9457,9447,9449,871,299342,82701450.0,OI2501
2024-10-08 22:26:00,9449,9450,9442,9448,653,299343,62002350.0,OI2501
2024-10-08 22:27:00,9447,9454,9444,9450,837,299349,78386970.0,OI2501
2024-10-08 22:28:00,9450,9451,9444,9446,573,299391,54400620.0,OI2501
2024-10-08 22:29:00,9446,9448,9443,9445,481,299441,45666140.0,OI2501
2024-10-08 22:30:00,9446,9448,9438,9448,1208,299242,113578720.0,OI2501
2024-10-08 22:31:00,9450,9451,9441,9441,1168,299142,110878240.0,OI2501
2024-10-08 22:32:00,9441,9441,9421,9426,2846,298933,267872900.0,OI2501
2024-10-08 22:33:00,9427,9439,9424,9434,1225,299078,116264750.0,OI2501
2024-10-08 22:34:00,9434,9436,9431,9433,538,299083,49895010.0,OI2501
2024-10-08 22:35:00,9435,9435,9420,9422,1433,299004,135991700.0,OI2501
2024-10-08 22:36:00,9421,9423,9411,9413,1716,298856,161650340.0,OI2501
2024-10-08 22:37:00,9414,9415,9397,9409,3139,298670,294171360.0,OI2501
2024-10-08 22:38:00,9407,9419,9407,9417,1475,298299,139918500.0,OI2501
2024-10-08 22:39:00,9417,9421,9409,9421,847,298248,79093750.0,OI2501
2024-10-08 22:40:00,9421,9432,9421,9430,1456,298005,136834370.0,OI2501
2024-10-08 22:41:00,9430,9434,9426,9429,732,297968,69422880.0,OI2501
2024-10-08 22:42:00,9430,9432,9419,9430,597,297909,56619480.0,OI2501
2024-10-08 22:43:00,9431,9432,9421,9422,575,297783,54533000.0,OI2501
2024-10-08 22:44:00,9422,9432,9420,9430,596,297696,55232410.0,OI2501
2024-10-08 22:45:00,9430,9437,9428,9436,1479,297542,140253570.0,OI2501
2024-10-08 22:46:00,9436,9437,9428,9432,1129,297217,105744760.0,OI2501
2024-10-08 22:47:00,9433,9434,9419,9420,816,297179,77373120.0,OI2501
2024-10-08 22:48:00,9420,9426,9419,9424,486,297092,46082520.0,OI2501
2024-10-08 22:49:00,9424,9424,9409,9409,1205,297267,112914720.0,OI2501
2024-10-08 22:50:00,9408,9412,9401,9402,1189,297273,111373820.0,OI2501
2024-10-08 22:51:00,9404,9405,9388,9398,2167,297416,204054660.0,OI2501
2024-10-08 22:52:00,9397,9402,9394,9399,1214,297515,113685980.0,OI2501
2024-10-08 22:53:00,9400,9405,9399,9402,977,297616,92600060.0,OI2501
2024-10-08 22:54:00,9402,9402,9395,9399,528,297525,50043840.0,OI2501
2024-10-08 22:55:00,9399,9399,9396,9399,720,297524,66830270.0,OI2501
2024-10-08 22:56:00,9399,9400,9394,9397,1444,297383,135422110.0,OI2501
2024-10-08 22:57:00,9399,9408,9399,9401,1344,297047,127357440.0,OI2501
2024-10-08 22:58:00,9400,9403,9398,9398,781,296779,72560540.0,OI2501
2024-10-08 22:59:00,9399,9399,9388,9393,1299,296532,121620240.0,OI2501
2024-10-09 09:00:00,9408,9434,9405,9432,3987,296357,376228500.0,OI2501
2024-10-09 09:01:00,9429,9465,9429,9460,3687,295775,347732760.0,OI2501
2024-10-09 09:02:00,9461,9471,9456,9469,2915,295887,276108800.0,OI2501
2024-10-09 09:03:00,9469,9483,9464,9479,3274,295545,310113280.0,OI2501
2024-10-09 09:04:00,9478,9483,9473,9481,1894,295328,179399680.0,OI2501
2024-10-09 09:05:00,9483,9488,9476,9477,2027,294984,191997440.0,OI2501
2024-10-09 09:06:00,9477,9498,9476,9497,1851,294830,176983080.0,OI2501
2024-10-09 09:07:00,9499,9501,9483,9490,2846,294800,269601580.0,OI2501
2024-10-09 09:08:00,9491,9495,9486,9486,1104,294789,104581920.0,OI2501
2024-10-09 09:09:00,9486,9494,9481,9484,1388,294504,131485240.0,OI2501
2024-10-09 09:10:00,9484,9485,9474,9476,1289,294450,122106970.0,OI2501
2024-10-09 09:11:00,9477,9487,9477,9486,1018,294496,96435140.0,OI2501
2024-10-09 09:12:00,9485,9486,9474,9484,1525,294451,144463250.0,OI2501
2024-10-09 09:13:00,9483,9486,9476,9479,1283,294450,121538590.0,OI2501
2024-10-09 09:14:00,9481,9485,9478,9482,623,294417,59016790.0,OI2501
2024-10-09 09:15:00,9482,9495,9481,9495,1071,294471,103233660.0,OI2501
2024-10-09 09:16:00,9495,9512,9495,9509,2665,294555,252482100.0,OI2501
2024-10-09 09:17:00,9509,9510,9503,9506,1391,294570,131783340.0,OI2501
2024-10-09 09:18:00,9506,9517,9506,9511,1578,294528,151333890.0,OI2501
2024-10-09 09:19:00,9511,9514,9504,9504,1047,294491,99203250.0,OI2501
2024-10-09 09:20:00,9504,9522,9503,9520,1852,294455,175477000.0,OI2501
2024-10-09 09:21:00,9520,9524,9509,9511,1354,294435,128291500.0,OI2501
2024-10-09 09:22:00,9511,9521,9510,9512,767,294583,74557620.0,OI2501
2024-10-09 09:23:00,9514,9518,9495,9498,1216,294549,115228160.0,OI2501
2024-10-09 09:24:00,9500,9504,9495,9498,947,294784,89737720.0,OI2501
2024-10-09 09:25:00,9499,9501,9488,9491,1249,294720,118355240.0,OI2501
2024-10-09 09:26:00,9491,9502,9488,9492,1114,294701,105562640.0,OI2501
2024-10-09 09:27:00,9491,9491,9484,9489,968,294634,91727680.0,OI2501
2024-10-09 09:28:00,9489,9499,9489,9499,810,294504,76755600.0,OI2501
2024-10-09 09:29:00,9499,9503,9494,9498,652,294502,61783520.0,OI2501
2024-10-09 09:30:00,9498,9499,9485,9487,796,294479,75428960.0,OI2501
2024-10-09 09:31:00,9485,9495,9481,9494,751,294459,73134160.0,OI2501
2024-10-09 09:32:00,9497,9499,9490,9498,548,294483,51933960.0,OI2501
2024-10-09 09:33:00,9498,9516,9498,9515,1395,294441,132204150.0,OI2501
2024-10-09 09:34:00,9516,9518,9509,9516,811,294440,76858470.0,OI2501
2024-10-09 09:35:00,9516,9536,9516,9529,2449,294474,234113160.0,OI2501
2024-10-09 09:36:00,9529,9540,9529,9535,1970,294755,186716600.0,OI2501
2024-10-09 09:37:00,9535,9536,9524,9530,991,294712,93926980.0,OI2501
2024-10-09 09:38:00,9530,9530,9517,9519,948,294766,91911960.0,OI2501
2024-10-09 09:39:00,9518,9518,9509,9511,1239,294879,117444810.0,OI2501
2024-10-09 09:40:00,9510,9515,9508,9512,953,294785,90334870.0,OI2501
2024-10-09 09:41:00,9512,9513,9505,9511,1240,294800,117539600.0,OI2501
2024-10-09 09:42:00,9512,9519,9510,9510,787,294725,74599730.0,OI2501
2024-10-09 09:43:00,9512,9517,9509,9510,390,294713,36968100.0,OI2501
2024-10-09 09:44:00,9510,9512,9505,9510,553,294618,52418870.0,OI2501
2024-10-09 09:45:00,9509,9521,9509,9521,424,294596,40190960.0,OI2501
2024-10-09 09:46:00,9521,9535,9520,9529,1158,294739,111894780.0,OI2501
2024-10-09 09:47:00,9529,9533,9526,9529,631,294925,59818800.0,OI2501
2024-10-09 09:48:00,9531,9543,9528,9538,1633,295204,154808400.0,OI2501
2024-10-09 09:49:00,9539,9547,9538,9539,1144,295188,110613240.0,OI2501
2024-10-09 09:50:00,9540,9541,9529,9535,1424,295104,135009440.0,OI2501
2024-10-09 09:51:00,9536,9541,9533,9534,792,295122,75089520.0,OI2501
2024-10-09 09:52:00,9534,9539,9531,9535,411,295196,38966910.0,OI2501
2024-10-09 09:53:00,9536,9536,9530,9530,372,295172,35269320.0,OI2501
2024-10-09 09:54:00,9530,9532,9526,9527,496,295017,47025760.0,OI2501
2024-10-09 09:55:00,9526,9536,9526,9528,401,295101,40219810.0,OI2501
2024-10-09 09:56:00,9528,9532,9517,9520,745,295059,70640900.0,OI2501
2024-10-09 09:57:00,9519,9519,9512,9514,692,294938,65615440.0,OI2501
2024-10-09 09:58:00,9515,9519,9513,9517,482,294981,45703240.0,OI2501
2024-10-09 09:59:00,9518,9525,9516,9519,520,294967,49306400.0,OI2501
2024-10-09 10:00:00,9517,9520,9508,9510,701,294947,66468820.0,OI2501
2024-10-09 10:01:00,9508,9517,9508,9517,545,294912,51676900.0,OI2501
2024-10-09 10:02:00,9517,9517,9512,9517,345,295029,32712900.0,OI2501
2024-10-09 10:03:00,9516,9525,9516,9520,723,295152,68554860.0,OI2501
2024-10-09 10:04:00,9520,9520,9509,9511,783,295311,74244060.0,OI2501
2024-10-09 10:05:00,9512,9512,9496,9496,1140,295236,110362560.0,OI2501
2024-10-09 10:06:00,9496,9499,9489,9489,977,295277,92648910.0,OI2501
2024-10-09 10:07:00,9489,9503,9486,9501,1367,294856,129632610.0,OI2501
2024-10-09 10:08:00,9501,9504,9496,9496,557,294912,52820310.0,OI2501
2024-10-09 10:09:00,9497,9501,9490,9500,818,294720,77570940.0,OI2501
2024-10-09 10:10:00,9499,9502,9497,9499,265,294779,25129950.0,OI2501
2024-10-09 10:11:00,9500,9502,9495,9500,320,294773,30345600.0,OI2501
2024-10-09 10:12:00,9499,9499,9491,9493,437,294805,41440710.0,OI2501
2024-10-09 10:13:00,9492,9503,9491,9500,471,294769,44664930.0,OI2501
2024-10-09 10:14:00,9499,9516,9499,9516,686,294522,65053380.0,OI2501
2024-10-09 10:30:00,9514,9515,9505,9515,1040,294771,98623200.0,OI2501
2024-10-09 10:31:00,9513,9527,9511,9520,1271,294774,120528930.0,OI2501
2024-10-09 10:32:00,9521,9521,9509,9514,514,294798,48742620.0,OI2501
2024-10-09 10:33:00,9514,9530,9513,9521,1209,294911,114649470.0,OI2501
2024-10-09 10:34:00,9521,9524,9508,9512,962,294895,93603160.0,OI2501
2024-10-09 10:35:00,9514,9523,9512,9519,476,294907,45143840.0,OI2501
2024-10-09 10:36:00,9520,9533,9518,9526,1378,295205,130689520.0,OI2501
2024-10-09 10:37:00,9526,9535,9518,9519,1383,295691,131163720.0,OI2501
2024-10-09 10:38:00,9519,9525,9518,9519,385,295682,36513400.0,OI2501
2024-10-09 10:39:00,9520,9525,9518,9522,432,295682,40970880.0,OI2501
2024-10-09 10:40:00,9521,9530,9521,9530,500,295765,47420000.0,OI2501
2024-10-09 10:41:00,9530,9557,9529,9552,3952,295631,377269440.0,OI2501
2024-10-09 10:42:00,9552,9568,9543,9551,2889,295918,276512300.0,OI2501
2024-10-09 10:43:00,9552,9566,9552,9565,1238,296306,119939710.0,OI2501
2024-10-09 10:44:00,9566,9568,9561,9566,1242,296394,117828540.0,OI2501
2024-10-09 10:45:00,9568,9568,9560,9562,1006,296525,95439220.0,OI2501
2024-10-09 10:46:00,9562,9576,9561,9564,3805,297016,366107470.0,OI2501
2024-10-09 10:47:00,9562,9577,9558,9576,1563,297071,148313070.0,OI2501
2024-10-09 10:48:00,9576,9580,9569,9572,1361,297320,129145290.0,OI2501
2024-10-09 10:49:00,9572,9572,9559,9559,1175,297466,114100300.0,OI2501
2024-10-09 10:50:00,9559,9574,9558,9573,1331,297279,126311900.0,OI2501
2024-10-09 10:51:00,9572,9573,9567,9567,617,297393,58553300.0,OI2501
2024-10-09 10:52:00,9569,9573,9565,9567,556,297503,55393990.0,OI2501
2024-10-09 10:53:00,9566,9570,9560,9562,563,297491,53434330.0,OI2501
2024-10-09 10:54:00,9561,9570,9559,9568,576,297481,54668160.0,OI2501
2024-10-09 10:55:00,9567,9572,9567,9572,597,297568,56661270.0,OI2501
2024-10-09 10:56:00,9571,9572,9568,9572,276,297612,26195160.0,OI2501
2024-10-09 10:57:00,9572,9573,9565,9569,443,297697,42045130.0,OI2501
2024-10-09 10:58:00,9568,9573,9567,9568,468,297770,44417880.0,OI2501
2024-10-09 10:59:00,9568,9573,9565,9571,455,297824,43184050.0,OI2501
2024-10-09 11:00:00,9571,9572,9566,9572,593,297913,58950930.0,OI2501
2024-10-09 11:01:00,9572,9580,9571,9572,1263,298194,119883960.0,OI2501
2024-10-09 11:02:00,9572,9572,9565,9568,582,298111,55243440.0,OI2501
2024-10-09 11:03:00,9568,9569,9551,9552,1259,297983,122204620.0,OI2501
2024-10-09 11:04:00,9551,9561,9551,9560,694,298133,65881420.0,OI2501
2024-10-09 11:05:00,9560,9561,9556,9560,444,298223,42148920.0,OI2501
2024-10-09 11:06:00,9560,9567,9559,9566,409,298273,38826370.0,OI2501
2024-10-09 11:07:00,9566,9573,9561,9561,512,298264,48604160.0,OI2501
2024-10-09 11:08:00,9560,9561,9553,9555,573,298192,54394890.0,OI2501
2024-10-09 11:09:00,9554,9561,9554,9560,348,298143,33035640.0,OI2501
2024-10-09 11:10:00,9559,9559,9551,9551,486,298061,46135980.0,OI2501
2024-10-09 11:11:00,9552,9559,9552,9558,624,298062,61977560.0,OI2501
2024-10-09 11:12:00,9558,9572,9558,9570,507,298106,48134580.0,OI2501
2024-10-09 11:13:00,9570,9571,9564,9566,571,298192,54210740.0,OI2501
2024-10-09 11:14:00,9567,9570,9559,9562,695,298398,65983300.0,OI2501
2024-10-09 11:15:00,9561,9567,9552,9553,977,298439,92756380.0,OI2501
2024-10-09 11:16:00,9555,9566,9554,9565,512,298526,48609280.0,OI2501
2024-10-09 11:17:00,9565,9576,9564,9565,970,298555,94875360.0,OI2501
2024-10-09 11:18:00,9566,9566,9559,9564,649,298498,61622550.0,OI2501
2024-10-09 11:19:00,9564,9566,9562,9565,594,298425,56400300.0,OI2501
2024-10-09 11:20:00,9564,9564,9553,9561,783,298430,74345850.0,OI2501
2024-10-09 11:21:00,9560,9560,9540,9543,1303,298215,123719850.0,OI2501
2024-10-09 11:22:00,9542,9562,9540,9562,1114,298151,108602290.0,OI2501
2024-10-09 11:23:00,9562,9562,9547,9551,760,298217,72169600.0,OI2501
2024-10-09 11:24:00,9551,9553,9546,9546,453,298222,43016880.0,OI2501
2024-10-09 11:25:00,9546,9551,9545,9550,616,298095,58495360.0,OI2501
2024-10-09 11:26:00,9549,9553,9543,9548,462,298087,43871520.0,OI2501
2024-10-09 11:27:00,9550,9557,9550,9556,376,298001,35704960.0,OI2501
2024-10-09 11:28:00,9556,9560,9556,9560,205,298027,19466800.0,OI2501
2024-10-09 11:29:00,9560,9567,9560,9567,598,298020,56786080.0,OI2501
2024-10-09 13:30:00,9580,9601,9580,9591,4396,298371,423257460.0,OI2501
2024-10-09 13:31:00,9592,9592,9567,9577,2074,298244,196988520.0,OI2501
2024-10-09 13:32:00,9578,9585,9575,9577,807,298383,76648860.0,OI2501
2024-10-09 13:33:00,9576,9579,9568,9570,769,298433,75982770.0,OI2501
2024-10-09 13:34:00,9571,9577,9570,9576,529,298464,50249710.0,OI2501
2024-10-09 13:35:00,9577,9581,9575,9575,768,298620,72952320.0,OI2501
2024-10-09 13:36:00,9572,9572,9562,9563,1494,298694,141915060.0,OI2501
2024-10-09 13:37:00,9562,9568,9557,9557,826,298658,81441060.0,OI2501
2024-10-09 13:38:00,9557,9564,9555,9563,589,298716,55955000.0,OI2501
2024-10-09 13:39:00,9562,9575,9562,9566,693,298760,65835000.0,OI2501
2024-10-09 13:40:00,9568,9568,9554,9555,641,298801,60895000.0,OI2501
2024-10-09 13:41:00,9556,9558,9549,9557,942,298801,89490000.0,OI2501
2024-10-09 13:42:00,9558,9559,9551,9554,394,298802,37430000.0,OI2501
2024-10-09 13:43:00,9555,9561,9554,9554,358,298863,34010000.0,OI2501
2024-10-09 13:44:00,9556,9557,9549,9556,448,298920,42560000.0,OI2501
2024-10-09 13:45:00,9558,9558,9550,9555,251,298909,23845000.0,OI2501
2024-10-09 13:46:00,9556,9569,9556,9565,750,298929,74279980.0,OI2501
2024-10-09 13:47:00,9566,9575,9566,9570,881,299025,83703810.0,OI2501
2024-10-09 13:48:00,9570,9580,9570,9577,1173,298912,111446730.0,OI2501
2024-10-09 13:49:00,9577,9578,9570,9573,494,298936,46934940.0,OI2501
2024-10-09 13:50:00,9573,9574,9570,9572,272,298988,25842720.0,OI2501
2024-10-09 13:51:00,9573,9578,9572,9573,484,298961,45984840.0,OI2501
2024-10-09 13:52:00,9573,9573,9567,9570,386,299005,36673860.0,OI2501
2024-10-09 13:53:00,9569,9573,9568,9569,211,299072,20047110.0,OI2501
2024-10-09 13:54:00,9570,9574,9568,9569,264,299086,28154270.0,OI2501
2024-10-09 13:55:00,9568,9569,9563,9564,362,299069,34397240.0,OI2501
2024-10-09 13:56:00,9565,9568,9559,9567,408,299080,38768160.0,OI2501
2024-10-09 13:57:00,9568,9568,9562,9564,231,299068,21949620.0,OI2501
2024-10-09 13:58:00,9564,9566,9561,9565,229,299026,21759580.0,OI2501
2024-10-09 13:59:00,9565,9568,9560,9565,402,299044,38198040.0,OI2501
2024-10-09 14:00:00,9565,9568,9563,9568,231,299049,21949620.0,OI2501
2024-10-09 14:01:00,9569,9574,9560,9564,752,299123,71455040.0,OI2501
2024-10-09 14:02:00,9564,9567,9561,9565,232,299146,22044640.0,OI2501
2024-10-09 14:03:00,9566,9570,9566,9570,184,299181,17483680.0,OI2501
2024-10-09 14:04:00,9570,9571,9564,9567,288,299274,27365760.0,OI2501
2024-10-09 14:05:00,9568,9570,9564,9569,288,299326,27365760.0,OI2501
2024-10-09 14:06:00,9569,9575,9568,9575,325,299430,30881500.0,OI2501
2024-10-09 14:07:00,9575,9579,9571,9574,608,299488,57772160.0,OI2501
2024-10-09 14:08:00,9575,9575,9561,9563,658,299517,65646770.0,OI2501
2024-10-09 14:09:00,9563,9563,9549,9555,1637,299493,155564110.0,OI2501
2024-10-09 14:10:00,9553,9560,9553,9559,617,299709,58633510.0,OI2501
2024-10-09 14:11:00,9560,9566,9558,9564,366,299828,34780980.0,OI2501
2024-10-09 14:12:00,9563,9565,9560,9561,326,299867,30979780.0,OI2501
2024-10-09 14:13:00,9562,9567,9559,9564,282,299890,26798460.0,OI2501
2024-10-09 14:14:00,9565,9569,9561,9565,359,299858,34115770.0,OI2501
2024-10-09 14:15:00,9565,9573,9564,9569,391,299842,37156730.0,OI2501
2024-10-09 14:16:00,9570,9570,9561,9562,307,299759,29174210.0,OI2501
2024-10-09 14:17:00,9564,9569,9564,9566,247,299737,23472410.0,OI2501
2024-10-09 14:18:00,9566,9566,9553,9557,746,299755,74068770.0,OI2501
2024-10-09 14:19:00,9556,9557,9540,9546,1865,299630,177249600.0,OI2501
2024-10-09 14:20:00,9545,9545,9537,9543,853,299483,81069120.0,OI2501
2024-10-09 14:21:00,9543,9543,9538,9542,498,299444,47329920.0,OI2501
2024-10-09 14:22:00,9541,9542,9528,9533,1163,299306,110531520.0,OI2501
2024-10-09 14:23:00,9533,9533,9523,9527,905,299214,86011200.0,OI2501
2024-10-09 14:24:00,9526,9544,9526,9543,1169,298985,111101760.0,OI2501
2024-10-09 14:25:00,9543,9544,9539,9540,325,298976,30888000.0,OI2501
2024-10-09 14:26:00,9539,9547,9539,9541,472,298915,44858880.0,OI2501
2024-10-09 14:27:00,9541,9541,9535,9537,414,298995,39346560.0,OI2501
2024-10-09 14:28:00,9538,9544,9532,9535,452,299000,42958080.0,OI2501
2024-10-09 14:29:00,9535,9542,9529,9542,944,298855,92984750.0,OI2501
2024-10-09 14:30:00,9542,9542,9537,9539,299,298788,28419950.0,OI2501
2024-10-09 14:31:00,9539,9539,9531,9537,468,298757,44483400.0,OI2501
2024-10-09 14:32:00,9537,9538,9530,9532,346,298682,32887300.0,OI2501
2024-10-09 14:33:00,9532,9537,9530,9531,416,298619,39540800.0,OI2501
2024-10-09 14:34:00,9531,9531,9516,9521,1926,298124,183066300.0,OI2501
2024-10-09 14:35:00,9521,9524,9515,9517,924,298011,87826200.0,OI2501
2024-10-09 14:36:00,9515,9526,9515,9523,706,298022,67105300.0,OI2501
2024-10-09 14:37:00,9522,9527,9520,9526,415,298020,39445750.0,OI2501
2024-10-09 14:38:00,9526,9526,9520,9521,481,297912,45719050.0,OI2501
2024-10-09 14:39:00,9520,9522,9513,9514,756,297834,71857800.0,OI2501
2024-10-09 14:40:00,9513,9525,9513,9525,500,297777,47525000.0,OI2501
2024-10-09 14:41:00,9525,9528,9519,9521,606,297737,57600300.0,OI2501
2024-10-09 14:42:00,9521,9523,9517,9522,438,297741,41631900.0,OI2501
2024-10-09 14:43:00,9522,9522,9516,9520,506,297761,48095300.0,OI2501
2024-10-09 14:44:00,9520,9521,9513,9515,511,297776,48570550.0,OI2501
2024-10-09 14:45:00,9515,9515,9502,9505,1945,297623,184872250.0,OI2501
2024-10-09 14:46:00,9503,9508,9497,9507,1546,297389,146947300.0,OI2501
2024-10-09 14:47:00,9506,9506,9494,9503,840,297198,79842000.0,OI2501
2024-10-09 14:48:00,9503,9505,9498,9499,490,297121,46574500.0,OI2501
2024-10-09 14:49:00,9500,9500,9487,9487,1371,297062,130313550.0,OI2501
2024-10-09 14:50:00,9487,9494,9486,9491,1230,296991,116911500.0,OI2501
2024-10-09 14:51:00,9490,9500,9490,9495,1301,296635,123660050.0,OI2501
2024-10-09 14:52:00,9496,9500,9491,9493,774,296682,73568700.0,OI2501
2024-10-09 14:53:00,9491,9500,9489,9497,761,296766,72333050.0,OI2501
2024-10-09 14:54:00,9496,9502,9494,9500,711,296824,67580550.0,OI2501
2024-10-09 14:55:00,9501,9503,9491,9493,589,296654,55984450.0,OI2501
2024-10-09 14:56:00,9493,9495,9488,9490,606,296512,57600300.0,OI2501
2024-10-09 14:57:00,9490,9490,9483,9486,1051,296204,99897550.0,OI2501
2024-10-09 14:58:00,9486,9495,9483,9492,1122,295709,106646100.0,OI2501
2024-10-09 14:59:00,9490,9493,9487,9490,1295,295436,123089750.0,OI2501
2024-10-09 21:00:00,9460,9460,9426,9442,7304,295662,689351520.0,OI2501
2024-10-09 21:01:00,9441,9441,9409,9412,4468,295676,421101240.0,OI2501
2024-10-09 21:02:00,9412,9426,9393,9420,6214,296235,584547880.0,OI2501
2024-10-09 21:03:00,9421,9421,9399,9413,3731,296903,350957930.0,OI2501
2024-10-09 21:04:00,9412,9412,9396,9397,3387,296820,318336150.0,OI2501
2024-10-09 21:05:00,9398,9398,9375,9379,6337,297142,594617790.0,OI2501
2024-10-09 21:06:00,9380,9398,9377,9396,3144,297132,295190140.0,OI2501
2024-10-09 21:07:00,9395,9408,9390,9407,2420,297154,227327750.0,OI2501
2024-10-09 21:08:00,9407,9413,9403,9410,2416,297228,227297280.0,OI2501
2024-10-09 21:09:00,9411,9425,9411,9425,3062,296705,288497790.0,OI2501
2024-10-09 21:10:00,9424,9437,9416,9431,4450,297205,419639160.0,OI2501
2024-10-09 21:11:00,9431,9443,9425,9426,2333,297203,220051290.0,OI2501
2024-10-09 21:12:00,9426,9433,9422,9422,1500,297275,141180000.0,OI2501
2024-10-09 21:13:00,9423,9429,9421,9426,1402,297621,132477920.0,OI2501
2024-10-09 21:14:00,9427,9430,9415,9419,1327,297549,124910510.0,OI2501
2024-10-09 21:15:00,9419,9426,9417,9417,1154,297645,108626020.0,OI2501
2024-10-09 21:16:00,9417,9422,9407,9422,1410,297506,132723300.0,OI2501
2024-10-09 21:17:00,9421,9425,9417,9424,788,297628,74174440.0,OI2501
2024-10-09 21:18:00,9424,9426,9416,9418,819,297773,77092470.0,OI2501
2024-10-09 21:19:00,9418,9420,9411,9411,978,297942,92059140.0,OI2501
2024-10-09 21:20:00,9411,9414,9398,9400,2014,297898,189577820.0,OI2501
2024-10-09 21:21:00,9402,9410,9394,9408,1824,297832,171693120.0,OI2501
2024-10-09 21:22:00,9408,9409,9397,9409,1014,297844,95447820.0,OI2501
2024-10-09 21:23:00,9408,9413,9403,9407,976,297803,91870880.0,OI2501
2024-10-09 21:24:00,9406,9406,9393,9395,1268,297759,118699440.0,OI2501
2024-10-09 21:25:00,9394,9398,9390,9397,1077,297853,101367240.0,OI2501
2024-10-09 21:26:00,9395,9398,9391,9394,670,297905,63060400.0,OI2501
2024-10-09 21:27:00,9394,9398,9390,9394,928,298043,87343360.0,OI2501
2024-10-09 21:28:00,9393,9395,9379,9382,1685,298150,157891200.0,OI2501
2024-10-09 21:29:00,9382,9384,9371,9384,2979,297948,279622900.0,OI2501
2024-10-09 21:30:00,9384,9393,9377,9393,2337,297867,219157540.0,OI2501
2024-10-09 21:31:00,9393,9403,9393,9400,1575,297732,148191750.0,OI2501
2024-10-09 21:32:00,9400,9400,9385,9391,1133,297810,105822730.0,OI2501
2024-10-09 21:33:00,9391,9405,9391,9402,1410,297898,132652800.0,OI2501
2024-10-09 21:34:00,9402,9412,9401,9404,1377,297864,129548160.0,OI2501
2024-10-09 21:35:00,9404,9412,9402,9403,1081,297678,101700480.0,OI2501
2024-10-09 21:36:00,9404,9409,9397,9408,972,297758,91445760.0,OI2501
2024-10-09 21:37:00,9407,9411,9405,9405,970,297632,91257600.0,OI2501
2024-10-09 21:38:00,9406,9415,9402,9415,930,297697,87494400.0,OI2501
2024-10-09 21:39:00,9415,9419,9409,9413,855,297681,80438400.0,OI2501
2024-10-09 21:40:00,9412,9414,9407,9410,694,297843,65291520.0,OI2501
2024-10-09 21:41:00,9410,9418,9409,9416,797,297764,74981760.0,OI2501
2024-10-09 21:42:00,9416,9422,9413,9419,1120,297503,105369600.0,OI2501
2024-10-09 21:43:00,9417,9422,9413,9417,814,297623,76581120.0,OI2501
2024-10-09 21:44:00,9417,9421,9416,9418,533,297715,51041410.0,OI2501
2024-10-09 21:45:00,9418,9425,9417,9420,1341,297647,126174690.0,OI2501
2024-10-09 21:46:00,9420,9428,9417,9419,838,297585,78847420.0,OI2501
2024-10-09 21:47:00,9417,9424,9415,9420,953,297817,89667770.0,OI2501
2024-10-09 21:48:00,9419,9423,9416,9418,470,297862,44222300.0,OI2501
2024-10-09 21:49:00,9418,9422,9416,9418,461,297924,43375490.0,OI2501
2024-10-09 21:50:00,9418,9419,9404,9404,1303,297745,122599270.0,OI2501
2024-10-09 21:51:00,9404,9408,9398,9403,1199,297932,112813910.0,OI2501
2024-10-09 21:52:00,9404,9409,9403,9404,415,297976,39047350.0,OI2501
2024-10-09 21:53:00,9404,9412,9403,9410,581,297931,54666290.0,OI2501
2024-10-09 21:54:00,9410,9412,9405,9412,410,297893,38576900.0,OI2501
2024-10-09 21:55:00,9411,9417,9410,9416,943,297847,88726870.0,OI2501
2024-10-09 21:56:00,9415,9424,9415,9423,886,297876,83363740.0,OI2501
2024-10-09 21:57:00,9423,9437,9423,9431,2396,297726,226458370.0,OI2501
2024-10-09 21:58:00,9430,9435,9429,9434,1236,297917,116307600.0,OI2501
2024-10-09 21:59:00,9434,9445,9434,9441,1883,298108,177190300.0,OI2501
2024-10-09 22:00:00,9441,9448,9435,9437,1584,298204,150120160.0,OI2501
2024-10-09 22:01:00,9437,9447,9437,9446,996,298346,93733560.0,OI2501
2024-10-09 22:02:00,9445,9451,9443,9446,1360,298283,129078920.0,OI2501
2024-10-09 22:03:00,9446,9446,9431,9433,1307,297988,123014840.0,OI2501
2024-10-09 22:04:00,9433,9437,9427,9429,1371,297752,129038520.0,OI2501
2024-10-09 22:05:00,9429,9429,9415,9425,1366,297695,128567920.0,OI2501
2024-10-09 22:06:00,9425,9425,9418,9422,869,297783,81790280.0,OI2501
2024-10-09 22:07:00,9422,9427,9420,9427,792,297719,74543040.0,OI2501
2024-10-09 22:08:00,9427,9432,9424,9427,1201,297877,114196500.0,OI2501
2024-10-09 22:09:00,9427,9436,9426,9434,613,297911,57701690.0,OI2501
2024-10-09 22:10:00,9435,9442,9434,9437,876,297964,82457880.0,OI2501
2024-10-09 22:11:00,9437,9441,9425,9425,552,297942,51959760.0,OI2501
2024-10-09 22:12:00,9425,9433,9425,9431,445,298018,41887850.0,OI2501
2024-10-09 22:13:00,9431,9431,9423,9428,506,298087,47629780.0,OI2501
2024-10-09 22:14:00,9429,9429,9416,9419,878,298180,82646140.0,OI2501
2024-10-09 22:15:00,9419,9420,9415,9419,764,298168,71915320.0,OI2501
2024-10-09 22:16:00,9419,9422,9418,9420,569,298226,53559970.0,OI2501
2024-10-09 22:17:00,9418,9426,9418,9425,520,298281,48947600.0,OI2501
2024-10-09 22:18:00,9425,9429,9421,9421,453,298298,42640890.0,OI2501
2024-10-09 22:19:00,9421,9429,9421,9428,378,298291,35581140.0,OI2501
2024-10-09 22:20:00,9427,9429,9419,9422,544,298354,51206720.0,OI2501
2024-10-09 22:21:00,9422,9428,9418,9422,470,298391,44241100.0,OI2501
2024-10-09 22:22:00,9421,9424,9421,9424,175,298387,16472750.0,OI2501
2024-10-09 22:23:00,9424,9427,9423,9425,184,298352,18557570.0,OI2501
2024-10-09 22:24:00,9424,9439,9424,9439,763,298365,71828820.0,OI2501
2024-10-09 22:25:00,9440,9446,9439,9443,1468,298553,138197520.0,OI2501
2024-10-09 22:26:00,9443,9446,9440,9442,878,298575,82654920.0,OI2501
2024-10-09 22:27:00,9442,9442,9436,9437,608,298608,57237120.0,OI2501
2024-10-09 22:28:00,9438,9447,9438,9445,856,298806,80583840.0,OI2501
2024-10-09 22:29:00,9445,9446,9436,9436,683,298828,65587830.0,OI2501
2024-10-09 22:30:00,9436,9447,9435,9443,647,298839,60915050.0,OI2501
2024-10-09 22:31:00,9443,9456,9438,9454,1801,298674,169564150.0,OI2501
2024-10-09 22:32:00,9455,9456,9444,9445,935,298863,88030250.0,OI2501
2024-10-09 22:33:00,9444,9450,9440,9449,711,298807,68271800.0,OI2501
2024-10-09 22:34:00,9450,9452,9447,9449,398,298805,37475680.0,OI2501
2024-10-09 22:35:00,9448,9448,9442,9447,388,298816,36534080.0,OI2501
2024-10-09 22:36:00,9447,9449,9443,9449,307,298915,28907120.0,OI2501
2024-10-09 22:37:00,9448,9455,9448,9452,715,299032,67324400.0,OI2501
2024-10-09 22:38:00,9452,9462,9452,9459,1240,299089,116758400.0,OI2501
2024-10-09 22:39:00,9459,9459,9453,9454,601,299093,57957800.0,OI2501
2024-10-09 22:40:00,9453,9457,9451,9457,528,299101,49721760.0,OI2501
2024-10-09 22:41:00,9457,9461,9452,9453,427,299125,40210590.0,OI2501
2024-10-09 22:42:00,9452,9460,9450,9460,631,299047,59421270.0,OI2501
2024-10-09 22:43:00,9459,9462,9456,9461,491,299095,46237470.0,OI2501
2024-10-09 22:44:00,9460,9464,9456,9456,650,299008,61210500.0,OI2501
2024-10-09 22:45:00,9456,9458,9453,9456,437,299002,42551570.0,OI2501
2024-10-09 22:46:00,9456,9461,9454,9454,639,298950,60181020.0,OI2501
2024-10-09 22:47:00,9454,9467,9454,9463,917,298752,86363060.0,OI2501
2024-10-09 22:48:00,9464,9477,9462,9475,1803,299136,171239410.0,OI2501
2024-10-09 22:49:00,9474,9480,9470,9475,1720,299101,162006800.0,OI2501
2024-10-09 22:50:00,9475,9475,9468,9471,859,299006,82367870.0,OI2501
2024-10-09 22:51:00,9471,9472,9467,9469,520,298810,48984000.0,OI2501
2024-10-09 22:52:00,9469,9476,9469,9473,770,298822,72534000.0,OI2501
2024-10-09 22:53:00,9473,9481,9471,9473,598,298799,56331600.0,OI2501
2024-10-09 22:54:00,9473,9478,9471,9475,428,298766,41799420.0,OI2501
2024-10-09 22:55:00,9475,9478,9471,9472,639,298713,60200190.0,OI2501
2024-10-09 22:56:00,9472,9474,9469,9469,636,298616,59917560.0,OI2501
2024-10-09 22:57:00,9471,9478,9469,9476,517,298554,48706570.0,OI2501
2024-10-09 22:58:00,9477,9477,9470,9475,658,298343,61990180.0,OI2501
2024-10-09 22:59:00,9475,9486,9471,9484,1636,297813,155650240.0,OI2501
2024-10-10 09:00:00,9506,9525,9482,9489,6972,298133,663271440.0,OI2501
2024-10-10 09:01:00,9491,9511,9491,9507,3417,298251,323712990.0,OI2501
2024-10-10 09:02:00,9508,9530,9507,9530,3749,298523,356746350.0,OI2501
2024-10-10 09:03:00,9530,9551,9529,9546,4378,299308,417925140.0,OI2501
2024-10-10 09:04:00,9547,9561,9541,9555,3033,299834,289548900.0,OI2501
2024-10-10 09:05:00,9556,9556,9544,9554,2797,299889,267401260.0,OI2501
2024-10-10 09:06:00,9553,9569,9553,9563,3393,300652,323763620.0,OI2501
2024-10-10 09:07:00,9562,9585,9562,9581,4472,301411,429446520.0,OI2501
2024-10-10 09:08:00,9583,9584,9568,9573,2658,301731,254711100.0,OI2501
2024-10-10 09:09:00,9573,9577,9567,9570,2305,301684,219578620.0,OI2501
2024-10-10 09:10:00,9571,9590,9567,9590,3101,302144,296740310.0,OI2501
2024-10-10 09:11:00,9590,9591,9578,9581,1895,302470,182909410.0,OI2501
2024-10-10 09:12:00,9581,9595,9581,9594,2377,302921,226570880.0,OI2501
2024-10-10 09:13:00,9592,9612,9592,9612,4935,304352,474427500.0,OI2501
2024-10-10 09:14:00,9611,9622,9601,9619,5470,305528,525422600.0,OI2501
2024-10-10 09:15:00,9619,9626,9614,9625,4621,306364,445527820.0,OI2501
2024-10-10 09:16:00,9626,9645,9626,9626,4767,307071,459717860.0,OI2501
2024-10-10 09:17:00,9627,9638,9626,9635,2655,307673,255707560.0,OI2501
2024-10-10 09:18:00,9635,9641,9630,9640,2624,308059,252878060.0,OI2501
2024-10-10 09:19:00,9640,9649,9640,9649,3006,308972,289166060.0,OI2501
2024-10-10 09:20:00,9646,9646,9621,9621,4662,308866,448471290.0,OI2501
2024-10-10 09:21:00,9622,9624,9613,9620,3081,308468,296577470.0,OI2501
2024-10-10 09:22:00,9620,9628,9618,9626,1695,308600,162978460.0,OI2501
2024-10-10 09:23:00,9627,9628,9621,9622,1002,308524,97322890.0,OI2501
2024-10-10 09:24:00,9622,9623,9613,9620,1483,308548,142941730.0,OI2501
2024-10-10 09:25:00,9621,9624,9617,9618,1219,308723,117941550.0,OI2501
2024-10-10 09:26:00,9618,9627,9617,9621,1202,308869,113961620.0,OI2501
2024-10-10 09:27:00,9621,9624,9607,9612,1736,308667,166999890.0,OI2501
2024-10-10 09:28:00,9612,9614,9608,9609,1576,308960,151861810.0,OI2501
2024-10-10 09:29:00,9609,9625,9608,9625,1301,309042,125812330.0,OI2501
2024-10-10 09:30:00,9625,9636,9622,9622,2240,309323,214902500.0,OI2501
2024-10-10 09:31:00,9624,9628,9618,9619,1137,309575,110316720.0,OI2501
2024-10-10 09:32:00,9619,9623,9602,9602,1662,309478,160146210.0,OI2501
2024-10-10 09:33:00,9601,9608,9594,9600,2711,309436,259708570.0,OI2501
2024-10-10 09:34:00,9603,9618,9595,9617,2642,310144,253215380.0,OI2501
2024-10-10 09:35:00,9618,9628,9612,9625,2677,310947,256589720.0,OI2501
2024-10-10 09:36:00,9625,9636,9616,9617,2245,311266,218233780.0,OI2501
2024-10-10 09:37:00,9618,9623,9613,9621,1079,311191,102418680.0,OI2501
2024-10-10 09:38:00,9623,9623,9614,9617,855,311311,83767580.0,OI2501
2024-10-10 09:39:00,9616,9628,9614,9628,743,311333,70532990.0,OI2501
2024-10-10 09:40:00,9628,9642,9626,9631,2191,311510,210631950.0,OI2501
2024-10-10 09:41:00,9632,9641,9632,9639,1456,311992,140887520.0,OI2501
2024-10-10 09:42:00,9640,9642,9634,9635,1010,312243,95899500.0,OI2501
2024-10-10 09:43:00,9636,9644,9633,9635,1311,312607,127157540.0,OI2501
2024-10-10 09:44:00,9635,9641,9634,9637,697,312826,66187120.0,OI2501
2024-10-10 09:45:00,9637,9658,9633,9633,5632,313406,545780240.0,OI2501
2024-10-10 09:46:00,9634,9642,9633,9642,1382,313885,131290000.0,OI2501
2024-10-10 09:47:00,9642,9649,9640,9647,1181,314020,114962010.0,OI2501
2024-10-10 09:48:00,9645,9647,9632,9637,1348,314162,130853970.0,OI2501
2024-10-10 09:49:00,9636,9639,9631,9638,1091,314285,103666820.0,OI2501
2024-10-10 09:50:00,9638,9639,9620,9623,1667,314003,161206410.0,OI2501
2024-10-10 09:51:00,9624,9624,9617,9622,1165,313954,110709950.0,OI2501
2024-10-10 09:52:00,9623,9624,9608,9621,1481,313823,143573960.0,OI2501
2024-10-10 09:53:00,9622,9622,9612,9618,1012,313629,96180480.0,OI2501
2024-10-10 09:54:00,9619,9619,9607,9611,1004,313388,98274850.0,OI2501
2024-10-10 09:55:00,9612,9612,9605,9610,1519,313241,144380950.0,OI2501
2024-10-10 09:56:00,9611,9624,9609,9618,1253,313016,121980060.0,OI2501
2024-10-10 09:57:00,9617,9623,9613,9616,852,313050,80991120.0,OI2501
2024-10-10 09:58:00,9616,9622,9616,9622,693,313286,65876580.0,OI2501
2024-10-10 09:59:00,9623,9629,9622,9625,798,313407,78763720.0,OI2501
2024-10-10 10:00:00,9624,9626,9620,9621,605,313620,57517350.0,OI2501
2024-10-10 10:01:00,9621,9631,9619,9629,876,313642,83281320.0,OI2501
2024-10-10 10:02:00,9630,9646,9629,9644,2060,314023,198785450.0,OI2501
2024-10-10 10:03:00,9644,9654,9636,9638,2189,314247,211093260.0,OI2501
2024-10-10 10:04:00,9637,9643,9633,9641,1015,314539,99489640.0,OI2501
2024-10-10 10:05:00,9642,9649,9641,9649,1193,314874,113454300.0,OI2501
2024-10-10 10:06:00,9649,9654,9643,9652,1102,315251,107796440.0,OI2501
2024-10-10 10:07:00,9652,9665,9651,9662,2842,316088,273327280.0,OI2501
2024-10-10 10:08:00,9663,9663,9654,9654,1453,316621,141248550.0,OI2501
2024-10-10 10:09:00,9654,9656,9645,9648,1238,316648,117770940.0,OI2501
2024-10-10 10:10:00,9647,9662,9647,9660,1391,317001,135391310.0,OI2501
2024-10-10 10:11:00,9661,9670,9660,9668,1863,317426,180329930.0,OI2501
2024-10-10 10:12:00,9667,9667,9644,9645,2045,317067,197686310.0,OI2501
2024-10-10 10:13:00,9645,9650,9638,9640,1460,316846,138933600.0,OI2501
2024-10-10 10:14:00,9639,9653,9636,9652,1156,316665,113135680.0,OI2501
2024-10-10 10:30:00,9655,9658,9632,9639,2979,316648,286671940.0,OI2501
2024-10-10 10:31:00,9640,9640,9626,9630,1430,316546,139282210.0,OI2501
2024-10-10 10:32:00,9632,9637,9627,9630,987,316468,93952530.0,OI2501
2024-10-10 10:33:00,9629,9641,9629,9639,575,316455,54734250.0,OI2501
2024-10-10 10:34:00,9640,9642,9630,9630,699,316330,66537810.0,OI2501
2024-10-10 10:35:00,9628,9631,9623,9628,1421,316299,138476620.0,OI2501
2024-10-10 10:36:00,9629,9638,9628,9635,611,316471,58167200.0,OI2501
2024-10-10 10:37:00,9637,9651,9634,9649,1095,316564,107472690.0,OI2501
2024-10-10 10:38:00,9650,9654,9647,9650,1000,316701,95210000.0,OI2501
2024-10-10 10:39:00,9650,9661,9649,9657,1173,316960,111681330.0,OI2501
2024-10-10 10:40:00,9657,9663,9653,9662,1149,317438,112658200.0,OI2501
2024-10-10 10:41:00,9664,9676,9663,9675,3533,318927,339709500.0,OI2501
2024-10-10 10:42:00,9675,9684,9672,9679,3114,320223,303202980.0,OI2501
2024-10-10 10:43:00,9679,9690,9678,9688,2295,321116,221950080.0,OI2501
2024-10-10 10:44:00,9688,9692,9675,9682,2377,321499,229808120.0,OI2501
2024-10-10 10:45:00,9682,9683,9674,9679,1248,321708,122284540.0,OI2501
2024-10-10 10:46:00,9678,9681,9671,9675,1146,321843,109190880.0,OI2501
2024-10-10 10:47:00,9675,9677,9671,9676,736,321830,73532480.0,OI2501
2024-10-10 10:48:00,9676,9676,9667,9669,915,321783,87190350.0,OI2501
2024-10-10 10:49:00,9668,9679,9666,9673,1246,321649,118731340.0,OI2501
2024-10-10 10:50:00,9672,9673,9663,9667,1135,321403,111593510.0,OI2501
2024-10-10 10:51:00,9666,9670,9663,9666,970,321442,92441000.0,OI2501
2024-10-10 10:52:00,9666,9669,9660,9664,1348,321195,131926940.0,OI2501
2024-10-10 10:53:00,9664,9666,9660,9661,785,320921,74818350.0,OI2501
2024-10-10 10:54:00,9661,9664,9659,9661,698,320672,66526380.0,OI2501
2024-10-10 10:55:00,9660,9663,9654,9659,1217,320283,119481810.0,OI2501
2024-10-10 10:56:00,9659,9665,9658,9663,518,320232,49375760.0,OI2501
2024-10-10 10:57:00,9663,9664,9652,9655,638,320070,60814160.0,OI2501
2024-10-10 10:58:00,9655,9658,9653,9657,582,319977,55476240.0,OI2501
2024-10-10 10:59:00,9657,9657,9648,9648,1241,319692,121811450.0,OI2501
2024-10-10 11:00:00,9647,9653,9645,9648,1303,319625,124214990.0,OI2501
2024-10-10 11:01:00,9648,9659,9647,9658,879,319677,87336220.0,OI2501
2024-10-10 11:02:00,9660,9667,9659,9665,1072,319900,102204480.0,OI2501
2024-10-10 11:03:00,9665,9673,9665,9672,994,319985,94767960.0,OI2501
2024-10-10 11:04:00,9672,9675,9670,9675,584,320035,59246210.0,OI2501
2024-10-10 11:05:00,9675,9679,9673,9678,920,320143,87722000.0,OI2501
2024-10-10 11:06:00,9677,9686,9677,9682,1468,320323,139973800.0,OI2501
2024-10-10 11:07:00,9681,9685,9681,9684,589,320526,59758570.0,OI2501
2024-10-10 11:08:00,9684,9684,9671,9671,946,320593,90210560.0,OI2501
2024-10-10 11:09:00,9670,9677,9670,9676,878,320497,83726080.0,OI2501
2024-10-10 11:10:00,9677,9685,9677,9679,965,320674,95647710.0,OI2501
2024-10-10 11:11:00,9680,9683,9676,9678,584,320618,55696080.0,OI2501
2024-10-10 11:12:00,9679,9679,9671,9672,571,320614,54456270.0,OI2501
2024-10-10 11:13:00,9671,9673,9666,9672,861,320717,85759040.0,OI2501
2024-10-10 11:14:00,9672,9676,9670,9673,300,320665,28614000.0,OI2501
2024-10-10 11:15:00,9673,9674,9668,9671,572,320647,54557360.0,OI2501
2024-10-10 11:16:00,9671,9674,9669,9672,594,320674,56655720.0,OI2501
2024-10-10 11:17:00,9672,9677,9671,9671,336,320659,32047680.0,OI2501
2024-10-10 11:18:00,9671,9671,9665,9668,763,320612,76446060.0,OI2501
2024-10-10 11:19:00,9669,9672,9666,9666,477,320541,45501030.0,OI2501
2024-10-10 11:20:00,9665,9668,9664,9667,475,320457,45310250.0,OI2501
2024-10-10 11:21:00,9667,9668,9664,9666,630,320495,60095700.0,OI2501
2024-10-10 11:22:00,9665,9665,9652,9654,1113,320203,106169070.0,OI2501
2024-10-10 11:23:00,9655,9655,9637,9646,2399,319677,232562670.0,OI2501
2024-10-10 11:24:00,9646,9646,9638,9638,1287,319238,122779800.0,OI2501
2024-10-10 11:25:00,9638,9647,9638,9641,894,319082,89031470.0,OI2501
2024-10-10 11:26:00,9642,9646,9637,9645,797,318788,76041770.0,OI2501
2024-10-10 11:27:00,9645,9656,9643,9646,839,318554,80048990.0,OI2501
2024-10-10 11:28:00,9646,9647,9639,9643,664,318406,63352240.0,OI2501
2024-10-10 11:29:00,9642,9647,9636,9636,1237,317878,121801410.0,OI2501
2024-10-10 13:30:00,9634,9634,9614,9621,4157,317124,400481750.0,OI2501
2024-10-10 13:31:00,9621,9628,9616,9624,1930,316834,184179900.0,OI2501
2024-10-10 13:32:00,9623,9623,9612,9618,1348,316782,128639640.0,OI2501
2024-10-10 13:33:00,9618,9620,9610,9610,1307,316784,124727010.0,OI2501
2024-10-10 13:34:00,9611,9621,9611,9620,1177,316792,116199540.0,OI2501
2024-10-10 13:35:00,9620,9621,9605,9612,1643,316683,156807920.0,OI2501
2024-10-10 13:36:00,9613,9617,9608,9617,862,316565,82269280.0,OI2501
2024-10-10 13:37:00,9616,9616,9608,9613,1107,316237,105652080.0,OI2501
2024-10-10 13:38:00,9611,9616,9611,9612,821,316004,78356240.0,OI2501
2024-10-10 13:39:00,9612,9628,9611,9627,1965,315738,191482010.0,OI2501
2024-10-10 13:40:00,9629,9639,9626,9639,2670,315792,254851500.0,OI2501
2024-10-10 13:41:00,9639,9640,9624,9630,1049,315926,104106650.0,OI2501
2024-10-10 13:42:00,9630,9638,9629,9636,742,315957,70831320.0,OI2501
2024-10-10 13:43:00,9635,9637,9631,9633,654,316056,62430840.0,OI2501
2024-10-10 13:44:00,9634,9637,9629,9630,556,316172,53075760.0,OI2501
2024-10-10 13:45:00,9630,9633,9630,9632,518,316114,49448280.0,OI2501
2024-10-10 13:46:00,9632,9638,9631,9632,604,316028,57657840.0,OI2501
2024-10-10 13:47:00,9633,9633,9626,9628,794,316131,75795240.0,OI2501
2024-10-10 13:48:00,9628,9632,9623,9628,806,315828,80967100.0,OI2501
2024-10-10 13:49:00,9627,9628,9619,9623,906,315771,86495820.0,OI2501
2024-10-10 13:50:00,9623,9634,9622,9633,791,315994,75516770.0,OI2501
2024-10-10 13:51:00,9633,9638,9633,9638,482,316067,46016540.0,OI2501
2024-10-10 13:52:00,9638,9646,9635,9639,1035,315939,98811450.0,OI2501
2024-10-10 13:53:00,9639,9639,9633,9634,494,316089,47162180.0,OI2501
2024-10-10 13:54:00,9633,9635,9625,9627,625,316172,59668750.0,OI2501
2024-10-10 13:55:00,9628,9630,9627,9627,299,316144,32618190.0,OI2501
2024-10-10 13:56:00,9627,9628,9620,9623,607,316054,57956360.0,OI2501
2024-10-10 13:57:00,9624,9626,9620,9620,393,316077,37523640.0,OI2501
2024-10-10 13:58:00,9619,9623,9615,9621,469,316008,44780120.0,OI2501
2024-10-10 13:59:00,9621,9627,9620,9624,321,316018,30649080.0,OI2501
2024-10-10 14:00:00,9624,9624,9613,9618,696,316045,66454080.0,OI2501
2024-10-10 14:01:00,9618,9621,9615,9621,696,315953,66454080.0,OI2501
2024-10-10 14:02:00,9621,9625,9618,9620,372,315923,35518560.0,OI2501
2024-10-10 14:03:00,9621,9621,9614,9618,472,315918,45066560.0,OI2501
2024-10-10 14:04:00,9618,9621,9614,9619,409,315916,39051320.0,OI2501
2024-10-10 14:05:00,9617,9624,9616,9623,447,315873,42679560.0,OI2501
2024-10-10 14:06:00,9624,9627,9621,9627,385,315875,36759800.0,OI2501
2024-10-10 14:07:00,9627,9637,9627,9630,918,315768,91785150.0,OI2501
2024-10-10 14:08:00,9630,9634,9626,9627,343,315777,32753070.0,OI2501
2024-10-10 14:09:00,9627,9637,9626,9628,722,315789,68943780.0,OI2501
2024-10-10 14:10:00,9628,9635,9628,9635,581,315787,55479690.0,OI2501
2024-10-10 14:11:00,9636,9639,9633,9637,736,315794,70280640.0,OI2501
2024-10-10 14:12:00,9636,9642,9635,9637,689,315839,65792610.0,OI2501
2024-10-10 14:13:00,9636,9655,9636,9655,2096,315872,204333220.0,OI2501
2024-10-10 14:14:00,9656,9659,9649,9650,1472,315903,140576000.0,OI2501
2024-10-10 14:15:00,9650,9657,9650,9654,941,316158,89865500.0,OI2501
2024-10-10 14:16:00,9653,9654,9643,9644,923,316377,92366040.0,OI2501
2024-10-10 14:17:00,9645,9654,9644,9652,499,316463,47659490.0,OI2501
2024-10-10 14:18:00,9652,9655,9649,9649,612,316580,58452120.0,OI2501
2024-10-10 14:19:00,9649,9650,9640,9643,906,316425,86532060.0,OI2501
2024-10-10 14:20:00,9643,9652,9642,9648,1113,316685,106302630.0,OI2501
2024-10-10 14:21:00,9648,9649,9641,9645,687,316839,65615370.0,OI2501
2024-10-10 14:22:00,9646,9652,9645,9649,544,316932,56220590.0,OI2501
2024-10-10 14:23:00,9650,9650,9645,9646,432,317068,41264640.0,OI2501
2024-10-10 14:24:00,9646,9647,9638,9638,442,317055,42219840.0,OI2501
2024-10-10 14:25:00,9637,9645,9637,9640,791,317157,75556320.0,OI2501
2024-10-10 14:26:00,9639,9644,9639,9641,309,317148,29515680.0,OI2501
2024-10-10 14:27:00,9640,9642,9634,9637,828,317082,79090560.0,OI2501
2024-10-10 14:28:00,9638,9639,9633,9637,522,317088,49861440.0,OI2501
2024-10-10 14:29:00,9636,9636,9631,9631,644,317215,61514880.0,OI2501
2024-10-10 14:30:00,9631,9636,9630,9634,642,317250,65633090.0,OI2501
2024-10-10 14:31:00,9634,9650,9632,9646,1213,317077,115877890.0,OI2501
2024-10-10 14:32:00,9646,9660,9644,9660,1662,317278,158770860.0,OI2501
2024-10-10 14:33:00,9659,9659,9653,9659,817,317476,78048010.0,OI2501
2024-10-10 14:34:00,9658,9658,9650,9653,572,317455,54643160.0,OI2501
2024-10-10 14:35:00,9652,9655,9649,9653,345,317540,37313190.0,OI2501
2024-10-10 14:36:00,9653,9653,9643,9644,651,317502,62196540.0,OI2501
2024-10-10 14:37:00,9645,9645,9637,9642,911,317369,87036940.0,OI2501
2024-10-10 14:38:00,9644,9645,9640,9641,421,317429,40222340.0,OI2501
2024-10-10 14:39:00,9640,9640,9629,9629,910,317283,86941400.0,OI2501
2024-10-10 14:40:00,9628,9629,9621,9625,1462,317048,139679480.0,OI2501
2024-10-10 14:41:00,9626,9626,9620,9622,588,317057,56177520.0,OI2501
2024-10-10 14:42:00,9621,9628,9619,9621,954,317022,95559470.0,OI2501
2024-10-10 14:43:00,9622,9622,9601,9602,3124,316527,298498200.0,OI2501
2024-10-10 14:44:00,9602,9602,9590,9591,3119,316484,298020450.0,OI2501
2024-10-10 14:45:00,9590,9600,9580,9582,3791,315830,366744700.0,OI2501
2024-10-10 14:46:00,9583,9596,9581,9594,1973,315168,188539880.0,OI2501
2024-10-10 14:47:00,9596,9607,9592,9601,1517,314814,144964520.0,OI2501
2024-10-10 14:48:00,9601,9601,9596,9596,939,314568,89730840.0,OI2501
2024-10-10 14:49:00,9596,9597,9594,9595,528,314438,50455680.0,OI2501
2024-10-10 14:50:00,9596,9596,9588,9590,869,314446,83041640.0,OI2501
2024-10-10 14:51:00,9590,9592,9583,9586,1037,314316,99095720.0,OI2501
2024-10-10 14:52:00,9587,9590,9583,9589,1229,313959,117443240.0,OI2501
2024-10-10 14:53:00,9588,9590,9587,9588,782,313662,74727920.0,OI2501
2024-10-10 14:54:00,9588,9590,9583,9588,873,313353,83423880.0,OI2501
2024-10-10 14:55:00,9589,9589,9584,9584,1036,313003,99000160.0,OI2501
2024-10-10 14:56:00,9585,9586,9581,9584,898,312692,85812880.0,OI2501
2024-10-10 14:57:00,9585,9591,9584,9590,1033,312201,103355270.0,OI2501
2024-10-10 14:58:00,9590,9600,9590,9600,1336,311964,127681520.0,OI2501
2024-10-10 14:59:00,9600,9600,9595,9600,1669,311853,159506330.0,OI2501
2024-10-10 21:00:00,9600,9604,9589,9598,3789,312439,363630330.0,OI2501
2024-10-10 21:01:00,9597,9620,9596,9618,3215,312700,309103870.0,OI2501
2024-10-10 21:02:00,9615,9615,9596,9602,2487,313198,238876350.0,OI2501
2024-10-10 21:03:00,9601,9616,9600,9615,1564,313309,150222200.0,OI2501
2024-10-10 21:04:00,9614,9617,9604,9609,1449,313590,139301490.0,OI2501
2024-10-10 21:05:00,9610,9618,9607,9618,1274,313560,122518220.0,OI2501
2024-10-10 21:06:00,9618,9623,9615,9622,1430,313648,137532180.0,OI2501
2024-10-10 21:07:00,9622,9627,9620,9626,1105,313764,106331530.0,OI2501
2024-10-10 21:08:00,9626,9639,9625,9627,2152,314240,207339630.0,OI2501
2024-10-10 21:09:00,9627,9635,9627,9630,1143,314463,110061240.0,OI2501
2024-10-10 21:10:00,9630,9630,9618,9624,1243,314408,119489590.0,OI2501
2024-10-10 21:11:00,9623,9623,9616,9621,1074,314532,103462870.0,OI2501
2024-10-10 21:12:00,9621,9625,9616,9624,817,314596,78546380.0,OI2501
2024-10-10 21:13:00,9624,9624,9613,9613,1158,314718,111330120.0,OI2501
2024-10-10 21:14:00,9614,9614,9604,9611,1968,314470,189203520.0,OI2501
2024-10-10 21:15:00,9609,9616,9603,9615,1416,314398,135861400.0,OI2501
2024-10-10 21:16:00,9614,9621,9614,9620,787,314402,75935020.0,OI2501
2024-10-10 21:17:00,9621,9621,9613,9613,686,314403,65952040.0,OI2501
2024-10-10 21:18:00,9614,9615,9605,9610,829,314310,79404200.0,OI2501
2024-10-10 21:19:00,9609,9612,9607,9610,373,314236,35856490.0,OI2501
2024-10-10 21:20:00,9609,9610,9596,9596,1625,314434,156211250.0,OI2501
2024-10-10 21:21:00,9596,9605,9591,9603,1387,314360,133002600.0,OI2501
2024-10-10 21:22:00,9603,9614,9601,9609,1075,314179,103329000.0,OI2501
2024-10-10 21:23:00,9610,9612,9598,9601,794,314105,76319280.0,OI2501
2024-10-10 21:24:00,9600,9604,9596,9604,990,314251,94800500.0,OI2501
2024-10-10 21:25:00,9604,9611,9604,9609,1480,314002,142242800.0,OI2501
2024-10-10 21:26:00,9609,9609,9600,9605,478,314064,45940580.0,OI2501
2024-10-10 21:27:00,9605,9613,9605,9608,586,314068,56320460.0,OI2501
2024-10-10 21:28:00,9609,9611,9605,9610,366,314121,35176260.0,OI2501
2024-10-10 21:29:00,9609,9612,9607,9609,565,314077,54302150.0,OI2501
2024-10-10 21:30:00,9608,9619,9596,9618,2175,313894,209039250.0,OI2501
2024-10-10 21:31:00,9619,9622,9613,9620,1547,313888,148682170.0,OI2501
2024-10-10 21:32:00,9620,9626,9619,9625,1238,313972,119426830.0,OI2501
2024-10-10 21:33:00,9625,9625,9609,9612,740,314030,71128800.0,OI2501
2024-10-10 21:34:00,9611,9617,9607,9610,922,314129,88622640.0,OI2501
2024-10-10 21:35:00,9610,9619,9608,9615,458,314127,44022960.0,OI2501
2024-10-10 21:36:00,9614,9619,9608,9614,566,314183,54403920.0,OI2501
2024-10-10 21:37:00,9615,9616,9607,9607,638,314266,61324560.0,OI2501
2024-10-10 21:38:00,9606,9608,9598,9604,1140,314254,109576800.0,OI2501
2024-10-10 21:39:00,9603,9608,9600,9604,703,314320,67078040.0,OI2501
2024-10-10 21:40:00,9603,9607,9603,9604,351,314368,33734610.0,OI2501
2024-10-10 21:41:00,9604,9616,9602,9615,943,314186,90631730.0,OI2501
2024-10-10 21:42:00,9615,9615,9595,9596,1502,314328,144357220.0,OI2501
2024-10-10 21:43:00,9596,9598,9594,9594,897,314350,86210670.0,OI2501
2024-10-10 21:44:00,9593,9594,9585,9586,2357,314026,225976450.0,OI2501
2024-10-10 21:45:00,9586,9589,9569,9581,3791,313737,363129640.0,OI2501
2024-10-10 21:46:00,9581,9589,9581,9588,1762,313765,168682610.0,OI2501
2024-10-10 21:47:00,9588,9589,9576,9578,1098,313707,105484860.0,OI2501
2024-10-10 21:48:00,9577,9581,9574,9577,905,313510,86312970.0,OI2501
2024-10-10 21:49:00,9577,9580,9572,9575,1034,313565,99326040.0,OI2501
2024-10-10 21:50:00,9576,9582,9568,9570,2164,313567,207211480.0,OI2501
2024-10-10 21:51:00,9569,9590,9564,9590,2292,313155,219461320.0,OI2501
2024-10-10 21:52:00,9590,9591,9583,9587,1422,312916,135869380.0,OI2501
2024-10-10 21:53:00,9587,9596,9586,9594,1032,312869,99102960.0,OI2501
2024-10-10 21:54:00,9593,9593,9586,9588,902,312883,86619060.0,OI2501
2024-10-10 21:55:00,9589,9598,9589,9596,1056,312869,101407680.0,OI2501
2024-10-10 21:56:00,9595,9599,9591,9594,1012,312930,97182360.0,OI2501
2024-10-10 21:57:00,9595,9598,9589,9591,703,312975,67509090.0,OI2501
2024-10-10 21:58:00,9591,9592,9587,9587,368,312993,35339040.0,OI2501
2024-10-10 21:59:00,9587,9587,9581,9581,816,312936,77602090.0,OI2501
2024-10-10 22:00:00,9582,9585,9580,9582,550,312941,52811000.0,OI2501
2024-10-10 22:01:00,9582,9583,9573,9578,1143,312937,109750860.0,OI2501
2024-10-10 22:02:00,9577,9584,9575,9578,678,312888,65101560.0,OI2501
2024-10-10 22:03:00,9579,9584,9576,9583,603,312823,57900060.0,OI2501
2024-10-10 22:04:00,9583,9589,9581,9583,711,312859,67474980.0,OI2501
2024-10-10 22:05:00,9584,9584,9574,9575,503,312836,48293030.0,OI2501
2024-10-10 22:06:00,9574,9575,9561,9564,2265,312819,216639730.0,OI2501
2024-10-10 22:07:00,9564,9564,9548,9549,4510,311947,431223960.0,OI2501
2024-10-10 22:08:00,9550,9559,9549,9556,1435,311765,136848930.0,OI2501
2024-10-10 22:09:00,9557,9557,9545,9552,1647,311676,157163750.0,OI2501
2024-10-10 22:10:00,9551,9562,9550,9560,1319,311564,126571240.0,OI2501
2024-10-10 22:11:00,9560,9568,9560,9564,1349,311320,128524520.0,OI2501
2024-10-10 22:12:00,9565,9570,9562,9565,1037,311256,99500150.0,OI2501
2024-10-10 22:13:00,9565,9566,9557,9559,828,311293,79446600.0,OI2501
2024-10-10 22:14:00,9558,9566,9556,9563,534,311193,50287790.0,OI2501
2024-10-10 22:15:00,9561,9566,9557,9565,490,311106,47010600.0,OI2501
2024-10-10 22:16:00,9567,9573,9567,9567,900,311044,86346000.0,OI2501
2024-10-10 22:17:00,9568,9579,9567,9576,1137,310855,109083780.0,OI2501
2024-10-10 22:18:00,9576,9584,9570,9580,1117,310812,107164980.0,OI2501
2024-10-10 22:19:00,9581,9591,9580,9587,1599,310550,153408060.0,OI2501
2024-10-10 22:20:00,9586,9592,9584,9592,1149,310538,109221630.0,OI2501
2024-10-10 22:21:00,9591,9600,9591,9599,1760,310507,168836800.0,OI2501
2024-10-10 22:22:00,9598,9598,9584,9588,1330,310469,127586900.0,OI2501
2024-10-10 22:23:00,9588,9590,9586,9589,727,310617,69741110.0,OI2501
2024-10-10 22:24:00,9588,9592,9584,9591,1028,310661,98616040.0,OI2501
2024-10-10 22:25:00,9590,9592,9583,9584,837,310811,80293410.0,OI2501
2024-10-10 22:26:00,9585,9586,9582,9583,523,310862,50171390.0,OI2501
2024-10-10 22:27:00,9581,9586,9581,9585,347,310868,33287710.0,OI2501
2024-10-10 22:28:00,9585,9586,9582,9584,195,310842,18706350.0,OI2501
2024-10-10 22:29:00,9583,9585,9578,9585,661,310783,63409730.0,OI2501
2024-10-10 22:30:00,9586,9595,9583,9590,907,310639,87008510.0,OI2501
2024-10-10 22:31:00,9589,9595,9580,9581,1016,310618,97464880.0,OI2501
2024-10-10 22:32:00,9579,9581,9571,9574,1821,310591,174688530.0,OI2501
2024-10-10 22:33:00,9574,9585,9574,9580,710,310592,68110300.0,OI2501
2024-10-10 22:34:00,9581,9591,9581,9591,569,310524,54584170.0,OI2501
2024-10-10 22:35:00,9591,9598,9589,9594,1518,310704,145621740.0,OI2501
2024-10-10 22:36:00,9595,9597,9590,9594,961,310800,92188730.0,OI2501
2024-10-10 22:37:00,9594,9595,9589,9591,399,310764,38276070.0,OI2501
2024-10-10 22:38:00,9591,9593,9589,9592,307,310787,29450510.0,OI2501
2024-10-10 22:39:00,9593,9600,9592,9595,820,310588,78662600.0,OI2501
2024-10-10 22:40:00,9595,9615,9592,9609,2904,310135,278580720.0,OI2501
2024-10-10 22:41:00,9609,9615,9608,9613,1303,310166,124996790.0,OI2501
2024-10-10 22:42:00,9613,9618,9610,9611,1076,310172,103220680.0,OI2501
2024-10-10 22:43:00,9612,9619,9612,9618,726,310238,70883060.0,OI2501
2024-10-10 22:44:00,9617,9621,9612,9619,1354,310240,129902760.0,OI2501
2024-10-10 22:45:00,9618,9624,9617,9618,1121,310262,107548740.0,OI2501
2024-10-10 22:46:00,9618,9622,9614,9614,699,310273,67062060.0,OI2501
2024-10-10 22:47:00,9615,9616,9613,9615,590,310250,56604600.0,OI2501
2024-10-10 22:48:00,9615,9616,9608,9608,624,310114,59866560.0,OI2501
2024-10-10 22:49:00,9608,9612,9605,9608,720,310043,69076800.0,OI2501
2024-10-10 22:50:00,9606,9614,9604,9612,797,309960,77761110.0,OI2501
2024-10-10 22:51:00,9611,9622,9611,9620,988,310038,94798600.0,OI2501
2024-10-10 22:52:00,9620,9621,9610,9612,557,309981,53444150.0,OI2501
2024-10-10 22:53:00,9611,9615,9610,9614,236,309982,22644200.0,OI2501
2024-10-10 22:54:00,9614,9615,9611,9614,301,310005,28880950.0,OI2501
2024-10-10 22:55:00,9614,9616,9611,9614,525,310045,50373750.0,OI2501
2024-10-10 22:56:00,9614,9616,9609,9609,648,309953,62175600.0,OI2501
2024-10-10 22:57:00,9610,9615,9608,9614,294,309860,28209300.0,OI2501
2024-10-10 22:58:00,9614,9616,9610,9612,605,309680,58049750.0,OI2501
2024-10-10 22:59:00,9611,9619,9600,9600,1253,309327,120225350.0,OI2501
2024-10-11 09:00:00,9644,9650,9627,9633,5185,309105,500306450.0,OI2501
2024-10-11 09:01:00,9631,9642,9631,9637,1989,309387,190884330.0,OI2501
2024-10-11 09:02:00,9635,9637,9626,9628,1414,309654,137138460.0,OI2501
2024-10-11 09:03:00,9629,9634,9625,9633,1086,309783,104234280.0,OI2501
2024-10-11 09:04:00,9633,9648,9631,9645,2443,309455,235951310.0,OI2501
2024-10-11 09:05:00,9646,9654,9641,9652,2342,309787,226304170.0,OI2501
2024-10-11 09:06:00,9650,9651,9632,9636,1866,310200,179136000.0,OI2501
2024-10-11 09:07:00,9638,9643,9636,9640,758,310282,72768000.0,OI2501
2024-10-11 09:08:00,9640,9642,9635,9641,1029,310217,98784000.0,OI2501
2024-10-11 09:09:00,9643,9649,9641,9647,861,310269,84196730.0,OI2501
2024-10-11 09:10:00,9649,9652,9644,9649,1260,310591,120972600.0,OI2501
2024-10-11 09:11:00,9650,9650,9640,9644,838,310642,80456380.0,OI2501
2024-10-11 09:12:00,9644,9653,9640,9652,970,310803,94701110.0,OI2501
2024-10-11 09:13:00,9654,9665,9653,9664,2523,311235,243855100.0,OI2501
2024-10-11 09:14:00,9664,9673,9660,9671,2403,311712,232380760.0,OI2501
2024-10-11 09:15:00,9671,9684,9670,9679,3587,312630,346152020.0,OI2501
2024-10-11 09:16:00,9680,9680,9674,9675,1780,312697,172643340.0,OI2501
2024-10-11 09:17:00,9676,9682,9673,9680,1363,313131,130929780.0,OI2501
2024-10-11 09:18:00,9680,9682,9671,9673,1429,313281,138972000.0,OI2501
2024-10-11 09:19:00,9674,9682,9673,9682,1084,313549,104139880.0,OI2501
2024-10-11 09:20:00,9681,9694,9681,9694,3174,314322,308415860.0,OI2501
2024-10-11 09:21:00,9693,9696,9685,9688,2107,314865,204227540.0,OI2501
2024-10-11 09:22:00,9689,9694,9684,9684,1044,314957,100328400.0,OI2501
2024-10-11 09:23:00,9684,9686,9675,9676,1300,314870,126719350.0,OI2501
2024-10-11 09:24:00,9676,9686,9672,9682,1116,314852,107258760.0,OI2501
2024-10-11 09:25:00,9680,9690,9680,9689,621,314960,61491030.0,OI2501
2024-10-11 09:26:00,9690,9702,9684,9699,3350,315116,323842220.0,OI2501
2024-10-11 09:27:00,9699,9705,9694,9695,1541,315337,149991960.0,OI2501
2024-10-11 09:28:00,9694,9700,9683,9683,1346,315543,129404440.0,OI2501
2024-10-11 09:29:00,9684,9689,9665,9668,2043,315518,198303540.0,OI2501
2024-10-11 09:30:00,9668,9676,9659,9659,2213,315371,214691600.0,OI2501
2024-10-11 09:31:00,9659,9670,9658,9664,1601,315228,153952160.0,OI2501
2024-10-11 09:32:00,9664,9664,9652,9653,1535,314905,147605600.0,OI2501
2024-10-11 09:33:00,9654,9655,9641,9647,2240,314679,217363810.0,OI2501
2024-10-11 09:34:00,9646,9655,9644,9655,970,314723,93284900.0,OI2501
2024-10-11 09:35:00,9654,9654,9644,9649,909,314681,87418530.0,OI2501
2024-10-11 09:36:00,9649,9653,9645,9648,738,314728,70973460.0,OI2501
2024-10-11 09:37:00,9647,9647,9634,9638,1554,314570,149448180.0,OI2501
2024-10-11 09:38:00,9636,9642,9627,9642,2038,314233,195994460.0,OI2501
2024-10-11 09:39:00,9641,9644,9632,9634,894,314272,88012420.0,OI2501
2024-10-11 09:40:00,9635,9642,9632,9638,877,314253,84349860.0,OI2501
2024-10-11 09:41:00,9639,9641,9633,9636,857,314341,82426260.0,OI2501
2024-10-11 09:42:00,9635,9652,9634,9652,1124,314182,108106320.0,OI2501
2024-10-11 09:43:00,9650,9651,9640,9642,1248,314288,120032640.0,OI2501
2024-10-11 09:44:00,9643,9643,9636,9640,575,314288,55303500.0,OI2501
2024-10-11 09:45:00,9639,9641,9628,9636,1293,314144,124360740.0,OI2501
2024-10-11 09:46:00,9636,9643,9633,9641,623,314089,59920140.0,OI2501
2024-10-11 09:47:00,9641,9660,9641,9659,1331,313960,128015580.0,OI2501
2024-10-11 09:48:00,9659,9661,9652,9659,869,313931,85704830.0,OI2501
2024-10-11 09:49:00,9659,9664,9656,9656,753,313892,72431070.0,OI2501
2024-10-11 09:50:00,9657,9667,9650,9659,1275,313985,122642250.0,OI2501
2024-10-11 09:51:00,9656,9657,9641,9643,788,314041,75797720.0,OI2501
2024-10-11 09:52:00,9642,9644,9637,9642,734,313917,70603460.0,OI2501
2024-10-11 09:53:00,9642,9655,9640,9649,665,313996,63966350.0,OI2501
2024-10-11 09:54:00,9649,9650,9644,9645,300,314064,28857000.0,OI2501
2024-10-11 09:55:00,9644,9652,9643,9650,275,314072,26452250.0,OI2501
2024-10-11 09:56:00,9650,9652,9639,9641,613,314118,58964470.0,OI2501
2024-10-11 09:57:00,9642,9644,9635,9638,805,314323,77432950.0,OI2501
2024-10-11 09:58:00,9639,9645,9637,9641,303,314347,29145570.0,OI2501
2024-10-11 09:59:00,9641,9648,9639,9646,344,314347,35282320.0,OI2501
2024-10-11 10:00:00,9645,9646,9635,9638,738,314335,70995600.0,OI2501
2024-10-11 10:01:00,9637,9639,9631,9631,763,314574,73400600.0,OI2501
2024-10-11 10:02:00,9633,9637,9617,9626,2053,314374,197498600.0,OI2501
2024-10-11 10:03:00,9626,9631,9621,9623,1005,314507,96681000.0,OI2501
2024-10-11 10:04:00,9623,9635,9623,9634,673,314363,64742600.0,OI2501
2024-10-11 10:05:00,9633,9635,9631,9632,362,314381,34824400.0,OI2501
2024-10-11 10:06:00,9632,9632,9625,9631,635,314510,61087000.0,OI2501
2024-10-11 10:07:00,9631,9634,9626,9626,353,314514,33958600.0,OI2501
2024-10-11 10:08:00,9626,9628,9624,9626,300,314484,28860000.0,OI2501
2024-10-11 10:09:00,9625,9634,9625,9633,471,314518,45310200.0,OI2501
2024-10-11 10:10:00,9633,9639,9630,9633,688,314481,66185600.0,OI2501
2024-10-11 10:11:00,9633,9652,9633,9647,1552,314098,149302400.0,OI2501
2024-10-11 10:12:00,9648,9648,9639,9642,682,314177,65608400.0,OI2501
2024-10-11 10:13:00,9641,9643,9621,9622,1529,314357,147089800.0,OI2501
2024-10-11 10:14:00,9624,9624,9605,9606,3048,313854,293217600.0,OI2501
2024-10-11 10:30:00,9607,9611,9597,9603,3277,313298,315247400.0,OI2501
2024-10-11 10:31:00,9602,9609,9598,9607,1054,313195,101394800.0,OI2501
2024-10-11 10:32:00,9607,9617,9607,9610,1318,312813,126791600.0,OI2501
2024-10-11 10:33:00,9611,9624,9611,9623,1699,312625,163443800.0,OI2501
2024-10-11 10:34:00,9623,9627,9620,9621,838,312623,80615600.0,OI2501
2024-10-11 10:35:00,9623,9624,9611,9614,916,312643,88119200.0,OI2501
2024-10-11 10:36:00,9614,9615,9604,9606,830,312622,79846000.0,OI2501
2024-10-11 10:37:00,9607,9614,9603,9614,743,312563,71476600.0,OI2501
2024-10-11 10:38:00,9614,9619,9612,9615,551,312540,53006200.0,OI2501
2024-10-11 10:39:00,9615,9620,9608,9611,525,312570,50505000.0,OI2501
2024-10-11 10:40:00,9609,9621,9605,9619,1172,312237,112746400.0,OI2501
2024-10-11 10:41:00,9619,9620,9614,9614,338,312275,32515600.0,OI2501
2024-10-11 10:42:00,9614,9615,9610,9613,240,312271,23088000.0,OI2501
2024-10-11 10:43:00,9613,9613,9604,9609,409,312319,39345800.0,OI2501
2024-10-11 10:44:00,9608,9617,9607,9615,418,312289,40211600.0,OI2501
2024-10-11 10:45:00,9615,9621,9613,9618,490,312302,47138000.0,OI2501
2024-10-11 10:46:00,9618,9629,9617,9623,946,312310,91005200.0,OI2501
2024-10-11 10:47:00,9624,9630,9623,9630,578,312241,55603600.0,OI2501
2024-10-11 10:48:00,9630,9630,9622,9622,653,312255,62818600.0,OI2501
2024-10-11 10:49:00,9620,9622,9609,9612,604,312271,58104800.0,OI2501
2024-10-11 10:50:00,9611,9614,9609,9609,479,312363,46079800.0,OI2501
2024-10-11 10:51:00,9610,9620,9604,9620,675,312360,64935000.0,OI2501
2024-10-11 10:52:00,9620,9627,9620,9627,660,312145,63492000.0,OI2501
2024-10-11 10:53:00,9627,9629,9622,9626,577,312176,55507400.0,OI2501
2024-10-11 10:54:00,9625,9634,9622,9632,780,312109,75036000.0,OI2501
2024-10-11 10:55:00,9631,9642,9629,9642,956,311843,91967200.0,OI2501
2024-10-11 10:56:00,9642,9652,9639,9650,1810,312014,174122000.0,OI2501
2024-10-11 10:57:00,9652,9666,9652,9653,3267,312062,314285400.0,OI2501
2024-10-11 10:58:00,9654,9661,9653,9659,1064,312032,102356800.0,OI2501
2024-10-11 10:59:00,9658,9674,9658,9671,1793,311862,175124680.0,OI2501
2024-10-11 11:00:00,9671,9682,9663,9680,2571,311633,247355910.0,OI2501
2024-10-11 11:01:00,9680,9683,9674,9677,1789,311784,174801370.0,OI2501
2024-10-11 11:02:00,9676,9687,9676,9678,1310,312008,126048200.0,OI2501
2024-10-11 11:03:00,9678,9688,9677,9686,1574,312195,151450280.0,OI2501
2024-10-11 11:04:00,9686,9687,9673,9674,1534,312574,150327340.0,OI2501
2024-10-11 11:05:00,9675,9682,9675,9681,749,312669,72076270.0,OI2501
2024-10-11 11:06:00,9681,9682,9678,9679,615,312670,59181450.0,OI2501
2024-10-11 11:07:00,9679,9682,9677,9677,405,312735,38973150.0,OI2501
2024-10-11 11:08:00,9678,9679,9667,9668,986,312531,94882780.0,OI2501
2024-10-11 11:09:00,9670,9671,9666,9667,675,312550,64955250.0,OI2501
2024-10-11 11:10:00,9668,9670,9656,9657,1229,312222,118266670.0,OI2501
2024-10-11 11:11:00,9658,9658,9652,9656,684,312203,68600610.0,OI2501
2024-10-11 11:12:00,9654,9659,9653,9659,484,312038,46580160.0,OI2501
2024-10-11 11:13:00,9658,9669,9656,9667,801,312166,77088240.0,OI2501
2024-10-11 11:14:00,9668,9670,9665,9666,311,312205,29930640.0,OI2501
2024-10-11 11:15:00,9666,9673,9666,9672,592,312257,56974080.0,OI2501
2024-10-11 11:16:00,9672,9673,9660,9660,1168,312529,112408320.0,OI2501
2024-10-11 11:17:00,9659,9662,9655,9661,579,312646,55722960.0,OI2501
2024-10-11 11:18:00,9661,9670,9661,9666,254,312663,24444960.0,OI2501
2024-10-11 11:19:00,9666,9670,9666,9668,227,312747,21846480.0,OI2501
2024-10-11 11:20:00,9668,9672,9665,9665,423,312797,40709520.0,OI2501
2024-10-11 11:21:00,9665,9670,9663,9669,375,312898,36090000.0,OI2501
2024-10-11 11:22:00,9670,9677,9670,9673,775,312848,74586000.0,OI2501
2024-10-11 11:23:00,9672,9673,9658,9660,681,312915,68385430.0,OI2501
2024-10-11 11:24:00,9659,9663,9658,9658,318,312948,30607500.0,OI2501
2024-10-11 11:25:00,9660,9661,9655,9661,441,312992,42446250.0,OI2501
2024-10-11 11:26:00,9660,9660,9657,9658,275,313067,26468750.0,OI2501
2024-10-11 11:27:00,9658,9663,9655,9660,490,313060,47162500.0,OI2501
2024-10-11 11:28:00,9659,9670,9655,9669,605,312905,58231250.0,OI2501
2024-10-11 11:29:00,9668,9683,9666,9679,1097,312874,105586250.0,OI2501
2024-10-11 13:30:00,9688,9694,9682,9684,2788,313241,271251130.0,OI2501
2024-10-11 13:31:00,9683,9688,9681,9681,962,313461,92602120.0,OI2501
2024-10-11 13:32:00,9681,9686,9677,9678,760,313615,73157600.0,OI2501
2024-10-11 13:33:00,9679,9681,9675,9679,448,313675,43124480.0,OI2501
2024-10-11 13:34:00,9678,9683,9677,9681,402,313777,38696520.0,OI2501
2024-10-11 13:35:00,9682,9684,9677,9683,611,313912,58814860.0,OI2501
2024-10-11 13:36:00,9682,9683,9677,9683,582,314153,56023320.0,OI2501
2024-10-11 13:37:00,9683,9693,9683,9690,1080,314443,106915380.0,OI2501
2024-10-11 13:38:00,9689,9694,9686,9689,1012,314465,97425240.0,OI2501
2024-10-11 13:39:00,9688,9690,9685,9686,386,314579,37160220.0,OI2501
2024-10-11 13:40:00,9687,9687,9684,9685,402,314647,38700540.0,OI2501
2024-10-11 13:41:00,9686,9693,9686,9692,489,314759,47076030.0,OI2501
2024-10-11 13:42:00,9692,9695,9685,9687,775,314939,74609250.0,OI2501
2024-10-11 13:43:00,9687,9687,9682,9684,473,314996,45535710.0,OI2501
2024-10-11 13:44:00,9685,9685,9678,9682,753,315038,72491310.0,OI2501
2024-10-11 13:45:00,9681,9685,9679,9679,383,315057,36871410.0,OI2501
2024-10-11 13:46:00,9680,9680,9671,9676,964,314955,95815230.0,OI2501
2024-10-11 13:47:00,9677,9688,9676,9684,880,315264,84726400.0,OI2501
2024-10-11 13:48:00,9684,9686,9681,9684,384,315381,36971520.0,OI2501
2024-10-11 13:49:00,9684,9685,9681,9683,369,315467,35527320.0,OI2501
2024-10-11 13:50:00,9682,9687,9681,9687,476,315493,45829280.0,OI2501
2024-10-11 13:51:00,9687,9688,9681,9682,279,315581,26862120.0,OI2501
2024-10-11 13:52:00,9681,9682,9675,9676,479,315525,46118120.0,OI2501
2024-10-11 13:53:00,9677,9681,9675,9679,504,315531,48525120.0,OI2501
2024-10-11 13:54:00,9680,9680,9674,9676,293,315462,28210040.0,OI2501
2024-10-11 13:55:00,9677,9680,9676,9677,354,315502,34083120.0,OI2501
2024-10-11 13:56:00,9676,9677,9671,9674,622,315432,59886160.0,OI2501
2024-10-11 13:57:00,9673,9673,9665,9668,825,315389,82496600.0,OI2501
2024-10-11 13:58:00,9666,9668,9661,9665,797,315375,76743130.0,OI2501
2024-10-11 13:59:00,9665,9670,9663,9667,456,315345,43908240.0,OI2501
2024-10-11 14:00:00,9666,9666,9659,9660,646,315295,62203340.0,OI2501
2024-10-11 14:01:00,9662,9665,9659,9665,527,315271,50744830.0,OI2501
2024-10-11 14:02:00,9665,9671,9662,9662,692,315202,66632680.0,OI2501
2024-10-11 14:03:00,9663,9665,9658,9663,673,315288,64803170.0,OI2501
2024-10-11 14:04:00,9663,9668,9663,9665,213,315266,20509770.0,OI2501
2024-10-11 14:05:00,9664,9664,9657,9659,652,315225,62781080.0,OI2501
2024-10-11 14:06:00,9659,9662,9655,9661,631,315164,60758990.0,OI2501
2024-10-11 14:07:00,9662,9663,9655,9656,440,315146,42367600.0,OI2501
2024-10-11 14:08:00,9656,9658,9652,9658,606,314982,58351740.0,OI2501
2024-10-11 14:09:00,9657,9664,9656,9661,473,314878,45545170.0,OI2501
2024-10-11 14:10:00,9662,9669,9661,9665,595,314870,57292550.0,OI2501
2024-10-11 14:11:00,9664,9664,9659,9660,332,314888,31968280.0,OI2501
2024-10-11 14:12:00,9659,9659,9648,9652,1107,314804,106593030.0,OI2501
2024-10-11 14:13:00,9651,9657,9648,9651,970,314630,93401300.0,OI2501
2024-10-11 14:14:00,9652,9652,9644,9644,869,314510,86848400.0,OI2501
2024-10-11 14:15:00,9645,9651,9645,9651,643,314350,61920900.0,OI2501
2024-10-11 14:16:00,9651,9655,9645,9645,751,314235,72321300.0,OI2501
2024-10-11 14:17:00,9646,9651,9640,9650,651,314146,62691300.0,OI2501
2024-10-11 14:18:00,9650,9650,9644,9646,532,314204,51231600.0,OI2501
2024-10-11 14:19:00,9647,9657,9646,9657,563,314009,54216900.0,OI2501
2024-10-11 14:20:00,9655,9664,9651,9661,862,313951,83010600.0,OI2501
2024-10-11 14:21:00,9661,9663,9658,9660,611,314015,58839300.0,OI2501
2024-10-11 14:22:00,9658,9658,9652,9652,388,314057,37364400.0,OI2501
2024-10-11 14:23:00,9651,9652,9639,9641,1545,314028,148783500.0,OI2501
2024-10-11 14:24:00,9640,9646,9636,9646,806,313921,77617800.0,OI2501
2024-10-11 14:25:00,9645,9648,9642,9643,447,313954,43046100.0,OI2501
2024-10-11 14:26:00,9642,9645,9640,9642,450,313942,43335000.0,OI2501
2024-10-11 14:27:00,9643,9652,9643,9646,425,313913,40927500.0,OI2501
2024-10-11 14:28:00,9645,9648,9640,9647,442,313834,42564600.0,OI2501
2024-10-11 14:29:00,9648,9652,9642,9644,647,313774,62306100.0,OI2501
2024-10-11 14:30:00,9645,9654,9644,9652,531,313628,51135300.0,OI2501
2024-10-11 14:31:00,9653,9653,9644,9645,447,313691,43046100.0,OI2501
2024-10-11 14:32:00,9646,9652,9643,9645,310,313605,29853000.0,OI2501
2024-10-11 14:33:00,9645,9649,9644,9647,252,313582,24267600.0,OI2501
2024-10-11 14:34:00,9647,9647,9635,9636,859,313479,82721700.0,OI2501
2024-10-11 14:35:00,9637,9641,9630,9631,1110,313321,106893000.0,OI2501
2024-10-11 14:36:00,9631,9635,9629,9631,735,313301,70780500.0,OI2501
2024-10-11 14:37:00,9633,9634,9619,9619,2138,312802,205889400.0,OI2501
2024-10-11 14:38:00,9621,9621,9612,9613,1249,312648,120278700.0,OI2501
2024-10-11 14:39:00,9613,9613,9608,9609,1441,312287,138768300.0,OI2501
2024-10-11 14:40:00,9608,9617,9608,9614,1459,312183,140501700.0,OI2501
2024-10-11 14:41:00,9615,9615,9591,9598,3509,312013,337916700.0,OI2501
2024-10-11 14:42:00,9596,9600,9592,9598,1682,311690,158549360.0,OI2501
2024-10-11 14:43:00,9597,9597,9591,9594,1334,311756,128450860.0,OI2501
2024-10-11 14:44:00,9593,9606,9591,9604,2277,311433,219252330.0,OI2501
2024-10-11 14:45:00,9602,9614,9601,9613,2199,310703,211741710.0,OI2501
2024-10-11 14:46:00,9613,9615,9610,9610,1552,310390,149442080.0,OI2501
2024-10-11 14:47:00,9611,9614,9608,9610,941,310394,90608890.0,OI2501
2024-10-11 14:48:00,9610,9613,9609,9611,669,310208,64418010.0,OI2501
2024-10-11 14:49:00,9611,9613,9608,9610,548,310126,52766920.0,OI2501
2024-10-11 14:50:00,9609,9614,9608,9609,542,309975,52189180.0,OI2501
2024-10-11 14:51:00,9608,9609,9599,9601,904,309756,87046160.0,OI2501
2024-10-11 14:52:00,9600,9607,9599,9604,990,309548,95327100.0,OI2501
2024-10-11 14:53:00,9605,9608,9602,9608,540,309369,51996600.0,OI2501
2024-10-11 14:54:00,9608,9611,9605,9610,785,309157,75587650.0,OI2501
2024-10-11 14:55:00,9611,9612,9602,9603,1580,309123,148562350.0,OI2501
2024-10-11 14:56:00,9602,9603,9597,9600,1326,309145,127667280.0,OI2501
2024-10-11 14:57:00,9600,9601,9594,9594,1255,309079,120831400.0,OI2501
2024-10-11 14:58:00,9595,9596,9590,9595,1559,308963,150100520.0,OI2501
2024-10-11 14:59:00,9594,9598,9591,9596,1750,308847,168490000.0,OI2501
2024-10-11 21:00:00,9616,9638,9616,9622,6194,309094,596234440.0,OI2501
2024-10-11 21:01:00,9621,9628,9621,9628,1715,309226,165085900.0,OI2501
2024-10-11 21:02:00,9628,9634,9625,9632,2859,309306,275315020.0,OI2501
2024-10-11 21:03:00,9633,9647,9630,9645,2840,308996,273815040.0,OI2501
2024-10-11 21:04:00,9643,9648,9642,9647,1452,309117,139978200.0,OI2501
2024-10-11 21:05:00,9646,9656,9645,9650,3219,308891,310570260.0,OI2501
2024-10-11 21:06:00,9650,9655,9634,9648,2765,309482,266800980.0,OI2501
2024-10-11 21:07:00,9648,9651,9638,9641,1096,309761,105610560.0,OI2501
2024-10-11 21:08:00,9640,9642,9638,9638,884,309786,85182240.0,OI2501
2024-10-11 21:09:00,9638,9645,9638,9640,1139,309776,109995670.0,OI2501
2024-10-11 21:10:00,9639,9646,9630,9645,1829,310013,176260730.0,OI2501
2024-10-11 21:11:00,9645,9649,9641,9649,792,310133,76325040.0,OI2501
2024-10-11 21:12:00,9650,9658,9647,9656,2172,310402,209605200.0,OI2501
2024-10-11 21:13:00,9657,9669,9655,9666,2392,310507,231167920.0,OI2501
2024-10-11 21:14:00,9666,9675,9666,9671,1996,310742,193081280.0,OI2501
2024-10-11 21:15:00,9671,9673,9665,9670,1563,310867,151053530.0,OI2501
2024-10-11 21:16:00,9671,9678,9669,9670,1433,310975,138547590.0,OI2501
2024-10-11 21:17:00,9671,9678,9669,9675,1271,311203,122951350.0,OI2501
2024-10-11 21:18:00,9676,9678,9669,9670,1054,311256,102044950.0,OI2501
2024-10-11 21:19:00,9669,9688,9669,9687,2221,311313,215055380.0,OI2501
2024-10-11 21:20:00,9688,9701,9682,9699,4256,311861,412424560.0,OI2501
2024-10-11 21:21:00,9701,9716,9701,9708,3762,312771,365553440.0,OI2501
2024-10-11 21:22:00,9707,9708,9697,9707,2123,312983,205528380.0,OI2501
2024-10-11 21:23:00,9707,9707,9695,9704,1450,313173,141090540.0,OI2501
2024-10-11 21:24:00,9704,9704,9697,9702,1404,313374,136165210.0,OI2501
2024-10-11 21:25:00,9701,9702,9696,9696,980,313499,94677800.0,OI2501
2024-10-11 21:26:00,9697,9706,9697,9699,1353,313605,131275470.0,OI2501
2024-10-11 21:27:00,9698,9698,9690,9692,1683,313489,163190430.0,OI2501
2024-10-11 21:28:00,9694,9697,9683,9689,2158,313229,209128090.0,OI2501
2024-10-11 21:29:00,9689,9692,9683,9686,1235,313160,119963300.0,OI2501
2024-10-11 21:30:00,9686,9689,9676,9678,2272,313050,219588800.0,OI2501
2024-10-11 21:31:00,9677,9678,9667,9671,2447,312737,236502550.0,OI2501
2024-10-11 21:32:00,9670,9671,9657,9661,2509,312461,242494850.0,OI2501
2024-10-11 21:33:00,9662,9672,9658,9668,1646,312405,159085900.0,OI2501
2024-10-11 21:34:00,9668,9675,9667,9669,927,312483,89594550.0,OI2501
2024-10-11 21:35:00,9670,9684,9670,9684,2165,312361,209979810.0,OI2501
2024-10-11 21:36:00,9682,9688,9676,9676,1196,312335,115605360.0,OI2501
2024-10-11 21:37:00,9676,9682,9673,9679,587,312424,56739420.0,OI2501
2024-10-11 21:38:00,9679,9683,9671,9675,684,312410,66115440.0,OI2501
2024-10-11 21:39:00,9675,9676,9672,9676,568,312376,54902880.0,OI2501
2024-10-11 21:40:00,9675,9678,9670,9672,633,312428,61185780.0,OI2501
2024-10-11 21:41:00,9673,9681,9670,9679,598,312460,57802680.0,OI2501
2024-10-11 21:42:00,9679,9682,9665,9668,1082,312466,104586120.0,OI2501
2024-10-11 21:43:00,9668,9671,9665,9670,757,312455,73965230.0,OI2501
2024-10-11 21:44:00,9669,9670,9661,9666,764,312325,73054630.0,OI2501
2024-10-11 21:45:00,9666,9668,9657,9659,1521,312332,147019860.0,OI2501
2024-10-11 21:46:00,9661,9672,9661,9670,891,312408,86124060.0,OI2501
2024-10-11 21:47:00,9669,9675,9668,9670,804,312444,77714640.0,OI2501
2024-10-11 21:48:00,9670,9672,9663,9671,403,312492,38953980.0,OI2501
2024-10-11 21:49:00,9672,9675,9671,9671,612,312566,59155920.0,OI2501
2024-10-11 21:50:00,9672,9674,9668,9669,454,312551,44731740.0,OI2501
2024-10-11 21:51:00,9670,9670,9660,9664,1078,312619,103351380.0,OI2501
2024-10-11 21:52:00,9665,9665,9654,9659,1314,312522,127011240.0,OI2501
2024-10-11 21:53:00,9659,9670,9657,9670,925,312489,89410500.0,OI2501
2024-10-11 21:54:00,9669,9673,9667,9672,693,312503,66985380.0,OI2501
2024-10-11 21:55:00,9671,9672,9662,9668,585,312609,56546100.0,OI2501
2024-10-11 21:56:00,9667,9677,9667,9676,788,312680,76168080.0,OI2501
2024-10-11 21:57:00,9677,9680,9659,9660,1394,312670,134744040.0,OI2501
2024-10-11 21:58:00,9661,9666,9659,9660,686,312744,66308760.0,OI2501
2024-10-11 21:59:00,9660,9660,9646,9646,1727,312652,166931820.0,OI2501
2024-10-11 22:00:00,9648,9648,9639,9643,2086,312474,201632760.0,OI2501
2024-10-11 22:01:00,9643,9643,9635,9638,1371,312438,131546290.0,OI2501
2024-10-11 22:02:00,9639,9650,9639,9649,1581,312137,152803650.0,OI2501
2024-10-11 22:03:00,9649,9660,9648,9652,1371,312054,132507150.0,OI2501
2024-10-11 22:04:00,9652,9657,9650,9654,513,312020,49581450.0,OI2501
2024-10-11 22:05:00,9654,9662,9654,9660,574,312060,55477100.0,OI2501
2024-10-11 22:06:00,9660,9660,9652,9655,570,312119,55090500.0,OI2501
2024-10-11 22:07:00,9657,9660,9655,9658,378,312126,36533700.0,OI2501
2024-10-11 22:08:00,9658,9665,9658,9663,742,312065,71714300.0,OI2501
2024-10-11 22:09:00,9662,9664,9656,9663,505,312190,48808250.0,OI2501
2024-10-11 22:10:00,9663,9664,9657,9659,504,312272,48711600.0,OI2501
2024-10-11 22:11:00,9660,9664,9658,9659,504,312304,48711600.0,OI2501
2024-10-11 22:12:00,9659,9670,9659,9668,1044,312244,100902600.0,OI2501
2024-10-11 22:13:00,9666,9672,9663,9670,922,312234,89111300.0,OI2501
2024-10-11 22:14:00,9670,9674,9669,9669,727,312288,70264550.0,OI2501
2024-10-11 22:15:00,9670,9685,9666,9682,1877,312156,181412050.0,OI2501
2024-10-11 22:16:00,9682,9685,9676,9678,1100,312160,106315000.0,OI2501
2024-10-11 22:17:00,9680,9691,9679,9687,1422,312299,137436300.0,OI2501
2024-10-11 22:18:00,9686,9693,9681,9683,1618,312532,157513790.0,OI2501
2024-10-11 22:19:00,9684,9684,9675,9676,1456,312726,140736960.0,OI2501
2024-10-11 22:20:00,9677,9681,9673,9673,672,312700,64955520.0,OI2501
2024-10-11 22:21:00,9672,9676,9670,9672,721,312498,69691860.0,OI2501
2024-10-11 22:22:00,9673,9674,9670,9672,433,312373,41853780.0,OI2501
2024-10-11 22:23:00,9673,9677,9672,9675,559,312346,54032940.0,OI2501
2024-10-11 22:24:00,9675,9675,9670,9672,651,312351,62925660.0,OI2501
2024-10-11 22:25:00,9671,9671,9668,9669,441,312276,42627060.0,OI2501
2024-10-11 22:26:00,9670,9675,9668,9670,439,312103,42433740.0,OI2501
2024-10-11 22:27:00,9670,9672,9660,9672,1200,311847,115992000.0,OI2501
2024-10-11 22:28:00,9673,9682,9672,9680,893,311739,86317380.0,OI2501
2024-10-11 22:29:00,9679,9683,9677,9679,690,311709,66695400.0,OI2501
2024-10-11 22:30:00,9679,9683,9673,9673,731,311720,70658460.0,OI2501
2024-10-11 22:31:00,9673,9677,9668,9669,568,311660,54902880.0,OI2501
2024-10-11 22:32:00,9669,9673,9668,9672,239,311661,23101740.0,OI2501
2024-10-11 22:33:00,9671,9675,9668,9671,447,311674,43207020.0,OI2501
2024-10-11 22:34:00,9671,9673,9652,9655,1644,311372,158909040.0,OI2501
2024-10-11 22:35:00,9655,9664,9649,9663,1493,311147,144313380.0,OI2501
2024-10-11 22:36:00,9663,9673,9663,9673,799,311109,77231340.0,OI2501
2024-10-11 22:37:00,9673,9674,9663,9668,583,311166,56352780.0,OI2501
2024-10-11 22:38:00,9668,9671,9666,9669,309,311157,29867940.0,OI2501
2024-10-11 22:39:00,9670,9674,9669,9670,325,311108,31414500.0,OI2501
2024-10-11 22:40:00,9670,9678,9667,9678,482,311081,46590120.0,OI2501
2024-10-11 22:41:00,9678,9682,9675,9678,685,311152,66212100.0,OI2501
2024-10-11 22:42:00,9677,9682,9676,9681,513,311144,49586580.0,OI2501
2024-10-11 22:43:00,9682,9685,9672,9676,660,311113,63795600.0,OI2501
2024-10-11 22:44:00,9676,9682,9676,9680,377,311241,36440820.0,OI2501
2024-10-11 22:45:00,9679,9689,9677,9689,942,311066,92377330.0,OI2501
2024-10-11 22:46:00,9688,9692,9684,9688,1308,311220,126444360.0,OI2501
2024-10-11 22:47:00,9689,9695,9687,9694,1617,311053,156315390.0,OI2501
2024-10-11 22:48:00,9695,9695,9689,9691,952,311242,92029840.0,OI2501
2024-10-11 22:49:00,9692,9697,9689,9697,988,311397,95509960.0,OI2501
2024-10-11 22:50:00,9695,9706,9695,9706,2907,312357,282421020.0,OI2501
2024-10-11 22:51:00,9705,9705,9697,9700,777,312404,75120360.0,OI2501
2024-10-11 22:52:00,9701,9705,9696,9704,620,312329,59941600.0,OI2501
2024-10-11 22:53:00,9705,9713,9702,9712,1754,312589,171009560.0,OI2501
2024-10-11 22:54:00,9712,9718,9704,9718,1868,312650,180616920.0,OI2501
2024-10-11 22:55:00,9718,9721,9710,9717,1812,312789,176671920.0,OI2501
2024-10-11 22:56:00,9717,9719,9713,9714,1557,313255,152047110.0,OI2501
2024-10-11 22:57:00,9716,9720,9712,9718,725,313275,70114750.0,OI2501
2024-10-11 22:58:00,9718,9735,9718,9734,1907,313365,184425970.0,OI2501
2024-10-11 22:59:00,9737,9746,9732,9740,2687,313006,262936570.0,OI2501
2024-10-14 09:00:00,9670,9672,9606,9625,12348,311762,1189436400.0,OI2501
2024-10-14 09:01:00,9625,9625,9563,9576,11040,309779,1056934320.0,OI2501
2024-10-14 09:02:00,9577,9577,9530,9549,9940,309029,949371520.0,OI2501
2024-10-14 09:03:00,9546,9546,9505,9519,9472,309413,903007360.0,OI2501
2024-10-14 09:04:00,9518,9540,9503,9534,8059,309557,767619730.0,OI2501
2024-10-14 09:05:00,9531,9553,9522,9541,7910,309441,754573340.0,OI2501
2024-10-14 09:06:00,9542,9551,9534,9539,4444,309791,424193860.0,OI2501
2024-10-14 09:07:00,9538,9562,9538,9562,5163,309370,491098350.0,OI2501
2024-10-14 09:08:00,9557,9578,9557,9568,4877,309113,467774330.0,OI2501
2024-10-14 09:09:00,9566,9576,9559,9572,3022,309350,288928990.0,OI2501
2024-10-14 09:10:00,9569,9581,9565,9572,2430,309178,234154800.0,OI2501
2024-10-14 09:11:00,9571,9580,9563,9563,2165,309115,206272300.0,OI2501
2024-10-14 09:12:00,9563,9563,9552,9557,2234,308975,212876460.0,OI2501
2024-10-14 09:13:00,9557,9561,9549,9555,2288,308858,218033600.0,OI2501
2024-10-14 09:14:00,9553,9575,9553,9571,1743,308816,167903190.0,OI2501
2024-10-14 09:15:00,9572,9573,9561,9567,1241,308876,119545530.0,OI2501
2024-10-14 09:16:00,9569,9575,9564,9567,881,308853,82435760.0,OI2501
2024-10-14 09:17:00,9566,9568,9556,9559,1341,308696,129165120.0,OI2501
2024-10-14 09:18:00,9557,9559,9548,9557,1603,308587,151940550.0,OI2501
2024-10-14 09:19:00,9557,9558,9547,9548,1720,308503,165653200.0,OI2501
2024-10-14 09:20:00,9548,9550,9536,9536,2140,308222,203604390.0,OI2501
2024-10-14 09:21:00,9537,9548,9537,9538,1410,308358,135783000.0,OI2501
2024-10-14 09:22:00,9538,9546,9529,9546,1725,308058,163587140.0,OI2501
2024-10-14 09:23:00,9546,9547,9541,9546,826,308029,79535540.0,OI2501
2024-10-14 09:24:00,9546,9549,9544,9544,707,308101,68077030.0,OI2501
2024-10-14 09:25:00,9544,9550,9543,9547,654,308071,60421430.0,OI2501
2024-10-14 09:26:00,9547,9559,9546,9558,1300,308090,125164000.0,OI2501
2024-10-14 09:27:00,9558,9565,9557,9558,1311,308229,126223080.0,OI2501
2024-10-14 09:28:00,9558,9558,9554,9558,863,308434,80502670.0,OI2501
2024-10-14 09:29:00,9556,9562,9548,9548,1107,308169,106570890.0,OI2501
2024-10-14 09:30:00,9547,9547,9526,9526,1951,307957,185205220.0,OI2501
2024-10-14 09:31:00,9527,9527,9521,9525,1899,308004,182797740.0,OI2501
2024-10-14 09:32:00,9524,9524,9510,9516,3521,307936,333587960.0,OI2501
2024-10-14 09:33:00,9515,9530,9513,9530,2460,307932,234054050.0,OI2501
2024-10-14 09:34:00,9530,9533,9522,9532,1204,307974,115860920.0,OI2501
2024-10-14 09:35:00,9533,9543,9532,9538,1692,307594,160095850.0,OI2501
2024-10-14 09:36:00,9538,9564,9538,9564,2418,307609,232659960.0,OI2501
2024-10-14 09:37:00,9566,9580,9566,9576,3251,307674,310029220.0,OI2501
2024-10-14 09:38:00,9577,9584,9566,9576,1939,307451,186551190.0,OI2501
2024-10-14 09:39:00,9576,9583,9574,9575,1471,307553,141524910.0,OI2501
2024-10-14 09:40:00,9575,9579,9570,9573,1008,307559,94153500.0,OI2501
2024-10-14 09:41:00,9573,9574,9557,9560,1032,307294,99278400.0,OI2501
2024-10-14 09:42:00,9561,9567,9561,9563,886,307215,85233200.0,OI2501
2024-10-14 09:43:00,9563,9563,9548,9550,1057,306987,101683400.0,OI2501
2024-10-14 09:44:00,9551,9551,9544,9547,842,307033,81000400.0,OI2501
2024-10-14 09:45:00,9548,9558,9547,9556,555,307054,50521100.0,OI2501
2024-10-14 09:46:00,9557,9563,9555,9555,492,307035,47325480.0,OI2501
2024-10-14 09:47:00,9555,9556,9537,9539,938,306977,90226220.0,OI2501
2024-10-14 09:48:00,9539,9540,9529,9539,1355,306879,130337450.0,OI2501
2024-10-14 09:49:00,9539,9549,9537,9549,669,306917,64351110.0,OI2501
2024-10-14 09:50:00,9548,9548,9539,9541,709,307018,65287180.0,OI2501
2024-10-14 09:51:00,9540,9541,9533,9537,530,306936,50975400.0,OI2501
2024-10-14 09:52:00,9536,9539,9532,9535,601,307056,57804180.0,OI2501
2024-10-14 09:53:00,9535,9544,9531,9544,548,306963,52706640.0,OI2501
2024-10-14 09:54:00,9544,9554,9542,9553,1012,307118,97334160.0,OI2501
2024-10-14 09:55:00,9551,9554,9547,9547,631,307123,60689580.0,OI2501
2024-10-14 09:56:00,9548,9558,9547,9555,512,307041,46294290.0,OI2501
2024-10-14 09:57:00,9555,9559,9550,9558,506,306978,48662020.0,OI2501
2024-10-14 09:58:00,9559,9562,9558,9560,871,307000,83764070.0,OI2501
2024-10-14 09:59:00,9560,9573,9559,9572,1116,307010,107325720.0,OI2501
2024-10-14 10:00:00,9574,9574,9550,9554,1598,306783,153679660.0,OI2501
2024-10-14 10:01:00,9552,9554,9535,9536,1440,306499,135479620.0,OI2501
2024-10-14 10:02:00,9536,9536,9524,9524,1714,306699,164818240.0,OI2501
2024-10-14 10:03:00,9524,9534,9520,9532,1452,306739,136587480.0,OI2501
2024-10-14 10:04:00,9533,9533,9525,9529,966,306674,92880900.0,OI2501
2024-10-14 10:05:00,9530,9530,9516,9519,1325,306755,127398750.0,OI2501
2024-10-14 10:06:00,9519,9528,9516,9525,1378,307061,129421170.0,OI2501
2024-10-14 10:07:00,9525,9534,9519,9534,1107,306873,106426980.0,OI2501
2024-10-14 10:08:00,9532,9537,9523,9523,749,306785,72008860.0,OI2501
2024-10-14 10:09:00,9523,9538,9520,9537,824,306808,79219360.0,OI2501
2024-10-14 10:10:00,9538,9538,9533,9536,449,306817,40062040.0,OI2501
2024-10-14 10:11:00,9537,9543,9527,9527,702,306715,67483260.0,OI2501
2024-10-14 10:12:00,9525,9525,9513,9513,1405,306892,135062650.0,OI2501
2024-10-14 10:13:00,9514,9520,9508,9518,1404,306804,131826590.0,OI2501
2024-10-14 10:14:00,9517,9517,9507,9511,1070,306915,102848400.0,OI2501
2024-10-14 10:30:00,9506,9527,9499,9525,4510,306521,430305470.0,OI2501
2024-10-14 10:31:00,9525,9527,9515,9527,1178,306503,110010070.0,OI2501
2024-10-14 10:32:00,9530,9536,9525,9526,1122,306457,107824200.0,OI2501
2024-10-14 10:33:00,9528,9531,9519,9519,618,306560,59389800.0,OI2501
2024-10-14 10:34:00,9521,9531,9520,9529,456,306571,43821600.0,OI2501
2024-10-14 10:35:00,9527,9535,9525,9526,766,306558,73612600.0,OI2501
2024-10-14 10:36:00,9527,9528,9516,9516,1038,306464,96504290.0,OI2501
2024-10-14 10:37:00,9516,9521,9509,9520,2108,306679,202557720.0,OI2501
2024-10-14 10:38:00,9520,9530,9519,9523,1958,307118,184856050.0,OI2501
2024-10-14 10:39:00,9522,9522,9513,9513,1023,307088,98289840.0,OI2501
2024-10-14 10:40:00,9514,9520,9505,9520,1244,307142,119523520.0,OI2501
2024-10-14 10:41:00,9520,9536,9519,9531,2384,307255,225720040.0,OI2501
2024-10-14 10:42:00,9531,9535,9512,9512,1494,307308,143528580.0,OI2501
2024-10-14 10:43:00,9513,9529,9508,9527,1398,307399,130942260.0,OI2501
2024-10-14 10:44:00,9529,9547,9529,9546,1906,307013,183090360.0,OI2501
2024-10-14 10:45:00,9546,9555,9545,9553,1687,306794,162053220.0,OI2501
2024-10-14 10:46:00,9552,9565,9552,9563,1816,306472,171027270.0,OI2501
2024-10-14 10:47:00,9563,9585,9563,9582,3423,305964,328779150.0,OI2501
2024-10-14 10:48:00,9583,9590,9581,9584,2701,305959,259431050.0,OI2501
2024-10-14 10:49:00,9585,9610,9585,9609,3546,305821,340593300.0,OI2501
2024-10-14 10:50:00,9609,9626,9605,9618,3862,305618,370945100.0,OI2501
2024-10-14 10:51:00,9620,9636,9620,9631,3985,305144,382759250.0,OI2501
2024-10-14 10:52:00,9633,9653,9629,9629,3830,304725,371502660.0,OI2501
2024-10-14 10:53:00,9627,9629,9598,9613,5359,303935,514785540.0,OI2501
2024-10-14 10:54:00,9612,9623,9612,9623,1457,303807,139959420.0,OI2501
2024-10-14 10:55:00,9622,9622,9605,9612,1375,303610,132082500.0,OI2501
2024-10-14 10:56:00,9613,9615,9608,9612,1143,303849,109796580.0,OI2501
2024-10-14 10:57:00,9610,9625,9605,9623,1641,304019,157634460.0,OI2501
2024-10-14 10:58:00,9623,9632,9623,9630,1195,303968,114791700.0,OI2501
2024-10-14 10:59:00,9631,9632,9620,9620,1253,303703,120363180.0,OI2501
2024-10-14 11:00:00,9620,9624,9612,9613,1180,303959,113350800.0,OI2501
2024-10-14 11:01:00,9612,9615,9591,9591,2239,303800,215078340.0,OI2501
2024-10-14 11:02:00,9594,9601,9588,9597,1670,303707,160420200.0,OI2501
2024-10-14 11:03:00,9598,9616,9593,9615,932,303802,89527920.0,OI2501
2024-10-14 11:04:00,9615,9615,9607,9609,389,303846,37367340.0,OI2501
2024-10-14 11:05:00,9610,9616,9608,9613,323,303829,31027380.0,OI2501
2024-10-14 11:06:00,9613,9625,9612,9614,812,303884,78000720.0,OI2501
2024-10-14 11:07:00,9614,9617,9607,9617,485,303888,46589100.0,OI2501
2024-10-14 11:08:00,9617,9622,9616,9618,424,303905,40729440.0,OI2501
2024-10-14 11:09:00,9616,9620,9614,9620,468,303875,44956080.0,OI2501
2024-10-14 11:10:00,9620,9624,9614,9614,533,303865,51199980.0,OI2501
2024-10-14 11:11:00,9614,9620,9607,9619,626,303778,60133560.0,OI2501
2024-10-14 11:12:00,9619,9624,9619,9621,464,303855,44571840.0,OI2501
2024-10-14 11:13:00,9620,9623,9610,9612,687,303814,65993220.0,OI2501
2024-10-14 11:14:00,9613,9620,9611,9620,352,303864,33813120.0,OI2501
2024-10-14 11:15:00,9621,9622,9614,9619,285,303878,27377100.0,OI2501
2024-10-14 11:16:00,9618,9619,9613,9618,438,303831,42074280.0,OI2501
2024-10-14 11:17:00,9621,9632,9619,9628,1368,303806,131410080.0,OI2501
2024-10-14 11:18:00,9630,9633,9626,9632,846,303852,81266760.0,OI2501
2024-10-14 11:19:00,9632,9635,9624,9631,776,303923,74542560.0,OI2501
2024-10-14 11:20:00,9632,9641,9632,9637,980,304085,94138800.0,OI2501
2024-10-14 11:21:00,9636,9636,9623,9624,682,304084,65512920.0,OI2501
2024-10-14 11:22:00,9625,9625,9615,9619,593,304056,56963580.0,OI2501
2024-10-14 11:23:00,9619,9630,9619,9629,356,304054,34197360.0,OI2501
2024-10-14 11:24:00,9628,9628,9617,9618,332,304130,31891920.0,OI2501
2024-10-14 11:25:00,9619,9619,9607,9607,1013,304166,97308780.0,OI2501
2024-10-14 11:26:00,9608,9624,9605,9620,810,304063,77808600.0,OI2501
2024-10-14 11:27:00,9618,9629,9615,9626,471,304069,45244260.0,OI2501
2024-10-14 11:28:00,9625,9626,9619,9619,323,304034,35001340.0,OI2501
2024-10-14 11:29:00,9618,9624,9616,9621,591,303880,56777370.0,OI2501
2024-10-14 13:30:00,9620,9627,9606,9612,1590,304086,152751300.0,OI2501
2024-10-14 13:31:00,9610,9610,9593,9596,2006,303536,192716420.0,OI2501
2024-10-14 13:32:00,9595,9595,9575,9585,2123,303673,199919550.0,OI2501
2024-10-14 13:33:00,9584,9584,9568,9570,1673,303711,160708380.0,OI2501
2024-10-14 13:34:00,9569,9569,9563,9566,1358,303828,130449480.0,OI2501
2024-10-14 13:35:00,9565,9570,9559,9559,1565,303741,150333900.0,OI2501
2024-10-14 13:36:00,9557,9558,9538,9543,2792,303900,268199520.0,OI2501
2024-10-14 13:37:00,9541,9541,9534,9535,2520,304210,237935060.0,OI2501
2024-10-14 13:38:00,9536,9550,9534,9544,1988,304336,190947400.0,OI2501
2024-10-14 13:39:00,9544,9549,9534,9549,1589,304520,152623450.0,OI2501
2024-10-14 13:40:00,9548,9561,9548,9549,2203,304161,207404210.0,OI2501
2024-10-14 13:41:00,9550,9550,9536,9539,1237,304334,118801480.0,OI2501
2024-10-14 13:42:00,9540,9540,9530,9539,1726,304765,165765040.0,OI2501
2024-10-14 13:43:00,9539,9540,9530,9535,1057,305120,101514280.0,OI2501
2024-10-14 13:44:00,9535,9536,9530,9532,1041,305462,95733090.0,OI2501
2024-10-14 13:45:00,9531,9544,9527,9535,2681,305849,257456430.0,OI2501
2024-10-14 13:46:00,9535,9535,9520,9521,2058,306519,197629740.0,OI2501
2024-10-14 13:47:00,9520,9521,9510,9510,2647,307672,249873000.0,OI2501
2024-10-14 13:48:00,9509,9517,9505,9514,3150,308533,298113090.0,OI2501
2024-10-14 13:49:00,9515,9515,9500,9504,2584,309021,248089840.0,OI2501
2024-10-14 13:50:00,9503,9513,9501,9510,1680,309174,161296800.0,OI2501
2024-10-14 13:51:00,9510,9516,9507,9513,1442,309199,134039450.0,OI2501
2024-10-14 13:52:00,9515,9515,9505,9505,1105,309491,106080000.0,OI2501
2024-10-14 13:53:00,9504,9506,9495,9496,3314,309245,313692840.0,OI2501
2024-10-14 13:54:00,9496,9497,9488,9494,3224,309471,309471760.0,OI2501
2024-10-14 13:55:00,9493,9507,9493,9506,1706,309477,159258480.0,OI2501
2024-10-14 13:56:00,9505,9505,9490,9490,1088,309784,104426240.0,OI2501
2024-10-14 13:57:00,9489,9497,9487,9497,2272,309857,213532500.0,OI2501
2024-10-14 13:58:00,9498,9499,9492,9492,904,310058,86756880.0,OI2501
2024-10-14 13:59:00,9493,9493,9487,9490,1174,310403,112668780.0,OI2501
2024-10-14 14:00:00,9489,9491,9485,9490,1298,310620,124569060.0,OI2501
2024-10-14 14:01:00,9489,9506,9488,9506,1964,310749,183897620.0,OI2501
2024-10-14 14:02:00,9505,9518,9501,9515,1906,310678,182899760.0,OI2501
2024-10-14 14:03:00,9517,9517,9507,9511,1212,310741,116303520.0,OI2501
2024-10-14 14:04:00,9512,9512,9488,9490,1492,310874,138538760.0,OI2501
2024-10-14 14:05:00,9490,9500,9488,9496,1173,310927,112549350.0,OI2501
2024-10-14 14:06:00,9497,9500,9494,9499,437,310922,41930150.0,OI2501
2024-10-14 14:07:00,9498,9506,9497,9504,1133,311114,108711350.0,OI2501
2024-10-14 14:08:00,9505,9515,9505,9507,1182,311142,108740090.0,OI2501
2024-10-14 14:09:00,9507,9511,9502,9503,819,311194,78574860.0,OI2501
2024-10-14 14:10:00,9504,9515,9504,9512,730,311266,70036200.0,OI2501
2024-10-14 14:11:00,9512,9512,9494,9500,1152,311387,110522880.0,OI2501
2024-10-14 14:12:00,9501,9507,9500,9505,446,311418,42789240.0,OI2501
2024-10-14 14:13:00,9506,9511,9503,9509,498,311478,47778120.0,OI2501
2024-10-14 14:14:00,9508,9512,9505,9509,592,311358,56796480.0,OI2501
2024-10-14 14:15:00,9509,9510,9501,9501,528,311390,50656320.0,OI2501
2024-10-14 14:16:00,9500,9500,9490,9494,1383,311347,127950730.0,OI2501
2024-10-14 14:17:00,9493,9502,9493,9496,569,311397,54584170.0,OI2501
2024-10-14 14:18:00,9496,9505,9496,9505,610,311487,58517300.0,OI2501
2024-10-14 14:19:00,9504,9510,9499,9501,627,311472,60148110.0,OI2501
2024-10-14 14:20:00,9500,9514,9500,9508,893,311330,85665490.0,OI2501
2024-10-14 14:21:00,9508,9511,9503,9506,425,311259,40770250.0,OI2501
2024-10-14 14:22:00,9507,9508,9503,9506,408,311158,39139440.0,OI2501
2024-10-14 14:23:00,9505,9513,9505,9510,273,311136,26188890.0,OI2501
2024-10-14 14:24:00,9509,9514,9507,9513,465,311107,44607450.0,OI2501
2024-10-14 14:25:00,9514,9523,9512,9519,1041,310878,95075730.0,OI2501
2024-10-14 14:26:00,9520,9524,9506,9508,1055,310886,101195600.0,OI2501
2024-10-14 14:27:00,9508,9513,9508,9510,491,310820,47096720.0,OI2501
2024-10-14 14:28:00,9509,9515,9504,9512,646,310867,61964320.0,OI2501
2024-10-14 14:29:00,9511,9513,9507,9508,282,310880,27049440.0,OI2501
2024-10-14 14:30:00,9509,9515,9507,9510,768,310958,73666560.0,OI2501
2024-10-14 14:31:00,9510,9514,9497,9497,1315,310931,126134800.0,OI2501
2024-10-14 14:32:00,9497,9497,9486,9491,2025,311222,189384780.0,OI2501
2024-10-14 14:33:00,9491,9492,9488,9489,734,311286,70397940.0,OI2501
2024-10-14 14:34:00,9489,9489,9470,9472,3837,311227,363107740.0,OI2501
2024-10-14 14:35:00,9472,9484,9471,9484,1920,311364,184128000.0,OI2501
2024-10-14 14:36:00,9484,9497,9482,9493,1626,311071,150999010.0,OI2501
2024-10-14 14:37:00,9493,9496,9488,9495,588,311066,56383320.0,OI2501
2024-10-14 14:38:00,9495,9498,9493,9497,556,311078,53314840.0,OI2501
2024-10-14 14:39:00,9497,9497,9488,9492,710,310947,68081900.0,OI2501
2024-10-14 14:40:00,9491,9494,9480,9481,1015,310920,97328350.0,OI2501
2024-10-14 14:41:00,9481,9486,9477,9482,975,310906,93492750.0,OI2501
2024-10-14 14:42:00,9482,9482,9471,9473,1473,310777,136258410.0,OI2501
2024-10-14 14:43:00,9475,9487,9475,9487,1221,310666,117069480.0,OI2501
2024-10-14 14:44:00,9485,9487,9476,9479,990,310492,94921200.0,OI2501
2024-10-14 14:45:00,9478,9478,9473,9474,831,310545,79676280.0,OI2501
2024-10-14 14:46:00,9473,9475,9463,9470,2738,310370,257474080.0,OI2501
2024-10-14 14:47:00,9471,9478,9470,9471,1336,310041,128082320.0,OI2501
2024-10-14 14:48:00,9469,9470,9467,9470,1010,309874,91759880.0,OI2501
2024-10-14 14:49:00,9469,9475,9468,9473,557,309739,53394020.0,OI2501
2024-10-14 14:50:00,9474,9474,9465,9466,1028,309814,98544080.0,OI2501
2024-10-14 14:51:00,9467,9473,9467,9472,509,309712,48792740.0,OI2501
2024-10-14 14:52:00,9473,9476,9470,9474,782,309549,74962520.0,OI2501
2024-10-14 14:53:00,9474,9476,9460,9460,1503,309863,138964970.0,OI2501
2024-10-14 14:54:00,9461,9472,9460,9472,1254,309499,120195900.0,OI2501
2024-10-14 14:55:00,9473,9483,9472,9481,1404,308991,134573400.0,OI2501
2024-10-14 14:56:00,9481,9484,9478,9481,1019,308631,97671150.0,OI2501
2024-10-14 14:57:00,9481,9482,9479,9482,502,308488,48116700.0,OI2501
2024-10-14 14:58:00,9481,9483,9477,9479,858,308210,77076320.0,OI2501
2024-10-14 14:59:00,9479,9481,9477,9477,1303,307679,124879520.0,OI2501
2024-10-14 21:00:00,9456,9471,9434,9471,8352,307440,789347520.0,OI2501
2024-10-14 21:01:00,9472,9474,9454,9461,3122,307828,295404440.0,OI2501
2024-10-14 21:02:00,9461,9480,9461,9477,3497,308425,331205220.0,OI2501
2024-10-14 21:03:00,9477,9481,9470,9479,2256,308790,213889290.0,OI2501
2024-10-14 21:04:00,9479,9481,9473,9474,1167,308825,110593810.0,OI2501
2024-10-14 21:05:00,9474,9483,9473,9478,1572,308834,148942300.0,OI2501
2024-10-14 21:06:00,9478,9483,9473,9475,1218,308792,115471180.0,OI2501
2024-10-14 21:07:00,9475,9475,9460,9467,2101,308701,198838640.0,OI2501
2024-10-14 21:08:00,9466,9467,9451,9452,1552,308867,146881280.0,OI2501
2024-10-14 21:09:00,9452,9453,9437,9438,3930,309729,371072190.0,OI2501
2024-10-14 21:10:00,9438,9438,9418,9427,6070,309974,572192480.0,OI2501
2024-10-14 21:11:00,9427,9427,9410,9415,4300,310198,404999520.0,OI2501
2024-10-14 21:12:00,9414,9421,9410,9417,2855,310673,268566290.0,OI2501
2024-10-14 21:13:00,9418,9418,9406,9415,2690,310724,253257560.0,OI2501
2024-10-14 21:14:00,9415,9416,9408,9411,2824,311142,265804920.0,OI2501
2024-10-14 21:15:00,9411,9411,9397,9408,4023,310931,378386250.0,OI2501
2024-10-14 21:16:00,9408,9415,9399,9403,2501,310797,235038810.0,OI2501
2024-10-14 21:17:00,9403,9404,9392,9397,2910,310669,273536100.0,OI2501
2024-10-14 21:18:00,9398,9412,9397,9411,2662,310711,250616920.0,OI2501
2024-10-14 21:19:00,9410,9424,9409,9424,2541,310361,239147330.0,OI2501
2024-10-14 21:20:00,9425,9434,9418,9433,2287,310174,215778450.0,OI2501
2024-10-14 21:21:00,9433,9435,9423,9430,2749,309894,258696360.0,OI2501
2024-10-14 21:22:00,9431,9444,9429,9433,2418,309650,228114120.0,OI2501
2024-10-14 21:23:00,9433,9436,9420,9422,1659,309538,156510060.0,OI2501
2024-10-14 21:24:00,9423,9426,9414,9416,1483,309690,139906220.0,OI2501
2024-10-14 21:25:00,9415,9418,9410,9414,1458,309660,137547720.0,OI2501
2024-10-14 21:26:00,9414,9414,9403,9408,1823,309705,171221620.0,OI2501
2024-10-14 21:27:00,9411,9413,9406,9410,784,309745,73954720.0,OI2501
2024-10-14 21:28:00,9411,9416,9406,9413,855,309824,80652150.0,OI2501
2024-10-14 21:29:00,9413,9418,9408,9418,1076,309879,100711730.0,OI2501
2024-10-14 21:30:00,9418,9418,9407,9407,1570,310072,148082400.0,OI2501
2024-10-14 21:31:00,9407,9414,9399,9399,2557,309904,240347620.0,OI2501
2024-10-14 21:32:00,9399,9408,9396,9400,2149,309863,201822080.0,OI2501
2024-10-14 21:33:00,9399,9404,9398,9401,1381,309889,130228300.0,OI2501
2024-10-14 21:34:00,9401,9403,9387,9390,3032,310139,285023360.0,OI2501
2024-10-14 21:35:00,9390,9394,9385,9392,2432,310371,227476160.0,OI2501
2024-10-14 21:36:00,9392,9396,9387,9395,1827,310580,172231290.0,OI2501
2024-10-14 21:37:00,9394,9414,9391,9410,2308,310259,216615250.0,OI2501
2024-10-14 21:38:00,9412,9416,9410,9413,1302,310119,122726520.0,OI2501
2024-10-14 21:39:00,9414,9414,9407,9410,1251,310276,117919260.0,OI2501
2024-10-14 21:40:00,9410,9412,9407,9410,679,310258,64002540.0,OI2501
2024-10-14 21:41:00,9410,9422,9410,9418,1424,309932,134226240.0,OI2501
2024-10-14 21:42:00,9418,9425,9418,9419,1394,309728,131398440.0,OI2501
2024-10-14 21:43:00,9419,9432,9418,9432,1689,309503,159205140.0,OI2501
2024-10-14 21:44:00,9433,9437,9433,9437,1507,309438,142049820.0,OI2501
2024-10-14 21:45:00,9438,9439,9427,9428,1543,309179,145443180.0,OI2501
2024-10-14 21:46:00,9428,9440,9427,9437,1457,309142,137336820.0,OI2501
2024-10-14 21:47:00,9437,9438,9427,9427,1302,309091,122726520.0,OI2501
2024-10-14 21:48:00,9426,9432,9426,9431,783,309104,73805580.0,OI2501
2024-10-14 21:49:00,9431,9447,9431,9446,1851,308936,174475260.0,OI2501
2024-10-14 21:50:00,9445,9445,9435,9436,1294,308817,123107110.0,OI2501
2024-10-14 21:51:00,9436,9441,9432,9434,784,308846,73907680.0,OI2501
2024-10-14 21:52:00,9435,9446,9434,9438,1763,308840,166198010.0,OI2501
2024-10-14 21:53:00,9438,9439,9429,9432,922,308835,86916940.0,OI2501
2024-10-14 21:54:00,9431,9436,9423,9433,1428,308790,134617560.0,OI2501
2024-10-14 21:55:00,9433,9441,9432,9438,1071,308941,100963170.0,OI2501
2024-10-14 21:56:00,9438,9439,9434,9436,664,308926,62595280.0,OI2501
2024-10-14 21:57:00,9435,9440,9435,9438,444,308889,41855880.0,OI2501
2024-10-14 21:58:00,9437,9441,9432,9435,728,308894,68628560.0,OI2501
2024-10-14 21:59:00,9436,9439,9434,9436,516,308912,48643320.0,OI2501
2024-10-14 22:00:00,9435,9440,9428,9440,1032,308870,97286640.0,OI2501
2024-10-14 22:01:00,9439,9449,9437,9440,1528,308623,144044560.0,OI2501
2024-10-14 22:02:00,9441,9442,9438,9441,685,308625,64574950.0,OI2501
2024-10-14 22:03:00,9440,9446,9439,9441,827,308626,79219880.0,OI2501
2024-10-14 22:04:00,9440,9444,9431,9434,779,308573,73444120.0,OI2501
2024-10-14 22:05:00,9434,9434,9428,9429,973,308598,91734440.0,OI2501
2024-10-14 22:06:00,9429,9432,9428,9429,590,308649,55625200.0,OI2501
2024-10-14 22:07:00,9429,9429,9415,9418,1986,308517,187240080.0,OI2501
2024-10-14 22:08:00,9419,9419,9411,9416,745,308514,68929280.0,OI2501
2024-10-14 22:09:00,9416,9419,9414,9419,633,308659,59672910.0,OI2501
2024-10-14 22:10:00,9419,9425,9419,9422,717,308627,67591590.0,OI2501
2024-10-14 22:11:00,9423,9429,9417,9417,908,308712,85597160.0,OI2501
2024-10-14 22:12:00,9418,9427,9417,9423,793,308856,74756110.0,OI2501
2024-10-14 22:13:00,9423,9429,9423,9428,340,308823,32051800.0,OI2501
2024-10-14 22:14:00,9428,9428,9424,9425,294,308837,27715380.0,OI2501
2024-10-14 22:15:00,9425,9426,9416,9422,873,308837,82297710.0,OI2501
2024-10-14 22:16:00,9424,9442,9424,9440,2068,308592,194950360.0,OI2501
2024-10-14 22:17:00,9438,9440,9421,9422,986,308464,92950220.0,OI2501
2024-10-14 22:18:00,9422,9424,9413,9423,1209,308428,113972430.0,OI2501
2024-10-14 22:19:00,9424,9426,9420,9425,413,308467,38933510.0,OI2501
2024-10-14 22:20:00,9424,9424,9415,9419,637,308544,60049990.0,OI2501
2024-10-14 22:21:00,9419,9423,9414,9423,797,308512,75133190.0,OI2501
2024-10-14 22:22:00,9423,9429,9423,9427,700,308478,65989000.0,OI2501
2024-10-14 22:23:00,9427,9431,9424,9424,452,308568,42610040.0,OI2501
2024-10-14 22:24:00,9424,9428,9422,9427,281,308583,26489870.0,OI2501
2024-10-14 22:25:00,9426,9432,9425,9431,404,308578,38085080.0,OI2501
2024-10-14 22:26:00,9432,9434,9424,9429,652,308595,61464040.0,OI2501
2024-10-14 22:27:00,9428,9428,9415,9417,731,308625,68911370.0,OI2501
2024-10-14 22:28:00,9417,9421,9413,9420,630,308636,59390100.0,OI2501
2024-10-14 22:29:00,9420,9421,9418,9418,190,308645,17911300.0,OI2501
2024-10-14 22:30:00,9418,9428,9418,9427,574,308641,54110980.0,OI2501
2024-10-14 22:31:00,9425,9432,9422,9431,653,308580,61558310.0,OI2501
2024-10-14 22:32:00,9430,9431,9426,9427,432,308501,40724640.0,OI2501
2024-10-14 22:33:00,9426,9431,9420,9428,604,308503,56939080.0,OI2501
2024-10-14 22:34:00,9428,9432,9427,9430,435,308539,41007450.0,OI2501
2024-10-14 22:35:00,9430,9438,9428,9437,730,308503,68817100.0,OI2501
2024-10-14 22:36:00,9437,9439,9432,9436,750,308524,70702500.0,OI2501
2024-10-14 22:37:00,9437,9437,9430,9431,558,308576,52602660.0,OI2501
2024-10-14 22:38:00,9430,9433,9426,9433,506,308523,47700620.0,OI2501
2024-10-14 22:39:00,9433,9439,9431,9438,583,308471,54959410.0,OI2501
2024-10-14 22:40:00,9438,9439,9431,9433,374,308402,35256980.0,OI2501
2024-10-14 22:41:00,9432,9434,9429,9430,354,308293,33371580.0,OI2501
2024-10-14 22:42:00,9429,9429,9420,9425,692,308259,65234840.0,OI2501
2024-10-14 22:43:00,9425,9426,9422,9423,317,308284,29883590.0,OI2501
2024-10-14 22:44:00,9423,9425,9422,9423,299,308359,28186730.0,OI2501
2024-10-14 22:45:00,9423,9435,9418,9435,1064,308133,100303280.0,OI2501
2024-10-14 22:46:00,9434,9437,9428,9431,629,308010,59295830.0,OI2501
2024-10-14 22:47:00,9431,9433,9428,9431,265,307957,24981550.0,OI2501
2024-10-14 22:48:00,9431,9432,9425,9426,412,307962,38839240.0,OI2501
2024-10-14 22:49:00,9425,9428,9422,9423,440,307968,41478800.0,OI2501
2024-10-14 22:50:00,9423,9428,9422,9422,305,307880,28752350.0,OI2501
2024-10-14 22:51:00,9422,9423,9415,9422,925,307781,87199750.0,OI2501
2024-10-14 22:52:00,9421,9422,9417,9420,288,307776,27149760.0,OI2501
2024-10-14 22:53:00,9420,9423,9418,9422,409,307770,38556430.0,OI2501
2024-10-14 22:54:00,9422,9428,9422,9425,575,307741,54205250.0,OI2501
2024-10-14 22:55:00,9423,9425,9420,9425,304,307730,28658080.0,OI2501
2024-10-14 22:56:00,9425,9429,9420,9421,738,307558,69571260.0,OI2501
2024-10-14 22:57:00,9420,9425,9419,9425,395,307469,37236650.0,OI2501
2024-10-14 22:58:00,9423,9428,9423,9427,545,307324,51377150.0,OI2501
2024-10-14 22:59:00,9427,9428,9420,9421,1266,306988,119345820.0,OI2501
2024-10-15 09:00:00,9368,9381,9340,9370,12146,306274,1138035140.0,OI2501
2024-10-15 09:01:00,9368,9392,9362,9383,4708,306787,440056540.0,OI2501
2024-10-15 09:02:00,9384,9393,9382,9385,2228,306932,209899880.0,OI2501
2024-10-15 09:03:00,9384,9386,9364,9364,3028,307170,283426170.0,OI2501
2024-10-15 09:04:00,9361,9362,9345,9352,4255,307370,398936740.0,OI2501
2024-10-15 09:05:00,9353,9363,9344,9357,3398,307768,318139380.0,OI2501
2024-10-15 09:06:00,9357,9359,9333,9335,4083,307765,380618800.0,OI2501
2024-10-15 09:07:00,9334,9339,9329,9331,3053,308019,285480880.0,OI2501
2024-10-15 09:08:00,9331,9349,9331,9336,2927,308169,273558180.0,OI2501
2024-10-15 09:09:00,9336,9343,9332,9343,2582,308487,241024790.0,OI2501
2024-10-15 09:10:00,9341,9354,9341,9350,2148,308549,200125070.0,OI2501
2024-10-15 09:11:00,9349,9351,9337,9350,1292,308678,121603040.0,OI2501
2024-10-15 09:12:00,9351,9362,9346,9349,2245,308490,209197860.0,OI2501
2024-10-15 09:13:00,9350,9356,9345,9355,1098,308547,103332780.0,OI2501
2024-10-15 09:14:00,9355,9359,9352,9355,985,308793,90575980.0,OI2501
2024-10-15 09:15:00,9353,9360,9348,9351,1418,308818,133433800.0,OI2501
2024-10-15 09:16:00,9351,9357,9346,9351,1318,309051,124023800.0,OI2501
2024-10-15 09:17:00,9351,9359,9347,9358,912,309209,83660350.0,OI2501
2024-10-15 09:18:00,9359,9367,9356,9363,1539,309246,144804510.0,OI2501
2024-10-15 09:19:00,9364,9367,9357,9358,775,309288,72919750.0,OI2501
2024-10-15 09:20:00,9359,9365,9354,9357,710,309290,66803900.0,OI2501
2024-10-15 09:21:00,9356,9356,9343,9344,1195,309204,110236510.0,OI2501
2024-10-15 09:22:00,9344,9344,9335,9338,1355,309186,127478400.0,OI2501
2024-10-15 09:23:00,9337,9348,9334,9348,1151,309198,108286080.0,OI2501
2024-10-15 09:24:00,9347,9359,9346,9354,1143,309208,105295910.0,OI2501
2024-10-15 09:25:00,9354,9356,9343,9349,788,309232,74127160.0,OI2501
2024-10-15 09:26:00,9349,9357,9345,9355,475,309292,44683250.0,OI2501
2024-10-15 09:27:00,9355,9356,9352,9355,318,309331,29914260.0,OI2501
2024-10-15 09:28:00,9355,9364,9354,9362,1033,309135,97174310.0,OI2501
2024-10-15 09:29:00,9363,9381,9363,9377,2366,309147,220282290.0,OI2501
2024-10-15 09:30:00,9376,9379,9364,9378,1334,309085,125476040.0,OI2501
2024-10-15 09:31:00,9378,9383,9374,9381,1437,309123,135164220.0,OI2501
2024-10-15 09:32:00,9383,9392,9383,9386,1802,309146,169496120.0,OI2501
2024-10-15 09:33:00,9386,9392,9384,9384,1506,308953,141654360.0,OI2501
2024-10-15 09:34:00,9383,9392,9383,9385,1053,308915,99045180.0,OI2501
2024-10-15 09:35:00,9388,9389,9378,9384,1946,309036,183040760.0,OI2501
2024-10-15 09:36:00,9384,9398,9384,9393,2116,308875,196631690.0,OI2501
2024-10-15 09:37:00,9393,9411,9393,9410,3042,308822,286100100.0,OI2501
2024-10-15 09:38:00,9410,9421,9410,9420,3884,308437,367758730.0,OI2501
2024-10-15 09:39:00,9419,9427,9418,9420,2853,307888,268353180.0,OI2501
2024-10-15 09:40:00,9420,9427,9413,9415,1544,307762,145228640.0,OI2501
2024-10-15 09:41:00,9414,9418,9412,9418,1492,307598,140337520.0,OI2501
2024-10-15 09:42:00,9419,9430,9419,9426,2127,307268,200065620.0,OI2501
2024-10-15 09:43:00,9426,9432,9421,9423,2057,306987,193481420.0,OI2501
2024-10-15 09:44:00,9423,9429,9418,9429,1057,307215,99421420.0,OI2501
2024-10-15 09:45:00,9429,9433,9425,9432,1225,307244,115223500.0,OI2501
2024-10-15 09:46:00,9431,9444,9431,9444,3196,307037,303239800.0,OI2501
2024-10-15 09:47:00,9443,9443,9434,9436,1365,306821,128405550.0,OI2501
2024-10-15 09:48:00,9436,9439,9433,9434,1093,306795,102818510.0,OI2501
2024-10-15 09:49:00,9435,9443,9435,9436,1048,306712,98585360.0,OI2501
2024-10-15 09:50:00,9436,9441,9433,9439,1078,306707,101407460.0,OI2501
2024-10-15 09:51:00,9439,9443,9435,9435,1150,306805,110861880.0,OI2501
2024-10-15 09:52:00,9435,9436,9428,9429,1562,306852,146952960.0,OI2501
2024-10-15 09:53:00,9429,9435,9429,9433,668,306898,62845440.0,OI2501
2024-10-15 09:54:00,9433,9434,9425,9425,770,306751,72441600.0,OI2501
2024-10-15 09:55:00,9426,9426,9422,9426,1060,306699,99724800.0,OI2501
2024-10-15 09:56:00,9426,9435,9423,9435,858,306847,80720640.0,OI2501
2024-10-15 09:57:00,9434,9441,9433,9437,798,306957,75075840.0,OI2501
2024-10-15 09:58:00,9437,9438,9431,9434,1545,307481,145353600.0,OI2501
2024-10-15 09:59:00,9433,9439,9432,9438,610,307517,57388800.0,OI2501
2024-10-15 10:00:00,9437,9439,9430,9438,868,307581,81661440.0,OI2501
2024-10-15 10:01:00,9438,9442,9437,9441,986,307708,92762880.0,OI2501
2024-10-15 10:02:00,9440,9453,9440,9447,2177,307611,207612560.0,OI2501
2024-10-15 10:03:00,9447,9460,9447,9451,2717,307411,255642530.0,OI2501
2024-10-15 10:04:00,9450,9457,9450,9453,1140,307529,107262600.0,OI2501
2024-10-15 10:05:00,9453,9454,9442,9443,1265,307245,121875470.0,OI2501
2024-10-15 10:06:00,9443,9444,9437,9441,999,307233,94005900.0,OI2501
2024-10-15 10:07:00,9441,9455,9440,9454,852,307297,80173200.0,OI2501
2024-10-15 10:08:00,9453,9454,9443,9445,661,307263,62200100.0,OI2501
2024-10-15 10:09:00,9444,9445,9438,9440,674,307204,63423400.0,OI2501
2024-10-15 10:10:00,9439,9440,9433,9440,793,307097,74621300.0,OI2501
2024-10-15 10:11:00,9440,9452,9440,9446,634,307141,59659400.0,OI2501
2024-10-15 10:12:00,9446,9455,9445,9451,743,307296,69916300.0,OI2501
2024-10-15 10:13:00,9451,9460,9450,9453,899,307286,84595900.0,OI2501
2024-10-15 10:14:00,9454,9456,9451,9452,738,307099,69445800.0,OI2501
2024-10-15 10:30:00,9454,9460,9446,9446,1382,306993,132981570.0,OI2501
2024-10-15 10:31:00,9448,9464,9448,9462,1360,306939,127989600.0,OI2501
2024-10-15 10:32:00,9464,9475,9463,9467,2659,306580,250238490.0,OI2501
2024-10-15 10:33:00,9467,9469,9460,9467,1536,306398,147543880.0,OI2501
2024-10-15 10:34:00,9467,9478,9466,9474,1524,306178,143438880.0,OI2501
2024-10-15 10:35:00,9475,9478,9471,9478,942,306070,88661040.0,OI2501
2024-10-15 10:36:00,9477,9490,9477,9486,2642,305948,251707040.0,OI2501
2024-10-15 10:37:00,9486,9497,9482,9491,1778,305712,167363140.0,OI2501
2024-10-15 10:38:00,9492,9493,9475,9475,1455,305549,140033480.0,OI2501
2024-10-15 10:39:00,9477,9479,9469,9470,1345,305550,126618300.0,OI2501
2024-10-15 10:40:00,9469,9471,9466,9466,1036,305539,97529040.0,OI2501
2024-10-15 10:41:00,9466,9470,9462,9462,722,305553,67969080.0,OI2501
2024-10-15 10:42:00,9462,9468,9459,9460,849,305509,79924860.0,OI2501
2024-10-15 10:43:00,9459,9463,9455,9455,855,305464,80489700.0,OI2501
2024-10-15 10:44:00,9455,9457,9451,9452,1066,305285,103486300.0,OI2501
2024-10-15 10:45:00,9451,9454,9447,9450,1044,305243,98292600.0,OI2501
2024-10-15 10:46:00,9450,9450,9438,9443,1280,305150,120512000.0,OI2501
2024-10-15 10:47:00,9445,9467,9440,9466,1550,305068,145932500.0,OI2501
2024-10-15 10:48:00,9466,9471,9462,9468,1000,305172,94150000.0,OI2501
2024-10-15 10:49:00,9468,9477,9467,9473,1238,305125,116557700.0,OI2501
2024-10-15 10:50:00,9473,9479,9472,9477,820,305425,80405380.0,OI2501
2024-10-15 10:51:00,9477,9478,9458,9463,1263,305406,118924080.0,OI2501
2024-10-15 10:52:00,9463,9467,9460,9465,740,305401,69678400.0,OI2501
2024-10-15 10:53:00,9465,9475,9465,9469,559,305381,52635440.0,OI2501
2024-10-15 10:54:00,9469,9470,9461,9462,448,305365,42183680.0,OI2501
2024-10-15 10:55:00,9462,9467,9459,9464,438,305383,41242080.0,OI2501
2024-10-15 10:56:00,9464,9464,9454,9454,742,305413,69866720.0,OI2501
2024-10-15 10:57:00,9454,9462,9452,9458,499,305446,46985840.0,OI2501
2024-10-15 10:58:00,9458,9465,9455,9455,724,305532,68171840.0,OI2501
2024-10-15 10:59:00,9455,9457,9448,9451,709,305562,66759440.0,OI2501
2024-10-15 11:00:00,9450,9455,9449,9451,376,305531,35404160.0,OI2501
2024-10-15 11:01:00,9451,9456,9445,9456,588,305482,55366080.0,OI2501
2024-10-15 11:02:00,9457,9468,9457,9462,769,305434,75689970.0,OI2501
2024-10-15 11:03:00,9462,9463,9450,9455,455,305454,42847350.0,OI2501
2024-10-15 11:04:00,9456,9456,9449,9454,394,305537,37102980.0,OI2501
2024-10-15 11:05:00,9454,9458,9452,9457,226,305560,21282420.0,OI2501
2024-10-15 11:06:00,9456,9458,9453,9457,261,305639,24578370.0,OI2501
2024-10-15 11:07:00,9458,9460,9451,9453,341,305695,32111970.0,OI2501
2024-10-15 11:08:00,9454,9454,9447,9447,370,305706,34842900.0,OI2501
2024-10-15 11:09:00,9448,9451,9447,9449,222,305743,20905740.0,OI2501
2024-10-15 11:10:00,9449,9453,9445,9447,625,305769,58856250.0,OI2501
2024-10-15 11:11:00,9448,9451,9438,9439,947,305787,89178990.0,OI2501
2024-10-15 11:12:00,9438,9450,9438,9450,863,305737,81268710.0,OI2501
2024-10-15 11:13:00,9452,9459,9450,9452,715,305723,67331550.0,OI2501
2024-10-15 11:14:00,9452,9452,9442,9442,546,305679,51416820.0,OI2501
2024-10-15 11:15:00,9442,9451,9442,9446,473,305601,44542410.0,OI2501
2024-10-15 11:16:00,9446,9450,9442,9446,275,305555,25896750.0,OI2501
2024-10-15 11:17:00,9446,9448,9444,9447,226,305539,21282420.0,OI2501
2024-10-15 11:18:00,9446,9447,9441,9446,365,305498,34372050.0,OI2501
2024-10-15 11:19:00,9444,9457,9443,9457,805,305406,75806850.0,OI2501
2024-10-15 11:20:00,9455,9457,9452,9453,484,305367,45578280.0,OI2501
2024-10-15 11:21:00,9454,9466,9452,9463,832,305237,81724620.0,OI2501
2024-10-15 11:22:00,9462,9463,9449,9450,756,305331,71200080.0,OI2501
2024-10-15 11:23:00,9451,9452,9439,9446,654,305307,61593720.0,OI2501
2024-10-15 11:24:00,9446,9453,9445,9451,317,305292,29855060.0,OI2501
2024-10-15 11:25:00,9452,9457,9451,9452,244,305303,22979920.0,OI2501
2024-10-15 11:26:00,9451,9461,9451,9460,431,305246,40591580.0,OI2501
2024-10-15 11:27:00,9461,9471,9460,9469,913,304995,85986340.0,OI2501
2024-10-15 11:28:00,9469,9471,9465,9466,643,304904,60557740.0,OI2501
2024-10-15 11:29:00,9467,9479,9467,9479,1171,304955,110284780.0,OI2501
2024-10-15 13:30:00,9463,9463,9425,9436,3890,304525,366360200.0,OI2501
2024-10-15 13:31:00,9436,9443,9431,9431,1603,304634,150970540.0,OI2501
2024-10-15 13:32:00,9432,9454,9430,9448,1534,304703,147968860.0,OI2501
2024-10-15 13:33:00,9448,9456,9444,9452,1582,304503,149008580.0,OI2501
2024-10-15 13:34:00,9452,9456,9442,9443,683,304511,64331770.0,OI2501
2024-10-15 13:35:00,9444,9459,9443,9457,814,304548,76670660.0,OI2501
2024-10-15 13:36:00,9457,9458,9450,9454,560,304589,52746400.0,OI2501
2024-10-15 13:37:00,9454,9463,9454,9462,728,304607,68570320.0,OI2501
2024-10-15 13:38:00,9460,9470,9459,9463,782,304569,73656580.0,OI2501
2024-10-15 13:39:00,9463,9470,9463,9467,539,304668,50768410.0,OI2501
2024-10-15 13:40:00,9467,9468,9443,9444,1865,304246,175664350.0,OI2501
2024-10-15 13:41:00,9444,9456,9444,9453,866,304393,81568540.0,OI2501
2024-10-15 13:42:00,9452,9454,9446,9449,778,304521,76868530.0,OI2501
2024-10-15 13:43:00,9447,9451,9441,9450,832,304569,78374400.0,OI2501
2024-10-15 13:44:00,9450,9452,9447,9451,409,304573,38527800.0,OI2501
2024-10-15 13:45:00,9451,9458,9447,9456,598,304642,56331600.0,OI2501
2024-10-15 13:46:00,9458,9461,9454,9456,414,304621,38998800.0,OI2501
2024-10-15 13:47:00,9456,9461,9454,9459,392,304629,36926400.0,OI2501
2024-10-15 13:48:00,9459,9470,9459,9466,901,304602,84874200.0,OI2501
2024-10-15 13:49:00,9467,9474,9463,9466,832,304562,78374400.0,OI2501
2024-10-15 13:50:00,9467,9467,9456,9459,546,304584,51433200.0,OI2501
2024-10-15 13:51:00,9461,9461,9454,9457,435,304609,40977000.0,OI2501
2024-10-15 13:52:00,9458,9459,9454,9456,201,304630,18934200.0,OI2501
2024-10-15 13:53:00,9456,9465,9452,9454,495,304723,46629000.0,OI2501
2024-10-15 13:54:00,9454,9462,9451,9458,389,304787,36643800.0,OI2501
2024-10-15 13:55:00,9458,9460,9455,9456,403,304778,37962600.0,OI2501
2024-10-15 13:56:00,9456,9462,9452,9452,354,304825,33346800.0,OI2501
2024-10-15 13:57:00,9454,9461,9452,9459,257,304836,24209400.0,OI2501
2024-10-15 13:58:00,9458,9460,9447,9449,720,304926,67824000.0,OI2501
2024-10-15 13:59:00,9449,9453,9448,9450,427,305003,40223400.0,OI2501
2024-10-15 14:00:00,9449,9455,9446,9453,389,305048,36643800.0,OI2501
2024-10-15 14:01:00,9453,9454,9444,9447,576,304960,54259200.0,OI2501
2024-10-15 14:02:00,9448,9448,9437,9442,962,304929,94314430.0,OI2501
2024-10-15 14:03:00,9442,9449,9442,9445,442,304875,41640820.0,OI2501
2024-10-15 14:04:00,9446,9453,9443,9451,722,304999,68019620.0,OI2501
2024-10-15 14:05:00,9450,9452,9447,9450,405,305164,38155050.0,OI2501
2024-10-15 14:06:00,9449,9462,9449,9459,1157,305257,109000970.0,OI2501
2024-10-15 14:07:00,9458,9459,9452,9453,628,305271,59163880.0,OI2501
2024-10-15 14:08:00,9453,9454,9447,9448,448,305289,42206080.0,OI2501
2024-10-15 14:09:00,9448,9449,9440,9440,782,305250,73672220.0,OI2501
2024-10-15 14:10:00,9441,9445,9437,9440,846,305208,79701660.0,OI2501
2024-10-15 14:11:00,9439,9439,9435,9435,709,305132,66794890.0,OI2501
2024-10-15 14:12:00,9435,9441,9435,9438,686,305175,64628060.0,OI2501
2024-10-15 14:13:00,9438,9441,9434,9437,564,305204,53134440.0,OI2501
2024-10-15 14:14:00,9437,9444,9436,9443,542,305289,51061820.0,OI2501
2024-10-15 14:15:00,9443,9443,9434,9438,589,305340,55489690.0,OI2501
2024-10-15 14:16:00,9437,9444,9437,9442,382,305338,35988220.0,OI2501
2024-10-15 14:17:00,9442,9443,9431,9431,381,305328,35894010.0,OI2501
2024-10-15 14:18:00,9431,9435,9426,9430,1125,305305,105986250.0,OI2501
2024-10-15 14:19:00,9429,9436,9429,9433,449,305300,42300290.0,OI2501
2024-10-15 14:20:00,9433,9438,9429,9431,493,305350,46445530.0,OI2501
2024-10-15 14:21:00,9432,9434,9425,9430,815,305403,76781150.0,OI2501
2024-10-15 14:22:00,9430,9433,9426,9427,433,305391,40792930.0,OI2501
2024-10-15 14:23:00,9427,9432,9425,9430,666,305339,62743860.0,OI2501
2024-10-15 14:24:00,9430,9438,9429,9437,457,305318,43053970.0,OI2501
2024-10-15 14:25:00,9437,9449,9437,9446,1423,304989,134060830.0,OI2501
2024-10-15 14:26:00,9445,9446,9437,9438,530,304999,49931300.0,OI2501
2024-10-15 14:27:00,9437,9444,9437,9438,419,305118,39473990.0,OI2501
2024-10-15 14:28:00,9438,9441,9433,9440,384,305129,36176640.0,OI2501
2024-10-15 14:29:00,9440,9451,9440,9448,850,305187,80078500.0,OI2501
2024-10-15 14:30:00,9448,9466,9448,9465,1360,305230,132006500.0,OI2501
2024-10-15 14:31:00,9464,9467,9459,9465,1085,305355,102228700.0,OI2501
2024-10-15 14:32:00,9465,9477,9465,9472,1930,305513,181844600.0,OI2501
2024-10-15 14:33:00,9473,9476,9469,9469,905,305567,85269100.0,OI2501
2024-10-15 14:34:00,9470,9483,9470,9475,1476,305649,139068720.0,OI2501
2024-10-15 14:35:00,9475,9478,9467,9473,929,305758,87530380.0,OI2501
2024-10-15 14:36:00,9472,9474,9466,9468,871,305768,82065620.0,OI2501
2024-10-15 14:37:00,9469,9469,9457,9461,1033,305549,101292450.0,OI2501
2024-10-15 14:38:00,9461,9465,9454,9463,694,305467,65395620.0,OI2501
2024-10-15 14:39:00,9463,9464,9459,9461,337,305537,31755510.0,OI2501
2024-10-15 14:40:00,9460,9460,9456,9457,505,305614,47586150.0,OI2501
2024-10-15 14:41:00,9458,9462,9454,9461,430,305610,40518900.0,OI2501
2024-10-15 14:42:00,9460,9461,9456,9456,257,305620,24217110.0,OI2501
2024-10-15 14:43:00,9456,9462,9449,9452,1016,305399,95737680.0,OI2501
2024-10-15 14:44:00,9451,9453,9450,9452,366,305390,34488180.0,OI2501
2024-10-15 14:45:00,9453,9455,9450,9452,548,305268,51638040.0,OI2501
2024-10-15 14:46:00,9452,9453,9449,9449,343,305283,32320890.0,OI2501
2024-10-15 14:47:00,9450,9454,9447,9454,366,305157,34488180.0,OI2501
2024-10-15 14:48:00,9454,9462,9453,9456,820,305144,77268600.0,OI2501
2024-10-15 14:49:00,9456,9456,9443,9446,897,305093,84524310.0,OI2501
2024-10-15 14:50:00,9446,9452,9444,9446,451,305109,42497730.0,OI2501
2024-10-15 14:51:00,9447,9452,9444,9451,677,305171,63793710.0,OI2501
2024-10-15 14:52:00,9450,9450,9437,9445,1090,305253,102710700.0,OI2501
2024-10-15 14:53:00,9445,9446,9438,9442,674,305199,63511020.0,OI2501
2024-10-15 14:54:00,9442,9446,9442,9444,368,305179,34676640.0,OI2501
2024-10-15 14:55:00,9444,9445,9438,9442,483,305070,45513090.0,OI2501
2024-10-15 14:56:00,9442,9442,9438,9441,485,304881,45701550.0,OI2501
2024-10-15 14:57:00,9439,9443,9437,9443,587,304586,55313010.0,OI2501
2024-10-15 14:58:00,9444,9450,9442,9447,1271,304331,119766330.0,OI2501
2024-10-15 14:59:00,9451,9455,9441,9443,1424,303909,134183520.0,OI2501
2024-10-15 21:00:00,9453,9453,9438,9441,3968,304665,374698240.0,OI2501
2024-10-15 21:01:00,9442,9449,9429,9449,2825,304998,266628890.0,OI2501
2024-10-15 21:02:00,9449,9449,9437,9439,1856,305277,175224960.0,OI2501
2024-10-15 21:03:00,9436,9443,9432,9441,1404,305558,132551640.0,OI2501
2024-10-15 21:04:00,9442,9449,9442,9448,1063,305601,100357830.0,OI2501
2024-10-15 21:05:00,9449,9456,9446,9454,2142,305675,202491380.0,OI2501
2024-10-15 21:06:00,9454,9454,9438,9441,1460,305860,137867800.0,OI2501
2024-10-15 21:07:00,9441,9451,9436,9446,1402,305912,132390860.0,OI2501
2024-10-15 21:08:00,9446,9453,9445,9447,909,305926,86007160.0,OI2501
2024-10-15 21:09:00,9447,9447,9441,9445,802,305944,75740880.0,OI2501
2024-10-15 21:10:00,9445,9449,9442,9445,742,306119,70074480.0,OI2501
2024-10-15 21:11:00,9445,9445,9438,9439,1110,306243,104828400.0,OI2501
2024-10-15 21:12:00,9439,9449,9439,9444,797,306236,75268680.0,OI2501
2024-10-15 21:13:00,9443,9455,9443,9453,1141,306180,107756040.0,OI2501
2024-10-15 21:14:00,9454,9464,9453,9464,1836,306431,173626410.0,OI2501
2024-10-15 21:15:00,9465,9468,9460,9467,1271,306524,120293230.0,OI2501
2024-10-15 21:16:00,9468,9473,9466,9468,1160,306565,109832480.0,OI2501
2024-10-15 21:17:00,9466,9475,9466,9471,1343,306790,127417830.0,OI2501
2024-10-15 21:18:00,9470,9478,9468,9472,1132,306896,107246310.0,OI2501
2024-10-15 21:19:00,9472,9472,9466,9470,847,306813,80041500.0,OI2501
2024-10-15 21:20:00,9470,9471,9463,9468,804,306842,76278140.0,OI2501
2024-10-15 21:21:00,9470,9474,9455,9458,1638,306423,154807380.0,OI2501
2024-10-15 21:22:00,9458,9465,9458,9465,634,306406,59919340.0,OI2501
2024-10-15 21:23:00,9465,9465,9459,9464,614,306371,58358140.0,OI2501
2024-10-15 21:24:00,9464,9465,9460,9461,238,306361,22495760.0,OI2501
2024-10-15 21:25:00,9461,9473,9460,9472,854,306434,80720080.0,OI2501
2024-10-15 21:26:00,9473,9493,9471,9492,4123,306159,390849410.0,OI2501
2024-10-15 21:27:00,9493,9517,9493,9515,7943,305287,755616450.0,OI2501
2024-10-15 21:28:00,9514,9514,9503,9511,2498,305250,237406820.0,OI2501
2024-10-15 21:29:00,9511,9516,9504,9508,1595,305320,151500160.0,OI2501
2024-10-15 21:30:00,9506,9511,9499,9499,1864,305298,177523820.0,OI2501
2024-10-15 21:31:00,9498,9505,9491,9503,2073,305143,196853980.0,OI2501
2024-10-15 21:32:00,9501,9505,9493,9503,1198,305168,113462580.0,OI2501
2024-10-15 21:33:00,9504,9506,9498,9498,1013,305201,96504220.0,OI2501
2024-10-15 21:34:00,9499,9500,9494,9495,801,305272,75870720.0,OI2501
2024-10-15 21:35:00,9495,9501,9491,9501,1022,305218,97385060.0,OI2501
2024-10-15 21:36:00,9501,9503,9498,9500,745,305246,70573850.0,OI2501
2024-10-15 21:37:00,9500,9504,9496,9501,679,305309,64321670.0,OI2501
2024-10-15 21:38:00,9501,9501,9492,9495,612,305268,57974760.0,OI2501
2024-10-15 21:39:00,9495,9495,9485,9494,1154,305235,109931540.0,OI2501
2024-10-15 21:40:00,9492,9493,9482,9486,1252,305019,118614480.0,OI2501
2024-10-15 21:41:00,9486,9491,9484,9491,931,305104,88202940.0,OI2501
2024-10-15 21:42:00,9491,9494,9487,9493,687,305297,65086380.0,OI2501
2024-10-15 21:43:00,9493,9496,9489,9492,926,305529,88380320.0,OI2501
2024-10-15 21:44:00,9492,9504,9491,9503,1089,305837,103182750.0,OI2501
2024-10-15 21:45:00,9501,9501,9485,9488,1478,305860,140040500.0,OI2501
2024-10-15 21:46:00,9488,9492,9484,9488,1393,306271,132677430.0,OI2501
2024-10-15 21:47:00,9488,9495,9486,9489,1073,306343,101677480.0,OI2501
2024-10-15 21:48:00,9489,9496,9489,9494,411,306335,38946360.0,OI2501
2024-10-15 21:49:00,9494,9500,9494,9498,584,306448,55339840.0,OI2501
2024-10-15 21:50:00,9499,9508,9499,9506,1732,306385,164853000.0,OI2501
2024-10-15 21:51:00,9505,9509,9492,9493,1139,306385,107943030.0,OI2501
2024-10-15 21:52:00,9493,9495,9490,9493,963,306381,91263510.0,OI2501
2024-10-15 21:53:00,9493,9497,9493,9495,442,306354,42642460.0,OI2501
2024-10-15 21:54:00,9495,9499,9494,9499,371,306466,35163380.0,OI2501
2024-10-15 21:55:00,9500,9501,9493,9497,575,306485,54498500.0,OI2501
2024-10-15 21:56:00,9497,9498,9491,9494,450,306477,42651000.0,OI2501
2024-10-15 21:57:00,9495,9495,9478,9487,2255,306413,213728900.0,OI2501
2024-10-15 21:58:00,9488,9490,9486,9489,659,306547,62460020.0,OI2501
2024-10-15 21:59:00,9490,9494,9488,9490,597,306508,56583660.0,OI2501
2024-10-15 22:00:00,9490,9491,9482,9488,512,306604,48527360.0,OI2501
2024-10-15 22:01:00,9487,9489,9477,9478,1041,306595,98665980.0,OI2501
2024-10-15 22:02:00,9478,9485,9478,9484,817,306688,77435260.0,OI2501
2024-10-15 22:03:00,9484,9486,9482,9486,430,306676,40755400.0,OI2501
2024-10-15 22:04:00,9485,9500,9485,9499,1472,306793,140362070.0,OI2501
2024-10-15 22:05:00,9498,9499,9492,9499,537,306807,50902230.0,OI2501
2024-10-15 22:06:00,9499,9504,9495,9502,1285,306687,121805150.0,OI2501
2024-10-15 22:07:00,9501,9505,9497,9498,544,306767,51565760.0,OI2501
2024-10-15 22:08:00,9498,9504,9497,9503,550,306820,52134500.0,OI2501
2024-10-15 22:09:00,9503,9506,9500,9506,680,306819,65339070.0,OI2501
2024-10-15 22:10:00,9505,9522,9505,9515,3897,307009,370356440.0,OI2501
2024-10-15 22:11:00,9514,9515,9506,9514,886,307056,84001660.0,OI2501
2024-10-15 22:12:00,9515,9532,9515,9523,3504,307097,334143720.0,OI2501
2024-10-15 22:13:00,9522,9536,9522,9527,2569,307446,244608700.0,OI2501
2024-10-15 22:14:00,9527,9546,9526,9541,3057,307641,291967880.0,OI2501
2024-10-15 22:15:00,9543,9562,9543,9555,5339,308189,509680710.0,OI2501
2024-10-15 22:16:00,9557,9572,9556,9570,4656,308800,445170690.0,OI2501
2024-10-15 22:17:00,9571,9573,9560,9564,2715,309114,260004000.0,OI2501
2024-10-15 22:18:00,9564,9566,9553,9557,2993,308830,286511480.0,OI2501
2024-10-15 22:19:00,9558,9564,9557,9558,1346,308989,127816160.0,OI2501
2024-10-15 22:20:00,9557,9559,9549,9551,1673,308747,160076300.0,OI2501
2024-10-15 22:21:00,9549,9551,9545,9548,1533,308398,146812560.0,OI2501
2024-10-15 22:22:00,9548,9553,9542,9544,1461,308305,138765780.0,OI2501
2024-10-15 22:23:00,9543,9543,9537,9540,1758,308054,168230580.0,OI2501
2024-10-15 22:24:00,9542,9542,9531,9541,1335,307752,126811650.0,OI2501
2024-10-15 22:25:00,9540,9541,9536,9538,520,307729,50669090.0,OI2501
2024-10-15 22:26:00,9539,9545,9537,9544,1125,307633,106875000.0,OI2501
2024-10-15 22:27:00,9544,9546,9540,9545,498,307704,47310000.0,OI2501
2024-10-15 22:28:00,9545,9548,9540,9540,465,307676,44175000.0,OI2501
2024-10-15 22:29:00,9540,9543,9535,9536,795,307657,75525000.0,OI2501
2024-10-15 22:30:00,9535,9538,9529,9529,1132,307706,108854440.0,OI2501
2024-10-15 22:31:00,9530,9534,9525,9531,1288,307541,122372880.0,OI2501
2024-10-15 22:32:00,9528,9533,9528,9532,670,307562,63656700.0,OI2501
2024-10-15 22:33:00,9532,9534,9525,9533,1053,307337,100045530.0,OI2501
2024-10-15 22:34:00,9534,9544,9534,9538,1534,307270,147105230.0,OI2501
2024-10-15 22:35:00,9538,9545,9538,9540,644,307328,61192880.0,OI2501
2024-10-15 22:36:00,9540,9542,9535,9535,502,307323,47700040.0,OI2501
2024-10-15 22:37:00,9534,9541,9532,9541,410,307338,38958200.0,OI2501
2024-10-15 22:38:00,9540,9544,9535,9536,498,307407,47319960.0,OI2501
2024-10-15 22:39:00,9537,9538,9532,9534,329,307380,31261580.0,OI2501
2024-10-15 22:40:00,9535,9535,9528,9530,543,307386,52985010.0,OI2501
2024-10-15 22:41:00,9531,9535,9531,9532,435,307545,41338050.0,OI2501
2024-10-15 22:42:00,9533,9546,9531,9544,731,307396,69466930.0,OI2501
2024-10-15 22:43:00,9544,9544,9535,9535,379,307446,36016370.0,OI2501
2024-10-15 22:44:00,9536,9541,9533,9541,235,307453,22332050.0,OI2501
2024-10-15 22:45:00,9541,9542,9535,9537,515,307485,48940450.0,OI2501
2024-10-15 22:46:00,9538,9541,9536,9537,262,307452,24897860.0,OI2501
2024-10-15 22:47:00,9537,9538,9536,9536,163,307451,15489890.0,OI2501
2024-10-15 22:48:00,9537,9540,9536,9539,236,307440,22427080.0,OI2501
2024-10-15 22:49:00,9537,9540,9535,9540,294,307389,27938820.0,OI2501
2024-10-15 22:50:00,9540,9540,9536,9538,206,307376,19576180.0,OI2501
2024-10-15 22:51:00,9537,9538,9530,9537,633,307204,61584030.0,OI2501
2024-10-15 22:52:00,9536,9542,9536,9541,460,307086,43718400.0,OI2501
2024-10-15 22:53:00,9539,9541,9534,9538,264,306992,25090560.0,OI2501
2024-10-15 22:54:00,9538,9539,9535,9538,293,306916,27846720.0,OI2501
2024-10-15 22:55:00,9538,9538,9531,9531,516,306722,49040640.0,OI2501
2024-10-15 22:56:00,9532,9532,9521,9527,1757,306467,166985280.0,OI2501
2024-10-15 22:57:00,9527,9529,9523,9528,464,306405,44098560.0,OI2501
2024-10-15 22:58:00,9527,9533,9527,9533,635,306201,60350400.0,OI2501
2024-10-15 22:59:00,9535,9542,9533,9536,946,305755,91391230.0,OI2501
2024-10-16 09:00:00,9555,9564,9548,9557,5146,306697,490662150.0,OI2501
2024-10-16 09:01:00,9560,9566,9556,9559,2133,306688,204319160.0,OI2501
2024-10-16 09:02:00,9558,9579,9558,9576,2920,306913,279189780.0,OI2501
2024-10-16 09:03:00,9575,9581,9564,9565,3060,306886,294176760.0,OI2501
2024-10-16 09:04:00,9566,9569,9556,9557,2382,306853,226528200.0,OI2501
2024-10-16 09:05:00,9556,9560,9554,9556,1223,306645,117959330.0,OI2501
2024-10-16 09:06:00,9557,9565,9557,9561,913,306659,86835430.0,OI2501
2024-10-16 09:07:00,9561,9565,9558,9559,667,306696,63438370.0,OI2501
2024-10-16 09:08:00,9559,9572,9559,9571,1594,306855,153289110.0,OI2501
2024-10-16 09:09:00,9571,9571,9562,9567,1192,306995,113383040.0,OI2501
2024-10-16 09:10:00,9567,9570,9560,9570,1237,307060,117663440.0,OI2501
2024-10-16 09:11:00,9569,9574,9568,9570,1033,307235,99977350.0,OI2501
2024-10-16 09:12:00,9570,9574,9565,9572,989,307311,94083570.0,OI2501
2024-10-16 09:13:00,9573,9579,9573,9578,1567,307531,150812660.0,OI2501
2024-10-16 09:14:00,9578,9587,9576,9586,1594,307930,151653160.0,OI2501
2024-10-16 09:15:00,9586,9591,9583,9584,2774,308332,265705990.0,OI2501
2024-10-16 09:16:00,9583,9586,9580,9581,789,308395,76868870.0,OI2501
2024-10-16 09:17:00,9580,9582,9574,9575,1012,308318,96301920.0,OI2501
2024-10-16 09:18:00,9575,9586,9574,9585,848,308462,80695680.0,OI2501
2024-10-16 09:19:00,9584,9587,9570,9570,1198,308397,115827780.0,OI2501
2024-10-16 09:20:00,9570,9576,9569,9572,827,308682,78705590.0,OI2501
2024-10-16 09:21:00,9571,9576,9570,9570,405,308744,38543850.0,OI2501
2024-10-16 09:22:00,9569,9571,9565,9567,773,308675,73566410.0,OI2501
2024-10-16 09:23:00,9567,9574,9567,9573,504,308764,47965680.0,OI2501
2024-10-16 09:24:00,9574,9577,9568,9569,423,308828,42112330.0,OI2501
2024-10-16 09:25:00,9569,9570,9566,9568,491,308903,46733380.0,OI2501
2024-10-16 09:26:00,9571,9571,9559,9560,1228,308661,116881040.0,OI2501
2024-10-16 09:27:00,9559,9568,9558,9566,911,308611,86708980.0,OI2501
2024-10-16 09:28:00,9567,9569,9563,9565,348,308639,33122640.0,OI2501
2024-10-16 09:29:00,9565,9565,9556,9558,805,308649,78513150.0,OI2501
2024-10-16 09:30:00,9556,9564,9554,9560,933,308753,88812270.0,OI2501
2024-10-16 09:31:00,9560,9563,9552,9554,866,308641,82434540.0,OI2501
2024-10-16 09:32:00,9554,9563,9554,9556,524,308548,49879560.0,OI2501
2024-10-16 09:33:00,9556,9567,9554,9566,781,308590,74343390.0,OI2501
2024-10-16 09:34:00,9566,9576,9566,9573,1411,308506,136251490.0,OI2501
2024-10-16 09:35:00,9573,9573,9566,9569,486,308641,46267200.0,OI2501
2024-10-16 09:36:00,9568,9573,9566,9567,465,308741,44268000.0,OI2501
2024-10-16 09:37:00,9566,9575,9564,9569,476,308776,45315200.0,OI2501
2024-10-16 09:38:00,9570,9570,9564,9568,260,308769,24752000.0,OI2501
2024-10-16 09:39:00,9568,9576,9568,9575,542,308730,51598400.0,OI2501
2024-10-16 09:40:00,9575,9586,9574,9584,1495,308922,144299640.0,OI2501
2024-10-16 09:41:00,9582,9585,9577,9577,687,308928,65409270.0,OI2501
2024-10-16 09:42:00,9578,9582,9576,9581,557,308982,53031970.0,OI2501
2024-10-16 09:43:00,9581,9582,9578,9578,410,309083,39036100.0,OI2501
2024-10-16 09:44:00,9579,9582,9575,9575,558,309029,53127180.0,OI2501
2024-10-16 09:45:00,9575,9582,9575,9576,476,309158,45319960.0,OI2501
2024-10-16 09:46:00,9576,9576,9570,9573,436,309117,41511560.0,OI2501
2024-10-16 09:47:00,9573,9576,9571,9571,324,309126,32858160.0,OI2501
2024-10-16 09:48:00,9572,9572,9565,9569,481,309097,45800820.0,OI2501
2024-10-16 09:49:00,9569,9569,9565,9566,344,309109,32755680.0,OI2501
2024-10-16 09:50:00,9566,9570,9564,9570,508,309027,48371760.0,OI2501
2024-10-16 09:51:00,9569,9572,9566,9571,470,309081,44753400.0,OI2501
2024-10-16 09:52:00,9572,9574,9565,9567,345,309142,32850900.0,OI2501
2024-10-16 09:53:00,9568,9581,9568,9581,641,309065,61036020.0,OI2501
2024-10-16 09:54:00,9581,9581,9575,9576,257,309113,24471540.0,OI2501
2024-10-16 09:55:00,9575,9577,9573,9575,264,309182,25138080.0,OI2501
2024-10-16 09:56:00,9575,9582,9572,9581,515,309225,51086670.0,OI2501
2024-10-16 09:57:00,9581,9582,9569,9570,423,309272,40282290.0,OI2501
2024-10-16 09:58:00,9570,9576,9570,9573,352,309310,33520960.0,OI2501
2024-10-16 09:59:00,9574,9584,9574,9584,492,309426,46853160.0,OI2501
2024-10-16 10:00:00,9585,9597,9585,9588,2501,309881,240256280.0,OI2501
2024-10-16 10:01:00,9588,9589,9577,9579,852,309965,81144480.0,OI2501
2024-10-16 10:02:00,9579,9583,9577,9582,420,310004,40000800.0,OI2501
2024-10-16 10:03:00,9581,9581,9574,9578,595,310080,56667800.0,OI2501
2024-10-16 10:04:00,9577,9580,9575,9578,248,310102,23619520.0,OI2501
2024-10-16 10:05:00,9577,9577,9572,9574,375,310054,35715000.0,OI2501
2024-10-16 10:06:00,9571,9577,9570,9577,464,310003,44191360.0,OI2501
2024-10-16 10:07:00,9577,9583,9576,9582,435,310029,43549340.0,OI2501
2024-10-16 10:08:00,9582,9590,9579,9589,920,310213,87630000.0,OI2501
2024-10-16 10:09:00,9590,9599,9590,9594,1789,310526,170402250.0,OI2501
2024-10-16 10:10:00,9592,9599,9592,9599,925,310830,90262530.0,OI2501
2024-10-16 10:11:00,9598,9613,9598,9599,3940,311286,377520080.0,OI2501
2024-10-16 10:12:00,9600,9605,9597,9600,762,311316,72595740.0,OI2501
2024-10-16 10:13:00,9600,9602,9583,9588,1710,311143,165132100.0,OI2501
2024-10-16 10:14:00,9590,9597,9588,9596,644,311128,61360320.0,OI2501
2024-10-16 10:30:00,9592,9600,9591,9597,1443,311370,137489040.0,OI2501
2024-10-16 10:31:00,9596,9605,9596,9604,1793,311436,173096240.0,OI2501
2024-10-16 10:32:00,9604,9616,9604,9614,2148,311737,206963600.0,OI2501
2024-10-16 10:33:00,9614,9623,9614,9619,2006,312069,193472540.0,OI2501
2024-10-16 10:34:00,9620,9620,9608,9610,1824,312263,173845440.0,OI2501
2024-10-16 10:35:00,9611,9615,9608,9612,911,312426,89155500.0,OI2501
2024-10-16 10:36:00,9611,9613,9603,9608,933,312512,88933560.0,OI2501
2024-10-16 10:37:00,9608,9612,9606,9607,569,312611,54237080.0,OI2501
2024-10-16 10:38:00,9607,9612,9605,9608,475,312715,45277000.0,OI2501
2024-10-16 10:39:00,9607,9611,9605,9609,335,312777,31932200.0,OI2501
2024-10-16 10:40:00,9609,9613,9606,9609,709,312776,69940180.0,OI2501
2024-10-16 10:41:00,9609,9613,9601,9611,819,312775,78075270.0,OI2501
2024-10-16 10:42:00,9609,9612,9606,9608,348,312800,33174840.0,OI2501
2024-10-16 10:43:00,9607,9612,9606,9607,369,312884,35176770.0,OI2501
2024-10-16 10:44:00,9608,9611,9601,9605,608,312893,57960640.0,OI2501
2024-10-16 10:45:00,9605,9608,9602,9602,459,313051,43756470.0,OI2501
2024-10-16 10:46:00,9603,9615,9597,9614,1224,313068,119080490.0,OI2501
2024-10-16 10:47:00,9614,9619,9611,9613,949,313121,90477660.0,OI2501
2024-10-16 10:48:00,9614,9620,9610,9614,897,313243,85519980.0,OI2501
2024-10-16 10:49:00,9612,9613,9603,9606,552,313258,55048230.0,OI2501
2024-10-16 10:50:00,9605,9610,9605,9610,335,313331,31942250.0,OI2501
2024-10-16 10:51:00,9610,9616,9610,9615,380,313423,36233000.0,OI2501
2024-10-16 10:52:00,9614,9616,9606,9613,562,313505,53586700.0,OI2501
2024-10-16 10:53:00,9615,9627,9613,9617,1796,314063,173699880.0,OI2501
2024-10-16 10:54:00,9617,9624,9617,9623,669,314244,63795840.0,OI2501
2024-10-16 10:55:00,9624,9630,9624,9626,1362,314463,129880320.0,OI2501
2024-10-16 10:56:00,9626,9627,9620,9621,607,314489,60361180.0,OI2501
2024-10-16 10:57:00,9621,9626,9620,9623,367,314548,35000790.0,OI2501
2024-10-16 10:58:00,9622,9629,9622,9625,543,314636,51785910.0,OI2501
2024-10-16 10:59:00,9624,9632,9624,9632,884,314910,84307080.0,OI2501
2024-10-16 11:00:00,9631,9633,9624,9627,811,315083,77345070.0,OI2501
2024-10-16 11:01:00,9627,9632,9626,9630,802,315351,78998470.0,OI2501
2024-10-16 11:02:00,9630,9632,9624,9624,590,315516,56274200.0,OI2501
2024-10-16 11:03:00,9624,9628,9619,9620,992,315573,94616960.0,OI2501
2024-10-16 11:04:00,9619,9620,9615,9616,977,315571,95723580.0,OI2501
2024-10-16 11:05:00,9614,9617,9611,9617,739,315518,70493210.0,OI2501
2024-10-16 11:06:00,9616,9618,9612,9617,383,315477,36534370.0,OI2501
2024-10-16 11:07:00,9617,9622,9613,9614,710,315547,67726900.0,OI2501
2024-10-16 11:08:00,9613,9614,9606,9613,962,315471,91765180.0,OI2501
2024-10-16 11:09:00,9612,9617,9610,9612,576,315649,57515660.0,OI2501
2024-10-16 11:10:00,9611,9618,9611,9617,278,315702,26521200.0,OI2501
2024-10-16 11:11:00,9618,9621,9615,9621,468,315756,44647200.0,OI2501
2024-10-16 11:12:00,9619,9620,9614,9617,362,315830,34534800.0,OI2501
2024-10-16 11:13:00,9617,9621,9612,9612,252,315875,24040800.0,OI2501
2024-10-16 11:14:00,9613,9616,9612,9614,396,315916,37778400.0,OI2501
2024-10-16 11:15:00,9614,9615,9608,9611,750,315900,71550000.0,OI2501
2024-10-16 11:16:00,9610,9613,9609,9612,263,315960,25090200.0,OI2501
2024-10-16 11:17:00,9613,9614,9611,9614,158,315973,15073200.0,OI2501
2024-10-16 11:18:00,9614,9616,9609,9610,378,316035,38665270.0,OI2501
2024-10-16 11:19:00,9609,9611,9605,9609,521,316020,49708610.0,OI2501
2024-10-16 11:20:00,9610,9615,9610,9613,405,316002,38641050.0,OI2501
2024-10-16 11:21:00,9613,9619,9609,9616,550,316013,52475500.0,OI2501
2024-10-16 11:22:00,9615,9620,9613,9618,437,316033,41694170.0,OI2501
2024-10-16 11:23:00,9618,9626,9618,9624,977,316133,93215570.0,OI2501
2024-10-16 11:24:00,9624,9626,9621,9621,482,316244,48625410.0,OI2501
2024-10-16 11:25:00,9622,9623,9611,9612,796,316377,75954320.0,OI2501
2024-10-16 11:26:00,9612,9614,9608,9613,1200,316825,114504000.0,OI2501
2024-10-16 11:27:00,9615,9615,9611,9612,323,316786,30820660.0,OI2501
2024-10-16 11:28:00,9614,9621,9612,9615,373,316723,35591660.0,OI2501
2024-10-16 11:29:00,9614,9615,9609,9613,501,316566,47805420.0,OI2501
2024-10-16 13:30:00,9600,9600,9590,9597,2780,316328,267965120.0,OI2501
2024-10-16 13:31:00,9597,9599,9594,9596,747,316352,71286210.0,OI2501
2024-10-16 13:32:00,9597,9603,9596,9602,693,316288,66132990.0,OI2501
2024-10-16 13:33:00,9602,9607,9601,9604,687,316274,65560410.0,OI2501
2024-10-16 13:34:00,9605,9614,9604,9610,1037,316170,101690070.0,OI2501
2024-10-16 13:35:00,9610,9615,9610,9613,533,316371,50869520.0,OI2501
2024-10-16 13:36:00,9613,9613,9607,9610,593,316593,56595920.0,OI2501
2024-10-16 13:37:00,9610,9613,9597,9600,813,316634,77592720.0,OI2501
2024-10-16 13:38:00,9600,9604,9599,9601,593,316800,56595920.0,OI2501
2024-10-16 13:39:00,9601,9610,9601,9609,582,316825,55546080.0,OI2501
2024-10-16 13:40:00,9610,9613,9608,9610,455,316998,43425200.0,OI2501
2024-10-16 13:41:00,9610,9618,9609,9613,957,317171,94110500.0,OI2501
2024-10-16 13:42:00,9614,9622,9614,9622,1021,317392,97454450.0,OI2501
2024-10-16 13:43:00,9622,9622,9615,9617,600,317565,57270000.0,OI2501
2024-10-16 13:44:00,9616,9617,9611,9614,382,317622,36461900.0,OI2501
2024-10-16 13:45:00,9613,9624,9613,9619,709,317728,67674050.0,OI2501
2024-10-16 13:46:00,9620,9620,9614,9617,388,317741,39840020.0,OI2501
2024-10-16 13:47:00,9617,9619,9607,9607,824,317737,78659040.0,OI2501
2024-10-16 13:48:00,9609,9609,9600,9600,1046,317532,99851160.0,OI2501
2024-10-16 13:49:00,9600,9600,9594,9598,1220,317374,116461200.0,OI2501
2024-10-16 13:50:00,9597,9604,9597,9603,517,317254,49352820.0,OI2501
2024-10-16 13:51:00,9602,9603,9592,9592,797,317398,76081620.0,OI2501
2024-10-16 13:52:00,9594,9597,9591,9592,715,317281,71110510.0,OI2501
2024-10-16 13:53:00,9592,9597,9590,9592,669,317152,63869430.0,OI2501
2024-10-16 13:54:00,9592,9594,9588,9593,807,317102,77044290.0,OI2501
2024-10-16 13:55:00,9593,9600,9593,9597,471,317133,44966370.0,OI2501
2024-10-16 13:56:00,9597,9600,9595,9596,263,317106,25108610.0,OI2501
2024-10-16 13:57:00,9596,9598,9592,9595,388,317074,37042360.0,OI2501
2024-10-16 13:58:00,9595,9603,9595,9601,446,317065,42579620.0,OI2501
2024-10-16 13:59:00,9599,9602,9597,9602,258,317099,24631260.0,OI2501
2024-10-16 14:00:00,9602,9604,9597,9600,648,317185,61864560.0,OI2501
2024-10-16 14:01:00,9599,9604,9598,9602,327,317269,31218690.0,OI2501
2024-10-16 14:02:00,9601,9601,9593,9593,525,317306,50121750.0,OI2501
2024-10-16 14:03:00,9594,9598,9592,9598,424,317319,40479280.0,OI2501
2024-10-16 14:04:00,9599,9603,9594,9594,311,317337,29691170.0,OI2501
2024-10-16 14:05:00,9595,9596,9593,9593,313,317327,32797220.0,OI2501
2024-10-16 14:06:00,9594,9594,9588,9589,781,317327,74569880.0,OI2501
2024-10-16 14:07:00,9589,9589,9580,9580,1571,317248,149999080.0,OI2501
2024-10-16 14:08:00,9581,9585,9579,9583,1325,317151,126511000.0,OI2501
2024-10-16 14:09:00,9583,9591,9583,9585,873,317018,83354040.0,OI2501
2024-10-16 14:10:00,9585,9586,9580,9584,680,316858,64926400.0,OI2501
2024-10-16 14:11:00,9585,9585,9576,9577,869,316770,82972120.0,OI2501
2024-10-16 14:12:00,9579,9582,9577,9579,814,316719,77720720.0,OI2501
2024-10-16 14:13:00,9579,9586,9579,9583,515,316612,49172200.0,OI2501
2024-10-16 14:14:00,9584,9584,9575,9576,621,316613,59293080.0,OI2501
2024-10-16 14:15:00,9577,9587,9574,9587,1215,316552,119015950.0,OI2501
2024-10-16 14:16:00,9588,9594,9588,9589,854,316353,81548460.0,OI2501
2024-10-16 14:17:00,9587,9589,9583,9588,370,316303,35331300.0,OI2501
2024-10-16 14:18:00,9589,9590,9585,9590,216,316356,20625840.0,OI2501
2024-10-16 14:19:00,9590,9590,9585,9588,148,316345,14132520.0,OI2501
2024-10-16 14:20:00,9589,9589,9585,9588,303,316423,28933470.0,OI2501
2024-10-16 14:21:00,9588,9598,9588,9598,596,316286,56912040.0,OI2501
2024-10-16 14:22:00,9598,9598,9590,9590,264,316322,25209360.0,OI2501
2024-10-16 14:23:00,9591,9598,9589,9596,382,316433,36477180.0,OI2501
2024-10-16 14:24:00,9596,9608,9595,9603,1364,316454,130248360.0,OI2501
2024-10-16 14:25:00,9602,9610,9602,9608,869,316460,82980810.0,OI2501
2024-10-16 14:26:00,9608,9615,9608,9611,769,316520,76500910.0,OI2501
2024-10-16 14:27:00,9612,9613,9606,9607,437,316530,41733500.0,OI2501
2024-10-16 14:28:00,9608,9610,9606,9607,341,316530,32565500.0,OI2501
2024-10-16 14:29:00,9610,9610,9607,9609,235,316588,22442500.0,OI2501
2024-10-16 14:30:00,9608,9616,9607,9613,802,316495,76591000.0,OI2501
2024-10-16 14:31:00,9614,9620,9613,9613,1042,316828,99511000.0,OI2501
2024-10-16 14:32:00,9614,9615,9604,9606,639,316925,61024500.0,OI2501
2024-10-16 14:33:00,9608,9611,9604,9604,329,317006,31419500.0,OI2501
2024-10-16 14:34:00,9604,9605,9597,9602,862,317023,82321000.0,OI2501
2024-10-16 14:35:00,9601,9601,9597,9599,419,317010,43134660.0,OI2501
2024-10-16 14:36:00,9600,9606,9596,9604,535,317003,51097850.0,OI2501
2024-10-16 14:37:00,9604,9616,9604,9612,721,316936,68862710.0,OI2501
2024-10-16 14:38:00,9612,9615,9610,9612,374,316945,35720740.0,OI2501
2024-10-16 14:39:00,9612,9612,9607,9611,277,316941,26456270.0,OI2501
2024-10-16 14:40:00,9609,9610,9604,9608,428,316870,40878280.0,OI2501
2024-10-16 14:41:00,9608,9612,9602,9602,525,316855,50142750.0,OI2501
2024-10-16 14:42:00,9604,9607,9601,9605,425,316861,40591750.0,OI2501
2024-10-16 14:43:00,9604,9608,9602,9603,260,316879,24832600.0,OI2501
2024-10-16 14:44:00,9602,9605,9602,9604,203,316830,19388530.0,OI2501
2024-10-16 14:45:00,9604,9611,9604,9609,494,316809,47181940.0,OI2501
2024-10-16 14:46:00,9608,9615,9608,9608,582,316676,55586820.0,OI2501
2024-10-16 14:47:00,9609,9612,9606,9611,320,316763,30563200.0,OI2501
2024-10-16 14:48:00,9611,9613,9609,9613,241,316779,23017910.0,OI2501
2024-10-16 14:49:00,9613,9613,9608,9609,398,316821,41190970.0,OI2501
2024-10-16 14:50:00,9609,9609,9600,9602,914,316708,87305280.0,OI2501
2024-10-16 14:51:00,9600,9604,9598,9600,560,316653,53491200.0,OI2501
2024-10-16 14:52:00,9600,9600,9593,9595,777,316589,74219040.0,OI2501
2024-10-16 14:53:00,9596,9596,9588,9589,820,316416,78326400.0,OI2501
2024-10-16 14:54:00,9589,9599,9589,9596,593,316337,56643360.0,OI2501
2024-10-16 14:55:00,9597,9600,9594,9596,665,316233,63520800.0,OI2501
2024-10-16 14:56:00,9597,9601,9596,9598,701,316088,66959520.0,OI2501
2024-10-16 14:57:00,9598,9598,9593,9594,621,315742,59317920.0,OI2501
2024-10-16 14:58:00,9595,9602,9594,9601,824,315452,78708480.0,OI2501
2024-10-16 14:59:00,9600,9604,9598,9604,1028,315088,101447580.0,OI2501
2024-10-16 21:00:00,9620,9637,9617,9631,5802,315352,558674580.0,OI2501
2024-10-16 21:01:00,9631,9649,9630,9640,3842,315751,370428380.0,OI2501
2024-10-16 21:02:00,9640,9648,9636,9642,1821,316082,175549790.0,OI2501
2024-10-16 21:03:00,9640,9654,9640,9647,1916,316410,184874220.0,OI2501
2024-10-16 21:04:00,9648,9652,9646,9652,1682,316697,162244970.0,OI2501
2024-10-16 21:05:00,9652,9663,9649,9663,2633,317105,254299420.0,OI2501
2024-10-16 21:06:00,9662,9673,9661,9665,3759,317952,363263390.0,OI2501
2024-10-16 21:07:00,9664,9665,9655,9655,2361,318060,228194770.0,OI2501
2024-10-16 21:08:00,9655,9657,9650,9656,1253,318098,120876910.0,OI2501
2024-10-16 21:09:00,9656,9662,9654,9658,1385,318496,133875490.0,OI2501
2024-10-16 21:10:00,9658,9665,9658,9662,1412,318747,136229760.0,OI2501
2024-10-16 21:11:00,9663,9664,9657,9658,760,318781,73611060.0,OI2501
2024-10-16 21:12:00,9658,9668,9656,9656,1815,318879,175129350.0,OI2501
2024-10-16 21:13:00,9657,9664,9656,9663,836,319104,80978410.0,OI2501
2024-10-16 21:14:00,9663,9674,9658,9674,1909,319664,184550360.0,OI2501
2024-10-16 21:15:00,9674,9681,9673,9676,3163,320146,305988110.0,OI2501
2024-10-16 21:16:00,9675,9678,9671,9672,1150,320483,111384490.0,OI2501
2024-10-16 21:17:00,9673,9680,9668,9679,1536,320498,148675790.0,OI2501
2024-10-16 21:18:00,9678,9685,9677,9677,1366,320706,132291310.0,OI2501
2024-10-16 21:19:00,9678,9682,9673,9681,969,320934,93566640.0,OI2501
2024-10-16 21:20:00,9679,9680,9672,9679,1031,321149,99977370.0,OI2501
2024-10-16 21:21:00,9679,9681,9669,9673,1322,321225,127665540.0,OI2501
2024-10-16 21:22:00,9674,9678,9670,9670,705,321306,68081850.0,OI2501
2024-10-16 21:23:00,9670,9675,9666,9674,933,321201,90553420.0,OI2501
2024-10-16 21:24:00,9673,9674,9666,9670,818,321165,79002440.0,OI2501
2024-10-16 21:25:00,9671,9672,9667,9668,456,321161,44040480.0,OI2501
2024-10-16 21:26:00,9669,9672,9666,9672,641,321175,61907780.0,OI2501
2024-10-16 21:27:00,9672,9675,9667,9667,741,321255,71565780.0,OI2501
2024-10-16 21:28:00,9667,9675,9666,9674,595,321268,57465100.0,OI2501
2024-10-16 21:29:00,9673,9678,9671,9673,910,321389,88383020.0,OI2501
2024-10-16 21:30:00,9672,9688,9672,9682,3299,321708,319178620.0,OI2501
2024-10-16 21:31:00,9682,9687,9680,9683,1125,321959,109214460.0,OI2501
2024-10-16 21:32:00,9681,9684,9671,9671,1251,321990,120859110.0,OI2501
2024-10-16 21:33:00,9671,9672,9658,9662,3952,320907,381802720.0,OI2501
2024-10-16 21:34:00,9662,9663,9657,9659,1215,320904,117381150.0,OI2501
2024-10-16 21:35:00,9659,9669,9657,9665,1324,320922,127911640.0,OI2501
2024-10-16 21:36:00,9663,9668,9662,9664,657,320974,63472770.0,OI2501
2024-10-16 21:37:00,9664,9667,9656,9656,743,320889,71781230.0,OI2501
2024-10-16 21:38:00,9655,9662,9655,9661,1172,320771,113226920.0,OI2501
2024-10-16 21:39:00,9661,9663,9659,9661,524,320781,50623640.0,OI2501
2024-10-16 21:40:00,9661,9662,9654,9655,606,320694,58545660.0,OI2501
2024-10-16 21:41:00,9655,9659,9651,9658,1032,320493,99701520.0,OI2501
2024-10-16 21:42:00,9658,9663,9658,9660,1011,320281,97672710.0,OI2501
2024-10-16 21:43:00,9660,9667,9659,9661,824,320211,79606640.0,OI2501
2024-10-16 21:44:00,9661,9663,9658,9661,639,320021,61733790.0,OI2501
2024-10-16 21:45:00,9661,9665,9658,9661,860,319915,83084600.0,OI2501
2024-10-16 21:46:00,9661,9666,9661,9663,782,319909,75549020.0,OI2501
2024-10-16 21:47:00,9662,9676,9660,9672,1862,319830,179887820.0,OI2501
2024-10-16 21:48:00,9672,9684,9672,9682,2006,320148,194543720.0,OI2501
2024-10-16 21:49:00,9679,9682,9673,9676,901,320216,87054620.0,OI2501
2024-10-16 21:50:00,9676,9678,9668,9674,1173,320101,113335260.0,OI2501
2024-10-16 21:51:00,9674,9676,9669,9671,539,320063,52078180.0,OI2501
2024-10-16 21:52:00,9672,9672,9663,9665,772,320016,74590640.0,OI2501
2024-10-16 21:53:00,9665,9668,9664,9665,413,320031,39904060.0,OI2501
2024-10-16 21:54:00,9665,9665,9659,9663,956,319955,92368720.0,OI2501
2024-10-16 21:55:00,9663,9671,9661,9669,653,319990,63092860.0,OI2501
2024-10-16 21:56:00,9670,9674,9669,9673,728,320187,70339360.0,OI2501
2024-10-16 21:57:00,9673,9678,9670,9675,572,320168,56077770.0,OI2501
2024-10-16 21:58:00,9673,9674,9664,9665,542,320158,52373460.0,OI2501
2024-10-16 21:59:00,9666,9669,9661,9664,590,320213,57011700.0,OI2501
2024-10-16 22:00:00,9664,9667,9660,9666,499,320249,48218370.0,OI2501
2024-10-16 22:01:00,9667,9675,9667,9674,989,320349,95567070.0,OI2501
2024-10-16 22:02:00,9675,9676,9671,9673,901,320357,87063630.0,OI2501
2024-10-16 22:03:00,9672,9681,9672,9677,1019,320500,98465970.0,OI2501
2024-10-16 22:04:00,9677,9691,9676,9688,3425,320655,331848530.0,OI2501
2024-10-16 22:05:00,9690,9692,9681,9682,1065,320586,102921600.0,OI2501
2024-10-16 22:06:00,9683,9686,9679,9686,718,320624,69387520.0,OI2501
2024-10-16 22:07:00,9686,9686,9680,9681,673,320499,65038720.0,OI2501
2024-10-16 22:08:00,9681,9681,9675,9677,680,320398,66637340.0,OI2501
2024-10-16 22:09:00,9676,9678,9673,9674,543,320298,52480950.0,OI2501
2024-10-16 22:10:00,9674,9675,9665,9668,1035,320107,100032750.0,OI2501
2024-10-16 22:11:00,9667,9667,9662,9667,1078,320237,104188700.0,OI2501
2024-10-16 22:12:00,9666,9666,9663,9665,668,320153,64562200.0,OI2501
2024-10-16 22:13:00,9664,9667,9657,9660,1251,320058,120909150.0,OI2501
2024-10-16 22:14:00,9660,9665,9659,9663,688,320088,66495200.0,OI2501
2024-10-16 22:15:00,9662,9662,9651,9655,2074,320063,199456590.0,OI2501
2024-10-16 22:16:00,9654,9656,9648,9655,1307,320038,126308480.0,OI2501
2024-10-16 22:17:00,9655,9655,9649,9655,898,319837,86782720.0,OI2501
2024-10-16 22:18:00,9654,9665,9652,9661,1010,319707,97606400.0,OI2501
2024-10-16 22:19:00,9660,9666,9660,9663,919,319559,88812160.0,OI2501
2024-10-16 22:20:00,9663,9663,9659,9660,335,319540,32374400.0,OI2501
2024-10-16 22:21:00,9660,9660,9656,9658,303,319491,29281920.0,OI2501
2024-10-16 22:22:00,9658,9659,9648,9649,1467,319330,141770880.0,OI2501
2024-10-16 22:23:00,9648,9652,9644,9645,1163,319436,112392320.0,OI2501
2024-10-16 22:24:00,9645,9648,9641,9642,986,319502,94207650.0,OI2501
2024-10-16 22:25:00,9642,9645,9637,9643,1367,319284,132093210.0,OI2501
2024-10-16 22:26:00,9643,9650,9642,9648,800,319244,77304000.0,OI2501
2024-10-16 22:27:00,9648,9650,9644,9646,475,319197,45899250.0,OI2501
2024-10-16 22:28:00,9647,9648,9640,9643,763,319130,73728690.0,OI2501
2024-10-16 22:29:00,9644,9645,9637,9637,764,319043,73825320.0,OI2501
2024-10-16 22:30:00,9637,9650,9636,9650,1507,318923,144485260.0,OI2501
2024-10-16 22:31:00,9650,9651,9642,9646,827,318955,79904740.0,OI2501
2024-10-16 22:32:00,9645,9647,9638,9639,641,319003,61933420.0,OI2501
2024-10-16 22:33:00,9639,9639,9627,9632,1983,318964,191597460.0,OI2501
2024-10-16 22:34:00,9632,9632,9622,9627,1534,318691,147029080.0,OI2501
2024-10-16 22:35:00,9628,9628,9616,9620,2123,318283,205103030.0,OI2501
2024-10-16 22:36:00,9618,9624,9617,9619,1072,318095,102347970.0,OI2501
2024-10-16 22:37:00,9619,9624,9611,9612,1484,317947,143354400.0,OI2501
2024-10-16 22:38:00,9611,9615,9608,9608,1139,317876,108783220.0,OI2501
2024-10-16 22:39:00,9609,9622,9607,9620,1499,317812,144788410.0,OI2501
2024-10-16 22:40:00,9621,9624,9616,9620,733,317746,70800470.0,OI2501
2024-10-16 22:41:00,9620,9626,9618,9619,769,317662,73003520.0,OI2501
2024-10-16 22:42:00,9619,9621,9613,9614,1015,317642,98028700.0,OI2501
2024-10-16 22:43:00,9613,9620,9610,9616,974,317678,94068920.0,OI2501
2024-10-16 22:44:00,9616,9622,9613,9615,676,317683,63987240.0,OI2501
2024-10-16 22:45:00,9615,9617,9610,9615,1250,317505,120712500.0,OI2501
2024-10-16 22:46:00,9615,9620,9611,9618,944,317430,91162080.0,OI2501
2024-10-16 22:47:00,9617,9622,9617,9619,674,317324,65088180.0,OI2501
2024-10-16 22:48:00,9619,9619,9608,9611,906,317299,86153840.0,OI2501
2024-10-16 22:49:00,9611,9613,9607,9610,656,317204,63343360.0,OI2501
2024-10-16 22:50:00,9609,9615,9608,9614,580,317076,56004800.0,OI2501
2024-10-16 22:51:00,9614,9623,9614,9621,820,316936,79179200.0,OI2501
2024-10-16 22:52:00,9620,9621,9616,9621,752,316772,71246460.0,OI2501
2024-10-16 22:53:00,9620,9621,9616,9619,369,316763,35626950.0,OI2501
2024-10-16 22:54:00,9618,9618,9610,9616,690,316619,66619500.0,OI2501
2024-10-16 22:55:00,9616,9618,9613,9617,519,316525,50109450.0,OI2501
2024-10-16 22:56:00,9618,9622,9615,9618,535,316368,51654250.0,OI2501
2024-10-16 22:57:00,9617,9619,9614,9618,293,316251,28289150.0,OI2501
2024-10-16 22:58:00,9618,9623,9616,9622,890,315923,84529880.0,OI2501
2024-10-16 22:59:00,9622,9628,9621,9628,1142,315388,110248680.0,OI2501
2024-10-17 09:00:00,9628,9645,9605,9645,5495,315788,529021310.0,OI2501
2024-10-17 09:01:00,9645,9653,9643,9647,2448,316124,236305440.0,OI2501
2024-10-17 09:02:00,9645,9650,9642,9648,1614,316504,155799420.0,OI2501
2024-10-17 09:03:00,9648,9653,9642,9652,1425,316639,137555250.0,OI2501
2024-10-17 09:04:00,9651,9657,9648,9651,1589,316958,153386170.0,OI2501
2024-10-17 09:05:00,9650,9655,9649,9655,743,317059,71721790.0,OI2501
2024-10-17 09:06:00,9655,9656,9644,9647,1279,317156,123461870.0,OI2501
2024-10-17 09:07:00,9647,9657,9642,9650,1261,316896,121724330.0,OI2501
2024-10-17 09:08:00,9651,9653,9649,9652,508,316857,49037240.0,OI2501
2024-10-17 09:09:00,9652,9657,9646,9657,883,316844,85235990.0,OI2501
2024-10-17 09:10:00,9655,9660,9649,9655,1651,316750,159371030.0,OI2501
2024-10-17 09:11:00,9656,9659,9650,9653,863,316731,83305390.0,OI2501
2024-10-17 09:12:00,9653,9663,9652,9660,1021,316651,98557130.0,OI2501
2024-10-17 09:13:00,9660,9664,9657,9658,1205,316668,116318650.0,OI2501
2024-10-17 09:14:00,9658,9660,9645,9649,1461,316271,141030330.0,OI2501
2024-10-17 09:15:00,9648,9648,9640,9647,1498,316171,144601940.0,OI2501
2024-10-17 09:16:00,9646,9647,9638,9646,1051,316132,101453030.0,OI2501
2024-10-17 09:17:00,9646,9653,9640,9644,1037,316085,100101610.0,OI2501
2024-10-17 09:18:00,9643,9644,9634,9641,1156,315998,111588680.0,OI2501
2024-10-17 09:19:00,9640,9641,9634,9637,1098,315897,105989940.0,OI2501
2024-10-17 09:20:00,9636,9638,9629,9630,1165,315837,112457450.0,OI2501
2024-10-17 09:21:00,9629,9636,9628,9632,999,315807,96433470.0,OI2501
2024-10-17 09:22:00,9632,9632,9626,9630,956,316000,90547580.0,OI2501
2024-10-17 09:23:00,9631,9633,9621,9623,1663,315974,160512760.0,OI2501
2024-10-17 09:24:00,9623,9623,9618,9619,877,316010,84648040.0,OI2501
2024-10-17 09:25:00,9619,9627,9617,9627,780,315871,75285600.0,OI2501
2024-10-17 09:26:00,9627,9629,9621,9629,575,315910,55499000.0,OI2501
2024-10-17 09:27:00,9628,9641,9626,9638,1135,315634,109550200.0,OI2501
2024-10-17 09:28:00,9638,9645,9636,9641,988,315573,95361760.0,OI2501
2024-10-17 09:29:00,9640,9646,9640,9643,961,315471,92755720.0,OI2501
2024-10-17 09:30:00,9645,9646,9637,9643,820,315460,79146400.0,OI2501
2024-10-17 09:31:00,9643,9643,9634,9635,1019,315584,96530600.0,OI2501
2024-10-17 09:32:00,9635,9635,9624,9631,879,315560,84832290.0,OI2501
2024-10-17 09:33:00,9632,9632,9622,9624,579,315652,55879290.0,OI2501
2024-10-17 09:34:00,9625,9631,9624,9626,410,315657,39569100.0,OI2501
2024-10-17 09:35:00,9626,9632,9622,9631,638,315640,61573380.0,OI2501
2024-10-17 09:36:00,9631,9637,9630,9632,828,315598,79910280.0,OI2501
2024-10-17 09:37:00,9634,9638,9632,9633,500,315558,48255000.0,OI2501
2024-10-17 09:38:00,9633,9640,9632,9634,502,315569,48448020.0,OI2501
2024-10-17 09:39:00,9634,9642,9631,9638,964,315443,93035640.0,OI2501
2024-10-17 09:40:00,9637,9650,9637,9649,2493,315202,240599430.0,OI2501
2024-10-17 09:41:00,9649,9666,9644,9666,2361,315255,227860110.0,OI2501
2024-10-17 09:42:00,9668,9670,9657,9661,1773,315127,171112230.0,OI2501
2024-10-17 09:43:00,9660,9661,9653,9654,681,315035,65723310.0,OI2501
2024-10-17 09:44:00,9655,9661,9653,9656,465,315129,44877150.0,OI2501
2024-10-17 09:45:00,9656,9662,9655,9657,624,315138,60222240.0,OI2501
2024-10-17 09:46:00,9657,9660,9651,9657,629,315026,60704790.0,OI2501
2024-10-17 09:47:00,9657,9661,9654,9658,447,315089,43139970.0,OI2501
2024-10-17 09:48:00,9658,9665,9655,9664,753,315163,72672030.0,OI2501
2024-10-17 09:49:00,9664,9670,9664,9665,1044,315191,100756440.0,OI2501
2024-10-17 09:50:00,9665,9667,9656,9658,558,315165,53852580.0,OI2501
2024-10-17 09:51:00,9659,9659,9652,9658,776,315089,74891760.0,OI2501
2024-10-17 09:52:00,9657,9661,9656,9661,322,315126,31076220.0,OI2501
2024-10-17 09:53:00,9661,9665,9656,9664,482,315212,46517820.0,OI2501
2024-10-17 09:54:00,9664,9664,9657,9659,363,315223,35033130.0,OI2501
2024-10-17 09:55:00,9659,9662,9658,9658,267,315236,25768170.0,OI2501
2024-10-17 09:56:00,9659,9669,9659,9666,536,315362,51729360.0,OI2501
2024-10-17 09:57:00,9665,9674,9664,9672,919,315594,88692690.0,OI2501
2024-10-17 09:58:00,9671,9672,9668,9672,468,315653,45166680.0,OI2501
2024-10-17 09:59:00,9672,9676,9669,9671,735,315742,72978090.0,OI2501
2024-10-17 10:00:00,9673,9676,9664,9667,887,315756,85613240.0,OI2501
2024-10-17 10:01:00,9667,9678,9660,9678,1187,315924,114569240.0,OI2501
2024-10-17 10:02:00,9677,9678,9669,9669,729,315916,70363080.0,OI2501
2024-10-17 10:03:00,9668,9673,9666,9673,421,315959,40634920.0,OI2501
2024-10-17 10:04:00,9672,9679,9672,9678,719,316075,69397880.0,OI2501
2024-10-17 10:05:00,9677,9682,9676,9679,1224,316410,118140480.0,OI2501
2024-10-17 10:06:00,9680,9681,9674,9674,454,316424,43820080.0,OI2501
2024-10-17 10:07:00,9674,9679,9668,9678,943,316279,91018360.0,OI2501
2024-10-17 10:08:00,9677,9684,9676,9679,1008,316439,97292160.0,OI2501
2024-10-17 10:09:00,9681,9681,9673,9674,542,316439,52313840.0,OI2501
2024-10-17 10:10:00,9673,9674,9664,9667,1156,316612,111577120.0,OI2501
2024-10-17 10:11:00,9667,9667,9659,9661,855,316366,84669090.0,OI2501
2024-10-17 10:12:00,9662,9662,9650,9652,1514,316154,146146420.0,OI2501
2024-10-17 10:13:00,9653,9658,9649,9652,1017,316408,98171010.0,OI2501
2024-10-17 10:14:00,9653,9654,9633,9643,1859,316504,177260880.0,OI2501
2024-10-17 10:30:00,9639,9639,9609,9610,4136,316466,399206720.0,OI2501
2024-10-17 10:31:00,9612,9612,9596,9596,3690,316149,353892150.0,OI2501
2024-10-17 10:32:00,9597,9615,9597,9608,2862,316013,276211620.0,OI2501
2024-10-17 10:33:00,9608,9614,9604,9613,1165,315905,110127230.0,OI2501
2024-10-17 10:34:00,9613,9616,9609,9616,1033,315818,99684500.0,OI2501
2024-10-17 10:35:00,9616,9617,9607,9612,984,315639,94956000.0,OI2501
2024-10-17 10:36:00,9612,9619,9609,9611,1202,315578,115993000.0,OI2501
2024-10-17 10:37:00,9610,9614,9599,9602,1508,315411,145522000.0,OI2501
2024-10-17 10:38:00,9602,9605,9593,9604,1803,315088,171617280.0,OI2501
2024-10-17 10:39:00,9604,9606,9599,9599,806,315097,77770940.0,OI2501
2024-10-17 10:40:00,9599,9599,9579,9582,3138,314643,300373960.0,OI2501
2024-10-17 10:41:00,9582,9594,9579,9594,1823,314508,175883040.0,OI2501
2024-10-17 10:42:00,9593,9593,9584,9586,1011,314439,95101280.0,OI2501
2024-10-17 10:43:00,9585,9585,9565,9571,3491,313876,334301860.0,OI2501
2024-10-17 10:44:00,9572,9586,9570,9584,1754,313799,169190840.0,OI2501
2024-10-17 10:45:00,9583,9588,9575,9587,1077,313649,103887420.0,OI2501
2024-10-17 10:46:00,9588,9597,9585,9597,1398,313493,132333880.0,OI2501
2024-10-17 10:47:00,9597,9597,9580,9581,1201,313270,115836450.0,OI2501
2024-10-17 10:48:00,9581,9589,9574,9588,1169,313189,112750050.0,OI2501
2024-10-17 10:49:00,9588,9593,9587,9591,609,313097,58738050.0,OI2501
2024-10-17 10:50:00,9590,9593,9574,9574,737,313069,68529290.0,OI2501
2024-10-17 10:51:00,9575,9576,9558,9560,2555,312867,246404200.0,OI2501
2024-10-17 10:52:00,9562,9564,9553,9557,2118,312721,201658830.0,OI2501
2024-10-17 10:53:00,9557,9564,9553,9562,1055,312611,101733650.0,OI2501
2024-10-17 10:54:00,9563,9565,9551,9554,1409,312589,133244140.0,OI2501
2024-10-17 10:55:00,9553,9564,9552,9564,873,312596,84174660.0,OI2501
2024-10-17 10:56:00,9565,9574,9562,9569,1215,312420,117150300.0,OI2501
2024-10-17 10:57:00,9570,9570,9555,9561,1315,312894,124132540.0,OI2501
2024-10-17 10:58:00,9559,9563,9552,9559,1281,312820,123501210.0,OI2501
2024-10-17 10:59:00,9560,9568,9559,9566,767,312707,73946470.0,OI2501
2024-10-17 11:00:00,9564,9564,9558,9560,668,312648,61714960.0,OI2501
2024-10-17 11:01:00,9559,9561,9550,9552,1931,312838,186148400.0,OI2501
2024-10-17 11:02:00,9553,9557,9550,9550,889,312724,82984480.0,OI2501
2024-10-17 11:03:00,9552,9553,9544,9546,1687,312634,162609930.0,OI2501
2024-10-17 11:04:00,9546,9548,9540,9548,1530,312704,144729410.0,OI2501
2024-10-17 11:05:00,9548,9548,9538,9538,1102,312675,106210760.0,OI2501
2024-10-17 11:06:00,9538,9541,9535,9540,1413,312514,133412500.0,OI2501
2024-10-17 11:07:00,9540,9546,9538,9545,1019,312273,98201030.0,OI2501
2024-10-17 11:08:00,9546,9553,9542,9548,1023,312111,98586510.0,OI2501
2024-10-17 11:09:00,9548,9561,9547,9561,1391,311745,131243900.0,OI2501
2024-10-17 11:10:00,9560,9562,9555,9558,978,311681,94240080.0,OI2501
2024-10-17 11:11:00,9558,9561,9555,9557,538,311641,51841680.0,OI2501
2024-10-17 11:12:00,9555,9557,9544,9551,1013,311667,97612680.0,OI2501
2024-10-17 11:13:00,9550,9551,9543,9547,610,311786,55941440.0,OI2501
2024-10-17 11:14:00,9547,9547,9539,9540,611,311833,58869850.0,OI2501
2024-10-17 11:15:00,9539,9539,9529,9531,1908,311785,183835800.0,OI2501
2024-10-17 11:16:00,9531,9531,9515,9527,2646,311588,252052290.0,OI2501
2024-10-17 11:17:00,9527,9531,9518,9522,1748,311329,165495030.0,OI2501
2024-10-17 11:18:00,9522,9523,9513,9517,1385,311185,130495910.0,OI2501
2024-10-17 11:19:00,9518,9518,9506,9510,1799,310936,173279680.0,OI2501
2024-10-17 11:20:00,9510,9518,9508,9513,1787,310784,169166840.0,OI2501
2024-10-17 11:21:00,9511,9517,9507,9515,1758,310361,166338400.0,OI2501
2024-10-17 11:22:00,9515,9534,9515,9523,3040,310506,289747020.0,OI2501
2024-10-17 11:23:00,9522,9522,9512,9514,971,310438,93497590.0,OI2501
2024-10-17 11:24:00,9513,9515,9506,9511,853,310402,79112150.0,OI2501
2024-10-17 11:25:00,9511,9518,9506,9517,824,310264,79334720.0,OI2501
2024-10-17 11:26:00,9517,9518,9510,9514,682,310140,65662960.0,OI2501
2024-10-17 11:27:00,9514,9520,9510,9519,662,309920,63737360.0,OI2501
2024-10-17 11:28:00,9519,9531,9519,9530,1213,309787,113730610.0,OI2501
2024-10-17 11:29:00,9531,9531,9524,9528,942,309522,90686340.0,OI2501
2024-10-17 13:30:00,9540,9541,9529,9538,2371,309438,225166010.0,OI2501
2024-10-17 13:31:00,9538,9543,9535,9539,1254,309297,120710040.0,OI2501
2024-10-17 13:32:00,9538,9550,9537,9537,1445,309404,139095700.0,OI2501
2024-10-17 13:33:00,9537,9537,9529,9530,1112,309356,103912850.0,OI2501
2024-10-17 13:34:00,9531,9538,9529,9529,984,309265,94710000.0,OI2501
2024-10-17 13:35:00,9529,9539,9529,9537,586,309387,56402500.0,OI2501
2024-10-17 13:36:00,9539,9539,9531,9532,569,309423,54766250.0,OI2501
2024-10-17 13:37:00,9533,9542,9533,9542,783,309466,72206260.0,OI2501
2024-10-17 13:38:00,9541,9543,9535,9537,712,309550,68522880.0,OI2501
2024-10-17 13:39:00,9538,9539,9536,9536,331,309566,31855440.0,OI2501
2024-10-17 13:40:00,9536,9536,9526,9528,795,309663,76510800.0,OI2501
2024-10-17 13:41:00,9526,9537,9526,9536,694,309741,66790560.0,OI2501
2024-10-17 13:42:00,9537,9540,9535,9536,497,309847,44643500.0,OI2501
2024-10-17 13:43:00,9537,9537,9530,9531,562,310078,54081260.0,OI2501
2024-10-17 13:44:00,9531,9531,9526,9527,524,310069,50424520.0,OI2501
2024-10-17 13:45:00,9528,9533,9526,9531,528,310113,50809440.0,OI2501
2024-10-17 13:46:00,9532,9536,9530,9534,465,310051,44746950.0,OI2501
2024-10-17 13:47:00,9534,9536,9533,9535,293,310005,28195390.0,OI2501
2024-10-17 13:48:00,9535,9541,9535,9541,423,309987,40705290.0,OI2501
2024-10-17 13:49:00,9541,9541,9536,9539,676,310246,65051480.0,OI2501
2024-10-17 13:50:00,9538,9541,9533,9533,354,310257,30839390.0,OI2501
2024-10-17 13:51:00,9533,9540,9533,9540,292,310252,28096240.0,OI2501
2024-10-17 13:52:00,9540,9571,9539,9566,4031,309386,387862820.0,OI2501
2024-10-17 13:53:00,9564,9566,9560,9562,1009,309397,93806630.0,OI2501
2024-10-17 13:54:00,9563,9563,9547,9548,1195,309449,114970950.0,OI2501
2024-10-17 13:55:00,9549,9555,9548,9553,526,309530,50606460.0,OI2501
2024-10-17 13:56:00,9551,9551,9541,9541,672,309657,64653120.0,OI2501
2024-10-17 13:57:00,9542,9552,9542,9548,608,309657,58495680.0,OI2501
2024-10-17 13:58:00,9550,9551,9545,9546,348,309610,33481080.0,OI2501
2024-10-17 13:59:00,9546,9547,9541,9542,363,309554,34924230.0,OI2501
2024-10-17 14:00:00,9542,9544,9537,9543,668,309454,60945130.0,OI2501
2024-10-17 14:01:00,9544,9549,9541,9545,501,309446,48196200.0,OI2501
2024-10-17 14:02:00,9544,9550,9535,9538,1159,309559,111495800.0,OI2501
2024-10-17 14:03:00,9537,9540,9528,9529,1228,309674,118133600.0,OI2501
2024-10-17 14:04:00,9529,9534,9523,9526,1159,309767,108132180.0,OI2501
2024-10-17 14:05:00,9526,9527,9523,9527,415,309764,39918850.0,OI2501
2024-10-17 14:06:00,9526,9528,9523,9528,678,309884,65216820.0,OI2501
2024-10-17 14:07:00,9528,9532,9526,9526,530,309931,50980700.0,OI2501
2024-10-17 14:08:00,9527,9531,9525,9526,395,309920,37995050.0,OI2501
2024-10-17 14:09:00,9526,9531,9526,9531,351,309895,33762690.0,OI2501
2024-10-17 14:10:00,9531,9532,9529,9529,365,309960,35109350.0,OI2501
2024-10-17 14:11:00,9529,9529,9525,9528,359,309962,34532210.0,OI2501
2024-10-17 14:12:00,9527,9538,9527,9537,670,309799,61046050.0,OI2501
2024-10-17 14:13:00,9537,9540,9529,9530,665,309831,63959700.0,OI2501
2024-10-17 14:14:00,9530,9532,9517,9517,788,309723,75789840.0,OI2501
2024-10-17 14:15:00,9517,9524,9511,9514,2021,309888,190943790.0,OI2501
2024-10-17 14:16:00,9516,9518,9514,9515,635,309833,61067950.0,OI2501
2024-10-17 14:17:00,9515,9526,9515,9520,715,309754,68761550.0,OI2501
2024-10-17 14:18:00,9520,9520,9510,9510,733,309812,70492610.0,OI2501
2024-10-17 14:19:00,9510,9513,9493,9497,4030,308791,384067980.0,OI2501
2024-10-17 14:20:00,9498,9500,9487,9490,2081,308691,196591030.0,OI2501
2024-10-17 14:21:00,9490,9501,9488,9495,1843,308537,173668090.0,OI2501
2024-10-17 14:22:00,9495,9496,9485,9486,1337,308430,128539180.0,OI2501
2024-10-17 14:23:00,9486,9486,9475,9481,2686,308470,254655450.0,OI2501
2024-10-17 14:24:00,9481,9486,9470,9475,2104,308423,198659890.0,OI2501
2024-10-17 14:25:00,9475,9486,9470,9481,2256,308135,213226530.0,OI2501
2024-10-17 14:26:00,9481,9483,9475,9476,1124,308421,108027640.0,OI2501
2024-10-17 14:27:00,9476,9477,9463,9471,2110,308337,199139570.0,OI2501
2024-10-17 14:28:00,9471,9471,9463,9467,1123,308256,104256540.0,OI2501
2024-10-17 14:29:00,9469,9487,9468,9486,2142,307731,205824780.0,OI2501
2024-10-17 14:30:00,9488,9495,9484,9491,1720,307602,161572420.0,OI2501
2024-10-17 14:31:00,9490,9492,9483,9486,1274,307478,122405920.0,OI2501
2024-10-17 14:32:00,9485,9504,9485,9503,1398,307410,130590740.0,OI2501
2024-10-17 14:33:00,9502,9518,9502,9516,1671,307242,160532970.0,OI2501
2024-10-17 14:34:00,9516,9518,9500,9502,1612,307233,151102910.0,OI2501
2024-10-17 14:35:00,9501,9503,9489,9489,1001,307202,96156060.0,OI2501
2024-10-17 14:36:00,9490,9492,9483,9486,739,307231,70988340.0,OI2501
2024-10-17 14:37:00,9484,9495,9484,9491,1085,307147,104225100.0,OI2501
2024-10-17 14:38:00,9490,9492,9484,9487,405,307178,35110070.0,OI2501
2024-10-17 14:39:00,9487,9498,9487,9496,477,307273,45815850.0,OI2501
2024-10-17 14:40:00,9496,9498,9491,9493,695,307319,66754750.0,OI2501
2024-10-17 14:41:00,9492,9493,9488,9491,276,307347,26509800.0,OI2501
2024-10-17 14:42:00,9490,9490,9480,9483,1195,307299,114779750.0,OI2501
2024-10-17 14:43:00,9483,9485,9479,9484,779,307299,70994500.0,OI2501
2024-10-17 14:44:00,9484,9486,9481,9482,700,307232,67228000.0,OI2501
2024-10-17 14:45:00,9481,9493,9481,9493,871,307161,83650840.0,OI2501
2024-10-17 14:46:00,9492,9494,9488,9490,775,307217,74431000.0,OI2501
2024-10-17 14:47:00,9489,9490,9483,9484,342,307135,32845680.0,OI2501
2024-10-17 14:48:00,9484,9489,9481,9481,635,307113,57123720.0,OI2501
2024-10-17 14:49:00,9480,9485,9477,9484,654,307032,62803620.0,OI2501
2024-10-17 14:50:00,9484,9486,9476,9477,565,306895,54256950.0,OI2501
2024-10-17 14:51:00,9477,9483,9473,9476,1065,307022,102271950.0,OI2501
2024-10-17 14:52:00,9476,9476,9469,9469,966,306815,88870800.0,OI2501
2024-10-17 14:53:00,9468,9471,9467,9469,971,306573,93235420.0,OI2501
2024-10-17 14:54:00,9471,9474,9469,9472,1574,306495,147215850.0,OI2501
2024-10-17 14:55:00,9472,9476,9471,9476,697,306362,66918970.0,OI2501
2024-10-17 14:56:00,9475,9477,9469,9472,973,306021,93417730.0,OI2501
2024-10-17 14:57:00,9473,9473,9468,9469,737,305664,70759370.0,OI2501
2024-10-17 14:58:00,9467,9472,9467,9470,1078,305286,99544300.0,OI2501
2024-10-17 14:59:00,9469,9476,9469,9471,1396,304690,134016000.0,OI2501
2024-10-17 21:00:00,9465,9479,9451,9475,5628,304973,532577640.0,OI2501
2024-10-17 21:01:00,9474,9481,9467,9471,3005,305340,284708470.0,OI2501
2024-10-17 21:02:00,9471,9476,9465,9474,1854,305554,175623050.0,OI2501
2024-10-17 21:03:00,9473,9474,9460,9471,2203,306048,208580040.0,OI2501
2024-10-17 21:04:00,9473,9478,9469,9478,1279,306430,121095720.0,OI2501
2024-10-17 21:05:00,9477,9477,9473,9475,1277,306610,121058820.0,OI2501
2024-10-17 21:06:00,9476,9488,9476,9482,2511,306508,238121730.0,OI2501
2024-10-17 21:07:00,9483,9490,9476,9477,2111,306544,200131490.0,OI2501
2024-10-17 21:08:00,9477,9487,9476,9486,1069,306718,101465050.0,OI2501
2024-10-17 21:09:00,9487,9509,9486,9505,3562,307144,338408220.0,OI2501
2024-10-17 21:10:00,9504,9521,9504,9513,3280,307571,311956760.0,OI2501
2024-10-17 21:11:00,9513,9521,9510,9520,1790,307513,170301280.0,OI2501
2024-10-17 21:12:00,9519,9539,9518,9537,3136,307378,299022130.0,OI2501
2024-10-17 21:13:00,9537,9537,9525,9526,2705,307422,257712700.0,OI2501
2024-10-17 21:14:00,9526,9533,9526,9532,1162,307412,111016860.0,OI2501
2024-10-17 21:15:00,9531,9548,9531,9547,2675,307580,255115160.0,OI2501
2024-10-17 21:16:00,9547,9547,9533,9535,1534,307623,146076450.0,OI2501
2024-10-17 21:17:00,9535,9543,9535,9543,1043,307614,99471950.0,OI2501
2024-10-17 21:18:00,9542,9555,9537,9555,2380,307700,227378520.0,OI2501
2024-10-17 21:19:00,9555,9555,9545,9546,1657,307729,158348790.0,OI2501
2024-10-17 21:20:00,9547,9550,9541,9547,1647,307813,156989490.0,OI2501
2024-10-17 21:21:00,9545,9556,9543,9556,1644,307789,157228800.0,OI2501
2024-10-17 21:22:00,9554,9554,9542,9545,1160,308053,110772720.0,OI2501
2024-10-17 21:23:00,9546,9550,9541,9547,1578,308165,150539360.0,OI2501
2024-10-17 21:24:00,9546,9555,9546,9553,1569,308442,149715110.0,OI2501
2024-10-17 21:25:00,9553,9555,9543,9543,757,308434,72525290.0,OI2501
2024-10-17 21:26:00,9543,9545,9541,9545,630,308462,59913000.0,OI2501
2024-10-17 21:27:00,9544,9544,9530,9534,2022,308178,192860880.0,OI2501
2024-10-17 21:28:00,9534,9539,9534,9536,480,308183,45652800.0,OI2501
2024-10-17 21:29:00,9535,9537,9520,9520,2138,307971,203940040.0,OI2501
2024-10-17 21:30:00,9522,9522,9513,9513,2208,307958,210024960.0,OI2501
2024-10-17 21:31:00,9514,9531,9513,9530,2125,307984,202130000.0,OI2501
2024-10-17 21:32:00,9529,9534,9525,9525,1100,307882,105281190.0,OI2501
2024-10-17 21:33:00,9526,9531,9521,9525,839,308102,79814070.0,OI2501
2024-10-17 21:34:00,9525,9528,9520,9527,511,308129,48611430.0,OI2501
2024-10-17 21:35:00,9528,9534,9523,9524,618,308146,58790340.0,OI2501
2024-10-17 21:36:00,9524,9524,9515,9519,1324,308039,125952120.0,OI2501
2024-10-17 21:37:00,9519,9524,9518,9524,598,307970,56887740.0,OI2501
2024-10-17 21:38:00,9525,9538,9525,9533,1261,307926,120659630.0,OI2501
2024-10-17 21:39:00,9533,9538,9531,9531,594,307870,56513160.0,OI2501
2024-10-17 21:40:00,9531,9541,9531,9537,794,307800,75541160.0,OI2501
2024-10-17 21:41:00,9537,9537,9525,9525,606,307727,57654840.0,OI2501
2024-10-17 21:42:00,9525,9529,9519,9521,1104,307703,105034560.0,OI2501
2024-10-17 21:43:00,9520,9531,9520,9526,655,307740,62316700.0,OI2501
2024-10-17 21:44:00,9526,9530,9523,9528,379,307803,36058060.0,OI2501
2024-10-17 21:45:00,9528,9529,9522,9525,462,307801,43954680.0,OI2501
2024-10-17 21:46:00,9526,9535,9526,9531,814,307729,78198740.0,OI2501
2024-10-17 21:47:00,9532,9533,9528,9531,417,307778,39677550.0,OI2501
2024-10-17 21:48:00,9533,9533,9517,9518,965,307818,91819750.0,OI2501
2024-10-17 21:49:00,9518,9518,9505,9506,3041,308226,289351150.0,OI2501
2024-10-17 21:50:00,9505,9514,9500,9512,1744,308124,165125150.0,OI2501
2024-10-17 21:51:00,9511,9512,9494,9498,2106,308156,200364840.0,OI2501
2024-10-17 21:52:00,9497,9504,9496,9504,913,308083,86862820.0,OI2501
2024-10-17 21:53:00,9504,9520,9504,9520,1704,307973,162118560.0,OI2501
2024-10-17 21:54:00,9520,9520,9514,9520,682,308034,64885480.0,OI2501
2024-10-17 21:55:00,9521,9523,9511,9514,922,307925,87719080.0,OI2501
2024-10-17 21:56:00,9513,9519,9507,9508,678,307935,64504920.0,OI2501
2024-10-17 21:57:00,9508,9508,9500,9508,1073,307837,102085220.0,OI2501
2024-10-17 21:58:00,9509,9512,9504,9507,553,307835,52612420.0,OI2501
2024-10-17 21:59:00,9506,9507,9500,9503,650,307868,61841000.0,OI2501
2024-10-17 22:00:00,9502,9502,9491,9493,1445,307947,137477300.0,OI2501
2024-10-17 22:01:00,9492,9494,9484,9486,1810,307742,171261590.0,OI2501
2024-10-17 22:02:00,9486,9494,9486,9492,1134,307642,107877420.0,OI2501
2024-10-17 22:03:00,9492,9496,9480,9483,1313,307556,123939410.0,OI2501
2024-10-17 22:04:00,9483,9487,9468,9470,2781,307238,263534630.0,OI2501
2024-10-17 22:05:00,9471,9477,9468,9468,1387,307098,131917570.0,OI2501
2024-10-17 22:06:00,9468,9474,9465,9468,1755,307180,165892540.0,OI2501
2024-10-17 22:07:00,9467,9476,9460,9474,1482,307120,140938200.0,OI2501
2024-10-17 22:08:00,9473,9485,9473,9484,1401,306994,132180760.0,OI2501
2024-10-17 22:09:00,9483,9492,9483,9486,1244,306816,118291960.0,OI2501
2024-10-17 22:10:00,9486,9496,9486,9494,1112,306828,105740080.0,OI2501
2024-10-17 22:11:00,9493,9498,9481,9484,1346,306701,127991140.0,OI2501
2024-10-17 22:12:00,9484,9489,9479,9489,1083,306692,101880280.0,OI2501
2024-10-17 22:13:00,9487,9490,9477,9478,769,306679,73116520.0,OI2501
2024-10-17 22:14:00,9477,9481,9472,9477,956,306464,90896480.0,OI2501
2024-10-17 22:15:00,9477,9486,9472,9486,969,306429,92132520.0,OI2501
2024-10-17 22:16:00,9484,9486,9469,9470,1077,306445,101261260.0,OI2501
2024-10-17 22:17:00,9470,9472,9464,9467,1091,306334,103721370.0,OI2501
2024-10-17 22:18:00,9467,9469,9457,9460,2186,306495,206650350.0,OI2501
2024-10-17 22:19:00,9460,9474,9459,9471,1893,306624,178756980.0,OI2501
2024-10-17 22:20:00,9471,9480,9471,9480,957,306781,90962850.0,OI2501
2024-10-17 22:21:00,9480,9481,9474,9477,541,306834,51422050.0,OI2501
2024-10-17 22:22:00,9476,9482,9476,9481,570,306817,54178500.0,OI2501
2024-10-17 22:23:00,9482,9496,9482,9493,1600,306937,152080000.0,OI2501
2024-10-17 22:24:00,9493,9505,9493,9497,1525,306758,144951250.0,OI2501
2024-10-17 22:25:00,9497,9498,9487,9489,879,306779,83548950.0,OI2501
2024-10-17 22:26:00,9488,9491,9484,9484,668,306933,63493400.0,OI2501
2024-10-17 22:27:00,9485,9489,9480,9484,622,306973,57855880.0,OI2501
2024-10-17 22:28:00,9484,9487,9480,9480,573,307058,54457920.0,OI2501
2024-10-17 22:29:00,9481,9483,9470,9474,1450,306791,137808000.0,OI2501
2024-10-17 22:30:00,9473,9486,9468,9481,1288,306899,122411520.0,OI2501
2024-10-17 22:31:00,9483,9491,9482,9488,878,306839,83445120.0,OI2501
2024-10-17 22:32:00,9489,9493,9488,9490,682,306789,64817280.0,OI2501
2024-10-17 22:33:00,9491,9503,9489,9501,1140,306791,108345600.0,OI2501
2024-10-17 22:34:00,9503,9515,9503,9507,2286,306423,217261440.0,OI2501
2024-10-17 22:35:00,9506,9506,9502,9503,901,306327,85631040.0,OI2501
2024-10-17 22:36:00,9503,9506,9498,9504,711,306359,67573440.0,OI2501
2024-10-17 22:37:00,9504,9511,9503,9506,732,306246,69569280.0,OI2501
2024-10-17 22:38:00,9507,9507,9496,9502,1138,306201,108155520.0,OI2501
2024-10-17 22:39:00,9503,9513,9503,9513,987,306120,93804480.0,OI2501
2024-10-17 22:40:00,9512,9512,9508,9510,806,306191,76602240.0,OI2501
2024-10-17 22:41:00,9510,9522,9510,9511,1627,305837,154630080.0,OI2501
2024-10-17 22:42:00,9510,9514,9506,9510,775,305802,73656000.0,OI2501
2024-10-17 22:43:00,9509,9517,9506,9517,840,305688,79833600.0,OI2501
2024-10-17 22:44:00,9516,9517,9512,9516,425,305593,40392000.0,OI2501
2024-10-17 22:45:00,9516,9527,9514,9526,1546,305466,146931840.0,OI2501
2024-10-17 22:46:00,9527,9535,9523,9533,2353,305228,225105720.0,OI2501
2024-10-17 22:47:00,9531,9533,9525,9531,1495,305030,142099750.0,OI2501
2024-10-17 22:48:00,9531,9545,9529,9542,1933,305002,183731650.0,OI2501
2024-10-17 22:49:00,9542,9548,9537,9548,1893,304837,181459460.0,OI2501
2024-10-17 22:50:00,9548,9548,9531,9531,1229,304647,116828740.0,OI2501
2024-10-17 22:51:00,9532,9536,9528,9533,881,304633,83747860.0,OI2501
2024-10-17 22:52:00,9533,9533,9528,9529,512,304649,48670720.0,OI2501
2024-10-17 22:53:00,9529,9533,9525,9527,522,304505,49621320.0,OI2501
2024-10-17 22:54:00,9528,9528,9521,9521,1069,304063,101619140.0,OI2501
2024-10-17 22:55:00,9520,9520,9509,9512,1496,304084,142209760.0,OI2501
2024-10-17 22:56:00,9511,9513,9505,9508,1274,304039,121106440.0,OI2501
2024-10-17 22:57:00,9507,9511,9507,9508,517,303767,49146020.0,OI2501
2024-10-17 22:58:00,9507,9511,9502,9508,742,303491,70534520.0,OI2501
2024-10-17 22:59:00,9509,9511,9504,9511,882,303105,83842920.0,OI2501
2024-10-18 09:00:00,9560,9619,9560,9619,10670,303084,1024656700.0,OI2501
2024-10-18 09:01:00,9621,9646,9621,9635,9118,302710,878217740.0,OI2501
2024-10-18 09:02:00,9638,9654,9638,9649,7288,302992,703130890.0,OI2501
2024-10-18 09:03:00,9651,9661,9644,9647,5310,303578,513450940.0,OI2501
2024-10-18 09:04:00,9648,9655,9634,9655,5186,303964,500060530.0,OI2501
2024-10-18 09:05:00,9653,9662,9638,9644,4700,303881,451997540.0,OI2501
2024-10-18 09:06:00,9645,9655,9640,9647,2573,304435,249397360.0,OI2501
2024-10-18 09:07:00,9648,9649,9640,9645,1637,304688,158157450.0,OI2501
2024-10-18 09:08:00,9645,9645,9635,9636,2580,305013,248114670.0,OI2501
2024-10-18 09:09:00,9636,9636,9625,9626,2236,305058,215358990.0,OI2501
2024-10-18 09:10:00,9626,9629,9621,9622,1596,305118,154360510.0,OI2501
2024-10-18 09:11:00,9623,9623,9611,9614,2721,305032,261706180.0,OI2501
2024-10-18 09:12:00,9615,9646,9614,9638,3301,305059,317092600.0,OI2501
2024-10-18 09:13:00,9638,9644,9638,9640,1433,305585,138932740.0,OI2501
2024-10-18 09:14:00,9640,9656,9640,9655,2506,306057,241347060.0,OI2501
2024-10-18 09:15:00,9655,9662,9642,9648,3667,305974,354477680.0,OI2501
2024-10-18 09:16:00,9649,9654,9638,9639,1511,305889,144209840.0,OI2501
2024-10-18 09:17:00,9638,9641,9633,9634,799,305748,78565930.0,OI2501
2024-10-18 09:18:00,9635,9637,9630,9630,1135,305649,108335750.0,OI2501
2024-10-18 09:19:00,9628,9631,9621,9622,1416,305611,137492080.0,OI2501
2024-10-18 09:20:00,9622,9632,9616,9626,1543,305621,147294780.0,OI2501
2024-10-18 09:21:00,9626,9632,9625,9631,942,305678,89923320.0,OI2501
2024-10-18 09:22:00,9629,9630,9616,9619,1262,305836,122842870.0,OI2501
2024-10-18 09:23:00,9619,9622,9613,9621,1174,305902,112081780.0,OI2501
2024-10-18 09:24:00,9620,9621,9616,9619,478,305869,45634660.0,OI2501
2024-10-18 09:25:00,9621,9621,9615,9615,597,305794,59390430.0,OI2501
2024-10-18 09:26:00,9615,9629,9606,9629,1300,305699,124124000.0,OI2501
2024-10-18 09:27:00,9630,9635,9623,9633,1832,305716,174919360.0,OI2501
2024-10-18 09:28:00,9633,9637,9627,9630,1029,305734,100685370.0,OI2501
2024-10-18 09:29:00,9628,9633,9624,9633,490,305805,46790100.0,OI2501
2024-10-18 09:30:00,9635,9641,9625,9627,1167,305958,111436830.0,OI2501
2024-10-18 09:31:00,9627,9636,9625,9629,702,305973,69494020.0,OI2501
2024-10-18 09:32:00,9627,9630,9617,9621,1267,305892,120998500.0,OI2501
2024-10-18 09:33:00,9621,9625,9614,9624,1013,305950,96741500.0,OI2501
2024-10-18 09:34:00,9625,9636,9625,9636,827,305943,81469610.0,OI2501
2024-10-18 09:35:00,9636,9639,9630,9631,780,306114,74497800.0,OI2501
2024-10-18 09:36:00,9632,9640,9632,9636,743,306177,70963930.0,OI2501
2024-10-18 09:37:00,9637,9641,9631,9632,780,306193,74497800.0,OI2501
2024-10-18 09:38:00,9631,9633,9626,9630,779,306091,76924220.0,OI2501
2024-10-18 09:39:00,9630,9644,9627,9641,1075,306178,102684000.0,OI2501
2024-10-18 09:40:00,9640,9648,9636,9636,941,306213,89884320.0,OI2501
2024-10-18 09:41:00,9637,9643,9635,9636,532,306362,50816640.0,OI2501
2024-10-18 09:42:00,9638,9649,9638,9645,814,306521,80308830.0,OI2501
2024-10-18 09:43:00,9645,9650,9643,9644,1077,306569,102885810.0,OI2501
2024-10-18 09:44:00,9644,9645,9638,9643,497,306577,47478410.0,OI2501
2024-10-18 09:45:00,9643,9645,9637,9638,636,306590,63334730.0,OI2501
2024-10-18 09:46:00,9638,9645,9637,9640,714,306598,68215560.0,OI2501
2024-10-18 09:47:00,9639,9644,9635,9643,502,306673,47961080.0,OI2501
2024-10-18 09:48:00,9643,9647,9643,9644,757,306723,72323780.0,OI2501
2024-10-18 09:49:00,9644,9647,9641,9643,471,306722,44999340.0,OI2501
2024-10-18 09:50:00,9641,9644,9637,9638,373,306737,35636420.0,OI2501
2024-10-18 09:51:00,9638,9641,9633,9636,718,306751,71210720.0,OI2501
2024-10-18 09:52:00,9636,9639,9627,9628,742,306802,70898100.0,OI2501
2024-10-18 09:53:00,9628,9632,9626,9629,407,306843,38888850.0,OI2501
2024-10-18 09:54:00,9629,9636,9629,9634,419,306932,40035450.0,OI2501
2024-10-18 09:55:00,9632,9632,9623,9626,542,306925,51788100.0,OI2501
2024-10-18 09:56:00,9626,9628,9621,9627,764,306973,75641940.0,OI2501
2024-10-18 09:57:00,9627,9635,9627,9630,491,306903,46919960.0,OI2501
2024-10-18 09:58:00,9630,9634,9629,9633,422,307089,40326320.0,OI2501
2024-10-18 09:59:00,9634,9636,9625,9629,556,307005,53131360.0,OI2501
2024-10-18 10:00:00,9630,9634,9627,9634,578,307037,55233680.0,OI2501
2024-10-18 10:01:00,9634,9650,9634,9647,1447,307249,140952000.0,OI2501
2024-10-18 10:02:00,9647,9653,9643,9645,1344,307418,128446080.0,OI2501
2024-10-18 10:03:00,9645,9650,9645,9648,477,307523,45586890.0,OI2501
2024-10-18 10:04:00,9647,9648,9640,9643,727,307587,69479390.0,OI2501
2024-10-18 10:05:00,9644,9650,9642,9646,650,307795,64829160.0,OI2501
2024-10-18 10:06:00,9646,9647,9635,9636,905,307784,86499900.0,OI2501
2024-10-18 10:07:00,9635,9637,9628,9636,817,307651,78088860.0,OI2501
2024-10-18 10:08:00,9637,9650,9637,9649,1266,307703,123742820.0,OI2501
2024-10-18 10:09:00,9649,9652,9646,9650,1045,308066,99891550.0,OI2501
2024-10-18 10:10:00,9648,9650,9641,9644,621,308119,59361390.0,OI2501
2024-10-18 10:11:00,9644,9653,9644,9650,1493,308681,145486000.0,OI2501
2024-10-18 10:12:00,9650,9656,9648,9652,1738,309091,166152800.0,OI2501
2024-10-18 10:13:00,9652,9652,9645,9647,491,309085,46939600.0,OI2501
2024-10-18 10:14:00,9647,9656,9646,9650,598,309137,59967200.0,OI2501
2024-10-18 10:30:00,9655,9678,9652,9678,5318,309477,514157140.0,OI2501
2024-10-18 10:31:00,9678,9697,9678,9697,5306,310587,513222060.0,OI2501
2024-10-18 10:32:00,9697,9697,9680,9693,2989,311270,288832380.0,OI2501
2024-10-18 10:33:00,9692,9704,9692,9700,4173,312846,405141700.0,OI2501
2024-10-18 10:34:00,9702,9710,9701,9704,2539,313482,245933170.0,OI2501
2024-10-18 10:35:00,9704,9707,9701,9706,1905,314027,185310150.0,OI2501
2024-10-18 10:36:00,9707,9715,9704,9707,2922,314851,282685320.0,OI2501
2024-10-18 10:37:00,9707,9710,9701,9707,1568,315243,153138880.0,OI2501
2024-10-18 10:38:00,9705,9711,9700,9700,1803,315402,175666790.0,OI2501
2024-10-18 10:39:00,9701,9717,9701,9716,1696,315676,162358080.0,OI2501
2024-10-18 10:40:00,9717,9720,9705,9705,2544,316549,249789180.0,OI2501
2024-10-18 10:41:00,9705,9724,9705,9723,2704,317537,262061070.0,OI2501
2024-10-18 10:42:00,9723,9725,9715,9717,1553,317984,151883880.0,OI2501
2024-10-18 10:43:00,9717,9717,9709,9709,1186,318101,113583220.0,OI2501
2024-10-18 10:44:00,9709,9716,9708,9712,1191,318318,117254440.0,OI2501
2024-10-18 10:45:00,9711,9721,9711,9718,1396,318705,133708880.0,OI2501
2024-10-18 10:46:00,9719,9721,9716,9717,1379,318960,135300740.0,OI2501
2024-10-18 10:47:00,9716,9716,9707,9707,1364,319147,130657560.0,OI2501
2024-10-18 10:48:00,9708,9708,9705,9707,991,319179,98171560.0,OI2501
2024-10-18 10:49:00,9706,9706,9697,9698,2847,318072,276014740.0,OI2501
2024-10-18 10:50:00,9697,9707,9694,9705,1185,317956,113534850.0,OI2501
2024-10-18 10:51:00,9704,9706,9692,9694,1307,317789,128520730.0,OI2501
2024-10-18 10:52:00,9693,9694,9690,9692,806,317645,77230920.0,OI2501
2024-10-18 10:53:00,9693,9693,9685,9686,1119,317609,107222580.0,OI2501
2024-10-18 10:54:00,9687,9693,9685,9689,795,317587,79501160.0,OI2501
2024-10-18 10:55:00,9689,9700,9687,9700,950,317548,91038500.0,OI2501
2024-10-18 10:56:00,9702,9704,9697,9697,807,317780,77334810.0,OI2501
2024-10-18 10:57:00,9696,9700,9690,9691,656,317890,62864480.0,OI2501
2024-10-18 10:58:00,9691,9700,9691,9699,1116,317532,110305830.0,OI2501
2024-10-18 10:59:00,9699,9699,9691,9691,602,317546,57695680.0,OI2501
2024-10-18 11:00:00,9690,9705,9690,9702,815,317719,78109600.0,OI2501
2024-10-18 11:01:00,9702,9705,9699,9702,1106,317836,109383820.0,OI2501
2024-10-18 11:02:00,9702,9702,9682,9685,1047,317771,100354950.0,OI2501
2024-10-18 11:03:00,9685,9686,9678,9681,1518,317581,145500300.0,OI2501
2024-10-18 11:04:00,9680,9689,9677,9680,873,317405,87096210.0,OI2501
2024-10-18 11:05:00,9681,9688,9680,9685,469,317352,44958340.0,OI2501
2024-10-18 11:06:00,9684,9686,9680,9685,429,317372,41123940.0,OI2501
2024-10-18 11:07:00,9685,9685,9672,9676,1092,317320,104679120.0,OI2501
2024-10-18 11:08:00,9676,9676,9669,9673,1424,317134,139957940.0,OI2501
2024-10-18 11:09:00,9671,9679,9670,9677,971,317010,93089770.0,OI2501
2024-10-18 11:10:00,9677,9677,9670,9671,633,316883,60685710.0,OI2501
2024-10-18 11:11:00,9670,9671,9665,9668,1022,316824,97979140.0,OI2501
2024-10-18 11:12:00,9668,9671,9664,9670,593,316744,56850910.0,OI2501
2024-10-18 11:13:00,9672,9675,9668,9670,635,316549,60877450.0,OI2501
2024-10-18 11:14:00,9670,9674,9669,9674,495,316534,50952440.0,OI2501
2024-10-18 11:15:00,9674,9675,9664,9664,661,316613,63376680.0,OI2501
2024-10-18 11:16:00,9663,9663,9656,9659,1286,316432,123301680.0,OI2501
2024-10-18 11:17:00,9659,9663,9657,9658,956,316396,91661280.0,OI2501
2024-10-18 11:18:00,9658,9658,9645,9645,2023,316156,197511290.0,OI2501
2024-10-18 11:19:00,9646,9646,9628,9630,2599,315693,249218110.0,OI2501
2024-10-18 11:20:00,9629,9629,9601,9602,3884,315173,372436760.0,OI2501
2024-10-18 11:21:00,9602,9602,9585,9590,4510,313993,432463900.0,OI2501
2024-10-18 11:22:00,9589,9589,9564,9570,5486,313172,526052540.0,OI2501
2024-10-18 11:23:00,9568,9568,9545,9564,5870,312697,559104760.0,OI2501
2024-10-18 11:24:00,9563,9563,9536,9537,5114,312396,490330320.0,OI2501
2024-10-18 11:25:00,9536,9546,9524,9545,5708,311700,543405280.0,OI2501
2024-10-18 11:26:00,9545,9545,9523,9534,4213,311239,399980420.0,OI2501
2024-10-18 11:27:00,9534,9552,9530,9549,3874,310685,371361640.0,OI2501
2024-10-18 11:28:00,9549,9564,9541,9564,3279,310846,314324940.0,OI2501
2024-10-18 11:29:00,9564,9570,9556,9557,4103,310299,389281130.0,OI2501
2024-10-18 13:30:00,9557,9579,9557,9578,5803,309342,556217550.0,OI2501
2024-10-18 13:31:00,9578,9580,9565,9569,2019,309168,193521150.0,OI2501
2024-10-18 13:32:00,9567,9567,9550,9556,2081,309158,199463850.0,OI2501
2024-10-18 13:33:00,9557,9557,9545,9549,1586,309292,152018100.0,OI2501
2024-10-18 13:34:00,9551,9551,9542,9542,1196,309364,114636600.0,OI2501
2024-10-18 13:35:00,9542,9549,9536,9548,1570,309267,150484500.0,OI2501
2024-10-18 13:36:00,9548,9554,9545,9554,1007,309095,96520950.0,OI2501
2024-10-18 13:37:00,9553,9553,9541,9548,1221,308750,117032850.0,OI2501
2024-10-18 13:38:00,9548,9553,9545,9553,679,308594,60878080.0,OI2501
2024-10-18 13:39:00,9553,9553,9545,9546,852,308486,81655680.0,OI2501
2024-10-18 13:40:00,9546,9547,9538,9540,975,308213,93444000.0,OI2501
2024-10-18 13:41:00,9540,9541,9536,9536,862,308246,82614080.0,OI2501
2024-10-18 13:42:00,9536,9541,9531,9541,911,308236,87310240.0,OI2501
2024-10-18 13:43:00,9540,9547,9538,9546,874,308169,83764160.0,OI2501
2024-10-18 13:44:00,9546,9548,9542,9543,453,308168,43415520.0,OI2501
2024-10-18 13:45:00,9542,9556,9540,9555,1022,308141,97948480.0,OI2501
2024-10-18 13:46:00,9553,9553,9545,9552,655,308179,62775200.0,OI2501
2024-10-18 13:47:00,9552,9556,9549,9555,657,308070,62966880.0,OI2501
2024-10-18 13:48:00,9556,9556,9550,9550,468,308149,44853120.0,OI2501
2024-10-18 13:49:00,9550,9551,9541,9542,592,308317,56737280.0,OI2501
2024-10-18 13:50:00,9542,9547,9541,9543,417,308341,39965280.0,OI2501
2024-10-18 13:51:00,9543,9546,9541,9542,288,308401,27601920.0,OI2501
2024-10-18 13:52:00,9542,9542,9536,9538,814,308541,78013760.0,OI2501
2024-10-18 13:53:00,9538,9549,9536,9545,752,308599,67761690.0,OI2501
2024-10-18 13:54:00,9545,9547,9542,9544,306,308632,29323980.0,OI2501
2024-10-18 13:55:00,9545,9550,9545,9549,616,308636,59031280.0,OI2501
2024-10-18 13:56:00,9548,9550,9545,9546,323,308600,30953090.0,OI2501
2024-10-18 13:57:00,9548,9554,9546,9553,1091,308536,104550530.0,OI2501
2024-10-18 13:58:00,9554,9555,9545,9548,491,308514,47052530.0,OI2501
2024-10-18 13:59:00,9548,9549,9545,9546,627,308567,60085410.0,OI2501
2024-10-18 14:00:00,9546,9552,9544,9551,623,308478,59702090.0,OI2501
2024-10-18 14:01:00,9550,9552,9538,9538,1140,308556,109246200.0,OI2501
2024-10-18 14:02:00,9538,9551,9535,9549,886,308547,84905380.0,OI2501
2024-10-18 14:03:00,9548,9566,9547,9565,2135,308333,204597050.0,OI2501
2024-10-18 14:04:00,9564,9565,9549,9550,862,308256,82605460.0,OI2501
2024-10-18 14:05:00,9550,9550,9541,9547,826,308403,79155580.0,OI2501
2024-10-18 14:06:00,9547,9558,9544,9552,570,308356,54623100.0,OI2501
2024-10-18 14:07:00,9550,9560,9550,9556,567,308393,54335610.0,OI2501
2024-10-18 14:08:00,9555,9560,9552,9560,338,308401,32390540.0,OI2501
2024-10-18 14:09:00,9560,9560,9555,9556,322,308410,30857260.0,OI2501
2024-10-18 14:10:00,9557,9560,9556,9558,230,308452,22040900.0,OI2501
2024-10-18 14:11:00,9558,9560,9555,9557,286,308453,27407380.0,OI2501
2024-10-18 14:12:00,9556,9568,9556,9567,726,308507,69572580.0,OI2501
2024-10-18 14:13:00,9568,9568,9556,9562,761,308668,72926630.0,OI2501
2024-10-18 14:14:00,9561,9562,9549,9550,599,308648,52948930.0,OI2501
2024-10-18 14:15:00,9550,9562,9550,9560,507,308695,48580740.0,OI2501
2024-10-18 14:16:00,9560,9560,9554,9554,252,308675,24146640.0,OI2501
2024-10-18 14:17:00,9555,9560,9551,9558,249,308688,23859180.0,OI2501
2024-10-18 14:18:00,9558,9562,9558,9561,310,308643,29704200.0,OI2501
2024-10-18 14:19:00,9562,9573,9555,9573,841,308729,80584620.0,OI2501
2024-10-18 14:20:00,9573,9579,9568,9577,1466,308830,140472120.0,OI2501
2024-10-18 14:21:00,9577,9588,9577,9580,1542,308851,147754440.0,OI2501
2024-10-18 14:22:00,9580,9580,9571,9577,940,308978,90070800.0,OI2501
2024-10-18 14:23:00,9576,9576,9568,9569,579,309102,55479780.0,OI2501
2024-10-18 14:24:00,9568,9583,9568,9583,655,309131,62762100.0,OI2501
2024-10-18 14:25:00,9582,9583,9574,9576,478,309245,45801960.0,OI2501
2024-10-18 14:26:00,9577,9588,9576,9588,579,309255,55479780.0,OI2501
2024-10-18 14:27:00,9587,9594,9583,9585,1124,309324,107701680.0,OI2501
2024-10-18 14:28:00,9583,9585,9578,9580,547,309311,52413540.0,OI2501
2024-10-18 14:29:00,9581,9581,9576,9581,435,309267,41681700.0,OI2501
2024-10-18 14:30:00,9582,9599,9582,9599,1258,309319,120541560.0,OI2501
2024-10-18 14:31:00,9599,9612,9598,9610,1950,309225,186849000.0,OI2501
2024-10-18 14:32:00,9611,9616,9611,9614,1084,309249,108470080.0,OI2501
2024-10-18 14:33:00,9615,9617,9606,9608,1153,309088,110491990.0,OI2501
2024-10-18 14:34:00,9609,9614,9606,9607,785,308984,75226550.0,OI2501
2024-10-18 14:35:00,9608,9610,9600,9600,1026,308919,98321580.0,OI2501
2024-10-18 14:36:00,9602,9608,9584,9586,1342,308516,128603860.0,OI2501
2024-10-18 14:37:00,9586,9599,9586,9597,664,308556,63631120.0,OI2501
2024-10-18 14:38:00,9596,9597,9589,9589,386,308581,36990380.0,OI2501
2024-10-18 14:39:00,9588,9591,9585,9589,489,308524,46860870.0,OI2501
2024-10-18 14:40:00,9589,9600,9588,9595,517,308479,49544110.0,OI2501
2024-10-18 14:41:00,9595,9607,9593,9605,690,308534,66122700.0,OI2501
2024-10-18 14:42:00,9605,9605,9579,9579,864,308444,82797120.0,OI2501
2024-10-18 14:43:00,9580,9583,9567,9568,1459,308208,139815970.0,OI2501
2024-10-18 14:44:00,9568,9571,9566,9571,820,308114,78580600.0,OI2501
2024-10-18 14:45:00,9572,9579,9566,9579,741,308080,71010030.0,OI2501
2024-10-18 14:46:00,9580,9580,9568,9569,629,307980,60277070.0,OI2501
2024-10-18 14:47:00,9569,9575,9567,9573,432,307959,41398560.0,OI2501
2024-10-18 14:48:00,9574,9588,9574,9588,816,307924,78197280.0,OI2501
2024-10-18 14:49:00,9588,9592,9582,9583,530,307837,50789900.0,OI2501
2024-10-18 14:50:00,9583,9585,9574,9574,507,307807,48585810.0,OI2501
2024-10-18 14:51:00,9575,9579,9572,9575,686,307849,65739380.0,OI2501
2024-10-18 14:52:00,9575,9577,9568,9568,628,307812,60181240.0,OI2501
2024-10-18 14:53:00,9568,9572,9566,9569,501,307774,48010830.0,OI2501
2024-10-18 14:54:00,9568,9572,9563,9563,816,307674,78197280.0,OI2501
2024-10-18 14:55:00,9562,9571,9562,9567,698,307475,66889340.0,OI2501
2024-10-18 14:56:00,9567,9576,9567,9574,702,307346,67272660.0,OI2501
2024-10-18 14:57:00,9575,9575,9567,9567,401,307266,38427830.0,OI2501
2024-10-18 14:58:00,9566,9571,9566,9569,743,307110,71201690.0,OI2501
2024-10-18 14:59:00,9568,9573,9565,9571,1042,306799,99854860.0,OI2501
2024-10-18 21:00:00,9533,9535,9502,9509,9241,306313,879650790.0,OI2501
2024-10-18 21:01:00,9508,9521,9495,9518,5416,306351,514816190.0,OI2501
2024-10-18 21:02:00,9518,9521,9510,9511,2569,306540,244414660.0,OI2501
2024-10-18 21:03:00,9509,9517,9504,9515,1768,306673,168207520.0,OI2501
2024-10-18 21:04:00,9514,9521,9511,9519,1329,306720,126441060.0,OI2501
2024-10-18 21:05:00,9519,9519,9504,9505,2023,306202,192244760.0,OI2501
2024-10-18 21:06:00,9503,9510,9497,9498,2017,306458,191877210.0,OI2501
2024-10-18 21:07:00,9498,9502,9483,9484,3762,305964,357035310.0,OI2501
2024-10-18 21:08:00,9484,9494,9476,9494,3957,306208,375027420.0,OI2501
2024-10-18 21:09:00,9494,9494,9484,9488,2091,306791,198428730.0,OI2501
2024-10-18 21:10:00,9487,9490,9484,9484,1778,307248,168639390.0,OI2501
2024-10-18 21:11:00,9485,9485,9474,9478,2250,307313,213457990.0,OI2501
2024-10-18 21:12:00,9478,9481,9467,9478,3866,308035,366123970.0,OI2501
2024-10-18 21:13:00,9478,9488,9471,9488,2096,307942,198678370.0,OI2501
2024-10-18 21:14:00,9489,9496,9486,9494,2068,308070,196439320.0,OI2501
2024-10-18 21:15:00,9494,9500,9488,9500,1796,308240,170121770.0,OI2501
2024-10-18 21:16:00,9502,9502,9495,9496,1470,308299,139620600.0,OI2501
2024-10-18 21:17:00,9497,9500,9492,9494,1420,308249,134871600.0,OI2501
2024-10-18 21:18:00,9493,9504,9492,9502,1063,308311,100963740.0,OI2501
2024-10-18 21:19:00,9502,9502,9491,9491,842,308236,79973160.0,OI2501
2024-10-18 21:20:00,9489,9498,9489,9496,1117,308354,106092660.0,OI2501
2024-10-18 21:21:00,9495,9505,9494,9502,1576,308385,149688480.0,OI2501
2024-10-18 21:22:00,9501,9507,9501,9507,911,308522,86526780.0,OI2501
2024-10-18 21:23:00,9507,9507,9497,9498,1194,308708,113406120.0,OI2501
2024-10-18 21:24:00,9498,9503,9496,9500,759,308893,72673610.0,OI2501
2024-10-18 21:25:00,9501,9503,9497,9501,603,308862,57278970.0,OI2501
2024-10-18 21:26:00,9501,9515,9501,9515,1539,308776,146189610.0,OI2501
2024-10-18 21:27:00,9513,9513,9502,9507,1129,309196,107243710.0,OI2501
2024-10-18 21:28:00,9506,9509,9504,9504,587,309233,55759130.0,OI2501
2024-10-18 21:29:00,9504,9515,9504,9515,1378,309541,130896220.0,OI2501
2024-10-18 21:30:00,9515,9518,9510,9514,1843,309581,175721150.0,OI2501
2024-10-18 21:31:00,9513,9516,9498,9498,1958,309286,186010000.0,OI2501
2024-10-18 21:32:00,9498,9510,9493,9510,1443,309432,137085000.0,OI2501
2024-10-18 21:33:00,9508,9512,9502,9502,667,309583,63365000.0,OI2501
2024-10-18 21:34:00,9503,9505,9497,9500,891,309660,84645000.0,OI2501
2024-10-18 21:35:00,9499,9508,9499,9506,685,309880,65075000.0,OI2501
2024-10-18 21:36:00,9505,9510,9505,9509,961,310026,91295000.0,OI2501
2024-10-18 21:37:00,9509,9509,9493,9493,1284,310057,121980000.0,OI2501
2024-10-18 21:38:00,9494,9494,9483,9486,1677,310087,159315000.0,OI2501
2024-10-18 21:39:00,9487,9487,9473,9473,2310,310395,218676660.0,OI2501
2024-10-18 21:40:00,9473,9479,9463,9467,3213,310723,304397400.0,OI2501
2024-10-18 21:41:00,9465,9473,9464,9473,1310,310783,124423800.0,OI2501
2024-10-18 21:42:00,9473,9482,9472,9481,1334,310839,125871410.0,OI2501
2024-10-18 21:43:00,9482,9482,9473,9473,830,311004,78825100.0,OI2501
2024-10-18 21:44:00,9472,9473,9465,9468,1046,311296,99338620.0,OI2501
2024-10-18 21:45:00,9469,9474,9461,9471,1747,311340,165044450.0,OI2501
2024-10-18 21:46:00,9470,9472,9461,9468,1364,311522,129525440.0,OI2501
2024-10-18 21:47:00,9468,9468,9457,9458,2665,310688,252159970.0,OI2501
2024-10-18 21:48:00,9458,9467,9455,9467,1515,310593,142925670.0,OI2501
2024-10-18 21:49:00,9467,9477,9466,9473,1780,310893,168993200.0,OI2501
2024-10-18 21:50:00,9474,9485,9471,9482,1296,310814,122087900.0,OI2501
2024-10-18 21:51:00,9483,9489,9481,9484,1386,310798,131572980.0,OI2501
2024-10-18 21:52:00,9484,9486,9475,9476,735,310815,69773550.0,OI2501
2024-10-18 21:53:00,9476,9487,9475,9486,842,310904,79931060.0,OI2501
2024-10-18 21:54:00,9485,9486,9482,9485,521,310894,49458530.0,OI2501
2024-10-18 21:55:00,9485,9490,9485,9488,670,310810,63603100.0,OI2501
2024-10-18 21:56:00,9488,9489,9483,9486,750,310998,71197500.0,OI2501
2024-10-18 21:57:00,9486,9499,9484,9495,1729,310952,164133970.0,OI2501
2024-10-18 21:58:00,9495,9498,9492,9497,1234,311121,117143620.0,OI2501
2024-10-18 21:59:00,9496,9500,9491,9494,957,311335,90848010.0,OI2501
2024-10-18 22:00:00,9493,9502,9493,9501,1444,311347,137078920.0,OI2501
2024-10-18 22:01:00,9502,9506,9497,9501,999,311305,94835070.0,OI2501
2024-10-18 22:02:00,9501,9508,9499,9504,1122,311390,106511460.0,OI2501
2024-10-18 22:03:00,9505,9515,9505,9512,1553,311468,148520050.0,OI2501
2024-10-18 22:04:00,9512,9514,9508,9508,1051,311360,99781940.0,OI2501
2024-10-18 22:05:00,9508,9514,9508,9511,1052,311065,99876880.0,OI2501
2024-10-18 22:06:00,9512,9512,9506,9511,994,311076,94370360.0,OI2501
2024-10-18 22:07:00,9510,9524,9509,9512,1751,310863,166239940.0,OI2501
2024-10-18 22:08:00,9512,9513,9506,9510,989,310977,95047790.0,OI2501
2024-10-18 22:09:00,9512,9516,9510,9511,538,310868,51083100.0,OI2501
2024-10-18 22:10:00,9512,9515,9509,9510,647,310989,61432650.0,OI2501
2024-10-18 22:11:00,9510,9511,9498,9501,2610,310236,247819500.0,OI2501
2024-10-18 22:12:00,9501,9502,9495,9501,1208,310273,114699600.0,OI2501
2024-10-18 22:13:00,9501,9506,9500,9504,759,310329,72067050.0,OI2501
2024-10-18 22:14:00,9502,9503,9496,9498,687,310299,65230650.0,OI2501
2024-10-18 22:15:00,9497,9502,9496,9501,574,310481,54501300.0,OI2501
2024-10-18 22:16:00,9500,9508,9495,9503,854,310312,81087300.0,OI2501
2024-10-18 22:17:00,9503,9511,9502,9506,886,310254,84125700.0,OI2501
2024-10-18 22:18:00,9507,9507,9497,9497,444,310258,42157800.0,OI2501
2024-10-18 22:19:00,9497,9498,9485,9486,1423,310238,135113850.0,OI2501
2024-10-18 22:20:00,9486,9486,9481,9482,1235,310322,117263250.0,OI2501
2024-10-18 22:21:00,9483,9490,9481,9484,809,310312,76814550.0,OI2501
2024-10-18 22:22:00,9484,9489,9483,9489,465,310410,44151750.0,OI2501
2024-10-18 22:23:00,9489,9490,9485,9486,655,310384,62192250.0,OI2501
2024-10-18 22:24:00,9486,9493,9485,9491,571,310340,54216450.0,OI2501
2024-10-18 22:25:00,9491,9504,9490,9502,1138,310150,108053100.0,OI2501
2024-10-18 22:26:00,9501,9503,9495,9499,647,310188,61432650.0,OI2501
2024-10-18 22:27:00,9498,9499,9490,9494,551,310008,52317450.0,OI2501
2024-10-18 22:28:00,9495,9496,9488,9494,591,309938,56115450.0,OI2501
2024-10-18 22:29:00,9494,9502,9493,9502,528,309901,50133600.0,OI2501
2024-10-18 22:30:00,9503,9514,9501,9504,2672,309782,253706400.0,OI2501
2024-10-18 22:31:00,9505,9506,9496,9504,864,309835,82036800.0,OI2501
2024-10-18 22:32:00,9505,9509,9499,9505,791,309649,75105450.0,OI2501
2024-10-18 22:33:00,9507,9514,9505,9511,1373,309889,130366350.0,OI2501
2024-10-18 22:34:00,9511,9511,9499,9500,1117,309393,107457650.0,OI2501
2024-10-18 22:35:00,9500,9501,9495,9500,706,309468,67041760.0,OI2501
2024-10-18 22:36:00,9500,9505,9499,9501,282,309426,26778720.0,OI2501
2024-10-18 22:37:00,9501,9501,9495,9501,747,309411,70935120.0,OI2501
2024-10-18 22:38:00,9501,9503,9498,9503,204,309370,19371840.0,OI2501
2024-10-18 22:39:00,9504,9508,9504,9504,543,309208,51563280.0,OI2501
2024-10-18 22:40:00,9503,9503,9494,9496,467,309229,44346320.0,OI2501
2024-10-18 22:41:00,9498,9504,9496,9500,459,309361,43586640.0,OI2501
2024-10-18 22:42:00,9499,9505,9499,9505,324,309255,30767040.0,OI2501
2024-10-18 22:43:00,9504,9505,9501,9502,311,309176,29532560.0,OI2501
2024-10-18 22:44:00,9502,9505,9500,9504,244,309184,23170240.0,OI2501
2024-10-18 22:45:00,9502,9504,9500,9501,255,309196,24214800.0,OI2501
2024-10-18 22:46:00,9500,9503,9498,9499,332,309169,31526720.0,OI2501
2024-10-18 22:47:00,9499,9499,9495,9498,369,309164,35040240.0,OI2501
2024-10-18 22:48:00,9498,9508,9498,9503,590,309110,56026400.0,OI2501
2024-10-18 22:49:00,9503,9523,9503,9517,2229,308627,211665840.0,OI2501
2024-10-18 22:50:00,9517,9523,9511,9523,1514,308590,143769440.0,OI2501
2024-10-18 22:51:00,9521,9523,9513,9517,599,308542,56881040.0,OI2501
2024-10-18 22:52:00,9516,9519,9513,9513,434,308542,41212640.0,OI2501
2024-10-18 22:53:00,9513,9515,9512,9513,327,308541,31051920.0,OI2501
2024-10-18 22:54:00,9513,9513,9510,9513,569,308432,54032240.0,OI2501
2024-10-18 22:55:00,9513,9513,9501,9501,1091,307817,105125820.0,OI2501
2024-10-18 22:56:00,9501,9504,9501,9503,404,307676,38367880.0,OI2501
2024-10-18 22:57:00,9502,9505,9500,9502,416,307545,39507520.0,OI2501
2024-10-18 22:58:00,9500,9514,9499,9509,851,307208,80819470.0,OI2501
2024-10-18 22:59:00,9507,9516,9507,9515,1046,306936,99338620.0,OI2501
2024-10-21 09:00:00,9516,9516,9253,9266,27784,304437,2587421320.0,OI2501
2024-10-21 09:01:00,9265,9275,9217,9275,14758,304173,1363825170.0,OI2501
2024-10-21 09:02:00,9274,9274,9236,9246,14121,303297,1307179540.0,OI2501
2024-10-21 09:03:00,9246,9246,9221,9243,8777,302464,808606760.0,OI2501
2024-10-21 09:04:00,9242,9259,9231,9258,8991,301594,831779720.0,OI2501
2024-10-21 09:05:00,9259,9281,9252,9260,9705,301764,900144210.0,OI2501
2024-10-21 09:06:00,9260,9274,9254,9264,5193,301915,481690050.0,OI2501
2024-10-21 09:07:00,9264,9275,9264,9268,3373,301933,312576920.0,OI2501
2024-10-21 09:08:00,9269,9269,9258,9258,4690,302663,433846150.0,OI2501
2024-10-21 09:09:00,9258,9272,9258,9266,2910,301974,268692600.0,OI2501
2024-10-21 09:10:00,9265,9273,9257,9273,3345,301931,312076050.0,OI2501
2024-10-21 09:11:00,9273,9293,9269,9290,5129,301661,474515570.0,OI2501
2024-10-21 09:12:00,9289,9304,9288,9303,4465,301701,414475870.0,OI2501
2024-10-21 09:13:00,9302,9334,9297,9332,5484,302393,512811960.0,OI2501
2024-10-21 09:14:00,9332,9344,9322,9337,6802,302920,633774200.0,OI2501
2024-10-21 09:15:00,9337,9341,9323,9332,4132,303356,385477140.0,OI2501
2024-10-21 09:16:00,9330,9331,9304,9309,3783,302846,352602460.0,OI2501
2024-10-21 09:17:00,9308,9309,9284,9285,3611,302129,336367400.0,OI2501
2024-10-21 09:18:00,9285,9292,9280,9281,2712,301909,251843120.0,OI2501
2024-10-21 09:19:00,9280,9287,9272,9282,3383,302192,311832800.0,OI2501
2024-10-21 09:20:00,9281,9300,9281,9297,3352,302801,311803210.0,OI2501
2024-10-21 09:21:00,9297,9305,9289,9291,2325,303025,218340750.0,OI2501
2024-10-21 09:22:00,9289,9290,9279,9285,2039,303033,188422220.0,OI2501
2024-10-21 09:23:00,9284,9286,9279,9281,1398,302923,128197950.0,OI2501
2024-10-21 09:24:00,9280,9303,9276,9303,2131,302629,200079590.0,OI2501
2024-10-21 09:25:00,9303,9303,9294,9299,2261,302078,209167120.0,OI2501
2024-10-21 09:26:00,9301,9317,9296,9316,3913,301510,364195140.0,OI2501
2024-10-21 09:27:00,9314,9317,9308,9309,1741,301704,163427670.0,OI2501
2024-10-21 09:28:00,9309,9309,9296,9297,2560,302747,237106890.0,OI2501
2024-10-21 09:29:00,9298,9306,9292,9294,3862,301947,359248390.0,OI2501
2024-10-21 09:30:00,9292,9297,9287,9290,1686,302166,154975310.0,OI2501
2024-10-21 09:31:00,9290,9293,9280,9280,2311,301605,216864240.0,OI2501
2024-10-21 09:32:00,9280,9288,9276,9284,1860,301240,171244900.0,OI2501
2024-10-21 09:33:00,9285,9289,9275,9276,1663,301108,156039290.0,OI2501
2024-10-21 09:34:00,9276,9283,9274,9279,3411,300703,316705890.0,OI2501
2024-10-21 09:35:00,9277,9277,9260,9261,3013,300737,279301290.0,OI2501
2024-10-21 09:36:00,9260,9265,9253,9263,3476,300692,319257300.0,OI2501
2024-10-21 09:37:00,9263,9265,9256,9264,1116,300699,104669640.0,OI2501
2024-10-21 09:38:00,9264,9267,9260,9261,876,300675,82160040.0,OI2501
2024-10-21 09:39:00,9261,9264,9258,9258,976,300680,88096230.0,OI2501
2024-10-21 09:40:00,9259,9273,9258,9271,1319,300604,123695820.0,OI2501
2024-10-21 09:41:00,9270,9272,9254,9255,1179,300719,107098830.0,OI2501
2024-10-21 09:42:00,9256,9261,9251,9251,1952,301054,183039040.0,OI2501
2024-10-21 09:43:00,9251,9257,9250,9257,2730,300424,252477490.0,OI2501
2024-10-21 09:44:00,9257,9257,9246,9250,1697,300508,155579140.0,OI2501
2024-10-21 09:45:00,9251,9251,9240,9240,2699,300860,249472680.0,OI2501
2024-10-21 09:46:00,9240,9248,9237,9243,2257,300890,207990040.0,OI2501
2024-10-21 09:47:00,9242,9243,9235,9238,1507,300842,141251110.0,OI2501
2024-10-21 09:48:00,9239,9239,9230,9230,3865,300550,354996730.0,OI2501
2024-10-21 09:49:00,9232,9232,9215,9215,4327,300585,401805040.0,OI2501
2024-10-21 09:50:00,9213,9213,9200,9200,5017,300541,458908000.0,OI2501
2024-10-21 09:51:00,9201,9204,9190,9204,5780,299548,533840400.0,OI2501
2024-10-21 09:52:00,9203,9221,9202,9214,3733,299205,341948590.0,OI2501
2024-10-21 09:53:00,9215,9225,9213,9221,1354,299108,126775020.0,OI2501
2024-10-21 09:54:00,9221,9221,9203,9204,1837,299089,168142970.0,OI2501
2024-10-21 09:55:00,9205,9208,9197,9198,1638,299285,149477840.0,OI2501
2024-10-21 09:56:00,9199,9211,9197,9207,1326,299445,124126860.0,OI2501
2024-10-21 09:57:00,9207,9220,9206,9219,1480,299855,134643020.0,OI2501
2024-10-21 09:58:00,9219,9219,9209,9212,1431,300025,133941600.0,OI2501
2024-10-21 09:59:00,9211,9218,9209,9215,1195,300202,107925960.0,OI2501
2024-10-21 10:00:00,9214,9214,9202,9209,1668,299865,156108120.0,OI2501
2024-10-21 10:01:00,9208,9230,9208,9228,2106,299651,193136760.0,OI2501
2024-10-21 10:02:00,9227,9235,9219,9235,1862,299429,170263560.0,OI2501
2024-10-21 10:03:00,9235,9236,9205,9205,1792,299305,167677440.0,OI2501
2024-10-21 10:04:00,9205,9223,9205,9221,1037,299494,93021400.0,OI2501
2024-10-21 10:05:00,9223,9228,9219,9225,1135,299575,106190600.0,OI2501
2024-10-21 10:06:00,9226,9233,9223,9226,1187,299516,111055720.0,OI2501
2024-10-21 10:07:00,9225,9233,9225,9233,723,299501,63602740.0,OI2501
2024-10-21 10:08:00,9232,9234,9220,9222,886,299465,82885300.0,OI2501
2024-10-21 10:09:00,9221,9226,9221,9221,585,299523,54726750.0,OI2501
2024-10-21 10:10:00,9222,9227,9208,9208,763,299389,71378650.0,OI2501
2024-10-21 10:11:00,9208,9212,9205,9212,938,299614,83677040.0,OI2501
2024-10-21 10:12:00,9213,9221,9211,9220,756,299629,70716240.0,OI2501
2024-10-21 10:13:00,9220,9223,9216,9220,536,299585,50137440.0,OI2501
2024-10-21 10:14:00,9221,9221,9216,9218,427,299557,39941580.0,OI2501
2024-10-21 10:30:00,9225,9246,9225,9245,2747,299566,252836860.0,OI2501
2024-10-21 10:31:00,9243,9243,9224,9230,1621,299687,151612130.0,OI2501
2024-10-21 10:32:00,9231,9233,9226,9231,1221,299672,110054190.0,OI2501
2024-10-21 10:33:00,9231,9254,9226,9251,2389,299556,223419280.0,OI2501
2024-10-21 10:34:00,9251,9258,9246,9253,2048,299543,187338650.0,OI2501
2024-10-21 10:35:00,9252,9252,9241,9249,1746,299762,163268460.0,OI2501
2024-10-21 10:36:00,9249,9266,9248,9264,2125,299381,194479730.0,OI2501
2024-10-21 10:37:00,9264,9273,9260,9273,1561,299274,145953500.0,OI2501
2024-10-21 10:38:00,9274,9275,9266,9268,1399,299189,130806500.0,OI2501
2024-10-21 10:39:00,9269,9282,9269,9282,3032,298969,279203060.0,OI2501
2024-10-21 10:40:00,9281,9283,9260,9261,2104,298792,196702960.0,OI2501
2024-10-21 10:41:00,9260,9272,9254,9265,1248,298767,112353060.0,OI2501
2024-10-21 10:42:00,9262,9265,9245,9246,1731,298788,161813880.0,OI2501
2024-10-21 10:43:00,9247,9256,9243,9256,1551,298578,144987480.0,OI2501
2024-10-21 10:44:00,9258,9269,9255,9268,2942,298450,270633460.0,OI2501
2024-10-21 10:45:00,9268,9274,9262,9273,1178,298324,110107660.0,OI2501
2024-10-21 10:46:00,9272,9277,9269,9269,915,298239,85525050.0,OI2501
2024-10-21 10:47:00,9268,9269,9258,9259,1637,298076,148588390.0,OI2501
2024-10-21 10:48:00,9260,9265,9257,9261,606,298085,56636760.0,OI2501
2024-10-21 10:49:00,9262,9275,9257,9272,999,298116,93366540.0,OI2501
2024-10-21 10:50:00,9271,9282,9271,9280,1226,298094,114581960.0,OI2501
2024-10-21 10:51:00,9280,9292,9279,9289,1769,297705,165330740.0,OI2501
2024-10-21 10:52:00,9289,9290,9277,9289,1436,297811,134208560.0,OI2501
2024-10-21 10:53:00,9289,9293,9281,9283,1129,297515,101022690.0,OI2501
2024-10-21 10:54:00,9283,9295,9280,9292,1021,297406,95412450.0,OI2501
2024-10-21 10:55:00,9291,9296,9283,9292,1433,297149,133913850.0,OI2501
2024-10-21 10:56:00,9290,9291,9285,9285,725,296979,67751250.0,OI2501
2024-10-21 10:57:00,9285,9286,9269,9271,1593,296413,148865850.0,OI2501
2024-10-21 10:58:00,9273,9283,9273,9277,1027,296607,95973150.0,OI2501
2024-10-21 10:59:00,9277,9282,9274,9280,615,296570,57471750.0,OI2501
2024-10-21 11:00:00,9281,9281,9270,9271,689,296426,59822370.0,OI2501
2024-10-21 11:01:00,9270,9275,9263,9269,1371,296204,128106240.0,OI2501
2024-10-21 11:02:00,9268,9295,9268,9295,1839,295809,171836160.0,OI2501
2024-10-21 11:03:00,9295,9304,9275,9281,2460,295643,229862400.0,OI2501
2024-10-21 11:04:00,9281,9290,9276,9277,1219,295649,113903360.0,OI2501
2024-10-21 11:05:00,9278,9285,9278,9283,596,295610,51050710.0,OI2501
2024-10-21 11:06:00,9284,9285,9271,9278,1227,295395,114638610.0,OI2501
2024-10-21 11:07:00,9279,9280,9270,9271,903,295349,84367290.0,OI2501
2024-10-21 11:08:00,9272,9280,9272,9280,1072,294783,100156960.0,OI2501
2024-10-21 11:09:00,9280,9284,9279,9280,453,294688,42323790.0,OI2501
2024-10-21 11:10:00,9281,9295,9280,9291,974,294636,91000820.0,OI2501
2024-10-21 11:11:00,9293,9293,9288,9291,1279,294730,119496970.0,OI2501
2024-10-21 11:12:00,9292,9298,9289,9294,1280,294973,119590400.0,OI2501
2024-10-21 11:13:00,9290,9294,9287,9292,1080,294862,96182190.0,OI2501
2024-10-21 11:14:00,9291,9292,9284,9289,950,294709,88749000.0,OI2501
2024-10-21 11:15:00,9287,9293,9278,9279,1192,294704,111356640.0,OI2501
2024-10-21 11:16:00,9281,9282,9276,9277,1261,294100,117802620.0,OI2501
2024-10-21 11:17:00,9279,9281,9276,9277,1276,293642,119203920.0,OI2501
2024-10-21 11:18:00,9276,9285,9276,9284,856,293386,79967520.0,OI2501
2024-10-21 11:19:00,9284,9300,9281,9298,1096,293398,102388320.0,OI2501
2024-10-21 11:20:00,9298,9301,9294,9295,841,293414,78566220.0,OI2501
2024-10-21 11:21:00,9295,9300,9292,9294,387,293427,31352740.0,OI2501
2024-10-21 11:22:00,9295,9300,9294,9299,472,293457,44089520.0,OI2501
2024-10-21 11:23:00,9299,9299,9287,9290,484,293337,45210440.0,OI2501
2024-10-21 11:24:00,9290,9290,9279,9281,676,293148,63145160.0,OI2501
2024-10-21 11:25:00,9282,9290,9280,9288,562,293070,52496420.0,OI2501
2024-10-21 11:26:00,9289,9294,9288,9288,287,293025,26808670.0,OI2501
2024-10-21 11:27:00,9287,9293,9282,9292,637,293029,59502170.0,OI2501
2024-10-21 11:28:00,9293,9295,9287,9291,664,293152,62024240.0,OI2501
2024-10-21 11:29:00,9291,9295,9284,9291,1065,293062,99481650.0,OI2501
2024-10-21 13:30:00,9288,9298,9288,9289,1352,293133,126290320.0,OI2501
2024-10-21 13:31:00,9288,9314,9287,9313,2186,293373,204194260.0,OI2501
2024-10-21 13:32:00,9314,9320,9311,9319,1865,293590,174209650.0,OI2501
2024-10-21 13:33:00,9317,9320,9311,9312,869,293659,81173290.0,OI2501
2024-10-21 13:34:00,9311,9314,9309,9310,651,293635,60809910.0,OI2501
2024-10-21 13:35:00,9310,9324,9310,9323,983,293701,86893700.0,OI2501
2024-10-21 13:36:00,9324,9328,9317,9317,1423,293558,132908200.0,OI2501
2024-10-21 13:37:00,9318,9321,9309,9309,1271,293275,118711400.0,OI2501
2024-10-21 13:38:00,9310,9310,9297,9300,1240,293094,115816000.0,OI2501
2024-10-21 13:39:00,9300,9303,9299,9299,644,293181,60149600.0,OI2501
2024-10-21 13:40:00,9299,9303,9297,9303,760,293109,70984000.0,OI2501
2024-10-21 13:41:00,9301,9308,9301,9306,528,293074,49315200.0,OI2501
2024-10-21 13:42:00,9307,9313,9306,9308,674,293117,62951600.0,OI2501
2024-10-21 13:43:00,9308,9314,9308,9314,570,293055,53238000.0,OI2501
2024-10-21 13:44:00,9314,9319,9313,9318,593,293058,55386200.0,OI2501
2024-10-21 13:45:00,9318,9321,9314,9314,689,293017,64352600.0,OI2501
2024-10-21 13:46:00,9314,9320,9314,9320,748,293063,69863200.0,OI2501
2024-10-21 13:47:00,9321,9330,9321,9327,1394,293071,130199600.0,OI2501
2024-10-21 13:48:00,9326,9327,9317,9317,641,293052,59869400.0,OI2501
2024-10-21 13:49:00,9316,9320,9315,9320,459,293063,42870600.0,OI2501
2024-10-21 13:50:00,9320,9326,9320,9325,585,293139,54639000.0,OI2501
2024-10-21 13:51:00,9326,9330,9324,9327,1009,293176,94240600.0,OI2501
2024-10-21 13:52:00,9328,9331,9326,9326,1062,293076,99190800.0,OI2501
2024-10-21 13:53:00,9326,9327,9318,9318,696,292977,65006400.0,OI2501
2024-10-21 13:54:00,9318,9320,9316,9316,452,293017,42216800.0,OI2501
2024-10-21 13:55:00,9316,9317,9308,9314,1322,292939,123474800.0,OI2501
2024-10-21 13:56:00,9313,9314,9311,9312,679,292958,63418600.0,OI2501
2024-10-21 13:57:00,9313,9318,9310,9310,1479,293257,138138600.0,OI2501
2024-10-21 13:58:00,9310,9310,9299,9300,3324,291658,305310850.0,OI2501
2024-10-21 13:59:00,9301,9316,9300,9313,1070,291528,99927300.0,OI2501
2024-10-21 14:00:00,9313,9318,9305,9305,1295,291102,120940050.0,OI2501
2024-10-21 14:01:00,9305,9307,9299,9303,1108,291202,103476120.0,OI2501
2024-10-21 14:02:00,9303,9311,9303,9305,1372,291114,128131080.0,OI2501
2024-10-21 14:03:00,9305,9309,9301,9308,1201,290998,112161390.0,OI2501
2024-10-21 14:04:00,9308,9314,9303,9312,1121,290955,104690190.0,OI2501
2024-10-21 14:05:00,9312,9317,9309,9310,599,290911,55940610.0,OI2501
2024-10-21 14:06:00,9311,9314,9308,9310,640,290822,59769600.0,OI2501
2024-10-21 14:07:00,9310,9310,9300,9301,937,290784,87506430.0,OI2501
2024-10-21 14:08:00,9301,9301,9285,9286,1607,290759,150077730.0,OI2501
2024-10-21 14:09:00,9285,9295,9284,9290,1477,290606,132662010.0,OI2501
2024-10-21 14:10:00,9290,9293,9288,9289,659,290500,61537420.0,OI2501
2024-10-21 14:11:00,9289,9290,9275,9276,2156,290488,201327280.0,OI2501
2024-10-21 14:12:00,9277,9282,9276,9282,653,290527,60977140.0,OI2501
2024-10-21 14:13:00,9282,9290,9279,9288,897,290399,83761860.0,OI2501
2024-10-21 14:14:00,9289,9289,9284,9285,441,290393,41180580.0,OI2501
2024-10-21 14:15:00,9285,9287,9279,9287,1050,290532,98049000.0,OI2501
2024-10-21 14:16:00,9289,9293,9283,9290,1934,290062,180596920.0,OI2501
2024-10-21 14:17:00,9290,9291,9280,9291,621,290112,57988980.0,OI2501
2024-10-21 14:18:00,9291,9298,9288,9290,713,290074,66579940.0,OI2501
2024-10-21 14:19:00,9291,9294,9287,9287,572,289839,53413360.0,OI2501
2024-10-21 14:20:00,9286,9287,9282,9283,340,289838,31749200.0,OI2501
2024-10-21 14:21:00,9283,9283,9276,9278,883,290024,77070330.0,OI2501
2024-10-21 14:22:00,9278,9281,9269,9272,1353,290059,126329610.0,OI2501
2024-10-21 14:23:00,9271,9274,9267,9271,1050,289923,98038500.0,OI2501
2024-10-21 14:24:00,9271,9271,9258,9260,1473,289933,137534010.0,OI2501
2024-10-21 14:25:00,9261,9262,9256,9256,973,289714,90849010.0,OI2501
2024-10-21 14:26:00,9258,9273,9257,9269,1244,289529,116152280.0,OI2501
2024-10-21 14:27:00,9269,9274,9268,9269,543,289497,50699910.0,OI2501
2024-10-21 14:28:00,9269,9271,9264,9271,547,289583,45617350.0,OI2501
2024-10-21 14:29:00,9270,9271,9267,9268,458,289641,42758880.0,OI2501
2024-10-21 14:30:00,9268,9270,9266,9270,436,289654,40704960.0,OI2501
2024-10-21 14:31:00,9270,9277,9270,9274,957,289576,89345520.0,OI2501
2024-10-21 14:32:00,9274,9274,9268,9269,367,289504,34263120.0,OI2501
2024-10-21 14:33:00,9268,9286,9267,9285,1302,289283,121554720.0,OI2501
2024-10-21 14:34:00,9284,9286,9280,9280,600,289159,56016000.0,OI2501
2024-10-21 14:35:00,9281,9281,9278,9279,265,289135,24740400.0,OI2501
2024-10-21 14:36:00,9280,9280,9263,9263,901,288981,84117360.0,OI2501
2024-10-21 14:37:00,9263,9272,9263,9266,1067,288750,99615120.0,OI2501
2024-10-21 14:38:00,9266,9270,9264,9264,476,288861,44439360.0,OI2501
2024-10-21 14:39:00,9264,9268,9263,9268,496,288962,46306560.0,OI2501
2024-10-21 14:40:00,9268,9276,9267,9272,816,288950,76181760.0,OI2501
2024-10-21 14:41:00,9272,9272,9267,9270,347,288910,32395920.0,OI2501
2024-10-21 14:42:00,9270,9275,9268,9273,378,288936,29745380.0,OI2501
2024-10-21 14:43:00,9274,9276,9265,9268,645,288744,60210750.0,OI2501
2024-10-21 14:44:00,9268,9277,9268,9277,622,288756,58063700.0,OI2501
2024-10-21 14:45:00,9276,9278,9272,9278,425,288706,39673750.0,OI2501
2024-10-21 14:46:00,9277,9285,9276,9284,957,288591,89335950.0,OI2501
2024-10-21 14:47:00,9284,9285,9282,9283,464,288647,43314400.0,OI2501
2024-10-21 14:48:00,9284,9285,9278,9282,782,288484,72999700.0,OI2501
2024-10-21 14:49:00,9284,9285,9279,9281,632,288360,58997200.0,OI2501
2024-10-21 14:50:00,9282,9284,9276,9276,523,288241,48822050.0,OI2501
2024-10-21 14:51:00,9276,9285,9276,9284,968,287827,90362800.0,OI2501
2024-10-21 14:52:00,9284,9286,9282,9285,629,287601,58717150.0,OI2501
2024-10-21 14:53:00,9285,9297,9284,9296,1256,287381,117247600.0,OI2501
2024-10-21 14:54:00,9295,9299,9290,9291,1593,287463,148706550.0,OI2501
2024-10-21 14:55:00,9292,9296,9291,9295,804,287167,75053400.0,OI2501
2024-10-21 14:56:00,9294,9295,9289,9290,1762,285881,158817380.0,OI2501
2024-10-21 14:57:00,9290,9294,9289,9293,1042,285607,97260280.0,OI2501
2024-10-21 14:58:00,9295,9295,9284,9286,1315,285014,122742100.0,OI2501
2024-10-21 14:59:00,9288,9288,9272,9273,1813,284473,169225420.0,OI2501
2024-10-21 21:00:00,9278,9307,9278,9289,7580,284783,704409400.0,OI2501
2024-10-21 21:01:00,9290,9290,9253,9254,5712,285374,529486960.0,OI2501
2024-10-21 21:02:00,9254,9260,9240,9242,4615,285909,426798820.0,OI2501
2024-10-21 21:03:00,9240,9262,9238,9260,4642,285841,429371630.0,OI2501
2024-10-21 21:04:00,9261,9263,9255,9261,1643,285975,152289670.0,OI2501
2024-10-21 21:05:00,9261,9275,9260,9272,2866,285784,265649540.0,OI2501
2024-10-21 21:06:00,9272,9275,9269,9273,1796,285904,166471240.0,OI2501
2024-10-21 21:07:00,9273,9273,9259,9259,1921,286229,178057490.0,OI2501
2024-10-21 21:08:00,9259,9269,9259,9266,1036,286376,96026840.0,OI2501
2024-10-21 21:09:00,9267,9272,9263,9268,705,286460,65346450.0,OI2501
2024-10-21 21:10:00,9268,9270,9259,9262,1202,286462,111413380.0,OI2501
2024-10-21 21:11:00,9262,9269,9261,9266,1465,286569,135439020.0,OI2501
2024-10-21 21:12:00,9266,9271,9266,9271,1731,287071,160429080.0,OI2501
2024-10-21 21:13:00,9272,9275,9264,9266,1263,287133,117054840.0,OI2501
2024-10-21 21:14:00,9267,9279,9266,9276,1155,287271,107438720.0,OI2501
2024-10-21 21:15:00,9277,9278,9266,9268,1296,287367,120126240.0,OI2501
2024-10-21 21:16:00,9268,9280,9266,9280,3294,287500,305320860.0,OI2501
2024-10-21 21:17:00,9280,9286,9278,9286,1819,287538,168603110.0,OI2501
2024-10-21 21:18:00,9285,9293,9282,9284,2611,287673,242497110.0,OI2501
2024-10-21 21:19:00,9283,9292,9283,9289,1177,287903,109603190.0,OI2501
2024-10-21 21:20:00,9291,9293,9287,9290,1249,288193,115794790.0,OI2501
2024-10-21 21:21:00,9289,9291,9284,9284,1013,288147,94433140.0,OI2501
2024-10-21 21:22:00,9284,9286,9281,9282,875,288263,81130000.0,OI2501
2024-10-21 21:23:00,9283,9283,9278,9280,799,288386,74083280.0,OI2501
2024-10-21 21:24:00,9281,9281,9272,9273,874,288353,81037280.0,OI2501
2024-10-21 21:25:00,9274,9282,9273,9280,706,288261,65460320.0,OI2501
2024-10-21 21:26:00,9281,9282,9275,9276,615,288324,57022800.0,OI2501
2024-10-21 21:27:00,9277,9280,9276,9278,460,288353,42651200.0,OI2501
2024-10-21 21:28:00,9279,9283,9276,9283,504,288417,46730880.0,OI2501
2024-10-21 21:29:00,9282,9285,9280,9282,611,288375,56651920.0,OI2501
2024-10-21 21:30:00,9284,9286,9279,9285,862,288337,80505610.0,OI2501
2024-10-21 21:31:00,9286,9292,9282,9284,1584,288052,146884320.0,OI2501
2024-10-21 21:32:00,9285,9296,9285,9291,1387,287929,128616510.0,OI2501
2024-10-21 21:33:00,9291,9301,9291,9293,2298,287982,213727200.0,OI2501
2024-10-21 21:34:00,9294,9299,9294,9298,807,287964,75482910.0,OI2501
2024-10-21 21:35:00,9297,9301,9294,9295,1133,287923,105085750.0,OI2501
2024-10-21 21:36:00,9295,9300,9293,9296,1099,287921,101932250.0,OI2501
2024-10-21 21:37:00,9295,9305,9294,9295,1622,287758,151120770.0,OI2501
2024-10-21 21:38:00,9296,9299,9292,9292,828,287730,76805280.0,OI2501
2024-10-21 21:39:00,9293,9294,9289,9292,757,287700,70219320.0,OI2501
2024-10-21 21:40:00,9292,9298,9291,9295,990,288047,92538420.0,OI2501
2024-10-21 21:41:00,9294,9296,9285,9296,1318,287956,122270860.0,OI2501
2024-10-21 21:42:00,9297,9319,9297,9315,3879,287901,361370810.0,OI2501
2024-10-21 21:43:00,9316,9317,9307,9315,1619,288057,150227010.0,OI2501
2024-10-21 21:44:00,9314,9323,9313,9320,2141,288131,199458980.0,OI2501
2024-10-21 21:45:00,9321,9322,9311,9314,1430,288146,133513890.0,OI2501
2024-10-21 21:46:00,9314,9318,9310,9311,775,288081,71927750.0,OI2501
2024-10-21 21:47:00,9310,9312,9307,9309,916,288110,85840760.0,OI2501
2024-10-21 21:48:00,9309,9315,9308,9315,685,288156,63581700.0,OI2501
2024-10-21 21:49:00,9313,9314,9309,9311,402,288217,37313640.0,OI2501
2024-10-21 21:50:00,9313,9313,9307,9308,611,288273,56713020.0,OI2501
2024-10-21 21:51:00,9306,9316,9306,9312,1059,288083,99150750.0,OI2501
2024-10-21 21:52:00,9314,9320,9314,9317,925,288210,85867750.0,OI2501
2024-10-21 21:53:00,9319,9319,9308,9312,1324,288380,122906920.0,OI2501
2024-10-21 21:54:00,9314,9316,9310,9311,535,288346,50546260.0,OI2501
2024-10-21 21:55:00,9310,9313,9305,9307,802,288210,74457680.0,OI2501
2024-10-21 21:56:00,9306,9307,9295,9299,1603,288044,148822520.0,OI2501
2024-10-21 21:57:00,9299,9306,9299,9304,539,288108,50040760.0,OI2501
2024-10-21 21:58:00,9304,9306,9300,9306,415,288188,38528600.0,OI2501
2024-10-21 21:59:00,9306,9313,9306,9309,715,288198,66380600.0,OI2501
2024-10-21 22:00:00,9309,9310,9305,9308,586,288215,55333050.0,OI2501
2024-10-21 22:01:00,9308,9314,9303,9306,814,288425,75579900.0,OI2501
2024-10-21 22:02:00,9306,9306,9300,9300,853,288315,79201050.0,OI2501
2024-10-21 22:03:00,9300,9302,9297,9297,1078,288434,100092300.0,OI2501
2024-10-21 22:04:00,9297,9305,9296,9301,974,288375,90435900.0,OI2501
2024-10-21 22:05:00,9301,9303,9296,9297,656,288428,60909600.0,OI2501
2024-10-21 22:06:00,9297,9302,9292,9300,1223,288138,114540340.0,OI2501
2024-10-21 22:07:00,9301,9306,9297,9304,1244,288498,115517840.0,OI2501
2024-10-21 22:08:00,9305,9305,9293,9293,903,288369,83852580.0,OI2501
2024-10-21 22:09:00,9295,9303,9293,9303,749,288507,69552140.0,OI2501
2024-10-21 22:10:00,9302,9307,9300,9303,588,288582,54601680.0,OI2501
2024-10-21 22:11:00,9303,9306,9302,9304,549,288623,50980140.0,OI2501
2024-10-21 22:12:00,9305,9306,9299,9300,300,288596,27858000.0,OI2501
2024-10-21 22:13:00,9300,9301,9289,9289,603,288445,55994580.0,OI2501
2024-10-21 22:14:00,9288,9299,9287,9295,910,288389,84502600.0,OI2501
2024-10-21 22:15:00,9295,9298,9292,9298,330,288381,30643800.0,OI2501
2024-10-21 22:16:00,9297,9298,9292,9295,238,288417,22100680.0,OI2501
2024-10-21 22:17:00,9296,9299,9295,9296,306,288486,28415160.0,OI2501
2024-10-21 22:18:00,9296,9303,9296,9302,404,288475,37515440.0,OI2501
2024-10-21 22:19:00,9302,9303,9297,9298,430,288617,39929800.0,OI2501
2024-10-21 22:20:00,9298,9301,9294,9301,421,288647,40158600.0,OI2501
2024-10-21 22:21:00,9301,9305,9300,9301,547,288655,50799890.0,OI2501
2024-10-21 22:22:00,9301,9301,9290,9294,807,288557,74946090.0,OI2501
2024-10-21 22:23:00,9293,9295,9289,9293,548,288520,50892760.0,OI2501
2024-10-21 22:24:00,9291,9291,9282,9285,1799,288283,167073130.0,OI2501
2024-10-21 22:25:00,9285,9291,9282,9284,738,288271,68538060.0,OI2501
2024-10-21 22:26:00,9284,9290,9282,9290,905,288266,84047350.0,OI2501
2024-10-21 22:27:00,9291,9291,9286,9288,267,288225,24796290.0,OI2501
2024-10-21 22:28:00,9288,9292,9286,9289,653,288303,60644110.0,OI2501
2024-10-21 22:29:00,9289,9294,9287,9293,382,288294,35476340.0,OI2501
2024-10-21 22:30:00,9292,9294,9290,9293,319,288374,29625530.0,OI2501
2024-10-21 22:31:00,9293,9298,9290,9290,728,288304,67609360.0,OI2501
2024-10-21 22:32:00,9292,9294,9287,9288,683,288065,63430210.0,OI2501
2024-10-21 22:33:00,9288,9289,9276,9276,1145,287915,106336150.0,OI2501
2024-10-21 22:34:00,9276,9277,9271,9277,1162,287799,107914940.0,OI2501
2024-10-21 22:35:00,9276,9279,9274,9275,662,287897,61479940.0,OI2501
2024-10-21 22:36:00,9276,9283,9273,9282,857,288037,78403030.0,OI2501
2024-10-21 22:37:00,9281,9281,9277,9279,270,287989,25072200.0,OI2501
2024-10-21 22:38:00,9279,9282,9278,9282,337,287998,31293820.0,OI2501
2024-10-21 22:39:00,9282,9284,9279,9280,313,288002,29065180.0,OI2501
2024-10-21 22:40:00,9281,9283,9278,9280,310,287985,28786600.0,OI2501
2024-10-21 22:41:00,9280,9285,9280,9280,448,287975,41601280.0,OI2501
2024-10-21 22:42:00,9280,9284,9278,9283,285,288005,26465100.0,OI2501
2024-10-21 22:43:00,9282,9282,9275,9277,519,287981,48194340.0,OI2501
2024-10-21 22:44:00,9277,9280,9275,9277,378,287950,35101080.0,OI2501
2024-10-21 22:45:00,9276,9276,9265,9269,1725,287630,160183500.0,OI2501
2024-10-21 22:46:00,9269,9274,9268,9274,802,287595,74473720.0,OI2501
2024-10-21 22:47:00,9275,9275,9271,9272,847,287506,78652420.0,OI2501
2024-10-21 22:48:00,9272,9274,9271,9273,437,287405,40579820.0,OI2501
2024-10-21 22:49:00,9272,9274,9268,9269,484,287328,44944240.0,OI2501
2024-10-21 22:50:00,9269,9271,9261,9265,871,287292,80881060.0,OI2501
2024-10-21 22:51:00,9265,9273,9263,9272,883,287241,80719730.0,OI2501
2024-10-21 22:52:00,9272,9275,9270,9274,370,287131,34354500.0,OI2501
2024-10-21 22:53:00,9272,9273,9270,9271,260,287136,24141000.0,OI2501
2024-10-21 22:54:00,9271,9278,9271,9275,658,286959,61095300.0,OI2501
2024-10-21 22:55:00,9277,9279,9274,9279,494,286888,45867900.0,OI2501
2024-10-21 22:56:00,9278,9279,9272,9273,312,286798,28969200.0,OI2501
2024-10-21 22:57:00,9270,9281,9270,9281,802,286512,74465700.0,OI2501
2024-10-21 22:58:00,9281,9281,9276,9277,483,286331,44846550.0,OI2501
2024-10-21 22:59:00,9276,9285,9276,9283,996,285830,92478600.0,OI2501
2024-10-22 09:00:00,9288,9302,9284,9286,3009,286200,279385650.0,OI2501
2024-10-22 09:01:00,9287,9288,9272,9274,2220,286086,206127000.0,OI2501
2024-10-22 09:02:00,9272,9272,9259,9262,2124,286452,197213400.0,OI2501
2024-10-22 09:03:00,9263,9268,9257,9267,2530,286855,234910500.0,OI2501
2024-10-22 09:04:00,9265,9273,9264,9269,1103,286907,100984290.0,OI2501
2024-10-22 09:05:00,9270,9270,9264,9270,810,287058,75200400.0,OI2501
2024-10-22 09:06:00,9269,9270,9263,9263,805,287176,74736200.0,OI2501
2024-10-22 09:07:00,9263,9268,9261,9264,789,287284,73250760.0,OI2501
2024-10-22 09:08:00,9266,9278,9263,9275,1326,287029,123105840.0,OI2501
2024-10-22 09:09:00,9275,9277,9272,9276,605,287121,56168200.0,OI2501
2024-10-22 09:10:00,9275,9289,9274,9289,2646,287073,245654640.0,OI2501
2024-10-22 09:11:00,9288,9289,9273,9275,876,287059,81327840.0,OI2501
2024-10-22 09:12:00,9275,9283,9274,9282,1286,287076,119392240.0,OI2501
2024-10-22 09:13:00,9283,9288,9281,9286,600,287144,55704000.0,OI2501
2024-10-22 09:14:00,9287,9294,9284,9293,940,287161,87269600.0,OI2501
2024-10-22 09:15:00,9294,9297,9290,9294,1234,287173,114564560.0,OI2501
2024-10-22 09:16:00,9293,9295,9287,9290,761,287161,70651240.0,OI2501
2024-10-22 09:17:00,9290,9305,9289,9293,1813,287211,168318920.0,OI2501
2024-10-22 09:18:00,9292,9294,9285,9287,827,287265,76778680.0,OI2501
2024-10-22 09:19:00,9286,9287,9275,9276,1891,287647,175560440.0,OI2501
2024-10-22 09:20:00,9276,9281,9272,9280,988,287763,91725920.0,OI2501
2024-10-22 09:21:00,9280,9285,9278,9281,599,287914,55611160.0,OI2501
2024-10-22 09:22:00,9280,9286,9280,9282,366,287916,33979440.0,OI2501
2024-10-22 09:23:00,9283,9284,9276,9283,690,287864,64059600.0,OI2501
2024-10-22 09:24:00,9284,9292,9282,9292,864,287965,80213760.0,OI2501
2024-10-22 09:25:00,9291,9291,9283,9288,713,287962,66194920.0,OI2501
2024-10-22 09:26:00,9288,9290,9286,9289,381,288054,35372040.0,OI2501
2024-10-22 09:27:00,9288,9296,9288,9294,844,288144,78356960.0,OI2501
2024-10-22 09:28:00,9295,9298,9292,9292,790,288060,73343600.0,OI2501
2024-10-22 09:29:00,9292,9301,9289,9300,1201,288121,111500840.0,OI2501
2024-10-22 09:30:00,9301,9305,9297,9300,1276,288232,118463840.0,OI2501
2024-10-22 09:31:00,9300,9305,9291,9291,1499,288103,140870620.0,OI2501
2024-10-22 09:32:00,9291,9300,9288,9298,705,288088,65459250.0,OI2501
2024-10-22 09:33:00,9297,9303,9296,9301,481,288108,44660850.0,OI2501
2024-10-22 09:34:00,9301,9324,9301,9321,3395,288254,315225750.0,OI2501
2024-10-22 09:35:00,9322,9323,9314,9318,1727,288366,162118490.0,OI2501
2024-10-22 09:36:00,9318,9323,9311,9317,1354,288220,125732440.0,OI2501
2024-10-22 09:37:00,9318,9324,9318,9323,855,288278,79395300.0,OI2501
2024-10-22 09:38:00,9321,9321,9314,9318,693,288213,64351980.0,OI2501
2024-10-22 09:39:00,9318,9318,9307,9307,893,288113,82923980.0,OI2501
2024-10-22 09:40:00,9307,9312,9304,9307,1088,288016,101031680.0,OI2501
2024-10-22 09:41:00,9307,9310,9304,9306,651,288012,60451860.0,OI2501
2024-10-22 09:42:00,9306,9311,9300,9311,1076,288070,101750000.0,OI2501
2024-10-22 09:43:00,9309,9314,9304,9305,1270,288128,117944900.0,OI2501
2024-10-22 09:44:00,9305,9310,9304,9308,393,288177,36497910.0,OI2501
2024-10-22 09:45:00,9309,9318,9308,9314,749,288391,69559630.0,OI2501
2024-10-22 09:46:00,9314,9314,9305,9305,553,288443,51357110.0,OI2501
2024-10-22 09:47:00,9305,9315,9304,9313,712,288466,66123440.0,OI2501
2024-10-22 09:48:00,9313,9318,9310,9312,538,288537,49964060.0,OI2501
2024-10-22 09:49:00,9310,9314,9310,9312,389,288605,36126430.0,OI2501
2024-10-22 09:50:00,9311,9317,9308,9312,541,288592,50242670.0,OI2501
2024-10-22 09:51:00,9313,9321,9313,9318,563,288625,52285810.0,OI2501
2024-10-22 09:52:00,9318,9321,9313,9318,468,288638,43463160.0,OI2501
2024-10-22 09:53:00,9319,9328,9317,9327,1194,288759,112793120.0,OI2501
2024-10-22 09:54:00,9327,9343,9327,9338,3641,288963,338176080.0,OI2501
2024-10-22 09:55:00,9338,9339,9329,9333,1379,289027,130038060.0,OI2501
2024-10-22 09:56:00,9333,9333,9321,9323,1487,288951,138127430.0,OI2501
2024-10-22 09:57:00,9323,9325,9319,9325,849,289095,78863610.0,OI2501
2024-10-22 09:58:00,9324,9330,9323,9324,777,289217,72175530.0,OI2501
2024-10-22 09:59:00,9323,9324,9317,9319,726,289105,67438140.0,OI2501
2024-10-22 10:00:00,9319,9329,9318,9328,845,289079,80495430.0,OI2501
2024-10-22 10:01:00,9328,9339,9328,9335,1275,289280,118447500.0,OI2501
2024-10-22 10:02:00,9334,9335,9329,9333,549,289316,51002100.0,OI2501
2024-10-22 10:03:00,9333,9354,9333,9349,2958,289349,276849400.0,OI2501
2024-10-22 10:04:00,9350,9352,9346,9352,1414,289374,131374740.0,OI2501
2024-10-22 10:05:00,9351,9352,9345,9346,1325,289413,125184340.0,OI2501
2024-10-22 10:06:00,9346,9351,9344,9349,863,289618,80189960.0,OI2501
2024-10-22 10:07:00,9348,9350,9338,9339,1194,289412,110946480.0,OI2501
2024-10-22 10:08:00,9337,9344,9336,9338,1579,289304,146720680.0,OI2501
2024-10-22 10:09:00,9339,9345,9335,9344,867,289291,82685260.0,OI2501
2024-10-22 10:10:00,9345,9348,9343,9345,476,289314,44234680.0,OI2501
2024-10-22 10:11:00,9346,9349,9344,9344,906,289089,84194580.0,OI2501
2024-10-22 10:12:00,9345,9345,9335,9343,963,289027,89491590.0,OI2501
2024-10-22 10:13:00,9343,9348,9342,9343,566,288944,52598380.0,OI2501
2024-10-22 10:14:00,9342,9342,9333,9336,780,288853,74645930.0,OI2501
2024-10-22 10:30:00,9335,9341,9332,9340,925,288970,85969500.0,OI2501
2024-10-22 10:31:00,9340,9368,9340,9365,3856,289062,360584980.0,OI2501
2024-10-22 10:32:00,9363,9371,9360,9362,2541,288859,238419700.0,OI2501
2024-10-22 10:33:00,9363,9373,9363,9366,1782,288986,165654720.0,OI2501
2024-10-22 10:34:00,9367,9367,9358,9361,941,288884,87475360.0,OI2501
2024-10-22 10:35:00,9360,9363,9356,9356,823,288969,78775290.0,OI2501
2024-10-22 10:36:00,9357,9358,9348,9351,1151,288787,107008470.0,OI2501
2024-10-22 10:37:00,9351,9351,9343,9345,975,288702,90645750.0,OI2501
2024-10-22 10:38:00,9344,9352,9344,9349,627,288698,58292190.0,OI2501
2024-10-22 10:39:00,9349,9351,9344,9350,470,288659,43695900.0,OI2501
2024-10-22 10:40:00,9350,9354,9350,9351,398,288647,37002060.0,OI2501
2024-10-22 10:41:00,9350,9355,9350,9352,529,288625,51491840.0,OI2501
2024-10-22 10:42:00,9352,9354,9344,9354,908,288540,84425840.0,OI2501
2024-10-22 10:43:00,9353,9358,9352,9352,587,288667,54579260.0,OI2501
2024-10-22 10:44:00,9352,9356,9347,9347,403,288659,37470940.0,OI2501
2024-10-22 10:45:00,9346,9349,9339,9340,1249,288556,116132020.0,OI2501
2024-10-22 10:46:00,9339,9345,9335,9344,1051,288458,97721980.0,OI2501
2024-10-22 10:47:00,9343,9347,9340,9340,506,288476,49405630.0,OI2501
2024-10-22 10:48:00,9342,9344,9338,9338,450,288444,41845500.0,OI2501
2024-10-22 10:49:00,9338,9343,9333,9333,635,288475,59048650.0,OI2501
2024-10-22 10:50:00,9333,9336,9327,9328,997,288400,92711030.0,OI2501
2024-10-22 10:51:00,9329,9341,9327,9338,1043,288514,96988570.0,OI2501
2024-10-22 10:52:00,9339,9340,9331,9331,365,288520,33941350.0,OI2501
2024-10-22 10:53:00,9331,9332,9324,9330,1328,288739,123490720.0,OI2501
2024-10-22 10:54:00,9330,9337,9328,9333,505,288870,46959950.0,OI2501
2024-10-22 10:55:00,9331,9335,9328,9329,520,288858,48354800.0,OI2501
2024-10-22 10:56:00,9327,9333,9323,9333,780,288902,72532200.0,OI2501
2024-10-22 10:57:00,9333,9345,9333,9338,1497,289082,141644980.0,OI2501
2024-10-22 10:58:00,9338,9343,9337,9340,313,289151,29109000.0,OI2501
2024-10-22 10:59:00,9341,9344,9337,9338,331,289131,30783000.0,OI2501
2024-10-22 11:00:00,9337,9345,9336,9344,444,289155,41292000.0,OI2501
2024-10-22 11:01:00,9345,9354,9345,9353,1425,288962,132525000.0,OI2501
2024-10-22 11:02:00,9353,9353,9346,9346,618,288968,57474000.0,OI2501
2024-10-22 11:03:00,9348,9361,9348,9360,1555,288932,147100810.0,OI2501
2024-10-22 11:04:00,9360,9360,9353,9355,803,288944,74687030.0,OI2501
2024-10-22 11:05:00,9355,9356,9347,9351,715,289024,66502150.0,OI2501
2024-10-22 11:06:00,9350,9358,9350,9358,546,289103,50783460.0,OI2501
2024-10-22 11:07:00,9358,9363,9355,9355,693,289213,64455930.0,OI2501
2024-10-22 11:08:00,9355,9363,9355,9363,650,289364,60456500.0,OI2501
2024-10-22 11:09:00,9363,9366,9361,9361,908,289407,86982040.0,OI2501
2024-10-22 11:10:00,9361,9361,9356,9360,630,289432,58602600.0,OI2501
2024-10-22 11:11:00,9360,9360,9356,9357,260,289459,24185200.0,OI2501
2024-10-22 11:12:00,9357,9362,9355,9356,502,289516,46696040.0,OI2501
2024-10-22 11:13:00,9356,9358,9352,9354,468,289469,43533360.0,OI2501
2024-10-22 11:14:00,9354,9357,9350,9352,500,289488,46510000.0,OI2501
2024-10-22 11:15:00,9353,9357,9350,9352,425,289499,39533500.0,OI2501
2024-10-22 11:16:00,9353,9360,9350,9358,386,289527,35905720.0,OI2501
2024-10-22 11:17:00,9359,9359,9348,9350,584,289537,54323680.0,OI2501
2024-10-22 11:18:00,9350,9355,9346,9349,705,289539,68152660.0,OI2501
2024-10-22 11:19:00,9349,9351,9346,9346,316,289580,29397480.0,OI2501
2024-10-22 11:20:00,9346,9347,9339,9342,1023,289460,95169690.0,OI2501
2024-10-22 11:21:00,9343,9350,9342,9348,468,289340,43538040.0,OI2501
2024-10-22 11:22:00,9348,9350,9343,9349,382,289351,35537460.0,OI2501
2024-10-22 11:23:00,9349,9353,9346,9351,345,289253,32095350.0,OI2501
2024-10-22 11:24:00,9351,9352,9346,9346,362,289248,33676860.0,OI2501
2024-10-22 11:25:00,9345,9348,9340,9344,604,289072,56190120.0,OI2501
2024-10-22 11:26:00,9344,9344,9338,9341,556,288942,51724680.0,OI2501
2024-10-22 11:27:00,9341,9343,9339,9341,300,288863,27909000.0,OI2501
2024-10-22 11:28:00,9343,9349,9342,9349,514,288709,47817420.0,OI2501
2024-10-22 11:29:00,9348,9358,9347,9358,852,288660,81892340.0,OI2501
2024-10-22 13:30:00,9354,9364,9348,9351,1473,288694,137047920.0,OI2501
2024-10-22 13:31:00,9351,9357,9346,9346,827,288677,76944080.0,OI2501
2024-10-22 13:32:00,9346,9352,9338,9340,1069,288596,99459760.0,OI2501
2024-10-22 13:33:00,9341,9349,9339,9347,602,288632,56010080.0,OI2501
2024-10-22 13:34:00,9347,9352,9344,9352,548,288677,50985920.0,OI2501
2024-10-22 13:35:00,9351,9354,9348,9351,450,288782,41868000.0,OI2501
2024-10-22 13:36:00,9351,9355,9349,9350,378,288891,35169120.0,OI2501
2024-10-22 13:37:00,9350,9354,9350,9352,230,288952,21399200.0,OI2501
2024-10-22 13:38:00,9351,9356,9351,9356,401,288998,39999600.0,OI2501
2024-10-22 13:39:00,9355,9357,9351,9352,519,288977,48292950.0,OI2501
2024-10-22 13:40:00,9351,9356,9351,9351,288,289014,26798400.0,OI2501
2024-10-22 13:41:00,9351,9352,9348,9352,309,289027,28752450.0,OI2501
2024-10-22 13:42:00,9352,9356,9350,9350,274,289039,25495700.0,OI2501
2024-10-22 13:43:00,9351,9353,9343,9347,590,289006,54899500.0,OI2501
2024-10-22 13:44:00,9347,9349,9343,9349,447,289075,41593350.0,OI2501
2024-10-22 13:45:00,9349,9351,9343,9343,372,289041,34614600.0,OI2501
2024-10-22 13:46:00,9343,9345,9340,9342,632,289088,58807600.0,OI2501
2024-10-22 13:47:00,9342,9342,9336,9336,615,289145,57225750.0,OI2501
2024-10-22 13:48:00,9337,9340,9335,9335,602,289093,56016100.0,OI2501
2024-10-22 13:49:00,9335,9338,9331,9336,682,289114,63460100.0,OI2501
2024-10-22 13:50:00,9335,9335,9325,9326,1337,289186,124407850.0,OI2501
2024-10-22 13:51:00,9326,9331,9322,9328,864,289177,83161070.0,OI2501
2024-10-22 13:52:00,9328,9337,9327,9336,840,289152,78170400.0,OI2501
2024-10-22 13:53:00,9336,9336,9329,9331,629,289200,58534740.0,OI2501
2024-10-22 13:54:00,9331,9333,9329,9333,284,289315,26429040.0,OI2501
2024-10-22 13:55:00,9333,9335,9330,9335,383,289340,35641980.0,OI2501
2024-10-22 13:56:00,9335,9342,9334,9334,1025,289417,95386500.0,OI2501
2024-10-22 13:57:00,9335,9337,9330,9331,382,289516,35548920.0,OI2501
2024-10-22 13:58:00,9333,9339,9332,9338,313,289533,29127780.0,OI2501
2024-10-22 13:59:00,9338,9339,9333,9334,296,289531,27545760.0,OI2501
2024-10-22 14:00:00,9335,9342,9332,9332,533,289615,49600980.0,OI2501
2024-10-22 14:01:00,9332,9336,9331,9333,395,289631,36758700.0,OI2501
2024-10-22 14:02:00,9334,9335,9330,9334,728,289635,67747680.0,OI2501
2024-10-22 14:03:00,9335,9341,9335,9340,427,289607,39736620.0,OI2501
2024-10-22 14:04:00,9339,9341,9336,9339,828,289830,77053680.0,OI2501
2024-10-22 14:05:00,9339,9342,9338,9342,565,289894,52578900.0,OI2501
2024-10-22 14:06:00,9342,9347,9338,9341,635,289828,59093100.0,OI2501
2024-10-22 14:07:00,9341,9341,9336,9338,475,289878,44203500.0,OI2501
2024-10-22 14:08:00,9339,9347,9339,9345,567,289944,55623940.0,OI2501
2024-10-22 14:09:00,9345,9348,9341,9342,381,289918,35459670.0,OI2501
2024-10-22 14:10:00,9342,9344,9336,9338,446,290000,41509220.0,OI2501
2024-10-22 14:11:00,9338,9340,9335,9339,401,290104,37321070.0,OI2501
2024-10-22 14:12:00,9339,9344,9335,9335,494,290137,45976580.0,OI2501
2024-10-22 14:13:00,9333,9335,9328,9335,837,290123,77899590.0,OI2501
2024-10-22 14:14:00,9334,9341,9334,9340,386,290179,35925020.0,OI2501
2024-10-22 14:15:00,9340,9342,9338,9341,394,290073,36669580.0,OI2501
2024-10-22 14:16:00,9341,9351,9338,9351,834,290002,77620380.0,OI2501
2024-10-22 14:17:00,9351,9354,9348,9349,759,289953,70640130.0,OI2501
2024-10-22 14:18:00,9349,9354,9349,9352,497,289956,46255790.0,OI2501
2024-10-22 14:19:00,9353,9372,9353,9367,2778,289868,261489450.0,OI2501
2024-10-22 14:20:00,9367,9369,9363,9366,844,289906,78559520.0,OI2501
2024-10-22 14:21:00,9366,9372,9362,9362,943,290111,87774440.0,OI2501
2024-10-22 14:22:00,9362,9366,9357,9358,835,290119,77721800.0,OI2501
2024-10-22 14:23:00,9359,9375,9358,9375,1356,290010,129197250.0,OI2501
2024-10-22 14:24:00,9376,9376,9368,9370,860,290049,80057400.0,OI2501
2024-10-22 14:25:00,9369,9376,9369,9374,890,290182,82850100.0,OI2501
2024-10-22 14:26:00,9375,9375,9369,9374,784,290393,72982560.0,OI2501
2024-10-22 14:27:00,9373,9379,9373,9377,1030,290372,95882700.0,OI2501
2024-10-22 14:28:00,9378,9385,9378,9384,1923,290379,182047710.0,OI2501
2024-10-22 14:29:00,9384,9386,9381,9382,991,290533,92262100.0,OI2501
2024-10-22 14:30:00,9382,9384,9375,9376,1357,290442,126336700.0,OI2501
2024-10-22 14:31:00,9375,9379,9371,9371,872,290213,81183200.0,OI2501
2024-10-22 14:32:00,9373,9375,9371,9374,440,290246,44036240.0,OI2501
2024-10-22 14:33:00,9373,9374,9370,9371,592,290133,55121120.0,OI2501
2024-10-22 14:34:00,9371,9373,9367,9369,611,290011,56890210.0,OI2501
2024-10-22 14:35:00,9368,9375,9367,9372,659,290039,61359490.0,OI2501
2024-10-22 14:36:00,9372,9372,9365,9365,560,289987,52141600.0,OI2501
2024-10-22 14:37:00,9365,9366,9362,9364,568,289881,52886480.0,OI2501
2024-10-22 14:38:00,9364,9370,9364,9369,394,289895,36685340.0,OI2501
2024-10-22 14:39:00,9369,9375,9368,9371,545,289889,50744950.0,OI2501
2024-10-22 14:40:00,9371,9372,9366,9368,407,289988,37895770.0,OI2501
2024-10-22 14:41:00,9367,9371,9365,9370,337,290117,31378070.0,OI2501
2024-10-22 14:42:00,9370,9372,9368,9368,286,290185,29751290.0,OI2501
2024-10-22 14:43:00,9368,9371,9363,9363,667,290140,62111040.0,OI2501
2024-10-22 14:44:00,9364,9367,9360,9365,614,290020,57175680.0,OI2501
2024-10-22 14:45:00,9365,9365,9361,9364,478,290072,44511360.0,OI2501
2024-10-22 14:46:00,9363,9364,9360,9362,420,290007,39110400.0,OI2501
2024-10-22 14:47:00,9362,9363,9358,9361,568,289856,52892160.0,OI2501
2024-10-22 14:48:00,9360,9366,9360,9365,376,289758,35013120.0,OI2501
2024-10-22 14:49:00,9366,9366,9363,9365,229,289732,21324480.0,OI2501
2024-10-22 14:50:00,9363,9371,9362,9368,634,289684,59038080.0,OI2501
2024-10-22 14:51:00,9368,9371,9365,9370,306,289736,28494720.0,OI2501
2024-10-22 14:52:00,9369,9371,9368,9368,417,289833,38831040.0,OI2501
2024-10-22 14:53:00,9368,9372,9366,9367,480,289880,44697600.0,OI2501
2024-10-22 14:54:00,9366,9371,9366,9368,460,289902,42835200.0,OI2501
2024-10-22 14:55:00,9368,9370,9367,9368,459,289819,45924990.0,OI2501
2024-10-22 14:56:00,9367,9372,9367,9368,514,289826,47868820.0,OI2501
2024-10-22 14:57:00,9368,9382,9368,9382,1251,290002,116505630.0,OI2501
2024-10-22 14:58:00,9382,9388,9382,9385,1605,289810,149473650.0,OI2501
2024-10-22 14:59:00,9385,9388,9383,9383,1272,289592,121690690.0,OI2501
2024-10-22 21:00:00,9423,9457,9420,9454,10394,288504,980985720.0,OI2501
2024-10-22 21:01:00,9456,9483,9455,9458,7713,288595,730487920.0,OI2501
2024-10-22 21:02:00,9457,9476,9457,9469,4799,288953,454288660.0,OI2501
2024-10-22 21:03:00,9467,9476,9467,9470,3116,289236,295138240.0,OI2501
2024-10-22 21:04:00,9472,9491,9470,9484,4227,289623,400957350.0,OI2501
2024-10-22 21:05:00,9483,9489,9471,9474,3742,289488,354710440.0,OI2501
2024-10-22 21:06:00,9474,9482,9469,9481,1693,289394,160565430.0,OI2501
2024-10-22 21:07:00,9482,9504,9482,9500,4572,290049,433901760.0,OI2501
2024-10-22 21:08:00,9501,9510,9497,9500,3779,290678,359078980.0,OI2501
2024-10-22 21:09:00,9499,9500,9484,9488,2845,290733,270359100.0,OI2501
2024-10-22 21:10:00,9489,9494,9483,9489,2275,290854,215488000.0,OI2501
2024-10-22 21:11:00,9490,9495,9485,9487,1628,291116,154711990.0,OI2501
2024-10-22 21:12:00,9487,9506,9487,9491,3667,290979,348463910.0,OI2501
2024-10-22 21:13:00,9491,9500,9487,9494,2271,290979,215177250.0,OI2501
2024-10-22 21:14:00,9495,9498,9488,9489,1558,291201,148203290.0,OI2501
2024-10-22 21:15:00,9488,9495,9485,9495,1463,291364,138633880.0,OI2501
2024-10-22 21:16:00,9495,9502,9493,9494,1049,291475,100011150.0,OI2501
2024-10-22 21:17:00,9494,9503,9494,9500,1263,291646,119694510.0,OI2501
2024-10-22 21:18:00,9499,9518,9499,9515,3756,292328,357272320.0,OI2501
2024-10-22 21:19:00,9515,9528,9514,9527,4089,293357,388994290.0,OI2501
2024-10-22 21:20:00,9527,9534,9527,9529,3969,293966,378516930.0,OI2501
2024-10-22 21:21:00,9529,9549,9529,9533,5777,294481,551076480.0,OI2501
2024-10-22 21:22:00,9534,9535,9527,9533,2703,294805,258107600.0,OI2501
2024-10-22 21:23:00,9532,9534,9529,9530,1615,294874,153263500.0,OI2501
2024-10-22 21:24:00,9530,9540,9529,9534,2003,295318,190944360.0,OI2501
2024-10-22 21:25:00,9533,9534,9522,9524,2307,295069,219840100.0,OI2501
2024-10-22 21:26:00,9526,9533,9524,9533,1253,295174,119830020.0,OI2501
2024-10-22 21:27:00,9533,9547,9533,9546,2672,295556,254574940.0,OI2501
2024-10-22 21:28:00,9545,9549,9541,9543,1939,295938,185030030.0,OI2501
2024-10-22 21:29:00,9543,9556,9543,9554,2922,296816,279385080.0,OI2501
2024-10-22 21:30:00,9554,9560,9549,9553,3461,297350,330701570.0,OI2501
2024-10-22 21:31:00,9553,9558,9545,9546,1945,297497,185780200.0,OI2501
2024-10-22 21:32:00,9547,9553,9544,9544,1702,297617,162731670.0,OI2501
2024-10-22 21:33:00,9545,9549,9542,9547,1357,297463,128928570.0,OI2501
2024-10-22 21:34:00,9547,9548,9540,9542,1555,297271,148811340.0,OI2501
2024-10-22 21:35:00,9541,9542,9531,9531,2647,296726,252615200.0,OI2501
2024-10-22 21:36:00,9533,9535,9527,9528,2108,296437,200323240.0,OI2501
2024-10-22 21:37:00,9527,9537,9527,9537,1042,296496,100150020.0,OI2501
2024-10-22 21:38:00,9538,9543,9537,9541,1033,296536,98176320.0,OI2501
2024-10-22 21:39:00,9542,9544,9537,9538,890,296599,84585600.0,OI2501
2024-10-22 21:40:00,9538,9544,9537,9540,844,296665,81370190.0,OI2501
2024-10-22 21:41:00,9541,9544,9533,9535,1050,296686,99802500.0,OI2501
2024-10-22 21:42:00,9535,9540,9534,9540,581,296730,55224050.0,OI2501
2024-10-22 21:43:00,9539,9546,9537,9543,1077,296913,102368850.0,OI2501
2024-10-22 21:44:00,9544,9546,9539,9546,641,297008,62116970.0,OI2501
2024-10-22 21:45:00,9544,9547,9543,9546,732,297234,69583920.0,OI2501
2024-10-22 21:46:00,9544,9552,9541,9545,1460,297475,138787600.0,OI2501
2024-10-22 21:47:00,9546,9558,9543,9555,1877,297656,179658230.0,OI2501
2024-10-22 21:48:00,9555,9557,9540,9541,1722,297760,164958370.0,OI2501
2024-10-22 21:49:00,9540,9546,9535,9544,1415,297652,134538200.0,OI2501
2024-10-22 21:50:00,9544,9546,9540,9544,642,297743,61041360.0,OI2501
2024-10-22 21:51:00,9543,9551,9542,9550,854,298051,81198320.0,OI2501
2024-10-22 21:52:00,9550,9550,9545,9547,540,298149,51343200.0,OI2501
2024-10-22 21:53:00,9547,9555,9547,9551,922,298201,88955320.0,OI2501
2024-10-22 21:54:00,9552,9570,9551,9570,4026,299198,384164160.0,OI2501
2024-10-22 21:55:00,9570,9572,9563,9564,2636,299441,253399960.0,OI2501
2024-10-22 21:56:00,9564,9569,9557,9560,1541,299244,146579920.0,OI2501
2024-10-22 21:57:00,9561,9561,9556,9557,954,299340,90744480.0,OI2501
2024-10-22 21:58:00,9557,9564,9556,9561,1117,299662,107643340.0,OI2501
2024-10-22 21:59:00,9561,9564,9546,9548,3254,299134,310979860.0,OI2501
2024-10-22 22:00:00,9548,9550,9542,9550,2146,299077,204170440.0,OI2501
2024-10-22 22:01:00,9549,9556,9546,9548,1365,299070,131328050.0,OI2501
2024-10-22 22:02:00,9547,9549,9524,9527,4983,298093,474132450.0,OI2501
2024-10-22 22:03:00,9527,9538,9525,9536,2113,298013,201051950.0,OI2501
2024-10-22 22:04:00,9537,9544,9536,9541,1333,298292,128381190.0,OI2501
2024-10-22 22:05:00,9540,9544,9537,9543,919,298379,87452040.0,OI2501
2024-10-22 22:06:00,9543,9545,9539,9543,702,298444,66802320.0,OI2501
2024-10-22 22:07:00,9543,9550,9538,9539,877,298411,83455320.0,OI2501
2024-10-22 22:08:00,9539,9544,9536,9543,420,298497,39967200.0,OI2501
2024-10-22 22:09:00,9543,9548,9541,9544,505,298485,48055800.0,OI2501
2024-10-22 22:10:00,9544,9544,9537,9537,432,298482,41109120.0,OI2501
2024-10-22 22:11:00,9537,9545,9537,9545,428,298504,40728480.0,OI2501
2024-10-22 22:12:00,9545,9545,9542,9543,349,298476,33210840.0,OI2501
2024-10-22 22:13:00,9542,9546,9538,9539,561,298435,53384760.0,OI2501
2024-10-22 22:14:00,9540,9544,9539,9541,379,298516,37667600.0,OI2501
2024-10-22 22:15:00,9543,9543,9538,9542,393,298482,37401810.0,OI2501
2024-10-22 22:16:00,9544,9545,9535,9541,637,298450,60623290.0,OI2501
2024-10-22 22:17:00,9540,9543,9539,9542,412,298561,39210040.0,OI2501
2024-10-22 22:18:00,9543,9544,9538,9539,374,298538,35593580.0,OI2501
2024-10-22 22:19:00,9539,9542,9532,9534,1216,298316,115726720.0,OI2501
2024-10-22 22:20:00,9533,9539,9531,9539,794,298406,75564980.0,OI2501
2024-10-22 22:21:00,9539,9541,9531,9534,721,298306,68617570.0,OI2501
2024-10-22 22:22:00,9533,9534,9530,9532,572,298289,54437240.0,OI2501
2024-10-22 22:23:00,9532,9537,9530,9537,745,298337,70901650.0,OI2501
2024-10-22 22:24:00,9536,9538,9534,9535,338,298330,32167460.0,OI2501
2024-10-22 22:25:00,9535,9546,9534,9544,1015,298203,96597550.0,OI2501
2024-10-22 22:26:00,9544,9544,9527,9530,1214,298224,117222650.0,OI2501
2024-10-22 22:27:00,9530,9531,9521,9523,1801,298422,171419180.0,OI2501
2024-10-22 22:28:00,9522,9532,9522,9528,540,298478,51397200.0,OI2501
2024-10-22 22:29:00,9529,9531,9527,9528,350,298377,33313000.0,OI2501
2024-10-22 22:30:00,9527,9533,9527,9528,480,298367,45686400.0,OI2501
2024-10-22 22:31:00,9528,9533,9525,9533,666,298384,63389880.0,OI2501
2024-10-22 22:32:00,9533,9533,9530,9533,281,298432,26745580.0,OI2501
2024-10-22 22:33:00,9534,9540,9532,9536,897,298407,85376460.0,OI2501
2024-10-22 22:34:00,9537,9546,9537,9545,1006,298361,95751080.0,OI2501
2024-10-22 22:35:00,9545,9550,9544,9547,1732,298505,164851760.0,OI2501
2024-10-22 22:36:00,9549,9550,9544,9544,730,298636,69481400.0,OI2501
2024-10-22 22:37:00,9545,9546,9542,9545,396,298649,37691280.0,OI2501
2024-10-22 22:38:00,9544,9548,9543,9544,436,298626,43277900.0,OI2501
2024-10-22 22:39:00,9544,9545,9540,9544,420,298582,39979800.0,OI2501
2024-10-22 22:40:00,9543,9548,9543,9548,402,298567,38266380.0,OI2501
2024-10-22 22:41:00,9548,9550,9543,9545,489,298534,46547910.0,OI2501
2024-10-22 22:42:00,9544,9545,9540,9543,407,298444,38742330.0,OI2501
2024-10-22 22:43:00,9543,9548,9543,9548,330,298360,31412700.0,OI2501
2024-10-22 22:44:00,9547,9548,9541,9543,284,298284,27033960.0,OI2501
2024-10-22 22:45:00,9541,9545,9536,9537,614,298064,58446660.0,OI2501
2024-10-22 22:46:00,9536,9538,9530,9532,1178,297645,112133820.0,OI2501
2024-10-22 22:47:00,9532,9533,9527,9531,829,297343,78912510.0,OI2501
2024-10-22 22:48:00,9531,9535,9531,9534,596,297193,56733240.0,OI2501
2024-10-22 22:49:00,9534,9534,9528,9529,498,297063,47404620.0,OI2501
2024-10-22 22:50:00,9529,9535,9529,9530,450,296980,42835500.0,OI2501
2024-10-22 22:51:00,9530,9534,9527,9533,772,296788,73486680.0,OI2501
2024-10-22 22:52:00,9533,9533,9528,9529,738,296524,70250220.0,OI2501
2024-10-22 22:53:00,9530,9533,9527,9531,775,296200,73772250.0,OI2501
2024-10-22 22:54:00,9529,9531,9527,9529,693,295963,65966670.0,OI2501
2024-10-22 22:55:00,9529,9530,9526,9530,881,295482,83862390.0,OI2501
2024-10-22 22:56:00,9530,9530,9526,9526,649,295138,61778310.0,OI2501
2024-10-22 22:57:00,9526,9531,9525,9530,922,294697,87765180.0,OI2501
2024-10-22 22:58:00,9530,9531,9526,9531,1139,294102,110331490.0,OI2501
2024-10-22 22:59:00,9530,9532,9528,9532,1368,293233,130233600.0,OI2501
2024-10-23 09:00:00,9535,9548,9513,9522,5314,293533,505892800.0,OI2501
2024-10-23 09:01:00,9523,9540,9519,9532,2944,293616,280268800.0,OI2501
2024-10-23 09:02:00,9534,9545,9531,9532,2444,293612,232668800.0,OI2501
2024-10-23 09:03:00,9533,9533,9525,9530,1629,293847,155080800.0,OI2501
2024-10-23 09:04:00,9530,9531,9521,9524,1032,293978,98246400.0,OI2501
2024-10-23 09:05:00,9523,9538,9523,9535,1126,294149,107195200.0,OI2501
2024-10-23 09:06:00,9535,9549,9534,9548,2521,293684,242093060.0,OI2501
2024-10-23 09:07:00,9549,9555,9541,9541,2383,293974,226885430.0,OI2501
2024-10-23 09:08:00,9542,9548,9542,9547,576,293968,54840960.0,OI2501
2024-10-23 09:09:00,9547,9551,9543,9550,910,293830,86641100.0,OI2501
2024-10-23 09:10:00,9551,9557,9546,9552,1923,293806,185240610.0,OI2501
2024-10-23 09:11:00,9551,9552,9547,9550,469,293838,44658180.0,OI2501
2024-10-23 09:12:00,9550,9556,9548,9553,895,293988,85221900.0,OI2501
2024-10-23 09:13:00,9554,9560,9553,9554,875,294023,83317500.0,OI2501
2024-10-23 09:14:00,9554,9559,9551,9556,690,294115,65701800.0,OI2501
2024-10-23 09:15:00,9556,9558,9553,9558,648,294251,61702560.0,OI2501
2024-10-23 09:16:00,9557,9560,9553,9560,712,294309,67796640.0,OI2501
2024-10-23 09:17:00,9560,9564,9557,9561,1402,294490,133498440.0,OI2501
2024-10-23 09:18:00,9561,9564,9555,9559,1101,294771,107056920.0,OI2501
2024-10-23 09:19:00,9558,9559,9553,9557,686,294826,65327780.0,OI2501
2024-10-23 09:20:00,9557,9562,9557,9560,732,294877,69708360.0,OI2501
2024-10-23 09:21:00,9560,9576,9560,9575,2746,294905,261501580.0,OI2501
2024-10-23 09:22:00,9575,9590,9575,9583,3649,295215,349792100.0,OI2501
2024-10-23 09:23:00,9583,9592,9582,9587,1735,295642,167556580.0,OI2501
2024-10-23 09:24:00,9588,9590,9574,9578,1841,295581,175355250.0,OI2501
2024-10-23 09:25:00,9578,9581,9569,9569,1524,295603,147509830.0,OI2501
2024-10-23 09:26:00,9570,9573,9566,9566,1153,295556,109834780.0,OI2501
2024-10-23 09:27:00,9566,9574,9564,9567,1017,295326,96879420.0,OI2501
2024-10-23 09:28:00,9566,9570,9563,9565,1307,295415,124504820.0,OI2501
2024-10-23 09:29:00,9565,9573,9565,9571,942,295366,89734920.0,OI2501
2024-10-23 09:30:00,9570,9571,9561,9561,1194,295333,116145400.0,OI2501
2024-10-23 09:31:00,9561,9564,9554,9558,1220,295188,116229400.0,OI2501
2024-10-23 09:32:00,9558,9567,9558,9564,666,295213,63449820.0,OI2501
2024-10-23 09:33:00,9564,9571,9562,9565,854,295349,81360580.0,OI2501
2024-10-23 09:34:00,9564,9566,9558,9560,488,295286,46491760.0,OI2501
2024-10-23 09:35:00,9561,9564,9555,9556,583,295290,55542410.0,OI2501
2024-10-23 09:36:00,9557,9559,9551,9553,739,295226,70404530.0,OI2501
2024-10-23 09:37:00,9551,9553,9544,9550,1536,295252,146334720.0,OI2501
2024-10-23 09:38:00,9550,9558,9549,9557,873,295140,83170710.0,OI2501
2024-10-23 09:39:00,9557,9557,9549,9549,435,295214,41442450.0,OI2501
2024-10-23 09:40:00,9549,9558,9549,9556,451,295183,45450180.0,OI2501
2024-10-23 09:41:00,9555,9560,9555,9556,478,295179,45543840.0,OI2501
2024-10-23 09:42:00,9556,9558,9552,9554,202,295195,19246560.0,OI2501
2024-10-23 09:43:00,9555,9560,9553,9560,194,295233,18484320.0,OI2501
2024-10-23 09:44:00,9560,9560,9555,9560,432,295313,41160960.0,OI2501
2024-10-23 09:45:00,9559,9564,9557,9562,543,295431,51737040.0,OI2501
2024-10-23 09:46:00,9561,9563,9553,9554,426,295447,40589280.0,OI2501
2024-10-23 09:47:00,9555,9555,9547,9547,630,295438,60026400.0,OI2501
2024-10-23 09:48:00,9548,9560,9547,9555,635,295559,60502800.0,OI2501
2024-10-23 09:49:00,9555,9559,9553,9556,431,295542,41065680.0,OI2501
2024-10-23 09:50:00,9555,9557,9551,9555,531,295500,50593680.0,OI2501
2024-10-23 09:51:00,9557,9557,9548,9555,528,295506,50307840.0,OI2501
2024-10-23 09:52:00,9556,9560,9556,9557,456,295522,43447680.0,OI2501
2024-10-23 09:53:00,9558,9560,9554,9559,228,295505,21723840.0,OI2501
2024-10-23 09:54:00,9560,9562,9554,9560,578,295506,55071840.0,OI2501
2024-10-23 09:55:00,9560,9563,9555,9561,673,295561,64123440.0,OI2501
2024-10-23 09:56:00,9560,9570,9560,9570,1115,295532,106237200.0,OI2501
2024-10-23 09:57:00,9569,9573,9565,9568,1136,295550,110813650.0,OI2501
2024-10-23 09:58:00,9568,9570,9566,9566,564,295708,53743560.0,OI2501
2024-10-23 09:59:00,9566,9570,9563,9564,733,295629,69847570.0,OI2501
2024-10-23 10:00:00,9565,9578,9565,9571,1708,295634,162755320.0,OI2501
2024-10-23 10:01:00,9572,9577,9572,9575,1043,295854,99387470.0,OI2501
2024-10-23 10:02:00,9576,9588,9574,9583,2000,296412,193216050.0,OI2501
2024-10-23 10:03:00,9582,9583,9575,9577,760,296570,72428000.0,OI2501
2024-10-23 10:04:00,9577,9577,9567,9572,840,296427,80052000.0,OI2501
2024-10-23 10:05:00,9572,9573,9564,9564,1011,296571,96348300.0,OI2501
2024-10-23 10:06:00,9565,9573,9564,9572,1079,296797,102828700.0,OI2501
2024-10-23 10:07:00,9573,9577,9570,9575,435,296787,41455500.0,OI2501
2024-10-23 10:08:00,9574,9574,9568,9569,487,296861,46411100.0,OI2501
2024-10-23 10:09:00,9569,9580,9567,9579,1102,297208,107713790.0,OI2501
2024-10-23 10:10:00,9579,9583,9576,9580,947,297569,90258570.0,OI2501
2024-10-23 10:11:00,9581,9590,9581,9587,1277,297916,121710870.0,OI2501
2024-10-23 10:12:00,9588,9595,9584,9589,1432,298259,136483920.0,OI2501
2024-10-23 10:13:00,9590,9595,9589,9594,1084,298511,106056630.0,OI2501
2024-10-23 10:14:00,9593,9598,9592,9597,1239,298834,118101480.0,OI2501
2024-10-23 10:30:00,9598,9611,9598,9609,3789,299952,363958350.0,OI2501
2024-10-23 10:31:00,9610,9614,9596,9597,3788,300195,363938790.0,OI2501
2024-10-23 10:32:00,9597,9601,9588,9589,2025,300376,193063500.0,OI2501
2024-10-23 10:33:00,9588,9598,9586,9597,1305,300624,127280750.0,OI2501
2024-10-23 10:34:00,9597,9597,9589,9589,880,300765,83908000.0,OI2501
2024-10-23 10:35:00,9590,9593,9589,9593,656,300909,62549600.0,OI2501
2024-10-23 10:36:00,9593,9595,9583,9585,1576,300911,150271600.0,OI2501
2024-10-23 10:37:00,9586,9586,9578,9582,1225,300484,116803750.0,OI2501
2024-10-23 10:38:00,9582,9590,9581,9586,1027,300695,100840140.0,OI2501
2024-10-23 10:39:00,9585,9594,9584,9593,613,300747,58455680.0,OI2501
2024-10-23 10:40:00,9593,9596,9586,9589,787,300763,75048320.0,OI2501
2024-10-23 10:41:00,9590,9593,9587,9590,419,300829,39955840.0,OI2501
2024-10-23 10:42:00,9589,9590,9581,9584,675,300980,64368000.0,OI2501
2024-10-23 10:43:00,9584,9593,9584,9593,754,301124,71901440.0,OI2501
2024-10-23 10:44:00,9593,9604,9592,9597,2456,301197,237176890.0,OI2501
2024-10-23 10:45:00,9596,9598,9588,9591,696,301268,66377520.0,OI2501
2024-10-23 10:46:00,9590,9596,9590,9590,451,301350,43011870.0,OI2501
2024-10-23 10:47:00,9591,9592,9587,9588,537,301407,51213690.0,OI2501
2024-10-23 10:48:00,9587,9590,9586,9589,480,301448,45777600.0,OI2501
2024-10-23 10:49:00,9589,9596,9587,9593,437,301488,41676690.0,OI2501
2024-10-23 10:50:00,9595,9603,9594,9601,985,301620,93939450.0,OI2501
2024-10-23 10:51:00,9601,9601,9596,9599,638,301707,60846060.0,OI2501
2024-10-23 10:52:00,9599,9601,9597,9600,508,301825,51468010.0,OI2501
2024-10-23 10:53:00,9599,9603,9596,9599,811,301981,77353180.0,OI2501
2024-10-23 10:54:00,9600,9605,9599,9602,648,302106,61806240.0,OI2501
2024-10-23 10:55:00,9603,9605,9600,9604,364,302181,34718320.0,OI2501
2024-10-23 10:56:00,9602,9604,9596,9597,423,302258,40345740.0,OI2501
2024-10-23 10:57:00,9597,9602,9594,9602,528,302336,50360640.0,OI2501
2024-10-23 10:58:00,9602,9605,9600,9601,518,302381,49406840.0,OI2501
2024-10-23 10:59:00,9602,9602,9596,9599,633,302575,60375540.0,OI2501
2024-10-23 11:00:00,9598,9604,9598,9601,447,302676,42634860.0,OI2501
2024-10-23 11:01:00,9601,9604,9598,9602,333,302707,34828640.0,OI2501
2024-10-23 11:02:00,9601,9606,9599,9605,467,302852,44547130.0,OI2501
2024-10-23 11:03:00,9606,9606,9602,9605,535,302932,51033650.0,OI2501
2024-10-23 11:04:00,9605,9605,9601,9602,397,303015,37869830.0,OI2501
2024-10-23 11:05:00,9604,9605,9602,9604,247,303015,23561330.0,OI2501
2024-10-23 11:06:00,9603,9603,9598,9600,432,303088,41208480.0,OI2501
2024-10-23 11:07:00,9599,9600,9594,9596,415,303032,39586850.0,OI2501
2024-10-23 11:08:00,9596,9607,9596,9605,643,303093,61335770.0,OI2501
2024-10-23 11:09:00,9606,9607,9600,9601,354,303073,33768060.0,OI2501
2024-10-23 11:10:00,9603,9603,9598,9599,432,303116,41208480.0,OI2501
2024-10-23 11:11:00,9599,9602,9599,9600,162,303166,15453180.0,OI2501
2024-10-23 11:12:00,9600,9601,9599,9599,163,303204,15548570.0,OI2501
2024-10-23 11:13:00,9600,9601,9598,9600,278,303292,26518420.0,OI2501
2024-10-23 11:14:00,9599,9599,9591,9595,460,303177,46996350.0,OI2501
2024-10-23 11:15:00,9595,9600,9595,9599,236,303243,22514400.0,OI2501
2024-10-23 11:16:00,9599,9603,9599,9600,511,303361,48749400.0,OI2501
2024-10-23 11:17:00,9600,9608,9600,9604,1179,303207,112476600.0,OI2501
2024-10-23 11:18:00,9604,9607,9597,9598,862,303210,82234800.0,OI2501
2024-10-23 11:19:00,9598,9606,9594,9606,844,303395,80517600.0,OI2501
2024-10-23 11:20:00,9606,9610,9599,9599,2046,303414,198362130.0,OI2501
2024-10-23 11:21:00,9599,9601,9590,9591,894,303346,85296540.0,OI2501
2024-10-23 11:22:00,9590,9592,9585,9592,1143,303325,109053630.0,OI2501
2024-10-23 11:23:00,9591,9593,9587,9589,632,303248,60299120.0,OI2501
2024-10-23 11:24:00,9589,9591,9586,9587,779,303107,74324390.0,OI2501
2024-10-23 11:25:00,9586,9592,9585,9588,490,303040,46750900.0,OI2501
2024-10-23 11:26:00,9588,9590,9585,9586,282,303010,26905620.0,OI2501
2024-10-23 11:27:00,9585,9590,9584,9588,370,302953,35301700.0,OI2501
2024-10-23 11:28:00,9587,9590,9586,9589,291,302881,27764310.0,OI2501
2024-10-23 11:29:00,9589,9600,9589,9600,1028,302869,101314300.0,OI2501
2024-10-23 13:30:00,9613,9620,9598,9602,3792,302909,361832640.0,OI2501
2024-10-23 13:31:00,9602,9604,9594,9594,1055,302711,103949390.0,OI2501
2024-10-23 13:32:00,9594,9595,9584,9591,960,302760,91612800.0,OI2501
2024-10-23 13:33:00,9592,9594,9588,9592,530,302760,50577900.0,OI2501
2024-10-23 13:34:00,9592,9593,9589,9591,223,302796,21280890.0,OI2501
2024-10-23 13:35:00,9591,9594,9588,9591,496,302814,47333280.0,OI2501
2024-10-23 13:36:00,9590,9595,9588,9591,449,302798,42848070.0,OI2501
2024-10-23 13:37:00,9590,9591,9586,9587,457,302766,43611510.0,OI2501
2024-10-23 13:38:00,9587,9595,9586,9586,572,302747,54585960.0,OI2501
2024-10-23 13:39:00,9586,9589,9585,9585,473,302772,45138390.0,OI2501
2024-10-23 13:40:00,9584,9585,9576,9577,1754,302608,167384220.0,OI2501
2024-10-23 13:41:00,9578,9582,9577,9579,721,302555,68805030.0,OI2501
2024-10-23 13:42:00,9579,9580,9575,9575,605,302542,57735150.0,OI2501
2024-10-23 13:43:00,9575,9585,9574,9580,710,302445,71116090.0,OI2501
2024-10-23 13:44:00,9580,9581,9575,9581,508,302396,48483520.0,OI2501
2024-10-23 13:45:00,9581,9581,9567,9569,1832,302185,174846080.0,OI2501
2024-10-23 13:46:00,9569,9573,9568,9570,505,302163,48197200.0,OI2501
2024-10-23 13:47:00,9570,9578,9570,9578,611,302027,58313840.0,OI2501
2024-10-23 13:48:00,9577,9579,9576,9576,297,302067,28345680.0,OI2501
2024-10-23 13:49:00,9575,9580,9575,9577,279,302049,26627760.0,OI2501
2024-10-23 13:50:00,9577,9584,9576,9582,566,302006,54019040.0,OI2501
2024-10-23 13:51:00,9583,9585,9580,9582,669,302082,63849360.0,OI2501
2024-10-23 13:52:00,9582,9589,9582,9587,602,302182,57454880.0,OI2501
2024-10-23 13:53:00,9587,9587,9578,9581,1259,302699,120158960.0,OI2501
2024-10-23 13:54:00,9582,9589,9582,9588,389,302663,37126160.0,OI2501
2024-10-23 13:55:00,9587,9592,9586,9586,451,302739,43043440.0,OI2501
2024-10-23 13:56:00,9587,9591,9586,9590,396,302791,37794240.0,OI2501
2024-10-23 13:57:00,9590,9595,9590,9593,508,302866,48483520.0,OI2501
2024-10-23 13:58:00,9593,9593,9591,9593,319,302941,33898060.0,OI2501
2024-10-23 13:59:00,9593,9594,9590,9593,227,303028,21667150.0,OI2501
2024-10-23 14:00:00,9593,9598,9591,9594,513,303013,48965850.0,OI2501
2024-10-23 14:01:00,9594,9595,9590,9591,379,303005,36175550.0,OI2501
2024-10-23 14:02:00,9590,9592,9587,9589,374,303047,35698300.0,OI2501
2024-10-23 14:03:00,9589,9594,9589,9592,237,303066,22621650.0,OI2501
2024-10-23 14:04:00,9592,9593,9589,9589,293,303138,27966850.0,OI2501
2024-10-23 14:05:00,9590,9592,9588,9592,230,303216,21953500.0,OI2501
2024-10-23 14:06:00,9592,9592,9587,9590,262,303296,25007900.0,OI2501
2024-10-23 14:07:00,9591,9591,9588,9590,335,303343,31975750.0,OI2501
2024-10-23 14:08:00,9590,9590,9584,9585,557,303446,53165650.0,OI2501
2024-10-23 14:09:00,9586,9587,9577,9578,665,303514,63474250.0,OI2501
2024-10-23 14:10:00,9578,9581,9576,9581,674,303496,64333300.0,OI2501
2024-10-23 14:11:00,9581,9584,9577,9582,453,303439,43238850.0,OI2501
2024-10-23 14:12:00,9581,9592,9580,9589,515,303415,49156750.0,OI2501
2024-10-23 14:13:00,9588,9592,9585,9586,319,303466,30448550.0,OI2501
2024-10-23 14:14:00,9588,9596,9588,9592,537,303381,51256650.0,OI2501
2024-10-23 14:15:00,9591,9596,9591,9592,395,303422,37702750.0,OI2501
2024-10-23 14:16:00,9592,9602,9592,9599,886,303214,88099910.0,OI2501
2024-10-23 14:17:00,9600,9601,9593,9594,783,303013,74745180.0,OI2501
2024-10-23 14:18:00,9595,9597,9590,9591,619,302908,59089740.0,OI2501
2024-10-23 14:19:00,9589,9591,9584,9585,576,302974,54984960.0,OI2501
2024-10-23 14:20:00,9586,9592,9581,9590,647,302990,61762620.0,OI2501
2024-10-23 14:21:00,9589,9594,9587,9593,390,302986,37229400.0,OI2501
2024-10-23 14:22:00,9593,9596,9590,9595,269,303015,25678740.0,OI2501
2024-10-23 14:23:00,9594,9596,9592,9596,250,303051,23865000.0,OI2501
2024-10-23 14:24:00,9595,9599,9595,9596,354,302971,33792840.0,OI2501
2024-10-23 14:25:00,9595,9596,9591,9594,168,303026,16037280.0,OI2501
2024-10-23 14:26:00,9594,9595,9592,9593,170,303041,16228200.0,OI2501
2024-10-23 14:27:00,9594,9597,9592,9592,416,303109,39711360.0,OI2501
2024-10-23 14:28:00,9593,9596,9590,9590,258,303136,24628680.0,OI2501
2024-10-23 14:29:00,9590,9598,9590,9596,293,303252,27969780.0,OI2501
2024-10-23 14:30:00,9594,9595,9590,9593,429,303260,40952340.0,OI2501
2024-10-23 14:31:00,9592,9599,9588,9598,752,303331,71785920.0,OI2501
2024-10-23 14:32:00,9598,9599,9589,9594,479,303340,45725340.0,OI2501
2024-10-23 14:33:00,9594,9594,9586,9588,553,303341,52789380.0,OI2501
2024-10-23 14:34:00,9587,9590,9582,9588,658,303310,66424530.0,OI2501
2024-10-23 14:35:00,9587,9591,9585,9586,450,303331,42961500.0,OI2501
2024-10-23 14:36:00,9586,9591,9584,9591,307,303252,29309290.0,OI2501
2024-10-23 14:37:00,9592,9592,9584,9585,333,303202,31791510.0,OI2501
2024-10-23 14:38:00,9585,9588,9581,9584,722,303269,68929340.0,OI2501
2024-10-23 14:39:00,9584,9588,9582,9583,493,303401,47066710.0,OI2501
2024-10-23 14:40:00,9584,9588,9577,9585,643,303418,61387210.0,OI2501
2024-10-23 14:41:00,9585,9590,9585,9588,359,303374,34273730.0,OI2501
2024-10-23 14:42:00,9588,9590,9584,9589,442,303397,42197740.0,OI2501
2024-10-23 14:43:00,9588,9588,9582,9583,399,303338,38092530.0,OI2501
2024-10-23 14:44:00,9582,9592,9582,9590,489,303304,46684830.0,OI2501
2024-10-23 14:45:00,9591,9592,9585,9591,687,303467,65587890.0,OI2501
2024-10-23 14:46:00,9592,9592,9588,9592,202,303482,19284940.0,OI2501
2024-10-23 14:47:00,9592,9600,9590,9594,1036,303508,98906920.0,OI2501
2024-10-23 14:48:00,9595,9597,9590,9592,669,303266,63869430.0,OI2501
2024-10-23 14:49:00,9592,9600,9591,9600,894,303246,85350180.0,OI2501
2024-10-23 14:50:00,9601,9605,9596,9602,1387,303200,136123860.0,OI2501
2024-10-23 14:51:00,9603,9605,9598,9605,984,303010,93952320.0,OI2501
2024-10-23 14:52:00,9604,9610,9601,9608,724,303063,69127520.0,OI2501
2024-10-23 14:53:00,9609,9616,9605,9615,1756,303059,167662880.0,OI2501
2024-10-23 14:54:00,9615,9616,9607,9612,2102,303165,204461590.0,OI2501
2024-10-23 14:55:00,9612,9615,9610,9614,853,303222,81452970.0,OI2501
2024-10-23 14:56:00,9614,9617,9612,9613,658,303363,62832420.0,OI2501
2024-10-23 14:57:00,9613,9616,9612,9616,711,303395,67893390.0,OI2501
2024-10-23 14:58:00,9614,9618,9611,9616,1233,303098,117739170.0,OI2501
2024-10-23 14:59:00,9617,9620,9614,9615,2505,302107,243024680.0,OI2501
2024-10-23 21:00:00,9580,9594,9572,9590,6022,302170,577028040.0,OI2501
2024-10-23 21:01:00,9589,9597,9586,9592,2649,302491,254087310.0,OI2501
2024-10-23 21:02:00,9594,9594,9589,9591,1313,302440,125851050.0,OI2501
2024-10-23 21:03:00,9590,9591,9584,9590,1390,302597,133345240.0,OI2501
2024-10-23 21:04:00,9589,9595,9586,9591,1028,302495,98544080.0,OI2501
2024-10-23 21:05:00,9591,9604,9591,9602,1629,302296,156296250.0,OI2501
2024-10-23 21:06:00,9603,9611,9601,9609,1887,302514,181384230.0,OI2501
2024-10-23 21:07:00,9610,9611,9600,9608,1842,302865,176825400.0,OI2501
2024-10-23 21:08:00,9608,9609,9602,9602,911,303070,87560720.0,OI2501
2024-10-23 21:09:00,9601,9607,9601,9606,953,302963,91608000.0,OI2501
2024-10-23 21:10:00,9605,9607,9602,9607,566,302929,54296380.0,OI2501
2024-10-23 21:11:00,9607,9607,9603,9605,499,302868,47869070.0,OI2501
2024-10-23 21:12:00,9605,9608,9603,9608,647,302956,62280070.0,OI2501
2024-10-23 21:13:00,9608,9612,9606,9608,1053,303187,101248710.0,OI2501
2024-10-23 21:14:00,9611,9612,9605,9612,618,303188,59297100.0,OI2501
2024-10-23 21:15:00,9613,9622,9610,9622,1553,303386,149255950.0,OI2501
2024-10-23 21:16:00,9621,9626,9615,9617,2081,303297,200225580.0,OI2501
2024-10-23 21:17:00,9617,9618,9606,9606,1108,303074,106623330.0,OI2501
2024-10-23 21:18:00,9605,9608,9603,9607,884,302971,84855160.0,OI2501
2024-10-23 21:19:00,9608,9608,9597,9600,1229,302958,117971710.0,OI2501
2024-10-23 21:20:00,9602,9602,9595,9596,828,302872,79479720.0,OI2501
2024-10-23 21:21:00,9597,9597,9590,9591,987,302830,94742130.0,OI2501
2024-10-23 21:22:00,9590,9595,9589,9593,812,302806,77943880.0,OI2501
2024-10-23 21:23:00,9594,9595,9589,9592,425,302811,40795750.0,OI2501
2024-10-23 21:24:00,9592,9592,9586,9589,841,302823,80390040.0,OI2501
2024-10-23 21:25:00,9589,9590,9586,9590,535,302859,51349300.0,OI2501
2024-10-23 21:26:00,9590,9591,9586,9589,625,302767,59987500.0,OI2501
2024-10-23 21:27:00,9589,9591,9586,9591,466,302733,44726680.0,OI2501
2024-10-23 21:28:00,9591,9594,9585,9585,756,302674,72560880.0,OI2501
2024-10-23 21:29:00,9585,9586,9574,9577,2352,302610,225360070.0,OI2501
2024-10-23 21:30:00,9577,9588,9576,9585,1712,302564,163898630.0,OI2501
2024-10-23 21:31:00,9586,9587,9576,9576,992,302628,95192320.0,OI2501
2024-10-23 21:32:00,9576,9581,9576,9580,1112,302655,106284470.0,OI2501
2024-10-23 21:33:00,9581,9592,9581,9586,1016,302547,97485200.0,OI2501
2024-10-23 21:34:00,9586,9586,9573,9576,1043,302535,100075850.0,OI2501
2024-10-23 21:35:00,9577,9580,9574,9577,815,302479,77747460.0,OI2501
2024-10-23 21:36:00,9578,9578,9562,9562,2638,302442,252611550.0,OI2501
2024-10-23 21:37:00,9562,9575,9562,9575,1338,302416,127862790.0,OI2501
2024-10-23 21:38:00,9575,9575,9570,9572,664,302459,63690880.0,OI2501
2024-10-23 21:39:00,9572,9581,9572,9579,1014,302361,97262880.0,OI2501
2024-10-23 21:40:00,9579,9579,9571,9574,701,302260,66724580.0,OI2501
2024-10-23 21:41:00,9574,9579,9574,9579,385,302222,36925350.0,OI2501
2024-10-23 21:42:00,9580,9585,9577,9582,898,302215,86127180.0,OI2501
2024-10-23 21:43:00,9582,9584,9580,9583,793,302164,76056630.0,OI2501
2024-10-23 21:44:00,9583,9585,9581,9583,565,302168,54189150.0,OI2501
2024-10-23 21:45:00,9584,9590,9583,9590,835,301895,80084850.0,OI2501
2024-10-23 21:46:00,9591,9594,9585,9586,888,301769,85168080.0,OI2501
2024-10-23 21:47:00,9585,9585,9576,9576,884,301710,84784440.0,OI2501
2024-10-23 21:48:00,9576,9582,9574,9580,716,301756,68096580.0,OI2501
2024-10-23 21:49:00,9581,9588,9580,9584,560,301615,53704000.0,OI2501
2024-10-23 21:50:00,9584,9585,9575,9578,839,301636,80460100.0,OI2501
2024-10-23 21:51:00,9578,9579,9572,9572,635,301543,60896500.0,OI2501
2024-10-23 21:52:00,9571,9581,9571,9581,477,301613,45744300.0,OI2501
2024-10-23 21:53:00,9580,9586,9579,9584,484,301576,46415600.0,OI2501
2024-10-23 21:54:00,9585,9585,9579,9579,590,301419,56581000.0,OI2501
2024-10-23 21:55:00,9579,9583,9577,9577,407,301387,39031300.0,OI2501
2024-10-23 21:56:00,9577,9581,9575,9577,546,301286,52361400.0,OI2501
2024-10-23 21:57:00,9575,9575,9569,9572,1109,301489,105721650.0,OI2501
2024-10-23 21:58:00,9572,9574,9570,9571,242,301485,23205380.0,OI2501
2024-10-23 21:59:00,9572,9572,9565,9568,814,301342,78054460.0,OI2501
2024-10-23 22:00:00,9569,9573,9567,9569,631,301297,60506590.0,OI2501
2024-10-23 22:01:00,9569,9571,9564,9571,689,301225,66068210.0,OI2501
2024-10-23 22:02:00,9572,9574,9566,9574,742,301013,70487750.0,OI2501
2024-10-23 22:03:00,9574,9575,9570,9574,540,300943,51775200.0,OI2501
2024-10-23 22:04:00,9572,9576,9571,9571,392,300878,37584960.0,OI2501
2024-10-23 22:05:00,9571,9574,9569,9571,309,300904,29626920.0,OI2501
2024-10-23 22:06:00,9571,9580,9570,9580,499,300864,47844120.0,OI2501
2024-10-23 22:07:00,9579,9583,9578,9579,606,300824,58103280.0,OI2501
2024-10-23 22:08:00,9579,9585,9579,9583,565,300773,54172200.0,OI2501
2024-10-23 22:09:00,9583,9584,9578,9582,400,300815,38352000.0,OI2501
2024-10-23 22:10:00,9581,9583,9577,9578,472,300808,45255360.0,OI2501
2024-10-23 22:11:00,9577,9585,9577,9582,433,300770,41516040.0,OI2501
2024-10-23 22:12:00,9583,9583,9577,9578,187,300761,17929560.0,OI2501
2024-10-23 22:13:00,9578,9578,9575,9576,313,300751,30010440.0,OI2501
2024-10-23 22:14:00,9576,9583,9576,9582,373,300654,35763240.0,OI2501
2024-10-23 22:15:00,9581,9589,9580,9586,833,300558,79868040.0,OI2501
2024-10-23 22:16:00,9586,9589,9579,9579,448,300532,42954240.0,OI2501
2024-10-23 22:17:00,9579,9582,9575,9578,612,300417,57946110.0,OI2501
2024-10-23 22:18:00,9579,9586,9579,9585,325,300390,31157750.0,OI2501
2024-10-23 22:19:00,9585,9585,9579,9582,227,300358,21762490.0,OI2501
2024-10-23 22:20:00,9582,9586,9580,9584,313,300296,30007310.0,OI2501
2024-10-23 22:21:00,9585,9589,9582,9583,424,300256,40648880.0,OI2501
2024-10-23 22:22:00,9583,9589,9582,9589,362,300234,34704940.0,OI2501
2024-10-23 22:23:00,9589,9601,9589,9597,2185,299998,210246760.0,OI2501
2024-10-23 22:24:00,9597,9598,9591,9593,588,300055,56377440.0,OI2501
2024-10-23 22:25:00,9592,9593,9587,9588,620,300050,59445600.0,OI2501
2024-10-23 22:26:00,9589,9593,9585,9587,476,300007,45638880.0,OI2501
2024-10-23 22:27:00,9588,9593,9587,9590,273,300023,26175240.0,OI2501
2024-10-23 22:28:00,9590,9591,9586,9588,304,300001,29147520.0,OI2501
2024-10-23 22:29:00,9590,9593,9588,9590,322,300005,30873360.0,OI2501
2024-10-23 22:30:00,9590,9590,9578,9579,681,299885,65294280.0,OI2501
2024-10-23 22:31:00,9579,9583,9576,9578,900,299874,86292000.0,OI2501
2024-10-23 22:32:00,9578,9578,9567,9568,1169,299883,111259580.0,OI2501
2024-10-23 22:33:00,9567,9572,9556,9560,2679,299720,256835730.0,OI2501
2024-10-23 22:34:00,9558,9565,9558,9560,928,299696,88107150.0,OI2501
2024-10-23 22:35:00,9559,9564,9555,9564,1115,299685,106883900.0,OI2501
2024-10-23 22:36:00,9563,9565,9557,9558,574,299701,55023640.0,OI2501
2024-10-23 22:37:00,9558,9565,9558,9563,530,299715,50805800.0,OI2501
2024-10-23 22:38:00,9563,9564,9561,9562,310,299694,29716600.0,OI2501
2024-10-23 22:39:00,9560,9566,9558,9559,767,299548,72631450.0,OI2501
2024-10-23 22:40:00,9561,9566,9559,9565,445,299469,42653250.0,OI2501
2024-10-23 22:41:00,9565,9570,9560,9560,825,299359,79076250.0,OI2501
2024-10-23 22:42:00,9561,9565,9558,9564,547,299357,52429950.0,OI2501
2024-10-23 22:43:00,9564,9567,9558,9564,487,299234,46678950.0,OI2501
2024-10-23 22:44:00,9564,9578,9564,9578,969,299011,92878650.0,OI2501
2024-10-23 22:45:00,9575,9576,9560,9560,861,298706,81592340.0,OI2501
2024-10-23 22:46:00,9561,9563,9554,9556,1073,298706,102836320.0,OI2501
2024-10-23 22:47:00,9555,9562,9555,9562,277,298653,26547680.0,OI2501
2024-10-23 22:48:00,9561,9566,9560,9560,405,298554,38815200.0,OI2501
2024-10-23 22:49:00,9560,9561,9556,9556,322,298532,30860480.0,OI2501
2024-10-23 22:50:00,9556,9561,9556,9560,385,298523,36898400.0,OI2501
2024-10-23 22:51:00,9560,9563,9559,9560,350,298499,33544000.0,OI2501
2024-10-23 22:52:00,9559,9559,9546,9548,2125,298059,202676120.0,OI2501
2024-10-23 22:53:00,9548,9550,9537,9540,2110,297799,201196320.0,OI2501
2024-10-23 22:54:00,9540,9545,9536,9545,1325,297705,126961500.0,OI2501
2024-10-23 22:55:00,9545,9546,9534,9536,1018,297668,96516350.0,OI2501
2024-10-23 22:56:00,9537,9541,9535,9538,1011,297542,96863910.0,OI2501
2024-10-23 22:57:00,9539,9540,9537,9540,567,297374,54324270.0,OI2501
2024-10-23 22:58:00,9540,9543,9536,9542,1359,297033,129148010.0,OI2501
2024-10-23 22:59:00,9541,9545,9538,9542,1319,296424,126360200.0,OI2501
2024-10-24 09:00:00,9564,9578,9559,9562,5633,296598,538514100.0,OI2501
2024-10-24 09:01:00,9562,9583,9560,9576,2678,296751,256525620.0,OI2501
2024-10-24 09:02:00,9576,9577,9567,9570,1041,296809,99717390.0,OI2501
2024-10-24 09:03:00,9571,9576,9568,9575,732,296870,70118280.0,OI2501
2024-10-24 09:04:00,9576,9589,9576,9587,1529,296974,146462910.0,OI2501
2024-10-24 09:05:00,9587,9593,9584,9589,1988,297176,190430520.0,OI2501
2024-10-24 09:06:00,9589,9595,9589,9593,1062,297355,101728980.0,OI2501
2024-10-24 09:07:00,9593,9597,9588,9589,1255,297471,120216450.0,OI2501
2024-10-24 09:08:00,9589,9592,9583,9590,1288,297714,123377520.0,OI2501
2024-10-24 09:09:00,9589,9595,9587,9588,772,297769,73949880.0,OI2501
2024-10-24 09:10:00,9590,9591,9584,9585,696,297833,66669840.0,OI2501
2024-10-24 09:11:00,9585,9592,9585,9588,748,298067,71650920.0,OI2501
2024-10-24 09:12:00,9587,9593,9581,9592,1007,298152,96460530.0,OI2501
2024-10-24 09:13:00,9591,9591,9584,9586,908,298135,86977320.0,OI2501
2024-10-24 09:14:00,9585,9590,9578,9590,1456,298082,139470240.0,OI2501
2024-10-24 09:15:00,9590,9590,9583,9585,590,298044,56516100.0,OI2501
2024-10-24 09:16:00,9587,9589,9581,9581,575,298157,56389800.0,OI2501
2024-10-24 09:17:00,9582,9586,9580,9583,513,298118,49145400.0,OI2501
2024-10-24 09:18:00,9584,9588,9583,9587,305,298087,29219000.0,OI2501
2024-10-24 09:19:00,9586,9587,9581,9586,407,298027,38990600.0,OI2501
2024-10-24 09:20:00,9586,9594,9586,9587,1314,297712,125881200.0,OI2501
2024-10-24 09:21:00,9588,9588,9583,9585,309,297782,29602200.0,OI2501
2024-10-24 09:22:00,9586,9590,9584,9589,544,297731,52115200.0,OI2501
2024-10-24 09:23:00,9589,9593,9582,9583,614,297927,58821200.0,OI2501
2024-10-24 09:24:00,9582,9587,9582,9587,294,297979,28165200.0,OI2501
2024-10-24 09:25:00,9588,9588,9575,9578,1176,298150,112660800.0,OI2501
2024-10-24 09:26:00,9577,9578,9570,9570,1260,298148,120708000.0,OI2501
2024-10-24 09:27:00,9570,9571,9564,9566,1081,297950,103559800.0,OI2501
2024-10-24 09:28:00,9565,9575,9564,9573,696,297914,66676800.0,OI2501
2024-10-24 09:29:00,9572,9574,9567,9573,471,298021,45121800.0,OI2501
2024-10-24 09:30:00,9574,9587,9573,9584,843,298018,80759400.0,OI2501
2024-10-24 09:31:00,9583,9587,9577,9583,864,297992,82771200.0,OI2501
2024-10-24 09:32:00,9585,9585,9581,9582,293,298035,28069400.0,OI2501
2024-10-24 09:33:00,9582,9590,9582,9585,607,298016,58150600.0,OI2501
2024-10-24 09:34:00,9584,9588,9584,9586,235,298073,22513000.0,OI2501
2024-10-24 09:35:00,9587,9587,9578,9580,470,298168,45026000.0,OI2501
2024-10-24 09:36:00,9581,9583,9578,9582,345,298158,33051000.0,OI2501
2024-10-24 09:37:00,9582,9586,9579,9584,341,298126,32667800.0,OI2501
2024-10-24 09:38:00,9585,9585,9577,9577,342,298094,32763600.0,OI2501
2024-10-24 09:39:00,9577,9581,9576,9577,202,298044,19351600.0,OI2501
2024-10-24 09:40:00,9576,9577,9569,9571,665,297904,63707000.0,OI2501
2024-10-24 09:41:00,9571,9581,9567,9579,1660,298271,159028000.0,OI2501
2024-10-24 09:42:00,9579,9581,9575,9575,335,298282,32093000.0,OI2501
2024-10-24 09:43:00,9574,9578,9571,9577,319,298236,29084600.0,OI2501
2024-10-24 09:44:00,9577,9578,9573,9576,272,298207,26054880.0,OI2501
2024-10-24 09:45:00,9576,9579,9575,9577,262,298211,25096980.0,OI2501
2024-10-24 09:46:00,9578,9579,9570,9572,460,298135,44063400.0,OI2501
2024-10-24 09:47:00,9573,9573,9567,9571,743,298217,71171970.0,OI2501
2024-10-24 09:48:00,9570,9575,9568,9571,409,298221,39178110.0,OI2501
2024-10-24 09:49:00,9571,9577,9571,9576,319,298232,30557010.0,OI2501
2024-10-24 09:50:00,9576,9576,9570,9575,308,298276,29503320.0,OI2501
2024-10-24 09:51:00,9575,9579,9574,9578,334,298303,31993860.0,OI2501
2024-10-24 09:52:00,9578,9578,9570,9572,297,298271,28449630.0,OI2501
2024-10-24 09:53:00,9572,9574,9569,9572,353,298255,33813870.0,OI2501
2024-10-24 09:54:00,9572,9579,9567,9568,523,298196,50098170.0,OI2501
2024-10-24 09:55:00,9568,9574,9568,9571,316,298146,30269640.0,OI2501
2024-10-24 09:56:00,9572,9576,9568,9574,375,298114,35921250.0,OI2501
2024-10-24 09:57:00,9573,9583,9572,9581,736,298019,70501440.0,OI2501
2024-10-24 09:58:00,9580,9582,9575,9582,412,298018,39465480.0,OI2501
2024-10-24 09:59:00,9581,9583,9577,9580,356,298031,34101240.0,OI2501
2024-10-24 10:00:00,9580,9582,9579,9581,412,297994,39465480.0,OI2501
2024-10-24 10:01:00,9580,9580,9569,9573,638,297918,61114020.0,OI2501
2024-10-24 10:02:00,9572,9574,9571,9573,245,297887,23468550.0,OI2501
2024-10-24 10:03:00,9571,9571,9555,9559,2787,298194,266966730.0,OI2501
2024-10-24 10:04:00,9560,9567,9559,9560,593,298256,56803470.0,OI2501
2024-10-24 10:05:00,9560,9564,9558,9561,434,298214,41572860.0,OI2501
2024-10-24 10:06:00,9559,9565,9559,9565,571,298346,54696090.0,OI2501
2024-10-24 10:07:00,9566,9572,9565,9572,467,298247,44733930.0,OI2501
2024-10-24 10:08:00,9572,9580,9569,9580,614,298270,58815060.0,OI2501
2024-10-24 10:09:00,9579,9596,9579,9589,3640,297368,348675600.0,OI2501
2024-10-24 10:10:00,9590,9596,9585,9593,865,297307,82858350.0,OI2501
2024-10-24 10:11:00,9593,9596,9591,9593,613,297305,58719270.0,OI2501
2024-10-24 10:12:00,9592,9596,9588,9589,768,297366,73566720.0,OI2501
2024-10-24 10:13:00,9590,9590,9583,9584,623,297339,59677170.0,OI2501
2024-10-24 10:14:00,9584,9590,9583,9590,339,297314,32472810.0,OI2501
2024-10-24 10:30:00,9593,9596,9585,9589,1181,297275,113127990.0,OI2501
2024-10-24 10:31:00,9588,9592,9582,9589,685,297307,65616150.0,OI2501
2024-10-24 10:32:00,9589,9592,9588,9590,287,297311,27491730.0,OI2501
2024-10-24 10:33:00,9590,9596,9589,9594,380,297341,36400200.0,OI2501
2024-10-24 10:34:00,9594,9608,9593,9605,3146,297404,303088570.0,OI2501
2024-10-24 10:35:00,9604,9605,9597,9598,842,297317,80663600.0,OI2501
2024-10-24 10:36:00,9599,9601,9594,9595,555,297335,53169000.0,OI2501
2024-10-24 10:37:00,9597,9601,9592,9601,539,297378,51636200.0,OI2501
2024-10-24 10:38:00,9601,9601,9592,9600,636,297352,60928800.0,OI2501
2024-10-24 10:39:00,9600,9604,9599,9603,482,297439,46175600.0,OI2501
2024-10-24 10:40:00,9604,9613,9604,9606,2493,297595,238829400.0,OI2501
2024-10-24 10:41:00,9605,9610,9605,9608,824,297763,80736140.0,OI2501
2024-10-24 10:42:00,9607,9616,9607,9614,868,298006,83163080.0,OI2501
2024-10-24 10:43:00,9614,9615,9610,9611,593,298214,56815330.0,OI2501
2024-10-24 10:44:00,9610,9612,9605,9610,599,298313,57390190.0,OI2501
2024-10-24 10:45:00,9610,9615,9610,9610,647,298474,61989070.0,OI2501
2024-10-24 10:46:00,9609,9616,9607,9612,669,298417,64096890.0,OI2501
2024-10-24 10:47:00,9612,9637,9612,9634,5123,298998,492716560.0,OI2501
2024-10-24 10:48:00,9633,9646,9631,9643,3057,299489,294834240.0,OI2501
2024-10-24 10:49:00,9644,9646,9638,9641,2416,300043,233461940.0,OI2501
2024-10-24 10:50:00,9642,9656,9642,9654,2930,300419,282777160.0,OI2501
2024-10-24 10:51:00,9654,9661,9650,9651,2389,301040,230975500.0,OI2501
2024-10-24 10:52:00,9651,9651,9643,9644,1562,301360,149733320.0,OI2501
2024-10-24 10:53:00,9644,9662,9643,9658,2665,301402,257499020.0,OI2501
2024-10-24 10:54:00,9658,9663,9652,9653,1268,301522,123607960.0,OI2501
2024-10-24 10:55:00,9652,9667,9650,9665,1863,301291,178624440.0,OI2501
2024-10-24 10:56:00,9665,9668,9661,9663,1175,301519,114734180.0,OI2501
2024-10-24 10:57:00,9663,9666,9658,9663,1239,301710,118807710.0,OI2501
2024-10-24 10:58:00,9662,9664,9655,9656,1341,301740,130689470.0,OI2501
2024-10-24 10:59:00,9656,9658,9650,9652,850,301634,81515000.0,OI2501
2024-10-24 11:00:00,9653,9659,9646,9659,1918,301603,183936200.0,OI2501
2024-10-24 11:01:00,9660,9668,9656,9662,1831,301857,177739870.0,OI2501
2024-10-24 11:02:00,9662,9664,9656,9658,1169,301897,112118790.0,OI2501
2024-10-24 11:03:00,9657,9663,9657,9660,548,302063,54722820.0,OI2501
2024-10-24 11:04:00,9660,9660,9657,9658,380,302155,36449600.0,OI2501
2024-10-24 11:05:00,9659,9661,9656,9657,499,302188,47864080.0,OI2501
2024-10-24 11:06:00,9657,9659,9654,9656,653,302281,62635760.0,OI2501
2024-10-24 11:07:00,9656,9665,9656,9662,955,302423,91603600.0,OI2501
2024-10-24 11:08:00,9662,9674,9661,9669,2235,302124,216592560.0,OI2501
2024-10-24 11:09:00,9669,9670,9655,9656,928,302138,89023040.0,OI2501
2024-10-24 11:10:00,9655,9659,9655,9657,692,302116,68611120.0,OI2501
2024-10-24 11:11:00,9656,9657,9651,9654,831,302094,79726140.0,OI2501
2024-10-24 11:12:00,9654,9655,9649,9652,481,302089,46147140.0,OI2501
2024-10-24 11:13:00,9652,9655,9649,9651,417,302097,40006980.0,OI2501
2024-10-24 11:14:00,9651,9652,9648,9652,400,302147,38376000.0,OI2501
2024-10-24 11:15:00,9652,9653,9646,9646,624,302212,59866560.0,OI2501
2024-10-24 11:16:00,9646,9663,9646,9661,1095,302331,107320340.0,OI2501
2024-10-24 11:17:00,9661,9662,9656,9659,763,302698,73209850.0,OI2501
2024-10-24 11:18:00,9659,9660,9654,9654,330,302660,31663500.0,OI2501
2024-10-24 11:19:00,9655,9655,9648,9651,466,302639,44712700.0,OI2501
2024-10-24 11:20:00,9651,9655,9651,9654,299,302674,28689050.0,OI2501
2024-10-24 11:21:00,9653,9654,9649,9653,344,302734,33006800.0,OI2501
2024-10-24 11:22:00,9654,9662,9654,9659,604,302687,57953800.0,OI2501
2024-10-24 11:23:00,9659,9661,9657,9660,391,302720,39814460.0,OI2501
2024-10-24 11:24:00,9660,9662,9658,9662,502,302673,48171920.0,OI2501
2024-10-24 11:25:00,9663,9665,9658,9661,1055,302945,101237800.0,OI2501
2024-10-24 11:26:00,9662,9663,9659,9662,230,302938,22070800.0,OI2501
2024-10-24 11:27:00,9662,9666,9659,9659,653,302795,62661880.0,OI2501
2024-10-24 11:28:00,9659,9660,9654,9654,461,302700,44237560.0,OI2501
2024-10-24 11:29:00,9654,9664,9651,9662,856,302518,84477340.0,OI2501
2024-10-24 13:30:00,9661,9661,9634,9641,2863,302059,274762110.0,OI2501
2024-10-24 13:31:00,9643,9661,9641,9658,1402,302222,134549940.0,OI2501
2024-10-24 13:32:00,9658,9660,9653,9660,925,302448,91159730.0,OI2501
2024-10-24 13:33:00,9659,9666,9657,9666,1193,302671,114504140.0,OI2501
2024-10-24 13:34:00,9666,9666,9660,9660,805,302797,77263900.0,OI2501
2024-10-24 13:35:00,9661,9669,9661,9668,891,302950,85518180.0,OI2501
2024-10-24 13:36:00,9668,9668,9658,9659,609,303055,60874280.0,OI2501
2024-10-24 13:37:00,9660,9660,9656,9656,366,303046,35132340.0,OI2501
2024-10-24 13:38:00,9657,9657,9651,9654,723,303138,69400770.0,OI2501
2024-10-24 13:39:00,9654,9654,9645,9646,992,303077,95222080.0,OI2501
2024-10-24 13:40:00,9646,9650,9646,9647,643,303001,61721570.0,OI2501
2024-10-24 13:41:00,9646,9651,9646,9648,524,302848,50298760.0,OI2501
2024-10-24 13:42:00,9649,9651,9645,9647,582,303037,55866180.0,OI2501
2024-10-24 13:43:00,9646,9648,9642,9644,684,303186,68124760.0,OI2501
2024-10-24 13:44:00,9644,9645,9642,9644,311,303122,29856000.0,OI2501
2024-10-24 13:45:00,9645,9650,9644,9647,439,303104,42144000.0,OI2501
2024-10-24 13:46:00,9647,9649,9643,9647,414,303149,39744000.0,OI2501
2024-10-24 13:47:00,9645,9646,9635,9641,862,303097,82752000.0,OI2501
2024-10-24 13:48:00,9642,9651,9641,9651,778,303214,74688000.0,OI2501
2024-10-24 13:49:00,9650,9661,9650,9659,926,303150,88896000.0,OI2501
2024-10-24 13:50:00,9659,9661,9655,9659,436,303101,41856000.0,OI2501
2024-10-24 13:51:00,9658,9663,9653,9656,1025,303249,100919510.0,OI2501
2024-10-24 13:52:00,9656,9656,9649,9653,616,303147,59142160.0,OI2501
2024-10-24 13:53:00,9653,9654,9646,9648,481,303091,46180810.0,OI2501
2024-10-24 13:54:00,9649,9650,9646,9648,198,303062,19009980.0,OI2501
2024-10-24 13:55:00,9648,9652,9646,9649,398,302978,38211980.0,OI2501
2024-10-24 13:56:00,9648,9650,9647,9648,140,302962,13441400.0,OI2501
2024-10-24 13:57:00,9648,9650,9647,9649,126,302965,12097260.0,OI2501
2024-10-24 13:58:00,9649,9652,9648,9650,291,302938,27938910.0,OI2501
2024-10-24 13:59:00,9649,9650,9644,9645,327,303021,31395270.0,OI2501
2024-10-24 14:00:00,9646,9653,9644,9649,350,303088,33603500.0,OI2501
2024-10-24 14:01:00,9649,9656,9647,9655,667,303179,64038670.0,OI2501
2024-10-24 14:02:00,9655,9655,9650,9653,250,303101,24002500.0,OI2501
2024-10-24 14:03:00,9653,9656,9651,9654,242,303116,23234420.0,OI2501
2024-10-24 14:04:00,9654,9655,9651,9652,223,303156,21410230.0,OI2501
2024-10-24 14:05:00,9651,9651,9648,9648,246,303180,23618460.0,OI2501
2024-10-24 14:06:00,9648,9655,9646,9654,384,303281,39436740.0,OI2501
2024-10-24 14:07:00,9654,9662,9654,9659,853,303207,81905060.0,OI2501
2024-10-24 14:08:00,9659,9662,9656,9661,347,303229,33318940.0,OI2501
2024-10-24 14:09:00,9661,9662,9659,9659,313,303300,30054260.0,OI2501
2024-10-24 14:10:00,9660,9663,9657,9659,570,303407,54731400.0,OI2501
2024-10-24 14:11:00,9659,9659,9657,9657,163,303424,15651260.0,OI2501
2024-10-24 14:12:00,9657,9662,9657,9658,333,303510,31974660.0,OI2501
2024-10-24 14:13:00,9658,9666,9658,9664,621,303591,59628420.0,OI2501
2024-10-24 14:14:00,9665,9668,9660,9667,651,303596,62509020.0,OI2501
2024-10-24 14:15:00,9668,9668,9662,9663,448,303670,45628850.0,OI2501
2024-10-24 14:16:00,9663,9666,9663,9663,397,303741,38123910.0,OI2501
2024-10-24 14:17:00,9664,9668,9662,9665,439,303767,42157170.0,OI2501
2024-10-24 14:18:00,9664,9667,9660,9661,409,303756,39276270.0,OI2501
2024-10-24 14:19:00,9662,9665,9661,9663,261,303826,25063830.0,OI2501
2024-10-24 14:20:00,9662,9664,9661,9661,182,303831,17477460.0,OI2501
2024-10-24 14:21:00,9662,9664,9660,9664,442,303772,42445260.0,OI2501
2024-10-24 14:22:00,9664,9664,9662,9664,123,303803,11811690.0,OI2501
2024-10-24 14:23:00,9664,9668,9664,9668,693,303683,66548790.0,OI2501
2024-10-24 14:24:00,9667,9670,9665,9666,1005,303801,96510150.0,OI2501
2024-10-24 14:25:00,9666,9667,9661,9661,373,303772,38474320.0,OI2501
2024-10-24 14:26:00,9661,9663,9657,9662,1110,303625,106604400.0,OI2501
2024-10-24 14:27:00,9662,9662,9657,9658,329,303641,31597160.0,OI2501
2024-10-24 14:28:00,9659,9659,9655,9657,372,303693,35726880.0,OI2501
2024-10-24 14:29:00,9657,9659,9657,9659,243,303683,23337720.0,OI2501
2024-10-24 14:30:00,9657,9661,9654,9658,458,303594,43986320.0,OI2501
2024-10-24 14:31:00,9658,9658,9651,9656,442,303561,42449680.0,OI2501
2024-10-24 14:32:00,9655,9657,9653,9656,350,303615,33614000.0,OI2501
2024-10-24 14:33:00,9655,9660,9655,9659,310,303559,29772400.0,OI2501
2024-10-24 14:34:00,9659,9660,9653,9656,277,303534,26603080.0,OI2501
2024-10-24 14:35:00,9655,9656,9651,9655,501,303579,48116040.0,OI2501
2024-10-24 14:36:00,9656,9666,9654,9664,1129,303934,111139500.0,OI2501
2024-10-24 14:37:00,9665,9674,9664,9674,1685,303985,161844250.0,OI2501
2024-10-24 14:38:00,9674,9674,9667,9670,964,304120,92592200.0,OI2501
2024-10-24 14:39:00,9670,9672,9666,9667,525,304083,50426250.0,OI2501
2024-10-24 14:40:00,9668,9669,9661,9662,382,304034,36691100.0,OI2501
2024-10-24 14:41:00,9662,9663,9660,9662,279,304088,29546640.0,OI2501
2024-10-24 14:42:00,9663,9664,9661,9664,255,304132,24495300.0,OI2501
2024-10-24 14:43:00,9664,9666,9660,9665,237,304129,22766220.0,OI2501
2024-10-24 14:44:00,9665,9670,9664,9668,457,304235,43899420.0,OI2501
2024-10-24 14:45:00,9667,9671,9662,9662,473,304209,45436380.0,OI2501
2024-10-24 14:46:00,9662,9665,9660,9664,402,304096,38616120.0,OI2501
2024-10-24 14:47:00,9663,9666,9662,9662,356,304082,34197360.0,OI2501
2024-10-24 14:48:00,9662,9663,9657,9658,618,303988,59365080.0,OI2501
2024-10-24 14:49:00,9658,9665,9658,9663,540,304193,51872400.0,OI2501
2024-10-24 14:50:00,9665,9665,9660,9661,255,304166,24495300.0,OI2501
2024-10-24 14:51:00,9662,9662,9658,9660,444,304163,42650640.0,OI2501
2024-10-24 14:52:00,9659,9660,9656,9657,468,304122,44956080.0,OI2501
2024-10-24 14:53:00,9657,9663,9656,9661,430,304173,44103840.0,OI2501
2024-10-24 14:54:00,9661,9669,9658,9669,714,304064,68593980.0,OI2501
2024-10-24 14:55:00,9669,9679,9668,9679,2294,303907,220384580.0,OI2501
2024-10-24 14:56:00,9679,9684,9677,9684,1660,303923,162320920.0,OI2501
2024-10-24 14:57:00,9685,9685,9679,9680,1227,303765,117890160.0,OI2501
2024-10-24 14:58:00,9679,9683,9677,9680,980,303725,94158400.0,OI2501
2024-10-24 14:59:00,9678,9683,9677,9681,1212,303687,116448960.0,OI2501
2024-10-24 21:00:00,9720,9751,9720,9735,9977,304777,971260950.0,OI2501
2024-10-24 21:01:00,9736,9753,9717,9718,5924,305097,577019420.0,OI2501
2024-10-24 21:02:00,9717,9728,9713,9719,3576,305503,347416040.0,OI2501
2024-10-24 21:03:00,9719,9723,9712,9714,2556,306029,248555150.0,OI2501
2024-10-24 21:04:00,9715,9733,9715,9731,2501,305864,243151980.0,OI2501
2024-10-24 21:05:00,9731,9732,9722,9728,1744,305958,169708640.0,OI2501
2024-10-24 21:06:00,9729,9735,9729,9732,1374,306079,133703940.0,OI2501
2024-10-24 21:07:00,9732,9739,9731,9737,2361,306297,229748910.0,OI2501
2024-10-24 21:08:00,9738,9749,9733,9749,2012,306606,196107970.0,OI2501
2024-10-24 21:09:00,9749,9764,9748,9762,3852,307298,375594180.0,OI2501
2024-10-24 21:10:00,9762,9769,9761,9761,2641,308027,257845300.0,OI2501
2024-10-24 21:11:00,9760,9760,9747,9749,1784,307910,174093260.0,OI2501
2024-10-24 21:12:00,9749,9753,9745,9746,1244,307986,121543740.0,OI2501
2024-10-24 21:13:00,9746,9756,9744,9752,1102,308042,107312760.0,OI2501
2024-10-24 21:14:00,9754,9761,9752,9759,844,308264,82188720.0,OI2501
2024-10-24 21:15:00,9761,9772,9759,9769,2499,308578,244272440.0,OI2501
2024-10-24 21:16:00,9770,9771,9762,9763,1434,308860,140145850.0,OI2501
2024-10-24 21:17:00,9762,9771,9762,9771,960,309017,93513600.0,OI2501
2024-10-24 21:18:00,9772,9778,9770,9774,2229,309547,218139170.0,OI2501
2024-10-24 21:19:00,9774,9776,9771,9776,1073,309881,104542390.0,OI2501
2024-10-24 21:20:00,9776,9790,9775,9786,2925,310369,286074990.0,OI2501
2024-10-24 21:21:00,9787,9796,9786,9794,2740,311093,268733560.0,OI2501
2024-10-24 21:22:00,9796,9811,9795,9801,3750,311947,367383060.0,OI2501
2024-10-24 21:23:00,9802,9806,9791,9793,2235,311932,219201590.0,OI2501
2024-10-24 21:24:00,9792,9801,9792,9801,1430,312167,140115570.0,OI2501
2024-10-24 21:25:00,9800,9807,9799,9803,1410,312436,138193170.0,OI2501
2024-10-24 21:26:00,9803,9804,9793,9794,1340,312441,131392170.0,OI2501
2024-10-24 21:27:00,9794,9796,9790,9795,1337,312456,130437720.0,OI2501
2024-10-24 21:28:00,9796,9800,9782,9783,1623,312088,159044650.0,OI2501
2024-10-24 21:29:00,9783,9793,9783,9791,1112,312211,108497840.0,OI2501
2024-10-24 21:30:00,9792,9793,9786,9793,1165,312403,114396590.0,OI2501
2024-10-24 21:31:00,9793,9797,9788,9797,855,312502,83430900.0,OI2501
2024-10-24 21:32:00,9796,9799,9790,9796,767,312618,75587620.0,OI2501
2024-10-24 21:33:00,9795,9802,9791,9802,1510,313083,148119760.0,OI2501
2024-10-24 21:34:00,9802,9805,9800,9802,1105,313258,107848000.0,OI2501
2024-10-24 21:35:00,9803,9815,9802,9803,2311,313667,227139640.0,OI2501
2024-10-24 21:36:00,9802,9804,9794,9796,1926,313712,188016120.0,OI2501
2024-10-24 21:37:00,9794,9798,9790,9796,940,313603,92584480.0,OI2501
2024-10-24 21:38:00,9797,9804,9797,9804,858,313694,83766540.0,OI2501
2024-10-24 21:39:00,9804,9811,9804,9807,1178,313799,115850180.0,OI2501
2024-10-24 21:40:00,9805,9811,9803,9803,1118,314203,109161520.0,OI2501
2024-10-24 21:41:00,9804,9808,9797,9799,1142,314355,112369520.0,OI2501
2024-10-24 21:42:00,9797,9799,9792,9795,848,314392,82807200.0,OI2501
2024-10-24 21:43:00,9794,9797,9793,9793,652,314382,63667800.0,OI2501
2024-10-24 21:44:00,9794,9798,9792,9796,799,314387,78909980.0,OI2501
2024-10-24 21:45:00,9796,9803,9793,9803,920,314485,89847200.0,OI2501
2024-10-24 21:46:00,9804,9810,9801,9802,1724,314920,169279910.0,OI2501
2024-10-24 21:47:00,9803,9813,9799,9810,1147,315027,112027490.0,OI2501
2024-10-24 21:48:00,9811,9822,9811,9815,2105,315173,206541940.0,OI2501
2024-10-24 21:49:00,9815,9825,9815,9816,1918,315455,188316010.0,OI2501
2024-10-24 21:50:00,9816,9818,9806,9810,1578,315354,155136370.0,OI2501
2024-10-24 21:51:00,9810,9819,9806,9819,1345,315770,132401500.0,OI2501
2024-10-24 21:52:00,9818,9821,9812,9812,980,315883,95755800.0,OI2501
2024-10-24 21:53:00,9812,9822,9812,9814,982,315810,96965840.0,OI2501
2024-10-24 21:54:00,9815,9817,9811,9814,569,315860,55602680.0,OI2501
2024-10-24 21:55:00,9813,9814,9804,9808,1513,315738,147850360.0,OI2501
2024-10-24 21:56:00,9807,9807,9801,9801,914,315703,90360660.0,OI2501
2024-10-24 21:57:00,9801,9803,9795,9797,1250,315483,122162500.0,OI2501
2024-10-24 21:58:00,9796,9800,9795,9796,970,315579,94798100.0,OI2501
2024-10-24 21:59:00,9797,9797,9789,9791,2067,315638,202007910.0,OI2501
2024-10-24 22:00:00,9793,9799,9789,9793,1584,315564,155907610.0,OI2501
2024-10-24 22:01:00,9794,9806,9793,9801,1299,315848,126964260.0,OI2501
2024-10-24 22:02:00,9802,9802,9794,9795,696,315979,68027040.0,OI2501
2024-10-24 22:03:00,9795,9796,9788,9788,1274,315953,124520760.0,OI2501
2024-10-24 22:04:00,9788,9790,9780,9781,1914,315466,188229480.0,OI2501
2024-10-24 22:05:00,9782,9794,9782,9794,840,315367,82110000.0,OI2501
2024-10-24 22:06:00,9794,9794,9788,9789,576,315419,56304000.0,OI2501
2024-10-24 22:07:00,9789,9793,9787,9791,510,315421,49852500.0,OI2501
2024-10-24 22:08:00,9791,9792,9786,9788,476,315327,46529000.0,OI2501
2024-10-24 22:09:00,9787,9793,9787,9790,414,315362,40468500.0,OI2501
2024-10-24 22:10:00,9792,9794,9787,9789,769,315563,75169750.0,OI2501
2024-10-24 22:11:00,9790,9791,9784,9785,727,315521,71064250.0,OI2501
2024-10-24 22:12:00,9784,9786,9780,9782,1061,315393,103712750.0,OI2501
2024-10-24 22:13:00,9782,9784,9780,9783,852,315495,83283000.0,OI2501
2024-10-24 22:14:00,9782,9794,9782,9794,1078,315679,105374500.0,OI2501
2024-10-24 22:15:00,9793,9795,9789,9789,641,315623,62657750.0,OI2501
2024-10-24 22:16:00,9789,9791,9784,9787,570,315604,55717500.0,OI2501
2024-10-24 22:17:00,9787,9793,9786,9788,1029,315269,101835300.0,OI2501
2024-10-24 22:18:00,9788,9792,9780,9781,833,315160,81434080.0,OI2501
2024-10-24 22:19:00,9781,9782,9777,9780,1210,315145,118289600.0,OI2501
2024-10-24 22:20:00,9780,9785,9777,9779,646,315029,63152960.0,OI2501
2024-10-24 22:21:00,9780,9781,9773,9774,944,314854,92285440.0,OI2501
2024-10-24 22:22:00,9775,9775,9755,9755,2775,314187,271284000.0,OI2501
2024-10-24 22:23:00,9755,9760,9748,9749,2617,314105,254497120.0,OI2501
2024-10-24 22:24:00,9748,9754,9744,9752,2075,313874,202831250.0,OI2501
2024-10-24 22:25:00,9751,9758,9751,9756,1217,313548,117588030.0,OI2501
2024-10-24 22:26:00,9756,9756,9748,9748,1104,313544,107904960.0,OI2501
2024-10-24 22:27:00,9749,9752,9746,9750,984,313571,96176160.0,OI2501
2024-10-24 22:28:00,9751,9760,9750,9757,899,313440,87868260.0,OI2501
2024-10-24 22:29:00,9758,9763,9756,9758,1014,313244,99108360.0,OI2501
2024-10-24 22:30:00,9759,9760,9754,9759,919,313231,89823060.0,OI2501
2024-10-24 22:31:00,9758,9763,9758,9760,595,313304,58155300.0,OI2501
2024-10-24 22:32:00,9760,9768,9759,9767,635,313106,62064900.0,OI2501
2024-10-24 22:33:00,9767,9769,9758,9760,1094,313142,106927560.0,OI2501
2024-10-24 22:34:00,9760,9760,9750,9750,838,313160,81906120.0,OI2501
2024-10-24 22:35:00,9750,9751,9744,9745,1208,312926,116603300.0,OI2501
2024-10-24 22:36:00,9745,9748,9739,9747,1370,312594,133890100.0,OI2501
2024-10-24 22:37:00,9747,9750,9735,9736,967,312364,94504910.0,OI2501
2024-10-24 22:38:00,9735,9737,9727,9736,2513,312036,244080370.0,OI2501
2024-10-24 22:39:00,9737,9746,9737,9746,1067,311616,104267240.0,OI2501
2024-10-24 22:40:00,9745,9759,9745,9756,1409,311525,137687480.0,OI2501
2024-10-24 22:41:00,9756,9757,9752,9754,735,311470,71824200.0,OI2501
2024-10-24 22:42:00,9754,9760,9751,9758,610,311414,59609200.0,OI2501
2024-10-24 22:43:00,9757,9759,9750,9751,452,311386,44169440.0,OI2501
2024-10-24 22:44:00,9750,9757,9750,9756,337,311355,31370420.0,OI2501
2024-10-24 22:45:00,9757,9759,9752,9752,605,311219,59114550.0,OI2501
2024-10-24 22:46:00,9752,9756,9749,9756,756,311015,73868760.0,OI2501
2024-10-24 22:47:00,9756,9758,9746,9746,815,311052,79633650.0,OI2501
2024-10-24 22:48:00,9747,9747,9736,9737,1339,310856,130833690.0,OI2501
2024-10-24 22:49:00,9737,9744,9734,9735,1013,310542,98980230.0,OI2501
2024-10-24 22:50:00,9737,9739,9724,9726,1727,310417,167121400.0,OI2501
2024-10-24 22:51:00,9725,9731,9725,9729,934,310126,91251800.0,OI2501
2024-10-24 22:52:00,9729,9729,9718,9722,1162,309898,113527400.0,OI2501
2024-10-24 22:53:00,9723,9723,9714,9717,1524,309597,147234830.0,OI2501
2024-10-24 22:54:00,9715,9734,9715,9734,1542,309063,150637980.0,OI2501
2024-10-24 22:55:00,9734,9736,9729,9730,1310,308685,127973900.0,OI2501
2024-10-24 22:56:00,9731,9739,9730,9739,857,308633,82023270.0,OI2501
2024-10-24 22:57:00,9739,9740,9735,9739,532,308523,51965760.0,OI2501
2024-10-24 22:58:00,9740,9754,9739,9751,1359,308063,132747120.0,OI2501
2024-10-24 22:59:00,9751,9758,9751,9755,1409,307511,137631120.0,OI2501
2024-10-25 09:00:00,9764,9764,9730,9741,2695,307744,263247600.0,OI2501
2024-10-25 09:01:00,9742,9761,9742,9758,1952,307930,188894830.0,OI2501
2024-10-25 09:02:00,9759,9762,9756,9761,946,308132,92395820.0,OI2501
2024-10-25 09:03:00,9760,9760,9749,9751,1746,308218,170531820.0,OI2501
2024-10-25 09:04:00,9752,9762,9752,9762,739,308349,72178130.0,OI2501
2024-10-25 09:05:00,9763,9766,9756,9765,1628,307956,159006760.0,OI2501
2024-10-25 09:06:00,9766,9776,9758,9775,2240,308084,218780800.0,OI2501
2024-10-25 09:07:00,9775,9786,9774,9783,1759,308191,171801530.0,OI2501
2024-10-25 09:08:00,9784,9784,9774,9782,1156,308545,112906520.0,OI2501
2024-10-25 09:09:00,9783,9794,9781,9792,1945,309019,191866270.0,OI2501
2024-10-25 09:10:00,9792,9809,9790,9802,3265,309745,318925200.0,OI2501
2024-10-25 09:11:00,9800,9800,9791,9793,1194,309942,116629920.0,OI2501
2024-10-25 09:12:00,9792,9794,9788,9790,1075,310125,106959460.0,OI2501
2024-10-25 09:13:00,9791,9791,9781,9784,981,310247,95833890.0,OI2501
2024-10-25 09:14:00,9784,9786,9775,9777,1426,310366,139305940.0,OI2501
2024-10-25 09:15:00,9778,9788,9778,9780,1282,310583,125238580.0,OI2501
2024-10-25 09:16:00,9780,9790,9777,9790,862,310631,84208780.0,OI2501
2024-10-25 09:17:00,9788,9788,9778,9780,801,310658,78249690.0,OI2501
2024-10-25 09:18:00,9780,9782,9776,9781,584,310698,57050960.0,OI2501
2024-10-25 09:19:00,9781,9784,9775,9782,661,310637,64573090.0,OI2501
2024-10-25 09:20:00,9782,9782,9773,9775,856,310820,83622640.0,OI2501
2024-10-25 09:21:00,9775,9784,9771,9780,1047,310986,102281430.0,OI2501
2024-10-25 09:22:00,9779,9779,9772,9773,489,311047,47770410.0,OI2501
2024-10-25 09:23:00,9774,9778,9769,9778,658,310790,64280020.0,OI2501
2024-10-25 09:24:00,9778,9788,9777,9788,784,310701,76588960.0,OI2501
2024-10-25 09:25:00,9787,9788,9781,9783,650,310766,63498500.0,OI2501
2024-10-25 09:26:00,9782,9782,9771,9771,728,310893,71118320.0,OI2501
2024-10-25 09:27:00,9771,9777,9769,9769,437,310869,42690530.0,OI2501
2024-10-25 09:28:00,9769,9769,9765,9768,880,310814,85967200.0,OI2501
2024-10-25 09:29:00,9768,9768,9763,9764,483,310820,47184270.0,OI2501
2024-10-25 09:30:00,9764,9769,9760,9760,886,310862,86553340.0,OI2501
2024-10-25 09:31:00,9759,9766,9758,9765,542,310841,52947980.0,OI2501
2024-10-25 09:32:00,9765,9773,9757,9772,761,310725,74342090.0,OI2501
2024-10-25 09:33:00,9773,9774,9758,9761,614,310664,59981660.0,OI2501
2024-10-25 09:34:00,9761,9764,9758,9759,483,310716,47184270.0,OI2501
2024-10-25 09:35:00,9758,9760,9748,9754,1470,310607,143604300.0,OI2501
2024-10-25 09:36:00,9754,9754,9741,9742,1419,310495,138622110.0,OI2501
2024-10-25 09:37:00,9743,9751,9737,9748,1434,310470,140087460.0,OI2501
2024-10-25 09:38:00,9748,9753,9746,9751,671,310449,65549990.0,OI2501
2024-10-25 09:39:00,9750,9756,9747,9756,813,310300,79421970.0,OI2501
2024-10-25 09:40:00,9756,9760,9751,9754,652,310324,63693880.0,OI2501
2024-10-25 09:41:00,9755,9755,9748,9749,368,310308,33759240.0,OI2501
2024-10-25 09:42:00,9749,9752,9746,9750,440,310336,42979200.0,OI2501
2024-10-25 09:43:00,9751,9751,9742,9748,591,310238,57728880.0,OI2501
2024-10-25 09:44:00,9748,9750,9745,9747,336,310231,32820480.0,OI2501
2024-10-25 09:45:00,9745,9751,9745,9749,349,310234,34090320.0,OI2501
2024-10-25 09:46:00,9748,9757,9746,9757,500,310142,48840000.0,OI2501
2024-10-25 09:47:00,9756,9761,9754,9758,460,310133,44932800.0,OI2501
2024-10-25 09:48:00,9758,9759,9750,9756,691,310310,67496880.0,OI2501
2024-10-25 09:49:00,9757,9764,9756,9760,745,310210,72771600.0,OI2501
2024-10-25 09:50:00,9760,9760,9749,9752,622,310147,60756960.0,OI2501
2024-10-25 09:51:00,9752,9763,9752,9760,323,310152,31550640.0,OI2501
2024-10-25 09:52:00,9760,9760,9756,9758,207,310166,20219760.0,OI2501
2024-10-25 09:53:00,9757,9760,9753,9754,303,310175,29597040.0,OI2501
2024-10-25 09:54:00,9753,9760,9751,9758,393,310220,38388240.0,OI2501
2024-10-25 09:55:00,9759,9765,9759,9760,479,310187,46788720.0,OI2501
2024-10-25 09:56:00,9760,9763,9757,9763,344,310205,33601920.0,OI2501
2024-10-25 09:57:00,9762,9772,9760,9771,1760,309940,171916800.0,OI2501
2024-10-25 09:58:00,9771,9772,9759,9761,603,309890,58901040.0,OI2501
2024-10-25 09:59:00,9762,9766,9760,9762,403,309864,39365040.0,OI2501
2024-10-25 10:00:00,9763,9769,9761,9769,383,309813,37411440.0,OI2501
2024-10-25 10:01:00,9769,9772,9766,9766,512,309818,50012160.0,OI2501
2024-10-25 10:02:00,9766,9766,9759,9765,491,309715,47960880.0,OI2501
2024-10-25 10:03:00,9765,9775,9765,9773,613,309667,59877840.0,OI2501
2024-10-25 10:04:00,9774,9782,9773,9777,871,309672,85079280.0,OI2501
2024-10-25 10:05:00,9776,9776,9772,9773,377,309682,36825360.0,OI2501
2024-10-25 10:06:00,9773,9773,9758,9764,802,309733,78339360.0,OI2501
2024-10-25 10:07:00,9765,9772,9763,9769,383,309739,37411440.0,OI2501
2024-10-25 10:08:00,9768,9777,9767,9775,705,309804,68864400.0,OI2501
2024-10-25 10:09:00,9776,9781,9773,9778,490,309871,47863200.0,OI2501
2024-10-25 10:10:00,9778,9781,9776,9780,411,309923,40146480.0,OI2501
2024-10-25 10:11:00,9781,9783,9777,9778,675,309851,65934000.0,OI2501
2024-10-25 10:12:00,9777,9779,9775,9775,206,309856,20122080.0,OI2501
2024-10-25 10:13:00,9775,9780,9774,9779,281,309887,27448080.0,OI2501
2024-10-25 10:14:00,9779,9782,9776,9780,323,309848,31550640.0,OI2501
2024-10-25 10:30:00,9780,9783,9772,9777,511,309896,49914480.0,OI2501
2024-10-25 10:31:00,9776,9780,9772,9780,376,309931,36727680.0,OI2501
2024-10-25 10:32:00,9780,9780,9771,9772,429,310036,41904720.0,OI2501
2024-10-25 10:33:00,9771,9773,9764,9764,525,309979,51282000.0,OI2501
2024-10-25 10:34:00,9765,9765,9757,9764,763,309917,74529840.0,OI2501
2024-10-25 10:35:00,9765,9768,9761,9766,555,309924,54212400.0,OI2501
2024-10-25 10:36:00,9766,9766,9759,9762,554,309940,54114720.0,OI2501
2024-10-25 10:37:00,9761,9764,9757,9757,235,309964,22954800.0,OI2501
2024-10-25 10:38:00,9757,9763,9757,9761,448,309920,43760640.0,OI2501
2024-10-25 10:39:00,9762,9768,9760,9760,449,309956,43858320.0,OI2501
2024-10-25 10:40:00,9760,9766,9760,9765,248,309914,24224640.0,OI2501
2024-10-25 10:41:00,9765,9766,9758,9763,468,309923,45714240.0,OI2501
2024-10-25 10:42:00,9764,9764,9755,9761,563,309982,54993840.0,OI2501
2024-10-25 10:43:00,9762,9763,9757,9758,278,309968,27155040.0,OI2501
2024-10-25 10:44:00,9758,9761,9754,9755,503,309871,49133040.0,OI2501
2024-10-25 10:45:00,9754,9756,9751,9753,619,309887,60463920.0,OI2501
2024-10-25 10:46:00,9754,9756,9748,9748,1059,310046,103443120.0,OI2501
2024-10-25 10:47:00,9749,9755,9747,9753,1207,309926,117899760.0,OI2501
2024-10-25 10:48:00,9752,9759,9751,9757,555,309910,54212400.0,OI2501
2024-10-25 10:49:00,9757,9764,9757,9761,796,309600,77753280.0,OI2501
2024-10-25 10:50:00,9761,9765,9761,9764,399,309561,38974320.0,OI2501
2024-10-25 10:51:00,9765,9765,9759,9760,392,309583,38290560.0,OI2501
2024-10-25 10:52:00,9760,9762,9749,9751,478,309574,46691040.0,OI2501
2024-10-25 10:53:00,9750,9750,9742,9748,1367,309641,133528560.0,OI2501
2024-10-25 10:54:00,9747,9748,9740,9743,576,309612,56263680.0,OI2501
2024-10-25 10:55:00,9743,9749,9742,9747,575,309710,56166000.0,OI2501
2024-10-25 10:56:00,9747,9748,9740,9741,414,309749,40439520.0,OI2501
2024-10-25 10:57:00,9742,9747,9738,9742,786,309681,74253800.0,OI2501
2024-10-25 10:58:00,9743,9746,9742,9743,320,309622,31254400.0,OI2501
2024-10-25 10:59:00,9743,9743,9725,9728,1635,309821,159690450.0,OI2501
2024-10-25 11:00:00,9728,9735,9727,9732,1194,309742,116617980.0,OI2501
2024-10-25 11:01:00,9732,9741,9732,9739,909,309712,88782030.0,OI2501
2024-10-25 11:02:00,9739,9742,9735,9740,527,309666,51472090.0,OI2501
2024-10-25 11:03:00,9742,9744,9739,9741,483,309634,47174610.0,OI2501
2024-10-25 11:04:00,9741,9752,9737,9752,854,309419,83410180.0,OI2501
2024-10-25 11:05:00,9751,9751,9743,9745,635,309348,62020450.0,OI2501
2024-10-25 11:06:00,9743,9745,9739,9745,559,309324,54597530.0,OI2501
2024-10-25 11:07:00,9744,9745,9740,9741,315,309327,30766050.0,OI2501
2024-10-25 11:08:00,9740,9740,9735,9737,553,309251,54011510.0,OI2501
2024-10-25 11:09:00,9737,9738,9732,9732,338,309235,33012460.0,OI2501
2024-10-25 11:10:00,9733,9735,9731,9731,400,309226,36458100.0,OI2501
2024-10-25 11:11:00,9731,9731,9718,9721,1584,309262,154693440.0,OI2501
2024-10-25 11:12:00,9722,9725,9716,9722,1017,309272,99320220.0,OI2501
2024-10-25 11:13:00,9723,9723,9706,9708,1775,309082,173346500.0,OI2501
2024-10-25 11:14:00,9708,9710,9697,9699,2256,308797,217644740.0,OI2501
2024-10-25 11:15:00,9699,9699,9683,9691,3261,308015,315727820.0,OI2501
2024-10-25 11:16:00,9691,9691,9685,9687,1405,307919,137184200.0,OI2501
2024-10-25 11:17:00,9687,9705,9686,9703,1671,307449,160416850.0,OI2501
2024-10-25 11:18:00,9705,9710,9701,9706,1131,307355,110419530.0,OI2501
2024-10-25 11:19:00,9707,9726,9706,9724,1860,307082,181591800.0,OI2501
2024-10-25 11:20:00,9724,9724,9715,9715,1193,307325,116472590.0,OI2501
2024-10-25 11:21:00,9715,9717,9710,9712,1061,307480,103585430.0,OI2501
2024-10-25 11:22:00,9712,9715,9705,9713,755,307551,70911060.0,OI2501
2024-10-25 11:23:00,9715,9718,9714,9718,371,307553,36217020.0,OI2501
2024-10-25 11:24:00,9717,9729,9715,9723,978,307454,95472360.0,OI2501
2024-10-25 11:25:00,9725,9725,9719,9720,604,307533,58962480.0,OI2501
2024-10-25 11:26:00,9720,9725,9717,9725,466,307534,45490920.0,OI2501
2024-10-25 11:27:00,9725,9725,9720,9721,332,307504,32409840.0,OI2501
2024-10-25 11:28:00,9720,9727,9720,9727,450,307389,43929000.0,OI2501
2024-10-25 11:29:00,9727,9742,9726,9740,1065,307359,103965300.0,OI2501
2024-10-25 13:30:00,9730,9736,9723,9732,1535,307341,149846700.0,OI2501
2024-10-25 13:31:00,9731,9731,9724,9726,460,307373,44905200.0,OI2501
2024-10-25 13:32:00,9725,9726,9716,9719,999,307302,94650190.0,OI2501
2024-10-25 13:33:00,9718,9719,9710,9717,826,307220,80625860.0,OI2501
2024-10-25 13:34:00,9718,9720,9713,9713,491,307270,47926510.0,OI2501
2024-10-25 13:35:00,9714,9717,9712,9715,525,307290,51245250.0,OI2501
2024-10-25 13:36:00,9714,9722,9713,9717,520,307279,50757200.0,OI2501
2024-10-25 13:37:00,9717,9724,9715,9721,335,307307,32699350.0,OI2501
2024-10-25 13:38:00,9721,9724,9719,9719,453,307309,44217330.0,OI2501
2024-10-25 13:39:00,9720,9721,9718,9720,325,307359,31723250.0,OI2501
2024-10-25 13:40:00,9722,9731,9721,9729,619,307265,60420590.0,OI2501
2024-10-25 13:41:00,9727,9727,9724,9725,252,307255,24597720.0,OI2501
2024-10-25 13:42:00,9725,9726,9721,9725,332,307298,32406520.0,OI2501
2024-10-25 13:43:00,9726,9729,9724,9724,233,307257,22743130.0,OI2501
2024-10-25 13:44:00,9724,9733,9723,9730,509,307218,49683490.0,OI2501
2024-10-25 13:45:00,9730,9730,9726,9730,337,307191,32894570.0,OI2501
2024-10-25 13:46:00,9730,9731,9725,9726,376,307214,36701360.0,OI2501
2024-10-25 13:47:00,9725,9730,9723,9729,369,307218,36018090.0,OI2501
2024-10-25 13:48:00,9730,9733,9729,9729,313,307189,30551930.0,OI2501
2024-10-25 13:49:00,9729,9731,9728,9731,429,307088,38930060.0,OI2501
2024-10-25 13:50:00,9731,9737,9730,9737,403,307016,39332800.0,OI2501
2024-10-25 13:51:00,9737,9740,9736,9737,575,307068,56120000.0,OI2501
2024-10-25 13:52:00,9736,9739,9735,9738,499,307007,48702400.0,OI2501
2024-10-25 13:53:00,9739,9739,9732,9734,324,307041,31622400.0,OI2501
2024-10-25 13:54:00,9734,9752,9734,9751,1477,306858,144155200.0,OI2501
2024-10-25 13:55:00,9752,9753,9744,9746,644,306726,62854400.0,OI2501
2024-10-25 13:56:00,9745,9749,9742,9744,414,306744,40406400.0,OI2501
2024-10-25 13:57:00,9745,9750,9744,9749,1652,306018,161235200.0,OI2501
2024-10-25 13:58:00,9749,9749,9741,9743,1626,305374,158697600.0,OI2501
2024-10-25 13:59:00,9743,9744,9740,9742,693,305166,67636800.0,OI2501
2024-10-25 14:00:00,9742,9745,9736,9745,461,305129,44993600.0,OI2501
2024-10-25 14:01:00,9742,9742,9735,9735,678,305190,66172800.0,OI2501
2024-10-25 14:02:00,9736,9736,9726,9728,696,305213,67929600.0,OI2501
2024-10-25 14:03:00,9729,9732,9726,9730,426,305163,41577600.0,OI2501
2024-10-25 14:04:00,9730,9731,9726,9727,231,305155,22545600.0,OI2501
2024-10-25 14:05:00,9727,9736,9725,9734,514,305072,50166400.0,OI2501
2024-10-25 14:06:00,9734,9735,9729,9729,350,305146,34160000.0,OI2501
2024-10-25 14:07:00,9729,9732,9724,9724,406,305110,39625600.0,OI2501
2024-10-25 14:08:00,9724,9725,9718,9725,864,305071,84326400.0,OI2501
2024-10-25 14:09:00,9725,9729,9723,9723,384,305027,37478400.0,OI2501
2024-10-25 14:10:00,9724,9731,9724,9728,487,305073,44448530.0,OI2501
2024-10-25 14:11:00,9728,9735,9727,9735,429,305077,41866110.0,OI2501
2024-10-25 14:12:00,9736,9736,9728,9735,645,305095,62945550.0,OI2501
2024-10-25 14:13:00,9735,9739,9734,9735,453,305036,44208270.0,OI2501
2024-10-25 14:14:00,9735,9739,9732,9736,361,305111,35229990.0,OI2501
2024-10-25 14:15:00,9736,9736,9731,9735,297,305195,28984230.0,OI2501
2024-10-25 14:16:00,9734,9736,9731,9731,167,305171,16297530.0,OI2501
2024-10-25 14:17:00,9730,9731,9728,9729,292,305140,28496280.0,OI2501
2024-10-25 14:18:00,9729,9730,9719,9720,608,305099,59334720.0,OI2501
2024-10-25 14:19:00,9719,9723,9715,9717,725,305215,70752750.0,OI2501
2024-10-25 14:20:00,9717,9725,9716,9721,508,305137,49575720.0,OI2501
2024-10-25 14:21:00,9721,9725,9720,9724,246,305121,24007140.0,OI2501
2024-10-25 14:22:00,9723,9724,9720,9722,192,305078,18737280.0,OI2501
2024-10-25 14:23:00,9722,9725,9721,9723,158,305060,15419220.0,OI2501
2024-10-25 14:24:00,9723,9727,9722,9724,267,304992,26056530.0,OI2501
2024-10-25 14:25:00,9723,9724,9720,9724,227,305018,22152930.0,OI2501
2024-10-25 14:26:00,9725,9730,9724,9726,367,304915,35815530.0,OI2501
2024-10-25 14:27:00,9725,9725,9719,9720,351,304959,34254090.0,OI2501
2024-10-25 14:28:00,9721,9732,9718,9729,550,304891,53674500.0,OI2501
2024-10-25 14:29:00,9729,9732,9726,9728,214,304892,20884260.0,OI2501
2024-10-25 14:30:00,9727,9727,9718,9719,462,304903,45086580.0,OI2501
2024-10-25 14:31:00,9718,9724,9718,9724,264,304960,25763760.0,OI2501
2024-10-25 14:32:00,9724,9725,9716,9724,435,304865,42451650.0,OI2501
2024-10-25 14:33:00,9724,9738,9724,9730,650,304687,63433500.0,OI2501
2024-10-25 14:34:00,9729,9736,9729,9735,540,304644,49521850.0,OI2501
2024-10-25 14:35:00,9734,9735,9728,9729,290,304634,28298200.0,OI2501
2024-10-25 14:36:00,9728,9736,9728,9731,349,304685,34055420.0,OI2501
2024-10-25 14:37:00,9730,9730,9723,9724,462,304823,45081960.0,OI2501
2024-10-25 14:38:00,9723,9731,9721,9728,581,304790,56693980.0,OI2501
2024-10-25 14:39:00,9728,9728,9723,9727,222,304814,21662760.0,OI2501
2024-10-25 14:40:00,9726,9732,9726,9728,278,304802,27127240.0,OI2501
2024-10-25 14:41:00,9728,9730,9727,9729,184,304783,17954720.0,OI2501
2024-10-25 14:42:00,9729,9734,9729,9734,344,304785,33567520.0,OI2501
2024-10-25 14:43:00,9733,9743,9732,9741,840,304636,81967200.0,OI2501
2024-10-25 14:44:00,9740,9740,9733,9739,325,304607,31713500.0,OI2501
2024-10-25 14:45:00,9739,9742,9737,9738,390,304700,38056200.0,OI2501
2024-10-25 14:46:00,9739,9741,9728,9730,755,304644,73672900.0,OI2501
2024-10-25 14:47:00,9729,9731,9723,9726,579,304534,56498820.0,OI2501
2024-10-25 14:48:00,9725,9726,9722,9726,388,304505,37861040.0,OI2501
2024-10-25 14:49:00,9726,9735,9725,9735,377,304422,36787660.0,OI2501
2024-10-25 14:50:00,9734,9737,9733,9736,253,304412,24687740.0,OI2501
2024-10-25 14:51:00,9735,9737,9733,9736,205,304410,20003900.0,OI2501
2024-10-25 14:52:00,9735,9739,9734,9736,259,304375,25273220.0,OI2501
2024-10-25 14:53:00,9735,9740,9734,9735,240,304284,23419200.0,OI2501
2024-10-25 14:54:00,9735,9737,9732,9734,320,304285,31225600.0,OI2501
2024-10-25 14:55:00,9735,9735,9731,9732,463,304222,45179540.0,OI2501
2024-10-25 14:56:00,9732,9734,9729,9729,530,304148,51717400.0,OI2501
2024-10-25 14:57:00,9730,9731,9725,9727,571,303988,55718180.0,OI2501
2024-10-25 14:58:00,9726,9730,9724,9730,761,303731,74258380.0,OI2501
2024-10-25 14:59:00,9729,9737,9725,9735,1370,303407,133684600.0,OI2501
2024-10-25 21:00:00,9738,9738,9700,9708,7039,302702,684050020.0,OI2501
2024-10-25 21:01:00,9709,9729,9709,9718,3222,302617,313216570.0,OI2501
2024-10-25 21:02:00,9717,9724,9714,9723,1660,302815,161335400.0,OI2501
2024-10-25 21:03:00,9722,9726,9717,9724,1307,303113,127027330.0,OI2501
2024-10-25 21:04:00,9723,9724,9715,9724,1032,303056,100300080.0,OI2501
2024-10-25 21:05:00,9724,9734,9724,9732,1493,303146,145262200.0,OI2501
2024-10-25 21:06:00,9732,9742,9731,9739,1678,303248,163450220.0,OI2501
2024-10-25 21:07:00,9738,9738,9730,9732,1429,303238,139115980.0,OI2501
2024-10-25 21:08:00,9732,9736,9727,9731,923,303320,89743290.0,OI2501
2024-10-25 21:09:00,9731,9735,9729,9733,721,303456,70102830.0,OI2501
2024-10-25 21:10:00,9733,9741,9733,9735,880,303557,85776240.0,OI2501
2024-10-25 21:11:00,9736,9741,9736,9741,634,303680,61650160.0,OI2501
2024-10-25 21:12:00,9742,9745,9737,9738,646,303735,63043680.0,OI2501
2024-10-25 21:13:00,9737,9737,9726,9729,861,303724,83732250.0,OI2501
2024-10-25 21:14:00,9728,9731,9721,9730,1403,303604,136441750.0,OI2501
2024-10-25 21:15:00,9730,9730,9724,9726,382,303681,37149500.0,OI2501
2024-10-25 21:16:00,9725,9731,9725,9731,392,303737,38122000.0,OI2501
2024-10-25 21:17:00,9731,9734,9720,9722,780,303767,75855000.0,OI2501
2024-10-25 21:18:00,9721,9730,9720,9729,480,303860,46680000.0,OI2501
2024-10-25 21:19:00,9729,9737,9724,9736,940,303838,91415000.0,OI2501
2024-10-25 21:20:00,9736,9736,9731,9734,608,303950,59128000.0,OI2501
2024-10-25 21:21:00,9733,9741,9733,9741,768,303872,74980780.0,OI2501
2024-10-25 21:22:00,9742,9743,9737,9740,489,303890,47560140.0,OI2501
2024-10-25 21:23:00,9740,9747,9736,9747,825,303977,80239500.0,OI2501
2024-10-25 21:24:00,9749,9771,9746,9768,4276,304356,417627160.0,OI2501
2024-10-25 21:25:00,9766,9766,9756,9756,2008,304297,195767240.0,OI2501
2024-10-25 21:26:00,9757,9765,9755,9764,1097,304190,107139770.0,OI2501
2024-10-25 21:27:00,9764,9766,9759,9760,656,304205,64234770.0,OI2501
2024-10-25 21:28:00,9759,9762,9756,9758,519,304180,50519460.0,OI2501
2024-10-25 21:29:00,9758,9760,9756,9758,418,304169,40688120.0,OI2501
2024-10-25 21:30:00,9759,9762,9754,9759,1047,304202,102321110.0,OI2501
2024-10-25 21:31:00,9760,9764,9756,9758,715,304225,69605250.0,OI2501
2024-10-25 21:32:00,9757,9761,9752,9753,689,304241,67494320.0,OI2501
2024-10-25 21:33:00,9750,9751,9743,9747,1338,304149,130267680.0,OI2501
2024-10-25 21:34:00,9747,9748,9735,9738,1285,304264,125107600.0,OI2501
2024-10-25 21:35:00,9737,9748,9735,9747,1341,304339,130559760.0,OI2501
2024-10-25 21:36:00,9746,9752,9741,9750,1056,304514,102812160.0,OI2501
2024-10-25 21:37:00,9750,9751,9745,9751,514,304519,50518550.0,OI2501
2024-10-25 21:38:00,9750,9753,9741,9742,550,304485,53553500.0,OI2501
2024-10-25 21:39:00,9742,9754,9741,9754,634,304488,61732580.0,OI2501
2024-10-25 21:40:00,9751,9755,9749,9750,422,304475,41090140.0,OI2501
2024-10-25 21:41:00,9749,9758,9747,9757,777,304501,75656490.0,OI2501
2024-10-25 21:42:00,9757,9762,9753,9757,908,304533,88920380.0,OI2501
2024-10-25 21:43:00,9757,9776,9757,9774,2689,305130,262390130.0,OI2501
2024-10-25 21:44:00,9772,9772,9762,9765,1216,305184,118973710.0,OI2501
2024-10-25 21:45:00,9764,9771,9763,9764,961,305245,93601400.0,OI2501
2024-10-25 21:46:00,9764,9770,9762,9769,490,305348,47726000.0,OI2501
2024-10-25 21:47:00,9769,9774,9766,9773,680,305511,66800780.0,OI2501
2024-10-25 21:48:00,9773,9778,9771,9778,954,305542,92929140.0,OI2501
2024-10-25 21:49:00,9777,9779,9774,9778,767,305639,75299460.0,OI2501
2024-10-25 21:50:00,9778,9779,9771,9775,550,305659,53581000.0,OI2501
2024-10-25 21:51:00,9773,9776,9770,9770,435,305775,42377700.0,OI2501
2024-10-25 21:52:00,9771,9774,9765,9767,594,305718,58469260.0,OI2501
2024-10-25 21:53:00,9766,9770,9765,9769,283,305694,27572690.0,OI2501
2024-10-25 21:54:00,9771,9773,9767,9771,319,305684,31080170.0,OI2501
2024-10-25 21:55:00,9770,9773,9770,9772,322,305792,31372460.0,OI2501
2024-10-25 21:56:00,9773,9778,9772,9772,644,305683,62744920.0,OI2501
2024-10-25 21:57:00,9775,9779,9774,9777,700,305828,68825460.0,OI2501
2024-10-25 21:58:00,9778,9779,9769,9771,514,305877,50084160.0,OI2501
2024-10-25 21:59:00,9771,9772,9766,9767,517,305910,50376480.0,OI2501
2024-10-25 22:00:00,9768,9777,9767,9775,463,305904,45114720.0,OI2501
2024-10-25 22:01:00,9775,9776,9768,9769,465,305880,45953650.0,OI2501
2024-10-25 22:02:00,9770,9770,9764,9765,604,305826,58859800.0,OI2501
2024-10-25 22:03:00,9766,9769,9763,9768,497,305763,48432650.0,OI2501
2024-10-25 22:04:00,9767,9768,9764,9765,455,305763,44339750.0,OI2501
2024-10-25 22:05:00,9765,9768,9761,9761,515,305697,50186750.0,OI2501
2024-10-25 22:06:00,9761,9766,9760,9766,629,305731,61296050.0,OI2501
2024-10-25 22:07:00,9767,9769,9761,9762,333,305716,32450850.0,OI2501
2024-10-25 22:08:00,9762,9773,9762,9770,718,305768,70650660.0,OI2501
2024-10-25 22:09:00,9770,9773,9769,9773,417,305780,40640820.0,OI2501
2024-10-25 22:10:00,9772,9773,9767,9767,328,305804,31966880.0,OI2501
2024-10-25 22:11:00,9767,9775,9766,9769,774,305720,75434040.0,OI2501
2024-10-25 22:12:00,9769,9769,9760,9760,460,305569,44831600.0,OI2501
2024-10-25 22:13:00,9760,9769,9758,9769,751,305438,73901320.0,OI2501
2024-10-25 22:14:00,9767,9771,9767,9770,472,305257,46005840.0,OI2501
2024-10-25 22:15:00,9771,9773,9767,9771,397,305306,38695590.0,OI2501
2024-10-25 22:16:00,9771,9773,9765,9766,367,305396,35771490.0,OI2501
2024-10-25 22:17:00,9767,9769,9764,9765,245,305369,23880150.0,OI2501
2024-10-25 22:18:00,9765,9767,9763,9763,401,305393,39085470.0,OI2501
2024-10-25 22:19:00,9763,9764,9761,9764,256,305393,24952320.0,OI2501
2024-10-25 22:20:00,9763,9763,9758,9760,560,305362,54583200.0,OI2501
2024-10-25 22:21:00,9761,9761,9754,9756,861,305195,83921670.0,OI2501
2024-10-25 22:22:00,9757,9763,9755,9761,588,305177,57312360.0,OI2501
2024-10-25 22:23:00,9759,9760,9752,9754,507,305088,50172690.0,OI2501
2024-10-25 22:24:00,9752,9755,9750,9754,1017,304928,99137160.0,OI2501
2024-10-25 22:25:00,9754,9754,9748,9753,427,304879,41623960.0,OI2501
2024-10-25 22:26:00,9753,9757,9753,9756,357,304824,34800360.0,OI2501
2024-10-25 22:27:00,9757,9757,9750,9752,291,304809,28366680.0,OI2501
2024-10-25 22:28:00,9752,9757,9748,9757,424,304852,41331520.0,OI2501
2024-10-25 22:29:00,9756,9757,9751,9751,351,304818,34215480.0,OI2501
2024-10-25 22:30:00,9751,9754,9747,9751,491,304802,47862680.0,OI2501
2024-10-25 22:31:00,9752,9761,9752,9757,651,304672,63459480.0,OI2501
2024-10-25 22:32:00,9756,9758,9751,9753,390,304645,38017200.0,OI2501
2024-10-25 22:33:00,9753,9755,9742,9743,819,304605,79836120.0,OI2501
2024-10-25 22:34:00,9743,9748,9738,9742,916,304490,89291680.0,OI2501
2024-10-25 22:35:00,9743,9745,9740,9744,402,304436,39186960.0,OI2501
2024-10-25 22:36:00,9744,9753,9743,9752,462,304373,45035760.0,OI2501
2024-10-25 22:37:00,9752,9758,9748,9755,658,304426,64141840.0,OI2501
2024-10-25 22:38:00,9755,9755,9750,9751,255,304417,24857400.0,OI2501
2024-10-25 22:39:00,9751,9756,9751,9756,168,304390,16376640.0,OI2501
2024-10-25 22:40:00,9756,9757,9754,9755,272,304328,26514560.0,OI2501
2024-10-25 22:41:00,9753,9761,9751,9760,423,304258,41234040.0,OI2501
2024-10-25 22:42:00,9759,9761,9754,9756,332,304299,32363360.0,OI2501
2024-10-25 22:43:00,9756,9756,9750,9750,246,304254,23980080.0,OI2501
2024-10-25 22:44:00,9751,9753,9747,9753,307,304244,29926360.0,OI2501
2024-10-25 22:45:00,9753,9755,9750,9753,247,304233,24077560.0,OI2501
2024-10-25 22:46:00,9754,9760,9753,9759,252,304223,24564960.0,OI2501
2024-10-25 22:47:00,9758,9762,9757,9760,289,304135,28171720.0,OI2501
2024-10-25 22:48:00,9759,9763,9759,9762,232,304115,22615360.0,OI2501
2024-10-25 22:49:00,9761,9762,9756,9762,448,304182,43671040.0,OI2501
2024-10-25 22:50:00,9762,9764,9756,9759,255,304102,24857400.0,OI2501
2024-10-25 22:51:00,9759,9759,9754,9757,408,304055,39771840.0,OI2501
2024-10-25 22:52:00,9757,9758,9754,9755,139,304068,13549720.0,OI2501
2024-10-25 22:53:00,9755,9757,9753,9755,208,304065,20275840.0,OI2501
2024-10-25 22:54:00,9755,9759,9755,9758,180,304002,17546400.0,OI2501
2024-10-25 22:55:00,9758,9759,9756,9759,325,303907,31681000.0,OI2501
2024-10-25 22:56:00,9758,9759,9755,9756,234,303808,22810320.0,OI2501
2024-10-25 22:57:00,9756,9759,9756,9758,202,303743,19690960.0,OI2501
2024-10-25 22:58:00,9759,9761,9748,9759,1207,303242,117658360.0,OI2501
2024-10-25 22:59:00,9760,9769,9758,9767,999,302830,98290760.0,OI2501
2024-10-28 09:00:00,9692,9692,9623,9671,13479,301208,1300508320.0,OI2501
2024-10-28 09:01:00,9668,9680,9657,9675,5154,300636,498509730.0,OI2501
2024-10-28 09:02:00,9675,9698,9674,9690,4883,301062,472975590.0,OI2501
2024-10-28 09:03:00,9689,9697,9657,9657,3891,300890,376268590.0,OI2501
2024-10-28 09:04:00,9657,9663,9647,9658,4038,300472,389188950.0,OI2501
2024-10-28 09:05:00,9657,9685,9654,9684,3261,300508,315909560.0,OI2501
2024-10-28 09:06:00,9684,9695,9680,9684,2430,300719,235037900.0,OI2501
2024-10-28 09:07:00,9683,9690,9674,9685,1387,300807,134871880.0,OI2501
2024-10-28 09:08:00,9684,9685,9657,9657,1736,300805,167497810.0,OI2501
2024-10-28 09:09:00,9657,9660,9643,9648,4334,299836,418686480.0,OI2501
2024-10-28 09:10:00,9648,9656,9646,9652,1784,299666,172050630.0,OI2501
2024-10-28 09:11:00,9654,9670,9654,9663,2305,299988,222650940.0,OI2501
2024-10-28 09:12:00,9663,9664,9655,9660,1034,299999,99089060.0,OI2501
2024-10-28 09:13:00,9660,9660,9651,9656,807,299981,78424260.0,OI2501
2024-10-28 09:14:00,9655,9670,9655,9670,972,299977,94458960.0,OI2501
2024-10-28 09:15:00,9669,9674,9664,9671,1460,299822,140445010.0,OI2501
2024-10-28 09:16:00,9670,9674,9658,9659,1141,299783,110870970.0,OI2501
2024-10-28 09:17:00,9658,9659,9646,9655,1282,299679,123109920.0,OI2501
2024-10-28 09:18:00,9654,9655,9649,9652,726,299527,70538160.0,OI2501
2024-10-28 09:19:00,9652,9656,9645,9656,735,299509,71412600.0,OI2501
2024-10-28 09:20:00,9656,9665,9654,9661,863,299479,82363820.0,OI2501
2024-10-28 09:21:00,9662,9663,9657,9658,423,299424,41094450.0,OI2501
2024-10-28 09:22:00,9659,9664,9642,9642,1533,299425,147426130.0,OI2501
2024-10-28 09:23:00,9643,9648,9635,9638,2210,298878,213152480.0,OI2501
2024-10-28 09:24:00,9638,9646,9637,9640,766,298840,74401580.0,OI2501
2024-10-28 09:25:00,9641,9644,9636,9642,1152,298968,111893760.0,OI2501
2024-10-28 09:26:00,9642,9646,9637,9642,971,298869,92757420.0,OI2501
2024-10-28 09:27:00,9643,9658,9641,9656,1515,298440,145565840.0,OI2501
2024-10-28 09:28:00,9656,9658,9652,9655,471,298425,45738810.0,OI2501
2024-10-28 09:29:00,9655,9665,9652,9662,919,298286,89244090.0,OI2501
2024-10-28 09:30:00,9662,9665,9655,9661,825,298231,80115750.0,OI2501
2024-10-28 09:31:00,9661,9664,9656,9661,623,298105,60499530.0,OI2501
2024-10-28 09:32:00,9661,9661,9654,9654,579,298158,54621560.0,OI2501
2024-10-28 09:33:00,9655,9655,9649,9649,536,298086,52045600.0,OI2501
2024-10-28 09:34:00,9649,9653,9643,9646,605,297950,58745500.0,OI2501
2024-10-28 09:35:00,9646,9646,9627,9628,1716,298034,164989900.0,OI2501
2024-10-28 09:36:00,9628,9632,9624,9624,1932,298084,185924860.0,OI2501
2024-10-28 09:37:00,9623,9629,9619,9627,1573,298022,151038090.0,OI2501
2024-10-28 09:38:00,9627,9631,9616,9618,1072,297856,104059040.0,OI2501
2024-10-28 09:39:00,9618,9623,9609,9610,1515,297877,145366430.0,OI2501
2024-10-28 09:40:00,9611,9612,9607,9611,1362,297707,130487480.0,OI2501
2024-10-28 09:41:00,9611,9623,9610,9620,1543,297562,148024480.0,OI2501
2024-10-28 09:42:00,9620,9629,9618,9622,1158,297380,112372320.0,OI2501
2024-10-28 09:43:00,9622,9623,9616,9618,600,297300,58224000.0,OI2501
2024-10-28 09:44:00,9618,9619,9600,9600,2013,297356,193580140.0,OI2501
2024-10-28 09:45:00,9596,9602,9586,9588,3078,296939,295074020.0,OI2501
2024-10-28 09:46:00,9590,9608,9587,9607,2344,296622,223760240.0,OI2501
2024-10-28 09:47:00,9606,9608,9597,9600,1334,296693,129384660.0,OI2501
2024-10-28 09:48:00,9600,9601,9584,9587,1285,296536,122790360.0,OI2501
2024-10-28 09:49:00,9586,9590,9576,9577,2804,296477,268192260.0,OI2501
2024-10-28 09:50:00,9576,9581,9565,9567,3106,296211,297355980.0,OI2501
2024-10-28 09:51:00,9567,9569,9557,9559,3606,296407,345691740.0,OI2501
2024-10-28 09:52:00,9557,9566,9547,9549,3630,296792,345899850.0,OI2501
2024-10-28 09:53:00,9549,9558,9546,9558,2950,296670,281820000.0,OI2501
2024-10-28 09:54:00,9558,9568,9558,9564,2137,296310,204987070.0,OI2501
2024-10-28 09:55:00,9564,9575,9560,9574,2108,295432,202135680.0,OI2501
2024-10-28 09:56:00,9575,9582,9574,9581,1969,295038,188632760.0,OI2501
2024-10-28 09:57:00,9580,9591,9580,9583,1662,294695,158866570.0,OI2501
2024-10-28 09:58:00,9585,9592,9576,9591,995,294634,94254390.0,OI2501
2024-10-28 09:59:00,9592,9600,9589,9598,1260,294440,121993200.0,OI2501
2024-10-28 10:00:00,9600,9606,9595,9595,1855,294273,177478490.0,OI2501
2024-10-28 10:01:00,9595,9602,9593,9595,1004,294552,97197240.0,OI2501
2024-10-28 10:02:00,9595,9596,9577,9587,1466,294456,139776150.0,OI2501
2024-10-28 10:03:00,9587,9597,9583,9595,947,294435,91669600.0,OI2501
2024-10-28 10:04:00,9595,9604,9594,9603,935,294531,88341870.0,OI2501
2024-10-28 10:05:00,9604,9604,9598,9601,448,294585,43361920.0,OI2501
2024-10-28 10:06:00,9599,9611,9599,9606,918,294403,88853220.0,OI2501
2024-10-28 10:07:00,9605,9611,9603,9604,800,294511,77432000.0,OI2501
2024-10-28 10:08:00,9603,9603,9590,9590,766,294442,71945690.0,OI2501
2024-10-28 10:09:00,9590,9597,9589,9597,532,294396,51486960.0,OI2501
2024-10-28 10:10:00,9598,9598,9590,9594,402,294462,38905560.0,OI2501
2024-10-28 10:11:00,9594,9599,9593,9598,295,294495,28550100.0,OI2501
2024-10-28 10:12:00,9598,9607,9595,9607,627,294303,60681060.0,OI2501
2024-10-28 10:13:00,9608,9613,9602,9612,674,294202,63008970.0,OI2501
2024-10-28 10:14:00,9611,9615,9605,9615,881,294052,85254370.0,OI2501
2024-10-28 10:30:00,9615,9620,9608,9617,1231,294032,119123870.0,OI2501
2024-10-28 10:31:00,9616,9617,9603,9604,1392,294187,132448050.0,OI2501
2024-10-28 10:32:00,9605,9613,9600,9607,865,294331,83697400.0,OI2501
2024-10-28 10:33:00,9607,9612,9605,9606,573,294486,55443480.0,OI2501
2024-10-28 10:34:00,9607,9613,9605,9610,429,294510,41510040.0,OI2501
2024-10-28 10:35:00,9612,9612,9602,9605,458,294488,44316080.0,OI2501
2024-10-28 10:36:00,9605,9606,9595,9596,539,294412,49869210.0,OI2501
2024-10-28 10:37:00,9596,9596,9580,9583,1074,294358,103909500.0,OI2501
2024-10-28 10:38:00,9583,9587,9577,9586,704,294405,68112000.0,OI2501
2024-10-28 10:39:00,9586,9600,9584,9597,617,294475,59694750.0,OI2501
2024-10-28 10:40:00,9596,9606,9592,9606,808,294397,75857540.0,OI2501
2024-10-28 10:41:00,9605,9609,9599,9608,526,294416,50885240.0,OI2501
2024-10-28 10:42:00,9605,9617,9604,9615,620,294415,59978800.0,OI2501
2024-10-28 10:43:00,9614,9618,9609,9616,690,294380,66750600.0,OI2501
2024-10-28 10:44:00,9615,9616,9612,9616,427,294388,41307980.0,OI2501
2024-10-28 10:45:00,9615,9616,9605,9607,588,294237,54538150.0,OI2501
2024-10-28 10:46:00,9607,9614,9607,9613,323,294197,31243790.0,OI2501
2024-10-28 10:47:00,9613,9625,9612,9625,916,294116,88604680.0,OI2501
2024-10-28 10:48:00,9625,9625,9616,9616,772,294108,74675560.0,OI2501
2024-10-28 10:49:00,9616,9621,9615,9621,428,294058,41400440.0,OI2501
2024-10-28 10:50:00,9622,9625,9620,9623,681,294024,65873130.0,OI2501
2024-10-28 10:51:00,9622,9622,9613,9617,700,294020,67711000.0,OI2501
2024-10-28 10:52:00,9618,9620,9614,9614,548,294162,50619390.0,OI2501
2024-10-28 10:53:00,9614,9620,9612,9618,632,294097,61127040.0,OI2501
2024-10-28 10:54:00,9619,9628,9619,9624,756,294016,73120320.0,OI2501
2024-10-28 10:55:00,9624,9628,9622,9624,595,293971,57548400.0,OI2501
2024-10-28 10:56:00,9623,9625,9620,9621,240,293952,23212800.0,OI2501
2024-10-28 10:57:00,9622,9623,9617,9617,425,293880,41106000.0,OI2501
2024-10-28 10:58:00,9618,9625,9615,9621,787,293814,76118640.0,OI2501
2024-10-28 10:59:00,9622,9627,9621,9623,412,293758,39848640.0,OI2501
2024-10-28 11:00:00,9623,9625,9617,9620,440,293669,42556800.0,OI2501
2024-10-28 11:01:00,9621,9624,9616,9624,301,293627,29112720.0,OI2501
2024-10-28 11:02:00,9625,9628,9622,9626,473,293612,43309300.0,OI2501
2024-10-28 11:03:00,9624,9627,9621,9622,528,293480,51062880.0,OI2501
2024-10-28 11:04:00,9621,9626,9617,9620,611,293392,59089810.0,OI2501
2024-10-28 11:05:00,9620,9622,9615,9620,426,293344,41198460.0,OI2501
2024-10-28 11:06:00,9619,9622,9615,9619,340,293408,32881400.0,OI2501
2024-10-28 11:07:00,9619,9622,9618,9620,187,293371,18084770.0,OI2501
2024-10-28 11:08:00,9620,9621,9617,9617,288,293500,27852480.0,OI2501
2024-10-28 11:09:00,9617,9623,9615,9620,284,293560,27465640.0,OI2501
2024-10-28 11:10:00,9620,9640,9620,9634,1872,293318,181041120.0,OI2501
2024-10-28 11:11:00,9634,9645,9634,9644,1455,293362,138213880.0,OI2501
2024-10-28 11:12:00,9645,9650,9641,9643,1248,293262,120681600.0,OI2501
2024-10-28 11:13:00,9643,9645,9636,9639,732,293338,70784400.0,OI2501
2024-10-28 11:14:00,9641,9648,9636,9637,763,293333,73782100.0,OI2501
2024-10-28 11:15:00,9638,9646,9636,9646,431,293346,41677700.0,OI2501
2024-10-28 11:16:00,9646,9650,9641,9641,570,293423,55119000.0,OI2501
2024-10-28 11:17:00,9641,9643,9637,9638,429,293472,41484300.0,OI2501
2024-10-28 11:18:00,9637,9639,9631,9639,847,293466,81904900.0,OI2501
2024-10-28 11:19:00,9639,9645,9637,9641,603,293466,58310100.0,OI2501
2024-10-28 11:20:00,9641,9644,9639,9640,285,293479,27559500.0,OI2501
2024-10-28 11:21:00,9640,9641,9638,9641,234,293449,22627800.0,OI2501
2024-10-28 11:22:00,9641,9645,9640,9644,298,293476,28816600.0,OI2501
2024-10-28 11:23:00,9644,9647,9642,9646,318,293557,30750600.0,OI2501
2024-10-28 11:24:00,9647,9648,9644,9646,213,293576,20597100.0,OI2501
2024-10-28 11:25:00,9645,9651,9645,9648,575,293657,55602500.0,OI2501
2024-10-28 11:26:00,9648,9653,9642,9646,842,293462,81421400.0,OI2501
2024-10-28 11:27:00,9647,9648,9642,9643,388,293408,34932670.0,OI2501
2024-10-28 11:28:00,9643,9647,9643,9646,381,293413,36838890.0,OI2501
2024-10-28 11:29:00,9646,9650,9644,9648,695,293211,67199550.0,OI2501
2024-10-28 13:30:00,9647,9669,9647,9667,3025,294009,292487250.0,OI2501
2024-10-28 13:31:00,9667,9670,9663,9667,1098,294032,106165620.0,OI2501
2024-10-28 13:32:00,9668,9668,9661,9661,712,294007,68843280.0,OI2501
2024-10-28 13:33:00,9662,9662,9656,9658,638,294036,61688220.0,OI2501
2024-10-28 13:34:00,9658,9662,9658,9660,376,294027,36355440.0,OI2501
2024-10-28 13:35:00,9660,9661,9657,9659,457,293934,44187330.0,OI2501
2024-10-28 13:36:00,9659,9662,9657,9657,394,293964,38095860.0,OI2501
2024-10-28 13:37:00,9658,9667,9657,9666,357,294027,34518330.0,OI2501
2024-10-28 13:38:00,9666,9674,9666,9672,995,294029,96206550.0,OI2501
2024-10-28 13:39:00,9674,9674,9670,9672,475,294043,45927750.0,OI2501
2024-10-28 13:40:00,9671,9672,9666,9667,473,294078,45734370.0,OI2501
2024-10-28 13:41:00,9667,9669,9664,9666,399,294150,38579310.0,OI2501
2024-10-28 13:42:00,9666,9666,9663,9663,383,294142,37032270.0,OI2501
2024-10-28 13:43:00,9663,9664,9660,9661,364,294219,35195160.0,OI2501
2024-10-28 13:44:00,9661,9665,9661,9664,271,294285,26202990.0,OI2501
2024-10-28 13:45:00,9665,9666,9658,9660,482,294342,46604580.0,OI2501
2024-10-28 13:46:00,9663,9663,9659,9660,171,294325,16533990.0,OI2501
2024-10-28 13:47:00,9659,9663,9658,9663,478,294425,46217820.0,OI2501
2024-10-28 13:48:00,9662,9664,9660,9661,149,294426,14406810.0,OI2501
2024-10-28 13:49:00,9661,9663,9654,9654,908,294733,87794520.0,OI2501
2024-10-28 13:50:00,9654,9658,9651,9656,1089,294964,105295410.0,OI2501
2024-10-28 13:51:00,9655,9659,9654,9657,452,294950,43703880.0,OI2501
2024-10-28 13:52:00,9657,9658,9651,9654,442,295028,42736980.0,OI2501
2024-10-28 13:53:00,9656,9661,9656,9661,285,295027,27556650.0,OI2501
2024-10-28 13:54:00,9661,9662,9656,9659,233,295084,22528770.0,OI2501
2024-10-28 13:55:00,9659,9660,9658,9659,408,295173,39449520.0,OI2501
2024-10-28 13:56:00,9660,9660,9655,9656,310,295214,29973900.0,OI2501
2024-10-28 13:57:00,9655,9658,9652,9655,416,295289,40223040.0,OI2501
2024-10-28 13:58:00,9654,9655,9652,9652,177,295314,17114130.0,OI2501
2024-10-28 13:59:00,9654,9655,9648,9651,818,295594,79092420.0,OI2501
2024-10-28 14:00:00,9651,9655,9649,9655,509,295631,49215210.0,OI2501
2024-10-28 14:01:00,9655,9657,9649,9655,406,295529,39256140.0,OI2501
2024-10-28 14:02:00,9656,9660,9655,9655,383,295463,37032270.0,OI2501
2024-10-28 14:03:00,9655,9659,9654,9657,175,295510,16920750.0,OI2501
2024-10-28 14:04:00,9657,9660,9656,9658,176,295493,17017440.0,OI2501
2024-10-28 14:05:00,9658,9659,9655,9657,179,295549,17307510.0,OI2501
2024-10-28 14:06:00,9658,9663,9655,9661,569,295390,55016610.0,OI2501
2024-10-28 14:07:00,9662,9666,9660,9662,629,295318,60818010.0,OI2501
2024-10-28 14:08:00,9662,9662,9654,9654,384,295294,37128960.0,OI2501
2024-10-28 14:09:00,9655,9656,9650,9652,537,295413,51922530.0,OI2501
2024-10-28 14:10:00,9653,9653,9650,9652,298,295434,28813620.0,OI2501
2024-10-28 14:11:00,9653,9655,9653,9654,239,295420,23108910.0,OI2501
2024-10-28 14:12:00,9654,9656,9650,9656,256,295439,24752640.0,OI2501
2024-10-28 14:13:00,9655,9660,9655,9658,228,295425,22045320.0,OI2501
2024-10-28 14:14:00,9659,9664,9659,9660,347,295446,33551430.0,OI2501
2024-10-28 14:15:00,9662,9662,9653,9653,476,295413,46024440.0,OI2501
2024-10-28 14:16:00,9654,9656,9653,9656,220,295420,21271800.0,OI2501
2024-10-28 14:17:00,9656,9656,9653,9655,196,295439,18951240.0,OI2501
2024-10-28 14:18:00,9655,9656,9652,9653,157,295443,15180330.0,OI2501
2024-10-28 14:19:00,9654,9654,9648,9648,1101,295825,106455690.0,OI2501
2024-10-28 14:20:00,9648,9649,9637,9641,1653,295701,156967350.0,OI2501
2024-10-28 14:21:00,9642,9642,9636,9638,1065,295870,102964200.0,OI2501
2024-10-28 14:22:00,9639,9644,9638,9644,578,295895,55881040.0,OI2501
2024-10-28 14:23:00,9644,9650,9642,9648,404,295861,39058720.0,OI2501
2024-10-28 14:24:00,9649,9650,9647,9650,249,295877,24073320.0,OI2501
2024-10-28 14:25:00,9649,9650,9642,9644,341,295818,32967880.0,OI2501
2024-10-28 14:26:00,9645,9646,9643,9645,256,295815,24750080.0,OI2501
2024-10-28 14:27:00,9645,9650,9644,9649,267,295756,25813560.0,OI2501
2024-10-28 14:28:00,9649,9655,9649,9654,704,295507,68062720.0,OI2501
2024-10-28 14:29:00,9653,9654,9650,9653,290,295481,28037200.0,OI2501
2024-10-28 14:30:00,9652,9652,9648,9650,483,295497,46696440.0,OI2501
2024-10-28 14:31:00,9650,9652,9644,9644,330,295474,31904400.0,OI2501
2024-10-28 14:32:00,9644,9650,9643,9647,306,295415,29584080.0,OI2501
2024-10-28 14:33:00,9650,9655,9650,9652,481,295376,46503080.0,OI2501
2024-10-28 14:34:00,9652,9663,9651,9660,915,295238,88462200.0,OI2501
2024-10-28 14:35:00,9660,9662,9658,9661,316,295209,30550880.0,OI2501
2024-10-28 14:36:00,9661,9661,9656,9657,241,295196,23299880.0,OI2501
2024-10-28 14:37:00,9658,9660,9654,9656,257,295143,24846760.0,OI2501
2024-10-28 14:38:00,9655,9658,9652,9658,355,295181,34321400.0,OI2501
2024-10-28 14:39:00,9659,9673,9659,9671,1453,294822,140476040.0,OI2501
2024-10-28 14:40:00,9671,9680,9669,9678,1431,294595,138349080.0,OI2501
2024-10-28 14:41:00,9679,9679,9668,9675,806,294413,77924080.0,OI2501
2024-10-28 14:42:00,9675,9675,9670,9671,376,294375,36351680.0,OI2501
2024-10-28 14:43:00,9671,9682,9669,9682,827,294315,79954360.0,OI2501
2024-10-28 14:44:00,9682,9689,9679,9689,1079,294398,104317720.0,OI2501
2024-10-28 14:45:00,9692,9699,9686,9686,1490,294402,144053200.0,OI2501
2024-10-28 14:46:00,9687,9687,9678,9680,1023,294394,98903640.0,OI2501
2024-10-28 14:47:00,9680,9691,9679,9691,874,294363,84498320.0,OI2501
2024-10-28 14:48:00,9689,9690,9684,9687,792,294346,76570560.0,OI2501
2024-10-28 14:49:00,9685,9687,9677,9680,1059,294244,102384120.0,OI2501
2024-10-28 14:50:00,9680,9683,9677,9678,348,294202,33644640.0,OI2501
2024-10-28 14:51:00,9678,9679,9675,9676,375,294051,36255000.0,OI2501
2024-10-28 14:52:00,9675,9683,9675,9679,325,294028,31421000.0,OI2501
2024-10-28 14:53:00,9680,9680,9675,9676,326,293924,31517680.0,OI2501
2024-10-28 14:54:00,9676,9676,9672,9675,279,293819,26973720.0,OI2501
2024-10-28 14:55:00,9674,9675,9671,9674,540,293664,52207200.0,OI2501
2024-10-28 14:56:00,9673,9674,9663,9663,698,293543,67482640.0,OI2501
2024-10-28 14:57:00,9662,9663,9659,9660,1349,293832,130421320.0,OI2501
2024-10-28 14:58:00,9660,9663,9657,9659,833,293841,80534440.0,OI2501
2024-10-28 14:59:00,9661,9662,9655,9658,1359,293887,131388120.0,OI2501
2024-10-28 21:00:00,9620,9620,9592,9603,6813,293971,654252390.0,OI2501
2024-10-28 21:01:00,9603,9603,9591,9593,2976,293731,285589500.0,OI2501
2024-10-28 21:02:00,9592,9608,9582,9607,3138,293832,301150110.0,OI2501
2024-10-28 21:03:00,9606,9611,9598,9609,1565,294200,150240000.0,OI2501
2024-10-28 21:04:00,9610,9616,9609,9613,1419,294262,136542220.0,OI2501
2024-10-28 21:05:00,9613,9622,9612,9615,1304,294371,125382230.0,OI2501
2024-10-28 21:06:00,9615,9620,9611,9615,872,294502,83738160.0,OI2501
2024-10-28 21:07:00,9615,9618,9611,9614,614,294536,59149430.0,OI2501
2024-10-28 21:08:00,9614,9615,9607,9609,825,294553,79233000.0,OI2501
2024-10-28 21:09:00,9609,9611,9605,9609,720,294550,69148800.0,OI2501
2024-10-28 21:10:00,9610,9623,9610,9617,1778,294678,170979360.0,OI2501
2024-10-28 21:11:00,9618,9622,9617,9621,722,294627,69575560.0,OI2501
2024-10-28 21:12:00,9621,9621,9614,9619,714,294570,68586840.0,OI2501
2024-10-28 21:13:00,9619,9619,9614,9616,577,294456,55426620.0,OI2501
2024-10-28 21:14:00,9616,9625,9616,9620,1140,294462,109760170.0,OI2501
2024-10-28 21:15:00,9620,9624,9612,9620,864,294569,83004480.0,OI2501
2024-10-28 21:16:00,9621,9632,9621,9630,1582,294365,152535200.0,OI2501
2024-10-28 21:17:00,9630,9634,9627,9631,1009,294601,96954810.0,OI2501
2024-10-28 21:18:00,9632,9634,9628,9632,567,294588,54775020.0,OI2501
2024-10-28 21:19:00,9633,9635,9631,9631,502,294645,48242200.0,OI2501
2024-10-28 21:20:00,9630,9633,9628,9629,482,294732,46320200.0,OI2501
2024-10-28 21:21:00,9628,9632,9626,9628,653,294769,63061660.0,OI2501
2024-10-28 21:22:00,9629,9629,9624,9624,711,294809,68334210.0,OI2501
2024-10-28 21:23:00,9623,9623,9611,9611,1424,294788,136860640.0,OI2501
2024-10-28 21:24:00,9611,9615,9606,9608,1000,294777,96110000.0,OI2501
2024-10-28 21:25:00,9608,9620,9608,9620,886,294652,85153460.0,OI2501
2024-10-28 21:26:00,9620,9624,9618,9623,572,294603,55329210.0,OI2501
2024-10-28 21:27:00,9623,9623,9617,9618,277,294612,26625240.0,OI2501
2024-10-28 21:28:00,9618,9618,9613,9613,320,294662,30758400.0,OI2501
2024-10-28 21:29:00,9613,9616,9612,9616,372,294707,35756640.0,OI2501
2024-10-28 21:30:00,9611,9614,9602,9602,1666,294732,160135920.0,OI2501
2024-10-28 21:31:00,9603,9608,9599,9608,1417,294746,135807230.0,OI2501
2024-10-28 21:32:00,9608,9618,9608,9617,1068,294597,102645480.0,OI2501
2024-10-28 21:33:00,9617,9618,9608,9611,871,294599,83711810.0,OI2501
2024-10-28 21:34:00,9610,9615,9609,9613,483,294475,46421130.0,OI2501
2024-10-28 21:35:00,9614,9618,9610,9618,401,294468,38540110.0,OI2501
2024-10-28 21:36:00,9618,9624,9618,9620,990,294329,95581840.0,OI2501
2024-10-28 21:37:00,9619,9621,9615,9620,410,294316,39409200.0,OI2501
2024-10-28 21:38:00,9619,9620,9617,9619,206,294323,19800720.0,OI2501
2024-10-28 21:39:00,9620,9626,9620,9622,828,294126,79587360.0,OI2501
2024-10-28 21:40:00,9621,9629,9618,9618,724,294120,69590880.0,OI2501
2024-10-28 21:41:00,9618,9624,9618,9624,451,294140,43350120.0,OI2501
2024-10-28 21:42:00,9624,9636,9624,9633,1581,294388,152440660.0,OI2501
2024-10-28 21:43:00,9633,9634,9630,9632,476,294389,45757880.0,OI2501
2024-10-28 21:44:00,9632,9634,9631,9632,404,294346,38836520.0,OI2501
2024-10-28 21:45:00,9634,9638,9632,9637,657,294422,63157410.0,OI2501
2024-10-28 21:46:00,9638,9642,9637,9639,920,294443,88939110.0,OI2501
2024-10-28 21:47:00,9639,9641,9634,9635,475,294397,45666500.0,OI2501
2024-10-28 21:48:00,9634,9638,9633,9635,372,294428,35764080.0,OI2501
2024-10-28 21:49:00,9635,9641,9635,9640,416,294430,40506380.0,OI2501
2024-10-28 21:50:00,9638,9644,9637,9643,760,294491,73074000.0,OI2501
2024-10-28 21:51:00,9642,9642,9637,9639,428,294384,41152200.0,OI2501
2024-10-28 21:52:00,9639,9643,9637,9639,496,294321,47690400.0,OI2501
2024-10-28 21:53:00,9639,9644,9639,9642,776,294083,75149140.0,OI2501
2024-10-28 21:54:00,9643,9648,9640,9643,871,293974,83755360.0,OI2501
2024-10-28 21:55:00,9643,9646,9642,9643,519,293862,49907040.0,OI2501
2024-10-28 21:56:00,9644,9649,9637,9638,975,293891,94316390.0,OI2501
2024-10-28 21:57:00,9638,9638,9632,9633,642,293888,61741140.0,OI2501
2024-10-28 21:58:00,9634,9639,9633,9636,632,293950,60779440.0,OI2501
2024-10-28 21:59:00,9636,9643,9636,9639,423,293995,40679910.0,OI2501
2024-10-28 22:00:00,9639,9640,9637,9639,578,293980,56169400.0,OI2501
2024-10-28 22:01:00,9639,9644,9635,9635,761,293936,73192980.0,OI2501
2024-10-28 22:02:00,9634,9643,9632,9642,559,293920,53764620.0,OI2501
2024-10-28 22:03:00,9643,9654,9642,9644,2384,294142,229913300.0,OI2501
2024-10-28 22:04:00,9643,9643,9634,9634,881,294028,85372380.0,OI2501
2024-10-28 22:05:00,9634,9639,9629,9635,787,294034,75709400.0,OI2501
2024-10-28 22:06:00,9635,9635,9630,9635,455,294052,43771000.0,OI2501
2024-10-28 22:07:00,9634,9641,9634,9637,555,294025,53391000.0,OI2501
2024-10-28 22:08:00,9637,9641,9636,9641,485,294027,46657000.0,OI2501
2024-10-28 22:09:00,9642,9652,9641,9651,988,293850,95707290.0,OI2501
2024-10-28 22:10:00,9650,9655,9648,9653,1037,293741,99769770.0,OI2501
2024-10-28 22:11:00,9653,9654,9647,9649,579,293675,55705590.0,OI2501
2024-10-28 22:12:00,9649,9654,9645,9653,365,293788,35798150.0,OI2501
2024-10-28 22:13:00,9652,9652,9648,9650,357,293847,34350540.0,OI2501
2024-10-28 22:14:00,9650,9651,9646,9647,321,293840,30886620.0,OI2501
2024-10-28 22:15:00,9647,9648,9642,9644,423,293788,40701060.0,OI2501
2024-10-28 22:16:00,9643,9645,9638,9645,500,293705,48110000.0,OI2501
2024-10-28 22:17:00,9645,9647,9643,9647,399,293783,38391780.0,OI2501
2024-10-28 22:18:00,9646,9647,9642,9642,343,293785,33003460.0,OI2501
2024-10-28 22:19:00,9642,9645,9635,9636,628,293702,60426160.0,OI2501
2024-10-28 22:20:00,9637,9640,9635,9638,351,293709,34487940.0,OI2501
2024-10-28 22:21:00,9638,9641,9632,9633,831,293696,79967130.0,OI2501
2024-10-28 22:22:00,9633,9637,9630,9630,453,293678,43592190.0,OI2501
2024-10-28 22:23:00,9631,9632,9622,9625,1472,293622,141650560.0,OI2501
2024-10-28 22:24:00,9625,9625,9618,9623,939,293615,90359970.0,OI2501
2024-10-28 22:25:00,9622,9628,9621,9628,537,293626,51675510.0,OI2501
2024-10-28 22:26:00,9629,9632,9628,9630,445,293596,42822350.0,OI2501
2024-10-28 22:27:00,9630,9630,9623,9623,271,293639,26078330.0,OI2501
2024-10-28 22:28:00,9624,9625,9621,9621,420,293633,40416600.0,OI2501
2024-10-28 22:29:00,9622,9623,9620,9621,267,293622,25693410.0,OI2501
2024-10-28 22:30:00,9621,9621,9613,9616,1172,293655,112781560.0,OI2501
2024-10-28 22:31:00,9617,9617,9612,9617,613,293633,58988990.0,OI2501
2024-10-28 22:32:00,9617,9621,9610,9619,974,293600,93728020.0,OI2501
2024-10-28 22:33:00,9619,9622,9616,9622,452,293608,43495960.0,OI2501
2024-10-28 22:34:00,9620,9624,9617,9617,431,293533,41475130.0,OI2501
2024-10-28 22:35:00,9617,9617,9606,9606,945,293505,90120410.0,OI2501
2024-10-28 22:36:00,9606,9611,9605,9608,703,293466,67642660.0,OI2501
2024-10-28 22:37:00,9608,9608,9595,9599,1910,293431,183780200.0,OI2501
2024-10-28 22:38:00,9598,9605,9597,9600,780,293319,75051600.0,OI2501
2024-10-28 22:39:00,9600,9600,9584,9584,2094,293480,200612870.0,OI2501
2024-10-28 22:40:00,9583,9591,9579,9583,2075,293456,198743190.0,OI2501
2024-10-28 22:41:00,9582,9589,9582,9587,916,293441,88119200.0,OI2501
2024-10-28 22:42:00,9587,9598,9586,9595,1070,293274,102021580.0,OI2501
2024-10-28 22:43:00,9596,9597,9589,9592,714,293228,68679660.0,OI2501
2024-10-28 22:44:00,9591,9593,9581,9581,851,293125,81857690.0,OI2501
2024-10-28 22:45:00,9580,9584,9570,9579,2311,293210,221343910.0,OI2501
2024-10-28 22:46:00,9579,9581,9573,9577,830,293135,78869920.0,OI2501
2024-10-28 22:47:00,9577,9581,9575,9581,717,292940,68953890.0,OI2501
2024-10-28 22:48:00,9582,9592,9582,9590,1051,292754,101074670.0,OI2501
2024-10-28 22:49:00,9591,9591,9581,9585,506,292680,48662020.0,OI2501
2024-10-28 22:50:00,9586,9591,9585,9588,588,292557,55559860.0,OI2501
2024-10-28 22:51:00,9589,9592,9588,9588,399,292488,38367840.0,OI2501
2024-10-28 22:52:00,9589,9595,9584,9589,663,292309,63754080.0,OI2501
2024-10-28 22:53:00,9589,9594,9589,9593,359,292230,34521440.0,OI2501
2024-10-28 22:54:00,9593,9593,9586,9588,287,292180,27597920.0,OI2501
2024-10-28 22:55:00,9587,9590,9585,9589,474,292159,45579840.0,OI2501
2024-10-28 22:56:00,9589,9590,9586,9587,428,292023,41156480.0,OI2501
2024-10-28 22:57:00,9588,9590,9587,9589,217,291942,20866720.0,OI2501
2024-10-28 22:58:00,9588,9591,9584,9584,661,291681,63561760.0,OI2501
2024-10-28 22:59:00,9584,9585,9576,9580,1016,291159,96665420.0,OI2501
2024-10-29 09:00:00,9592,9608,9591,9599,2925,291297,281238750.0,OI2501
2024-10-29 09:01:00,9598,9599,9585,9591,1487,291482,141897790.0,OI2501
2024-10-29 09:02:00,9591,9592,9580,9590,1094,291612,105177160.0,OI2501
2024-10-29 09:03:00,9591,9595,9584,9593,858,291682,82488120.0,OI2501
2024-10-29 09:04:00,9594,9596,9587,9587,657,291765,63163980.0,OI2501
2024-10-29 09:05:00,9588,9589,9583,9584,863,291849,82968820.0,OI2501
2024-10-29 09:06:00,9584,9587,9575,9580,1523,291780,145294010.0,OI2501
2024-10-29 09:07:00,9580,9583,9576,9579,588,291860,56524440.0,OI2501
2024-10-29 09:08:00,9578,9581,9576,9579,697,291978,67002610.0,OI2501
2024-10-29 09:09:00,9578,9579,9559,9563,2827,291720,270591180.0,OI2501
2024-10-29 09:10:00,9563,9565,9555,9559,1858,291962,177404050.0,OI2501
2024-10-29 09:11:00,9559,9569,9559,9569,933,292027,88474390.0,OI2501
2024-10-29 09:12:00,9569,9580,9567,9579,1331,292036,127909100.0,OI2501
2024-10-29 09:13:00,9578,9583,9577,9580,777,291937,74669700.0,OI2501
2024-10-29 09:14:00,9580,9589,9579,9586,1529,291678,146936900.0,OI2501
2024-10-29 09:15:00,9587,9596,9587,9591,1596,291088,152127030.0,OI2501
2024-10-29 09:16:00,9591,9592,9586,9592,542,291045,52080780.0,OI2501
2024-10-29 09:17:00,9593,9593,9587,9590,356,291077,34208040.0,OI2501
2024-10-29 09:18:00,9589,9590,9585,9587,257,291104,24695130.0,OI2501
2024-10-29 09:19:00,9587,9596,9586,9594,691,291041,66398190.0,OI2501
2024-10-29 09:20:00,9595,9602,9595,9597,1624,291350,156050160.0,OI2501
2024-10-29 09:21:00,9597,9601,9591,9596,536,291365,51504240.0,OI2501
2024-10-29 09:22:00,9596,9596,9589,9590,327,291382,31421430.0,OI2501
2024-10-29 09:23:00,9591,9591,9586,9587,455,291388,43720950.0,OI2501
2024-10-29 09:24:00,9587,9591,9585,9585,401,291400,38532090.0,OI2501
2024-10-29 09:25:00,9586,9593,9586,9590,249,291396,23926410.0,OI2501
2024-10-29 09:26:00,9590,9593,9589,9591,161,291424,15470490.0,OI2501
2024-10-29 09:27:00,9591,9595,9590,9591,229,291401,22004610.0,OI2501
2024-10-29 09:28:00,9589,9596,9586,9595,368,291351,35361120.0,OI2501
2024-10-29 09:29:00,9595,9597,9592,9594,310,291334,29787900.0,OI2501
2024-10-29 09:30:00,9594,9608,9593,9606,1537,291458,146361330.0,OI2501
2024-10-29 09:31:00,9606,9606,9597,9602,501,291497,48136080.0,OI2501
2024-10-29 09:32:00,9601,9606,9599,9606,517,291443,49673360.0,OI2501
2024-10-29 09:33:00,9605,9606,9598,9600,521,291350,50057680.0,OI2501
2024-10-29 09:34:00,9600,9600,9597,9598,230,291315,22098400.0,OI2501
2024-10-29 09:35:00,9599,9603,9598,9598,571,291352,54861680.0,OI2501
2024-10-29 09:36:00,9597,9607,9596,9607,639,291350,61395120.0,OI2501
2024-10-29 09:37:00,9610,9615,9608,9612,1575,291191,151326000.0,OI2501
2024-10-29 09:38:00,9611,9612,9606,9606,408,291158,39200640.0,OI2501
2024-10-29 09:39:00,9605,9612,9605,9611,344,291078,33051520.0,OI2501
2024-10-29 09:40:00,9610,9611,9601,9601,775,291004,74462000.0,OI2501
2024-10-29 09:41:00,9601,9606,9600,9600,553,291098,53132240.0,OI2501
2024-10-29 09:42:00,9599,9600,9593,9597,786,291106,75518880.0,OI2501
2024-10-29 09:43:00,9596,9604,9595,9603,353,291123,33916240.0,OI2501
2024-10-29 09:44:00,9603,9604,9598,9600,242,291096,23251360.0,OI2501
2024-10-29 09:45:00,9599,9604,9595,9599,660,291157,63412800.0,OI2501
2024-10-29 09:46:00,9600,9606,9597,9605,393,291219,37759440.0,OI2501
2024-10-29 09:47:00,9605,9614,9605,9608,978,291098,93966240.0,OI2501
2024-10-29 09:48:00,9609,9613,9602,9604,594,291172,57071520.0,OI2501
2024-10-29 09:49:00,9604,9610,9601,9610,454,291274,43620320.0,OI2501
2024-10-29 09:50:00,9611,9615,9606,9615,438,291327,42083040.0,OI2501
2024-10-29 09:51:00,9615,9615,9611,9611,635,291317,61010800.0,OI2501
2024-10-29 09:52:00,9612,9622,9612,9616,978,291080,93966240.0,OI2501
2024-10-29 09:53:00,9615,9620,9615,9618,431,290997,41410480.0,OI2501
2024-10-29 09:54:00,9617,9623,9617,9621,542,291010,52075360.0,OI2501
2024-10-29 09:55:00,9621,9622,9616,9617,400,290987,38432000.0,OI2501
2024-10-29 09:56:00,9616,9618,9612,9613,564,291120,54189120.0,OI2501
2024-10-29 09:57:00,9611,9614,9608,9609,341,291095,32763280.0,OI2501
2024-10-29 09:58:00,9608,9610,9606,9610,295,291086,28343600.0,OI2501
2024-10-29 09:59:00,9610,9614,9605,9607,328,291067,31514240.0,OI2501
2024-10-29 10:00:00,9608,9616,9607,9614,256,291071,24596480.0,OI2501
2024-10-29 10:01:00,9614,9615,9602,9602,762,291109,73212960.0,OI2501
2024-10-29 10:02:00,9603,9608,9601,9604,359,291142,34492720.0,OI2501
2024-10-29 10:03:00,9604,9604,9584,9586,1775,291177,170542000.0,OI2501
2024-10-29 10:04:00,9586,9590,9579,9588,1516,291317,145657280.0,OI2501
2024-10-29 10:05:00,9588,9590,9582,9585,860,291274,82628800.0,OI2501
2024-10-29 10:06:00,9585,9587,9581,9582,592,291294,56879360.0,OI2501
2024-10-29 10:07:00,9583,9586,9576,9586,1077,291490,103478160.0,OI2501
2024-10-29 10:08:00,9586,9610,9586,9607,2236,291375,213251090.0,OI2501
2024-10-29 10:09:00,9606,9613,9604,9612,1038,291401,99720660.0,OI2501
2024-10-29 10:10:00,9614,9614,9599,9601,833,291264,80026310.0,OI2501
2024-10-29 10:11:00,9602,9611,9602,9607,386,291148,37083020.0,OI2501
2024-10-29 10:12:00,9608,9614,9607,9613,445,291148,42751150.0,OI2501
2024-10-29 10:13:00,9614,9621,9611,9619,1145,291269,111622410.0,OI2501
2024-10-29 10:14:00,9620,9628,9617,9627,1586,291264,152382880.0,OI2501
2024-10-29 10:30:00,9632,9635,9623,9624,1845,290956,177267600.0,OI2501
2024-10-29 10:31:00,9624,9632,9622,9631,792,291048,76095360.0,OI2501
2024-10-29 10:32:00,9631,9633,9623,9629,609,291130,58512720.0,OI2501
2024-10-29 10:33:00,9629,9629,9619,9622,906,291160,87048480.0,OI2501
2024-10-29 10:34:00,9621,9630,9621,9628,369,291161,35453520.0,OI2501
2024-10-29 10:35:00,9628,9638,9624,9626,1047,291247,100595760.0,OI2501
2024-10-29 10:36:00,9627,9630,9623,9626,581,291247,55822480.0,OI2501
2024-10-29 10:37:00,9625,9630,9619,9621,499,291224,47943920.0,OI2501
2024-10-29 10:38:00,9621,9624,9617,9623,371,291249,35645680.0,OI2501
2024-10-29 10:39:00,9624,9626,9620,9621,256,291319,24596480.0,OI2501
2024-10-29 10:40:00,9621,9621,9615,9618,433,291301,43317840.0,OI2501
2024-10-29 10:41:00,9619,9621,9613,9621,415,291217,39877350.0,OI2501
2024-10-29 10:42:00,9622,9631,9622,9630,668,291264,64188120.0,OI2501
2024-10-29 10:43:00,9630,9633,9623,9627,458,291327,44009220.0,OI2501
2024-10-29 10:44:00,9627,9628,9622,9625,354,291234,34015860.0,OI2501
2024-10-29 10:45:00,9626,9630,9624,9627,284,291283,27289560.0,OI2501
2024-10-29 10:46:00,9626,9629,9620,9620,408,291322,39204720.0,OI2501
2024-10-29 10:47:00,9621,9626,9620,9625,297,291332,28538730.0,OI2501
2024-10-29 10:48:00,9626,9627,9621,9625,377,291263,36225930.0,OI2501
2024-10-29 10:49:00,9626,9628,9620,9623,346,291348,33247140.0,OI2501
2024-10-29 10:50:00,9623,9626,9617,9626,259,291334,24887310.0,OI2501
2024-10-29 10:51:00,9626,9626,9619,9620,604,291517,58038360.0,OI2501
2024-10-29 10:52:00,9620,9621,9613,9615,394,291546,37859460.0,OI2501
2024-10-29 10:53:00,9615,9615,9604,9605,956,291521,91862040.0,OI2501
2024-10-29 10:54:00,9605,9609,9599,9607,986,291426,94744740.0,OI2501
2024-10-29 10:55:00,9607,9610,9605,9610,461,291412,44297490.0,OI2501
2024-10-29 10:56:00,9610,9612,9607,9610,259,291400,24887310.0,OI2501
2024-10-29 10:57:00,9611,9614,9602,9602,332,291394,31901880.0,OI2501
2024-10-29 10:58:00,9602,9602,9595,9600,746,291252,71683140.0,OI2501
2024-10-29 10:59:00,9599,9602,9596,9598,340,291231,32670600.0,OI2501
2024-10-29 11:00:00,9597,9598,9585,9585,1095,291289,105218550.0,OI2501
2024-10-29 11:01:00,9585,9585,9554,9555,4046,291633,386924090.0,OI2501
2024-10-29 11:02:00,9556,9574,9555,9564,1953,291770,185768660.0,OI2501
2024-10-29 11:03:00,9564,9580,9563,9580,1329,291713,127677030.0,OI2501
2024-10-29 11:04:00,9580,9584,9569,9569,839,291738,80602730.0,OI2501
2024-10-29 11:05:00,9569,9571,9561,9563,796,291780,76471720.0,OI2501
2024-10-29 11:06:00,9563,9564,9553,9554,1754,291897,166584020.0,OI2501
2024-10-29 11:07:00,9554,9569,9554,9568,1692,291746,162533520.0,OI2501
2024-10-29 11:08:00,9568,9569,9558,9562,1259,291820,120939540.0,OI2501
2024-10-29 11:09:00,9561,9563,9558,9560,848,291877,81458880.0,OI2501
2024-10-29 11:10:00,9561,9566,9559,9565,494,291945,45487950.0,OI2501
2024-10-29 11:11:00,9564,9566,9555,9555,789,291960,75783450.0,OI2501
2024-10-29 11:12:00,9555,9557,9544,9552,3838,291477,366627940.0,OI2501
2024-10-29 11:13:00,9551,9552,9545,9551,1126,291398,108141040.0,OI2501
2024-10-29 11:14:00,9550,9552,9546,9549,609,291332,58488360.0,OI2501
2024-10-29 11:15:00,9548,9558,9547,9557,1001,291245,94096720.0,OI2501
2024-10-29 11:16:00,9557,9563,9557,9561,961,291073,92284830.0,OI2501
2024-10-29 11:17:00,9560,9565,9557,9560,845,290991,81145350.0,OI2501
2024-10-29 11:18:00,9561,9563,9560,9562,270,290915,25928100.0,OI2501
2024-10-29 11:19:00,9562,9573,9560,9573,914,290638,87771420.0,OI2501
2024-10-29 11:20:00,9572,9575,9566,9567,980,290399,94109400.0,OI2501
2024-10-29 11:21:00,9568,9573,9565,9566,461,290394,44269830.0,OI2501
2024-10-29 11:22:00,9568,9569,9562,9564,323,290382,31017690.0,OI2501
2024-10-29 11:23:00,9564,9573,9564,9570,261,290330,25063830.0,OI2501
2024-10-29 11:24:00,9570,9572,9568,9570,220,290294,19034930.0,OI2501
2024-10-29 11:25:00,9569,9577,9565,9566,672,290160,64525440.0,OI2501
2024-10-29 11:26:00,9566,9568,9561,9564,382,290124,36679640.0,OI2501
2024-10-29 11:27:00,9564,9564,9556,9558,416,289979,39944320.0,OI2501
2024-10-29 11:28:00,9559,9561,9556,9560,358,289965,34375160.0,OI2501
2024-10-29 11:29:00,9559,9559,9541,9541,1642,289642,157664840.0,OI2501
2024-10-29 13:30:00,9558,9558,9526,9544,5758,289172,548515260.0,OI2501
2024-10-29 13:31:00,9544,9563,9542,9559,2199,288542,211104000.0,OI2501
2024-10-29 13:32:00,9561,9561,9553,9554,948,288580,88792580.0,OI2501
2024-10-29 13:33:00,9554,9562,9553,9561,626,288390,60089740.0,OI2501
2024-10-29 13:34:00,9560,9561,9545,9548,1231,288713,118163690.0,OI2501
2024-10-29 13:35:00,9549,9553,9545,9545,689,288678,66137110.0,OI2501
2024-10-29 13:36:00,9545,9551,9540,9544,781,288643,74968190.0,OI2501
2024-10-29 13:37:00,9543,9544,9538,9543,668,288779,61865950.0,OI2501
2024-10-29 13:38:00,9541,9544,9538,9541,358,288806,34360840.0,OI2501
2024-10-29 13:39:00,9543,9548,9539,9545,620,288832,59507600.0,OI2501
2024-10-29 13:40:00,9545,9546,9541,9541,371,288885,35608580.0,OI2501
2024-10-29 13:41:00,9541,9543,9535,9543,808,288918,77551840.0,OI2501
2024-10-29 13:42:00,9544,9550,9543,9547,593,288963,56916140.0,OI2501
2024-10-29 13:43:00,9548,9548,9542,9548,532,289054,51061360.0,OI2501
2024-10-29 13:44:00,9548,9552,9547,9547,790,289016,73528110.0,OI2501
2024-10-29 13:45:00,9546,9546,9532,9535,1029,288986,98753130.0,OI2501
2024-10-29 13:46:00,9535,9537,9532,9536,1008,289027,96737760.0,OI2501
2024-10-29 13:47:00,9536,9537,9529,9531,1115,288744,107006550.0,OI2501
2024-10-29 13:48:00,9532,9532,9518,9521,2141,288628,203122750.0,OI2501
2024-10-29 13:49:00,9520,9522,9516,9518,1271,288820,121965160.0,OI2501
2024-10-29 13:50:00,9518,9530,9517,9529,1326,288875,124867970.0,OI2501
2024-10-29 13:51:00,9528,9528,9524,9525,996,288942,95566200.0,OI2501
2024-10-29 13:52:00,9524,9529,9523,9527,496,288966,47591200.0,OI2501
2024-10-29 13:53:00,9528,9532,9525,9531,700,288940,67165000.0,OI2501
2024-10-29 13:54:00,9531,9535,9528,9535,697,288914,64473270.0,OI2501
2024-10-29 13:55:00,9535,9540,9532,9540,777,288885,74545380.0,OI2501
2024-10-29 13:56:00,9540,9542,9536,9536,743,288738,71283420.0,OI2501
2024-10-29 13:57:00,9537,9545,9536,9544,501,288641,48065940.0,OI2501
2024-10-29 13:58:00,9543,9553,9543,9550,1138,288545,109179720.0,OI2501
2024-10-29 13:59:00,9550,9556,9549,9552,757,288413,72626580.0,OI2501
2024-10-29 14:00:00,9552,9558,9552,9556,813,288384,75548050.0,OI2501
2024-10-29 14:01:00,9555,9555,9547,9548,588,288341,56406840.0,OI2501
2024-10-29 14:02:00,9547,9552,9546,9548,538,288387,51610340.0,OI2501
2024-10-29 14:03:00,9548,9549,9547,9547,177,288416,16979610.0,OI2501
2024-10-29 14:04:00,9548,9551,9543,9550,457,288456,43840010.0,OI2501
2024-10-29 14:05:00,9549,9554,9549,9549,431,288540,41345830.0,OI2501
2024-10-29 14:06:00,9549,9551,9545,9551,209,288531,20049370.0,OI2501
2024-10-29 14:07:00,9551,9556,9551,9552,501,288524,48060930.0,OI2501
2024-10-29 14:08:00,9551,9559,9550,9556,488,288463,46813840.0,OI2501
2024-10-29 14:09:00,9558,9565,9557,9563,785,288327,75305050.0,OI2501
2024-10-29 14:10:00,9564,9565,9557,9560,703,288234,67438790.0,OI2501
2024-10-29 14:11:00,9562,9562,9553,9554,836,288294,80197480.0,OI2501
2024-10-29 14:12:00,9553,9560,9553,9557,257,288270,22143140.0,OI2501
2024-10-29 14:13:00,9557,9572,9552,9569,1591,288385,152608720.0,OI2501
2024-10-29 14:14:00,9570,9580,9566,9578,1695,288243,162584400.0,OI2501
2024-10-29 14:15:00,9578,9586,9578,9583,1800,288423,172656000.0,OI2501
2024-10-29 14:16:00,9582,9589,9576,9588,1617,288217,155102640.0,OI2501
2024-10-29 14:17:00,9588,9590,9577,9578,995,288070,95440400.0,OI2501
2024-10-29 14:18:00,9578,9578,9571,9573,1151,288093,110403920.0,OI2501
2024-10-29 14:19:00,9574,9577,9572,9573,570,288049,54674400.0,OI2501
2024-10-29 14:20:00,9572,9576,9570,9572,490,288154,47000800.0,OI2501
2024-10-29 14:21:00,9573,9574,9567,9568,491,288133,47096720.0,OI2501
2024-10-29 14:22:00,9567,9568,9560,9566,783,288104,75105360.0,OI2501
2024-10-29 14:23:00,9566,9567,9553,9553,722,287984,69254240.0,OI2501
2024-10-29 14:24:00,9554,9563,9554,9561,768,287966,73666560.0,OI2501
2024-10-29 14:25:00,9561,9562,9555,9558,398,287886,38176160.0,OI2501
2024-10-29 14:26:00,9558,9560,9553,9560,458,287918,41285200.0,OI2501
2024-10-29 14:27:00,9559,9561,9553,9555,289,287871,27717990.0,OI2501
2024-10-29 14:28:00,9555,9560,9555,9559,458,287994,43926780.0,OI2501
2024-10-29 14:29:00,9560,9562,9559,9561,246,288012,23593860.0,OI2501
2024-10-29 14:30:00,9560,9560,9554,9559,332,288038,31842120.0,OI2501
2024-10-29 14:31:00,9558,9562,9554,9561,290,288019,27813900.0,OI2501
2024-10-29 14:32:00,9561,9567,9559,9565,494,287944,47379540.0,OI2501
2024-10-29 14:33:00,9565,9570,9556,9570,625,287937,59943750.0,OI2501
2024-10-29 14:34:00,9571,9571,9565,9566,348,287909,33376680.0,OI2501
2024-10-29 14:35:00,9566,9567,9559,9562,418,287827,40090380.0,OI2501
2024-10-29 14:36:00,9562,9564,9556,9556,312,287766,29923920.0,OI2501
2024-10-29 14:37:00,9556,9559,9552,9557,462,287764,44310420.0,OI2501
2024-10-29 14:38:00,9556,9557,9553,9557,385,287748,36925350.0,OI2501
2024-10-29 14:39:00,9555,9559,9555,9558,249,287739,23881590.0,OI2501
2024-10-29 14:40:00,9557,9561,9556,9560,547,287462,52462770.0,OI2501
2024-10-29 14:41:00,9560,9561,9555,9560,243,287537,23306130.0,OI2501
2024-10-29 14:42:00,9561,9561,9555,9557,309,287538,29636190.0,OI2501
2024-10-29 14:43:00,9555,9562,9553,9557,585,287512,56107350.0,OI2501
2024-10-29 14:44:00,9557,9558,9550,9551,585,287541,56107350.0,OI2501
2024-10-29 14:45:00,9550,9558,9550,9552,888,287735,82441270.0,OI2501
2024-10-29 14:46:00,9553,9556,9548,9552,582,287755,55813800.0,OI2501
2024-10-29 14:47:00,9554,9557,9553,9557,398,287697,38168200.0,OI2501
2024-10-29 14:48:00,9557,9557,9552,9557,361,287613,34619900.0,OI2501
2024-10-29 14:49:00,9557,9557,9547,9548,451,287576,43250900.0,OI2501
2024-10-29 14:50:00,9547,9548,9544,9545,611,287395,58594900.0,OI2501
2024-10-29 14:51:00,9545,9545,9540,9541,654,287266,62718600.0,OI2501
2024-10-29 14:52:00,9541,9542,9538,9540,551,287177,52840900.0,OI2501
2024-10-29 14:53:00,9540,9551,9539,9551,829,286932,79501100.0,OI2501
2024-10-29 14:54:00,9551,9553,9545,9546,580,286772,55622000.0,OI2501
2024-10-29 14:55:00,9545,9550,9545,9546,393,286676,37688700.0,OI2501
2024-10-29 14:56:00,9546,9550,9544,9544,343,286638,32893700.0,OI2501
2024-10-29 14:57:00,9543,9545,9543,9544,306,286609,29345400.0,OI2501
2024-10-29 14:58:00,9544,9544,9539,9542,529,286439,47938410.0,OI2501
2024-10-29 14:59:00,9541,9542,9537,9537,918,286131,88027020.0,OI2501
2024-10-29 21:00:00,9590,9617,9585,9598,11149,284838,1070526980.0,OI2501
2024-10-29 21:01:00,9601,9609,9594,9594,4048,284957,388688960.0,OI2501
2024-10-29 21:02:00,9594,9595,9576,9584,3533,285536,338489460.0,OI2501
2024-10-29 21:03:00,9583,9595,9581,9591,2162,285616,207299840.0,OI2501
2024-10-29 21:04:00,9591,9594,9584,9591,1382,285690,132630540.0,OI2501
2024-10-29 21:05:00,9592,9596,9588,9596,1943,285994,186227540.0,OI2501
2024-10-29 21:06:00,9597,9610,9593,9605,2586,286120,248420590.0,OI2501
2024-10-29 21:07:00,9606,9607,9595,9601,1191,286241,114300270.0,OI2501
2024-10-29 21:08:00,9600,9603,9595,9598,1076,286475,103263720.0,OI2501
2024-10-29 21:09:00,9598,9599,9594,9599,648,286527,62188560.0,OI2501
2024-10-29 21:10:00,9599,9610,9596,9608,1765,286901,169387050.0,OI2501
2024-10-29 21:11:00,9607,9607,9597,9603,971,286947,93511410.0,OI2501
2024-10-29 21:12:00,9603,9604,9599,9601,835,286917,80143300.0,OI2501
2024-10-29 21:13:00,9600,9600,9588,9593,1460,286883,139783310.0,OI2501
2024-10-29 21:14:00,9594,9604,9589,9604,1341,287023,128695770.0,OI2501
2024-10-29 21:15:00,9604,9605,9593,9593,1475,287143,141931400.0,OI2501
2024-10-29 21:16:00,9592,9601,9590,9591,1163,287133,111237460.0,OI2501
2024-10-29 21:17:00,9591,9594,9580,9580,1905,287006,182822850.0,OI2501
2024-10-29 21:18:00,9580,9584,9570,9574,2195,287038,210225870.0,OI2501
2024-10-29 21:19:00,9575,9581,9574,9578,751,287036,71630170.0,OI2501
2024-10-29 21:20:00,9578,9580,9573,9577,1014,287169,97293300.0,OI2501
2024-10-29 21:21:00,9577,9577,9567,9570,1182,287395,112955150.0,OI2501
2024-10-29 21:22:00,9571,9571,9564,9569,1577,287446,150823860.0,OI2501
2024-10-29 21:23:00,9570,9576,9568,9575,1014,287380,97273020.0,OI2501
2024-10-29 21:24:00,9574,9578,9572,9575,727,287275,69741110.0,OI2501
2024-10-29 21:25:00,9574,9580,9573,9579,740,287356,70489870.0,OI2501
2024-10-29 21:26:00,9580,9582,9574,9576,829,287356,79517680.0,OI2501
2024-10-29 21:27:00,9577,9577,9568,9568,895,287276,85848400.0,OI2501
2024-10-29 21:28:00,9567,9578,9567,9576,624,287381,59854080.0,OI2501
2024-10-29 21:29:00,9576,9582,9575,9582,760,287308,72369790.0,OI2501
2024-10-29 21:30:00,9582,9582,9575,9578,858,287331,82290780.0,OI2501
2024-10-29 21:31:00,9578,9582,9575,9577,416,287286,39898560.0,OI2501
2024-10-29 21:32:00,9577,9577,9567,9570,1087,287377,104254170.0,OI2501
2024-10-29 21:33:00,9570,9570,9557,9557,2426,287464,232100380.0,OI2501
2024-10-29 21:34:00,9558,9559,9552,9558,1289,287657,123024930.0,OI2501
2024-10-29 21:35:00,9559,9564,9555,9564,1788,287823,170843270.0,OI2501
2024-10-29 21:36:00,9563,9569,9562,9564,737,287814,70663560.0,OI2501
2024-10-29 21:37:00,9565,9568,9563,9566,368,287898,35283840.0,OI2501
2024-10-29 21:38:00,9565,9569,9560,9562,424,287911,40029780.0,OI2501
2024-10-29 21:39:00,9562,9567,9558,9561,794,287838,76120780.0,OI2501
2024-10-29 21:40:00,9561,9565,9558,9563,465,287806,44579550.0,OI2501
2024-10-29 21:41:00,9562,9564,9556,9559,836,287796,80147320.0,OI2501
2024-10-29 21:42:00,9558,9560,9551,9553,1067,287876,101638330.0,OI2501
2024-10-29 21:43:00,9553,9557,9552,9556,535,287924,51285100.0,OI2501
2024-10-29 21:44:00,9555,9558,9551,9553,716,287907,67968290.0,OI2501
2024-10-29 21:45:00,9552,9554,9546,9548,1138,287918,109077300.0,OI2501
2024-10-29 21:46:00,9548,9551,9546,9548,861,287876,81839390.0,OI2501
2024-10-29 21:47:00,9549,9549,9540,9542,1123,287808,107628320.0,OI2501
2024-10-29 21:48:00,9541,9543,9537,9539,1294,287801,123305330.0,OI2501
2024-10-29 21:49:00,9539,9546,9539,9540,768,287743,72878130.0,OI2501
2024-10-29 21:50:00,9540,9547,9540,9547,833,287857,79818060.0,OI2501
2024-10-29 21:51:00,9547,9556,9545,9555,1290,287659,123607800.0,OI2501
2024-10-29 21:52:00,9555,9556,9550,9551,693,287694,65655790.0,OI2501
2024-10-29 21:53:00,9552,9558,9550,9555,619,287634,59306390.0,OI2501
2024-10-29 21:54:00,9555,9563,9553,9561,920,287480,88145200.0,OI2501
2024-10-29 21:55:00,9561,9562,9557,9561,630,287439,60360300.0,OI2501
2024-10-29 21:56:00,9559,9560,9553,9553,532,287399,50196440.0,OI2501
2024-10-29 21:57:00,9554,9557,9552,9554,273,287405,26153400.0,OI2501
2024-10-29 21:58:00,9554,9558,9553,9558,286,287372,27398800.0,OI2501
2024-10-29 21:59:00,9557,9561,9557,9559,412,287393,39469600.0,OI2501
2024-10-29 22:00:00,9558,9563,9554,9562,542,287421,51923600.0,OI2501
2024-10-29 22:01:00,9562,9566,9556,9564,631,287394,60449800.0,OI2501
2024-10-29 22:02:00,9563,9565,9561,9563,243,287393,23279400.0,OI2501
2024-10-29 22:03:00,9563,9568,9560,9567,614,287393,58821200.0,OI2501
2024-10-29 22:04:00,9568,9569,9564,9567,517,287220,49528600.0,OI2501
2024-10-29 22:05:00,9566,9567,9559,9561,786,287356,74481280.0,OI2501
2024-10-29 22:06:00,9561,9562,9550,9551,770,287364,73758300.0,OI2501
2024-10-29 22:07:00,9550,9558,9548,9558,594,287337,56899260.0,OI2501
2024-10-29 22:08:00,9558,9558,9551,9552,292,287295,27970680.0,OI2501
2024-10-29 22:09:00,9552,9554,9545,9548,679,287443,65041410.0,OI2501
2024-10-29 22:10:00,9546,9548,9542,9544,851,287493,80667910.0,OI2501
2024-10-29 22:11:00,9543,9543,9536,9536,1283,287546,122885740.0,OI2501
2024-10-29 22:12:00,9534,9536,9520,9522,2906,287764,276554140.0,OI2501
2024-10-29 22:13:00,9521,9524,9516,9520,2078,288224,198077230.0,OI2501
2024-10-29 22:14:00,9520,9528,9518,9524,1807,288180,172090130.0,OI2501
2024-10-29 22:15:00,9523,9528,9521,9524,974,288269,92310900.0,OI2501
2024-10-29 22:16:00,9524,9524,9511,9519,1972,288483,187819980.0,OI2501
2024-10-29 22:17:00,9520,9523,9514,9518,1316,288653,124994780.0,OI2501
2024-10-29 22:18:00,9517,9522,9514,9520,996,288739,95327160.0,OI2501
2024-10-29 22:19:00,9521,9523,9516,9520,721,288764,69006910.0,OI2501
2024-10-29 22:20:00,9521,9523,9517,9520,570,288797,53559090.0,OI2501
2024-10-29 22:21:00,9519,9527,9519,9527,658,288625,62970600.0,OI2501
2024-10-29 22:22:00,9528,9530,9525,9526,806,288472,77134200.0,OI2501
2024-10-29 22:23:00,9526,9530,9525,9527,461,288443,43102840.0,OI2501
2024-10-29 22:24:00,9527,9532,9526,9529,458,288309,43826020.0,OI2501
2024-10-29 22:25:00,9529,9531,9526,9529,365,288258,34926850.0,OI2501
2024-10-29 22:26:00,9529,9532,9526,9526,411,288080,39328590.0,OI2501
2024-10-29 22:27:00,9526,9527,9519,9525,761,288132,72820090.0,OI2501
2024-10-29 22:28:00,9525,9529,9524,9528,458,288084,42786630.0,OI2501
2024-10-29 22:29:00,9529,9530,9524,9525,291,288024,27842880.0,OI2501
2024-10-29 22:30:00,9525,9530,9520,9520,773,287949,73960640.0,OI2501
2024-10-29 22:31:00,9520,9521,9516,9518,677,287992,64775360.0,OI2501
2024-10-29 22:32:00,9520,9530,9520,9528,729,287922,68686630.0,OI2501
2024-10-29 22:33:00,9529,9531,9527,9531,304,287959,29083680.0,OI2501
2024-10-29 22:34:00,9531,9535,9528,9529,656,287807,62759520.0,OI2501
2024-10-29 22:35:00,9530,9530,9524,9524,287,287858,27457290.0,OI2501
2024-10-29 22:36:00,9524,9525,9519,9519,486,287745,46495620.0,OI2501
2024-10-29 22:37:00,9519,9526,9519,9523,305,287733,29179350.0,OI2501
2024-10-29 22:38:00,9523,9529,9520,9525,636,287825,59755290.0,OI2501
2024-10-29 22:39:00,9525,9529,9522,9529,320,287840,30611200.0,OI2501
2024-10-29 22:40:00,9529,9532,9527,9527,359,287733,34341940.0,OI2501
2024-10-29 22:41:00,9528,9532,9527,9530,452,287739,43238320.0,OI2501
2024-10-29 22:42:00,9530,9532,9523,9528,485,287691,46395100.0,OI2501
2024-10-29 22:43:00,9527,9530,9526,9530,261,287707,24967260.0,OI2501
2024-10-29 22:44:00,9530,9530,9518,9519,1243,287362,117783350.0,OI2501
2024-10-29 22:45:00,9519,9519,9514,9518,720,287394,68868000.0,OI2501
2024-10-29 22:46:00,9518,9523,9518,9523,455,287505,43520750.0,OI2501
2024-10-29 22:47:00,9522,9526,9522,9524,390,287406,37303500.0,OI2501
2024-10-29 22:48:00,9524,9524,9517,9521,579,287435,54237880.0,OI2501
2024-10-29 22:49:00,9521,9528,9521,9528,585,287280,55949400.0,OI2501
2024-10-29 22:50:00,9528,9540,9527,9539,1350,286980,129114000.0,OI2501
2024-10-29 22:51:00,9538,9539,9528,9529,525,286911,50211000.0,OI2501
2024-10-29 22:52:00,9529,9530,9526,9529,439,286926,41985960.0,OI2501
2024-10-29 22:53:00,9529,9529,9526,9529,211,286968,20180040.0,OI2501
2024-10-29 22:54:00,9528,9533,9528,9529,577,286856,54003940.0,OI2501
2024-10-29 22:55:00,9529,9535,9529,9532,555,286554,53074650.0,OI2501
2024-10-29 22:56:00,9533,9537,9531,9535,389,286433,37200070.0,OI2501
2024-10-29 22:57:00,9535,9536,9533,9536,414,286359,39590820.0,OI2501
2024-10-29 22:58:00,9535,9539,9532,9533,763,286058,72965690.0,OI2501
2024-10-29 22:59:00,9532,9532,9526,9528,770,285717,73635100.0,OI2501
2024-10-30 09:00:00,9525,9525,9502,9521,4526,286094,430312360.0,OI2501
2024-10-30 09:01:00,9524,9525,9515,9518,1318,286147,126013980.0,OI2501
2024-10-30 09:02:00,9517,9535,9515,9533,1600,285988,151692310.0,OI2501
2024-10-30 09:03:00,9532,9545,9532,9540,1731,285890,165483600.0,OI2501
2024-10-30 09:04:00,9542,9549,9540,9547,1222,285748,116823200.0,OI2501
2024-10-30 09:05:00,9546,9546,9540,9541,1127,285820,107741200.0,OI2501
2024-10-30 09:06:00,9541,9542,9536,9537,1222,286017,115486490.0,OI2501
2024-10-30 09:07:00,9535,9542,9535,9536,661,286121,63184990.0,OI2501
2024-10-30 09:08:00,9535,9540,9532,9537,1055,286519,100847450.0,OI2501
2024-10-30 09:09:00,9537,9539,9521,9522,1191,286319,113847690.0,OI2501
2024-10-30 09:10:00,9522,9533,9520,9531,1442,286385,137840780.0,OI2501
2024-10-30 09:11:00,9531,9536,9528,9533,567,286387,52813660.0,OI2501
2024-10-30 09:12:00,9534,9534,9526,9531,747,286386,71398260.0,OI2501
2024-10-30 09:13:00,9531,9537,9530,9535,382,286312,36511560.0,OI2501
2024-10-30 09:14:00,9535,9540,9534,9540,532,286274,50848560.0,OI2501
2024-10-30 09:15:00,9540,9544,9534,9538,897,286243,85735260.0,OI2501
2024-10-30 09:16:00,9538,9538,9531,9537,363,286303,34695540.0,OI2501
2024-10-30 09:17:00,9537,9542,9535,9540,354,286335,33835320.0,OI2501
2024-10-30 09:18:00,9541,9546,9539,9544,604,286361,57730320.0,OI2501
2024-10-30 09:19:00,9544,9546,9537,9540,787,286325,75221460.0,OI2501
2024-10-30 09:20:00,9539,9541,9530,9538,586,286342,56009880.0,OI2501
2024-10-30 09:21:00,9537,9538,9532,9532,262,286387,25041960.0,OI2501
2024-10-30 09:22:00,9533,9539,9531,9537,229,286367,21887820.0,OI2501
2024-10-30 09:23:00,9536,9541,9528,9529,638,286263,59530360.0,OI2501
2024-10-30 09:24:00,9527,9528,9517,9519,1194,286285,114110580.0,OI2501
2024-10-30 09:25:00,9519,9520,9515,9519,817,286431,78080690.0,OI2501
2024-10-30 09:26:00,9519,9526,9517,9525,612,286353,58488840.0,OI2501
2024-10-30 09:27:00,9525,9526,9520,9522,530,286229,50652100.0,OI2501
2024-10-30 09:28:00,9521,9522,9519,9521,285,286221,27237450.0,OI2501
2024-10-30 09:29:00,9521,9526,9521,9525,330,286192,31538100.0,OI2501
2024-10-30 09:30:00,9526,9528,9519,9527,451,286281,41610200.0,OI2501
2024-10-30 09:31:00,9526,9536,9523,9536,1218,286378,116392080.0,OI2501
2024-10-30 09:32:00,9535,9541,9533,9536,1129,286362,107887240.0,OI2501
2024-10-30 09:33:00,9538,9538,9532,9535,263,286380,25132280.0,OI2501
2024-10-30 09:34:00,9535,9545,9535,9545,470,286305,44913200.0,OI2501
2024-10-30 09:35:00,9546,9558,9546,9558,1762,286040,168376720.0,OI2501
2024-10-30 09:36:00,9557,9566,9557,9561,1902,285969,181755120.0,OI2501
2024-10-30 09:37:00,9560,9560,9552,9553,805,286020,76925800.0,OI2501
2024-10-30 09:38:00,9553,9554,9549,9551,721,285890,68898760.0,OI2501
2024-10-30 09:39:00,9551,9551,9544,9549,513,285848,49022280.0,OI2501
2024-10-30 09:40:00,9550,9558,9549,9556,616,285924,58864960.0,OI2501
2024-10-30 09:41:00,9555,9563,9555,9560,906,286071,86577360.0,OI2501
2024-10-30 09:42:00,9560,9569,9560,9562,992,286008,94795520.0,OI2501
2024-10-30 09:43:00,9562,9565,9558,9563,703,286102,67178680.0,OI2501
2024-10-30 09:44:00,9562,9566,9560,9565,547,285967,52271320.0,OI2501
2024-10-30 09:45:00,9564,9565,9559,9561,601,285910,57431560.0,OI2501
2024-10-30 09:46:00,9561,9564,9556,9562,636,285878,60776160.0,OI2501
2024-10-30 09:47:00,9562,9566,9560,9565,399,285739,38128440.0,OI2501
2024-10-30 09:48:00,9566,9579,9563,9566,2783,285457,265943480.0,OI2501
2024-10-30 09:49:00,9567,9567,9548,9554,3013,285169,287922280.0,OI2501
2024-10-30 09:50:00,9555,9558,9553,9555,446,285203,42619760.0,OI2501
2024-10-30 09:51:00,9555,9557,9552,9552,374,285120,35739440.0,OI2501
2024-10-30 09:52:00,9553,9558,9552,9555,322,285127,30770320.0,OI2501
2024-10-30 09:53:00,9555,9567,9555,9567,455,285121,43479800.0,OI2501
2024-10-30 09:54:00,9566,9570,9562,9569,492,285182,47015520.0,OI2501
2024-10-30 09:55:00,9569,9570,9562,9564,326,285186,31152560.0,OI2501
2024-10-30 09:56:00,9564,9566,9561,9566,242,285170,23125520.0,OI2501
2024-10-30 09:57:00,9566,9566,9559,9563,287,285149,27425720.0,OI2501
2024-10-30 09:58:00,9563,9564,9558,9558,307,285171,29336920.0,OI2501
2024-10-30 09:59:00,9557,9560,9555,9555,335,285153,32012600.0,OI2501
2024-10-30 10:00:00,9555,9560,9553,9560,558,285234,53322480.0,OI2501
2024-10-30 10:01:00,9560,9562,9557,9558,212,285258,20258720.0,OI2501
2024-10-30 10:02:00,9559,9565,9554,9560,398,285246,38032880.0,OI2501
2024-10-30 10:03:00,9560,9561,9549,9551,917,285100,87628520.0,OI2501
2024-10-30 10:04:00,9551,9557,9551,9553,461,285015,44053160.0,OI2501
2024-10-30 10:05:00,9554,9555,9541,9541,821,284901,78454760.0,OI2501
2024-10-30 10:06:00,9541,9542,9526,9527,1667,284688,159298520.0,OI2501
2024-10-30 10:07:00,9526,9535,9522,9522,1268,284687,121170080.0,OI2501
2024-10-30 10:08:00,9521,9522,9511,9512,2054,285140,196280240.0,OI2501
2024-10-30 10:09:00,9512,9525,9507,9525,1508,285301,142278320.0,OI2501
2024-10-30 10:10:00,9524,9528,9520,9522,993,285371,94881150.0,OI2501
2024-10-30 10:11:00,9522,9525,9519,9522,536,285406,51214800.0,OI2501
2024-10-30 10:12:00,9522,9530,9522,9527,582,285392,55610100.0,OI2501
2024-10-30 10:13:00,9528,9528,9524,9524,286,285330,27327300.0,OI2501
2024-10-30 10:14:00,9523,9525,9512,9513,940,285330,89817000.0,OI2501
2024-10-30 10:30:00,9508,9508,9475,9480,6330,284752,599063010.0,OI2501
2024-10-30 10:31:00,9480,9480,9463,9472,4510,284476,428827270.0,OI2501
2024-10-30 10:32:00,9473,9482,9467,9481,2277,285035,215485570.0,OI2501
2024-10-30 10:33:00,9481,9484,9475,9479,1295,285029,121668850.0,OI2501
2024-10-30 10:34:00,9479,9485,9474,9484,1455,284840,138937950.0,OI2501
2024-10-30 10:35:00,9483,9483,9465,9466,1447,284897,136141360.0,OI2501
2024-10-30 10:36:00,9466,9475,9464,9470,1505,284933,143697400.0,OI2501
2024-10-30 10:37:00,9470,9474,9464,9468,1040,285137,97241080.0,OI2501
2024-10-30 10:38:00,9468,9469,9460,9461,1380,285260,131748600.0,OI2501
2024-10-30 10:39:00,9460,9470,9459,9470,1403,285382,131858460.0,OI2501
2024-10-30 10:40:00,9469,9471,9462,9466,1017,285351,97082820.0,OI2501
2024-10-30 10:41:00,9466,9466,9460,9462,1020,285601,95262880.0,OI2501
2024-10-30 10:42:00,9461,9464,9456,9461,1477,285376,140979650.0,OI2501
2024-10-30 10:43:00,9461,9471,9459,9469,1003,285351,93605230.0,OI2501
2024-10-30 10:44:00,9469,9472,9468,9471,817,285297,77974480.0,OI2501
2024-10-30 10:45:00,9471,9472,9458,9461,1165,285382,111187600.0,OI2501
2024-10-30 10:46:00,9462,9467,9458,9461,724,285316,66940380.0,OI2501
2024-10-30 10:47:00,9461,9462,9458,9460,484,285358,46188120.0,OI2501
2024-10-30 10:48:00,9459,9460,9453,9454,1378,285276,131502540.0,OI2501
2024-10-30 10:49:00,9453,9454,9445,9447,2770,285180,262136600.0,OI2501
2024-10-30 10:50:00,9447,9458,9446,9454,1424,285262,133659340.0,OI2501
2024-10-30 10:51:00,9453,9460,9450,9450,981,285290,93597210.0,OI2501
2024-10-30 10:52:00,9450,9453,9447,9449,1064,285325,99277050.0,OI2501
2024-10-30 10:53:00,9449,9449,9438,9440,1753,285161,164979480.0,OI2501
2024-10-30 10:54:00,9439,9448,9431,9447,1582,285016,150906980.0,OI2501
2024-10-30 10:55:00,9448,9455,9443,9450,1660,285293,156058260.0,OI2501
2024-10-30 10:56:00,9450,9459,9449,9459,1061,285367,101198180.0,OI2501
2024-10-30 10:57:00,9459,9466,9456,9465,1063,284883,99078560.0,OI2501
2024-10-30 10:58:00,9466,9466,9455,9457,573,284906,54647010.0,OI2501
2024-10-30 10:59:00,9457,9458,9450,9451,393,284923,37480410.0,OI2501
2024-10-30 11:00:00,9450,9450,9444,9446,1003,285038,95656110.0,OI2501
2024-10-30 11:01:00,9447,9447,9440,9444,777,285149,71764650.0,OI2501
2024-10-30 11:02:00,9443,9453,9438,9453,1115,285068,106326400.0,OI2501
2024-10-30 11:03:00,9453,9457,9448,9452,648,284991,61793280.0,OI2501
2024-10-30 11:04:00,9452,9455,9446,9446,549,285007,49991680.0,OI2501
2024-10-30 11:05:00,9448,9449,9444,9449,536,284968,51107600.0,OI2501
2024-10-30 11:06:00,9448,9448,9437,9438,678,284865,64647300.0,OI2501
2024-10-30 11:07:00,9438,9444,9436,9442,704,284851,67126400.0,OI2501
2024-10-30 11:08:00,9443,9445,9440,9445,284,284811,27079400.0,OI2501
2024-10-30 11:09:00,9444,9447,9440,9441,387,284827,34513600.0,OI2501
2024-10-30 11:10:00,9442,9447,9440,9443,309,284777,29460060.0,OI2501
2024-10-30 11:11:00,9443,9450,9440,9448,406,284757,38708040.0,OI2501
2024-10-30 11:12:00,9449,9455,9447,9454,586,284654,55869240.0,OI2501
2024-10-30 11:13:00,9453,9460,9451,9458,530,284502,50530200.0,OI2501
2024-10-30 11:14:00,9458,9471,9450,9470,1594,284481,149550860.0,OI2501
2024-10-30 11:15:00,9469,9472,9465,9467,968,284182,92279440.0,OI2501
2024-10-30 11:16:00,9465,9467,9459,9459,564,284160,53766120.0,OI2501
2024-10-30 11:17:00,9460,9461,9458,9459,240,284144,22879200.0,OI2501
2024-10-30 11:18:00,9458,9460,9450,9451,522,284165,49762260.0,OI2501
2024-10-30 11:19:00,9451,9460,9451,9459,294,284172,28027020.0,OI2501
2024-10-30 11:20:00,9459,9462,9456,9456,254,284189,21764300.0,OI2501
2024-10-30 11:21:00,9456,9458,9454,9455,224,284217,21351680.0,OI2501
2024-10-30 11:22:00,9455,9455,9452,9453,238,284253,22686160.0,OI2501
2024-10-30 11:23:00,9453,9460,9453,9458,262,284261,24973840.0,OI2501
2024-10-30 11:24:00,9459,9461,9458,9460,234,284210,22304880.0,OI2501
2024-10-30 11:25:00,9458,9462,9458,9460,283,284099,26975560.0,OI2501
2024-10-30 11:26:00,9460,9462,9455,9457,405,284077,38604600.0,OI2501
2024-10-30 11:27:00,9455,9459,9453,9459,371,284068,35363720.0,OI2501
2024-10-30 11:28:00,9458,9460,9456,9457,193,284020,18396760.0,OI2501
2024-10-30 11:29:00,9456,9458,9443,9443,1073,283666,99796010.0,OI2501
2024-10-30 13:30:00,9428,9459,9424,9451,4189,283375,396729350.0,OI2501
2024-10-30 13:31:00,9451,9460,9447,9447,720,283398,68616000.0,OI2501
2024-10-30 13:32:00,9446,9452,9446,9450,581,283339,55369300.0,OI2501
2024-10-30 13:33:00,9449,9460,9449,9458,619,283308,56447260.0,OI2501
2024-10-30 13:34:00,9459,9463,9456,9460,665,283213,63367850.0,OI2501
2024-10-30 13:35:00,9460,9465,9456,9458,382,283163,36400780.0,OI2501
2024-10-30 13:36:00,9458,9462,9456,9461,265,283173,25251850.0,OI2501
2024-10-30 13:37:00,9463,9467,9461,9467,395,283122,37639550.0,OI2501
2024-10-30 13:38:00,9468,9470,9464,9466,547,283042,52123630.0,OI2501
2024-10-30 13:39:00,9466,9466,9460,9463,297,283011,28301130.0,OI2501
2024-10-30 13:40:00,9463,9466,9460,9461,506,282915,48216740.0,OI2501
2024-10-30 13:41:00,9462,9463,9456,9456,532,282836,48114950.0,OI2501
2024-10-30 13:42:00,9456,9463,9456,9461,467,282697,44495760.0,OI2501
2024-10-30 13:43:00,9461,9463,9460,9461,237,282718,22581360.0,OI2501
2024-10-30 13:44:00,9461,9461,9458,9460,205,282707,19532400.0,OI2501
2024-10-30 13:45:00,9460,9464,9459,9464,233,282691,22200240.0,OI2501
2024-10-30 13:46:00,9464,9468,9460,9462,454,282611,43257120.0,OI2501
2024-10-30 13:47:00,9463,9467,9459,9466,345,282593,32871600.0,OI2501
2024-10-30 13:48:00,9466,9471,9462,9465,780,282636,74318400.0,OI2501
2024-10-30 13:49:00,9465,9468,9463,9464,255,282634,24296400.0,OI2501
2024-10-30 13:50:00,9465,9468,9461,9467,234,282639,22295520.0,OI2501
2024-10-30 13:51:00,9466,9471,9466,9469,465,282536,44305200.0,OI2501
2024-10-30 13:52:00,9469,9479,9469,9479,944,282289,87318800.0,OI2501
2024-10-30 13:53:00,9479,9479,9474,9476,488,282278,46491760.0,OI2501
2024-10-30 13:54:00,9477,9480,9476,9477,351,282232,33439770.0,OI2501
2024-10-30 13:55:00,9477,9477,9469,9469,619,282100,58972130.0,OI2501
2024-10-30 13:56:00,9469,9472,9466,9471,502,282141,47825540.0,OI2501
2024-10-30 13:57:00,9471,9476,9470,9474,411,282152,39155970.0,OI2501
2024-10-30 13:58:00,9473,9473,9467,9469,208,282158,19816160.0,OI2501
2024-10-30 13:59:00,9469,9471,9468,9471,166,282218,15814820.0,OI2501
2024-10-30 14:00:00,9470,9476,9469,9474,284,282258,27056680.0,OI2501
2024-10-30 14:01:00,9474,9476,9471,9473,194,282280,18482380.0,OI2501
2024-10-30 14:02:00,9472,9472,9464,9464,424,282254,40394480.0,OI2501
2024-10-30 14:03:00,9465,9470,9465,9470,255,282273,24293850.0,OI2501
2024-10-30 14:04:00,9470,9471,9467,9470,156,282263,12196020.0,OI2501
2024-10-30 14:05:00,9469,9472,9469,9470,103,282246,9811780.0,OI2501
2024-10-30 14:06:00,9470,9473,9470,9473,153,282255,14574780.0,OI2501
2024-10-30 14:07:00,9472,9473,9468,9470,173,282260,16479980.0,OI2501
2024-10-30 14:08:00,9471,9471,9465,9467,209,282215,19909340.0,OI2501
2024-10-30 14:09:00,9466,9466,9463,9464,303,282152,28863780.0,OI2501
2024-10-30 14:10:00,9464,9466,9459,9459,394,282167,37532440.0,OI2501
2024-10-30 14:11:00,9459,9460,9453,9454,619,282114,58965940.0,OI2501
2024-10-30 14:12:00,9452,9458,9452,9454,431,282048,41057060.0,OI2501
2024-10-30 14:13:00,9454,9456,9452,9453,343,282016,32674180.0,OI2501
2024-10-30 14:14:00,9453,9459,9452,9455,255,282061,24291300.0,OI2501
2024-10-30 14:15:00,9455,9456,9448,9450,603,282058,57441780.0,OI2501
2024-10-30 14:16:00,9452,9455,9451,9455,175,282073,16670500.0,OI2501
2024-10-30 14:17:00,9455,9464,9454,9461,466,281973,41682790.0,OI2501
2024-10-30 14:18:00,9461,9462,9457,9459,208,281994,19812000.0,OI2501
2024-10-30 14:19:00,9458,9462,9457,9460,215,281978,20478750.0,OI2501
2024-10-30 14:20:00,9460,9462,9459,9459,183,282020,17430750.0,OI2501
2024-10-30 14:21:00,9459,9462,9458,9460,196,282026,18669000.0,OI2501
2024-10-30 14:22:00,9458,9462,9458,9460,114,282030,10858500.0,OI2501
2024-10-30 14:23:00,9460,9467,9459,9463,382,281937,36385500.0,OI2501
2024-10-30 14:24:00,9463,9465,9461,9462,164,281934,15621000.0,OI2501
2024-10-30 14:25:00,9461,9463,9461,9462,80,281950,7620000.0,OI2501
2024-10-30 14:26:00,9462,9463,9458,9461,304,281988,28956000.0,OI2501
2024-10-30 14:27:00,9461,9463,9459,9459,217,282004,20669250.0,OI2501
2024-10-30 14:28:00,9460,9466,9455,9466,410,282046,39052500.0,OI2501
2024-10-30 14:29:00,9465,9472,9465,9470,573,281994,54578250.0,OI2501
2024-10-30 14:30:00,9471,9478,9471,9478,790,281953,75247500.0,OI2501
2024-10-30 14:31:00,9477,9486,9477,9477,1826,281674,171161510.0,OI2501
2024-10-30 14:32:00,9478,9484,9478,9483,540,281577,51429600.0,OI2501
2024-10-30 14:33:00,9483,9486,9478,9484,616,281476,58667840.0,OI2501
2024-10-30 14:34:00,9484,9495,9483,9495,1708,281223,162669920.0,OI2501
2024-10-30 14:35:00,9495,9503,9489,9501,2652,280712,252576480.0,OI2501
2024-10-30 14:36:00,9501,9504,9499,9503,3026,279524,285345830.0,OI2501
2024-10-30 14:37:00,9503,9507,9495,9496,1967,279389,187317410.0,OI2501
2024-10-30 14:38:00,9496,9501,9495,9499,614,279302,58471220.0,OI2501
2024-10-30 14:39:00,9499,9507,9499,9506,995,278922,94753850.0,OI2501
2024-10-30 14:40:00,9506,9506,9498,9498,905,278723,86183150.0,OI2501
2024-10-30 14:41:00,9498,9502,9496,9502,477,278653,45424710.0,OI2501
2024-10-30 14:42:00,9503,9505,9498,9501,755,278577,71898650.0,OI2501
2024-10-30 14:43:00,9502,9503,9498,9498,626,278402,59613980.0,OI2501
2024-10-30 14:44:00,9498,9508,9498,9508,931,278239,88659130.0,OI2501
2024-10-30 14:45:00,9508,9510,9505,9508,731,278128,69613130.0,OI2501
2024-10-30 14:46:00,9509,9509,9498,9498,634,277991,60375820.0,OI2501
2024-10-30 14:47:00,9499,9501,9497,9498,443,278037,42186890.0,OI2501
2024-10-30 14:48:00,9497,9501,9496,9497,297,277988,28283310.0,OI2501
2024-10-30 14:49:00,9497,9501,9495,9496,376,277985,35806480.0,OI2501
2024-10-30 14:50:00,9497,9497,9495,9496,342,277917,32568660.0,OI2501
2024-10-30 14:51:00,9498,9502,9498,9501,388,277829,36949240.0,OI2501
2024-10-30 14:52:00,9501,9503,9500,9500,272,277796,25902560.0,OI2501
2024-10-30 14:53:00,9501,9501,9498,9498,164,277793,15617720.0,OI2501
2024-10-30 14:54:00,9498,9502,9498,9500,330,277821,31425900.0,OI2501
2024-10-30 14:55:00,9500,9508,9498,9507,665,277560,63327950.0,OI2501
2024-10-30 14:56:00,9507,9507,9501,9504,539,277460,51328970.0,OI2501
2024-10-30 14:57:00,9506,9507,9504,9505,413,277311,39329990.0,OI2501
2024-10-30 14:58:00,9506,9510,9504,9509,689,277139,62627530.0,OI2501
2024-10-30 14:59:00,9510,9515,9507,9514,1683,276303,160255260.0,OI2501
2024-10-30 21:00:00,9553,9564,9546,9550,6727,276210,642697580.0,OI2501
2024-10-30 21:01:00,9550,9568,9550,9563,4120,276069,393950210.0,OI2501
2024-10-30 21:02:00,9564,9565,9553,9553,2439,276146,233228090.0,OI2501
2024-10-30 21:03:00,9555,9555,9541,9543,3195,276086,305048480.0,OI2501
2024-10-30 21:04:00,9543,9550,9540,9542,2255,276532,215113080.0,OI2501
2024-10-30 21:05:00,9540,9544,9539,9541,1661,276977,158487970.0,OI2501
2024-10-30 21:06:00,9540,9541,9530,9532,1482,277018,141356670.0,OI2501
2024-10-30 21:07:00,9531,9537,9528,9532,2111,277658,201162920.0,OI2501
2024-10-30 21:08:00,9532,9539,9532,9538,748,277710,71434000.0,OI2501
2024-10-30 21:09:00,9538,9539,9527,9528,1058,277724,100781040.0,OI2501
2024-10-30 21:10:00,9528,9532,9527,9529,848,277756,80975520.0,OI2501
2024-10-30 21:11:00,9528,9535,9528,9532,1346,278330,128249640.0,OI2501
2024-10-30 21:12:00,9531,9532,9527,9531,504,278354,47836980.0,OI2501
2024-10-30 21:13:00,9531,9536,9530,9535,786,278643,75039420.0,OI2501
2024-10-30 21:14:00,9534,9536,9533,9535,423,278730,40383810.0,OI2501
2024-10-30 21:15:00,9534,9537,9528,9535,885,278867,84185070.0,OI2501
2024-10-30 21:16:00,9534,9536,9530,9533,315,278875,30069900.0,OI2501
2024-10-30 21:17:00,9532,9533,9520,9521,902,278882,86104920.0,OI2501
2024-10-30 21:18:00,9521,9524,9520,9520,621,279095,58956400.0,OI2501
2024-10-30 21:19:00,9519,9524,9518,9522,1112,279478,105805020.0,OI2501
2024-10-30 21:20:00,9523,9523,9517,9519,931,279518,88854640.0,OI2501
2024-10-30 21:21:00,9518,9519,9515,9516,567,279549,53764120.0,OI2501
2024-10-30 21:22:00,9517,9520,9514,9515,585,279573,55826550.0,OI2501
2024-10-30 21:23:00,9515,9520,9514,9520,443,279677,42275490.0,OI2501
2024-10-30 21:24:00,9520,9520,9504,9505,1526,279732,144874380.0,OI2501
2024-10-30 21:25:00,9507,9510,9503,9504,880,279723,83576100.0,OI2501
2024-10-30 21:26:00,9503,9505,9497,9498,1238,279830,117708120.0,OI2501
2024-10-30 21:27:00,9499,9499,9495,9496,956,279797,90786200.0,OI2501
2024-10-30 21:28:00,9494,9499,9494,9497,639,279856,60947820.0,OI2501
2024-10-30 21:29:00,9497,9497,9485,9487,1129,279905,106835380.0,OI2501
2024-10-30 21:30:00,9489,9489,9479,9480,1742,279891,165233640.0,OI2501
2024-10-30 21:31:00,9481,9484,9471,9472,1797,279957,170406560.0,OI2501
2024-10-30 21:32:00,9473,9476,9464,9476,3232,281003,306106120.0,OI2501
2024-10-30 21:33:00,9477,9478,9463,9463,2197,281430,207788160.0,OI2501
2024-10-30 21:34:00,9463,9470,9461,9470,1635,281652,155203400.0,OI2501
2024-10-30 21:35:00,9469,9469,9465,9468,1000,281562,94159300.0,OI2501
2024-10-30 21:36:00,9469,9476,9469,9473,1530,281277,145130950.0,OI2501
2024-10-30 21:37:00,9473,9477,9472,9476,864,281251,81697150.0,OI2501
2024-10-30 21:38:00,9476,9479,9475,9477,892,281372,84918400.0,OI2501
2024-10-30 21:39:00,9477,9478,9472,9475,832,281363,78624870.0,OI2501
2024-10-30 21:40:00,9474,9477,9471,9474,749,281395,71297310.0,OI2501
2024-10-30 21:41:00,9474,9484,9474,9483,1413,281270,133900320.0,OI2501
2024-10-30 21:42:00,9481,9484,9476,9477,681,281172,64207620.0,OI2501
2024-10-30 21:43:00,9476,9483,9475,9477,781,281177,74327770.0,OI2501
2024-10-30 21:44:00,9478,9482,9477,9479,1173,281062,111004910.0,OI2501
2024-10-30 21:45:00,9479,9480,9476,9480,288,281046,27406080.0,OI2501
2024-10-30 21:46:00,9479,9486,9476,9486,696,280870,66231360.0,OI2501
2024-10-30 21:47:00,9486,9492,9485,9490,1215,280625,114967910.0,OI2501
2024-10-30 21:48:00,9490,9504,9489,9502,2044,280225,193814670.0,OI2501
2024-10-30 21:49:00,9502,9506,9499,9505,1289,280200,122635460.0,OI2501
2024-10-30 21:50:00,9504,9507,9498,9498,1302,280365,123872280.0,OI2501
2024-10-30 21:51:00,9499,9507,9499,9506,1366,280249,129961240.0,OI2501
2024-10-30 21:52:00,9507,9510,9504,9505,2091,279223,198937740.0,OI2501
2024-10-30 21:53:00,9505,9508,9504,9505,812,279297,77253680.0,OI2501
2024-10-30 21:54:00,9506,9512,9504,9507,1260,279306,119123270.0,OI2501
2024-10-30 21:55:00,9507,9515,9506,9514,854,279282,81241020.0,OI2501
2024-10-30 21:56:00,9515,9515,9512,9513,1453,279002,138223890.0,OI2501
2024-10-30 21:57:00,9513,9514,9512,9513,547,278826,52036110.0,OI2501
2024-10-30 21:58:00,9514,9522,9514,9520,1702,278494,162709950.0,OI2501
2024-10-30 21:59:00,9520,9521,9517,9519,650,278461,61841000.0,OI2501
2024-10-30 22:00:00,9519,9520,9511,9515,959,278469,91239260.0,OI2501
2024-10-30 22:01:00,9515,9517,9509,9510,731,278475,69547340.0,OI2501
2024-10-30 22:02:00,9511,9513,9504,9504,763,278442,72591820.0,OI2501
2024-10-30 22:03:00,9504,9511,9504,9510,651,278455,61099910.0,OI2501
2024-10-30 22:04:00,9510,9515,9509,9514,507,278358,48230910.0,OI2501
2024-10-30 22:05:00,9513,9516,9511,9513,443,278317,42142590.0,OI2501
2024-10-30 22:06:00,9513,9516,9511,9515,442,278317,42047460.0,OI2501
2024-10-30 22:07:00,9516,9516,9512,9513,224,278329,21309120.0,OI2501
2024-10-30 22:08:00,9515,9518,9513,9516,382,278349,36339660.0,OI2501
2024-10-30 22:09:00,9517,9518,9507,9509,503,278324,47850390.0,OI2501
2024-10-30 22:10:00,9508,9511,9508,9511,344,278371,32724720.0,OI2501
2024-10-30 22:11:00,9510,9528,9510,9524,2178,277955,208079600.0,OI2501
2024-10-30 22:12:00,9525,9536,9525,9535,1669,277829,158788660.0,OI2501
2024-10-30 22:13:00,9536,9540,9531,9531,1077,277814,102465780.0,OI2501
2024-10-30 22:14:00,9531,9537,9531,9534,758,277694,72116120.0,OI2501
2024-10-30 22:15:00,9535,9538,9531,9536,1719,277592,164484350.0,OI2501
2024-10-30 22:16:00,9536,9540,9536,9538,1245,277395,118461750.0,OI2501
2024-10-30 22:17:00,9538,9538,9533,9535,591,277396,56233650.0,OI2501
2024-10-30 22:18:00,9536,9544,9535,9542,851,277446,80972650.0,OI2501
2024-10-30 22:19:00,9541,9545,9538,9545,739,277517,71288800.0,OI2501
2024-10-30 22:20:00,9544,9546,9537,9538,686,277588,65279760.0,OI2501
2024-10-30 22:21:00,9538,9538,9527,9528,1174,277489,111717840.0,OI2501
2024-10-30 22:22:00,9528,9532,9528,9531,796,277698,75747360.0,OI2501
2024-10-30 22:23:00,9531,9532,9526,9527,604,277724,57476640.0,OI2501
2024-10-30 22:24:00,9527,9527,9524,9527,542,277726,51576720.0,OI2501
2024-10-30 22:25:00,9526,9531,9526,9529,387,277729,36826920.0,OI2501
2024-10-30 22:26:00,9530,9534,9528,9530,376,277777,35780160.0,OI2501
2024-10-30 22:27:00,9530,9532,9525,9525,282,277806,26835120.0,OI2501
2024-10-30 22:28:00,9525,9527,9521,9521,715,277818,68039400.0,OI2501
2024-10-30 22:29:00,9521,9528,9521,9527,391,277831,37207560.0,OI2501
2024-10-30 22:30:00,9528,9528,9519,9520,586,277804,55763760.0,OI2501
2024-10-30 22:31:00,9519,9522,9513,9515,770,277863,74319240.0,OI2501
2024-10-30 22:32:00,9515,9516,9511,9511,805,277887,75557760.0,OI2501
2024-10-30 22:33:00,9512,9514,9507,9510,962,277795,91543920.0,OI2501
2024-10-30 22:34:00,9511,9516,9509,9514,548,277802,52147680.0,OI2501
2024-10-30 22:35:00,9513,9513,9505,9510,636,277701,60521760.0,OI2501
2024-10-30 22:36:00,9510,9511,9508,9508,377,277624,35875320.0,OI2501
2024-10-30 22:37:00,9508,9511,9506,9509,501,277607,47675160.0,OI2501
2024-10-30 22:38:00,9509,9510,9505,9505,418,277536,39776880.0,OI2501
2024-10-30 22:39:00,9505,9508,9502,9508,629,277549,59855640.0,OI2501
2024-10-30 22:40:00,9507,9509,9504,9506,394,277501,37493040.0,OI2501
2024-10-30 22:41:00,9507,9508,9501,9506,418,277474,39776880.0,OI2501
2024-10-30 22:42:00,9506,9516,9505,9513,961,277226,91448760.0,OI2501
2024-10-30 22:43:00,9513,9518,9510,9511,659,277117,62710440.0,OI2501
2024-10-30 22:44:00,9511,9511,9503,9507,584,277040,55573440.0,OI2501
2024-10-30 22:45:00,9507,9510,9505,9507,593,277003,56429880.0,OI2501
2024-10-30 22:46:00,9506,9510,9505,9509,283,276953,26930280.0,OI2501
2024-10-30 22:47:00,9510,9515,9507,9512,517,276834,49197720.0,OI2501
2024-10-30 22:48:00,9512,9515,9512,9513,344,276851,32735040.0,OI2501
2024-10-30 22:49:00,9513,9515,9509,9509,275,276811,26169000.0,OI2501
2024-10-30 22:50:00,9509,9512,9505,9507,407,276772,38730120.0,OI2501
2024-10-30 22:51:00,9507,9508,9498,9501,888,276756,84502080.0,OI2501
2024-10-30 22:52:00,9501,9503,9499,9500,468,276773,44534880.0,OI2501
2024-10-30 22:53:00,9501,9502,9497,9497,449,276715,42726840.0,OI2501
2024-10-30 22:54:00,9496,9497,9494,9494,672,276680,63947520.0,OI2501
2024-10-30 22:55:00,9494,9501,9493,9501,625,276554,58294830.0,OI2501
2024-10-30 22:56:00,9500,9501,9497,9497,325,276505,30923750.0,OI2501
2024-10-30 22:57:00,9498,9498,9495,9496,356,276449,33873400.0,OI2501
2024-10-30 22:58:00,9497,9497,9494,9496,386,276315,36727900.0,OI2501
2024-10-30 22:59:00,9496,9502,9494,9499,743,275999,70696450.0,OI2501
2024-10-31 09:00:00,9523,9528,9508,9519,4233,276268,402769950.0,OI2501
2024-10-31 09:01:00,9520,9520,9511,9511,1318,276225,125407700.0,OI2501
2024-10-31 09:02:00,9512,9516,9509,9514,470,276337,44720500.0,OI2501
2024-10-31 09:03:00,9514,9514,9504,9505,965,276381,91819750.0,OI2501
2024-10-31 09:04:00,9506,9509,9503,9504,1056,276637,100478400.0,OI2501
2024-10-31 09:05:00,9505,9518,9499,9512,2658,276793,252908700.0,OI2501
2024-10-31 09:06:00,9512,9518,9509,9516,981,276757,93342150.0,OI2501
2024-10-31 09:07:00,9516,9517,9507,9508,481,276736,45767150.0,OI2501
2024-10-31 09:08:00,9508,9509,9501,9501,635,276808,60420250.0,OI2501
2024-10-31 09:09:00,9502,9506,9500,9500,719,276798,68412850.0,OI2501
2024-10-31 09:10:00,9501,9503,9496,9499,748,276901,71172200.0,OI2501
2024-10-31 09:11:00,9500,9505,9497,9497,630,276996,59944500.0,OI2501
2024-10-31 09:12:00,9497,9500,9496,9499,509,277028,48431350.0,OI2501
2024-10-31 09:13:00,9499,9504,9498,9503,259,277012,24643850.0,OI2501
2024-10-31 09:14:00,9502,9505,9501,9502,268,277008,25500200.0,OI2501
2024-10-31 09:15:00,9502,9506,9499,9501,449,277087,42722350.0,OI2501
2024-10-31 09:16:00,9502,9513,9501,9512,746,277259,70981900.0,OI2501
2024-10-31 09:17:00,9512,9519,9512,9513,1385,277212,131782750.0,OI2501
2024-10-31 09:18:00,9513,9513,9509,9510,354,277281,33683100.0,OI2501
2024-10-31 09:19:00,9510,9513,9509,9509,180,277344,17127000.0,OI2501
2024-10-31 09:20:00,9510,9513,9507,9510,370,277256,33813090.0,OI2501
2024-10-31 09:21:00,9512,9512,9497,9504,738,277253,70213320.0,OI2501
2024-10-31 09:22:00,9503,9507,9503,9505,274,277292,26068360.0,OI2501
2024-10-31 09:23:00,9506,9516,9506,9516,577,277300,54895780.0,OI2501
2024-10-31 09:24:00,9516,9518,9509,9510,558,277280,53088120.0,OI2501
2024-10-31 09:25:00,9511,9513,9507,9510,288,277280,27400320.0,OI2501
2024-10-31 09:26:00,9509,9512,9504,9504,436,277315,41481040.0,OI2501
2024-10-31 09:27:00,9504,9507,9499,9499,588,277414,55942320.0,OI2501
2024-10-31 09:28:00,9499,9501,9487,9494,1285,277519,122254900.0,OI2501
2024-10-31 09:29:00,9493,9493,9478,9480,1873,277496,178197220.0,OI2501
2024-10-31 09:30:00,9480,9486,9476,9479,1446,277669,136099400.0,OI2501
2024-10-31 09:31:00,9479,9491,9479,9490,1042,277616,99125460.0,OI2501
2024-10-31 09:32:00,9490,9491,9486,9486,433,277680,41191290.0,OI2501
2024-10-31 09:33:00,9486,9490,9484,9490,1043,277975,99220590.0,OI2501
2024-10-31 09:34:00,9491,9498,9490,9497,701,277870,66686130.0,OI2501
2024-10-31 09:35:00,9499,9504,9496,9496,727,277802,69159510.0,OI2501
2024-10-31 09:36:00,9496,9496,9485,9488,659,277847,62690670.0,OI2501
2024-10-31 09:37:00,9486,9490,9483,9489,629,278106,59836770.0,OI2501
2024-10-31 09:38:00,9490,9496,9488,9496,727,278425,67626860.0,OI2501
2024-10-31 09:39:00,9496,9496,9483,9483,385,278500,36621200.0,OI2501
2024-10-31 09:40:00,9483,9490,9473,9473,1203,278601,114429360.0,OI2501
2024-10-31 09:41:00,9476,9480,9474,9478,688,278688,65442560.0,OI2501
2024-10-31 09:42:00,9479,9483,9476,9482,505,278780,48035600.0,OI2501
2024-10-31 09:43:00,9481,9488,9479,9480,587,278770,55835440.0,OI2501
2024-10-31 09:44:00,9480,9483,9477,9479,319,278767,30343280.0,OI2501
2024-10-31 09:45:00,9480,9483,9479,9481,349,278757,33196880.0,OI2501
2024-10-31 09:46:00,9481,9485,9478,9478,379,278847,36050480.0,OI2501
2024-10-31 09:47:00,9479,9479,9473,9476,760,278910,70706800.0,OI2501
2024-10-31 09:48:00,9476,9482,9474,9482,254,278922,24157940.0,OI2501
2024-10-31 09:49:00,9482,9483,9479,9483,446,278897,42419060.0,OI2501
2024-10-31 09:50:00,9482,9490,9481,9485,467,278813,44416370.0,OI2501
2024-10-31 09:51:00,9485,9486,9481,9484,312,278864,29674320.0,OI2501
2024-10-31 09:52:00,9483,9489,9481,9487,215,278839,20448650.0,OI2501
2024-10-31 09:53:00,9488,9491,9485,9486,296,278809,28152560.0,OI2501
2024-10-31 09:54:00,9486,9486,9478,9479,805,278875,76563550.0,OI2501
2024-10-31 09:55:00,9479,9487,9477,9486,327,278855,31100970.0,OI2501
2024-10-31 09:56:00,9485,9488,9481,9482,266,278854,25299260.0,OI2501
2024-10-31 09:57:00,9482,9484,9480,9481,153,278836,14551830.0,OI2501
2024-10-31 09:58:00,9482,9482,9479,9482,139,278865,13220290.0,OI2501
2024-10-31 09:59:00,9483,9486,9482,9485,229,278833,21780190.0,OI2501
2024-10-31 10:00:00,9485,9489,9480,9489,333,278827,31671630.0,OI2501
2024-10-31 10:01:00,9489,9493,9489,9492,556,278852,52881160.0,OI2501
2024-10-31 10:02:00,9493,9497,9487,9490,1784,278664,168026020.0,OI2501
2024-10-31 10:03:00,9491,9491,9482,9482,374,278723,35567400.0,OI2501
2024-10-31 10:04:00,9482,9483,9474,9474,956,278771,90915600.0,OI2501
2024-10-31 10:05:00,9473,9478,9466,9477,1520,278676,144552000.0,OI2501
2024-10-31 10:06:00,9478,9486,9476,9485,1313,278710,124866300.0,OI2501
2024-10-31 10:07:00,9484,9490,9480,9483,646,278627,61434600.0,OI2501
2024-10-31 10:08:00,9483,9485,9480,9485,181,278614,17213100.0,OI2501
2024-10-31 10:09:00,9485,9488,9484,9486,200,278570,17317880.0,OI2501
2024-10-31 10:10:00,9485,9489,9485,9487,180,278548,17116200.0,OI2501
2024-10-31 10:11:00,9487,9493,9486,9492,406,278491,38606540.0,OI2501
2024-10-31 10:12:00,9493,9493,9486,9491,222,278485,21109980.0,OI2501
2024-10-31 10:13:00,9491,9493,9485,9485,242,278450,23011780.0,OI2501
2024-10-31 10:14:00,9485,9494,9484,9491,403,278397,38321270.0,OI2501
2024-10-31 10:30:00,9492,9497,9490,9492,599,278302,56958910.0,OI2501
2024-10-31 10:31:00,9493,9501,9493,9501,615,278187,58480350.0,OI2501
2024-10-31 10:32:00,9500,9502,9495,9495,301,278115,28622090.0,OI2501
2024-10-31 10:33:00,9497,9500,9495,9495,277,278157,26339930.0,OI2501
2024-10-31 10:34:00,9495,9499,9493,9499,358,278198,34042220.0,OI2501
2024-10-31 10:35:00,9499,9509,9499,9507,1247,278129,118577230.0,OI2501
2024-10-31 10:36:00,9508,9512,9503,9503,816,278032,77593440.0,OI2501
2024-10-31 10:37:00,9503,9504,9501,9502,280,278062,26625200.0,OI2501
2024-10-31 10:38:00,9503,9503,9491,9492,688,278015,65421920.0,OI2501
2024-10-31 10:39:00,9492,9499,9490,9498,569,278086,54106210.0,OI2501
2024-10-31 10:40:00,9498,9498,9491,9497,268,278045,25484120.0,OI2501
2024-10-31 10:41:00,9497,9501,9496,9498,267,278050,25389030.0,OI2501
2024-10-31 10:42:00,9498,9498,9493,9497,204,278075,19398360.0,OI2501
2024-10-31 10:43:00,9496,9497,9485,9486,670,278013,63710300.0,OI2501
2024-10-31 10:44:00,9486,9487,9481,9484,536,278077,50968240.0,OI2501
2024-10-31 10:45:00,9484,9484,9477,9480,753,278051,71602770.0,OI2501
2024-10-31 10:46:00,9480,9480,9476,9479,472,278157,44882480.0,OI2501
2024-10-31 10:47:00,9479,9479,9473,9478,756,278283,70074630.0,OI2501
2024-10-31 10:48:00,9478,9483,9478,9478,571,278268,54290680.0,OI2501
2024-10-31 10:49:00,9477,9481,9475,9476,489,278358,46494120.0,OI2501
2024-10-31 10:50:00,9476,9481,9474,9481,477,278346,45353160.0,OI2501
2024-10-31 10:51:00,9480,9481,9477,9477,617,278277,58664360.0,OI2501
2024-10-31 10:52:00,9477,9477,9474,9475,342,278350,32517360.0,OI2501
2024-10-31 10:53:00,9474,9477,9474,9476,273,278370,25956840.0,OI2501
2024-10-31 10:54:00,9476,9479,9475,9478,243,278430,23104440.0,OI2501
2024-10-31 10:55:00,9477,9479,9475,9476,197,278455,18730760.0,OI2501
2024-10-31 10:56:00,9477,9478,9473,9473,230,278467,21868400.0,OI2501
2024-10-31 10:57:00,9473,9479,9473,9479,285,278492,27097800.0,OI2501
2024-10-31 10:58:00,9477,9483,9477,9483,320,278454,30425600.0,OI2501
2024-10-31 10:59:00,9483,9484,9479,9480,377,278438,35845160.0,OI2501
2024-10-31 11:00:00,9480,9482,9478,9480,251,278439,23865080.0,OI2501
2024-10-31 11:01:00,9481,9492,9481,9490,1564,278099,148705120.0,OI2501
2024-10-31 11:02:00,9489,9495,9487,9493,711,278022,65719000.0,OI2501
2024-10-31 11:03:00,9494,9497,9492,9495,526,278061,50006820.0,OI2501
2024-10-31 11:04:00,9495,9500,9493,9498,951,278068,90411570.0,OI2501
2024-10-31 11:05:00,9500,9504,9497,9503,694,278128,65978580.0,OI2501
2024-10-31 11:06:00,9502,9513,9502,9513,1525,278306,144981750.0,OI2501
2024-10-31 11:07:00,9512,9513,9506,9510,1042,278295,99062940.0,OI2501
2024-10-31 11:08:00,9510,9525,9510,9524,1568,278413,149069760.0,OI2501
2024-10-31 11:09:00,9525,9525,9516,9521,1017,278413,98642300.0,OI2501
2024-10-31 11:10:00,9521,9525,9521,9525,669,278484,63608520.0,OI2501
2024-10-31 11:11:00,9525,9527,9513,9517,1109,278583,105443720.0,OI2501
2024-10-31 11:12:00,9517,9518,9515,9516,431,278506,40979480.0,OI2501
2024-10-31 11:13:00,9517,9519,9517,9519,306,278466,29094480.0,OI2501
2024-10-31 11:14:00,9519,9521,9517,9518,359,278445,34133720.0,OI2501
2024-10-31 11:15:00,9519,9519,9516,9517,726,278459,69028080.0,OI2501
2024-10-31 11:16:00,9517,9520,9511,9511,640,278290,60851200.0,OI2501
2024-10-31 11:17:00,9510,9513,9508,9508,604,278163,57428320.0,OI2501
2024-10-31 11:18:00,9508,9514,9506,9508,641,278222,60946280.0,OI2501
2024-10-31 11:19:00,9509,9521,9508,9521,458,278140,43546640.0,OI2501
2024-10-31 11:20:00,9521,9522,9511,9513,588,278069,55907040.0,OI2501
2024-10-31 11:21:00,9515,9517,9513,9517,422,278079,40123760.0,OI2501
2024-10-31 11:22:00,9516,9518,9512,9512,1021,278644,97076680.0,OI2501
2024-10-31 11:23:00,9514,9514,9505,9507,493,278551,46874440.0,OI2501
2024-10-31 11:24:00,9507,9510,9506,9508,212,278586,20156960.0,OI2501
2024-10-31 11:25:00,9508,9508,9503,9504,455,278567,43261400.0,OI2501
2024-10-31 11:26:00,9505,9511,9501,9511,516,278473,49061280.0,OI2501
2024-10-31 11:27:00,9511,9512,9502,9504,420,278440,39933600.0,OI2501
2024-10-31 11:28:00,9503,9505,9500,9501,412,278386,39172960.0,OI2501
2024-10-31 11:29:00,9501,9503,9487,9487,971,278206,92322680.0,OI2501
2024-10-31 13:30:00,9488,9488,9482,9486,977,278026,92893160.0,OI2501
2024-10-31 13:31:00,9486,9488,9482,9485,538,278032,51153040.0,OI2501
2024-10-31 13:32:00,9486,9490,9485,9486,739,278088,70264120.0,OI2501
2024-10-31 13:33:00,9485,9487,9482,9487,464,278008,44117120.0,OI2501
2024-10-31 13:34:00,9487,9488,9482,9483,489,278098,44391410.0,OI2501
2024-10-31 13:35:00,9483,9486,9477,9477,740,278032,70351800.0,OI2501
2024-10-31 13:36:00,9478,9482,9475,9479,1190,278184,113133300.0,OI2501
2024-10-31 13:37:00,9477,9480,9475,9476,677,278268,64362390.0,OI2501
2024-10-31 13:38:00,9476,9476,9466,9466,1685,278599,160192950.0,OI2501
2024-10-31 13:39:00,9466,9470,9459,9464,2123,278759,199666750.0,OI2501
2024-10-31 13:40:00,9464,9475,9460,9471,1512,278901,143730720.0,OI2501
2024-10-31 13:41:00,9471,9476,9468,9475,850,278915,80801000.0,OI2501
2024-10-31 13:42:00,9477,9480,9475,9477,837,278718,79565220.0,OI2501
2024-10-31 13:43:00,9478,9478,9473,9477,465,278704,44202900.0,OI2501
2024-10-31 13:44:00,9476,9481,9476,9479,561,278663,53328660.0,OI2501
2024-10-31 13:45:00,9479,9482,9476,9481,512,278604,48670720.0,OI2501
2024-10-31 13:46:00,9481,9481,9476,9479,620,278697,58937200.0,OI2501
2024-10-31 13:47:00,9479,9480,9474,9475,345,278709,32795700.0,OI2501
2024-10-31 13:48:00,9475,9475,9466,9466,1176,278843,109554920.0,OI2501
2024-10-31 13:49:00,9466,9475,9465,9474,584,278876,55509200.0,OI2501
2024-10-31 13:50:00,9474,9476,9471,9473,339,278779,32221950.0,OI2501
2024-10-31 13:51:00,9473,9478,9473,9476,565,278678,53703250.0,OI2501
2024-10-31 13:52:00,9476,9477,9474,9476,206,278638,19580300.0,OI2501
2024-10-31 13:53:00,9475,9475,9472,9474,318,278616,30225900.0,OI2501
2024-10-31 13:54:00,9474,9478,9473,9478,225,278591,21386250.0,OI2501
2024-10-31 13:55:00,9477,9478,9472,9472,155,278607,14732750.0,OI2501
2024-10-31 13:56:00,9473,9473,9466,9472,921,278481,87541050.0,OI2501
2024-10-31 13:57:00,9472,9472,9467,9470,531,278357,50471550.0,OI2501
2024-10-31 13:58:00,9469,9469,9463,9465,791,278317,75184550.0,OI2501
2024-10-31 13:59:00,9465,9465,9462,9464,385,278351,36594250.0,OI2501
2024-10-31 14:00:00,9463,9474,9463,9472,725,278197,68911250.0,OI2501
2024-10-31 14:01:00,9473,9475,9469,9475,244,278155,20896670.0,OI2501
2024-10-31 14:02:00,9474,9476,9470,9471,415,278028,39441600.0,OI2501
2024-10-31 14:03:00,9470,9471,9466,9468,472,277993,44858880.0,OI2501
2024-10-31 14:04:00,9468,9472,9466,9470,227,277975,21574080.0,OI2501
2024-10-31 14:05:00,9471,9474,9470,9472,230,277934,21859200.0,OI2501
2024-10-31 14:06:00,9471,9474,9471,9472,227,277894,21574080.0,OI2501
2024-10-31 14:07:00,9472,9474,9470,9474,158,277893,15016320.0,OI2501
2024-10-31 14:08:00,9474,9482,9473,9482,741,277743,70424640.0,OI2501
2024-10-31 14:09:00,9482,9484,9480,9483,528,277598,50181120.0,OI2501
2024-10-31 14:10:00,9482,9487,9482,9485,504,277502,47900160.0,OI2501
2024-10-31 14:11:00,9484,9488,9483,9486,433,277462,41152320.0,OI2501
2024-10-31 14:12:00,9486,9492,9483,9483,944,277203,89717760.0,OI2501
2024-10-31 14:13:00,9480,9484,9477,9480,647,277162,61490880.0,OI2501
2024-10-31 14:14:00,9479,9482,9478,9479,185,277207,17582400.0,OI2501
2024-10-31 14:15:00,9479,9479,9475,9478,563,277175,53507520.0,OI2501
2024-10-31 14:16:00,9477,9479,9475,9477,273,277219,25945920.0,OI2501
2024-10-31 14:17:00,9478,9482,9473,9482,346,277199,32883840.0,OI2501
2024-10-31 14:18:00,9484,9485,9480,9484,291,277193,27656640.0,OI2501
2024-10-31 14:19:00,9483,9484,9479,9482,225,277225,21384000.0,OI2501
2024-10-31 14:20:00,9482,9489,9481,9482,361,277161,34309440.0,OI2501
2024-10-31 14:21:00,9483,9485,9482,9482,170,277198,16156800.0,OI2501
2024-10-31 14:22:00,9483,9486,9483,9484,129,277217,12260160.0,OI2501
2024-10-31 14:23:00,9484,9485,9480,9480,229,277218,21764160.0,OI2501
2024-10-31 14:24:00,9480,9482,9474,9475,389,277241,36970560.0,OI2501
2024-10-31 14:25:00,9474,9475,9472,9475,441,277201,41912640.0,OI2501
2024-10-31 14:26:00,9476,9478,9475,9476,163,277205,15491520.0,OI2501
2024-10-31 14:27:00,9476,9476,9473,9475,235,277218,19943610.0,OI2501
2024-10-31 14:28:00,9475,9477,9474,9475,216,277220,20526480.0,OI2501
2024-10-31 14:29:00,9475,9476,9469,9472,831,277033,78969930.0,OI2501
2024-10-31 14:30:00,9472,9472,9466,9467,463,277031,43998890.0,OI2501
2024-10-31 14:31:00,9467,9471,9465,9470,517,277003,49130510.0,OI2501
2024-10-31 14:32:00,9470,9475,9466,9474,486,276887,46184580.0,OI2501
2024-10-31 14:33:00,9473,9474,9470,9471,211,276858,20051330.0,OI2501
2024-10-31 14:34:00,9471,9471,9467,9468,312,276866,29649360.0,OI2501
2024-10-31 14:35:00,9467,9467,9460,9466,1101,277053,104628030.0,OI2501
2024-10-31 14:36:00,9466,9476,9463,9471,1059,276908,100636770.0,OI2501
2024-10-31 14:37:00,9470,9473,9468,9473,354,276878,33640620.0,OI2501
2024-10-31 14:38:00,9473,9473,9460,9461,628,276938,59678840.0,OI2501
2024-10-31 14:39:00,9460,9464,9458,9460,980,276934,90667030.0,OI2501
2024-10-31 14:40:00,9460,9463,9459,9459,510,276958,48460200.0,OI2501
2024-10-31 14:41:00,9459,9462,9458,9458,598,276953,56821960.0,OI2501
2024-10-31 14:42:00,9457,9463,9453,9463,1166,276963,110793320.0,OI2501
2024-10-31 14:43:00,9463,9471,9463,9469,1197,276848,113738940.0,OI2501
2024-10-31 14:44:00,9468,9469,9464,9466,307,276901,29171140.0,OI2501
2024-10-31 14:45:00,9466,9467,9460,9464,392,276912,37247840.0,OI2501
2024-10-31 14:46:00,9463,9467,9462,9465,400,276946,38008000.0,OI2501
2024-10-31 14:47:00,9465,9467,9462,9465,292,276959,27745840.0,OI2501
2024-10-31 14:48:00,9464,9465,9462,9463,243,277030,23089860.0,OI2501
2024-10-31 14:49:00,9462,9462,9458,9461,973,277116,89931310.0,OI2501
2024-10-31 14:50:00,9461,9461,9456,9459,669,277248,63561690.0,OI2501
2024-10-31 14:51:00,9460,9462,9459,9459,890,277486,84558900.0,OI2501
2024-10-31 14:52:00,9459,9463,9457,9462,689,277619,65461890.0,OI2501
2024-10-31 14:53:00,9463,9463,9459,9462,375,277585,35628750.0,OI2501
2024-10-31 14:54:00,9461,9464,9459,9461,1111,278070,105556110.0,OI2501
2024-10-31 14:55:00,9461,9464,9460,9464,666,278026,63276660.0,OI2501
2024-10-31 14:56:00,9464,9465,9461,9461,1121,277863,106506210.0,OI2501
2024-10-31 14:57:00,9462,9463,9460,9461,524,277692,49785240.0,OI2501
2024-10-31 14:58:00,9460,9463,9460,9463,646,277482,58786400.0,OI2501
2024-10-31 14:59:00,9462,9465,9462,9465,1191,277175,113145000.0,OI2501
2024-10-31 21:00:00,9510,9517,9491,9494,6486,277148,616299720.0,OI2501
2024-10-31 21:01:00,9495,9515,9495,9513,3465,277594,329443320.0,OI2501
2024-10-31 21:02:00,9514,9516,9510,9513,2181,277793,207524880.0,OI2501
2024-10-31 21:03:00,9513,9520,9509,9518,2793,277948,265801080.0,OI2501
2024-10-31 21:04:00,9519,9527,9516,9520,2837,278249,270097200.0,OI2501
2024-10-31 21:05:00,9521,9522,9514,9515,1235,278153,117638470.0,OI2501
2024-10-31 21:06:00,9516,9516,9510,9514,1173,278198,111564030.0,OI2501
2024-10-31 21:07:00,9514,9514,9505,9506,1133,278015,107759630.0,OI2501
2024-10-31 21:08:00,9505,9512,9505,9509,667,278043,63438370.0,OI2501
2024-10-31 21:09:00,9509,9512,9507,9509,640,278054,60870400.0,OI2501
2024-10-31 21:10:00,9509,9511,9505,9511,878,277970,83271700.0,OI2501
2024-10-31 21:11:00,9512,9512,9498,9498,1282,277784,121918200.0,OI2501
2024-10-31 21:12:00,9498,9504,9498,9503,698,277689,66379800.0,OI2501
2024-10-31 21:13:00,9502,9504,9499,9499,540,277666,51354000.0,OI2501
2024-10-31 21:14:00,9500,9503,9500,9500,456,277781,43100960.0,OI2501
2024-10-31 21:15:00,9502,9505,9501,9504,573,277863,54486570.0,OI2501
2024-10-31 21:16:00,9505,9506,9496,9497,858,277940,81587220.0,OI2501
2024-10-31 21:17:00,9497,9498,9488,9490,1400,277886,132833050.0,OI2501
2024-10-31 21:18:00,9491,9492,9486,9488,1189,278039,112745280.0,OI2501
2024-10-31 21:19:00,9488,9494,9488,9493,464,278021,44112480.0,OI2501
2024-10-31 21:20:00,9492,9493,9488,9489,403,278052,38313210.0,OI2501
2024-10-31 21:21:00,9488,9493,9487,9490,502,278047,47725140.0,OI2501
2024-10-31 21:22:00,9490,9493,9490,9492,316,277998,30042120.0,OI2501
2024-10-31 21:23:00,9491,9494,9484,9494,893,278037,84566890.0,OI2501
2024-10-31 21:24:00,9494,9497,9491,9497,660,278094,62739600.0,OI2501
2024-10-31 21:25:00,9497,9499,9491,9491,839,277997,79755340.0,OI2501
2024-10-31 21:26:00,9491,9495,9489,9493,367,277978,34887020.0,OI2501
2024-10-31 21:27:00,9493,9497,9493,9496,215,277958,20086470.0,OI2501
2024-10-31 21:28:00,9496,9497,9495,9497,201,278001,19105050.0,OI2501
2024-10-31 21:29:00,9497,9497,9494,9494,266,277940,25283300.0,OI2501
2024-10-31 21:30:00,9497,9499,9490,9491,601,277883,57125050.0,OI2501
2024-10-31 21:31:00,9491,9498,9489,9497,555,277981,52752750.0,OI2501
2024-10-31 21:32:00,9497,9497,9488,9489,443,277937,42107150.0,OI2501
2024-10-31 21:33:00,9489,9494,9485,9487,545,277910,51802250.0,OI2501
2024-10-31 21:34:00,9486,9490,9483,9487,1660,277892,157388860.0,OI2501
2024-10-31 21:35:00,9487,9487,9483,9486,457,277943,43433280.0,OI2501
2024-10-31 21:36:00,9488,9492,9484,9491,804,278179,76005410.0,OI2501
2024-10-31 21:37:00,9490,9491,9488,9490,233,278201,22141990.0,OI2501
2024-10-31 21:38:00,9489,9495,9488,9494,574,278229,54547220.0,OI2501
2024-10-31 21:39:00,9494,9502,9493,9498,1053,278241,100066590.0,OI2501
2024-10-31 21:40:00,9498,9500,9491,9493,568,278254,53977040.0,OI2501
2024-10-31 21:41:00,9493,9497,9493,9497,303,278320,28794090.0,OI2501
2024-10-31 21:42:00,9497,9500,9493,9493,464,278379,44093920.0,OI2501
2024-10-31 21:43:00,9493,9496,9488,9495,580,278301,55117400.0,OI2501
2024-10-31 21:44:00,9494,9498,9493,9494,251,278318,23852530.0,OI2501
2024-10-31 21:45:00,9495,9497,9491,9494,313,278276,29294250.0,OI2501
2024-10-31 21:46:00,9495,9501,9490,9490,749,278320,71169980.0,OI2501
2024-10-31 21:47:00,9491,9491,9484,9484,1072,278431,101861440.0,OI2501
2024-10-31 21:48:00,9484,9484,9477,9478,1393,278415,131880580.0,OI2501
2024-10-31 21:49:00,9479,9479,9474,9475,1621,278981,154011210.0,OI2501
2024-10-31 21:50:00,9474,9481,9474,9478,1213,279480,114736510.0,OI2501
2024-10-31 21:51:00,9478,9482,9478,9481,363,279473,34485000.0,OI2501
2024-10-31 21:52:00,9481,9483,9479,9479,445,279465,42275000.0,OI2501
2024-10-31 21:53:00,9479,9480,9478,9478,244,279497,23180000.0,OI2501
2024-10-31 21:54:00,9478,9484,9478,9483,289,279460,27455000.0,OI2501
2024-10-31 21:55:00,9482,9486,9480,9484,424,279424,39751730.0,OI2501
2024-10-31 21:56:00,9484,9490,9483,9488,778,279370,73902220.0,OI2501
2024-10-31 21:57:00,9488,9489,9485,9488,255,279433,24222450.0,OI2501
2024-10-31 21:58:00,9487,9488,9484,9484,209,279500,19852910.0,OI2501
2024-10-31 21:59:00,9485,9485,9481,9482,291,279484,27642090.0,OI2501
2024-10-31 22:00:00,9481,9484,9480,9482,380,279487,36096200.0,OI2501
2024-10-31 22:01:00,9483,9483,9477,9477,588,279471,55854120.0,OI2501
2024-10-31 22:02:00,9477,9486,9477,9484,516,279517,49014840.0,OI2501
2024-10-31 22:03:00,9484,9485,9480,9483,260,279527,24136360.0,OI2501
2024-10-31 22:04:00,9483,9484,9480,9482,259,279539,24599820.0,OI2501
2024-10-31 22:05:00,9482,9487,9482,9483,383,279502,36377340.0,OI2501
2024-10-31 22:06:00,9484,9487,9483,9483,312,279454,29633760.0,OI2501
2024-10-31 22:07:00,9483,9485,9479,9480,273,279465,25929540.0,OI2501
2024-10-31 22:08:00,9480,9481,9475,9477,540,279310,51289200.0,OI2501
2024-10-31 22:09:00,9477,9483,9476,9481,345,279315,32768100.0,OI2501
2024-10-31 22:10:00,9481,9487,9481,9487,513,279334,48724740.0,OI2501
2024-10-31 22:11:00,9488,9493,9486,9493,890,279385,84532200.0,OI2501
2024-10-31 22:12:00,9493,9495,9487,9487,620,279383,58887600.0,OI2501
2024-10-31 22:13:00,9486,9489,9485,9486,379,279376,35391240.0,OI2501
2024-10-31 22:14:00,9486,9491,9485,9491,351,279311,33334470.0,OI2501
2024-10-31 22:15:00,9491,9498,9490,9498,678,279337,64389660.0,OI2501
2024-10-31 22:16:00,9498,9506,9498,9501,1892,279390,180318630.0,OI2501
2024-10-31 22:17:00,9501,9508,9500,9506,977,279458,92795460.0,OI2501
2024-10-31 22:18:00,9507,9510,9504,9509,1257,279481,119389860.0,OI2501
2024-10-31 22:19:00,9508,9516,9508,9514,2106,279809,200027880.0,OI2501
2024-10-31 22:20:00,9515,9515,9509,9511,1041,279906,98874180.0,OI2501
2024-10-31 22:21:00,9511,9511,9501,9504,1259,279721,120281610.0,OI2501
2024-10-31 22:22:00,9504,9508,9504,9507,855,279634,81216450.0,OI2501
2024-10-31 22:23:00,9508,9508,9504,9504,381,279582,36191190.0,OI2501
2024-10-31 22:24:00,9504,9509,9504,9507,609,279797,57848910.0,OI2501
2024-10-31 22:25:00,9507,9510,9507,9507,340,279831,32296600.0,OI2501
2024-10-31 22:26:00,9507,9507,9500,9502,707,279746,67157930.0,OI2501
2024-10-31 22:27:00,9504,9508,9501,9503,369,279674,35051310.0,OI2501
2024-10-31 22:28:00,9503,9503,9496,9498,791,279565,75137090.0,OI2501
2024-10-31 22:29:00,9498,9504,9497,9500,404,279547,38375960.0,OI2501
2024-10-31 22:30:00,9501,9501,9497,9501,558,279667,53004420.0,OI2501
2024-10-31 22:31:00,9501,9506,9499,9505,408,279697,38755920.0,OI2501
2024-10-31 22:32:00,9505,9505,9501,9504,286,279661,27167140.0,OI2501
2024-10-31 22:33:00,9504,9507,9504,9505,303,279644,28781970.0,OI2501
2024-10-31 22:34:00,9505,9506,9498,9498,285,279630,27072150.0,OI2501
2024-10-31 22:35:00,9500,9504,9499,9500,237,279671,22512630.0,OI2501
2024-10-31 22:36:00,9500,9506,9500,9505,239,279710,22702610.0,OI2501
2024-10-31 22:37:00,9505,9506,9502,9505,220,279760,20897800.0,OI2501
2024-10-31 22:38:00,9504,9506,9500,9502,361,279754,34291390.0,OI2501
2024-10-31 22:39:00,9503,9520,9503,9518,2842,279669,270765320.0,OI2501
2024-10-31 22:40:00,9520,9532,9519,9529,3521,279389,335333950.0,OI2501
2024-10-31 22:41:00,9530,9540,9528,9539,2573,279767,245325410.0,OI2501
2024-10-31 22:42:00,9538,9540,9529,9531,1617,280036,153647340.0,OI2501
2024-10-31 22:43:00,9532,9535,9528,9529,1084,280021,103893370.0,OI2501
2024-10-31 22:44:00,9529,9535,9529,9530,682,280061,64810460.0,OI2501
2024-10-31 22:45:00,9530,9534,9530,9531,765,280244,72697950.0,OI2501
2024-10-31 22:46:00,9533,9533,9528,9530,650,280249,61769500.0,OI2501
2024-10-31 22:47:00,9531,9536,9530,9533,766,280295,73713300.0,OI2501
2024-10-31 22:48:00,9533,9534,9524,9530,1332,280179,126593280.0,OI2501
2024-10-31 22:49:00,9530,9530,9524,9525,473,280187,44953920.0,OI2501
2024-10-31 22:50:00,9525,9528,9524,9526,484,280241,45999360.0,OI2501
2024-10-31 22:51:00,9527,9527,9522,9524,375,280124,35640000.0,OI2501
2024-10-31 22:52:00,9524,9526,9523,9526,250,280141,23760000.0,OI2501
2024-10-31 22:53:00,9527,9532,9527,9532,459,280124,43623360.0,OI2501
2024-10-31 22:54:00,9532,9538,9532,9537,671,280025,64732600.0,OI2501
2024-10-31 22:55:00,9536,9538,9529,9530,526,279882,49996300.0,OI2501
2024-10-31 22:56:00,9530,9537,9530,9535,494,279695,46954700.0,OI2501
2024-10-31 22:57:00,9534,9538,9531,9537,351,279714,33362550.0,OI2501
2024-10-31 22:58:00,9537,9541,9537,9539,872,279662,82883600.0,OI2501
2024-10-31 22:59:00,9540,9544,9538,9544,1561,279222,149371850.0,OI2501
