datetime,open,high,low,close,volume,openInterest,amount,symbol
2025-09-01 09:00:00,9762,9824,9762,9809,9875,266890,968244580.0,OI2601
2025-09-01 09:01:00,9809,9817,9806,9809,4017,267003,394577740.0,OI2601
2025-09-01 09:02:00,9810,9827,9810,9821,3888,267264,380807120.0,OI2601
2025-09-01 09:03:00,9821,9839,9821,9837,4491,267690,442516200.0,OI2601
2025-09-01 09:04:00,9838,9846,9833,9845,5152,269123,505910780.0,OI2601
2025-09-01 09:05:00,9845,9845,9833,9835,2750,269402,271489500.0,OI2601
2025-09-01 09:06:00,9834,9835,9828,9831,2339,269065,229959160.0,OI2601
2025-09-01 09:07:00,9831,9838,9827,9829,2284,269107,224632440.0,OI2601
2025-09-01 09:08:00,9831,9832,9813,9816,2804,268829,275487320.0,OI2601
2025-09-01 09:09:00,9816,9818,9810,9816,2226,268772,217502460.0,OI2601
2025-09-01 09:10:00,9816,9820,9812,9815,1376,268711,136021500.0,OI2601
2025-09-01 09:11:00,9814,9819,9803,9808,2074,268426,202671280.0,OI2601
2025-09-01 09:12:00,9809,9809,9801,9807,1292,268393,126254240.0,OI2601
2025-09-01 09:13:00,9807,9814,9805,9813,937,268376,93179210.0,OI2601
2025-09-01 09:14:00,9813,9819,9811,9817,1217,268521,118937410.0,OI2601
2025-09-01 09:15:00,9817,9818,9804,9805,1431,268364,139851630.0,OI2601
2025-09-01 09:16:00,9805,9806,9794,9796,1883,268033,185686470.0,OI2601
2025-09-01 09:17:00,9797,9797,9793,9797,723,267992,70666020.0,OI2601
2025-09-01 09:18:00,9797,9797,9793,9795,672,268014,65681280.0,OI2601
2025-09-01 09:19:00,9795,9795,9786,9790,1284,268100,125498160.0,OI2601
2025-09-01 09:20:00,9791,9791,9781,9783,1560,268326,152474400.0,OI2601
2025-09-01 09:21:00,9782,9782,9777,9779,1310,268416,128039400.0,OI2601
2025-09-01 09:22:00,9779,9793,9779,9791,1576,268189,154038240.0,OI2601
2025-09-01 09:23:00,9791,9791,9785,9786,650,268332,63531000.0,OI2601
2025-09-01 09:24:00,9786,9786,9782,9784,494,268387,48283560.0,OI2601
2025-09-01 09:25:00,9784,9788,9783,9783,675,268472,65974500.0,OI2601
2025-09-01 09:26:00,9783,9783,9773,9777,1253,268627,122468220.0,OI2601
2025-09-01 09:27:00,9776,9778,9774,9777,581,268664,56786940.0,OI2601
2025-09-01 09:28:00,9776,9788,9775,9788,958,268705,93634920.0,OI2601
2025-09-01 09:29:00,9788,9792,9788,9790,732,268590,71545680.0,OI2601
2025-09-01 09:30:00,9789,9793,9787,9787,999,268635,99437810.0,OI2601
2025-09-01 09:31:00,9787,9792,9784,9791,716,268705,69989000.0,OI2601
2025-09-01 09:32:00,9791,9791,9785,9785,507,268758,49559250.0,OI2601
2025-09-01 09:33:00,9785,9787,9785,9785,320,268753,31280000.0,OI2601
2025-09-01 09:34:00,9786,9788,9784,9787,324,268776,31671000.0,OI2601
2025-09-01 09:35:00,9787,9787,9776,9784,1146,268717,112021500.0,OI2601
2025-09-01 09:36:00,9785,9785,9775,9781,831,268746,81230250.0,OI2601
2025-09-01 09:37:00,9781,9782,9779,9781,289,268695,28249750.0,OI2601
2025-09-01 09:38:00,9782,9784,9780,9781,292,268670,28543000.0,OI2601
2025-09-01 09:39:00,9782,9782,9780,9782,138,268675,13489500.0,OI2601
2025-09-01 09:40:00,9782,9783,9779,9783,203,268704,19843250.0,OI2601
2025-09-01 09:41:00,9783,9783,9778,9778,332,268653,32453000.0,OI2601
2025-09-01 09:42:00,9777,9778,9769,9770,1335,268459,130496250.0,OI2601
2025-09-01 09:43:00,9770,9775,9769,9775,308,268497,30107000.0,OI2601
2025-09-01 09:44:00,9774,9780,9773,9778,650,268484,63537500.0,OI2601
2025-09-01 09:45:00,9778,9778,9774,9776,319,268406,31182250.0,OI2601
2025-09-01 09:46:00,9776,9778,9774,9774,328,268317,32062000.0,OI2601
2025-09-01 09:47:00,9774,9776,9773,9774,213,268298,20820750.0,OI2601
2025-09-01 09:48:00,9774,9777,9772,9774,505,268285,49363750.0,OI2601
2025-09-01 09:49:00,9775,9778,9774,9776,428,268333,41837000.0,OI2601
2025-09-01 09:50:00,9775,9777,9770,9776,356,268373,34799000.0,OI2601
2025-09-01 09:51:00,9775,9776,9771,9772,443,268497,43303250.0,OI2601
2025-09-01 09:52:00,9772,9773,9765,9771,831,268426,81230250.0,OI2601
2025-09-01 09:53:00,9771,9771,9766,9771,366,268474,35776500.0,OI2601
2025-09-01 09:54:00,9771,9774,9770,9773,329,268470,32159750.0,OI2601
2025-09-01 09:55:00,9773,9778,9772,9778,414,268458,40468500.0,OI2601
2025-09-01 09:56:00,9777,9778,9771,9774,581,268352,56792750.0,OI2601
2025-09-01 09:57:00,9774,9777,9774,9777,237,268338,23166750.0,OI2601
2025-09-01 09:58:00,9776,9779,9772,9772,478,268236,46724500.0,OI2601
2025-09-01 09:59:00,9772,9773,9770,9772,347,268204,33919250.0,OI2601
2025-09-01 10:00:00,9772,9775,9771,9774,461,268116,45062750.0,OI2601
2025-09-01 10:01:00,9774,9786,9772,9783,1085,268045,106058750.0,OI2601
2025-09-01 10:02:00,9783,9786,9782,9782,601,268046,58747750.0,OI2601
2025-09-01 10:03:00,9783,9783,9778,9779,491,268157,47995250.0,OI2601
2025-09-01 10:04:00,9780,9788,9778,9787,689,268145,67349750.0,OI2601
2025-09-01 10:05:00,9787,9792,9786,9792,1139,268079,111337250.0,OI2601
2025-09-01 10:06:00,9792,9792,9788,9789,537,268105,52491750.0,OI2601
2025-09-01 10:07:00,9790,9798,9790,9796,849,267985,82989750.0,OI2601
2025-09-01 10:08:00,9796,9799,9791,9798,679,267999,66372250.0,OI2601
2025-09-01 10:09:00,9799,9803,9798,9802,828,267982,80937000.0,OI2601
2025-09-01 10:10:00,9802,9806,9798,9801,748,267824,73117000.0,OI2601
2025-09-01 10:11:00,9801,9809,9801,9808,689,267835,67349750.0,OI2601
2025-09-01 10:12:00,9809,9809,9794,9795,771,267797,75365250.0,OI2601
2025-09-01 10:13:00,9795,9795,9787,9788,705,267717,68913750.0,OI2601
2025-09-01 10:14:00,9787,9789,9783,9787,521,267668,52966890.0,OI2601
2025-09-01 10:30:00,9787,9789,9780,9780,845,267609,82607200.0,OI2601
2025-09-01 10:31:00,9780,9780,9776,9778,726,267705,70973760.0,OI2601
2025-09-01 10:32:00,9778,9783,9777,9781,545,267580,53279200.0,OI2601
2025-09-01 10:33:00,9781,9787,9781,9787,462,267498,45165120.0,OI2601
2025-09-01 10:34:00,9786,9788,9785,9785,265,267599,25906400.0,OI2601
2025-09-01 10:35:00,9785,9787,9783,9783,300,267703,29328000.0,OI2601
2025-09-01 10:36:00,9783,9784,9778,9783,479,267659,46827040.0,OI2601
2025-09-01 10:37:00,9782,9787,9781,9786,294,267677,28741440.0,OI2601
2025-09-01 10:38:00,9787,9789,9785,9789,459,267628,44871840.0,OI2601
2025-09-01 10:39:00,9789,9789,9782,9783,418,267570,40863680.0,OI2601
2025-09-01 10:40:00,9783,9787,9782,9785,266,267596,26004160.0,OI2601
2025-09-01 10:41:00,9785,9789,9777,9778,591,267507,57776160.0,OI2601
2025-09-01 10:42:00,9778,9781,9777,9781,230,267480,22484800.0,OI2601
2025-09-01 10:43:00,9781,9781,9778,9778,118,267490,11535680.0,OI2601
2025-09-01 10:44:00,9779,9783,9778,9781,412,267437,40277120.0,OI2601
2025-09-01 10:45:00,9781,9783,9776,9781,737,267448,72049120.0,OI2601
2025-09-01 10:46:00,9781,9782,9780,9780,136,267452,13295360.0,OI2601
2025-09-01 10:47:00,9780,9785,9779,9785,328,267433,32065280.0,OI2601
2025-09-01 10:48:00,9785,9786,9781,9781,291,267477,28448160.0,OI2601
2025-09-01 10:49:00,9781,9784,9781,9783,127,267458,12415520.0,OI2601
2025-09-01 10:50:00,9784,9784,9777,9782,500,267429,48880000.0,OI2601
2025-09-01 10:51:00,9782,9784,9780,9782,348,267413,34020480.0,OI2601
2025-09-01 10:52:00,9782,9790,9782,9789,389,267409,38028640.0,OI2601
2025-09-01 10:53:00,9788,9796,9788,9795,757,267413,74004320.0,OI2601
2025-09-01 10:54:00,9794,9796,9790,9793,763,267389,74590880.0,OI2601
2025-09-01 10:55:00,9793,9800,9793,9798,751,267437,73417760.0,OI2601
2025-09-01 10:56:00,9798,9798,9795,9797,307,267454,30012320.0,OI2601
2025-09-01 10:57:00,9797,9798,9789,9790,418,267293,40863680.0,OI2601
2025-09-01 10:58:00,9789,9792,9788,9789,317,267260,30989920.0,OI2601
2025-09-01 10:59:00,9790,9794,9790,9793,416,267301,40668160.0,OI2601
2025-09-01 11:00:00,9793,9793,9787,9787,334,267279,32651840.0,OI2601
2025-09-01 11:01:00,9788,9790,9787,9789,282,267259,27568320.0,OI2601
2025-09-01 11:02:00,9788,9790,9787,9790,299,267333,29230240.0,OI2601
2025-09-01 11:03:00,9790,9791,9786,9789,476,267328,46533760.0,OI2601
2025-09-01 11:04:00,9789,9794,9789,9794,193,267349,18867680.0,OI2601
2025-09-01 11:05:00,9794,9796,9790,9793,431,267414,42134560.0,OI2601
2025-09-01 11:06:00,9793,9795,9789,9795,399,267471,39006240.0,OI2601
2025-09-01 11:07:00,9795,9800,9794,9800,423,267399,41352480.0,OI2601
2025-09-01 11:08:00,9800,9806,9800,9801,880,267452,86028800.0,OI2601
2025-09-01 11:09:00,9800,9809,9797,9809,988,267676,98803020.0,OI2601
2025-09-01 11:10:00,9809,9812,9802,9805,1207,267543,118008390.0,OI2601
2025-09-01 11:11:00,9806,9812,9804,9812,610,267689,59639700.0,OI2601
2025-09-01 11:12:00,9812,9823,9809,9820,1830,267883,178919100.0,OI2601
2025-09-01 11:13:00,9820,9824,9820,9820,1244,267967,121625880.0,OI2601
2025-09-01 11:14:00,9821,9821,9813,9816,893,267935,89582590.0,OI2601
2025-09-01 11:15:00,9817,9820,9817,9817,615,267818,60134700.0,OI2601
2025-09-01 11:16:00,9817,9819,9816,9818,400,267750,39112000.0,OI2601
2025-09-01 11:17:00,9819,9823,9819,9819,958,267786,93673240.0,OI2601
2025-09-01 11:18:00,9819,9820,9814,9814,647,267823,63263660.0,OI2601
2025-09-01 11:19:00,9814,9814,9806,9808,842,267804,82330760.0,OI2601
2025-09-01 11:20:00,9808,9810,9804,9806,787,267862,76952860.0,OI2601
2025-09-01 11:21:00,9805,9808,9804,9808,416,267774,40676480.0,OI2601
2025-09-01 11:22:00,9808,9808,9801,9802,742,267793,72552760.0,OI2601
2025-09-01 11:23:00,9803,9807,9803,9805,454,267719,44392120.0,OI2601
2025-09-01 11:24:00,9805,9805,9801,9802,413,267605,40383140.0,OI2601
2025-09-01 11:25:00,9802,9802,9791,9791,1026,267429,102669260.0,OI2601
2025-09-01 11:26:00,9791,9797,9791,9794,654,267348,63954660.0,OI2601
2025-09-01 11:27:00,9792,9795,9789,9794,668,267246,65323720.0,OI2601
2025-09-01 11:28:00,9794,9799,9791,9796,422,267212,41267380.0,OI2601
2025-09-01 11:29:00,9796,9801,9794,9796,741,267141,72462390.0,OI2601
2025-09-01 13:30:00,9797,9804,9795,9803,735,267050,71875650.0,OI2601
2025-09-01 13:31:00,9802,9803,9798,9798,686,267063,67083940.0,OI2601
2025-09-01 13:32:00,9798,9798,9794,9795,406,266914,39702740.0,OI2601
2025-09-01 13:33:00,9794,9797,9791,9796,565,266913,55251350.0,OI2601
2025-09-01 13:34:00,9797,9801,9797,9800,469,267059,45863510.0,OI2601
2025-09-01 13:35:00,9799,9800,9794,9795,260,267077,25425400.0,OI2601
2025-09-01 13:36:00,9795,9795,9792,9793,360,267090,35204400.0,OI2601
2025-09-01 13:37:00,9794,9794,9790,9792,278,267034,27185620.0,OI2601
2025-09-01 13:38:00,9792,9795,9791,9793,197,267029,19264630.0,OI2601
2025-09-01 13:39:00,9793,9794,9790,9791,258,267071,25229820.0,OI2601
2025-09-01 13:40:00,9791,9792,9788,9788,496,267125,48503840.0,OI2601
2025-09-01 13:41:00,9789,9789,9785,9789,591,267138,57793890.0,OI2601
2025-09-01 13:42:00,9788,9791,9787,9791,620,267090,60629800.0,OI2601
2025-09-01 13:43:00,9790,9791,9787,9789,377,267193,36866830.0,OI2601
2025-09-01 13:44:00,9788,9790,9787,9790,535,267230,52317650.0,OI2601
2025-09-01 13:45:00,9790,9790,9788,9789,228,267135,22296120.0,OI2601
2025-09-01 13:46:00,9789,9791,9788,9791,234,267199,22882860.0,OI2601
2025-09-01 13:47:00,9790,9791,9786,9786,480,267142,46939200.0,OI2601
2025-09-01 13:48:00,9786,9792,9785,9791,312,267099,30510480.0,OI2601
2025-09-01 13:49:00,9790,9792,9790,9790,280,267084,27381200.0,OI2601
2025-09-01 13:50:00,9791,9792,9789,9790,346,266990,33835340.0,OI2601
2025-09-01 13:51:00,9789,9790,9785,9785,665,266849,65030350.0,OI2601
2025-09-01 13:52:00,9785,9785,9780,9781,873,266688,85370670.0,OI2601
2025-09-01 13:53:00,9783,9783,9781,9783,645,266673,63074550.0,OI2601
2025-09-01 13:54:00,9782,9785,9781,9784,412,266621,40289480.0,OI2601
2025-09-01 13:55:00,9783,9784,9782,9783,211,266567,20633690.0,OI2601
2025-09-01 13:56:00,9784,9784,9773,9775,1274,266814,124584460.0,OI2601
2025-09-01 13:57:00,9775,9777,9765,9765,1555,267020,152063450.0,OI2601
2025-09-01 13:58:00,9765,9771,9762,9771,1268,267111,123997720.0,OI2601
2025-09-01 13:59:00,9770,9771,9766,9768,719,267081,70311010.0,OI2601
2025-09-01 14:00:00,9768,9769,9765,9767,677,267093,66203830.0,OI2601
2025-09-01 14:01:00,9766,9766,9756,9764,1951,266916,190788290.0,OI2601
2025-09-01 14:02:00,9764,9765,9761,9765,851,266957,83219290.0,OI2601
2025-09-01 14:03:00,9765,9772,9765,9767,906,267042,88597740.0,OI2601
2025-09-01 14:04:00,9766,9770,9765,9769,700,267034,68453000.0,OI2601
2025-09-01 14:05:00,9769,9774,9768,9772,920,266815,89966800.0,OI2601
2025-09-01 14:06:00,9772,9778,9772,9777,847,266637,82828130.0,OI2601
2025-09-01 14:07:00,9777,9783,9776,9783,880,266345,86055200.0,OI2601
2025-09-01 14:08:00,9782,9784,9779,9779,498,266185,48699420.0,OI2601
2025-09-01 14:09:00,9779,9780,9778,9780,422,266084,41267380.0,OI2601
2025-09-01 14:10:00,9781,9784,9779,9784,450,266004,44005500.0,OI2601
2025-09-01 14:11:00,9783,9787,9782,9783,861,265688,84197190.0,OI2601
2025-09-01 14:12:00,9783,9787,9782,9787,525,265518,51339750.0,OI2601
2025-09-01 14:13:00,9787,9791,9786,9789,764,265412,74711560.0,OI2601
2025-09-01 14:14:00,9789,9789,9787,9788,354,265279,34617660.0,OI2601
2025-09-01 14:15:00,9789,9791,9787,9791,560,265218,54762400.0,OI2601
2025-09-01 14:16:00,9790,9795,9790,9794,641,265086,62683390.0,OI2601
2025-09-01 14:17:00,9794,9795,9790,9791,701,265052,68550790.0,OI2601
2025-09-01 14:18:00,9791,9791,9784,9787,579,264921,56620410.0,OI2601
2025-09-01 14:19:00,9788,9789,9787,9787,316,264899,30901640.0,OI2601
2025-09-01 14:20:00,9789,9791,9785,9791,651,264969,63661290.0,OI2601
2025-09-01 14:21:00,9792,9794,9785,9785,743,265114,72657970.0,OI2601
2025-09-01 14:22:00,9785,9793,9784,9792,457,265109,44690030.0,OI2601
2025-09-01 14:23:00,9792,9793,9788,9792,266,265059,26012140.0,OI2601
2025-09-01 14:24:00,9792,9800,9792,9796,859,265107,84001610.0,OI2601
2025-09-01 14:25:00,9796,9798,9793,9797,510,265204,49872900.0,OI2601
2025-09-01 14:26:00,9798,9798,9796,9797,361,265257,35302190.0,OI2601
2025-09-01 14:27:00,9797,9805,9796,9805,1175,265554,114903250.0,OI2601
2025-09-01 14:28:00,9805,9808,9801,9801,785,265496,76765150.0,OI2601
2025-09-01 14:29:00,9802,9803,9801,9802,282,265505,27576780.0,OI2601
2025-09-01 14:30:00,9803,9809,9802,9803,593,265568,57989470.0,OI2601
2025-09-01 14:31:00,9803,9805,9798,9799,539,265506,52708810.0,OI2601
2025-09-01 14:32:00,9800,9801,9797,9799,431,265546,42147490.0,OI2601
2025-09-01 14:33:00,9799,9801,9798,9798,233,265502,22785070.0,OI2601
2025-09-01 14:34:00,9798,9798,9795,9798,279,265477,30044260.0,OI2601
2025-09-01 14:35:00,9798,9803,9796,9802,552,265513,53985600.0,OI2601
2025-09-01 14:36:00,9801,9804,9797,9802,477,265468,46650600.0,OI2601
2025-09-01 14:37:00,9802,9802,9800,9801,166,265454,16234800.0,OI2601
2025-09-01 14:38:00,9801,9802,9799,9800,157,265438,15354600.0,OI2601
2025-09-01 14:39:00,9800,9801,9797,9798,200,265378,19560000.0,OI2601
2025-09-01 14:40:00,9797,9803,9797,9801,421,265335,41173800.0,OI2601
2025-09-01 14:41:00,9801,9801,9799,9800,158,265293,15452400.0,OI2601
2025-09-01 14:42:00,9801,9801,9797,9798,145,265265,14181000.0,OI2601
2025-09-01 14:43:00,9798,9799,9795,9795,264,265163,25819200.0,OI2601
2025-09-01 14:44:00,9795,9798,9795,9797,156,265122,15256800.0,OI2601
2025-09-01 14:45:00,9797,9799,9796,9799,172,265121,16821600.0,OI2601
2025-09-01 14:46:00,9799,9803,9797,9799,593,265049,57995400.0,OI2601
2025-09-01 14:47:00,9799,9802,9799,9801,357,264908,34914600.0,OI2601
2025-09-01 14:48:00,9800,9801,9797,9799,260,264900,25428000.0,OI2601
2025-09-01 14:49:00,9800,9801,9799,9800,212,264888,20733600.0,OI2601
2025-09-01 14:50:00,9801,9801,9796,9798,409,264840,40000200.0,OI2601
2025-09-01 14:51:00,9798,9798,9793,9795,610,264665,59658000.0,OI2601
2025-09-01 14:52:00,9794,9799,9792,9799,910,264498,88998000.0,OI2601
2025-09-01 14:53:00,9799,9800,9797,9798,251,264482,24547800.0,OI2601
2025-09-01 14:54:00,9798,9799,9796,9796,116,264458,11344800.0,OI2601
2025-09-01 14:55:00,9797,9798,9792,9793,396,264306,38728800.0,OI2601
2025-09-01 14:56:00,9793,9797,9793,9796,305,264184,29829000.0,OI2601
2025-09-01 14:57:00,9796,9798,9795,9795,333,264123,32567400.0,OI2601
2025-09-01 14:58:00,9795,9799,9795,9796,702,263814,68655600.0,OI2601
2025-09-01 14:59:00,9796,9801,9795,9801,629,263549,61516200.0,OI2601
2025-09-01 21:00:00,9804,9804,9787,9793,4243,263872,415559420.0,OI2601
2025-09-01 21:01:00,9794,9796,9789,9789,2390,263788,234076600.0,OI2601
2025-09-01 21:02:00,9789,9799,9789,9798,1363,263684,133492220.0,OI2601
2025-09-01 21:03:00,9798,9802,9796,9799,1210,263959,118507400.0,OI2601
2025-09-01 21:04:00,9800,9804,9798,9803,753,264038,73848410.0,OI2601
2025-09-01 21:05:00,9804,9815,9801,9813,2148,264451,210638740.0,OI2601
2025-09-01 21:06:00,9814,9814,9807,9813,1324,264663,129846590.0,OI2601
2025-09-01 21:07:00,9812,9815,9808,9810,1261,264729,123699700.0,OI2601
2025-09-01 21:08:00,9809,9812,9807,9807,1030,264959,101086920.0,OI2601
2025-09-01 21:09:00,9807,9811,9806,9807,701,265074,68698000.0,OI2601
2025-09-01 21:10:00,9808,9809,9800,9806,1864,265179,182854870.0,OI2601
2025-09-01 21:11:00,9807,9807,9803,9804,699,265271,68508990.0,OI2601
2025-09-01 21:12:00,9803,9804,9797,9799,1032,265291,101146320.0,OI2601
2025-09-01 21:13:00,9799,9809,9799,9809,1250,264894,122512500.0,OI2601
2025-09-01 21:14:00,9808,9810,9804,9806,1250,264780,122737680.0,OI2601
2025-09-01 21:15:00,9807,9807,9801,9805,1014,264559,99392280.0,OI2601
2025-09-01 21:16:00,9804,9804,9801,9803,890,264329,87237800.0,OI2601
2025-09-01 21:17:00,9803,9805,9801,9801,781,264163,76553620.0,OI2601
2025-09-01 21:18:00,9801,9804,9800,9802,1483,263641,145363660.0,OI2601
2025-09-01 21:19:00,9802,9805,9799,9804,944,263374,92530880.0,OI2601
2025-09-01 21:20:00,9804,9804,9799,9800,739,263010,72436780.0,OI2601
2025-09-01 21:21:00,9800,9800,9797,9798,756,262826,74103120.0,OI2601
2025-09-01 21:22:00,9797,9803,9797,9802,575,262978,56361500.0,OI2601
2025-09-01 21:23:00,9803,9804,9801,9803,337,263033,33032740.0,OI2601
2025-09-01 21:24:00,9804,9807,9799,9800,1011,262895,99098220.0,OI2601
2025-09-01 21:25:00,9801,9801,9793,9794,1202,262423,117497540.0,OI2601
2025-09-01 21:26:00,9794,9796,9792,9792,578,262433,56649780.0,OI2601
2025-09-01 21:27:00,9792,9796,9789,9796,964,262452,94481640.0,OI2601
2025-09-01 21:28:00,9795,9798,9795,9797,481,262361,47142810.0,OI2601
2025-09-01 21:29:00,9797,9802,9796,9801,370,262367,36263700.0,OI2601
2025-09-01 21:30:00,9801,9810,9801,9809,1519,262424,148877190.0,OI2601
2025-09-01 21:31:00,9809,9810,9805,9809,900,262396,88209000.0,OI2601
2025-09-01 21:32:00,9808,9811,9807,9809,837,262413,82413360.0,OI2601
2025-09-01 21:33:00,9809,9814,9809,9811,821,262379,80474420.0,OI2601
2025-09-01 21:34:00,9811,9813,9811,9813,450,262454,44109000.0,OI2601
2025-09-01 21:35:00,9813,9821,9813,9818,2046,262545,200961080.0,OI2601
2025-09-01 21:36:00,9818,9821,9815,9818,794,262615,77835820.0,OI2601
2025-09-01 21:37:00,9818,9824,9818,9824,1034,262784,101363020.0,OI2601
2025-09-01 21:38:00,9823,9826,9819,9825,1004,262860,98862600.0,OI2601
2025-09-01 21:39:00,9824,9831,9821,9830,1439,262728,141534430.0,OI2601
2025-09-01 21:40:00,9830,9832,9828,9829,1196,262865,117267800.0,OI2601
2025-09-01 21:41:00,9829,9833,9829,9830,845,262928,83327530.0,OI2601
2025-09-01 21:42:00,9830,9830,9824,9824,811,262924,79526660.0,OI2601
2025-09-01 21:43:00,9825,9827,9825,9825,422,263005,41381320.0,OI2601
2025-09-01 21:44:00,9826,9827,9825,9827,553,262961,54227180.0,OI2601
2025-09-01 21:45:00,9826,9829,9825,9827,481,262994,47664810.0,OI2601
2025-09-01 21:46:00,9828,9838,9826,9837,1336,262912,131021520.0,OI2601
2025-09-01 21:47:00,9837,9840,9835,9835,1448,263001,142531150.0,OI2601
2025-09-01 21:48:00,9835,9836,9831,9832,527,263035,51688160.0,OI2601
2025-09-01 21:49:00,9832,9834,9832,9832,335,263125,33391210.0,OI2601
2025-09-01 21:50:00,9832,9835,9831,9831,494,263121,48456460.0,OI2601
2025-09-01 21:51:00,9830,9831,9825,9827,910,263002,89261900.0,OI2601
2025-09-01 21:52:00,9827,9828,9825,9825,270,262987,26484300.0,OI2601
2025-09-01 21:53:00,9825,9828,9825,9827,259,262979,25405310.0,OI2601
2025-09-01 21:54:00,9828,9828,9825,9825,351,262945,34429590.0,OI2601
2025-09-01 21:55:00,9825,9825,9821,9821,589,263005,58338150.0,OI2601
2025-09-01 21:56:00,9821,9823,9816,9817,1283,262859,125862300.0,OI2601
2025-09-01 21:57:00,9816,9820,9816,9817,920,262898,90252000.0,OI2601
2025-09-01 21:58:00,9817,9822,9817,9821,491,262932,48167100.0,OI2601
2025-09-01 21:59:00,9820,9826,9820,9825,501,262991,49148100.0,OI2601
2025-09-01 22:00:00,9825,9825,9821,9824,439,263160,43065900.0,OI2601
2025-09-01 22:01:00,9824,9825,9820,9822,525,263195,51502500.0,OI2601
2025-09-01 22:02:00,9822,9823,9820,9820,292,263236,28645200.0,OI2601
2025-09-01 22:03:00,9819,9823,9817,9822,529,263236,51894900.0,OI2601
2025-09-01 22:04:00,9822,9826,9822,9824,543,263412,53886670.0,OI2601
2025-09-01 22:05:00,9824,9826,9820,9823,429,263557,42089190.0,OI2601
2025-09-01 22:06:00,9823,9823,9817,9819,398,263567,39047780.0,OI2601
2025-09-01 22:07:00,9819,9820,9818,9819,133,263552,13048630.0,OI2601
2025-09-01 22:08:00,9819,9820,9817,9819,305,263552,29923550.0,OI2601
2025-09-01 22:09:00,9819,9823,9819,9820,239,263516,23448290.0,OI2601
2025-09-01 22:10:00,9820,9821,9817,9820,335,263585,32866850.0,OI2601
2025-09-01 22:11:00,9820,9820,9814,9817,523,263569,51311530.0,OI2601
2025-09-01 22:12:00,9818,9819,9814,9818,322,263511,31591420.0,OI2601
2025-09-01 22:13:00,9819,9822,9819,9821,519,263513,50919090.0,OI2601
2025-09-01 22:14:00,9821,9821,9819,9820,168,263517,16482480.0,OI2601
2025-09-01 22:15:00,9820,9820,9818,9819,148,263478,14520280.0,OI2601
2025-09-01 22:16:00,9819,9819,9815,9816,390,263373,38262900.0,OI2601
2025-09-01 22:17:00,9817,9818,9814,9816,344,263322,33749840.0,OI2601
2025-09-01 22:18:00,9816,9821,9816,9819,791,263186,77605010.0,OI2601
2025-09-01 22:19:00,9820,9822,9816,9818,434,263181,42579740.0,OI2601
2025-09-01 22:20:00,9818,9819,9817,9817,241,263127,23644510.0,OI2601
2025-09-01 22:21:00,9817,9820,9815,9819,373,263120,36595030.0,OI2601
2025-09-01 22:22:00,9820,9823,9819,9823,483,263085,47387130.0,OI2601
2025-09-01 22:23:00,9823,9825,9822,9822,379,263046,37183690.0,OI2601
2025-09-01 22:24:00,9822,9825,9821,9824,517,262977,50722870.0,OI2601
2025-09-01 22:25:00,9823,9836,9823,9836,1665,263394,164062880.0,OI2601
2025-09-01 22:26:00,9835,9845,9835,9838,2586,263681,254473910.0,OI2601
2025-09-01 22:27:00,9838,9845,9838,9845,1064,263831,104410320.0,OI2601
2025-09-01 22:28:00,9844,9851,9842,9843,3595,263197,354341710.0,OI2601
2025-09-01 22:29:00,9842,9847,9838,9847,1394,263271,136821100.0,OI2601
2025-09-01 22:30:00,9847,9850,9845,9845,1197,263586,118293640.0,OI2601
2025-09-01 22:31:00,9846,9848,9843,9845,830,263745,81472800.0,OI2601
2025-09-01 22:32:00,9847,9850,9845,9845,690,263859,68553690.0,OI2601
2025-09-01 22:33:00,9845,9845,9840,9841,633,263708,62141610.0,OI2601
2025-09-01 22:34:00,9840,9842,9838,9840,727,263516,71369590.0,OI2601
2025-09-01 22:35:00,9840,9842,9840,9840,656,263427,64399520.0,OI2601
2025-09-01 22:36:00,9840,9842,9837,9837,391,263307,38384470.0,OI2601
2025-09-01 22:37:00,9837,9837,9834,9836,666,263120,65381220.0,OI2601
2025-09-01 22:38:00,9836,9836,9832,9833,354,263066,34752180.0,OI2601
2025-09-01 22:39:00,9832,9837,9831,9837,524,263060,52303880.0,OI2601
2025-09-01 22:40:00,9837,9837,9834,9836,194,263102,19046920.0,OI2601
2025-09-01 22:41:00,9836,9840,9834,9839,433,263164,42511940.0,OI2601
2025-09-01 22:42:00,9840,9840,9836,9839,253,263183,24839540.0,OI2601
2025-09-01 22:43:00,9839,9840,9837,9838,292,263136,28668560.0,OI2601
2025-09-01 22:44:00,9839,9840,9834,9835,429,263268,42119220.0,OI2601
2025-09-01 22:45:00,9836,9836,9833,9834,299,263283,29355820.0,OI2601
2025-09-01 22:46:00,9834,9835,9832,9834,237,263328,23268660.0,OI2601
2025-09-01 22:47:00,9835,9840,9835,9837,451,263234,44279180.0,OI2601
2025-09-01 22:48:00,9837,9840,9836,9837,301,263213,29552180.0,OI2601
2025-09-01 22:49:00,9837,9842,9836,9841,304,263168,29846720.0,OI2601
2025-09-01 22:50:00,9840,9842,9840,9841,234,263228,22974120.0,OI2601
2025-09-01 22:51:00,9841,9841,9838,9840,184,263258,18065120.0,OI2601
2025-09-01 22:52:00,9840,9841,9839,9840,166,263242,16297880.0,OI2601
2025-09-01 22:53:00,9840,9841,9839,9840,171,263189,16788780.0,OI2601
2025-09-01 22:54:00,9841,9841,9839,9840,166,263146,16297880.0,OI2601
2025-09-01 22:55:00,9839,9840,9838,9839,287,263014,29084470.0,OI2601
2025-09-01 22:56:00,9839,9841,9837,9838,343,262871,33679170.0,OI2601
2025-09-01 22:57:00,9837,9840,9837,9838,317,262733,31126230.0,OI2601
2025-09-01 22:58:00,9838,9840,9837,9839,335,262612,32893650.0,OI2601
2025-09-01 22:59:00,9839,9841,9836,9841,730,262361,71678700.0,OI2601
2025-09-02 09:00:00,9842,9850,9839,9849,2862,262911,281972460.0,OI2601
2025-09-02 09:01:00,9848,9849,9839,9840,1522,262908,149460400.0,OI2601
2025-09-02 09:02:00,9838,9838,9817,9818,2237,262723,219673400.0,OI2601
2025-09-02 09:03:00,9817,9819,9807,9809,2344,262510,230180800.0,OI2601
2025-09-02 09:04:00,9810,9815,9807,9812,1573,262619,154468600.0,OI2601
2025-09-02 09:05:00,9812,9812,9801,9804,1812,262524,177938400.0,OI2601
2025-09-02 09:06:00,9802,9802,9791,9798,3190,262385,312178540.0,OI2601
2025-09-02 09:07:00,9798,9799,9789,9797,1784,262233,175170960.0,OI2601
2025-09-02 09:08:00,9796,9808,9796,9807,1713,262423,167085040.0,OI2601
2025-09-02 09:09:00,9808,9808,9803,9806,693,262351,68038740.0,OI2601
2025-09-02 09:10:00,9806,9811,9804,9810,1422,262280,139611960.0,OI2601
2025-09-02 09:11:00,9810,9814,9807,9809,838,262238,82274840.0,OI2601
2025-09-02 09:12:00,9810,9810,9803,9806,616,262183,60478880.0,OI2601
2025-09-02 09:13:00,9806,9809,9804,9808,389,262099,38192020.0,OI2601
2025-09-02 09:14:00,9808,9808,9805,9805,324,262046,31810320.0,OI2601
2025-09-02 09:15:00,9805,9808,9801,9802,840,261964,82471200.0,OI2601
2025-09-02 09:16:00,9803,9807,9797,9798,1249,261988,122626820.0,OI2601
2025-09-02 09:17:00,9797,9803,9797,9803,728,262066,71475040.0,OI2601
2025-09-02 09:18:00,9803,9804,9800,9802,264,262052,25919520.0,OI2601
2025-09-02 09:19:00,9802,9802,9798,9798,290,262054,28472200.0,OI2601
2025-09-02 09:20:00,9799,9799,9794,9796,710,261958,68509740.0,OI2601
2025-09-02 09:21:00,9797,9797,9787,9788,1390,261913,136456300.0,OI2601
2025-09-02 09:22:00,9788,9793,9785,9792,1403,261995,137732510.0,OI2601
2025-09-02 09:23:00,9791,9794,9791,9793,436,261940,42802120.0,OI2601
2025-09-02 09:24:00,9792,9797,9792,9796,550,261933,53993500.0,OI2601
2025-09-02 09:25:00,9796,9796,9791,9791,485,261975,46371750.0,OI2601
2025-09-02 09:26:00,9792,9792,9786,9788,702,262009,68908320.0,OI2601
2025-09-02 09:27:00,9788,9793,9788,9791,475,262012,46626000.0,OI2601
2025-09-02 09:28:00,9792,9792,9788,9789,470,262043,46135200.0,OI2601
2025-09-02 09:29:00,9789,9789,9782,9782,767,261957,75288720.0,OI2601
2025-09-02 09:30:00,9783,9784,9780,9784,1784,261922,173834760.0,OI2601
2025-09-02 09:31:00,9783,9787,9782,9785,749,262065,73514350.0,OI2601
2025-09-02 09:32:00,9784,9784,9777,9782,1418,262058,139176700.0,OI2601
2025-09-02 09:33:00,9783,9784,9779,9781,619,262109,60754850.0,OI2601
2025-09-02 09:34:00,9781,9788,9780,9788,738,262176,72434700.0,OI2601
2025-09-02 09:35:00,9788,9789,9784,9786,736,262178,70913120.0,OI2601
2025-09-02 09:36:00,9786,9786,9778,9779,796,262253,78119440.0,OI2601
2025-09-02 09:37:00,9778,9786,9777,9783,837,262384,82143180.0,OI2601
2025-09-02 09:38:00,9783,9784,9779,9781,420,262447,41218800.0,OI2601
2025-09-02 09:39:00,9780,9780,9774,9777,1084,262369,106383760.0,OI2601
2025-09-02 09:40:00,9777,9777,9772,9775,637,262507,61152160.0,OI2601
2025-09-02 09:41:00,9775,9775,9765,9765,2013,263137,197535690.0,OI2601
2025-09-02 09:42:00,9766,9773,9765,9771,923,263139,89181610.0,OI2601
2025-09-02 09:43:00,9771,9771,9767,9769,556,263274,54554720.0,OI2601
2025-09-02 09:44:00,9769,9770,9767,9769,537,263376,52690440.0,OI2601
2025-09-02 09:45:00,9768,9779,9768,9778,1749,263453,171611880.0,OI2601
2025-09-02 09:46:00,9777,9779,9775,9776,628,263419,61619360.0,OI2601
2025-09-02 09:47:00,9776,9780,9775,9779,564,263417,53906960.0,OI2601
2025-09-02 09:48:00,9779,9782,9772,9773,953,263236,93498830.0,OI2601
2025-09-02 09:49:00,9773,9777,9772,9775,655,263241,64262050.0,OI2601
2025-09-02 09:50:00,9775,9777,9769,9769,991,263220,97227010.0,OI2601
2025-09-02 09:51:00,9769,9771,9765,9771,778,263206,76329580.0,OI2601
2025-09-02 09:52:00,9771,9772,9768,9770,419,263290,39637410.0,OI2601
2025-09-02 09:53:00,9769,9770,9765,9766,548,263359,53758800.0,OI2601
2025-09-02 09:54:00,9766,9772,9761,9762,1295,263574,127039500.0,OI2601
2025-09-02 09:55:00,9762,9763,9747,9750,3075,263923,300137640.0,OI2601
2025-09-02 09:56:00,9751,9751,9739,9739,3912,264479,380610120.0,OI2601
2025-09-02 09:57:00,9740,9741,9732,9732,3112,264605,303603740.0,OI2601
2025-09-02 09:58:00,9730,9730,9717,9725,4792,264941,464989460.0,OI2601
2025-09-02 09:59:00,9724,9732,9724,9731,2924,264811,284972460.0,OI2601
2025-09-02 10:00:00,9731,9731,9716,9721,3662,264987,355541480.0,OI2601
2025-09-02 10:01:00,9722,9727,9721,9727,1441,265029,141218000.0,OI2601
2025-09-02 10:02:00,9727,9729,9718,9719,2032,265711,197397390.0,OI2601
2025-09-02 10:03:00,9720,9732,9719,9729,1833,265534,177858730.0,OI2601
2025-09-02 10:04:00,9729,9729,9720,9720,1960,265309,190264260.0,OI2601
2025-09-02 10:05:00,9719,9724,9715,9717,3276,265508,319140420.0,OI2601
2025-09-02 10:06:00,9717,9727,9716,9726,1764,265109,170974500.0,OI2601
2025-09-02 10:07:00,9726,9727,9717,9720,2382,265696,231466140.0,OI2601
2025-09-02 10:08:00,9720,9722,9717,9720,1225,265825,119976500.0,OI2601
2025-09-02 10:09:00,9720,9721,9715,9716,1167,265776,112421300.0,OI2601
2025-09-02 10:10:00,9716,9717,9696,9696,5579,266037,542490530.0,OI2601
2025-09-02 10:11:00,9697,9697,9684,9690,4026,266414,390244200.0,OI2601
2025-09-02 10:12:00,9690,9696,9688,9696,1967,266542,190559230.0,OI2601
2025-09-02 10:13:00,9696,9701,9693,9700,1628,266651,157341960.0,OI2601
2025-09-02 10:14:00,9701,9701,9695,9696,1741,266371,168367580.0,OI2601
2025-09-02 10:30:00,9697,9703,9695,9701,4315,267158,418131420.0,OI2601
2025-09-02 10:31:00,9701,9708,9700,9707,2135,266925,206799810.0,OI2601
2025-09-02 10:32:00,9708,9722,9708,9721,2561,266759,250542630.0,OI2601
2025-09-02 10:33:00,9722,9725,9717,9717,1657,266582,159973540.0,OI2601
2025-09-02 10:34:00,9717,9722,9717,9721,1008,266623,98602560.0,OI2601
2025-09-02 10:35:00,9721,9724,9717,9719,1534,266398,147899690.0,OI2601
2025-09-02 10:36:00,9720,9725,9716,9723,883,266154,86366230.0,OI2601
2025-09-02 10:37:00,9724,9729,9723,9728,1729,265901,169113490.0,OI2601
2025-09-02 10:38:00,9728,9733,9726,9726,1381,265671,132879490.0,OI2601
2025-09-02 10:39:00,9726,9738,9726,9738,1990,265489,194622000.0,OI2601
2025-09-02 10:40:00,9739,9747,9738,9746,2394,265293,234133200.0,OI2601
2025-09-02 10:41:00,9746,9751,9746,9748,1936,265050,187081480.0,OI2601
2025-09-02 10:42:00,9747,9747,9736,9736,1534,264773,150009860.0,OI2601
2025-09-02 10:43:00,9735,9739,9733,9736,1305,264489,127615950.0,OI2601
2025-09-02 10:44:00,9736,9745,9736,9742,1222,264299,119499380.0,OI2601
2025-09-02 10:45:00,9743,9743,9736,9740,891,264274,87130890.0,OI2601
2025-09-02 10:46:00,9740,9750,9740,9750,1368,264159,131454200.0,OI2601
2025-09-02 10:47:00,9750,9760,9750,9755,1666,263973,162901480.0,OI2601
2025-09-02 10:48:00,9755,9763,9754,9760,1723,263657,168474940.0,OI2601
2025-09-02 10:49:00,9761,9762,9756,9760,1056,263577,103255680.0,OI2601
2025-09-02 10:50:00,9760,9773,9760,9773,2979,263463,291286620.0,OI2601
2025-09-02 10:51:00,9772,9776,9766,9768,2590,263111,253250200.0,OI2601
2025-09-02 10:52:00,9767,9770,9764,9766,950,263050,92891000.0,OI2601
2025-09-02 10:53:00,9765,9768,9765,9767,561,262960,54854580.0,OI2601
2025-09-02 10:54:00,9768,9770,9759,9759,1256,262683,122811680.0,OI2601
2025-09-02 10:55:00,9760,9764,9760,9761,924,262609,90348720.0,OI2601
2025-09-02 10:56:00,9762,9765,9761,9765,507,262496,49574460.0,OI2601
2025-09-02 10:57:00,9764,9767,9763,9764,705,262480,66463210.0,OI2601
2025-09-02 10:58:00,9764,9769,9761,9769,860,262471,84082200.0,OI2601
2025-09-02 10:59:00,9768,9771,9764,9769,1028,262465,100507560.0,OI2601
2025-09-02 11:00:00,9768,9773,9767,9768,1419,262351,138735630.0,OI2601
2025-09-02 11:01:00,9768,9773,9768,9773,762,262346,74500740.0,OI2601
2025-09-02 11:02:00,9772,9775,9771,9773,1041,262502,101778570.0,OI2601
2025-09-02 11:03:00,9774,9790,9773,9790,3200,262274,312864000.0,OI2601
2025-09-02 11:04:00,9790,9792,9782,9785,1836,262113,179505720.0,OI2601
2025-09-02 11:05:00,9784,9785,9778,9778,1178,262014,115173060.0,OI2601
2025-09-02 11:06:00,9778,9783,9773,9774,1721,262035,168262170.0,OI2601
2025-09-02 11:07:00,9775,9777,9765,9765,1770,262038,173052900.0,OI2601
2025-09-02 11:08:00,9765,9772,9765,9770,656,261984,64137120.0,OI2601
2025-09-02 11:09:00,9768,9774,9767,9769,589,261941,57586530.0,OI2601
2025-09-02 11:10:00,9770,9772,9767,9767,484,261891,47320680.0,OI2601
2025-09-02 11:11:00,9768,9772,9768,9770,325,261876,31775250.0,OI2601
2025-09-02 11:12:00,9770,9771,9766,9767,468,261867,45756360.0,OI2601
2025-09-02 11:13:00,9766,9768,9765,9767,360,261821,35197200.0,OI2601
2025-09-02 11:14:00,9767,9768,9765,9766,211,261813,20629470.0,OI2601
2025-09-02 11:15:00,9766,9768,9762,9766,545,261684,53284650.0,OI2601
2025-09-02 11:16:00,9767,9770,9767,9768,523,261699,51133710.0,OI2601
2025-09-02 11:17:00,9767,9771,9766,9769,629,261706,61497330.0,OI2601
2025-09-02 11:18:00,9769,9770,9767,9769,291,261650,28451070.0,OI2601
2025-09-02 11:19:00,9769,9769,9763,9768,770,261522,75282900.0,OI2601
2025-09-02 11:20:00,9768,9771,9766,9768,416,261520,40672320.0,OI2601
2025-09-02 11:21:00,9768,9770,9766,9767,228,261563,22291560.0,OI2601
2025-09-02 11:22:00,9767,9770,9765,9769,277,261487,27082290.0,OI2601
2025-09-02 11:23:00,9769,9774,9768,9773,340,261485,33241800.0,OI2601
2025-09-02 11:24:00,9772,9773,9769,9770,262,261498,25615740.0,OI2601
2025-09-02 11:25:00,9770,9777,9769,9775,437,261429,42725490.0,OI2601
2025-09-02 11:26:00,9774,9774,9769,9769,495,261463,48396150.0,OI2601
2025-09-02 11:27:00,9770,9772,9767,9767,261,261430,25517970.0,OI2601
2025-09-02 11:28:00,9767,9770,9766,9769,295,261367,28842150.0,OI2601
2025-09-02 11:29:00,9769,9777,9767,9773,424,261270,41454480.0,OI2601
2025-09-02 13:30:00,9769,9769,9755,9761,1873,261125,183123210.0,OI2601
2025-09-02 13:31:00,9761,9765,9759,9759,982,261021,96010140.0,OI2601
2025-09-02 13:32:00,9760,9763,9760,9762,345,261030,33730650.0,OI2601
2025-09-02 13:33:00,9762,9763,9759,9762,374,261121,36565980.0,OI2601
2025-09-02 13:34:00,9763,9763,9759,9759,338,261101,33046260.0,OI2601
2025-09-02 13:35:00,9759,9761,9756,9756,635,261063,62083950.0,OI2601
2025-09-02 13:36:00,9757,9760,9757,9759,549,261119,53675730.0,OI2601
2025-09-02 13:37:00,9759,9759,9753,9754,931,260932,91023870.0,OI2601
2025-09-02 13:38:00,9754,9755,9750,9752,867,261063,84766590.0,OI2601
2025-09-02 13:39:00,9752,9755,9751,9755,701,261010,68536770.0,OI2601
2025-09-02 13:40:00,9754,9755,9750,9750,354,260976,34610580.0,OI2601
2025-09-02 13:41:00,9751,9751,9747,9748,888,261038,86819760.0,OI2601
2025-09-02 13:42:00,9747,9752,9747,9751,364,261077,32783570.0,OI2601
2025-09-02 13:43:00,9751,9754,9751,9754,385,261062,37637600.0,OI2601
2025-09-02 13:44:00,9753,9754,9752,9753,210,261059,20529600.0,OI2601
2025-09-02 13:45:00,9754,9765,9753,9763,891,260939,87104160.0,OI2601
2025-09-02 13:46:00,9762,9763,9760,9760,416,260915,40668160.0,OI2601
2025-09-02 13:47:00,9760,9761,9759,9760,223,260933,21800480.0,OI2601
2025-09-02 13:48:00,9760,9762,9760,9760,341,260937,33336160.0,OI2601
2025-09-02 13:49:00,9760,9760,9758,9758,332,260867,32456320.0,OI2601
2025-09-02 13:50:00,9759,9761,9754,9755,511,260787,49955360.0,OI2601
2025-09-02 13:51:00,9755,9758,9754,9755,441,260654,43112160.0,OI2601
2025-09-02 13:52:00,9755,9756,9752,9755,408,260635,39886080.0,OI2601
2025-09-02 13:53:00,9754,9756,9753,9755,147,260639,14370720.0,OI2601
2025-09-02 13:54:00,9756,9757,9755,9757,325,260594,31772000.0,OI2601
2025-09-02 13:55:00,9757,9758,9756,9758,210,260570,20529600.0,OI2601
2025-09-02 13:56:00,9758,9760,9755,9755,263,260525,25710880.0,OI2601
2025-09-02 13:57:00,9755,9757,9754,9756,181,260509,17694560.0,OI2601
2025-09-02 13:58:00,9757,9760,9756,9760,154,260479,15055040.0,OI2601
2025-09-02 13:59:00,9759,9760,9753,9754,516,260367,50444160.0,OI2601
2025-09-02 14:00:00,9753,9760,9753,9759,341,260378,33336160.0,OI2601
2025-09-02 14:01:00,9759,9768,9759,9764,976,260321,95413760.0,OI2601
2025-09-02 14:02:00,9765,9766,9764,9766,365,260353,35682400.0,OI2601
2025-09-02 14:03:00,9766,9769,9763,9764,577,260460,56407520.0,OI2601
2025-09-02 14:04:00,9764,9764,9760,9760,415,260426,40570400.0,OI2601
2025-09-02 14:05:00,9760,9764,9760,9764,250,260399,24440000.0,OI2601
2025-09-02 14:06:00,9764,9767,9763,9766,979,260398,95707040.0,OI2601
2025-09-02 14:07:00,9765,9766,9762,9765,264,260356,25808640.0,OI2601
2025-09-02 14:08:00,9766,9768,9763,9763,413,260376,40374880.0,OI2601
2025-09-02 14:09:00,9764,9765,9763,9763,209,260303,20431840.0,OI2601
2025-09-02 14:10:00,9764,9767,9763,9766,222,260262,21702720.0,OI2601
2025-09-02 14:11:00,9766,9770,9765,9770,565,260192,55234400.0,OI2601
2025-09-02 14:12:00,9769,9770,9767,9769,261,260210,25515360.0,OI2601
2025-09-02 14:13:00,9769,9769,9764,9765,343,260186,33531680.0,OI2601
2025-09-02 14:14:00,9765,9766,9762,9764,380,260117,37148800.0,OI2601
2025-09-02 14:15:00,9763,9764,9757,9759,801,260061,78305760.0,OI2601
2025-09-02 14:16:00,9760,9761,9757,9759,434,259961,42427840.0,OI2601
2025-09-02 14:17:00,9759,9762,9759,9761,165,259951,16130400.0,OI2601
2025-09-02 14:18:00,9760,9761,9757,9759,404,259901,39495040.0,OI2601
2025-09-02 14:19:00,9758,9760,9757,9758,299,259907,29230240.0,OI2601
2025-09-02 14:20:00,9758,9764,9757,9763,352,259911,34411520.0,OI2601
2025-09-02 14:21:00,9764,9764,9760,9761,254,259884,24831040.0,OI2601
2025-09-02 14:22:00,9761,9763,9761,9761,155,259867,15152800.0,OI2601
2025-09-02 14:23:00,9761,9761,9758,9759,285,259890,27861600.0,OI2601
2025-09-02 14:24:00,9759,9762,9758,9761,261,259886,25515360.0,OI2601
2025-09-02 14:25:00,9762,9762,9760,9762,356,259858,34802560.0,OI2601
2025-09-02 14:26:00,9761,9763,9761,9762,179,259851,17499040.0,OI2601
2025-09-02 14:27:00,9762,9768,9760,9761,567,259797,55429920.0,OI2601
2025-09-02 14:28:00,9761,9762,9755,9761,662,259747,64717120.0,OI2601
2025-09-02 14:29:00,9761,9763,9759,9759,439,259753,42916640.0,OI2601
2025-09-02 14:30:00,9760,9766,9759,9766,492,259727,48097920.0,OI2601
2025-09-02 14:31:00,9765,9770,9765,9769,647,259744,60253350.0,OI2601
2025-09-02 14:32:00,9769,9769,9764,9765,628,259755,61387000.0,OI2601
2025-09-02 14:33:00,9765,9768,9765,9766,236,259751,23069000.0,OI2601
2025-09-02 14:34:00,9767,9769,9765,9767,256,259745,25024000.0,OI2601
2025-09-02 14:35:00,9767,9768,9765,9765,284,259792,27761000.0,OI2601
2025-09-02 14:36:00,9765,9768,9765,9766,234,259759,22873500.0,OI2601
2025-09-02 14:37:00,9766,9767,9764,9767,348,259750,34017000.0,OI2601
2025-09-02 14:38:00,9767,9775,9767,9775,1321,259754,129127750.0,OI2601
2025-09-02 14:39:00,9775,9776,9765,9765,740,259740,72335000.0,OI2601
2025-09-02 14:40:00,9765,9767,9760,9761,1086,259547,106156500.0,OI2601
2025-09-02 14:41:00,9761,9763,9761,9762,461,259586,45062750.0,OI2601
2025-09-02 14:42:00,9762,9763,9758,9760,605,259598,59138750.0,OI2601
2025-09-02 14:43:00,9762,9763,9759,9761,413,259596,40370750.0,OI2601
2025-09-02 14:44:00,9760,9761,9758,9760,314,259542,30693500.0,OI2601
2025-09-02 14:45:00,9760,9761,9758,9759,285,259522,27858750.0,OI2601
2025-09-02 14:46:00,9759,9761,9758,9759,503,259578,49168250.0,OI2601
2025-09-02 14:47:00,9759,9763,9756,9763,416,259544,40664000.0,OI2601
2025-09-02 14:48:00,9764,9766,9761,9762,574,259399,56108500.0,OI2601
2025-09-02 14:49:00,9761,9763,9759,9763,347,259363,33919250.0,OI2601
2025-09-02 14:50:00,9762,9765,9760,9765,441,259289,43107750.0,OI2601
2025-09-02 14:51:00,9764,9766,9764,9765,345,259242,33723750.0,OI2601
2025-09-02 14:52:00,9764,9765,9763,9764,101,259230,9872750.0,OI2601
2025-09-02 14:53:00,9765,9768,9763,9768,290,259198,28347500.0,OI2601
2025-09-02 14:54:00,9768,9768,9763,9765,378,259096,36949500.0,OI2601
2025-09-02 14:55:00,9764,9768,9764,9765,420,258957,41055000.0,OI2601
2025-09-02 14:56:00,9765,9767,9764,9765,321,258873,31377750.0,OI2601
2025-09-02 14:57:00,9766,9766,9765,9766,295,258759,28836250.0,OI2601
2025-09-02 14:58:00,9767,9769,9766,9769,561,258537,54837750.0,OI2601
2025-09-02 14:59:00,9768,9769,9763,9766,938,258258,91689500.0,OI2601
2025-09-02 21:00:00,9770,9770,9750,9752,4168,258316,406630080.0,OI2601
2025-09-02 21:01:00,9752,9758,9751,9752,1917,258389,186961670.0,OI2601
2025-09-02 21:02:00,9752,9754,9750,9753,1042,258619,101647100.0,OI2601
2025-09-02 21:03:00,9753,9757,9752,9754,846,258629,82527300.0,OI2601
2025-09-02 21:04:00,9754,9759,9753,9755,897,258703,87502350.0,OI2601
2025-09-02 21:05:00,9754,9760,9754,9758,847,258847,82624850.0,OI2601
2025-09-02 21:06:00,9759,9760,9753,9755,602,258921,58725100.0,OI2601
2025-09-02 21:07:00,9754,9759,9754,9759,466,258975,45458300.0,OI2601
2025-09-02 21:08:00,9758,9762,9758,9761,631,259011,61554050.0,OI2601
2025-09-02 21:09:00,9761,9761,9758,9760,433,259063,42357640.0,OI2601
2025-09-02 21:10:00,9760,9761,9759,9759,544,259043,53072640.0,OI2601
2025-09-02 21:11:00,9760,9764,9759,9763,469,259083,45755640.0,OI2601
2025-09-02 21:12:00,9762,9765,9761,9765,438,259055,42731280.0,OI2601
2025-09-02 21:13:00,9765,9772,9762,9772,1611,259188,157318270.0,OI2601
2025-09-02 21:14:00,9773,9777,9770,9770,1772,259212,173227700.0,OI2601
2025-09-02 21:15:00,9770,9776,9769,9774,842,259373,82346030.0,OI2601
2025-09-02 21:16:00,9776,9776,9773,9774,505,259324,49288000.0,OI2601
2025-09-02 21:17:00,9774,9776,9771,9771,712,259295,69678620.0,OI2601
2025-09-02 21:18:00,9771,9775,9770,9771,750,259422,73207500.0,OI2601
2025-09-02 21:19:00,9771,9771,9768,9770,638,259459,62275180.0,OI2601
2025-09-02 21:20:00,9770,9774,9770,9770,697,259484,68242440.0,OI2601
2025-09-02 21:21:00,9770,9774,9769,9773,387,259503,37778940.0,OI2601
2025-09-02 21:22:00,9774,9774,9770,9772,338,259456,32995560.0,OI2601
2025-09-02 21:23:00,9771,9772,9765,9766,721,259284,70384020.0,OI2601
2025-09-02 21:24:00,9767,9769,9760,9763,1442,259256,140768040.0,OI2601
2025-09-02 21:25:00,9762,9767,9762,9767,367,259312,35826540.0,OI2601
2025-09-02 21:26:00,9766,9767,9763,9764,412,259286,40219440.0,OI2601
2025-09-02 21:27:00,9765,9769,9764,9766,693,259261,67650660.0,OI2601
2025-09-02 21:28:00,9766,9766,9763,9763,252,259234,24600240.0,OI2601
2025-09-02 21:29:00,9764,9765,9762,9762,226,259227,22062120.0,OI2601
2025-09-02 21:30:00,9761,9765,9758,9758,1329,259207,129736980.0,OI2601
2025-09-02 21:31:00,9759,9759,9745,9745,2367,259330,231066540.0,OI2601
2025-09-02 21:32:00,9745,9747,9743,9744,1735,259493,169059740.0,OI2601
2025-09-02 21:33:00,9744,9750,9744,9750,1070,259580,104121040.0,OI2601
2025-09-02 21:34:00,9749,9752,9747,9752,614,259573,59926400.0,OI2601
2025-09-02 21:35:00,9752,9754,9749,9750,836,259488,81593600.0,OI2601
2025-09-02 21:36:00,9750,9756,9745,9746,1452,259250,141364520.0,OI2601
2025-09-02 21:37:00,9745,9747,9744,9744,616,259404,60115440.0,OI2601
2025-09-02 21:38:00,9744,9745,9741,9744,765,259423,74656350.0,OI2601
2025-09-02 21:39:00,9745,9748,9741,9743,867,259421,84237370.0,OI2601
2025-09-02 21:40:00,9743,9744,9738,9741,980,259378,95628400.0,OI2601
2025-09-02 21:41:00,9741,9749,9741,9746,1146,259197,111826680.0,OI2601
2025-09-02 21:42:00,9746,9747,9744,9744,592,259170,57367020.0,OI2601
2025-09-02 21:43:00,9745,9754,9745,9753,856,259101,83519920.0,OI2601
2025-09-02 21:44:00,9753,9756,9753,9755,754,259083,73567780.0,OI2601
2025-09-02 21:45:00,9756,9757,9754,9756,567,259137,55322190.0,OI2601
2025-09-02 21:46:00,9756,9762,9755,9758,1149,258785,112107930.0,OI2601
2025-09-02 21:47:00,9758,9758,9753,9753,745,258805,72689650.0,OI2601
2025-09-02 21:48:00,9753,9757,9753,9755,277,258889,27026890.0,OI2601
2025-09-02 21:49:00,9754,9756,9754,9755,267,258870,26051190.0,OI2601
2025-09-02 21:50:00,9755,9760,9755,9760,481,258883,46931170.0,OI2601
2025-09-02 21:51:00,9760,9761,9758,9759,389,258861,37954730.0,OI2601
2025-09-02 21:52:00,9759,9761,9757,9759,352,258863,34344640.0,OI2601
2025-09-02 21:53:00,9759,9764,9759,9762,838,258849,81763660.0,OI2601
2025-09-02 21:54:00,9761,9765,9761,9763,374,258875,36491180.0,OI2601
2025-09-02 21:55:00,9763,9767,9762,9765,670,258917,65849430.0,OI2601
2025-09-02 21:56:00,9764,9768,9764,9765,474,258868,46252920.0,OI2601
2025-09-02 21:57:00,9765,9765,9762,9764,385,258784,37568300.0,OI2601
2025-09-02 21:58:00,9764,9764,9759,9760,497,258855,48497260.0,OI2601
2025-09-02 21:59:00,9761,9764,9759,9764,409,258890,39910220.0,OI2601
2025-09-02 22:00:00,9765,9766,9762,9763,389,258877,37958620.0,OI2601
2025-09-02 22:01:00,9762,9765,9761,9763,303,258812,29566740.0,OI2601
2025-09-02 22:02:00,9764,9769,9761,9767,750,258743,73185000.0,OI2601
2025-09-02 22:03:00,9766,9767,9760,9761,399,258687,38934420.0,OI2601
2025-09-02 22:04:00,9762,9763,9761,9763,174,258730,16978920.0,OI2601
2025-09-02 22:05:00,9762,9769,9761,9768,566,258602,55230280.0,OI2601
2025-09-02 22:06:00,9769,9775,9768,9770,2002,258757,195896170.0,OI2601
2025-09-02 22:07:00,9771,9773,9770,9773,392,258770,38255280.0,OI2601
2025-09-02 22:08:00,9773,9781,9772,9781,2002,258929,195375180.0,OI2601
2025-09-02 22:09:00,9781,9781,9772,9775,865,258817,84988950.0,OI2601
2025-09-02 22:10:00,9775,9776,9773,9773,578,258886,56412800.0,OI2601
2025-09-02 22:11:00,9773,9773,9768,9771,1144,258795,111654400.0,OI2601
2025-09-02 22:12:00,9770,9776,9770,9775,601,258874,58657600.0,OI2601
2025-09-02 22:13:00,9776,9780,9774,9778,724,258775,70662400.0,OI2601
2025-09-02 22:14:00,9778,9778,9770,9771,793,258776,77396800.0,OI2601
2025-09-02 22:15:00,9771,9772,9770,9770,517,258954,50459200.0,OI2601
2025-09-02 22:16:00,9771,9776,9771,9774,509,259102,50300660.0,OI2601
2025-09-02 22:17:00,9774,9777,9774,9777,238,259168,23231180.0,OI2601
2025-09-02 22:18:00,9777,9777,9774,9774,275,259208,26842750.0,OI2601
2025-09-02 22:19:00,9774,9775,9771,9775,372,259185,36310920.0,OI2601
2025-09-02 22:20:00,9774,9776,9768,9768,600,259230,58566000.0,OI2601
2025-09-02 22:21:00,9768,9772,9768,9769,350,259190,34163500.0,OI2601
2025-09-02 22:22:00,9769,9769,9766,9767,479,259135,46755190.0,OI2601
2025-09-02 22:23:00,9767,9769,9766,9768,334,259037,32601740.0,OI2601
2025-09-02 22:24:00,9769,9771,9768,9770,332,259046,32406520.0,OI2601
2025-09-02 22:25:00,9770,9770,9765,9768,369,259032,36018090.0,OI2601
2025-09-02 22:26:00,9768,9771,9766,9771,376,259047,36701360.0,OI2601
2025-09-02 22:27:00,9771,9771,9767,9768,261,259007,25476210.0,OI2601
2025-09-02 22:28:00,9768,9769,9767,9768,185,259006,18057850.0,OI2601
2025-09-02 22:29:00,9769,9769,9767,9769,199,259001,19424390.0,OI2601
2025-09-02 22:30:00,9768,9769,9767,9768,195,258965,19033950.0,OI2601
2025-09-02 22:31:00,9768,9772,9768,9768,464,258882,45291040.0,OI2601
2025-09-02 22:32:00,9767,9774,9766,9774,498,258884,48609780.0,OI2601
2025-09-02 22:33:00,9774,9774,9771,9771,282,258919,27526020.0,OI2601
2025-09-02 22:34:00,9772,9778,9771,9778,854,259072,84047830.0,OI2601
2025-09-02 22:35:00,9779,9779,9773,9776,1275,259108,124465500.0,OI2601
2025-09-02 22:36:00,9776,9781,9775,9775,1088,259131,106210560.0,OI2601
2025-09-02 22:37:00,9775,9778,9774,9775,585,259024,57107700.0,OI2601
2025-09-02 22:38:00,9775,9775,9771,9772,345,258935,33678900.0,OI2601
2025-09-02 22:39:00,9772,9776,9772,9775,375,258951,36607500.0,OI2601
2025-09-02 22:40:00,9775,9784,9774,9782,1175,258789,115440820.0,OI2601
2025-09-02 22:41:00,9782,9783,9780,9782,508,258842,49596040.0,OI2601
2025-09-02 22:42:00,9781,9782,9778,9779,324,258867,31632120.0,OI2601
2025-09-02 22:43:00,9780,9782,9779,9782,399,258787,38954370.0,OI2601
2025-09-02 22:44:00,9782,9790,9781,9790,1381,258537,134827030.0,OI2601
2025-09-02 22:45:00,9791,9798,9791,9795,2054,258282,201316000.0,OI2601
2025-09-02 22:46:00,9795,9798,9790,9792,1238,258167,121674680.0,OI2601
2025-09-02 22:47:00,9792,9795,9791,9795,754,258060,73628100.0,OI2601
2025-09-02 22:48:00,9794,9795,9788,9789,1098,257920,107219700.0,OI2601
2025-09-02 22:49:00,9789,9791,9788,9789,505,257847,49313250.0,OI2601
2025-09-02 22:50:00,9788,9790,9783,9785,907,257693,89397550.0,OI2601
2025-09-02 22:51:00,9785,9789,9785,9788,444,257650,43361040.0,OI2601
2025-09-02 22:52:00,9786,9789,9783,9789,397,257601,38771020.0,OI2601
2025-09-02 22:53:00,9789,9789,9786,9787,503,257696,49122980.0,OI2601
2025-09-02 22:54:00,9786,9794,9785,9793,1449,257232,141509340.0,OI2601
2025-09-02 22:55:00,9793,9793,9789,9791,599,257109,59361260.0,OI2601
2025-09-02 22:56:00,9790,9795,9790,9793,483,257014,47174610.0,OI2601
2025-09-02 22:57:00,9793,9798,9793,9797,643,256942,62801810.0,OI2601
2025-09-02 22:58:00,9798,9798,9793,9796,765,257024,74717550.0,OI2601
2025-09-02 22:59:00,9796,9801,9790,9798,2219,257153,217633750.0,OI2601
2025-09-03 09:00:00,9801,9813,9789,9792,3954,257067,387170280.0,OI2601
2025-09-03 09:01:00,9790,9794,9786,9790,1280,256973,125999560.0,OI2601
2025-09-03 09:02:00,9789,9790,9784,9787,676,256881,66045200.0,OI2601
2025-09-03 09:03:00,9786,9786,9781,9781,1074,256580,104929800.0,OI2601
2025-09-03 09:04:00,9781,9783,9777,9779,1051,256447,102682700.0,OI2601
2025-09-03 09:05:00,9779,9782,9776,9776,1438,256585,140492600.0,OI2601
2025-09-03 09:06:00,9777,9778,9775,9778,611,256650,59694700.0,OI2601
2025-09-03 09:07:00,9778,9784,9777,9779,792,256669,77378400.0,OI2601
2025-09-03 09:08:00,9778,9779,9776,9779,562,256631,54907400.0,OI2601
2025-09-03 09:09:00,9781,9786,9781,9785,532,256580,51976400.0,OI2601
2025-09-03 09:10:00,9786,9791,9784,9790,900,256569,87930000.0,OI2601
2025-09-03 09:11:00,9791,9795,9791,9794,1106,256631,109099980.0,OI2601
2025-09-03 09:12:00,9794,9795,9789,9790,713,256704,69667230.0,OI2601
2025-09-03 09:13:00,9791,9792,9788,9790,528,256728,51590880.0,OI2601
2025-09-03 09:14:00,9790,9793,9786,9786,711,256652,69471810.0,OI2601
2025-09-03 09:15:00,9786,9793,9785,9790,786,256489,76800060.0,OI2601
2025-09-03 09:16:00,9789,9792,9789,9791,289,256524,28238190.0,OI2601
2025-09-03 09:17:00,9791,9793,9790,9792,820,256299,80122200.0,OI2601
2025-09-03 09:18:00,9792,9792,9787,9790,599,256415,59616530.0,OI2601
2025-09-03 09:19:00,9790,9792,9788,9792,355,256442,34690600.0,OI2601
2025-09-03 09:20:00,9792,9800,9789,9797,1226,256519,119804720.0,OI2601
2025-09-03 09:21:00,9797,9800,9794,9794,515,256619,50325800.0,OI2601
2025-09-03 09:22:00,9793,9795,9792,9792,239,256693,23355080.0,OI2601
2025-09-03 09:23:00,9793,9795,9785,9789,753,256717,73583160.0,OI2601
2025-09-03 09:24:00,9788,9789,9784,9785,389,256655,38013080.0,OI2601
2025-09-03 09:25:00,9786,9788,9785,9788,230,256630,22475600.0,OI2601
2025-09-03 09:26:00,9788,9788,9784,9786,500,256659,48860000.0,OI2601
2025-09-03 09:27:00,9787,9787,9782,9785,311,256584,30390920.0,OI2601
2025-09-03 09:28:00,9785,9789,9784,9787,270,256490,26384400.0,OI2601
2025-09-03 09:29:00,9787,9789,9785,9786,336,256574,32833920.0,OI2601
2025-09-03 09:30:00,9787,9790,9782,9783,466,256541,45537520.0,OI2601
2025-09-03 09:31:00,9784,9785,9780,9782,547,256463,53452840.0,OI2601
2025-09-03 09:32:00,9783,9787,9782,9786,301,256495,30566340.0,OI2601
2025-09-03 09:33:00,9785,9789,9784,9787,320,256474,31273600.0,OI2601
2025-09-03 09:34:00,9787,9789,9787,9788,239,256497,23357470.0,OI2601
2025-09-03 09:35:00,9788,9789,9785,9787,239,256449,23357470.0,OI2601
2025-09-03 09:36:00,9786,9795,9785,9790,497,256420,48571810.0,OI2601
2025-09-03 09:37:00,9791,9791,9782,9786,516,256259,50428680.0,OI2601
2025-09-03 09:38:00,9785,9787,9783,9787,521,256170,50917330.0,OI2601
2025-09-03 09:39:00,9787,9788,9786,9786,141,256184,13779930.0,OI2601
2025-09-03 09:40:00,9786,9790,9786,9788,225,256201,21989250.0,OI2601
2025-09-03 09:41:00,9787,9794,9787,9791,380,256260,37137400.0,OI2601
2025-09-03 09:42:00,9791,9792,9788,9789,546,256430,53360580.0,OI2601
2025-09-03 09:43:00,9789,9790,9788,9788,181,256462,17689130.0,OI2601
2025-09-03 09:44:00,9789,9790,9787,9790,121,256487,11825330.0,OI2601
2025-09-03 09:45:00,9790,9794,9789,9794,665,256585,64990450.0,OI2601
2025-09-03 09:46:00,9794,9794,9785,9786,399,256616,38994270.0,OI2601
2025-09-03 09:47:00,9787,9790,9787,9788,137,256641,13389010.0,OI2601
2025-09-03 09:48:00,9789,9791,9785,9785,560,256786,54728800.0,OI2601
2025-09-03 09:49:00,9786,9787,9783,9784,301,256683,29416730.0,OI2601
2025-09-03 09:50:00,9784,9784,9773,9775,1319,256588,128905870.0,OI2601
2025-09-03 09:51:00,9775,9778,9772,9778,729,256604,71245170.0,OI2601
2025-09-03 09:52:00,9778,9781,9778,9779,271,256604,26484830.0,OI2601
2025-09-03 09:53:00,9779,9786,9779,9783,406,256638,39678380.0,OI2601
2025-09-03 09:54:00,9782,9783,9780,9781,211,256563,20621030.0,OI2601
2025-09-03 09:55:00,9781,9781,9776,9778,409,256575,39971570.0,OI2601
2025-09-03 09:56:00,9778,9778,9770,9772,1164,256595,113757720.0,OI2601
2025-09-03 09:57:00,9772,9773,9765,9765,998,256436,97534540.0,OI2601
2025-09-03 09:58:00,9764,9768,9761,9768,1226,256303,119816980.0,OI2601
2025-09-03 09:59:00,9768,9768,9762,9763,661,256206,64599530.0,OI2601
2025-09-03 10:00:00,9762,9770,9762,9767,822,256097,80334060.0,OI2601
2025-09-03 10:01:00,9768,9771,9767,9770,483,256121,47203590.0,OI2601
2025-09-03 10:02:00,9770,9772,9770,9771,428,256157,41828440.0,OI2601
2025-09-03 10:03:00,9770,9771,9768,9769,476,256094,46519480.0,OI2601
2025-09-03 10:04:00,9770,9770,9766,9767,346,256082,33814580.0,OI2601
2025-09-03 10:05:00,9768,9770,9767,9770,296,256079,28928080.0,OI2601
2025-09-03 10:06:00,9769,9769,9766,9768,324,256024,31664520.0,OI2601
2025-09-03 10:07:00,9768,9770,9762,9762,515,256014,50330950.0,OI2601
2025-09-03 10:08:00,9763,9766,9762,9763,798,256137,77988540.0,OI2601
2025-09-03 10:09:00,9763,9763,9757,9762,1827,256212,178552710.0,OI2601
2025-09-03 10:10:00,9761,9769,9760,9768,415,256170,40557950.0,OI2601
2025-09-03 10:11:00,9769,9769,9761,9762,440,256220,43001200.0,OI2601
2025-09-03 10:12:00,9762,9765,9761,9764,241,256211,23552930.0,OI2601
2025-09-03 10:13:00,9764,9767,9761,9761,396,256205,38701080.0,OI2601
2025-09-03 10:14:00,9762,9762,9758,9758,536,256221,52383280.0,OI2601
2025-09-03 10:30:00,9759,9762,9756,9759,1082,256194,105743860.0,OI2601
2025-09-03 10:31:00,9759,9760,9750,9752,1560,256040,151062510.0,OI2601
2025-09-03 10:32:00,9753,9753,9745,9750,2077,256554,202964440.0,OI2601
2025-09-03 10:33:00,9750,9759,9750,9757,1496,257049,146189120.0,OI2601
2025-09-03 10:34:00,9757,9759,9753,9756,1320,257606,128990400.0,OI2601
2025-09-03 10:35:00,9756,9759,9753,9754,624,257744,60977280.0,OI2601
2025-09-03 10:36:00,9754,9755,9750,9751,435,257727,42508200.0,OI2601
2025-09-03 10:37:00,9752,9759,9751,9759,492,257724,48078240.0,OI2601
2025-09-03 10:38:00,9758,9765,9758,9760,932,257619,89604990.0,OI2601
2025-09-03 10:39:00,9759,9761,9757,9760,349,257576,34100790.0,OI2601
2025-09-03 10:40:00,9759,9760,9755,9758,482,257566,47096220.0,OI2601
2025-09-03 10:41:00,9758,9760,9757,9760,480,257602,46900800.0,OI2601
2025-09-03 10:42:00,9760,9762,9759,9762,385,257642,37618350.0,OI2601
2025-09-03 10:43:00,9762,9768,9760,9767,819,257558,80024490.0,OI2601
2025-09-03 10:44:00,9767,9775,9767,9774,2247,257473,219554370.0,OI2601
2025-09-03 10:45:00,9774,9778,9771,9772,925,257305,90381750.0,OI2601
2025-09-03 10:46:00,9772,9773,9768,9769,875,257354,85496250.0,OI2601
2025-09-03 10:47:00,9770,9771,9765,9766,466,257277,45532860.0,OI2601
2025-09-03 10:48:00,9766,9773,9766,9773,596,257362,58235160.0,OI2601
2025-09-03 10:49:00,9772,9773,9769,9773,410,257314,40061100.0,OI2601
2025-09-03 10:50:00,9773,9784,9773,9784,1583,257333,154674930.0,OI2601
2025-09-03 10:51:00,9785,9785,9778,9780,1585,257184,154870350.0,OI2601
2025-09-03 10:52:00,9781,9781,9778,9779,463,257102,45239730.0,OI2601
2025-09-03 10:53:00,9780,9781,9777,9777,405,257063,41163300.0,OI2601
2025-09-03 10:54:00,9777,9778,9768,9769,605,256896,59120600.0,OI2601
2025-09-03 10:55:00,9769,9773,9768,9772,434,256899,42410480.0,OI2601
2025-09-03 10:56:00,9772,9773,9769,9769,391,256925,38208520.0,OI2601
2025-09-03 10:57:00,9770,9770,9760,9760,1114,257050,107243890.0,OI2601
2025-09-03 10:58:00,9761,9767,9760,9766,441,257046,43090110.0,OI2601
2025-09-03 10:59:00,9767,9767,9760,9760,384,257022,37520640.0,OI2601
2025-09-03 11:00:00,9759,9759,9752,9756,1740,257770,170015400.0,OI2601
2025-09-03 11:01:00,9756,9758,9752,9758,703,257856,68690130.0,OI2601
2025-09-03 11:02:00,9758,9761,9755,9758,832,257949,81294720.0,OI2601
2025-09-03 11:03:00,9758,9760,9756,9757,465,258023,45435150.0,OI2601
2025-09-03 11:04:00,9754,9757,9752,9756,1165,258043,113832150.0,OI2601
2025-09-03 11:05:00,9756,9756,9752,9753,563,258132,55010730.0,OI2601
2025-09-03 11:06:00,9754,9757,9752,9756,1359,258463,132787890.0,OI2601
2025-09-03 11:07:00,9756,9757,9750,9752,1043,258522,101911530.0,OI2601
2025-09-03 11:08:00,9753,9756,9752,9755,533,258532,52079430.0,OI2601
2025-09-03 11:09:00,9755,9759,9753,9759,334,258498,32635140.0,OI2601
2025-09-03 11:10:00,9759,9764,9759,9762,528,258423,51590880.0,OI2601
2025-09-03 11:11:00,9762,9763,9760,9761,313,258376,30583230.0,OI2601
2025-09-03 11:12:00,9761,9761,9758,9760,219,258378,21398490.0,OI2601
2025-09-03 11:13:00,9759,9759,9753,9756,465,258356,43708090.0,OI2601
2025-09-03 11:14:00,9756,9756,9751,9752,591,258318,57740700.0,OI2601
2025-09-03 11:15:00,9751,9754,9750,9752,809,258329,79039300.0,OI2601
2025-09-03 11:16:00,9751,9756,9750,9754,449,258324,43867300.0,OI2601
2025-09-03 11:17:00,9755,9757,9754,9757,381,258344,37223700.0,OI2601
2025-09-03 11:18:00,9757,9758,9755,9756,318,258317,31068600.0,OI2601
2025-09-03 11:19:00,9756,9760,9756,9758,371,258287,36246700.0,OI2601
2025-09-03 11:20:00,9757,9757,9747,9749,774,258312,75619800.0,OI2601
2025-09-03 11:21:00,9750,9751,9748,9749,450,258259,43965000.0,OI2601
2025-09-03 11:22:00,9750,9755,9748,9755,423,258228,41327100.0,OI2601
2025-09-03 11:23:00,9756,9756,9752,9753,231,258216,22568700.0,OI2601
2025-09-03 11:24:00,9752,9754,9752,9754,174,258241,16999800.0,OI2601
2025-09-03 11:25:00,9754,9756,9751,9751,426,258275,41620200.0,OI2601
2025-09-03 11:26:00,9751,9751,9734,9736,3233,259183,314050740.0,OI2601
2025-09-03 11:27:00,9736,9739,9725,9728,3263,259631,318762470.0,OI2601
2025-09-03 11:28:00,9729,9729,9720,9720,1848,259897,178666650.0,OI2601
2025-09-03 11:29:00,9721,9721,9710,9714,2937,260321,284992320.0,OI2601
2025-09-03 13:30:00,9714,9728,9710,9728,2839,260126,277285130.0,OI2601
2025-09-03 13:31:00,9727,9730,9725,9729,1436,260154,140254120.0,OI2601
2025-09-03 13:32:00,9729,9735,9729,9734,1217,260263,116915630.0,OI2601
2025-09-03 13:33:00,9733,9737,9732,9735,920,260226,89847200.0,OI2601
2025-09-03 13:34:00,9734,9736,9731,9731,897,260238,87601020.0,OI2601
2025-09-03 13:35:00,9731,9733,9730,9733,497,260283,48537020.0,OI2601
2025-09-03 13:36:00,9733,9734,9731,9732,656,260336,64064960.0,OI2601
2025-09-03 13:37:00,9732,9735,9732,9735,452,260285,44142320.0,OI2601
2025-09-03 13:38:00,9735,9737,9732,9733,681,260353,66506460.0,OI2601
2025-09-03 13:39:00,9733,9734,9726,9729,711,260329,67439360.0,OI2601
2025-09-03 13:40:00,9729,9730,9728,9729,252,260350,24607800.0,OI2601
2025-09-03 13:41:00,9730,9733,9729,9730,309,260347,30173850.0,OI2601
2025-09-03 13:42:00,9730,9734,9730,9730,427,260302,41696550.0,OI2601
2025-09-03 13:43:00,9730,9732,9728,9730,320,260319,31248000.0,OI2601
2025-09-03 13:44:00,9729,9731,9725,9730,599,260389,58492350.0,OI2601
2025-09-03 13:45:00,9729,9731,9726,9731,728,260459,71089200.0,OI2601
2025-09-03 13:46:00,9731,9732,9727,9731,1153,260904,112590450.0,OI2601
2025-09-03 13:47:00,9731,9732,9728,9730,450,260944,43942500.0,OI2601
2025-09-03 13:48:00,9731,9732,9729,9731,326,260891,31833900.0,OI2601
2025-09-03 13:49:00,9731,9731,9728,9729,432,260963,42184800.0,OI2601
2025-09-03 13:50:00,9730,9735,9729,9735,525,260835,51266250.0,OI2601
2025-09-03 13:51:00,9735,9736,9732,9734,654,260712,61804450.0,OI2601
2025-09-03 13:52:00,9734,9737,9733,9735,611,260680,59658040.0,OI2601
2025-09-03 13:53:00,9734,9735,9733,9734,340,260665,33197600.0,OI2601
2025-09-03 13:54:00,9734,9736,9732,9732,331,260584,32318840.0,OI2601
2025-09-03 13:55:00,9733,9736,9730,9735,575,260462,56143000.0,OI2601
2025-09-03 13:56:00,9735,9738,9734,9735,659,260463,64344760.0,OI2601
2025-09-03 13:57:00,9734,9740,9734,9739,596,260390,58193440.0,OI2601
2025-09-03 13:58:00,9739,9739,9736,9736,459,260450,44816760.0,OI2601
2025-09-03 13:59:00,9736,9738,9728,9731,1087,260192,106134680.0,OI2601
2025-09-03 14:00:00,9731,9731,9725,9727,1161,260267,113360040.0,OI2601
2025-09-03 14:01:00,9727,9731,9727,9729,727,260259,68860170.0,OI2601
2025-09-03 14:02:00,9730,9736,9729,9734,876,260364,85523880.0,OI2601
2025-09-03 14:03:00,9734,9735,9730,9733,596,260297,58187480.0,OI2601
2025-09-03 14:04:00,9733,9733,9731,9733,235,260309,22943050.0,OI2601
2025-09-03 14:05:00,9733,9733,9728,9730,323,260279,31534490.0,OI2601
2025-09-03 14:06:00,9730,9731,9729,9730,205,260209,20014150.0,OI2601
2025-09-03 14:07:00,9729,9730,9728,9730,216,260166,21088080.0,OI2601
2025-09-03 14:08:00,9730,9731,9729,9730,183,260131,17866290.0,OI2601
2025-09-03 14:09:00,9729,9732,9729,9731,250,260088,24407500.0,OI2601
2025-09-03 14:10:00,9731,9734,9730,9734,296,260147,28898480.0,OI2601
2025-09-03 14:11:00,9734,9735,9733,9734,384,260089,37489920.0,OI2601
2025-09-03 14:12:00,9735,9739,9735,9736,828,260033,80837640.0,OI2601
2025-09-03 14:13:00,9736,9736,9734,9735,197,259964,19233110.0,OI2601
2025-09-03 14:14:00,9735,9736,9733,9736,325,259882,31729750.0,OI2601
2025-09-03 14:15:00,9736,9737,9734,9735,331,259833,32315530.0,OI2601
2025-09-03 14:16:00,9735,9735,9731,9732,353,259713,34463390.0,OI2601
2025-09-03 14:17:00,9732,9733,9730,9731,712,259699,69512560.0,OI2601
2025-09-03 14:18:00,9730,9731,9728,9729,440,259751,40765590.0,OI2601
2025-09-03 14:19:00,9729,9732,9728,9730,351,259745,34264620.0,OI2601
2025-09-03 14:20:00,9730,9731,9728,9731,314,259858,30652680.0,OI2601
2025-09-03 14:21:00,9731,9732,9729,9730,179,259821,17473980.0,OI2601
2025-09-03 14:22:00,9730,9732,9730,9731,184,259758,17962080.0,OI2601
2025-09-03 14:23:00,9730,9730,9725,9725,797,259828,77803140.0,OI2601
2025-09-03 14:24:00,9725,9727,9721,9721,674,259765,65795880.0,OI2601
2025-09-03 14:25:00,9721,9724,9719,9724,1589,259833,155118180.0,OI2601
2025-09-03 14:26:00,9724,9724,9722,9724,391,259811,38169420.0,OI2601
2025-09-03 14:27:00,9724,9727,9723,9727,496,259859,48419520.0,OI2601
2025-09-03 14:28:00,9726,9727,9723,9724,325,259819,31726500.0,OI2601
2025-09-03 14:29:00,9724,9726,9723,9726,342,259760,33386040.0,OI2601
2025-09-03 14:30:00,9726,9726,9724,9725,243,259741,23721660.0,OI2601
2025-09-03 14:31:00,9725,9727,9721,9724,1772,259371,170714460.0,OI2601
2025-09-03 14:32:00,9723,9725,9722,9723,527,259335,51440470.0,OI2601
2025-09-03 14:33:00,9724,9730,9724,9728,871,259079,85018310.0,OI2601
2025-09-03 14:34:00,9729,9729,9725,9729,407,259010,39727270.0,OI2601
2025-09-03 14:35:00,9729,9730,9725,9727,304,259080,29673440.0,OI2601
2025-09-03 14:36:00,9727,9731,9727,9729,500,258957,48805000.0,OI2601
2025-09-03 14:37:00,9728,9732,9728,9732,239,258938,23328790.0,OI2601
2025-09-03 14:38:00,9732,9733,9730,9730,575,258781,56125750.0,OI2601
2025-09-03 14:39:00,9729,9729,9726,9726,263,258724,25671430.0,OI2601
2025-09-03 14:40:00,9726,9729,9726,9729,338,258699,32992180.0,OI2601
2025-09-03 14:41:00,9729,9730,9728,9728,123,258676,12006030.0,OI2601
2025-09-03 14:42:00,9728,9730,9727,9728,183,258653,17862630.0,OI2601
2025-09-03 14:43:00,9728,9730,9726,9728,287,258616,28014070.0,OI2601
2025-09-03 14:44:00,9728,9728,9723,9725,451,258585,41703250.0,OI2601
2025-09-03 14:45:00,9726,9728,9726,9727,542,258424,52899200.0,OI2601
2025-09-03 14:46:00,9728,9728,9724,9726,285,258358,27816000.0,OI2601
2025-09-03 14:47:00,9726,9726,9723,9724,273,258308,26644800.0,OI2601
2025-09-03 14:48:00,9724,9728,9723,9728,385,258225,37576000.0,OI2601
2025-09-03 14:49:00,9728,9729,9726,9728,498,258121,48604800.0,OI2601
2025-09-03 14:50:00,9728,9731,9728,9730,363,258016,35428800.0,OI2601
2025-09-03 14:51:00,9730,9733,9729,9733,424,257847,41382400.0,OI2601
2025-09-03 14:52:00,9733,9733,9730,9732,401,257679,39137600.0,OI2601
2025-09-03 14:53:00,9733,9733,9729,9729,340,257596,33184000.0,OI2601
2025-09-03 14:54:00,9729,9733,9729,9731,437,257519,42651200.0,OI2601
2025-09-03 14:55:00,9731,9732,9728,9729,382,257380,37283200.0,OI2601
2025-09-03 14:56:00,9728,9731,9726,9727,487,257185,47531200.0,OI2601
2025-09-03 14:57:00,9727,9727,9724,9724,739,256897,72126400.0,OI2601
2025-09-03 14:58:00,9724,9730,9724,9729,833,256837,81300800.0,OI2601
2025-09-03 14:59:00,9729,9730,9726,9727,782,256402,73932630.0,OI2601
2025-09-03 21:00:00,9712,9727,9712,9722,4122,256929,400740840.0,OI2601
2025-09-03 21:01:00,9723,9727,9718,9721,1794,257081,174412680.0,OI2601
2025-09-03 21:02:00,9720,9721,9715,9718,1743,257106,169377870.0,OI2601
2025-09-03 21:03:00,9718,9719,9710,9710,1665,257155,161761410.0,OI2601
2025-09-03 21:04:00,9710,9717,9709,9714,1948,256855,189120160.0,OI2601
2025-09-03 21:05:00,9714,9717,9710,9717,1238,256898,120308840.0,OI2601
2025-09-03 21:06:00,9716,9718,9715,9716,676,256785,65693680.0,OI2601
2025-09-03 21:07:00,9717,9724,9714,9720,1384,256671,134497120.0,OI2601
2025-09-03 21:08:00,9719,9720,9717,9718,554,256746,53837720.0,OI2601
2025-09-03 21:09:00,9718,9718,9714,9716,467,256703,45383060.0,OI2601
2025-09-03 21:10:00,9716,9718,9710,9711,1143,256598,111076740.0,OI2601
2025-09-03 21:11:00,9711,9720,9711,9718,778,256547,75606040.0,OI2601
2025-09-03 21:12:00,9718,9724,9718,9724,1067,256380,103691060.0,OI2601
2025-09-03 21:13:00,9723,9724,9721,9722,400,256346,38872000.0,OI2601
2025-09-03 21:14:00,9723,9723,9715,9716,604,256272,58696720.0,OI2601
2025-09-03 21:15:00,9716,9716,9711,9713,778,256247,75606040.0,OI2601
2025-09-03 21:16:00,9712,9717,9711,9716,738,256182,71718840.0,OI2601
2025-09-03 21:17:00,9716,9718,9716,9717,302,256179,29348360.0,OI2601
2025-09-03 21:18:00,9717,9721,9717,9720,442,256131,42953560.0,OI2601
2025-09-03 21:19:00,9720,9720,9712,9715,912,256082,88628160.0,OI2601
2025-09-03 21:20:00,9715,9715,9712,9713,425,256031,41069700.0,OI2601
2025-09-03 21:21:00,9713,9718,9712,9717,738,255875,71711460.0,OI2601
2025-09-03 21:22:00,9718,9719,9716,9716,333,255835,32357610.0,OI2601
2025-09-03 21:23:00,9716,9724,9715,9722,844,255860,82262430.0,OI2601
2025-09-03 21:24:00,9722,9722,9718,9719,335,255838,32555300.0,OI2601
2025-09-03 21:25:00,9718,9722,9718,9721,299,255806,29056820.0,OI2601
2025-09-03 21:26:00,9722,9729,9722,9728,1156,255840,112340080.0,OI2601
2025-09-03 21:27:00,9728,9729,9726,9727,368,255844,35762240.0,OI2601
2025-09-03 21:28:00,9727,9728,9724,9727,641,255880,62292380.0,OI2601
2025-09-03 21:29:00,9727,9732,9727,9732,840,255983,81918540.0,OI2601
2025-09-03 21:30:00,9731,9733,9729,9730,648,256052,62979120.0,OI2601
2025-09-03 21:31:00,9730,9731,9725,9731,1277,255844,124111630.0,OI2601
2025-09-03 21:32:00,9731,9733,9727,9729,610,255994,59598590.0,OI2601
2025-09-03 21:33:00,9728,9730,9726,9729,489,255926,47530800.0,OI2601
2025-09-03 21:34:00,9728,9733,9728,9731,665,256079,64638000.0,OI2601
2025-09-03 21:35:00,9731,9737,9731,9734,1441,256000,140403840.0,OI2601
2025-09-03 21:36:00,9734,9736,9733,9734,664,256038,64547440.0,OI2601
2025-09-03 21:37:00,9733,9733,9729,9730,578,256010,56187380.0,OI2601
2025-09-03 21:38:00,9730,9737,9729,9734,738,255955,71740980.0,OI2601
2025-09-03 21:39:00,9734,9735,9733,9734,422,256029,41022620.0,OI2601
2025-09-03 21:40:00,9734,9735,9731,9731,373,256046,36259330.0,OI2601
2025-09-03 21:41:00,9731,9732,9726,9726,669,256065,65406570.0,OI2601
2025-09-03 21:42:00,9726,9728,9726,9728,296,256076,28777120.0,OI2601
2025-09-03 21:43:00,9728,9730,9727,9729,227,256087,22068940.0,OI2601
2025-09-03 21:44:00,9728,9729,9722,9723,817,256047,79428740.0,OI2601
2025-09-03 21:45:00,9722,9723,9715,9716,951,256044,92456220.0,OI2601
2025-09-03 21:46:00,9717,9720,9716,9718,814,256197,79137080.0,OI2601
2025-09-03 21:47:00,9718,9719,9716,9718,500,256215,48610000.0,OI2601
2025-09-03 21:48:00,9719,9719,9717,9717,276,256142,26832720.0,OI2601
2025-09-03 21:49:00,9717,9718,9714,9714,671,256222,64816020.0,OI2601
2025-09-03 21:50:00,9714,9716,9713,9713,444,256259,43161240.0,OI2601
2025-09-03 21:51:00,9714,9719,9714,9719,563,256226,54729230.0,OI2601
2025-09-03 21:52:00,9719,9724,9718,9724,537,256181,52201770.0,OI2601
2025-09-03 21:53:00,9723,9731,9723,9729,1009,256027,98084890.0,OI2601
2025-09-03 21:54:00,9729,9729,9727,9728,307,255965,30290670.0,OI2601
2025-09-03 21:55:00,9728,9731,9728,9730,526,255881,51137720.0,OI2601
2025-09-03 21:56:00,9729,9732,9729,9729,421,255766,40929620.0,OI2601
2025-09-03 21:57:00,9730,9733,9729,9732,555,255751,53957100.0,OI2601
2025-09-03 21:58:00,9731,9732,9729,9729,294,255787,28582680.0,OI2601
2025-09-03 21:59:00,9729,9730,9725,9725,1097,256017,106650340.0,OI2601
2025-09-03 22:00:00,9725,9730,9725,9729,368,256051,35776960.0,OI2601
2025-09-03 22:01:00,9729,9729,9723,9727,671,256050,65234620.0,OI2601
2025-09-03 22:02:00,9728,9729,9724,9724,366,256159,35582520.0,OI2601
2025-09-03 22:03:00,9724,9728,9723,9724,730,256469,70970600.0,OI2601
2025-09-03 22:04:00,9724,9734,9724,9734,1165,256519,113261300.0,OI2601
2025-09-03 22:05:00,9733,9734,9730,9731,687,256622,66790140.0,OI2601
2025-09-03 22:06:00,9731,9732,9730,9730,252,256624,25017960.0,OI2601
2025-09-03 22:07:00,9731,9733,9730,9730,364,256713,35391720.0,OI2601
2025-09-03 22:08:00,9730,9735,9730,9734,494,256678,48031620.0,OI2601
2025-09-03 22:09:00,9734,9736,9732,9732,622,256672,60477060.0,OI2601
2025-09-03 22:10:00,9732,9740,9732,9737,1176,256734,114342480.0,OI2601
2025-09-03 22:11:00,9737,9742,9734,9735,958,256765,93146340.0,OI2601
2025-09-03 22:12:00,9735,9739,9735,9738,350,256842,34030500.0,OI2601
2025-09-03 22:13:00,9738,9739,9732,9734,385,256867,37995560.0,OI2601
2025-09-03 22:14:00,9734,9737,9734,9737,254,256805,24698960.0,OI2601
2025-09-03 22:15:00,9736,9742,9736,9741,809,256759,78667160.0,OI2601
2025-09-03 22:16:00,9742,9745,9741,9743,935,256610,90919400.0,OI2601
2025-09-03 22:17:00,9744,9748,9743,9748,678,256596,65928720.0,OI2601
2025-09-03 22:18:00,9749,9750,9744,9745,878,256731,85974270.0,OI2601
2025-09-03 22:19:00,9745,9748,9744,9744,349,256747,33940250.0,OI2601
2025-09-03 22:20:00,9743,9743,9740,9742,777,256589,75563250.0,OI2601
2025-09-03 22:21:00,9742,9747,9741,9745,866,256484,84218500.0,OI2601
2025-09-03 22:22:00,9745,9750,9745,9750,663,256522,65100850.0,OI2601
2025-09-03 22:23:00,9749,9750,9745,9746,516,256528,50186160.0,OI2601
2025-09-03 22:24:00,9746,9748,9744,9744,358,256460,34819080.0,OI2601
2025-09-03 22:25:00,9744,9747,9744,9745,380,256491,36958800.0,OI2601
2025-09-03 22:26:00,9745,9745,9740,9741,602,256430,58550520.0,OI2601
2025-09-03 22:27:00,9742,9742,9736,9737,947,256249,92105220.0,OI2601
2025-09-03 22:28:00,9736,9737,9732,9732,1045,256085,101636700.0,OI2601
2025-09-03 22:29:00,9732,9739,9732,9738,571,256039,55535460.0,OI2601
2025-09-03 22:30:00,9737,9740,9732,9733,837,256159,82083280.0,OI2601
2025-09-03 22:31:00,9733,9738,9733,9736,375,256125,36476250.0,OI2601
2025-09-03 22:32:00,9735,9738,9734,9736,381,255998,37059870.0,OI2601
2025-09-03 22:33:00,9737,9743,9736,9742,616,255931,59918320.0,OI2601
2025-09-03 22:34:00,9742,9748,9742,9748,1131,255918,110012370.0,OI2601
2025-09-03 22:35:00,9747,9748,9743,9744,521,255899,50677670.0,OI2601
2025-09-03 22:36:00,9744,9746,9743,9744,375,255965,36476250.0,OI2601
2025-09-03 22:37:00,9744,9747,9743,9745,365,255984,35503550.0,OI2601
2025-09-03 22:38:00,9745,9745,9740,9744,372,256018,36902460.0,OI2601
2025-09-03 22:39:00,9743,9748,9742,9748,491,256007,47764480.0,OI2601
2025-09-03 22:40:00,9747,9750,9744,9746,854,256104,83077120.0,OI2601
2025-09-03 22:41:00,9745,9748,9745,9746,266,256092,25876480.0,OI2601
2025-09-03 22:42:00,9746,9746,9743,9743,286,256080,27822080.0,OI2601
2025-09-03 22:43:00,9743,9743,9740,9742,249,256056,24222720.0,OI2601
2025-09-03 22:44:00,9741,9742,9740,9741,165,256030,16051200.0,OI2601
2025-09-03 22:45:00,9741,9743,9740,9741,236,255982,22958080.0,OI2601
2025-09-03 22:46:00,9740,9743,9739,9739,399,255893,38814720.0,OI2601
2025-09-03 22:47:00,9740,9742,9739,9741,137,255895,13327360.0,OI2601
2025-09-03 22:48:00,9741,9741,9738,9739,436,255963,42414080.0,OI2601
2025-09-03 22:49:00,9739,9740,9734,9735,570,255851,55449600.0,OI2601
2025-09-03 22:50:00,9734,9736,9733,9734,358,255714,34826240.0,OI2601
2025-09-03 22:51:00,9734,9736,9734,9736,229,255703,22277120.0,OI2601
2025-09-03 22:52:00,9735,9740,9735,9740,295,255697,28697600.0,OI2601
2025-09-03 22:53:00,9741,9741,9737,9738,253,255714,24611840.0,OI2601
2025-09-03 22:54:00,9738,9740,9737,9738,504,255606,49804420.0,OI2601
2025-09-03 22:55:00,9738,9744,9738,9739,458,255545,44558820.0,OI2601
2025-09-03 22:56:00,9739,9741,9738,9739,229,255514,22279410.0,OI2601
2025-09-03 22:57:00,9739,9740,9735,9736,232,255476,22571280.0,OI2601
2025-09-03 22:58:00,9736,9738,9736,9737,251,255403,24419790.0,OI2601
2025-09-03 22:59:00,9736,9738,9732,9732,720,255246,70048800.0,OI2601
2025-09-04 09:00:00,9726,9726,9709,9712,4620,254691,448639400.0,OI2601
2025-09-04 09:01:00,9711,9711,9685,9692,9239,253430,895971550.0,OI2601
2025-09-04 09:02:00,9693,9694,9670,9671,6169,253771,596951810.0,OI2601
2025-09-04 09:03:00,9673,9689,9673,9689,3726,252800,361209980.0,OI2601
2025-09-04 09:04:00,9689,9692,9685,9685,1780,252857,171984260.0,OI2601
2025-09-04 09:05:00,9684,9688,9679,9683,2184,252845,211213420.0,OI2601
2025-09-04 09:06:00,9682,9692,9670,9690,4509,252821,437113240.0,OI2601
2025-09-04 09:07:00,9691,9697,9688,9690,3511,251631,340047400.0,OI2601
2025-09-04 09:08:00,9691,9692,9680,9682,2605,251400,251950220.0,OI2601
2025-09-04 09:09:00,9682,9686,9680,9685,839,251395,81517240.0,OI2601
2025-09-04 09:10:00,9684,9688,9681,9688,1077,251273,104641320.0,OI2601
2025-09-04 09:11:00,9688,9694,9687,9689,1347,251351,130874520.0,OI2601
2025-09-04 09:12:00,9690,9693,9685,9690,1375,250888,132370990.0,OI2601
2025-09-04 09:13:00,9690,9690,9683,9687,533,250714,51780950.0,OI2601
2025-09-04 09:14:00,9687,9689,9679,9682,921,250909,89475150.0,OI2601
2025-09-04 09:15:00,9681,9684,9679,9683,1009,250786,98024350.0,OI2601
2025-09-04 09:16:00,9682,9685,9680,9680,634,250832,60338120.0,OI2601
2025-09-04 09:17:00,9680,9681,9663,9664,2927,251730,283044530.0,OI2601
2025-09-04 09:18:00,9663,9667,9662,9664,1780,251877,172891400.0,OI2601
2025-09-04 09:19:00,9665,9665,9656,9658,2369,252271,228775230.0,OI2601
2025-09-04 09:20:00,9658,9660,9655,9657,1296,252510,124528820.0,OI2601
2025-09-04 09:21:00,9655,9664,9655,9663,1008,252450,97886880.0,OI2601
2025-09-04 09:22:00,9664,9671,9663,9668,1086,252237,105461460.0,OI2601
2025-09-04 09:23:00,9667,9673,9667,9672,776,252121,73989960.0,OI2601
2025-09-04 09:24:00,9672,9675,9670,9672,772,251883,74961200.0,OI2601
2025-09-04 09:25:00,9673,9680,9673,9678,994,251660,96517400.0,OI2601
2025-09-04 09:26:00,9678,9681,9677,9679,874,251592,84865400.0,OI2601
2025-09-04 09:27:00,9679,9683,9679,9679,761,251463,73893100.0,OI2601
2025-09-04 09:28:00,9679,9680,9676,9677,637,251460,60444920.0,OI2601
2025-09-04 09:29:00,9677,9679,9675,9677,764,251546,74176760.0,OI2601
2025-09-04 09:30:00,9677,9687,9676,9684,1225,251394,118935250.0,OI2601
2025-09-04 09:31:00,9685,9688,9684,9685,797,251310,77380730.0,OI2601
2025-09-04 09:32:00,9685,9690,9680,9690,2113,250761,205151170.0,OI2601
2025-09-04 09:33:00,9690,9690,9685,9685,649,250615,61548150.0,OI2601
2025-09-04 09:34:00,9686,9687,9685,9686,388,250575,37667040.0,OI2601
2025-09-04 09:35:00,9685,9689,9684,9687,663,250519,64364040.0,OI2601
2025-09-04 09:36:00,9686,9689,9684,9684,580,250588,56306400.0,OI2601
2025-09-04 09:37:00,9684,9684,9680,9680,509,250531,49413720.0,OI2601
2025-09-04 09:38:00,9680,9684,9680,9682,312,250572,30288960.0,OI2601
2025-09-04 09:39:00,9682,9685,9681,9682,444,250561,43103520.0,OI2601
2025-09-04 09:40:00,9683,9688,9683,9687,361,250541,35045880.0,OI2601
2025-09-04 09:41:00,9686,9686,9681,9681,264,250506,25629120.0,OI2601
2025-09-04 09:42:00,9681,9683,9680,9681,160,250510,15532800.0,OI2601
2025-09-04 09:43:00,9681,9681,9676,9676,635,250616,61645800.0,OI2601
2025-09-04 09:44:00,9676,9678,9671,9677,801,250517,77761080.0,OI2601
2025-09-04 09:45:00,9676,9678,9675,9678,215,250475,19355620.0,OI2601
2025-09-04 09:46:00,9678,9686,9678,9684,698,250317,67754860.0,OI2601
2025-09-04 09:47:00,9684,9686,9683,9685,499,250254,48437930.0,OI2601
2025-09-04 09:48:00,9684,9685,9679,9679,629,250334,61057030.0,OI2601
2025-09-04 09:49:00,9679,9681,9679,9679,226,250321,21937820.0,OI2601
2025-09-04 09:50:00,9679,9680,9675,9676,261,250308,25335270.0,OI2601
2025-09-04 09:51:00,9676,9681,9676,9680,211,250263,20481770.0,OI2601
2025-09-04 09:52:00,9680,9685,9680,9684,246,250193,23879220.0,OI2601
2025-09-04 09:53:00,9683,9685,9680,9685,516,250192,50088120.0,OI2601
2025-09-04 09:54:00,9685,9685,9682,9683,329,250188,31936030.0,OI2601
2025-09-04 09:55:00,9683,9693,9683,9690,1410,250015,136868700.0,OI2601
2025-09-04 09:56:00,9690,9690,9688,9688,348,250091,33780360.0,OI2601
2025-09-04 09:57:00,9688,9689,9686,9687,441,250081,42807870.0,OI2601
2025-09-04 09:58:00,9687,9688,9679,9682,441,250028,42807870.0,OI2601
2025-09-04 09:59:00,9682,9682,9679,9679,319,250093,30965330.0,OI2601
2025-09-04 10:00:00,9680,9685,9679,9683,458,250117,42871160.0,OI2601
2025-09-04 10:01:00,9684,9685,9678,9680,422,250151,40959320.0,OI2601
2025-09-04 10:02:00,9680,9683,9677,9683,350,250178,33971000.0,OI2601
2025-09-04 10:03:00,9683,9684,9680,9681,390,250133,37853400.0,OI2601
2025-09-04 10:04:00,9682,9685,9678,9681,449,250130,43579940.0,OI2601
2025-09-04 10:05:00,9681,9683,9680,9681,200,250108,19412000.0,OI2601
2025-09-04 10:06:00,9681,9681,9678,9680,433,250127,42026980.0,OI2601
2025-09-04 10:07:00,9681,9683,9677,9679,315,250062,30573900.0,OI2601
2025-09-04 10:08:00,9679,9680,9677,9677,263,250077,25526780.0,OI2601
2025-09-04 10:09:00,9677,9678,9673,9677,362,250070,35135720.0,OI2601
2025-09-04 10:10:00,9677,9683,9677,9677,384,250007,37271040.0,OI2601
2025-09-04 10:11:00,9678,9690,9678,9687,872,249893,84636320.0,OI2601
2025-09-04 10:12:00,9687,9687,9682,9683,890,250035,86383400.0,OI2601
2025-09-04 10:13:00,9683,9683,9676,9680,629,250148,61050740.0,OI2601
2025-09-04 10:14:00,9679,9684,9679,9682,506,250166,47460810.0,OI2601
2025-09-04 10:30:00,9684,9686,9677,9684,899,250231,87247950.0,OI2601
2025-09-04 10:31:00,9686,9692,9685,9691,1058,250147,102678900.0,OI2601
2025-09-04 10:32:00,9691,9699,9689,9698,1155,250012,112092750.0,OI2601
2025-09-04 10:33:00,9698,9698,9693,9695,965,250184,93653250.0,OI2601
2025-09-04 10:34:00,9696,9696,9686,9689,924,250164,89674200.0,OI2601
2025-09-04 10:35:00,9689,9693,9687,9692,547,250187,53086350.0,OI2601
2025-09-04 10:36:00,9692,9696,9686,9687,592,250225,57453600.0,OI2601
2025-09-04 10:37:00,9688,9688,9682,9683,761,250345,73855050.0,OI2601
2025-09-04 10:38:00,9682,9688,9682,9686,459,250245,44545950.0,OI2601
2025-09-04 10:39:00,9687,9694,9686,9694,561,250232,54445050.0,OI2601
2025-09-04 10:40:00,9694,9694,9691,9694,743,250494,72108150.0,OI2601
2025-09-04 10:41:00,9694,9694,9690,9691,754,250430,73175700.0,OI2601
2025-09-04 10:42:00,9691,9691,9682,9685,737,250376,71525850.0,OI2601
2025-09-04 10:43:00,9685,9688,9683,9687,664,250435,62681460.0,OI2601
2025-09-04 10:44:00,9687,9688,9682,9685,503,250493,48811120.0,OI2601
2025-09-04 10:45:00,9686,9694,9685,9693,738,250554,71615520.0,OI2601
2025-09-04 10:46:00,9693,9705,9692,9705,1750,250552,169820000.0,OI2601
2025-09-04 10:47:00,9706,9715,9703,9712,2328,249949,225909120.0,OI2601
2025-09-04 10:48:00,9713,9713,9702,9703,1298,249989,125957920.0,OI2601
2025-09-04 10:49:00,9703,9705,9698,9703,1220,249994,118388800.0,OI2601
2025-09-04 10:50:00,9703,9704,9701,9701,384,249961,37263360.0,OI2601
2025-09-04 10:51:00,9701,9710,9701,9706,563,249858,54633520.0,OI2601
2025-09-04 10:52:00,9706,9706,9697,9698,505,249786,49005200.0,OI2601
2025-09-04 10:53:00,9698,9699,9692,9696,515,249792,49975600.0,OI2601
2025-09-04 10:54:00,9696,9699,9694,9694,410,249775,39786400.0,OI2601
2025-09-04 10:55:00,9694,9706,9694,9706,508,249638,49296320.0,OI2601
2025-09-04 10:56:00,9706,9708,9703,9704,493,249608,47840720.0,OI2601
2025-09-04 10:57:00,9703,9703,9701,9702,161,249567,15623440.0,OI2601
2025-09-04 10:58:00,9703,9703,9699,9700,626,249492,60747040.0,OI2601
2025-09-04 10:59:00,9700,9703,9699,9703,208,249444,20184320.0,OI2601
2025-09-04 11:00:00,9703,9710,9703,9708,567,249442,55021680.0,OI2601
2025-09-04 11:01:00,9709,9712,9706,9710,574,249418,55700960.0,OI2601
2025-09-04 11:02:00,9711,9712,9706,9709,1514,249192,146918560.0,OI2601
2025-09-04 11:03:00,9709,9711,9706,9707,773,249123,75011920.0,OI2601
2025-09-04 11:04:00,9705,9712,9705,9708,604,249006,58612160.0,OI2601
2025-09-04 11:05:00,9708,9714,9708,9711,871,248941,84521840.0,OI2601
2025-09-04 11:06:00,9712,9716,9706,9715,720,248865,69868800.0,OI2601
2025-09-04 11:07:00,9714,9714,9707,9707,444,248821,45028270.0,OI2601
2025-09-04 11:08:00,9708,9710,9705,9709,994,248369,96467700.0,OI2601
2025-09-04 11:09:00,9709,9709,9704,9706,563,248316,54639150.0,OI2601
2025-09-04 11:10:00,9706,9708,9705,9708,444,248260,43090200.0,OI2601
2025-09-04 11:11:00,9709,9711,9704,9704,500,248225,48525000.0,OI2601
2025-09-04 11:12:00,9704,9712,9704,9707,645,248326,62597250.0,OI2601
2025-09-04 11:13:00,9708,9709,9702,9704,419,248254,40663950.0,OI2601
2025-09-04 11:14:00,9705,9706,9704,9704,296,248204,28726800.0,OI2601
2025-09-04 11:15:00,9702,9712,9701,9708,794,248117,77057700.0,OI2601
2025-09-04 11:16:00,9709,9711,9708,9710,332,248084,32220600.0,OI2601
2025-09-04 11:17:00,9710,9715,9708,9715,719,248112,69778950.0,OI2601
2025-09-04 11:18:00,9715,9723,9715,9722,1159,248178,112480950.0,OI2601
2025-09-04 11:19:00,9723,9725,9718,9720,717,248248,69584850.0,OI2601
2025-09-04 11:20:00,9720,9727,9719,9723,1058,248312,102678900.0,OI2601
2025-09-04 11:21:00,9724,9726,9721,9724,722,248468,70070100.0,OI2601
2025-09-04 11:22:00,9724,9727,9724,9725,513,248456,49786650.0,OI2601
2025-09-04 11:23:00,9726,9727,9722,9726,433,248434,42022650.0,OI2601
2025-09-04 11:24:00,9727,9731,9724,9729,884,248568,85792200.0,OI2601
2025-09-04 11:25:00,9730,9733,9728,9732,1235,248672,119856750.0,OI2601
2025-09-04 11:26:00,9732,9735,9724,9727,1887,248185,183133350.0,OI2601
2025-09-04 11:27:00,9727,9738,9727,9736,1367,247938,134766670.0,OI2601
2025-09-04 11:28:00,9737,9742,9734,9742,972,247937,94342320.0,OI2601
2025-09-04 11:29:00,9741,9749,9740,9743,1700,247620,165002000.0,OI2601
2025-09-04 13:30:00,9744,9746,9730,9734,2527,247264,245270620.0,OI2601
2025-09-04 13:31:00,9734,9734,9727,9730,1248,247208,123294670.0,OI2601
2025-09-04 13:32:00,9729,9736,9729,9733,1105,247142,107262350.0,OI2601
2025-09-04 13:33:00,9733,9735,9728,9729,906,247178,87945420.0,OI2601
2025-09-04 13:34:00,9729,9733,9729,9732,589,247147,57174230.0,OI2601
2025-09-04 13:35:00,9732,9732,9729,9732,556,247236,53970920.0,OI2601
2025-09-04 13:36:00,9732,9735,9728,9731,759,247345,73676130.0,OI2601
2025-09-04 13:37:00,9731,9731,9728,9730,632,247480,61348240.0,OI2601
2025-09-04 13:38:00,9730,9736,9729,9735,524,247575,50864680.0,OI2601
2025-09-04 13:39:00,9734,9734,9731,9732,395,247628,38342650.0,OI2601
2025-09-04 13:40:00,9733,9739,9732,9739,590,247677,57271300.0,OI2601
2025-09-04 13:41:00,9738,9740,9734,9736,693,247703,67269510.0,OI2601
2025-09-04 13:42:00,9736,9736,9733,9735,900,247379,89603280.0,OI2601
2025-09-04 13:43:00,9734,9735,9732,9733,947,247308,91934760.0,OI2601
2025-09-04 13:44:00,9733,9736,9733,9734,304,247304,29512320.0,OI2601
2025-09-04 13:45:00,9735,9736,9733,9735,429,247367,41647320.0,OI2601
2025-09-04 13:46:00,9735,9741,9734,9738,940,247434,91255200.0,OI2601
2025-09-04 13:47:00,9738,9739,9736,9737,471,247400,45724680.0,OI2601
2025-09-04 13:48:00,9738,9738,9733,9736,451,247377,43783080.0,OI2601
2025-09-04 13:49:00,9736,9741,9735,9741,429,247431,41647320.0,OI2601
2025-09-04 13:50:00,9741,9743,9740,9741,470,247423,45627600.0,OI2601
2025-09-04 13:51:00,9742,9744,9741,9742,318,247441,30871440.0,OI2601
2025-09-04 13:52:00,9742,9743,9739,9741,266,247439,25823280.0,OI2601
2025-09-04 13:53:00,9741,9742,9740,9741,188,247471,18251040.0,OI2601
2025-09-04 13:54:00,9742,9746,9741,9742,418,247565,40579440.0,OI2601
2025-09-04 13:55:00,9743,9745,9742,9744,293,247600,28444440.0,OI2601
2025-09-04 13:56:00,9744,9747,9741,9746,1675,247222,164925270.0,OI2601
2025-09-04 13:57:00,9745,9747,9741,9743,375,247155,36408750.0,OI2601
2025-09-04 13:58:00,9743,9744,9737,9740,609,247173,59127810.0,OI2601
2025-09-04 13:59:00,9739,9741,9738,9740,211,247198,20485990.0,OI2601
2025-09-04 14:00:00,9740,9741,9738,9738,384,247201,37282560.0,OI2601
2025-09-04 14:01:00,9739,9745,9739,9743,719,247156,69807710.0,OI2601
2025-09-04 14:02:00,9742,9743,9741,9742,293,247227,28447370.0,OI2601
2025-09-04 14:03:00,9742,9744,9741,9744,195,247225,18932550.0,OI2601
2025-09-04 14:04:00,9743,9743,9739,9740,287,247180,27864830.0,OI2601
2025-09-04 14:05:00,9740,9743,9737,9738,394,247185,38253460.0,OI2601
2025-09-04 14:06:00,9738,9739,9737,9739,409,247205,39709810.0,OI2601
2025-09-04 14:07:00,9739,9742,9737,9737,406,247245,39418540.0,OI2601
2025-09-04 14:08:00,9737,9741,9737,9741,470,247231,45632300.0,OI2601
2025-09-04 14:09:00,9741,9743,9740,9742,281,247221,27282290.0,OI2601
2025-09-04 14:10:00,9742,9742,9737,9739,519,247235,50389710.0,OI2601
2025-09-04 14:11:00,9739,9742,9738,9740,715,247058,69419350.0,OI2601
2025-09-04 14:12:00,9740,9741,9739,9740,278,247050,26991020.0,OI2601
2025-09-04 14:13:00,9740,9744,9738,9741,435,247038,44620220.0,OI2601
2025-09-04 14:14:00,9742,9756,9742,9753,2589,246806,251391900.0,OI2601
2025-09-04 14:15:00,9752,9754,9750,9751,570,246782,55347000.0,OI2601
2025-09-04 14:16:00,9746,9746,9741,9743,1771,246697,171964100.0,OI2601
2025-09-04 14:17:00,9743,9745,9739,9739,533,246606,51754300.0,OI2601
2025-09-04 14:18:00,9739,9739,9735,9736,749,246537,72727900.0,OI2601
2025-09-04 14:19:00,9736,9741,9736,9741,604,246490,61102630.0,OI2601
2025-09-04 14:20:00,9740,9742,9738,9738,345,246511,33502950.0,OI2601
2025-09-04 14:21:00,9738,9738,9734,9735,749,246642,72735390.0,OI2601
2025-09-04 14:22:00,9735,9736,9732,9733,830,246594,80601300.0,OI2601
2025-09-04 14:23:00,9733,9735,9732,9735,376,246586,36513360.0,OI2601
2025-09-04 14:24:00,9734,9741,9733,9741,458,246666,44476380.0,OI2601
2025-09-04 14:25:00,9741,9741,9738,9738,392,246670,38067120.0,OI2601
2025-09-04 14:26:00,9739,9742,9738,9740,899,246612,87301890.0,OI2601
2025-09-04 14:27:00,9740,9742,9739,9739,807,246552,78367770.0,OI2601
2025-09-04 14:28:00,9740,9747,9740,9745,780,246460,75745800.0,OI2601
2025-09-04 14:29:00,9745,9745,9741,9743,316,246469,30686760.0,OI2601
2025-09-04 14:30:00,9742,9744,9739,9743,488,246442,47389680.0,OI2601
2025-09-04 14:31:00,9744,9744,9739,9740,291,246470,28259010.0,OI2601
2025-09-04 14:32:00,9740,9741,9739,9741,293,246468,28453230.0,OI2601
2025-09-04 14:33:00,9741,9741,9733,9733,753,246417,73123830.0,OI2601
2025-09-04 14:34:00,9733,9733,9730,9731,759,246312,73706490.0,OI2601
2025-09-04 14:35:00,9730,9734,9727,9727,1096,246196,108983110.0,OI2601
2025-09-04 14:36:00,9728,9729,9724,9728,1055,245853,102461600.0,OI2601
2025-09-04 14:37:00,9728,9733,9725,9730,976,245714,94789120.0,OI2601
2025-09-04 14:38:00,9730,9733,9729,9733,444,245689,43121280.0,OI2601
2025-09-04 14:39:00,9733,9736,9731,9734,594,245627,57689280.0,OI2601
2025-09-04 14:40:00,9734,9734,9731,9733,369,245576,35837280.0,OI2601
2025-09-04 14:41:00,9733,9740,9733,9739,782,245594,75947840.0,OI2601
2025-09-04 14:42:00,9739,9740,9737,9740,248,245557,24085760.0,OI2601
2025-09-04 14:43:00,9739,9744,9739,9743,469,245516,45549280.0,OI2601
2025-09-04 14:44:00,9743,9747,9742,9746,646,245506,62739520.0,OI2601
2025-09-04 14:45:00,9745,9746,9742,9743,781,245506,75850720.0,OI2601
2025-09-04 14:46:00,9743,9743,9740,9741,485,245562,47103200.0,OI2601
2025-09-04 14:47:00,9741,9744,9739,9739,561,245744,54484320.0,OI2601
2025-09-04 14:48:00,9739,9739,9734,9735,778,245618,75559360.0,OI2601
2025-09-04 14:49:00,9735,9736,9733,9735,461,245521,44772320.0,OI2601
2025-09-04 14:50:00,9735,9738,9734,9737,314,245516,30495680.0,OI2601
2025-09-04 14:51:00,9736,9739,9736,9738,251,245472,24377120.0,OI2601
2025-09-04 14:52:00,9738,9742,9738,9739,854,245366,82940480.0,OI2601
2025-09-04 14:53:00,9739,9742,9738,9742,157,245381,15247840.0,OI2601
2025-09-04 14:54:00,9741,9742,9739,9742,302,245392,31986060.0,OI2601
2025-09-04 14:55:00,9741,9742,9736,9736,465,245290,45165450.0,OI2601
2025-09-04 14:56:00,9736,9740,9736,9737,428,245267,41571640.0,OI2601
2025-09-04 14:57:00,9737,9740,9736,9740,335,245240,32538550.0,OI2601
2025-09-04 14:58:00,9739,9742,9739,9742,600,245183,58278000.0,OI2601
2025-09-04 14:59:00,9742,9743,9739,9739,668,244832,64882840.0,OI2601
2025-09-04 21:00:00,9725,9730,9715,9718,5781,245031,562028820.0,OI2601
2025-09-04 21:01:00,9717,9719,9710,9714,2928,245465,284485980.0,OI2601
2025-09-04 21:02:00,9715,9724,9713,9723,1793,245665,174174580.0,OI2601
2025-09-04 21:03:00,9722,9722,9718,9720,964,245722,93805820.0,OI2601
2025-09-04 21:04:00,9720,9722,9716,9722,1122,245790,108932520.0,OI2601
2025-09-04 21:05:00,9720,9727,9720,9724,1141,245833,111031080.0,OI2601
2025-09-04 21:06:00,9724,9725,9723,9724,371,245904,36061200.0,OI2601
2025-09-04 21:07:00,9723,9725,9721,9724,515,245948,50058000.0,OI2601
2025-09-04 21:08:00,9723,9724,9719,9719,430,245922,41796000.0,OI2601
2025-09-04 21:09:00,9719,9721,9717,9717,459,245937,44614800.0,OI2601
2025-09-04 21:10:00,9717,9720,9711,9712,1745,246333,169441510.0,OI2601
2025-09-04 21:11:00,9713,9715,9712,9714,661,246412,64242590.0,OI2601
2025-09-04 21:12:00,9715,9718,9713,9716,1060,246476,103021400.0,OI2601
2025-09-04 21:13:00,9715,9718,9715,9717,347,246543,33724930.0,OI2601
2025-09-04 21:14:00,9716,9717,9715,9716,562,246592,54620780.0,OI2601
2025-09-04 21:15:00,9715,9717,9713,9716,700,246698,68033000.0,OI2601
2025-09-04 21:16:00,9716,9717,9711,9715,747,246578,72600930.0,OI2601
2025-09-04 21:17:00,9714,9721,9713,9720,747,246621,72600930.0,OI2601
2025-09-04 21:18:00,9720,9720,9712,9716,1165,246628,112993970.0,OI2601
2025-09-04 21:19:00,9716,9720,9714,9719,738,246601,71718840.0,OI2601
2025-09-04 21:20:00,9719,9722,9719,9721,1736,246585,168704480.0,OI2601
2025-09-04 21:21:00,9721,9727,9720,9725,1539,246516,149832530.0,OI2601
2025-09-04 21:22:00,9724,9725,9723,9724,283,246559,27504770.0,OI2601
2025-09-04 21:23:00,9724,9728,9724,9725,420,246572,40819800.0,OI2601
2025-09-04 21:24:00,9724,9725,9723,9724,376,246679,36543440.0,OI2601
2025-09-04 21:25:00,9724,9728,9724,9726,411,246783,39945090.0,OI2601
2025-09-04 21:26:00,9727,9728,9724,9726,262,246828,25463780.0,OI2601
2025-09-04 21:27:00,9725,9728,9725,9727,469,246879,45582110.0,OI2601
2025-09-04 21:28:00,9727,9732,9726,9732,1349,247040,131417520.0,OI2601
2025-09-04 21:29:00,9731,9732,9725,9726,587,247049,57056400.0,OI2601
2025-09-04 21:30:00,9724,9724,9718,9718,1057,247068,102740400.0,OI2601
2025-09-04 21:31:00,9719,9722,9718,9720,396,247124,38491200.0,OI2601
2025-09-04 21:32:00,9721,9722,9718,9718,545,247250,52974000.0,OI2601
2025-09-04 21:33:00,9719,9719,9717,9717,464,247326,45100800.0,OI2601
2025-09-04 21:34:00,9717,9718,9715,9717,578,247445,56181600.0,OI2601
2025-09-04 21:35:00,9716,9717,9713,9713,714,247513,69400800.0,OI2601
2025-09-04 21:36:00,9714,9719,9714,9718,565,247630,54918000.0,OI2601
2025-09-04 21:37:00,9718,9726,9717,9725,757,247632,73580400.0,OI2601
2025-09-04 21:38:00,9725,9727,9724,9726,406,247687,39463200.0,OI2601
2025-09-04 21:39:00,9726,9727,9724,9725,446,247799,43351200.0,OI2601
2025-09-04 21:40:00,9725,9725,9721,9722,436,247872,42379200.0,OI2601
2025-09-04 21:41:00,9722,9723,9720,9721,494,247997,48016800.0,OI2601
2025-09-04 21:42:00,9720,9720,9715,9716,585,248018,56862000.0,OI2601
2025-09-04 21:43:00,9716,9717,9716,9717,235,248090,22842000.0,OI2601
2025-09-04 21:44:00,9716,9718,9715,9717,541,248293,52585200.0,OI2601
2025-09-04 21:45:00,9716,9717,9714,9716,393,248349,38199600.0,OI2601
2025-09-04 21:46:00,9716,9717,9715,9716,380,248418,36936000.0,OI2601
2025-09-04 21:47:00,9716,9720,9715,9720,555,248504,53946000.0,OI2601
2025-09-04 21:48:00,9720,9725,9719,9723,553,248529,53751600.0,OI2601
2025-09-04 21:49:00,9724,9725,9722,9722,259,248501,25174800.0,OI2601
2025-09-04 21:50:00,9722,9723,9720,9720,293,248500,28479600.0,OI2601
2025-09-04 21:51:00,9721,9721,9719,9721,212,248509,20606400.0,OI2601
2025-09-04 21:52:00,9721,9724,9721,9722,274,248515,26632800.0,OI2601
2025-09-04 21:53:00,9722,9722,9718,9718,281,248507,27313200.0,OI2601
2025-09-04 21:54:00,9718,9720,9715,9718,488,248530,47433600.0,OI2601
2025-09-04 21:55:00,9718,9720,9718,9719,522,248662,50738400.0,OI2601
2025-09-04 21:56:00,9719,9720,9718,9720,238,248658,23133600.0,OI2601
2025-09-04 21:57:00,9719,9730,9719,9728,1250,248825,121500000.0,OI2601
2025-09-04 21:58:00,9727,9729,9723,9726,903,249149,87771600.0,OI2601
2025-09-04 21:59:00,9727,9729,9725,9726,574,249305,55792800.0,OI2601
2025-09-04 22:00:00,9727,9729,9725,9726,888,249424,86313600.0,OI2601
2025-09-04 22:01:00,9726,9726,9723,9725,623,249470,60555600.0,OI2601
2025-09-04 22:02:00,9724,9730,9723,9724,1176,249569,114307200.0,OI2601
2025-09-04 22:03:00,9723,9724,9720,9720,425,249514,41310000.0,OI2601
2025-09-04 22:04:00,9721,9721,9717,9720,934,249492,90784800.0,OI2601
2025-09-04 22:05:00,9721,9724,9720,9721,631,249539,61333200.0,OI2601
2025-09-04 22:06:00,9721,9729,9719,9728,976,249734,94867200.0,OI2601
2025-09-04 22:07:00,9727,9736,9727,9729,2391,249399,232953660.0,OI2601
2025-09-04 22:08:00,9729,9735,9729,9733,568,249450,55215280.0,OI2601
2025-09-04 22:09:00,9735,9736,9732,9734,500,249581,48605000.0,OI2601
2025-09-04 22:10:00,9734,9736,9732,9734,505,249632,49091050.0,OI2601
2025-09-04 22:11:00,9735,9741,9734,9740,1018,249795,99534150.0,OI2601
2025-09-04 22:12:00,9739,9741,9736,9737,832,249898,80887040.0,OI2601
2025-09-04 22:13:00,9736,9738,9735,9735,705,250021,68540100.0,OI2601
2025-09-04 22:14:00,9735,9739,9734,9738,407,250075,39568540.0,OI2601
2025-09-04 22:15:00,9739,9744,9738,9741,630,250108,61248600.0,OI2601
2025-09-04 22:16:00,9740,9743,9740,9741,438,250101,42582360.0,OI2601
2025-09-04 22:17:00,9742,9742,9738,9739,527,250173,51844700.0,OI2601
2025-09-04 22:18:00,9739,9742,9738,9738,475,250211,46184250.0,OI2601
2025-09-04 22:19:00,9739,9739,9736,9738,421,250143,40933830.0,OI2601
2025-09-04 22:20:00,9737,9740,9737,9740,248,250179,24113040.0,OI2601
2025-09-04 22:21:00,9740,9740,9736,9737,395,250185,38405850.0,OI2601
2025-09-04 22:22:00,9737,9741,9735,9740,489,250317,47545470.0,OI2601
2025-09-04 22:23:00,9740,9741,9737,9738,342,250310,33252660.0,OI2601
2025-09-04 22:24:00,9738,9741,9737,9740,388,250424,37725240.0,OI2601
2025-09-04 22:25:00,9740,9746,9739,9743,894,250559,87569900.0,OI2601
2025-09-04 22:26:00,9742,9742,9738,9739,528,250585,51342720.0,OI2601
2025-09-04 22:27:00,9739,9741,9738,9739,413,250679,40160120.0,OI2601
2025-09-04 22:28:00,9740,9740,9738,9738,144,250653,14002560.0,OI2601
2025-09-04 22:29:00,9739,9741,9739,9740,147,250667,14294280.0,OI2601
2025-09-04 22:30:00,9739,9740,9733,9733,760,250519,73902400.0,OI2601
2025-09-04 22:31:00,9734,9738,9734,9736,374,250541,36367760.0,OI2601
2025-09-04 22:32:00,9736,9737,9732,9733,491,250478,47744840.0,OI2601
2025-09-04 22:33:00,9732,9736,9732,9735,378,250466,36756720.0,OI2601
2025-09-04 22:34:00,9735,9735,9733,9734,134,250476,13030160.0,OI2601
2025-09-04 22:35:00,9734,9735,9734,9735,165,250445,16044600.0,OI2601
2025-09-04 22:36:00,9734,9736,9733,9735,139,250431,13516360.0,OI2601
2025-09-04 22:37:00,9735,9737,9728,9729,711,250308,69137640.0,OI2601
2025-09-04 22:38:00,9730,9731,9729,9730,248,250241,24115520.0,OI2601
2025-09-04 22:39:00,9731,9734,9731,9734,497,250192,48328280.0,OI2601
2025-09-04 22:40:00,9734,9734,9730,9731,249,250143,24212760.0,OI2601
2025-09-04 22:41:00,9731,9731,9729,9730,292,250121,28394080.0,OI2601
2025-09-04 22:42:00,9730,9735,9730,9733,278,250060,27032720.0,OI2601
2025-09-04 22:43:00,9734,9735,9732,9733,217,250028,21809010.0,OI2601
2025-09-04 22:44:00,9733,9733,9732,9733,195,250013,18963750.0,OI2601
2025-09-04 22:45:00,9734,9736,9734,9734,259,250006,25187750.0,OI2601
2025-09-04 22:46:00,9733,9735,9733,9733,267,249980,25965750.0,OI2601
2025-09-04 22:47:00,9732,9736,9732,9736,301,249916,29272250.0,OI2601
2025-09-04 22:48:00,9735,9737,9734,9734,236,249874,22951000.0,OI2601
2025-09-04 22:49:00,9734,9740,9734,9739,498,249919,48430500.0,OI2601
2025-09-04 22:50:00,9740,9741,9736,9740,492,249910,47847000.0,OI2601
2025-09-04 22:51:00,9740,9742,9739,9739,293,249913,28494250.0,OI2601
2025-09-04 22:52:00,9740,9741,9737,9737,151,249906,14684750.0,OI2601
2025-09-04 22:53:00,9737,9740,9737,9740,107,249887,10405750.0,OI2601
2025-09-04 22:54:00,9739,9740,9738,9740,144,249871,14004000.0,OI2601
2025-09-04 22:55:00,9740,9741,9738,9739,237,249830,23048250.0,OI2601
2025-09-04 22:56:00,9739,9741,9737,9738,524,249690,50959000.0,OI2601
2025-09-04 22:57:00,9738,9738,9736,9736,445,249711,43276250.0,OI2601
2025-09-04 22:58:00,9736,9739,9736,9738,242,249654,23534500.0,OI2601
2025-09-04 22:59:00,9739,9740,9735,9738,716,249308,69631000.0,OI2601
2025-09-05 09:00:00,9742,9761,9742,9754,3191,249780,311115660.0,OI2601
2025-09-05 09:01:00,9753,9754,9745,9747,1639,249602,160216440.0,OI2601
2025-09-05 09:02:00,9748,9748,9743,9747,1064,249645,103495280.0,OI2601
2025-09-05 09:03:00,9746,9751,9745,9748,700,249695,68089000.0,OI2601
2025-09-05 09:04:00,9748,9754,9746,9753,613,249658,60457580.0,OI2601
2025-09-05 09:05:00,9753,9764,9753,9759,1971,249770,191738880.0,OI2601
2025-09-05 09:06:00,9759,9759,9750,9752,986,249605,96778720.0,OI2601
2025-09-05 09:07:00,9752,9753,9750,9751,547,249612,53217630.0,OI2601
2025-09-05 09:08:00,9751,9751,9746,9750,1639,249755,159458310.0,OI2601
2025-09-05 09:09:00,9751,9751,9748,9750,375,249784,36483750.0,OI2601
2025-09-05 09:10:00,9750,9751,9748,9750,399,249731,38818710.0,OI2601
2025-09-05 09:11:00,9749,9750,9748,9750,307,249694,29868030.0,OI2601
2025-09-05 09:12:00,9751,9754,9750,9753,472,249707,45920880.0,OI2601
2025-09-05 09:13:00,9752,9754,9751,9752,382,249624,38066630.0,OI2601
2025-09-05 09:14:00,9751,9752,9747,9748,372,249552,36195600.0,OI2601
2025-09-05 09:15:00,9748,9748,9744,9746,497,249449,48358100.0,OI2601
2025-09-05 09:16:00,9746,9746,9743,9745,335,249482,32595500.0,OI2601
2025-09-05 09:17:00,9744,9744,9742,9743,446,249498,43395800.0,OI2601
2025-09-05 09:18:00,9742,9745,9740,9742,589,249576,57309700.0,OI2601
2025-09-05 09:19:00,9742,9744,9741,9741,543,249672,52833900.0,OI2601
2025-09-05 09:20:00,9742,9742,9740,9740,510,249739,49623000.0,OI2601
2025-09-05 09:21:00,9740,9741,9737,9737,377,249772,36682100.0,OI2601
2025-09-05 09:22:00,9738,9739,9736,9738,1001,249999,97397300.0,OI2601
2025-09-05 09:23:00,9738,9740,9737,9737,256,250007,24908800.0,OI2601
2025-09-05 09:24:00,9737,9744,9737,9743,399,249963,38822700.0,OI2601
2025-09-05 09:25:00,9743,9746,9742,9745,407,249981,39601100.0,OI2601
2025-09-05 09:26:00,9746,9746,9742,9743,342,249928,33276600.0,OI2601
2025-09-05 09:27:00,9744,9751,9744,9750,807,249865,78521100.0,OI2601
2025-09-05 09:28:00,9750,9751,9748,9749,362,249897,36196880.0,OI2601
2025-09-05 09:29:00,9749,9750,9748,9749,177,249961,17223870.0,OI2601
2025-09-05 09:30:00,9750,9751,9746,9747,407,249945,39605170.0,OI2601
2025-09-05 09:31:00,9746,9748,9743,9743,633,249948,61597230.0,OI2601
2025-09-05 09:32:00,9744,9747,9744,9746,253,249995,24619430.0,OI2601
2025-09-05 09:33:00,9746,9749,9745,9745,259,250018,25203290.0,OI2601
2025-09-05 09:34:00,9746,9751,9745,9749,286,250044,27830660.0,OI2601
2025-09-05 09:35:00,9748,9749,9747,9749,180,250019,17515800.0,OI2601
2025-09-05 09:36:00,9750,9750,9748,9749,206,250024,20045860.0,OI2601
2025-09-05 09:37:00,9750,9754,9748,9753,478,250033,46514180.0,OI2601
2025-09-05 09:38:00,9753,9755,9752,9755,392,250052,38145520.0,OI2601
2025-09-05 09:39:00,9754,9756,9751,9752,769,250002,74831390.0,OI2601
2025-09-05 09:40:00,9753,9753,9748,9748,374,249948,36393940.0,OI2601
2025-09-05 09:41:00,9749,9751,9748,9750,161,249996,15666910.0,OI2601
2025-09-05 09:42:00,9750,9750,9744,9745,390,250024,37950900.0,OI2601
2025-09-05 09:43:00,9746,9746,9742,9745,434,250120,43260810.0,OI2601
2025-09-05 09:44:00,9746,9747,9740,9744,755,250285,73476600.0,OI2601
2025-09-05 09:45:00,9744,9747,9744,9746,190,250322,18490800.0,OI2601
2025-09-05 09:46:00,9746,9746,9742,9746,411,250365,39998520.0,OI2601
2025-09-05 09:47:00,9747,9747,9741,9742,517,250263,50314440.0,OI2601
2025-09-05 09:48:00,9742,9746,9741,9746,293,250226,28514760.0,OI2601
2025-09-05 09:49:00,9746,9750,9745,9748,333,250189,32407560.0,OI2601
2025-09-05 09:50:00,9748,9748,9746,9746,113,250160,10997160.0,OI2601
2025-09-05 09:51:00,9748,9751,9748,9751,310,250238,30169200.0,OI2601
2025-09-05 09:52:00,9751,9754,9750,9754,510,250326,49633200.0,OI2601
2025-09-05 09:53:00,9753,9762,9753,9762,1752,250713,170504640.0,OI2601
2025-09-05 09:54:00,9762,9764,9757,9761,1071,250606,105320540.0,OI2601
2025-09-05 09:55:00,9760,9766,9760,9764,1037,250738,100931210.0,OI2601
2025-09-05 09:56:00,9765,9768,9760,9761,1021,250923,99373930.0,OI2601
2025-09-05 09:57:00,9760,9762,9757,9758,540,250900,52558200.0,OI2601
2025-09-05 09:58:00,9758,9760,9757,9759,351,250865,34162830.0,OI2601
2025-09-05 09:59:00,9760,9762,9759,9759,456,250907,45507350.0,OI2601
2025-09-05 10:00:00,9760,9763,9759,9760,509,250940,49546060.0,OI2601
2025-09-05 10:01:00,9762,9762,9759,9761,315,250992,30662100.0,OI2601
2025-09-05 10:02:00,9761,9761,9753,9753,779,250838,75827860.0,OI2601
2025-09-05 10:03:00,9753,9754,9751,9753,295,250781,28715300.0,OI2601
2025-09-05 10:04:00,9752,9755,9752,9753,278,250780,27060520.0,OI2601
2025-09-05 10:05:00,9753,9754,9751,9753,242,250686,23556280.0,OI2601
2025-09-05 10:06:00,9754,9761,9752,9759,413,250594,40201420.0,OI2601
2025-09-05 10:07:00,9759,9759,9757,9758,291,250572,28325940.0,OI2601
2025-09-05 10:08:00,9759,9759,9754,9759,417,250487,40590780.0,OI2601
2025-09-05 10:09:00,9759,9759,9756,9757,188,250424,18299920.0,OI2601
2025-09-05 10:10:00,9756,9761,9755,9760,317,250482,30856780.0,OI2601
2025-09-05 10:11:00,9761,9766,9760,9760,514,250548,51203210.0,OI2601
2025-09-05 10:12:00,9761,9767,9759,9765,597,250481,58117950.0,OI2601
2025-09-05 10:13:00,9765,9768,9765,9765,458,250515,44586300.0,OI2601
2025-09-05 10:14:00,9766,9766,9762,9762,365,250444,35532750.0,OI2601
2025-09-05 10:30:00,9764,9775,9764,9772,1594,250918,155175900.0,OI2601
2025-09-05 10:31:00,9772,9782,9771,9782,2109,251086,206532830.0,OI2601
2025-09-05 10:32:00,9781,9782,9777,9778,747,251255,72727920.0,OI2601
2025-09-05 10:33:00,9779,9783,9770,9770,1425,251277,139981400.0,OI2601
2025-09-05 10:34:00,9770,9774,9768,9773,993,251226,96688410.0,OI2601
2025-09-05 10:35:00,9772,9774,9768,9770,767,251226,74682790.0,OI2601
2025-09-05 10:36:00,9770,9771,9766,9768,923,251127,91142740.0,OI2601
2025-09-05 10:37:00,9769,9770,9765,9768,640,251110,62323200.0,OI2601
2025-09-05 10:38:00,9767,9771,9767,9771,544,250964,52974720.0,OI2601
2025-09-05 10:39:00,9772,9774,9769,9770,648,250971,63102240.0,OI2601
2025-09-05 10:40:00,9769,9770,9763,9765,709,250850,69042420.0,OI2601
2025-09-05 10:41:00,9765,9765,9757,9759,965,250833,93971700.0,OI2601
2025-09-05 10:42:00,9760,9765,9758,9765,625,250766,60862500.0,OI2601
2025-09-05 10:43:00,9765,9770,9763,9768,741,250919,73477530.0,OI2601
2025-09-05 10:44:00,9769,9770,9765,9766,474,250861,46162860.0,OI2601
2025-09-05 10:45:00,9766,9770,9764,9769,600,250795,58434000.0,OI2601
2025-09-05 10:46:00,9769,9771,9766,9766,471,250805,45870690.0,OI2601
2025-09-05 10:47:00,9767,9769,9766,9769,348,250780,33891720.0,OI2601
2025-09-05 10:48:00,9769,9771,9767,9770,442,250760,43046380.0,OI2601
2025-09-05 10:49:00,9770,9774,9768,9774,564,250680,54927960.0,OI2601
2025-09-05 10:50:00,9773,9777,9770,9771,1753,250686,172090140.0,OI2601
2025-09-05 10:51:00,9771,9774,9771,9772,634,250678,61751600.0,OI2601
2025-09-05 10:52:00,9772,9777,9772,9776,575,250664,56005000.0,OI2601
2025-09-05 10:53:00,9776,9778,9767,9767,2270,251032,221098000.0,OI2601
2025-09-05 10:54:00,9767,9767,9759,9761,1049,250859,103583350.0,OI2601
2025-09-05 10:55:00,9761,9765,9760,9765,782,250893,76174620.0,OI2601
2025-09-05 10:56:00,9765,9766,9762,9765,500,250816,48705000.0,OI2601
2025-09-05 10:57:00,9766,9767,9764,9765,563,250745,54841830.0,OI2601
2025-09-05 10:58:00,9766,9771,9764,9765,836,250863,81434760.0,OI2601
2025-09-05 10:59:00,9766,9767,9763,9764,612,250824,59614920.0,OI2601
2025-09-05 11:00:00,9765,9765,9758,9762,719,250670,70037790.0,OI2601
2025-09-05 11:01:00,9762,9764,9760,9760,696,250623,67797360.0,OI2601
2025-09-05 11:02:00,9761,9763,9759,9762,371,250676,36139110.0,OI2601
2025-09-05 11:03:00,9762,9762,9757,9760,661,250695,65856160.0,OI2601
2025-09-05 11:04:00,9760,9761,9757,9758,517,250602,50366140.0,OI2601
2025-09-05 11:05:00,9759,9759,9755,9757,492,250569,47930640.0,OI2601
2025-09-05 11:06:00,9758,9761,9757,9760,312,250548,30395040.0,OI2601
2025-09-05 11:07:00,9760,9762,9757,9758,375,250495,36532500.0,OI2601
2025-09-05 11:08:00,9758,9760,9756,9759,450,250594,43839000.0,OI2601
2025-09-05 11:09:00,9759,9759,9756,9756,175,250607,17048500.0,OI2601
2025-09-05 11:10:00,9756,9760,9755,9758,445,250622,43351900.0,OI2601
2025-09-05 11:11:00,9757,9757,9752,9752,557,250519,54262940.0,OI2601
2025-09-05 11:12:00,9753,9753,9747,9749,1217,250538,118560140.0,OI2601
2025-09-05 11:13:00,9750,9754,9750,9752,373,250541,36337660.0,OI2601
2025-09-05 11:14:00,9753,9755,9752,9753,281,250622,27375020.0,OI2601
2025-09-05 11:15:00,9753,9755,9749,9754,501,250543,48807420.0,OI2601
2025-09-05 11:16:00,9753,9754,9751,9752,313,250549,30492460.0,OI2601
2025-09-05 11:17:00,9752,9753,9751,9751,126,250523,12274920.0,OI2601
2025-09-05 11:18:00,9751,9754,9751,9751,206,250537,20068520.0,OI2601
2025-09-05 11:19:00,9752,9757,9750,9756,468,250605,45592560.0,OI2601
2025-09-05 11:20:00,9756,9757,9754,9757,308,250631,30005360.0,OI2601
2025-09-05 11:21:00,9757,9761,9755,9760,550,250494,53581000.0,OI2601
2025-09-05 11:22:00,9761,9761,9759,9760,205,250472,19971100.0,OI2601
2025-09-05 11:23:00,9760,9765,9760,9764,294,250372,28641480.0,OI2601
2025-09-05 11:24:00,9764,9765,9760,9762,321,250366,31271820.0,OI2601
2025-09-05 11:25:00,9761,9762,9754,9758,444,250234,43254480.0,OI2601
2025-09-05 11:26:00,9758,9763,9757,9761,394,250197,38383480.0,OI2601
2025-09-05 11:27:00,9762,9770,9762,9768,1224,250603,120815710.0,OI2601
2025-09-05 11:28:00,9768,9772,9768,9772,643,250484,62647490.0,OI2601
2025-09-05 11:29:00,9773,9779,9773,9775,2700,250586,263061000.0,OI2601
2025-09-05 13:30:00,9777,9784,9775,9776,5284,250484,516480020.0,OI2601
2025-09-05 13:31:00,9776,9777,9770,9773,828,250404,82348500.0,OI2601
2025-09-05 13:32:00,9774,9776,9772,9776,697,250473,67922650.0,OI2601
2025-09-05 13:33:00,9775,9778,9774,9776,706,250486,68799700.0,OI2601
2025-09-05 13:34:00,9777,9777,9773,9777,776,250423,75621200.0,OI2601
2025-09-05 13:35:00,9777,9783,9776,9781,1372,250335,133701400.0,OI2601
2025-09-05 13:36:00,9782,9782,9778,9781,742,250359,72307900.0,OI2601
2025-09-05 13:37:00,9781,9783,9778,9780,589,250409,57398050.0,OI2601
2025-09-05 13:38:00,9780,9787,9779,9784,1160,250301,114770600.0,OI2601
2025-09-05 13:39:00,9784,9785,9782,9784,412,250346,40153520.0,OI2601
2025-09-05 13:40:00,9784,9785,9782,9784,399,250412,38886540.0,OI2601
2025-09-05 13:41:00,9784,9784,9778,9780,554,250397,53992840.0,OI2601
2025-09-05 13:42:00,9780,9781,9777,9779,451,250405,43954460.0,OI2601
2025-09-05 13:43:00,9778,9781,9777,9779,494,250355,48145240.0,OI2601
2025-09-05 13:44:00,9779,9780,9778,9779,411,250361,40056060.0,OI2601
2025-09-05 13:45:00,9779,9780,9777,9779,542,250275,52823320.0,OI2601
2025-09-05 13:46:00,9780,9784,9776,9782,872,250431,86755070.0,OI2601
2025-09-05 13:47:00,9782,9786,9782,9784,856,250454,83434320.0,OI2601
2025-09-05 13:48:00,9785,9787,9784,9787,443,250504,43179210.0,OI2601
2025-09-05 13:49:00,9787,9799,9787,9797,3192,250500,312939100.0,OI2601
2025-09-05 13:50:00,9796,9804,9796,9802,2791,250247,272066680.0,OI2601
2025-09-05 13:51:00,9802,9806,9799,9803,1822,250394,179469550.0,OI2601
2025-09-05 13:52:00,9803,9804,9798,9799,1761,250774,171679890.0,OI2601
2025-09-05 13:53:00,9798,9802,9792,9793,1511,250945,149201100.0,OI2601
2025-09-05 13:54:00,9793,9797,9791,9797,1141,250775,111247500.0,OI2601
2025-09-05 13:55:00,9796,9799,9795,9799,574,250822,55965000.0,OI2601
2025-09-05 13:56:00,9798,9802,9796,9799,827,250809,80632500.0,OI2601
2025-09-05 13:57:00,9798,9798,9790,9792,590,250783,59450030.0,OI2601
2025-09-05 13:58:00,9793,9794,9790,9790,747,250760,72839970.0,OI2601
2025-09-05 13:59:00,9791,9796,9790,9795,480,250724,46804800.0,OI2601
2025-09-05 14:00:00,9795,9799,9795,9797,601,250640,58603510.0,OI2601
2025-09-05 14:01:00,9798,9801,9795,9796,803,250722,78300530.0,OI2601
2025-09-05 14:02:00,9796,9798,9796,9797,244,250733,23792440.0,OI2601
2025-09-05 14:03:00,9797,9801,9797,9797,764,250687,74497640.0,OI2601
2025-09-05 14:04:00,9798,9799,9794,9795,535,250731,54134620.0,OI2601
2025-09-05 14:05:00,9794,9796,9793,9795,232,250730,22624640.0,OI2601
2025-09-05 14:06:00,9795,9796,9789,9796,570,250652,55586400.0,OI2601
2025-09-05 14:07:00,9795,9795,9790,9791,349,250596,34034480.0,OI2601
2025-09-05 14:08:00,9792,9793,9788,9792,515,250448,50222800.0,OI2601
2025-09-05 14:09:00,9792,9794,9790,9793,334,250315,32571680.0,OI2601
2025-09-05 14:10:00,9792,9795,9792,9795,232,250297,22624640.0,OI2601
2025-09-05 14:11:00,9794,9798,9790,9793,583,250256,56854160.0,OI2601
2025-09-05 14:12:00,9794,9795,9792,9793,186,250246,18138720.0,OI2601
2025-09-05 14:13:00,9793,9793,9790,9790,174,250203,16968480.0,OI2601
2025-09-05 14:14:00,9790,9792,9788,9790,344,250140,33546880.0,OI2601
2025-09-05 14:15:00,9791,9793,9788,9790,833,250353,81234160.0,OI2601
2025-09-05 14:16:00,9789,9791,9786,9787,713,250201,71549180.0,OI2601
2025-09-05 14:17:00,9788,9791,9785,9789,842,249988,82120260.0,OI2601
2025-09-05 14:18:00,9790,9793,9790,9790,322,249957,31404660.0,OI2601
2025-09-05 14:19:00,9790,9790,9786,9789,360,249818,35110800.0,OI2601
2025-09-05 14:20:00,9789,9789,9783,9787,695,249818,67783350.0,OI2601
2025-09-05 14:21:00,9787,9789,9786,9787,372,249818,36281160.0,OI2601
2025-09-05 14:22:00,9787,9788,9783,9785,424,249735,41352720.0,OI2601
2025-09-05 14:23:00,9785,9787,9785,9786,227,249697,22139310.0,OI2601
2025-09-05 14:24:00,9786,9787,9784,9785,254,249664,24772620.0,OI2601
2025-09-05 14:25:00,9785,9787,9784,9786,356,249681,34720680.0,OI2601
2025-09-05 14:26:00,9786,9789,9785,9787,567,249720,55299510.0,OI2601
2025-09-05 14:27:00,9788,9789,9786,9789,1134,249742,110599020.0,OI2601
2025-09-05 14:28:00,9789,9798,9788,9796,1153,249661,114536570.0,OI2601
2025-09-05 14:29:00,9796,9799,9793,9797,801,249425,78129540.0,OI2601
2025-09-05 14:30:00,9797,9804,9796,9803,2196,248891,214197840.0,OI2601
2025-09-05 14:31:00,9804,9820,9804,9815,3613,248349,354562600.0,OI2601
2025-09-05 14:32:00,9815,9821,9815,9817,1256,248679,124685940.0,OI2601
2025-09-05 14:33:00,9818,9819,9810,9812,1173,248846,114437880.0,OI2601
2025-09-05 14:34:00,9811,9813,9806,9808,1127,249075,109950120.0,OI2601
2025-09-05 14:35:00,9810,9813,9805,9812,736,249144,73997660.0,OI2601
2025-09-05 14:36:00,9811,9814,9811,9813,431,249228,42052670.0,OI2601
2025-09-05 14:37:00,9812,9813,9809,9813,497,249308,48492290.0,OI2601
2025-09-05 14:38:00,9812,9814,9812,9812,256,249374,24977920.0,OI2601
2025-09-05 14:39:00,9814,9814,9806,9808,784,249575,76494880.0,OI2601
2025-09-05 14:40:00,9808,9809,9806,9809,276,249579,26929320.0,OI2601
2025-09-05 14:41:00,9808,9810,9807,9809,380,249691,37076600.0,OI2601
2025-09-05 14:42:00,9809,9811,9809,9811,275,249710,26831750.0,OI2601
2025-09-05 14:43:00,9810,9814,9807,9814,883,249526,86154310.0,OI2601
2025-09-05 14:44:00,9814,9837,9814,9837,4218,248843,416097260.0,OI2601
2025-09-05 14:45:00,9836,9836,9830,9832,1981,249127,193325790.0,OI2601
2025-09-05 14:46:00,9832,9833,9827,9829,1449,249497,143715710.0,OI2601
2025-09-05 14:47:00,9829,9836,9829,9829,1466,250059,143081600.0,OI2601
2025-09-05 14:48:00,9829,9833,9825,9826,955,250222,95540010.0,OI2601
2025-09-05 14:49:00,9826,9833,9826,9830,1276,250573,124550360.0,OI2601
2025-09-05 14:50:00,9829,9831,9825,9830,840,250630,81992400.0,OI2601
2025-09-05 14:51:00,9830,9835,9830,9830,990,250635,96633900.0,OI2601
2025-09-05 14:52:00,9830,9830,9825,9825,746,250545,75187590.0,OI2601
2025-09-05 14:53:00,9826,9832,9825,9826,926,250521,90396120.0,OI2601
2025-09-05 14:54:00,9826,9830,9825,9830,752,250626,73410240.0,OI2601
2025-09-05 14:55:00,9829,9829,9825,9827,963,250592,94008060.0,OI2601
2025-09-05 14:56:00,9827,9827,9820,9821,893,250194,89580530.0,OI2601
2025-09-05 14:57:00,9822,9823,9815,9816,1336,249880,130433680.0,OI2601
2025-09-05 14:58:00,9816,9819,9812,9816,1051,249751,102609130.0,OI2601
2025-09-05 14:59:00,9816,9819,9814,9818,981,249260,95775030.0,OI2601
2025-09-05 21:00:00,9824,9824,9803,9814,5899,249302,578750890.0,OI2601
2025-09-05 21:01:00,9814,9814,9806,9807,1596,249366,156583560.0,OI2601
2025-09-05 21:02:00,9808,9808,9796,9797,1603,249512,157088370.0,OI2601
2025-09-05 21:03:00,9797,9797,9787,9791,2012,249343,197023780.0,OI2601
2025-09-05 21:04:00,9791,9795,9788,9791,1443,249255,141375050.0,OI2601
2025-09-05 21:05:00,9792,9792,9781,9781,1596,249246,156204820.0,OI2601
2025-09-05 21:06:00,9782,9785,9781,9781,1182,249384,115564840.0,OI2601
2025-09-05 21:07:00,9780,9787,9776,9786,1693,249486,165590450.0,OI2601
2025-09-05 21:08:00,9786,9786,9782,9783,938,249566,91735000.0,OI2601
2025-09-05 21:09:00,9784,9791,9782,9790,951,249675,93178980.0,OI2601
2025-09-05 21:10:00,9790,9790,9779,9781,859,249730,83967100.0,OI2601
2025-09-05 21:11:00,9780,9780,9773,9778,1788,249737,174739160.0,OI2601
2025-09-05 21:12:00,9778,9778,9775,9777,1039,249789,101544060.0,OI2601
2025-09-05 21:13:00,9777,9782,9776,9778,837,249885,81975780.0,OI2601
2025-09-05 21:14:00,9778,9778,9772,9772,976,249831,95345320.0,OI2601
2025-09-05 21:15:00,9771,9775,9770,9773,1298,249708,126856040.0,OI2601
2025-09-05 21:16:00,9773,9773,9768,9769,1091,249740,106562710.0,OI2601
2025-09-05 21:17:00,9768,9771,9768,9771,645,249766,63151950.0,OI2601
2025-09-05 21:18:00,9771,9775,9767,9775,976,249824,95275940.0,OI2601
2025-09-05 21:19:00,9775,9777,9773,9774,709,249831,69411100.0,OI2601
2025-09-05 21:20:00,9775,9776,9771,9774,1026,249909,100143830.0,OI2601
2025-09-05 21:21:00,9774,9774,9767,9770,1428,249941,139471070.0,OI2601
2025-09-05 21:22:00,9770,9772,9768,9769,451,249988,44143880.0,OI2601
2025-09-05 21:23:00,9768,9772,9767,9769,492,249974,48156960.0,OI2601
2025-09-05 21:24:00,9769,9772,9767,9769,778,250003,75817580.0,OI2601
2025-09-05 21:25:00,9770,9770,9766,9768,640,250117,62636800.0,OI2601
2025-09-05 21:26:00,9767,9774,9766,9773,1118,250110,109068020.0,OI2601
2025-09-05 21:27:00,9773,9778,9773,9776,1009,250123,98740740.0,OI2601
2025-09-05 21:28:00,9777,9785,9776,9782,1446,250308,141505560.0,OI2601
2025-09-05 21:29:00,9781,9784,9780,9780,690,250351,67523400.0,OI2601
2025-09-05 21:30:00,9780,9784,9780,9781,528,250323,51670080.0,OI2601
2025-09-05 21:31:00,9780,9781,9773,9778,1172,250158,114691920.0,OI2601
2025-09-05 21:32:00,9778,9784,9777,9781,594,250149,57723810.0,OI2601
2025-09-05 21:33:00,9780,9780,9776,9778,1102,249986,107830700.0,OI2601
2025-09-05 21:34:00,9778,9779,9776,9776,283,249960,27691550.0,OI2601
2025-09-05 21:35:00,9777,9782,9777,9780,506,250001,49512100.0,OI2601
2025-09-05 21:36:00,9779,9780,9774,9776,603,249906,59003550.0,OI2601
2025-09-05 21:37:00,9776,9776,9772,9774,420,249911,41097000.0,OI2601
2025-09-05 21:38:00,9775,9781,9773,9780,742,249863,72604700.0,OI2601
2025-09-05 21:39:00,9780,9780,9776,9777,744,249857,72800400.0,OI2601
2025-09-05 21:40:00,9777,9778,9772,9774,739,249977,71854730.0,OI2601
2025-09-05 21:41:00,9774,9778,9771,9774,975,250037,95394000.0,OI2601
2025-09-05 21:42:00,9774,9778,9774,9776,701,250145,68585840.0,OI2601
2025-09-05 21:43:00,9776,9780,9776,9776,477,250051,46669680.0,OI2601
2025-09-05 21:44:00,9777,9781,9777,9779,509,249987,49800560.0,OI2601
2025-09-05 21:45:00,9780,9781,9772,9772,728,249914,71227520.0,OI2601
2025-09-05 21:46:00,9772,9772,9763,9766,1848,249822,180299520.0,OI2601
2025-09-05 21:47:00,9766,9766,9762,9765,1070,249863,104678100.0,OI2601
2025-09-05 21:48:00,9764,9767,9763,9767,584,249977,57132720.0,OI2601
2025-09-05 21:49:00,9767,9768,9763,9764,657,250089,64274310.0,OI2601
2025-09-05 21:50:00,9763,9766,9760,9765,1183,250237,115189150.0,OI2601
2025-09-05 21:51:00,9766,9768,9760,9761,805,250270,78745100.0,OI2601
2025-09-05 21:52:00,9761,9762,9760,9762,583,250220,57029060.0,OI2601
2025-09-05 21:53:00,9763,9766,9763,9765,500,250213,48347380.0,OI2601
2025-09-05 21:54:00,9763,9763,9760,9761,570,250243,55751700.0,OI2601
2025-09-05 21:55:00,9761,9765,9757,9764,1163,250156,113753030.0,OI2601
2025-09-05 21:56:00,9764,9766,9763,9763,488,250197,47731280.0,OI2601
2025-09-05 21:57:00,9763,9764,9762,9763,252,250218,24648120.0,OI2601
2025-09-05 21:58:00,9763,9764,9763,9763,153,250245,14964930.0,OI2601
2025-09-05 21:59:00,9763,9764,9760,9762,405,250340,39020120.0,OI2601
2025-09-05 22:00:00,9761,9761,9757,9758,602,250494,58875600.0,OI2601
2025-09-05 22:01:00,9758,9759,9754,9754,1236,250255,120880800.0,OI2601
2025-09-05 22:02:00,9754,9756,9750,9751,1761,249828,171596880.0,OI2601
2025-09-05 22:03:00,9752,9753,9746,9747,1514,249951,147410000.0,OI2601
2025-09-05 22:04:00,9747,9754,9747,9752,997,250202,97486660.0,OI2601
2025-09-05 22:05:00,9753,9754,9747,9749,965,250170,94357700.0,OI2601
2025-09-05 22:06:00,9749,9751,9744,9747,1558,250528,151661980.0,OI2601
2025-09-05 22:07:00,9747,9750,9746,9747,703,250449,68732310.0,OI2601
2025-09-05 22:08:00,9747,9749,9744,9749,640,250471,61880110.0,OI2601
2025-09-05 22:09:00,9749,9751,9744,9746,814,250497,79576640.0,OI2601
2025-09-05 22:10:00,9745,9747,9743,9744,584,250509,57091840.0,OI2601
2025-09-05 22:11:00,9744,9745,9735,9735,2224,250302,216689330.0,OI2601
2025-09-05 22:12:00,9735,9740,9735,9739,1256,250272,122032530.0,OI2601
2025-09-05 22:13:00,9739,9740,9736,9739,899,250385,87117800.0,OI2601
2025-09-05 22:14:00,9741,9744,9739,9739,802,250290,78379460.0,OI2601
2025-09-05 22:15:00,9739,9741,9737,9737,676,250307,66065480.0,OI2601
2025-09-05 22:16:00,9736,9739,9733,9736,1085,250418,105260960.0,OI2601
2025-09-05 22:17:00,9735,9739,9734,9736,827,250450,80814440.0,OI2601
2025-09-05 22:18:00,9736,9738,9734,9738,748,250463,73094560.0,OI2601
2025-09-05 22:19:00,9737,9742,9735,9742,1056,250330,102389920.0,OI2601
2025-09-05 22:20:00,9741,9743,9736,9743,1175,250222,114809250.0,OI2601
2025-09-05 22:21:00,9743,9744,9739,9739,546,250252,53349660.0,OI2601
2025-09-05 22:22:00,9744,9748,9743,9748,1015,250257,98345890.0,OI2601
2025-09-05 22:23:00,9748,9748,9745,9746,571,250205,55786700.0,OI2601
2025-09-05 22:24:00,9746,9746,9743,9743,350,250177,34195000.0,OI2601
2025-09-05 22:25:00,9743,9749,9743,9747,652,250174,63700400.0,OI2601
2025-09-05 22:26:00,9747,9748,9739,9741,538,250113,52562600.0,OI2601
2025-09-05 22:27:00,9740,9744,9739,9744,328,250116,31191450.0,OI2601
2025-09-05 22:28:00,9744,9744,9741,9741,296,250081,28916240.0,OI2601
2025-09-05 22:29:00,9742,9745,9741,9742,379,250048,37024510.0,OI2601
2025-09-05 22:30:00,9742,9742,9737,9741,611,250056,59688590.0,OI2601
2025-09-05 22:31:00,9741,9744,9737,9739,527,250046,51482630.0,OI2601
2025-09-05 22:32:00,9739,9741,9728,9731,2223,250157,216270360.0,OI2601
2025-09-05 22:33:00,9731,9740,9730,9739,779,250252,76092720.0,OI2601
2025-09-05 22:34:00,9739,9742,9739,9740,314,250286,30671520.0,OI2601
2025-09-05 22:35:00,9740,9740,9734,9738,587,250217,56426850.0,OI2601
2025-09-05 22:36:00,9737,9741,9737,9738,294,250244,28714980.0,OI2601
2025-09-05 22:37:00,9738,9739,9737,9738,139,250260,13576130.0,OI2601
2025-09-05 22:38:00,9737,9741,9737,9738,293,250210,28617310.0,OI2601
2025-09-05 22:39:00,9738,9738,9734,9737,328,250169,32035760.0,OI2601
2025-09-05 22:40:00,9738,9741,9737,9740,343,250106,33500810.0,OI2601
2025-09-05 22:41:00,9741,9741,9736,9738,356,249992,34770520.0,OI2601
2025-09-05 22:42:00,9737,9740,9735,9735,519,249952,50690730.0,OI2601
2025-09-05 22:43:00,9736,9736,9735,9735,211,249917,20608370.0,OI2601
2025-09-05 22:44:00,9736,9738,9733,9737,407,249846,39751690.0,OI2601
2025-09-05 22:45:00,9738,9740,9737,9738,245,249828,22986490.0,OI2601
2025-09-05 22:46:00,9737,9738,9736,9736,201,249744,19629660.0,OI2601
2025-09-05 22:47:00,9736,9737,9730,9732,916,249572,89456560.0,OI2601
2025-09-05 22:48:00,9733,9734,9732,9734,182,249595,17774120.0,OI2601
2025-09-05 22:49:00,9734,9736,9730,9731,502,249577,49025320.0,OI2601
2025-09-05 22:50:00,9730,9730,9722,9728,1950,249523,189456830.0,OI2601
2025-09-05 22:51:00,9728,9734,9726,9733,682,249609,66597300.0,OI2601
2025-09-05 22:52:00,9733,9737,9732,9736,448,249608,43747200.0,OI2601
2025-09-05 22:53:00,9735,9740,9735,9740,461,249595,45016650.0,OI2601
2025-09-05 22:54:00,9739,9740,9737,9737,337,249488,31908600.0,OI2601
2025-09-05 22:55:00,9737,9742,9737,9742,437,249441,42668680.0,OI2601
2025-09-05 22:56:00,9742,9744,9739,9742,627,249246,61220280.0,OI2601
2025-09-05 22:57:00,9742,9742,9738,9738,346,249069,33783440.0,OI2601
2025-09-05 22:58:00,9738,9740,9731,9735,994,248568,97054160.0,OI2601
2025-09-05 22:59:00,9734,9737,9733,9737,953,248226,93050920.0,OI2601
2025-09-08 09:00:00,9735,9749,9732,9747,4163,248124,405400670.0,OI2601
2025-09-08 09:01:00,9745,9750,9743,9749,2544,248100,247270630.0,OI2601
2025-09-08 09:02:00,9748,9755,9747,9755,2012,247715,196411440.0,OI2601
2025-09-08 09:03:00,9755,9763,9755,9761,1359,247551,132665580.0,OI2601
2025-09-08 09:04:00,9761,9768,9759,9766,1333,247532,130127460.0,OI2601
2025-09-08 09:05:00,9766,9767,9761,9763,1587,247581,154922940.0,OI2601
2025-09-08 09:06:00,9762,9764,9758,9763,1453,247776,141841860.0,OI2601
2025-09-08 09:07:00,9764,9768,9760,9761,1159,247601,113141580.0,OI2601
2025-09-08 09:08:00,9761,9765,9759,9760,536,247598,52324320.0,OI2601
2025-09-08 09:09:00,9759,9766,9759,9764,1381,247753,134813220.0,OI2601
2025-09-08 09:10:00,9765,9765,9760,9762,701,247772,68431620.0,OI2601
2025-09-08 09:11:00,9763,9766,9754,9758,1569,247914,153165780.0,OI2601
2025-09-08 09:12:00,9758,9764,9757,9763,499,247838,48712380.0,OI2601
2025-09-08 09:13:00,9762,9762,9758,9759,450,247910,43929000.0,OI2601
2025-09-08 09:14:00,9758,9761,9749,9749,2740,248400,267478800.0,OI2601
2025-09-08 09:15:00,9750,9751,9747,9750,750,248412,73215000.0,OI2601
2025-09-08 09:16:00,9750,9751,9748,9749,516,248599,50371920.0,OI2601
2025-09-08 09:17:00,9749,9754,9748,9750,800,248810,78096000.0,OI2601
2025-09-08 09:18:00,9750,9756,9749,9755,713,248936,69603060.0,OI2601
2025-09-08 09:19:00,9755,9762,9755,9761,702,248767,68529240.0,OI2601
2025-09-08 09:20:00,9762,9764,9756,9758,903,248644,88150860.0,OI2601
2025-09-08 09:21:00,9757,9758,9753,9757,449,248644,43831380.0,OI2601
2025-09-08 09:22:00,9756,9757,9754,9757,468,248656,45686160.0,OI2601
2025-09-08 09:23:00,9757,9758,9749,9750,905,248725,88346100.0,OI2601
2025-09-08 09:24:00,9751,9752,9749,9751,452,248665,42789780.0,OI2601
2025-09-08 09:25:00,9751,9753,9744,9746,1172,248764,114398920.0,OI2601
2025-09-08 09:26:00,9745,9746,9744,9746,566,248762,55247260.0,OI2601
2025-09-08 09:27:00,9746,9747,9745,9745,308,248855,30063880.0,OI2601
2025-09-08 09:28:00,9744,9744,9737,9738,1792,248998,174917120.0,OI2601
2025-09-08 09:29:00,9738,9743,9738,9741,1700,249191,165937000.0,OI2601
2025-09-08 09:30:00,9740,9743,9738,9740,1973,249881,191174960.0,OI2601
2025-09-08 09:31:00,9740,9749,9737,9749,994,250020,97014400.0,OI2601
2025-09-08 09:32:00,9749,9756,9749,9753,1050,249943,102480000.0,OI2601
2025-09-08 09:33:00,9753,9760,9751,9753,745,249955,72712000.0,OI2601
2025-09-08 09:34:00,9753,9759,9752,9755,712,250024,69491200.0,OI2601
2025-09-08 09:35:00,9755,9759,9753,9758,563,250078,54948800.0,OI2601
2025-09-08 09:36:00,9757,9762,9757,9762,1235,249962,120536000.0,OI2601
2025-09-08 09:37:00,9762,9763,9758,9761,689,249878,67246400.0,OI2601
2025-09-08 09:38:00,9761,9761,9757,9759,443,249884,43236800.0,OI2601
2025-09-08 09:39:00,9760,9766,9759,9765,877,249889,85595200.0,OI2601
2025-09-08 09:40:00,9765,9768,9763,9765,985,249797,96136000.0,OI2601
2025-09-08 09:41:00,9766,9766,9762,9764,413,249759,40308800.0,OI2601
2025-09-08 09:42:00,9764,9775,9764,9773,1726,249716,168457600.0,OI2601
2025-09-08 09:43:00,9774,9774,9769,9772,708,249494,69100800.0,OI2601
2025-09-08 09:44:00,9773,9777,9772,9774,857,249543,85172740.0,OI2601
2025-09-08 09:45:00,9774,9775,9769,9769,1009,249354,98488490.0,OI2601
2025-09-08 09:46:00,9770,9772,9764,9765,614,249399,59932540.0,OI2601
2025-09-08 09:47:00,9765,9770,9765,9769,528,249434,51538080.0,OI2601
2025-09-08 09:48:00,9769,9770,9768,9770,283,249413,27623630.0,OI2601
2025-09-08 09:49:00,9770,9770,9765,9765,300,249439,29283000.0,OI2601
2025-09-08 09:50:00,9766,9773,9764,9772,515,249542,50269150.0,OI2601
2025-09-08 09:51:00,9772,9773,9769,9771,536,249620,52318960.0,OI2601
2025-09-08 09:52:00,9771,9776,9771,9776,843,249905,82285230.0,OI2601
2025-09-08 09:53:00,9776,9778,9773,9777,658,249913,64227380.0,OI2601
2025-09-08 09:54:00,9776,9781,9772,9779,1195,250071,116643950.0,OI2601
2025-09-08 09:55:00,9779,9780,9775,9779,664,250084,64813040.0,OI2601
2025-09-08 09:56:00,9780,9781,9776,9781,708,250204,69107880.0,OI2601
2025-09-08 09:57:00,9781,9782,9778,9780,808,250327,78868880.0,OI2601
2025-09-08 09:58:00,9781,9785,9780,9782,891,250580,86970510.0,OI2601
2025-09-08 09:59:00,9782,9783,9777,9779,865,250796,84432650.0,OI2601
2025-09-08 10:00:00,9778,9787,9778,9783,1182,251006,117020550.0,OI2601
2025-09-08 10:01:00,9784,9786,9781,9783,1182,250904,115386840.0,OI2601
2025-09-08 10:02:00,9783,9786,9783,9786,701,251006,68431620.0,OI2601
2025-09-08 10:03:00,9785,9786,9779,9780,887,250982,86588940.0,OI2601
2025-09-08 10:04:00,9781,9782,9779,9780,709,251094,69212580.0,OI2601
2025-09-08 10:05:00,9780,9784,9778,9781,864,251216,84343680.0,OI2601
2025-09-08 10:06:00,9782,9784,9781,9783,653,251289,63745860.0,OI2601
2025-09-08 10:07:00,9783,9783,9777,9782,860,251299,83953200.0,OI2601
2025-09-08 10:08:00,9782,9783,9772,9772,1101,251183,107479620.0,OI2601
2025-09-08 10:09:00,9772,9777,9772,9775,696,251377,67943520.0,OI2601
2025-09-08 10:10:00,9776,9782,9776,9779,402,251445,39243240.0,OI2601
2025-09-08 10:11:00,9779,9780,9778,9780,281,251541,29160110.0,OI2601
2025-09-08 10:12:00,9780,9788,9779,9783,839,251456,81911570.0,OI2601
2025-09-08 10:13:00,9782,9784,9779,9782,457,251409,44616910.0,OI2601
2025-09-08 10:14:00,9782,9784,9780,9782,336,251423,32803680.0,OI2601
2025-09-08 10:30:00,9782,9792,9782,9790,1410,251294,137658300.0,OI2601
2025-09-08 10:31:00,9790,9790,9785,9787,758,251325,74003540.0,OI2601
2025-09-08 10:32:00,9788,9790,9785,9788,469,251394,45788470.0,OI2601
2025-09-08 10:33:00,9787,9791,9781,9782,890,251468,86890700.0,OI2601
2025-09-08 10:34:00,9783,9784,9775,9776,1031,251359,100656530.0,OI2601
2025-09-08 10:35:00,9776,9779,9774,9775,911,251290,88940930.0,OI2601
2025-09-08 10:36:00,9775,9777,9773,9777,958,251169,93529540.0,OI2601
2025-09-08 10:37:00,9777,9780,9777,9777,411,251159,40125930.0,OI2601
2025-09-08 10:38:00,9776,9778,9768,9770,968,250936,94505840.0,OI2601
2025-09-08 10:39:00,9769,9773,9769,9769,757,250962,75736750.0,OI2601
2025-09-08 10:40:00,9769,9771,9766,9769,1015,251006,99104600.0,OI2601
2025-09-08 10:41:00,9770,9773,9767,9768,921,250851,89926440.0,OI2601
2025-09-08 10:42:00,9768,9770,9766,9767,756,250636,73815840.0,OI2601
2025-09-08 10:43:00,9768,9776,9767,9773,1184,250571,115605760.0,OI2601
2025-09-08 10:44:00,9773,9775,9769,9773,786,250555,76745040.0,OI2601
2025-09-08 10:45:00,9773,9775,9771,9775,366,250560,35736240.0,OI2601
2025-09-08 10:46:00,9776,9779,9774,9779,783,250600,76452120.0,OI2601
2025-09-08 10:47:00,9779,9779,9775,9775,243,250662,23726520.0,OI2601
2025-09-08 10:48:00,9775,9778,9775,9776,289,250745,28217960.0,OI2601
2025-09-08 10:49:00,9776,9777,9774,9775,276,250751,26948640.0,OI2601
2025-09-08 10:50:00,9776,9784,9775,9782,649,250815,63368360.0,OI2601
2025-09-08 10:51:00,9782,9785,9782,9784,620,250935,60536800.0,OI2601
2025-09-08 10:52:00,9783,9788,9782,9787,624,250964,60927360.0,OI2601
2025-09-08 10:53:00,9788,9788,9786,9786,358,251083,34955120.0,OI2601
2025-09-08 10:54:00,9786,9787,9783,9785,404,251194,39446560.0,OI2601
2025-09-08 10:55:00,9785,9796,9785,9794,1553,251406,151634920.0,OI2601
2025-09-08 10:56:00,9793,9796,9790,9791,843,251626,82310520.0,OI2601
2025-09-08 10:57:00,9791,9793,9790,9791,525,251734,53213790.0,OI2601
2025-09-08 10:58:00,9791,9791,9785,9786,889,251715,86810850.0,OI2601
2025-09-08 10:59:00,9786,9790,9786,9788,428,251858,41794200.0,OI2601
2025-09-08 11:00:00,9788,9792,9788,9790,440,251989,42966000.0,OI2601
2025-09-08 11:01:00,9790,9791,9788,9790,425,252066,41501250.0,OI2601
2025-09-08 11:02:00,9789,9790,9785,9786,398,252056,38864700.0,OI2601
2025-09-08 11:03:00,9786,9787,9783,9785,690,251997,67378500.0,OI2601
2025-09-08 11:04:00,9785,9786,9780,9783,626,251882,61128900.0,OI2601
2025-09-08 11:05:00,9784,9786,9782,9783,321,251904,31345650.0,OI2601
2025-09-08 11:06:00,9782,9784,9781,9783,343,252043,33493950.0,OI2601
2025-09-08 11:07:00,9783,9790,9783,9789,523,252063,51070950.0,OI2601
2025-09-08 11:08:00,9788,9794,9787,9793,714,252072,69722100.0,OI2601
2025-09-08 11:09:00,9793,9795,9793,9795,678,252238,66206700.0,OI2601
2025-09-08 11:10:00,9794,9798,9792,9797,980,252562,95697000.0,OI2601
2025-09-08 11:11:00,9797,9804,9796,9797,2245,252852,221274040.0,OI2601
2025-09-08 11:12:00,9796,9797,9794,9794,476,252957,46486160.0,OI2601
2025-09-08 11:13:00,9794,9796,9793,9795,479,252993,46779140.0,OI2601
2025-09-08 11:14:00,9795,9799,9794,9796,521,253095,50880860.0,OI2601
2025-09-08 11:15:00,9798,9798,9795,9796,474,253280,46290840.0,OI2601
2025-09-08 11:16:00,9795,9796,9793,9794,466,253283,45509560.0,OI2601
2025-09-08 11:17:00,9795,9796,9792,9793,581,253223,56740460.0,OI2601
2025-09-08 11:18:00,9794,9796,9793,9796,260,253211,25391600.0,OI2601
2025-09-08 11:19:00,9796,9799,9794,9796,570,253340,55666200.0,OI2601
2025-09-08 11:20:00,9796,9797,9793,9795,308,253387,30079280.0,OI2601
2025-09-08 11:21:00,9795,9805,9794,9805,1134,253740,112848920.0,OI2601
2025-09-08 11:22:00,9805,9807,9803,9804,897,253961,87609990.0,OI2601
2025-09-08 11:23:00,9804,9805,9803,9805,603,253940,58895010.0,OI2601
2025-09-08 11:24:00,9805,9817,9805,9816,2817,253943,275136390.0,OI2601
2025-09-08 11:25:00,9817,9822,9814,9818,2901,254263,285515330.0,OI2601
2025-09-08 11:26:00,9819,9821,9817,9818,1027,254492,100317360.0,OI2601
2025-09-08 11:27:00,9818,9820,9815,9817,1248,254813,124102050.0,OI2601
2025-09-08 11:28:00,9816,9822,9816,9822,1006,255058,98276140.0,OI2601
2025-09-08 11:29:00,9823,9826,9819,9826,1620,255319,158257800.0,OI2601
2025-09-08 13:30:00,9825,9835,9825,9832,3319,256337,326489970.0,OI2601
2025-09-08 13:31:00,9833,9843,9833,9841,4106,257354,403454120.0,OI2601
2025-09-08 13:32:00,9841,9843,9838,9842,3274,257587,322233200.0,OI2601
2025-09-08 13:33:00,9843,9843,9837,9839,2255,258048,222711810.0,OI2601
2025-09-08 13:34:00,9841,9842,9838,9840,1224,258321,119621520.0,OI2601
2025-09-08 13:35:00,9840,9844,9840,9841,2338,258408,230881570.0,OI2601
2025-09-08 13:36:00,9841,9843,9835,9836,1308,258275,127843920.0,OI2601
2025-09-08 13:37:00,9837,9837,9836,9836,942,258396,94482410.0,OI2601
2025-09-08 13:38:00,9835,9835,9828,9829,1687,258218,164904250.0,OI2601
2025-09-08 13:39:00,9828,9829,9825,9827,1457,258143,142421750.0,OI2601
2025-09-08 13:40:00,9827,9828,9822,9822,1879,257636,186133810.0,OI2601
2025-09-08 13:41:00,9823,9823,9816,9818,1594,257230,155829440.0,OI2601
2025-09-08 13:42:00,9819,9819,9812,9812,1402,256678,137059520.0,OI2601
2025-09-08 13:43:00,9813,9813,9810,9810,1409,256220,137743840.0,OI2601
2025-09-08 13:44:00,9810,9814,9810,9813,701,256179,68529760.0,OI2601
2025-09-08 13:45:00,9813,9816,9811,9815,1015,256084,101749170.0,OI2601
2025-09-08 13:46:00,9816,9816,9811,9812,835,256066,81637950.0,OI2601
2025-09-08 13:47:00,9812,9813,9800,9803,2095,255675,204828150.0,OI2601
2025-09-08 13:48:00,9802,9805,9800,9802,875,255577,85548750.0,OI2601
2025-09-08 13:49:00,9803,9807,9800,9800,1146,255453,112044420.0,OI2601
2025-09-08 13:50:00,9800,9800,9791,9791,2081,255037,203459370.0,OI2601
2025-09-08 13:51:00,9792,9795,9791,9794,1281,254742,125243370.0,OI2601
2025-09-08 13:52:00,9794,9796,9791,9794,972,254487,95032440.0,OI2601
2025-09-08 13:53:00,9794,9794,9785,9789,2109,254189,208833640.0,OI2601
2025-09-08 13:54:00,9790,9794,9790,9794,963,254087,94162140.0,OI2601
2025-09-08 13:55:00,9794,9801,9794,9799,1441,254078,140900980.0,OI2601
2025-09-08 13:56:00,9799,9801,9798,9801,504,254079,49281120.0,OI2601
2025-09-08 13:57:00,9801,9802,9799,9801,702,254110,68641560.0,OI2601
2025-09-08 13:58:00,9801,9801,9799,9800,453,254217,44294340.0,OI2601
2025-09-08 13:59:00,9800,9801,9797,9798,441,254232,43120980.0,OI2601
2025-09-08 14:00:00,9798,9800,9797,9798,322,254295,31485160.0,OI2601
2025-09-08 14:01:00,9798,9802,9798,9802,611,254296,59743580.0,OI2601
2025-09-08 14:02:00,9802,9804,9800,9801,662,254368,64730360.0,OI2601
2025-09-08 14:03:00,9802,9806,9802,9804,621,254418,60721380.0,OI2601
2025-09-08 14:04:00,9805,9805,9799,9799,768,254440,75095040.0,OI2601
2025-09-08 14:05:00,9799,9801,9799,9801,219,254417,21413820.0,OI2601
2025-09-08 14:06:00,9801,9801,9793,9795,899,254341,87904220.0,OI2601
2025-09-08 14:07:00,9795,9797,9793,9793,370,254230,36178600.0,OI2601
2025-09-08 14:08:00,9793,9793,9786,9787,1053,254083,102962340.0,OI2601
2025-09-08 14:09:00,9787,9790,9785,9789,1949,253889,190573220.0,OI2601
2025-09-08 14:10:00,9789,9790,9787,9787,452,253806,44196560.0,OI2601
2025-09-08 14:11:00,9788,9794,9788,9791,825,253588,80668500.0,OI2601
2025-09-08 14:12:00,9791,9791,9788,9788,462,253379,45174360.0,OI2601
2025-09-08 14:13:00,9788,9789,9786,9788,398,253293,38916440.0,OI2601
2025-09-08 14:14:00,9788,9788,9782,9783,950,253027,92891000.0,OI2601
2025-09-08 14:15:00,9782,9788,9782,9787,731,252989,74271850.0,OI2601
2025-09-08 14:16:00,9787,9788,9783,9786,693,252806,67768470.0,OI2601
2025-09-08 14:17:00,9786,9789,9784,9789,756,252666,73929240.0,OI2601
2025-09-08 14:18:00,9790,9790,9787,9790,349,252652,34128710.0,OI2601
2025-09-08 14:19:00,9789,9791,9788,9788,481,252586,47036990.0,OI2601
2025-09-08 14:20:00,9788,9788,9785,9786,538,252563,52611020.0,OI2601
2025-09-08 14:21:00,9787,9789,9787,9789,377,252477,36866830.0,OI2601
2025-09-08 14:22:00,9789,9789,9782,9786,814,252530,79601060.0,OI2601
2025-09-08 14:23:00,9786,9787,9782,9784,329,252457,32172910.0,OI2601
2025-09-08 14:24:00,9785,9785,9777,9779,1198,252127,117152420.0,OI2601
2025-09-08 14:25:00,9779,9784,9777,9783,810,252209,79209900.0,OI2601
2025-09-08 14:26:00,9784,9784,9781,9783,333,252206,32564070.0,OI2601
2025-09-08 14:27:00,9783,9785,9780,9784,659,252243,64443610.0,OI2601
2025-09-08 14:28:00,9785,9785,9781,9784,441,252284,43125390.0,OI2601
2025-09-08 14:29:00,9784,9787,9783,9787,547,252264,53491130.0,OI2601
2025-09-08 14:30:00,9787,9793,9785,9790,1516,252181,148249640.0,OI2601
2025-09-08 14:31:00,9791,9794,9790,9790,660,252170,64541400.0,OI2601
2025-09-08 14:32:00,9791,9791,9786,9788,576,252146,56327040.0,OI2601
2025-09-08 14:33:00,9789,9790,9787,9790,231,252183,22589490.0,OI2601
2025-09-08 14:34:00,9789,9791,9789,9791,312,252218,30510480.0,OI2601
2025-09-08 14:35:00,9791,9797,9790,9797,1069,252467,104537510.0,OI2601
2025-09-08 14:36:00,9797,9798,9795,9797,974,252673,95247460.0,OI2601
2025-09-08 14:37:00,9797,9804,9797,9803,1006,252882,98376740.0,OI2601
2025-09-08 14:38:00,9803,9805,9802,9803,658,252948,64345820.0,OI2601
2025-09-08 14:39:00,9803,9803,9800,9802,416,252989,40680640.0,OI2601
2025-09-08 14:40:00,9803,9808,9803,9807,884,252813,86446360.0,OI2601
2025-09-08 14:41:00,9806,9811,9806,9809,1027,252874,100430330.0,OI2601
2025-09-08 14:42:00,9809,9816,9809,9814,944,252931,92313760.0,OI2601
2025-09-08 14:43:00,9813,9815,9810,9814,988,252844,96616520.0,OI2601
2025-09-08 14:44:00,9815,9815,9807,9809,975,252794,98345530.0,OI2601
2025-09-08 14:45:00,9810,9814,9809,9811,701,252744,68557800.0,OI2601
2025-09-08 14:46:00,9811,9815,9811,9814,549,252818,53692200.0,OI2601
2025-09-08 14:47:00,9814,9823,9814,9821,2020,253295,197556000.0,OI2601
2025-09-08 14:48:00,9820,9822,9817,9820,953,253488,93203400.0,OI2601
2025-09-08 14:49:00,9820,9820,9816,9816,632,253559,61809600.0,OI2601
2025-09-08 14:50:00,9817,9825,9816,9825,1232,253323,120489600.0,OI2601
2025-09-08 14:51:00,9824,9830,9824,9826,1170,253411,117498850.0,OI2601
2025-09-08 14:52:00,9826,9829,9825,9827,632,253515,61815920.0,OI2601
2025-09-08 14:53:00,9828,9833,9826,9829,1541,253885,150725210.0,OI2601
2025-09-08 14:54:00,9828,9831,9828,9829,759,253686,74237790.0,OI2601
2025-09-08 14:55:00,9829,9836,9828,9835,1098,253998,107395380.0,OI2601
2025-09-08 14:56:00,9837,9838,9833,9834,1349,254166,131945690.0,OI2601
2025-09-08 14:57:00,9833,9838,9833,9836,1040,254293,104859440.0,OI2601
2025-09-08 14:58:00,9836,9838,9832,9834,1221,254416,119438220.0,OI2601
2025-09-08 14:59:00,9834,9837,9833,9835,1117,254238,109264940.0,OI2601
2025-09-08 21:00:00,9847,9860,9847,9854,7650,255465,753831000.0,OI2601
2025-09-08 21:01:00,9853,9866,9853,9863,3951,256476,389679570.0,OI2601
2025-09-08 21:02:00,9862,9862,9848,9851,2842,256622,279991510.0,OI2601
2025-09-08 21:03:00,9850,9857,9848,9857,1934,257048,190451270.0,OI2601
2025-09-08 21:04:00,9857,9862,9852,9856,1936,257565,190975930.0,OI2601
2025-09-08 21:05:00,9856,9862,9852,9854,1929,257985,190122240.0,OI2601
2025-09-08 21:06:00,9855,9858,9849,9855,1707,258174,168022430.0,OI2601
2025-09-08 21:07:00,9855,9861,9853,9860,1567,258575,154663010.0,OI2601
2025-09-08 21:08:00,9860,9860,9850,9852,1242,258667,122411520.0,OI2601
2025-09-08 21:09:00,9853,9856,9846,9846,1583,258808,155757070.0,OI2601
2025-09-08 21:10:00,9847,9852,9846,9847,1480,258953,145854000.0,OI2601
2025-09-08 21:11:00,9849,9853,9846,9852,1128,259219,111164400.0,OI2601
2025-09-08 21:12:00,9851,9851,9844,9845,1367,259210,134414690.0,OI2601
2025-09-08 21:13:00,9845,9848,9842,9848,1968,259221,193926720.0,OI2601
2025-09-08 21:14:00,9847,9848,9843,9843,860,258996,84744400.0,OI2601
2025-09-08 21:15:00,9844,9851,9844,9850,805,259061,78985210.0,OI2601
2025-09-08 21:16:00,9850,9852,9848,9849,624,259284,61482720.0,OI2601
2025-09-08 21:17:00,9849,9849,9844,9844,731,259396,72025430.0,OI2601
2025-09-08 21:18:00,9844,9847,9843,9847,360,259422,35470800.0,OI2601
2025-09-08 21:19:00,9847,9851,9844,9850,1520,259935,149765600.0,OI2601
2025-09-08 21:20:00,9849,9850,9847,9849,298,260026,29361940.0,OI2601
2025-09-08 21:21:00,9848,9849,9845,9849,1262,260260,124344860.0,OI2601
2025-09-08 21:22:00,9848,9850,9847,9847,545,260346,53698850.0,OI2601
2025-09-08 21:23:00,9848,9848,9846,9847,232,260403,22858960.0,OI2601
2025-09-08 21:24:00,9847,9847,9842,9844,1008,260370,98912950.0,OI2601
2025-09-08 21:25:00,9844,9847,9844,9844,371,260341,36550920.0,OI2601
2025-09-08 21:26:00,9845,9847,9844,9847,224,260316,22068480.0,OI2601
2025-09-08 21:27:00,9847,9851,9845,9849,659,260361,64924680.0,OI2601
2025-09-08 21:28:00,9848,9852,9847,9848,491,260398,48373320.0,OI2601
2025-09-08 21:29:00,9848,9850,9846,9848,471,260412,46402920.0,OI2601
2025-09-08 21:30:00,9847,9855,9847,9854,1212,260465,119406240.0,OI2601
2025-09-08 21:31:00,9854,9856,9853,9855,765,260561,75367800.0,OI2601
2025-09-08 21:32:00,9855,9860,9852,9853,1239,260721,122066280.0,OI2601
2025-09-08 21:33:00,9852,9853,9848,9850,598,260550,58914960.0,OI2601
2025-09-08 21:34:00,9851,9851,9847,9847,755,260568,74382600.0,OI2601
2025-09-08 21:35:00,9848,9850,9846,9848,865,260365,85219800.0,OI2601
2025-09-08 21:36:00,9847,9847,9837,9838,1957,260097,192803640.0,OI2601
2025-09-08 21:37:00,9839,9841,9837,9839,800,259958,78306640.0,OI2601
2025-09-08 21:38:00,9839,9840,9837,9837,413,259866,40684630.0,OI2601
2025-09-08 21:39:00,9837,9839,9834,9836,911,259732,89742610.0,OI2601
2025-09-08 21:40:00,9837,9842,9835,9842,1089,259710,107277390.0,OI2601
2025-09-08 21:41:00,9842,9842,9834,9836,536,259683,52801360.0,OI2601
2025-09-08 21:42:00,9837,9837,9831,9833,1131,259703,110864650.0,OI2601
2025-09-08 21:43:00,9834,9837,9832,9832,557,259810,54864500.0,OI2601
2025-09-08 21:44:00,9833,9836,9833,9835,242,259833,23837000.0,OI2601
2025-09-08 21:45:00,9836,9837,9832,9834,487,259845,47969500.0,OI2601
2025-09-08 21:46:00,9834,9836,9829,9832,982,259508,96727000.0,OI2601
2025-09-08 21:47:00,9832,9832,9829,9831,689,259411,67866500.0,OI2601
2025-09-08 21:48:00,9830,9835,9828,9835,751,259497,73386260.0,OI2601
2025-09-08 21:49:00,9834,9836,9833,9836,435,259492,42843150.0,OI2601
2025-09-08 21:50:00,9835,9835,9831,9832,544,259469,53578560.0,OI2601
2025-09-08 21:51:00,9831,9831,9827,9827,862,259423,84898380.0,OI2601
2025-09-08 21:52:00,9828,9829,9824,9827,1240,259125,121509550.0,OI2601
2025-09-08 21:53:00,9827,9828,9824,9825,538,259139,52982240.0,OI2601
2025-09-08 21:54:00,9826,9827,9824,9826,1050,259093,103404000.0,OI2601
2025-09-08 21:55:00,9826,9828,9824,9825,459,259123,45202320.0,OI2601
2025-09-08 21:56:00,9825,9828,9824,9826,477,259076,46331670.0,OI2601
2025-09-08 21:57:00,9827,9827,9823,9823,546,259087,53764620.0,OI2601
2025-09-08 21:58:00,9823,9824,9817,9819,1670,259024,164444900.0,OI2601
2025-09-08 21:59:00,9820,9824,9818,9824,860,259014,84010150.0,OI2601
2025-09-08 22:00:00,9824,9824,9817,9817,1175,258924,115690500.0,OI2601
2025-09-08 22:01:00,9817,9821,9815,9821,1398,258736,136947300.0,OI2601
2025-09-08 22:02:00,9821,9826,9819,9825,881,258562,86734450.0,OI2601
2025-09-08 22:03:00,9826,9828,9825,9827,779,258500,76692550.0,OI2601
2025-09-08 22:04:00,9828,9830,9826,9830,1048,258355,103175600.0,OI2601
2025-09-08 22:05:00,9830,9837,9829,9836,1067,258141,104308620.0,OI2601
2025-09-08 22:06:00,9836,9836,9832,9832,595,258165,58571800.0,OI2601
2025-09-08 22:07:00,9832,9836,9831,9834,737,258161,72550280.0,OI2601
2025-09-08 22:08:00,9836,9836,9834,9835,302,258158,29728880.0,OI2601
2025-09-08 22:09:00,9835,9835,9830,9831,341,258139,33568040.0,OI2601
2025-09-08 22:10:00,9832,9833,9828,9828,362,258067,35635280.0,OI2601
2025-09-08 22:11:00,9829,9830,9825,9827,608,258060,59851520.0,OI2601
2025-09-08 22:12:00,9827,9830,9826,9829,326,258037,32091440.0,OI2601
2025-09-08 22:13:00,9829,9833,9828,9830,356,258057,35044640.0,OI2601
2025-09-08 22:14:00,9829,9830,9827,9828,389,258021,38293160.0,OI2601
2025-09-08 22:15:00,9829,9829,9827,9829,266,258016,26185040.0,OI2601
2025-09-08 22:16:00,9830,9833,9829,9830,302,258043,29728880.0,OI2601
2025-09-08 22:17:00,9831,9831,9827,9827,246,258029,24216240.0,OI2601
2025-09-08 22:18:00,9827,9830,9824,9825,452,258003,43704530.0,OI2601
2025-09-08 22:19:00,9824,9826,9823,9824,377,257972,37108110.0,OI2601
2025-09-08 22:20:00,9824,9826,9824,9824,313,257944,30808590.0,OI2601
2025-09-08 22:21:00,9823,9825,9821,9822,364,258022,35828520.0,OI2601
2025-09-08 22:22:00,9822,9823,9821,9822,241,257989,23721630.0,OI2601
2025-09-08 22:23:00,9822,9823,9819,9822,620,257949,61026600.0,OI2601
2025-09-08 22:24:00,9822,9824,9821,9821,345,257858,33958350.0,OI2601
2025-09-08 22:25:00,9822,9826,9821,9822,497,257849,48919710.0,OI2601
2025-09-08 22:26:00,9822,9826,9821,9826,213,257850,20965590.0,OI2601
2025-09-08 22:27:00,9825,9826,9824,9826,419,257888,41242170.0,OI2601
2025-09-08 22:28:00,9826,9826,9822,9825,582,257797,56456200.0,OI2601
2025-09-08 22:29:00,9825,9831,9823,9828,743,257523,73126060.0,OI2601
2025-09-08 22:30:00,9828,9836,9828,9835,926,257418,91136920.0,OI2601
2025-09-08 22:31:00,9835,9838,9834,9837,818,257350,80507560.0,OI2601
2025-09-08 22:32:00,9837,9839,9835,9836,541,257369,53245220.0,OI2601
2025-09-08 22:33:00,9837,9841,9836,9840,776,257383,76373920.0,OI2601
2025-09-08 22:34:00,9840,9840,9838,9840,283,257398,27852860.0,OI2601
2025-09-08 22:35:00,9839,9844,9839,9843,913,257400,89857460.0,OI2601
2025-09-08 22:36:00,9843,9844,9840,9840,826,257292,81294920.0,OI2601
2025-09-08 22:37:00,9840,9845,9840,9845,332,257274,32675440.0,OI2601
2025-09-08 22:38:00,9844,9846,9842,9846,784,257372,77161280.0,OI2601
2025-09-08 22:39:00,9846,9846,9840,9840,426,257350,41926920.0,OI2601
2025-09-08 22:40:00,9841,9841,9839,9840,455,257374,44781100.0,OI2601
2025-09-08 22:41:00,9839,9840,9837,9838,349,257306,34348580.0,OI2601
2025-09-08 22:42:00,9837,9838,9835,9836,414,257188,40745880.0,OI2601
2025-09-08 22:43:00,9836,9839,9836,9837,254,257222,24998680.0,OI2601
2025-09-08 22:44:00,9838,9842,9837,9842,307,257257,30214940.0,OI2601
2025-09-08 22:45:00,9843,9845,9842,9842,334,257330,32872280.0,OI2601
2025-09-08 22:46:00,9843,9845,9842,9844,324,257375,31888080.0,OI2601
2025-09-08 22:47:00,9844,9846,9842,9842,495,257444,48717900.0,OI2601
2025-09-08 22:48:00,9842,9846,9841,9845,334,257445,32872280.0,OI2601
2025-09-08 22:49:00,9846,9846,9843,9843,469,257461,46158980.0,OI2601
2025-09-08 22:50:00,9843,9846,9843,9846,591,257473,58166220.0,OI2601
2025-09-08 22:51:00,9845,9846,9842,9843,223,257424,21947660.0,OI2601
2025-09-08 22:52:00,9843,9843,9842,9842,168,257435,16534560.0,OI2601
2025-09-08 22:53:00,9841,9842,9837,9838,613,257311,60331460.0,OI2601
2025-09-08 22:54:00,9838,9843,9838,9842,289,257260,28443380.0,OI2601
2025-09-08 22:55:00,9842,9843,9841,9841,193,257293,18995060.0,OI2601
2025-09-08 22:56:00,9842,9845,9841,9841,421,257207,41434820.0,OI2601
2025-09-08 22:57:00,9839,9840,9837,9838,372,257079,36612240.0,OI2601
2025-09-08 22:58:00,9839,9842,9838,9840,391,256956,38482220.0,OI2601
2025-09-08 22:59:00,9840,9841,9834,9839,596,256655,58658320.0,OI2601
2025-09-09 09:00:00,9848,9860,9844,9858,4541,258245,447950290.0,OI2601
2025-09-09 09:01:00,9858,9861,9854,9854,2226,258514,219105180.0,OI2601
2025-09-09 09:02:00,9854,9855,9846,9847,1331,258408,131010330.0,OI2601
2025-09-09 09:03:00,9846,9847,9843,9847,819,258295,80614170.0,OI2601
2025-09-09 09:04:00,9847,9850,9843,9844,1242,258305,122250060.0,OI2601
2025-09-09 09:05:00,9843,9843,9835,9838,1371,258406,134947530.0,OI2601
2025-09-09 09:06:00,9837,9839,9835,9837,482,258360,47443260.0,OI2601
2025-09-09 09:07:00,9836,9836,9832,9833,737,258418,72542910.0,OI2601
2025-09-09 09:08:00,9833,9838,9832,9835,575,258471,56597250.0,OI2601
2025-09-09 09:09:00,9835,9838,9833,9837,625,258679,61518750.0,OI2601
2025-09-09 09:10:00,9836,9843,9835,9841,937,258813,92228910.0,OI2601
2025-09-09 09:11:00,9841,9843,9839,9842,349,258832,34352070.0,OI2601
2025-09-09 09:12:00,9841,9845,9837,9840,1788,259234,175992840.0,OI2601
2025-09-09 09:13:00,9840,9840,9836,9839,514,259281,50593020.0,OI2601
2025-09-09 09:14:00,9839,9841,9838,9840,343,259290,33761490.0,OI2601
2025-09-09 09:15:00,9840,9840,9838,9838,241,259350,23721630.0,OI2601
2025-09-09 09:16:00,9838,9842,9837,9841,460,259349,45277800.0,OI2601
2025-09-09 09:17:00,9841,9845,9841,9843,404,259348,39765720.0,OI2601
2025-09-09 09:18:00,9843,9843,9838,9838,603,259299,59353290.0,OI2601
2025-09-09 09:19:00,9838,9842,9836,9837,441,259343,43407630.0,OI2601
2025-09-09 09:20:00,9837,9839,9833,9833,456,259369,44884080.0,OI2601
2025-09-09 09:21:00,9833,9837,9833,9837,330,259324,32481900.0,OI2601
2025-09-09 09:22:00,9836,9837,9833,9833,357,259370,35139510.0,OI2601
2025-09-09 09:23:00,9834,9836,9833,9836,675,259529,66440250.0,OI2601
2025-09-09 09:24:00,9835,9840,9835,9838,517,259488,49685010.0,OI2601
2025-09-09 09:25:00,9837,9839,9837,9839,130,259481,12794600.0,OI2601
2025-09-09 09:26:00,9838,9839,9835,9835,354,259460,34840680.0,OI2601
2025-09-09 09:27:00,9835,9836,9832,9835,832,259476,81885440.0,OI2601
2025-09-09 09:28:00,9836,9839,9835,9836,252,259493,24801840.0,OI2601
2025-09-09 09:29:00,9835,9836,9834,9834,118,259502,11613560.0,OI2601
2025-09-09 09:30:00,9835,9841,9834,9838,528,259561,51965760.0,OI2601
2025-09-09 09:31:00,9838,9840,9837,9839,440,259553,43304800.0,OI2601
2025-09-09 09:32:00,9839,9844,9838,9842,376,259540,37005920.0,OI2601
2025-09-09 09:33:00,9842,9845,9841,9843,488,259620,48028960.0,OI2601
2025-09-09 09:34:00,9844,9847,9841,9846,702,259747,69090840.0,OI2601
2025-09-09 09:35:00,9847,9847,9842,9843,359,259771,35332780.0,OI2601
2025-09-09 09:36:00,9843,9843,9836,9840,1168,259657,114954560.0,OI2601
2025-09-09 09:37:00,9839,9841,9837,9840,372,259692,36612240.0,OI2601
2025-09-09 09:38:00,9840,9846,9839,9844,588,259644,57870960.0,OI2601
2025-09-09 09:39:00,9843,9844,9842,9844,251,259702,24703420.0,OI2601
2025-09-09 09:40:00,9844,9845,9842,9843,250,259729,24605000.0,OI2601
2025-09-09 09:41:00,9844,9845,9839,9841,454,259833,44682680.0,OI2601
2025-09-09 09:42:00,9841,9842,9838,9841,323,259843,31789660.0,OI2601
2025-09-09 09:43:00,9840,9847,9840,9844,548,259837,53934160.0,OI2601
2025-09-09 09:44:00,9845,9846,9842,9845,262,259870,25786040.0,OI2601
2025-09-09 09:45:00,9845,9851,9845,9848,1299,260033,127847580.0,OI2601
2025-09-09 09:46:00,9848,9851,9847,9849,303,260096,29821260.0,OI2601
2025-09-09 09:47:00,9850,9850,9846,9847,423,260173,41631660.0,OI2601
2025-09-09 09:48:00,9847,9848,9845,9846,286,260231,28148120.0,OI2601
2025-09-09 09:49:00,9846,9849,9846,9847,216,260246,21258720.0,OI2601
2025-09-09 09:50:00,9848,9850,9843,9846,822,260557,80901240.0,OI2601
2025-09-09 09:51:00,9845,9845,9838,9839,772,260435,75980240.0,OI2601
2025-09-09 09:52:00,9839,9842,9838,9841,368,260432,36218560.0,OI2601
2025-09-09 09:53:00,9840,9840,9836,9838,395,260381,38875900.0,OI2601
2025-09-09 09:54:00,9837,9842,9837,9841,228,260430,22439760.0,OI2601
2025-09-09 09:55:00,9841,9842,9840,9842,298,260471,29329160.0,OI2601
2025-09-09 09:56:00,9841,9844,9838,9844,193,260491,18995060.0,OI2601
2025-09-09 09:57:00,9844,9846,9842,9843,384,260490,37793280.0,OI2601
2025-09-09 09:58:00,9842,9853,9842,9853,669,260514,65842980.0,OI2601
2025-09-09 09:59:00,9853,9854,9851,9853,633,260613,63664000.0,OI2601
2025-09-09 10:00:00,9853,9857,9851,9856,1163,260599,114474090.0,OI2601
2025-09-09 10:01:00,9855,9858,9852,9855,1057,260867,104040510.0,OI2601
2025-09-09 10:02:00,9855,9855,9851,9854,307,260819,30218010.0,OI2601
2025-09-09 10:03:00,9853,9854,9842,9843,841,260678,82779630.0,OI2601
2025-09-09 10:04:00,9842,9845,9838,9839,540,260697,53152200.0,OI2601
2025-09-09 10:05:00,9839,9839,9834,9834,1118,260659,110044740.0,OI2601
2025-09-09 10:06:00,9835,9836,9831,9832,923,260606,90850890.0,OI2601
2025-09-09 10:07:00,9833,9836,9832,9833,453,260590,44588790.0,OI2601
2025-09-09 10:08:00,9833,9834,9830,9831,713,260614,70180590.0,OI2601
2025-09-09 10:09:00,9830,9836,9828,9836,699,260525,68802570.0,OI2601
2025-09-09 10:10:00,9834,9836,9825,9828,778,260547,75128480.0,OI2601
2025-09-09 10:11:00,9827,9829,9826,9827,465,260536,45765300.0,OI2601
2025-09-09 10:12:00,9825,9829,9823,9827,804,260588,79129680.0,OI2601
2025-09-09 10:13:00,9828,9829,9822,9828,505,260552,49702100.0,OI2601
2025-09-09 10:14:00,9828,9829,9825,9829,375,260486,36907500.0,OI2601
2025-09-09 10:30:00,9827,9843,9825,9843,1317,260380,129619140.0,OI2601
2025-09-09 10:31:00,9842,9845,9838,9841,821,260371,80802820.0,OI2601
2025-09-09 10:32:00,9842,9844,9837,9839,697,260306,68598740.0,OI2601
2025-09-09 10:33:00,9838,9841,9833,9833,465,260271,45765300.0,OI2601
2025-09-09 10:34:00,9832,9834,9831,9832,554,260306,54524680.0,OI2601
2025-09-09 10:35:00,9831,9832,9827,9830,865,260282,85133300.0,OI2601
2025-09-09 10:36:00,9831,9831,9818,9821,1410,260385,138772200.0,OI2601
2025-09-09 10:37:00,9822,9824,9820,9823,859,260400,84542780.0,OI2601
2025-09-09 10:38:00,9823,9829,9823,9825,695,260346,68401900.0,OI2601
2025-09-09 10:39:00,9824,9829,9822,9825,608,260454,59839360.0,OI2601
2025-09-09 10:40:00,9825,9825,9817,9817,1457,260135,141828910.0,OI2601
2025-09-09 10:41:00,9817,9819,9815,9818,847,259962,83353270.0,OI2601
2025-09-09 10:42:00,9819,9824,9817,9821,837,259869,82369170.0,OI2601
2025-09-09 10:43:00,9821,9823,9820,9823,262,259875,25783420.0,OI2601
2025-09-09 10:44:00,9823,9836,9822,9835,929,259660,91422890.0,OI2601
2025-09-09 10:45:00,9835,9840,9834,9835,903,259580,88864230.0,OI2601
2025-09-09 10:46:00,9835,9835,9829,9829,612,259562,60226920.0,OI2601
2025-09-09 10:47:00,9828,9832,9828,9829,294,259627,28932540.0,OI2601
2025-09-09 10:48:00,9829,9829,9824,9825,498,259604,49008180.0,OI2601
2025-09-09 10:49:00,9825,9826,9823,9826,204,259622,20075640.0,OI2601
2025-09-09 10:50:00,9826,9826,9820,9821,593,259656,58357130.0,OI2601
2025-09-09 10:51:00,9821,9823,9820,9822,420,259694,41332200.0,OI2601
2025-09-09 10:52:00,9822,9822,9818,9822,428,259697,42119480.0,OI2601
2025-09-09 10:53:00,9822,9824,9821,9822,235,259706,23126350.0,OI2601
2025-09-09 10:54:00,9823,9824,9821,9823,291,259707,28637310.0,OI2601
2025-09-09 10:55:00,9822,9825,9820,9825,363,259707,35722830.0,OI2601
2025-09-09 10:56:00,9825,9830,9824,9830,482,259723,47433620.0,OI2601
2025-09-09 10:57:00,9829,9830,9828,9829,219,259755,21551790.0,OI2601
2025-09-09 10:58:00,9830,9835,9830,9833,492,259674,48417720.0,OI2601
2025-09-09 10:59:00,9833,9834,9830,9832,431,259762,42414710.0,OI2601
2025-09-09 11:00:00,9832,9834,9832,9833,287,259816,28243670.0,OI2601
2025-09-09 11:01:00,9833,9835,9832,9832,237,259823,23323170.0,OI2601
2025-09-09 11:02:00,9832,9839,9832,9838,557,259863,54814370.0,OI2601
2025-09-09 11:03:00,9839,9840,9837,9837,722,260072,71052020.0,OI2601
2025-09-09 11:04:00,9837,9837,9830,9831,535,260082,50963540.0,OI2601
2025-09-09 11:05:00,9831,9832,9828,9829,318,260129,31291200.0,OI2601
2025-09-09 11:06:00,9829,9833,9828,9830,565,260201,55596000.0,OI2601
2025-09-09 11:07:00,9830,9833,9828,9832,284,260232,27945600.0,OI2601
2025-09-09 11:08:00,9833,9833,9826,9826,518,260131,50971200.0,OI2601
2025-09-09 11:09:00,9826,9835,9826,9835,536,260142,52742400.0,OI2601
2025-09-09 11:10:00,9835,9840,9834,9839,640,260198,62976000.0,OI2601
2025-09-09 11:11:00,9839,9840,9835,9837,586,260344,57662400.0,OI2601
2025-09-09 11:12:00,9838,9839,9836,9838,262,260362,25780800.0,OI2601
2025-09-09 11:13:00,9839,9839,9835,9837,394,260406,38769600.0,OI2601
2025-09-09 11:14:00,9836,9845,9836,9841,1435,260397,141204000.0,OI2601
2025-09-09 11:15:00,9842,9845,9841,9844,599,260567,58941600.0,OI2601
2025-09-09 11:16:00,9844,9849,9842,9848,939,260654,92397600.0,OI2601
2025-09-09 11:17:00,9848,9854,9846,9853,1682,261081,165508800.0,OI2601
2025-09-09 11:18:00,9852,9854,9849,9853,1055,261091,105595940.0,OI2601
2025-09-09 11:19:00,9853,9858,9853,9853,1652,261622,162573320.0,OI2601
2025-09-09 11:20:00,9853,9863,9853,9862,2679,262156,263640390.0,OI2601
2025-09-09 11:21:00,9861,9862,9851,9852,1786,262588,175760260.0,OI2601
2025-09-09 11:22:00,9851,9853,9848,9853,741,262615,72921810.0,OI2601
2025-09-09 11:23:00,9852,9852,9847,9849,520,262603,51173200.0,OI2601
2025-09-09 11:24:00,9850,9856,9848,9851,783,262761,77055030.0,OI2601
2025-09-09 11:25:00,9852,9852,9848,9849,512,262838,50385920.0,OI2601
2025-09-09 11:26:00,9850,9851,9846,9848,762,262894,74988420.0,OI2601
2025-09-09 11:27:00,9848,9852,9848,9850,712,263175,70067920.0,OI2601
2025-09-09 11:28:00,9848,9855,9848,9855,564,263279,55503240.0,OI2601
2025-09-09 11:29:00,9854,9856,9851,9854,557,263314,54814370.0,OI2601
2025-09-09 13:30:00,9856,9864,9856,9860,3514,263978,347744500.0,OI2601
2025-09-09 13:31:00,9860,9862,9858,9861,1589,264018,156389380.0,OI2601
2025-09-09 13:32:00,9860,9861,9852,9853,1599,264295,157373580.0,OI2601
2025-09-09 13:33:00,9853,9853,9843,9845,1986,263803,195462120.0,OI2601
2025-09-09 13:34:00,9845,9853,9844,9853,588,263838,57870960.0,OI2601
2025-09-09 13:35:00,9852,9854,9849,9853,685,263895,67417700.0,OI2601
2025-09-09 13:36:00,9853,9855,9852,9853,731,263906,71945020.0,OI2601
2025-09-09 13:37:00,9854,9855,9849,9851,632,263952,62201440.0,OI2601
2025-09-09 13:38:00,9850,9857,9850,9856,511,264024,50292620.0,OI2601
2025-09-09 13:39:00,9856,9856,9852,9853,570,264120,56099400.0,OI2601
2025-09-09 13:40:00,9853,9856,9853,9855,291,264200,28640220.0,OI2601
2025-09-09 13:41:00,9855,9856,9852,9856,484,264252,47635280.0,OI2601
2025-09-09 13:42:00,9858,9862,9858,9860,1503,264919,147925260.0,OI2601
2025-09-09 13:43:00,9860,9860,9853,9853,695,264957,68401900.0,OI2601
2025-09-09 13:44:00,9853,9853,9844,9846,933,264732,91825860.0,OI2601
2025-09-09 13:45:00,9846,9848,9844,9846,704,264623,69287680.0,OI2601
2025-09-09 13:46:00,9846,9846,9844,9845,602,264556,59248840.0,OI2601
2025-09-09 13:47:00,9845,9851,9844,9850,1097,264413,107966740.0,OI2601
2025-09-09 13:48:00,9850,9852,9849,9850,629,264587,63996230.0,OI2601
2025-09-09 13:49:00,9850,9852,9848,9850,392,264636,38584560.0,OI2601
2025-09-09 13:50:00,9851,9851,9843,9845,833,264803,81992190.0,OI2601
2025-09-09 13:51:00,9845,9854,9844,9854,829,264947,81598470.0,OI2601
2025-09-09 13:52:00,9854,9854,9846,9848,537,264995,52856910.0,OI2601
2025-09-09 13:53:00,9848,9850,9847,9849,338,265075,33269340.0,OI2601
2025-09-09 13:54:00,9849,9853,9849,9851,274,265161,26969820.0,OI2601
2025-09-09 13:55:00,9852,9853,9844,9844,494,265141,48624420.0,OI2601
2025-09-09 13:56:00,9844,9844,9841,9841,767,264919,75495810.0,OI2601
2025-09-09 13:57:00,9842,9843,9839,9841,851,264712,83763930.0,OI2601
2025-09-09 13:58:00,9840,9841,9837,9838,1108,264747,109060440.0,OI2601
2025-09-09 13:59:00,9838,9839,9835,9837,627,264717,61715610.0,OI2601
2025-09-09 14:00:00,9837,9837,9831,9834,963,264617,94788090.0,OI2601
2025-09-09 14:01:00,9835,9841,9834,9840,489,264509,48132270.0,OI2601
2025-09-09 14:02:00,9839,9846,9839,9845,727,264538,71558610.0,OI2601
2025-09-09 14:03:00,9845,9851,9844,9850,1887,265207,185737410.0,OI2601
2025-09-09 14:04:00,9849,9855,9849,9853,878,265396,86421540.0,OI2601
2025-09-09 14:05:00,9854,9859,9854,9856,1245,265850,122545350.0,OI2601
2025-09-09 14:06:00,9857,9861,9854,9859,958,266269,94295940.0,OI2601
2025-09-09 14:07:00,9859,9860,9853,9856,1243,266764,122348490.0,OI2601
2025-09-09 14:08:00,9856,9857,9852,9856,474,266732,46655820.0,OI2601
2025-09-09 14:09:00,9856,9856,9853,9853,252,266775,24804360.0,OI2601
2025-09-09 14:10:00,9855,9861,9854,9858,672,266994,66144960.0,OI2601
2025-09-09 14:11:00,9858,9865,9858,9863,1424,267311,140164320.0,OI2601
2025-09-09 14:12:00,9863,9865,9859,9860,973,267453,95772390.0,OI2601
2025-09-09 14:13:00,9859,9870,9859,9868,2488,267918,244893840.0,OI2601
2025-09-09 14:14:00,9869,9871,9867,9868,1344,268274,134610640.0,OI2601
2025-09-09 14:15:00,9867,9867,9862,9863,1690,268807,166363600.0,OI2601
2025-09-09 14:16:00,9864,9864,9860,9862,684,268908,67332960.0,OI2601
2025-09-09 14:17:00,9862,9863,9858,9861,1109,268693,109169960.0,OI2601
2025-09-09 14:18:00,9860,9861,9858,9860,440,268702,43313600.0,OI2601
2025-09-09 14:19:00,9859,9867,9859,9866,1372,269366,135059680.0,OI2601
2025-09-09 14:20:00,9866,9867,9864,9864,502,269453,49416880.0,OI2601
2025-09-09 14:21:00,9865,9868,9862,9864,505,269523,49712200.0,OI2601
2025-09-09 14:22:00,9863,9863,9856,9858,1025,269434,100901000.0,OI2601
2025-09-09 14:23:00,9857,9857,9852,9854,854,269110,84067760.0,OI2601
2025-09-09 14:24:00,9855,9857,9854,9855,478,268993,47054320.0,OI2601
2025-09-09 14:25:00,9855,9855,9847,9847,1236,268348,121671840.0,OI2601
2025-09-09 14:26:00,9848,9850,9847,9850,586,268127,57685840.0,OI2601
2025-09-09 14:27:00,9849,9849,9843,9844,1012,267992,99621280.0,OI2601
2025-09-09 14:28:00,9843,9846,9832,9835,2338,268349,230152720.0,OI2601
2025-09-09 14:29:00,9836,9837,9834,9836,1008,268272,99227520.0,OI2601
2025-09-09 14:30:00,9837,9838,9834,9838,1060,268087,104346400.0,OI2601
2025-09-09 14:31:00,9837,9845,9837,9844,901,267853,88694440.0,OI2601
2025-09-09 14:32:00,9844,9845,9843,9843,285,267871,28055400.0,OI2601
2025-09-09 14:33:00,9844,9854,9843,9854,932,267967,91746080.0,OI2601
2025-09-09 14:34:00,9854,9854,9850,9851,878,268024,86430320.0,OI2601
2025-09-09 14:35:00,9851,9854,9851,9853,346,268091,34060240.0,OI2601
2025-09-09 14:36:00,9852,9855,9850,9852,616,268114,60639040.0,OI2601
2025-09-09 14:37:00,9852,9858,9851,9857,522,268217,51385680.0,OI2601
2025-09-09 14:38:00,9857,9858,9855,9857,398,268355,39179120.0,OI2601
2025-09-09 14:39:00,9857,9860,9855,9859,702,268555,69104880.0,OI2601
2025-09-09 14:40:00,9859,9860,9856,9856,398,268608,39179120.0,OI2601
2025-09-09 14:41:00,9857,9858,9853,9855,702,268727,69104880.0,OI2601
2025-09-09 14:42:00,9855,9856,9852,9854,349,268858,34355560.0,OI2601
2025-09-09 14:43:00,9854,9858,9853,9854,365,268965,35930600.0,OI2601
2025-09-09 14:44:00,9855,9858,9853,9857,324,268943,31894560.0,OI2601
2025-09-09 14:45:00,9858,9858,9852,9852,260,268970,25594400.0,OI2601
2025-09-09 14:46:00,9852,9853,9850,9852,417,268981,41049480.0,OI2601
2025-09-09 14:47:00,9852,9854,9851,9852,288,268932,28350720.0,OI2601
2025-09-09 14:48:00,9852,9857,9851,9854,407,268916,40065080.0,OI2601
2025-09-09 14:49:00,9855,9858,9854,9855,477,268909,46955880.0,OI2601
2025-09-09 14:50:00,9856,9856,9853,9854,375,268945,36915000.0,OI2601
2025-09-09 14:51:00,9853,9854,9851,9853,266,268856,26185040.0,OI2601
2025-09-09 14:52:00,9852,9852,9848,9850,535,268758,52665400.0,OI2601
2025-09-09 14:53:00,9850,9850,9848,9849,292,268712,28744480.0,OI2601
2025-09-09 14:54:00,9849,9851,9848,9849,400,268645,39376000.0,OI2601
2025-09-09 14:55:00,9849,9850,9848,9850,333,268483,32780520.0,OI2601
2025-09-09 14:56:00,9850,9852,9848,9851,372,268427,36619680.0,OI2601
2025-09-09 14:57:00,9851,9853,9849,9853,391,268373,38490040.0,OI2601
2025-09-09 14:58:00,9852,9854,9850,9851,526,268283,51779440.0,OI2601
2025-09-09 14:59:00,9850,9853,9849,9851,1065,268014,107459530.0,OI2601
2025-09-09 21:00:00,9843,9849,9834,9842,6523,268678,641928430.0,OI2601
2025-09-09 21:01:00,9840,9858,9840,9857,3298,269305,324850810.0,OI2601
2025-09-09 21:02:00,9856,9862,9853,9856,3486,270238,343694120.0,OI2601
2025-09-09 21:03:00,9857,9874,9856,9869,4306,271665,424759400.0,OI2601
2025-09-09 21:04:00,9869,9874,9858,9860,2757,272106,272027040.0,OI2601
2025-09-09 21:05:00,9861,9861,9855,9856,1782,272132,175598280.0,OI2601
2025-09-09 21:06:00,9857,9858,9854,9854,1571,272360,154806340.0,OI2601
2025-09-09 21:07:00,9855,9858,9855,9856,1190,272222,117262600.0,OI2601
2025-09-09 21:08:00,9855,9857,9848,9849,1910,272266,188211400.0,OI2601
2025-09-09 21:09:00,9850,9855,9849,9852,1190,272071,117262600.0,OI2601
2025-09-09 21:10:00,9852,9853,9848,9848,801,271941,78930540.0,OI2601
2025-09-09 21:11:00,9848,9851,9847,9851,1096,271644,107999840.0,OI2601
2025-09-09 21:12:00,9851,9855,9847,9848,1101,271483,108492540.0,OI2601
2025-09-09 21:13:00,9849,9853,9849,9853,620,271480,61094800.0,OI2601
2025-09-09 21:14:00,9852,9857,9851,9856,1141,271501,112434140.0,OI2601
2025-09-09 21:15:00,9856,9858,9855,9857,831,271563,81886740.0,OI2601
2025-09-09 21:16:00,9856,9857,9842,9843,2879,271157,283331840.0,OI2601
2025-09-09 21:17:00,9843,9844,9835,9835,2555,270935,251744150.0,OI2601
2025-09-09 21:18:00,9834,9838,9831,9838,3367,270852,330902430.0,OI2601
2025-09-09 21:19:00,9838,9844,9838,9841,1431,270773,140967810.0,OI2601
2025-09-09 21:20:00,9841,9848,9841,9847,1558,270798,153478580.0,OI2601
2025-09-09 21:21:00,9847,9848,9845,9846,993,270707,97356570.0,OI2601
2025-09-09 21:22:00,9846,9850,9845,9847,643,270858,63335500.0,OI2601
2025-09-09 21:23:00,9847,9859,9847,9858,1834,271194,181137630.0,OI2601
2025-09-09 21:24:00,9857,9860,9856,9857,1066,271540,105011660.0,OI2601
2025-09-09 21:25:00,9857,9862,9856,9862,1313,271971,129343630.0,OI2601
2025-09-09 21:26:00,9862,9862,9857,9860,1305,272486,128555550.0,OI2601
2025-09-09 21:27:00,9860,9864,9853,9854,2775,273140,273918470.0,OI2601
2025-09-09 21:28:00,9855,9857,9851,9855,1339,273281,131918280.0,OI2601
2025-09-09 21:29:00,9853,9855,9850,9852,1544,273009,152114880.0,OI2601
2025-09-09 21:30:00,9850,9850,9846,9847,1352,272947,133199040.0,OI2601
2025-09-09 21:31:00,9847,9853,9846,9852,963,272831,94874760.0,OI2601
2025-09-09 21:32:00,9852,9861,9850,9861,2628,273615,258910560.0,OI2601
2025-09-09 21:33:00,9860,9863,9858,9859,1478,274058,145612560.0,OI2601
2025-09-09 21:34:00,9860,9864,9860,9861,1138,274214,112115760.0,OI2601
2025-09-09 21:35:00,9862,9869,9861,9868,1666,274610,164808620.0,OI2601
2025-09-09 21:36:00,9870,9870,9862,9864,1075,274669,105919750.0,OI2601
2025-09-09 21:37:00,9865,9867,9862,9867,791,274890,77937230.0,OI2601
2025-09-09 21:38:00,9867,9871,9867,9867,1089,275341,107299170.0,OI2601
2025-09-09 21:39:00,9867,9868,9864,9864,557,275434,54881210.0,OI2601
2025-09-09 21:40:00,9865,9868,9862,9863,742,275552,73109260.0,OI2601
2025-09-09 21:41:00,9862,9864,9858,9860,940,275255,92618200.0,OI2601
2025-09-09 21:42:00,9859,9860,9854,9857,1002,275012,98727060.0,OI2601
2025-09-09 21:43:00,9858,9862,9858,9860,356,274949,35816500.0,OI2601
2025-09-09 21:44:00,9860,9862,9858,9860,511,274897,50353940.0,OI2601
2025-09-09 21:45:00,9860,9863,9860,9863,375,274846,36952500.0,OI2601
2025-09-09 21:46:00,9862,9863,9853,9853,919,274740,90558260.0,OI2601
2025-09-09 21:47:00,9854,9856,9850,9851,1111,274529,109477940.0,OI2601
2025-09-09 21:48:00,9851,9853,9849,9853,947,274335,93317380.0,OI2601
2025-09-09 21:49:00,9853,9858,9852,9856,579,274254,57054660.0,OI2601
2025-09-09 21:50:00,9856,9857,9855,9856,231,274234,22762740.0,OI2601
2025-09-09 21:51:00,9856,9858,9854,9856,513,274291,50551020.0,OI2601
2025-09-09 21:52:00,9856,9857,9852,9852,366,274284,36065640.0,OI2601
2025-09-09 21:53:00,9852,9852,9850,9852,444,274232,43751760.0,OI2601
2025-09-09 21:54:00,9852,9855,9851,9853,257,274146,25324780.0,OI2601
2025-09-09 21:55:00,9854,9856,9853,9853,353,274185,34784620.0,OI2601
2025-09-09 21:56:00,9852,9854,9852,9854,195,274166,19215300.0,OI2601
2025-09-09 21:57:00,9854,9854,9850,9852,557,274276,54886780.0,OI2601
2025-09-09 21:58:00,9852,9853,9850,9852,346,274206,34094840.0,OI2601
2025-09-09 21:59:00,9851,9852,9850,9851,279,274179,27492660.0,OI2601
2025-09-09 22:00:00,9850,9860,9850,9858,779,274037,76762660.0,OI2601
2025-09-09 22:01:00,9860,9860,9856,9857,563,273982,55478020.0,OI2601
2025-09-09 22:02:00,9856,9859,9851,9853,506,273962,49861240.0,OI2601
2025-09-09 22:03:00,9852,9853,9845,9848,1263,273877,124456020.0,OI2601
2025-09-09 22:04:00,9847,9849,9846,9849,461,273896,45426940.0,OI2601
2025-09-09 22:05:00,9849,9852,9848,9851,620,274058,61094800.0,OI2601
2025-09-09 22:06:00,9850,9851,9845,9848,642,273954,62394690.0,OI2601
2025-09-09 22:07:00,9847,9850,9847,9849,323,273898,31825190.0,OI2601
2025-09-09 22:08:00,9849,9849,9845,9847,376,273856,37047280.0,OI2601
2025-09-09 22:09:00,9847,9854,9846,9853,755,273827,74390150.0,OI2601
2025-09-09 22:10:00,9852,9853,9851,9851,290,273878,28573700.0,OI2601
2025-09-09 22:11:00,9851,9852,9848,9850,311,273856,30642830.0,OI2601
2025-09-09 22:12:00,9851,9851,9848,9851,319,273881,31431070.0,OI2601
2025-09-09 22:13:00,9851,9851,9847,9848,205,273896,20198650.0,OI2601
2025-09-09 22:14:00,9848,9853,9847,9852,353,273844,34781090.0,OI2601
2025-09-09 22:15:00,9852,9853,9850,9851,200,273824,19706000.0,OI2601
2025-09-09 22:16:00,9851,9851,9848,9849,212,273816,20888360.0,OI2601
2025-09-09 22:17:00,9849,9849,9839,9840,2168,273579,213613040.0,OI2601
2025-09-09 22:18:00,9839,9842,9837,9841,1059,273540,104343270.0,OI2601
2025-09-09 22:19:00,9840,9840,9827,9830,3257,273637,319945940.0,OI2601
2025-09-09 22:20:00,9831,9835,9828,9834,1120,273601,110342400.0,OI2601
2025-09-09 22:21:00,9834,9836,9833,9836,1012,273537,99702240.0,OI2601
2025-09-09 22:22:00,9836,9837,9833,9834,554,273402,54580080.0,OI2601
2025-09-09 22:23:00,9834,9842,9833,9839,853,273215,84037560.0,OI2601
2025-09-09 22:24:00,9840,9840,9838,9839,253,273126,24925560.0,OI2601
2025-09-09 22:25:00,9839,9839,9835,9836,355,273083,34974600.0,OI2601
2025-09-09 22:26:00,9836,9839,9835,9839,547,273119,52877230.0,OI2601
2025-09-09 22:27:00,9840,9842,9838,9842,470,273024,46299700.0,OI2601
2025-09-09 22:28:00,9842,9844,9838,9838,622,272865,61273220.0,OI2601
2025-09-09 22:29:00,9839,9843,9838,9842,384,272871,37827840.0,OI2601
2025-09-09 22:30:00,9841,9841,9837,9838,413,272850,40684630.0,OI2601
2025-09-09 22:31:00,9837,9839,9834,9837,1822,272091,179485220.0,OI2601
2025-09-09 22:32:00,9838,9840,9835,9838,955,271883,94077050.0,OI2601
2025-09-09 22:33:00,9838,9838,9834,9834,739,271709,72798890.0,OI2601
2025-09-09 22:34:00,9835,9835,9831,9831,565,271624,55658150.0,OI2601
2025-09-09 22:35:00,9831,9834,9831,9833,509,271612,50141590.0,OI2601
2025-09-09 22:36:00,9832,9832,9819,9823,2947,270702,289201500.0,OI2601
2025-09-09 22:37:00,9822,9829,9821,9826,1551,270532,152773500.0,OI2601
2025-09-09 22:38:00,9825,9827,9822,9827,880,270176,85548220.0,OI2601
2025-09-09 22:39:00,9828,9831,9826,9831,591,270019,58207590.0,OI2601
2025-09-09 22:40:00,9831,9836,9831,9835,508,269888,50032920.0,OI2601
2025-09-09 22:41:00,9834,9836,9834,9834,177,269856,17432730.0,OI2601
2025-09-09 22:42:00,9833,9834,9831,9832,269,269761,26493810.0,OI2601
2025-09-09 22:43:00,9833,9833,9829,9830,237,269681,23342130.0,OI2601
2025-09-09 22:44:00,9829,9832,9829,9830,302,269643,29743980.0,OI2601
2025-09-09 22:45:00,9831,9832,9828,9832,440,269660,43335600.0,OI2601
2025-09-09 22:46:00,9832,9832,9830,9832,239,269535,23539110.0,OI2601
2025-09-09 22:47:00,9832,9833,9829,9829,252,269466,24819480.0,OI2601
2025-09-09 22:48:00,9830,9831,9828,9828,359,269327,35357910.0,OI2601
2025-09-09 22:49:00,9828,9830,9828,9830,270,269228,26592300.0,OI2601
2025-09-09 22:50:00,9829,9829,9825,9827,560,269109,55154400.0,OI2601
2025-09-09 22:51:00,9826,9826,9820,9823,972,268958,94548740.0,OI2601
2025-09-09 22:52:00,9823,9826,9822,9825,529,268913,52095920.0,OI2601
2025-09-09 22:53:00,9825,9830,9825,9829,392,268876,38604160.0,OI2601
2025-09-09 22:54:00,9830,9830,9826,9829,188,268828,18514240.0,OI2601
2025-09-09 22:55:00,9829,9829,9825,9827,370,268714,36437600.0,OI2601
2025-09-09 22:56:00,9826,9831,9825,9831,544,268565,53573120.0,OI2601
2025-09-09 22:57:00,9832,9833,9828,9829,457,268515,45005360.0,OI2601
2025-09-09 22:58:00,9828,9830,9826,9828,415,268318,40869200.0,OI2601
2025-09-09 22:59:00,9829,9832,9828,9831,674,268005,66375520.0,OI2601
2025-09-10 09:00:00,9813,9840,9807,9839,5411,268278,531601940.0,OI2601
2025-09-10 09:01:00,9838,9845,9831,9833,1821,268471,179313870.0,OI2601
2025-09-10 09:02:00,9834,9834,9830,9832,638,268486,62823860.0,OI2601
2025-09-10 09:03:00,9832,9833,9823,9827,845,268447,83207150.0,OI2601
2025-09-10 09:04:00,9827,9834,9825,9831,997,268617,96858240.0,OI2601
2025-09-10 09:05:00,9831,9832,9822,9822,912,268537,89795520.0,OI2601
2025-09-10 09:06:00,9823,9824,9821,9821,667,268433,65672820.0,OI2601
2025-09-10 09:07:00,9822,9825,9820,9824,1293,268018,127308780.0,OI2601
2025-09-10 09:08:00,9824,9825,9818,9819,697,267890,68626620.0,OI2601
2025-09-10 09:09:00,9820,9825,9819,9820,885,268191,87137100.0,OI2601
2025-09-10 09:10:00,9820,9823,9818,9822,669,268196,64502160.0,OI2601
2025-09-10 09:11:00,9821,9827,9821,9824,1050,268309,103372500.0,OI2601
2025-09-10 09:12:00,9824,9828,9822,9827,630,268252,62023500.0,OI2601
2025-09-10 09:13:00,9826,9833,9826,9833,909,268228,89491050.0,OI2601
2025-09-10 09:14:00,9833,9840,9833,9834,1297,267832,127689650.0,OI2601
2025-09-10 09:15:00,9836,9836,9827,9828,651,267895,64090950.0,OI2601
2025-09-10 09:16:00,9828,9828,9823,9825,941,268251,92641450.0,OI2601
2025-09-10 09:17:00,9826,9828,9825,9828,763,268419,75117350.0,OI2601
2025-09-10 09:18:00,9828,9830,9820,9820,602,268393,59266900.0,OI2601
2025-09-10 09:19:00,9822,9822,9817,9818,871,268405,85749950.0,OI2601
2025-09-10 09:20:00,9820,9822,9818,9820,366,268393,34584320.0,OI2601
2025-09-10 09:21:00,9819,9822,9810,9811,1463,268295,144017720.0,OI2601
2025-09-10 09:22:00,9810,9812,9808,9812,949,268226,93419560.0,OI2601
2025-09-10 09:23:00,9812,9812,9805,9807,1132,268055,111434080.0,OI2601
2025-09-10 09:24:00,9808,9813,9807,9811,689,267993,67825160.0,OI2601
2025-09-10 09:25:00,9813,9813,9810,9811,362,268048,34140950.0,OI2601
2025-09-10 09:26:00,9811,9813,9807,9808,513,268061,50494590.0,OI2601
2025-09-10 09:27:00,9807,9808,9786,9788,2921,267437,285985360.0,OI2601
2025-09-10 09:28:00,9788,9789,9780,9784,3447,266626,337690600.0,OI2601
2025-09-10 09:29:00,9785,9791,9782,9790,1970,266111,192284860.0,OI2601
2025-09-10 09:30:00,9788,9795,9786,9792,1319,265882,129789600.0,OI2601
2025-09-10 09:31:00,9792,9792,9784,9784,1334,265604,131265600.0,OI2601
2025-09-10 09:32:00,9784,9787,9781,9787,1294,265330,125707290.0,OI2601
2025-09-10 09:33:00,9785,9787,9776,9779,1623,265009,159686970.0,OI2601
2025-09-10 09:34:00,9778,9784,9778,9780,1041,264800,100775040.0,OI2601
2025-09-10 09:35:00,9781,9784,9780,9781,1346,264471,132419480.0,OI2601
2025-09-10 09:36:00,9780,9790,9780,9786,1070,264196,103593490.0,OI2601
2025-09-10 09:37:00,9786,9796,9785,9796,1109,263888,109092330.0,OI2601
2025-09-10 09:38:00,9796,9797,9794,9796,910,263726,89516700.0,OI2601
2025-09-10 09:39:00,9795,9801,9794,9800,895,263486,88041150.0,OI2601
2025-09-10 09:40:00,9800,9803,9800,9802,855,263340,82395550.0,OI2601
2025-09-10 09:41:00,9802,9807,9802,9805,768,263247,75540480.0,OI2601
2025-09-10 09:42:00,9806,9808,9803,9803,412,263235,40524320.0,OI2601
2025-09-10 09:43:00,9803,9803,9794,9796,721,263087,70917560.0,OI2601
2025-09-10 09:44:00,9796,9798,9794,9796,581,263092,57147160.0,OI2601
2025-09-10 09:45:00,9797,9803,9797,9802,466,263022,45835760.0,OI2601
2025-09-10 09:46:00,9802,9802,9799,9800,214,262991,21049040.0,OI2601
2025-09-10 09:47:00,9801,9807,9800,9807,556,263054,54688160.0,OI2601
2025-09-10 09:48:00,9805,9810,9805,9810,669,263093,65802840.0,OI2601
2025-09-10 09:49:00,9808,9810,9807,9808,350,263109,34426000.0,OI2601
2025-09-10 09:50:00,9808,9808,9804,9805,347,263176,32369280.0,OI2601
2025-09-10 09:51:00,9806,9810,9805,9809,415,263203,40815250.0,OI2601
2025-09-10 09:52:00,9808,9812,9808,9811,591,263327,58124850.0,OI2601
2025-09-10 09:53:00,9811,9814,9809,9813,455,263334,44749250.0,OI2601
2025-09-10 09:54:00,9813,9821,9813,9820,1244,263363,122347400.0,OI2601
2025-09-10 09:55:00,9821,9823,9816,9817,1154,263197,113495900.0,OI2601
2025-09-10 09:56:00,9817,9821,9817,9820,648,263321,63730800.0,OI2601
2025-09-10 09:57:00,9819,9820,9816,9817,510,263416,50158500.0,OI2601
2025-09-10 09:58:00,9817,9819,9816,9818,811,263669,79761850.0,OI2601
2025-09-10 09:59:00,9818,9821,9816,9818,429,263756,42192150.0,OI2601
2025-09-10 10:00:00,9818,9821,9814,9815,478,263812,47011300.0,OI2601
2025-09-10 10:01:00,9815,9815,9812,9814,375,263777,36881250.0,OI2601
2025-09-10 10:02:00,9815,9815,9812,9812,337,263777,33143950.0,OI2601
2025-09-10 10:03:00,9812,9817,9811,9815,330,263818,32455500.0,OI2601
2025-09-10 10:04:00,9815,9822,9815,9820,536,263888,52715600.0,OI2601
2025-09-10 10:05:00,9820,9820,9816,9816,294,263967,28914900.0,OI2601
2025-09-10 10:06:00,9816,9821,9816,9819,243,264045,23899050.0,OI2601
2025-09-10 10:07:00,9819,9820,9816,9818,229,263979,22522150.0,OI2601
2025-09-10 10:08:00,9818,9821,9818,9821,274,263974,26947900.0,OI2601
2025-09-10 10:09:00,9821,9821,9814,9815,275,264053,27046250.0,OI2601
2025-09-10 10:10:00,9816,9822,9815,9821,218,264055,21440300.0,OI2601
2025-09-10 10:11:00,9822,9826,9821,9824,597,264067,56848880.0,OI2601
2025-09-10 10:12:00,9823,9828,9823,9828,370,264171,36385800.0,OI2601
2025-09-10 10:13:00,9829,9830,9827,9829,760,264444,74738400.0,OI2601
2025-09-10 10:14:00,9829,9834,9828,9832,1150,264781,113091000.0,OI2601
2025-09-10 10:30:00,9831,9835,9830,9832,1111,264940,109255740.0,OI2601
2025-09-10 10:31:00,9832,9832,9828,9828,430,265010,42286200.0,OI2601
2025-09-10 10:32:00,9827,9832,9827,9828,463,265053,45531420.0,OI2601
2025-09-10 10:33:00,9828,9832,9828,9832,535,265198,52611900.0,OI2601
2025-09-10 10:34:00,9831,9835,9829,9829,658,265357,64707720.0,OI2601
2025-09-10 10:35:00,9829,9829,9824,9824,692,265374,68051280.0,OI2601
2025-09-10 10:36:00,9824,9826,9823,9824,289,265407,28420260.0,OI2601
2025-09-10 10:37:00,9825,9827,9819,9820,961,265395,94504740.0,OI2601
2025-09-10 10:38:00,9820,9821,9818,9820,610,265334,59987400.0,OI2601
2025-09-10 10:39:00,9819,9820,9818,9820,306,265395,30092040.0,OI2601
2025-09-10 10:40:00,9820,9826,9819,9821,512,265276,50350080.0,OI2601
2025-09-10 10:41:00,9821,9825,9821,9823,145,265273,14259300.0,OI2601
2025-09-10 10:42:00,9823,9827,9823,9825,223,265266,21929820.0,OI2601
2025-09-10 10:43:00,9825,9826,9823,9823,212,265311,20848080.0,OI2601
2025-09-10 10:44:00,9823,9825,9819,9820,378,265335,37172520.0,OI2601
2025-09-10 10:45:00,9820,9821,9818,9819,410,265339,40319400.0,OI2601
2025-09-10 10:46:00,9818,9821,9818,9819,258,265412,25371720.0,OI2601
2025-09-10 10:47:00,9818,9821,9818,9819,249,265402,24486660.0,OI2601
2025-09-10 10:48:00,9820,9821,9815,9818,534,265344,52513560.0,OI2601
2025-09-10 10:49:00,9818,9818,9813,9814,597,265310,58708980.0,OI2601
2025-09-10 10:50:00,9813,9814,9812,9812,474,265371,46613160.0,OI2601
2025-09-10 10:51:00,9811,9816,9811,9813,381,265359,37467540.0,OI2601
2025-09-10 10:52:00,9813,9813,9800,9801,1095,265408,107682300.0,OI2601
2025-09-10 10:53:00,9801,9803,9798,9800,1545,265152,149915750.0,OI2601
2025-09-10 10:54:00,9801,9804,9799,9803,624,265122,61357920.0,OI2601
2025-09-10 10:55:00,9803,9804,9801,9804,442,265015,43461860.0,OI2601
2025-09-10 10:56:00,9804,9806,9799,9800,569,264890,55949770.0,OI2601
2025-09-10 10:57:00,9800,9801,9796,9801,874,264796,85940420.0,OI2601
2025-09-10 10:58:00,9801,9801,9792,9793,663,264762,65192790.0,OI2601
2025-09-10 10:59:00,9794,9794,9790,9792,987,264650,97051710.0,OI2601
2025-09-10 11:00:00,9793,9796,9788,9796,1008,264465,99116640.0,OI2601
2025-09-10 11:01:00,9795,9798,9793,9796,764,264320,73045260.0,OI2601
2025-09-10 11:02:00,9795,9803,9795,9803,604,264181,59385280.0,OI2601
2025-09-10 11:03:00,9803,9803,9800,9800,486,264098,47783520.0,OI2601
2025-09-10 11:04:00,9800,9802,9799,9800,283,264047,27824560.0,OI2601
2025-09-10 11:05:00,9801,9802,9797,9798,440,264026,43260800.0,OI2601
2025-09-10 11:06:00,9798,9802,9797,9800,303,264001,29790960.0,OI2601
2025-09-10 11:07:00,9800,9802,9797,9799,435,263982,42769200.0,OI2601
2025-09-10 11:08:00,9799,9804,9799,9804,300,263879,29496000.0,OI2601
2025-09-10 11:09:00,9803,9806,9803,9803,386,263808,37951520.0,OI2601
2025-09-10 11:10:00,9804,9807,9803,9806,428,263695,42080960.0,OI2601
2025-09-10 11:11:00,9806,9811,9806,9810,777,263384,76394640.0,OI2601
2025-09-10 11:12:00,9811,9811,9808,9809,321,263313,31560720.0,OI2601
2025-09-10 11:13:00,9810,9812,9809,9810,454,263200,44637280.0,OI2601
2025-09-10 11:14:00,9809,9810,9806,9806,221,263157,21728720.0,OI2601
2025-09-10 11:15:00,9806,9810,9804,9806,507,263057,49848240.0,OI2601
2025-09-10 11:16:00,9806,9807,9803,9805,335,262976,32937200.0,OI2601
2025-09-10 11:17:00,9805,9807,9805,9806,119,262943,11700080.0,OI2601
2025-09-10 11:18:00,9805,9808,9805,9808,161,262928,15829520.0,OI2601
2025-09-10 11:19:00,9808,9811,9808,9811,178,262943,17500960.0,OI2601
2025-09-10 11:20:00,9811,9813,9811,9812,392,262942,36391280.0,OI2601
2025-09-10 11:21:00,9812,9818,9811,9815,595,262888,58494450.0,OI2601
2025-09-10 11:22:00,9815,9820,9815,9819,592,262784,58199520.0,OI2601
2025-09-10 11:23:00,9819,9821,9818,9819,429,262815,42174990.0,OI2601
2025-09-10 11:24:00,9819,9825,9819,9823,504,262878,49548240.0,OI2601
2025-09-10 11:25:00,9824,9824,9820,9821,386,262842,37947660.0,OI2601
2025-09-10 11:26:00,9822,9829,9821,9828,685,262858,67342350.0,OI2601
2025-09-10 11:27:00,9828,9830,9822,9823,909,262797,89363790.0,OI2601
2025-09-10 11:28:00,9823,9828,9823,9826,503,262838,49449930.0,OI2601
2025-09-10 11:29:00,9827,9833,9825,9829,827,262861,81302370.0,OI2601
2025-09-10 13:30:00,9828,9838,9824,9830,2195,262961,215790450.0,OI2601
2025-09-10 13:31:00,9830,9834,9830,9833,742,263155,72946020.0,OI2601
2025-09-10 13:32:00,9833,9833,9815,9815,1867,262740,183544770.0,OI2601
2025-09-10 13:33:00,9815,9818,9809,9810,2065,262231,203010150.0,OI2601
2025-09-10 13:34:00,9810,9810,9807,9807,832,262065,81793920.0,OI2601
2025-09-10 13:35:00,9807,9809,9802,9803,1120,261965,110107200.0,OI2601
2025-09-10 13:36:00,9801,9801,9794,9796,1928,261877,189541680.0,OI2601
2025-09-10 13:37:00,9796,9796,9784,9786,2698,261673,262901450.0,OI2601
2025-09-10 13:38:00,9787,9793,9787,9791,1446,261403,142141800.0,OI2601
2025-09-10 13:39:00,9792,9793,9789,9790,961,261407,94466300.0,OI2601
2025-09-10 13:40:00,9789,9791,9785,9788,1052,261327,103411600.0,OI2601
2025-09-10 13:41:00,9788,9795,9787,9795,1089,261108,104664290.0,OI2601
2025-09-10 13:42:00,9795,9798,9794,9796,932,260895,91606280.0,OI2601
2025-09-10 13:43:00,9797,9797,9792,9795,739,260895,72636310.0,OI2601
2025-09-10 13:44:00,9795,9795,9791,9794,519,260811,51012510.0,OI2601
2025-09-10 13:45:00,9794,9800,9793,9799,887,260782,87183230.0,OI2601
2025-09-10 13:46:00,9800,9804,9800,9804,988,260682,97110520.0,OI2601
2025-09-10 13:47:00,9804,9804,9800,9800,502,260678,49341580.0,OI2601
2025-09-10 13:48:00,9802,9806,9802,9802,775,260718,76174750.0,OI2601
2025-09-10 13:49:00,9802,9805,9802,9804,315,260686,30961350.0,OI2601
2025-09-10 13:50:00,9804,9808,9803,9806,627,260606,61627830.0,OI2601
2025-09-10 13:51:00,9806,9808,9805,9805,241,260628,23687890.0,OI2601
2025-09-10 13:52:00,9806,9806,9800,9803,522,260520,48852500.0,OI2601
2025-09-10 13:53:00,9804,9805,9800,9800,387,260534,38034360.0,OI2601
2025-09-10 13:54:00,9801,9802,9798,9800,380,260645,37346400.0,OI2601
2025-09-10 13:55:00,9800,9802,9798,9798,201,260664,19754280.0,OI2601
2025-09-10 13:56:00,9797,9798,9795,9798,304,260664,29877120.0,OI2601
2025-09-10 13:57:00,9797,9798,9795,9795,306,260603,30073680.0,OI2601
2025-09-10 13:58:00,9796,9798,9795,9797,326,260535,32039280.0,OI2601
2025-09-10 13:59:00,9796,9800,9796,9798,292,260572,28697760.0,OI2601
2025-09-10 14:00:00,9798,9800,9797,9798,314,260698,30859920.0,OI2601
2025-09-10 14:01:00,9799,9799,9795,9797,409,260663,40196520.0,OI2601
2025-09-10 14:02:00,9796,9799,9795,9798,717,260475,70466760.0,OI2601
2025-09-10 14:03:00,9797,9797,9795,9796,359,260445,35282520.0,OI2601
2025-09-10 14:04:00,9796,9797,9795,9796,647,260338,63587160.0,OI2601
2025-09-10 14:05:00,9798,9806,9797,9805,963,259994,94643640.0,OI2601
2025-09-10 14:06:00,9804,9807,9804,9805,359,259993,35282520.0,OI2601
2025-09-10 14:07:00,9804,9805,9803,9804,173,259999,17002440.0,OI2601
2025-09-10 14:08:00,9804,9805,9800,9800,334,259938,32825520.0,OI2601
2025-09-10 14:09:00,9799,9799,9797,9799,323,259834,31744440.0,OI2601
2025-09-10 14:10:00,9797,9798,9793,9794,519,259838,51007320.0,OI2601
2025-09-10 14:11:00,9793,9796,9791,9791,476,259834,46781280.0,OI2601
2025-09-10 14:12:00,9792,9792,9790,9791,775,259922,73626480.0,OI2601
2025-09-10 14:13:00,9791,9791,9788,9790,709,259976,69673430.0,OI2601
2025-09-10 14:14:00,9790,9791,9787,9787,639,259989,62794530.0,OI2601
2025-09-10 14:15:00,9786,9786,9781,9783,1795,259997,176394650.0,OI2601
2025-09-10 14:16:00,9783,9788,9782,9782,920,260085,90408400.0,OI2601
2025-09-10 14:17:00,9781,9785,9781,9783,1081,260257,106229870.0,OI2601
2025-09-10 14:18:00,9783,9789,9783,9787,711,260144,69869970.0,OI2601
2025-09-10 14:19:00,9786,9793,9786,9790,933,259738,89077510.0,OI2601
2025-09-10 14:20:00,9790,9791,9789,9790,297,259696,29183220.0,OI2601
2025-09-10 14:21:00,9790,9795,9790,9793,538,259585,52863880.0,OI2601
2025-09-10 14:22:00,9794,9795,9793,9794,355,259484,34882300.0,OI2601
2025-09-10 14:23:00,9794,9794,9792,9793,187,259511,18374620.0,OI2601
2025-09-10 14:24:00,9793,9796,9793,9795,435,259334,42743100.0,OI2601
2025-09-10 14:25:00,9794,9796,9793,9793,260,259314,25547600.0,OI2601
2025-09-10 14:26:00,9794,9794,9791,9793,243,259299,23877180.0,OI2601
2025-09-10 14:27:00,9792,9793,9791,9791,177,259271,17392020.0,OI2601
2025-09-10 14:28:00,9792,9793,9790,9791,271,259187,26628460.0,OI2601
2025-09-10 14:29:00,9792,9794,9791,9792,227,259174,22305020.0,OI2601
2025-09-10 14:30:00,9792,9794,9790,9794,411,259138,40384860.0,OI2601
2025-09-10 14:31:00,9794,9796,9790,9790,624,259140,61314240.0,OI2601
2025-09-10 14:32:00,9791,9791,9786,9789,826,259064,81162760.0,OI2601
2025-09-10 14:33:00,9789,9795,9789,9795,538,258949,52863880.0,OI2601
2025-09-10 14:34:00,9795,9795,9793,9794,171,258954,16802460.0,OI2601
2025-09-10 14:35:00,9795,9797,9791,9792,553,258904,54337780.0,OI2601
2025-09-10 14:36:00,9791,9793,9790,9792,406,258816,39893560.0,OI2601
2025-09-10 14:37:00,9792,9794,9792,9792,161,258795,15819860.0,OI2601
2025-09-10 14:38:00,9793,9794,9792,9793,101,258791,9924260.0,OI2601
2025-09-10 14:39:00,9793,9793,9786,9786,851,258869,80934540.0,OI2601
2025-09-10 14:40:00,9786,9788,9784,9787,850,258821,83512500.0,OI2601
2025-09-10 14:41:00,9787,9788,9786,9786,386,258735,37924500.0,OI2601
2025-09-10 14:42:00,9787,9791,9786,9790,338,258674,33208500.0,OI2601
2025-09-10 14:43:00,9790,9791,9789,9791,319,258599,31341750.0,OI2601
2025-09-10 14:44:00,9791,9792,9789,9790,291,258561,28590750.0,OI2601
2025-09-10 14:45:00,9790,9796,9789,9794,784,258332,77028000.0,OI2601
2025-09-10 14:46:00,9794,9795,9793,9793,334,258220,32815500.0,OI2601
2025-09-10 14:47:00,9794,9794,9792,9793,165,258183,16211250.0,OI2601
2025-09-10 14:48:00,9793,9794,9786,9788,704,258099,69168000.0,OI2601
2025-09-10 14:49:00,9788,9790,9787,9790,315,258056,30948750.0,OI2601
2025-09-10 14:50:00,9790,9791,9788,9790,338,257977,33208500.0,OI2601
2025-09-10 14:51:00,9791,9791,9789,9790,291,258058,28590750.0,OI2601
2025-09-10 14:52:00,9790,9792,9789,9790,291,257979,28590750.0,OI2601
2025-09-10 14:53:00,9791,9791,9786,9788,641,257973,62978250.0,OI2601
2025-09-10 14:54:00,9789,9790,9785,9786,721,257876,70838250.0,OI2601
2025-09-10 14:55:00,9785,9788,9783,9785,809,257681,76723760.0,OI2601
2025-09-10 14:56:00,9785,9785,9780,9783,1276,257434,125354240.0,OI2601
2025-09-10 14:57:00,9783,9785,9780,9782,933,257320,91657920.0,OI2601
2025-09-10 14:58:00,9783,9783,9775,9775,2413,256565,237053120.0,OI2601
2025-09-10 14:59:00,9776,9777,9767,9770,3418,255147,332943430.0,OI2601
2025-09-10 21:00:00,9782,9803,9782,9794,8267,255431,809752650.0,OI2601
2025-09-10 21:01:00,9794,9799,9788,9789,2512,255574,246050400.0,OI2601
2025-09-10 21:02:00,9789,9792,9786,9791,1389,255640,136052550.0,OI2601
2025-09-10 21:03:00,9789,9800,9789,9800,1558,255682,152606100.0,OI2601
2025-09-10 21:04:00,9799,9802,9796,9796,1538,256246,150647100.0,OI2601
2025-09-10 21:05:00,9795,9799,9794,9796,929,256443,90995550.0,OI2601
2025-09-10 21:06:00,9796,9800,9794,9798,1089,256639,106667550.0,OI2601
2025-09-10 21:07:00,9798,9803,9797,9803,1223,256849,119977900.0,OI2601
2025-09-10 21:08:00,9802,9803,9796,9797,964,257065,94433440.0,OI2601
2025-09-10 21:09:00,9798,9801,9794,9795,695,257127,68082200.0,OI2601
2025-09-10 21:10:00,9796,9797,9794,9796,491,257306,48098360.0,OI2601
2025-09-10 21:11:00,9796,9797,9793,9796,527,257366,51624920.0,OI2601
2025-09-10 21:12:00,9797,9800,9796,9796,762,257546,74645520.0,OI2601
2025-09-10 21:13:00,9795,9795,9791,9791,767,257611,75135320.0,OI2601
2025-09-10 21:14:00,9791,9792,9788,9792,758,257599,74253680.0,OI2601
2025-09-10 21:15:00,9792,9794,9790,9794,387,257639,37910520.0,OI2601
2025-09-10 21:16:00,9793,9796,9788,9789,935,257703,91592600.0,OI2601
2025-09-10 21:17:00,9789,9789,9784,9788,942,257668,92020990.0,OI2601
2025-09-10 21:18:00,9788,9790,9787,9788,448,257749,43881600.0,OI2601
2025-09-10 21:19:00,9787,9790,9786,9787,613,257751,60043350.0,OI2601
2025-09-10 21:20:00,9787,9790,9787,9789,371,257826,36339450.0,OI2601
2025-09-10 21:21:00,9789,9795,9788,9790,861,257895,84334950.0,OI2601
2025-09-10 21:22:00,9789,9793,9789,9791,322,257970,31539900.0,OI2601
2025-09-10 21:23:00,9791,9793,9790,9792,307,257995,30070650.0,OI2601
2025-09-10 21:24:00,9793,9793,9783,9784,1122,258244,109602130.0,OI2601
2025-09-10 21:25:00,9784,9786,9784,9785,499,258330,48872060.0,OI2601
2025-09-10 21:26:00,9784,9785,9781,9781,1060,258461,103816400.0,OI2601
2025-09-10 21:27:00,9781,9782,9776,9776,1273,258734,124351530.0,OI2601
2025-09-10 21:28:00,9777,9780,9774,9780,880,258842,86178400.0,OI2601
2025-09-10 21:29:00,9780,9781,9778,9778,775,258819,75553110.0,OI2601
2025-09-10 21:30:00,9778,9784,9777,9783,1083,258805,106047360.0,OI2601
2025-09-10 21:31:00,9783,9787,9783,9785,887,258676,86855040.0,OI2601
2025-09-10 21:32:00,9785,9790,9784,9789,611,258616,59829120.0,OI2601
2025-09-10 21:33:00,9788,9790,9788,9789,751,258580,73537920.0,OI2601
2025-09-10 21:34:00,9789,9795,9789,9793,801,258479,78433920.0,OI2601
2025-09-10 21:35:00,9794,9795,9791,9791,818,258445,80098560.0,OI2601
2025-09-10 21:36:00,9791,9794,9791,9793,541,258437,52974720.0,OI2601
2025-09-10 21:37:00,9793,9793,9789,9789,454,258526,44455680.0,OI2601
2025-09-10 21:38:00,9789,9790,9787,9788,449,258505,43966080.0,OI2601
2025-09-10 21:39:00,9788,9789,9782,9784,518,258447,50722560.0,OI2601
2025-09-10 21:40:00,9784,9785,9780,9780,537,258459,52583040.0,OI2601
2025-09-10 21:41:00,9781,9781,9778,9781,707,258480,68805230.0,OI2601
2025-09-10 21:42:00,9779,9779,9776,9778,637,258504,62368670.0,OI2601
2025-09-10 21:43:00,9778,9780,9776,9779,939,258719,91937490.0,OI2601
2025-09-10 21:44:00,9779,9781,9778,9778,401,258759,39261910.0,OI2601
2025-09-10 21:45:00,9779,9780,9777,9780,378,258794,37009980.0,OI2601
2025-09-10 21:46:00,9779,9783,9779,9780,666,258849,65208060.0,OI2601
2025-09-10 21:47:00,9780,9788,9780,9787,938,258715,91839580.0,OI2601
2025-09-10 21:48:00,9788,9789,9785,9786,597,258650,57982500.0,OI2601
2025-09-10 21:49:00,9785,9786,9780,9781,395,258609,38670500.0,OI2601
2025-09-10 21:50:00,9781,9781,9780,9780,122,258606,11943800.0,OI2601
2025-09-10 21:51:00,9780,9783,9780,9782,275,258635,26922500.0,OI2601
2025-09-10 21:52:00,9782,9783,9778,9779,317,258614,31034300.0,OI2601
2025-09-10 21:53:00,9779,9783,9779,9783,242,258639,23691800.0,OI2601
2025-09-10 21:54:00,9783,9786,9780,9780,524,258646,51299600.0,OI2601
2025-09-10 21:55:00,9781,9785,9780,9784,193,258682,18894700.0,OI2601
2025-09-10 21:56:00,9783,9784,9783,9784,81,258658,7929900.0,OI2601
2025-09-10 21:57:00,9784,9785,9782,9783,176,258686,17230400.0,OI2601
2025-09-10 21:58:00,9783,9787,9782,9786,360,258522,35244000.0,OI2601
2025-09-10 21:59:00,9786,9787,9785,9785,154,258497,15076600.0,OI2601
2025-09-10 22:00:00,9786,9791,9786,9791,1406,258609,137647400.0,OI2601
2025-09-10 22:01:00,9790,9794,9789,9791,695,258436,68040500.0,OI2601
2025-09-10 22:02:00,9790,9794,9790,9793,465,258362,45523500.0,OI2601
2025-09-10 22:03:00,9793,9794,9790,9792,485,258386,47481500.0,OI2601
2025-09-10 22:04:00,9792,9799,9791,9799,1370,258534,134123000.0,OI2601
2025-09-10 22:05:00,9797,9814,9797,9812,6219,257594,610049220.0,OI2601
2025-09-10 22:06:00,9810,9821,9810,9819,3959,257485,388309430.0,OI2601
2025-09-10 22:07:00,9819,9819,9811,9814,2324,257634,228256710.0,OI2601
2025-09-10 22:08:00,9813,9817,9813,9815,815,257592,79821100.0,OI2601
2025-09-10 22:09:00,9813,9815,9807,9809,1107,257554,109106190.0,OI2601
2025-09-10 22:10:00,9809,9814,9809,9813,861,257758,84334950.0,OI2601
2025-09-10 22:11:00,9813,9820,9813,9816,1501,258029,147022950.0,OI2601
2025-09-10 22:12:00,9816,9816,9813,9814,528,258097,51717600.0,OI2601
2025-09-10 22:13:00,9814,9815,9812,9812,324,258076,31735800.0,OI2601
2025-09-10 22:14:00,9813,9813,9811,9813,458,258105,45584430.0,OI2601
2025-09-10 22:15:00,9813,9819,9813,9817,873,258153,85519080.0,OI2601
2025-09-10 22:16:00,9818,9824,9818,9821,2071,258640,203627930.0,OI2601
2025-09-10 22:17:00,9821,9821,9816,9817,686,258673,67207420.0,OI2601
2025-09-10 22:18:00,9816,9817,9816,9817,315,258738,30860550.0,OI2601
2025-09-10 22:19:00,9817,9818,9816,9818,352,258796,34485440.0,OI2601
2025-09-10 22:20:00,9818,9822,9818,9820,617,258937,60447490.0,OI2601
2025-09-10 22:21:00,9819,9820,9817,9818,454,259074,44478380.0,OI2601
2025-09-10 22:22:00,9818,9819,9817,9818,202,259103,19789940.0,OI2601
2025-09-10 22:23:00,9817,9820,9816,9817,498,259285,48789060.0,OI2601
2025-09-10 22:24:00,9817,9820,9817,9820,621,259573,61629590.0,OI2601
2025-09-10 22:25:00,9820,9827,9819,9826,1328,260017,130117440.0,OI2601
2025-09-10 22:26:00,9825,9829,9822,9822,1173,260072,114930540.0,OI2601
2025-09-10 22:27:00,9823,9826,9822,9823,660,260159,65488630.0,OI2601
2025-09-10 22:28:00,9822,9824,9822,9822,497,260204,48701030.0,OI2601
2025-09-10 22:29:00,9824,9825,9820,9820,768,260373,75256320.0,OI2601
2025-09-10 22:30:00,9819,9819,9812,9813,2324,260089,227728760.0,OI2601
2025-09-10 22:31:00,9813,9815,9811,9813,694,259986,68005060.0,OI2601
2025-09-10 22:32:00,9813,9816,9812,9815,669,259836,66426660.0,OI2601
2025-09-10 22:33:00,9814,9815,9810,9815,642,259827,62916000.0,OI2601
2025-09-10 22:34:00,9815,9817,9813,9817,406,259803,39788000.0,OI2601
2025-09-10 22:35:00,9817,9818,9814,9815,301,259851,29498000.0,OI2601
2025-09-10 22:36:00,9815,9815,9813,9813,201,259876,19698000.0,OI2601
2025-09-10 22:37:00,9814,9818,9813,9817,439,259997,43022000.0,OI2601
2025-09-10 22:38:00,9818,9820,9816,9818,472,259862,46256000.0,OI2601
2025-09-10 22:39:00,9818,9818,9815,9816,251,259934,24598000.0,OI2601
2025-09-10 22:40:00,9816,9816,9811,9812,505,259878,49490000.0,OI2601
2025-09-10 22:41:00,9812,9814,9812,9812,496,259959,48608000.0,OI2601
2025-09-10 22:42:00,9813,9815,9812,9813,511,259949,50078000.0,OI2601
2025-09-10 22:43:00,9813,9816,9813,9816,369,259989,36162000.0,OI2601
2025-09-10 22:44:00,9817,9817,9813,9814,349,260058,34202000.0,OI2601
2025-09-10 22:45:00,9814,9816,9813,9813,306,259917,29988000.0,OI2601
2025-09-10 22:46:00,9814,9814,9812,9812,210,259886,20580000.0,OI2601
2025-09-10 22:47:00,9812,9814,9811,9814,331,259906,33367240.0,OI2601
2025-09-10 22:48:00,9812,9816,9812,9816,182,259885,17837820.0,OI2601
2025-09-10 22:49:00,9816,9816,9814,9815,101,259876,9899010.0,OI2601
2025-09-10 22:50:00,9814,9816,9813,9815,262,259842,25678620.0,OI2601
2025-09-10 22:51:00,9815,9824,9814,9823,981,259671,96147810.0,OI2601
2025-09-10 22:52:00,9823,9823,9820,9820,333,259668,32637330.0,OI2601
2025-09-10 22:53:00,9821,9825,9820,9825,450,259623,44104500.0,OI2601
2025-09-10 22:54:00,9824,9828,9824,9828,974,259512,95461740.0,OI2601
2025-09-10 22:55:00,9828,9834,9828,9832,1983,259952,195335730.0,OI2601
2025-09-10 22:56:00,9832,9834,9831,9833,670,260021,65673400.0,OI2601
2025-09-10 22:57:00,9832,9835,9831,9833,810,260011,79396200.0,OI2601
2025-09-10 22:58:00,9833,9834,9831,9832,704,260007,70009820.0,OI2601
2025-09-10 22:59:00,9833,9848,9833,9835,3562,258952,350222220.0,OI2601
2025-09-11 09:00:00,9850,9862,9846,9851,5259,260019,517776260.0,OI2601
2025-09-11 09:01:00,9851,9855,9848,9849,2423,260517,238715560.0,OI2601
2025-09-11 09:02:00,9849,9855,9845,9854,2148,261019,211792020.0,OI2601
2025-09-11 09:03:00,9855,9865,9852,9855,3971,262585,391830420.0,OI2601
2025-09-11 09:04:00,9855,9860,9849,9853,2561,262893,252437080.0,OI2601
2025-09-11 09:05:00,9854,9854,9848,9853,2269,263134,223837260.0,OI2601
2025-09-11 09:06:00,9854,9856,9851,9852,1849,263357,181423880.0,OI2601
2025-09-11 09:07:00,9851,9857,9849,9854,1313,263655,130088850.0,OI2601
2025-09-11 09:08:00,9854,9859,9853,9853,1383,263869,135713790.0,OI2601
2025-09-11 09:09:00,9853,9854,9842,9842,1791,263935,177039860.0,OI2601
2025-09-11 09:10:00,9843,9844,9838,9841,1418,263653,139162520.0,OI2601
2025-09-11 09:11:00,9840,9841,9837,9839,724,263654,71053360.0,OI2601
2025-09-11 09:12:00,9839,9843,9839,9842,551,263753,54075140.0,OI2601
2025-09-11 09:13:00,9841,9843,9840,9842,347,263819,34054580.0,OI2601
2025-09-11 09:14:00,9842,9845,9839,9842,797,263961,78217580.0,OI2601
2025-09-11 09:15:00,9841,9842,9835,9837,826,263858,82399300.0,OI2601
2025-09-11 09:16:00,9836,9838,9834,9837,826,263832,81071900.0,OI2601
2025-09-11 09:17:00,9836,9841,9836,9840,518,263735,50841700.0,OI2601
2025-09-11 09:18:00,9839,9841,9836,9836,431,263914,42302650.0,OI2601
2025-09-11 09:19:00,9836,9837,9834,9837,716,264007,70275400.0,OI2601
2025-09-11 09:20:00,9836,9837,9829,9835,1232,263943,120920800.0,OI2601
2025-09-11 09:21:00,9834,9834,9827,9828,1404,264050,137802600.0,OI2601
2025-09-11 09:22:00,9827,9831,9825,9826,1139,263940,111792850.0,OI2601
2025-09-11 09:23:00,9826,9830,9824,9830,746,263888,73219900.0,OI2601
2025-09-11 09:24:00,9829,9829,9826,9829,601,263939,58988150.0,OI2601
2025-09-11 09:25:00,9828,9830,9824,9824,793,264014,77832950.0,OI2601
2025-09-11 09:26:00,9825,9826,9823,9824,701,264046,70229880.0,OI2601
2025-09-11 09:27:00,9824,9830,9823,9827,673,264086,66061680.0,OI2601
2025-09-11 09:28:00,9826,9829,9825,9829,587,264205,57619920.0,OI2601
2025-09-11 09:29:00,9829,9830,9827,9830,782,264288,76761120.0,OI2601
2025-09-11 09:30:00,9828,9830,9827,9828,367,264403,36024720.0,OI2601
2025-09-11 09:31:00,9827,9833,9827,9833,550,264516,53988000.0,OI2601
2025-09-11 09:32:00,9835,9837,9834,9835,1057,264787,103755120.0,OI2601
2025-09-11 09:33:00,9835,9836,9834,9835,319,264918,31313040.0,OI2601
2025-09-11 09:34:00,9835,9838,9834,9836,479,264864,47018640.0,OI2601
2025-09-11 09:35:00,9836,9836,9829,9830,493,264947,48392880.0,OI2601
2025-09-11 09:36:00,9829,9830,9826,9827,571,264978,56049360.0,OI2601
2025-09-11 09:37:00,9827,9829,9826,9829,483,265005,47411280.0,OI2601
2025-09-11 09:38:00,9829,9832,9829,9831,306,264963,30036960.0,OI2601
2025-09-11 09:39:00,9831,9831,9825,9826,450,264951,44172000.0,OI2601
2025-09-11 09:40:00,9826,9827,9825,9827,321,265004,31509360.0,OI2601
2025-09-11 09:41:00,9827,9827,9823,9825,638,265067,62626080.0,OI2601
2025-09-11 09:42:00,9825,9831,9825,9830,404,265070,39656640.0,OI2601
2025-09-11 09:43:00,9830,9834,9829,9830,440,265099,43190400.0,OI2601
2025-09-11 09:44:00,9831,9831,9827,9829,436,265067,42797760.0,OI2601
2025-09-11 09:45:00,9829,9833,9827,9829,421,265113,41325360.0,OI2601
2025-09-11 09:46:00,9828,9830,9826,9828,521,265215,51141360.0,OI2601
2025-09-11 09:47:00,9829,9833,9828,9833,504,265254,51007390.0,OI2601
2025-09-11 09:48:00,9833,9833,9827,9828,339,265220,33279630.0,OI2601
2025-09-11 09:49:00,9827,9827,9821,9822,1006,265134,98759020.0,OI2601
2025-09-11 09:50:00,9823,9826,9821,9825,450,265093,44176500.0,OI2601
2025-09-11 09:51:00,9825,9827,9824,9825,291,265146,28567470.0,OI2601
2025-09-11 09:52:00,9824,9825,9821,9823,723,265126,70976910.0,OI2601
2025-09-11 09:53:00,9822,9824,9818,9818,870,265090,85407900.0,OI2601
2025-09-11 09:54:00,9818,9819,9815,9817,1010,265181,99151700.0,OI2601
2025-09-11 09:55:00,9818,9820,9813,9813,850,265290,83444500.0,OI2601
2025-09-11 09:56:00,9813,9814,9810,9814,1184,265313,116233280.0,OI2601
2025-09-11 09:57:00,9814,9819,9814,9815,695,265289,68228150.0,OI2601
2025-09-11 09:58:00,9816,9818,9815,9816,497,265232,48790490.0,OI2601
2025-09-11 09:59:00,9816,9823,9816,9819,1068,265555,104845560.0,OI2601
2025-09-11 10:00:00,9819,9825,9819,9823,729,265437,71565930.0,OI2601
2025-09-11 10:01:00,9824,9829,9821,9822,1193,265333,117116810.0,OI2601
2025-09-11 10:02:00,9822,9826,9822,9825,270,265367,26505900.0,OI2601
2025-09-11 10:03:00,9826,9826,9824,9826,147,265412,14430990.0,OI2601
2025-09-11 10:04:00,9826,9826,9821,9824,590,265443,57920300.0,OI2601
2025-09-11 10:05:00,9824,9825,9820,9820,281,265520,27585770.0,OI2601
2025-09-11 10:06:00,9820,9821,9816,9816,361,265498,35439370.0,OI2601
2025-09-11 10:07:00,9818,9820,9816,9819,455,265490,44667350.0,OI2601
2025-09-11 10:08:00,9819,9821,9818,9821,241,265468,23658970.0,OI2601
2025-09-11 10:09:00,9820,9821,9816,9816,426,265432,41820420.0,OI2601
2025-09-11 10:10:00,9816,9819,9816,9818,173,265427,16983410.0,OI2601
2025-09-11 10:11:00,9817,9817,9814,9815,450,265404,44176500.0,OI2601
2025-09-11 10:12:00,9816,9820,9815,9817,491,265355,48201470.0,OI2601
2025-09-11 10:13:00,9817,9817,9815,9816,314,265427,30825380.0,OI2601
2025-09-11 10:14:00,9816,9823,9815,9822,525,265407,51539250.0,OI2601
2025-09-11 10:30:00,9822,9832,9822,9829,1374,265548,134885580.0,OI2601
2025-09-11 10:31:00,9829,9829,9824,9826,383,265683,37599110.0,OI2601
2025-09-11 10:32:00,9826,9828,9824,9827,326,265777,32003420.0,OI2601
2025-09-11 10:33:00,9826,9829,9825,9828,296,265845,29058320.0,OI2601
2025-09-11 10:34:00,9829,9833,9829,9831,719,265764,70584230.0,OI2601
2025-09-11 10:35:00,9831,9831,9826,9828,323,265779,31708910.0,OI2601
2025-09-11 10:36:00,9828,9833,9828,9833,364,265774,35733880.0,OI2601
2025-09-11 10:37:00,9833,9835,9831,9832,468,265804,45943560.0,OI2601
2025-09-11 10:38:00,9832,9833,9827,9828,422,265822,41427740.0,OI2601
2025-09-11 10:39:00,9828,9830,9826,9829,367,265835,36028390.0,OI2601
2025-09-11 10:40:00,9830,9830,9827,9829,150,265867,14725500.0,OI2601
2025-09-11 10:41:00,9829,9831,9828,9829,271,265894,26604070.0,OI2601
2025-09-11 10:42:00,9830,9833,9828,9831,568,265821,55760560.0,OI2601
2025-09-11 10:43:00,9833,9833,9830,9831,214,265861,21008380.0,OI2601
2025-09-11 10:44:00,9828,9830,9828,9828,357,265897,35046690.0,OI2601
2025-09-11 10:45:00,9827,9827,9823,9826,458,265881,44961860.0,OI2601
2025-09-11 10:46:00,9826,9829,9826,9829,387,265827,37991790.0,OI2601
2025-09-11 10:47:00,9828,9828,9823,9823,314,265865,30825380.0,OI2601
2025-09-11 10:48:00,9823,9825,9820,9820,396,265875,38875320.0,OI2601
2025-09-11 10:49:00,9820,9825,9819,9824,308,265827,30236360.0,OI2601
2025-09-11 10:50:00,9824,9827,9822,9827,225,265779,22088250.0,OI2601
2025-09-11 10:51:00,9828,9829,9827,9829,277,265766,27193090.0,OI2601
2025-09-11 10:52:00,9829,9830,9828,9829,143,265821,14038310.0,OI2601
2025-09-11 10:53:00,9830,9834,9829,9833,740,265954,72645800.0,OI2601
2025-09-11 10:54:00,9833,9838,9832,9836,877,265998,87893400.0,OI2601
2025-09-11 10:55:00,9837,9850,9837,9849,3858,265643,378778440.0,OI2601
2025-09-11 10:56:00,9848,9850,9846,9846,845,265723,82962100.0,OI2601
2025-09-11 10:57:00,9847,9850,9845,9850,782,265889,76776760.0,OI2601
2025-09-11 10:58:00,9850,9850,9846,9848,1483,266359,147468930.0,OI2601
2025-09-11 10:59:00,9848,9852,9847,9851,654,266582,64216260.0,OI2601
2025-09-11 11:00:00,9850,9857,9849,9853,2761,267179,271102590.0,OI2601
2025-09-11 11:01:00,9854,9857,9851,9851,1240,267327,123670140.0,OI2601
2025-09-11 11:02:00,9851,9855,9851,9855,606,267432,59509200.0,OI2601
2025-09-11 11:03:00,9855,9857,9853,9856,844,267699,82880800.0,OI2601
2025-09-11 11:04:00,9856,9860,9856,9859,1110,267930,109002000.0,OI2601
2025-09-11 11:05:00,9859,9860,9857,9858,2448,269034,242358220.0,OI2601
2025-09-11 11:06:00,9859,9860,9852,9853,1445,269254,141913450.0,OI2601
2025-09-11 11:07:00,9853,9857,9850,9852,979,269374,96147590.0,OI2601
2025-09-11 11:08:00,9853,9860,9847,9849,2553,270234,250730130.0,OI2601
2025-09-11 11:09:00,9849,9850,9846,9848,805,270221,79059050.0,OI2601
2025-09-11 11:10:00,9848,9854,9846,9853,923,270267,92679500.0,OI2601
2025-09-11 11:11:00,9853,9855,9849,9849,843,270374,82799460.0,OI2601
2025-09-11 11:12:00,9849,9849,9845,9846,821,270380,80638620.0,OI2601
2025-09-11 11:13:00,9845,9847,9842,9845,556,270355,54610320.0,OI2601
2025-09-11 11:14:00,9846,9848,9845,9847,325,270382,31921500.0,OI2601
2025-09-11 11:15:00,9845,9846,9843,9845,478,270354,46949160.0,OI2601
2025-09-11 11:16:00,9846,9849,9846,9848,282,270332,27698040.0,OI2601
2025-09-11 11:17:00,9847,9847,9843,9844,338,270226,33198360.0,OI2601
2025-09-11 11:18:00,9845,9847,9844,9846,273,270229,26814060.0,OI2601
2025-09-11 11:19:00,9845,9849,9845,9849,475,270321,46654500.0,OI2601
2025-09-11 11:20:00,9848,9848,9845,9847,312,270375,30644640.0,OI2601
2025-09-11 11:21:00,9847,9848,9845,9847,283,270363,27796260.0,OI2601
2025-09-11 11:22:00,9847,9850,9847,9850,596,270439,58539120.0,OI2601
2025-09-11 11:23:00,9849,9849,9843,9845,409,270341,40171980.0,OI2601
2025-09-11 11:24:00,9845,9848,9845,9847,132,270339,12965040.0,OI2601
2025-09-11 11:25:00,9846,9848,9846,9847,236,270321,23179920.0,OI2601
2025-09-11 11:26:00,9848,9853,9846,9851,388,270222,38109360.0,OI2601
2025-09-11 11:27:00,9851,9859,9850,9856,1548,270518,154159180.0,OI2601
2025-09-11 11:28:00,9857,9857,9852,9852,560,270510,55008800.0,OI2601
2025-09-11 11:29:00,9851,9856,9851,9853,468,270509,45971640.0,OI2601
2025-09-11 13:30:00,9854,9876,9853,9876,8146,273793,802387940.0,OI2601
2025-09-11 13:31:00,9875,9878,9870,9870,2566,274305,254315860.0,OI2601
2025-09-11 13:32:00,9871,9873,9869,9873,2209,275236,217034250.0,OI2601
2025-09-11 13:33:00,9872,9876,9867,9869,1578,275673,157308390.0,OI2601
2025-09-11 13:34:00,9869,9872,9868,9870,554,275791,54436040.0,OI2601
2025-09-11 13:35:00,9871,9874,9871,9872,741,275996,72810660.0,OI2601
2025-09-11 13:36:00,9871,9874,9871,9873,516,276182,50702160.0,OI2601
2025-09-11 13:37:00,9873,9877,9872,9877,1844,276535,181191440.0,OI2601
2025-09-11 13:38:00,9877,9880,9868,9869,2397,277198,237859630.0,OI2601
2025-09-11 13:39:00,9869,9872,9869,9870,563,277407,55326010.0,OI2601
2025-09-11 13:40:00,9870,9873,9866,9872,1307,277441,128438890.0,OI2601
2025-09-11 13:41:00,9872,9873,9865,9866,790,277396,77633300.0,OI2601
2025-09-11 13:42:00,9865,9867,9863,9864,686,277313,69777090.0,OI2601
2025-09-11 13:43:00,9865,9867,9864,9865,634,277338,62309520.0,OI2601
2025-09-11 13:44:00,9865,9866,9863,9864,734,277504,72137520.0,OI2601
2025-09-11 13:45:00,9865,9866,9863,9864,438,277504,43046640.0,OI2601
2025-09-11 13:46:00,9863,9868,9863,9867,502,277549,49336560.0,OI2601
2025-09-11 13:47:00,9866,9868,9865,9868,361,277603,35479080.0,OI2601
2025-09-11 13:48:00,9867,9870,9866,9870,567,277754,55724760.0,OI2601
2025-09-11 13:49:00,9870,9870,9866,9869,482,277933,47370960.0,OI2601
2025-09-11 13:50:00,9869,9870,9868,9870,259,278020,25454520.0,OI2601
2025-09-11 13:51:00,9870,9875,9869,9872,1525,278516,149877000.0,OI2601
2025-09-11 13:52:00,9871,9873,9869,9870,314,278579,33281950.0,OI2601
2025-09-11 13:53:00,9869,9873,9869,9873,341,278626,33516890.0,OI2601
2025-09-11 13:54:00,9872,9874,9871,9874,508,278824,49931320.0,OI2601
2025-09-11 13:55:00,9874,9875,9872,9875,452,278896,44427080.0,OI2601
2025-09-11 13:56:00,9873,9874,9872,9874,523,279057,51405670.0,OI2601
2025-09-11 13:57:00,9873,9876,9873,9876,1003,279240,98584870.0,OI2601
2025-09-11 13:58:00,9875,9878,9874,9874,1420,279583,139571800.0,OI2601
2025-09-11 13:59:00,9874,9875,9872,9872,538,279692,52880020.0,OI2601
2025-09-11 14:00:00,9873,9876,9872,9875,474,279776,46589460.0,OI2601
2025-09-11 14:01:00,9875,9878,9873,9878,833,279873,84358520.0,OI2601
2025-09-11 14:02:00,9878,9880,9877,9878,1627,280242,159934100.0,OI2601
2025-09-11 14:03:00,9879,9886,9879,9884,2903,281675,287893150.0,OI2601
2025-09-11 14:04:00,9884,9886,9881,9881,1347,282096,132423570.0,OI2601
2025-09-11 14:05:00,9880,9882,9878,9881,611,282137,60067410.0,OI2601
2025-09-11 14:06:00,9881,9890,9880,9889,1793,282878,176269830.0,OI2601
2025-09-11 14:07:00,9888,9890,9887,9889,906,283162,91643680.0,OI2601
2025-09-11 14:08:00,9889,9891,9882,9883,2441,283853,239999120.0,OI2601
2025-09-11 14:09:00,9884,9885,9883,9884,760,283868,74723200.0,OI2601
2025-09-11 14:10:00,9884,9886,9879,9880,1248,284046,122703360.0,OI2601
2025-09-11 14:11:00,9880,9884,9880,9883,499,284213,51685980.0,OI2601
2025-09-11 14:12:00,9882,9883,9878,9881,832,284396,81810560.0,OI2601
2025-09-11 14:13:00,9880,9881,9876,9880,922,284451,90660260.0,OI2601
2025-09-11 14:14:00,9880,9881,9878,9881,475,284545,46706750.0,OI2601
2025-09-11 14:15:00,9880,9888,9880,9886,957,284647,94101810.0,OI2601
2025-09-11 14:16:00,9884,9884,9881,9883,517,284833,50836610.0,OI2601
2025-09-11 14:17:00,9882,9886,9881,9885,731,285008,71879230.0,OI2601
2025-09-11 14:18:00,9884,9886,9883,9886,412,285128,40511960.0,OI2601
2025-09-11 14:19:00,9886,9886,9881,9883,630,284993,64626960.0,OI2601
2025-09-11 14:20:00,9882,9886,9881,9884,825,285129,81130500.0,OI2601
2025-09-11 14:21:00,9884,9884,9877,9880,927,285052,91161180.0,OI2601
2025-09-11 14:22:00,9879,9880,9876,9876,1042,284827,102470280.0,OI2601
2025-09-11 14:23:00,9876,9877,9874,9874,816,284702,80245440.0,OI2601
2025-09-11 14:24:00,9874,9876,9874,9876,337,284668,33140580.0,OI2601
2025-09-11 14:25:00,9875,9877,9872,9872,848,284381,83392320.0,OI2601
2025-09-11 14:26:00,9872,9877,9872,9876,736,284308,72378240.0,OI2601
2025-09-11 14:27:00,9876,9880,9874,9880,523,284237,54171420.0,OI2601
2025-09-11 14:28:00,9880,9880,9877,9880,1383,284064,136018050.0,OI2601
2025-09-11 14:29:00,9880,9890,9879,9887,2193,284770,215681550.0,OI2601
2025-09-11 14:30:00,9887,9889,9885,9885,926,284988,91072100.0,OI2601
2025-09-11 14:31:00,9885,9890,9884,9890,685,285143,67369750.0,OI2601
2025-09-11 14:32:00,9890,9895,9890,9894,1888,285718,188495150.0,OI2601
2025-09-11 14:33:00,9894,9896,9888,9890,1674,286358,164654640.0,OI2601
2025-09-11 14:34:00,9891,9894,9890,9892,770,286452,75737200.0,OI2601
2025-09-11 14:35:00,9893,9895,9891,9895,701,286567,68950360.0,OI2601
2025-09-11 14:36:00,9894,9895,9889,9889,700,286532,71700800.0,OI2601
2025-09-11 14:37:00,9889,9893,9889,9891,513,286640,50463810.0,OI2601
2025-09-11 14:38:00,9891,9891,9886,9888,659,286680,64825830.0,OI2601
2025-09-11 14:39:00,9888,9892,9888,9891,716,286848,70432920.0,OI2601
2025-09-11 14:40:00,9891,9892,9889,9891,502,286949,49381740.0,OI2601
2025-09-11 14:41:00,9891,9894,9888,9889,777,286922,76433490.0,OI2601
2025-09-11 14:42:00,9889,9890,9886,9890,908,287193,89319960.0,OI2601
2025-09-11 14:43:00,9889,9892,9889,9890,427,287316,42003990.0,OI2601
2025-09-11 14:44:00,9890,9892,9889,9892,292,287405,28724040.0,OI2601
2025-09-11 14:45:00,9892,9892,9889,9891,469,287447,49036960.0,OI2601
2025-09-11 14:46:00,9891,9891,9888,9889,326,287497,32071880.0,OI2601
2025-09-11 14:47:00,9890,9892,9890,9892,253,287525,24890140.0,OI2601
2025-09-11 14:48:00,9892,9895,9890,9892,844,287499,83032720.0,OI2601
2025-09-11 14:49:00,9892,9894,9891,9891,344,287527,33842720.0,OI2601
2025-09-11 14:50:00,9892,9892,9887,9889,758,287396,74572040.0,OI2601
2025-09-11 14:51:00,9888,9892,9888,9890,429,287454,42205020.0,OI2601
2025-09-11 14:52:00,9889,9890,9888,9889,417,287429,41024460.0,OI2601
2025-09-11 14:53:00,9889,9890,9887,9888,767,287402,75457460.0,OI2601
2025-09-11 14:54:00,9888,9892,9888,9892,696,287542,68472480.0,OI2601
2025-09-11 14:55:00,9892,9892,9890,9891,803,287666,81956940.0,OI2601
2025-09-11 14:56:00,9892,9893,9888,9889,761,287498,74874790.0,OI2601
2025-09-11 14:57:00,9888,9890,9887,9889,1023,287215,100652970.0,OI2601
2025-09-11 14:58:00,9890,9891,9887,9891,1280,286816,125939200.0,OI2601
2025-09-11 14:59:00,9891,9894,9888,9893,2073,286194,203962470.0,OI2601
2025-09-11 21:00:00,9894,9894,9879,9887,5379,286972,531821730.0,OI2601
2025-09-11 21:01:00,9888,9892,9885,9888,2407,287416,237980090.0,OI2601
2025-09-11 21:02:00,9889,9891,9884,9888,1997,287850,197443390.0,OI2601
2025-09-11 21:03:00,9887,9888,9884,9886,1503,288080,148601610.0,OI2601
2025-09-11 21:04:00,9886,9887,9882,9884,1285,288094,127047950.0,OI2601
2025-09-11 21:05:00,9883,9887,9882,9887,960,288321,94915200.0,OI2601
2025-09-11 21:06:00,9887,9888,9884,9884,810,288519,80084700.0,OI2601
2025-09-11 21:07:00,9884,9885,9880,9881,1220,288471,120465790.0,OI2601
2025-09-11 21:08:00,9882,9885,9880,9882,1166,288636,115270760.0,OI2601
2025-09-11 21:09:00,9882,9884,9875,9877,1343,288566,132588280.0,OI2601
2025-09-11 21:10:00,9877,9880,9875,9880,898,288597,88767300.0,OI2601
2025-09-11 21:11:00,9880,9881,9875,9875,822,288539,81254700.0,OI2601
2025-09-11 21:12:00,9875,9881,9875,9879,1474,288586,145492260.0,OI2601
2025-09-11 21:13:00,9880,9880,9877,9878,344,288503,34000960.0,OI2601
2025-09-11 21:14:00,9877,9880,9875,9878,949,288308,93799160.0,OI2601
2025-09-11 21:15:00,9878,9885,9878,9884,1165,288134,115148600.0,OI2601
2025-09-11 21:16:00,9884,9886,9882,9885,829,288070,81938360.0,OI2601
2025-09-11 21:17:00,9885,9886,9883,9884,548,288008,54164320.0,OI2601
2025-09-11 21:18:00,9884,9886,9884,9886,540,287971,53373600.0,OI2601
2025-09-11 21:19:00,9886,9888,9884,9884,723,287951,71461320.0,OI2601
2025-09-11 21:20:00,9884,9885,9879,9880,1067,287857,105462280.0,OI2601
2025-09-11 21:21:00,9880,9880,9876,9879,817,287794,80752280.0,OI2601
2025-09-11 21:22:00,9879,9882,9879,9879,368,287701,36373120.0,OI2601
2025-09-11 21:23:00,9879,9880,9875,9878,684,287703,67313580.0,OI2601
2025-09-11 21:24:00,9877,9880,9877,9879,326,287751,32218580.0,OI2601
2025-09-11 21:25:00,9879,9880,9877,9879,425,287733,42002750.0,OI2601
2025-09-11 21:26:00,9878,9880,9875,9876,523,287791,51688090.0,OI2601
2025-09-11 21:27:00,9875,9878,9874,9875,813,287777,80348790.0,OI2601
2025-09-11 21:28:00,9875,9878,9875,9877,195,287780,19271850.0,OI2601
2025-09-11 21:29:00,9877,9881,9877,9880,447,287754,44177010.0,OI2601
2025-09-11 21:30:00,9880,9882,9877,9881,473,287805,46746590.0,OI2601
2025-09-11 21:31:00,9881,9882,9878,9880,617,287820,60978110.0,OI2601
2025-09-11 21:32:00,9880,9881,9878,9880,566,287798,55937780.0,OI2601
2025-09-11 21:33:00,9880,9884,9879,9883,763,288015,75407290.0,OI2601
2025-09-11 21:34:00,9884,9886,9883,9884,901,288124,89045830.0,OI2601
2025-09-11 21:35:00,9883,9883,9878,9880,509,288160,50304470.0,OI2601
2025-09-11 21:36:00,9881,9885,9881,9884,346,288180,34195180.0,OI2601
2025-09-11 21:37:00,9884,9887,9883,9885,670,288360,66216100.0,OI2601
2025-09-11 21:38:00,9885,9887,9885,9886,341,288402,33701030.0,OI2601
2025-09-11 21:39:00,9886,9886,9883,9884,311,288410,30736130.0,OI2601
2025-09-11 21:40:00,9883,9887,9883,9886,496,288417,49019680.0,OI2601
2025-09-11 21:41:00,9886,9894,9885,9891,1686,288713,166627380.0,OI2601
2025-09-11 21:42:00,9891,9894,9891,9893,652,288826,64437160.0,OI2601
2025-09-11 21:43:00,9893,9903,9893,9902,3533,289624,350044210.0,OI2601
2025-09-11 21:44:00,9900,9902,9897,9900,1200,289903,118620000.0,OI2601
2025-09-11 21:45:00,9900,9901,9895,9895,1098,290058,108537300.0,OI2601
2025-09-11 21:46:00,9896,9897,9894,9894,555,290010,54861750.0,OI2601
2025-09-11 21:47:00,9894,9895,9892,9892,515,289992,51380340.0,OI2601
2025-09-11 21:48:00,9892,9893,9890,9893,539,289921,53285540.0,OI2601
2025-09-11 21:49:00,9893,9895,9892,9894,341,289919,33711260.0,OI2601
2025-09-11 21:50:00,9895,9896,9892,9893,379,289924,37467940.0,OI2601
2025-09-11 21:51:00,9893,9897,9892,9897,435,289923,43004100.0,OI2601
2025-09-11 21:52:00,9897,9901,9897,9900,661,290068,65346460.0,OI2601
2025-09-11 21:53:00,9901,9907,9898,9906,1483,290543,147120350.0,OI2601
2025-09-11 21:54:00,9907,9908,9904,9906,1314,290925,129915180.0,OI2601
2025-09-11 21:55:00,9906,9913,9905,9907,2018,291568,200063950.0,OI2601
2025-09-11 21:56:00,9908,9908,9906,9907,517,291859,51120960.0,OI2601
2025-09-11 21:57:00,9908,9910,9905,9906,681,291983,67337280.0,OI2601
2025-09-11 21:58:00,9907,9912,9907,9912,881,292211,87678360.0,OI2601
2025-09-11 21:59:00,9911,9913,9910,9913,934,292416,92363260.0,OI2601
2025-09-11 22:00:00,9913,9918,9913,9916,1525,292736,151396920.0,OI2601
2025-09-11 22:01:00,9916,9918,9914,9914,976,293047,96526400.0,OI2601
2025-09-11 22:02:00,9915,9917,9913,9913,726,293225,71801400.0,OI2601
2025-09-11 22:03:00,9914,9914,9911,9912,904,293209,90021330.0,OI2601
2025-09-11 22:04:00,9911,9913,9911,9912,525,293242,51927750.0,OI2601
2025-09-11 22:05:00,9912,9913,9908,9908,1029,293451,101778390.0,OI2601
2025-09-11 22:06:00,9909,9911,9908,9909,659,293525,65181690.0,OI2601
2025-09-11 22:07:00,9909,9910,9908,9909,455,293607,45646460.0,OI2601
2025-09-11 22:08:00,9909,9914,9909,9911,508,293712,50251360.0,OI2601
2025-09-11 22:09:00,9912,9913,9911,9912,281,293830,27796520.0,OI2601
2025-09-11 22:10:00,9912,9917,9912,9915,762,294144,75377040.0,OI2601
2025-09-11 22:11:00,9915,9915,9912,9912,464,294258,45898880.0,OI2601
2025-09-11 22:12:00,9913,9914,9911,9913,351,294344,34720920.0,OI2601
2025-09-11 22:13:00,9913,9920,9913,9917,1190,294755,118392770.0,OI2601
2025-09-11 22:14:00,9917,9918,9908,9908,865,294721,85574450.0,OI2601
2025-09-11 22:15:00,9908,9908,9905,9907,1225,294638,121189250.0,OI2601
2025-09-11 22:16:00,9908,9910,9907,9908,521,294758,51542530.0,OI2601
2025-09-11 22:17:00,9908,9911,9907,9911,472,294944,46694960.0,OI2601
2025-09-11 22:18:00,9911,9913,9910,9912,439,295013,44143460.0,OI2601
2025-09-11 22:19:00,9912,9914,9911,9913,429,295008,42445260.0,OI2601
2025-09-11 22:20:00,9913,9914,9911,9911,447,295095,44226180.0,OI2601
2025-09-11 22:21:00,9911,9912,9908,9910,672,295140,66487680.0,OI2601
2025-09-11 22:22:00,9910,9910,9905,9908,976,294869,96565440.0,OI2601
2025-09-11 22:23:00,9908,9908,9905,9906,488,294873,48282720.0,OI2601
2025-09-11 22:24:00,9906,9907,9905,9906,312,294788,30869280.0,OI2601
2025-09-11 22:25:00,9907,9912,9906,9911,446,294730,44127240.0,OI2601
2025-09-11 22:26:00,9911,9915,9909,9909,786,294743,78525590.0,OI2601
2025-09-11 22:27:00,9910,9911,9908,9909,305,294732,30179750.0,OI2601
2025-09-11 22:28:00,9909,9909,9903,9906,674,294576,66692300.0,OI2601
2025-09-11 22:29:00,9907,9907,9901,9903,568,294456,56203600.0,OI2601
2025-09-11 22:30:00,9903,9905,9900,9902,905,294343,89549750.0,OI2601
2025-09-11 22:31:00,9901,9905,9899,9905,873,294448,86383350.0,OI2601
2025-09-11 22:32:00,9905,9907,9904,9905,443,294420,43834850.0,OI2601
2025-09-11 22:33:00,9905,9908,9904,9904,467,294398,46209650.0,OI2601
2025-09-11 22:34:00,9905,9906,9904,9905,145,294358,14347750.0,OI2601
2025-09-11 22:35:00,9905,9906,9901,9902,411,294284,40668450.0,OI2601
2025-09-11 22:36:00,9903,9906,9902,9904,302,294152,29882900.0,OI2601
2025-09-11 22:37:00,9904,9905,9903,9904,122,294148,12071900.0,OI2601
2025-09-11 22:38:00,9905,9905,9902,9902,178,294125,17613100.0,OI2601
2025-09-11 22:39:00,9902,9904,9902,9903,242,294210,23945900.0,OI2601
2025-09-11 22:40:00,9904,9905,9903,9905,459,293893,45418050.0,OI2601
2025-09-11 22:41:00,9904,9906,9902,9905,408,293791,40371600.0,OI2601
2025-09-11 22:42:00,9905,9906,9901,9902,263,293719,26023850.0,OI2601
2025-09-11 22:43:00,9903,9904,9902,9903,240,293682,23748000.0,OI2601
2025-09-11 22:44:00,9904,9904,9902,9902,171,293678,16920450.0,OI2601
2025-09-11 22:45:00,9903,9903,9900,9903,513,293492,50761350.0,OI2601
2025-09-11 22:46:00,9902,9909,9902,9907,654,293345,64713300.0,OI2601
2025-09-11 22:47:00,9907,9908,9904,9908,495,293443,48980250.0,OI2601
2025-09-11 22:48:00,9909,9909,9906,9909,386,293457,39045690.0,OI2601
2025-09-11 22:49:00,9909,9909,9908,9909,167,293466,16526320.0,OI2601
2025-09-11 22:50:00,9909,9909,9906,9907,305,293439,30182800.0,OI2601
2025-09-11 22:51:00,9906,9908,9906,9908,142,293439,14052320.0,OI2601
2025-09-11 22:52:00,9908,9908,9904,9906,330,293422,32656800.0,OI2601
2025-09-11 22:53:00,9906,9907,9904,9905,113,293403,11182480.0,OI2601
2025-09-11 22:54:00,9906,9906,9904,9905,206,293341,20385760.0,OI2601
2025-09-11 22:55:00,9905,9905,9902,9903,286,293203,28302560.0,OI2601
2025-09-11 22:56:00,9904,9906,9902,9906,360,293096,35625600.0,OI2601
2025-09-11 22:57:00,9905,9906,9902,9903,534,292901,52844640.0,OI2601
2025-09-11 22:58:00,9902,9904,9902,9903,435,292712,43047600.0,OI2601
2025-09-11 22:59:00,9902,9905,9900,9902,1173,292176,116080080.0,OI2601
2025-09-12 09:00:00,9923,9924,9911,9921,4415,293102,437844050.0,OI2601
2025-09-12 09:01:00,9921,9930,9921,9925,2095,293277,208298750.0,OI2601
2025-09-12 09:02:00,9926,9929,9922,9922,1444,293637,142927120.0,OI2601
2025-09-12 09:03:00,9923,9923,9913,9915,1513,293839,149756740.0,OI2601
2025-09-12 09:04:00,9915,9921,9913,9921,864,293874,85518720.0,OI2601
2025-09-12 09:05:00,9920,9930,9920,9927,1570,294142,156409110.0,OI2601
2025-09-12 09:06:00,9926,9929,9924,9927,1126,294412,111462740.0,OI2601
2025-09-12 09:07:00,9929,9933,9927,9933,1134,294923,113287770.0,OI2601
2025-09-12 09:08:00,9934,9939,9930,9939,1816,295571,179784000.0,OI2601
2025-09-12 09:09:00,9940,9955,9940,9951,5947,297930,592085220.0,OI2601
2025-09-12 09:10:00,9950,9955,9947,9954,2924,298909,290703700.0,OI2601
2025-09-12 09:11:00,9954,9961,9954,9959,3161,299597,314237030.0,OI2601
2025-09-12 09:12:00,9958,9959,9953,9955,1392,299916,139063110.0,OI2601
2025-09-12 09:13:00,9955,9957,9953,9953,984,300007,97475040.0,OI2601
2025-09-12 09:14:00,9953,9955,9952,9954,920,300166,92339750.0,OI2601
2025-09-12 09:15:00,9955,9967,9955,9966,3110,301098,309343350.0,OI2601
2025-09-12 09:16:00,9966,9966,9962,9964,1148,301346,114990970.0,OI2601
2025-09-12 09:17:00,9963,9964,9959,9960,1305,301413,129312450.0,OI2601
2025-09-12 09:18:00,9959,9962,9959,9960,592,301550,58661280.0,OI2601
2025-09-12 09:19:00,9961,9962,9958,9962,910,301616,91447100.0,OI2601
2025-09-12 09:20:00,9962,9965,9950,9950,1894,301797,188989540.0,OI2601
2025-09-12 09:21:00,9949,9951,9946,9947,1834,301683,181767740.0,OI2601
2025-09-12 09:22:00,9946,9948,9943,9946,1423,301436,141033530.0,OI2601
2025-09-12 09:23:00,9946,9951,9945,9948,946,301332,95094230.0,OI2601
2025-09-12 09:24:00,9949,9950,9946,9946,840,301320,83260800.0,OI2601
2025-09-12 09:25:00,9946,9949,9942,9947,1165,301015,115474800.0,OI2601
2025-09-12 09:26:00,9947,9948,9942,9943,717,300995,71069040.0,OI2601
2025-09-12 09:27:00,9944,9946,9942,9946,876,300821,88201270.0,OI2601
2025-09-12 09:28:00,9945,9950,9942,9949,1307,300623,129562910.0,OI2601
2025-09-12 09:29:00,9948,9955,9948,9952,999,300738,99030870.0,OI2601
2025-09-12 09:30:00,9952,9952,9949,9950,493,300715,48871090.0,OI2601
2025-09-12 09:31:00,9950,9951,9947,9948,1048,300926,105298860.0,OI2601
2025-09-12 09:32:00,9948,9950,9944,9944,824,301037,81691360.0,OI2601
2025-09-12 09:33:00,9945,9950,9944,9949,465,301185,46100100.0,OI2601
2025-09-12 09:34:00,9949,9952,9944,9945,1570,301465,155649800.0,OI2601
2025-09-12 09:35:00,9944,9945,9935,9936,1767,300969,176637260.0,OI2601
2025-09-12 09:36:00,9936,9940,9936,9939,678,300854,67223700.0,OI2601
2025-09-12 09:37:00,9939,9939,9933,9939,1784,300586,176883600.0,OI2601
2025-09-12 09:38:00,9938,9942,9938,9941,495,300597,49079250.0,OI2601
2025-09-12 09:39:00,9941,9941,9938,9940,295,300612,29249250.0,OI2601
2025-09-12 09:40:00,9940,9940,9929,9932,1279,300399,126812850.0,OI2601
2025-09-12 09:41:00,9931,9933,9929,9932,676,300253,67025400.0,OI2601
2025-09-12 09:42:00,9931,9932,9927,9932,845,300244,83781750.0,OI2601
2025-09-12 09:43:00,9932,9934,9930,9931,589,300209,58399350.0,OI2601
2025-09-12 09:44:00,9931,9933,9929,9931,849,300102,84178350.0,OI2601
2025-09-12 09:45:00,9930,9934,9929,9929,772,300055,78083300.0,OI2601
2025-09-12 09:46:00,9929,9931,9925,9931,861,299960,85376760.0,OI2601
2025-09-12 09:47:00,9931,9931,9926,9927,426,299878,42242160.0,OI2601
2025-09-12 09:48:00,9928,9928,9916,9918,1579,299753,156573640.0,OI2601
2025-09-12 09:49:00,9918,9920,9917,9920,1683,299367,166886280.0,OI2601
2025-09-12 09:50:00,9919,9921,9917,9921,617,299328,61181720.0,OI2601
2025-09-12 09:51:00,9921,9921,9912,9913,951,299203,94301160.0,OI2601
2025-09-12 09:52:00,9914,9917,9909,9912,1511,298843,149830760.0,OI2601
2025-09-12 09:53:00,9912,9915,9909,9913,1068,298631,105902880.0,OI2601
2025-09-12 09:54:00,9913,9913,9910,9912,469,298642,46506040.0,OI2601
2025-09-12 09:55:00,9912,9912,9909,9912,671,298555,66536360.0,OI2601
2025-09-12 09:56:00,9911,9916,9909,9914,520,298445,51563200.0,OI2601
2025-09-12 09:57:00,9915,9923,9914,9922,1076,298417,106696160.0,OI2601
2025-09-12 09:58:00,9922,9922,9918,9918,767,298565,76055720.0,OI2601
2025-09-12 09:59:00,9919,9919,9916,9918,548,298544,54339680.0,OI2601
2025-09-12 10:00:00,9919,9926,9919,9925,1185,298753,117504600.0,OI2601
2025-09-12 10:01:00,9925,9925,9922,9922,449,298779,44522840.0,OI2601
2025-09-12 10:02:00,9923,9925,9922,9922,358,298789,35499280.0,OI2601
2025-09-12 10:03:00,9923,9926,9922,9925,293,298784,29053880.0,OI2601
2025-09-12 10:04:00,9925,9925,9923,9923,215,298825,21319400.0,OI2601
2025-09-12 10:05:00,9924,9924,9923,9924,137,298807,13584920.0,OI2601
2025-09-12 10:06:00,9924,9934,9923,9931,1511,298760,149830760.0,OI2601
2025-09-12 10:07:00,9930,9931,9928,9931,410,298800,40655600.0,OI2601
2025-09-12 10:08:00,9931,9934,9931,9934,283,298826,28062280.0,OI2601
2025-09-12 10:09:00,9932,9934,9932,9932,297,298853,29450520.0,OI2601
2025-09-12 10:10:00,9933,9936,9931,9934,405,298916,40159800.0,OI2601
2025-09-12 10:11:00,9934,9934,9923,9923,747,298847,74072520.0,OI2601
2025-09-12 10:12:00,9924,9931,9923,9931,649,298758,64354840.0,OI2601
2025-09-12 10:13:00,9930,9934,9929,9932,607,298933,60190120.0,OI2601
2025-09-12 10:14:00,9932,9934,9928,9929,660,299004,65445600.0,OI2601
2025-09-12 10:30:00,9928,9932,9927,9930,720,299282,71395200.0,OI2601
2025-09-12 10:31:00,9930,9930,9926,9930,464,299279,46010240.0,OI2601
2025-09-12 10:32:00,9929,9930,9927,9929,261,299283,25880760.0,OI2601
2025-09-12 10:33:00,9930,9933,9925,9926,497,299352,49282520.0,OI2601
2025-09-12 10:34:00,9928,9931,9927,9928,242,299352,23996720.0,OI2601
2025-09-12 10:35:00,9927,9932,9926,9932,291,299385,28855560.0,OI2601
2025-09-12 10:36:00,9931,9934,9930,9933,445,299455,45904430.0,OI2601
2025-09-12 10:37:00,9933,9934,9930,9933,287,299496,28461790.0,OI2601
2025-09-12 10:38:00,9933,9933,9929,9932,189,299505,18743130.0,OI2601
2025-09-12 10:39:00,9933,9934,9930,9934,215,299528,21321550.0,OI2601
2025-09-12 10:40:00,9933,9938,9933,9936,692,299665,68625640.0,OI2601
2025-09-12 10:41:00,9935,9936,9933,9934,433,299684,42940610.0,OI2601
2025-09-12 10:42:00,9935,9937,9932,9933,314,299817,31139380.0,OI2601
2025-09-12 10:43:00,9934,9937,9933,9935,255,299817,25288350.0,OI2601
2025-09-12 10:44:00,9936,9936,9932,9933,258,299867,25585860.0,OI2601
2025-09-12 10:45:00,9934,9935,9932,9932,235,299917,23304950.0,OI2601
2025-09-12 10:46:00,9933,9940,9933,9940,557,299985,55237690.0,OI2601
2025-09-12 10:47:00,9939,9942,9938,9938,1155,300597,114541350.0,OI2601
2025-09-12 10:48:00,9938,9940,9938,9939,191,300620,18941470.0,OI2601
2025-09-12 10:49:00,9938,9942,9936,9938,526,300664,52163420.0,OI2601
2025-09-12 10:50:00,9937,9940,9936,9938,403,300626,39965510.0,OI2601
2025-09-12 10:51:00,9938,9940,9936,9938,487,300637,48295790.0,OI2601
2025-09-12 10:52:00,9939,9939,9933,9933,397,300667,39370490.0,OI2601
2025-09-12 10:53:00,9933,9934,9930,9930,505,300600,50080850.0,OI2601
2025-09-12 10:54:00,9930,9932,9929,9930,261,300570,25883370.0,OI2601
2025-09-12 10:55:00,9931,9931,9925,9928,673,300575,66741410.0,OI2601
2025-09-12 10:56:00,9928,9932,9927,9932,455,300572,45122350.0,OI2601
2025-09-12 10:57:00,9932,9932,9924,9925,485,300536,48097450.0,OI2601
2025-09-12 10:58:00,9926,9928,9924,9925,534,300633,52956780.0,OI2601
2025-09-12 10:59:00,9925,9926,9918,9918,826,300524,81914420.0,OI2601
2025-09-12 11:00:00,9919,9922,9917,9920,619,300548,61386230.0,OI2601
2025-09-12 11:01:00,9920,9923,9920,9921,427,300444,42345590.0,OI2601
2025-09-12 11:02:00,9922,9923,9921,9921,643,300544,63766310.0,OI2601
2025-09-12 11:03:00,9922,9922,9919,9920,245,300551,24296650.0,OI2601
2025-09-12 11:04:00,9920,9920,9913,9915,816,300439,80922720.0,OI2601
2025-09-12 11:05:00,9914,9918,9912,9917,505,300394,50080850.0,OI2601
2025-09-12 11:06:00,9917,9918,9913,9914,426,300429,42246420.0,OI2601
2025-09-12 11:07:00,9913,9914,9910,9912,760,300426,75369200.0,OI2601
2025-09-12 11:08:00,9912,9918,9911,9916,648,300222,64262160.0,OI2601
2025-09-12 11:09:00,9917,9917,9911,9912,484,300252,47998280.0,OI2601
2025-09-12 11:10:00,9912,9915,9909,9913,786,300059,77947620.0,OI2601
2025-09-12 11:11:00,9913,9916,9912,9913,431,300058,42742270.0,OI2601
2025-09-12 11:12:00,9914,9917,9910,9911,1319,300032,130805230.0,OI2601
2025-09-12 11:13:00,9912,9912,9904,9905,1251,299673,124061670.0,OI2601
2025-09-12 11:14:00,9906,9909,9905,9907,512,299582,50775040.0,OI2601
2025-09-12 11:15:00,9908,9915,9908,9909,899,299577,89153830.0,OI2601
2025-09-12 11:16:00,9908,9911,9905,9909,606,299557,60097020.0,OI2601
2025-09-12 11:17:00,9909,9914,9909,9913,513,299582,50874210.0,OI2601
2025-09-12 11:18:00,9914,9919,9914,9919,782,299587,77550940.0,OI2601
2025-09-12 11:19:00,9919,9922,9916,9921,565,299667,56031050.0,OI2601
2025-09-12 11:20:00,9922,9926,9920,9926,790,299845,78344300.0,OI2601
2025-09-12 11:21:00,9925,9927,9923,9926,558,299824,55336860.0,OI2601
2025-09-12 11:22:00,9927,9929,9921,9922,564,299829,55931880.0,OI2601
2025-09-12 11:23:00,9922,9925,9921,9924,340,299889,33717800.0,OI2601
2025-09-12 11:24:00,9924,9928,9924,9925,380,300013,37684600.0,OI2601
2025-09-12 11:25:00,9925,9928,9925,9926,279,299996,27668430.0,OI2601
2025-09-12 11:26:00,9926,9930,9925,9927,1542,300763,152920140.0,OI2601
2025-09-12 11:27:00,9929,9929,9921,9925,788,300787,78145960.0,OI2601
2025-09-12 11:28:00,9925,9928,9925,9926,345,300735,34213650.0,OI2601
2025-09-12 11:29:00,9927,9927,9924,9926,459,300565,45519030.0,OI2601
2025-09-12 13:30:00,9923,9925,9913,9916,1747,300676,173249990.0,OI2601
2025-09-12 13:31:00,9916,9917,9912,9912,694,300667,68823980.0,OI2601
2025-09-12 13:32:00,9913,9914,9910,9913,972,300746,96393240.0,OI2601
2025-09-12 13:33:00,9912,9916,9910,9914,513,300730,50874210.0,OI2601
2025-09-12 13:34:00,9914,9916,9913,9916,294,300800,29155980.0,OI2601
2025-09-12 13:35:00,9916,9918,9907,9909,1246,301028,123565820.0,OI2601
2025-09-12 13:36:00,9909,9910,9908,9910,430,300948,42643100.0,OI2601
2025-09-12 13:37:00,9909,9910,9905,9906,557,300956,55237690.0,OI2601
2025-09-12 13:38:00,9905,9906,9893,9895,2520,300503,249908400.0,OI2601
2025-09-12 13:39:00,9894,9900,9894,9896,1102,300330,109285340.0,OI2601
2025-09-12 13:40:00,9895,9896,9890,9893,1110,300153,110078700.0,OI2601
2025-09-12 13:41:00,9893,9895,9890,9894,1005,299972,99665850.0,OI2601
2025-09-12 13:42:00,9894,9894,9890,9891,671,299948,66543070.0,OI2601
2025-09-12 13:43:00,9891,9899,9891,9898,1072,299844,106310240.0,OI2601
2025-09-12 13:44:00,9898,9898,9887,9887,1477,299993,144245610.0,OI2601
2025-09-12 13:45:00,9887,9888,9881,9887,1387,299764,137534920.0,OI2601
2025-09-12 13:46:00,9887,9890,9887,9888,608,299728,60289280.0,OI2601
2025-09-12 13:47:00,9889,9889,9884,9884,653,299664,64751480.0,OI2601
2025-09-12 13:48:00,9885,9885,9878,9880,1983,299020,196634280.0,OI2601
2025-09-12 13:49:00,9879,9881,9878,9879,886,298906,87855760.0,OI2601
2025-09-12 13:50:00,9879,9880,9876,9880,1064,298719,103211950.0,OI2601
2025-09-12 13:51:00,9879,9883,9879,9881,703,298596,69702450.0,OI2601
2025-09-12 13:52:00,9880,9881,9876,9879,848,298587,84079200.0,OI2601
2025-09-12 13:53:00,9878,9879,9874,9876,1392,298277,138016800.0,OI2601
2025-09-12 13:54:00,9875,9876,9870,9871,1538,297867,152492700.0,OI2601
2025-09-12 13:55:00,9871,9871,9856,9858,4278,297165,421781820.0,OI2601
2025-09-12 13:56:00,9858,9865,9855,9864,2302,296850,225815380.0,OI2601
2025-09-12 13:57:00,9863,9864,9858,9860,808,296787,80097040.0,OI2601
2025-09-12 13:58:00,9860,9861,9859,9860,1060,296514,105077800.0,OI2601
2025-09-12 13:59:00,9861,9864,9859,9859,1640,296582,160133220.0,OI2601
2025-09-12 14:00:00,9860,9870,9860,9870,1601,296156,158691120.0,OI2601
2025-09-12 14:01:00,9869,9873,9868,9868,1685,296162,167017200.0,OI2601
2025-09-12 14:02:00,9869,9869,9862,9865,927,296032,91884240.0,OI2601
2025-09-12 14:03:00,9864,9868,9864,9868,729,296076,72258480.0,OI2601
2025-09-12 14:04:00,9867,9868,9866,9866,380,296093,35172400.0,OI2601
2025-09-12 14:05:00,9866,9867,9859,9860,1194,295986,118337340.0,OI2601
2025-09-12 14:06:00,9860,9863,9859,9862,643,295870,63727730.0,OI2601
2025-09-12 14:07:00,9863,9864,9860,9861,505,295796,50050550.0,OI2601
2025-09-12 14:08:00,9862,9866,9861,9865,336,295724,33300960.0,OI2601
2025-09-12 14:09:00,9865,9865,9862,9862,382,295612,37860020.0,OI2601
2025-09-12 14:10:00,9864,9868,9862,9867,510,295519,50546100.0,OI2601
2025-09-12 14:11:00,9867,9871,9866,9870,903,295589,89496330.0,OI2601
2025-09-12 14:12:00,9870,9871,9867,9870,399,295482,39544890.0,OI2601
2025-09-12 14:13:00,9870,9874,9869,9873,1371,295279,133324180.0,OI2601
2025-09-12 14:14:00,9873,9875,9872,9874,626,295289,62036600.0,OI2601
2025-09-12 14:15:00,9874,9875,9873,9873,591,295204,58568100.0,OI2601
2025-09-12 14:16:00,9874,9879,9874,9878,803,295044,79577300.0,OI2601
2025-09-12 14:17:00,9879,9880,9877,9878,510,295065,50541000.0,OI2601
2025-09-12 14:18:00,9878,9878,9868,9869,1082,294904,107226200.0,OI2601
2025-09-12 14:19:00,9869,9870,9866,9867,775,294956,76802500.0,OI2601
2025-09-12 14:20:00,9867,9873,9867,9870,535,294971,53018500.0,OI2601
2025-09-12 14:21:00,9870,9870,9865,9869,1015,295063,100586500.0,OI2601
2025-09-12 14:22:00,9870,9874,9869,9874,419,294948,38903710.0,OI2601
2025-09-12 14:23:00,9873,9877,9872,9872,402,294946,39834180.0,OI2601
2025-09-12 14:24:00,9872,9880,9872,9879,573,294907,56778570.0,OI2601
2025-09-12 14:25:00,9878,9879,9874,9874,394,294863,39041460.0,OI2601
2025-09-12 14:26:00,9873,9874,9867,9867,662,294685,65597580.0,OI2601
2025-09-12 14:27:00,9867,9869,9865,9866,779,294636,77191110.0,OI2601
2025-09-12 14:28:00,9867,9869,9864,9865,864,294368,85613760.0,OI2601
2025-09-12 14:29:00,9865,9868,9864,9865,561,294248,55589490.0,OI2601
2025-09-12 14:30:00,9866,9873,9866,9872,996,294006,98693640.0,OI2601
2025-09-12 14:31:00,9872,9874,9870,9872,466,293994,46175940.0,OI2601
2025-09-12 14:32:00,9872,9873,9868,9868,366,293961,36266940.0,OI2601
2025-09-12 14:33:00,9868,9870,9867,9869,554,293934,52210500.0,OI2601
2025-09-12 14:34:00,9869,9873,9868,9873,284,293885,28138720.0,OI2601
2025-09-12 14:35:00,9873,9876,9870,9873,640,293737,63411200.0,OI2601
2025-09-12 14:36:00,9874,9876,9873,9875,216,293749,21401280.0,OI2601
2025-09-12 14:37:00,9875,9876,9873,9874,265,293740,26256200.0,OI2601
2025-09-12 14:38:00,9874,9877,9874,9876,339,293622,33588120.0,OI2601
2025-09-12 14:39:00,9877,9878,9875,9877,400,293558,39632000.0,OI2601
2025-09-12 14:40:00,9878,9878,9869,9869,994,293434,98485520.0,OI2601
2025-09-12 14:41:00,9869,9871,9868,9871,415,293367,41118200.0,OI2601
2025-09-12 14:42:00,9871,9871,9864,9864,1054,293166,104430320.0,OI2601
2025-09-12 14:43:00,9864,9867,9863,9866,581,293111,57565480.0,OI2601
2025-09-12 14:44:00,9866,9869,9866,9867,485,292940,48053800.0,OI2601
2025-09-12 14:45:00,9868,9868,9864,9867,1011,293148,100169880.0,OI2601
2025-09-12 14:46:00,9866,9869,9865,9867,593,293171,55996310.0,OI2601
2025-09-12 14:47:00,9866,9867,9858,9859,4343,292487,430261010.0,OI2601
2025-09-12 14:48:00,9859,9863,9856,9859,2110,292947,206215040.0,OI2601
2025-09-12 14:49:00,9860,9862,9859,9861,830,292951,82219800.0,OI2601
2025-09-12 14:50:00,9861,9866,9860,9864,1116,293088,110550960.0,OI2601
2025-09-12 14:51:00,9864,9865,9858,9861,852,293366,84399120.0,OI2601
2025-09-12 14:52:00,9861,9862,9859,9860,561,293295,55572660.0,OI2601
2025-09-12 14:53:00,9859,9860,9850,9854,2656,292885,260220550.0,OI2601
2025-09-12 14:54:00,9855,9857,9854,9854,829,292846,82112450.0,OI2601
2025-09-12 14:55:00,9855,9857,9854,9857,1195,292534,118364750.0,OI2601
2025-09-12 14:56:00,9857,9857,9853,9854,797,292315,78942850.0,OI2601
2025-09-12 14:57:00,9853,9854,9850,9850,1103,292175,109252150.0,OI2601
2025-09-12 14:58:00,9851,9856,9850,9856,1593,291503,154848670.0,OI2601
2025-09-12 14:59:00,9856,9858,9853,9857,1052,291134,104190080.0,OI2601
2025-09-12 21:00:00,9883,9895,9883,9889,5614,291137,555224600.0,OI2601
2025-09-12 21:01:00,9889,9897,9889,9894,2991,291038,295895950.0,OI2601
2025-09-12 21:02:00,9894,9894,9886,9887,1973,291052,195149430.0,OI2601
2025-09-12 21:03:00,9887,9890,9884,9885,1261,290988,124725510.0,OI2601
2025-09-12 21:04:00,9885,9890,9880,9880,1838,291103,181659810.0,OI2601
2025-09-12 21:05:00,9879,9881,9875,9878,1384,291035,136726990.0,OI2601
2025-09-12 21:06:00,9879,9885,9878,9884,1199,290756,118406510.0,OI2601
2025-09-12 21:07:00,9884,9888,9879,9883,2119,290815,209526720.0,OI2601
2025-09-12 21:08:00,9883,9885,9882,9884,485,290900,47956800.0,OI2601
2025-09-12 21:09:00,9883,9886,9880,9885,837,290937,82565550.0,OI2601
2025-09-12 21:10:00,9884,9885,9881,9882,642,290963,63474540.0,OI2601
2025-09-12 21:11:00,9883,9883,9878,9879,613,290918,60607310.0,OI2601
2025-09-12 21:12:00,9879,9881,9877,9878,883,290704,87302210.0,OI2601
2025-09-12 21:13:00,9879,9886,9877,9885,842,290597,83248540.0,OI2601
2025-09-12 21:14:00,9885,9888,9884,9887,783,290456,77415210.0,OI2601
2025-09-12 21:15:00,9887,9888,9885,9887,817,290262,80776790.0,OI2601
2025-09-12 21:16:00,9887,9887,9881,9883,705,290105,69453490.0,OI2601
2025-09-12 21:17:00,9883,9883,9879,9883,674,290218,66631640.0,OI2601
2025-09-12 21:18:00,9883,9883,9881,9882,576,290326,56943360.0,OI2601
2025-09-12 21:19:00,9882,9883,9880,9880,296,290303,29262560.0,OI2601
2025-09-12 21:20:00,9880,9882,9880,9882,167,290263,16509620.0,OI2601
2025-09-12 21:21:00,9881,9888,9881,9887,741,290202,73255260.0,OI2601
2025-09-12 21:22:00,9885,9886,9882,9885,374,290253,36973640.0,OI2601
2025-09-12 21:23:00,9886,9886,9872,9872,1275,290650,126046500.0,OI2601
2025-09-12 21:24:00,9874,9880,9874,9877,981,290568,96680960.0,OI2601
2025-09-12 21:25:00,9877,9881,9876,9880,412,290565,40726200.0,OI2601
2025-09-12 21:26:00,9880,9883,9879,9881,413,290688,40825050.0,OI2601
2025-09-12 21:27:00,9881,9885,9880,9884,502,290664,49622700.0,OI2601
2025-09-12 21:28:00,9883,9884,9881,9884,363,290736,35882550.0,OI2601
2025-09-12 21:29:00,9883,9884,9881,9882,242,290785,23921700.0,OI2601
2025-09-12 21:30:00,9881,9882,9877,9879,547,290694,54070950.0,OI2601
2025-09-12 21:31:00,9879,9884,9878,9884,601,290763,59408850.0,OI2601
2025-09-12 21:32:00,9884,9887,9880,9880,615,290795,60792750.0,OI2601
2025-09-12 21:33:00,9880,9884,9879,9884,279,290777,27579150.0,OI2601
2025-09-12 21:34:00,9884,9884,9880,9881,319,290862,31533150.0,OI2601
2025-09-12 21:35:00,9881,9881,9879,9879,192,290885,18979200.0,OI2601
2025-09-12 21:36:00,9880,9882,9877,9878,521,290972,51500850.0,OI2601
2025-09-12 21:37:00,9878,9880,9878,9880,214,291033,21153900.0,OI2601
2025-09-12 21:38:00,9879,9883,9878,9881,378,291021,37365300.0,OI2601
2025-09-12 21:39:00,9882,9886,9882,9884,368,291030,36376800.0,OI2601
2025-09-12 21:40:00,9884,9886,9884,9884,300,291030,29655000.0,OI2601
2025-09-12 21:41:00,9884,9884,9879,9879,362,291066,35783700.0,OI2601
2025-09-12 21:42:00,9880,9880,9877,9878,620,291158,61287000.0,OI2601
2025-09-12 21:43:00,9879,9882,9878,9882,236,291141,23328600.0,OI2601
2025-09-12 21:44:00,9882,9884,9880,9883,299,291071,29556150.0,OI2601
2025-09-12 21:45:00,9883,9885,9878,9879,488,291011,48238800.0,OI2601
2025-09-12 21:46:00,9878,9880,9875,9875,994,290740,97863550.0,OI2601
2025-09-12 21:47:00,9875,9878,9874,9877,612,290634,60490080.0,OI2601
2025-09-12 21:48:00,9877,9882,9876,9881,393,290514,38844120.0,OI2601
2025-09-12 21:49:00,9881,9882,9880,9880,240,290542,23721600.0,OI2601
2025-09-12 21:50:00,9880,9884,9880,9883,402,290562,39733680.0,OI2601
2025-09-12 21:51:00,9882,9889,9882,9888,662,290473,65432080.0,OI2601
2025-09-12 21:52:00,9887,9889,9886,9887,502,290561,49617680.0,OI2601
2025-09-12 21:53:00,9888,9890,9887,9889,423,290559,41809320.0,OI2601
2025-09-12 21:54:00,9890,9890,9887,9889,499,290679,49321160.0,OI2601
2025-09-12 21:55:00,9890,9893,9889,9893,680,290783,67211200.0,OI2601
2025-09-12 21:56:00,9893,9893,9890,9890,470,290786,46454800.0,OI2601
2025-09-12 21:57:00,9890,9893,9890,9890,361,290783,36127030.0,OI2601
2025-09-12 21:58:00,9890,9890,9886,9888,496,290701,49029600.0,OI2601
2025-09-12 21:59:00,9888,9890,9886,9890,208,290706,20560800.0,OI2601
2025-09-12 22:00:00,9890,9890,9884,9884,482,290616,47645700.0,OI2601
2025-09-12 22:01:00,9885,9888,9883,9883,817,290420,80760450.0,OI2601
2025-09-12 22:02:00,9883,9887,9881,9887,525,290318,51896250.0,OI2601
2025-09-12 22:03:00,9886,9888,9885,9887,468,290351,46261800.0,OI2601
2025-09-12 22:04:00,9887,9888,9886,9888,123,290372,12158550.0,OI2601
2025-09-12 22:05:00,9887,9888,9886,9887,264,290316,26096400.0,OI2601
2025-09-12 22:06:00,9886,9891,9886,9891,471,290248,46558350.0,OI2601
2025-09-12 22:07:00,9890,9894,9890,9892,528,290332,52192800.0,OI2601
2025-09-12 22:08:00,9892,9892,9889,9890,241,290345,23822850.0,OI2601
2025-09-12 22:09:00,9890,9892,9889,9892,308,290368,30445800.0,OI2601
2025-09-12 22:10:00,9892,9892,9890,9891,175,290368,17298750.0,OI2601
2025-09-12 22:11:00,9890,9891,9888,9890,293,290305,28963050.0,OI2601
2025-09-12 22:12:00,9891,9892,9888,9889,144,290272,14234400.0,OI2601
2025-09-12 22:13:00,9889,9891,9889,9891,122,290283,12059700.0,OI2601
2025-09-12 22:14:00,9890,9891,9889,9890,137,290290,13542450.0,OI2601
2025-09-12 22:15:00,9891,9891,9888,9889,496,290202,49029600.0,OI2601
2025-09-12 22:16:00,9889,9889,9886,9887,451,290050,44581350.0,OI2601
2025-09-12 22:17:00,9887,9888,9886,9888,426,289982,42110100.0,OI2601
2025-09-12 22:18:00,9887,9888,9887,9888,104,289962,10280400.0,OI2601
2025-09-12 22:19:00,9887,9895,9887,9895,965,289990,95390250.0,OI2601
2025-09-12 22:20:00,9894,9904,9894,9901,1833,290254,181738610.0,OI2601
2025-09-12 22:21:00,9900,9903,9900,9902,578,290338,57141080.0,OI2601
2025-09-12 22:22:00,9901,9902,9897,9900,606,290267,59909160.0,OI2601
2025-09-12 22:23:00,9901,9908,9900,9907,1208,290232,119422880.0,OI2601
2025-09-12 22:24:00,9907,9911,9905,9906,1092,290097,108536520.0,OI2601
2025-09-12 22:25:00,9906,9911,9905,9907,849,290181,83940630.0,OI2601
2025-09-12 22:26:00,9907,9909,9907,9907,379,290225,37471730.0,OI2601
2025-09-12 22:27:00,9908,9909,9905,9906,495,290205,48940650.0,OI2601
2025-09-12 22:28:00,9907,9911,9904,9908,953,290283,94831270.0,OI2601
2025-09-12 22:29:00,9908,9911,9908,9911,392,290377,38760960.0,OI2601
2025-09-12 22:30:00,9911,9914,9907,9907,957,290334,94628160.0,OI2601
2025-09-12 22:31:00,9907,9909,9906,9909,262,290264,25906560.0,OI2601
2025-09-12 22:32:00,9908,9909,9906,9907,316,290237,31246080.0,OI2601
2025-09-12 22:33:00,9907,9907,9902,9902,685,290133,67732800.0,OI2601
2025-09-12 22:34:00,9902,9902,9896,9898,809,290016,80636290.0,OI2601
2025-09-12 22:35:00,9897,9900,9896,9898,444,289965,43907160.0,OI2601
2025-09-12 22:36:00,9898,9899,9895,9897,422,289872,41731580.0,OI2601
2025-09-12 22:37:00,9897,9897,9889,9890,1038,289854,102647820.0,OI2601
2025-09-12 22:38:00,9890,9892,9889,9891,335,289862,33128150.0,OI2601
2025-09-12 22:39:00,9891,9892,9890,9892,145,289846,14339050.0,OI2601
2025-09-12 22:40:00,9892,9893,9886,9888,708,289827,70014120.0,OI2601
2025-09-12 22:41:00,9889,9891,9887,9888,375,289743,37083750.0,OI2601
2025-09-12 22:42:00,9889,9892,9889,9892,150,289721,14833500.0,OI2601
2025-09-12 22:43:00,9891,9893,9891,9891,152,289703,15031280.0,OI2601
2025-09-12 22:44:00,9891,9893,9891,9893,235,289683,23239150.0,OI2601
2025-09-12 22:45:00,9893,9895,9891,9895,337,289618,33325930.0,OI2601
2025-09-12 22:46:00,9894,9895,9892,9893,241,289632,23832490.0,OI2601
2025-09-12 22:47:00,9893,9893,9890,9890,227,289605,22448030.0,OI2601
2025-09-12 22:48:00,9890,9892,9890,9891,117,289606,11570130.0,OI2601
2025-09-12 22:49:00,9890,9891,9889,9891,213,289569,21063570.0,OI2601
2025-09-12 22:50:00,9891,9891,9889,9890,93,289552,9196770.0,OI2601
2025-09-12 22:51:00,9890,9893,9889,9891,274,289443,27095860.0,OI2601
2025-09-12 22:52:00,9891,9892,9889,9889,138,289425,13646820.0,OI2601
2025-09-12 22:53:00,9889,9889,9887,9888,389,289326,38468210.0,OI2601
2025-09-12 22:54:00,9887,9891,9887,9891,253,289341,25019170.0,OI2601
2025-09-12 22:55:00,9891,9894,9891,9893,295,289292,29172550.0,OI2601
2025-09-12 22:56:00,9893,9900,9893,9899,506,289126,50038340.0,OI2601
2025-09-12 22:57:00,9899,9900,9897,9898,171,289039,16910190.0,OI2601
2025-09-12 22:58:00,9898,9899,9896,9897,235,288990,23239150.0,OI2601
2025-09-12 22:59:00,9896,9897,9893,9894,613,288659,60619570.0,OI2601
2025-09-15 09:00:00,9894,9908,9894,9902,2758,289305,273489630.0,OI2601
2025-09-15 09:01:00,9901,9906,9901,9901,1451,289463,143503900.0,OI2601
2025-09-15 09:02:00,9902,9902,9881,9883,1813,289489,179305700.0,OI2601
2025-09-15 09:03:00,9884,9886,9879,9882,1214,289376,120064600.0,OI2601
2025-09-15 09:04:00,9882,9882,9875,9882,1106,289085,108576550.0,OI2601
2025-09-15 09:05:00,9881,9889,9876,9887,1257,289002,124304730.0,OI2601
2025-09-15 09:06:00,9887,9887,9884,9887,675,288998,66750750.0,OI2601
2025-09-15 09:07:00,9888,9889,9882,9883,647,289116,63981830.0,OI2601
2025-09-15 09:08:00,9883,9886,9878,9882,866,289077,85638740.0,OI2601
2025-09-15 09:09:00,9883,9885,9879,9882,639,288927,63190710.0,OI2601
2025-09-15 09:10:00,9882,9891,9882,9886,886,289065,87616540.0,OI2601
2025-09-15 09:11:00,9886,9886,9880,9880,653,289028,64575170.0,OI2601
2025-09-15 09:12:00,9880,9884,9878,9880,626,288949,61905140.0,OI2601
2025-09-15 09:13:00,9880,9882,9879,9881,211,288889,20865790.0,OI2601
2025-09-15 09:14:00,9881,9887,9881,9884,485,288888,47961650.0,OI2601
2025-09-15 09:15:00,9884,9885,9877,9877,795,289003,78617550.0,OI2601
2025-09-15 09:16:00,9878,9878,9870,9870,1092,289002,107987880.0,OI2601
2025-09-15 09:17:00,9870,9870,9865,9867,1128,288870,110641470.0,OI2601
2025-09-15 09:18:00,9868,9870,9866,9870,667,288773,65952960.0,OI2601
2025-09-15 09:19:00,9870,9870,9865,9867,586,288838,57943680.0,OI2601
2025-09-15 09:20:00,9867,9868,9863,9867,817,288712,80784960.0,OI2601
2025-09-15 09:21:00,9867,9868,9865,9868,385,288589,38068800.0,OI2601
2025-09-15 09:22:00,9868,9877,9868,9873,1304,288119,128939520.0,OI2601
2025-09-15 09:23:00,9873,9874,9863,9867,779,288073,77027520.0,OI2601
2025-09-15 09:24:00,9867,9867,9864,9864,248,288047,23567930.0,OI2601
2025-09-15 09:25:00,9865,9867,9864,9865,539,287977,53290930.0,OI2601
2025-09-15 09:26:00,9865,9869,9865,9866,765,288281,75635550.0,OI2601
2025-09-15 09:27:00,9866,9868,9865,9867,249,288283,24618630.0,OI2601
2025-09-15 09:28:00,9866,9868,9865,9866,478,288298,47259860.0,OI2601
2025-09-15 09:29:00,9866,9867,9863,9866,395,288357,39053650.0,OI2601
2025-09-15 09:30:00,9866,9882,9866,9882,1490,288139,147316300.0,OI2601
2025-09-15 09:31:00,9883,9884,9880,9882,629,288168,62189230.0,OI2601
2025-09-15 09:32:00,9882,9887,9881,9885,785,288223,77612950.0,OI2601
2025-09-15 09:33:00,9884,9886,9881,9885,575,288320,56850250.0,OI2601
2025-09-15 09:34:00,9886,9890,9884,9888,655,288362,64759850.0,OI2601
2025-09-15 09:35:00,9889,9892,9886,9886,901,288470,89081870.0,OI2601
2025-09-15 09:36:00,9887,9891,9886,9889,518,288494,51214660.0,OI2601
2025-09-15 09:37:00,9889,9891,9886,9886,313,288617,30946310.0,OI2601
2025-09-15 09:38:00,9886,9897,9886,9897,823,288713,81370010.0,OI2601
2025-09-15 09:39:00,9896,9898,9891,9893,1026,288888,101440620.0,OI2601
2025-09-15 09:40:00,9893,9897,9891,9892,429,288943,42415230.0,OI2601
2025-09-15 09:41:00,9892,9900,9892,9899,1447,289110,143064890.0,OI2601
2025-09-15 09:42:00,9898,9898,9893,9896,453,289081,44788110.0,OI2601
2025-09-15 09:43:00,9895,9898,9894,9895,621,289071,61398270.0,OI2601
2025-09-15 09:44:00,9896,9901,9895,9898,655,289142,64759850.0,OI2601
2025-09-15 09:45:00,9899,9903,9898,9899,913,289309,90268310.0,OI2601
2025-09-15 09:46:00,9899,9899,9887,9888,909,289087,89872830.0,OI2601
2025-09-15 09:47:00,9887,9891,9887,9888,400,289014,39548000.0,OI2601
2025-09-15 09:48:00,9888,9888,9883,9885,722,288922,71384140.0,OI2601
2025-09-15 09:49:00,9885,9886,9879,9880,955,288786,94420850.0,OI2601
2025-09-15 09:50:00,9880,9883,9879,9882,430,288759,42514100.0,OI2601
2025-09-15 09:51:00,9882,9884,9880,9880,398,288628,39350260.0,OI2601
2025-09-15 09:52:00,9879,9886,9879,9883,458,288657,45282460.0,OI2601
2025-09-15 09:53:00,9883,9890,9883,9888,360,288640,35593200.0,OI2601
2025-09-15 09:54:00,9888,9888,9884,9886,256,288673,25310720.0,OI2601
2025-09-15 09:55:00,9886,9889,9885,9888,186,288665,18389820.0,OI2601
2025-09-15 09:56:00,9889,9891,9886,9887,236,288655,23333320.0,OI2601
2025-09-15 09:57:00,9887,9894,9886,9887,414,288685,40932180.0,OI2601
2025-09-15 09:58:00,9888,9890,9887,9890,110,288657,10875700.0,OI2601
2025-09-15 09:59:00,9889,9892,9889,9891,216,288632,21355920.0,OI2601
2025-09-15 10:00:00,9890,9891,9877,9879,1168,288640,115480160.0,OI2601
2025-09-15 10:01:00,9879,9880,9876,9879,703,288575,69505610.0,OI2601
2025-09-15 10:02:00,9878,9883,9877,9877,1322,288279,130706140.0,OI2601
2025-09-15 10:03:00,9878,9881,9875,9878,559,288169,55268330.0,OI2601
2025-09-15 10:04:00,9877,9877,9873,9874,590,288044,58333300.0,OI2601
2025-09-15 10:05:00,9874,9881,9873,9880,637,287859,62980190.0,OI2601
2025-09-15 10:06:00,9880,9880,9874,9874,284,287844,28079080.0,OI2601
2025-09-15 10:07:00,9874,9877,9871,9871,607,287745,60014090.0,OI2601
2025-09-15 10:08:00,9872,9875,9861,9862,2255,287026,221709200.0,OI2601
2025-09-15 10:09:00,9863,9865,9858,9859,1400,286897,138404000.0,OI2601
2025-09-15 10:10:00,9859,9864,9859,9859,1658,286584,163909880.0,OI2601
2025-09-15 10:11:00,9859,9862,9855,9856,1244,286395,122981840.0,OI2601
2025-09-15 10:12:00,9857,9857,9852,9857,1395,286240,136610080.0,OI2601
2025-09-15 10:13:00,9858,9860,9847,9850,1777,285987,175656450.0,OI2601
2025-09-15 10:14:00,9850,9851,9842,9843,1917,285524,188158890.0,OI2601
2025-09-15 10:30:00,9842,9845,9833,9835,3975,284367,391512690.0,OI2601
2025-09-15 10:31:00,9834,9835,9832,9832,2020,283898,198240090.0,OI2601
2025-09-15 10:32:00,9832,9832,9822,9826,4084,282746,402143530.0,OI2601
2025-09-15 10:33:00,9825,9837,9824,9833,2235,282156,219380650.0,OI2601
2025-09-15 10:34:00,9834,9839,9831,9832,1526,281519,149293840.0,OI2601
2025-09-15 10:35:00,9832,9833,9825,9828,1310,281367,129414900.0,OI2601
2025-09-15 10:36:00,9828,9833,9827,9833,1095,281435,108175050.0,OI2601
2025-09-15 10:37:00,9833,9841,9833,9839,915,281250,88884690.0,OI2601
2025-09-15 10:38:00,9839,9840,9836,9840,779,281307,76949620.0,OI2601
2025-09-15 10:39:00,9840,9843,9839,9840,636,281303,62824080.0,OI2601
2025-09-15 10:40:00,9841,9841,9836,9836,411,281322,40598580.0,OI2601
2025-09-15 10:41:00,9836,9838,9836,9836,331,281262,32696180.0,OI2601
2025-09-15 10:42:00,9837,9845,9834,9845,978,281122,96606840.0,OI2601
2025-09-15 10:43:00,9845,9848,9843,9846,910,281075,88341190.0,OI2601
2025-09-15 10:44:00,9846,9849,9844,9848,588,280944,58076760.0,OI2601
2025-09-15 10:45:00,9847,9852,9845,9848,864,280911,85337280.0,OI2601
2025-09-15 10:46:00,9848,9849,9843,9847,601,281027,59360770.0,OI2601
2025-09-15 10:47:00,9846,9847,9845,9847,460,281156,45434200.0,OI2601
2025-09-15 10:48:00,9846,9850,9846,9849,294,281137,29038380.0,OI2601
2025-09-15 10:49:00,9850,9857,9850,9856,1075,281070,106177750.0,OI2601
2025-09-15 10:50:00,9857,9864,9856,9861,1572,280683,155266440.0,OI2601
2025-09-15 10:51:00,9863,9863,9857,9859,748,280639,72269330.0,OI2601
2025-09-15 10:52:00,9859,9868,9859,9867,1098,280721,108438480.0,OI2601
2025-09-15 10:53:00,9866,9871,9864,9865,1945,281141,192088200.0,OI2601
2025-09-15 10:54:00,9864,9866,9861,9864,801,281148,79106760.0,OI2601
2025-09-15 10:55:00,9863,9870,9863,9870,475,281101,46911000.0,OI2601
2025-09-15 10:56:00,9869,9875,9868,9868,900,281067,88884000.0,OI2601
2025-09-15 10:57:00,9868,9873,9868,9871,671,281131,66267960.0,OI2601
2025-09-15 10:58:00,9871,9873,9870,9872,538,281210,53132880.0,OI2601
2025-09-15 10:59:00,9871,9874,9871,9873,621,281228,61329960.0,OI2601
2025-09-15 11:00:00,9874,9875,9868,9868,629,281296,62120040.0,OI2601
2025-09-15 11:01:00,9867,9867,9863,9865,910,281269,89871600.0,OI2601
2025-09-15 11:02:00,9864,9865,9861,9862,452,281241,44639520.0,OI2601
2025-09-15 11:03:00,9862,9865,9859,9861,773,281296,76341480.0,OI2601
2025-09-15 11:04:00,9861,9862,9858,9859,541,281366,53429160.0,OI2601
2025-09-15 11:05:00,9858,9859,9855,9856,784,281350,77427840.0,OI2601
2025-09-15 11:06:00,9857,9857,9853,9854,512,281347,50565120.0,OI2601
2025-09-15 11:07:00,9854,9854,9847,9848,647,281322,63897720.0,OI2601
2025-09-15 11:08:00,9848,9852,9847,9850,631,281309,62317560.0,OI2601
2025-09-15 11:09:00,9850,9854,9845,9854,580,281283,55535090.0,OI2601
2025-09-15 11:10:00,9854,9854,9851,9851,253,281345,24983750.0,OI2601
2025-09-15 11:11:00,9851,9853,9850,9852,419,281277,41376250.0,OI2601
2025-09-15 11:12:00,9852,9858,9852,9857,466,281146,46017500.0,OI2601
2025-09-15 11:13:00,9858,9858,9856,9857,238,281176,23502500.0,OI2601
2025-09-15 11:14:00,9857,9859,9855,9857,345,281120,34068750.0,OI2601
2025-09-15 11:15:00,9858,9861,9855,9858,583,281219,57571250.0,OI2601
2025-09-15 11:16:00,9858,9858,9853,9854,487,281263,48091250.0,OI2601
2025-09-15 11:17:00,9855,9859,9854,9856,688,280968,67940000.0,OI2601
2025-09-15 11:18:00,9856,9859,9856,9859,245,280960,24193750.0,OI2601
2025-09-15 11:19:00,9859,9865,9858,9865,736,280994,72680000.0,OI2601
2025-09-15 11:20:00,9865,9866,9862,9862,571,281063,56386250.0,OI2601
2025-09-15 11:21:00,9863,9867,9863,9866,505,281140,49868750.0,OI2601
2025-09-15 11:22:00,9867,9868,9862,9866,458,281145,45227500.0,OI2601
2025-09-15 11:23:00,9866,9867,9864,9867,241,281130,23798750.0,OI2601
2025-09-15 11:24:00,9866,9872,9866,9870,589,281188,58163750.0,OI2601
2025-09-15 11:25:00,9869,9872,9867,9868,473,281087,46708750.0,OI2601
2025-09-15 11:26:00,9868,9872,9868,9870,240,281022,23700000.0,OI2601
2025-09-15 11:27:00,9871,9874,9870,9873,562,281114,55497500.0,OI2601
2025-09-15 11:28:00,9873,9875,9870,9874,448,281098,44240000.0,OI2601
2025-09-15 11:29:00,9875,9885,9874,9882,1523,280938,150396250.0,OI2601
2025-09-15 13:30:00,9883,9883,9870,9871,1375,280769,135781250.0,OI2601
2025-09-15 13:31:00,9871,9872,9864,9867,1059,280617,104576250.0,OI2601
2025-09-15 13:32:00,9865,9869,9865,9868,427,280702,42166250.0,OI2601
2025-09-15 13:33:00,9867,9871,9867,9869,324,280708,31995000.0,OI2601
2025-09-15 13:34:00,9870,9871,9865,9865,467,280741,46116250.0,OI2601
2025-09-15 13:35:00,9865,9867,9864,9866,310,280755,30612500.0,OI2601
2025-09-15 13:36:00,9866,9873,9866,9873,540,280782,53325000.0,OI2601
2025-09-15 13:37:00,9873,9874,9870,9870,225,280854,22218750.0,OI2601
2025-09-15 13:38:00,9870,9871,9868,9871,297,280912,29328750.0,OI2601
2025-09-15 13:39:00,9871,9873,9871,9872,130,280925,12837500.0,OI2601
2025-09-15 13:40:00,9873,9879,9873,9878,510,281018,50362500.0,OI2601
2025-09-15 13:41:00,9878,9881,9875,9877,540,281220,53325000.0,OI2601
2025-09-15 13:42:00,9879,9880,9877,9877,391,281296,38611250.0,OI2601
2025-09-15 13:43:00,9877,9881,9877,9880,402,281434,39697500.0,OI2601
2025-09-15 13:44:00,9879,9882,9879,9881,458,281604,45227500.0,OI2601
2025-09-15 13:45:00,9882,9882,9875,9877,646,281689,63792500.0,OI2601
2025-09-15 13:46:00,9876,9877,9872,9873,600,281681,59250000.0,OI2601
2025-09-15 13:47:00,9874,9883,9874,9882,672,281735,66360000.0,OI2601
2025-09-15 13:48:00,9883,9883,9881,9882,368,281847,36340000.0,OI2601
2025-09-15 13:49:00,9882,9882,9878,9881,327,281851,32291250.0,OI2601
2025-09-15 13:50:00,9882,9882,9878,9880,243,281807,23996250.0,OI2601
2025-09-15 13:51:00,9880,9880,9878,9880,253,281834,24983750.0,OI2601
2025-09-15 13:52:00,9879,9880,9877,9880,184,281822,18170000.0,OI2601
2025-09-15 13:53:00,9880,9889,9879,9887,1124,281916,110995000.0,OI2601
2025-09-15 13:54:00,9887,9888,9884,9886,270,281938,26662500.0,OI2601
2025-09-15 13:55:00,9885,9887,9884,9884,288,281946,28440000.0,OI2601
2025-09-15 13:56:00,9885,9889,9884,9886,703,281997,69421250.0,OI2601
2025-09-15 13:57:00,9885,9891,9885,9889,520,282157,51350000.0,OI2601
2025-09-15 13:58:00,9889,9892,9889,9892,381,282199,37623750.0,OI2601
2025-09-15 13:59:00,9892,9893,9891,9891,631,282173,62311250.0,OI2601
2025-09-15 14:00:00,9891,9892,9886,9888,528,282115,52140000.0,OI2601
2025-09-15 14:01:00,9888,9891,9887,9890,241,282139,23798750.0,OI2601
2025-09-15 14:02:00,9890,9891,9888,9889,249,282124,24588750.0,OI2601
2025-09-15 14:03:00,9889,9890,9882,9884,918,282213,90652500.0,OI2601
2025-09-15 14:04:00,9884,9886,9883,9884,305,282164,30118750.0,OI2601
2025-09-15 14:05:00,9884,9887,9884,9886,283,282108,27946250.0,OI2601
2025-09-15 14:06:00,9885,9891,9885,9888,488,281976,48190000.0,OI2601
2025-09-15 14:07:00,9889,9889,9886,9888,128,282001,12640000.0,OI2601
2025-09-15 14:08:00,9887,9889,9885,9885,212,282012,20935000.0,OI2601
2025-09-15 14:09:00,9885,9888,9885,9888,247,281966,24391250.0,OI2601
2025-09-15 14:10:00,9888,9890,9887,9887,271,282003,26761250.0,OI2601
2025-09-15 14:11:00,9888,9890,9888,9888,261,282043,25773750.0,OI2601
2025-09-15 14:12:00,9888,9889,9884,9885,274,282032,27057500.0,OI2601
2025-09-15 14:13:00,9885,9887,9884,9884,295,282083,29131250.0,OI2601
2025-09-15 14:14:00,9884,9890,9884,9889,410,282044,40487500.0,OI2601
2025-09-15 14:15:00,9889,9890,9888,9889,212,282052,20935000.0,OI2601
2025-09-15 14:16:00,9890,9890,9885,9886,315,282132,31106250.0,OI2601
2025-09-15 14:17:00,9885,9889,9885,9887,252,282153,24885000.0,OI2601
2025-09-15 14:18:00,9886,9888,9886,9888,118,282135,11652500.0,OI2601
2025-09-15 14:19:00,9887,9888,9885,9887,268,282150,26465000.0,OI2601
2025-09-15 14:20:00,9887,9888,9885,9888,205,282151,20243750.0,OI2601
2025-09-15 14:21:00,9888,9889,9886,9888,244,282179,24095000.0,OI2601
2025-09-15 14:22:00,9889,9889,9887,9889,266,282182,28330460.0,OI2601
2025-09-15 14:23:00,9889,9889,9887,9888,263,282168,25973880.0,OI2601
2025-09-15 14:24:00,9889,9893,9888,9893,398,282130,39306480.0,OI2601
2025-09-15 14:25:00,9893,9895,9889,9894,733,282169,72391080.0,OI2601
2025-09-15 14:26:00,9893,9894,9891,9891,470,282203,46417200.0,OI2601
2025-09-15 14:27:00,9891,9891,9889,9889,190,282185,18764400.0,OI2601
2025-09-15 14:28:00,9889,9891,9889,9891,144,282198,14221440.0,OI2601
2025-09-15 14:29:00,9891,9891,9890,9891,155,282165,15307800.0,OI2601
2025-09-15 14:30:00,9890,9892,9889,9891,298,282105,29430480.0,OI2601
2025-09-15 14:31:00,9892,9892,9885,9886,498,282165,49182480.0,OI2601
2025-09-15 14:32:00,9888,9888,9885,9886,276,282151,27257760.0,OI2601
2025-09-15 14:33:00,9886,9892,9886,9892,434,282169,42861840.0,OI2601
2025-09-15 14:34:00,9892,9894,9892,9893,413,282160,40787880.0,OI2601
2025-09-15 14:35:00,9893,9894,9889,9890,380,282159,37528800.0,OI2601
2025-09-15 14:36:00,9891,9892,9888,9892,265,282188,26171400.0,OI2601
2025-09-15 14:37:00,9892,9894,9889,9890,289,282198,28541640.0,OI2601
2025-09-15 14:38:00,9890,9892,9890,9892,137,282171,13530120.0,OI2601
2025-09-15 14:39:00,9892,9892,9890,9891,177,282175,17480520.0,OI2601
2025-09-15 14:40:00,9891,9895,9890,9895,276,282096,27257760.0,OI2601
2025-09-15 14:41:00,9894,9895,9891,9892,405,282064,39997800.0,OI2601
2025-09-15 14:42:00,9892,9894,9891,9891,394,282053,38911440.0,OI2601
2025-09-15 14:43:00,9890,9892,9890,9892,206,281971,20344560.0,OI2601
2025-09-15 14:44:00,9892,9904,9892,9903,2634,282491,260133840.0,OI2601
2025-09-15 14:45:00,9903,9904,9897,9901,996,282556,98364960.0,OI2601
2025-09-15 14:46:00,9900,9902,9899,9900,457,282552,45133320.0,OI2601
2025-09-15 14:47:00,9900,9902,9899,9901,503,282635,51853150.0,OI2601
2025-09-15 14:48:00,9901,9904,9899,9903,584,282623,57681680.0,OI2601
2025-09-15 14:49:00,9902,9904,9891,9893,923,282547,91164710.0,OI2601
2025-09-15 14:50:00,9893,9894,9891,9892,560,282559,55311200.0,OI2601
2025-09-15 14:51:00,9891,9896,9890,9894,573,282426,56595210.0,OI2601
2025-09-15 14:52:00,9894,9898,9894,9898,362,282358,35754740.0,OI2601
2025-09-15 14:53:00,9897,9897,9895,9895,227,282371,22420790.0,OI2601
2025-09-15 14:54:00,9895,9896,9894,9894,254,282393,25087580.0,OI2601
2025-09-15 14:55:00,9894,9896,9892,9894,599,282360,59163230.0,OI2601
2025-09-15 14:56:00,9895,9898,9894,9897,536,282295,52940720.0,OI2601
2025-09-15 14:57:00,9897,9898,9896,9897,519,282192,51261630.0,OI2601
2025-09-15 14:58:00,9898,9899,9896,9897,557,282046,55014890.0,OI2601
2025-09-15 14:59:00,9897,9902,9897,9900,1211,281637,119610470.0,OI2601
2025-09-15 21:00:00,9918,9918,9903,9907,5900,282489,584749000.0,OI2601
2025-09-15 21:01:00,9907,9914,9906,9913,2503,282872,248072330.0,OI2601
2025-09-15 21:02:00,9913,9919,9911,9918,2375,283476,235494030.0,OI2601
2025-09-15 21:03:00,9918,9921,9907,9911,2811,283945,278626320.0,OI2601
2025-09-15 21:04:00,9911,9916,9911,9915,1390,283986,137926590.0,OI2601
2025-09-15 21:05:00,9916,9920,9913,9913,1372,284192,136006360.0,OI2601
2025-09-15 21:06:00,9913,9916,9908,9912,1719,284358,170404470.0,OI2601
2025-09-15 21:07:00,9913,9918,9911,9915,950,284468,94173500.0,OI2601
2025-09-15 21:08:00,9916,9917,9912,9917,682,284500,67606660.0,OI2601
2025-09-15 21:09:00,9917,9917,9914,9914,666,284566,66020580.0,OI2601
2025-09-15 21:10:00,9915,9926,9915,9924,2075,285025,205919180.0,OI2601
2025-09-15 21:11:00,9924,9926,9923,9925,1065,285214,105584100.0,OI2601
2025-09-15 21:12:00,9925,9927,9923,9925,1017,285518,101070630.0,OI2601
2025-09-15 21:13:00,9926,9928,9924,9927,886,285897,87846900.0,OI2601
2025-09-15 21:14:00,9927,9929,9923,9927,996,286206,99017470.0,OI2601
2025-09-15 21:15:00,9927,9944,9927,9944,6432,289256,638782290.0,OI2601
2025-09-15 21:16:00,9944,9945,9941,9941,1599,289427,158949190.0,OI2601
2025-09-15 21:17:00,9941,9941,9934,9934,2263,289505,224856610.0,OI2601
2025-09-15 21:18:00,9935,9937,9934,9935,592,289647,59105250.0,OI2601
2025-09-15 21:19:00,9936,9938,9930,9932,977,289659,96937940.0,OI2601
2025-09-15 21:20:00,9932,9940,9932,9940,962,289617,95449640.0,OI2601
2025-09-15 21:21:00,9939,9940,9935,9936,899,289877,89600090.0,OI2601
2025-09-15 21:22:00,9936,9939,9934,9938,850,289844,84345500.0,OI2601
2025-09-15 21:23:00,9937,9939,9935,9938,525,289881,52095750.0,OI2601
2025-09-15 21:24:00,9937,9937,9930,9932,947,289960,93970810.0,OI2601
2025-09-15 21:25:00,9932,9934,9931,9932,432,289979,42867360.0,OI2601
2025-09-15 21:26:00,9933,9937,9932,9935,681,290023,68011290.0,OI2601
2025-09-15 21:27:00,9935,9939,9935,9936,426,290126,42276240.0,OI2601
2025-09-15 21:28:00,9936,9937,9934,9936,431,290180,42772440.0,OI2601
2025-09-15 21:29:00,9936,9936,9932,9933,954,290096,94674960.0,OI2601
2025-09-15 21:30:00,9933,9938,9932,9937,1146,290264,113729040.0,OI2601
2025-09-15 21:31:00,9937,9944,9937,9941,1718,290756,170976730.0,OI2601
2025-09-15 21:32:00,9942,9943,9938,9939,920,291024,91310000.0,OI2601
2025-09-15 21:33:00,9939,9943,9939,9942,609,291110,60443250.0,OI2601
2025-09-15 21:34:00,9942,9943,9940,9940,462,291186,46355820.0,OI2601
2025-09-15 21:35:00,9940,9940,9930,9932,1326,290990,131618760.0,OI2601
2025-09-15 21:36:00,9932,9936,9932,9935,517,291019,51317420.0,OI2601
2025-09-15 21:37:00,9936,9937,9930,9933,744,291236,73849440.0,OI2601
2025-09-15 21:38:00,9932,9934,9929,9934,1820,291299,180653200.0,OI2601
2025-09-15 21:39:00,9935,9935,9931,9933,469,291361,46552940.0,OI2601
2025-09-15 21:40:00,9932,9941,9932,9938,685,291411,67993100.0,OI2601
2025-09-15 21:41:00,9938,9938,9933,9936,396,291456,39306960.0,OI2601
2025-09-15 21:42:00,9936,9937,9932,9934,319,291481,31663940.0,OI2601
2025-09-15 21:43:00,9934,9935,9931,9934,349,291479,34641740.0,OI2601
2025-09-15 21:44:00,9934,9935,9934,9934,388,291527,39085330.0,OI2601
2025-09-15 21:45:00,9934,9942,9934,9941,919,291716,91229130.0,OI2601
2025-09-15 21:46:00,9940,9946,9940,9944,1294,291890,128455380.0,OI2601
2025-09-15 21:47:00,9945,9945,9941,9943,864,292138,85769280.0,OI2601
2025-09-15 21:48:00,9943,9944,9939,9940,519,292377,51521130.0,OI2601
2025-09-15 21:49:00,9940,9941,9936,9937,715,292565,71593610.0,OI2601
2025-09-15 21:50:00,9938,9941,9936,9937,595,292686,59071600.0,OI2601
2025-09-15 21:51:00,9937,9938,9935,9936,412,292654,40903360.0,OI2601
2025-09-15 21:52:00,9935,9937,9932,9933,707,292542,70190960.0,OI2601
2025-09-15 21:53:00,9933,9935,9932,9933,411,292613,40804080.0,OI2601
2025-09-15 21:54:00,9933,9935,9933,9934,258,292600,25614240.0,OI2601
2025-09-15 21:55:00,9934,9936,9933,9934,307,292551,30478960.0,OI2601
2025-09-15 21:56:00,9933,9933,9930,9931,592,292578,58773760.0,OI2601
2025-09-15 21:57:00,9931,9932,9926,9926,1040,292395,103251200.0,OI2601
2025-09-15 21:58:00,9926,9926,9922,9923,1087,292271,107917360.0,OI2601
2025-09-15 21:59:00,9924,9924,9920,9922,1249,292061,124000720.0,OI2601
2025-09-15 22:00:00,9922,9925,9921,9924,603,292073,59865840.0,OI2601
2025-09-15 22:01:00,9924,9924,9920,9921,642,292091,63737760.0,OI2601
2025-09-15 22:02:00,9921,9925,9921,9925,588,292082,58376640.0,OI2601
2025-09-15 22:03:00,9925,9930,9925,9929,490,291998,48647200.0,OI2601
2025-09-15 22:04:00,9929,9934,9927,9933,544,292063,54008320.0,OI2601
2025-09-15 22:05:00,9933,9937,9931,9935,890,292217,88359200.0,OI2601
2025-09-15 22:06:00,9935,9935,9930,9930,375,292281,37230000.0,OI2601
2025-09-15 22:07:00,9931,9933,9930,9931,353,292262,35045840.0,OI2601
2025-09-15 22:08:00,9932,9934,9931,9933,352,292320,34946560.0,OI2601
2025-09-15 22:09:00,9934,9935,9931,9931,344,292367,34152320.0,OI2601
2025-09-15 22:10:00,9931,9932,9931,9931,388,292456,38520640.0,OI2601
2025-09-15 22:11:00,9932,9933,9931,9932,355,292470,35244400.0,OI2601
2025-09-15 22:12:00,9931,9933,9929,9930,533,292553,52916240.0,OI2601
2025-09-15 22:13:00,9931,9932,9929,9929,406,292598,40307680.0,OI2601
2025-09-15 22:14:00,9929,9932,9927,9932,470,292587,46661600.0,OI2601
2025-09-15 22:15:00,9932,9938,9932,9938,610,292584,60560800.0,OI2601
2025-09-15 22:16:00,9939,9942,9938,9938,1511,292882,150012080.0,OI2601
2025-09-15 22:17:00,9938,9944,9936,9939,1214,293345,120525920.0,OI2601
2025-09-15 22:18:00,9939,9940,9938,9939,475,293481,47158000.0,OI2601
2025-09-15 22:19:00,9939,9943,9939,9943,1017,293777,101771500.0,OI2601
2025-09-15 22:20:00,9943,9944,9939,9941,494,293786,49049260.0,OI2601
2025-09-15 22:21:00,9941,9943,9938,9939,848,293961,84197920.0,OI2601
2025-09-15 22:22:00,9940,9941,9938,9938,333,294020,33063570.0,OI2601
2025-09-15 22:23:00,9939,9945,9938,9945,623,294108,61857670.0,OI2601
2025-09-15 22:24:00,9944,9944,9942,9943,423,294206,41999670.0,OI2601
2025-09-15 22:25:00,9943,9949,9942,9945,1281,294291,127190490.0,OI2601
2025-09-15 22:26:00,9945,9945,9941,9945,672,294493,66722880.0,OI2601
2025-09-15 22:27:00,9945,9945,9943,9943,264,294472,26212560.0,OI2601
2025-09-15 22:28:00,9944,9947,9943,9943,709,294565,71256820.0,OI2601
2025-09-15 22:29:00,9943,9945,9943,9944,332,294616,32967600.0,OI2601
2025-09-15 22:30:00,9944,9960,9944,9958,5021,296401,499499040.0,OI2601
2025-09-15 22:31:00,9957,9965,9957,9961,3000,297569,298873740.0,OI2601
2025-09-15 22:32:00,9962,9964,9960,9960,1051,297735,104385320.0,OI2601
2025-09-15 22:33:00,9960,9960,9956,9958,1021,297714,102370180.0,OI2601
2025-09-15 22:34:00,9957,9964,9955,9958,2847,298742,282792510.0,OI2601
2025-09-15 22:35:00,9958,9960,9958,9959,583,298882,57909390.0,OI2601
2025-09-15 22:36:00,9959,9962,9957,9957,1095,299268,109776060.0,OI2601
2025-09-15 22:37:00,9957,9958,9949,9951,1402,299238,139274680.0,OI2601
2025-09-15 22:38:00,9951,9951,9948,9949,752,299381,74703680.0,OI2601
2025-09-15 22:39:00,9949,9951,9948,9949,689,299436,68445260.0,OI2601
2025-09-15 22:40:00,9950,9950,9946,9948,593,299477,58908620.0,OI2601
2025-09-15 22:41:00,9948,9950,9946,9949,478,299438,47484520.0,OI2601
2025-09-15 22:42:00,9950,9950,9948,9949,342,299542,33974280.0,OI2601
2025-09-15 22:43:00,9950,9951,9948,9950,317,299537,31490780.0,OI2601
2025-09-15 22:44:00,9949,9949,9944,9947,966,299322,97027540.0,OI2601
2025-09-15 22:45:00,9947,9952,9947,9951,548,299358,54443800.0,OI2601
2025-09-15 22:46:00,9950,9952,9950,9951,436,299493,43316600.0,OI2601
2025-09-15 22:47:00,9951,9955,9950,9955,698,299361,69346300.0,OI2601
2025-09-15 22:48:00,9955,9958,9953,9958,602,299403,59808700.0,OI2601
2025-09-15 22:49:00,9958,9958,9951,9955,706,299521,70141100.0,OI2601
2025-09-15 22:50:00,9955,9955,9945,9945,1112,299648,110477200.0,OI2601
2025-09-15 22:51:00,9946,9946,9941,9943,799,299505,79380650.0,OI2601
2025-09-15 22:52:00,9944,9945,9943,9943,270,299473,26824500.0,OI2601
2025-09-15 22:53:00,9943,9948,9942,9946,554,299434,55039900.0,OI2601
2025-09-15 22:54:00,9946,9946,9942,9942,374,299436,37156900.0,OI2601
2025-09-15 22:55:00,9943,9945,9940,9945,558,299183,55437300.0,OI2601
2025-09-15 22:56:00,9944,9948,9944,9946,463,299092,45999050.0,OI2601
2025-09-15 22:57:00,9947,9947,9943,9946,288,299048,28612800.0,OI2601
2025-09-15 22:58:00,9946,9948,9944,9947,541,298814,53748350.0,OI2601
2025-09-15 22:59:00,9946,9950,9945,9947,1037,298627,104180910.0,OI2601
2025-09-16 09:00:00,9950,9959,9945,9958,4584,300080,455466240.0,OI2601
2025-09-16 09:01:00,9958,9970,9957,9964,3025,300251,301795050.0,OI2601
2025-09-16 09:02:00,9964,9965,9947,9953,2075,300379,206192750.0,OI2601
2025-09-16 09:03:00,9953,9956,9950,9955,965,300425,95892050.0,OI2601
2025-09-16 09:04:00,9955,9960,9951,9955,921,300286,91519770.0,OI2601
2025-09-16 09:05:00,9956,9956,9950,9952,913,300306,92004600.0,OI2601
2025-09-16 09:06:00,9952,9954,9951,9953,723,300214,71851740.0,OI2601
2025-09-16 09:07:00,9952,9960,9952,9960,686,300231,68174680.0,OI2601
2025-09-16 09:08:00,9960,9965,9960,9964,874,300483,86858120.0,OI2601
2025-09-16 09:09:00,9964,9970,9964,9965,1069,300676,106237220.0,OI2601
2025-09-16 09:10:00,9964,9974,9963,9973,1942,300963,194328690.0,OI2601
2025-09-16 09:11:00,9974,9974,9964,9965,1425,301179,141630750.0,OI2601
2025-09-16 09:12:00,9965,9966,9962,9965,710,301283,70566900.0,OI2601
2025-09-16 09:13:00,9964,9969,9963,9967,649,301372,64504110.0,OI2601
2025-09-16 09:14:00,9966,9972,9960,9962,1583,301847,157334370.0,OI2601
2025-09-16 09:15:00,9962,9972,9961,9971,1486,302238,149084800.0,OI2601
2025-09-16 09:16:00,9971,9971,9956,9956,1627,302487,161723800.0,OI2601
2025-09-16 09:17:00,9957,9962,9957,9958,699,302569,69480600.0,OI2601
2025-09-16 09:18:00,9958,9961,9957,9960,431,302601,42841400.0,OI2601
2025-09-16 09:19:00,9959,9959,9951,9953,1273,302477,126536200.0,OI2601
2025-09-16 09:20:00,9953,9955,9948,9950,741,302454,73655400.0,OI2601
2025-09-16 09:21:00,9949,9954,9947,9953,866,302544,86080400.0,OI2601
2025-09-16 09:22:00,9953,9956,9950,9955,481,302624,47811400.0,OI2601
2025-09-16 09:23:00,9955,9958,9953,9955,590,302822,60104340.0,OI2601
2025-09-16 09:24:00,9955,9961,9952,9960,723,302907,71873430.0,OI2601
2025-09-16 09:25:00,9961,9966,9960,9964,1770,303666,175955700.0,OI2601
2025-09-16 09:26:00,9964,9966,9957,9958,1249,304034,124163090.0,OI2601
2025-09-16 09:27:00,9957,9960,9956,9958,552,304122,54874320.0,OI2601
2025-09-16 09:28:00,9958,9962,9956,9961,694,304308,68990540.0,OI2601
2025-09-16 09:29:00,9961,9966,9961,9963,546,304306,54277860.0,OI2601
2025-09-16 09:30:00,9963,9971,9960,9970,1339,304615,133109990.0,OI2601
2025-09-16 09:31:00,9970,9973,9969,9971,1503,305170,150955330.0,OI2601
2025-09-16 09:32:00,9971,9981,9970,9979,2552,305766,253719840.0,OI2601
2025-09-16 09:33:00,9978,9980,9976,9980,982,306038,99207880.0,OI2601
2025-09-16 09:34:00,9979,9982,9979,9981,909,306312,90381870.0,OI2601
2025-09-16 09:35:00,9982,9985,9981,9983,1279,306658,127170970.0,OI2601
2025-09-16 09:36:00,9983,9991,9981,9990,2539,307350,254077480.0,OI2601
2025-09-16 09:37:00,9991,9994,9987,9993,1554,308008,154529760.0,OI2601
2025-09-16 09:38:00,9993,9996,9990,9992,1612,308448,161953650.0,OI2601
2025-09-16 09:39:00,9992,9992,9985,9989,1793,308453,178313850.0,OI2601
2025-09-16 09:40:00,9989,9992,9986,9987,792,308578,78764400.0,OI2601
2025-09-16 09:41:00,9988,9989,9985,9985,656,308743,66927980.0,OI2601
2025-09-16 09:42:00,9986,9986,9978,9979,1552,308767,154361920.0,OI2601
2025-09-16 09:43:00,9980,9983,9979,9981,833,308863,82850180.0,OI2601
2025-09-16 09:44:00,9982,9982,9975,9978,1025,308636,101946500.0,OI2601
2025-09-16 09:45:00,9978,9985,9978,9985,848,308733,84342080.0,OI2601
2025-09-16 09:46:00,9985,9988,9985,9987,520,308943,53455760.0,OI2601
2025-09-16 09:47:00,9987,9989,9985,9985,698,309159,69430060.0,OI2601
2025-09-16 09:48:00,9986,9986,9982,9982,402,309242,39986940.0,OI2601
2025-09-16 09:49:00,9983,9985,9980,9981,494,309409,49138180.0,OI2601
2025-09-16 09:50:00,9983,9985,9981,9985,332,309489,33024040.0,OI2601
2025-09-16 09:51:00,9985,9989,9982,9989,633,309730,62964510.0,OI2601
2025-09-16 09:52:00,9989,9995,9989,9991,915,309840,91015050.0,OI2601
2025-09-16 09:53:00,9991,9995,9990,9993,806,310034,81952180.0,OI2601
2025-09-16 09:54:00,9993,9995,9989,9990,1094,310563,108831120.0,OI2601
2025-09-16 09:55:00,9991,9994,9989,9994,522,310684,51928560.0,OI2601
2025-09-16 09:56:00,9995,9997,9993,9997,1110,310946,110422800.0,OI2601
2025-09-16 09:57:00,9997,10000,9993,9998,2545,312177,255008670.0,OI2601
2025-09-16 09:58:00,9997,10000,9995,9996,2739,313167,274362570.0,OI2601
2025-09-16 09:59:00,9996,10005,9996,10005,2891,314037,287654500.0,OI2601
2025-09-16 10:00:00,10006,10013,10006,10012,3595,314971,361551140.0,OI2601
2025-09-16 10:01:00,10011,10016,10011,10014,2435,315648,242331200.0,OI2601
2025-09-16 10:02:00,10014,10018,10008,10012,2488,316536,249579310.0,OI2601
2025-09-16 10:03:00,10011,10011,9998,10000,2512,316711,252018030.0,OI2601
2025-09-16 10:04:00,10000,10001,9994,9996,1095,316642,108996300.0,OI2601
2025-09-16 10:05:00,9995,10007,9995,10005,1355,316787,134876700.0,OI2601
2025-09-16 10:06:00,10006,10008,10002,10006,809,317108,80527860.0,OI2601
2025-09-16 10:07:00,10006,10011,10005,10010,881,317262,89734810.0,OI2601
2025-09-16 10:08:00,10010,10010,10005,10007,548,317381,54553400.0,OI2601
2025-09-16 10:09:00,10007,10008,10000,10000,585,317443,58236750.0,OI2601
2025-09-16 10:10:00,10001,10001,9991,9993,1652,317196,164456600.0,OI2601
2025-09-16 10:11:00,9993,9993,9988,9989,1573,316835,158675800.0,OI2601
2025-09-16 10:12:00,9990,9993,9988,9990,978,316797,97369680.0,OI2601
2025-09-16 10:13:00,9989,9989,9982,9989,1198,316738,119272880.0,OI2601
2025-09-16 10:14:00,9988,9992,9988,9990,674,316724,67103440.0,OI2601
2025-09-16 10:30:00,9986,9994,9984,9987,1590,316622,158300400.0,OI2601
2025-09-16 10:31:00,9986,9986,9972,9974,2772,316061,275980320.0,OI2601
2025-09-16 10:32:00,9973,9973,9961,9967,2134,315652,214638150.0,OI2601
2025-09-16 10:33:00,9968,9969,9963,9963,987,315405,98275590.0,OI2601
2025-09-16 10:34:00,9963,9972,9962,9972,1474,315455,146766180.0,OI2601
2025-09-16 10:35:00,9972,9977,9972,9975,1311,315710,130536270.0,OI2601
2025-09-16 10:36:00,9973,9975,9969,9971,635,315774,63226950.0,OI2601
2025-09-16 10:37:00,9970,9974,9969,9973,558,315744,55560060.0,OI2601
2025-09-16 10:38:00,9972,9974,9969,9974,546,315787,54365220.0,OI2601
2025-09-16 10:39:00,9975,9980,9972,9980,1009,315800,100466130.0,OI2601
2025-09-16 10:40:00,9980,9981,9977,9979,577,315866,57451890.0,OI2601
2025-09-16 10:41:00,9980,9983,9977,9981,757,315978,75374490.0,OI2601
2025-09-16 10:42:00,9980,9984,9980,9981,426,316124,42416820.0,OI2601
2025-09-16 10:43:00,9981,9987,9981,9983,654,316154,65118780.0,OI2601
2025-09-16 10:44:00,9983,9985,9979,9981,754,316424,75075780.0,OI2601
2025-09-16 10:45:00,9981,9982,9974,9974,543,316505,54066510.0,OI2601
2025-09-16 10:46:00,9975,9978,9973,9978,680,316547,67707600.0,OI2601
2025-09-16 10:47:00,9977,9985,9977,9984,524,316630,54466140.0,OI2601
2025-09-16 10:48:00,9984,9993,9984,9992,1454,316876,144789320.0,OI2601
2025-09-16 10:49:00,9992,9993,9991,9991,741,317107,73788780.0,OI2601
2025-09-16 10:50:00,9991,9991,9988,9991,490,317198,48794200.0,OI2601
2025-09-16 10:51:00,9991,9993,9990,9990,502,317340,49989160.0,OI2601
2025-09-16 10:52:00,9991,9992,9989,9989,361,317508,35948380.0,OI2601
2025-09-16 10:53:00,9990,9992,9990,9991,393,317689,39134940.0,OI2601
2025-09-16 10:54:00,9992,9995,9990,9992,774,318057,77074920.0,OI2601
2025-09-16 10:55:00,9993,9993,9988,9990,520,318283,51781600.0,OI2601
2025-09-16 10:56:00,9990,9992,9990,9991,307,318317,30571060.0,OI2601
2025-09-16 10:57:00,9991,9992,9985,9986,521,318405,51881180.0,OI2601
2025-09-16 10:58:00,9985,9988,9985,9986,351,318453,34952580.0,OI2601
2025-09-16 10:59:00,9985,9986,9983,9985,418,318404,41624440.0,OI2601
2025-09-16 11:00:00,9985,9988,9982,9988,785,318605,80537930.0,OI2601
2025-09-16 11:01:00,9988,9994,9988,9992,537,318706,53479830.0,OI2601
2025-09-16 11:02:00,9991,9994,9989,9990,643,318864,64036370.0,OI2601
2025-09-16 11:03:00,9992,9993,9989,9992,392,318966,39039280.0,OI2601
2025-09-16 11:04:00,9992,9994,9990,9994,292,319033,29080280.0,OI2601
2025-09-16 11:05:00,9994,9994,9990,9991,485,319172,48301150.0,OI2601
2025-09-16 11:06:00,9990,9994,9990,9991,390,319253,38840100.0,OI2601
2025-09-16 11:07:00,9992,9995,9988,9990,617,319424,61447030.0,OI2601
2025-09-16 11:08:00,9990,9992,9988,9989,306,319452,30474540.0,OI2601
2025-09-16 11:09:00,9990,9991,9989,9990,203,319469,20216770.0,OI2601
2025-09-16 11:10:00,9989,9990,9985,9989,340,319428,33860600.0,OI2601
2025-09-16 11:11:00,9989,9992,9986,9987,467,319463,46508530.0,OI2601
2025-09-16 11:12:00,9987,9993,9987,9993,280,319553,27885200.0,OI2601
2025-09-16 11:13:00,9992,9993,9990,9992,294,319560,29279460.0,OI2601
2025-09-16 11:14:00,9993,9994,9991,9992,262,319616,26092580.0,OI2601
2025-09-16 11:15:00,9993,9994,9991,9993,348,319746,34657320.0,OI2601
2025-09-16 11:16:00,9993,9995,9992,9992,407,319888,40533130.0,OI2601
2025-09-16 11:17:00,9993,9993,9988,9991,659,320018,65629810.0,OI2601
2025-09-16 11:18:00,9992,9992,9988,9989,303,320078,30175770.0,OI2601
2025-09-16 11:19:00,9989,9991,9988,9989,235,320109,25845880.0,OI2601
2025-09-16 11:20:00,9990,9995,9989,9992,442,320125,44023200.0,OI2601
2025-09-16 11:21:00,9993,9994,9992,9994,214,320155,21314400.0,OI2601
2025-09-16 11:22:00,9994,9997,9991,9992,671,320265,66831600.0,OI2601
2025-09-16 11:23:00,9992,9995,9992,9994,352,320396,35059200.0,OI2601
2025-09-16 11:24:00,9995,9995,9992,9992,143,320416,14242800.0,OI2601
2025-09-16 11:25:00,9994,9997,9993,9997,263,320437,26194800.0,OI2601
2025-09-16 11:26:00,9998,10002,9996,10002,1824,321296,181670400.0,OI2601
2025-09-16 11:27:00,10001,10005,10000,10005,1315,321686,130974000.0,OI2601
2025-09-16 11:28:00,10005,10005,10001,10004,548,321745,54580800.0,OI2601
2025-09-16 11:29:00,10005,10005,10002,10004,736,321762,75812910.0,OI2601
2025-09-16 13:30:00,10007,10012,9999,10004,2911,322068,289964710.0,OI2601
2025-09-16 13:31:00,10005,10007,9999,10002,1220,322184,121524200.0,OI2601
2025-09-16 13:32:00,10001,10003,9999,10001,1454,322560,144832940.0,OI2601
2025-09-16 13:33:00,10000,10002,10000,10001,544,322687,56756440.0,OI2601
2025-09-16 13:34:00,10001,10006,10001,10005,797,322935,79397140.0,OI2601
2025-09-16 13:35:00,10005,10008,10005,10007,577,323099,57480740.0,OI2601
2025-09-16 13:36:00,10007,10007,10004,10006,432,323187,43035840.0,OI2601
2025-09-16 13:37:00,10006,10006,10003,10003,448,323260,44629760.0,OI2601
2025-09-16 13:38:00,10004,10006,10003,10003,448,323278,44629760.0,OI2601
2025-09-16 13:39:00,10004,10005,10003,10004,118,323285,11755160.0,OI2601
2025-09-16 13:40:00,10004,10006,10000,10001,702,323236,69933240.0,OI2601
2025-09-16 13:41:00,10000,10006,10000,10006,753,323431,75013860.0,OI2601
2025-09-16 13:42:00,10008,10008,10006,10008,403,323589,40146860.0,OI2601
2025-09-16 13:43:00,10007,10008,10002,10003,551,323656,54890620.0,OI2601
2025-09-16 13:44:00,10003,10004,10001,10001,401,323622,39947620.0,OI2601
2025-09-16 13:45:00,10003,10003,9998,10000,717,323651,74059610.0,OI2601
2025-09-16 13:46:00,9999,10000,9998,10000,579,323670,57685770.0,OI2601
2025-09-16 13:47:00,10000,10000,9996,9997,763,323625,76017690.0,OI2601
2025-09-16 13:48:00,9996,9997,9993,9997,919,323649,91559970.0,OI2601
2025-09-16 13:49:00,9997,10003,9996,10002,636,323788,63364680.0,OI2601
2025-09-16 13:50:00,10002,10011,10002,10010,1546,324140,154027980.0,OI2601
2025-09-16 13:51:00,10009,10017,10009,10014,2584,324655,260146260.0,OI2601
2025-09-16 13:52:00,10015,10023,10012,10020,3097,325386,308585080.0,OI2601
2025-09-16 13:53:00,10021,10021,10017,10018,957,325636,98098360.0,OI2601
2025-09-16 13:54:00,10017,10018,10013,10016,539,325630,53711350.0,OI2601
2025-09-16 13:55:00,10016,10022,10015,10021,1029,325900,102539850.0,OI2601
2025-09-16 13:56:00,10020,10027,10019,10024,1889,326179,188238850.0,OI2601
2025-09-16 13:57:00,10024,10025,10023,10023,474,326260,47234100.0,OI2601
2025-09-16 13:58:00,10023,10028,10023,10024,1013,326736,103737770.0,OI2601
2025-09-16 13:59:00,10024,10025,10022,10022,524,326748,52221840.0,OI2601
2025-09-16 14:00:00,10022,10027,10022,10024,1031,327016,102749460.0,OI2601
2025-09-16 14:01:00,10024,10026,10022,10023,585,327050,58301100.0,OI2601
2025-09-16 14:02:00,10023,10023,10018,10020,877,326953,87401820.0,OI2601
2025-09-16 14:03:00,10020,10021,10017,10019,590,326841,58799400.0,OI2601
2025-09-16 14:04:00,10018,10021,10016,10017,656,326740,65376960.0,OI2601
2025-09-16 14:05:00,10017,10018,10014,10016,778,326789,80378210.0,OI2601
2025-09-16 14:06:00,10017,10018,10015,10016,329,326840,32791430.0,OI2601
2025-09-16 14:07:00,10017,10022,10016,10017,692,326923,68971640.0,OI2601
2025-09-16 14:08:00,10018,10022,10017,10021,704,326915,70167680.0,OI2601
2025-09-16 14:09:00,10021,10021,10016,10018,488,326934,48638960.0,OI2601
2025-09-16 14:10:00,10018,10020,10017,10018,413,326985,41163710.0,OI2601
2025-09-16 14:11:00,10018,10023,10018,10022,664,327148,66180880.0,OI2601
2025-09-16 14:12:00,10021,10022,10019,10021,600,327268,59802000.0,OI2601
2025-09-16 14:13:00,10021,10023,10017,10023,747,327286,74453490.0,OI2601
2025-09-16 14:14:00,10023,10032,10021,10030,2848,328213,286777740.0,OI2601
2025-09-16 14:15:00,10030,10032,10028,10030,2139,328574,213215520.0,OI2601
2025-09-16 14:16:00,10029,10031,10028,10030,1098,328709,112398590.0,OI2601
2025-09-16 14:17:00,10029,10032,10029,10030,1028,328989,102481320.0,OI2601
2025-09-16 14:18:00,10030,10031,10027,10029,752,329161,74966880.0,OI2601
2025-09-16 14:19:00,10029,10034,10028,10030,884,329335,88125960.0,OI2601
2025-09-16 14:20:00,10030,10030,10027,10029,640,329472,63801600.0,OI2601
2025-09-16 14:21:00,10029,10032,10027,10032,528,329558,52636320.0,OI2601
2025-09-16 14:22:00,10033,10033,10026,10027,690,329464,71781270.0,OI2601
2025-09-16 14:23:00,10026,10030,10025,10029,444,329446,44266800.0,OI2601
2025-09-16 14:24:00,10029,10032,10028,10030,474,329483,47257800.0,OI2601
2025-09-16 14:25:00,10030,10031,10025,10027,698,329526,69590600.0,OI2601
2025-09-16 14:26:00,10027,10027,10024,10025,807,329504,80457900.0,OI2601
2025-09-16 14:27:00,10025,10028,10024,10025,355,329509,35393500.0,OI2601
2025-09-16 14:28:00,10026,10029,10025,10027,429,329516,42771300.0,OI2601
2025-09-16 14:29:00,10027,10028,10026,10027,554,329413,55233800.0,OI2601
2025-09-16 14:30:00,10027,10028,10024,10027,632,329319,63010400.0,OI2601
2025-09-16 14:31:00,10027,10039,10024,10037,2355,329583,237856150.0,OI2601
2025-09-16 14:32:00,10037,10041,10037,10040,2129,330336,212282590.0,OI2601
2025-09-16 14:33:00,10040,10043,10035,10035,2280,330534,230445540.0,OI2601
2025-09-16 14:34:00,10035,10037,10033,10034,1068,330522,106500960.0,OI2601
2025-09-16 14:35:00,10033,10045,10033,10043,1924,330889,194997940.0,OI2601
2025-09-16 14:36:00,10043,10046,10042,10043,1421,331458,141716330.0,OI2601
2025-09-16 14:37:00,10043,10046,10042,10045,1202,331759,119875460.0,OI2601
2025-09-16 14:38:00,10046,10048,10043,10046,1052,332111,104915960.0,OI2601
2025-09-16 14:39:00,10046,10056,10044,10054,2943,333163,296708230.0,OI2601
2025-09-16 14:40:00,10054,10054,10050,10050,1217,333492,121383580.0,OI2601
2025-09-16 14:41:00,10051,10052,10049,10052,908,333631,93788010.0,OI2601
2025-09-16 14:42:00,10052,10060,10052,10060,2216,334460,221046000.0,OI2601
2025-09-16 14:43:00,10059,10062,10059,10059,3314,335435,333850890.0,OI2601
2025-09-16 14:44:00,10060,10060,10051,10058,3260,335752,328529590.0,OI2601
2025-09-16 14:45:00,10058,10059,10052,10053,1482,336047,147859140.0,OI2601
2025-09-16 14:46:00,10053,10054,10047,10048,1644,336023,164021880.0,OI2601
2025-09-16 14:47:00,10048,10050,10043,10050,2756,335230,278336930.0,OI2601
2025-09-16 14:48:00,10050,10052,10047,10048,786,335202,78427080.0,OI2601
2025-09-16 14:49:00,10049,10049,10047,10049,532,335160,53082960.0,OI2601
2025-09-16 14:50:00,10048,10050,10045,10046,750,335051,74835000.0,OI2601
2025-09-16 14:51:00,10045,10053,10045,10053,1293,334990,132419960.0,OI2601
2025-09-16 14:52:00,10053,10056,10051,10056,1511,335226,150782690.0,OI2601
2025-09-16 14:53:00,10056,10057,10052,10052,623,335177,62169170.0,OI2601
2025-09-16 14:54:00,10052,10053,10049,10050,651,334980,64963290.0,OI2601
2025-09-16 14:55:00,10049,10051,10047,10050,1097,334653,112912870.0,OI2601
2025-09-16 14:56:00,10050,10051,10047,10051,1244,334488,124151200.0,OI2601
2025-09-16 14:57:00,10052,10054,10049,10051,1357,334231,135428600.0,OI2601
2025-09-16 14:58:00,10052,10052,10049,10051,1059,333846,105688200.0,OI2601
2025-09-16 14:59:00,10050,10056,10049,10053,2666,333040,269573300.0,OI2601
2025-09-16 21:00:00,10065,10089,10065,10087,10022,335177,1010017160.0,OI2601
2025-09-16 21:01:00,10086,10095,10083,10087,5395,336175,544324780.0,OI2601
2025-09-16 21:02:00,10087,10089,10084,10084,2612,336847,263341840.0,OI2601
2025-09-16 21:03:00,10084,10087,10083,10084,1224,337138,123596210.0,OI2601
2025-09-16 21:04:00,10084,10092,10083,10091,1417,337570,142876110.0,OI2601
2025-09-16 21:05:00,10092,10104,10090,10103,4792,339345,483941220.0,OI2601
2025-09-16 21:06:00,10104,10104,10097,10102,2524,340071,254850500.0,OI2601
2025-09-16 21:07:00,10103,10110,10102,10110,2858,340717,288903340.0,OI2601
2025-09-16 21:08:00,10110,10111,10101,10102,3005,341062,303512940.0,OI2601
2025-09-16 21:09:00,10101,10103,10098,10099,1492,341336,150896210.0,OI2601
2025-09-16 21:10:00,10099,10099,10091,10091,2397,341311,241881270.0,OI2601
2025-09-16 21:11:00,10092,10095,10091,10091,1631,341500,164584210.0,OI2601
2025-09-16 21:12:00,10091,10091,10081,10086,3961,340617,399704510.0,OI2601
2025-09-16 21:13:00,10085,10087,10080,10082,2045,340352,205907200.0,OI2601
2025-09-16 21:14:00,10082,10086,10080,10084,2177,340409,219659300.0,OI2601
2025-09-16 21:15:00,10084,10090,10083,10084,1670,340525,168503000.0,OI2601
2025-09-16 21:16:00,10085,10087,10078,10081,1988,340556,200077100.0,OI2601
2025-09-16 21:17:00,10081,10083,10075,10079,1949,340447,196634610.0,OI2601
2025-09-16 21:18:00,10079,10085,10079,10085,1361,340608,137311290.0,OI2601
2025-09-16 21:19:00,10085,10085,10080,10081,868,340481,87572520.0,OI2601
2025-09-16 21:20:00,10082,10088,10081,10087,798,340556,80510220.0,OI2601
2025-09-16 21:21:00,10088,10088,10084,10085,478,340640,48225420.0,OI2601
2025-09-16 21:22:00,10085,10095,10085,10093,1590,340788,160415100.0,OI2601
2025-09-16 21:23:00,10094,10095,10085,10085,898,340903,90599220.0,OI2601
2025-09-16 21:24:00,10085,10090,10084,10089,687,340989,69311430.0,OI2601
2025-09-16 21:25:00,10088,10088,10080,10083,1497,340729,151032330.0,OI2601
2025-09-16 21:26:00,10083,10091,10083,10090,1356,341031,136806840.0,OI2601
2025-09-16 21:27:00,10091,10097,10088,10097,1492,341323,150527880.0,OI2601
2025-09-16 21:28:00,10097,10098,10092,10094,1150,341691,116023500.0,OI2601
2025-09-16 21:29:00,10094,10103,10094,10099,3444,342578,347465160.0,OI2601
2025-09-16 21:30:00,10100,10108,10099,10107,3591,343422,363019680.0,OI2601
2025-09-16 21:31:00,10108,10115,10106,10108,2948,343951,298206370.0,OI2601
2025-09-16 21:32:00,10109,10111,10108,10109,1217,344403,122807470.0,OI2601
2025-09-16 21:33:00,10109,10109,10104,10109,1200,344490,121092000.0,OI2601
2025-09-16 21:34:00,10108,10112,10108,10109,1127,344889,114514180.0,OI2601
2025-09-16 21:35:00,10109,10111,10105,10110,926,345089,93451920.0,OI2601
2025-09-16 21:36:00,10110,10111,10104,10104,829,345173,83662680.0,OI2601
2025-09-16 21:37:00,10104,10106,10097,10099,1730,344957,174591600.0,OI2601
2025-09-16 21:38:00,10098,10099,10093,10095,1636,344574,165105120.0,OI2601
2025-09-16 21:39:00,10095,10097,10091,10095,1353,344516,136544760.0,OI2601
2025-09-16 21:40:00,10093,10096,10090,10093,1213,344551,122415960.0,OI2601
2025-09-16 21:41:00,10093,10093,10089,10091,1151,344392,116158920.0,OI2601
2025-09-16 21:42:00,10091,10094,10089,10092,976,344417,98497920.0,OI2601
2025-09-16 21:43:00,10092,10093,10089,10091,661,344340,66708120.0,OI2601
2025-09-16 21:44:00,10092,10092,10085,10086,1555,344008,156930600.0,OI2601
2025-09-16 21:45:00,10086,10086,10084,10086,865,343972,87295800.0,OI2601
2025-09-16 21:46:00,10085,10090,10085,10087,653,344069,65900760.0,OI2601
2025-09-16 21:47:00,10088,10093,10087,10093,835,344131,84268200.0,OI2601
2025-09-16 21:48:00,10093,10093,10091,10093,382,344108,38551440.0,OI2601
2025-09-16 21:49:00,10092,10095,10091,10093,989,344158,99809880.0,OI2601
2025-09-16 21:50:00,10093,10095,10091,10092,500,344222,50460000.0,OI2601
2025-09-16 21:51:00,10092,10093,10086,10086,697,344239,70341240.0,OI2601
2025-09-16 21:52:00,10086,10089,10086,10089,549,344288,55405080.0,OI2601
2025-09-16 21:53:00,10089,10089,10087,10089,297,344320,29973240.0,OI2601
2025-09-16 21:54:00,10089,10089,10082,10083,1087,344197,109700040.0,OI2601
2025-09-16 21:55:00,10083,10087,10081,10084,926,344249,93451920.0,OI2601
2025-09-16 21:56:00,10083,10086,10080,10084,1132,344144,114241440.0,OI2601
2025-09-16 21:57:00,10084,10084,10082,10083,404,344100,40771680.0,OI2601
2025-09-16 21:58:00,10083,10086,10082,10083,659,344034,66506280.0,OI2601
2025-09-16 21:59:00,10082,10085,10079,10081,1490,343933,150370800.0,OI2601
2025-09-16 22:00:00,10081,10085,10080,10083,817,344032,82451640.0,OI2601
2025-09-16 22:01:00,10083,10084,10080,10082,651,344204,64660680.0,OI2601
2025-09-16 22:02:00,10081,10082,10079,10081,851,344159,85874410.0,OI2601
2025-09-16 22:03:00,10080,10082,10077,10082,1213,344219,122403830.0,OI2601
2025-09-16 22:04:00,10083,10086,10079,10082,1170,344226,118064700.0,OI2601
2025-09-16 22:05:00,10081,10083,10077,10078,992,344130,100102720.0,OI2601
2025-09-16 22:06:00,10078,10080,10073,10074,1617,343947,163171470.0,OI2601
2025-09-16 22:07:00,10075,10076,10071,10073,1482,343818,149548620.0,OI2601
2025-09-16 22:08:00,10073,10073,10066,10069,2613,343527,262540210.0,OI2601
2025-09-16 22:09:00,10069,10071,10062,10063,2493,343434,251543700.0,OI2601
2025-09-16 22:10:00,10063,10070,10063,10070,1245,343319,124445500.0,OI2601
2025-09-16 22:11:00,10070,10072,10067,10071,756,343241,76272840.0,OI2601
2025-09-16 22:12:00,10072,10073,10071,10072,987,343057,99578430.0,OI2601
2025-09-16 22:13:00,10072,10072,10069,10070,494,343104,49839660.0,OI2601
2025-09-16 22:14:00,10070,10071,10063,10065,1161,342836,117133290.0,OI2601
2025-09-16 22:15:00,10066,10067,10065,10067,754,342784,76071060.0,OI2601
2025-09-16 22:16:00,10067,10071,10064,10071,712,342666,70610040.0,OI2601
2025-09-16 22:17:00,10071,10072,10068,10070,687,342621,69304560.0,OI2601
2025-09-16 22:18:00,10071,10072,10068,10069,709,342674,71523920.0,OI2601
2025-09-16 22:19:00,10069,10069,10067,10068,558,342636,56291040.0,OI2601
2025-09-16 22:20:00,10067,10067,10056,10059,2464,342338,248568320.0,OI2601
2025-09-16 22:21:00,10060,10062,10058,10061,1159,342277,115640510.0,OI2601
2025-09-16 22:22:00,10062,10064,10061,10064,407,342225,41054090.0,OI2601
2025-09-16 22:23:00,10063,10066,10061,10064,640,342153,64556800.0,OI2601
2025-09-16 22:24:00,10064,10066,10063,10065,561,342166,56588070.0,OI2601
2025-09-16 22:25:00,10064,10066,10064,10064,251,342120,25318370.0,OI2601
2025-09-16 22:26:00,10065,10065,10062,10062,519,342082,52351530.0,OI2601
2025-09-16 22:27:00,10063,10063,10056,10059,1112,341827,112167440.0,OI2601
2025-09-16 22:28:00,10059,10061,10058,10059,454,341876,45794980.0,OI2601
2025-09-16 22:29:00,10059,10061,10055,10056,1099,341784,109526290.0,OI2601
2025-09-16 22:30:00,10056,10063,10056,10061,845,341719,85226700.0,OI2601
2025-09-16 22:31:00,10060,10062,10059,10060,392,341712,39537120.0,OI2601
2025-09-16 22:32:00,10061,10061,10057,10059,581,341608,58599660.0,OI2601
2025-09-16 22:33:00,10058,10059,10057,10058,440,341568,44378400.0,OI2601
2025-09-16 22:34:00,10058,10059,10054,10059,1017,341330,102574620.0,OI2601
2025-09-16 22:35:00,10058,10061,10057,10060,779,341202,78569940.0,OI2601
2025-09-16 22:36:00,10060,10062,10059,10060,688,341220,68014420.0,OI2601
2025-09-16 22:37:00,10060,10062,10058,10061,401,341206,40440850.0,OI2601
2025-09-16 22:38:00,10061,10064,10061,10064,782,341171,78864700.0,OI2601
2025-09-16 22:39:00,10065,10065,10062,10063,768,341067,77452800.0,OI2601
2025-09-16 22:40:00,10063,10064,10060,10061,602,341038,60711700.0,OI2601
2025-09-16 22:41:00,10060,10060,10056,10058,793,340946,79974050.0,OI2601
2025-09-16 22:42:00,10058,10062,10058,10060,616,340784,62123600.0,OI2601
2025-09-16 22:43:00,10060,10063,10059,10063,460,340560,46391000.0,OI2601
2025-09-16 22:44:00,10064,10068,10064,10065,1047,340425,105589950.0,OI2601
2025-09-16 22:45:00,10065,10067,10064,10066,433,340273,43668050.0,OI2601
2025-09-16 22:46:00,10066,10069,10064,10066,701,340144,69252560.0,OI2601
2025-09-16 22:47:00,10066,10068,10065,10066,303,340028,30554520.0,OI2601
2025-09-16 22:48:00,10066,10070,10065,10069,383,339965,38621720.0,OI2601
2025-09-16 22:49:00,10069,10069,10066,10068,283,339914,28537720.0,OI2601
2025-09-16 22:50:00,10068,10068,10063,10067,558,339841,56268720.0,OI2601
2025-09-16 22:51:00,10066,10067,10063,10065,343,339791,34588120.0,OI2601
2025-09-16 22:52:00,10066,10066,10064,10065,102,339787,10285680.0,OI2601
2025-09-16 22:53:00,10065,10067,10065,10067,187,339762,18857080.0,OI2601
2025-09-16 22:54:00,10067,10068,10062,10062,333,339609,33579720.0,OI2601
2025-09-16 22:55:00,10061,10065,10061,10064,350,339522,35294000.0,OI2601
2025-09-16 22:56:00,10064,10067,10063,10067,347,339383,34991480.0,OI2601
2025-09-16 22:57:00,10067,10067,10066,10067,229,339270,23092360.0,OI2601
2025-09-16 22:58:00,10066,10066,10064,10064,569,338977,57377960.0,OI2601
2025-09-16 22:59:00,10064,10066,10054,10055,1429,338150,144100360.0,OI2601
2025-09-17 09:00:00,10061,10084,10059,10080,3606,338576,362095530.0,OI2601
2025-09-17 09:01:00,10079,10080,10073,10075,1308,338647,131885640.0,OI2601
2025-09-17 09:02:00,10076,10079,10075,10077,931,338794,93872730.0,OI2601
2025-09-17 09:03:00,10078,10084,10076,10078,1615,338731,162840450.0,OI2601
2025-09-17 09:04:00,10078,10085,10077,10082,955,339001,96292650.0,OI2601
2025-09-17 09:05:00,10082,10084,10079,10081,1058,338969,106678140.0,OI2601
2025-09-17 09:06:00,10080,10085,10078,10081,992,338970,100023360.0,OI2601
2025-09-17 09:07:00,10081,10084,10079,10079,1004,339176,101233320.0,OI2601
2025-09-17 09:08:00,10079,10082,10079,10081,517,339332,52129110.0,OI2601
2025-09-17 09:09:00,10080,10088,10080,10084,1053,339443,106173990.0,OI2601
2025-09-17 09:10:00,10085,10085,10076,10078,1074,339565,108291420.0,OI2601
2025-09-17 09:11:00,10078,10081,10077,10079,739,339658,74513370.0,OI2601
2025-09-17 09:12:00,10079,10083,10079,10079,513,339672,51725790.0,OI2601
2025-09-17 09:13:00,10079,10084,10079,10084,500,339775,50415000.0,OI2601
2025-09-17 09:14:00,10083,10095,10083,10094,2155,340189,217288650.0,OI2601
2025-09-17 09:15:00,10093,10095,10091,10092,1036,340483,104459880.0,OI2601
2025-09-17 09:16:00,10092,10092,10082,10083,1055,340423,106375650.0,OI2601
2025-09-17 09:17:00,10084,10086,10080,10081,1307,340380,131784810.0,OI2601
2025-09-17 09:18:00,10081,10083,10078,10083,578,340381,58279740.0,OI2601
2025-09-17 09:19:00,10082,10086,10082,10086,577,340368,58178910.0,OI2601
2025-09-17 09:20:00,10085,10094,10085,10090,1227,340681,123718410.0,OI2601
2025-09-17 09:21:00,10090,10090,10088,10090,602,340891,60699660.0,OI2601
2025-09-17 09:22:00,10090,10093,10086,10088,791,340998,79756530.0,OI2601
2025-09-17 09:23:00,10088,10092,10087,10092,543,341112,56505500.0,OI2601
2025-09-17 09:24:00,10092,10092,10086,10088,366,341197,36907440.0,OI2601
2025-09-17 09:25:00,10088,10088,10080,10085,1229,341143,123932360.0,OI2601
2025-09-17 09:26:00,10086,10092,10086,10090,896,341447,90352640.0,OI2601
2025-09-17 09:27:00,10090,10095,10090,10092,1046,341817,105478640.0,OI2601
2025-09-17 09:28:00,10091,10093,10090,10091,271,341856,27327640.0,OI2601
2025-09-17 09:29:00,10092,10093,10086,10088,636,341828,64134240.0,OI2601
2025-09-17 09:30:00,10087,10089,10081,10083,1025,341846,103361000.0,OI2601
2025-09-17 09:31:00,10082,10085,10082,10083,445,341896,44873800.0,OI2601
2025-09-17 09:32:00,10084,10084,10076,10078,970,341803,97814800.0,OI2601
2025-09-17 09:33:00,10078,10082,10078,10079,644,341814,64940960.0,OI2601
2025-09-17 09:34:00,10079,10082,10075,10075,711,341774,71697240.0,OI2601
2025-09-17 09:35:00,10076,10076,10063,10064,2215,341543,221501250.0,OI2601
2025-09-17 09:36:00,10064,10065,10057,10058,2082,341680,209928060.0,OI2601
2025-09-17 09:37:00,10058,10062,10051,10057,1946,341463,196215180.0,OI2601
2025-09-17 09:38:00,10056,10060,10053,10058,885,341550,89234550.0,OI2601
2025-09-17 09:39:00,10059,10063,10054,10056,1317,341569,132793110.0,OI2601
2025-09-17 09:40:00,10055,10062,10055,10062,644,341623,64934520.0,OI2601
2025-09-17 09:41:00,10061,10061,10059,10060,671,341652,65722130.0,OI2601
2025-09-17 09:42:00,10060,10060,10049,10051,2506,341540,252654920.0,OI2601
2025-09-17 09:43:00,10051,10052,10045,10048,1273,341303,128343860.0,OI2601
2025-09-17 09:44:00,10048,10050,10046,10048,972,341559,97997040.0,OI2601
2025-09-17 09:45:00,10049,10051,10047,10051,676,341627,68154320.0,OI2601
2025-09-17 09:46:00,10051,10056,10049,10054,734,341620,72005470.0,OI2601
2025-09-17 09:47:00,10055,10064,10054,10058,929,341533,93652490.0,OI2601
2025-09-17 09:48:00,10059,10060,10056,10060,613,341588,61796530.0,OI2601
2025-09-17 09:49:00,10058,10061,10057,10058,297,341605,29940570.0,OI2601
2025-09-17 09:50:00,10059,10062,10057,10059,399,341612,40223190.0,OI2601
2025-09-17 09:51:00,10059,10059,10056,10059,639,341742,64417590.0,OI2601
2025-09-17 09:52:00,10059,10060,10057,10060,550,341687,55445500.0,OI2601
2025-09-17 09:53:00,10060,10064,10054,10054,548,341621,55243880.0,OI2601
2025-09-17 09:54:00,10054,10056,10051,10053,484,341593,48792040.0,OI2601
2025-09-17 09:55:00,10052,10054,10049,10052,648,341616,65324880.0,OI2601
2025-09-17 09:56:00,10052,10052,10047,10049,528,341651,53227680.0,OI2601
2025-09-17 09:57:00,10048,10050,10045,10050,966,341735,97382460.0,OI2601
2025-09-17 09:58:00,10050,10054,10046,10047,778,341659,76359980.0,OI2601
2025-09-17 09:59:00,10047,10047,10039,10040,1712,341670,172569600.0,OI2601
2025-09-17 10:00:00,10039,10045,10039,10042,1162,341737,117129600.0,OI2601
2025-09-17 10:01:00,10041,10046,10040,10042,1060,341503,106848000.0,OI2601
2025-09-17 10:02:00,10042,10046,10041,10045,355,341563,35784000.0,OI2601
2025-09-17 10:03:00,10045,10046,10043,10044,415,341575,41832000.0,OI2601
2025-09-17 10:04:00,10043,10051,10042,10048,968,341493,95447480.0,OI2601
2025-09-17 10:05:00,10048,10048,10045,10046,292,341448,29430680.0,OI2601
2025-09-17 10:06:00,10046,10048,10041,10041,734,341349,73979860.0,OI2601
2025-09-17 10:07:00,10042,10042,10030,10033,1973,340924,198858670.0,OI2601
2025-09-17 10:08:00,10033,10038,10030,10033,1151,340905,116009290.0,OI2601
2025-09-17 10:09:00,10034,10039,10033,10038,636,340953,64102440.0,OI2601
2025-09-17 10:10:00,10037,10038,10032,10033,957,340996,94271680.0,OI2601
2025-09-17 10:11:00,10034,10037,10032,10034,881,340861,88787180.0,OI2601
2025-09-17 10:12:00,10034,10037,10030,10032,850,340916,85663000.0,OI2601
2025-09-17 10:13:00,10032,10038,10031,10038,509,340852,51297020.0,OI2601
2025-09-17 10:14:00,10039,10039,10034,10037,500,340689,50390000.0,OI2601
2025-09-17 10:30:00,10035,10036,10026,10027,1798,340709,178972710.0,OI2601
2025-09-17 10:31:00,10028,10028,10023,10026,1377,340865,138760290.0,OI2601
2025-09-17 10:32:00,10027,10029,10023,10024,1180,340800,118908600.0,OI2601
2025-09-17 10:33:00,10025,10029,10020,10028,1232,340789,124148640.0,OI2601
2025-09-17 10:34:00,10027,10030,10020,10021,1027,340605,101212900.0,OI2601
2025-09-17 10:35:00,10022,10028,10022,10025,818,340521,82421680.0,OI2601
2025-09-17 10:36:00,10026,10032,10026,10028,1022,340350,102976720.0,OI2601
2025-09-17 10:37:00,10028,10028,10018,10022,1418,340341,142877680.0,OI2601
2025-09-17 10:38:00,10023,10024,10019,10024,615,340291,59650780.0,OI2601
2025-09-17 10:39:00,10024,10025,10023,10024,482,340313,48561500.0,OI2601
2025-09-17 10:40:00,10025,10025,10018,10023,793,340413,79894750.0,OI2601
2025-09-17 10:41:00,10023,10023,10017,10022,958,340446,96518500.0,OI2601
2025-09-17 10:42:00,10022,10025,10020,10023,561,340448,56520750.0,OI2601
2025-09-17 10:43:00,10023,10026,10022,10025,592,340395,59644000.0,OI2601
2025-09-17 10:44:00,10024,10029,10021,10025,1137,340139,112190900.0,OI2601
2025-09-17 10:45:00,10025,10026,10020,10026,2123,339992,213871020.0,OI2601
2025-09-17 10:46:00,10025,10034,10025,10033,1277,339714,128644980.0,OI2601
2025-09-17 10:47:00,10033,10034,10028,10029,699,339647,70417260.0,OI2601
2025-09-17 10:48:00,10029,10030,10027,10030,455,339568,45836700.0,OI2601
2025-09-17 10:49:00,10030,10032,10028,10028,590,339533,57023310.0,OI2601
2025-09-17 10:50:00,10029,10030,10023,10025,474,339491,47746020.0,OI2601
2025-09-17 10:51:00,10026,10030,10022,10030,697,339467,70208810.0,OI2601
2025-09-17 10:52:00,10030,10036,10029,10033,1167,339313,117551910.0,OI2601
2025-09-17 10:53:00,10033,10036,10031,10035,601,339146,60538730.0,OI2601
2025-09-17 10:54:00,10034,10035,10030,10031,432,339078,43515360.0,OI2601
2025-09-17 10:55:00,10030,10034,10029,10034,495,338988,49861350.0,OI2601
2025-09-17 10:56:00,10033,10036,10033,10034,490,338933,49357700.0,OI2601
2025-09-17 10:57:00,10034,10039,10034,10038,798,338889,80382540.0,OI2601
2025-09-17 10:58:00,10038,10040,10036,10039,636,338759,61593090.0,OI2601
2025-09-17 10:59:00,10038,10039,10034,10034,369,338695,37165680.0,OI2601
2025-09-17 11:00:00,10035,10037,10027,10027,847,338849,85309840.0,OI2601
2025-09-17 11:01:00,10027,10028,10025,10027,618,338840,62244960.0,OI2601
2025-09-17 11:02:00,10027,10027,10023,10026,457,338829,46029040.0,OI2601
2025-09-17 11:03:00,10025,10028,10025,10026,318,338864,32028960.0,OI2601
2025-09-17 11:04:00,10026,10031,10026,10030,293,338850,29510960.0,OI2601
2025-09-17 11:05:00,10029,10034,10027,10028,532,338867,53583040.0,OI2601
2025-09-17 11:06:00,10029,10030,10024,10025,724,338841,72921280.0,OI2601
2025-09-17 11:07:00,10025,10028,10023,10024,375,338779,37770000.0,OI2601
2025-09-17 11:08:00,10024,10026,10022,10026,348,338732,35050560.0,OI2601
2025-09-17 11:09:00,10026,10027,10023,10024,310,338685,31223200.0,OI2601
2025-09-17 11:10:00,10024,10026,10023,10024,274,338676,27597280.0,OI2601
2025-09-17 11:11:00,10024,10032,10024,10029,515,338793,49339810.0,OI2601
2025-09-17 11:12:00,10029,10030,10021,10024,632,338765,63648720.0,OI2601
2025-09-17 11:13:00,10023,10028,10022,10025,459,338838,46225890.0,OI2601
2025-09-17 11:14:00,10025,10027,10024,10027,352,338830,35449920.0,OI2601
2025-09-17 11:15:00,10027,10028,10025,10026,296,338842,29810160.0,OI2601
2025-09-17 11:16:00,10026,10028,10022,10025,824,338816,82985040.0,OI2601
2025-09-17 11:17:00,10024,10028,10022,10028,612,338893,61634520.0,OI2601
2025-09-17 11:18:00,10027,10029,10026,10028,302,338907,30414420.0,OI2601
2025-09-17 11:19:00,10027,10031,10026,10030,353,338938,35550630.0,OI2601
2025-09-17 11:20:00,10031,10031,10029,10029,544,339016,54786240.0,OI2601
2025-09-17 11:21:00,10030,10032,10028,10028,308,338983,31018680.0,OI2601
2025-09-17 11:22:00,10028,10028,10019,10020,968,338793,94899790.0,OI2601
2025-09-17 11:23:00,10020,10022,10019,10022,377,338879,37963900.0,OI2601
2025-09-17 11:24:00,10021,10024,10017,10023,678,338834,68274600.0,OI2601
2025-09-17 11:25:00,10024,10027,10024,10024,339,338832,34137300.0,OI2601
2025-09-17 11:26:00,10025,10030,10023,10029,544,338890,54780800.0,OI2601
2025-09-17 11:27:00,10029,10032,10026,10026,394,338888,39675800.0,OI2601
2025-09-17 11:28:00,10027,10030,10027,10029,326,338910,32828200.0,OI2601
2025-09-17 11:29:00,10028,10031,10026,10028,441,338842,44408700.0,OI2601
2025-09-17 13:30:00,10014,10021,10004,10014,3297,338482,329356450.0,OI2601
2025-09-17 13:31:00,10012,10012,9999,10002,2691,338195,270956790.0,OI2601
2025-09-17 13:32:00,10004,10004,9999,10000,1421,338141,140387920.0,OI2601
2025-09-17 13:33:00,10000,10003,9992,9992,2725,338258,271633180.0,OI2601
2025-09-17 13:34:00,9993,10003,9993,10003,1523,338457,153320410.0,OI2601
2025-09-17 13:35:00,10003,10004,9995,9997,1051,338498,105804170.0,OI2601
2025-09-17 13:36:00,9996,10003,9996,10002,1383,338665,136467220.0,OI2601
2025-09-17 13:37:00,10001,10003,10000,10000,343,338641,34526380.0,OI2601
2025-09-17 13:38:00,10000,10001,9994,9998,850,338624,85561000.0,OI2601
2025-09-17 13:39:00,9999,9999,9994,9999,923,338589,92909180.0,OI2601
2025-09-17 13:40:00,10000,10002,9997,10002,714,338551,71871240.0,OI2601
2025-09-17 13:41:00,10002,10002,9998,10000,517,338517,52041220.0,OI2601
2025-09-17 13:42:00,10001,10006,10000,10006,805,338581,78230390.0,OI2601
2025-09-17 13:43:00,10006,10006,10001,10001,559,338584,56263350.0,OI2601
2025-09-17 13:44:00,10001,10002,10000,10001,477,338462,48010050.0,OI2601
2025-09-17 13:45:00,10001,10005,9999,10005,778,338402,78305700.0,OI2601
2025-09-17 13:46:00,10005,10012,10005,10011,1478,338157,148760700.0,OI2601
2025-09-17 13:47:00,10011,10011,10008,10010,517,338109,52036050.0,OI2601
2025-09-17 13:48:00,10010,10013,10010,10013,597,338079,60088050.0,OI2601
2025-09-17 13:49:00,10013,10017,10010,10017,1512,338127,149322710.0,OI2601
2025-09-17 13:50:00,10016,10017,10013,10017,983,338280,98929120.0,OI2601
2025-09-17 13:51:00,10015,10018,10015,10015,955,338379,96111200.0,OI2601
2025-09-17 13:52:00,10016,10019,10010,10012,1174,338269,118151360.0,OI2601
2025-09-17 13:53:00,10012,10015,10012,10014,384,338342,38645760.0,OI2601
2025-09-17 13:54:00,10014,10021,10011,10021,1201,338538,117961580.0,OI2601
2025-09-17 13:55:00,10020,10024,10018,10019,842,338583,84730460.0,OI2601
2025-09-17 13:56:00,10020,10022,10018,10019,771,338641,77585730.0,OI2601
2025-09-17 13:57:00,10020,10020,10013,10014,926,338801,93183380.0,OI2601
2025-09-17 13:58:00,10014,10016,10010,10013,619,338772,62289970.0,OI2601
2025-09-17 13:59:00,10013,10013,10006,10007,643,338637,64705090.0,OI2601
2025-09-17 14:00:00,10006,10010,10006,10007,665,338574,66918950.0,OI2601
2025-09-17 14:01:00,10007,10010,10007,10008,458,338695,46088540.0,OI2601
2025-09-17 14:02:00,10008,10008,9989,9993,3084,338835,307355780.0,OI2601
2025-09-17 14:03:00,9994,9995,9992,9993,1121,338819,112795020.0,OI2601
2025-09-17 14:04:00,9992,9998,9992,9994,1384,338885,136245890.0,OI2601
2025-09-17 14:05:00,9994,9996,9991,9993,829,338666,83405690.0,OI2601
2025-09-17 14:06:00,9992,9997,9991,9995,1005,338591,101113050.0,OI2601
2025-09-17 14:07:00,9994,9998,9994,9995,789,338459,79381290.0,OI2601
2025-09-17 14:08:00,9995,9996,9993,9995,306,338504,30786660.0,OI2601
2025-09-17 14:09:00,9996,9997,9994,9996,234,338539,23542740.0,OI2601
2025-09-17 14:10:00,9995,9998,9995,9997,316,338531,31792760.0,OI2601
2025-09-17 14:11:00,9997,9997,9995,9996,247,338501,24850670.0,OI2601
2025-09-17 14:12:00,9996,10002,9994,10001,806,338540,78034150.0,OI2601
2025-09-17 14:13:00,10002,10005,10001,10004,609,338574,61265400.0,OI2601
2025-09-17 14:14:00,10005,10005,10002,10004,322,338618,32393200.0,OI2601
2025-09-17 14:15:00,10003,10006,10001,10005,498,338669,50098800.0,OI2601
2025-09-17 14:16:00,10005,10007,10003,10004,530,338717,53318000.0,OI2601
2025-09-17 14:17:00,10005,10007,10002,10003,865,338924,87019000.0,OI2601
2025-09-17 14:18:00,10004,10004,10000,10000,710,339067,71426000.0,OI2601
2025-09-17 14:19:00,10001,10003,9999,9999,368,339081,37020800.0,OI2601
2025-09-17 14:20:00,9999,10001,9998,9999,396,339122,39837600.0,OI2601
2025-09-17 14:21:00,10000,10001,9998,10001,320,339133,32192000.0,OI2601
2025-09-17 14:22:00,10000,10001,9993,9993,1022,339338,99699290.0,OI2601
2025-09-17 14:23:00,9993,9996,9993,9996,438,339413,44058420.0,OI2601
2025-09-17 14:24:00,9995,9995,9989,9990,1206,339282,121311540.0,OI2601
2025-09-17 14:25:00,9991,9996,9989,9994,774,339160,77856660.0,OI2601
2025-09-17 14:26:00,9994,9996,9992,9996,568,339215,57135120.0,OI2601
2025-09-17 14:27:00,9996,9997,9991,9993,1044,339276,105015960.0,OI2601
2025-09-17 14:28:00,9994,9995,9992,9992,653,339357,62524530.0,OI2601
2025-09-17 14:29:00,9992,9997,9992,9996,275,339354,27659500.0,OI2601
2025-09-17 14:30:00,9996,10000,9996,9997,838,339265,84286040.0,OI2601
2025-09-17 14:31:00,9998,10000,9997,9999,317,339269,31883860.0,OI2601
2025-09-17 14:32:00,9999,10001,9996,9997,493,339183,49585940.0,OI2601
2025-09-17 14:33:00,9996,9996,9992,9992,759,339041,76340220.0,OI2601
2025-09-17 14:34:00,9993,9995,9991,9995,426,339122,42847080.0,OI2601
2025-09-17 14:35:00,9995,9997,9992,9994,630,339222,63365400.0,OI2601
2025-09-17 14:36:00,9993,9993,9987,9989,1051,339029,102500950.0,OI2601
2025-09-17 14:37:00,9989,9990,9984,9988,1522,338621,153067540.0,OI2601
2025-09-17 14:38:00,9988,9990,9986,9988,636,338466,63962520.0,OI2601
2025-09-17 14:39:00,9987,9992,9987,9991,304,338446,30573280.0,OI2601
2025-09-17 14:40:00,9992,9992,9987,9987,524,338353,52698680.0,OI2601
2025-09-17 14:41:00,9987,9990,9986,9988,653,338373,65672210.0,OI2601
2025-09-17 14:42:00,9988,9990,9987,9989,368,338347,37009760.0,OI2601
2025-09-17 14:43:00,9989,9991,9989,9991,251,338339,25243070.0,OI2601
2025-09-17 14:44:00,9990,9994,9990,9993,412,338267,38179510.0,OI2601
2025-09-17 14:45:00,9993,9995,9992,9994,478,338234,48067680.0,OI2601
2025-09-17 14:46:00,9994,9995,9992,9995,438,338205,44045280.0,OI2601
2025-09-17 14:47:00,9996,9998,9995,9995,551,338149,55408560.0,OI2601
2025-09-17 14:48:00,9995,9996,9991,9996,562,338023,56514720.0,OI2601
2025-09-17 14:49:00,9996,9997,9994,9994,385,338029,38715600.0,OI2601
2025-09-17 14:50:00,9995,9995,9991,9993,392,337918,39419520.0,OI2601
2025-09-17 14:51:00,9993,9996,9991,9996,463,337902,46559280.0,OI2601
2025-09-17 14:52:00,9996,10002,9996,10001,1155,337828,116146800.0,OI2601
2025-09-17 14:53:00,10002,10004,10000,10003,561,337765,56414160.0,OI2601
2025-09-17 14:54:00,10003,10004,10001,10004,530,337717,49986320.0,OI2601
2025-09-17 14:55:00,10002,10002,9999,10000,761,337550,76518550.0,OI2601
2025-09-17 14:56:00,10000,10003,9999,10003,859,337408,86372450.0,OI2601
2025-09-17 14:57:00,10002,10003,9998,9999,432,337344,43437600.0,OI2601
2025-09-17 14:58:00,9999,10003,9998,10002,661,337145,66463550.0,OI2601
2025-09-17 14:59:00,10001,10002,9998,9999,882,336743,88685100.0,OI2601
2025-09-17 21:00:00,9991,9996,9988,9996,6549,335065,654310590.0,OI2601
2025-09-17 21:01:00,9996,10006,9995,10001,2847,335488,284725650.0,OI2601
2025-09-17 21:02:00,10000,10002,9992,9994,1436,335515,143513840.0,OI2601
2025-09-17 21:03:00,9995,9995,9988,9991,1867,335877,186587980.0,OI2601
2025-09-17 21:04:00,9990,9994,9990,9991,934,335936,93343960.0,OI2601
2025-09-17 21:05:00,9991,9994,9988,9992,1155,335885,115430700.0,OI2601
2025-09-17 21:06:00,9991,9994,9991,9992,679,335729,67859260.0,OI2601
2025-09-17 21:07:00,9991,9992,9986,9986,829,335594,82687300.0,OI2601
2025-09-17 21:08:00,9986,9990,9986,9986,981,335457,98031330.0,OI2601
2025-09-17 21:09:00,9985,9986,9979,9982,1786,335272,178284350.0,OI2601
2025-09-17 21:10:00,9982,9987,9982,9986,774,335335,77338080.0,OI2601
2025-09-17 21:11:00,9985,9991,9985,9991,801,335420,80035920.0,OI2601
2025-09-17 21:12:00,9990,9991,9987,9990,542,335545,54156640.0,OI2601
2025-09-17 21:13:00,9990,9995,9990,9994,868,335521,86730560.0,OI2601
2025-09-17 21:14:00,9994,9994,9992,9993,389,335519,38868880.0,OI2601
2025-09-17 21:15:00,9994,9999,9992,9997,1169,335682,116806480.0,OI2601
2025-09-17 21:16:00,9997,10001,9995,10000,1477,336181,147581840.0,OI2601
2025-09-17 21:17:00,10000,10001,9996,9998,653,336270,65247760.0,OI2601
2025-09-17 21:18:00,9998,10000,9995,9995,775,336281,77703110.0,OI2601
2025-09-17 21:19:00,9995,9998,9993,9995,642,336179,64155060.0,OI2601
2025-09-17 21:20:00,9996,9996,9994,9995,331,336215,33076830.0,OI2601
2025-09-17 21:21:00,9996,9996,9985,9987,1423,335957,141911320.0,OI2601
2025-09-17 21:22:00,9986,9987,9982,9983,1790,335996,178856800.0,OI2601
2025-09-17 21:23:00,9985,9987,9983,9986,980,336187,97921600.0,OI2601
2025-09-17 21:24:00,9986,9986,9977,9977,2152,335578,214689550.0,OI2601
2025-09-17 21:25:00,9978,9980,9978,9978,1013,335795,101208830.0,OI2601
2025-09-17 21:26:00,9979,9981,9975,9980,1577,335858,157193880.0,OI2601
2025-09-17 21:27:00,9980,9980,9971,9973,1383,335910,138161700.0,OI2601
2025-09-17 21:28:00,9973,9976,9971,9973,913,335932,90821550.0,OI2601
2025-09-17 21:29:00,9972,9975,9971,9972,938,336058,93696820.0,OI2601
2025-09-17 21:30:00,9971,9975,9971,9973,1097,336102,109171830.0,OI2601
2025-09-17 21:31:00,9973,9973,9969,9970,1391,336008,138933080.0,OI2601
2025-09-17 21:32:00,9971,9971,9966,9970,1198,336016,119222850.0,OI2601
2025-09-17 21:33:00,9970,9972,9968,9972,543,336052,54229410.0,OI2601
2025-09-17 21:34:00,9972,9976,9971,9976,962,335971,96074940.0,OI2601
2025-09-17 21:35:00,9975,9979,9975,9979,797,335833,79596390.0,OI2601
2025-09-17 21:36:00,9978,9984,9978,9982,1430,335715,142343390.0,OI2601
2025-09-17 21:37:00,9983,9985,9981,9983,778,335574,77691080.0,OI2601
2025-09-17 21:38:00,9983,9984,9980,9982,471,335598,47034060.0,OI2601
2025-09-17 21:39:00,9983,9984,9979,9980,571,335597,57020060.0,OI2601
2025-09-17 21:40:00,9979,9984,9979,9983,576,335596,57519360.0,OI2601
2025-09-17 21:41:00,9983,9985,9979,9980,543,335614,54223980.0,OI2601
2025-09-17 21:42:00,9979,9979,9974,9976,852,335775,85080720.0,OI2601
2025-09-17 21:43:00,9977,9977,9974,9976,1344,335789,134211840.0,OI2601
2025-09-17 21:44:00,9976,9977,9974,9974,252,335843,25164720.0,OI2601
2025-09-17 21:45:00,9975,9978,9974,9975,634,335806,63311240.0,OI2601
2025-09-17 21:46:00,9974,9976,9972,9976,549,335787,54286730.0,OI2601
2025-09-17 21:47:00,9976,9980,9974,9978,1554,335753,155166900.0,OI2601
2025-09-17 21:48:00,9978,9980,9975,9975,1488,335855,148576800.0,OI2601
2025-09-17 21:49:00,9975,9977,9975,9975,476,335854,47528600.0,OI2601
2025-09-17 21:50:00,9975,9977,9975,9976,445,335893,44433250.0,OI2601
2025-09-17 21:51:00,9977,9980,9976,9979,1381,335894,137892850.0,OI2601
2025-09-17 21:52:00,9978,9978,9967,9968,1784,335935,177524710.0,OI2601
2025-09-17 21:53:00,9968,9971,9967,9969,1490,336139,148761600.0,OI2601
2025-09-17 21:54:00,9969,9970,9967,9970,337,336093,33646080.0,OI2601
2025-09-17 21:55:00,9971,9974,9970,9971,784,335990,78274560.0,OI2601
2025-09-17 21:56:00,9972,9975,9972,9974,365,335941,36441600.0,OI2601
2025-09-17 21:57:00,9975,9976,9974,9975,821,335904,81322980.0,OI2601
2025-09-17 21:58:00,9975,9978,9974,9976,1005,335792,100329150.0,OI2601
2025-09-17 21:59:00,9975,9978,9974,9977,335,335740,33443050.0,OI2601
2025-09-17 22:00:00,9977,9979,9975,9975,466,335775,46520780.0,OI2601
2025-09-17 22:01:00,9976,9978,9975,9977,289,335825,28850870.0,OI2601
2025-09-17 22:02:00,9977,9981,9976,9980,464,335750,46321120.0,OI2601
2025-09-17 22:03:00,9980,9981,9977,9978,197,335773,19666510.0,OI2601
2025-09-17 22:04:00,9978,9981,9977,9980,306,335704,30547980.0,OI2601
2025-09-17 22:05:00,9980,9980,9973,9975,580,335572,57901400.0,OI2601
2025-09-17 22:06:00,9974,9977,9973,9976,411,335575,41030130.0,OI2601
2025-09-17 22:07:00,9976,9976,9970,9974,658,335507,65688140.0,OI2601
2025-09-17 22:08:00,9974,9974,9972,9974,163,335523,16272290.0,OI2601
2025-09-17 22:09:00,9975,9978,9973,9977,918,335472,91643940.0,OI2601
2025-09-17 22:10:00,9978,9979,9976,9978,287,335479,28651210.0,OI2601
2025-09-17 22:11:00,9978,9979,9977,9977,164,335493,16372120.0,OI2601
2025-09-17 22:12:00,9978,9981,9977,9980,424,335485,42327920.0,OI2601
2025-09-17 22:13:00,9980,9980,9976,9977,235,335462,23460050.0,OI2601
2025-09-17 22:14:00,9977,9977,9975,9975,189,335452,18867870.0,OI2601
2025-09-17 22:15:00,9975,9978,9974,9978,260,335444,25955800.0,OI2601
2025-09-17 22:16:00,9978,9980,9977,9979,376,335355,37536080.0,OI2601
2025-09-17 22:17:00,9978,9980,9974,9976,508,335213,50713640.0,OI2601
2025-09-17 22:18:00,9977,9980,9977,9977,204,335191,20365320.0,OI2601
2025-09-17 22:19:00,9977,9978,9976,9978,193,335184,19267190.0,OI2601
2025-09-17 22:20:00,9977,9979,9976,9977,280,335150,27952400.0,OI2601
2025-09-17 22:21:00,9976,9978,9976,9976,97,335149,9683510.0,OI2601
2025-09-17 22:22:00,9977,9977,9970,9970,524,334988,52310920.0,OI2601
2025-09-17 22:23:00,9971,9972,9970,9972,345,335075,34441350.0,OI2601
2025-09-17 22:24:00,9972,9972,9967,9968,763,334962,75418220.0,OI2601
2025-09-17 22:25:00,9968,9969,9964,9967,1096,334941,109402720.0,OI2601
2025-09-17 22:26:00,9968,9969,9967,9968,507,334997,50608740.0,OI2601
2025-09-17 22:27:00,9969,9969,9965,9966,502,335072,50109640.0,OI2601
2025-09-17 22:28:00,9966,9966,9958,9961,3208,333942,319417360.0,OI2601
2025-09-17 22:29:00,9961,9966,9959,9964,1000,333829,99810000.0,OI2601
2025-09-17 22:30:00,9965,9968,9962,9966,851,333838,84938310.0,OI2601
2025-09-17 22:31:00,9966,9966,9964,9965,573,333795,57191130.0,OI2601
2025-09-17 22:32:00,9964,9966,9963,9966,358,333707,35731980.0,OI2601
2025-09-17 22:33:00,9965,9966,9963,9964,333,333644,32400380.0,OI2601
2025-09-17 22:34:00,9965,9966,9963,9964,331,333574,33033800.0,OI2601
2025-09-17 22:35:00,9964,9966,9963,9963,501,333408,49999800.0,OI2601
2025-09-17 22:36:00,9963,9970,9963,9969,607,333316,60578600.0,OI2601
2025-09-17 22:37:00,9970,9971,9965,9965,604,333241,60279200.0,OI2601
2025-09-17 22:38:00,9966,9967,9960,9962,1172,332861,116965600.0,OI2601
2025-09-17 22:39:00,9962,9971,9962,9971,702,332985,70059600.0,OI2601
2025-09-17 22:40:00,9970,9972,9968,9971,641,332981,63971800.0,OI2601
2025-09-17 22:41:00,9971,9975,9971,9974,405,332882,40419000.0,OI2601
2025-09-17 22:42:00,9974,9975,9973,9973,442,332868,44111600.0,OI2601
2025-09-17 22:43:00,9974,9975,9971,9973,331,332847,33033800.0,OI2601
2025-09-17 22:44:00,9972,9974,9971,9972,382,332770,38123600.0,OI2601
2025-09-17 22:45:00,9972,9972,9970,9970,369,332791,36826200.0,OI2601
2025-09-17 22:46:00,9971,9974,9971,9973,281,332791,28043800.0,OI2601
2025-09-17 22:47:00,9973,9974,9971,9974,280,332804,27944000.0,OI2601
2025-09-17 22:48:00,9974,9979,9974,9978,761,332828,75947800.0,OI2601
2025-09-17 22:49:00,9978,9979,9977,9978,227,332848,22654600.0,OI2601
2025-09-17 22:50:00,9978,9979,9976,9976,648,332815,64670400.0,OI2601
2025-09-17 22:51:00,9977,9978,9976,9977,165,332789,16467000.0,OI2601
2025-09-17 22:52:00,9977,9979,9976,9978,192,332743,18234840.0,OI2601
2025-09-17 22:53:00,9978,9978,9971,9973,447,332540,44606130.0,OI2601
2025-09-17 22:54:00,9972,9978,9972,9977,325,332546,32431750.0,OI2601
2025-09-17 22:55:00,9977,9985,9976,9985,968,332311,96596720.0,OI2601
2025-09-17 22:56:00,9985,9988,9984,9986,836,332149,84376960.0,OI2601
2025-09-17 22:57:00,9986,9989,9986,9988,718,332023,71656400.0,OI2601
2025-09-17 22:58:00,9988,9991,9988,9988,730,331946,72854000.0,OI2601
2025-09-17 22:59:00,9989,9991,9983,9983,954,331736,95209200.0,OI2601
2025-09-18 09:00:00,9957,9967,9944,9944,5409,331090,538787570.0,OI2601
2025-09-18 09:01:00,9944,9948,9938,9941,3473,330762,344439950.0,OI2601
2025-09-18 09:02:00,9941,9954,9941,9952,2431,330538,242540870.0,OI2601
2025-09-18 09:03:00,9951,9961,9950,9950,1843,330308,182768010.0,OI2601
2025-09-18 09:04:00,9951,9955,9950,9954,1148,330232,114524480.0,OI2601
2025-09-18 09:05:00,9953,9954,9947,9948,1275,330080,127194000.0,OI2601
2025-09-18 09:06:00,9947,9951,9947,9950,1104,330112,110135040.0,OI2601
2025-09-18 09:07:00,9949,9952,9948,9951,696,330054,68282630.0,OI2601
2025-09-18 09:08:00,9950,9962,9950,9960,1455,330041,145136250.0,OI2601
2025-09-18 09:09:00,9960,9964,9960,9962,798,330081,79600500.0,OI2601
2025-09-18 09:10:00,9962,9962,9955,9956,995,330069,99251250.0,OI2601
2025-09-18 09:11:00,9957,9961,9957,9961,388,330123,38703000.0,OI2601
2025-09-18 09:12:00,9961,9961,9958,9960,732,330285,73017000.0,OI2601
2025-09-18 09:13:00,9959,9961,9950,9951,1076,330174,107331000.0,OI2601
2025-09-18 09:14:00,9950,9952,9950,9950,970,329977,95543030.0,OI2601
2025-09-18 09:15:00,9952,9957,9952,9956,864,330025,86175360.0,OI2601
2025-09-18 09:16:00,9957,9960,9956,9957,500,330001,49870000.0,OI2601
2025-09-18 09:17:00,9956,9961,9956,9960,612,330091,61040880.0,OI2601
2025-09-18 09:18:00,9960,9961,9953,9956,772,330027,76999280.0,OI2601
2025-09-18 09:19:00,9955,9959,9954,9954,561,330078,55954140.0,OI2601
2025-09-18 09:20:00,9954,9956,9953,9956,644,330085,64232560.0,OI2601
2025-09-18 09:21:00,9956,9960,9956,9960,486,330044,48473640.0,OI2601
2025-09-18 09:22:00,9959,9960,9958,9959,452,330028,45082480.0,OI2601
2025-09-18 09:23:00,9959,9959,9955,9956,205,330051,20446700.0,OI2601
2025-09-18 09:24:00,9955,9957,9955,9956,448,329935,44683520.0,OI2601
2025-09-18 09:25:00,9956,9956,9952,9953,587,329848,58547380.0,OI2601
2025-09-18 09:26:00,9953,9955,9951,9951,231,329851,23039940.0,OI2601
2025-09-18 09:27:00,9952,9954,9951,9954,273,329885,27229020.0,OI2601
2025-09-18 09:28:00,9954,9954,9948,9948,857,329848,84187790.0,OI2601
2025-09-18 09:29:00,9949,9950,9948,9949,355,329774,35404150.0,OI2601
2025-09-18 09:30:00,9950,9954,9948,9954,621,329732,61932330.0,OI2601
2025-09-18 09:31:00,9953,9955,9952,9955,257,329734,25630610.0,OI2601
2025-09-18 09:32:00,9955,9961,9954,9960,691,329845,68913430.0,OI2601
2025-09-18 09:33:00,9960,9965,9960,9962,764,329867,76193720.0,OI2601
2025-09-18 09:34:00,9962,9963,9956,9957,419,329743,41786870.0,OI2601
2025-09-18 09:35:00,9957,9957,9953,9953,706,329447,70409380.0,OI2601
2025-09-18 09:36:00,9953,9954,9945,9946,913,329323,91053490.0,OI2601
2025-09-18 09:37:00,9946,9946,9936,9939,2918,328678,289646310.0,OI2601
2025-09-18 09:38:00,9940,9941,9936,9938,864,328533,86158080.0,OI2601
2025-09-18 09:39:00,9938,9942,9937,9940,508,328521,50657760.0,OI2601
2025-09-18 09:40:00,9941,9943,9938,9942,411,328560,40984920.0,OI2601
2025-09-18 09:41:00,9942,9943,9940,9942,316,328576,30124700.0,OI2601
2025-09-18 09:42:00,9941,9942,9940,9941,177,328592,17648670.0,OI2601
2025-09-18 09:43:00,9942,9947,9941,9946,584,328523,58230640.0,OI2601
2025-09-18 09:44:00,9946,9946,9942,9942,402,328463,40083420.0,OI2601
2025-09-18 09:45:00,9943,9943,9935,9937,1278,328224,127429380.0,OI2601
2025-09-18 09:46:00,9936,9939,9933,9938,703,328219,70096130.0,OI2601
2025-09-18 09:47:00,9938,9939,9936,9938,351,328200,34998210.0,OI2601
2025-09-18 09:48:00,9938,9939,9938,9939,243,328151,24229530.0,OI2601
2025-09-18 09:49:00,9940,9946,9940,9943,667,328089,66506570.0,OI2601
2025-09-18 09:50:00,9943,9951,9943,9950,613,328038,59685230.0,OI2601
2025-09-18 09:51:00,9950,9952,9949,9952,404,327986,40278800.0,OI2601
2025-09-18 09:52:00,9952,9952,9948,9950,492,327945,49052400.0,OI2601
2025-09-18 09:53:00,9950,9954,9950,9950,496,327942,49451200.0,OI2601
2025-09-18 09:54:00,9951,9956,9949,9956,502,327948,50049400.0,OI2601
2025-09-18 09:55:00,9956,9958,9953,9955,1458,327771,145362600.0,OI2601
2025-09-18 09:56:00,9956,9957,9955,9956,284,327853,28314800.0,OI2601
2025-09-18 09:57:00,9957,9962,9956,9960,1000,328047,99700000.0,OI2601
2025-09-18 09:58:00,9961,9965,9961,9963,1014,328302,101095800.0,OI2601
2025-09-18 09:59:00,9964,9964,9962,9963,570,328356,56829000.0,OI2601
2025-09-18 10:00:00,9964,9965,9954,9954,991,328297,98802700.0,OI2601
2025-09-18 10:01:00,9953,9956,9950,9951,1048,328593,104485600.0,OI2601
2025-09-18 10:02:00,9951,9951,9947,9950,667,328509,66499900.0,OI2601
2025-09-18 10:03:00,9950,9952,9949,9952,405,328534,40378500.0,OI2601
2025-09-18 10:04:00,9951,9953,9949,9949,413,328620,39641660.0,OI2601
2025-09-18 10:05:00,9950,9950,9948,9948,390,328640,38879100.0,OI2601
2025-09-18 10:06:00,9948,9950,9947,9949,308,328640,30704520.0,OI2601
2025-09-18 10:07:00,9949,9952,9948,9952,385,328771,38380650.0,OI2601
2025-09-18 10:08:00,9952,9952,9944,9944,477,328722,47552130.0,OI2601
2025-09-18 10:09:00,9942,9945,9941,9945,668,328688,66592920.0,OI2601
2025-09-18 10:10:00,9945,9948,9944,9948,370,328639,36885300.0,OI2601
2025-09-18 10:11:00,9948,9952,9947,9949,371,328594,36984990.0,OI2601
2025-09-18 10:12:00,9950,9950,9945,9945,242,328535,24124980.0,OI2601
2025-09-18 10:13:00,9946,9950,9945,9949,429,328498,42767010.0,OI2601
2025-09-18 10:14:00,9949,9951,9947,9949,318,328421,31701420.0,OI2601
2025-09-18 10:30:00,9950,9953,9948,9948,873,328237,87029370.0,OI2601
2025-09-18 10:31:00,9948,9948,9937,9938,931,328310,92811390.0,OI2601
2025-09-18 10:32:00,9938,9938,9928,9932,2686,327913,266148420.0,OI2601
2025-09-18 10:33:00,9933,9934,9930,9931,695,327974,69277600.0,OI2601
2025-09-18 10:34:00,9932,9936,9930,9936,671,327932,66885280.0,OI2601
2025-09-18 10:35:00,9935,9938,9934,9936,829,327960,82634720.0,OI2601
2025-09-18 10:36:00,9936,9939,9934,9937,637,327794,61848920.0,OI2601
2025-09-18 10:37:00,9936,9937,9934,9936,265,327784,26412550.0,OI2601
2025-09-18 10:38:00,9936,9938,9931,9933,879,327584,87609930.0,OI2601
2025-09-18 10:39:00,9933,9934,9932,9934,246,327586,24518820.0,OI2601
2025-09-18 10:40:00,9934,9937,9933,9937,240,327572,23920800.0,OI2601
2025-09-18 10:41:00,9937,9940,9935,9938,462,327473,46047540.0,OI2601
2025-09-18 10:42:00,9938,9942,9938,9941,458,327325,45648860.0,OI2601
2025-09-18 10:43:00,9941,9942,9936,9936,395,327440,39369650.0,OI2601
2025-09-18 10:44:00,9936,9937,9934,9935,403,327497,40167010.0,OI2601
2025-09-18 10:45:00,9936,9936,9933,9934,537,327437,53522790.0,OI2601
2025-09-18 10:46:00,9934,9935,9932,9935,686,327541,68373620.0,OI2601
2025-09-18 10:47:00,9935,9938,9935,9938,304,327393,30299680.0,OI2601
2025-09-18 10:48:00,9938,9939,9936,9939,358,327296,35681860.0,OI2601
2025-09-18 10:49:00,9939,9940,9937,9937,160,327285,14246030.0,OI2601
2025-09-18 10:50:00,9936,9937,9935,9936,245,327242,24416700.0,OI2601
2025-09-18 10:51:00,9937,9939,9935,9936,490,327232,48833400.0,OI2601
2025-09-18 10:52:00,9937,9942,9936,9940,326,327178,32489160.0,OI2601
2025-09-18 10:53:00,9941,9942,9935,9936,389,327163,38767740.0,OI2601
2025-09-18 10:54:00,9936,9936,9929,9931,729,327171,72652140.0,OI2601
2025-09-18 10:55:00,9931,9936,9931,9935,461,327067,45943260.0,OI2601
2025-09-18 10:56:00,9936,9938,9933,9938,535,327047,53318100.0,OI2601
2025-09-18 10:57:00,9938,9940,9936,9940,458,327069,45644280.0,OI2601
2025-09-18 10:58:00,9939,9940,9935,9935,335,327063,33386100.0,OI2601
2025-09-18 10:59:00,9935,9941,9935,9940,553,327078,55111980.0,OI2601
2025-09-18 11:00:00,9940,9941,9938,9939,766,327189,76339560.0,OI2601
2025-09-18 11:01:00,9939,9940,9936,9938,388,327155,38668080.0,OI2601
2025-09-18 11:02:00,9938,9939,9935,9938,482,327141,46273380.0,OI2601
2025-09-18 11:03:00,9938,9940,9938,9939,239,327087,23816350.0,OI2601
2025-09-18 11:04:00,9939,9940,9936,9940,872,327121,86894800.0,OI2601
2025-09-18 11:05:00,9941,9944,9941,9942,666,326963,66366900.0,OI2601
2025-09-18 11:06:00,9942,9944,9941,9943,565,326902,56302250.0,OI2601
2025-09-18 11:07:00,9943,9949,9943,9947,1341,326802,133630650.0,OI2601
2025-09-18 11:08:00,9947,9950,9947,9950,868,326953,86496200.0,OI2601
2025-09-18 11:09:00,9951,9953,9949,9949,593,326901,59092450.0,OI2601
2025-09-18 11:10:00,9949,9952,9945,9946,523,326794,52116950.0,OI2601
2025-09-18 11:11:00,9947,9949,9945,9946,519,326863,51718350.0,OI2601
2025-09-18 11:12:00,9946,9950,9946,9947,541,326818,53910650.0,OI2601
2025-09-18 11:13:00,9947,9951,9947,9951,310,326819,30891500.0,OI2601
2025-09-18 11:14:00,9950,9958,9950,9953,769,326968,76630850.0,OI2601
2025-09-18 11:15:00,9953,9960,9953,9959,816,327149,81314400.0,OI2601
2025-09-18 11:16:00,9959,9964,9956,9964,1384,327172,137915600.0,OI2601
2025-09-18 11:17:00,9965,9970,9965,9966,1742,327026,173590300.0,OI2601
2025-09-18 11:18:00,9965,9972,9965,9969,1385,327134,138015250.0,OI2601
2025-09-18 11:19:00,9970,9974,9967,9972,1127,327183,112305550.0,OI2601
2025-09-18 11:20:00,9971,9975,9968,9974,1128,327383,112405200.0,OI2601
2025-09-18 11:21:00,9974,9978,9970,9970,1655,327792,164920750.0,OI2601
2025-09-18 11:22:00,9971,9973,9968,9973,774,327760,77129100.0,OI2601
2025-09-18 11:23:00,9973,9975,9970,9974,570,327700,56800500.0,OI2601
2025-09-18 11:24:00,9974,9980,9974,9977,1821,327874,181462650.0,OI2601
2025-09-18 11:25:00,9976,9986,9976,9986,2287,328124,227899550.0,OI2601
2025-09-18 11:26:00,9987,9987,9980,9981,1311,328070,130641150.0,OI2601
2025-09-18 11:27:00,9981,9982,9977,9981,2070,328473,206275500.0,OI2601
2025-09-18 11:28:00,9980,9988,9979,9986,1346,328557,136163860.0,OI2601
2025-09-18 11:29:00,9987,9990,9985,9986,1283,328517,127863780.0,OI2601
2025-09-18 13:30:00,9979,9981,9971,9977,3903,329000,388972980.0,OI2601
2025-09-18 13:31:00,9977,9981,9973,9974,1083,328875,107931780.0,OI2601
2025-09-18 13:32:00,9974,9976,9972,9975,963,328814,95972580.0,OI2601
2025-09-18 13:33:00,9974,9975,9969,9970,1159,328454,115505940.0,OI2601
2025-09-18 13:34:00,9970,9976,9970,9975,478,328414,47637480.0,OI2601
2025-09-18 13:35:00,9975,9981,9974,9980,737,328490,73449420.0,OI2601
2025-09-18 13:36:00,9981,9983,9980,9981,458,328558,45644280.0,OI2601
2025-09-18 13:37:00,9981,9984,9980,9980,487,328523,48534420.0,OI2601
2025-09-18 13:38:00,9980,9980,9976,9977,451,328511,44946660.0,OI2601
2025-09-18 13:39:00,9977,9979,9977,9978,162,328555,16144920.0,OI2601
2025-09-18 13:40:00,9978,9981,9976,9981,355,328608,35379300.0,OI2601
2025-09-18 13:41:00,9980,9982,9977,9978,293,328643,29200380.0,OI2601
2025-09-18 13:42:00,9978,9981,9978,9981,309,328673,30794940.0,OI2601
2025-09-18 13:43:00,9980,9982,9978,9978,325,328825,32389500.0,OI2601
2025-09-18 13:44:00,9978,9979,9977,9979,241,328865,24018060.0,OI2601
2025-09-18 13:45:00,9979,9981,9975,9976,620,328886,61789200.0,OI2601
2025-09-18 13:46:00,9976,9978,9975,9977,284,328882,28303440.0,OI2601
2025-09-18 13:47:00,9977,9977,9975,9977,273,328839,27207180.0,OI2601
2025-09-18 13:48:00,9977,9988,9977,9986,1026,329077,102251160.0,OI2601
2025-09-18 13:49:00,9986,9986,9984,9985,792,329328,78930720.0,OI2601
2025-09-18 13:50:00,9985,9991,9984,9989,1063,329582,108140990.0,OI2601
2025-09-18 13:51:00,9989,9991,9987,9989,657,329761,65483190.0,OI2601
2025-09-18 13:52:00,9988,9990,9988,9988,360,329880,35881200.0,OI2601
2025-09-18 13:53:00,9988,9991,9988,9989,481,329828,47941270.0,OI2601
2025-09-18 13:54:00,9989,9990,9978,9979,1016,329773,101264720.0,OI2601
2025-09-18 13:55:00,9979,9980,9974,9975,1069,329499,106547230.0,OI2601
2025-09-18 13:56:00,9977,9978,9975,9975,504,329421,50233680.0,OI2601
2025-09-18 13:57:00,9976,9976,9974,9975,348,329403,34685160.0,OI2601
2025-09-18 13:58:00,9975,9975,9969,9969,1215,328977,121099050.0,OI2601
2025-09-18 13:59:00,9969,9972,9969,9971,421,328886,41961070.0,OI2601
2025-09-18 14:00:00,9971,9975,9969,9975,608,328843,60599360.0,OI2601
2025-09-18 14:01:00,9974,9976,9973,9975,452,328953,45050840.0,OI2601
2025-09-18 14:02:00,9974,9980,9974,9978,603,329022,60101010.0,OI2601
2025-09-18 14:03:00,9978,9979,9974,9974,493,328998,49137310.0,OI2601
2025-09-18 14:04:00,9974,9976,9972,9974,437,328977,43555790.0,OI2601
2025-09-18 14:05:00,9974,9978,9972,9978,427,328998,42559090.0,OI2601
2025-09-18 14:06:00,9978,9978,9972,9973,411,328929,40964370.0,OI2601
2025-09-18 14:07:00,9974,9975,9970,9973,468,328821,46645560.0,OI2601
2025-09-18 14:08:00,9973,9976,9973,9974,261,328852,26013870.0,OI2601
2025-09-18 14:09:00,9974,9974,9971,9972,329,328834,32791430.0,OI2601
2025-09-18 14:10:00,9972,9973,9971,9971,204,328786,20332680.0,OI2601
2025-09-18 14:11:00,9971,9971,9965,9966,928,328541,92493760.0,OI2601
2025-09-18 14:12:00,9966,9967,9963,9964,768,328435,76546560.0,OI2601
2025-09-18 14:13:00,9964,9965,9959,9965,1326,328195,132162420.0,OI2601
2025-09-18 14:14:00,9965,9968,9963,9966,544,328248,54220480.0,OI2601
2025-09-18 14:15:00,9967,9969,9963,9969,799,328238,79636330.0,OI2601
2025-09-18 14:16:00,9968,9969,9966,9966,541,328176,53921470.0,OI2601
2025-09-18 14:17:00,9967,9967,9961,9962,640,328119,63788800.0,OI2601
2025-09-18 14:18:00,9962,9963,9960,9961,453,328103,45150510.0,OI2601
2025-09-18 14:19:00,9961,9961,9954,9957,1268,327702,126381560.0,OI2601
2025-09-18 14:20:00,9957,9960,9955,9959,789,327567,78639630.0,OI2601
2025-09-18 14:21:00,9959,9960,9957,9958,340,327524,33887800.0,OI2601
2025-09-18 14:22:00,9957,9960,9957,9959,670,327518,66778900.0,OI2601
2025-09-18 14:23:00,9959,9959,9953,9953,861,327492,85815870.0,OI2601
2025-09-18 14:24:00,9953,9957,9945,9948,2076,327225,206914920.0,OI2601
2025-09-18 14:25:00,9948,9953,9948,9949,821,327239,81829070.0,OI2601
2025-09-18 14:26:00,9948,9949,9946,9947,674,327247,67177580.0,OI2601
2025-09-18 14:27:00,9948,9951,9947,9951,554,327057,55217180.0,OI2601
2025-09-18 14:28:00,9951,9954,9949,9952,791,327000,76380490.0,OI2601
2025-09-18 14:29:00,9952,9953,9950,9952,256,326976,25512960.0,OI2601
2025-09-18 14:30:00,9952,9956,9951,9951,763,326835,76040580.0,OI2601
2025-09-18 14:31:00,9951,9953,9950,9952,595,326798,59297700.0,OI2601
2025-09-18 14:32:00,9951,9954,9951,9951,390,326701,38867400.0,OI2601
2025-09-18 14:33:00,9952,9953,9949,9953,442,326740,44049720.0,OI2601
2025-09-18 14:34:00,9953,9956,9952,9956,388,326702,38668080.0,OI2601
2025-09-18 14:35:00,9956,9963,9954,9955,1236,326754,123179760.0,OI2601
2025-09-18 14:36:00,9956,9956,9950,9952,692,326829,68964720.0,OI2601
2025-09-18 14:37:00,9951,9961,9950,9960,646,326682,64380360.0,OI2601
2025-09-18 14:38:00,9960,9961,9958,9960,340,326717,33884400.0,OI2601
2025-09-18 14:39:00,9960,9960,9958,9959,139,326685,13852740.0,OI2601
2025-09-18 14:40:00,9958,9959,9953,9953,367,326626,36575220.0,OI2601
2025-09-18 14:41:00,9953,9954,9946,9947,1175,326465,117100500.0,OI2601
2025-09-18 14:42:00,9947,9949,9947,9949,257,326390,25612620.0,OI2601
2025-09-18 14:43:00,9949,9952,9949,9950,330,326353,32887800.0,OI2601
2025-09-18 14:44:00,9950,9957,9950,9955,769,326266,76638540.0,OI2601
2025-09-18 14:45:00,9955,9958,9954,9955,487,326182,48534420.0,OI2601
2025-09-18 14:46:00,9955,9958,9954,9958,353,326137,35179980.0,OI2601
2025-09-18 14:47:00,9958,9958,9954,9954,488,326004,48634080.0,OI2601
2025-09-18 14:48:00,9955,9955,9952,9953,231,325948,23021460.0,OI2601
2025-09-18 14:49:00,9953,9957,9952,9957,455,325889,45345300.0,OI2601
2025-09-18 14:50:00,9957,9961,9956,9960,399,325870,39764340.0,OI2601
2025-09-18 14:51:00,9960,9962,9955,9961,1048,325908,104443680.0,OI2601
2025-09-18 14:52:00,9961,9965,9959,9965,884,325855,88099440.0,OI2601
2025-09-18 14:53:00,9965,9969,9965,9967,845,325828,84212700.0,OI2601
2025-09-18 14:54:00,9968,9973,9967,9973,849,325927,84611340.0,OI2601
2025-09-18 14:55:00,9971,9976,9971,9974,833,325980,83016780.0,OI2601
2025-09-18 14:56:00,9975,9978,9974,9977,767,326046,76439220.0,OI2601
2025-09-18 14:57:00,9977,9977,9971,9975,762,325956,75940920.0,OI2601
2025-09-18 14:58:00,9976,9989,9975,9988,2061,326275,205399260.0,OI2601
2025-09-18 14:59:00,9990,9991,9983,9984,1829,326231,182278140.0,OI2601
2025-09-18 21:00:00,9986,9997,9975,9979,7119,327239,710974530.0,OI2601
2025-09-18 21:01:00,9980,9982,9977,9979,1967,327594,196353430.0,OI2601
2025-09-18 21:02:00,9979,9987,9979,9985,1454,327596,145091040.0,OI2601
2025-09-18 21:03:00,9984,9988,9983,9987,1335,327591,133299750.0,OI2601
2025-09-18 21:04:00,9987,9988,9985,9986,822,327685,82076700.0,OI2601
2025-09-18 21:05:00,9986,9993,9986,9987,1542,328032,154111090.0,OI2601
2025-09-18 21:06:00,9987,9988,9985,9986,897,328071,89574420.0,OI2601
2025-09-18 21:07:00,9986,9986,9976,9979,1235,327998,123163390.0,OI2601
2025-09-18 21:08:00,9979,9979,9975,9977,1117,328109,111532450.0,OI2601
2025-09-18 21:09:00,9977,9982,9977,9981,1244,328344,124213400.0,OI2601
2025-09-18 21:10:00,9981,9983,9980,9982,535,328423,53227080.0,OI2601
2025-09-18 21:11:00,9982,9983,9980,9983,660,328444,65894400.0,OI2601
2025-09-18 21:12:00,9983,9983,9980,9980,541,328523,54013440.0,OI2601
2025-09-18 21:13:00,9981,9981,9976,9979,657,328513,65594880.0,OI2601
2025-09-18 21:14:00,9979,9985,9979,9984,718,328566,71685120.0,OI2601
2025-09-18 21:15:00,9984,9984,9980,9981,368,328593,36741120.0,OI2601
2025-09-18 21:16:00,9982,9982,9980,9982,465,328693,46425600.0,OI2601
2025-09-18 21:17:00,9981,9984,9981,9982,223,328688,22264320.0,OI2601
2025-09-18 21:18:00,9982,9983,9981,9982,288,328756,28753920.0,OI2601
2025-09-18 21:19:00,9981,9984,9981,9984,324,328776,32348160.0,OI2601
2025-09-18 21:20:00,9985,9985,9979,9980,479,328814,47823360.0,OI2601
2025-09-18 21:21:00,9980,9980,9976,9977,522,328756,52116480.0,OI2601
2025-09-18 21:22:00,9977,9977,9971,9971,864,328601,86008000.0,OI2601
2025-09-18 21:23:00,9971,9974,9971,9974,540,328486,53908200.0,OI2601
2025-09-18 21:24:00,9973,9974,9969,9972,897,328299,89547510.0,OI2601
2025-09-18 21:25:00,9971,9974,9969,9974,784,328421,77990750.0,OI2601
2025-09-18 21:26:00,9973,9978,9973,9977,800,328397,79856000.0,OI2601
2025-09-18 21:27:00,9977,9983,9977,9983,673,328491,67178860.0,OI2601
2025-09-18 21:28:00,9982,9983,9980,9981,359,328503,35835380.0,OI2601
2025-09-18 21:29:00,9981,9990,9981,9990,1310,328675,130764200.0,OI2601
2025-09-18 21:30:00,9990,9991,9987,9988,1424,328943,142465310.0,OI2601
2025-09-18 21:31:00,9988,9988,9984,9985,656,329088,65488480.0,OI2601
2025-09-18 21:32:00,9986,9991,9986,9988,909,329419,90745470.0,OI2601
2025-09-18 21:33:00,9989,10001,9989,9999,3557,330333,355468160.0,OI2601
2025-09-18 21:34:00,10000,10001,9997,9998,1659,330634,166024000.0,OI2601
2025-09-18 21:35:00,9998,10000,9995,9995,1237,330997,123514450.0,OI2601
2025-09-18 21:36:00,9996,9999,9995,9998,633,331094,63613190.0,OI2601
2025-09-18 21:37:00,9998,10000,9988,9988,1470,330871,146794200.0,OI2601
2025-09-18 21:38:00,9989,9991,9986,9987,614,330789,61314040.0,OI2601
2025-09-18 21:39:00,9987,9992,9986,9989,489,330837,48831540.0,OI2601
2025-09-18 21:40:00,9991,9991,9986,9987,545,330872,54423700.0,OI2601
2025-09-18 21:41:00,9988,9990,9985,9987,809,330675,80786740.0,OI2601
2025-09-18 21:42:00,9987,9992,9987,9990,390,330701,38945400.0,OI2601
2025-09-18 21:43:00,9990,9997,9989,9996,514,330671,51328040.0,OI2601
2025-09-18 21:44:00,9996,9999,9994,9994,776,330724,77491360.0,OI2601
2025-09-18 21:45:00,9994,9994,9991,9993,414,330739,41342040.0,OI2601
2025-09-18 21:46:00,9992,9996,9992,9995,534,330806,53325240.0,OI2601
2025-09-18 21:47:00,9995,9998,9990,9991,655,330933,65408300.0,OI2601
2025-09-18 21:48:00,9991,9995,9991,9995,375,330893,37931490.0,OI2601
2025-09-18 21:49:00,9994,10007,9994,10003,3317,331912,331785950.0,OI2601
2025-09-18 21:50:00,10003,10004,10001,10004,985,332048,98381800.0,OI2601
2025-09-18 21:51:00,10004,10008,10002,10004,1484,332379,148221920.0,OI2601
2025-09-18 21:52:00,10004,10005,10001,10004,1156,332582,116014690.0,OI2601
2025-09-18 21:53:00,10004,10008,10000,10001,1018,332620,101688020.0,OI2601
2025-09-18 21:54:00,10000,10002,9998,10001,718,332586,71721020.0,OI2601
2025-09-18 21:55:00,10002,10005,9999,10005,780,332686,77914200.0,OI2601
2025-09-18 21:56:00,10004,10005,9999,10000,590,332708,58935100.0,OI2601
2025-09-18 21:57:00,10001,10005,10000,10005,540,332790,53940600.0,OI2601
2025-09-18 21:58:00,10004,10005,10003,10004,243,332815,24865570.0,OI2601
2025-09-18 21:59:00,10005,10010,10004,10009,1870,333054,186813000.0,OI2601
2025-09-18 22:00:00,10009,10014,10008,10014,1623,333270,162764930.0,OI2601
2025-09-18 22:01:00,10014,10018,10013,10017,2014,333441,201218740.0,OI2601
2025-09-18 22:02:00,10016,10019,10014,10018,1785,333546,179004570.0,OI2601
2025-09-18 22:03:00,10018,10023,10018,10021,2265,333734,227006670.0,OI2601
2025-09-18 22:04:00,10021,10024,10012,10016,2701,333867,270625810.0,OI2601
2025-09-18 22:05:00,10017,10021,10016,10021,1196,334095,119528240.0,OI2601
2025-09-18 22:06:00,10021,10025,10021,10022,1264,334275,127063640.0,OI2601
2025-09-18 22:07:00,10022,10023,10019,10019,798,334232,79760100.0,OI2601
2025-09-18 22:08:00,10019,10023,10017,10022,807,334245,80659650.0,OI2601
2025-09-18 22:09:00,10022,10025,10021,10024,633,334405,64030210.0,OI2601
2025-09-18 22:10:00,10024,10024,10016,10018,975,334340,97461000.0,OI2601
2025-09-18 22:11:00,10018,10020,10017,10017,541,334384,54078360.0,OI2601
2025-09-18 22:12:00,10018,10022,10016,10020,813,334325,81267480.0,OI2601
2025-09-18 22:13:00,10021,10025,10017,10018,1982,334548,198925690.0,OI2601
2025-09-18 22:14:00,10018,10019,10015,10019,551,334470,55083470.0,OI2601
2025-09-18 22:15:00,10018,10020,10017,10018,399,334476,39888030.0,OI2601
2025-09-18 22:16:00,10018,10025,10018,10022,835,334479,83474950.0,OI2601
2025-09-18 22:17:00,10022,10023,10020,10020,354,334555,36215740.0,OI2601
2025-09-18 22:18:00,10021,10022,10020,10021,286,334553,28594280.0,OI2601
2025-09-18 22:19:00,10020,10024,10017,10017,517,334507,51689660.0,OI2601
2025-09-18 22:20:00,10017,10018,10012,10013,1327,334172,132673460.0,OI2601
2025-09-18 22:21:00,10013,10014,10011,10011,638,333900,63787240.0,OI2601
2025-09-18 22:22:00,10011,10015,10009,10012,1273,333860,127274540.0,OI2601
2025-09-18 22:23:00,10012,10015,10011,10012,370,333818,36992600.0,OI2601
2025-09-18 22:24:00,10012,10013,10009,10010,671,333659,67086580.0,OI2601
2025-09-18 22:25:00,10010,10015,10010,10012,418,333792,42673000.0,OI2601
2025-09-18 22:26:00,10012,10015,10012,10012,269,333766,26897310.0,OI2601
2025-09-18 22:27:00,10012,10013,10011,10013,231,333724,23097690.0,OI2601
2025-09-18 22:28:00,10012,10013,10008,10009,866,333577,86591340.0,OI2601
2025-09-18 22:29:00,10010,10011,10009,10010,354,333591,35396460.0,OI2601
2025-09-18 22:30:00,10010,10012,10009,10010,448,333540,44795520.0,OI2601
2025-09-18 22:31:00,10009,10016,10009,10015,624,333448,62393760.0,OI2601
2025-09-18 22:32:00,10015,10016,10012,10013,425,333376,42495750.0,OI2601
2025-09-18 22:33:00,10013,10013,10010,10011,182,333372,18198180.0,OI2601
2025-09-18 22:34:00,10011,10013,10008,10011,447,333313,44695530.0,OI2601
2025-09-18 22:35:00,10011,10013,10005,10006,1048,333196,104789520.0,OI2601
2025-09-18 22:36:00,10006,10007,10001,10003,1520,332708,151984800.0,OI2601
2025-09-18 22:37:00,10003,10007,10002,10007,619,332667,61893810.0,OI2601
2025-09-18 22:38:00,10007,10007,10004,10006,334,332803,33396660.0,OI2601
2025-09-18 22:39:00,10005,10006,10003,10004,247,332798,24697530.0,OI2601
2025-09-18 22:40:00,10004,10007,10003,10005,607,332804,60693930.0,OI2601
2025-09-18 22:41:00,10005,10005,10002,10003,398,332759,39796020.0,OI2601
2025-09-18 22:42:00,10003,10003,9999,10000,1224,332473,122387760.0,OI2601
2025-09-18 22:43:00,10000,10002,9999,10000,424,332475,42395760.0,OI2601
2025-09-18 22:44:00,10001,10002,10000,10000,248,332388,24797520.0,OI2601
2025-09-18 22:45:00,10001,10004,10001,10002,448,332434,44795520.0,OI2601
2025-09-18 22:46:00,10002,10005,10001,10001,577,332350,57694230.0,OI2601
2025-09-18 22:47:00,10002,10008,10001,10008,494,332213,49395060.0,OI2601
2025-09-18 22:48:00,10008,10009,10006,10007,390,332191,38996100.0,OI2601
2025-09-18 22:49:00,10006,10008,10005,10008,163,332136,16298370.0,OI2601
2025-09-18 22:50:00,10008,10008,10005,10005,327,332097,33707230.0,OI2601
2025-09-18 22:51:00,10005,10005,10002,10005,298,332081,29800000.0,OI2601
2025-09-18 22:52:00,10005,10007,10003,10003,200,332072,20000000.0,OI2601
2025-09-18 22:53:00,10003,10005,10003,10005,138,332017,13800000.0,OI2601
2025-09-18 22:54:00,10004,10004,10001,10004,464,331830,46400000.0,OI2601
2025-09-18 22:55:00,10004,10004,9995,10000,1448,331098,144800000.0,OI2601
2025-09-18 22:56:00,9999,10002,9997,10000,724,330722,72400000.0,OI2601
2025-09-18 22:57:00,10000,10004,9999,10003,289,330640,28900000.0,OI2601
2025-09-18 22:58:00,10005,10005,10002,10003,439,330474,43900000.0,OI2601
2025-09-18 22:59:00,10004,10007,10002,10006,637,330096,63700000.0,OI2601
2025-09-19 09:00:00,9993,10005,9993,10001,2627,330164,262700000.0,OI2601
2025-09-19 09:01:00,10001,10015,10001,10011,1988,330444,198800000.0,OI2601
2025-09-19 09:02:00,10012,10015,10007,10014,1068,330707,106800000.0,OI2601
2025-09-19 09:03:00,10015,10018,10011,10014,1080,330958,108000000.0,OI2601
2025-09-19 09:04:00,10014,10018,10012,10017,625,331125,62500000.0,OI2601
2025-09-19 09:05:00,10018,10022,10018,10020,1883,331782,188300000.0,OI2601
2025-09-19 09:06:00,10023,10025,10017,10017,1566,331989,157765240.0,OI2601
2025-09-19 09:07:00,10018,10020,10017,10018,475,331992,47504750.0,OI2601
2025-09-19 09:08:00,10018,10018,10014,10018,577,331984,57705770.0,OI2601
2025-09-19 09:09:00,10018,10018,10015,10017,531,332114,53105310.0,OI2601
2025-09-19 09:10:00,10018,10031,10018,10028,2232,332622,223222320.0,OI2601
2025-09-19 09:11:00,10029,10030,10025,10027,932,332721,94422030.0,OI2601
2025-09-19 09:12:00,10028,10030,10027,10028,548,332804,54810960.0,OI2601
2025-09-19 09:13:00,10028,10030,10026,10028,595,332869,59511900.0,OI2601
2025-09-19 09:14:00,10029,10032,10027,10029,724,333073,72414480.0,OI2601
2025-09-19 09:15:00,10030,10031,10028,10030,685,333275,68513700.0,OI2601
2025-09-19 09:16:00,10030,10035,10028,10034,995,333578,99519900.0,OI2601
2025-09-19 09:17:00,10034,10040,10033,10040,1863,334185,187604070.0,OI2601
2025-09-19 09:18:00,10040,10041,10036,10037,853,334501,85325590.0,OI2601
2025-09-19 09:19:00,10037,10044,10036,10043,1384,334984,139730700.0,OI2601
2025-09-19 09:20:00,10044,10044,10039,10040,620,335147,62024800.0,OI2601
2025-09-19 09:21:00,10041,10046,10041,10045,1137,335397,113745480.0,OI2601
2025-09-19 09:22:00,10045,10048,10043,10047,926,335741,92637040.0,OI2601
2025-09-19 09:23:00,10047,10051,10047,10047,1902,336414,191611110.0,OI2601
2025-09-19 09:24:00,10048,10052,10045,10052,1274,336780,127463700.0,OI2601
2025-09-19 09:25:00,10052,10063,10052,10060,3656,338259,368551460.0,OI2601
2025-09-19 09:26:00,10059,10061,10057,10058,1116,338560,111678120.0,OI2601
2025-09-19 09:27:00,10059,10061,10058,10058,662,338862,67648450.0,OI2601
2025-09-19 09:28:00,10059,10063,10058,10063,894,339165,89471520.0,OI2601
2025-09-19 09:29:00,10062,10066,10061,10063,1064,339482,106485120.0,OI2601
2025-09-19 09:30:00,10063,10063,10056,10056,995,339485,101011240.0,OI2601
2025-09-19 09:31:00,10056,10059,10054,10055,1024,339442,102492160.0,OI2601
2025-09-19 09:32:00,10055,10057,10053,10056,875,339410,87578750.0,OI2601
2025-09-19 09:33:00,10056,10061,10054,10061,856,339633,87136230.0,OI2601
2025-09-19 09:34:00,10061,10061,10057,10060,543,339743,54354300.0,OI2601
2025-09-19 09:35:00,10060,10066,10059,10064,929,339979,92992900.0,OI2601
2025-09-19 09:36:00,10063,10064,10058,10059,492,339998,49249200.0,OI2601
2025-09-19 09:37:00,10059,10060,10054,10057,1116,340416,113201590.0,OI2601
2025-09-19 09:38:00,10058,10058,10056,10057,260,340394,26028600.0,OI2601
2025-09-19 09:39:00,10057,10057,10051,10051,643,340211,64370730.0,OI2601
2025-09-19 09:40:00,10051,10051,10047,10049,1032,340101,103313520.0,OI2601
2025-09-19 09:41:00,10050,10053,10050,10051,350,340149,35038500.0,OI2601
2025-09-19 09:42:00,10052,10057,10052,10053,409,340186,40944990.0,OI2601
2025-09-19 09:43:00,10054,10056,10052,10055,184,340217,18420240.0,OI2601
2025-09-19 09:44:00,10055,10056,10053,10055,383,340380,38342130.0,OI2601
2025-09-19 09:45:00,10056,10059,10055,10056,572,340561,58791240.0,OI2601
2025-09-19 09:46:00,10056,10060,10056,10058,487,340690,48758440.0,OI2601
2025-09-19 09:47:00,10058,10059,10054,10054,417,340706,41750040.0,OI2601
2025-09-19 09:48:00,10054,10054,10050,10051,554,340758,55466480.0,OI2601
2025-09-19 09:49:00,10051,10053,10049,10050,424,340758,42450880.0,OI2601
2025-09-19 09:50:00,10050,10052,10045,10047,1109,340545,111033080.0,OI2601
2025-09-19 09:51:00,10048,10048,10045,10047,681,340483,69746760.0,OI2601
2025-09-19 09:52:00,10047,10050,10046,10048,575,340605,57574750.0,OI2601
2025-09-19 09:53:00,10048,10048,10042,10042,632,340406,63282160.0,OI2601
2025-09-19 09:54:00,10041,10048,10041,10048,739,340347,73996070.0,OI2601
2025-09-19 09:55:00,10048,10057,10047,10056,859,340362,86011670.0,OI2601
2025-09-19 09:56:00,10056,10057,10052,10053,506,340406,50665780.0,OI2601
2025-09-19 09:57:00,10053,10055,10052,10052,410,340479,41053300.0,OI2601
2025-09-19 09:58:00,10054,10056,10052,10053,412,340616,42859930.0,OI2601
2025-09-19 09:59:00,10052,10053,10050,10050,326,340646,32645640.0,OI2601
2025-09-19 10:00:00,10051,10061,10049,10060,1271,340975,127277940.0,OI2601
2025-09-19 10:01:00,10059,10062,10058,10060,959,341311,96034260.0,OI2601
2025-09-19 10:02:00,10059,10064,10059,10064,538,341476,53875320.0,OI2601
2025-09-19 10:03:00,10063,10069,10063,10067,1751,341744,176999960.0,OI2601
2025-09-19 10:04:00,10067,10067,10061,10063,886,341688,88732900.0,OI2601
2025-09-19 10:05:00,10063,10070,10062,10069,1007,341990,100851050.0,OI2601
2025-09-19 10:06:00,10069,10074,10068,10069,1561,342288,158023510.0,OI2601
2025-09-19 10:07:00,10068,10069,10067,10069,509,342367,50981440.0,OI2601
2025-09-19 10:08:00,10069,10070,10064,10064,960,342466,96153600.0,OI2601
2025-09-19 10:09:00,10064,10068,10063,10066,640,342500,65812850.0,OI2601
2025-09-19 10:10:00,10065,10068,10061,10068,711,342533,71220870.0,OI2601
2025-09-19 10:11:00,10068,10068,10064,10066,439,342649,43974630.0,OI2601
2025-09-19 10:12:00,10066,10075,10066,10070,1027,342935,102874590.0,OI2601
2025-09-19 10:13:00,10070,10071,10067,10067,370,343011,37062900.0,OI2601
2025-09-19 10:14:00,10066,10074,10066,10072,814,343192,83282440.0,OI2601
2025-09-19 10:30:00,10068,10082,10066,10076,2775,344161,279771310.0,OI2601
2025-09-19 10:31:00,10076,10083,10076,10082,1685,344900,168820150.0,OI2601
2025-09-19 10:32:00,10082,10090,10079,10088,2571,345757,259402860.0,OI2601
2025-09-19 10:33:00,10087,10093,10087,10093,2069,346322,209148860.0,OI2601
2025-09-19 10:34:00,10094,10095,10087,10089,1754,346859,175768340.0,OI2601
2025-09-19 10:35:00,10090,10092,10087,10090,1377,347200,139855540.0,OI2601
2025-09-19 10:36:00,10089,10094,10088,10090,1178,347672,118059160.0,OI2601
2025-09-19 10:37:00,10090,10091,10087,10091,1011,347801,103210680.0,OI2601
2025-09-19 10:38:00,10091,10091,10088,10089,607,348051,60839610.0,OI2601
2025-09-19 10:39:00,10089,10091,10089,10091,719,348330,72065370.0,OI2601
2025-09-19 10:40:00,10091,10105,10091,10104,4102,349411,415028540.0,OI2601
2025-09-19 10:41:00,10104,10104,10095,10095,1473,349543,147668250.0,OI2601
2025-09-19 10:42:00,10096,10099,10095,10097,1144,350038,116654710.0,OI2601
2025-09-19 10:43:00,10096,10099,10093,10098,1191,350270,119409660.0,OI2601
2025-09-19 10:44:00,10098,10099,10089,10094,1423,350198,144664830.0,OI2601
2025-09-19 10:45:00,10094,10094,10082,10084,2297,350080,230320190.0,OI2601
2025-09-19 10:46:00,10084,10090,10083,10090,896,350148,91868700.0,OI2601
2025-09-19 10:47:00,10089,10097,10089,10091,1277,350378,128057560.0,OI2601
2025-09-19 10:48:00,10092,10094,10091,10092,702,350458,70396560.0,OI2601
2025-09-19 10:49:00,10092,10092,10089,10090,774,350632,79671030.0,OI2601
2025-09-19 10:50:00,10090,10093,10090,10091,643,350881,64486470.0,OI2601
2025-09-19 10:51:00,10091,10098,10091,10091,890,351138,89258100.0,OI2601
2025-09-19 10:52:00,10092,10095,10090,10091,626,351313,62781540.0,OI2601
2025-09-19 10:53:00,10090,10091,10085,10087,955,351286,95776950.0,OI2601
2025-09-19 10:54:00,10087,10088,10084,10085,515,351390,53739950.0,OI2601
2025-09-19 10:55:00,10086,10088,10079,10081,1372,351045,137611600.0,OI2601
2025-09-19 10:56:00,10080,10085,10079,10082,959,351003,96187700.0,OI2601
2025-09-19 10:57:00,10083,10085,10080,10081,1051,350973,105415300.0,OI2601
2025-09-19 10:58:00,10080,10086,10080,10086,881,351111,90497530.0,OI2601
2025-09-19 10:59:00,10086,10093,10086,10090,1120,351159,112347200.0,OI2601
2025-09-19 11:00:00,10090,10095,10088,10091,1115,351421,111845650.0,OI2601
2025-09-19 11:01:00,10091,10093,10088,10088,480,351556,48148800.0,OI2601
2025-09-19 11:02:00,10089,10089,10084,10085,887,351480,91144220.0,OI2601
2025-09-19 11:03:00,10086,10090,10085,10090,543,351562,54473760.0,OI2601
2025-09-19 11:04:00,10090,10091,10088,10088,461,351665,46247520.0,OI2601
2025-09-19 11:05:00,10088,10091,10085,10089,634,351699,63602880.0,OI2601
2025-09-19 11:06:00,10088,10090,10087,10090,259,351714,25982880.0,OI2601
2025-09-19 11:07:00,10091,10093,10089,10090,533,351700,53470560.0,OI2601
2025-09-19 11:08:00,10090,10092,10088,10092,289,351764,28992480.0,OI2601
2025-09-19 11:09:00,10091,10092,10088,10089,326,351753,32704320.0,OI2601
2025-09-19 11:10:00,10089,10089,10086,10088,522,351725,54571960.0,OI2601
2025-09-19 11:11:00,10089,10089,10086,10088,651,351752,65314830.0,OI2601
2025-09-19 11:12:00,10088,10089,10087,10088,298,351822,29898340.0,OI2601
2025-09-19 11:13:00,10088,10094,10087,10093,555,351979,55683150.0,OI2601
2025-09-19 11:14:00,10094,10097,10093,10094,955,352214,95815150.0,OI2601
2025-09-19 11:15:00,10095,10097,10093,10093,521,352304,52271930.0,OI2601
2025-09-19 11:16:00,10093,10095,10090,10094,746,352456,77088360.0,OI2601
2025-09-19 11:17:00,10094,10104,10094,10099,2830,353365,283962200.0,OI2601
2025-09-19 11:18:00,10099,10102,10099,10100,866,353550,89173580.0,OI2601
2025-09-19 11:19:00,10100,10101,10095,10095,936,353722,93927600.0,OI2601
2025-09-19 11:20:00,10095,10098,10094,10096,504,353771,50576400.0,OI2601
2025-09-19 11:21:00,10096,10102,10095,10099,1001,354097,100450350.0,OI2601
2025-09-19 11:22:00,10100,10104,10099,10104,1090,354334,111695950.0,OI2601
2025-09-19 11:23:00,10104,10113,10104,10108,3676,355076,371274570.0,OI2601
2025-09-19 11:24:00,10109,10109,10102,10103,870,355259,87321900.0,OI2601
2025-09-19 11:25:00,10103,10106,10096,10096,1269,355367,127369530.0,OI2601
2025-09-19 11:26:00,10096,10098,10090,10093,1739,355162,176933420.0,OI2601
2025-09-19 11:27:00,10093,10093,10086,10091,1426,355022,143141880.0,OI2601
2025-09-19 11:28:00,10091,10092,10090,10091,526,354957,52799880.0,OI2601
2025-09-19 11:29:00,10090,10100,10090,10098,1037,354924,104094060.0,OI2601
2025-09-19 13:30:00,10095,10095,10085,10088,1597,355026,162742710.0,OI2601
2025-09-19 13:31:00,10088,10092,10088,10089,713,355155,71578070.0,OI2601
2025-09-19 13:32:00,10090,10092,10086,10088,742,355222,74489380.0,OI2601
2025-09-19 13:33:00,10088,10090,10086,10090,847,355403,85030330.0,OI2601
2025-09-19 13:34:00,10090,10091,10088,10089,360,355529,36140400.0,OI2601
2025-09-19 13:35:00,10090,10090,10089,10090,385,355576,38650150.0,OI2601
2025-09-19 13:36:00,10090,10091,10087,10089,466,355622,46781740.0,OI2601
2025-09-19 13:37:00,10088,10088,10078,10080,2687,355564,272245780.0,OI2601
2025-09-19 13:38:00,10080,10082,10078,10082,1093,355481,109737200.0,OI2601
2025-09-19 13:39:00,10080,10082,10077,10079,1017,355490,102106800.0,OI2601
2025-09-19 13:40:00,10080,10083,10079,10083,1180,355678,118472000.0,OI2601
2025-09-19 13:41:00,10082,10084,10076,10076,1033,355769,106254280.0,OI2601
2025-09-19 13:42:00,10076,10077,10071,10072,2073,355929,208149930.0,OI2601
2025-09-19 13:43:00,10071,10072,10068,10069,2057,355552,206543370.0,OI2601
2025-09-19 13:44:00,10069,10071,10065,10069,2593,355360,260363130.0,OI2601
2025-09-19 13:45:00,10068,10080,10068,10079,1882,355336,191598750.0,OI2601
2025-09-19 13:46:00,10079,10086,10078,10083,1103,355439,110763260.0,OI2601
2025-09-19 13:47:00,10084,10084,10080,10081,800,355437,80336000.0,OI2601
2025-09-19 13:48:00,10080,10084,10080,10082,769,355307,77222980.0,OI2601
2025-09-19 13:49:00,10082,10090,10080,10089,1633,355553,163985860.0,OI2601
2025-09-19 13:50:00,10088,10090,10087,10087,612,355615,61457040.0,OI2601
2025-09-19 13:51:00,10087,10089,10085,10088,643,355825,67252790.0,OI2601
2025-09-19 13:52:00,10089,10089,10080,10084,786,355820,78937980.0,OI2601
2025-09-19 13:53:00,10085,10085,10080,10080,439,355929,44088770.0,OI2601
2025-09-19 13:54:00,10081,10082,10077,10081,721,355956,72410030.0,OI2601
2025-09-19 13:55:00,10080,10083,10079,10083,337,355965,33844910.0,OI2601
2025-09-19 13:56:00,10083,10083,10080,10080,196,355999,19684280.0,OI2601
2025-09-19 13:57:00,10080,10081,10079,10080,102,356032,10243860.0,OI2601
2025-09-19 13:58:00,10081,10083,10080,10081,342,356080,34347060.0,OI2601
2025-09-19 13:59:00,10081,10081,10078,10078,404,356022,40573720.0,OI2601
2025-09-19 14:00:00,10077,10079,10072,10079,1049,355870,105351070.0,OI2601
2025-09-19 14:01:00,10079,10082,10078,10080,548,355934,55035640.0,OI2601
2025-09-19 14:02:00,10082,10084,10080,10083,450,355834,45193500.0,OI2601
2025-09-19 14:03:00,10083,10083,10078,10080,558,355693,56039940.0,OI2601
2025-09-19 14:04:00,10080,10081,10078,10080,667,355856,66986810.0,OI2601
2025-09-19 14:05:00,10080,10084,10080,10083,344,355815,34547920.0,OI2601
2025-09-19 14:06:00,10083,10087,10083,10087,800,355842,83104160.0,OI2601
2025-09-19 14:07:00,10087,10090,10086,10086,789,355815,79247160.0,OI2601
2025-09-19 14:08:00,10086,10087,10082,10084,410,355782,41180400.0,OI2601
2025-09-19 14:09:00,10084,10086,10083,10083,202,355815,20288880.0,OI2601
2025-09-19 14:10:00,10083,10085,10080,10083,437,355856,43892280.0,OI2601
2025-09-19 14:11:00,10083,10085,10081,10084,275,355792,27621000.0,OI2601
2025-09-19 14:12:00,10084,10084,10081,10083,230,355770,23101200.0,OI2601
2025-09-19 14:13:00,10083,10083,10079,10080,382,355803,38368080.0,OI2601
2025-09-19 14:14:00,10080,10083,10079,10080,361,355775,36258840.0,OI2601
2025-09-19 14:15:00,10080,10084,10079,10083,483,355756,48512520.0,OI2601
2025-09-19 14:16:00,10083,10084,10080,10082,327,355729,32843880.0,OI2601
2025-09-19 14:17:00,10081,10082,10075,10076,661,355638,66390840.0,OI2601
2025-09-19 14:18:00,10077,10080,10076,10077,509,355644,51123960.0,OI2601
2025-09-19 14:19:00,10077,10080,10076,10079,220,355640,22096800.0,OI2601
2025-09-19 14:20:00,10079,10081,10078,10080,230,355643,23101200.0,OI2601
2025-09-19 14:21:00,10080,10082,10078,10081,293,355574,29428920.0,OI2601
2025-09-19 14:22:00,10081,10081,10078,10079,157,355544,15769080.0,OI2601
2025-09-19 14:23:00,10079,10079,10076,10079,280,355558,28123200.0,OI2601
2025-09-19 14:24:00,10079,10080,10078,10079,127,355567,12755880.0,OI2601
2025-09-19 14:25:00,10080,10080,10078,10078,239,355544,24005160.0,OI2601
2025-09-19 14:26:00,10079,10083,10075,10075,676,355572,70730480.0,OI2601
2025-09-19 14:27:00,10076,10076,10069,10074,1294,355657,129982300.0,OI2601
2025-09-19 14:28:00,10072,10075,10072,10073,379,355631,38070550.0,OI2601
2025-09-19 14:29:00,10074,10074,10073,10073,180,355564,18081000.0,OI2601
2025-09-19 14:30:00,10074,10076,10071,10075,565,355496,56754250.0,OI2601
2025-09-19 14:31:00,10075,10075,10072,10075,308,355469,30938600.0,OI2601
2025-09-19 14:32:00,10074,10075,10072,10072,413,355303,41485850.0,OI2601
2025-09-19 14:33:00,10071,10072,10067,10069,751,355123,75437950.0,OI2601
2025-09-19 14:34:00,10070,10070,10067,10069,504,354970,50626800.0,OI2601
2025-09-19 14:35:00,10070,10071,10063,10066,1437,354637,144346650.0,OI2601
2025-09-19 14:36:00,10066,10070,10066,10069,541,354612,54343450.0,OI2601
2025-09-19 14:37:00,10070,10072,10069,10071,549,354564,55147050.0,OI2601
2025-09-19 14:38:00,10071,10071,10065,10066,722,354319,72524900.0,OI2601
2025-09-19 14:39:00,10065,10066,10062,10064,1080,354124,108486000.0,OI2601
2025-09-19 14:40:00,10064,10069,10062,10067,1050,354176,105472500.0,OI2601
2025-09-19 14:41:00,10066,10067,10063,10063,453,354123,45503850.0,OI2601
2025-09-19 14:42:00,10063,10065,10062,10064,365,354040,36664250.0,OI2601
2025-09-19 14:43:00,10065,10066,10063,10064,711,354124,71419950.0,OI2601
2025-09-19 14:44:00,10064,10064,10058,10063,1294,353653,132941300.0,OI2601
2025-09-19 14:45:00,10062,10063,10057,10059,1280,353385,128588800.0,OI2601
2025-09-19 14:46:00,10060,10061,10058,10058,840,353353,84386400.0,OI2601
2025-09-19 14:47:00,10057,10058,10054,10057,1108,353247,111309680.0,OI2601
2025-09-19 14:48:00,10056,10067,10055,10065,1918,353665,192682280.0,OI2601
2025-09-19 14:49:00,10065,10069,10064,10065,1203,353545,120853380.0,OI2601
2025-09-19 14:50:00,10065,10065,10062,10063,1140,353804,114524400.0,OI2601
2025-09-19 14:51:00,10063,10066,10063,10065,995,354011,99957700.0,OI2601
2025-09-19 14:52:00,10065,10070,10064,10070,1158,353925,116332680.0,OI2601
2025-09-19 14:53:00,10070,10070,10062,10062,911,353694,91519060.0,OI2601
2025-09-19 14:54:00,10063,10067,10063,10065,692,353536,69518320.0,OI2601
2025-09-19 14:55:00,10065,10067,10064,10066,648,353394,65098080.0,OI2601
2025-09-19 14:56:00,10066,10069,10062,10064,901,353174,90514460.0,OI2601
2025-09-19 14:57:00,10064,10064,10060,10064,979,352880,98350340.0,OI2601
2025-09-19 14:58:00,10064,10066,10063,10064,984,352784,98852640.0,OI2601
2025-09-19 14:59:00,10064,10069,10063,10068,1470,352429,147676200.0,OI2601
2025-09-19 21:00:00,10079,10079,10063,10064,5594,352665,563483620.0,OI2601
2025-09-19 21:01:00,10064,10070,10059,10060,3309,352150,333048480.0,OI2601
2025-09-19 21:02:00,10060,10068,10059,10068,1141,352355,114798260.0,OI2601
2025-09-19 21:03:00,10069,10071,10066,10067,1232,352523,124050080.0,OI2601
2025-09-19 21:04:00,10066,10066,10062,10063,1063,352507,107033470.0,OI2601
2025-09-19 21:05:00,10062,10063,10057,10060,1456,352625,146466690.0,OI2601
2025-09-19 21:06:00,10060,10063,10058,10061,894,352529,89861030.0,OI2601
2025-09-19 21:07:00,10062,10066,10061,10065,669,352637,67348230.0,OI2601
2025-09-19 21:08:00,10065,10065,10060,10060,626,352664,63019420.0,OI2601
2025-09-19 21:09:00,10061,10062,10060,10061,412,352702,41476040.0,OI2601
2025-09-19 21:10:00,10061,10066,10061,10062,551,352743,55469170.0,OI2601
2025-09-19 21:11:00,10061,10061,10057,10058,1012,352665,101698450.0,OI2601
2025-09-19 21:12:00,10057,10060,10057,10060,389,352732,39156740.0,OI2601
2025-09-19 21:13:00,10059,10063,10058,10063,419,352705,42176540.0,OI2601
2025-09-19 21:14:00,10062,10062,10059,10061,387,352656,38955420.0,OI2601
2025-09-19 21:15:00,10061,10062,10059,10059,525,352792,52846500.0,OI2601
2025-09-19 21:16:00,10059,10064,10059,10064,990,352816,99446710.0,OI2601
2025-09-19 21:17:00,10064,10064,10060,10060,272,352822,27376800.0,OI2601
2025-09-19 21:18:00,10061,10062,10058,10061,558,352931,56162700.0,OI2601
2025-09-19 21:19:00,10062,10062,10056,10057,685,353026,68945250.0,OI2601
2025-09-19 21:20:00,10058,10060,10056,10057,889,353080,89477850.0,OI2601
2025-09-19 21:21:00,10057,10059,10056,10056,474,353066,47708100.0,OI2601
2025-09-19 21:22:00,10055,10060,10055,10059,456,353094,45656370.0,OI2601
2025-09-19 21:23:00,10059,10063,10058,10062,443,353156,44583520.0,OI2601
2025-09-19 21:24:00,10062,10063,10061,10062,365,353209,36733600.0,OI2601
2025-09-19 21:25:00,10061,10061,10054,10054,1054,353230,106074560.0,OI2601
2025-09-19 21:26:00,10055,10060,10055,10059,368,353268,37035520.0,OI2601
2025-09-19 21:27:00,10059,10060,10058,10059,199,353285,20027360.0,OI2601
2025-09-19 21:28:00,10059,10063,10058,10063,575,353478,57868000.0,OI2601
2025-09-19 21:29:00,10062,10063,10057,10058,473,353586,47602720.0,OI2601
2025-09-19 21:30:00,10056,10057,10053,10055,1916,353545,192532280.0,OI2601
2025-09-19 21:31:00,10054,10067,10054,10064,1689,353758,169964070.0,OI2601
2025-09-19 21:32:00,10064,10070,10063,10070,1250,353859,125787500.0,OI2601
2025-09-19 21:33:00,10069,10072,10066,10071,930,354035,93585900.0,OI2601
2025-09-19 21:34:00,10072,10072,10070,10071,883,354188,89197770.0,OI2601
2025-09-19 21:35:00,10071,10076,10071,10074,1063,354334,106980320.0,OI2601
2025-09-19 21:36:00,10075,10076,10074,10075,615,354517,61893600.0,OI2601
2025-09-19 21:37:00,10076,10076,10072,10073,606,354541,60987840.0,OI2601
2025-09-19 21:38:00,10073,10073,10068,10069,427,354497,42973280.0,OI2601
2025-09-19 21:39:00,10069,10069,10066,10068,605,354495,60887200.0,OI2601
2025-09-19 21:40:00,10068,10072,10067,10071,636,354623,64007040.0,OI2601
2025-09-19 21:41:00,10070,10071,10068,10070,331,354757,33696150.0,OI2601
2025-09-19 21:42:00,10070,10074,10070,10072,426,354924,42876900.0,OI2601
2025-09-19 21:43:00,10072,10074,10071,10074,152,354933,15298800.0,OI2601
2025-09-19 21:44:00,10073,10075,10071,10073,703,355016,70756950.0,OI2601
2025-09-19 21:45:00,10072,10073,10070,10070,490,355044,49318500.0,OI2601
2025-09-19 21:46:00,10070,10072,10069,10071,277,355047,27880050.0,OI2601
2025-09-19 21:47:00,10071,10072,10068,10070,634,355105,63812100.0,OI2601
2025-09-19 21:48:00,10070,10078,10070,10078,861,355362,86659650.0,OI2601
2025-09-19 21:49:00,10078,10078,10072,10073,754,355512,75890100.0,OI2601
2025-09-19 21:50:00,10074,10076,10073,10076,422,355634,42474300.0,OI2601
2025-09-19 21:51:00,10075,10077,10074,10076,469,355678,47641040.0,OI2601
2025-09-19 21:52:00,10076,10083,10075,10082,1263,355869,127133580.0,OI2601
2025-09-19 21:53:00,10082,10086,10082,10084,1546,355913,156084640.0,OI2601
2025-09-19 21:54:00,10085,10085,10081,10081,432,355923,43489440.0,OI2601
2025-09-19 21:55:00,10081,10083,10077,10078,725,356015,72985750.0,OI2601
2025-09-19 21:56:00,10077,10080,10077,10079,357,356089,35939190.0,OI2601
2025-09-19 21:57:00,10078,10079,10076,10076,349,356083,35133830.0,OI2601
2025-09-19 21:58:00,10077,10077,10073,10074,439,355943,44194130.0,OI2601
2025-09-19 21:59:00,10073,10074,10070,10071,755,355828,76005850.0,OI2601
2025-09-19 22:00:00,10070,10071,10068,10068,573,355770,57683910.0,OI2601
2025-09-19 22:01:00,10069,10073,10069,10073,352,355789,35435840.0,OI2601
2025-09-19 22:02:00,10073,10073,10071,10071,237,355833,23858790.0,OI2601
2025-09-19 22:03:00,10071,10072,10069,10070,255,355827,25670850.0,OI2601
2025-09-19 22:04:00,10071,10072,10068,10072,408,355768,41073360.0,OI2601
2025-09-19 22:05:00,10071,10073,10061,10061,1291,355492,129964970.0,OI2601
2025-09-19 22:06:00,10061,10065,10061,10064,783,355636,78824610.0,OI2601
2025-09-19 22:07:00,10064,10066,10063,10066,306,355712,30805020.0,OI2601
2025-09-19 22:08:00,10066,10068,10064,10067,412,355737,41476040.0,OI2601
2025-09-19 22:09:00,10067,10072,10066,10071,734,355915,73891780.0,OI2601
2025-09-19 22:10:00,10071,10071,10068,10069,477,356010,48019590.0,OI2601
2025-09-19 22:11:00,10069,10077,10069,10076,920,356062,92616400.0,OI2601
2025-09-19 22:12:00,10076,10078,10075,10078,401,356120,40368670.0,OI2601
2025-09-19 22:13:00,10077,10077,10075,10076,265,356110,26677550.0,OI2601
2025-09-19 22:14:00,10077,10080,10076,10080,783,356404,79401430.0,OI2601
2025-09-19 22:15:00,10080,10082,10079,10079,660,356391,66448800.0,OI2601
2025-09-19 22:16:00,10079,10081,10075,10075,697,356386,70173960.0,OI2601
2025-09-19 22:17:00,10075,10077,10074,10075,400,356441,40272000.0,OI2601
2025-09-19 22:18:00,10075,10077,10074,10077,302,356457,30405360.0,OI2601
2025-09-19 22:19:00,10077,10080,10076,10077,281,356494,28291080.0,OI2601
2025-09-19 22:20:00,10077,10078,10075,10078,225,356519,22653000.0,OI2601
2025-09-19 22:21:00,10077,10079,10077,10079,117,356552,11779560.0,OI2601
2025-09-19 22:22:00,10078,10079,10077,10077,223,356476,22451640.0,OI2601
2025-09-19 22:23:00,10077,10079,10076,10078,312,356505,31412160.0,OI2601
2025-09-19 22:24:00,10078,10079,10074,10074,520,356278,52353600.0,OI2601
2025-09-19 22:25:00,10074,10075,10068,10071,826,356069,83161680.0,OI2601
2025-09-19 22:26:00,10071,10071,10068,10070,645,355923,64938600.0,OI2601
2025-09-19 22:27:00,10070,10073,10070,10073,268,355873,26982240.0,OI2601
2025-09-19 22:28:00,10072,10074,10072,10073,97,355879,9765960.0,OI2601
2025-09-19 22:29:00,10073,10075,10072,10075,174,355870,17518320.0,OI2601
2025-09-19 22:30:00,10074,10078,10073,10077,339,355799,34130520.0,OI2601
2025-09-19 22:31:00,10077,10080,10076,10076,423,355762,42587640.0,OI2601
2025-09-19 22:32:00,10077,10077,10074,10074,249,355729,25069320.0,OI2601
2025-09-19 22:33:00,10075,10075,10070,10071,280,355693,28190400.0,OI2601
2025-09-19 22:34:00,10070,10070,10067,10069,442,355655,44500560.0,OI2601
2025-09-19 22:35:00,10069,10070,10066,10066,496,355616,49937280.0,OI2601
2025-09-19 22:36:00,10066,10067,10063,10064,660,355454,66448800.0,OI2601
2025-09-19 22:37:00,10064,10068,10063,10067,479,355453,48225720.0,OI2601
2025-09-19 22:38:00,10068,10068,10064,10066,368,355384,37050240.0,OI2601
2025-09-19 22:39:00,10066,10067,10062,10062,801,355173,80644680.0,OI2601
2025-09-19 22:40:00,10063,10068,10063,10068,460,355180,46312800.0,OI2601
2025-09-19 22:41:00,10068,10069,10065,10065,433,354986,43594440.0,OI2601
2025-09-19 22:42:00,10065,10066,10062,10062,573,354809,57689640.0,OI2601
2025-09-19 22:43:00,10062,10066,10062,10063,359,354808,36144120.0,OI2601
2025-09-19 22:44:00,10062,10064,10060,10062,542,354740,54568560.0,OI2601
2025-09-19 22:45:00,10063,10066,10062,10065,283,354663,28492440.0,OI2601
2025-09-19 22:46:00,10065,10065,10064,10065,169,354583,17014920.0,OI2601
2025-09-19 22:47:00,10066,10066,10064,10066,204,354584,20538720.0,OI2601
2025-09-19 22:48:00,10066,10068,10064,10067,286,354500,28794480.0,OI2601
2025-09-19 22:49:00,10067,10068,10063,10063,218,354476,21948240.0,OI2601
2025-09-19 22:50:00,10063,10066,10063,10063,331,354411,33325080.0,OI2601
2025-09-19 22:51:00,10063,10063,10060,10062,467,354352,47017560.0,OI2601
2025-09-19 22:52:00,10062,10071,10062,10070,748,354332,75308640.0,OI2601
2025-09-19 22:53:00,10071,10071,10067,10069,215,354264,21646200.0,OI2601
2025-09-19 22:54:00,10069,10071,10069,10070,213,354204,21444840.0,OI2601
2025-09-19 22:55:00,10071,10071,10068,10069,290,354061,29197200.0,OI2601
2025-09-19 22:56:00,10069,10073,10068,10073,562,353791,56582160.0,OI2601
2025-09-19 22:57:00,10073,10073,10070,10072,299,353650,30103320.0,OI2601
2025-09-19 22:58:00,10073,10074,10070,10071,491,353392,49433880.0,OI2601
2025-09-19 22:59:00,10071,10074,10070,10073,978,352916,98465040.0,OI2601
2025-09-22 09:00:00,10052,10063,10039,10059,6989,351675,702821760.0,OI2601
2025-09-22 09:01:00,10058,10065,10049,10061,3299,351973,332110330.0,OI2601
2025-09-22 09:02:00,10062,10069,10058,10063,1944,352058,195702480.0,OI2601
2025-09-22 09:03:00,10062,10065,10056,10062,1243,352105,125132810.0,OI2601
2025-09-22 09:04:00,10061,10064,10055,10062,1355,352291,135498680.0,OI2601
2025-09-22 09:05:00,10061,10063,10057,10062,1036,352357,104283760.0,OI2601
2025-09-22 09:06:00,10062,10067,10059,10064,1033,352451,103981780.0,OI2601
2025-09-22 09:07:00,10064,10064,10059,10064,628,352387,63214480.0,OI2601
2025-09-22 09:08:00,10063,10068,10062,10067,839,352512,84453740.0,OI2601
2025-09-22 09:09:00,10067,10069,10065,10067,665,352622,66938900.0,OI2601
2025-09-22 09:10:00,10067,10072,10067,10069,1096,352827,110323360.0,OI2601
2025-09-22 09:11:00,10068,10077,10063,10077,1087,352933,109417420.0,OI2601
2025-09-22 09:12:00,10079,10085,10074,10082,2346,353564,237144830.0,OI2601
2025-09-22 09:13:00,10081,10083,10079,10082,1340,353940,134897800.0,OI2601
2025-09-22 09:14:00,10082,10098,10082,10097,2266,354430,228118220.0,OI2601
2025-09-22 09:15:00,10097,10104,10095,10103,4437,355718,448826590.0,OI2601
2025-09-22 09:16:00,10103,10105,10093,10093,2445,356238,246187050.0,OI2601
2025-09-22 09:17:00,10094,10094,10088,10090,1925,356242,194948850.0,OI2601
2025-09-22 09:18:00,10091,10093,10088,10092,1896,356485,190927200.0,OI2601
2025-09-22 09:19:00,10092,10093,10088,10091,1924,356515,193746800.0,OI2601
2025-09-22 09:20:00,10091,10098,10088,10097,1809,356598,183343190.0,OI2601
2025-09-22 09:21:00,10097,10104,10092,10104,2326,356842,234251460.0,OI2601
2025-09-22 09:22:00,10105,10116,10097,10099,4852,357519,491142260.0,OI2601
2025-09-22 09:23:00,10098,10101,10090,10092,2428,356969,244572440.0,OI2601
2025-09-22 09:24:00,10093,10100,10093,10097,961,357043,96801530.0,OI2601
2025-09-22 09:25:00,10097,10097,10092,10094,503,357010,50667190.0,OI2601
2025-09-22 09:26:00,10096,10098,10096,10097,388,357048,40374710.0,OI2601
2025-09-22 09:27:00,10097,10102,10094,10098,1188,356934,119679120.0,OI2601
2025-09-22 09:28:00,10098,10103,10096,10096,1042,356787,104971080.0,OI2601
2025-09-22 09:29:00,10096,10112,10096,10110,1653,357262,166523220.0,OI2601
2025-09-22 09:30:00,10110,10111,10101,10101,1570,357306,159507800.0,OI2601
2025-09-22 09:31:00,10101,10101,10087,10087,1979,356966,199384250.0,OI2601
2025-09-22 09:32:00,10088,10091,10085,10090,1098,356710,110623500.0,OI2601
2025-09-22 09:33:00,10089,10090,10087,10089,507,356710,51080250.0,OI2601
2025-09-22 09:34:00,10088,10088,10082,10084,1170,356669,117877500.0,OI2601
2025-09-22 09:35:00,10084,10087,10080,10084,918,356626,92488500.0,OI2601
2025-09-22 09:36:00,10085,10089,10083,10087,697,356783,70222750.0,OI2601
2025-09-22 09:37:00,10087,10090,10086,10089,285,356791,28713750.0,OI2601
2025-09-22 09:38:00,10089,10090,10084,10088,804,356694,81003000.0,OI2601
2025-09-22 09:39:00,10087,10101,10087,10096,1011,356709,103288940.0,OI2601
2025-09-22 09:40:00,10097,10098,10090,10092,934,356777,94109840.0,OI2601
2025-09-22 09:41:00,10091,10095,10090,10090,267,356745,26902920.0,OI2601
2025-09-22 09:42:00,10091,10097,10090,10095,335,356804,33754600.0,OI2601
2025-09-22 09:43:00,10095,10099,10093,10097,432,356896,43528320.0,OI2601
2025-09-22 09:44:00,10098,10105,10097,10099,808,357022,81414080.0,OI2601
2025-09-22 09:45:00,10099,10101,10092,10099,738,357169,74360880.0,OI2601
2025-09-22 09:46:00,10099,10102,10095,10097,451,357222,45442760.0,OI2601
2025-09-22 09:47:00,10097,10102,10096,10101,423,357252,42621480.0,OI2601
2025-09-22 09:48:00,10102,10105,10100,10102,1227,357494,123632520.0,OI2601
2025-09-22 09:49:00,10102,10102,10095,10097,384,357531,38691840.0,OI2601
2025-09-22 09:50:00,10098,10104,10095,10103,675,357778,69510430.0,OI2601
2025-09-22 09:51:00,10103,10109,10103,10107,965,358107,97243050.0,OI2601
2025-09-22 09:52:00,10107,10108,10104,10107,612,358321,61671240.0,OI2601
2025-09-22 09:53:00,10106,10109,10106,10108,462,358373,46555740.0,OI2601
2025-09-22 09:54:00,10108,10108,10103,10103,796,358558,80212920.0,OI2601
2025-09-22 09:55:00,10103,10111,10103,10110,1110,359061,111854700.0,OI2601
2025-09-22 09:56:00,10111,10115,10104,10104,1264,359154,128922800.0,OI2601
2025-09-22 09:57:00,10105,10109,10105,10106,469,359203,47265820.0,OI2601
2025-09-22 09:58:00,10106,10111,10104,10111,561,359320,56537580.0,OI2601
2025-09-22 09:59:00,10110,10126,10110,10124,3877,359950,392322650.0,OI2601
2025-09-22 10:00:00,10124,10128,10119,10122,2069,360175,210153790.0,OI2601
2025-09-22 10:01:00,10122,10128,10115,10128,1729,360521,174283200.0,OI2601
2025-09-22 10:02:00,10128,10135,10125,10127,2962,361282,300235790.0,OI2601
2025-09-22 10:03:00,10127,10130,10123,10124,779,361448,78530990.0,OI2601
2025-09-22 10:04:00,10125,10133,10124,10129,1315,362024,132565150.0,OI2601
2025-09-22 10:05:00,10129,10135,10128,10134,1242,362328,126905570.0,OI2601
2025-09-22 10:06:00,10132,10134,10127,10129,871,362561,87814220.0,OI2601
2025-09-22 10:07:00,10129,10140,10129,10134,1630,363001,166061160.0,OI2601
2025-09-22 10:08:00,10134,10136,10130,10133,878,363104,88528740.0,OI2601
2025-09-22 10:09:00,10132,10136,10130,10135,586,363208,59086380.0,OI2601
2025-09-22 10:10:00,10135,10137,10130,10133,758,363375,76429140.0,OI2601
2025-09-22 10:11:00,10134,10134,10118,10119,1448,363140,147763100.0,OI2601
2025-09-22 10:12:00,10118,10125,10118,10121,766,363135,77243440.0,OI2601
2025-09-22 10:13:00,10122,10122,10116,10120,784,362891,79058560.0,OI2601
2025-09-22 10:14:00,10121,10125,10119,10123,418,362868,42151120.0,OI2601
2025-09-22 10:30:00,10123,10127,10120,10123,1025,362976,103361000.0,OI2601
2025-09-22 10:31:00,10123,10129,10122,10128,449,362953,45277160.0,OI2601
2025-09-22 10:32:00,10128,10131,10127,10129,556,362977,56067040.0,OI2601
2025-09-22 10:33:00,10128,10128,10116,10120,871,362954,89641590.0,OI2601
2025-09-22 10:34:00,10121,10121,10116,10117,352,362909,35499200.0,OI2601
2025-09-22 10:35:00,10116,10121,10115,10120,1012,362704,102060200.0,OI2601
2025-09-22 10:36:00,10121,10122,10116,10117,294,362732,29649900.0,OI2601
2025-09-22 10:37:00,10118,10118,10112,10116,748,362605,75435800.0,OI2601
2025-09-22 10:38:00,10116,10117,10114,10117,276,362591,27834600.0,OI2601
2025-09-22 10:39:00,10117,10118,10114,10117,310,362530,31263500.0,OI2601
2025-09-22 10:40:00,10118,10127,10117,10123,660,362581,66561000.0,OI2601
2025-09-22 10:41:00,10123,10123,10116,10116,345,362575,34793250.0,OI2601
2025-09-22 10:42:00,10116,10122,10115,10117,997,362881,100547450.0,OI2601
2025-09-22 10:43:00,10116,10123,10116,10120,322,362958,34336810.0,OI2601
2025-09-22 10:44:00,10120,10129,10120,10129,603,363089,60818580.0,OI2601
2025-09-22 10:45:00,10128,10138,10128,10133,1405,363368,141708300.0,OI2601
2025-09-22 10:46:00,10132,10133,10122,10124,893,363325,90067980.0,OI2601
2025-09-22 10:47:00,10124,10125,10120,10122,781,363377,78771660.0,OI2601
2025-09-22 10:48:00,10122,10126,10120,10125,412,363528,41554320.0,OI2601
2025-09-22 10:49:00,10127,10128,10122,10123,405,363662,42756400.0,OI2601
2025-09-22 10:50:00,10123,10127,10120,10122,585,363805,59008950.0,OI2601
2025-09-22 10:51:00,10121,10127,10121,10127,256,363804,25822720.0,OI2601
2025-09-22 10:52:00,10126,10127,10125,10125,195,363867,19669650.0,OI2601
2025-09-22 10:53:00,10126,10126,10120,10121,361,363823,36414070.0,OI2601
2025-09-22 10:54:00,10122,10122,10120,10120,399,363922,40247130.0,OI2601
2025-09-22 10:55:00,10120,10124,10120,10122,345,364024,34800150.0,OI2601
2025-09-22 10:56:00,10122,10122,10110,10115,1317,363594,132845790.0,OI2601
2025-09-22 10:57:00,10115,10118,10111,10117,581,363595,58605470.0,OI2601
2025-09-22 10:58:00,10116,10120,10116,10119,253,363635,25520110.0,OI2601
2025-09-22 10:59:00,10119,10125,10119,10124,343,363679,34598410.0,OI2601
2025-09-22 11:00:00,10124,10125,10118,10119,518,363812,52250660.0,OI2601
2025-09-22 11:01:00,10119,10120,10115,10119,461,363852,46501070.0,OI2601
2025-09-22 11:02:00,10119,10121,10113,10120,667,363840,69251200.0,OI2601
2025-09-22 11:03:00,10120,10126,10120,10125,504,363871,50843520.0,OI2601
2025-09-22 11:04:00,10124,10127,10124,10125,313,363923,31575440.0,OI2601
2025-09-22 11:05:00,10124,10129,10124,10127,504,363967,50843520.0,OI2601
2025-09-22 11:06:00,10128,10129,10125,10128,325,364016,32786000.0,OI2601
2025-09-22 11:07:00,10128,10133,10127,10130,725,364146,73138000.0,OI2601
2025-09-22 11:08:00,10130,10133,10126,10128,336,364161,33895680.0,OI2601
2025-09-22 11:09:00,10128,10129,10127,10127,205,364220,20680400.0,OI2601
2025-09-22 11:10:00,10126,10128,10119,10119,731,364151,73743280.0,OI2601
2025-09-22 11:11:00,10120,10122,10116,10122,883,364187,89077040.0,OI2601
2025-09-22 11:12:00,10122,10127,10122,10125,467,364266,47110960.0,OI2601
2025-09-22 11:13:00,10124,10128,10124,10125,313,364290,33599410.0,OI2601
2025-09-22 11:14:00,10124,10125,10116,10120,714,364418,72035460.0,OI2601
2025-09-22 11:15:00,10119,10122,10117,10118,424,364539,42777360.0,OI2601
2025-09-22 11:16:00,10118,10128,10117,10121,1875,364650,189168750.0,OI2601
2025-09-22 11:17:00,10121,10121,10116,10119,348,364649,35109720.0,OI2601
2025-09-22 11:18:00,10119,10122,10116,10119,384,364623,38741760.0,OI2601
2025-09-22 11:19:00,10118,10121,10115,10117,596,364486,60130440.0,OI2601
2025-09-22 11:20:00,10117,10119,10114,10116,532,364369,53673480.0,OI2601
2025-09-22 11:21:00,10116,10117,10113,10115,392,364294,39548880.0,OI2601
2025-09-22 11:22:00,10114,10121,10114,10120,462,364385,46611180.0,OI2601
2025-09-22 11:23:00,10121,10129,10120,10127,627,364438,65345540.0,OI2601
2025-09-22 11:24:00,10127,10140,10127,10136,2075,364986,209367500.0,OI2601
2025-09-22 11:25:00,10136,10143,10136,10142,1575,365409,158917500.0,OI2601
2025-09-22 11:26:00,10141,10142,10132,10137,1040,365615,107070410.0,OI2601
2025-09-22 11:27:00,10137,10144,10136,10140,793,365880,80021630.0,OI2601
2025-09-22 11:28:00,10139,10146,10139,10143,1213,366324,122403830.0,OI2601
2025-09-22 11:29:00,10144,10148,10142,10146,1242,366654,125330220.0,OI2601
2025-09-22 13:30:00,10146,10153,10140,10141,2683,367139,272935250.0,OI2601
2025-09-22 13:31:00,10142,10142,10136,10138,949,367000,95773080.0,OI2601
2025-09-22 13:32:00,10138,10141,10138,10139,567,367026,57221640.0,OI2601
2025-09-22 13:33:00,10140,10145,10138,10139,765,367191,77203800.0,OI2601
2025-09-22 13:34:00,10138,10140,10136,10137,699,367246,72766600.0,OI2601
2025-09-22 13:35:00,10137,10141,10137,10139,348,367271,35123640.0,OI2601
2025-09-22 13:36:00,10139,10140,10130,10134,987,367286,99617910.0,OI2601
2025-09-22 13:37:00,10133,10134,10131,10134,696,367311,70247280.0,OI2601
2025-09-22 13:38:00,10133,10136,10132,10135,487,367370,49152910.0,OI2601
2025-09-22 13:39:00,10134,10135,10133,10135,250,367340,25232500.0,OI2601
2025-09-22 13:40:00,10135,10137,10133,10137,223,367409,22507390.0,OI2601
2025-09-22 13:41:00,10137,10139,10134,10135,450,367358,45418500.0,OI2601
2025-09-22 13:42:00,10135,10139,10134,10138,527,367427,53190110.0,OI2601
2025-09-22 13:43:00,10138,10138,10135,10137,291,367517,29370630.0,OI2601
2025-09-22 13:44:00,10138,10139,10136,10137,261,367570,26342730.0,OI2601
2025-09-22 13:45:00,10138,10143,10134,10135,701,367722,73027660.0,OI2601
2025-09-22 13:46:00,10136,10136,10134,10135,307,367743,30988580.0,OI2601
2025-09-22 13:47:00,10136,10136,10130,10131,498,367702,50268120.0,OI2601
2025-09-22 13:48:00,10130,10133,10130,10133,229,367695,23115260.0,OI2601
2025-09-22 13:49:00,10132,10133,10130,10131,358,367696,36136520.0,OI2601
2025-09-22 13:50:00,10131,10133,10131,10132,358,367705,36136520.0,OI2601
2025-09-22 13:51:00,10133,10133,10123,10126,1447,367294,146060180.0,OI2601
2025-09-22 13:52:00,10125,10126,10123,10125,1194,367298,120522360.0,OI2601
2025-09-22 13:53:00,10126,10126,10116,10121,1127,367021,113759380.0,OI2601
2025-09-22 13:54:00,10121,10124,10120,10123,544,367117,54911360.0,OI2601
2025-09-22 13:55:00,10123,10123,10119,10122,433,366986,46047700.0,OI2601
2025-09-22 13:56:00,10121,10125,10121,10124,285,366979,28770750.0,OI2601
2025-09-22 13:57:00,10124,10127,10124,10127,238,366988,24026100.0,OI2601
2025-09-22 13:58:00,10126,10128,10125,10127,360,366983,36342000.0,OI2601
2025-09-22 13:59:00,10127,10142,10127,10141,1337,366967,134970150.0,OI2601
2025-09-22 14:00:00,10141,10145,10138,10138,1316,367311,132850200.0,OI2601
2025-09-22 14:01:00,10138,10138,10133,10136,678,367266,68444100.0,OI2601
2025-09-22 14:02:00,10137,10139,10134,10135,769,367261,77630550.0,OI2601
2025-09-22 14:03:00,10136,10138,10135,10136,352,367275,35534400.0,OI2601
2025-09-22 14:04:00,10136,10138,10135,10138,171,367309,17262450.0,OI2601
2025-09-22 14:05:00,10138,10138,10134,10138,443,367243,47121020.0,OI2601
2025-09-22 14:06:00,10137,10144,10137,10139,838,367404,84604480.0,OI2601
2025-09-22 14:07:00,10140,10144,10139,10142,434,367498,43816640.0,OI2601
2025-09-22 14:08:00,10142,10143,10141,10142,327,367589,33013920.0,OI2601
2025-09-22 14:09:00,10142,10145,10142,10143,526,367747,53104960.0,OI2601
2025-09-22 14:10:00,10144,10144,10141,10141,498,367809,50278080.0,OI2601
2025-09-22 14:11:00,10139,10139,10133,10135,737,367748,74407520.0,OI2601
2025-09-22 14:12:00,10136,10138,10135,10137,287,367744,28975520.0,OI2601
2025-09-22 14:13:00,10137,10138,10135,10136,247,367718,24937120.0,OI2601
2025-09-22 14:14:00,10136,10139,10136,10139,185,367734,18677600.0,OI2601
2025-09-22 14:15:00,10138,10143,10138,10143,773,367915,78042080.0,OI2601
2025-09-22 14:16:00,10143,10149,10141,10144,1254,368075,129065070.0,OI2601
2025-09-22 14:17:00,10144,10151,10142,10150,1723,368630,173971310.0,OI2601
2025-09-22 14:18:00,10150,10159,10149,10156,1810,369118,182755700.0,OI2601
2025-09-22 14:19:00,10155,10156,10152,10153,740,369327,77221760.0,OI2601
2025-09-22 14:20:00,10153,10160,10153,10155,1510,369668,152479800.0,OI2601
2025-09-22 14:21:00,10156,10156,10152,10154,901,369808,90982980.0,OI2601
2025-09-22 14:22:00,10153,10155,10151,10154,677,369948,68363460.0,OI2601
2025-09-22 14:23:00,10154,10157,10152,10157,489,369993,49379220.0,OI2601
2025-09-22 14:24:00,10157,10157,10150,10152,603,370066,63436700.0,OI2601
2025-09-22 14:25:00,10152,10156,10152,10153,438,370148,44233620.0,OI2601
2025-09-22 14:26:00,10153,10155,10153,10155,231,370218,23328690.0,OI2601
2025-09-22 14:27:00,10155,10155,10152,10153,309,370215,31205910.0,OI2601
2025-09-22 14:28:00,10154,10156,10151,10152,895,370387,90386050.0,OI2601
2025-09-22 14:29:00,10152,10154,10151,10153,180,370399,18178200.0,OI2601
2025-09-22 14:30:00,10154,10154,10142,10144,1092,370037,110281080.0,OI2601
2025-09-22 14:31:00,10144,10145,10140,10145,847,369860,85538530.0,OI2601
2025-09-22 14:32:00,10144,10147,10143,10145,512,369874,51706880.0,OI2601
2025-09-22 14:33:00,10144,10146,10141,10145,467,369741,47162330.0,OI2601
2025-09-22 14:34:00,10146,10148,10143,10146,356,369735,38551470.0,OI2601
2025-09-22 14:35:00,10145,10149,10144,10149,363,369754,36663000.0,OI2601
2025-09-22 14:36:00,10149,10151,10148,10149,336,369761,33936000.0,OI2601
2025-09-22 14:37:00,10150,10151,10148,10150,223,369761,22523000.0,OI2601
2025-09-22 14:38:00,10150,10153,10146,10153,854,369591,86254000.0,OI2601
2025-09-22 14:39:00,10152,10152,10147,10148,640,369450,64640000.0,OI2601
2025-09-22 14:40:00,10148,10153,10148,10152,344,369417,34744000.0,OI2601
2025-09-22 14:41:00,10151,10152,10148,10148,321,369442,32421000.0,OI2601
2025-09-22 14:42:00,10149,10149,10146,10147,259,369467,26159000.0,OI2601
2025-09-22 14:43:00,10147,10151,10147,10150,207,369472,20907000.0,OI2601
2025-09-22 14:44:00,10149,10151,10148,10151,351,369449,35451000.0,OI2601
2025-09-22 14:45:00,10151,10151,10144,10145,599,369280,60499000.0,OI2601
2025-09-22 14:46:00,10146,10147,10143,10146,549,369112,55449000.0,OI2601
2025-09-22 14:47:00,10146,10146,10142,10143,390,369020,42043390.0,OI2601
2025-09-22 14:48:00,10143,10143,10136,10137,1244,368316,125656440.0,OI2601
2025-09-22 14:49:00,10137,10140,10136,10138,958,367961,96767580.0,OI2601
2025-09-22 14:50:00,10138,10140,10136,10137,755,367714,76262550.0,OI2601
2025-09-22 14:51:00,10138,10138,10135,10138,417,367480,42121170.0,OI2601
2025-09-22 14:52:00,10138,10138,10135,10136,460,367368,46464600.0,OI2601
2025-09-22 14:53:00,10137,10144,10136,10143,593,367197,59898930.0,OI2601
2025-09-22 14:54:00,10144,10145,10140,10140,551,367225,55656510.0,OI2601
2025-09-22 14:55:00,10141,10141,10137,10139,690,367008,69696900.0,OI2601
2025-09-22 14:56:00,10138,10141,10137,10141,433,366946,43737330.0,OI2601
2025-09-22 14:57:00,10141,10146,10137,10140,1258,366977,129797560.0,OI2601
2025-09-22 14:58:00,10139,10142,10137,10142,1428,366737,144256560.0,OI2601
2025-09-22 14:59:00,10143,10145,10139,10143,1302,366477,131528040.0,OI2601
2025-09-22 21:00:00,10118,10118,10095,10111,9591,366572,969266460.0,OI2601
2025-09-22 21:01:00,10110,10113,10103,10112,3584,366398,362199040.0,OI2601
2025-09-22 21:02:00,10111,10115,10105,10108,2480,366370,250785350.0,OI2601
2025-09-22 21:03:00,10108,10114,10106,10112,2028,366422,204969960.0,OI2601
2025-09-22 21:04:00,10111,10112,10106,10106,1359,366466,137354130.0,OI2601
2025-09-22 21:05:00,10106,10107,10097,10102,3432,366407,346647500.0,OI2601
2025-09-22 21:06:00,10102,10107,10102,10106,1566,366698,158259960.0,OI2601
2025-09-22 21:07:00,10106,10108,10104,10105,724,366681,73167440.0,OI2601
2025-09-22 21:08:00,10105,10116,10104,10112,1521,366865,153712260.0,OI2601
2025-09-22 21:09:00,10113,10119,10112,10117,1386,367103,140345870.0,OI2601
2025-09-22 21:10:00,10117,10120,10112,10114,1920,367202,194054400.0,OI2601
2025-09-22 21:11:00,10113,10113,10107,10107,1181,367123,119671390.0,OI2601
2025-09-22 21:12:00,10107,10107,10090,10090,2804,366672,283092560.0,OI2601
2025-09-22 21:13:00,10091,10098,10091,10091,2261,366412,228160900.0,OI2601
2025-09-22 21:14:00,10092,10095,10089,10093,3563,365610,359682780.0,OI2601
2025-09-22 21:15:00,10094,10107,10089,10104,3356,365368,338696240.0,OI2601
2025-09-22 21:16:00,10104,10104,10093,10094,1462,365278,147720480.0,OI2601
2025-09-22 21:17:00,10093,10095,10088,10092,2943,364689,296889110.0,OI2601
2025-09-22 21:18:00,10092,10096,10088,10091,2320,364382,234389600.0,OI2601
2025-09-22 21:19:00,10090,10095,10087,10092,2924,364270,294887670.0,OI2601
2025-09-22 21:20:00,10093,10098,10091,10091,1486,364246,150115720.0,OI2601
2025-09-22 21:21:00,10092,10092,10086,10088,1301,364099,130875100.0,OI2601
2025-09-22 21:22:00,10088,10088,10075,10077,3618,362870,364866080.0,OI2601
2025-09-22 21:23:00,10077,10078,10066,10068,3889,361931,391535020.0,OI2601
2025-09-22 21:24:00,10069,10072,10067,10071,1600,361661,161568000.0,OI2601
2025-09-22 21:25:00,10071,10073,10068,10069,1760,361403,177064210.0,OI2601
2025-09-22 21:26:00,10069,10069,10064,10066,2638,361199,265671890.0,OI2601
2025-09-22 21:27:00,10067,10074,10065,10070,2821,360686,284092980.0,OI2601
2025-09-22 21:28:00,10071,10074,10069,10071,1426,360732,143225260.0,OI2601
2025-09-22 21:29:00,10071,10073,10064,10066,2189,360471,220206330.0,OI2601
2025-09-22 21:30:00,10064,10064,10056,10061,4070,359978,409993070.0,OI2601
2025-09-22 21:31:00,10062,10065,10055,10058,1793,359835,180139600.0,OI2601
2025-09-22 21:32:00,10059,10066,10058,10064,1275,359695,128660250.0,OI2601
2025-09-22 21:33:00,10063,10069,10063,10067,1550,359547,155572290.0,OI2601
2025-09-22 21:34:00,10066,10074,10066,10074,1605,359256,161944500.0,OI2601
2025-09-22 21:35:00,10073,10077,10071,10071,1610,359081,161578640.0,OI2601
2025-09-22 21:36:00,10071,10075,10071,10074,695,359145,70118550.0,OI2601
2025-09-22 21:37:00,10075,10078,10072,10073,1082,359001,109162980.0,OI2601
2025-09-22 21:38:00,10072,10073,10068,10069,556,358762,56094840.0,OI2601
2025-09-22 21:39:00,10069,10083,10069,10082,2493,358825,251518770.0,OI2601
2025-09-22 21:40:00,10081,10081,10074,10077,775,358772,78189750.0,OI2601
2025-09-22 21:41:00,10076,10077,10074,10077,509,358772,51353010.0,OI2601
2025-09-22 21:42:00,10076,10077,10074,10076,607,358725,60302700.0,OI2601
2025-09-22 21:43:00,10076,10082,10075,10081,860,358888,86756800.0,OI2601
2025-09-22 21:44:00,10080,10080,10073,10076,940,358933,94827200.0,OI2601
2025-09-22 21:45:00,10077,10081,10075,10080,906,359067,91397280.0,OI2601
2025-09-22 21:46:00,10080,10083,10079,10079,799,359101,80603120.0,OI2601
2025-09-22 21:47:00,10078,10080,10073,10074,843,359177,85041840.0,OI2601
2025-09-22 21:48:00,10074,10075,10070,10073,774,359166,78081120.0,OI2601
2025-09-22 21:49:00,10073,10079,10073,10076,649,359157,65471120.0,OI2601
2025-09-22 21:50:00,10075,10078,10072,10078,340,359133,34299200.0,OI2601
2025-09-22 21:51:00,10077,10083,10077,10082,822,359481,82923360.0,OI2601
2025-09-22 21:52:00,10082,10087,10081,10087,1167,359613,117726960.0,OI2601
2025-09-22 21:53:00,10086,10088,10082,10083,923,359595,93112240.0,OI2601
2025-09-22 21:54:00,10083,10086,10083,10084,275,359645,27742000.0,OI2601
2025-09-22 21:55:00,10084,10084,10080,10081,502,359720,50641760.0,OI2601
2025-09-22 21:56:00,10082,10086,10081,10086,405,359795,40856400.0,OI2601
2025-09-22 21:57:00,10086,10089,10085,10088,737,359829,74348560.0,OI2601
2025-09-22 21:58:00,10087,10090,10086,10089,623,360022,62848240.0,OI2601
2025-09-22 21:59:00,10089,10090,10085,10089,807,360086,81410160.0,OI2601
2025-09-22 22:00:00,10090,10092,10085,10088,972,360314,98055360.0,OI2601
2025-09-22 22:01:00,10088,10088,10081,10083,887,360190,89480560.0,OI2601
2025-09-22 22:02:00,10083,10083,10081,10083,831,360165,82743130.0,OI2601
2025-09-22 22:03:00,10084,10085,10083,10085,547,360274,55175890.0,OI2601
2025-09-22 22:04:00,10084,10087,10083,10086,665,360318,67078550.0,OI2601
2025-09-22 22:05:00,10086,10087,10081,10081,832,360423,83923840.0,OI2601
2025-09-22 22:06:00,10081,10085,10081,10083,376,360442,37927120.0,OI2601
2025-09-22 22:07:00,10084,10085,10081,10083,376,360442,37927120.0,OI2601
2025-09-22 22:08:00,10083,10084,10080,10081,612,360331,61732440.0,OI2601
2025-09-22 22:09:00,10081,10082,10077,10078,494,360246,49829780.0,OI2601
2025-09-22 22:10:00,10077,10078,10070,10071,1381,359995,139301470.0,OI2601
2025-09-22 22:11:00,10071,10073,10068,10069,820,359901,82713400.0,OI2601
2025-09-22 22:12:00,10068,10071,10066,10066,1152,359818,116202240.0,OI2601
2025-09-22 22:13:00,10067,10067,10058,10062,2274,359402,228194940.0,OI2601
2025-09-22 22:14:00,10061,10063,10059,10060,1008,359357,101666880.0,OI2601
2025-09-22 22:15:00,10060,10062,10044,10044,4343,358385,436798030.0,OI2601
2025-09-22 22:16:00,10043,10046,10040,10045,3213,358146,322761970.0,OI2601
2025-09-22 22:17:00,10045,10050,10044,10047,1800,358048,180224920.0,OI2601
2025-09-22 22:18:00,10048,10051,10024,10028,4289,356901,431129900.0,OI2601
2025-09-22 22:19:00,10027,10030,10025,10028,2971,356239,298176540.0,OI2601
2025-09-22 22:20:00,10028,10037,10028,10030,1834,355794,183507520.0,OI2601
2025-09-22 22:21:00,10029,10033,10023,10032,2651,355748,265816270.0,OI2601
2025-09-22 22:22:00,10032,10034,10028,10030,1214,355719,122359060.0,OI2601
2025-09-22 22:23:00,10031,10038,10031,10037,1537,355696,153482190.0,OI2601
2025-09-22 22:24:00,10037,10037,10023,10024,1924,355196,193900720.0,OI2601
2025-09-22 22:25:00,10025,10030,10025,10029,948,355021,94078680.0,OI2601
2025-09-22 22:26:00,10030,10034,10027,10033,973,354879,98049210.0,OI2601
2025-09-22 22:27:00,10033,10034,10031,10032,483,354760,48671910.0,OI2601
2025-09-22 22:28:00,10034,10036,10033,10035,585,354559,58950450.0,OI2601
2025-09-22 22:29:00,10035,10038,10032,10034,737,354430,72778950.0,OI2601
2025-09-22 22:30:00,10034,10038,10032,10037,959,354399,96628840.0,OI2601
2025-09-22 22:31:00,10037,10037,10028,10030,1970,354119,198497200.0,OI2601
2025-09-22 22:32:00,10030,10032,10027,10030,843,353929,83414420.0,OI2601
2025-09-22 22:33:00,10029,10034,10026,10034,1610,353737,162207500.0,OI2601
2025-09-22 22:34:00,10034,10038,10032,10037,1625,353458,162160140.0,OI2601
2025-09-22 22:35:00,10037,10045,10034,10042,1986,353487,200069640.0,OI2601
2025-09-22 22:36:00,10042,10043,10039,10040,669,353377,67395060.0,OI2601
2025-09-22 22:37:00,10040,10047,10036,10045,953,353125,96005220.0,OI2601
2025-09-22 22:38:00,10045,10047,10043,10045,583,353030,58731420.0,OI2601
2025-09-22 22:39:00,10045,10047,10044,10045,488,352970,47555720.0,OI2601
2025-09-22 22:40:00,10046,10051,10043,10050,1155,352860,116343150.0,OI2601
2025-09-22 22:41:00,10051,10051,10043,10043,802,352643,80785460.0,OI2601
2025-09-22 22:42:00,10043,10046,10043,10044,484,352530,48753320.0,OI2601
2025-09-22 22:43:00,10045,10049,10045,10046,479,352543,48249670.0,OI2601
2025-09-22 22:44:00,10046,10047,10043,10045,304,352529,30621920.0,OI2601
2025-09-22 22:45:00,10045,10051,10043,10051,814,352575,81994220.0,OI2601
2025-09-22 22:46:00,10051,10056,10050,10052,1217,352546,122588410.0,OI2601
2025-09-22 22:47:00,10052,10055,10051,10055,690,352564,69503700.0,OI2601
2025-09-22 22:48:00,10055,10058,10053,10057,952,352759,94220590.0,OI2601
2025-09-22 22:49:00,10057,10057,10052,10053,702,352745,70705440.0,OI2601
2025-09-22 22:50:00,10052,10052,10047,10049,891,352568,89741520.0,OI2601
2025-09-22 22:51:00,10049,10060,10049,10060,1166,352679,117439520.0,OI2601
2025-09-22 22:52:00,10060,10065,10060,10064,1433,352755,144331760.0,OI2601
2025-09-22 22:53:00,10063,10064,10061,10062,453,352787,45626160.0,OI2601
2025-09-22 22:54:00,10062,10069,10062,10069,887,352857,89338640.0,OI2601
2025-09-22 22:55:00,10069,10077,10065,10074,1884,352947,189756480.0,OI2601
2025-09-22 22:56:00,10073,10086,10073,10084,2185,353015,220073200.0,OI2601
2025-09-22 22:57:00,10084,10087,10078,10079,1165,352958,117338800.0,OI2601
2025-09-22 22:58:00,10080,10080,10072,10073,1270,352531,127914400.0,OI2601
2025-09-22 22:59:00,10073,10075,10071,10073,1282,352030,129123040.0,OI2601
2025-09-23 09:00:00,10064,10069,10040,10049,4745,351704,477916400.0,OI2601
2025-09-23 09:01:00,10049,10051,10034,10038,2958,351546,296045180.0,OI2601
2025-09-23 09:02:00,10036,10036,10016,10020,5778,350689,579960020.0,OI2601
2025-09-23 09:03:00,10020,10022,10000,10000,5931,350263,593248360.0,OI2601
2025-09-23 09:04:00,10001,10010,9996,9997,4139,350248,414671460.0,OI2601
2025-09-23 09:05:00,9999,10007,9996,9999,3434,350281,343623380.0,OI2601
2025-09-23 09:06:00,9999,10007,9998,10004,1897,350208,188855650.0,OI2601
2025-09-23 09:07:00,10004,10013,10003,10009,3128,349345,312705550.0,OI2601
2025-09-23 09:08:00,10010,10022,10009,10015,3045,348473,306448800.0,OI2601
2025-09-23 09:09:00,10015,10023,10012,10021,2365,348211,235831850.0,OI2601
2025-09-23 09:10:00,10022,10025,10017,10024,1610,348267,162014300.0,OI2601
2025-09-23 09:11:00,10025,10032,10024,10029,2604,347842,259816630.0,OI2601
2025-09-23 09:12:00,10028,10031,10024,10030,961,347843,96695820.0,OI2601
2025-09-23 09:13:00,10030,10032,10027,10029,1006,347788,101223720.0,OI2601
2025-09-23 09:14:00,10028,10028,10023,10025,1240,347798,124768800.0,OI2601
2025-09-23 09:15:00,10025,10042,10025,10041,1989,347648,200133180.0,OI2601
2025-09-23 09:16:00,10042,10042,10038,10038,1220,347690,122756400.0,OI2601
2025-09-23 09:17:00,10038,10044,10037,10043,979,347746,96209140.0,OI2601
2025-09-23 09:18:00,10044,10045,10038,10038,1275,347758,128277750.0,OI2601
2025-09-23 09:19:00,10038,10039,10031,10032,1125,347797,113186250.0,OI2601
2025-09-23 09:20:00,10032,10033,10025,10027,1457,347942,146588770.0,OI2601
2025-09-23 09:21:00,10027,10028,10017,10019,1658,347830,166811380.0,OI2601
2025-09-23 09:22:00,10020,10022,10017,10022,803,347867,80789830.0,OI2601
2025-09-23 09:23:00,10022,10030,10021,10025,1052,347800,103470180.0,OI2601
2025-09-23 09:24:00,10023,10027,10021,10027,654,347847,65792400.0,OI2601
2025-09-23 09:25:00,10027,10028,10021,10025,863,347781,86817800.0,OI2601
2025-09-23 09:26:00,10025,10029,10023,10025,712,347682,71627200.0,OI2601
2025-09-23 09:27:00,10023,10024,10015,10016,1395,347530,140337000.0,OI2601
2025-09-23 09:28:00,10016,10020,10016,10018,810,347425,81486000.0,OI2601
2025-09-23 09:29:00,10017,10021,10017,10017,511,347437,51406600.0,OI2601
2025-09-23 09:30:00,10017,10017,10006,10006,1916,347465,190309450.0,OI2601
2025-09-23 09:31:00,10007,10010,10003,10006,1231,347505,123826290.0,OI2601
2025-09-23 09:32:00,10006,10012,10005,10011,869,347353,87412710.0,OI2601
2025-09-23 09:33:00,10011,10012,10003,10005,1935,346899,192161150.0,OI2601
2025-09-23 09:34:00,10006,10006,10000,10001,1075,346878,108123500.0,OI2601
2025-09-23 09:35:00,10001,10005,10001,10003,838,346803,84286040.0,OI2601
2025-09-23 09:36:00,10003,10004,9997,10000,1274,346822,128138920.0,OI2601
2025-09-23 09:37:00,10000,10008,10000,10005,905,346843,91024900.0,OI2601
2025-09-23 09:38:00,10006,10006,10001,10004,464,346827,44143060.0,OI2601
2025-09-23 09:39:00,10003,10003,9998,10000,1005,346696,101072850.0,OI2601
2025-09-23 09:40:00,10000,10001,9999,10000,565,346747,56822050.0,OI2601
2025-09-23 09:41:00,10000,10002,9991,9992,2355,346543,236842350.0,OI2601
2025-09-23 09:42:00,9991,10000,9991,10000,949,346534,92866130.0,OI2601
2025-09-23 09:43:00,9999,10006,9999,10005,1033,346499,103878480.0,OI2601
2025-09-23 09:44:00,10005,10006,9997,10001,891,346629,89598960.0,OI2601
2025-09-23 09:45:00,10000,10001,9996,9999,603,346631,60637680.0,OI2601
2025-09-23 09:46:00,9999,10003,9994,9994,737,346661,74112720.0,OI2601
2025-09-23 09:47:00,9994,10000,9992,10000,1423,346757,140475210.0,OI2601
2025-09-23 09:48:00,10000,10003,9996,10002,762,346684,76619100.0,OI2601
2025-09-23 09:49:00,10002,10005,10000,10003,770,346661,77423500.0,OI2601
2025-09-23 09:50:00,10003,10007,9999,9999,1179,346392,118548450.0,OI2601
2025-09-23 09:51:00,10000,10000,9992,9994,1331,346445,131169960.0,OI2601
2025-09-23 09:52:00,9993,10000,9992,9998,1093,346337,109890220.0,OI2601
2025-09-23 09:53:00,9998,9998,9993,9994,416,346216,41824640.0,OI2601
2025-09-23 09:54:00,9995,9997,9992,9994,676,346149,67965040.0,OI2601
2025-09-23 09:55:00,9993,9994,9987,9991,2053,345651,203704150.0,OI2601
2025-09-23 09:56:00,9991,9991,9981,9981,1656,345208,166477680.0,OI2601
2025-09-23 09:57:00,9980,9992,9980,9992,1247,345209,125360910.0,OI2601
2025-09-23 09:58:00,9992,9994,9984,9985,1464,344991,144427780.0,OI2601
2025-09-23 09:59:00,9985,9986,9980,9981,1595,345171,160329400.0,OI2601
2025-09-23 10:00:00,9981,9983,9977,9979,1542,344938,155001840.0,OI2601
2025-09-23 10:01:00,9980,9981,9978,9978,1341,344824,132004400.0,OI2601
2025-09-23 10:02:00,9978,9978,9966,9966,2462,344268,247455620.0,OI2601
2025-09-23 10:03:00,9966,9966,9955,9957,3957,343759,392003850.0,OI2601
2025-09-23 10:04:00,9958,9967,9957,9964,2044,343363,205401560.0,OI2601
2025-09-23 10:05:00,9964,9968,9959,9962,1526,343258,150454930.0,OI2601
2025-09-23 10:06:00,9961,9970,9959,9966,1607,343106,161471360.0,OI2601
2025-09-23 10:07:00,9964,9967,9963,9965,1084,342915,106000600.0,OI2601
2025-09-23 10:08:00,9967,9971,9966,9967,1062,342751,106699140.0,OI2601
2025-09-23 10:09:00,9967,9972,9966,9967,1218,342796,122372460.0,OI2601
2025-09-23 10:10:00,9966,9972,9965,9972,793,342640,79672710.0,OI2601
2025-09-23 10:11:00,9971,9971,9961,9966,962,342607,93692070.0,OI2601
2025-09-23 10:12:00,9964,9972,9964,9970,975,342521,97948500.0,OI2601
2025-09-23 10:13:00,9971,9974,9969,9971,1026,342520,103071960.0,OI2601
2025-09-23 10:14:00,9971,9987,9971,9985,2543,341925,252464270.0,OI2601
2025-09-23 10:30:00,9987,9996,9984,9988,2606,341302,261772700.0,OI2601
2025-09-23 10:31:00,9989,9989,9979,9979,1311,341300,131689950.0,OI2601
2025-09-23 10:32:00,9981,9987,9981,9986,690,341234,66258920.0,OI2601
2025-09-23 10:33:00,9987,9991,9986,9987,1074,341170,107872560.0,OI2601
2025-09-23 10:34:00,9987,9990,9986,9987,667,341049,66993480.0,OI2601
2025-09-23 10:35:00,9986,9988,9980,9980,765,341075,76836600.0,OI2601
2025-09-23 10:36:00,9980,9989,9980,9985,880,340949,88387200.0,OI2601
2025-09-23 10:37:00,9986,9988,9983,9983,648,340800,65085120.0,OI2601
2025-09-23 10:38:00,9983,9983,9976,9976,833,340597,83666520.0,OI2601
2025-09-23 10:39:00,9978,9981,9977,9979,375,340559,34561000.0,OI2601
2025-09-23 10:40:00,9980,9986,9979,9986,714,340519,71707020.0,OI2601
2025-09-23 10:41:00,9986,9986,9975,9980,673,340513,67589390.0,OI2601
2025-09-23 10:42:00,9980,9985,9980,9982,529,340600,53127470.0,OI2601
2025-09-23 10:43:00,9983,9983,9981,9981,587,340663,58952410.0,OI2601
2025-09-23 10:44:00,9980,9981,9976,9977,475,340591,47704250.0,OI2601
2025-09-23 10:45:00,9977,9977,9968,9969,1029,340504,103342470.0,OI2601
2025-09-23 10:46:00,9968,9970,9966,9967,1032,340572,100489370.0,OI2601
2025-09-23 10:47:00,9968,9975,9965,9975,1005,340475,100922100.0,OI2601
2025-09-23 10:48:00,9974,9976,9971,9972,733,340491,73607860.0,OI2601
2025-09-23 10:49:00,9972,9972,9964,9966,1185,340318,118997700.0,OI2601
2025-09-23 10:50:00,9967,9972,9965,9966,1118,340198,109074760.0,OI2601
2025-09-23 10:51:00,9965,9965,9950,9955,2886,339275,289783260.0,OI2601
2025-09-23 10:52:00,9957,9965,9957,9965,1017,339189,98883140.0,OI2601
2025-09-23 10:53:00,9964,9965,9962,9964,530,339189,53212000.0,OI2601
2025-09-23 10:54:00,9965,9965,9958,9960,760,339221,76304000.0,OI2601
2025-09-23 10:55:00,9960,9961,9954,9954,1105,339151,110942000.0,OI2601
2025-09-23 10:56:00,9955,9967,9955,9964,1088,338949,109235200.0,OI2601
2025-09-23 10:57:00,9966,9968,9963,9966,720,338819,69012140.0,OI2601
2025-09-23 10:58:00,9964,9967,9964,9966,592,338753,59430880.0,OI2601
2025-09-23 10:59:00,9967,9978,9967,9976,1446,338679,145163940.0,OI2601
2025-09-23 11:00:00,9976,9977,9962,9962,1414,338812,141951460.0,OI2601
2025-09-23 11:01:00,9962,9963,9955,9963,1719,338503,169242840.0,OI2601
2025-09-23 11:02:00,9963,9966,9962,9964,725,338292,72775500.0,OI2601
2025-09-23 11:03:00,9965,9971,9965,9970,618,338182,62034840.0,OI2601
2025-09-23 11:04:00,9969,9970,9962,9963,557,338105,55911660.0,OI2601
2025-09-23 11:05:00,9964,9972,9962,9962,916,338039,91948080.0,OI2601
2025-09-23 11:06:00,9964,9965,9962,9964,886,337915,88936680.0,OI2601
2025-09-23 11:07:00,9964,9967,9964,9965,565,337872,53344460.0,OI2601
2025-09-23 11:08:00,9966,9967,9964,9967,319,337812,32018030.0,OI2601
2025-09-23 11:09:00,9967,9970,9966,9967,406,337794,40750220.0,OI2601
2025-09-23 11:10:00,9966,9973,9966,9970,665,337651,66746050.0,OI2601
2025-09-23 11:11:00,9969,9971,9967,9968,372,337628,37337640.0,OI2601
2025-09-23 11:12:00,9967,9975,9967,9975,972,337629,97559640.0,OI2601
2025-09-23 11:13:00,9974,9978,9971,9971,1308,337465,131283960.0,OI2601
2025-09-23 11:14:00,9971,9974,9970,9972,394,337365,39545780.0,OI2601
2025-09-23 11:15:00,9972,9973,9968,9972,657,337320,62521920.0,OI2601
2025-09-23 11:16:00,9972,9973,9969,9970,353,337250,35427080.0,OI2601
2025-09-23 11:17:00,9970,9971,9967,9969,363,337147,36430680.0,OI2601
2025-09-23 11:18:00,9970,9973,9969,9969,526,337091,52789360.0,OI2601
2025-09-23 11:19:00,9968,9976,9968,9976,501,337000,50280360.0,OI2601
2025-09-23 11:20:00,9976,9979,9973,9976,672,336905,67441920.0,OI2601
2025-09-23 11:21:00,9975,9978,9975,9975,443,336827,44459480.0,OI2601
2025-09-23 11:22:00,9975,9978,9975,9978,476,336744,47771360.0,OI2601
2025-09-23 11:23:00,9978,9978,9975,9975,318,336682,31914480.0,OI2601
2025-09-23 11:24:00,9974,9974,9965,9969,656,336498,65836160.0,OI2601
2025-09-23 11:25:00,9968,9973,9966,9970,294,336365,29505840.0,OI2601
2025-09-23 11:26:00,9969,9971,9965,9968,439,336298,40586460.0,OI2601
2025-09-23 11:27:00,9967,9972,9966,9971,298,336255,29904300.0,OI2601
2025-09-23 11:28:00,9970,9974,9969,9969,401,336170,40240350.0,OI2601
2025-09-23 11:29:00,9969,9971,9964,9964,930,335803,93325500.0,OI2601
2025-09-23 13:30:00,9963,9972,9960,9968,1692,335637,169792200.0,OI2601
2025-09-23 13:31:00,9969,9979,9969,9974,1264,335798,126842400.0,OI2601
2025-09-23 13:32:00,9975,9975,9965,9970,868,335751,83577690.0,OI2601
2025-09-23 13:33:00,9969,9971,9968,9968,473,335794,47460820.0,OI2601
2025-09-23 13:34:00,9968,9974,9968,9974,500,335831,50170000.0,OI2601
2025-09-23 13:35:00,9974,9975,9971,9973,419,335901,42042460.0,OI2601
2025-09-23 13:36:00,9972,9973,9970,9971,551,335956,55287340.0,OI2601
2025-09-23 13:37:00,9971,9971,9967,9967,602,335894,60404680.0,OI2601
2025-09-23 13:38:00,9966,9973,9965,9971,699,335936,70137660.0,OI2601
2025-09-23 13:39:00,9971,9975,9971,9974,489,335927,49066260.0,OI2601
2025-09-23 13:40:00,9973,9974,9965,9966,1076,336056,107965840.0,OI2601
2025-09-23 13:41:00,9965,9966,9955,9955,1932,336034,190263360.0,OI2601
2025-09-23 13:42:00,9956,9957,9947,9953,3689,335412,366486960.0,OI2601
2025-09-23 13:43:00,9954,9957,9952,9954,719,335369,72130080.0,OI2601
2025-09-23 13:44:00,9954,9957,9953,9953,529,335194,53069280.0,OI2601
2025-09-23 13:45:00,9953,9959,9953,9959,773,335202,77547360.0,OI2601
2025-09-23 13:46:00,9958,9959,9957,9958,369,335126,37018080.0,OI2601
2025-09-23 13:47:00,9958,9959,9957,9958,363,335029,36416160.0,OI2601
2025-09-23 13:48:00,9959,9961,9957,9958,482,334953,48354240.0,OI2601
2025-09-23 13:49:00,9958,9961,9957,9959,542,334855,54373440.0,OI2601
2025-09-23 13:50:00,9958,9959,9956,9958,316,334818,31701120.0,OI2601
2025-09-23 13:51:00,9958,9960,9956,9960,362,334817,32640880.0,OI2601
2025-09-23 13:52:00,9960,9961,9957,9961,426,334785,42732060.0,OI2601
2025-09-23 13:53:00,9961,9965,9961,9964,510,334730,51158100.0,OI2601
2025-09-23 13:54:00,9964,9966,9964,9964,375,334689,37616250.0,OI2601
2025-09-23 13:55:00,9965,9966,9962,9964,645,334581,64699950.0,OI2601
2025-09-23 13:56:00,9966,9967,9962,9965,439,334555,44036090.0,OI2601
2025-09-23 13:57:00,9964,9967,9963,9967,349,334602,35008190.0,OI2601
2025-09-23 13:58:00,9968,9972,9967,9971,985,334613,98805350.0,OI2601
2025-09-23 13:59:00,9971,9981,9970,9979,1702,334534,170727620.0,OI2601
2025-09-23 14:00:00,9980,9987,9979,9984,1874,334758,184232930.0,OI2601
2025-09-23 14:01:00,9983,9984,9976,9978,856,334672,85856800.0,OI2601
2025-09-23 14:02:00,9978,9982,9976,9981,697,334740,69909100.0,OI2601
2025-09-23 14:03:00,9981,9981,9977,9980,440,334720,44132000.0,OI2601
2025-09-23 14:04:00,9979,9980,9977,9978,360,334734,36108000.0,OI2601
2025-09-23 14:05:00,9978,9979,9974,9974,505,334752,50651500.0,OI2601
2025-09-23 14:06:00,9974,9974,9969,9970,825,334680,82747500.0,OI2601
2025-09-23 14:07:00,9971,9971,9967,9967,815,334528,81744500.0,OI2601
2025-09-23 14:08:00,9968,9976,9966,9975,650,334481,65195000.0,OI2601
2025-09-23 14:09:00,9975,9979,9972,9973,465,334494,42835360.0,OI2601
2025-09-23 14:10:00,9973,9974,9971,9972,391,334446,39213390.0,OI2601
2025-09-23 14:11:00,9972,9975,9969,9970,400,334348,40116000.0,OI2601
2025-09-23 14:12:00,9970,9976,9970,9976,333,334338,33396570.0,OI2601
2025-09-23 14:13:00,9976,9978,9972,9973,674,334207,67595460.0,OI2601
2025-09-23 14:14:00,9973,9977,9973,9977,472,334204,47336880.0,OI2601
2025-09-23 14:15:00,9977,9983,9977,9979,1638,333704,164275020.0,OI2601
2025-09-23 14:16:00,9980,9980,9977,9980,536,333634,53755440.0,OI2601
2025-09-23 14:17:00,9980,9981,9977,9977,437,333540,43826730.0,OI2601
2025-09-23 14:18:00,9977,9979,9975,9975,404,333487,40517160.0,OI2601
2025-09-23 14:19:00,9975,9979,9975,9978,572,333489,57365880.0,OI2601
2025-09-23 14:20:00,9979,9979,9976,9977,561,333486,56262690.0,OI2601
2025-09-23 14:21:00,9977,9978,9973,9976,541,333403,54256890.0,OI2601
2025-09-23 14:22:00,9976,9980,9974,9979,305,333372,26711670.0,OI2601
2025-09-23 14:23:00,9978,9978,9972,9974,393,333337,39410040.0,OI2601
2025-09-23 14:24:00,9974,9974,9971,9973,312,333273,31287360.0,OI2601
2025-09-23 14:25:00,9973,9977,9970,9970,464,333218,46529920.0,OI2601
2025-09-23 14:26:00,9970,9974,9970,9973,386,333171,38708080.0,OI2601
2025-09-23 14:27:00,9972,9978,9972,9976,527,333125,52847560.0,OI2601
2025-09-23 14:28:00,9976,9985,9975,9983,1379,332599,138286120.0,OI2601
2025-09-23 14:29:00,9983,9988,9983,9986,1128,332425,113115840.0,OI2601
2025-09-23 14:30:00,9985,9986,9980,9983,836,332199,83834080.0,OI2601
2025-09-23 14:31:00,9983,9986,9983,9985,546,332258,54752880.0,OI2601
2025-09-23 14:32:00,9985,9987,9982,9984,791,332103,79321480.0,OI2601
2025-09-23 14:33:00,9984,9991,9984,9989,1003,332203,100580840.0,OI2601
2025-09-23 14:34:00,9991,9993,9989,9991,928,332204,89096130.0,OI2601
2025-09-23 14:35:00,9991,9994,9989,9993,911,332108,91345970.0,OI2601
2025-09-23 14:36:00,9993,9999,9988,9991,1686,331973,169055220.0,OI2601
2025-09-23 14:37:00,9991,9992,9985,9987,893,332002,89541110.0,OI2601
2025-09-23 14:38:00,9986,9993,9986,9991,442,331950,44319340.0,OI2601
2025-09-23 14:39:00,9990,9993,9990,9992,385,331912,38603950.0,OI2601
2025-09-23 14:40:00,9993,9995,9988,9990,938,331708,94053260.0,OI2601
2025-09-23 14:41:00,9991,9993,9988,9989,625,331597,62668750.0,OI2601
2025-09-23 14:42:00,9990,9996,9989,9995,615,331564,61666050.0,OI2601
2025-09-23 14:43:00,9995,9995,9980,9983,1968,330853,197331360.0,OI2601
2025-09-23 14:44:00,9983,9989,9983,9988,476,330731,47728520.0,OI2601
2025-09-23 14:45:00,9988,9993,9986,9992,710,330616,71191700.0,OI2601
2025-09-23 14:46:00,9991,9992,9989,9990,468,330461,46926360.0,OI2601
2025-09-23 14:47:00,9990,9994,9990,9991,485,330438,48630950.0,OI2601
2025-09-23 14:48:00,9991,9996,9990,9995,657,330441,61801090.0,OI2601
2025-09-23 14:49:00,9995,9995,9993,9993,410,330358,41106600.0,OI2601
2025-09-23 14:50:00,9994,9994,9990,9992,633,330155,63464580.0,OI2601
2025-09-23 14:51:00,9992,10004,9990,10003,2012,330188,201723120.0,OI2601
2025-09-23 14:52:00,10003,10004,10001,10004,850,330134,85221000.0,OI2601
2025-09-23 14:53:00,10003,10004,10001,10003,527,330073,52837020.0,OI2601
2025-09-23 14:54:00,10004,10007,10002,10005,1483,329884,148685580.0,OI2601
2025-09-23 14:55:00,10006,10006,10001,10001,1279,329505,128232540.0,OI2601
2025-09-23 14:56:00,10002,10007,10002,10006,609,329487,61058340.0,OI2601
2025-09-23 14:57:00,10005,10006,10001,10003,710,329253,71184600.0,OI2601
2025-09-23 14:58:00,10003,10008,10000,10001,1443,329049,144675180.0,OI2601
2025-09-23 14:59:00,10001,10004,9994,9996,1774,328042,177861240.0,OI2601
2025-09-23 21:00:00,10009,10022,10009,10015,5398,328501,540663680.0,OI2601
2025-09-23 21:01:00,10016,10027,10015,10023,3642,328429,365053920.0,OI2601
2025-09-23 21:02:00,10024,10026,10015,10022,2670,328407,267507300.0,OI2601
2025-09-23 21:03:00,10022,10035,10022,10033,2941,328696,294951810.0,OI2601
2025-09-23 21:04:00,10033,10038,10033,10037,1990,329116,199750720.0,OI2601
2025-09-23 21:05:00,10038,10040,10034,10034,1732,329104,173782090.0,OI2601
2025-09-23 21:06:00,10035,10035,10027,10032,3533,329063,354366980.0,OI2601
2025-09-23 21:07:00,10033,10035,10026,10027,927,329003,93160080.0,OI2601
2025-09-23 21:08:00,10026,10030,10026,10029,854,328929,85622040.0,OI2601
2025-09-23 21:09:00,10030,10031,10024,10024,677,328961,67876020.0,OI2601
2025-09-23 21:10:00,10024,10025,10022,10023,1259,328786,126227340.0,OI2601
2025-09-23 21:11:00,10022,10025,10015,10015,1453,328546,145407020.0,OI2601
2025-09-23 21:12:00,10015,10017,10012,10014,1607,328417,161101750.0,OI2601
2025-09-23 21:13:00,10013,10013,10004,10006,1812,328350,181348050.0,OI2601
2025-09-23 21:14:00,10004,10009,10003,10003,1370,328388,137010150.0,OI2601
2025-09-23 21:15:00,10004,10004,9991,9992,3510,328966,350746050.0,OI2601
2025-09-23 21:16:00,9990,9993,9984,9985,2765,329366,276290200.0,OI2601
2025-09-23 21:17:00,9986,9988,9983,9988,1658,329507,165700460.0,OI2601
2025-09-23 21:18:00,9988,9999,9988,9996,2966,329247,296248940.0,OI2601
2025-09-23 21:19:00,9996,9996,9989,9992,1119,329267,112067850.0,OI2601
2025-09-23 21:20:00,9992,9992,9990,9990,812,329301,80874850.0,OI2601
2025-09-23 21:21:00,9990,9997,9989,9997,927,329230,92829780.0,OI2601
2025-09-23 21:22:00,9997,9997,9990,9992,650,329367,64628280.0,OI2601
2025-09-23 21:23:00,9991,9993,9990,9993,673,329411,67387490.0,OI2601
2025-09-23 21:24:00,9993,9997,9992,9997,755,329527,75598150.0,OI2601
2025-09-23 21:25:00,9996,9998,9993,9994,851,329468,85210630.0,OI2601
2025-09-23 21:26:00,9995,9997,9994,9995,437,329523,43266930.0,OI2601
2025-09-23 21:27:00,9994,9994,9988,9994,1058,329548,105926960.0,OI2601
2025-09-23 21:28:00,9994,9995,9990,9992,485,329575,48558200.0,OI2601
2025-09-23 21:29:00,9992,9994,9990,9992,503,329602,49850020.0,OI2601
2025-09-23 21:30:00,9990,9991,9983,9988,1646,329720,164781060.0,OI2601
2025-09-23 21:31:00,9987,9992,9985,9985,841,329607,83657300.0,OI2601
2025-09-23 21:32:00,9985,9989,9980,9980,1573,329352,157457300.0,OI2601
2025-09-23 21:33:00,9980,9980,9972,9973,3082,329396,307344680.0,OI2601
2025-09-23 21:34:00,9973,9976,9960,9962,4256,328542,424067520.0,OI2601
2025-09-23 21:35:00,9963,9967,9951,9954,3286,328460,327449940.0,OI2601
2025-09-23 21:36:00,9954,9956,9948,9955,3550,328350,353028460.0,OI2601
2025-09-23 21:37:00,9956,9960,9956,9958,1946,328534,193887860.0,OI2601
2025-09-23 21:38:00,9958,9958,9952,9957,1304,328671,129661780.0,OI2601
2025-09-23 21:39:00,9959,9964,9958,9962,1446,328624,143831440.0,OI2601
2025-09-23 21:40:00,9962,9963,9958,9961,1410,328568,140957700.0,OI2601
2025-09-23 21:41:00,9961,9963,9958,9959,737,328467,72916780.0,OI2601
2025-09-23 21:42:00,9959,9966,9959,9963,1365,328261,136445400.0,OI2601
2025-09-23 21:43:00,9963,9965,9958,9965,1141,328189,113268190.0,OI2601
2025-09-23 21:44:00,9964,9965,9960,9962,720,328271,71964000.0,OI2601
2025-09-23 21:45:00,9962,9962,9946,9946,3164,327958,314591780.0,OI2601
2025-09-23 21:46:00,9947,9955,9947,9953,1272,327944,127110960.0,OI2601
2025-09-23 21:47:00,9953,9953,9937,9940,3439,327307,341915030.0,OI2601
2025-09-23 21:48:00,9942,9947,9937,9944,1844,327084,183343480.0,OI2601
2025-09-23 21:49:00,9944,9948,9944,9946,901,326941,89110330.0,OI2601
2025-09-23 21:50:00,9946,9946,9940,9941,977,327109,97592530.0,OI2601
2025-09-23 21:51:00,9942,9945,9941,9942,753,327065,74300300.0,OI2601
2025-09-23 21:52:00,9943,9943,9928,9932,3322,326898,329901180.0,OI2601
2025-09-23 21:53:00,9933,9941,9932,9940,1712,326894,170960320.0,OI2601
2025-09-23 21:54:00,9941,9949,9940,9949,2079,326665,206620940.0,OI2601
2025-09-23 21:55:00,9949,9949,9945,9946,1238,326452,122613920.0,OI2601
2025-09-23 21:56:00,9946,9954,9946,9952,1407,326176,140474880.0,OI2601
2025-09-23 21:57:00,9952,9952,9943,9944,1264,326177,125170670.0,OI2601
2025-09-23 21:58:00,9944,9944,9933,9933,1646,326401,164320180.0,OI2601
2025-09-23 21:59:00,9933,9936,9926,9926,3740,326401,371202300.0,OI2601
2025-09-23 22:00:00,9927,9930,9925,9926,3053,326520,302496970.0,OI2601
2025-09-23 22:01:00,9926,9937,9925,9937,2321,326281,230477900.0,OI2601
2025-09-23 22:02:00,9937,9937,9927,9928,1525,326517,152164500.0,OI2601
2025-09-23 22:03:00,9926,9929,9916,9916,3579,326083,354741160.0,OI2601
2025-09-23 22:04:00,9916,9917,9910,9912,3349,326193,331657800.0,OI2601
2025-09-23 22:05:00,9912,9912,9902,9910,3380,326488,334615160.0,OI2601
2025-09-23 22:06:00,9909,9909,9895,9905,4353,326136,431488060.0,OI2601
2025-09-23 22:07:00,9905,9908,9902,9906,1445,326089,142755500.0,OI2601
2025-09-23 22:08:00,9906,9910,9905,9909,1140,326050,113646600.0,OI2601
2025-09-23 22:09:00,9910,9910,9904,9906,1518,325937,149991840.0,OI2601
2025-09-23 22:10:00,9906,9908,9903,9906,1325,325694,132076000.0,OI2601
2025-09-23 22:11:00,9904,9916,9901,9915,2526,325146,249039500.0,OI2601
2025-09-23 22:12:00,9915,9915,9907,9910,1529,325309,152380140.0,OI2601
2025-09-23 22:13:00,9909,9915,9909,9913,1141,325031,112309270.0,OI2601
2025-09-23 22:14:00,9912,9913,9908,9913,661,324888,65868650.0,OI2601
2025-09-23 22:15:00,9913,9915,9907,9909,1194,324649,118982100.0,OI2601
2025-09-23 22:16:00,9908,9910,9906,9907,1159,324397,114061420.0,OI2601
2025-09-23 22:17:00,9907,9911,9903,9911,1471,324338,146570440.0,OI2601
2025-09-23 22:18:00,9911,9916,9911,9915,1093,324205,107447950.0,OI2601
2025-09-23 22:19:00,9915,9918,9914,9917,1037,324005,103316310.0,OI2601
2025-09-23 22:20:00,9916,9920,9916,9919,1424,323872,141873120.0,OI2601
2025-09-23 22:21:00,9920,9920,9914,9917,1159,323721,113976400.0,OI2601
2025-09-23 22:22:00,9917,9920,9916,9920,450,323607,44829000.0,OI2601
2025-09-23 22:23:00,9919,9919,9913,9914,601,323474,59871620.0,OI2601
2025-09-23 22:24:00,9914,9917,9912,9917,637,323526,63457940.0,OI2601
2025-09-23 22:25:00,9917,9918,9912,9913,544,323527,52676190.0,OI2601
2025-09-23 22:26:00,9913,9917,9913,9915,320,323515,31875200.0,OI2601
2025-09-23 22:27:00,9915,9918,9902,9903,1684,323239,167743240.0,OI2601
2025-09-23 22:28:00,9903,9907,9903,9906,814,323353,81082540.0,OI2601
2025-09-23 22:29:00,9906,9916,9905,9912,995,323288,97556730.0,OI2601
2025-09-23 22:30:00,9912,9912,9905,9911,899,323292,89540400.0,OI2601
2025-09-23 22:31:00,9909,9911,9907,9909,471,323302,46911600.0,OI2601
2025-09-23 22:32:00,9909,9912,9907,9912,498,323173,49600800.0,OI2601
2025-09-23 22:33:00,9913,9915,9907,9909,730,323100,71126800.0,OI2601
2025-09-23 22:34:00,9908,9914,9908,9913,436,322949,43421240.0,OI2601
2025-09-23 22:35:00,9912,9913,9910,9910,356,322863,35454040.0,OI2601
2025-09-23 22:36:00,9911,9916,9910,9913,747,322661,74393730.0,OI2601
2025-09-23 22:37:00,9914,9917,9913,9916,985,322547,98096150.0,OI2601
2025-09-23 22:38:00,9916,9919,9912,9915,1081,322404,106039540.0,OI2601
2025-09-23 22:39:00,9915,9919,9915,9916,697,322325,69407260.0,OI2601
2025-09-23 22:40:00,9916,9917,9911,9913,318,322232,31666440.0,OI2601
2025-09-23 22:41:00,9913,9916,9911,9915,384,322126,38238720.0,OI2601
2025-09-23 22:42:00,9915,9915,9913,9914,154,322173,15335320.0,OI2601
2025-09-23 22:43:00,9914,9915,9912,9915,396,322064,39433680.0,OI2601
2025-09-23 22:44:00,9915,9925,9915,9924,1769,321640,174502590.0,OI2601
2025-09-23 22:45:00,9925,9925,9917,9919,958,321552,95388060.0,OI2601
2025-09-23 22:46:00,9920,9920,9916,9917,349,321574,34749930.0,OI2601
2025-09-23 22:47:00,9915,9918,9915,9916,323,321496,32161110.0,OI2601
2025-09-23 22:48:00,9917,9918,9914,9917,526,321280,52373820.0,OI2601
2025-09-23 22:49:00,9917,9918,9911,9912,551,321156,54863070.0,OI2601
2025-09-23 22:50:00,9912,9916,9912,9915,342,321206,34052940.0,OI2601
2025-09-23 22:51:00,9915,9915,9913,9914,274,321143,27282180.0,OI2601
2025-09-23 22:52:00,9915,9916,9914,9915,268,321063,26684760.0,OI2601
2025-09-23 22:53:00,9915,9917,9913,9913,540,320932,52072060.0,OI2601
2025-09-23 22:54:00,9914,9914,9907,9910,913,320614,90898280.0,OI2601
2025-09-23 22:55:00,9911,9918,9911,9917,899,320250,89504440.0,OI2601
2025-09-23 22:56:00,9917,9919,9914,9918,560,320012,55753600.0,OI2601
2025-09-23 22:57:00,9919,9920,9918,9919,495,319816,49282200.0,OI2601
2025-09-23 22:58:00,9919,9920,9917,9918,726,319337,72280560.0,OI2601
2025-09-23 22:59:00,9917,9919,9910,9919,1132,318662,110958930.0,OI2601
2025-09-24 09:00:00,9907,9907,9863,9881,9511,318120,941305750.0,OI2601
2025-09-24 09:01:00,9881,9881,9858,9861,4713,318241,463382070.0,OI2601
2025-09-24 09:02:00,9861,9863,9856,9860,3652,318141,361415730.0,OI2601
2025-09-24 09:03:00,9858,9860,9845,9850,5088,317719,500236350.0,OI2601
2025-09-24 09:04:00,9850,9851,9842,9847,3017,317907,298037850.0,OI2601
2025-09-24 09:05:00,9847,9853,9842,9851,2850,317848,279341400.0,OI2601
2025-09-24 09:06:00,9851,9858,9851,9854,2532,317361,249674820.0,OI2601
2025-09-24 09:07:00,9855,9864,9852,9863,2596,317183,255985780.0,OI2601
2025-09-24 09:08:00,9863,9865,9858,9864,1540,316976,153076000.0,OI2601
2025-09-24 09:09:00,9865,9871,9864,9871,1933,316584,190022890.0,OI2601
2025-09-24 09:10:00,9870,9871,9865,9870,1916,316457,188294770.0,OI2601
2025-09-24 09:11:00,9870,9870,9865,9869,1320,316493,131181600.0,OI2601
2025-09-24 09:12:00,9868,9872,9866,9869,1387,316600,137840060.0,OI2601
2025-09-24 09:13:00,9870,9875,9870,9874,1321,316346,129104230.0,OI2601
2025-09-24 09:14:00,9875,9885,9874,9883,2398,315862,238289260.0,OI2601
2025-09-24 09:15:00,9883,9883,9879,9881,1763,315450,172970950.0,OI2601
2025-09-24 09:16:00,9882,9883,9872,9875,1453,315166,144370080.0,OI2601
2025-09-24 09:17:00,9874,9875,9868,9870,1741,315069,170735460.0,OI2601
2025-09-24 09:18:00,9870,9874,9869,9872,883,314968,87726050.0,OI2601
2025-09-24 09:19:00,9873,9875,9870,9870,708,314753,70339800.0,OI2601
2025-09-24 09:20:00,9872,9879,9872,9877,966,314639,95972100.0,OI2601
2025-09-24 09:21:00,9877,9878,9872,9872,682,314542,65474010.0,OI2601
2025-09-24 09:22:00,9872,9873,9865,9867,1090,314430,108280600.0,OI2601
2025-09-24 09:23:00,9867,9870,9866,9869,739,314401,73412260.0,OI2601
2025-09-24 09:24:00,9869,9870,9866,9866,608,314337,60398720.0,OI2601
2025-09-24 09:25:00,9864,9870,9864,9870,752,314396,72389100.0,OI2601
2025-09-24 09:26:00,9870,9876,9870,9874,933,314291,92674890.0,OI2601
2025-09-24 09:27:00,9873,9878,9873,9877,944,314235,93767520.0,OI2601
2025-09-24 09:28:00,9877,9885,9875,9884,1178,314015,117010740.0,OI2601
2025-09-24 09:29:00,9884,9885,9876,9877,742,314064,73702860.0,OI2601
2025-09-24 09:30:00,9876,9879,9875,9877,629,313968,60119730.0,OI2601
2025-09-24 09:31:00,9877,9881,9877,9878,719,313779,71411080.0,OI2601
2025-09-24 09:32:00,9878,9882,9877,9882,482,313727,47872240.0,OI2601
2025-09-24 09:33:00,9881,9882,9878,9879,473,313685,46978360.0,OI2601
2025-09-24 09:34:00,9879,9881,9878,9881,336,313731,33371520.0,OI2601
2025-09-24 09:35:00,9880,9883,9877,9879,958,313696,95148560.0,OI2601
2025-09-24 09:36:00,9879,9881,9876,9880,530,313584,52639600.0,OI2601
2025-09-24 09:37:00,9880,9882,9879,9882,461,313470,45786520.0,OI2601
2025-09-24 09:38:00,9883,9885,9881,9882,639,313381,61060660.0,OI2601
2025-09-24 09:39:00,9882,9889,9881,9884,908,313305,90173480.0,OI2601
2025-09-24 09:40:00,9885,9889,9883,9888,721,313344,71602510.0,OI2601
2025-09-24 09:41:00,9887,9891,9887,9888,780,313176,77461800.0,OI2601
2025-09-24 09:42:00,9888,9889,9884,9887,774,313241,76865940.0,OI2601
2025-09-24 09:43:00,9887,9890,9887,9890,745,313209,73985950.0,OI2601
2025-09-24 09:44:00,9889,9892,9889,9890,694,313182,68921140.0,OI2601
2025-09-24 09:45:00,9889,9892,9886,9889,672,313137,64278560.0,OI2601
2025-09-24 09:46:00,9889,9890,9879,9881,1309,313070,129983700.0,OI2601
2025-09-24 09:47:00,9881,9886,9881,9884,623,313015,61863900.0,OI2601
2025-09-24 09:48:00,9883,9884,9879,9882,384,313011,38131200.0,OI2601
2025-09-24 09:49:00,9883,9887,9882,9882,508,312942,50444400.0,OI2601
2025-09-24 09:50:00,9883,9883,9880,9881,536,312979,53224800.0,OI2601
2025-09-24 09:51:00,9881,9884,9880,9883,348,312953,34556400.0,OI2601
2025-09-24 09:52:00,9883,9885,9881,9881,335,312899,33265500.0,OI2601
2025-09-24 09:53:00,9882,9883,9877,9880,483,312825,47961900.0,OI2601
2025-09-24 09:54:00,9881,9884,9880,9883,379,312806,37634700.0,OI2601
2025-09-24 09:55:00,9883,9883,9880,9881,343,312793,31549660.0,OI2601
2025-09-24 09:56:00,9881,9883,9880,9882,282,312740,27999780.0,OI2601
2025-09-24 09:57:00,9882,9886,9881,9886,567,312656,56297430.0,OI2601
2025-09-24 09:58:00,9887,9888,9884,9886,428,312557,42496120.0,OI2601
2025-09-24 09:59:00,9886,9890,9886,9886,499,312568,49545710.0,OI2601
2025-09-24 10:00:00,9887,9888,9883,9883,552,312515,54808080.0,OI2601
2025-09-24 10:01:00,9884,9886,9883,9884,308,312525,30581320.0,OI2601
2025-09-24 10:02:00,9883,9886,9879,9879,588,312543,58382520.0,OI2601
2025-09-24 10:03:00,9879,9881,9879,9879,424,312500,42098960.0,OI2601
2025-09-24 10:04:00,9879,9882,9877,9879,681,312549,67616490.0,OI2601
2025-09-24 10:05:00,9879,9882,9879,9879,297,312497,29489130.0,OI2601
2025-09-24 10:06:00,9880,9880,9877,9878,611,312438,60666190.0,OI2601
2025-09-24 10:07:00,9879,9881,9877,9878,607,312412,57700350.0,OI2601
2025-09-24 10:08:00,9879,9880,9877,9878,431,312370,42789680.0,OI2601
2025-09-24 10:09:00,9878,9880,9876,9879,484,312364,48051520.0,OI2601
2025-09-24 10:10:00,9879,9880,9877,9877,323,312316,32067440.0,OI2601
2025-09-24 10:11:00,9878,9878,9875,9876,662,312294,65723360.0,OI2601
2025-09-24 10:12:00,9876,9880,9875,9880,364,312171,36137920.0,OI2601
2025-09-24 10:13:00,9880,9881,9878,9878,284,312147,28195520.0,OI2601
2025-09-24 10:14:00,9878,9879,9877,9878,550,312286,54604000.0,OI2601
2025-09-24 10:30:00,9879,9888,9879,9888,1357,312076,134722960.0,OI2601
2025-09-24 10:31:00,9887,9895,9887,9893,1212,312039,117702010.0,OI2601
2025-09-24 10:32:00,9894,9899,9892,9892,1407,312104,139672890.0,OI2601
2025-09-24 10:33:00,9892,9895,9891,9895,791,312102,78522570.0,OI2601
2025-09-24 10:34:00,9895,9895,9891,9893,643,312015,63830610.0,OI2601
2025-09-24 10:35:00,9894,9902,9894,9898,1503,312078,149202810.0,OI2601
2025-09-24 10:36:00,9898,9898,9892,9893,786,312188,78026220.0,OI2601
2025-09-24 10:37:00,9893,9893,9888,9889,730,312101,72467100.0,OI2601
2025-09-24 10:38:00,9890,9893,9889,9891,390,312078,38715300.0,OI2601
2025-09-24 10:39:00,9891,9891,9888,9888,464,312184,46061280.0,OI2601
2025-09-24 10:40:00,9888,9891,9888,9890,230,312202,22832100.0,OI2601
2025-09-24 10:41:00,9890,9892,9888,9892,462,312209,45862740.0,OI2601
2025-09-24 10:42:00,9892,9892,9888,9888,367,312244,33729010.0,OI2601
2025-09-24 10:43:00,9888,9889,9883,9884,598,312188,59357480.0,OI2601
2025-09-24 10:44:00,9884,9886,9884,9886,343,312195,34046180.0,OI2601
2025-09-24 10:45:00,9885,9889,9885,9888,420,312104,41689200.0,OI2601
2025-09-24 10:46:00,9888,9889,9885,9886,414,312082,41093640.0,OI2601
2025-09-24 10:47:00,9886,9894,9886,9894,472,312010,46850720.0,OI2601
2025-09-24 10:48:00,9893,9895,9893,9894,297,312072,29480220.0,OI2601
2025-09-24 10:49:00,9894,9894,9890,9890,362,312114,35932120.0,OI2601
2025-09-24 10:50:00,9891,9898,9890,9893,450,312062,44667000.0,OI2601
2025-09-24 10:51:00,9894,9894,9891,9893,247,312013,24517220.0,OI2601
2025-09-24 10:52:00,9894,9895,9888,9890,283,312036,28090580.0,OI2601
2025-09-24 10:53:00,9890,9891,9889,9890,206,311994,20447560.0,OI2601
2025-09-24 10:54:00,9890,9892,9890,9891,81,311986,8040060.0,OI2601
2025-09-24 10:55:00,9892,9895,9890,9890,492,312029,48835920.0,OI2601
2025-09-24 10:56:00,9890,9890,9886,9888,419,312029,41589940.0,OI2601
2025-09-24 10:57:00,9887,9890,9887,9890,263,312002,26105380.0,OI2601
2025-09-24 10:58:00,9893,9895,9889,9889,494,311979,49034440.0,OI2601
2025-09-24 10:59:00,9889,9893,9889,9892,163,311947,16179380.0,OI2601
2025-09-24 11:00:00,9891,9893,9890,9890,367,311947,36428420.0,OI2601
2025-09-24 11:01:00,9890,9892,9889,9889,480,311915,47644800.0,OI2601
2025-09-24 11:02:00,9890,9891,9888,9889,524,311984,49235410.0,OI2601
2025-09-24 11:03:00,9890,9894,9888,9894,396,311889,39303000.0,OI2601
2025-09-24 11:04:00,9894,9895,9891,9894,422,311858,41883500.0,OI2601
2025-09-24 11:05:00,9893,9894,9885,9886,523,311861,51907750.0,OI2601
2025-09-24 11:06:00,9886,9887,9883,9885,764,311563,75827000.0,OI2601
2025-09-24 11:07:00,9885,9887,9885,9886,179,311557,17765750.0,OI2601
2025-09-24 11:08:00,9886,9890,9885,9888,494,311613,49029500.0,OI2601
2025-09-24 11:09:00,9887,9889,9887,9888,236,311641,23423000.0,OI2601
2025-09-24 11:10:00,9888,9891,9887,9889,471,311630,46746750.0,OI2601
2025-09-24 11:11:00,9888,9890,9885,9885,651,311411,64611750.0,OI2601
2025-09-24 11:12:00,9885,9888,9884,9888,255,311355,25308750.0,OI2601
2025-09-24 11:13:00,9887,9889,9886,9886,200,311362,19850000.0,OI2601
2025-09-24 11:14:00,9886,9887,9885,9885,306,311379,30370500.0,OI2601
2025-09-24 11:15:00,9885,9886,9883,9886,239,311362,23720750.0,OI2601
2025-09-24 11:16:00,9886,9886,9880,9881,819,311177,81285750.0,OI2601
2025-09-24 11:17:00,9881,9884,9881,9882,416,311166,41288000.0,OI2601
2025-09-24 11:18:00,9881,9882,9876,9877,638,311146,60474580.0,OI2601
2025-09-24 11:19:00,9877,9887,9877,9887,625,311097,62025000.0,OI2601
2025-09-24 11:20:00,9886,9889,9885,9887,456,311074,45253440.0,OI2601
2025-09-24 11:21:00,9887,9894,9886,9893,562,310997,55772880.0,OI2601
2025-09-24 11:22:00,9893,9893,9889,9891,565,311011,56070600.0,OI2601
2025-09-24 11:23:00,9892,9893,9889,9893,273,311009,27092520.0,OI2601
2025-09-24 11:24:00,9893,9899,9893,9898,859,310924,85247160.0,OI2601
2025-09-24 11:25:00,9898,9905,9897,9901,1310,310894,130004400.0,OI2601
2025-09-24 11:26:00,9901,9903,9900,9900,393,310933,39001320.0,OI2601
2025-09-24 11:27:00,9902,9903,9899,9901,456,310869,45253440.0,OI2601
2025-09-24 11:28:00,9901,9903,9899,9902,478,310750,47436720.0,OI2601
2025-09-24 11:29:00,9901,9903,9899,9903,468,310639,46444320.0,OI2601
2025-09-24 13:30:00,9906,9911,9902,9904,1723,310563,170990520.0,OI2601
2025-09-24 13:31:00,9904,9911,9904,9910,888,310577,88125120.0,OI2601
2025-09-24 13:32:00,9909,9920,9909,9919,1785,310288,177143400.0,OI2601
2025-09-24 13:33:00,9918,9918,9914,9916,993,310243,98545320.0,OI2601
2025-09-24 13:34:00,9915,9918,9914,9916,785,310240,77903400.0,OI2601
2025-09-24 13:35:00,9914,9917,9911,9912,730,310106,72445200.0,OI2601
2025-09-24 13:36:00,9912,9915,9909,9914,699,310019,69368760.0,OI2601
2025-09-24 13:37:00,9914,9914,9907,9908,783,309958,77704920.0,OI2601
2025-09-24 13:38:00,9908,9908,9905,9907,606,309786,57138150.0,OI2601
2025-09-24 13:39:00,9907,9911,9906,9911,659,309772,65392570.0,OI2601
2025-09-24 13:40:00,9911,9912,9908,9909,487,309750,48325010.0,OI2601
2025-09-24 13:41:00,9909,9912,9908,9911,265,309798,26295950.0,OI2601
2025-09-24 13:42:00,9910,9913,9910,9913,463,309742,45943490.0,OI2601
2025-09-24 13:43:00,9912,9918,9912,9915,832,309654,82559360.0,OI2601
2025-09-24 13:44:00,9913,9914,9908,9910,606,309701,60133380.0,OI2601
2025-09-24 13:45:00,9911,9919,9911,9913,1509,309438,149738070.0,OI2601
2025-09-24 13:46:00,9913,9914,9911,9911,606,309349,60133380.0,OI2601
2025-09-24 13:47:00,9912,9912,9909,9910,410,309374,40684300.0,OI2601
2025-09-24 13:48:00,9910,9913,9905,9909,821,309349,81467830.0,OI2601
2025-09-24 13:49:00,9908,9910,9907,9909,341,309331,33837430.0,OI2601
2025-09-24 13:50:00,9909,9912,9908,9912,571,309196,56660330.0,OI2601
2025-09-24 13:51:00,9913,9920,9913,9918,1162,309176,115305260.0,OI2601
2025-09-24 13:52:00,9918,9922,9917,9921,811,309152,80475530.0,OI2601
2025-09-24 13:53:00,9921,9923,9917,9921,573,309110,56858790.0,OI2601
2025-09-24 13:54:00,9921,9925,9916,9916,1159,308797,115007570.0,OI2601
2025-09-24 13:55:00,9916,9920,9916,9918,671,308690,66583330.0,OI2601
2025-09-24 13:56:00,9917,9918,9910,9911,782,308624,77597860.0,OI2601
2025-09-24 13:57:00,9912,9915,9912,9912,406,308606,40287380.0,OI2601
2025-09-24 13:58:00,9912,9912,9906,9906,656,308590,65094880.0,OI2601
2025-09-24 13:59:00,9906,9911,9904,9910,1106,308634,109748380.0,OI2601
2025-09-24 14:00:00,9911,9918,9910,9916,685,308623,67972550.0,OI2601
2025-09-24 14:01:00,9916,9918,9915,9915,580,308546,57553400.0,OI2601
2025-09-24 14:02:00,9915,9915,9913,9914,237,308545,23517510.0,OI2601
2025-09-24 14:03:00,9914,9914,9910,9912,323,308516,32051290.0,OI2601
2025-09-24 14:04:00,9913,9914,9910,9910,189,308554,18754470.0,OI2601
2025-09-24 14:05:00,9911,9916,9910,9916,475,308551,47134250.0,OI2601
2025-09-24 14:06:00,9915,9916,9911,9912,530,308642,52591900.0,OI2601
2025-09-24 14:07:00,9913,9919,9912,9915,1181,308304,117190630.0,OI2601
2025-09-24 14:08:00,9914,9919,9913,9918,390,308281,38699700.0,OI2601
2025-09-24 14:09:00,9918,9919,9913,9915,270,308322,26792100.0,OI2601
2025-09-24 14:10:00,9915,9916,9913,9915,282,308291,27982860.0,OI2601
2025-09-24 14:11:00,9914,9920,9914,9918,332,308227,32944360.0,OI2601
2025-09-24 14:12:00,9918,9918,9915,9918,280,308187,27784400.0,OI2601
2025-09-24 14:13:00,9918,9919,9916,9918,256,308128,25402880.0,OI2601
2025-09-24 14:14:00,9918,9918,9914,9914,251,308092,24906730.0,OI2601
2025-09-24 14:15:00,9915,9918,9915,9916,350,308088,34730500.0,OI2601
2025-09-24 14:16:00,9917,9918,9911,9914,483,308076,47928090.0,OI2601
2025-09-24 14:17:00,9913,9916,9912,9913,344,308036,34135120.0,OI2601
2025-09-24 14:18:00,9914,9916,9912,9915,423,307837,41974290.0,OI2601
2025-09-24 14:19:00,9916,9918,9912,9918,542,307859,53782660.0,OI2601
2025-09-24 14:20:00,9917,9918,9912,9915,510,307780,50607300.0,OI2601
2025-09-24 14:21:00,9915,9917,9914,9914,141,307805,13991430.0,OI2601
2025-09-24 14:22:00,9913,9916,9912,9915,253,307755,25105190.0,OI2601
2025-09-24 14:23:00,9915,9917,9914,9916,280,307734,27784400.0,OI2601
2025-09-24 14:24:00,9915,9917,9912,9914,312,307682,30959760.0,OI2601
2025-09-24 14:25:00,9914,9918,9914,9915,312,307675,30959760.0,OI2601
2025-09-24 14:26:00,9915,9917,9913,9916,255,307643,25303650.0,OI2601
2025-09-24 14:27:00,9917,9917,9910,9914,551,307677,54675730.0,OI2601
2025-09-24 14:28:00,9914,9915,9913,9913,269,307689,26692870.0,OI2601
2025-09-24 14:29:00,9914,9918,9912,9913,464,307716,46042720.0,OI2601
2025-09-24 14:30:00,9913,9917,9912,9914,390,307725,38699700.0,OI2601
2025-09-24 14:31:00,9914,9914,9912,9914,311,307727,30860530.0,OI2601
2025-09-24 14:32:00,9914,9918,9912,9915,460,307726,45645800.0,OI2601
2025-09-24 14:33:00,9914,9916,9914,9915,283,307707,28082090.0,OI2601
2025-09-24 14:34:00,9914,9919,9914,9918,387,307672,38402010.0,OI2601
2025-09-24 14:35:00,9918,9922,9914,9922,1053,307701,104489190.0,OI2601
2025-09-24 14:36:00,9921,9929,9921,9925,1534,307309,152218820.0,OI2601
2025-09-24 14:37:00,9925,9931,9924,9927,1458,307524,144677340.0,OI2601
2025-09-24 14:38:00,9926,9926,9923,9926,453,307618,44951190.0,OI2601
2025-09-24 14:39:00,9926,9926,9923,9925,560,307675,55568800.0,OI2601
2025-09-24 14:40:00,9926,9926,9921,9921,340,307577,33738200.0,OI2601
2025-09-24 14:41:00,9921,9923,9918,9920,492,307547,48821160.0,OI2601
2025-09-24 14:42:00,9918,9921,9913,9915,668,307432,66285640.0,OI2601
2025-09-24 14:43:00,9916,9917,9913,9915,321,307397,31852830.0,OI2601
2025-09-24 14:44:00,9914,9916,9913,9914,283,307390,28082090.0,OI2601
2025-09-24 14:45:00,9915,9920,9915,9920,297,307265,29471310.0,OI2601
2025-09-24 14:46:00,9920,9920,9914,9916,607,307401,60232610.0,OI2601
2025-09-24 14:47:00,9916,9917,9914,9917,367,307472,36417410.0,OI2601
2025-09-24 14:48:00,9916,9918,9916,9918,113,307472,11212990.0,OI2601
2025-09-24 14:49:00,9917,9923,9917,9921,302,307387,29967460.0,OI2601
2025-09-24 14:50:00,9921,9927,9921,9925,805,307248,79880150.0,OI2601
2025-09-24 14:51:00,9926,9927,9921,9925,600,307195,59538000.0,OI2601
2025-09-24 14:52:00,9925,9928,9922,9928,802,307178,79582460.0,OI2601
2025-09-24 14:53:00,9928,9928,9925,9926,476,307179,47233480.0,OI2601
2025-09-24 14:54:00,9926,9928,9926,9927,373,307091,37012790.0,OI2601
2025-09-24 14:55:00,9926,9928,9923,9924,710,306831,70453300.0,OI2601
2025-09-24 14:56:00,9924,9928,9923,9927,620,306811,61522600.0,OI2601
2025-09-24 14:57:00,9929,9930,9922,9923,1133,306555,112427590.0,OI2601
2025-09-24 14:58:00,9922,9925,9917,9919,1227,306480,121755210.0,OI2601
2025-09-24 14:59:00,9920,9923,9919,9921,1208,306205,119869840.0,OI2601
2025-09-24 21:00:00,9949,9952,9935,9952,7291,306041,725089950.0,OI2601
2025-09-24 21:01:00,9952,9954,9941,9947,3790,306192,376915500.0,OI2601
2025-09-24 21:02:00,9946,9948,9942,9945,1600,306275,159120000.0,OI2601
2025-09-24 21:03:00,9944,9948,9938,9947,1428,306104,142014600.0,OI2601
2025-09-24 21:04:00,9947,9962,9945,9962,2937,306074,292255110.0,OI2601
2025-09-24 21:05:00,9960,9966,9957,9961,3431,306067,341861570.0,OI2601
2025-09-24 21:06:00,9961,9962,9956,9956,1285,306060,128062270.0,OI2601
2025-09-24 21:07:00,9957,9963,9956,9962,1206,306133,119997000.0,OI2601
2025-09-24 21:08:00,9963,9970,9962,9969,1888,306234,188104560.0,OI2601
2025-09-24 21:09:00,9969,9975,9964,9975,2762,306248,275398980.0,OI2601
2025-09-24 21:10:00,9975,9982,9971,9981,2718,306403,271129260.0,OI2601
2025-09-24 21:11:00,9981,9989,9978,9988,2544,306800,253912800.0,OI2601
2025-09-24 21:12:00,9988,9993,9988,9991,2372,307036,237237600.0,OI2601
2025-09-24 21:13:00,9990,9994,9981,9986,2574,307080,257126920.0,OI2601
2025-09-24 21:14:00,9986,9987,9983,9985,1182,307195,117750840.0,OI2601
2025-09-24 21:15:00,9986,9992,9986,9988,1279,307333,127816850.0,OI2601
2025-09-24 21:16:00,9989,9990,9986,9987,1346,307327,134518310.0,OI2601
2025-09-24 21:17:00,9987,9987,9977,9977,1892,307169,188954130.0,OI2601
2025-09-24 21:18:00,9978,9984,9978,9980,1237,307602,123267050.0,OI2601
2025-09-24 21:19:00,9980,9981,9974,9974,1098,307583,109415700.0,OI2601
2025-09-24 21:20:00,9974,9979,9974,9977,1115,307614,111579500.0,OI2601
2025-09-24 21:21:00,9977,9980,9976,9980,572,307660,57005520.0,OI2601
2025-09-24 21:22:00,9980,9981,9976,9977,707,307614,70459620.0,OI2601
2025-09-24 21:23:00,9977,9979,9972,9972,676,307733,67370160.0,OI2601
2025-09-24 21:24:00,9972,9978,9972,9976,737,307673,73449420.0,OI2601
2025-09-24 21:25:00,9976,9980,9976,9977,747,307846,74446020.0,OI2601
2025-09-24 21:26:00,9977,9977,9975,9977,329,307824,32788140.0,OI2601
2025-09-24 21:27:00,9976,9981,9976,9980,724,307710,72668510.0,OI2601
2025-09-24 21:28:00,9981,9989,9980,9988,1234,307661,122992780.0,OI2601
2025-09-24 21:29:00,9989,9990,9984,9986,743,307735,74054810.0,OI2601
2025-09-24 21:30:00,9987,9991,9979,9979,2125,308072,212354440.0,OI2601
2025-09-24 21:31:00,9978,9979,9974,9975,1220,308120,121609600.0,OI2601
2025-09-24 21:32:00,9974,9976,9965,9966,1925,307868,191884000.0,OI2601
2025-09-24 21:33:00,9965,9967,9959,9959,3207,307860,319673760.0,OI2601
2025-09-24 21:34:00,9960,9962,9958,9959,1670,307990,166465600.0,OI2601
2025-09-24 21:35:00,9959,9964,9959,9962,1315,308124,131079200.0,OI2601
2025-09-24 21:36:00,9961,9963,9957,9958,1060,308138,105660800.0,OI2601
2025-09-24 21:37:00,9959,9959,9956,9957,647,308135,63826830.0,OI2601
2025-09-24 21:38:00,9957,9959,9954,9956,769,308142,76646230.0,OI2601
2025-09-24 21:39:00,9956,9957,9953,9954,717,308071,71463390.0,OI2601
2025-09-24 21:40:00,9955,9960,9955,9960,1286,308281,128175620.0,OI2601
2025-09-24 21:41:00,9959,9960,9955,9958,489,308397,48738630.0,OI2601
2025-09-24 21:42:00,9958,9965,9957,9964,830,308245,82726100.0,OI2601
2025-09-24 21:43:00,9964,9965,9957,9958,694,308371,69170980.0,OI2601
2025-09-24 21:44:00,9958,9960,9957,9958,483,308372,48140610.0,OI2601
2025-09-24 21:45:00,9959,9960,9954,9956,645,308457,64287150.0,OI2601
2025-09-24 21:46:00,9956,9956,9947,9947,1632,308441,161919860.0,OI2601
2025-09-24 21:47:00,9948,9952,9947,9952,611,308381,60892260.0,OI2601
2025-09-24 21:48:00,9952,9952,9945,9946,650,308395,64779000.0,OI2601
2025-09-24 21:49:00,9945,9950,9944,9950,1900,308360,189354000.0,OI2601
2025-09-24 21:50:00,9949,9957,9949,9956,1050,308198,103859310.0,OI2601
2025-09-24 21:51:00,9957,9957,9951,9953,649,308228,64672850.0,OI2601
2025-09-24 21:52:00,9953,9953,9944,9949,2279,308900,227102350.0,OI2601
2025-09-24 21:53:00,9949,9953,9949,9953,383,308915,38165950.0,OI2601
2025-09-24 21:54:00,9953,9953,9950,9950,662,308897,65968300.0,OI2601
2025-09-24 21:55:00,9950,9958,9950,9956,1806,308970,179126420.0,OI2601
2025-09-24 21:56:00,9957,9957,9952,9956,531,309022,52908840.0,OI2601
2025-09-24 21:57:00,9955,9956,9952,9954,269,309020,26803160.0,OI2601
2025-09-24 21:58:00,9954,9954,9953,9953,103,309014,10262920.0,OI2601
2025-09-24 21:59:00,9953,9955,9952,9955,257,309096,25607480.0,OI2601
2025-09-24 22:00:00,9955,9960,9955,9959,758,309074,75527120.0,OI2601
2025-09-24 22:01:00,9959,9963,9956,9961,797,309013,79413080.0,OI2601
2025-09-24 22:02:00,9961,9963,9958,9959,516,308926,51414240.0,OI2601
2025-09-24 22:03:00,9960,9963,9959,9961,418,308857,41649520.0,OI2601
2025-09-24 22:04:00,9962,9967,9961,9967,853,308750,84992920.0,OI2601
2025-09-24 22:05:00,9968,9968,9965,9966,558,308848,55599120.0,OI2601
2025-09-24 22:06:00,9967,9967,9960,9962,635,308776,63271400.0,OI2601
2025-09-24 22:07:00,9962,9964,9961,9962,373,308683,37165720.0,OI2601
2025-09-24 22:08:00,9961,9963,9961,9963,330,308602,32881200.0,OI2601
2025-09-24 22:09:00,9963,9965,9963,9965,358,308559,35671120.0,OI2601
2025-09-24 22:10:00,9964,9964,9956,9957,606,308460,60381840.0,OI2601
2025-09-24 22:11:00,9956,9958,9955,9957,429,308392,42745560.0,OI2601
2025-09-24 22:12:00,9957,9962,9957,9960,408,308377,40653120.0,OI2601
2025-09-24 22:13:00,9960,9962,9958,9961,214,308412,21322960.0,OI2601
2025-09-24 22:14:00,9962,9964,9956,9956,480,308380,47827200.0,OI2601
2025-09-24 22:15:00,9957,9959,9956,9957,198,308414,19728720.0,OI2601
2025-09-24 22:16:00,9957,9966,9957,9964,730,308300,72737200.0,OI2601
2025-09-24 22:17:00,9963,9964,9960,9961,279,308321,27799560.0,OI2601
2025-09-24 22:18:00,9962,9963,9960,9963,234,308276,23315760.0,OI2601
2025-09-24 22:19:00,9963,9963,9960,9961,115,308282,11458600.0,OI2601
2025-09-24 22:20:00,9961,9964,9959,9961,2395,308347,238637800.0,OI2601
2025-09-24 22:21:00,9962,9964,9961,9963,767,308302,76423880.0,OI2601
2025-09-24 22:22:00,9963,9966,9962,9964,324,308335,32283360.0,OI2601
2025-09-24 22:23:00,9964,9965,9955,9959,882,308391,87882480.0,OI2601
2025-09-24 22:24:00,9959,9960,9959,9960,134,308415,13351760.0,OI2601
2025-09-24 22:25:00,9961,9962,9960,9961,161,308419,16042040.0,OI2601
2025-09-24 22:26:00,9961,9966,9960,9966,441,308463,43941240.0,OI2601
2025-09-24 22:27:00,9965,9967,9964,9965,324,308483,32283360.0,OI2601
2025-09-24 22:28:00,9964,9966,9963,9964,1056,308485,105219840.0,OI2601
2025-09-24 22:29:00,9964,9966,9963,9963,489,308421,48723960.0,OI2601
2025-09-24 22:30:00,9963,9963,9956,9956,718,308306,71541520.0,OI2601
2025-09-24 22:31:00,9956,9959,9956,9957,866,308340,86288240.0,OI2601
2025-09-24 22:32:00,9956,9959,9956,9958,466,308335,46432240.0,OI2601
2025-09-24 22:33:00,9958,9959,9957,9957,154,308325,15344560.0,OI2601
2025-09-24 22:34:00,9956,9958,9955,9958,318,308337,31685520.0,OI2601
2025-09-24 22:35:00,9959,9964,9959,9962,424,308293,42247360.0,OI2601
2025-09-24 22:36:00,9962,9964,9960,9964,308,308276,30689120.0,OI2601
2025-09-24 22:37:00,9964,9967,9960,9960,675,308214,67257000.0,OI2601
2025-09-24 22:38:00,9960,9962,9960,9961,169,308205,16839160.0,OI2601
2025-09-24 22:39:00,9962,9962,9957,9959,315,308146,31386600.0,OI2601
2025-09-24 22:40:00,9959,9960,9955,9955,429,308144,42745560.0,OI2601
2025-09-24 22:41:00,9954,9958,9952,9957,1713,307989,169602070.0,OI2601
2025-09-24 22:42:00,9957,9958,9954,9954,194,307984,19328220.0,OI2601
2025-09-24 22:43:00,9955,9955,9952,9953,276,307994,27497880.0,OI2601
2025-09-24 22:44:00,9952,9955,9952,9954,141,307975,14047830.0,OI2601
2025-09-24 22:45:00,9955,9958,9954,9956,332,307873,33077160.0,OI2601
2025-09-24 22:46:00,9956,9958,9955,9957,171,307858,17036730.0,OI2601
2025-09-24 22:47:00,9956,9958,9956,9958,249,307928,24807870.0,OI2601
2025-09-24 22:48:00,9957,9960,9957,9960,259,307911,25804170.0,OI2601
2025-09-24 22:49:00,9959,9960,9958,9959,174,307900,17335620.0,OI2601
2025-09-24 22:50:00,9958,9962,9958,9960,339,307828,33774570.0,OI2601
2025-09-24 22:51:00,9961,9962,9958,9960,532,307720,53003160.0,OI2601
2025-09-24 22:52:00,9960,9963,9960,9961,170,307733,16937100.0,OI2601
2025-09-24 22:53:00,9961,9962,9956,9957,407,307655,40549410.0,OI2601
2025-09-24 22:54:00,9957,9958,9951,9952,697,307652,69442110.0,OI2601
2025-09-24 22:55:00,9952,9959,9952,9956,632,307652,62966160.0,OI2601
2025-09-24 22:56:00,9956,9957,9953,9956,406,307639,40449780.0,OI2601
2025-09-24 22:57:00,9957,9961,9957,9957,352,307519,35069760.0,OI2601
2025-09-24 22:58:00,9957,9960,9955,9957,249,307401,24807870.0,OI2601
2025-09-24 22:59:00,9955,9958,9952,9958,624,307197,62169120.0,OI2601
2025-09-25 09:00:00,9948,9981,9946,9980,3475,307579,346214250.0,OI2601
2025-09-25 09:01:00,9980,9981,9970,9972,2093,307807,208525590.0,OI2601
2025-09-25 09:02:00,9972,9972,9955,9957,1604,308018,159806520.0,OI2601
2025-09-25 09:03:00,9958,9958,9948,9955,2514,308360,250469820.0,OI2601
2025-09-25 09:04:00,9954,9966,9953,9965,1177,308342,117264510.0,OI2601
2025-09-25 09:05:00,9964,9965,9954,9956,810,308406,80700300.0,OI2601
2025-09-25 09:06:00,9956,9958,9951,9953,922,308499,91858860.0,OI2601
2025-09-25 09:07:00,9954,9962,9952,9960,1192,308592,118758960.0,OI2601
2025-09-25 09:08:00,9960,9964,9959,9960,614,308610,61172820.0,OI2601
2025-09-25 09:09:00,9960,9964,9955,9956,649,308728,64659870.0,OI2601
2025-09-25 09:10:00,9957,9962,9957,9960,925,308886,92157750.0,OI2601
2025-09-25 09:11:00,9959,9961,9955,9955,510,309039,50811300.0,OI2601
2025-09-25 09:12:00,9955,9956,9952,9955,464,309044,46228320.0,OI2601
2025-09-25 09:13:00,9955,9959,9955,9956,359,309102,35767170.0,OI2601
2025-09-25 09:14:00,9956,9956,9953,9956,386,309163,38457180.0,OI2601
2025-09-25 09:15:00,9956,9956,9953,9954,243,309179,24210090.0,OI2601
2025-09-25 09:16:00,9955,9957,9954,9955,197,309217,19627110.0,OI2601
2025-09-25 09:17:00,9957,9964,9957,9963,587,309120,58482810.0,OI2601
2025-09-25 09:18:00,9964,9965,9961,9962,398,309119,39652740.0,OI2601
2025-09-25 09:19:00,9963,9966,9961,9966,778,309319,77512140.0,OI2601
2025-09-25 09:20:00,9965,9969,9965,9969,628,309417,62567640.0,OI2601
2025-09-25 09:21:00,9968,9974,9968,9971,895,309462,89168850.0,OI2601
2025-09-25 09:22:00,9972,9972,9970,9972,260,309515,25903800.0,OI2601
2025-09-25 09:23:00,9972,9974,9967,9968,689,309517,68645070.0,OI2601
2025-09-25 09:24:00,9969,9970,9963,9964,423,309580,42143490.0,OI2601
2025-09-25 09:25:00,9963,9965,9962,9964,384,309499,38257920.0,OI2601
2025-09-25 09:26:00,9963,9967,9963,9967,346,309538,34471980.0,OI2601
2025-09-25 09:27:00,9968,9968,9967,9968,122,309587,12154860.0,OI2601
2025-09-25 09:28:00,9968,9974,9967,9974,555,309679,55294650.0,OI2601
2025-09-25 09:29:00,9973,9978,9973,9975,758,309678,75519540.0,OI2601
2025-09-25 09:30:00,9975,9977,9969,9970,603,309769,60076890.0,OI2601
2025-09-25 09:31:00,9969,9971,9967,9969,425,309711,42342750.0,OI2601
2025-09-25 09:32:00,9969,9972,9968,9969,636,309747,63364680.0,OI2601
2025-09-25 09:33:00,9969,9970,9959,9961,805,309720,80202150.0,OI2601
2025-09-25 09:34:00,9960,9961,9958,9959,438,309747,43637940.0,OI2601
2025-09-25 09:35:00,9960,9960,9955,9957,879,309799,87574770.0,OI2601
2025-09-25 09:36:00,9958,9963,9957,9963,372,309799,37062360.0,OI2601
2025-09-25 09:37:00,9963,9963,9961,9961,252,309852,25106760.0,OI2601
2025-09-25 09:38:00,9962,9968,9962,9968,434,309807,43239420.0,OI2601
2025-09-25 09:39:00,9966,9966,9962,9962,266,309799,26501580.0,OI2601
2025-09-25 09:40:00,9963,9966,9962,9965,149,309721,14844870.0,OI2601
2025-09-25 09:41:00,9966,9968,9964,9965,278,309722,27697140.0,OI2601
2025-09-25 09:42:00,9965,9970,9965,9970,483,309702,48121290.0,OI2601
2025-09-25 09:43:00,9969,9971,9968,9969,548,309776,54597240.0,OI2601
2025-09-25 09:44:00,9969,9971,9967,9969,544,309817,54198720.0,OI2601
2025-09-25 09:45:00,9969,9975,9968,9972,766,309974,76316580.0,OI2601
2025-09-25 09:46:00,9971,9971,9965,9966,494,310019,49217220.0,OI2601
2025-09-25 09:47:00,9966,9969,9964,9965,546,309985,54397980.0,OI2601
2025-09-25 09:48:00,9965,9967,9962,9963,259,310002,25804170.0,OI2601
2025-09-25 09:49:00,9962,9963,9958,9961,817,310162,81397710.0,OI2601
2025-09-25 09:50:00,9961,9963,9958,9962,315,310206,31383450.0,OI2601
2025-09-25 09:51:00,9962,9964,9961,9962,330,310234,32877900.0,OI2601
2025-09-25 09:52:00,9962,9966,9961,9965,264,310241,26302320.0,OI2601
2025-09-25 09:53:00,9966,9967,9963,9965,445,310244,44335350.0,OI2601
2025-09-25 09:54:00,9965,9967,9963,9964,406,310328,40449780.0,OI2601
2025-09-25 09:55:00,9964,9966,9962,9962,198,310352,19726740.0,OI2601
2025-09-25 09:56:00,9963,9964,9961,9961,293,310379,29191590.0,OI2601
2025-09-25 09:57:00,9962,9964,9961,9962,154,310385,15343020.0,OI2601
2025-09-25 09:58:00,9962,9963,9961,9962,127,310411,12653010.0,OI2601
2025-09-25 09:59:00,9961,9964,9961,9962,318,310417,31682340.0,OI2601
2025-09-25 10:00:00,9961,9966,9959,9965,1279,310481,127426770.0,OI2601
2025-09-25 10:01:00,9965,9965,9952,9952,1252,310736,124736760.0,OI2601
2025-09-25 10:02:00,9953,9953,9946,9947,3649,310552,363549870.0,OI2601
2025-09-25 10:03:00,9948,9954,9948,9952,1141,310511,113677830.0,OI2601
2025-09-25 10:04:00,9953,9955,9946,9955,1892,310843,188499960.0,OI2601
2025-09-25 10:05:00,9954,9954,9949,9951,584,310857,56564650.0,OI2601
2025-09-25 10:06:00,9951,9954,9951,9953,973,310822,96930260.0,OI2601
2025-09-25 10:07:00,9954,9956,9948,9950,399,310851,39748380.0,OI2601
2025-09-25 10:08:00,9949,9951,9946,9949,524,310878,52200880.0,OI2601
2025-09-25 10:09:00,9949,9956,9949,9956,369,310856,36759780.0,OI2601
2025-09-25 10:10:00,9956,9958,9955,9957,669,310914,66645780.0,OI2601
2025-09-25 10:11:00,9957,9958,9952,9954,516,311019,51403920.0,OI2601
2025-09-25 10:12:00,9954,9956,9951,9955,328,311054,32675360.0,OI2601
2025-09-25 10:13:00,9955,9958,9954,9954,1354,310989,134885480.0,OI2601
2025-09-25 10:14:00,9954,9955,9948,9952,820,310983,81688400.0,OI2601
2025-09-25 10:30:00,9951,9952,9942,9945,1808,311122,180112960.0,OI2601
2025-09-25 10:31:00,9944,9945,9932,9937,1886,310867,187883320.0,OI2601
2025-09-25 10:32:00,9937,9938,9933,9936,1817,310886,179275640.0,OI2601
2025-09-25 10:33:00,9935,9942,9935,9936,744,310910,74109840.0,OI2601
2025-09-25 10:34:00,9935,9946,9935,9944,618,310885,61558980.0,OI2601
2025-09-25 10:35:00,9943,9946,9941,9944,681,310865,67834410.0,OI2601
2025-09-25 10:36:00,9945,9952,9945,9950,1296,310792,129094560.0,OI2601
2025-09-25 10:37:00,9949,9953,9947,9952,531,310732,52892910.0,OI2601
2025-09-25 10:38:00,9952,9954,9950,9951,616,310790,61359760.0,OI2601
2025-09-25 10:39:00,9952,9958,9949,9956,667,310844,66439870.0,OI2601
2025-09-25 10:40:00,9956,9961,9956,9959,943,310795,93932230.0,OI2601
2025-09-25 10:41:00,9958,9960,9956,9957,359,310773,35759990.0,OI2601
2025-09-25 10:42:00,9957,9966,9956,9966,972,310787,96820920.0,OI2601
2025-09-25 10:43:00,9966,9970,9963,9963,1164,310884,115946040.0,OI2601
2025-09-25 10:44:00,9963,9972,9963,9970,1079,311079,107479190.0,OI2601
2025-09-25 10:45:00,9971,9978,9971,9975,1388,311199,138258680.0,OI2601
2025-09-25 10:46:00,9975,9977,9974,9976,941,311372,93733010.0,OI2601
2025-09-25 10:47:00,9976,9976,9967,9970,1325,311254,131983250.0,OI2601
2025-09-25 10:48:00,9969,9975,9969,9975,631,311283,62853910.0,OI2601
2025-09-25 10:49:00,9976,9991,9976,9989,2608,311337,261682410.0,OI2601
2025-09-25 10:50:00,9990,9990,9985,9986,1347,311213,134188140.0,OI2601
2025-09-25 10:51:00,9986,9987,9979,9979,915,311286,91152300.0,OI2601
2025-09-25 10:52:00,9979,9981,9977,9978,725,311380,72224500.0,OI2601
2025-09-25 10:53:00,9978,9984,9978,9979,525,311421,52300500.0,OI2601
2025-09-25 10:54:00,9978,9979,9974,9976,537,311392,53495940.0,OI2601
2025-09-25 10:55:00,9976,9978,9974,9977,581,311497,57879220.0,OI2601
2025-09-25 10:56:00,9978,9980,9976,9977,261,311541,26000820.0,OI2601
2025-09-25 10:57:00,9977,9980,9975,9976,416,311560,41441920.0,OI2601
2025-09-25 10:58:00,9977,9979,9975,9978,252,311625,25104240.0,OI2601
2025-09-25 10:59:00,9979,9982,9978,9979,587,311719,58476940.0,OI2601
2025-09-25 11:00:00,9978,9985,9978,9983,492,311752,49013040.0,OI2601
2025-09-25 11:01:00,9984,9985,9978,9981,1312,311684,130701440.0,OI2601
2025-09-25 11:02:00,9981,9984,9978,9984,747,311639,76402640.0,OI2601
2025-09-25 11:03:00,9984,9985,9979,9981,357,311768,35567910.0,OI2601
2025-09-25 11:04:00,9981,9983,9980,9981,252,311821,25106760.0,OI2601
2025-09-25 11:05:00,9981,9986,9981,9986,625,311871,62268750.0,OI2601
2025-09-25 11:06:00,9985,9988,9983,9987,544,311991,54198720.0,OI2601
2025-09-25 11:07:00,9987,9991,9987,9989,1179,312170,117463770.0,OI2601
2025-09-25 11:08:00,9989,10003,9986,10003,3514,312929,350099820.0,OI2601
2025-09-25 11:09:00,10003,10014,10002,10012,3990,313887,399614810.0,OI2601
2025-09-25 11:10:00,10012,10018,10011,10015,2795,314317,280612860.0,OI2601
2025-09-25 11:11:00,10015,10016,10008,10010,1591,314389,158543150.0,OI2601
2025-09-25 11:12:00,10011,10024,10009,10021,3310,314907,332009570.0,OI2601
2025-09-25 11:13:00,10019,10023,10017,10022,1901,315208,191640740.0,OI2601
2025-09-25 11:14:00,10022,10035,10022,10035,3441,315848,345185960.0,OI2601
2025-09-25 11:15:00,10034,10043,10034,10040,4601,316672,460895180.0,OI2601
2025-09-25 11:16:00,10040,10053,10040,10042,3974,317870,398475300.0,OI2601
2025-09-25 11:17:00,10042,10045,10039,10039,2511,318615,252679050.0,OI2601
2025-09-25 11:18:00,10039,10043,10033,10034,2081,319074,209849670.0,OI2601
2025-09-25 11:19:00,10033,10044,10031,10044,2514,319565,250696080.0,OI2601
2025-09-25 11:20:00,10045,10070,10045,10064,5388,320752,542155720.0,OI2601
2025-09-25 11:21:00,10064,10074,10064,10066,3702,321682,374175880.0,OI2601
2025-09-25 11:22:00,10066,10070,10062,10065,1935,322406,193035600.0,OI2601
2025-09-25 11:23:00,10066,10074,10064,10074,2767,323146,278552140.0,OI2601
2025-09-25 11:24:00,10074,10096,10073,10096,5548,324632,561239060.0,OI2601
2025-09-25 11:25:00,10096,10106,10088,10105,5757,326272,579807140.0,OI2601
2025-09-25 11:26:00,10105,10116,10100,10114,5302,327856,537292510.0,OI2601
2025-09-25 11:27:00,10113,10118,10101,10107,4800,329043,484740580.0,OI2601
2025-09-25 11:28:00,10107,10110,10103,10107,2605,329891,262917690.0,OI2601
2025-09-25 11:29:00,10107,10115,10106,10113,3689,330882,374043780.0,OI2601
2025-09-25 13:30:00,10111,10112,10098,10101,4857,331527,490897900.0,OI2601
2025-09-25 13:31:00,10102,10114,10102,10109,3199,332758,322517870.0,OI2601
2025-09-25 13:32:00,10109,10111,10108,10110,1890,333466,191760390.0,OI2601
2025-09-25 13:33:00,10111,10113,10107,10109,1678,333863,167699320.0,OI2601
2025-09-25 13:34:00,10109,10114,10109,10113,1832,334565,186017870.0,OI2601
2025-09-25 13:35:00,10113,10129,10112,10129,4093,335676,415032790.0,OI2601
2025-09-25 13:36:00,10130,10143,10130,10143,7179,336922,726806160.0,OI2601
2025-09-25 13:37:00,10143,10143,10133,10141,3903,338060,396459080.0,OI2601
2025-09-25 13:38:00,10141,10142,10132,10133,2437,338369,246852650.0,OI2601
2025-09-25 13:39:00,10133,10136,10132,10134,1504,338785,153564070.0,OI2601
2025-09-25 13:40:00,10135,10142,10133,10139,2463,339335,249542100.0,OI2601
2025-09-25 13:41:00,10139,10140,10133,10136,1722,340022,172286100.0,OI2601
2025-09-25 13:42:00,10135,10138,10134,10136,1606,340274,163857160.0,OI2601
2025-09-25 13:43:00,10135,10135,10126,10128,2404,340373,243745140.0,OI2601
2025-09-25 13:44:00,10128,10131,10128,10129,1287,340681,128790090.0,OI2601
2025-09-25 13:45:00,10129,10130,10121,10124,2706,340981,274030250.0,OI2601
2025-09-25 13:46:00,10124,10136,10124,10132,2323,341361,235749900.0,OI2601
2025-09-25 13:47:00,10132,10137,10132,10134,1522,341691,155616260.0,OI2601
2025-09-25 13:48:00,10134,10135,10132,10133,643,341843,64364300.0,OI2601
2025-09-25 13:49:00,10133,10139,10131,10135,1301,342302,133528820.0,OI2601
2025-09-25 13:50:00,10136,10141,10135,10140,1953,342958,195514830.0,OI2601
2025-09-25 13:51:00,10139,10139,10134,10137,1618,343093,165312410.0,OI2601
2025-09-25 13:52:00,10137,10139,10136,10138,728,343208,72887360.0,OI2601
2025-09-25 13:53:00,10137,10140,10135,10135,727,343331,72787240.0,OI2601
2025-09-25 13:54:00,10136,10137,10132,10132,694,343394,72839200.0,OI2601
2025-09-25 13:55:00,10133,10134,10130,10133,1034,343383,103534420.0,OI2601
2025-09-25 13:56:00,10133,10145,10132,10134,3487,344044,352554440.0,OI2601
2025-09-25 13:57:00,10134,10136,10133,10135,490,344151,52474630.0,OI2601
2025-09-25 13:58:00,10136,10136,10132,10133,688,344299,68903200.0,OI2601
2025-09-25 13:59:00,10132,10140,10132,10138,803,344437,80420450.0,OI2601
2025-09-25 14:00:00,10138,10151,10138,10150,4715,345605,479143430.0,OI2601
2025-09-25 14:01:00,10148,10151,10146,10149,1503,346216,150555510.0,OI2601
2025-09-25 14:02:00,10148,10149,10145,10145,814,346404,85029640.0,OI2601
2025-09-25 14:03:00,10145,10151,10140,10151,2412,346914,245149540.0,OI2601
2025-09-25 14:04:00,10150,10150,10146,10146,774,347026,77547060.0,OI2601
2025-09-25 14:05:00,10146,10154,10140,10140,2282,347681,232179520.0,OI2601
2025-09-25 14:06:00,10140,10142,10139,10141,1208,347762,121041600.0,OI2601
2025-09-25 14:07:00,10142,10142,10133,10133,1457,347624,149563990.0,OI2601
2025-09-25 14:08:00,10132,10137,10131,10133,1263,347750,126565230.0,OI2601
2025-09-25 14:09:00,10133,10136,10130,10134,1026,347759,102815460.0,OI2601
2025-09-25 14:10:00,10135,10137,10132,10135,794,347937,83170160.0,OI2601
2025-09-25 14:11:00,10135,10137,10132,10135,720,347993,72158400.0,OI2601
2025-09-25 14:12:00,10136,10141,10135,10137,1000,348019,100220000.0,OI2601
2025-09-25 14:13:00,10138,10140,10135,10138,601,348034,60232220.0,OI2601
2025-09-25 14:14:00,10138,10138,10135,10135,851,348105,88922360.0,OI2601
2025-09-25 14:15:00,10135,10141,10134,10138,604,348115,60538920.0,OI2601
2025-09-25 14:16:00,10139,10140,10138,10139,429,348204,42998670.0,OI2601
2025-09-25 14:17:00,10139,10141,10137,10140,383,348188,38388090.0,OI2601
2025-09-25 14:18:00,10140,10141,10137,10139,502,348308,50315460.0,OI2601
2025-09-25 14:19:00,10138,10145,10138,10143,669,348312,67053870.0,OI2601
2025-09-25 14:20:00,10143,10143,10139,10140,633,348275,67112930.0,OI2601
2025-09-25 14:21:00,10139,10142,10139,10140,389,348340,38993360.0,OI2601
2025-09-25 14:22:00,10140,10142,10139,10140,514,348399,51523360.0,OI2601
2025-09-25 14:23:00,10141,10142,10128,10129,1380,348399,138331200.0,OI2601
2025-09-25 14:24:00,10129,10133,10128,10132,1068,348363,110757170.0,OI2601
2025-09-25 14:25:00,10133,10136,10132,10136,569,348399,57042250.0,OI2601
2025-09-25 14:26:00,10136,10138,10134,10136,543,348461,54435750.0,OI2601
2025-09-25 14:27:00,10137,10141,10136,10140,619,348545,62054750.0,OI2601
2025-09-25 14:28:00,10140,10140,10136,10137,464,348505,46516000.0,OI2601
2025-09-25 14:29:00,10137,10138,10134,10136,404,348477,40501000.0,OI2601
2025-09-25 14:30:00,10137,10144,10136,10142,1142,348470,118223760.0,OI2601
2025-09-25 14:31:00,10143,10144,10140,10141,592,348609,59353920.0,OI2601
2025-09-25 14:32:00,10141,10142,10137,10140,586,348753,58752360.0,OI2601
2025-09-25 14:33:00,10140,10142,10138,10142,751,348909,75295260.0,OI2601
2025-09-25 14:34:00,10142,10143,10135,10138,766,348978,80564370.0,OI2601
2025-09-25 14:35:00,10137,10139,10136,10137,459,349012,46023930.0,OI2601
2025-09-25 14:36:00,10137,10144,10137,10140,792,349137,79413840.0,OI2601
2025-09-25 14:37:00,10140,10141,10136,10136,506,349165,50736620.0,OI2601
2025-09-25 14:38:00,10136,10139,10135,10137,351,349102,35194770.0,OI2601
2025-09-25 14:39:00,10136,10137,10131,10132,1264,349010,130540210.0,OI2601
2025-09-25 14:40:00,10134,10136,10131,10136,900,348938,90252000.0,OI2601
2025-09-25 14:41:00,10136,10137,10133,10134,505,348892,50641400.0,OI2601
2025-09-25 14:42:00,10135,10136,10131,10132,541,348827,54251480.0,OI2601
2025-09-25 14:43:00,10133,10133,10129,10132,776,348785,77817280.0,OI2601
2025-09-25 14:44:00,10132,10136,10129,10134,1049,348736,109030360.0,OI2601
2025-09-25 14:45:00,10134,10137,10134,10135,654,348692,65589660.0,OI2601
2025-09-25 14:46:00,10134,10134,10128,10131,883,348687,88556070.0,OI2601
2025-09-25 14:47:00,10130,10135,10130,10135,633,348620,63483570.0,OI2601
2025-09-25 14:48:00,10133,10134,10130,10132,559,348481,56062110.0,OI2601
2025-09-25 14:49:00,10132,10135,10127,10127,1148,348553,119008330.0,OI2601
2025-09-25 14:50:00,10127,10129,10122,10127,2012,348293,201803600.0,OI2601
2025-09-25 14:51:00,10128,10134,10128,10133,1778,348830,182246710.0,OI2601
2025-09-25 14:52:00,10132,10135,10131,10134,694,348907,69615140.0,OI2601
2025-09-25 14:53:00,10134,10135,10131,10134,560,348916,56173600.0,OI2601
2025-09-25 14:54:00,10135,10140,10134,10136,1047,349069,105024570.0,OI2601
2025-09-25 14:55:00,10135,10135,10132,10132,1018,349165,102115580.0,OI2601
2025-09-25 14:56:00,10133,10134,10130,10133,832,348850,87412740.0,OI2601
2025-09-25 14:57:00,10135,10135,10130,10131,1208,348610,121186560.0,OI2601
2025-09-25 14:58:00,10131,10135,10130,10135,1699,348204,170443680.0,OI2601
2025-09-25 14:59:00,10135,10142,10135,10142,2847,347712,289623400.0,OI2601
2025-09-25 21:00:00,10143,10168,10143,10158,10391,348451,1055829510.0,OI2601
2025-09-25 21:01:00,10155,10155,10137,10138,4677,348878,474325890.0,OI2601
2025-09-25 21:02:00,10138,10141,10134,10134,1762,349068,178762800.0,OI2601
2025-09-25 21:03:00,10134,10140,10134,10139,1408,349335,142603560.0,OI2601
2025-09-25 21:04:00,10137,10141,10135,10138,1522,349831,154315840.0,OI2601
2025-09-25 21:05:00,10137,10139,10133,10137,1634,349966,165653400.0,OI2601
2025-09-25 21:06:00,10139,10146,10136,10143,1523,350401,154584500.0,OI2601
2025-09-25 21:07:00,10143,10152,10143,10143,3427,350836,347577060.0,OI2601
2025-09-25 21:08:00,10142,10143,10136,10140,1574,351059,159745260.0,OI2601
2025-09-25 21:09:00,10139,10145,10137,10142,1352,351294,136921780.0,OI2601
2025-09-25 21:10:00,10142,10143,10140,10143,993,351549,100769640.0,OI2601
2025-09-25 21:11:00,10142,10146,10141,10141,931,351715,94477880.0,OI2601
2025-09-25 21:12:00,10141,10144,10139,10141,846,351970,85852080.0,OI2601
2025-09-25 21:13:00,10140,10142,10139,10141,649,352112,65860520.0,OI2601
2025-09-25 21:14:00,10142,10142,10136,10136,1023,352283,103476920.0,OI2601
2025-09-25 21:15:00,10137,10140,10135,10136,1222,352606,123996340.0,OI2601
2025-09-25 21:16:00,10135,10138,10130,10134,1715,352562,173654560.0,OI2601
2025-09-25 21:17:00,10134,10137,10131,10131,1664,352755,168829440.0,OI2601
2025-09-25 21:18:00,10131,10135,10129,10130,1092,352823,110400270.0,OI2601
2025-09-25 21:19:00,10130,10133,10128,10128,1356,352712,137566200.0,OI2601
2025-09-25 21:20:00,10128,10128,10125,10126,1710,352958,173054790.0,OI2601
2025-09-25 21:21:00,10126,10132,10126,10131,1285,352958,130350400.0,OI2601
2025-09-25 21:22:00,10131,10143,10131,10139,1566,353025,158855040.0,OI2601
2025-09-25 21:23:00,10139,10141,10138,10140,919,353190,93223360.0,OI2601
2025-09-25 21:24:00,10139,10147,10138,10147,1838,353663,186446720.0,OI2601
2025-09-25 21:25:00,10148,10148,10142,10148,1487,353789,150841280.0,OI2601
2025-09-25 21:26:00,10148,10151,10146,10148,1579,353938,160173760.0,OI2601
2025-09-25 21:27:00,10147,10147,10143,10144,643,354050,65225920.0,OI2601
2025-09-25 21:28:00,10145,10149,10144,10149,490,354165,49705600.0,OI2601
2025-09-25 21:29:00,10150,10152,10147,10147,964,354332,97788160.0,OI2601
2025-09-25 21:30:00,10146,10147,10143,10145,1027,354499,104178880.0,OI2601
2025-09-25 21:31:00,10145,10148,10145,10145,400,354668,40576000.0,OI2601
2025-09-25 21:32:00,10145,10145,10141,10144,596,354755,60458240.0,OI2601
2025-09-25 21:33:00,10144,10144,10140,10140,822,354730,83383680.0,OI2601
2025-09-25 21:34:00,10140,10145,10140,10141,781,354785,79224640.0,OI2601
2025-09-25 21:35:00,10140,10142,10138,10140,588,354743,59646720.0,OI2601
2025-09-25 21:36:00,10139,10141,10138,10140,603,354753,61168320.0,OI2601
2025-09-25 21:37:00,10140,10142,10136,10138,660,354822,66950400.0,OI2601
2025-09-25 21:38:00,10138,10139,10136,10137,511,354937,51835840.0,OI2601
2025-09-25 21:39:00,10137,10139,10130,10130,1196,354837,120717980.0,OI2601
2025-09-25 21:40:00,10130,10137,10130,10136,720,354885,73029600.0,OI2601
2025-09-25 21:41:00,10135,10137,10133,10134,588,354847,59640840.0,OI2601
2025-09-25 21:42:00,10134,10135,10130,10133,733,354697,74348190.0,OI2601
2025-09-25 21:43:00,10132,10134,10126,10128,1162,354519,117861660.0,OI2601
2025-09-25 21:44:00,10129,10131,10127,10127,1015,354447,102951450.0,OI2601
2025-09-25 21:45:00,10128,10134,10127,10132,868,354339,88041240.0,OI2601
2025-09-25 21:46:00,10133,10133,10130,10133,515,354391,51576180.0,OI2601
2025-09-25 21:47:00,10134,10143,10134,10139,1234,354298,125152280.0,OI2601
2025-09-25 21:48:00,10140,10141,10136,10140,1202,354767,121906840.0,OI2601
2025-09-25 21:49:00,10141,10145,10139,10139,835,354959,84685700.0,OI2601
2025-09-25 21:50:00,10139,10139,10136,10137,645,355135,65415900.0,OI2601
2025-09-25 21:51:00,10137,10139,10137,10137,231,355206,23428020.0,OI2601
2025-09-25 21:52:00,10138,10140,10137,10139,428,355205,43407760.0,OI2601
2025-09-25 21:53:00,10139,10140,10129,10131,1252,355265,126977840.0,OI2601
2025-09-25 21:54:00,10131,10139,10130,10139,805,355305,81643100.0,OI2601
2025-09-25 21:55:00,10138,10143,10138,10142,687,355236,69675540.0,OI2601
2025-09-25 21:56:00,10141,10142,10135,10137,525,355288,53245500.0,OI2601
2025-09-25 21:57:00,10139,10141,10134,10137,672,355340,68154240.0,OI2601
2025-09-25 21:58:00,10137,10137,10134,10135,305,355327,30933100.0,OI2601
2025-09-25 21:59:00,10135,10136,10131,10132,700,355392,70994000.0,OI2601
2025-09-25 22:00:00,10131,10133,10129,10133,898,355345,91075160.0,OI2601
2025-09-25 22:01:00,10133,10134,10130,10133,762,355382,77282040.0,OI2601
2025-09-25 22:02:00,10133,10134,10128,10128,916,355046,92900720.0,OI2601
2025-09-25 22:03:00,10128,10129,10124,10126,1679,354938,169486150.0,OI2601
2025-09-25 22:04:00,10127,10132,10126,10130,513,354903,52023330.0,OI2601
2025-09-25 22:05:00,10131,10132,10126,10131,510,354946,51719100.0,OI2601
2025-09-25 22:06:00,10130,10131,10128,10128,247,354918,25048270.0,OI2601
2025-09-25 22:07:00,10128,10129,10127,10128,310,354885,31437100.0,OI2601
2025-09-25 22:08:00,10128,10130,10122,10129,1103,354874,111855230.0,OI2601
2025-09-25 22:09:00,10129,10132,10125,10127,1395,354455,141466950.0,OI2601
2025-09-25 22:10:00,10128,10128,10123,10126,606,354456,60609590.0,OI2601
2025-09-25 22:11:00,10125,10131,10125,10129,661,354434,67025400.0,OI2601
2025-09-25 22:12:00,10127,10128,10121,10122,1580,354580,160212000.0,OI2601
2025-09-25 22:13:00,10123,10125,10115,10119,2815,354371,284545570.0,OI2601
2025-09-25 22:14:00,10119,10124,10119,10124,647,354287,65599330.0,OI2601
2025-09-25 22:15:00,10123,10124,10120,10122,710,354208,71986900.0,OI2601
2025-09-25 22:16:00,10122,10122,10118,10119,737,354072,74724430.0,OI2601
2025-09-25 22:17:00,10118,10119,10116,10117,1186,354152,120248540.0,OI2601
2025-09-25 22:18:00,10117,10119,10115,10118,705,354002,71479950.0,OI2601
2025-09-25 22:19:00,10119,10120,10116,10117,557,353955,55533380.0,OI2601
2025-09-25 22:20:00,10117,10120,10115,10120,908,353797,92053040.0,OI2601
2025-09-25 22:21:00,10120,10120,10113,10116,1388,353619,140715440.0,OI2601
2025-09-25 22:22:00,10117,10122,10116,10119,875,353454,88707500.0,OI2601
2025-09-25 22:23:00,10119,10120,10116,10117,427,353408,43289260.0,OI2601
2025-09-25 22:24:00,10118,10118,10116,10116,446,353341,45215480.0,OI2601
2025-09-25 22:25:00,10117,10117,10112,10116,1062,353158,106673650.0,OI2601
2025-09-25 22:26:00,10115,10116,10113,10114,605,353156,61328850.0,OI2601
2025-09-25 22:27:00,10115,10115,10112,10114,1176,353084,119211120.0,OI2601
2025-09-25 22:28:00,10115,10122,10114,10121,2215,353059,224534550.0,OI2601
2025-09-25 22:29:00,10120,10120,10116,10119,1259,353218,126580370.0,OI2601
2025-09-25 22:30:00,10118,10121,10116,10120,594,353254,60207840.0,OI2601
2025-09-25 22:31:00,10120,10122,10118,10121,469,353280,47537840.0,OI2601
2025-09-25 22:32:00,10122,10127,10122,10122,1142,352975,115753120.0,OI2601
2025-09-25 22:33:00,10123,10124,10121,10122,888,353023,90007680.0,OI2601
2025-09-25 22:34:00,10123,10126,10122,10126,685,352868,69431600.0,OI2601
2025-09-25 22:35:00,10126,10126,10124,10124,432,352891,43787520.0,OI2601
2025-09-25 22:36:00,10125,10125,10123,10124,270,352852,27367200.0,OI2601
2025-09-25 22:37:00,10125,10125,10118,10119,685,352659,69431600.0,OI2601
2025-09-25 22:38:00,10119,10122,10119,10122,276,352677,27975360.0,OI2601
2025-09-25 22:39:00,10122,10123,10119,10121,435,352445,44091600.0,OI2601
2025-09-25 22:40:00,10120,10123,10118,10119,586,352370,58287880.0,OI2601
2025-09-25 22:41:00,10119,10119,10116,10117,492,352359,49864200.0,OI2601
2025-09-25 22:42:00,10117,10117,10114,10115,498,352225,50472300.0,OI2601
2025-09-25 22:43:00,10116,10118,10114,10115,510,352110,51688500.0,OI2601
2025-09-25 22:44:00,10117,10118,10115,10118,328,351984,33242800.0,OI2601
2025-09-25 22:45:00,10117,10120,10117,10120,395,351975,40033250.0,OI2601
2025-09-25 22:46:00,10120,10120,10115,10115,430,351883,43580500.0,OI2601
2025-09-25 22:47:00,10115,10118,10114,10117,600,351895,60810000.0,OI2601
2025-09-25 22:48:00,10118,10121,10117,10120,507,351763,51384450.0,OI2601
2025-09-25 22:49:00,10120,10121,10119,10120,445,351723,45100750.0,OI2601
2025-09-25 22:50:00,10119,10120,10116,10116,531,351631,53816850.0,OI2601
2025-09-25 22:51:00,10116,10119,10116,10119,307,351621,31114450.0,OI2601
2025-09-25 22:52:00,10119,10122,10119,10121,243,351567,24628050.0,OI2601
2025-09-25 22:53:00,10121,10128,10120,10127,1039,351224,105302650.0,OI2601
2025-09-25 22:54:00,10126,10126,10123,10124,298,351194,30202300.0,OI2601
2025-09-25 22:55:00,10123,10125,10122,10123,445,351033,43920990.0,OI2601
2025-09-25 22:56:00,10122,10123,10120,10122,597,350770,60499980.0,OI2601
2025-09-25 22:57:00,10122,10124,10122,10122,350,350628,35469000.0,OI2601
2025-09-25 22:58:00,10122,10124,10121,10122,509,350261,51582060.0,OI2601
2025-09-25 22:59:00,10121,10124,10119,10122,1222,349520,123837480.0,OI2601
2025-09-26 09:00:00,10125,10134,10123,10133,3297,349166,334117980.0,OI2601
2025-09-26 09:01:00,10133,10133,10125,10125,1109,348949,112386060.0,OI2601
2025-09-26 09:02:00,10125,10126,10121,10124,825,348788,83605500.0,OI2601
2025-09-26 09:03:00,10124,10127,10121,10121,684,348718,69316560.0,OI2601
2025-09-26 09:04:00,10120,10120,10115,10117,1025,348732,103873500.0,OI2601
2025-09-26 09:05:00,10118,10132,10117,10130,1065,348695,107927100.0,OI2601
2025-09-26 09:06:00,10130,10131,10125,10125,715,348729,72458100.0,OI2601
2025-09-26 09:07:00,10126,10129,10124,10126,456,348626,46211040.0,OI2601
2025-09-26 09:08:00,10126,10126,10119,10121,704,348443,71343360.0,OI2601
2025-09-26 09:09:00,10121,10125,10120,10124,575,348374,56959410.0,OI2601
2025-09-26 09:10:00,10123,10124,10117,10121,435,348366,44078550.0,OI2601
2025-09-26 09:11:00,10121,10121,10118,10120,1214,348192,123014620.0,OI2601
2025-09-26 09:12:00,10120,10128,10120,10128,862,348019,87346460.0,OI2601
2025-09-26 09:13:00,10128,10130,10124,10125,1242,347910,125851860.0,OI2601
2025-09-26 09:14:00,10125,10130,10123,10127,534,347860,54110220.0,OI2601
2025-09-26 09:15:00,10128,10129,10121,10122,649,347724,65763170.0,OI2601
2025-09-26 09:16:00,10123,10124,10120,10122,1518,347654,153818940.0,OI2601
2025-09-26 09:17:00,10123,10124,10120,10120,756,347557,76605480.0,OI2601
2025-09-26 09:18:00,10120,10124,10119,10123,541,347510,54819530.0,OI2601
2025-09-26 09:19:00,10123,10125,10120,10121,315,347481,31918950.0,OI2601
2025-09-26 09:20:00,10121,10121,10117,10118,591,347546,59886030.0,OI2601
2025-09-26 09:21:00,10118,10120,10117,10120,783,347488,79341390.0,OI2601
2025-09-26 09:22:00,10120,10120,10112,10112,1196,347267,121190680.0,OI2601
2025-09-26 09:23:00,10111,10115,10111,10114,860,347251,85717750.0,OI2601
2025-09-26 09:24:00,10114,10115,10112,10114,507,347227,51369240.0,OI2601
2025-09-26 09:25:00,10114,10115,10109,10114,1424,346994,144279680.0,OI2601
2025-09-26 09:26:00,10113,10127,10113,10123,1060,346945,107399200.0,OI2601
2025-09-26 09:27:00,10124,10124,10120,10121,589,346970,59677480.0,OI2601
2025-09-26 09:28:00,10120,10120,10117,10120,331,347052,33536920.0,OI2601
2025-09-26 09:29:00,10120,10124,10120,10122,535,347171,54206200.0,OI2601
2025-09-26 09:30:00,10122,10129,10122,10126,2772,347204,280859040.0,OI2601
2025-09-26 09:31:00,10126,10127,10123,10127,1454,347251,147319280.0,OI2601
2025-09-26 09:32:00,10127,10128,10123,10126,1390,347166,140834800.0,OI2601
2025-09-26 09:33:00,10127,10129,10123,10127,587,347289,59474840.0,OI2601
2025-09-26 09:34:00,10127,10127,10123,10127,423,347175,42858360.0,OI2601
2025-09-26 09:35:00,10127,10127,10123,10123,358,347152,36272560.0,OI2601
2025-09-26 09:36:00,10123,10132,10123,10132,849,347282,86020680.0,OI2601
2025-09-26 09:37:00,10132,10132,10128,10128,583,347287,59069560.0,OI2601
2025-09-26 09:38:00,10128,10130,10126,10129,294,347386,29788080.0,OI2601
2025-09-26 09:39:00,10129,10139,10129,10135,1279,347260,129588280.0,OI2601
2025-09-26 09:40:00,10135,10146,10135,10145,1602,347354,162314640.0,OI2601
2025-09-26 09:41:00,10144,10144,10137,10138,978,347512,99090960.0,OI2601
2025-09-26 09:42:00,10139,10143,10137,10139,1194,347937,120976080.0,OI2601
2025-09-26 09:43:00,10140,10147,10139,10146,914,348089,92606480.0,OI2601
2025-09-26 09:44:00,10146,10146,10141,10141,576,348106,58360320.0,OI2601
2025-09-26 09:45:00,10141,10141,10132,10135,916,347933,92809120.0,OI2601
2025-09-26 09:46:00,10135,10139,10135,10139,329,347928,33334280.0,OI2601
2025-09-26 09:47:00,10138,10144,10137,10141,425,347931,43061000.0,OI2601
2025-09-26 09:48:00,10140,10144,10140,10144,262,348008,26545840.0,OI2601
2025-09-26 09:49:00,10143,10145,10142,10144,413,348062,41845160.0,OI2601
2025-09-26 09:50:00,10144,10144,10139,10140,326,348087,33030320.0,OI2601
2025-09-26 09:51:00,10140,10142,10139,10140,260,348165,26343200.0,OI2601
2025-09-26 09:52:00,10140,10141,10139,10139,184,348164,18642880.0,OI2601
2025-09-26 09:53:00,10138,10140,10137,10138,305,348147,30902600.0,OI2601
2025-09-26 09:54:00,10138,10138,10133,10134,384,348022,38906880.0,OI2601
2025-09-26 09:55:00,10135,10138,10135,10136,232,348063,23506240.0,OI2601
2025-09-26 09:56:00,10136,10139,10136,10138,296,348115,29990720.0,OI2601
2025-09-26 09:57:00,10139,10139,10134,10137,211,348137,21378520.0,OI2601
2025-09-26 09:58:00,10137,10141,10137,10139,442,348073,44783440.0,OI2601
2025-09-26 09:59:00,10139,10143,10139,10142,361,348108,36576520.0,OI2601
2025-09-26 10:00:00,10142,10142,10136,10137,470,348171,47620400.0,OI2601
2025-09-26 10:01:00,10137,10141,10136,10139,359,348197,36373880.0,OI2601
2025-09-26 10:02:00,10140,10142,10139,10140,524,348420,53091680.0,OI2601
2025-09-26 10:03:00,10140,10143,10137,10142,427,348507,43263640.0,OI2601
2025-09-26 10:04:00,10143,10145,10139,10144,730,348470,73963600.0,OI2601
2025-09-26 10:05:00,10144,10146,10143,10146,383,348503,38805560.0,OI2601
2025-09-26 10:06:00,10145,10147,10139,10142,704,348602,71329280.0,OI2601
2025-09-26 10:07:00,10143,10145,10141,10143,266,348591,26951120.0,OI2601
2025-09-26 10:08:00,10143,10144,10142,10143,193,348575,19554760.0,OI2601
2025-09-26 10:09:00,10144,10155,10144,10153,3060,349219,311786860.0,OI2601
2025-09-26 10:10:00,10153,10153,10146,10146,733,349222,74274890.0,OI2601
2025-09-26 10:11:00,10146,10150,10146,10150,582,349214,58974060.0,OI2601
2025-09-26 10:12:00,10150,10151,10146,10148,618,349172,62621940.0,OI2601
2025-09-26 10:13:00,10147,10147,10143,10146,331,349169,33540230.0,OI2601
2025-09-26 10:14:00,10147,10147,10144,10145,357,349102,36174810.0,OI2601
2025-09-26 10:30:00,10146,10149,10138,10142,1073,349126,108727090.0,OI2601
2025-09-26 10:31:00,10142,10150,10142,10145,1051,348927,106497830.0,OI2601
2025-09-26 10:32:00,10146,10150,10143,10148,486,348948,49246380.0,OI2601
2025-09-26 10:33:00,10147,10148,10144,10146,252,348990,25535160.0,OI2601
2025-09-26 10:34:00,10147,10149,10145,10145,615,349047,62317950.0,OI2601
2025-09-26 10:35:00,10145,10148,10142,10143,664,348959,67283120.0,OI2601
2025-09-26 10:36:00,10143,10148,10143,10145,741,348777,75085530.0,OI2601
2025-09-26 10:37:00,10145,10148,10144,10147,278,348788,28169740.0,OI2601
2025-09-26 10:38:00,10147,10159,10146,10157,1476,349209,151403310.0,OI2601
2025-09-26 10:39:00,10156,10157,10150,10150,1205,349771,122114700.0,OI2601
2025-09-26 10:40:00,10149,10151,10147,10150,799,349753,80970660.0,OI2601
2025-09-26 10:41:00,10149,10156,10148,10151,1230,349929,124648200.0,OI2601
2025-09-26 10:42:00,10151,10156,10150,10154,372,349956,37698480.0,OI2601
2025-09-26 10:43:00,10155,10158,10154,10155,930,350301,94246200.0,OI2601
2025-09-26 10:44:00,10154,10165,10154,10163,2576,351117,261051840.0,OI2601
2025-09-26 10:45:00,10163,10166,10160,10162,1367,351567,140456800.0,OI2601
2025-09-26 10:46:00,10161,10163,10159,10159,773,351797,78343550.0,OI2601
2025-09-26 10:47:00,10159,10159,10146,10148,1941,351817,196720350.0,OI2601
2025-09-26 10:48:00,10148,10150,10147,10147,628,351845,63647800.0,OI2601
2025-09-26 10:49:00,10147,10152,10144,10150,1371,351844,138950850.0,OI2601
2025-09-26 10:50:00,10149,10151,10141,10141,1101,351786,111586350.0,OI2601
2025-09-26 10:51:00,10141,10144,10137,10139,1364,351447,138241400.0,OI2601
2025-09-26 10:52:00,10140,10142,10134,10141,1657,351044,167936950.0,OI2601
2025-09-26 10:53:00,10141,10142,10140,10140,509,351139,51587150.0,OI2601
2025-09-26 10:54:00,10140,10144,10140,10143,307,351168,31114450.0,OI2601
2025-09-26 10:55:00,10143,10149,10142,10142,517,351107,52397950.0,OI2601
2025-09-26 10:56:00,10143,10143,10141,10142,336,351135,34053600.0,OI2601
2025-09-26 10:57:00,10144,10149,10143,10148,509,351182,51587150.0,OI2601
2025-09-26 10:58:00,10148,10148,10146,10146,241,351207,24425350.0,OI2601
2025-09-26 10:59:00,10147,10148,10146,10148,190,351236,19256500.0,OI2601
2025-09-26 11:00:00,10149,10152,10147,10150,976,351358,98917600.0,OI2601
2025-09-26 11:01:00,10151,10151,10142,10145,809,351262,81992150.0,OI2601
2025-09-26 11:02:00,10145,10149,10143,10149,420,351229,42567000.0,OI2601
2025-09-26 11:03:00,10149,10151,10146,10147,341,351209,34560350.0,OI2601
2025-09-26 11:04:00,10147,10149,10145,10148,297,351278,30100950.0,OI2601
2025-09-26 11:05:00,10150,10151,10145,10147,331,351347,33546850.0,OI2601
2025-09-26 11:06:00,10146,10146,10142,10143,335,351332,33952250.0,OI2601
2025-09-26 11:07:00,10143,10144,10143,10144,159,351331,16114650.0,OI2601
2025-09-26 11:08:00,10144,10144,10141,10141,315,351371,31925250.0,OI2601
2025-09-26 11:09:00,10141,10146,10141,10145,457,351378,46316950.0,OI2601
2025-09-26 11:10:00,10145,10146,10137,10137,561,351344,56857350.0,OI2601
2025-09-26 11:11:00,10138,10143,10138,10141,504,351284,51080400.0,OI2601
2025-09-26 11:12:00,10141,10144,10140,10143,380,351204,38513000.0,OI2601
2025-09-26 11:13:00,10144,10146,10141,10146,295,351225,29898250.0,OI2601
2025-09-26 11:14:00,10146,10149,10145,10148,322,351206,34739180.0,OI2601
2025-09-26 11:15:00,10148,10148,10143,10144,410,351376,41557600.0,OI2601
2025-09-26 11:16:00,10144,10147,10142,10146,308,351431,31218880.0,OI2601
2025-09-26 11:17:00,10146,10146,10143,10145,170,351485,17231200.0,OI2601
2025-09-26 11:18:00,10145,10149,10143,10149,430,351700,43584800.0,OI2601
2025-09-26 11:19:00,10149,10151,10147,10148,449,351766,45510640.0,OI2601
2025-09-26 11:20:00,10148,10150,10147,10148,272,351762,27569920.0,OI2601
2025-09-26 11:21:00,10148,10150,10144,10149,462,351892,46828320.0,OI2601
2025-09-26 11:22:00,10149,10150,10148,10149,204,351887,20677440.0,OI2601
2025-09-26 11:23:00,10149,10150,10146,10150,269,351870,27265840.0,OI2601
2025-09-26 11:24:00,10150,10151,10147,10150,288,351958,29191680.0,OI2601
2025-09-26 11:25:00,10150,10159,10150,10157,1186,352221,120212960.0,OI2601
2025-09-26 11:26:00,10157,10178,10157,10177,3872,352646,392465920.0,OI2601
2025-09-26 11:27:00,10176,10176,10170,10170,2402,352987,245678420.0,OI2601
2025-09-26 11:28:00,10170,10173,10168,10172,1170,353018,118602900.0,OI2601
2025-09-26 11:29:00,10172,10178,10171,10177,2155,353276,218452350.0,OI2601
2025-09-26 13:30:00,10178,10178,10154,10157,3474,353226,354439070.0,OI2601
2025-09-26 13:31:00,10157,10161,10156,10159,1334,353317,135240920.0,OI2601
2025-09-26 13:32:00,10160,10162,10157,10160,1025,353524,103914500.0,OI2601
2025-09-26 13:33:00,10160,10169,10160,10168,1241,353755,125812580.0,OI2601
2025-09-26 13:34:00,10167,10170,10167,10169,634,353910,64274920.0,OI2601
2025-09-26 13:35:00,10170,10173,10168,10170,1231,354018,124798780.0,OI2601
2025-09-26 13:36:00,10169,10172,10168,10171,795,353929,80597100.0,OI2601
2025-09-26 13:37:00,10171,10174,10170,10170,993,354296,103022560.0,OI2601
2025-09-26 13:38:00,10170,10171,10168,10168,513,354479,52013070.0,OI2601
2025-09-26 13:39:00,10168,10170,10167,10167,480,354550,48667200.0,OI2601
2025-09-26 13:40:00,10169,10172,10168,10169,1095,354723,111022050.0,OI2601
2025-09-26 13:41:00,10169,10169,10165,10166,579,354660,58704810.0,OI2601
2025-09-26 13:42:00,10166,10169,10166,10167,259,354691,26260010.0,OI2601
2025-09-26 13:43:00,10167,10173,10167,10172,636,354896,64484040.0,OI2601
2025-09-26 13:44:00,10171,10176,10171,10172,996,355239,100984440.0,OI2601
2025-09-26 13:45:00,10172,10172,10159,10159,1551,355036,157255890.0,OI2601
2025-09-26 13:46:00,10159,10162,10159,10160,899,355168,91149610.0,OI2601
2025-09-26 13:47:00,10161,10163,10160,10163,381,355168,38629590.0,OI2601
2025-09-26 13:48:00,10163,10168,10162,10168,494,355221,50086660.0,OI2601
2025-09-26 13:49:00,10167,10171,10166,10167,873,355149,90953250.0,OI2601
2025-09-26 13:50:00,10167,10171,10167,10169,383,355253,38836200.0,OI2601
2025-09-26 13:51:00,10170,10171,10167,10168,398,355310,40357200.0,OI2601
2025-09-26 13:52:00,10167,10173,10167,10169,639,355355,64794600.0,OI2601
2025-09-26 13:53:00,10169,10169,10165,10166,1072,355351,108700800.0,OI2601
2025-09-26 13:54:00,10165,10166,10162,10164,793,355225,80410200.0,OI2601
2025-09-26 13:55:00,10163,10167,10163,10167,481,355253,48773400.0,OI2601
2025-09-26 13:56:00,10167,10169,10165,10169,597,355367,60535800.0,OI2601
2025-09-26 13:57:00,10169,10169,10163,10165,728,355399,73819200.0,OI2601
2025-09-26 13:58:00,10166,10170,10166,10166,1002,355804,101602800.0,OI2601
2025-09-26 13:59:00,10167,10167,10162,10164,536,355733,54350400.0,OI2601
2025-09-26 14:00:00,10162,10164,10160,10163,922,355735,93490800.0,OI2601
2025-09-26 14:01:00,10164,10169,10163,10169,732,355594,74224800.0,OI2601
2025-09-26 14:02:00,10169,10169,10166,10167,676,355802,71075770.0,OI2601
2025-09-26 14:03:00,10168,10168,10160,10162,643,355821,65206630.0,OI2601
2025-09-26 14:04:00,10161,10165,10160,10162,377,355822,38231570.0,OI2601
2025-09-26 14:05:00,10163,10166,10162,10165,247,355811,25048270.0,OI2601
2025-09-26 14:06:00,10164,10165,10161,10163,523,355893,53037430.0,OI2601
2025-09-26 14:07:00,10163,10166,10160,10165,792,355841,80316720.0,OI2601
2025-09-26 14:08:00,10164,10169,10164,10167,501,355948,50806410.0,OI2601
2025-09-26 14:09:00,10166,10169,10165,10168,754,355917,76463140.0,OI2601
2025-09-26 14:10:00,10167,10167,10164,10164,239,355979,24236990.0,OI2601
2025-09-26 14:11:00,10164,10172,10163,10169,868,356299,88023880.0,OI2601
2025-09-26 14:12:00,10170,10171,10168,10170,372,356481,37724520.0,OI2601
2025-09-26 14:13:00,10170,10183,10169,10183,2614,356806,265085740.0,OI2601
2025-09-26 14:14:00,10182,10182,10175,10175,1468,356849,151493230.0,OI2601
2025-09-26 14:15:00,10176,10177,10171,10174,1289,357268,130730380.0,OI2601
2025-09-26 14:16:00,10174,10179,10174,10175,1506,357099,152738520.0,OI2601
2025-09-26 14:17:00,10176,10178,10175,10178,505,357202,51217100.0,OI2601
2025-09-26 14:18:00,10177,10187,10177,10186,2010,357710,203854200.0,OI2601
2025-09-26 14:19:00,10185,10188,10182,10186,1838,358031,189104790.0,OI2601
2025-09-26 14:20:00,10186,10195,10185,10191,2178,358373,220914540.0,OI2601
2025-09-26 14:21:00,10190,10194,10183,10185,1662,358483,168576660.0,OI2601
2025-09-26 14:22:00,10183,10183,10177,10180,1316,358356,133481880.0,OI2601
2025-09-26 14:23:00,10180,10183,10179,10181,757,358483,79536470.0,OI2601
2025-09-26 14:24:00,10182,10184,10177,10177,784,358324,79528960.0,OI2601
2025-09-26 14:25:00,10178,10180,10177,10179,352,358325,35706880.0,OI2601
2025-09-26 14:26:00,10180,10182,10177,10179,824,358450,83586560.0,OI2601
2025-09-26 14:27:00,10178,10179,10176,10177,393,358461,39865920.0,OI2601
2025-09-26 14:28:00,10177,10180,10175,10177,575,358483,58328000.0,OI2601
2025-09-26 14:29:00,10177,10179,10177,10178,286,358481,29011840.0,OI2601
2025-09-26 14:30:00,10178,10178,10175,10176,648,358305,65733120.0,OI2601
2025-09-26 14:31:00,10177,10177,10171,10172,870,358039,88252800.0,OI2601
2025-09-26 14:32:00,10172,10173,10171,10173,422,358069,42807680.0,OI2601
2025-09-26 14:33:00,10172,10173,10168,10170,876,357873,88861440.0,OI2601
2025-09-26 14:34:00,10170,10173,10170,10171,381,357841,38648640.0,OI2601
2025-09-26 14:35:00,10171,10171,10167,10170,598,357751,60661120.0,OI2601
2025-09-26 14:36:00,10169,10170,10168,10169,348,357694,35301120.0,OI2601
2025-09-26 14:37:00,10171,10174,10170,10171,579,357681,58733760.0,OI2601
2025-09-26 14:38:00,10171,10171,10169,10169,264,357692,26780160.0,OI2601
2025-09-26 14:39:00,10169,10170,10166,10170,550,357610,58633460.0,OI2601
2025-09-26 14:40:00,10170,10170,10163,10164,918,357451,93131100.0,OI2601
2025-09-26 14:41:00,10163,10164,10162,10163,556,357326,56406200.0,OI2601
2025-09-26 14:42:00,10163,10167,10160,10161,984,357236,99826800.0,OI2601
2025-09-26 14:43:00,10162,10166,10162,10165,997,357159,101145650.0,OI2601
2025-09-26 14:44:00,10165,10168,10163,10167,833,357079,84507850.0,OI2601
2025-09-26 14:45:00,10166,10167,10161,10164,1125,357125,114131250.0,OI2601
2025-09-26 14:46:00,10164,10164,10157,10158,1311,357078,133000950.0,OI2601
2025-09-26 14:47:00,10159,10162,10159,10161,817,357277,82884650.0,OI2601
2025-09-26 14:48:00,10162,10163,10160,10163,310,357275,31449500.0,OI2601
2025-09-26 14:49:00,10162,10162,10159,10161,495,357170,50217750.0,OI2601
2025-09-26 14:50:00,10161,10166,10160,10162,713,357127,72333850.0,OI2601
2025-09-26 14:51:00,10162,10164,10160,10162,528,356979,53565600.0,OI2601
2025-09-26 14:52:00,10162,10164,10159,10160,925,356891,93841250.0,OI2601
2025-09-26 14:53:00,10161,10162,10160,10160,448,356759,45449600.0,OI2601
2025-09-26 14:54:00,10159,10162,10159,10160,503,356602,51029350.0,OI2601
2025-09-26 14:55:00,10160,10160,10155,10156,1026,356249,104087700.0,OI2601
2025-09-26 14:56:00,10156,10159,10156,10159,998,356126,101247100.0,OI2601
2025-09-26 14:57:00,10160,10169,10160,10163,1994,355384,202291300.0,OI2601
2025-09-26 14:58:00,10162,10165,10162,10162,960,355317,100397870.0,OI2601
2025-09-26 14:59:00,10163,10164,10159,10162,2270,354265,230314200.0,OI2601
2025-09-26 21:00:00,10174,10174,10145,10146,5937,354255,603080460.0,OI2601
2025-09-26 21:01:00,10143,10151,10142,10145,3549,354210,360127980.0,OI2601
2025-09-26 21:02:00,10146,10151,10141,10151,2869,353628,290947610.0,OI2601
2025-09-26 21:03:00,10152,10154,10148,10150,1304,353610,132369040.0,OI2601
2025-09-26 21:04:00,10149,10149,10142,10143,1160,353476,117751600.0,OI2601
2025-09-26 21:05:00,10143,10148,10141,10144,1382,353292,140124810.0,OI2601
2025-09-26 21:06:00,10144,10145,10140,10142,1160,353010,117740000.0,OI2601
2025-09-26 21:07:00,10142,10149,10141,10147,1224,353033,124236000.0,OI2601
2025-09-26 21:08:00,10147,10147,10139,10140,1529,352816,154992360.0,OI2601
2025-09-26 21:09:00,10141,10143,10138,10140,1008,352604,102301920.0,OI2601
2025-09-26 21:10:00,10140,10143,10138,10138,1086,352474,109996060.0,OI2601
2025-09-26 21:11:00,10139,10143,10137,10142,822,352327,83416560.0,OI2601
2025-09-26 21:12:00,10142,10143,10139,10140,462,352288,46883760.0,OI2601
2025-09-26 21:13:00,10140,10143,10138,10139,665,352211,67484200.0,OI2601
2025-09-26 21:14:00,10140,10144,10136,10142,1025,352104,103765180.0,OI2601
2025-09-26 21:15:00,10142,10144,10138,10139,797,352027,80871590.0,OI2601
2025-09-26 21:16:00,10139,10145,10138,10143,858,352008,87061260.0,OI2601
2025-09-26 21:17:00,10142,10150,10141,10147,1066,351967,108167020.0,OI2601
2025-09-26 21:18:00,10148,10149,10144,10149,751,351896,76203970.0,OI2601
2025-09-26 21:19:00,10150,10150,10141,10144,664,351842,67376080.0,OI2601
2025-09-26 21:20:00,10142,10144,10140,10144,887,352012,90003890.0,OI2601
2025-09-26 21:21:00,10144,10145,10139,10142,460,351984,46676200.0,OI2601
2025-09-26 21:22:00,10142,10143,10139,10141,521,352101,52554010.0,OI2601
2025-09-26 21:23:00,10142,10147,10141,10147,507,352129,51440220.0,OI2601
2025-09-26 21:24:00,10147,10148,10146,10146,405,352179,41091300.0,OI2601
2025-09-26 21:25:00,10146,10148,10144,10148,332,352197,33684720.0,OI2601
2025-09-26 21:26:00,10148,10159,10148,10156,1802,352363,183173240.0,OI2601
2025-09-26 21:27:00,10157,10161,10156,10161,1637,352633,166106390.0,OI2601
2025-09-26 21:28:00,10160,10162,10157,10160,888,352889,90472930.0,OI2601
2025-09-26 21:29:00,10160,10160,10158,10159,634,352997,64338320.0,OI2601
2025-09-26 21:30:00,10158,10158,10150,10154,1465,352899,148668200.0,OI2601
2025-09-26 21:31:00,10154,10154,10150,10153,586,352991,59467280.0,OI2601
2025-09-26 21:32:00,10153,10154,10149,10153,488,353006,49522240.0,OI2601
2025-09-26 21:33:00,10154,10155,10152,10154,375,353132,38055000.0,OI2601
2025-09-26 21:34:00,10155,10157,10153,10154,553,353086,56118440.0,OI2601
2025-09-26 21:35:00,10153,10161,10153,10160,619,353223,62816120.0,OI2601
2025-09-26 21:36:00,10160,10167,10160,10166,2911,353023,295852160.0,OI2601
2025-09-26 21:37:00,10164,10165,10158,10159,741,353032,75655380.0,OI2601
2025-09-26 21:38:00,10158,10164,10154,10154,629,352994,63843500.0,OI2601
2025-09-26 21:39:00,10156,10158,10155,10156,339,353028,34408500.0,OI2601
2025-09-26 21:40:00,10156,10157,10154,10156,338,353096,34307000.0,OI2601
2025-09-26 21:41:00,10157,10158,10156,10157,218,353152,22127000.0,OI2601
2025-09-26 21:42:00,10157,10160,10156,10160,176,353160,17864000.0,OI2601
2025-09-26 21:43:00,10160,10164,10158,10163,474,353251,48111000.0,OI2601
2025-09-26 21:44:00,10163,10167,10163,10167,834,353445,84651000.0,OI2601
2025-09-26 21:45:00,10167,10169,10167,10169,578,353596,59154150.0,OI2601
2025-09-26 21:46:00,10169,10171,10164,10166,1248,353965,126684480.0,OI2601
2025-09-26 21:47:00,10166,10172,10166,10172,496,354073,50348960.0,OI2601
2025-09-26 21:48:00,10171,10171,10167,10169,322,354109,32686220.0,OI2601
2025-09-26 21:49:00,10169,10172,10166,10169,896,354021,91469730.0,OI2601
2025-09-26 21:50:00,10169,10173,10168,10171,746,354081,75733920.0,OI2601
2025-09-26 21:51:00,10171,10171,10167,10167,345,354127,35024400.0,OI2601
2025-09-26 21:52:00,10167,10167,10165,10165,379,354132,38476080.0,OI2601
2025-09-26 21:53:00,10165,10166,10163,10164,328,354135,33298560.0,OI2601
2025-09-26 21:54:00,10164,10166,10161,10165,617,354157,62637840.0,OI2601
2025-09-26 21:55:00,10165,10167,10165,10166,277,354085,28121040.0,OI2601
2025-09-26 21:56:00,10166,10167,10163,10164,270,354151,27410400.0,OI2601
2025-09-26 21:57:00,10165,10165,10161,10161,216,354129,21928320.0,OI2601
2025-09-26 21:58:00,10161,10165,10161,10163,997,353836,101773960.0,OI2601
2025-09-26 21:59:00,10164,10164,10161,10163,184,353824,18681520.0,OI2601
2025-09-26 22:00:00,10163,10167,10162,10165,389,353824,39495170.0,OI2601
2025-09-26 22:01:00,10166,10169,10165,10167,262,353819,26600860.0,OI2601
2025-09-26 22:02:00,10168,10170,10167,10170,347,353882,35230910.0,OI2601
2025-09-26 22:03:00,10170,10172,10168,10171,940,354057,95438200.0,OI2601
2025-09-26 22:04:00,10171,10171,10167,10168,309,354097,31372770.0,OI2601
2025-09-26 22:05:00,10168,10170,10168,10169,154,354136,15635620.0,OI2601
2025-09-26 22:06:00,10169,10176,10169,10173,1002,354040,102327450.0,OI2601
2025-09-26 22:07:00,10173,10173,10170,10173,689,354108,69961060.0,OI2601
2025-09-26 22:08:00,10172,10176,10170,10170,1009,354521,102453860.0,OI2601
2025-09-26 22:09:00,10170,10172,10168,10171,464,354483,47114560.0,OI2601
2025-09-26 22:10:00,10171,10173,10169,10170,982,354206,100338110.0,OI2601
2025-09-26 22:11:00,10170,10175,10170,10172,564,354299,57274200.0,OI2601
2025-09-26 22:12:00,10171,10171,10165,10169,739,354181,75045450.0,OI2601
2025-09-26 22:13:00,10168,10170,10165,10165,313,354238,31785150.0,OI2601
2025-09-26 22:14:00,10166,10167,10165,10166,375,354254,38081250.0,OI2601
2025-09-26 22:15:00,10167,10167,10163,10165,351,354238,35644050.0,OI2601
2025-09-26 22:16:00,10164,10166,10164,10165,158,354193,16044900.0,OI2601
2025-09-26 22:17:00,10166,10167,10164,10164,195,354195,19802250.0,OI2601
2025-09-26 22:18:00,10164,10166,10159,10160,911,354010,92512050.0,OI2601
2025-09-26 22:19:00,10159,10160,10154,10155,862,353809,87536100.0,OI2601
2025-09-26 22:20:00,10156,10157,10154,10154,844,353722,85708200.0,OI2601
2025-09-26 22:21:00,10154,10155,10150,10155,1156,353590,117391800.0,OI2601
2025-09-26 22:22:00,10156,10157,10154,10156,440,353614,44682000.0,OI2601
2025-09-26 22:23:00,10156,10161,10155,10159,896,353603,90988800.0,OI2601
2025-09-26 22:24:00,10158,10158,10154,10158,323,353533,32800650.0,OI2601
2025-09-26 22:25:00,10157,10158,10151,10151,502,353364,50978100.0,OI2601
2025-09-26 22:26:00,10151,10152,10147,10147,785,353201,79716750.0,OI2601
2025-09-26 22:27:00,10145,10150,10144,10147,964,352986,97894200.0,OI2601
2025-09-26 22:28:00,10147,10150,10146,10146,722,352892,73319100.0,OI2601
2025-09-26 22:29:00,10146,10148,10143,10143,1282,352724,130187100.0,OI2601
2025-09-26 22:30:00,10145,10149,10143,10147,655,352647,66515250.0,OI2601
2025-09-26 22:31:00,10147,10150,10146,10149,400,352554,40620000.0,OI2601
2025-09-26 22:32:00,10149,10151,10146,10151,368,352480,37370400.0,OI2601
2025-09-26 22:33:00,10151,10156,10146,10154,784,352334,79615200.0,OI2601
2025-09-26 22:34:00,10153,10154,10150,10150,512,352365,51993600.0,OI2601
2025-09-26 22:35:00,10150,10151,10149,10150,252,352332,25590600.0,OI2601
2025-09-26 22:36:00,10150,10152,10149,10149,361,352321,36659550.0,OI2601
2025-09-26 22:37:00,10149,10152,10146,10151,508,352401,51587400.0,OI2601
2025-09-26 22:38:00,10151,10153,10150,10151,279,352409,28332450.0,OI2601
2025-09-26 22:39:00,10152,10152,10149,10150,354,352488,35948700.0,OI2601
2025-09-26 22:40:00,10150,10151,10148,10148,200,352488,20310000.0,OI2601
2025-09-26 22:41:00,10148,10150,10146,10149,328,352463,33308400.0,OI2601
2025-09-26 22:42:00,10148,10149,10143,10144,987,352255,99420320.0,OI2601
2025-09-26 22:43:00,10143,10146,10142,10142,553,352272,56151620.0,OI2601
2025-09-26 22:44:00,10142,10144,10142,10143,439,352223,44576060.0,OI2601
2025-09-26 22:45:00,10143,10145,10139,10140,1114,351873,113115560.0,OI2601
2025-09-26 22:46:00,10140,10144,10138,10143,953,351808,96767620.0,OI2601
2025-09-26 22:47:00,10142,10142,10138,10140,769,351625,78084260.0,OI2601
2025-09-26 22:48:00,10141,10143,10140,10141,266,351505,27009640.0,OI2601
2025-09-26 22:49:00,10142,10144,10141,10144,411,351364,41732940.0,OI2601
2025-09-26 22:50:00,10145,10146,10140,10145,801,351165,81333540.0,OI2601
2025-09-26 22:51:00,10144,10145,10141,10143,600,350975,60924000.0,OI2601
2025-09-26 22:52:00,10144,10150,10143,10149,700,350897,70202410.0,OI2601
2025-09-26 22:53:00,10148,10148,10142,10143,505,350852,51272650.0,OI2601
2025-09-26 22:54:00,10142,10145,10142,10144,424,350819,43048720.0,OI2601
2025-09-26 22:55:00,10143,10146,10143,10143,529,350640,53709370.0,OI2601
2025-09-26 22:56:00,10144,10150,10143,10150,671,350421,68126630.0,OI2601
2025-09-26 22:57:00,10150,10155,10149,10155,870,350105,88331100.0,OI2601
2025-09-26 22:58:00,10155,10159,10155,10158,743,349862,75436790.0,OI2601
2025-09-26 22:59:00,10158,10158,10146,10150,1726,349307,175240780.0,OI2601
2025-09-29 09:00:00,10130,10138,10110,10119,6454,348475,653285000.0,OI2601
2025-09-29 09:01:00,10120,10133,10119,10132,2843,348206,287569690.0,OI2601
2025-09-29 09:02:00,10132,10134,10121,10130,2567,347579,260550500.0,OI2601
2025-09-29 09:03:00,10133,10142,10132,10134,2212,347656,224518000.0,OI2601
2025-09-29 09:04:00,10134,10134,10124,10126,1409,347645,141928380.0,OI2601
2025-09-29 09:05:00,10127,10144,10125,10143,1828,347830,185523720.0,OI2601
2025-09-29 09:06:00,10142,10143,10133,10135,841,347823,85353090.0,OI2601
2025-09-29 09:07:00,10135,10136,10130,10131,769,347895,78045810.0,OI2601
2025-09-29 09:08:00,10131,10136,10130,10130,748,347990,75914520.0,OI2601
2025-09-29 09:09:00,10131,10137,10131,10134,443,348025,44960070.0,OI2601
2025-09-29 09:10:00,10135,10146,10134,10141,1224,348035,124223760.0,OI2601
2025-09-29 09:11:00,10141,10143,10137,10139,897,347985,91036530.0,OI2601
2025-09-29 09:12:00,10140,10140,10131,10134,554,347890,56225460.0,OI2601
2025-09-29 09:13:00,10134,10142,10133,10141,497,347957,50440530.0,OI2601
2025-09-29 09:14:00,10141,10153,10140,10153,1722,348304,174765780.0,OI2601
2025-09-29 09:15:00,10153,10153,10146,10148,1032,348445,104737680.0,OI2601
2025-09-29 09:16:00,10148,10149,10144,10144,454,348508,46076460.0,OI2601
2025-09-29 09:17:00,10146,10148,10144,10148,410,348560,41610900.0,OI2601
2025-09-29 09:18:00,10148,10148,10143,10143,544,348562,55210560.0,OI2601
2025-09-29 09:19:00,10144,10144,10138,10139,676,348464,68607240.0,OI2601
2025-09-29 09:20:00,10139,10143,10135,10143,618,348407,61503130.0,OI2601
2025-09-29 09:21:00,10143,10143,10139,10139,401,348368,40693480.0,OI2601
2025-09-29 09:22:00,10139,10140,10135,10135,382,348306,38765360.0,OI2601
2025-09-29 09:23:00,10136,10138,10135,10137,204,348229,20701920.0,OI2601
2025-09-29 09:24:00,10136,10138,10134,10138,411,348306,41708280.0,OI2601
2025-09-29 09:25:00,10138,10145,10138,10141,613,348304,62207240.0,OI2601
2025-09-29 09:26:00,10140,10146,10136,10136,589,348208,59771720.0,OI2601
2025-09-29 09:27:00,10135,10141,10135,10139,402,348195,40794960.0,OI2601
2025-09-29 09:28:00,10139,10142,10135,10135,410,348108,41606800.0,OI2601
2025-09-29 09:29:00,10136,10136,10132,10133,702,348064,71238960.0,OI2601
2025-09-29 09:30:00,10134,10137,10131,10134,695,347975,70528600.0,OI2601
2025-09-29 09:31:00,10133,10135,10131,10135,447,347919,45361560.0,OI2601
2025-09-29 09:32:00,10133,10133,10129,10131,668,347760,67788640.0,OI2601
2025-09-29 09:33:00,10131,10135,10123,10123,986,347719,100059280.0,OI2601
2025-09-29 09:34:00,10123,10125,10121,10121,821,347525,83315080.0,OI2601
2025-09-29 09:35:00,10121,10122,10118,10119,1033,347275,103523510.0,OI2601
2025-09-29 09:36:00,10119,10126,10119,10120,874,347119,88684780.0,OI2601
2025-09-29 09:37:00,10121,10123,10113,10116,1135,347041,115168450.0,OI2601
2025-09-29 09:38:00,10117,10129,10117,10127,1009,346773,102383230.0,OI2601
2025-09-29 09:39:00,10127,10129,10124,10126,472,346744,47893840.0,OI2601
2025-09-29 09:40:00,10126,10128,10125,10127,363,346654,36833610.0,OI2601
2025-09-29 09:41:00,10128,10133,10128,10133,1338,346413,135766860.0,OI2601
2025-09-29 09:42:00,10132,10135,10131,10134,556,346384,55054520.0,OI2601
2025-09-29 09:43:00,10135,10136,10124,10124,586,346289,59455560.0,OI2601
2025-09-29 09:44:00,10123,10124,10120,10121,540,346221,54788400.0,OI2601
2025-09-29 09:45:00,10121,10122,10118,10120,435,346141,44135100.0,OI2601
2025-09-29 09:46:00,10120,10121,10108,10110,1905,345644,193281300.0,OI2601
2025-09-29 09:47:00,10109,10112,10105,10110,1420,345266,142661540.0,OI2601
2025-09-29 09:48:00,10110,10113,10109,10112,659,345166,66855550.0,OI2601
2025-09-29 09:49:00,10112,10116,10108,10114,536,345163,54377200.0,OI2601
2025-09-29 09:50:00,10114,10115,10109,10111,528,345118,53565600.0,OI2601
2025-09-29 09:51:00,10112,10116,10110,10116,562,344910,57014900.0,OI2601
2025-09-29 09:52:00,10115,10120,10112,10118,938,344761,95160100.0,OI2601
2025-09-29 09:53:00,10117,10118,10115,10115,306,344718,31043700.0,OI2601
2025-09-29 09:54:00,10115,10124,10115,10124,489,344683,49609050.0,OI2601
2025-09-29 09:55:00,10125,10126,10119,10120,448,344614,43993280.0,OI2601
2025-09-29 09:56:00,10119,10123,10119,10121,438,344686,44430720.0,OI2601
2025-09-29 09:57:00,10121,10124,10119,10123,714,344708,72428160.0,OI2601
2025-09-29 09:58:00,10124,10124,10119,10122,336,344707,34083840.0,OI2601
2025-09-29 09:59:00,10124,10124,10120,10120,348,344679,35301120.0,OI2601
2025-09-29 10:00:00,10122,10122,10111,10111,853,344564,86528320.0,OI2601
2025-09-29 10:01:00,10111,10112,10109,10112,640,344396,64921600.0,OI2601
2025-09-29 10:02:00,10112,10112,10107,10107,778,344370,78920320.0,OI2601
2025-09-29 10:03:00,10108,10110,10102,10106,995,344217,99425460.0,OI2601
2025-09-29 10:04:00,10107,10110,10106,10109,763,344317,77391090.0,OI2601
2025-09-29 10:05:00,10108,10109,10102,10102,583,344196,59133690.0,OI2601
2025-09-29 10:06:00,10103,10103,10095,10098,1991,343466,201947130.0,OI2601
2025-09-29 10:07:00,10098,10101,10097,10097,801,343489,79696710.0,OI2601
2025-09-29 10:08:00,10097,10108,10097,10108,671,343419,68052820.0,OI2601
2025-09-29 10:09:00,10108,10109,10105,10108,481,343493,48783020.0,OI2601
2025-09-29 10:10:00,10108,10111,10105,10110,780,343564,79107600.0,OI2601
2025-09-29 10:11:00,10110,10119,10110,10116,888,343417,90060960.0,OI2601
2025-09-29 10:12:00,10115,10121,10115,10119,711,343307,72109620.0,OI2601
2025-09-29 10:13:00,10119,10119,10115,10118,487,343259,49391540.0,OI2601
2025-09-29 10:14:00,10117,10118,10109,10111,499,343167,49014690.0,OI2601
2025-09-29 10:30:00,10113,10115,10100,10102,836,343038,84778760.0,OI2601
2025-09-29 10:31:00,10104,10105,10096,10096,1306,342719,132441460.0,OI2601
2025-09-29 10:32:00,10097,10097,10091,10096,1037,342514,105162170.0,OI2601
2025-09-29 10:33:00,10095,10101,10095,10101,433,342486,43910530.0,OI2601
2025-09-29 10:34:00,10101,10103,10099,10099,539,342427,53024590.0,OI2601
2025-09-29 10:35:00,10099,10104,10097,10103,444,342457,45021600.0,OI2601
2025-09-29 10:36:00,10103,10106,10101,10106,686,342418,69560400.0,OI2601
2025-09-29 10:37:00,10106,10107,10103,10106,497,342403,50395800.0,OI2601
2025-09-29 10:38:00,10106,10114,10106,10111,516,342422,52322400.0,OI2601
2025-09-29 10:39:00,10111,10114,10109,10114,381,342550,38633400.0,OI2601
2025-09-29 10:40:00,10115,10115,10110,10114,366,342551,37112400.0,OI2601
2025-09-29 10:41:00,10115,10118,10111,10111,614,342539,62259600.0,OI2601
2025-09-29 10:42:00,10111,10112,10106,10109,337,342571,34171800.0,OI2601
2025-09-29 10:43:00,10109,10116,10108,10115,311,342575,31535400.0,OI2601
2025-09-29 10:44:00,10115,10115,10112,10115,284,342563,28797600.0,OI2601
2025-09-29 10:45:00,10115,10116,10113,10114,344,342603,34881600.0,OI2601
2025-09-29 10:46:00,10114,10115,10101,10103,803,342388,79732970.0,OI2601
2025-09-29 10:47:00,10103,10107,10103,10103,395,342443,40049050.0,OI2601
2025-09-29 10:48:00,10103,10103,10094,10095,1216,342227,123290240.0,OI2601
2025-09-29 10:49:00,10095,10099,10095,10098,579,342229,58704810.0,OI2601
2025-09-29 10:50:00,10098,10101,10095,10096,412,342173,41772680.0,OI2601
2025-09-29 10:51:00,10095,10099,10094,10098,497,342148,50390830.0,OI2601
2025-09-29 10:52:00,10097,10098,10095,10097,271,342118,27476690.0,OI2601
2025-09-29 10:53:00,10096,10097,10092,10096,554,342078,54439590.0,OI2601
2025-09-29 10:54:00,10098,10105,10098,10105,525,341989,53224500.0,OI2601
2025-09-29 10:55:00,10104,10108,10104,10107,533,342001,54035540.0,OI2601
2025-09-29 10:56:00,10106,10107,10104,10106,304,342040,30819520.0,OI2601
2025-09-29 10:57:00,10105,10106,10103,10103,274,342026,27778120.0,OI2601
2025-09-29 10:58:00,10104,10104,10097,10101,257,342025,26054660.0,OI2601
2025-09-29 10:59:00,10101,10104,10100,10103,189,342013,19160820.0,OI2601
2025-09-29 11:00:00,10103,10110,10102,10109,503,341940,50994140.0,OI2601
2025-09-29 11:01:00,10109,10113,10108,10113,462,341921,46837560.0,OI2601
2025-09-29 11:02:00,10112,10113,10111,10111,297,341914,30109860.0,OI2601
2025-09-29 11:03:00,10112,10115,10110,10114,536,341932,54339680.0,OI2601
2025-09-29 11:04:00,10113,10114,10110,10111,325,341924,32948500.0,OI2601
2025-09-29 11:05:00,10110,10114,10109,10113,359,342001,36395420.0,OI2601
2025-09-29 11:06:00,10114,10115,10112,10113,549,342169,55657620.0,OI2601
2025-09-29 11:07:00,10115,10124,10113,10123,1196,342053,119456920.0,OI2601
2025-09-29 11:08:00,10123,10123,10116,10117,623,341996,63153510.0,OI2601
2025-09-29 11:09:00,10119,10119,10115,10115,276,342012,27978120.0,OI2601
2025-09-29 11:10:00,10114,10116,10114,10115,276,341977,27978120.0,OI2601
2025-09-29 11:11:00,10115,10119,10115,10118,257,341994,26052090.0,OI2601
2025-09-29 11:12:00,10118,10119,10114,10116,253,341963,25646610.0,OI2601
2025-09-29 11:13:00,10116,10117,10113,10114,207,341947,20983590.0,OI2601
2025-09-29 11:14:00,10114,10116,10113,10115,149,341969,15104130.0,OI2601
2025-09-29 11:15:00,10114,10119,10114,10118,199,341944,20172630.0,OI2601
2025-09-29 11:16:00,10119,10119,10115,10118,188,341993,19057560.0,OI2601
2025-09-29 11:17:00,10117,10118,10110,10111,965,342129,97822050.0,OI2601
2025-09-29 11:18:00,10112,10112,10108,10112,354,342118,35884980.0,OI2601
2025-09-29 11:19:00,10112,10112,10108,10108,252,342076,25545240.0,OI2601
2025-09-29 11:20:00,10107,10109,10104,10105,493,342089,49975410.0,OI2601
2025-09-29 11:21:00,10104,10105,10102,10103,317,341975,32134290.0,OI2601
2025-09-29 11:22:00,10104,10106,10096,10100,1016,341993,102991920.0,OI2601
2025-09-29 11:23:00,10100,10100,10093,10099,913,341956,90689870.0,OI2601
2025-09-29 11:24:00,10100,10103,10099,10100,482,341913,48855520.0,OI2601
2025-09-29 11:25:00,10100,10100,10094,10097,472,341884,47841920.0,OI2601
2025-09-29 11:26:00,10097,10101,10095,10099,361,341873,36590960.0,OI2601
2025-09-29 11:27:00,10099,10101,10097,10099,563,341650,57065680.0,OI2601
2025-09-29 11:28:00,10099,10101,10097,10101,594,341439,60207840.0,OI2601
2025-09-29 11:29:00,10101,10104,10097,10100,387,341216,39226320.0,OI2601
2025-09-29 13:30:00,10104,10112,10104,10110,868,341045,87980480.0,OI2601
2025-09-29 13:31:00,10110,10117,10108,10115,724,340801,73384640.0,OI2601
2025-09-29 13:32:00,10115,10116,10109,10109,588,340683,59599680.0,OI2601
2025-09-29 13:33:00,10110,10111,10106,10110,409,340577,39540820.0,OI2601
2025-09-29 13:34:00,10110,10111,10108,10109,231,340523,23411850.0,OI2601
2025-09-29 13:35:00,10109,10111,10107,10109,187,340488,18952450.0,OI2601
2025-09-29 13:36:00,10111,10111,10107,10110,321,340331,32533350.0,OI2601
2025-09-29 13:37:00,10112,10112,10108,10110,189,340328,19155150.0,OI2601
2025-09-29 13:38:00,10111,10111,10106,10107,274,340258,27769900.0,OI2601
2025-09-29 13:39:00,10108,10110,10108,10109,254,340214,25742900.0,OI2601
2025-09-29 13:40:00,10108,10109,10106,10107,387,340134,39222450.0,OI2601
2025-09-29 13:41:00,10106,10106,10103,10104,334,340136,33850900.0,OI2601
2025-09-29 13:42:00,10104,10104,10101,10103,269,340066,27263150.0,OI2601
2025-09-29 13:43:00,10102,10103,10094,10094,1104,339887,111890400.0,OI2601
2025-09-29 13:44:00,10094,10096,10093,10093,599,339880,60708650.0,OI2601
2025-09-29 13:45:00,10093,10096,10087,10088,1587,339336,158869670.0,OI2601
2025-09-29 13:46:00,10088,10090,10083,10084,1873,338781,189809820.0,OI2601
2025-09-29 13:47:00,10084,10084,10076,10083,2390,338233,240187190.0,OI2601
2025-09-29 13:48:00,10083,10085,10079,10079,846,337858,85725180.0,OI2601
2025-09-29 13:49:00,10078,10084,10078,10083,594,337718,60190020.0,OI2601
2025-09-29 13:50:00,10082,10089,10082,10088,767,337530,77720110.0,OI2601
2025-09-29 13:51:00,10088,10093,10086,10092,854,337363,86535820.0,OI2601
2025-09-29 13:52:00,10091,10092,10086,10092,491,337251,47702100.0,OI2601
2025-09-29 13:53:00,10091,10092,10089,10092,411,337144,41642520.0,OI2601
2025-09-29 13:54:00,10092,10097,10090,10096,1033,336892,104663560.0,OI2601
2025-09-29 13:55:00,10095,10096,10092,10094,397,336730,40224040.0,OI2601
2025-09-29 13:56:00,10094,10094,10090,10092,275,336669,27863000.0,OI2601
2025-09-29 13:57:00,10092,10092,10090,10092,270,336667,27356400.0,OI2601
2025-09-29 13:58:00,10091,10095,10091,10094,371,336674,37589720.0,OI2601
2025-09-29 13:59:00,10094,10096,10093,10095,297,336580,30092040.0,OI2601
2025-09-29 14:00:00,10095,10099,10094,10094,657,336533,66567240.0,OI2601
2025-09-29 14:01:00,10095,10098,10089,10091,568,336431,57549760.0,OI2601
2025-09-29 14:02:00,10092,10094,10091,10093,224,336421,22695680.0,OI2601
2025-09-29 14:03:00,10093,10094,10092,10093,196,336324,19858720.0,OI2601
2025-09-29 14:04:00,10092,10094,10090,10094,188,336270,19048160.0,OI2601
2025-09-29 14:05:00,10094,10094,10091,10092,458,336032,46404560.0,OI2601
2025-09-29 14:06:00,10092,10094,10092,10094,196,336000,17752380.0,OI2601
2025-09-29 14:07:00,10093,10093,10089,10090,206,335956,20869860.0,OI2601
2025-09-29 14:08:00,10090,10093,10089,10093,147,335913,14892570.0,OI2601
2025-09-29 14:09:00,10093,10094,10091,10094,169,335883,17121390.0,OI2601
2025-09-29 14:10:00,10093,10094,10085,10085,496,335736,50249760.0,OI2601
2025-09-29 14:11:00,10085,10089,10085,10087,430,335618,43563300.0,OI2601
2025-09-29 14:12:00,10086,10090,10086,10088,195,335588,19755450.0,OI2601
2025-09-29 14:13:00,10087,10090,10086,10086,149,335571,15095190.0,OI2601
2025-09-29 14:14:00,10087,10091,10087,10091,167,335554,16918770.0,OI2601
2025-09-29 14:15:00,10091,10092,10087,10088,397,335467,40220070.0,OI2601
2025-09-29 14:16:00,10088,10091,10088,10091,205,335458,20768550.0,OI2601
2025-09-29 14:17:00,10091,10094,10091,10092,380,335346,38497800.0,OI2601
2025-09-29 14:18:00,10092,10097,10092,10094,386,335308,39105660.0,OI2601
2025-09-29 14:19:00,10095,10096,10093,10095,274,335219,27758940.0,OI2601
2025-09-29 14:20:00,10096,10102,10094,10100,758,335096,76792980.0,OI2601
2025-09-29 14:21:00,10100,10101,10098,10100,420,335035,42550200.0,OI2601
2025-09-29 14:22:00,10101,10107,10093,10094,1479,334580,147668570.0,OI2601
2025-09-29 14:23:00,10093,10094,10091,10092,338,334443,34239400.0,OI2601
2025-09-29 14:24:00,10092,10094,10091,10092,217,334386,21982100.0,OI2601
2025-09-29 14:25:00,10092,10093,10089,10089,362,334297,36670600.0,OI2601
2025-09-29 14:26:00,10089,10091,10086,10087,541,334225,54803300.0,OI2601
2025-09-29 14:27:00,10087,10091,10086,10091,809,334326,81951700.0,OI2601
2025-09-29 14:28:00,10091,10092,10090,10092,148,334307,14992400.0,OI2601
2025-09-29 14:29:00,10091,10092,10087,10087,244,334245,24717200.0,OI2601
2025-09-29 14:30:00,10087,10092,10087,10092,233,334199,23602900.0,OI2601
2025-09-29 14:31:00,10091,10092,10087,10087,287,334124,29073100.0,OI2601
2025-09-29 14:32:00,10085,10089,10084,10088,555,334052,56221500.0,OI2601
2025-09-29 14:33:00,10088,10092,10088,10090,226,334034,22893800.0,OI2601
2025-09-29 14:34:00,10091,10093,10090,10091,353,334016,35758900.0,OI2601
2025-09-29 14:35:00,10091,10091,10086,10086,280,333960,28364000.0,OI2601
2025-09-29 14:36:00,10087,10091,10086,10091,331,333823,31312140.0,OI2601
2025-09-29 14:37:00,10090,10092,10090,10091,272,333783,27550880.0,OI2601
2025-09-29 14:38:00,10091,10091,10089,10090,112,333768,11344480.0,OI2601
2025-09-29 14:39:00,10090,10092,10089,10090,145,333715,14687050.0,OI2601
2025-09-29 14:40:00,10091,10093,10089,10092,244,333629,24714760.0,OI2601
2025-09-29 14:41:00,10092,10092,10086,10087,465,333458,47099850.0,OI2601
2025-09-29 14:42:00,10087,10089,10086,10087,408,333310,41326320.0,OI2601
2025-09-29 14:43:00,10088,10088,10085,10086,457,333140,46289530.0,OI2601
2025-09-29 14:44:00,10086,10087,10085,10087,281,333065,28462490.0,OI2601
2025-09-29 14:45:00,10086,10088,10082,10084,675,332865,68370750.0,OI2601
2025-09-29 14:46:00,10085,10087,10084,10086,317,332759,32108930.0,OI2601
2025-09-29 14:47:00,10087,10094,10085,10091,956,332396,96833240.0,OI2601
2025-09-29 14:48:00,10091,10092,10089,10091,324,332365,32817960.0,OI2601
2025-09-29 14:49:00,10090,10090,10088,10089,220,332264,22283800.0,OI2601
2025-09-29 14:50:00,10088,10089,10084,10085,600,332045,58501080.0,OI2601
2025-09-29 14:51:00,10084,10085,10082,10084,466,331995,47196480.0,OI2601
2025-09-29 14:52:00,10083,10085,10083,10085,215,331947,21775200.0,OI2601
2025-09-29 14:53:00,10085,10091,10085,10091,848,331800,85885440.0,OI2601
2025-09-29 14:54:00,10090,10093,10089,10092,383,331812,38790240.0,OI2601
2025-09-29 14:55:00,10092,10092,10089,10092,546,331740,55298880.0,OI2601
2025-09-29 14:56:00,10093,10095,10092,10092,536,331653,54286080.0,OI2601
2025-09-29 14:57:00,10092,10093,10091,10092,195,331549,19749600.0,OI2601
2025-09-29 14:58:00,10092,10093,10088,10092,471,331315,47702880.0,OI2601
2025-09-29 14:59:00,10091,10095,10090,10093,788,331056,79808640.0,OI2601
2025-09-29 21:00:00,10077,10077,10060,10074,4879,330635,491266510.0,OI2601
2025-09-29 21:01:00,10075,10080,10070,10074,2165,330661,218134730.0,OI2601
2025-09-29 21:02:00,10074,10083,10073,10082,1305,330577,131510040.0,OI2601
2025-09-29 21:03:00,10081,10083,10072,10073,1360,330615,137076290.0,OI2601
2025-09-29 21:04:00,10073,10076,10071,10071,958,330558,96499340.0,OI2601
2025-09-29 21:05:00,10072,10072,10065,10069,1503,330571,151275490.0,OI2601
2025-09-29 21:06:00,10069,10076,10069,10073,806,330596,81180320.0,OI2601
2025-09-29 21:07:00,10072,10076,10072,10076,486,330612,48949920.0,OI2601
2025-09-29 21:08:00,10076,10078,10075,10076,481,330646,48585750.0,OI2601
2025-09-29 21:09:00,10075,10076,10071,10071,463,330644,46637990.0,OI2601
2025-09-29 21:10:00,10071,10072,10069,10070,579,330599,58172820.0,OI2601
2025-09-29 21:11:00,10070,10072,10068,10069,507,330631,51065040.0,OI2601
2025-09-29 21:12:00,10069,10073,10069,10073,481,330499,48446320.0,OI2601
2025-09-29 21:13:00,10073,10074,10070,10074,512,330469,51568640.0,OI2601
2025-09-29 21:14:00,10074,10075,10070,10071,442,330428,44518240.0,OI2601
2025-09-29 21:15:00,10071,10077,10069,10075,1553,330553,156418160.0,OI2601
2025-09-29 21:16:00,10076,10079,10074,10074,654,330445,66062220.0,OI2601
2025-09-29 21:17:00,10075,10076,10072,10076,470,330237,47343100.0,OI2601
2025-09-29 21:18:00,10076,10077,10075,10075,395,330193,39788350.0,OI2601
2025-09-29 21:19:00,10075,10075,10070,10071,399,330070,40191270.0,OI2601
2025-09-29 21:20:00,10072,10072,10065,10066,693,330012,69594980.0,OI2601
2025-09-29 21:21:00,10066,10068,10065,10067,510,330060,51367200.0,OI2601
2025-09-29 21:22:00,10068,10069,10063,10066,1226,330130,123482720.0,OI2601
2025-09-29 21:23:00,10066,10069,10065,10067,678,330126,68288160.0,OI2601
2025-09-29 21:24:00,10067,10070,10067,10070,340,330120,34244800.0,OI2601
2025-09-29 21:25:00,10070,10073,10069,10071,517,330117,52072240.0,OI2601
2025-09-29 21:26:00,10071,10073,10070,10071,420,330108,42302400.0,OI2601
2025-09-29 21:27:00,10071,10071,10067,10070,781,330030,78662320.0,OI2601
2025-09-29 21:28:00,10070,10074,10069,10073,921,329961,92763120.0,OI2601
2025-09-29 21:29:00,10074,10076,10073,10075,461,329963,46431920.0,OI2601
2025-09-29 21:30:00,10074,10081,10070,10081,1345,329990,135468400.0,OI2601
2025-09-29 21:31:00,10080,10081,10076,10078,669,330013,67381680.0,OI2601
2025-09-29 21:32:00,10078,10080,10076,10076,341,329935,34345520.0,OI2601
2025-09-29 21:33:00,10077,10083,10076,10082,513,329894,51669360.0,OI2601
2025-09-29 21:34:00,10082,10082,10079,10079,333,329861,33539760.0,OI2601
2025-09-29 21:35:00,10079,10080,10076,10078,295,329784,29712400.0,OI2601
2025-09-29 21:36:00,10078,10080,10074,10076,501,329711,50770140.0,OI2601
2025-09-29 21:37:00,10076,10080,10076,10078,346,329671,34852580.0,OI2601
2025-09-29 21:38:00,10079,10082,10078,10079,727,329760,73230710.0,OI2601
2025-09-29 21:39:00,10080,10083,10076,10077,707,329640,71216110.0,OI2601
2025-09-29 21:40:00,10078,10078,10071,10071,835,329429,84109550.0,OI2601
2025-09-29 21:41:00,10072,10074,10068,10068,688,329292,69302240.0,OI2601
2025-09-29 21:42:00,10068,10070,10066,10066,1204,329531,121278920.0,OI2601
2025-09-29 21:43:00,10067,10067,10060,10063,1388,329348,139444870.0,OI2601
2025-09-29 21:44:00,10062,10065,10061,10064,760,329150,76547200.0,OI2601
2025-09-29 21:45:00,10063,10066,10056,10057,1324,328827,133353280.0,OI2601
2025-09-29 21:46:00,10057,10059,10055,10056,981,328719,98407300.0,OI2601
2025-09-29 21:47:00,10056,10057,10053,10056,644,328652,64857240.0,OI2601
2025-09-29 21:48:00,10057,10058,10052,10053,590,328630,59418900.0,OI2601
2025-09-29 21:49:00,10053,10056,10048,10049,1409,328199,141474940.0,OI2601
2025-09-29 21:50:00,10048,10049,10044,10048,1662,327926,166921330.0,OI2601
2025-09-29 21:51:00,10048,10055,10047,10054,968,327804,97467920.0,OI2601
2025-09-29 21:52:00,10055,10055,10051,10053,1201,327602,120928690.0,OI2601
2025-09-29 21:53:00,10053,10053,10049,10049,311,327538,30847720.0,OI2601
2025-09-29 21:54:00,10050,10051,10048,10051,308,327521,31009440.0,OI2601
2025-09-29 21:55:00,10051,10052,10050,10052,301,327501,30304680.0,OI2601
2025-09-29 21:56:00,10051,10056,10051,10055,770,327523,77523600.0,OI2601
2025-09-29 21:57:00,10054,10057,10054,10056,453,327438,45608040.0,OI2601
2025-09-29 21:58:00,10057,10059,10056,10058,409,327295,41178120.0,OI2601
2025-09-29 21:59:00,10057,10064,10057,10064,1028,327116,103499040.0,OI2601
2025-09-29 22:00:00,10064,10067,10060,10065,1113,326988,112056840.0,OI2601
2025-09-29 22:01:00,10065,10071,10065,10069,1001,326887,100780680.0,OI2601
2025-09-29 22:02:00,10069,10070,10066,10070,626,326777,63025680.0,OI2601
2025-09-29 22:03:00,10068,10071,10068,10069,404,326785,40674720.0,OI2601
2025-09-29 22:04:00,10069,10075,10069,10073,775,326863,78027000.0,OI2601
2025-09-29 22:05:00,10073,10074,10065,10065,990,326808,99673200.0,OI2601
2025-09-29 22:06:00,10065,10068,10062,10068,1813,326747,182532840.0,OI2601
2025-09-29 22:07:00,10069,10069,10064,10064,441,326690,44399880.0,OI2601
2025-09-29 22:08:00,10065,10066,10061,10062,504,326583,50742720.0,OI2601
2025-09-29 22:09:00,10062,10065,10062,10065,443,326507,44601240.0,OI2601
2025-09-29 22:10:00,10066,10068,10064,10065,405,326400,40775400.0,OI2601
2025-09-29 22:11:00,10065,10068,10064,10068,242,326342,24364560.0,OI2601
2025-09-29 22:12:00,10068,10068,10063,10065,283,326323,28492440.0,OI2601
2025-09-29 22:13:00,10066,10067,10064,10067,224,326227,22552320.0,OI2601
2025-09-29 22:14:00,10067,10067,10063,10064,267,326192,26286690.0,OI2601
2025-09-29 22:15:00,10063,10065,10061,10061,177,326109,17818590.0,OI2601
2025-09-29 22:16:00,10062,10062,10055,10058,1117,325748,112448390.0,OI2601
2025-09-29 22:17:00,10058,10060,10058,10058,342,325642,34429140.0,OI2601
2025-09-29 22:18:00,10058,10059,10056,10057,202,325573,20335340.0,OI2601
2025-09-29 22:19:00,10057,10060,10055,10059,371,325510,37348570.0,OI2601
2025-09-29 22:20:00,10058,10058,10055,10055,281,325413,28288270.0,OI2601
2025-09-29 22:21:00,10055,10055,10051,10053,566,325255,56979220.0,OI2601
2025-09-29 22:22:00,10054,10057,10053,10056,307,325189,30905690.0,OI2601
2025-09-29 22:23:00,10056,10058,10053,10054,268,325148,26979560.0,OI2601
2025-09-29 22:24:00,10054,10056,10052,10056,282,325111,28388940.0,OI2601
2025-09-29 22:25:00,10056,10057,10052,10053,404,325139,40670680.0,OI2601
2025-09-29 22:26:00,10052,10057,10052,10055,330,325107,33221100.0,OI2601
2025-09-29 22:27:00,10056,10059,10055,10058,252,325080,25368840.0,OI2601
2025-09-29 22:28:00,10058,10059,10056,10056,177,325039,17818590.0,OI2601
2025-09-29 22:29:00,10056,10058,10055,10056,269,325037,27080230.0,OI2601
2025-09-29 22:30:00,10057,10065,10057,10065,850,324785,85569500.0,OI2601
2025-09-29 22:31:00,10065,10067,10061,10061,489,324751,49227630.0,OI2601
2025-09-29 22:32:00,10061,10063,10057,10058,426,324755,42219450.0,OI2601
2025-09-29 22:33:00,10058,10062,10058,10062,236,324775,23755760.0,OI2601
2025-09-29 22:34:00,10061,10061,10060,10061,127,324770,12783820.0,OI2601
2025-09-29 22:35:00,10061,10062,10058,10059,172,324761,17313520.0,OI2601
2025-09-29 22:36:00,10059,10062,10059,10062,247,324785,24863020.0,OI2601
2025-09-29 22:37:00,10062,10063,10059,10062,220,324760,22145200.0,OI2601
2025-09-29 22:38:00,10062,10063,10061,10062,90,324761,9059400.0,OI2601
2025-09-29 22:39:00,10062,10065,10062,10062,350,324785,35231000.0,OI2601
2025-09-29 22:40:00,10062,10062,10059,10060,235,324726,23655100.0,OI2601
2025-09-29 22:41:00,10061,10064,10061,10064,311,324695,31305260.0,OI2601
2025-09-29 22:42:00,10065,10065,10062,10062,189,324676,19024740.0,OI2601
2025-09-29 22:43:00,10062,10063,10060,10061,117,324665,11777220.0,OI2601
2025-09-29 22:44:00,10061,10064,10060,10062,175,324708,17615500.0,OI2601
2025-09-29 22:45:00,10061,10061,10057,10060,434,324582,43686440.0,OI2601
2025-09-29 22:46:00,10060,10062,10060,10060,93,324546,9361380.0,OI2601
2025-09-29 22:47:00,10061,10061,10058,10058,153,324511,15400980.0,OI2601
2025-09-29 22:48:00,10059,10059,10056,10059,237,324415,23856420.0,OI2601
2025-09-29 22:49:00,10059,10063,10058,10063,359,324354,36136940.0,OI2601
2025-09-29 22:50:00,10062,10062,10056,10056,383,324246,38552780.0,OI2601
2025-09-29 22:51:00,10056,10056,10051,10052,489,324069,49222740.0,OI2601
2025-09-29 22:52:00,10052,10052,10046,10047,695,324066,69958700.0,OI2601
2025-09-29 22:53:00,10047,10048,10042,10042,1061,323921,106800260.0,OI2601
2025-09-29 22:54:00,10042,10045,10039,10044,1066,323532,106563200.0,OI2601
2025-09-29 22:55:00,10043,10044,10040,10041,557,323352,56062050.0,OI2601
2025-09-29 22:56:00,10041,10043,10040,10041,415,323204,41769750.0,OI2601
2025-09-29 22:57:00,10042,10042,10040,10042,363,323123,36535950.0,OI2601
2025-09-29 22:58:00,10041,10045,10041,10044,410,322918,41266500.0,OI2601
2025-09-29 22:59:00,10045,10048,10044,10045,662,322655,66630300.0,OI2601
2025-09-30 09:00:00,10040,10052,10033,10049,2271,322557,227789010.0,OI2601
2025-09-30 09:01:00,10049,10059,10047,10057,1639,322383,164948960.0,OI2601
2025-09-30 09:02:00,10057,10057,10052,10053,1190,322323,118946170.0,OI2601
2025-09-30 09:03:00,10053,10055,10051,10053,530,322325,53333900.0,OI2601
2025-09-30 09:04:00,10053,10057,10052,10055,636,322424,64000680.0,OI2601
2025-09-30 09:05:00,10054,10062,10054,10058,1009,322359,101535670.0,OI2601
2025-09-30 09:06:00,10058,10058,10054,10054,501,322288,50415630.0,OI2601
2025-09-30 09:07:00,10056,10059,10055,10058,448,322173,45082240.0,OI2601
2025-09-30 09:08:00,10057,10058,10054,10057,474,322236,47698620.0,OI2601
2025-09-30 09:09:00,10056,10061,10056,10058,627,322198,63095010.0,OI2601
2025-09-30 09:10:00,10058,10060,10056,10059,283,322178,28478290.0,OI2601
2025-09-30 09:11:00,10058,10060,10057,10058,436,322179,43874680.0,OI2601
2025-09-30 09:12:00,10057,10060,10055,10055,333,322132,33509790.0,OI2601
2025-09-30 09:13:00,10055,10059,10054,10057,232,322126,23346160.0,OI2601
2025-09-30 09:14:00,10057,10059,10057,10058,127,322108,12780010.0,OI2601
2025-09-30 09:15:00,10058,10059,10049,10050,673,322080,67723990.0,OI2601
2025-09-30 09:16:00,10050,10050,10046,10048,453,322013,45585390.0,OI2601
2025-09-30 09:17:00,10048,10048,10046,10047,218,321911,21937340.0,OI2601
2025-09-30 09:18:00,10047,10048,10040,10043,841,321798,84629830.0,OI2601
2025-09-30 09:19:00,10042,10043,10040,10040,959,321845,95600940.0,OI2601
2025-09-30 09:20:00,10041,10043,10039,10040,1276,321717,128391120.0,OI2601
2025-09-30 09:21:00,10039,10043,10039,10043,490,321668,49303800.0,OI2601
2025-09-30 09:22:00,10043,10043,10040,10042,1913,321660,192486060.0,OI2601
2025-09-30 09:23:00,10043,10044,10035,10035,1280,321466,127840780.0,OI2601
2025-09-30 09:24:00,10036,10036,10027,10028,2090,321063,210274900.0,OI2601
2025-09-30 09:25:00,10027,10030,10027,10028,1076,320903,107271880.0,OI2601
2025-09-30 09:26:00,10029,10034,10028,10034,825,321043,82995000.0,OI2601
2025-09-30 09:27:00,10036,10039,10035,10038,691,320947,69514600.0,OI2601
2025-09-30 09:28:00,10037,10041,10037,10038,494,320885,49696400.0,OI2601
2025-09-30 09:29:00,10038,10045,10037,10044,512,320790,51507200.0,OI2601
2025-09-30 09:30:00,10044,10044,10040,10043,394,320775,39636400.0,OI2601
2025-09-30 09:31:00,10042,10049,10042,10048,590,320693,59354000.0,OI2601
2025-09-30 09:32:00,10048,10049,10045,10048,654,320532,64766320.0,OI2601
2025-09-30 09:33:00,10047,10049,10046,10049,404,320460,40638360.0,OI2601
2025-09-30 09:34:00,10049,10052,10048,10049,636,320529,63975240.0,OI2601
2025-09-30 09:35:00,10049,10053,10048,10052,471,320510,47377890.0,OI2601
2025-09-30 09:36:00,10053,10055,10050,10051,497,320498,49993230.0,OI2601
2025-09-30 09:37:00,10051,10052,10044,10044,340,320470,34200600.0,OI2601
2025-09-30 09:38:00,10045,10045,10040,10040,386,320477,38827740.0,OI2601
2025-09-30 09:39:00,10040,10042,10035,10037,770,320349,77454300.0,OI2601
2025-09-30 09:40:00,10036,10038,10035,10036,329,320344,33094110.0,OI2601
2025-09-30 09:41:00,10036,10041,10033,10041,760,320277,76448400.0,OI2601
2025-09-30 09:42:00,10041,10043,10040,10043,874,320154,87915660.0,OI2601
2025-09-30 09:43:00,10043,10044,10042,10043,285,320113,28668150.0,OI2601
2025-09-30 09:44:00,10043,10043,10040,10042,617,319940,62064030.0,OI2601
2025-09-30 09:45:00,10042,10050,10042,10047,569,319845,56140250.0,OI2601
2025-09-30 09:46:00,10046,10047,10040,10043,703,319714,70707740.0,OI2601
2025-09-30 09:47:00,10042,10043,10041,10042,89,319690,8951620.0,OI2601
2025-09-30 09:48:00,10041,10044,10037,10039,419,319621,42143020.0,OI2601
2025-09-30 09:49:00,10038,10040,10038,10039,203,319554,20417740.0,OI2601
2025-09-30 09:50:00,10039,10042,10038,10041,379,319514,38119820.0,OI2601
2025-09-30 09:51:00,10040,10045,10040,10042,285,319526,28665300.0,OI2601
2025-09-30 09:52:00,10043,10048,10042,10043,353,319505,35504740.0,OI2601
2025-09-30 09:53:00,10044,10045,10042,10045,293,319440,29469940.0,OI2601
2025-09-30 09:54:00,10045,10045,10043,10043,110,319443,11063800.0,OI2601
2025-09-30 09:55:00,10043,10050,10043,10048,383,319370,38522140.0,OI2601
2025-09-30 09:56:00,10047,10052,10047,10048,584,319324,58738720.0,OI2601
2025-09-30 09:57:00,10048,10048,10044,10044,225,319273,22630500.0,OI2601
2025-09-30 09:58:00,10045,10045,10044,10044,136,319243,13678880.0,OI2601
2025-09-30 09:59:00,10044,10046,10044,10046,142,319204,14282360.0,OI2601
2025-09-30 10:00:00,10045,10045,10037,10040,448,319165,45059840.0,OI2601
2025-09-30 10:01:00,10039,10040,10037,10039,368,319195,37013440.0,OI2601
2025-09-30 10:02:00,10040,10041,10037,10040,262,319149,26351960.0,OI2601
2025-09-30 10:03:00,10040,10041,10039,10039,206,319118,20719480.0,OI2601
2025-09-30 10:04:00,10039,10041,10038,10041,233,319009,23435140.0,OI2601
2025-09-30 10:05:00,10041,10042,10039,10041,323,318945,32487340.0,OI2601
2025-09-30 10:06:00,10042,10043,10039,10041,307,318866,30878060.0,OI2601
2025-09-30 10:07:00,10041,10044,10040,10040,305,318777,30676900.0,OI2601
2025-09-30 10:08:00,10040,10040,10036,10038,700,318644,69235980.0,OI2601
2025-09-30 10:09:00,10038,10040,10036,10038,268,318564,26952760.0,OI2601
2025-09-30 10:10:00,10038,10041,10038,10040,376,318497,37814320.0,OI2601
2025-09-30 10:11:00,10040,10045,10040,10041,353,318419,35501210.0,OI2601
2025-09-30 10:12:00,10041,10043,10038,10040,161,318402,16191770.0,OI2601
2025-09-30 10:13:00,10040,10042,10039,10042,120,318366,12068400.0,OI2601
2025-09-30 10:14:00,10042,10043,10036,10037,306,318324,30774420.0,OI2601
2025-09-30 10:30:00,10038,10049,10036,10048,762,318222,76634340.0,OI2601
2025-09-30 10:31:00,10048,10050,10043,10045,582,318157,58531740.0,OI2601
2025-09-30 10:32:00,10045,10046,10041,10042,262,318081,26349340.0,OI2601
2025-09-30 10:33:00,10042,10042,10035,10037,596,318103,59939720.0,OI2601
2025-09-30 10:34:00,10037,10039,10036,10038,431,317964,43345670.0,OI2601
2025-09-30 10:35:00,10039,10041,10033,10033,512,317899,51491840.0,OI2601
2025-09-30 10:36:00,10033,10036,10028,10029,853,317720,85786210.0,OI2601
2025-09-30 10:37:00,10029,10032,10028,10029,467,317690,46966190.0,OI2601
2025-09-30 10:38:00,10030,10035,10030,10035,267,317617,25619010.0,OI2601
2025-09-30 10:39:00,10035,10039,10035,10037,276,317534,27754560.0,OI2601
2025-09-30 10:40:00,10037,10041,10036,10040,587,317471,59028720.0,OI2601
2025-09-30 10:41:00,10040,10046,10040,10043,345,317392,34693200.0,OI2601
2025-09-30 10:42:00,10044,10048,10044,10047,390,317320,39218400.0,OI2601
2025-09-30 10:43:00,10047,10048,10043,10047,476,317183,47866560.0,OI2601
2025-09-30 10:44:00,10047,10047,10040,10041,368,317228,37006080.0,OI2601
2025-09-30 10:45:00,10040,10042,10040,10040,221,317259,22223760.0,OI2601
2025-09-30 10:46:00,10039,10041,10037,10038,328,317262,32983680.0,OI2601
2025-09-30 10:47:00,10038,10041,10037,10040,204,317200,20514240.0,OI2601
2025-09-30 10:48:00,10040,10041,10032,10032,387,317141,38916720.0,OI2601
2025-09-30 10:49:00,10032,10033,10031,10033,323,317043,32480880.0,OI2601
2025-09-30 10:50:00,10032,10033,10030,10031,425,316958,42738000.0,OI2601
2025-09-30 10:51:00,10032,10034,10030,10033,323,316855,32480880.0,OI2601
2025-09-30 10:52:00,10032,10035,10028,10033,600,316880,60336000.0,OI2601
2025-09-30 10:53:00,10033,10033,10030,10033,203,316824,20413680.0,OI2601
2025-09-30 10:54:00,10033,10034,10032,10032,135,316815,13575600.0,OI2601
2025-09-30 10:55:00,10032,10033,10027,10027,633,316735,63654480.0,OI2601
2025-09-30 10:56:00,10027,10031,10027,10031,329,316701,31785530.0,OI2601
2025-09-30 10:57:00,10031,10031,10029,10029,148,316656,14881400.0,OI2601
2025-09-30 10:58:00,10030,10030,10029,10029,240,316572,24132000.0,OI2601
2025-09-30 10:59:00,10029,10033,10028,10031,358,316524,35996900.0,OI2601
2025-09-30 11:00:00,10031,10032,10030,10032,201,316509,20210550.0,OI2601
2025-09-30 11:01:00,10031,10032,10031,10031,175,316509,17596250.0,OI2601
2025-09-30 11:02:00,10031,10035,10031,10035,187,316431,18802850.0,OI2601
2025-09-30 11:03:00,10035,10035,10033,10034,191,316427,19205050.0,OI2601
2025-09-30 11:04:00,10034,10035,10033,10033,375,316437,37706250.0,OI2601
2025-09-30 11:05:00,10033,10039,10033,10035,480,316419,48264000.0,OI2601
2025-09-30 11:06:00,10035,10037,10034,10036,236,316391,23729800.0,OI2601
2025-09-30 11:07:00,10036,10037,10035,10037,252,316348,25338600.0,OI2601
2025-09-30 11:08:00,10036,10040,10036,10039,342,316354,34388100.0,OI2601
2025-09-30 11:09:00,10040,10042,10040,10040,347,316352,34890850.0,OI2601
2025-09-30 11:10:00,10041,10044,10039,10043,432,316287,43437600.0,OI2601
2025-09-30 11:11:00,10043,10045,10041,10041,264,316349,26545200.0,OI2601
2025-09-30 11:12:00,10041,10042,10039,10039,170,316338,17093500.0,OI2601
2025-09-30 11:13:00,10038,10040,10037,10040,258,316344,25941900.0,OI2601
2025-09-30 11:14:00,10039,10039,10037,10038,91,316342,9150050.0,OI2601
2025-09-30 11:15:00,10039,10040,10038,10039,203,316359,20411650.0,OI2601
2025-09-30 11:16:00,10039,10040,10038,10039,142,316330,14278100.0,OI2601
2025-09-30 11:17:00,10039,10041,10036,10040,271,316264,27249050.0,OI2601
2025-09-30 11:18:00,10040,10043,10039,10041,257,316230,25841350.0,OI2601
2025-09-30 11:19:00,10042,10042,10036,10039,295,316204,29662250.0,OI2601
2025-09-30 11:20:00,10039,10039,10036,10036,243,316209,24433650.0,OI2601
2025-09-30 11:21:00,10035,10035,10030,10031,411,316127,41326050.0,OI2601
2025-09-30 11:22:00,10030,10033,10030,10033,492,316090,48101280.0,OI2601
2025-09-30 11:23:00,10032,10033,10031,10031,215,316017,21616100.0,OI2601
2025-09-30 11:24:00,10031,10031,10021,10022,1748,315631,175743920.0,OI2601
2025-09-30 11:25:00,10022,10023,10012,10014,2433,314570,243200540.0,OI2601
2025-09-30 11:26:00,10014,10020,10012,10020,728,314418,73185840.0,OI2601
2025-09-30 11:27:00,10019,10024,10018,10024,548,314255,55090440.0,OI2601
2025-09-30 11:28:00,10024,10024,10020,10022,317,314231,31868010.0,OI2601
2025-09-30 11:29:00,10020,10024,10020,10022,377,314090,37899810.0,OI2601
2025-09-30 13:30:00,10026,10026,10010,10014,2089,313574,208553300.0,OI2601
2025-09-30 13:31:00,10015,10015,10012,10013,536,313536,53878720.0,OI2601
2025-09-30 13:32:00,10013,10015,10011,10013,340,313553,34176800.0,OI2601
2025-09-30 13:33:00,10013,10018,10013,10017,295,313459,29653400.0,OI2601
2025-09-30 13:34:00,10017,10018,10015,10016,239,313393,24024280.0,OI2601
2025-09-30 13:35:00,10017,10021,10016,10020,476,313226,47847520.0,OI2601
2025-09-30 13:36:00,10021,10023,10017,10017,458,313161,46038160.0,OI2601
2025-09-30 13:37:00,10017,10022,10017,10022,271,313110,27240920.0,OI2601
2025-09-30 13:38:00,10022,10027,10022,10026,511,313042,51365720.0,OI2601
2025-09-30 13:39:00,10025,10030,10025,10027,412,312951,41414240.0,OI2601
2025-09-30 13:40:00,10028,10034,10028,10029,818,312843,80727930.0,OI2601
2025-09-30 13:41:00,10029,10030,10027,10028,254,312786,25529540.0,OI2601
2025-09-30 13:42:00,10028,10029,10026,10028,336,312635,33771360.0,OI2601
2025-09-30 13:43:00,10028,10028,10022,10023,404,312552,40606040.0,OI2601
2025-09-30 13:44:00,10023,10023,10011,10015,1132,312584,113777320.0,OI2601
2025-09-30 13:45:00,10014,10016,10012,10014,356,312535,35781560.0,OI2601
2025-09-30 13:46:00,10015,10016,10012,10014,313,312443,31459630.0,OI2601
2025-09-30 13:47:00,10013,10021,10013,10019,494,312252,49651940.0,OI2601
2025-09-30 13:48:00,10019,10022,10019,10020,284,312197,28544840.0,OI2601
2025-09-30 13:49:00,10020,10020,10018,10019,203,312160,20403530.0,OI2601
2025-09-30 13:50:00,10019,10022,10019,10021,339,312146,34072890.0,OI2601
2025-09-30 13:51:00,10021,10025,10021,10024,220,312103,22112200.0,OI2601
2025-09-30 13:52:00,10025,10025,10021,10021,244,312052,24524440.0,OI2601
2025-09-30 13:53:00,10021,10021,10017,10018,277,312007,26295280.0,OI2601
2025-09-30 13:54:00,10019,10021,10017,10020,276,311940,27738000.0,OI2601
2025-09-30 13:55:00,10020,10024,10019,10023,283,311863,28441500.0,OI2601
2025-09-30 13:56:00,10023,10023,10021,10022,178,311854,17889000.0,OI2601
2025-09-30 13:57:00,10023,10028,10021,10027,406,311799,40803000.0,OI2601
2025-09-30 13:58:00,10028,10028,10021,10023,285,311796,28642500.0,OI2601
2025-09-30 13:59:00,10021,10023,10020,10020,231,311795,23215500.0,OI2601
2025-09-30 14:00:00,10019,10020,10013,10015,691,311525,69445500.0,OI2601
2025-09-30 14:01:00,10016,10017,10015,10016,245,311491,24622500.0,OI2601
2025-09-30 14:02:00,10016,10017,10014,10016,235,311473,23617500.0,OI2601
2025-09-30 14:03:00,10017,10020,10016,10020,275,311379,27637500.0,OI2601
2025-09-30 14:04:00,10019,10020,10016,10018,300,311328,30150000.0,OI2601
2025-09-30 14:05:00,10019,10019,10017,10018,205,311250,20602500.0,OI2601
2025-09-30 14:06:00,10017,10018,10012,10013,340,311235,34170000.0,OI2601
2025-09-30 14:07:00,10013,10016,10013,10015,246,311217,24723000.0,OI2601
2025-09-30 14:08:00,10015,10017,10013,10014,235,311176,23617500.0,OI2601
2025-09-30 14:09:00,10014,10014,10008,10010,1073,310838,106235470.0,OI2601
2025-09-30 14:10:00,10010,10014,10010,10011,290,310837,29142100.0,OI2601
2025-09-30 14:11:00,10011,10014,10011,10013,270,310836,27132300.0,OI2601
2025-09-30 14:12:00,10013,10015,10012,10013,252,310798,25323480.0,OI2601
2025-09-30 14:13:00,10012,10013,10011,10013,149,310741,14973010.0,OI2601
2025-09-30 14:14:00,10013,10018,10012,10017,384,310689,38588160.0,OI2601
2025-09-30 14:15:00,10016,10017,10014,10016,177,310650,17786730.0,OI2601
2025-09-30 14:16:00,10016,10017,10014,10016,206,310588,20700940.0,OI2601
2025-09-30 14:17:00,10016,10018,10015,10016,164,310504,16480360.0,OI2601
2025-09-30 14:18:00,10016,10016,10014,10014,128,310456,12862720.0,OI2601
2025-09-30 14:19:00,10014,10016,10013,10015,264,310363,26529360.0,OI2601
2025-09-30 14:20:00,10016,10016,10014,10015,160,310287,16078400.0,OI2601
2025-09-30 14:21:00,10016,10018,10014,10016,338,310191,33965620.0,OI2601
2025-09-30 14:22:00,10015,10017,10015,10016,213,310156,21404370.0,OI2601
2025-09-30 14:23:00,10017,10018,10016,10017,173,310039,17384770.0,OI2601
2025-09-30 14:24:00,10016,10017,10015,10016,148,309972,14872520.0,OI2601
2025-09-30 14:25:00,10016,10021,10016,10019,384,309868,38588160.0,OI2601
2025-09-30 14:26:00,10020,10022,10018,10019,325,309725,31017970.0,OI2601
2025-09-30 14:27:00,10019,10021,10016,10021,789,309462,79278720.0,OI2601
2025-09-30 14:28:00,10022,10022,10019,10020,352,309334,35368960.0,OI2601
2025-09-30 14:29:00,10020,10021,10015,10019,379,309233,38081920.0,OI2601
2025-09-30 14:30:00,10019,10021,10016,10019,369,309135,37077120.0,OI2601
2025-09-30 14:31:00,10020,10022,10017,10021,227,309079,22808960.0,OI2601
2025-09-30 14:32:00,10020,10021,10018,10020,291,308926,29239680.0,OI2601
2025-09-30 14:33:00,10020,10023,10019,10021,358,308832,35971840.0,OI2601
2025-09-30 14:34:00,10020,10021,10020,10020,188,308814,18890240.0,OI2601
2025-09-30 14:35:00,10019,10021,10018,10020,307,308735,30847360.0,OI2601
2025-09-30 14:36:00,10020,10021,10018,10019,358,308614,35971840.0,OI2601
2025-09-30 14:37:00,10019,10023,10018,10022,331,308533,33258880.0,OI2601
2025-09-30 14:38:00,10022,10024,10020,10022,326,308418,32756480.0,OI2601
2025-09-30 14:39:00,10023,10026,10019,10020,422,308360,42402560.0,OI2601
2025-09-30 14:40:00,10020,10020,10017,10019,572,308038,57474560.0,OI2601
2025-09-30 14:41:00,10018,10024,10018,10021,352,307887,35368960.0,OI2601
2025-09-30 14:42:00,10020,10022,10020,10020,178,307756,17885440.0,OI2601
2025-09-30 14:43:00,10020,10025,10019,10023,606,307493,59185550.0,OI2601
2025-09-30 14:44:00,10023,10031,10023,10027,1421,307386,142767870.0,OI2601
2025-09-30 14:45:00,10026,10026,10023,10023,495,307319,49732650.0,OI2601
2025-09-30 14:46:00,10023,10025,10022,10023,310,307222,31145700.0,OI2601
2025-09-30 14:47:00,10023,10024,10020,10022,604,306933,60683880.0,OI2601
2025-09-30 14:48:00,10022,10023,10020,10022,312,306779,31346640.0,OI2601
2025-09-30 14:49:00,10022,10030,10022,10030,606,306481,60884820.0,OI2601
2025-09-30 14:50:00,10030,10039,10028,10035,1372,305876,137844840.0,OI2601
2025-09-30 14:51:00,10033,10035,10028,10029,719,305703,72237930.0,OI2601
2025-09-30 14:52:00,10029,10031,10028,10029,414,305564,41594580.0,OI2601
2025-09-30 14:53:00,10030,10031,10028,10029,455,305278,45713850.0,OI2601
2025-09-30 14:54:00,10029,10031,10028,10028,442,305035,44407740.0,OI2601
2025-09-30 14:55:00,10029,10033,10028,10032,450,304787,45211500.0,OI2601
2025-09-30 14:56:00,10031,10033,10030,10031,520,304549,52244400.0,OI2601
2025-09-30 14:57:00,10031,10037,10030,10036,671,304299,67415370.0,OI2601
2025-09-30 14:58:00,10035,10042,10035,10038,1035,303830,102182860.0,OI2601
2025-09-30 14:59:00,10038,10044,10032,10044,1191,303440,119647860.0,OI2601
